Reaction	Metabolite	ShadowPrice	G-	G+	DecrementalShadowPrice	IncrementalShadowPrice
GLYCtpp_f	12dgr120_c	-0.0	0.0	0.0	Inf	Inf
GLYCtpp_f	12dgr140_c	-0.0	0.0	0.0	Inf	Inf
GLYCtpp_f	12dgr160_c	-0.0	-0.03190456579977763	0.0	-0.0	Inf
GLYCtpp_f	12dgr180_c	-0.0	0.0	0.0	Inf	Inf
GLYCtpp_f	12ppd__R_c	-0.0	-1000.0	0.0	-0.0	Inf
GLYCtpp_f	12ppd__S_c	-0.0	0.0	0.0	Inf	Inf
GLYCtpp_f	5drib_c	-0.0	-999.9998885085064	0.00011149149361196862	-0.0	0.0
GLYCtpp_f	5mta_c	-0.0	-0.019533043033534085	0.0	-0.0	Inf
GLYCtpp_f	23dhacoa_c	-0.0	-0.0002879780295188539	0.0	-0.0	Inf
GLYCtpp_f	5mtr_c	-0.0	-1000.0	0.0	-0.0	Inf
GLYCtpp_f	3amac_c	-0.0	-0.09766521516766966	0.0	-0.0	Inf
GLYCtpp_f	LalaDgluMdap_c	-0.0	-0.013892940020131767	0.0	-0.0	Inf
GLYCtpp_f	ac_c	-0.0	-0.09766521516766966	0.1433790607098789	-0.0	0.0
GLYCtpp_f	acald_c	-0.0	-96.11615721813013	4.268636226275875	-0.0	0.0
GLYCtpp_f	acetol_c	-0.0	0.0	0.0558237408539628	Inf	0.0
GLYCtpp_f	acgam_c	-0.0	-0.04724039573276188	0.0	-0.0	Inf
GLYCtpp_f	acgam6p_c	-0.0	-0.04724039573276188	0.0	-0.0	Inf
GLYCtpp_f	acmalt_c	0.0	0.0	0.0	Inf	Inf
GLYCtpp_f	acmana_c	-0.0	-0.04724039573276188	0.0	-0.0	Inf
GLYCtpp_f	2dmmq8_c	-0.0	0.0	0.0	Inf	Inf
GLYCtpp_f	2dmmql8_c	0.0	0.0	0.0	Inf	Inf
GLYCtpp_f	ade_c	-0.0	-0.019533043033534085	0.12000139989561388	-0.0	0.0
GLYCtpp_f	adn_c	-0.0	-0.019533043033534016	0.12000139989561388	-0.0	0.0
GLYCtpp_f	3sala_c	0.0	0.0	0.0	Inf	Inf
GLYCtpp_f	adphep_DD_c	-0.0	0.0	0.0	Inf	Inf
GLYCtpp_f	adphep_LD_c	-0.0	0.0	0.0	Inf	Inf
GLYCtpp_f	4ahmmp_c	0.0	0.0	0.0	Inf	Inf
GLYCtpp_f	4crsol_c	-0.0	-999.9998885085064	0.00011149149361196862	-0.0	0.0
GLYCtpp_f	2ohph_c	-0.0	-0.00011149149361196862	0.2371464570153265	-0.0	0.0
GLYCtpp_f	2ombzl_c	-0.0	0.0	0.0	Inf	Inf
GLYCtpp_f	2omhmbl_c	-0.0	0.0	0.0	Inf	Inf
GLYCtpp_f	2ommbl_c	0.0	0.0	0.0	Inf	Inf
GLYCtpp_f	2omph_c	-0.0	0.0	0.21890442186030118	Inf	0.0
GLYCtpp_f	4mhetz_c	0.0	0.0	0.0	Inf	Inf
GLYCtpp_f	2oph_c	-0.0	-0.00011149149361196862	0.2371464570153265	-0.0	0.0
GLYCtpp_f	2oxpaccoa_c	-0.0	-0.0002879780295188539	0.0	-0.0	Inf
GLYCtpp_f	all__D_c	-0.0	-2.0218187982627773	0.0	-0.0	Inf
GLYCtpp_f	alltn_c	-0.0	-0.024416303791917414	0.0	-0.0	Inf
GLYCtpp_f	4r5au_c	-0.0	-0.00022298298699752195	0.1500017498695174	-0.0	0.0
GLYCtpp_f	56dura_c	0.0	0.0	0.0	Inf	Inf
GLYCtpp_f	arab__L_c	-0.0	-2.0218187982627773	0.0	-0.0	Inf
GLYCtpp_f	etoh_c	-0.0	-1000.0	0.0	-0.0	Inf
GLYCtpp_f	csn_c	-0.0	0.0	0.020434885337504705	Inf	0.0
GLYCtpp_f	fald_c	-0.0	0.0	0.0	Inf	Inf
GLYCtpp_f	fc1p_c	-0.0	-0.0706476098479921	0.0	-0.0	Inf
GLYCtpp_f	fcl__L_c	-0.0	0.0	0.0	Inf	Inf
GLYCtpp_f	aso4_c	0.0	0.0	0.0	Inf	Inf
GLYCtpp_f	cyan_c	0.0	0.0	0.0	Inf	Inf
GLYCtpp_f	athtp_c	0.0	0.0	0.0	Inf	Inf
GLYCtpp_f	cytd_c	-0.0	0.0	0.0	Inf	Inf
GLYCtpp_f	dad_2_c	-0.0	-0.01953304303353407	0.0	-0.0	Inf
GLYCtpp_f	dad_5_c	-0.0	-0.019533043033534085	0.00011149149361196862	-0.0	0.0
GLYCtpp_f	betald_c	0.0	0.0	0.0	Inf	Inf
GLYCtpp_f	btal_c	-0.0	-481.31965295687775	0.0	-0.0	Inf
GLYCtpp_f	for_c	-0.0	-0.09766521516766966	0.0012264064290271734	-0.0	0.0
GLYCtpp_f	dcyt_c	-0.0	-0.013082001891689288	0.0	-0.0	Inf
GLYCtpp_f	fru_c	-0.0	0.0	4.268636226275875	Inf	0.0
GLYCtpp_f	ca2_c	-0.0	-0.002602301454089684	999.9973976985459	-0.0	0.0
GLYCtpp_f	g3pe_c	-0.0	-0.06950869674387791	0.0	-0.0	Inf
GLYCtpp_f	g3pi_c	0.0	0.0	0.0	Inf	Inf
GLYCtpp_f	cbm_c	-0.0	-0.04883260758383483	0.0	-0.0	Inf
GLYCtpp_f	dha_c	-0.0	-80.21994215947963	0.0	-0.0	Inf
GLYCtpp_f	gal_c	-0.0	0.0	0.0	Inf	Inf
GLYCtpp_f	dhgly_c	-0.0	-0.00011149149361196862	0.6000069994780688	-0.0	0.0
GLYCtpp_f	dhmptp_c	0.0	0.0	0.0	Inf	Inf
GLYCtpp_f	gcald_c	-0.0	-2.0218187982627773	0.0003344744808106703	-0.0	0.0
GLYCtpp_f	dhptd_c	-0.0	-54.179312541323384	0.00022298298722393724	-0.0	0.0
GLYCtpp_f	cechddd_c	-0.0	0.0	0.0	Inf	Inf
GLYCtpp_f	dhptdn_c	0.0	0.0	0.0	Inf	Inf
GLYCtpp_f	chol_c	0.0	0.0	0.0	Inf	Inf
GLYCtpp_f	chtbs6p_c	-0.0	0.0	0.0	Inf	Inf
GLYCtpp_f	dmbzid_c	0.0	0.0	0.0	Inf	Inf
GLYCtpp_f	dms_c	0.0	0.0	0.0	Inf	Inf
GLYCtpp_f	dmso_c	0.0	0.0	0.0	Inf	Inf
GLYCtpp_f	cl_c	-0.0	-0.002602301454037205	999.9973976985459	-0.0	0.0
GLYCtpp_f	glc__D_c	-0.0	-2.0218187982627773	4.268636226275875	-0.0	0.0
GLYCtpp_f	co2_c	-0.0	-951.5225912022792	48.476182391291786	-0.0	0.0
GLYCtpp_f	dscl_c	-0.0	-0.00011149149361196862	0.002554360667188088	-0.0	0.0
GLYCtpp_f	dtdp4aaddg_c	-0.0	0.0	0.0	Inf	Inf
GLYCtpp_f	glyald_c	-0.0	-1000.0	0.0	-0.0	Inf
GLYCtpp_f	crn_c	-0.0	-1000.0	0.0	-0.0	Inf
GLYCtpp_f	duri_c	-0.0	-0.013082001891689288	0.0	-0.0	Inf
GLYCtpp_f	glyb_c	0.0	0.0	0.0	Inf	Inf
GLYCtpp_f	glyc_c	-0.0	-0.06950869674387791	0.0	-0.0	Inf
GLYCtpp_f	dxyl_c	0.0	0.0	0.0	Inf	Inf
GLYCtpp_f	glycogen_c	-0.0	-2.0218187982627773	0.0	-0.0	Inf
GLYCtpp_f	gmhep1p_c	-0.0	0.0	4.268636226275875	Inf	0.0
GLYCtpp_f	lipa_cold_c	-0.0	0.0	0.0	Inf	Inf
GLYCtpp_f	lipidA_c	-0.0	-0.009727257846224632	0.14228787420919595	-0.0	0.0
GLYCtpp_f	malt_c	0.0	0.0	0.0	Inf	Inf
GLYCtpp_f	h2_c	-0.0	0.0	0.0	Inf	Inf
GLYCtpp_f	malthx_c	-0.0	0.0	0.0	Inf	Inf
GLYCtpp_f	maltpt_c	-0.0	0.0	0.0	Inf	Inf
GLYCtpp_f	malttr_c	-0.0	0.0	0.0	Inf	Inf
GLYCtpp_f	maltttr_c	-0.0	0.0	0.0	Inf	Inf
GLYCtpp_f	h2o2_c	-0.0	-93.31912854058533	0.001138913104114181	-0.0	0.0
GLYCtpp_f	man_c	-0.0	-2.0218187982627773	0.0	-0.0	Inf
GLYCtpp_f	mdhdhf_c	-0.0	-54.179312541323384	0.00022298298722393724	-0.0	0.0
GLYCtpp_f	melib_c	-0.0	0.0	0.0	Inf	Inf
GLYCtpp_f	meoh_c	-0.0	-1000.0	0.0	-0.0	Inf
GLYCtpp_f	pacald_c	-0.0	-1000.0	0.0	-0.0	Inf
GLYCtpp_f	metsox_S__L_c	-0.0	-0.0558237408539628	0.0	-0.0	Inf
GLYCtpp_f	mg2_c	-0.0	-0.004337169090062008	999.99566283091	-0.0	0.0
GLYCtpp_f	hhlipa_c	-0.0	0.0	0.0	Inf	Inf
GLYCtpp_f	pe120_c	-0.0	0.0	0.0	Inf	Inf
GLYCtpp_f	mobd_c	-0.0	-6.449507926432266e-05	133.3504809240335	-0.0	0.0
GLYCtpp_f	hlipa_c	-0.0	0.0	0.0	Inf	Inf
GLYCtpp_f	pg120_c	-0.0	0.0	0.0	Inf	Inf
GLYCtpp_f	mql8_c	0.0	0.0	0.0	Inf	Inf
GLYCtpp_f	mqn8_c	-0.0	0.0	0.0	Inf	Inf
GLYCtpp_f	mthgxl_c	-0.0	0.0	0.0558237408539628	Inf	0.0
GLYCtpp_f	hqn_c	0.0	0.0	0.0	Inf	Inf
GLYCtpp_f	mththf_c	-0.0	-999.9997770170128	0.00022298298722393724	-0.0	0.0
GLYCtpp_f	n2o_c	-0.0	-1000.0	0.0	-0.0	Inf
GLYCtpp_f	na1_c	-0.0	0.0	0.0	Inf	Inf
GLYCtpp_f	nac_c	-0.0	0.0	0.0	Inf	Inf
GLYCtpp_f	ncam_c	-0.0	0.0	0.0	Inf	Inf
GLYCtpp_f	ni2_c	-0.0	-0.0001614876790654307	999.9998385123209	-0.0	0.0
GLYCtpp_f	no_c	-0.0	-1000.0	0.0	-0.0	Inf
GLYCtpp_f	indole_c	-0.0	-0.028419331710247228	0.6000069994780688	-0.0	0.0
GLYCtpp_f	no2_c	-0.0	-1000.0	0.0	-0.0	Inf
GLYCtpp_f	no3_c	0.0	0.0	0.0	Inf	Inf
GLYCtpp_f	inost_c	0.0	0.0	0.0	Inf	Inf
GLYCtpp_f	o2_c	-0.0	-46.65956427029266	953.3404357297073	-0.0	0.0
GLYCtpp_f	poaac_c	-0.0	-27.089656270661692	0.0	-0.0	Inf
GLYCtpp_f	ppal_c	-0.0	0.0	0.0	Inf	Inf
GLYCtpp_f	k_c	-0.0	-0.09758905431658604	533.401923696134	-0.0	0.0
GLYCtpp_f	psclys_c	-0.0	0.0	0.0	Inf	Inf
GLYCtpp_f	lald__D_c	-0.0	0.0	0.0558237408539628	Inf	0.0
GLYCtpp_f	lald__L_c	-0.0	-73.62088637984435	0.0	-0.0	Inf
GLYCtpp_f	ura_c	-0.0	0.0	0.0	Inf	Inf
GLYCtpp_f	pydx_c	-0.0	0.0	0.6000069994780688	Inf	0.0
GLYCtpp_f	uracp_c	-0.0	-0.09766521516766966	0.0	-0.0	Inf
GLYCtpp_f	pydxn_c	-0.0	0.0	0.6000069994780688	Inf	0.0
GLYCtpp_f	urate_c	-0.0	-0.024416303791917414	0.0	-0.0	Inf
GLYCtpp_f	q8_c	0.0	0.0	0.0	Inf	Inf
GLYCtpp_f	q8h2_c	-0.0	0.0	0.0	Inf	Inf
GLYCtpp_f	urea_c	-0.0	-1000.0	0.0	-0.0	Inf
GLYCtpp_f	uri_c	-0.0	0.0	0.0	Inf	Inf
GLYCtpp_f	rbflvrd_c	-0.0	0.0	0.15000174986951734	Inf	0.0
GLYCtpp_f	rbl__L_c	-0.0	-2.0218187982627773	0.0	-0.0	Inf
GLYCtpp_f	rdmbzi_c	0.0	0.0	0.0	Inf	Inf
GLYCtpp_f	thptdn_c	0.0	0.0	0.0	Inf	Inf
GLYCtpp_f	xan_c	-0.0	0.0	0.0	Inf	Inf
GLYCtpp_f	rephaccoa_c	-0.0	-0.0002879780295188539	0.0	-0.0	Inf
GLYCtpp_f	rib__D_c	-0.0	0.0	4.268636226275875	Inf	0.0
GLYCtpp_f	xtsn_c	-0.0	0.0	0.0	Inf	Inf
GLYCtpp_f	rml_c	-0.0	-0.0706476098479921	0.0	-0.0	Inf
GLYCtpp_f	thym_c	-0.0	-533.401923696134	0.0	-0.0	Inf
GLYCtpp_f	thymd_c	-0.0	-0.013082001891689288	0.0	-0.0	Inf
GLYCtpp_f	xu5p__L_c	-0.0	-0.4822787039154264	0.0	-0.0	Inf
GLYCtpp_f	rmn_c	-0.0	-0.0706476098479921	0.0	-0.0	Inf
GLYCtpp_f	xyl__D_c	0.0	0.0	0.0	Inf	Inf
GLYCtpp_f	tmao_c	0.0	0.0	0.0	Inf	Inf
GLYCtpp_f	xylu__D_c	-0.0	0.0	0.0	Inf	Inf
GLYCtpp_f	xylu__L_c	-0.0	-2.0218187982627773	0.0	-0.0	Inf
GLYCtpp_f	12ppd__R_e	-0.0	-1000.0	0.0	-0.0	Inf
GLYCtpp_f	12ppd__S_e	-0.0	-1000.0	0.0	-0.0	Inf
GLYCtpp_f	tre_c	-0.0	-1.0109093991313887	0.0	-0.0	Inf
GLYCtpp_f	seln_c	0.0	0.0	0.0	Inf	Inf
GLYCtpp_f	34dhpac_e	-0.0	-1000.0	0.0	-0.0	Inf
GLYCtpp_f	slnt_c	0.0	0.0	0.0	Inf	Inf
GLYCtpp_f	so2_c	0.0	0.0	0.0	Inf	Inf
GLYCtpp_f	so3_c	-0.0	-0.12392454501737253	26.6700961848067	-0.0	0.0
GLYCtpp_f	so4_c	-0.0	-0.1260933795433309	533.401923696134	-0.0	0.0
GLYCtpp_f	4hoxpacd_e	-0.0	-1000.0	0.0	-0.0	Inf
GLYCtpp_f	5mtr_e	-0.0	-1000.0	0.0	-0.0	Inf
GLYCtpp_f	LalaDgluMdap_e	-0.0	-1000.0	0.0	-0.0	Inf
GLYCtpp_f	ac_e	-0.0	0.0	0.0	Inf	Inf
GLYCtpp_f	acald_e	-0.0	-1000.0	0.0	-0.0	Inf
GLYCtpp_f	acgal_e	-0.0	-1000.0	0.0	-0.0	Inf
GLYCtpp_f	acgam_e	-0.0	-1000.0	0.0	-0.0	Inf
GLYCtpp_f	acmana_e	-0.0	-1000.0	0.0	-0.0	Inf
GLYCtpp_f	tagur_c	-0.0	0.0	0.0	Inf	Inf
GLYCtpp_f	tartr__L_c	-0.0	-0.04883260758383483	0.0	-0.0	Inf
GLYCtpp_f	ade_e	-0.0	-1000.0	0.0	-0.0	Inf
GLYCtpp_f	adn_e	-0.0	-1000.0	0.0	-0.0	Inf
GLYCtpp_f	all__D_e	-0.0	-1000.0	0.0	-0.0	Inf
GLYCtpp_f	cl_e	-0.0	-0.002602301454089684	999.9973976985459	-0.0	0.0
GLYCtpp_f	alltn_e	-0.0	0.0	0.0	Inf	Inf
GLYCtpp_f	cm_e	-0.0	-1000.0	0.0	-0.0	Inf
GLYCtpp_f	co2_e	-0.0	-951.5225912022792	48.47740879772084	-0.0	0.0
GLYCtpp_f	arab__L_e	-0.0	-1000.0	0.0	-0.0	Inf
GLYCtpp_f	arbt_e	-0.0	-1000.0	0.0	-0.0	Inf
GLYCtpp_f	unagamu_c	-0.0	0.0	0.164178316395226	Inf	0.0
GLYCtpp_f	crn_e	-0.0	-1000.0	0.0	-0.0	Inf
GLYCtpp_f	csn_e	-0.0	-1000.0	0.0	-0.0	Inf
GLYCtpp_f	cyan_e	-0.0	-1000.0	0.0	-0.0	Inf
GLYCtpp_f	glyb_e	-0.0	-1000.0	0.0	-0.0	Inf
GLYCtpp_f	glyc_e	-0.0	-1000.0	0.0	-0.0	Inf
GLYCtpp_f	cytd_e	-0.0	-1000.0	0.0	-0.0	Inf
GLYCtpp_f	ca2_e	-0.0	-0.002602301454089684	999.9973976985459	-0.0	0.0
GLYCtpp_f	dad_2_e	-0.0	-1000.0	0.0	-0.0	Inf
GLYCtpp_f	dcyt_e	-0.0	-1000.0	0.0	-0.0	Inf
GLYCtpp_f	chol_e	-0.0	-1000.0	0.0	-0.0	Inf
GLYCtpp_f	dha_e	-0.0	-1000.0	0.0	-0.0	Inf
GLYCtpp_f	ppal_e	-0.0	-1000.0	0.0	-0.0	Inf
GLYCtpp_f	h2_e	-0.0	-1000.0	0.0	-0.0	Inf
GLYCtpp_f	dms_e	-0.0	-1000.0	0.0	-0.0	Inf
GLYCtpp_f	dmso_e	-0.0	-1000.0	0.0	-0.0	Inf
GLYCtpp_f	h2o2_e	-0.0	-1000.0	0.0	-0.0	Inf
GLYCtpp_f	psclys_e	-0.0	-1000.0	0.0	-0.0	Inf
GLYCtpp_f	duri_e	-0.0	-1000.0	0.0	-0.0	Inf
GLYCtpp_f	pydx_e	-0.0	-1000.0	0.0	-0.0	Inf
GLYCtpp_f	pydxn_e	-0.0	-1000.0	0.0	-0.0	Inf
GLYCtpp_f	etoh_e	-0.0	-1000.0	0.0	-0.0	Inf
GLYCtpp_f	fald_e	-0.0	0.0	0.0	Inf	Inf
GLYCtpp_f	rib__D_e	-0.0	-1000.0	0.0	-0.0	Inf
GLYCtpp_f	rmn_e	-0.0	-1000.0	0.0	-0.0	Inf
GLYCtpp_f	indole_e	-0.0	-1000.0	0.0	-0.0	Inf
GLYCtpp_f	inost_e	-0.0	-1000.0	0.0	-0.0	Inf
GLYCtpp_f	sbt__D_e	-0.0	-36.0435589567988	0.0	-0.0	Inf
GLYCtpp_f	k_e	-0.0	-0.09758905431658604	999.9024109456834	-0.0	0.0
GLYCtpp_f	for_e	-0.0	0.0	0.0012264064290271734	Inf	0.0
GLYCtpp_f	slnt_e	-0.0	0.0	1000.0	Inf	0.0
GLYCtpp_f	fru_e	-0.0	-1000.0	0.0	-0.0	Inf
GLYCtpp_f	so2_e	-0.0	-1000.0	0.0	-0.0	Inf
GLYCtpp_f	so3_e	-0.0	-1000.0	0.0	-0.0	Inf
GLYCtpp_f	so4_e	-0.0	-0.1260933795433309	999.8739066204566	-0.0	0.0
GLYCtpp_f	lipa_cold_e	-0.0	-1000.0	0.0	-0.0	Inf
GLYCtpp_f	sucr_e	-0.0	-1000.0	0.0	-0.0	Inf
GLYCtpp_f	g3pe_e	-0.0	-1000.0	0.0	-0.0	Inf
GLYCtpp_f	malt_e	-0.0	-1000.0	0.0	-0.0	Inf
GLYCtpp_f	tartr__L_e	-0.0	-1000.0	0.0	-0.0	Inf
GLYCtpp_f	g3pi_e	-0.0	-1000.0	0.0	-0.0	Inf
GLYCtpp_f	malthx_e	-0.0	-1000.0	0.0	-0.0	Inf
GLYCtpp_f	maltpt_e	-0.0	-1000.0	0.0	-0.0	Inf
GLYCtpp_f	gal_e	-0.0	-1000.0	0.0	-0.0	Inf
GLYCtpp_f	gal_bD_e	-0.0	-1000.0	0.0	-0.0	Inf
GLYCtpp_f	malttr_e	-0.0	-1000.0	0.0	-0.0	Inf
GLYCtpp_f	maltttr_e	-0.0	-1000.0	0.0	-0.0	Inf
GLYCtpp_f	man_e	-0.0	-1000.0	0.0	-0.0	Inf
GLYCtpp_f	thym_e	-0.0	-1000.0	0.0	-0.0	Inf
GLYCtpp_f	thymd_e	-0.0	-1000.0	0.0	-0.0	Inf
GLYCtpp_f	galt_e	-0.0	-0.0706476098479921	0.0	-0.0	Inf
GLYCtpp_f	melib_e	-0.0	-1000.0	0.0	-0.0	Inf
GLYCtpp_f	meoh_e	-0.0	-1000.0	0.0	-0.0	Inf
GLYCtpp_f	tmao_e	-0.0	-1000.0	0.0	-0.0	Inf
GLYCtpp_f	tre_e	-0.0	-1000.0	0.0	-0.0	Inf
GLYCtpp_f	metsox_S__L_e	-0.0	-1000.0	0.0	-0.0	Inf
GLYCtpp_f	glc__D_e	-0.0	-38.878445616322296	4.268636226275875	-0.0	0.0
GLYCtpp_f	mg2_e	-0.0	-0.004337169090062008	999.99566283091	-0.0	0.0
GLYCtpp_f	mnl_e	-0.0	-1000.0	0.0	-0.0	Inf
GLYCtpp_f	mobd_e	-0.0	-6.44950793002863e-05	999.9999355049207	-0.0	0.0
GLYCtpp_f	glyald_e	-0.0	-1000.0	0.0	-0.0	Inf
GLYCtpp_f	n2o_e	-0.0	-1000.0	0.0	-0.0	Inf
GLYCtpp_f	na1_e	-0.0	0.0	1000.0	Inf	0.0
GLYCtpp_f	nac_e	-0.0	-1000.0	0.0	-0.0	Inf
GLYCtpp_f	ni2_e	-0.0	-0.0001614876790654307	999.9998385123209	-0.0	0.0
GLYCtpp_f	no_e	-0.0	-1000.0	0.0	-0.0	Inf
GLYCtpp_f	no2_e	-0.0	-1000.0	0.0	-0.0	Inf
GLYCtpp_f	ura_e	-0.0	-1000.0	0.0	-0.0	Inf
GLYCtpp_f	no3_e	-0.0	-1000.0	0.0	-0.0	Inf
GLYCtpp_f	urea_e	-0.0	-1000.0	0.0	-0.0	Inf
GLYCtpp_f	novbcn_e	-0.0	-1000.0	0.0	-0.0	Inf
GLYCtpp_f	uri_e	-0.0	-1000.0	0.0	-0.0	Inf
GLYCtpp_f	o2_e	-0.0	-46.65956427029266	953.3404357297073	-0.0	0.0
GLYCtpp_f	xan_e	-0.0	0.0	0.0	Inf	Inf
GLYCtpp_f	xtsn_e	-0.0	-1000.0	0.0	-0.0	Inf
GLYCtpp_f	xyl__D_e	-0.0	-1000.0	0.0	-0.0	Inf
GLYCtpp_f	xylu__L_e	-0.0	-1000.0	0.0	-0.0	Inf
GLYCtpp_f	pacald_e	-0.0	-1000.0	0.0	-0.0	Inf
GLYCtpp_f	12dgr120_p	-0.0	0.0	0.0	Inf	Inf
GLYCtpp_f	12dgr140_p	-0.0	0.0	0.0	Inf	Inf
GLYCtpp_f	12dgr160_p	-0.0	-0.03190456579977763	0.0	-0.0	Inf
GLYCtpp_f	12dgr180_p	-0.0	0.0	0.0	Inf	Inf
GLYCtpp_f	12ppd__R_p	-0.0	-1000.0	0.0	-0.0	Inf
GLYCtpp_f	12ppd__S_p	-0.0	0.0	0.0	Inf	Inf
GLYCtpp_f	chol_p	-0.0	-1000.0	0.0	-0.0	Inf
GLYCtpp_f	cl_p	-0.0	-0.002602301454089684	999.9973976985459	-0.0	0.0
GLYCtpp_f	34dhpac_p	-0.0	-1000.0	0.0	-0.0	Inf
GLYCtpp_f	cm_p	-0.0	0.0	0.0	Inf	Inf
GLYCtpp_f	4hoxpacd_p	-0.0	-1000.0	0.0	-0.0	Inf
GLYCtpp_f	co2_p	-0.0	-951.5225912022792	48.47740879772084	-0.0	0.0
GLYCtpp_f	5mtr_p	-0.0	-1000.0	0.0	-0.0	Inf
GLYCtpp_f	LalaDgluMdap_p	-0.0	0.0	0.0	Inf	Inf
GLYCtpp_f	gal_p	-0.0	-1000.0	0.0	-0.0	Inf
GLYCtpp_f	ac_p	-0.0	-0.09766521516766966	0.0	-0.0	Inf
GLYCtpp_f	crn_p	-0.0	-1000.0	0.0	-0.0	Inf
GLYCtpp_f	gal_bD_p	-0.0	-1000.0	0.0	-0.0	Inf
GLYCtpp_f	acald_p	-0.0	-1000.0	0.0	-0.0	Inf
GLYCtpp_f	acgal_p	-0.0	-1000.0	0.0	-0.0	Inf
GLYCtpp_f	csn_p	-0.0	0.0	0.0	Inf	Inf
GLYCtpp_f	acgam_p	-0.0	-1000.0	0.0	-0.0	Inf
GLYCtpp_f	galt_p	-0.0	-0.0706476098479921	0.0	-0.0	Inf
GLYCtpp_f	acmana_p	-0.0	-1000.0	0.0	-0.0	Inf
GLYCtpp_f	cyan_p	-0.0	0.0	0.0	Inf	Inf
GLYCtpp_f	ade_p	-0.0	-1000.0	0.0	-0.0	Inf
GLYCtpp_f	adn_p	-0.0	0.0	0.12000139989561388	Inf	0.0
GLYCtpp_f	cytd_p	-0.0	0.0	0.0	Inf	Inf
GLYCtpp_f	glc__D_p	-0.0	-38.878445616322296	4.268636226275875	-0.0	0.0
GLYCtpp_f	dad_2_p	-0.0	-1000.0	0.0	-0.0	Inf
GLYCtpp_f	dcyt_p	-0.0	-1000.0	0.0	-0.0	Inf
GLYCtpp_f	all__D_p	-0.0	0.0	0.0	Inf	Inf
GLYCtpp_f	alltn_p	-0.0	0.0	0.0	Inf	Inf
GLYCtpp_f	dha_p	-0.0	-1000.0	0.0	-0.0	Inf
GLYCtpp_f	glyald_p	-0.0	-1000.0	0.0	-0.0	Inf
GLYCtpp_f	glyb_p	0.0	0.0	0.0	Inf	Inf
GLYCtpp_f	dms_p	-0.0	-1000.0	0.0	-0.0	Inf
GLYCtpp_f	glyc_p	-0.0	-1000.0	0.0	-0.0	Inf
GLYCtpp_f	dmso_p	-0.0	-1000.0	0.0	-0.0	Inf
GLYCtpp_f	arab__L_p	-0.0	0.0	0.0	Inf	Inf
GLYCtpp_f	arbt_p	0.0	0.0	0.0	Inf	Inf
GLYCtpp_f	ca2_p	-0.0	-0.002602301454089684	999.9973976985459	-0.0	0.0
GLYCtpp_f	duri_p	-0.0	-1000.0	0.0	-0.0	Inf
GLYCtpp_f	h2_p	-0.0	-1000.0	0.0	-0.0	Inf
GLYCtpp_f	h2o2_p	-0.0	-1000.0	0.0	-0.0	Inf
GLYCtpp_f	etoh_p	-0.0	-1000.0	0.0	-0.0	Inf
GLYCtpp_f	fald_p	-0.0	0.0	0.0	Inf	Inf
GLYCtpp_f	n2o_p	-0.0	-1000.0	0.0	-0.0	Inf
GLYCtpp_f	na1_p	-0.0	0.0	0.0	Inf	Inf
GLYCtpp_f	indole_p	-0.0	0.0	0.6000069994780688	Inf	0.0
GLYCtpp_f	nac_p	-0.0	-1000.0	0.0	-0.0	Inf
GLYCtpp_f	ni2_p	-0.0	-0.0001614876790654307	999.9998385123209	-0.0	0.0
GLYCtpp_f	inost_p	-0.0	-1000.0	0.0	-0.0	Inf
GLYCtpp_f	no_p	-0.0	-1000.0	0.0	-0.0	Inf
GLYCtpp_f	no2_p	-0.0	-1000.0	0.0	-0.0	Inf
GLYCtpp_f	for_p	-0.0	-0.09766521516766966	0.0012264064290271734	-0.0	0.0
GLYCtpp_f	fru_p	-0.0	-1000.0	0.0	-0.0	Inf
GLYCtpp_f	no3_p	-0.0	0.0	0.0	Inf	Inf
GLYCtpp_f	k_p	-0.0	-0.09758905431658604	999.9024109456834	-0.0	0.0
GLYCtpp_f	novbcn_p	-0.0	0.0	0.0	Inf	Inf
GLYCtpp_f	o2_p	-0.0	-46.65956427029266	953.3404357297073	-0.0	0.0
GLYCtpp_f	lipa_cold_p	-0.0	-133.3504809240335	0.0	-0.0	Inf
GLYCtpp_f	g3pe_p	-0.0	0.0	0.0	Inf	Inf
GLYCtpp_f	g3pi_p	-0.0	0.0	0.0	Inf	Inf
GLYCtpp_f	so3_p	-0.0	-1000.0	0.0	-0.0	Inf
GLYCtpp_f	so4_p	-0.0	-0.1260933795433309	999.8739066204566	-0.0	0.0
GLYCtpp_f	malt_p	0.0	0.0	0.0	Inf	Inf
GLYCtpp_f	malthx_p	0.0	0.0	0.0	Inf	Inf
GLYCtpp_f	maltpt_p	0.0	0.0	0.0	Inf	Inf
GLYCtpp_f	sucr_p	-0.0	-1000.0	0.0	-0.0	Inf
GLYCtpp_f	malttr_p	0.0	0.0	0.0	Inf	Inf
GLYCtpp_f	maltttr_p	0.0	0.0	0.0	Inf	Inf
GLYCtpp_f	pacald_p	-0.0	-1000.0	0.0	-0.0	Inf
GLYCtpp_f	man_p	-0.0	-1000.0	0.0	-0.0	Inf
GLYCtpp_f	tartr__L_p	-0.0	-1000.0	0.0	-0.0	Inf
GLYCtpp_f	pe120_p	-0.0	0.0	0.0	Inf	Inf
GLYCtpp_f	melib_p	-0.0	-1000.0	0.0	-0.0	Inf
GLYCtpp_f	meoh_p	-0.0	-1000.0	0.0	-0.0	Inf
GLYCtpp_f	thym_p	-0.0	-1000.0	0.0	-0.0	Inf
GLYCtpp_f	thymd_p	-0.0	-0.013082001891689288	0.0	-0.0	Inf
GLYCtpp_f	pg120_p	-0.0	0.0	0.0	Inf	Inf
GLYCtpp_f	metsox_S__L_p	-0.0	-1000.0	0.0	-0.0	Inf
GLYCtpp_f	tmao_p	-0.0	-1000.0	0.0	-0.0	Inf
GLYCtpp_f	mg2_p	-0.0	-0.004337169090062008	999.99566283091	-0.0	0.0
GLYCtpp_f	tre_p	-0.0	0.0	0.0	Inf	Inf
GLYCtpp_f	mnl_p	-0.0	0.0	0.0	Inf	Inf
GLYCtpp_f	mobd_p	-0.0	-6.44950793002863e-05	999.9999355049207	-0.0	0.0
GLYCtpp_f	ura_p	-0.0	-1000.0	0.0	-0.0	Inf
GLYCtpp_f	urea_p	-0.0	-1000.0	0.0	-0.0	Inf
GLYCtpp_f	uri_p	-0.0	0.0	0.0	Inf	Inf
GLYCtpp_f	xan_p	-0.0	0.0	0.0	Inf	Inf
GLYCtpp_f	xtsn_p	-0.0	0.0	0.0	Inf	Inf
GLYCtpp_f	xyl__D_p	-0.0	0.0	0.0	Inf	Inf
GLYCtpp_f	xylu__L_p	-0.0	-1000.0	0.0	-0.0	Inf
GLYCtpp_f	ppal_p	-0.0	-1000.0	0.0	-0.0	Inf
GLYCtpp_f	psclys_p	-0.0	-1000.0	0.0	-0.0	Inf
GLYCtpp_f	pydx_p	-0.0	0.0	0.0	Inf	Inf
GLYCtpp_f	pydxn_p	-0.0	0.0	0.0	Inf	Inf
GLYCtpp_f	rib__D_p	-0.0	-1000.0	0.0	-0.0	Inf
GLYCtpp_f	rmn_p	-0.0	-1000.0	0.0	-0.0	Inf
GLYCtpp_f	sbt__D_p	-0.0	-36.0435589567988	0.0	-0.0	Inf
GLYCtpp_f	slnt_p	-0.0	0.0	0.0	Inf	Inf
GLYCtpp_f	so2_p	-0.0	-1000.0	0.0	-0.0	Inf
