Reaction	Metabolite	ShadowPrice	G-	G+	DecrementalShadowPrice	IncrementalShadowPrice
HEMEOS	12dgr120_c	-0.0	0.0	0.0	Inf	Inf
HEMEOS	12dgr140_c	-0.0	0.0	0.0	Inf	Inf
HEMEOS	12dgr160_c	-0.0	-0.03190456579979446	0.0	-0.0	Inf
HEMEOS	12dgr180_c	-0.0	0.0	0.0	Inf	Inf
HEMEOS	12ppd__R_c	-0.0	-1000.0	0.0	-0.0	Inf
HEMEOS	12ppd__S_c	-0.0	0.0	0.0	Inf	Inf
HEMEOS	5drib_c	-0.0	-999.9998885085064	0.00011149149361196862	-0.0	0.0
HEMEOS	5mta_c	-0.0	0.0	0.0	Inf	Inf
HEMEOS	23dhacoa_c	-0.0	-0.0002879780274724908	0.0	-0.0	Inf
HEMEOS	5mtr_c	-0.0	0.0	0.0	Inf	Inf
HEMEOS	3amac_c	-0.0	-0.09376151300975627	0.0	-0.0	Inf
HEMEOS	LalaDgluMdap_c	-0.0	-0.013892940020131767	0.0	-0.0	Inf
HEMEOS	ac_c	-0.0	-0.09376151300975627	0.14337906070783257	-0.0	0.0
HEMEOS	acald_c	-0.0	-1.5970051544220496	4.920715475052934	-0.0	0.0
HEMEOS	acetol_c	-0.0	0.0	0.0018403595873796256	Inf	0.0
HEMEOS	acgam_c	-0.0	-0.04724039573276188	0.0	-0.0	Inf
HEMEOS	acgam6p_c	-0.0	-0.04724039573276188	0.0	-0.0	Inf
HEMEOS	acmalt_c	0.0	0.0	0.0	Inf	Inf
HEMEOS	acmana_c	-0.0	-0.04724039573276188	0.0	-0.0	Inf
HEMEOS	2dmmq8_c	-0.0	0.0	0.0	Inf	Inf
HEMEOS	2dmmql8_c	0.0	0.0	0.0	Inf	Inf
HEMEOS	ade_c	-0.0	-0.018752302601951227	0.0003344744808359059	-0.0	0.0
HEMEOS	adn_c	-0.0	0.0	0.0003344744808359059	Inf	0.0
HEMEOS	3sala_c	0.0	0.0	0.0	Inf	Inf
HEMEOS	adphep_DD_c	-0.0	0.0	0.0	Inf	Inf
HEMEOS	adphep_LD_c	-0.0	0.0	0.0	Inf	Inf
HEMEOS	4ahmmp_c	0.0	0.0	0.0	Inf	Inf
HEMEOS	4crsol_c	-0.0	-999.9998885085064	0.00011149149361196862	-0.0	0.0
HEMEOS	2ohph_c	-0.0	-0.00011149149361196862	0.1996256443027562	-0.0	0.0
HEMEOS	2ombzl_c	-0.0	0.0	0.0	Inf	Inf
HEMEOS	2omhmbl_c	-0.0	0.0	0.0	Inf	Inf
HEMEOS	2ommbl_c	-0.0	0.0	0.0	Inf	Inf
HEMEOS	2omph_c	-0.0	0.0	0.1996256443027562	Inf	0.0
HEMEOS	4mhetz_c	0.0	0.0	0.0	Inf	Inf
HEMEOS	2oph_c	-0.0	-0.00011149149361196862	0.1996256443027562	-0.0	0.0
HEMEOS	2oxpaccoa_c	-0.0	-0.0002879780274724908	0.0	-0.0	Inf
HEMEOS	all__D_c	-0.0	-6.447788945424045	0.0	-0.0	Inf
HEMEOS	alltn_c	-0.0	-0.023440378252439067	0.0	-0.0	Inf
HEMEOS	4r5au_c	-0.0	-0.00022298298756547695	0.15000174987034143	-0.0	0.0
HEMEOS	56dura_c	0.0	0.0	0.0	Inf	Inf
HEMEOS	arab__L_c	-0.0	-7.815501752029144	0.0	-0.0	Inf
HEMEOS	etoh_c	-0.0	-1000.0	0.0	-0.0	Inf
HEMEOS	csn_c	-0.0	0.0	0.020434885340364417	Inf	0.0
HEMEOS	fald_c	-0.0	0.0	0.0	Inf	Inf
HEMEOS	fc1p_c	-0.0	-0.48227870391258065	0.0	-0.0	Inf
HEMEOS	fcl__L_c	-0.0	0.0	0.0	Inf	Inf
HEMEOS	aso4_c	0.0	0.0	0.0	Inf	Inf
HEMEOS	cyan_c	0.0	0.0	0.0	Inf	Inf
HEMEOS	athtp_c	0.0	0.0	0.0	Inf	Inf
HEMEOS	cytd_c	-0.0	0.0	0.0	Inf	Inf
HEMEOS	dad_2_c	-0.0	0.0	0.0	Inf	Inf
HEMEOS	dad_5_c	-0.0	-0.018752302601951227	0.00011149149361196862	-0.0	0.0
HEMEOS	betald_c	0.0	0.0	0.0	Inf	Inf
HEMEOS	btal_c	-0.0	-73.68901651913197	0.0	-0.0	Inf
HEMEOS	for_c	-0.0	-0.09376151300975627	0.001226406431098772	-0.0	0.0
HEMEOS	dcyt_c	-0.0	-0.013082001891707492	0.0	-0.0	Inf
HEMEOS	fru_c	-0.0	0.0	4.920715475052933	Inf	0.0
HEMEOS	ca2_c	-0.0	-0.002602301454089684	515.8231156339237	-0.0	0.0
HEMEOS	g3pe_c	-0.0	-0.06950869674387791	0.0	-0.0	Inf
HEMEOS	g3pi_c	0.0	0.0	0.0	Inf	Inf
HEMEOS	cbm_c	-0.0	-0.046880756504878135	0.0	-0.0	Inf
HEMEOS	dha_c	-0.0	-12.281502753188656	0.0	-0.0	Inf
HEMEOS	gal_c	-0.0	0.0	0.0	Inf	Inf
HEMEOS	dhgly_c	-0.0	-0.00011149149361196862	0.6000069994813657	-0.0	0.0
HEMEOS	dhmptp_c	0.0	0.0	0.0	Inf	Inf
HEMEOS	gcald_c	-0.0	-20.63292462535695	0.00033447448117840395	-0.0	0.0
HEMEOS	dhptd_c	-0.0	-54.18126439241404	0.00022298298722393724	-0.0	0.0
HEMEOS	cechddd_c	-0.0	0.0	0.0	Inf	Inf
HEMEOS	dhptdn_c	0.0	0.0	0.0	Inf	Inf
HEMEOS	chol_c	0.0	0.0	0.0	Inf	Inf
HEMEOS	chtbs6p_c	-0.0	0.0	0.0	Inf	Inf
HEMEOS	dmbzid_c	0.0	0.0	0.0	Inf	Inf
HEMEOS	dms_c	0.0	0.0	0.0	Inf	Inf
HEMEOS	dmso_c	0.0	0.0	0.0	Inf	Inf
HEMEOS	cl_c	-0.0	-0.002602301454037205	999.9973976985459	-0.0	0.0
HEMEOS	glc__D_c	-0.0	-6.447788945424045	4.920715475052933	-0.0	0.0
HEMEOS	co2_c	-0.0	-951.5225912022607	48.47618239130816	-0.0	0.0
HEMEOS	dscl_c	-0.0	-0.00011149149361196862	0.002554360667545552	-0.0	0.0
HEMEOS	dtdp4aaddg_c	-0.0	0.0	0.0	Inf	Inf
HEMEOS	glyald_c	-0.0	-1000.0	0.0	-0.0	Inf
HEMEOS	crn_c	-0.0	-515.8231156339237	0.0	-0.0	Inf
HEMEOS	duri_c	-0.0	-0.013082001891707492	0.0	-0.0	Inf
HEMEOS	glyb_c	0.0	0.0	0.0	Inf	Inf
HEMEOS	glyc_c	-0.0	-10.527002359875992	0.0	-0.0	Inf
HEMEOS	dxyl_c	0.0	0.0	0.0	Inf	Inf
HEMEOS	glycogen_c	-0.0	-1.6041041127905373	0.0	-0.0	Inf
HEMEOS	gmhep1p_c	-0.0	0.0	4.700746450156079	Inf	0.0
HEMEOS	lipa_cold_c	-0.0	0.0	0.0	Inf	Inf
HEMEOS	lipidA_c	-0.0	-0.009727257846236625	0.16402384916843113	-0.0	0.0
HEMEOS	malt_c	0.0	0.0	0.0	Inf	Inf
HEMEOS	h2_c	-0.0	0.0	0.0	Inf	Inf
HEMEOS	malthx_c	-0.0	0.0	0.0	Inf	Inf
HEMEOS	maltpt_c	-0.0	0.0	0.0	Inf	Inf
HEMEOS	malttr_c	-0.0	0.0	0.0	Inf	Inf
HEMEOS	maltttr_c	-0.0	0.0	0.0	Inf	Inf
HEMEOS	h2o2_c	-0.0	-0.0018403595873796256	1.3139997466787463	-0.0	0.0
HEMEOS	man_c	-0.0	-6.447788945424045	0.0	-0.0	Inf
HEMEOS	mdhdhf_c	-0.0	-54.18126439241404	0.00022298298722393724	-0.0	0.0
HEMEOS	melib_c	-0.0	0.0	0.0	Inf	Inf
HEMEOS	meoh_c	-0.0	-1000.0	0.0	-0.0	Inf
HEMEOS	pacald_c	-0.0	-515.8231156339237	0.0	-0.0	Inf
HEMEOS	metsox_S__L_c	-0.0	-0.05582374085224728	0.0	-0.0	Inf
HEMEOS	mg2_c	-0.0	-0.004337169090062008	257.9115578169619	-0.0	0.0
HEMEOS	hhlipa_c	-0.0	0.0	0.0	Inf	Inf
HEMEOS	pe120_c	-0.0	0.0	0.0	Inf	Inf
HEMEOS	mobd_c	-0.0	-6.449507926432266e-05	121.04422109151906	-0.0	0.0
HEMEOS	hlipa_c	-0.0	0.0	0.0	Inf	Inf
HEMEOS	pg120_c	-0.0	-0.03890903138501275	0.0	-0.0	Inf
HEMEOS	mql8_c	0.0	0.0	0.0	Inf	Inf
HEMEOS	mqn8_c	-0.0	0.0	0.0	Inf	Inf
HEMEOS	mthgxl_c	-0.0	0.0	0.0018403595873796256	Inf	0.0
HEMEOS	hqn_c	0.0	0.0	0.0	Inf	Inf
HEMEOS	mththf_c	-0.0	-999.9997770170128	0.00022298298722393724	-0.0	0.0
HEMEOS	n2o_c	-0.0	-1000.0	0.0	-0.0	Inf
HEMEOS	na1_c	-0.0	0.0	0.0	Inf	Inf
HEMEOS	nac_c	-0.0	0.0	0.0	Inf	Inf
HEMEOS	ncam_c	-0.0	0.0	0.0	Inf	Inf
HEMEOS	ni2_c	-0.0	-0.0001614876790654307	999.9998385123209	-0.0	0.0
HEMEOS	no_c	-0.0	-1000.0	0.0	-0.0	Inf
HEMEOS	indole_c	-0.0	-0.028419331710247228	0.6000069994813657	-0.0	0.0
HEMEOS	no2_c	-0.0	-515.8231156339237	0.0	-0.0	Inf
HEMEOS	no3_c	0.0	0.0	0.0	Inf	Inf
HEMEOS	inost_c	0.0	0.0	0.0	Inf	Inf
HEMEOS	o2_c	-0.0	-46.66054019585791	953.339459804142	-0.0	0.0
HEMEOS	poaac_c	-0.0	-27.09063219620702	0.0	-0.0	Inf
HEMEOS	ppal_c	-0.0	0.0	0.0	Inf	Inf
HEMEOS	k_c	-0.0	-0.09758905431658604	484.17688436607625	-0.0	0.0
HEMEOS	psclys_c	-0.0	0.0	0.0	Inf	Inf
HEMEOS	lald__D_c	-0.0	0.0	0.0018403595873796256	Inf	0.0
HEMEOS	lald__L_c	-0.0	-3.037030841347132	0.0	-0.0	Inf
HEMEOS	ura_c	-0.0	0.0	0.0	Inf	Inf
HEMEOS	pydx_c	-0.0	0.0	0.0018403595873796256	Inf	0.0
HEMEOS	uracp_c	-0.0	-0.09376151300975627	0.0	-0.0	Inf
HEMEOS	pydxn_c	-0.0	0.0	0.6000069994813657	Inf	0.0
HEMEOS	urate_c	-0.0	-0.0018403595873796256	0.0	-0.0	Inf
HEMEOS	q8_c	0.0	0.0	0.0	Inf	Inf
HEMEOS	q8h2_c	-0.0	0.0	0.0	Inf	Inf
HEMEOS	urea_c	-0.0	-1000.0	0.0	-0.0	Inf
HEMEOS	uri_c	-0.0	0.0	0.020434885340364417	Inf	0.0
HEMEOS	rbflvrd_c	-0.0	0.0	0.15000174987034143	Inf	0.0
HEMEOS	rbl__L_c	-0.0	-7.815501752029144	0.0	-0.0	Inf
HEMEOS	rdmbzi_c	0.0	0.0	0.0	Inf	Inf
HEMEOS	thptdn_c	0.0	0.0	0.0	Inf	Inf
HEMEOS	xan_c	-0.0	-0.023440378252439026	0.0	-0.0	Inf
HEMEOS	rephaccoa_c	-0.0	-0.0002879780274724908	0.0	-0.0	Inf
HEMEOS	rib__D_c	-0.0	0.0	4.920715475052933	Inf	0.0
HEMEOS	xtsn_c	-0.0	0.0	0.0	Inf	Inf
HEMEOS	rml_c	-0.0	-3.037030841347132	0.0	-0.0	Inf
HEMEOS	thym_c	-0.0	-484.17688436607625	0.0	-0.0	Inf
HEMEOS	thymd_c	-0.0	-0.013082001891707492	0.0	-0.0	Inf
HEMEOS	xu5p__L_c	-0.0	-0.48227870391258054	0.0	-0.0	Inf
HEMEOS	rmn_c	-0.0	-3.037030841347132	0.0	-0.0	Inf
HEMEOS	xyl__D_c	0.0	0.0	0.0	Inf	Inf
HEMEOS	tmao_c	0.0	0.0	0.0	Inf	Inf
HEMEOS	xylu__D_c	-0.0	0.0	0.0	Inf	Inf
HEMEOS	xylu__L_c	-0.0	-7.815501752029144	0.0	-0.0	Inf
HEMEOS	12ppd__R_e	-0.0	-1000.0	0.0	-0.0	Inf
HEMEOS	12ppd__S_e	-0.0	-1000.0	0.0	-0.0	Inf
HEMEOS	tre_c	-0.0	-3.2238944727120225	0.0	-0.0	Inf
HEMEOS	seln_c	0.0	0.0	0.0	Inf	Inf
HEMEOS	34dhpac_e	-0.0	-1000.0	0.0	-0.0	Inf
HEMEOS	slnt_c	0.0	0.0	0.0	Inf	Inf
HEMEOS	so2_c	0.0	0.0	0.0	Inf	Inf
HEMEOS	so3_c	-0.0	-0.12392454501532618	24.208844218303813	-0.0	0.0
HEMEOS	so4_c	-0.0	-0.12609337954128458	484.17688436607625	-0.0	0.0
HEMEOS	4hoxpacd_e	-0.0	-1000.0	0.0	-0.0	Inf
HEMEOS	5mtr_e	-0.0	0.0	0.0	Inf	Inf
HEMEOS	LalaDgluMdap_e	-0.0	-1000.0	0.0	-0.0	Inf
HEMEOS	ac_e	-0.0	0.0	0.0	Inf	Inf
HEMEOS	acald_e	-0.0	-1000.0	0.0	-0.0	Inf
HEMEOS	acgal_e	-0.0	-1000.0	0.0	-0.0	Inf
HEMEOS	acgam_e	-0.0	-1000.0	0.0	-0.0	Inf
HEMEOS	acmana_e	-0.0	-1000.0	0.0	-0.0	Inf
HEMEOS	tagur_c	-0.0	0.0	0.0	Inf	Inf
HEMEOS	tartr__L_c	-0.0	-0.046880756504878135	0.0	-0.0	Inf
HEMEOS	ade_e	-0.0	-1000.0	0.0	-0.0	Inf
HEMEOS	adn_e	-0.0	-1000.0	0.0	-0.0	Inf
HEMEOS	all__D_e	-0.0	-1000.0	0.0	-0.0	Inf
HEMEOS	cl_e	-0.0	-0.002602301454089684	999.9973976985459	-0.0	0.0
HEMEOS	alltn_e	-0.0	0.0	0.0	Inf	Inf
HEMEOS	cm_e	-0.0	-1000.0	0.0	-0.0	Inf
HEMEOS	co2_e	-0.0	-951.5225912022607	48.47740879773926	-0.0	0.0
HEMEOS	arab__L_e	-0.0	-1000.0	0.0	-0.0	Inf
HEMEOS	arbt_e	-0.0	-1000.0	0.0	-0.0	Inf
HEMEOS	unagamu_c	-0.0	0.0	0.1774450171580055	Inf	0.0
HEMEOS	crn_e	-0.0	-1000.0	0.0	-0.0	Inf
HEMEOS	csn_e	-0.0	-1000.0	0.0	-0.0	Inf
HEMEOS	cyan_e	-0.0	-1000.0	0.0	-0.0	Inf
HEMEOS	glyb_e	-0.0	-1000.0	0.0	-0.0	Inf
HEMEOS	glyc_e	-0.0	-1000.0	0.0	-0.0	Inf
HEMEOS	cytd_e	-0.0	-1000.0	0.0	-0.0	Inf
HEMEOS	ca2_e	-0.0	-0.002602301454089684	999.9973976985459	-0.0	0.0
HEMEOS	dad_2_e	-0.0	-1000.0	0.0	-0.0	Inf
HEMEOS	dcyt_e	-0.0	-1000.0	0.0	-0.0	Inf
HEMEOS	chol_e	-0.0	-1000.0	0.0	-0.0	Inf
HEMEOS	dha_e	-0.0	-1000.0	0.0	-0.0	Inf
HEMEOS	ppal_e	-0.0	-1000.0	0.0	-0.0	Inf
HEMEOS	h2_e	-0.0	-1000.0	0.0	-0.0	Inf
HEMEOS	dms_e	-0.0	-1000.0	0.0	-0.0	Inf
HEMEOS	dmso_e	-0.0	-1000.0	0.0	-0.0	Inf
HEMEOS	h2o2_e	-0.0	-1000.0	0.0	-0.0	Inf
HEMEOS	psclys_e	-0.0	-1000.0	0.0	-0.0	Inf
HEMEOS	duri_e	-0.0	-1000.0	0.0	-0.0	Inf
HEMEOS	pydx_e	-0.0	-1000.0	0.0	-0.0	Inf
HEMEOS	pydxn_e	-0.0	-1000.0	0.0	-0.0	Inf
HEMEOS	etoh_e	-0.0	-1000.0	0.0	-0.0	Inf
HEMEOS	fald_e	-0.0	0.0	0.0	Inf	Inf
HEMEOS	rib__D_e	-0.0	-1000.0	0.0	-0.0	Inf
HEMEOS	rmn_e	-0.0	-1000.0	0.0	-0.0	Inf
HEMEOS	indole_e	-0.0	-1000.0	0.0	-0.0	Inf
HEMEOS	inost_e	-0.0	-1000.0	0.0	-0.0	Inf
HEMEOS	sbt__D_e	-0.0	-3.037030841347132	0.0	-0.0	Inf
HEMEOS	k_e	-0.0	-0.09758905431658604	999.9024109456834	-0.0	0.0
HEMEOS	for_e	-0.0	0.0	0.001226406431098772	Inf	0.0
HEMEOS	slnt_e	-0.0	0.0	1000.0	Inf	0.0
HEMEOS	fru_e	-0.0	-1000.0	0.0	-0.0	Inf
HEMEOS	so2_e	-0.0	-1000.0	0.0	-0.0	Inf
HEMEOS	so3_e	-0.0	-1000.0	0.0	-0.0	Inf
HEMEOS	so4_e	-0.0	-0.12609337954128458	999.8739066204587	-0.0	0.0
HEMEOS	lipa_cold_e	-0.0	-1000.0	0.0	-0.0	Inf
HEMEOS	sucr_e	-0.0	-1000.0	0.0	-0.0	Inf
HEMEOS	g3pe_e	-0.0	-1000.0	0.0	-0.0	Inf
HEMEOS	malt_e	-0.0	-1000.0	0.0	-0.0	Inf
HEMEOS	tartr__L_e	-0.0	-1000.0	0.0	-0.0	Inf
HEMEOS	g3pi_e	-0.0	-1000.0	0.0	-0.0	Inf
HEMEOS	malthx_e	-0.0	-1000.0	0.0	-0.0	Inf
HEMEOS	maltpt_e	-0.0	-1000.0	0.0	-0.0	Inf
HEMEOS	gal_e	-0.0	-1000.0	0.0	-0.0	Inf
HEMEOS	gal_bD_e	-0.0	-1000.0	0.0	-0.0	Inf
HEMEOS	malttr_e	-0.0	-1000.0	0.0	-0.0	Inf
HEMEOS	maltttr_e	-0.0	-1000.0	0.0	-0.0	Inf
HEMEOS	man_e	-0.0	-1000.0	0.0	-0.0	Inf
HEMEOS	thym_e	-0.0	-1000.0	0.0	-0.0	Inf
HEMEOS	thymd_e	-0.0	-1000.0	0.0	-0.0	Inf
HEMEOS	galt_e	-0.0	-3.037030841347132	0.0	-0.0	Inf
HEMEOS	melib_e	-0.0	-1000.0	0.0	-0.0	Inf
HEMEOS	meoh_e	-0.0	-1000.0	0.0	-0.0	Inf
HEMEOS	tmao_e	-0.0	-1000.0	0.0	-0.0	Inf
HEMEOS	tre_e	-0.0	-1000.0	0.0	-0.0	Inf
HEMEOS	metsox_S__L_e	-0.0	-1000.0	0.0	-0.0	Inf
HEMEOS	glc__D_e	-0.0	-6.529406527011691	4.920715475052933	-0.0	0.0
HEMEOS	mg2_e	-0.0	-0.004337169090062008	999.99566283091	-0.0	0.0
HEMEOS	mnl_e	-0.0	-1000.0	0.0	-0.0	Inf
HEMEOS	mobd_e	-0.0	-6.44950793002863e-05	999.9999355049207	-0.0	0.0
HEMEOS	glyald_e	-0.0	-1000.0	0.0	-0.0	Inf
HEMEOS	n2o_e	-0.0	-1000.0	0.0	-0.0	Inf
HEMEOS	na1_e	-0.0	0.0	1000.0	Inf	0.0
HEMEOS	nac_e	-0.0	-1000.0	0.0	-0.0	Inf
HEMEOS	ni2_e	-0.0	-0.0001614876790654307	999.9998385123209	-0.0	0.0
HEMEOS	no_e	-0.0	-1000.0	0.0	-0.0	Inf
HEMEOS	no2_e	-0.0	-1000.0	0.0	-0.0	Inf
HEMEOS	ura_e	-0.0	-1000.0	0.0	-0.0	Inf
HEMEOS	no3_e	-0.0	-1000.0	0.0	-0.0	Inf
HEMEOS	urea_e	-0.0	-1000.0	0.0	-0.0	Inf
HEMEOS	novbcn_e	-0.0	-1000.0	0.0	-0.0	Inf
HEMEOS	uri_e	-0.0	-1000.0	0.0	-0.0	Inf
HEMEOS	o2_e	-0.0	-46.66054019585795	953.339459804142	-0.0	0.0
HEMEOS	xan_e	-0.0	0.0	0.0	Inf	Inf
HEMEOS	xtsn_e	-0.0	-1000.0	0.0	-0.0	Inf
HEMEOS	xyl__D_e	-0.0	-1000.0	0.0	-0.0	Inf
HEMEOS	xylu__L_e	-0.0	-1000.0	0.0	-0.0	Inf
HEMEOS	pacald_e	-0.0	-1000.0	0.0	-0.0	Inf
HEMEOS	12dgr120_p	-0.0	0.0	0.0	Inf	Inf
HEMEOS	12dgr140_p	-0.0	0.0	0.0	Inf	Inf
HEMEOS	12dgr160_p	-0.0	-0.03190456579979446	0.0	-0.0	Inf
HEMEOS	12dgr180_p	-0.0	0.0	0.0	Inf	Inf
HEMEOS	12ppd__R_p	-0.0	-1000.0	0.0	-0.0	Inf
HEMEOS	12ppd__S_p	-0.0	0.0	0.0	Inf	Inf
HEMEOS	chol_p	-0.0	-1000.0	0.0	-0.0	Inf
HEMEOS	cl_p	-0.0	-0.002602301454089684	999.9973976985459	-0.0	0.0
HEMEOS	34dhpac_p	-0.0	-1000.0	0.0	-0.0	Inf
HEMEOS	cm_p	-0.0	0.0	0.0	Inf	Inf
HEMEOS	4hoxpacd_p	-0.0	-1000.0	0.0	-0.0	Inf
HEMEOS	co2_p	-0.0	-951.5225912022607	48.47740879773926	-0.0	0.0
HEMEOS	5mtr_p	-0.0	0.0	0.0	Inf	Inf
HEMEOS	LalaDgluMdap_p	-0.0	0.0	0.0	Inf	Inf
HEMEOS	gal_p	-0.0	-1000.0	0.0	-0.0	Inf
HEMEOS	ac_p	-0.0	-0.09376151300975627	0.0	-0.0	Inf
HEMEOS	crn_p	-0.0	-1000.0	0.0	-0.0	Inf
HEMEOS	gal_bD_p	-0.0	-1000.0	0.0	-0.0	Inf
HEMEOS	acald_p	-0.0	-1000.0	0.0	-0.0	Inf
HEMEOS	acgal_p	-0.0	-1000.0	0.0	-0.0	Inf
HEMEOS	csn_p	-0.0	0.0	0.0	Inf	Inf
HEMEOS	acgam_p	-0.0	-1000.0	0.0	-0.0	Inf
HEMEOS	galt_p	-0.0	-3.037030841347132	0.0	-0.0	Inf
HEMEOS	acmana_p	-0.0	-1000.0	0.0	-0.0	Inf
HEMEOS	cyan_p	-0.0	0.0	0.0	Inf	Inf
HEMEOS	ade_p	-0.0	-1000.0	0.0	-0.0	Inf
HEMEOS	adn_p	-0.0	0.0	0.0003344744808359059	Inf	0.0
HEMEOS	cytd_p	-0.0	0.0	0.0	Inf	Inf
HEMEOS	glc__D_p	-0.0	-6.529406527011691	4.920715475052933	-0.0	0.0
HEMEOS	dad_2_p	-0.0	-1000.0	0.0	-0.0	Inf
HEMEOS	dcyt_p	-0.0	-1000.0	0.0	-0.0	Inf
HEMEOS	all__D_p	-0.0	0.0	0.0	Inf	Inf
HEMEOS	alltn_p	-0.0	0.0	0.0	Inf	Inf
HEMEOS	dha_p	-0.0	-1000.0	0.0	-0.0	Inf
HEMEOS	glyald_p	-0.0	-1000.0	0.0	-0.0	Inf
HEMEOS	glyb_p	0.0	0.0	0.0	Inf	Inf
HEMEOS	dms_p	-0.0	-1000.0	0.0	-0.0	Inf
HEMEOS	glyc_p	-0.0	-10.527002359875992	0.0	-0.0	Inf
HEMEOS	dmso_p	-0.0	-1000.0	0.0	-0.0	Inf
HEMEOS	arab__L_p	-0.0	0.0	0.0	Inf	Inf
HEMEOS	arbt_p	0.0	0.0	0.0	Inf	Inf
HEMEOS	ca2_p	-0.0	-0.002602301454089684	999.9973976985459	-0.0	0.0
HEMEOS	duri_p	-0.0	-1000.0	0.0	-0.0	Inf
HEMEOS	h2_p	-0.0	-1000.0	0.0	-0.0	Inf
HEMEOS	h2o2_p	-0.0	-1000.0	0.0	-0.0	Inf
HEMEOS	etoh_p	-0.0	-1000.0	0.0	-0.0	Inf
HEMEOS	fald_p	-0.0	0.0	0.0	Inf	Inf
HEMEOS	n2o_p	-0.0	-1000.0	0.0	-0.0	Inf
HEMEOS	na1_p	-0.0	0.0	0.0	Inf	Inf
HEMEOS	indole_p	-0.0	0.0	0.6000069994813657	Inf	0.0
HEMEOS	nac_p	-0.0	-1000.0	0.0	-0.0	Inf
HEMEOS	ni2_p	-0.0	-0.0001614876790654307	999.9998385123209	-0.0	0.0
HEMEOS	inost_p	-0.0	-1000.0	0.0	-0.0	Inf
HEMEOS	no_p	-0.0	-1000.0	0.0	-0.0	Inf
HEMEOS	no2_p	-0.0	-1000.0	0.0	-0.0	Inf
HEMEOS	for_p	-0.0	-0.09376151300975627	0.001226406431098772	-0.0	0.0
HEMEOS	fru_p	-0.0	-1000.0	0.0	-0.0	Inf
HEMEOS	no3_p	-0.0	0.0	0.0	Inf	Inf
HEMEOS	k_p	-0.0	-0.09758905431658604	999.9024109456834	-0.0	0.0
HEMEOS	novbcn_p	-0.0	0.0	0.0	Inf	Inf
HEMEOS	o2_p	-0.0	-46.66054019585795	953.339459804142	-0.0	0.0
HEMEOS	lipa_cold_p	-0.0	-121.04422109151906	0.0	-0.0	Inf
HEMEOS	g3pe_p	-0.0	0.0	0.0	Inf	Inf
HEMEOS	g3pi_p	-0.0	0.0	0.0	Inf	Inf
HEMEOS	so3_p	-0.0	-1000.0	0.0	-0.0	Inf
HEMEOS	so4_p	-0.0	-0.12609337954128458	999.8739066204587	-0.0	0.0
HEMEOS	malt_p	0.0	0.0	0.0	Inf	Inf
HEMEOS	malthx_p	0.0	0.0	0.0	Inf	Inf
HEMEOS	maltpt_p	0.0	0.0	0.0	Inf	Inf
HEMEOS	sucr_p	-0.0	-1000.0	0.0	-0.0	Inf
HEMEOS	malttr_p	0.0	0.0	0.0	Inf	Inf
HEMEOS	maltttr_p	0.0	0.0	0.0	Inf	Inf
HEMEOS	pacald_p	-0.0	-1000.0	0.0	-0.0	Inf
HEMEOS	man_p	-0.0	-1000.0	0.0	-0.0	Inf
HEMEOS	tartr__L_p	-0.0	-1000.0	0.0	-0.0	Inf
HEMEOS	pe120_p	-0.0	-0.03890903138501275	0.0	-0.0	Inf
HEMEOS	melib_p	-0.0	-1000.0	0.0	-0.0	Inf
HEMEOS	meoh_p	-0.0	-1000.0	0.0	-0.0	Inf
HEMEOS	thym_p	-0.0	-1000.0	0.0	-0.0	Inf
HEMEOS	thymd_p	-0.0	-0.013082001891707492	0.0	-0.0	Inf
HEMEOS	pg120_p	-0.0	-0.03890903138501275	0.0	-0.0	Inf
HEMEOS	metsox_S__L_p	-0.0	-1000.0	0.0	-0.0	Inf
HEMEOS	tmao_p	-0.0	-1000.0	0.0	-0.0	Inf
HEMEOS	mg2_p	-0.0	-0.004337169090062008	999.99566283091	-0.0	0.0
HEMEOS	tre_p	-0.0	0.0	0.0	Inf	Inf
HEMEOS	mnl_p	-0.0	0.0	0.0	Inf	Inf
HEMEOS	mobd_p	-0.0	-6.44950793002863e-05	999.9999355049207	-0.0	0.0
HEMEOS	ura_p	-0.0	-1000.0	0.0	-0.0	Inf
HEMEOS	urea_p	-0.0	-1000.0	0.0	-0.0	Inf
HEMEOS	uri_p	-0.0	0.0	0.0	Inf	Inf
HEMEOS	xan_p	-0.0	-0.023440378252439026	0.0	-0.0	Inf
HEMEOS	xtsn_p	-0.0	0.0	0.0	Inf	Inf
HEMEOS	xyl__D_p	-0.0	0.0	0.0	Inf	Inf
HEMEOS	xylu__L_p	-0.0	-1000.0	0.0	-0.0	Inf
HEMEOS	ppal_p	-0.0	-1000.0	0.0	-0.0	Inf
HEMEOS	psclys_p	-0.0	-1000.0	0.0	-0.0	Inf
HEMEOS	pydx_p	-0.0	0.0	0.0	Inf	Inf
HEMEOS	pydxn_p	-0.0	0.0	0.0	Inf	Inf
HEMEOS	rib__D_p	-0.0	-1000.0	0.0	-0.0	Inf
HEMEOS	rmn_p	-0.0	-1000.0	0.0	-0.0	Inf
HEMEOS	sbt__D_p	-0.0	-3.037030841347132	0.0	-0.0	Inf
HEMEOS	slnt_p	-0.0	0.0	0.0	Inf	Inf
HEMEOS	so2_p	-0.0	-1000.0	0.0	-0.0	Inf
