Reaction	Metabolite	ShadowPrice	G-	G+	DecrementalShadowPrice	IncrementalShadowPrice
GUAtex_f	12dgr120_c	-0.0	0.0	0.0	Inf	Inf
GUAtex_f	12dgr140_c	-0.0	0.0	0.0	Inf	Inf
GUAtex_f	12dgr160_c	-0.0	0.0	0.2444011583799345	Inf	0.0
GUAtex_f	12dgr180_c	-0.0	0.0	0.0	Inf	Inf
GUAtex_f	12ppd__R_c	-0.0	-1000.0	0.0	-0.0	Inf
GUAtex_f	12ppd__S_c	-0.0	0.0	0.0	Inf	Inf
GUAtex_f	5drib_c	-0.0	-999.9998162640184	0.00018373598162510575	-0.0	0.0
GUAtex_f	5mta_c	-0.0	-0.08918054585592472	0.0	-0.0	Inf
GUAtex_f	23dhacoa_c	-0.0	-0.00047036411342560314	0.0	-0.0	Inf
GUAtex_f	5mtr_c	-0.0	-1000.0	0.0	-0.0	Inf
GUAtex_f	3amac_c	-0.0	-28.92142469315195	0.0	-0.0	Inf
GUAtex_f	LalaDgluMdap_c	-0.0	-0.022691802032881948	0.0	-0.0	Inf
GUAtex_f	ac_c	-0.0	-118.71767981819427	2.2904736157186107	-0.0	0.0
GUAtex_f	acald_c	-0.0	0.0	4.1548196924588865	Inf	0.0
GUAtex_f	acetol_c	-0.0	0.0	0.0	Inf	Inf
GUAtex_f	acgam_c	-0.0	-0.07715931303024605	0.0	-0.0	Inf
GUAtex_f	acgam6p_c	-0.0	-0.07715931303024605	0.0	-0.0	Inf
GUAtex_f	acmalt_c	0.0	0.0	0.0	Inf	Inf
GUAtex_f	acmana_c	-0.0	-0.07715931303024605	0.0	-0.0	Inf
GUAtex_f	2dmmq8_c	-0.0	0.0	0.0	Inf	Inf
GUAtex_f	2dmmql8_c	0.0	0.0	0.0	Inf	Inf
GUAtex_f	ade_c	-0.0	-0.08918054585592472	0.0005495747361640084	-0.0	0.0
GUAtex_f	adn_c	-0.0	-0.08918054585592472	0.0005495747361640084	-0.0	0.0
GUAtex_f	3sala_c	0.0	0.0	0.0	Inf	Inf
GUAtex_f	adphep_DD_c	-0.0	0.0	0.0	Inf	Inf
GUAtex_f	adphep_LD_c	-0.0	0.0	0.0	Inf	Inf
GUAtex_f	4ahmmp_c	0.0	0.0	0.0	Inf	Inf
GUAtex_f	4crsol_c	-0.0	-999.9998178972271	0.00018210277289954925	-0.0	0.0
GUAtex_f	2ohph_c	-0.0	-0.00018210277289954925	0.2308233162477159	-0.0	0.0
GUAtex_f	2ombzl_c	-0.0	0.0	0.0	Inf	Inf
GUAtex_f	2omhmbl_c	-0.0	0.0	0.0	Inf	Inf
GUAtex_f	2ommbl_c	-0.0	0.0	0.0	Inf	Inf
GUAtex_f	2omph_c	-0.0	0.0	0.21306767653635314	Inf	0.0
GUAtex_f	4mhetz_c	0.0	0.0	0.0	Inf	Inf
GUAtex_f	2oph_c	-0.0	-0.00018210277289954925	0.2308233162477159	-0.0	0.0
GUAtex_f	2oxpaccoa_c	-0.0	-0.00047036411342560314	0.0	-0.0	Inf
GUAtex_f	all__D_c	-0.0	-0.8513163541964452	0.0	-0.0	Inf
GUAtex_f	alltn_c	-0.0	-0.8513163541964452	0.0	-0.0	Inf
GUAtex_f	4r5au_c	-0.0	-0.0003642055453383364	0.2450000000001109	-0.0	0.0
GUAtex_f	56dura_c	0.0	0.0	0.0	Inf	Inf
GUAtex_f	arab__L_c	-0.0	-0.8513163541964452	0.0	-0.0	Inf
GUAtex_f	etoh_c	-0.0	-1000.0	0.0	-0.0	Inf
GUAtex_f	csn_c	-0.0	0.0	0.0	Inf	Inf
GUAtex_f	fald_c	-0.0	0.0	0.0	Inf	Inf
GUAtex_f	fc1p_c	-0.0	-0.1153910960866002	0.0	-0.0	Inf
GUAtex_f	fcl__L_c	-0.0	0.0	0.0	Inf	Inf
GUAtex_f	aso4_c	0.0	0.0	0.0	Inf	Inf
GUAtex_f	cyan_c	0.0	0.0	0.0	Inf	Inf
GUAtex_f	athtp_c	0.0	0.0	0.0	Inf	Inf
GUAtex_f	cytd_c	-0.0	-0.13108541533488524	0.0	-0.0	Inf
GUAtex_f	dad_2_c	-0.0	0.0	0.0	Inf	Inf
GUAtex_f	dad_5_c	-0.0	-0.08918054585592472	0.00018373598162510575	-0.0	0.0
GUAtex_f	betald_c	0.0	0.0	0.0	Inf	Inf
GUAtex_f	btal_c	-0.0	-2.2904736157186107	0.0	-0.0	Inf
GUAtex_f	for_c	-0.0	-0.08918054585592472	0.002003130500731107	-0.0	0.0
GUAtex_f	dcyt_c	-0.0	-0.02136726975641068	0.0	-0.0	Inf
GUAtex_f	fru_c	-0.0	0.0	0.0	Inf	Inf
GUAtex_f	ca2_c	-0.0	-0.0042504257082782715	999.9957495742917	-0.0	0.0
GUAtex_f	g3pe_c	-0.0	0.0	0.0	Inf	Inf
GUAtex_f	g3pi_c	0.0	0.0	0.0	Inf	Inf
GUAtex_f	cbm_c	-0.0	-498.8547631921407	0.0	-0.0	Inf
GUAtex_f	dha_c	-0.0	-80.21910103071355	0.0	-0.0	Inf
GUAtex_f	gal_c	-0.0	0.0	0.0	Inf	Inf
GUAtex_f	dhgly_c	-0.0	-0.00018210277289954925	0.9800000000004436	-0.0	0.0
GUAtex_f	dhmptp_c	0.0	0.0	0.0	Inf	Inf
GUAtex_f	gcald_c	-0.0	-0.8513163541964452	0.0005463083189169993	-0.0	0.0
GUAtex_f	dhptd_c	-0.0	-57.8428493863039	0.0003658387545389026	-0.0	0.0
GUAtex_f	cechddd_c	-0.0	0.0	0.0	Inf	Inf
GUAtex_f	dhptdn_c	0.0	0.0	0.0	Inf	Inf
GUAtex_f	chol_c	0.0	0.0	0.0	Inf	Inf
GUAtex_f	chtbs6p_c	-0.0	0.0	0.0	Inf	Inf
GUAtex_f	dmbzid_c	0.0	0.0	0.0	Inf	Inf
GUAtex_f	dms_c	0.0	0.0	0.0	Inf	Inf
GUAtex_f	dmso_c	0.0	0.0	0.0	Inf	Inf
GUAtex_f	cl_c	-0.0	-0.00425042570826078	999.9957495742917	-0.0	0.0
GUAtex_f	glc__D_c	-0.0	-0.8513163541964452	0.0	-0.0	Inf
GUAtex_f	co2_c	-0.0	-949.0202910926045	50.97970890739555	-0.0	0.0
GUAtex_f	dscl_c	-0.0	-0.00018210277289954925	0.20822487415623733	-0.0	0.0
GUAtex_f	dtdp4aaddg_c	-0.0	0.0	0.0	Inf	Inf
GUAtex_f	glyald_c	-0.0	-1000.0	0.0	-0.0	Inf
GUAtex_f	crn_c	-0.0	-1000.0	0.0	-0.0	Inf
GUAtex_f	duri_c	-0.0	-0.02136726975641068	0.0	-0.0	Inf
GUAtex_f	glyb_c	0.0	0.0	0.0	Inf	Inf
GUAtex_f	glyc_c	-0.0	-0.11353087134833423	0.0	-0.0	Inf
GUAtex_f	dxyl_c	0.0	0.0	0.0	Inf	Inf
GUAtex_f	glycogen_c	-0.0	-0.8513163541964452	0.0	-0.0	Inf
GUAtex_f	gmhep1p_c	-0.0	0.0	3.7635057675962966	Inf	0.0
GUAtex_f	lipa_cold_c	-0.0	0.0	0.0	Inf	Inf
GUAtex_f	lipidA_c	-0.0	-0.015887854482201647	0.13849398974862956	-0.0	0.0
GUAtex_f	malt_c	0.0	0.0	0.0	Inf	Inf
GUAtex_f	h2_c	-0.0	0.0	0.0	Inf	Inf
GUAtex_f	malthx_c	-0.0	0.0	0.0	Inf	Inf
GUAtex_f	maltpt_c	-0.0	0.0	0.0	Inf	Inf
GUAtex_f	malttr_c	-0.0	0.0	0.0	Inf	Inf
GUAtex_f	maltttr_c	-0.0	0.0	0.0	Inf	Inf
GUAtex_f	h2o2_c	-0.0	-93.57111589263597	0.0020423275111625117	-0.0	0.0
GUAtex_f	man_c	-0.0	0.0	0.0	Inf	Inf
GUAtex_f	mdhdhf_c	-0.0	-57.8428493863039	0.0003658387545389026	-0.0	0.0
GUAtex_f	melib_c	-0.0	0.0	0.0	Inf	Inf
GUAtex_f	meoh_c	-0.0	-999.9999983667913	1.633208739804104e-06	-0.0	0.0
GUAtex_f	pacald_c	-0.0	-1000.0	0.0	-0.0	Inf
GUAtex_f	metsox_S__L_c	-0.0	-0.08918054585592472	0.0	-0.0	Inf
GUAtex_f	mg2_c	-0.0	-0.007084042847054661	999.992915957153	-0.0	0.0
GUAtex_f	hhlipa_c	-0.0	0.0	0.0	Inf	Inf
GUAtex_f	pe120_c	-0.0	0.0	0.0	Inf	Inf
GUAtex_f	mobd_c	-0.0	-0.00010534196279839396	109.1416672602926	-0.0	0.0
GUAtex_f	hlipa_c	-0.0	0.0	0.0	Inf	Inf
GUAtex_f	pg120_c	-0.0	-0.056765435674167114	0.0	-0.0	Inf
GUAtex_f	mql8_c	0.0	0.0	0.0	Inf	Inf
GUAtex_f	mqn8_c	-0.0	0.0	0.0	Inf	Inf
GUAtex_f	mthgxl_c	-0.0	-82.82628824525182	0.0	-0.0	Inf
GUAtex_f	hqn_c	0.0	0.0	0.0	Inf	Inf
GUAtex_f	mththf_c	-0.0	-999.9996341612455	0.0003658387545389026	-0.0	0.0
GUAtex_f	n2o_c	-0.0	-1000.0	0.0	-0.0	Inf
GUAtex_f	na1_c	-0.0	0.0	0.0	Inf	Inf
GUAtex_f	nac_c	-0.0	0.0	0.0	Inf	Inf
GUAtex_f	ncam_c	-0.0	0.0	0.0	Inf	Inf
GUAtex_f	ni2_c	-0.0	-0.000263763209177374	999.9997362367908	-0.0	0.0
GUAtex_f	no_c	-0.0	-1000.0	0.0	-0.0	Inf
GUAtex_f	indole_c	-0.0	-0.04641824179340394	0.9800000000004436	-0.0	0.0
GUAtex_f	no2_c	-0.0	-1000.0	0.0	-0.0	Inf
GUAtex_f	no3_c	0.0	0.0	0.0	Inf	Inf
GUAtex_f	inost_c	0.0	0.0	0.0	Inf	Inf
GUAtex_f	o2_c	-0.0	-46.78555794631799	953.214442053682	-0.0	0.0
GUAtex_f	poaac_c	-0.0	-28.92142469315195	0.0	-0.0	Inf
GUAtex_f	ppal_c	-0.0	0.0	0.0	Inf	Inf
GUAtex_f	k_c	-0.0	-0.15939545538377453	436.5666690411704	-0.0	0.0
GUAtex_f	psclys_c	-0.0	0.0	0.0	Inf	Inf
GUAtex_f	lald__D_c	-0.0	0.0	0.0	Inf	Inf
GUAtex_f	lald__L_c	-0.0	-75.77724243714528	0.0	-0.0	Inf
GUAtex_f	ura_c	-0.0	-0.2701286401849994	0.0	-0.0	Inf
GUAtex_f	pydx_c	-0.0	0.0	0.9800000000004436	Inf	0.0
GUAtex_f	uracp_c	-0.0	-19.280949795434633	0.0	-0.0	Inf
GUAtex_f	pydxn_c	-0.0	0.0	0.9800000000004436	Inf	0.0
GUAtex_f	urate_c	-0.0	-0.8513163541964452	0.0	-0.0	Inf
GUAtex_f	q8_c	-0.0	0.0	0.0	Inf	Inf
GUAtex_f	q8h2_c	0.0	0.0	0.0	Inf	Inf
GUAtex_f	urea_c	-0.0	-1000.0	0.0	-0.0	Inf
GUAtex_f	uri_c	-0.0	0.0	0.0	Inf	Inf
GUAtex_f	rbflvrd_c	-0.0	0.0	0.04459027292796236	Inf	0.0
GUAtex_f	rbl__L_c	-0.0	-0.8513163541964452	0.0	-0.0	Inf
GUAtex_f	rdmbzi_c	0.0	0.0	0.0	Inf	Inf
GUAtex_f	thptdn_c	0.0	0.0	0.0	Inf	Inf
GUAtex_f	xan_c	-0.0	-0.08918054585592472	0.0	-0.0	Inf
GUAtex_f	rephaccoa_c	-0.0	-0.00047036411342560314	0.0	-0.0	Inf
GUAtex_f	rib__D_c	-0.0	0.0	4.1548196924588865	Inf	0.0
GUAtex_f	xtsn_c	-0.0	0.0	0.0	Inf	Inf
GUAtex_f	rml_c	-0.0	-0.1153910960866002	0.0	-0.0	Inf
GUAtex_f	thym_c	-0.0	-436.5666690411704	0.0	-0.0	Inf
GUAtex_f	thymd_c	-0.0	-0.02136726975641068	0.0	-0.0	Inf
GUAtex_f	xu5p__L_c	-0.0	-0.7877218830672064	0.0	-0.0	Inf
GUAtex_f	rmn_c	-0.0	-0.1153910960866002	0.0	-0.0	Inf
GUAtex_f	xyl__D_c	0.0	0.0	0.0	Inf	Inf
GUAtex_f	tmao_c	0.0	0.0	0.0	Inf	Inf
GUAtex_f	xylu__D_c	-0.0	0.0	0.0	Inf	Inf
GUAtex_f	xylu__L_c	-0.0	-0.8513163541964452	0.0	-0.0	Inf
GUAtex_f	12ppd__R_e	-0.0	-1000.0	0.0	-0.0	Inf
GUAtex_f	12ppd__S_e	-0.0	-1000.0	0.0	-0.0	Inf
GUAtex_f	tre_c	-0.0	-0.4256581770982226	0.0	-0.0	Inf
GUAtex_f	seln_c	0.0	0.0	0.0	Inf	Inf
GUAtex_f	34dhpac_e	-0.0	-1000.0	0.0	-0.0	Inf
GUAtex_f	slnt_c	0.0	0.0	0.0	Inf	Inf
GUAtex_f	so2_c	0.0	0.0	0.0	Inf	Inf
GUAtex_f	so3_c	-0.0	-0.20241335661105161	21.828333452058523	-0.0	0.0
GUAtex_f	so4_c	-0.0	-0.2059557863367445	436.5666690411704	-0.0	0.0
GUAtex_f	4hoxpacd_e	-0.0	-1000.0	0.0	-0.0	Inf
GUAtex_f	5mtr_e	-0.0	-1000.0	0.0	-0.0	Inf
GUAtex_f	LalaDgluMdap_e	-0.0	-1000.0	0.0	-0.0	Inf
GUAtex_f	ac_e	-0.0	0.0	0.0	Inf	Inf
GUAtex_f	acald_e	-0.0	-1000.0	0.0	-0.0	Inf
GUAtex_f	acgal_e	-0.0	-1000.0	0.0	-0.0	Inf
GUAtex_f	acgam_e	-0.0	-1000.0	0.0	-0.0	Inf
GUAtex_f	acmana_e	-0.0	-1000.0	0.0	-0.0	Inf
GUAtex_f	tagur_c	-0.0	0.0	0.0	Inf	Inf
GUAtex_f	tartr__L_c	-0.0	-0.8513163541964452	0.0	-0.0	Inf
GUAtex_f	ade_e	-0.0	-1000.0	0.0	-0.0	Inf
GUAtex_f	adn_e	-0.0	-1000.0	0.0	-0.0	Inf
GUAtex_f	all__D_e	-0.0	-1000.0	0.0	-0.0	Inf
GUAtex_f	cl_e	-0.0	-0.0042504257082782715	999.9957495742917	-0.0	0.0
GUAtex_f	alltn_e	-0.0	0.0	0.0	Inf	Inf
GUAtex_f	cm_e	-0.0	-1000.0	0.0	-0.0	Inf
GUAtex_f	co2_e	-0.0	-949.0202910926045	50.97970890739555	-0.0	0.0
GUAtex_f	arab__L_e	-0.0	-1000.0	0.0	-0.0	Inf
GUAtex_f	arbt_e	-0.0	-1000.0	0.0	-0.0	Inf
GUAtex_f	unagamu_c	-0.0	0.0	0.15980075740226488	Inf	0.0
GUAtex_f	crn_e	-0.0	-1000.0	0.0	-0.0	Inf
GUAtex_f	csn_e	-0.0	-1000.0	0.0	-0.0	Inf
GUAtex_f	cyan_e	-0.0	-1000.0	0.0	-0.0	Inf
GUAtex_f	glyb_e	-0.0	-1000.0	0.0	-0.0	Inf
GUAtex_f	glyc_e	-0.0	-1000.0	0.0	-0.0	Inf
GUAtex_f	cytd_e	-0.0	-1000.0	0.0	-0.0	Inf
GUAtex_f	ca2_e	-0.0	-0.0042504257082782715	999.9957495742917	-0.0	0.0
GUAtex_f	dad_2_e	-0.0	-1000.0	0.0	-0.0	Inf
GUAtex_f	dcyt_e	-0.0	-1000.0	0.0	-0.0	Inf
GUAtex_f	chol_e	-0.0	-1000.0	0.0	-0.0	Inf
GUAtex_f	dha_e	-0.0	-1000.0	0.0	-0.0	Inf
GUAtex_f	ppal_e	-0.0	-1000.0	0.0	-0.0	Inf
GUAtex_f	h2_e	-0.0	-1000.0	0.0	-0.0	Inf
GUAtex_f	dms_e	-0.0	-1000.0	0.0	-0.0	Inf
GUAtex_f	dmso_e	-0.0	-1000.0	0.0	-0.0	Inf
GUAtex_f	h2o2_e	-0.0	-1000.0	0.0	-0.0	Inf
GUAtex_f	psclys_e	-0.0	-1000.0	0.0	-0.0	Inf
GUAtex_f	duri_e	-0.0	-1000.0	0.0	-0.0	Inf
GUAtex_f	pydx_e	-0.0	-1000.0	0.0	-0.0	Inf
GUAtex_f	pydxn_e	-0.0	-1000.0	0.0	-0.0	Inf
GUAtex_f	etoh_e	-0.0	-1000.0	0.0	-0.0	Inf
GUAtex_f	fald_e	-0.0	0.0	0.0	Inf	Inf
GUAtex_f	rib__D_e	-0.0	-1000.0	0.0	-0.0	Inf
GUAtex_f	rmn_e	-0.0	-1000.0	0.0	-0.0	Inf
GUAtex_f	indole_e	-0.0	-1000.0	0.0	-0.0	Inf
GUAtex_f	inost_e	-0.0	-1000.0	0.0	-0.0	Inf
GUAtex_f	sbt__D_e	-0.0	-37.09927494318571	0.0	-0.0	Inf
GUAtex_f	k_e	-0.0	-0.15939545538378752	999.8406045446162	-0.0	0.0
GUAtex_f	for_e	-0.0	0.0	0.002003130500731107	Inf	0.0
GUAtex_f	slnt_e	-0.0	0.0	1000.0	Inf	0.0
GUAtex_f	fru_e	-0.0	-1000.0	0.0	-0.0	Inf
GUAtex_f	so2_e	-0.0	-1000.0	0.0	-0.0	Inf
GUAtex_f	so3_e	-0.0	-1000.0	0.0	-0.0	Inf
GUAtex_f	so4_e	-0.0	-0.2059557863367445	999.7940442136633	-0.0	0.0
GUAtex_f	lipa_cold_e	-0.0	-1000.0	0.0	-0.0	Inf
GUAtex_f	sucr_e	-0.0	-1000.0	0.0	-0.0	Inf
GUAtex_f	g3pe_e	-0.0	-1000.0	0.0	-0.0	Inf
GUAtex_f	malt_e	-0.0	-1000.0	0.0	-0.0	Inf
GUAtex_f	tartr__L_e	-0.0	-1000.0	0.0	-0.0	Inf
GUAtex_f	g3pi_e	-0.0	-1000.0	0.0	-0.0	Inf
GUAtex_f	malthx_e	-0.0	-1000.0	0.0	-0.0	Inf
GUAtex_f	maltpt_e	-0.0	-1000.0	0.0	-0.0	Inf
GUAtex_f	gal_e	-0.0	-1000.0	0.0	-0.0	Inf
GUAtex_f	gal_bD_e	-0.0	-1000.0	0.0	-0.0	Inf
GUAtex_f	malttr_e	-0.0	-1000.0	0.0	-0.0	Inf
GUAtex_f	maltttr_e	-0.0	-1000.0	0.0	-0.0	Inf
GUAtex_f	man_e	-0.0	-1000.0	0.0	-0.0	Inf
GUAtex_f	thym_e	-0.0	-1000.0	0.0	-0.0	Inf
GUAtex_f	thymd_e	-0.0	-1000.0	0.0	-0.0	Inf
GUAtex_f	galt_e	-0.0	-0.1153910960866002	0.0	-0.0	Inf
GUAtex_f	melib_e	-0.0	-1000.0	0.0	-0.0	Inf
GUAtex_f	meoh_e	-0.0	-999.9999983667913	1.633208739804104e-06	-0.0	0.0
GUAtex_f	tmao_e	-0.0	-1000.0	0.0	-0.0	Inf
GUAtex_f	tre_e	-0.0	-1000.0	0.0	-0.0	Inf
GUAtex_f	metsox_S__L_e	-0.0	-1000.0	0.0	-0.0	Inf
GUAtex_f	glc__D_e	-0.0	-40.01719544433515	4.1548196924588865	-0.0	0.0
GUAtex_f	mg2_e	-0.0	-0.007084042847054661	999.992915957153	-0.0	0.0
GUAtex_f	mnl_e	-0.0	-1000.0	0.0	-0.0	Inf
GUAtex_f	mobd_e	-0.0	-0.00010534196280787	999.9998946580372	-0.0	0.0
GUAtex_f	glyald_e	-0.0	-1000.0	0.0	-0.0	Inf
GUAtex_f	n2o_e	-0.0	-1000.0	0.0	-0.0	Inf
GUAtex_f	na1_e	-0.0	0.0	1000.0	Inf	0.0
GUAtex_f	nac_e	-0.0	-1000.0	0.0	-0.0	Inf
GUAtex_f	ni2_e	-0.0	-0.00026376320920462604	999.9997362367908	-0.0	0.0
GUAtex_f	no_e	-0.0	-1000.0	0.0	-0.0	Inf
GUAtex_f	no2_e	-0.0	-1000.0	0.0	-0.0	Inf
GUAtex_f	ura_e	-0.0	-1000.0	0.0	-0.0	Inf
GUAtex_f	no3_e	-0.0	-1000.0	0.0	-0.0	Inf
GUAtex_f	urea_e	-0.0	-1000.0	0.0	-0.0	Inf
GUAtex_f	novbcn_e	-0.0	-1000.0	0.0	-0.0	Inf
GUAtex_f	uri_e	-0.0	-1000.0	0.0	-0.0	Inf
GUAtex_f	o2_e	-0.0	-46.78555794631802	953.214442053682	-0.0	0.0
GUAtex_f	xan_e	-0.0	0.0	0.0	Inf	Inf
GUAtex_f	xtsn_e	-0.0	-1000.0	0.0	-0.0	Inf
GUAtex_f	xyl__D_e	-0.0	-1000.0	0.0	-0.0	Inf
GUAtex_f	xylu__L_e	-0.0	-1000.0	0.0	-0.0	Inf
GUAtex_f	pacald_e	-0.0	-1000.0	0.0	-0.0	Inf
GUAtex_f	12dgr120_p	-0.0	0.0	0.0	Inf	Inf
GUAtex_f	12dgr140_p	-0.0	0.0	0.0	Inf	Inf
GUAtex_f	12dgr160_p	-0.0	0.0	0.0	Inf	Inf
GUAtex_f	12dgr180_p	-0.0	0.0	0.0	Inf	Inf
GUAtex_f	12ppd__R_p	-0.0	-1000.0	0.0	-0.0	Inf
GUAtex_f	12ppd__S_p	-0.0	0.0	0.0	Inf	Inf
GUAtex_f	chol_p	-0.0	-1000.0	0.0	-0.0	Inf
GUAtex_f	cl_p	-0.0	-0.0042504257082782715	999.9957495742917	-0.0	0.0
GUAtex_f	34dhpac_p	-0.0	-1000.0	0.0	-0.0	Inf
GUAtex_f	cm_p	-0.0	0.0	0.0	Inf	Inf
GUAtex_f	4hoxpacd_p	-0.0	-1000.0	0.0	-0.0	Inf
GUAtex_f	co2_p	-0.0	-949.0202910926045	50.97970890739555	-0.0	0.0
GUAtex_f	5mtr_p	-0.0	-1000.0	0.0	-0.0	Inf
GUAtex_f	LalaDgluMdap_p	-0.0	-0.022691802032881948	0.0	-0.0	Inf
GUAtex_f	gal_p	-0.0	-1000.0	0.0	-0.0	Inf
GUAtex_f	ac_p	-0.0	-122.81139291537339	0.0	-0.0	Inf
GUAtex_f	crn_p	-0.0	-1000.0	0.0	-0.0	Inf
GUAtex_f	gal_bD_p	-0.0	-1000.0	0.0	-0.0	Inf
GUAtex_f	acald_p	-0.0	-1000.0	0.0	-0.0	Inf
GUAtex_f	acgal_p	-0.0	-1000.0	0.0	-0.0	Inf
GUAtex_f	csn_p	-0.0	0.0	0.0	Inf	Inf
GUAtex_f	acgam_p	-0.0	-1000.0	0.0	-0.0	Inf
GUAtex_f	galt_p	-0.0	-0.1153910960866002	0.0	-0.0	Inf
GUAtex_f	acmana_p	-0.0	-1000.0	0.0	-0.0	Inf
GUAtex_f	cyan_p	-0.0	0.0	0.0	Inf	Inf
GUAtex_f	ade_p	-0.0	-1000.0	0.0	-0.0	Inf
GUAtex_f	adn_p	-0.0	0.0	0.0005495747361640084	Inf	0.0
GUAtex_f	cytd_p	-0.0	-0.13108541533488524	0.0	-0.0	Inf
GUAtex_f	glc__D_p	-0.0	-40.01719544433515	4.1548196924588865	-0.0	0.0
GUAtex_f	dad_2_p	-0.0	-1000.0	0.0	-0.0	Inf
GUAtex_f	dcyt_p	-0.0	-1000.0	0.0	-0.0	Inf
GUAtex_f	all__D_p	-0.0	0.0	0.0	Inf	Inf
GUAtex_f	alltn_p	-0.0	0.0	0.0	Inf	Inf
GUAtex_f	dha_p	-0.0	-1000.0	0.0	-0.0	Inf
GUAtex_f	glyald_p	-0.0	-1000.0	0.0	-0.0	Inf
GUAtex_f	glyb_p	0.0	0.0	0.0	Inf	Inf
GUAtex_f	dms_p	-0.0	-1000.0	0.0	-0.0	Inf
GUAtex_f	glyc_p	-0.0	-0.11353087134833423	0.0	-0.0	Inf
GUAtex_f	dmso_p	-0.0	-1000.0	0.0	-0.0	Inf
GUAtex_f	arab__L_p	-0.0	0.0	0.0	Inf	Inf
GUAtex_f	arbt_p	0.0	0.0	0.0	Inf	Inf
GUAtex_f	ca2_p	-0.0	-0.0042504257082782715	999.9957495742917	-0.0	0.0
GUAtex_f	duri_p	-0.0	-1000.0	0.0	-0.0	Inf
GUAtex_f	h2_p	-0.0	-1000.0	0.0	-0.0	Inf
GUAtex_f	h2o2_p	-0.0	-1000.0	0.0	-0.0	Inf
GUAtex_f	etoh_p	-0.0	-1000.0	0.0	-0.0	Inf
GUAtex_f	fald_p	-0.0	0.0	0.0	Inf	Inf
GUAtex_f	n2o_p	-0.0	-1000.0	0.0	-0.0	Inf
GUAtex_f	na1_p	-0.0	0.0	0.0	Inf	Inf
GUAtex_f	indole_p	-0.0	0.0	0.9800000000004436	Inf	0.0
GUAtex_f	nac_p	-0.0	-1000.0	0.0	-0.0	Inf
GUAtex_f	ni2_p	-0.0	-0.00026376320920462604	999.9997362367908	-0.0	0.0
GUAtex_f	inost_p	-0.0	-1000.0	0.0	-0.0	Inf
GUAtex_f	no_p	-0.0	-1000.0	0.0	-0.0	Inf
GUAtex_f	no2_p	-0.0	-1000.0	0.0	-0.0	Inf
GUAtex_f	for_p	-0.0	0.0	0.002003130500731107	Inf	0.0
GUAtex_f	fru_p	-0.0	-1000.0	0.0	-0.0	Inf
GUAtex_f	no3_p	-0.0	0.0	0.0	Inf	Inf
GUAtex_f	k_p	-0.0	-0.15939545538378752	999.8406045446162	-0.0	0.0
GUAtex_f	novbcn_p	-0.0	0.0	0.0	Inf	Inf
GUAtex_f	o2_p	-0.0	-46.78555794631802	953.214442053682	-0.0	0.0
GUAtex_f	lipa_cold_p	-0.0	-109.1416672602926	0.0	-0.0	Inf
GUAtex_f	g3pe_p	-0.0	0.0	0.0	Inf	Inf
GUAtex_f	g3pi_p	-0.0	0.0	0.0	Inf	Inf
GUAtex_f	so3_p	-0.0	-1000.0	0.0	-0.0	Inf
GUAtex_f	so4_p	-0.0	-0.2059557863367445	999.7940442136633	-0.0	0.0
GUAtex_f	malt_p	0.0	0.0	0.0	Inf	Inf
GUAtex_f	malthx_p	0.0	0.0	0.0	Inf	Inf
GUAtex_f	maltpt_p	0.0	0.0	0.0	Inf	Inf
GUAtex_f	sucr_p	-0.0	-1000.0	0.0	-0.0	Inf
GUAtex_f	malttr_p	0.0	0.0	0.0	Inf	Inf
GUAtex_f	maltttr_p	0.0	0.0	0.0	Inf	Inf
GUAtex_f	pacald_p	-0.0	-1000.0	0.0	-0.0	Inf
GUAtex_f	man_p	-0.0	-1000.0	0.0	-0.0	Inf
GUAtex_f	tartr__L_p	-0.0	-1000.0	0.0	-0.0	Inf
GUAtex_f	pe120_p	-0.0	0.0	0.0	Inf	Inf
GUAtex_f	melib_p	-0.0	-1000.0	0.0	-0.0	Inf
GUAtex_f	meoh_p	-0.0	-999.9999983667913	1.633208739804104e-06	-0.0	0.0
GUAtex_f	thym_p	-0.0	-1000.0	0.0	-0.0	Inf
GUAtex_f	thymd_p	-0.0	-0.02136726975641068	0.0	-0.0	Inf
GUAtex_f	pg120_p	-0.0	-0.056765435674167114	0.0	-0.0	Inf
GUAtex_f	metsox_S__L_p	-0.0	-1000.0	0.0	-0.0	Inf
GUAtex_f	tmao_p	-0.0	-1000.0	0.0	-0.0	Inf
GUAtex_f	mg2_p	-0.0	-0.007084042847054661	999.992915957153	-0.0	0.0
GUAtex_f	tre_p	-0.0	0.0	0.0	Inf	Inf
GUAtex_f	mnl_p	-0.0	0.0	0.0	Inf	Inf
GUAtex_f	mobd_p	-0.0	-0.00010534196280787	999.9998946580372	-0.0	0.0
GUAtex_f	ura_p	-0.0	-1000.0	0.0	-0.0	Inf
GUAtex_f	urea_p	-0.0	-1000.0	0.0	-0.0	Inf
GUAtex_f	uri_p	-0.0	0.0	0.0	Inf	Inf
GUAtex_f	xan_p	-0.0	-0.08918054585592472	0.0	-0.0	Inf
GUAtex_f	xtsn_p	-0.0	0.0	0.0	Inf	Inf
GUAtex_f	xyl__D_p	-0.0	0.0	0.0	Inf	Inf
GUAtex_f	xylu__L_p	-0.0	-1000.0	0.0	-0.0	Inf
GUAtex_f	ppal_p	-0.0	-1000.0	0.0	-0.0	Inf
GUAtex_f	psclys_p	-0.0	-1000.0	0.0	-0.0	Inf
GUAtex_f	pydx_p	-0.0	0.0	0.0	Inf	Inf
GUAtex_f	pydxn_p	-0.0	0.0	0.0	Inf	Inf
GUAtex_f	rib__D_p	-0.0	-1000.0	0.0	-0.0	Inf
GUAtex_f	rmn_p	-0.0	-1000.0	0.0	-0.0	Inf
GUAtex_f	sbt__D_p	-0.0	-37.09927494318571	0.0	-0.0	Inf
GUAtex_f	slnt_p	-0.0	0.0	0.0	Inf	Inf
GUAtex_f	so2_p	-0.0	-1000.0	0.0	-0.0	Inf
