Reaction	Metabolite	ShadowPrice	G-	G+	DecrementalShadowPrice	IncrementalShadowPrice
FRULYSK	12dgr120_c	-0.0	0.0	0.0	Inf	Inf
FRULYSK	12dgr140_c	-0.0	0.0	0.0	Inf	Inf
FRULYSK	12dgr160_c	-0.0	-0.05507303310798761	0.0	-0.0	Inf
FRULYSK	12dgr180_c	-0.0	0.0	0.0	Inf	Inf
FRULYSK	12ppd__R_c	-0.0	-1000.0	0.0	-0.0	Inf
FRULYSK	12ppd__S_c	-0.0	0.0	0.0	Inf	Inf
FRULYSK	5drib_c	-0.0	-999.999805819531	0.00019418046900835273	-0.0	0.0
FRULYSK	5mta_c	-0.0	0.0	0.0	Inf	Inf
FRULYSK	23dhacoa_c	-0.0	-0.000497102000124372	0.0	-0.0	Inf
FRULYSK	5mtr_c	-0.0	0.0	0.0	Inf	Inf
FRULYSK	3amac_c	-0.0	-7.943528585031793	0.0	-0.0	Inf
FRULYSK	LalaDgluMdap_c	-0.0	-0.023981719434684915	0.0	-0.0	Inf
FRULYSK	ac_c	-0.0	-2.1619573067278	3.4182673633255285	-0.0	0.0
FRULYSK	acald_c	-0.0	-2.1619573067278	2.6675769241935354	-0.0	0.0
FRULYSK	acetol_c	-0.0	0.0	0.0	Inf	Inf
FRULYSK	acgam_c	-0.0	-0.08154544069183181	0.0	-0.0	Inf
FRULYSK	acgam6p_c	-0.0	-0.08154544069183181	0.0	-0.0	Inf
FRULYSK	acmalt_c	0.0	0.0	0.0	Inf	Inf
FRULYSK	acmana_c	-0.0	-0.08154544069183181	0.0	-0.0	Inf
FRULYSK	2dmmq8_c	-0.0	0.0	0.0	Inf	Inf
FRULYSK	2dmmql8_c	0.0	0.0	0.0	Inf	Inf
FRULYSK	ade_c	-0.0	-0.09425002150885575	0.000580815358392962	-0.0	0.0
FRULYSK	adn_c	-0.0	0.0	0.000580815358392962	Inf	0.0
FRULYSK	3sala_c	0.0	0.0	0.0	Inf	Inf
FRULYSK	adphep_DD_c	-0.0	0.0	0.0	Inf	Inf
FRULYSK	adphep_LD_c	-0.0	0.0	0.0	Inf	Inf
FRULYSK	4ahmmp_c	0.0	0.0	0.0	Inf	Inf
FRULYSK	4crsol_c	-0.0	-999.9998075455796	0.00019245442039494514	-0.0	0.0
FRULYSK	2ohph_c	-0.0	-0.00019245442039494514	0.08708085715539288	-0.0	0.0
FRULYSK	2ombzl_c	-0.0	0.0	0.0	Inf	Inf
FRULYSK	2omhmbl_c	-0.0	0.0	0.0	Inf	Inf
FRULYSK	2ommbl_c	0.0	0.0	0.0	Inf	Inf
FRULYSK	2omph_c	-0.0	0.0	0.07830460638532881	Inf	0.0
FRULYSK	4mhetz_c	0.0	0.0	0.0	Inf	Inf
FRULYSK	2oph_c	-0.0	-0.00019245442039494514	0.08708085715539288	-0.0	0.0
FRULYSK	2oxpaccoa_c	-0.0	-0.000497102000124372	0.0	-0.0	Inf
FRULYSK	all__D_c	-0.0	-2.1619573067278006	0.0	-0.0	Inf
FRULYSK	alltn_c	-0.0	-1.9858821462579483	0.0	-0.0	Inf
FRULYSK	4r5au_c	-0.0	-0.00038490884162456496	0.5196578423753639	-0.0	0.0
FRULYSK	56dura_c	0.0	0.0	0.0	Inf	Inf
FRULYSK	arab__L_c	-0.0	-2.1619573067278006	0.0	-0.0	Inf
FRULYSK	etoh_c	-0.0	-1000.0	0.0	-0.0	Inf
FRULYSK	csn_c	-0.0	0.0	0.0	Inf	Inf
FRULYSK	fald_c	-0.0	0.0	0.0	Inf	Inf
FRULYSK	fc1p_c	-0.0	-0.832500000000727	0.0	-0.0	Inf
FRULYSK	fcl__L_c	-0.0	0.0	0.0	Inf	Inf
FRULYSK	aso4_c	0.0	0.0	0.0	Inf	Inf
FRULYSK	cyan_c	0.0	0.0	0.0	Inf	Inf
FRULYSK	athtp_c	0.0	0.0	0.0	Inf	Inf
FRULYSK	cytd_c	-0.0	-0.13853697683356336	0.0	-0.0	Inf
FRULYSK	dad_2_c	-0.0	-0.09425002150885575	0.0	-0.0	Inf
FRULYSK	dad_5_c	-0.0	-0.09425002150885575	0.00019418046900835273	-0.0	0.0
FRULYSK	betald_c	0.0	0.0	0.0	Inf	Inf
FRULYSK	btal_c	-0.0	-527.9410261867885	0.0	-0.0	Inf
FRULYSK	for_c	-0.0	-0.09425002150885575	0.0021169986267361904	-0.0	0.0
FRULYSK	dcyt_c	-0.0	-0.02258189400924948	0.0	-0.0	Inf
FRULYSK	fru_c	-0.0	0.0	0.952706044354834	Inf	0.0
FRULYSK	ca2_c	-0.0	-0.004492041516414247	999.9955079584836	-0.0	0.0
FRULYSK	g3pe_c	-0.0	0.0	0.0	Inf	Inf
FRULYSK	g3pi_c	0.0	0.0	0.0	Inf	Inf
FRULYSK	cbm_c	-0.0	-3.9717642925158967	0.0	-0.0	Inf
FRULYSK	dha_c	-0.0	-87.99017103113144	0.0	-0.0	Inf
FRULYSK	gal_c	-0.0	0.0	0.0	Inf	Inf
FRULYSK	dhgly_c	-0.0	-0.00019245442039494514	0.3449452919215778	-0.0	0.0
FRULYSK	dhmptp_c	0.0	0.0	0.0	Inf	Inf
FRULYSK	gcald_c	-0.0	-2.553997886236112	0.0005773632610726054	-0.0	0.0
FRULYSK	dhptd_c	-0.0	-47.366513397355334	0.0003866348893846093	-0.0	0.0
FRULYSK	cechddd_c	-0.0	0.0	0.0	Inf	Inf
FRULYSK	dhptdn_c	0.0	0.0	0.0	Inf	Inf
FRULYSK	chol_c	0.0	0.0	0.0	Inf	Inf
FRULYSK	chtbs6p_c	-0.0	0.0	0.0	Inf	Inf
FRULYSK	dmbzid_c	0.0	0.0	0.0	Inf	Inf
FRULYSK	dms_c	0.0	0.0	0.0	Inf	Inf
FRULYSK	dmso_c	0.0	0.0	0.0	Inf	Inf
FRULYSK	cl_c	-0.0	-0.004492041516393227	999.9955079584836	-0.0	0.0
FRULYSK	glc__D_c	-0.0	-2.1619573067278006	0.952706044354834	-0.0	0.0
FRULYSK	co2_c	-0.0	-975.4257548689511	24.574245131048883	-0.0	0.0
FRULYSK	dscl_c	-0.0	-0.00019245442039494514	0.10406672005956573	-0.0	0.0
FRULYSK	dtdp4aaddg_c	-0.0	0.0	0.0	Inf	Inf
FRULYSK	glyald_c	-0.0	-1000.0	0.0	-0.0	Inf
FRULYSK	crn_c	-0.0	-1000.0	0.0	-0.0	Inf
FRULYSK	duri_c	-0.0	-0.02258189400924948	0.0	-0.0	Inf
FRULYSK	glyb_c	0.0	0.0	0.0	Inf	Inf
FRULYSK	glyc_c	-0.0	-0.1199845433124145	0.0	-0.0	Inf
FRULYSK	dxyl_c	0.0	0.0	0.0	Inf	Inf
FRULYSK	glycogen_c	-0.0	-2.1619573067278006	0.0	-0.0	Inf
FRULYSK	gmhep1p_c	-0.0	0.0	0.09249999999922243	Inf	0.0
FRULYSK	lipa_cold_c	-0.0	0.0	0.0	Inf	Inf
FRULYSK	lipidA_c	-0.0	-0.016791000911211995	0.04624999999961121	-0.0	0.0
FRULYSK	malt_c	0.0	0.0	0.0	Inf	Inf
FRULYSK	h2_c	-0.0	0.0	0.0	Inf	Inf
FRULYSK	malthx_c	-0.0	0.0	0.0	Inf	Inf
FRULYSK	maltpt_c	-0.0	0.0	0.0	Inf	Inf
FRULYSK	malttr_c	-0.0	0.0	0.0	Inf	Inf
FRULYSK	maltttr_c	-0.0	0.0	0.0	Inf	Inf
FRULYSK	h2o2_c	-0.0	-0.0012108231034691028	0.8993662602593986	-0.0	0.0
FRULYSK	man_c	-0.0	0.0	0.0	Inf	Inf
FRULYSK	mdhdhf_c	-0.0	-47.366513397355334	0.0003866348893846093	-0.0	0.0
FRULYSK	melib_c	-0.0	0.0	0.0	Inf	Inf
FRULYSK	meoh_c	-0.0	-999.9999982739514	1.7260485947190318e-06	-0.0	0.0
FRULYSK	pacald_c	-0.0	-1000.0	0.0	-0.0	Inf
FRULYSK	metsox_S__L_c	-0.0	-0.09425002150885575	0.0	-0.0	Inf
FRULYSK	mg2_c	-0.0	-0.007486735860652516	999.9925132641393	-0.0	0.0
FRULYSK	hhlipa_c	-0.0	0.0	0.0	Inf	Inf
FRULYSK	pe120_c	-0.0	0.0	0.0	Inf	Inf
FRULYSK	mobd_c	-0.0	-0.00011133013556478889	20.006826931451506	-0.0	0.0
FRULYSK	hlipa_c	-0.0	0.0	0.0	Inf	Inf
FRULYSK	pg120_c	-0.0	-0.05999227165620725	0.0	-0.0	Inf
FRULYSK	mql8_c	0.0	0.0	0.0	Inf	Inf
FRULYSK	mqn8_c	-0.0	0.0	0.0	Inf	Inf
FRULYSK	mthgxl_c	-0.0	-2.1619573067278	0.0	-0.0	Inf
FRULYSK	hqn_c	0.0	0.0	0.0	Inf	Inf
FRULYSK	mththf_c	-0.0	-999.9996133651106	0.0003866348893846093	-0.0	0.0
FRULYSK	n2o_c	-0.0	-1000.0	0.0	-0.0	Inf
FRULYSK	na1_c	-0.0	0.0	0.0	Inf	Inf
FRULYSK	nac_c	-0.0	0.0	0.0	Inf	Inf
FRULYSK	ncam_c	-0.0	0.0	0.0	Inf	Inf
FRULYSK	ni2_c	-0.0	-0.00027875685106532413	999.9997212431489	-0.0	0.0
FRULYSK	no_c	-0.0	-1000.0	0.0	-0.0	Inf
FRULYSK	indole_c	-0.0	-0.049056890665963526	0.5407250522013922	-0.0	0.0
FRULYSK	no2_c	-0.0	-1000.0	0.0	-0.0	Inf
FRULYSK	no3_c	0.0	0.0	0.0	Inf	Inf
FRULYSK	inost_c	0.0	0.0	0.0	Inf	Inf
FRULYSK	o2_c	-0.0	-22.732632384829248	727.2708328735182	-0.0	0.0
FRULYSK	poaac_c	-0.0	-6.155946748138925	0.0	-0.0	Inf
FRULYSK	ppal_c	-0.0	0.0	0.0	Inf	Inf
FRULYSK	k_c	-0.0	-0.16845630349843288	80.02730772580603	-0.0	0.0
FRULYSK	psclys_c	-1.0	-0.2961562841127261	0.0	-1.0	Inf
FRULYSK	lald__D_c	-0.0	0.0	0.0	Inf	Inf
FRULYSK	lald__L_c	-0.0	-2.1619573067278	0.0	-0.0	Inf
FRULYSK	ura_c	-0.0	0.0	0.0	Inf	Inf
FRULYSK	pydx_c	-0.0	0.0	0.0012108231034691028	Inf	0.0
FRULYSK	uracp_c	-0.0	-4.660686822215155	0.0	-0.0	Inf
FRULYSK	pydxn_c	-0.0	0.0	0.6506285180959842	Inf	0.0
FRULYSK	urate_c	-0.0	-0.0012108231034691028	0.0	-0.0	Inf
FRULYSK	q8_c	-0.0	0.0	0.0	Inf	Inf
FRULYSK	q8h2_c	0.0	0.0	0.0	Inf	Inf
FRULYSK	urea_c	-0.0	-1000.0	0.0	-0.0	Inf
FRULYSK	uri_c	-0.0	0.0	0.0	Inf	Inf
FRULYSK	rbflvrd_c	-0.0	0.0	0.047125010754427876	Inf	0.0
FRULYSK	rbl__L_c	-0.0	-2.1619573067278006	0.0	-0.0	Inf
FRULYSK	rdmbzi_c	0.0	0.0	0.0	Inf	Inf
FRULYSK	thptdn_c	0.0	0.0	0.0	Inf	Inf
FRULYSK	xan_c	-0.0	-0.09425002150885575	0.0	-0.0	Inf
FRULYSK	rephaccoa_c	-0.0	-0.000497102000124372	0.0	-0.0	Inf
FRULYSK	rib__D_c	-0.0	0.0	1.0814501044027844	Inf	0.0
FRULYSK	xtsn_c	-0.0	0.0	0.0	Inf	Inf
FRULYSK	rml_c	-0.0	-1.141953909704853	0.0	-0.0	Inf
FRULYSK	thym_c	-0.0	-80.02730772580603	0.0	-0.0	Inf
FRULYSK	thymd_c	-0.0	-0.02258189400924948	0.0	-0.0	Inf
FRULYSK	xu5p__L_c	-0.0	-0.832500000000727	0.0	-0.0	Inf
FRULYSK	rmn_c	-0.0	-1.141953909704853	0.0	-0.0	Inf
FRULYSK	xyl__D_c	0.0	0.0	0.0	Inf	Inf
FRULYSK	tmao_c	0.0	0.0	0.0	Inf	Inf
FRULYSK	xylu__D_c	-0.0	0.0	0.0	Inf	Inf
FRULYSK	xylu__L_c	-0.0	-2.1619573067278006	0.0	-0.0	Inf
FRULYSK	12ppd__R_e	-0.0	-1000.0	0.0	-0.0	Inf
FRULYSK	12ppd__S_e	-0.0	-1000.0	0.0	-0.0	Inf
FRULYSK	tre_c	-0.0	-1.0809786533639003	0.0	-0.0	Inf
FRULYSK	seln_c	0.0	0.0	0.0	Inf	Inf
FRULYSK	34dhpac_e	-0.0	-1000.0	0.0	-0.0	Inf
FRULYSK	slnt_c	0.0	0.0	0.0	Inf	Inf
FRULYSK	so2_c	0.0	0.0	0.0	Inf	Inf
FRULYSK	so3_c	-0.0	-0.21391956095067144	4.001365386290301	-0.0	0.0
FRULYSK	so4_c	-0.0	-0.21766336039315248	80.02730772580603	-0.0	0.0
FRULYSK	4hoxpacd_e	-0.0	-1000.0	0.0	-0.0	Inf
FRULYSK	5mtr_e	-0.0	0.0	0.0	Inf	Inf
FRULYSK	LalaDgluMdap_e	-0.0	-1000.0	0.0	-0.0	Inf
FRULYSK	ac_e	-0.0	0.0	0.0	Inf	Inf
FRULYSK	acald_e	-0.0	-1000.0	0.0	-0.0	Inf
FRULYSK	acgal_e	-0.0	-1000.0	0.0	-0.0	Inf
FRULYSK	acgam_e	-0.0	-1000.0	0.0	-0.0	Inf
FRULYSK	acmana_e	-0.0	-1000.0	0.0	-0.0	Inf
FRULYSK	tagur_c	-0.0	0.0	0.0	Inf	Inf
FRULYSK	tartr__L_c	-0.0	-2.1619573067278	0.0	-0.0	Inf
FRULYSK	ade_e	-0.0	-1000.0	0.0	-0.0	Inf
FRULYSK	adn_e	-0.0	-1000.0	0.0	-0.0	Inf
FRULYSK	all__D_e	-0.0	-1000.0	0.0	-0.0	Inf
FRULYSK	cl_e	-0.0	-0.004492041516414247	999.9955079584836	-0.0	0.0
FRULYSK	alltn_e	-0.0	0.0	0.0	Inf	Inf
FRULYSK	cm_e	-0.0	-1000.0	0.0	-0.0	Inf
FRULYSK	co2_e	-0.0	-975.4257548689511	24.574245131048883	-0.0	0.0
FRULYSK	arab__L_e	-0.0	-1000.0	0.0	-0.0	Inf
FRULYSK	arbt_e	-0.0	-1000.0	0.0	-0.0	Inf
FRULYSK	unagamu_c	-0.0	0.0	0.04624999999961121	Inf	0.0
FRULYSK	crn_e	-0.0	-1000.0	0.0	-0.0	Inf
FRULYSK	csn_e	-0.0	-1000.0	0.0	-0.0	Inf
FRULYSK	cyan_e	-0.0	-1000.0	0.0	-0.0	Inf
FRULYSK	glyb_e	-0.0	-1000.0	0.0	-0.0	Inf
FRULYSK	glyc_e	-0.0	-1000.0	0.0	-0.0	Inf
FRULYSK	cytd_e	-0.0	-1000.0	0.0	-0.0	Inf
FRULYSK	ca2_e	-0.0	-0.004492041516414247	999.9955079584836	-0.0	0.0
FRULYSK	dad_2_e	-0.0	-1000.0	0.0	-0.0	Inf
FRULYSK	dcyt_e	-0.0	-1000.0	0.0	-0.0	Inf
FRULYSK	chol_e	-0.0	-1000.0	0.0	-0.0	Inf
FRULYSK	dha_e	-0.0	-1000.0	0.0	-0.0	Inf
FRULYSK	ppal_e	-0.0	-1000.0	0.0	-0.0	Inf
FRULYSK	h2_e	-0.0	-1000.0	0.0	-0.0	Inf
FRULYSK	dms_e	-0.0	-1000.0	0.0	-0.0	Inf
FRULYSK	dmso_e	-0.0	-1000.0	0.0	-0.0	Inf
FRULYSK	h2o2_e	-0.0	-1000.0	0.0	-0.0	Inf
FRULYSK	psclys_e	-1.0	0.0	0.0	Inf	Inf
FRULYSK	duri_e	-0.0	-1000.0	0.0	-0.0	Inf
FRULYSK	pydx_e	-0.0	-1000.0	0.0	-0.0	Inf
FRULYSK	pydxn_e	-0.0	-1000.0	0.0	-0.0	Inf
FRULYSK	etoh_e	-0.0	-1000.0	0.0	-0.0	Inf
FRULYSK	fald_e	-0.0	0.0	0.0	Inf	Inf
FRULYSK	rib__D_e	-0.0	-1000.0	0.0	-0.0	Inf
FRULYSK	rmn_e	-0.0	-1000.0	0.0	-0.0	Inf
FRULYSK	indole_e	-0.0	-1000.0	0.0	-0.0	Inf
FRULYSK	inost_e	-0.0	-1000.0	0.0	-0.0	Inf
FRULYSK	sbt__D_e	-0.0	-2.1619573067278006	0.0	-0.0	Inf
FRULYSK	k_e	-0.0	-0.16845630349848761	999.8315436965015	-0.0	0.0
FRULYSK	for_e	-0.0	0.0	0.0021169986267361904	Inf	0.0
FRULYSK	slnt_e	-0.0	0.0	1000.0	Inf	0.0
FRULYSK	fru_e	-0.0	-1000.0	0.0	-0.0	Inf
FRULYSK	so2_e	-0.0	-1000.0	0.0	-0.0	Inf
FRULYSK	so3_e	-0.0	-1000.0	0.0	-0.0	Inf
FRULYSK	so4_e	-0.0	-0.21766336039320322	999.7823366396068	-0.0	0.0
FRULYSK	lipa_cold_e	-0.0	-1000.0	0.0	-0.0	Inf
FRULYSK	sucr_e	-0.0	-1000.0	0.0	-0.0	Inf
FRULYSK	g3pe_e	-0.0	-1000.0	0.0	-0.0	Inf
FRULYSK	malt_e	-0.0	-1000.0	0.0	-0.0	Inf
FRULYSK	tartr__L_e	-0.0	-1000.0	0.0	-0.0	Inf
FRULYSK	g3pi_e	-0.0	-1000.0	0.0	-0.0	Inf
FRULYSK	malthx_e	-0.0	-1000.0	0.0	-0.0	Inf
FRULYSK	maltpt_e	-0.0	-1000.0	0.0	-0.0	Inf
FRULYSK	gal_e	-0.0	-1000.0	0.0	-0.0	Inf
FRULYSK	gal_bD_e	-0.0	-1000.0	0.0	-0.0	Inf
FRULYSK	malttr_e	-0.0	-1000.0	0.0	-0.0	Inf
FRULYSK	maltttr_e	-0.0	-1000.0	0.0	-0.0	Inf
FRULYSK	man_e	-0.0	-1000.0	0.0	-0.0	Inf
FRULYSK	thym_e	-0.0	-1000.0	0.0	-0.0	Inf
FRULYSK	thymd_e	-0.0	-1000.0	0.0	-0.0	Inf
FRULYSK	galt_e	-0.0	-1.141953909704853	0.0	-0.0	Inf
FRULYSK	melib_e	-0.0	-1000.0	0.0	-0.0	Inf
FRULYSK	meoh_e	-0.0	-999.9999982739514	1.7260485947190318e-06	-0.0	0.0
FRULYSK	tmao_e	-0.0	-1000.0	0.0	-0.0	Inf
FRULYSK	tre_e	-0.0	-1000.0	0.0	-0.0	Inf
FRULYSK	metsox_S__L_e	-0.0	-1000.0	0.0	-0.0	Inf
FRULYSK	glc__D_e	-0.0	-2.1619573067278006	0.9641844304313982	-0.0	0.0
FRULYSK	mg2_e	-0.0	-0.007486735860652516	999.9925132641393	-0.0	0.0
FRULYSK	mnl_e	-0.0	-1000.0	0.0	-0.0	Inf
FRULYSK	mobd_e	-0.0	-0.00011133013560993277	999.9998886698644	-0.0	0.0
FRULYSK	glyald_e	-0.0	-1000.0	0.0	-0.0	Inf
FRULYSK	n2o_e	-0.0	-1000.0	0.0	-0.0	Inf
FRULYSK	na1_e	-0.0	0.0	1000.0	Inf	0.0
FRULYSK	nac_e	-0.0	-1000.0	0.0	-0.0	Inf
FRULYSK	ni2_e	-0.0	-0.00027875685111666826	999.9997212431489	-0.0	0.0
FRULYSK	no_e	-0.0	-1000.0	0.0	-0.0	Inf
FRULYSK	no2_e	-0.0	-1000.0	0.0	-0.0	Inf
FRULYSK	ura_e	-0.0	-1000.0	0.0	-0.0	Inf
FRULYSK	no3_e	-0.0	-1000.0	0.0	-0.0	Inf
FRULYSK	urea_e	-0.0	-1000.0	0.0	-0.0	Inf
FRULYSK	novbcn_e	-0.0	-1000.0	0.0	-0.0	Inf
FRULYSK	uri_e	-0.0	-1000.0	0.0	-0.0	Inf
FRULYSK	o2_e	-0.0	-272.7291671264818	727.2708328735182	-0.0	0.0
FRULYSK	xan_e	-0.0	0.0	0.0	Inf	Inf
FRULYSK	xtsn_e	-0.0	-1000.0	0.0	-0.0	Inf
FRULYSK	xyl__D_e	-0.0	-1000.0	0.0	-0.0	Inf
FRULYSK	xylu__L_e	-0.0	-1000.0	0.0	-0.0	Inf
FRULYSK	pacald_e	-0.0	-1000.0	0.0	-0.0	Inf
FRULYSK	12dgr120_p	-0.0	0.0	0.0	Inf	Inf
FRULYSK	12dgr140_p	-0.0	0.0	0.0	Inf	Inf
FRULYSK	12dgr160_p	-0.0	-0.05507303310798761	0.0	-0.0	Inf
FRULYSK	12dgr180_p	-0.0	0.0	0.0	Inf	Inf
FRULYSK	12ppd__R_p	-0.0	-1000.0	0.0	-0.0	Inf
FRULYSK	12ppd__S_p	-0.0	0.0	0.0	Inf	Inf
FRULYSK	chol_p	-0.0	-1000.0	0.0	-0.0	Inf
FRULYSK	cl_p	-0.0	-0.004492041516414247	999.9955079584836	-0.0	0.0
FRULYSK	34dhpac_p	-0.0	-1000.0	0.0	-0.0	Inf
FRULYSK	cm_p	-0.0	0.0	0.0	Inf	Inf
FRULYSK	4hoxpacd_p	-0.0	-1000.0	0.0	-0.0	Inf
FRULYSK	co2_p	-0.0	-975.4257548689511	24.574245131048883	-0.0	0.0
FRULYSK	5mtr_p	-0.0	0.0	0.0	Inf	Inf
FRULYSK	LalaDgluMdap_p	-0.0	-0.023981719434684915	0.0	-0.0	Inf
FRULYSK	gal_p	-0.0	-1000.0	0.0	-0.0	Inf
FRULYSK	ac_p	-0.0	-2.1619573067278	0.0	-0.0	Inf
FRULYSK	crn_p	-0.0	-1000.0	0.0	-0.0	Inf
FRULYSK	gal_bD_p	-0.0	-1000.0	0.0	-0.0	Inf
FRULYSK	acald_p	-0.0	-1000.0	0.0	-0.0	Inf
FRULYSK	acgal_p	-0.0	-1000.0	0.0	-0.0	Inf
FRULYSK	csn_p	-0.0	0.0	0.0	Inf	Inf
FRULYSK	acgam_p	-0.0	-1000.0	0.0	-0.0	Inf
FRULYSK	galt_p	-0.0	-1.141953909704853	0.0	-0.0	Inf
FRULYSK	acmana_p	-0.0	-1000.0	0.0	-0.0	Inf
FRULYSK	cyan_p	-0.0	0.0	0.0	Inf	Inf
FRULYSK	ade_p	-0.0	-1000.0	0.0	-0.0	Inf
FRULYSK	adn_p	-0.0	0.0	0.000580815358392962	Inf	0.0
FRULYSK	cytd_p	-0.0	-0.13853697683356336	0.0	-0.0	Inf
FRULYSK	glc__D_p	-0.0	-2.1619573067278006	0.9641844304313982	-0.0	0.0
FRULYSK	dad_2_p	-0.0	-1000.0	0.0	-0.0	Inf
FRULYSK	dcyt_p	-0.0	-1000.0	0.0	-0.0	Inf
FRULYSK	all__D_p	-0.0	0.0	0.0	Inf	Inf
FRULYSK	alltn_p	-0.0	0.0	0.0	Inf	Inf
FRULYSK	dha_p	-0.0	-1000.0	0.0	-0.0	Inf
FRULYSK	glyald_p	-0.0	-1000.0	0.0	-0.0	Inf
FRULYSK	glyb_p	0.0	0.0	0.0	Inf	Inf
FRULYSK	dms_p	-0.0	-1000.0	0.0	-0.0	Inf
FRULYSK	glyc_p	-0.0	-0.1199845433124145	0.0	-0.0	Inf
FRULYSK	dmso_p	-0.0	-1000.0	0.0	-0.0	Inf
FRULYSK	arab__L_p	-0.0	0.0	0.0	Inf	Inf
FRULYSK	arbt_p	0.0	0.0	0.0	Inf	Inf
FRULYSK	ca2_p	-0.0	-0.004492041516414247	999.9955079584836	-0.0	0.0
FRULYSK	duri_p	-0.0	-1000.0	0.0	-0.0	Inf
FRULYSK	h2_p	-0.0	-1000.0	0.0	-0.0	Inf
FRULYSK	h2o2_p	-0.0	-1000.0	0.0	-0.0	Inf
FRULYSK	etoh_p	-0.0	-1000.0	0.0	-0.0	Inf
FRULYSK	fald_p	-0.0	0.0	0.0	Inf	Inf
FRULYSK	n2o_p	-0.0	-1000.0	0.0	-0.0	Inf
FRULYSK	na1_p	-0.0	0.0	0.0	Inf	Inf
FRULYSK	indole_p	-0.0	0.0	0.544403453917048	Inf	0.0
FRULYSK	nac_p	-0.0	-1000.0	0.0	-0.0	Inf
FRULYSK	ni2_p	-0.0	-0.00027875685111666826	999.9997212431489	-0.0	0.0
FRULYSK	inost_p	-0.0	-1000.0	0.0	-0.0	Inf
FRULYSK	no_p	-0.0	-1000.0	0.0	-0.0	Inf
FRULYSK	no2_p	-0.0	-1000.0	0.0	-0.0	Inf
FRULYSK	for_p	-0.0	0.0	0.0021169986267361904	Inf	0.0
FRULYSK	fru_p	-0.0	-1000.0	0.0	-0.0	Inf
FRULYSK	no3_p	-0.0	0.0	0.0	Inf	Inf
FRULYSK	k_p	-0.0	-0.16845630349848761	999.8315436965015	-0.0	0.0
FRULYSK	novbcn_p	-0.0	0.0	0.0	Inf	Inf
FRULYSK	o2_p	-0.0	-272.7291671264818	727.2708328735182	-0.0	0.0
FRULYSK	lipa_cold_p	-0.0	-20.006826931451506	0.0	-0.0	Inf
FRULYSK	g3pe_p	-0.0	0.0	0.0	Inf	Inf
FRULYSK	g3pi_p	-0.0	0.0	0.0	Inf	Inf
FRULYSK	so3_p	-0.0	-1000.0	0.0	-0.0	Inf
FRULYSK	so4_p	-0.0	-0.21766336039315248	999.7823366396068	-0.0	0.0
FRULYSK	malt_p	0.0	0.0	0.0	Inf	Inf
FRULYSK	malthx_p	0.0	0.0	0.0	Inf	Inf
FRULYSK	maltpt_p	0.0	0.0	0.0	Inf	Inf
FRULYSK	sucr_p	-0.0	-1000.0	0.0	-0.0	Inf
FRULYSK	malttr_p	0.0	0.0	0.0	Inf	Inf
FRULYSK	maltttr_p	0.0	0.0	0.0	Inf	Inf
FRULYSK	pacald_p	-0.0	-1000.0	0.0	-0.0	Inf
FRULYSK	man_p	-0.0	-1000.0	0.0	-0.0	Inf
FRULYSK	tartr__L_p	-0.0	-1000.0	0.0	-0.0	Inf
FRULYSK	pe120_p	-0.0	0.0	0.0	Inf	Inf
FRULYSK	melib_p	-0.0	-1000.0	0.0	-0.0	Inf
FRULYSK	meoh_p	-0.0	-999.9999982739514	1.7260485947190318e-06	-0.0	0.0
FRULYSK	thym_p	-0.0	-1000.0	0.0	-0.0	Inf
FRULYSK	thymd_p	-0.0	-0.02258189400924948	0.0	-0.0	Inf
FRULYSK	pg120_p	-0.0	-0.05999227165620725	0.0	-0.0	Inf
FRULYSK	metsox_S__L_p	-0.0	-1000.0	0.0	-0.0	Inf
FRULYSK	tmao_p	-0.0	-1000.0	0.0	-0.0	Inf
FRULYSK	mg2_p	-0.0	-0.007486735860652516	999.9925132641393	-0.0	0.0
FRULYSK	tre_p	-0.0	0.0	0.0	Inf	Inf
FRULYSK	mnl_p	-0.0	0.0	0.0	Inf	Inf
FRULYSK	mobd_p	-0.0	-0.00011133013560993277	999.9998886698644	-0.0	0.0
FRULYSK	ura_p	-0.0	-1000.0	0.0	-0.0	Inf
FRULYSK	urea_p	-0.0	-1000.0	0.0	-0.0	Inf
FRULYSK	uri_p	-0.0	0.0	0.0	Inf	Inf
FRULYSK	xan_p	-0.0	-0.09425002150885575	0.0	-0.0	Inf
FRULYSK	xtsn_p	-0.0	0.0	0.0	Inf	Inf
FRULYSK	xyl__D_p	-0.0	0.0	0.0	Inf	Inf
FRULYSK	xylu__L_p	-0.0	-1000.0	0.0	-0.0	Inf
FRULYSK	ppal_p	-0.0	-1000.0	0.0	-0.0	Inf
FRULYSK	psclys_p	-1.0	-0.2961562841127261	0.0	-1.0	Inf
FRULYSK	pydx_p	-0.0	0.0	0.0	Inf	Inf
FRULYSK	pydxn_p	-0.0	0.0	0.0	Inf	Inf
FRULYSK	rib__D_p	-0.0	-1000.0	0.0	-0.0	Inf
FRULYSK	rmn_p	-0.0	-1000.0	0.0	-0.0	Inf
FRULYSK	sbt__D_p	-0.0	-2.1619573067278006	0.0	-0.0	Inf
FRULYSK	slnt_p	-0.0	0.0	0.0	Inf	Inf
FRULYSK	so2_p	-0.0	-1000.0	0.0	-0.0	Inf
