Reaction	Metabolite	ShadowPrice	G-	G+	DecrementalShadowPrice	IncrementalShadowPrice
GAL1PPpp	12dgr120_c	-0.0	0.0	0.0	Inf	Inf
GAL1PPpp	12dgr140_c	-0.0	0.0	0.0	Inf	Inf
GAL1PPpp	12dgr160_c	-0.0	-0.05507303310798761	0.0	-0.0	Inf
GAL1PPpp	12dgr180_c	-0.0	0.0	0.0	Inf	Inf
GAL1PPpp	12ppd__R_c	-0.0	-1000.0	0.0	-0.0	Inf
GAL1PPpp	12ppd__S_c	-0.0	0.0	0.0	Inf	Inf
GAL1PPpp	5drib_c	-0.0	-999.999805819531	0.00019418046900835273	-0.0	0.0
GAL1PPpp	5mta_c	-0.0	0.0	0.0	Inf	Inf
GAL1PPpp	23dhacoa_c	-0.0	-0.000497102000124372	0.0	-0.0	Inf
GAL1PPpp	5mtr_c	-0.0	0.0	0.0	Inf	Inf
GAL1PPpp	3amac_c	-0.0	-7.943528585031793	0.0	-0.0	Inf
GAL1PPpp	LalaDgluMdap_c	-0.0	-0.023981719434684915	0.0	-0.0	Inf
GAL1PPpp	ac_c	-0.0	-2.1619573067278	3.4182673633255285	-0.0	0.0
GAL1PPpp	acald_c	-0.0	-2.1619573067278	2.6675769241935354	-0.0	0.0
GAL1PPpp	acetol_c	-0.0	0.0	0.0	Inf	Inf
GAL1PPpp	acgam_c	-0.0	-0.08154544069183181	0.0	-0.0	Inf
GAL1PPpp	acgam6p_c	-0.0	-0.08154544069183181	0.0	-0.0	Inf
GAL1PPpp	acmalt_c	0.0	0.0	0.0	Inf	Inf
GAL1PPpp	acmana_c	-0.0	-0.08154544069183181	0.0	-0.0	Inf
GAL1PPpp	2dmmq8_c	-0.0	0.0	0.0	Inf	Inf
GAL1PPpp	2dmmql8_c	0.0	0.0	0.0	Inf	Inf
GAL1PPpp	ade_c	-0.0	-0.09425002150885575	0.000580815358392962	-0.0	0.0
GAL1PPpp	adn_c	-0.0	0.0	0.000580815358392962	Inf	0.0
GAL1PPpp	3sala_c	0.0	0.0	0.0	Inf	Inf
GAL1PPpp	adphep_DD_c	-0.0	0.0	0.0	Inf	Inf
GAL1PPpp	adphep_LD_c	-0.0	0.0	0.0	Inf	Inf
GAL1PPpp	4ahmmp_c	0.0	0.0	0.0	Inf	Inf
GAL1PPpp	4crsol_c	-0.0	-999.9998075455796	0.00019245442039494514	-0.0	0.0
GAL1PPpp	2ohph_c	-0.0	-0.00019245442039494514	0.08708085715539288	-0.0	0.0
GAL1PPpp	2ombzl_c	-0.0	0.0	0.0	Inf	Inf
GAL1PPpp	2omhmbl_c	-0.0	0.0	0.0	Inf	Inf
GAL1PPpp	2ommbl_c	0.0	0.0	0.0	Inf	Inf
GAL1PPpp	2omph_c	-0.0	0.0	0.07830460638532881	Inf	0.0
GAL1PPpp	4mhetz_c	0.0	0.0	0.0	Inf	Inf
GAL1PPpp	2oph_c	-0.0	-0.00019245442039494514	0.08708085715539288	-0.0	0.0
GAL1PPpp	2oxpaccoa_c	-0.0	-0.000497102000124372	0.0	-0.0	Inf
GAL1PPpp	all__D_c	-0.0	-2.1619573067278006	0.0	-0.0	Inf
GAL1PPpp	alltn_c	-0.0	-1.9858821462579483	0.0	-0.0	Inf
GAL1PPpp	4r5au_c	-0.0	-0.00038490884162456496	0.5196578423753639	-0.0	0.0
GAL1PPpp	56dura_c	0.0	0.0	0.0	Inf	Inf
GAL1PPpp	arab__L_c	-0.0	-2.1619573067278006	0.0	-0.0	Inf
GAL1PPpp	etoh_c	-0.0	-1000.0	0.0	-0.0	Inf
GAL1PPpp	csn_c	-0.0	0.0	0.0	Inf	Inf
GAL1PPpp	fald_c	-0.0	0.0	0.0	Inf	Inf
GAL1PPpp	fc1p_c	-0.0	-0.832500000000727	0.0	-0.0	Inf
GAL1PPpp	fcl__L_c	-0.0	0.0	0.0	Inf	Inf
GAL1PPpp	aso4_c	0.0	0.0	0.0	Inf	Inf
GAL1PPpp	cyan_c	0.0	0.0	0.0	Inf	Inf
GAL1PPpp	athtp_c	0.0	0.0	0.0	Inf	Inf
GAL1PPpp	cytd_c	-0.0	-0.13853697683356336	0.0	-0.0	Inf
GAL1PPpp	dad_2_c	-0.0	-0.09425002150885575	0.0	-0.0	Inf
GAL1PPpp	dad_5_c	-0.0	-0.09425002150885575	0.00019418046900835273	-0.0	0.0
GAL1PPpp	betald_c	0.0	0.0	0.0	Inf	Inf
GAL1PPpp	btal_c	-0.0	-527.9410261867885	0.0	-0.0	Inf
GAL1PPpp	for_c	-0.0	-0.09425002150885575	0.0021169986267361904	-0.0	0.0
GAL1PPpp	dcyt_c	-0.0	-0.02258189400924948	0.0	-0.0	Inf
GAL1PPpp	fru_c	-0.0	0.0	0.952706044354834	Inf	0.0
GAL1PPpp	ca2_c	-0.0	-0.004492041516414247	999.9955079584836	-0.0	0.0
GAL1PPpp	g3pe_c	-0.0	0.0	0.0	Inf	Inf
GAL1PPpp	g3pi_c	0.0	0.0	0.0	Inf	Inf
GAL1PPpp	cbm_c	-0.0	-3.9717642925158967	0.0	-0.0	Inf
GAL1PPpp	dha_c	-0.0	-87.99017103113144	0.0	-0.0	Inf
GAL1PPpp	gal_c	-0.0	0.0	0.0	Inf	Inf
GAL1PPpp	dhgly_c	-0.0	-0.00019245442039494514	0.3449452919215778	-0.0	0.0
GAL1PPpp	dhmptp_c	0.0	0.0	0.0	Inf	Inf
GAL1PPpp	gcald_c	-0.0	-2.553997886236112	0.0005773632610726054	-0.0	0.0
GAL1PPpp	dhptd_c	-0.0	-47.366513397355334	0.0003866348893846093	-0.0	0.0
GAL1PPpp	cechddd_c	-0.0	0.0	0.0	Inf	Inf
GAL1PPpp	dhptdn_c	0.0	0.0	0.0	Inf	Inf
GAL1PPpp	chol_c	0.0	0.0	0.0	Inf	Inf
GAL1PPpp	chtbs6p_c	-0.0	0.0	0.0	Inf	Inf
GAL1PPpp	dmbzid_c	0.0	0.0	0.0	Inf	Inf
GAL1PPpp	dms_c	0.0	0.0	0.0	Inf	Inf
GAL1PPpp	dmso_c	0.0	0.0	0.0	Inf	Inf
GAL1PPpp	cl_c	-0.0	-0.004492041516393227	999.9955079584836	-0.0	0.0
GAL1PPpp	glc__D_c	-0.0	-2.1619573067278006	0.952706044354834	-0.0	0.0
GAL1PPpp	co2_c	-0.0	-975.4257548689511	24.574245131048883	-0.0	0.0
GAL1PPpp	dscl_c	-0.0	-0.00019245442039494514	0.10406672005956573	-0.0	0.0
GAL1PPpp	dtdp4aaddg_c	-0.0	0.0	0.0	Inf	Inf
GAL1PPpp	glyald_c	-0.0	-1000.0	0.0	-0.0	Inf
GAL1PPpp	crn_c	-0.0	-1000.0	0.0	-0.0	Inf
GAL1PPpp	duri_c	-0.0	-0.02258189400924948	0.0	-0.0	Inf
GAL1PPpp	glyb_c	0.0	0.0	0.0	Inf	Inf
GAL1PPpp	glyc_c	-0.0	-0.1199845433124145	0.0	-0.0	Inf
GAL1PPpp	dxyl_c	0.0	0.0	0.0	Inf	Inf
GAL1PPpp	glycogen_c	-0.0	-2.1619573067278006	0.0	-0.0	Inf
GAL1PPpp	gmhep1p_c	-0.0	0.0	0.09249999999922243	Inf	0.0
GAL1PPpp	lipa_cold_c	-0.0	0.0	0.0	Inf	Inf
GAL1PPpp	lipidA_c	-0.0	-0.016791000911211995	0.04624999999961121	-0.0	0.0
GAL1PPpp	malt_c	0.0	0.0	0.0	Inf	Inf
GAL1PPpp	h2_c	-0.0	0.0	0.0	Inf	Inf
GAL1PPpp	malthx_c	-0.0	0.0	0.0	Inf	Inf
GAL1PPpp	maltpt_c	-0.0	0.0	0.0	Inf	Inf
GAL1PPpp	malttr_c	-0.0	0.0	0.0	Inf	Inf
GAL1PPpp	maltttr_c	-0.0	0.0	0.0	Inf	Inf
GAL1PPpp	h2o2_c	-0.0	-0.0012108231034691028	0.8993662602593986	-0.0	0.0
GAL1PPpp	man_c	-0.0	0.0	0.0	Inf	Inf
GAL1PPpp	mdhdhf_c	-0.0	-47.366513397355334	0.0003866348893846093	-0.0	0.0
GAL1PPpp	melib_c	-0.0	0.0	0.0	Inf	Inf
GAL1PPpp	meoh_c	-0.0	-999.9999982739514	1.7260485947190318e-06	-0.0	0.0
GAL1PPpp	pacald_c	-0.0	-1000.0	0.0	-0.0	Inf
GAL1PPpp	metsox_S__L_c	-0.0	-0.09425002150885575	0.0	-0.0	Inf
GAL1PPpp	mg2_c	-0.0	-0.007486735860652516	999.9925132641393	-0.0	0.0
GAL1PPpp	hhlipa_c	-0.0	0.0	0.0	Inf	Inf
GAL1PPpp	pe120_c	-0.0	0.0	0.0	Inf	Inf
GAL1PPpp	mobd_c	-0.0	-0.00011133013556478889	20.006826931451506	-0.0	0.0
GAL1PPpp	hlipa_c	-0.0	0.0	0.0	Inf	Inf
GAL1PPpp	pg120_c	-0.0	-0.05999227165620725	0.0	-0.0	Inf
GAL1PPpp	mql8_c	0.0	0.0	0.0	Inf	Inf
GAL1PPpp	mqn8_c	-0.0	0.0	0.0	Inf	Inf
GAL1PPpp	mthgxl_c	-0.0	-2.1619573067278	0.0	-0.0	Inf
GAL1PPpp	hqn_c	0.0	0.0	0.0	Inf	Inf
GAL1PPpp	mththf_c	-0.0	-999.9996133651106	0.0003866348893846093	-0.0	0.0
GAL1PPpp	n2o_c	-0.0	-1000.0	0.0	-0.0	Inf
GAL1PPpp	na1_c	-0.0	0.0	0.0	Inf	Inf
GAL1PPpp	nac_c	-0.0	0.0	0.0	Inf	Inf
GAL1PPpp	ncam_c	-0.0	0.0	0.0	Inf	Inf
GAL1PPpp	ni2_c	-0.0	-0.00027875685106532413	999.9997212431489	-0.0	0.0
GAL1PPpp	no_c	-0.0	-1000.0	0.0	-0.0	Inf
GAL1PPpp	indole_c	-0.0	-0.049056890665963526	0.5407250522013922	-0.0	0.0
GAL1PPpp	no2_c	-0.0	-1000.0	0.0	-0.0	Inf
GAL1PPpp	no3_c	0.0	0.0	0.0	Inf	Inf
GAL1PPpp	inost_c	0.0	0.0	0.0	Inf	Inf
GAL1PPpp	o2_c	-0.0	-22.732632384829248	727.2708328735182	-0.0	0.0
GAL1PPpp	poaac_c	-0.0	-6.155946748138925	0.0	-0.0	Inf
GAL1PPpp	ppal_c	-0.0	0.0	0.0	Inf	Inf
GAL1PPpp	k_c	-0.0	-0.16845630349843288	80.02730772580603	-0.0	0.0
GAL1PPpp	psclys_c	-0.0	0.0	0.0	Inf	Inf
GAL1PPpp	lald__D_c	-0.0	0.0	0.0	Inf	Inf
GAL1PPpp	lald__L_c	-0.0	-2.1619573067278	0.0	-0.0	Inf
GAL1PPpp	ura_c	-0.0	0.0	0.0	Inf	Inf
GAL1PPpp	pydx_c	-0.0	0.0	0.0012108231034691028	Inf	0.0
GAL1PPpp	uracp_c	-0.0	-4.660686822215155	0.0	-0.0	Inf
GAL1PPpp	pydxn_c	-0.0	0.0	0.6506285180959842	Inf	0.0
GAL1PPpp	urate_c	-0.0	-0.0012108231034691028	0.0	-0.0	Inf
GAL1PPpp	q8_c	-0.0	0.0	0.0	Inf	Inf
GAL1PPpp	q8h2_c	0.0	0.0	0.0	Inf	Inf
GAL1PPpp	urea_c	-0.0	-1000.0	0.0	-0.0	Inf
GAL1PPpp	uri_c	-0.0	0.0	0.0	Inf	Inf
GAL1PPpp	rbflvrd_c	-0.0	0.0	0.047125010754427876	Inf	0.0
GAL1PPpp	rbl__L_c	-0.0	-2.1619573067278006	0.0	-0.0	Inf
GAL1PPpp	rdmbzi_c	0.0	0.0	0.0	Inf	Inf
GAL1PPpp	thptdn_c	0.0	0.0	0.0	Inf	Inf
GAL1PPpp	xan_c	-0.0	-0.09425002150885575	0.0	-0.0	Inf
GAL1PPpp	rephaccoa_c	-0.0	-0.000497102000124372	0.0	-0.0	Inf
GAL1PPpp	rib__D_c	-0.0	0.0	1.0814501044027844	Inf	0.0
GAL1PPpp	xtsn_c	-0.0	0.0	0.0	Inf	Inf
GAL1PPpp	rml_c	-0.0	-1.141953909704853	0.0	-0.0	Inf
GAL1PPpp	thym_c	-0.0	-80.02730772580603	0.0	-0.0	Inf
GAL1PPpp	thymd_c	-0.0	-0.02258189400924948	0.0	-0.0	Inf
GAL1PPpp	xu5p__L_c	-0.0	-0.832500000000727	0.0	-0.0	Inf
GAL1PPpp	rmn_c	-0.0	-1.141953909704853	0.0	-0.0	Inf
GAL1PPpp	xyl__D_c	0.0	0.0	0.0	Inf	Inf
GAL1PPpp	tmao_c	0.0	0.0	0.0	Inf	Inf
GAL1PPpp	xylu__D_c	-0.0	0.0	0.0	Inf	Inf
GAL1PPpp	xylu__L_c	-0.0	-2.1619573067278006	0.0	-0.0	Inf
GAL1PPpp	12ppd__R_e	-0.0	-1000.0	0.0	-0.0	Inf
GAL1PPpp	12ppd__S_e	-0.0	-1000.0	0.0	-0.0	Inf
GAL1PPpp	tre_c	-0.0	-1.0809786533639003	0.0	-0.0	Inf
GAL1PPpp	seln_c	0.0	0.0	0.0	Inf	Inf
GAL1PPpp	34dhpac_e	-0.0	-1000.0	0.0	-0.0	Inf
GAL1PPpp	slnt_c	0.0	0.0	0.0	Inf	Inf
GAL1PPpp	so2_c	0.0	0.0	0.0	Inf	Inf
GAL1PPpp	so3_c	-0.0	-0.21391956095067144	4.001365386290301	-0.0	0.0
GAL1PPpp	so4_c	-0.0	-0.21766336039315248	80.02730772580603	-0.0	0.0
GAL1PPpp	4hoxpacd_e	-0.0	-1000.0	0.0	-0.0	Inf
GAL1PPpp	5mtr_e	-0.0	0.0	0.0	Inf	Inf
GAL1PPpp	LalaDgluMdap_e	-0.0	-1000.0	0.0	-0.0	Inf
GAL1PPpp	ac_e	-0.0	0.0	0.0	Inf	Inf
GAL1PPpp	acald_e	-0.0	-1000.0	0.0	-0.0	Inf
GAL1PPpp	acgal_e	-0.0	-1000.0	0.0	-0.0	Inf
GAL1PPpp	acgam_e	-0.0	-1000.0	0.0	-0.0	Inf
GAL1PPpp	acmana_e	-0.0	-1000.0	0.0	-0.0	Inf
GAL1PPpp	tagur_c	-0.0	0.0	0.0	Inf	Inf
GAL1PPpp	tartr__L_c	-0.0	-2.1619573067278	0.0	-0.0	Inf
GAL1PPpp	ade_e	-0.0	-1000.0	0.0	-0.0	Inf
GAL1PPpp	adn_e	-0.0	-1000.0	0.0	-0.0	Inf
GAL1PPpp	all__D_e	-0.0	-1000.0	0.0	-0.0	Inf
GAL1PPpp	cl_e	-0.0	-0.004492041516414247	999.9955079584836	-0.0	0.0
GAL1PPpp	alltn_e	-0.0	0.0	0.0	Inf	Inf
GAL1PPpp	cm_e	-0.0	-1000.0	0.0	-0.0	Inf
GAL1PPpp	co2_e	-0.0	-975.4257548689511	24.574245131048883	-0.0	0.0
GAL1PPpp	arab__L_e	-0.0	-1000.0	0.0	-0.0	Inf
GAL1PPpp	arbt_e	-0.0	-1000.0	0.0	-0.0	Inf
GAL1PPpp	unagamu_c	-0.0	0.0	0.04624999999961121	Inf	0.0
GAL1PPpp	crn_e	-0.0	-1000.0	0.0	-0.0	Inf
GAL1PPpp	csn_e	-0.0	-1000.0	0.0	-0.0	Inf
GAL1PPpp	cyan_e	-0.0	-1000.0	0.0	-0.0	Inf
GAL1PPpp	glyb_e	-0.0	-1000.0	0.0	-0.0	Inf
GAL1PPpp	glyc_e	-0.0	-1000.0	0.0	-0.0	Inf
GAL1PPpp	cytd_e	-0.0	-1000.0	0.0	-0.0	Inf
GAL1PPpp	ca2_e	-0.0	-0.004492041516414247	999.9955079584836	-0.0	0.0
GAL1PPpp	dad_2_e	-0.0	-1000.0	0.0	-0.0	Inf
GAL1PPpp	dcyt_e	-0.0	-1000.0	0.0	-0.0	Inf
GAL1PPpp	chol_e	-0.0	-1000.0	0.0	-0.0	Inf
GAL1PPpp	dha_e	-0.0	-1000.0	0.0	-0.0	Inf
GAL1PPpp	ppal_e	-0.0	-1000.0	0.0	-0.0	Inf
GAL1PPpp	h2_e	-0.0	-1000.0	0.0	-0.0	Inf
GAL1PPpp	dms_e	-0.0	-1000.0	0.0	-0.0	Inf
GAL1PPpp	dmso_e	-0.0	-1000.0	0.0	-0.0	Inf
GAL1PPpp	h2o2_e	-0.0	-1000.0	0.0	-0.0	Inf
GAL1PPpp	psclys_e	-0.0	-1000.0	0.0	-0.0	Inf
GAL1PPpp	duri_e	-0.0	-1000.0	0.0	-0.0	Inf
GAL1PPpp	pydx_e	-0.0	-1000.0	0.0	-0.0	Inf
GAL1PPpp	pydxn_e	-0.0	-1000.0	0.0	-0.0	Inf
GAL1PPpp	etoh_e	-0.0	-1000.0	0.0	-0.0	Inf
GAL1PPpp	fald_e	-0.0	0.0	0.0	Inf	Inf
GAL1PPpp	rib__D_e	-0.0	-1000.0	0.0	-0.0	Inf
GAL1PPpp	rmn_e	-0.0	-1000.0	0.0	-0.0	Inf
GAL1PPpp	indole_e	-0.0	-1000.0	0.0	-0.0	Inf
GAL1PPpp	inost_e	-0.0	-1000.0	0.0	-0.0	Inf
GAL1PPpp	sbt__D_e	-0.0	-2.1619573067278006	0.0	-0.0	Inf
GAL1PPpp	k_e	-0.0	-0.16845630349848761	999.8315436965015	-0.0	0.0
GAL1PPpp	for_e	-0.0	0.0	0.0021169986267361904	Inf	0.0
GAL1PPpp	slnt_e	-0.0	0.0	1000.0	Inf	0.0
GAL1PPpp	fru_e	-0.0	-1000.0	0.0	-0.0	Inf
GAL1PPpp	so2_e	-0.0	-1000.0	0.0	-0.0	Inf
GAL1PPpp	so3_e	-0.0	-1000.0	0.0	-0.0	Inf
GAL1PPpp	so4_e	-0.0	-0.21766336039320322	999.7823366396068	-0.0	0.0
GAL1PPpp	lipa_cold_e	-0.0	-1000.0	0.0	-0.0	Inf
GAL1PPpp	sucr_e	-0.0	-1000.0	0.0	-0.0	Inf
GAL1PPpp	g3pe_e	-0.0	-1000.0	0.0	-0.0	Inf
GAL1PPpp	malt_e	-0.0	-1000.0	0.0	-0.0	Inf
GAL1PPpp	tartr__L_e	-0.0	-1000.0	0.0	-0.0	Inf
GAL1PPpp	g3pi_e	-0.0	-1000.0	0.0	-0.0	Inf
GAL1PPpp	malthx_e	-0.0	-1000.0	0.0	-0.0	Inf
GAL1PPpp	maltpt_e	-0.0	-1000.0	0.0	-0.0	Inf
GAL1PPpp	gal_e	-0.0	-1000.0	0.0	-0.0	Inf
GAL1PPpp	gal_bD_e	-0.0	-1000.0	0.0	-0.0	Inf
GAL1PPpp	malttr_e	-0.0	-1000.0	0.0	-0.0	Inf
GAL1PPpp	maltttr_e	-0.0	-1000.0	0.0	-0.0	Inf
GAL1PPpp	man_e	-0.0	-1000.0	0.0	-0.0	Inf
GAL1PPpp	thym_e	-0.0	-1000.0	0.0	-0.0	Inf
GAL1PPpp	thymd_e	-0.0	-1000.0	0.0	-0.0	Inf
GAL1PPpp	galt_e	-0.0	-1.141953909704853	0.0	-0.0	Inf
GAL1PPpp	melib_e	-0.0	-1000.0	0.0	-0.0	Inf
GAL1PPpp	meoh_e	-0.0	-999.9999982739514	1.7260485947190318e-06	-0.0	0.0
GAL1PPpp	tmao_e	-0.0	-1000.0	0.0	-0.0	Inf
GAL1PPpp	tre_e	-0.0	-1000.0	0.0	-0.0	Inf
GAL1PPpp	metsox_S__L_e	-0.0	-1000.0	0.0	-0.0	Inf
GAL1PPpp	glc__D_e	-0.0	-2.1619573067278006	0.9641844304313982	-0.0	0.0
GAL1PPpp	mg2_e	-0.0	-0.007486735860652516	999.9925132641393	-0.0	0.0
GAL1PPpp	mnl_e	-0.0	-1000.0	0.0	-0.0	Inf
GAL1PPpp	mobd_e	-0.0	-0.00011133013560993277	999.9998886698644	-0.0	0.0
GAL1PPpp	glyald_e	-0.0	-1000.0	0.0	-0.0	Inf
GAL1PPpp	n2o_e	-0.0	-1000.0	0.0	-0.0	Inf
GAL1PPpp	na1_e	-0.0	0.0	1000.0	Inf	0.0
GAL1PPpp	nac_e	-0.0	-1000.0	0.0	-0.0	Inf
GAL1PPpp	ni2_e	-0.0	-0.00027875685111666826	999.9997212431489	-0.0	0.0
GAL1PPpp	no_e	-0.0	-1000.0	0.0	-0.0	Inf
GAL1PPpp	no2_e	-0.0	-1000.0	0.0	-0.0	Inf
GAL1PPpp	ura_e	-0.0	-1000.0	0.0	-0.0	Inf
GAL1PPpp	no3_e	-0.0	-1000.0	0.0	-0.0	Inf
GAL1PPpp	urea_e	-0.0	-1000.0	0.0	-0.0	Inf
GAL1PPpp	novbcn_e	-0.0	-1000.0	0.0	-0.0	Inf
GAL1PPpp	uri_e	-0.0	-1000.0	0.0	-0.0	Inf
GAL1PPpp	o2_e	-0.0	-272.7291671264818	727.2708328735182	-0.0	0.0
GAL1PPpp	xan_e	-0.0	0.0	0.0	Inf	Inf
GAL1PPpp	xtsn_e	-0.0	-1000.0	0.0	-0.0	Inf
GAL1PPpp	xyl__D_e	-0.0	-1000.0	0.0	-0.0	Inf
GAL1PPpp	xylu__L_e	-0.0	-1000.0	0.0	-0.0	Inf
GAL1PPpp	pacald_e	-0.0	-1000.0	0.0	-0.0	Inf
GAL1PPpp	12dgr120_p	-0.0	0.0	0.0	Inf	Inf
GAL1PPpp	12dgr140_p	-0.0	0.0	0.0	Inf	Inf
GAL1PPpp	12dgr160_p	-0.0	-0.05507303310798761	0.0	-0.0	Inf
GAL1PPpp	12dgr180_p	-0.0	0.0	0.0	Inf	Inf
GAL1PPpp	12ppd__R_p	-0.0	-1000.0	0.0	-0.0	Inf
GAL1PPpp	12ppd__S_p	-0.0	0.0	0.0	Inf	Inf
GAL1PPpp	chol_p	-0.0	-1000.0	0.0	-0.0	Inf
GAL1PPpp	cl_p	-0.0	-0.004492041516414247	999.9955079584836	-0.0	0.0
GAL1PPpp	34dhpac_p	-0.0	-1000.0	0.0	-0.0	Inf
GAL1PPpp	cm_p	-0.0	0.0	0.0	Inf	Inf
GAL1PPpp	4hoxpacd_p	-0.0	-1000.0	0.0	-0.0	Inf
GAL1PPpp	co2_p	-0.0	-975.4257548689511	24.574245131048883	-0.0	0.0
GAL1PPpp	5mtr_p	-0.0	0.0	0.0	Inf	Inf
GAL1PPpp	LalaDgluMdap_p	-0.0	-0.023981719434684915	0.0	-0.0	Inf
GAL1PPpp	gal_p	-0.0	-1000.0	0.0	-0.0	Inf
GAL1PPpp	ac_p	-0.0	-2.1619573067278	0.0	-0.0	Inf
GAL1PPpp	crn_p	-0.0	-1000.0	0.0	-0.0	Inf
GAL1PPpp	gal_bD_p	-0.0	-1000.0	0.0	-0.0	Inf
GAL1PPpp	acald_p	-0.0	-1000.0	0.0	-0.0	Inf
GAL1PPpp	acgal_p	-0.0	-1000.0	0.0	-0.0	Inf
GAL1PPpp	csn_p	-0.0	0.0	0.0	Inf	Inf
GAL1PPpp	acgam_p	-0.0	-1000.0	0.0	-0.0	Inf
GAL1PPpp	galt_p	-0.0	-1.141953909704853	0.0	-0.0	Inf
GAL1PPpp	acmana_p	-0.0	-1000.0	0.0	-0.0	Inf
GAL1PPpp	cyan_p	-0.0	0.0	0.0	Inf	Inf
GAL1PPpp	ade_p	-0.0	-1000.0	0.0	-0.0	Inf
GAL1PPpp	adn_p	-0.0	0.0	0.000580815358392962	Inf	0.0
GAL1PPpp	cytd_p	-0.0	-0.13853697683356336	0.0	-0.0	Inf
GAL1PPpp	glc__D_p	-0.0	-2.1619573067278006	0.9641844304313982	-0.0	0.0
GAL1PPpp	dad_2_p	-0.0	-1000.0	0.0	-0.0	Inf
GAL1PPpp	dcyt_p	-0.0	-1000.0	0.0	-0.0	Inf
GAL1PPpp	all__D_p	-0.0	0.0	0.0	Inf	Inf
GAL1PPpp	alltn_p	-0.0	0.0	0.0	Inf	Inf
GAL1PPpp	dha_p	-0.0	-1000.0	0.0	-0.0	Inf
GAL1PPpp	glyald_p	-0.0	-1000.0	0.0	-0.0	Inf
GAL1PPpp	glyb_p	0.0	0.0	0.0	Inf	Inf
GAL1PPpp	dms_p	-0.0	-1000.0	0.0	-0.0	Inf
GAL1PPpp	glyc_p	-0.0	-0.1199845433124145	0.0	-0.0	Inf
GAL1PPpp	dmso_p	-0.0	-1000.0	0.0	-0.0	Inf
GAL1PPpp	arab__L_p	-0.0	0.0	0.0	Inf	Inf
GAL1PPpp	arbt_p	0.0	0.0	0.0	Inf	Inf
GAL1PPpp	ca2_p	-0.0	-0.004492041516414247	999.9955079584836	-0.0	0.0
GAL1PPpp	duri_p	-0.0	-1000.0	0.0	-0.0	Inf
GAL1PPpp	h2_p	-0.0	-1000.0	0.0	-0.0	Inf
GAL1PPpp	h2o2_p	-0.0	-1000.0	0.0	-0.0	Inf
GAL1PPpp	etoh_p	-0.0	-1000.0	0.0	-0.0	Inf
GAL1PPpp	fald_p	-0.0	0.0	0.0	Inf	Inf
GAL1PPpp	n2o_p	-0.0	-1000.0	0.0	-0.0	Inf
GAL1PPpp	na1_p	-0.0	0.0	0.0	Inf	Inf
GAL1PPpp	indole_p	-0.0	0.0	0.544403453917048	Inf	0.0
GAL1PPpp	nac_p	-0.0	-1000.0	0.0	-0.0	Inf
GAL1PPpp	ni2_p	-0.0	-0.00027875685111666826	999.9997212431489	-0.0	0.0
GAL1PPpp	inost_p	-0.0	-1000.0	0.0	-0.0	Inf
GAL1PPpp	no_p	-0.0	-1000.0	0.0	-0.0	Inf
GAL1PPpp	no2_p	-0.0	-1000.0	0.0	-0.0	Inf
GAL1PPpp	for_p	-0.0	0.0	0.0021169986267361904	Inf	0.0
GAL1PPpp	fru_p	-0.0	-1000.0	0.0	-0.0	Inf
GAL1PPpp	no3_p	-0.0	0.0	0.0	Inf	Inf
GAL1PPpp	k_p	-0.0	-0.16845630349848761	999.8315436965015	-0.0	0.0
GAL1PPpp	novbcn_p	-0.0	0.0	0.0	Inf	Inf
GAL1PPpp	o2_p	-0.0	-272.7291671264818	727.2708328735182	-0.0	0.0
GAL1PPpp	lipa_cold_p	-0.0	-20.006826931451506	0.0	-0.0	Inf
GAL1PPpp	g3pe_p	-0.0	0.0	0.0	Inf	Inf
GAL1PPpp	g3pi_p	-0.0	0.0	0.0	Inf	Inf
GAL1PPpp	so3_p	-0.0	-1000.0	0.0	-0.0	Inf
GAL1PPpp	so4_p	-0.0	-0.21766336039315248	999.7823366396068	-0.0	0.0
GAL1PPpp	malt_p	0.0	0.0	0.0	Inf	Inf
GAL1PPpp	malthx_p	0.0	0.0	0.0	Inf	Inf
GAL1PPpp	maltpt_p	0.0	0.0	0.0	Inf	Inf
GAL1PPpp	sucr_p	-0.0	-1000.0	0.0	-0.0	Inf
GAL1PPpp	malttr_p	0.0	0.0	0.0	Inf	Inf
GAL1PPpp	maltttr_p	0.0	0.0	0.0	Inf	Inf
GAL1PPpp	pacald_p	-0.0	-1000.0	0.0	-0.0	Inf
GAL1PPpp	man_p	-0.0	-1000.0	0.0	-0.0	Inf
GAL1PPpp	tartr__L_p	-0.0	-1000.0	0.0	-0.0	Inf
GAL1PPpp	pe120_p	-0.0	0.0	0.0	Inf	Inf
GAL1PPpp	melib_p	-0.0	-1000.0	0.0	-0.0	Inf
GAL1PPpp	meoh_p	-0.0	-999.9999982739514	1.7260485947190318e-06	-0.0	0.0
GAL1PPpp	thym_p	-0.0	-1000.0	0.0	-0.0	Inf
GAL1PPpp	thymd_p	-0.0	-0.02258189400924948	0.0	-0.0	Inf
GAL1PPpp	pg120_p	-0.0	-0.05999227165620725	0.0	-0.0	Inf
GAL1PPpp	metsox_S__L_p	-0.0	-1000.0	0.0	-0.0	Inf
GAL1PPpp	tmao_p	-0.0	-1000.0	0.0	-0.0	Inf
GAL1PPpp	mg2_p	-0.0	-0.007486735860652516	999.9925132641393	-0.0	0.0
GAL1PPpp	tre_p	-0.0	0.0	0.0	Inf	Inf
GAL1PPpp	mnl_p	-0.0	0.0	0.0	Inf	Inf
GAL1PPpp	mobd_p	-0.0	-0.00011133013560993277	999.9998886698644	-0.0	0.0
GAL1PPpp	ura_p	-0.0	-1000.0	0.0	-0.0	Inf
GAL1PPpp	urea_p	-0.0	-1000.0	0.0	-0.0	Inf
GAL1PPpp	uri_p	-0.0	0.0	0.0	Inf	Inf
GAL1PPpp	xan_p	-0.0	-0.09425002150885575	0.0	-0.0	Inf
GAL1PPpp	xtsn_p	-0.0	0.0	0.0	Inf	Inf
GAL1PPpp	xyl__D_p	-0.0	0.0	0.0	Inf	Inf
GAL1PPpp	xylu__L_p	-0.0	-1000.0	0.0	-0.0	Inf
GAL1PPpp	ppal_p	-0.0	-1000.0	0.0	-0.0	Inf
GAL1PPpp	psclys_p	-0.0	-1000.0	0.0	-0.0	Inf
GAL1PPpp	pydx_p	-0.0	0.0	0.0	Inf	Inf
GAL1PPpp	pydxn_p	-0.0	0.0	0.0	Inf	Inf
GAL1PPpp	rib__D_p	-0.0	-1000.0	0.0	-0.0	Inf
GAL1PPpp	rmn_p	-0.0	-1000.0	0.0	-0.0	Inf
GAL1PPpp	sbt__D_p	-0.0	-2.1619573067278006	0.0	-0.0	Inf
GAL1PPpp	slnt_p	-0.0	0.0	0.0	Inf	Inf
GAL1PPpp	so2_p	-0.0	-1000.0	0.0	-0.0	Inf
