Reaction	Metabolite	ShadowPrice	G-	G+	DecrementalShadowPrice	IncrementalShadowPrice
GLYCAtex_f	12dgr120_c	-0.0	0.0	0.0	Inf	Inf
GLYCAtex_f	12dgr140_c	-0.0	0.0	0.0	Inf	Inf
GLYCAtex_f	12dgr160_c	-0.0	-0.05507303310799565	0.0	-0.0	Inf
GLYCAtex_f	12dgr180_c	-0.0	0.0	0.0	Inf	Inf
GLYCAtex_f	12ppd__R_c	-0.0	-1000.0	0.0	-0.0	Inf
GLYCAtex_f	12ppd__S_c	-0.0	0.0	0.0	Inf	Inf
GLYCAtex_f	5drib_c	-0.0	-999.999805819531	0.00019418046900835273	-0.0	0.0
GLYCAtex_f	5mta_c	-0.0	0.0	0.0	Inf	Inf
GLYCAtex_f	23dhacoa_c	-0.0	-0.0004971019992148773	0.0	-0.0	Inf
GLYCAtex_f	5mtr_c	-0.0	0.0	0.0	Inf	Inf
GLYCAtex_f	3amac_c	-0.0	-7.929667551641387	0.0	-0.0	Inf
GLYCAtex_f	LalaDgluMdap_c	-0.0	-0.023981719434684915	0.0	-0.0	Inf
GLYCAtex_f	ac_c	-0.0	-2.9822052447901752	0.5027772485007063	-0.0	0.0
GLYCAtex_f	acald_c	-0.0	0.0	2.559128547048624	Inf	0.0
GLYCAtex_f	acetol_c	-0.0	0.0	0.0	Inf	Inf
GLYCAtex_f	acgam_c	-0.0	-0.08154544069183181	0.0	-0.0	Inf
GLYCAtex_f	acgam6p_c	-0.0	-0.08154544069183181	0.0	-0.0	Inf
GLYCAtex_f	acmalt_c	0.0	0.0	0.0	Inf	Inf
GLYCAtex_f	acmana_c	-0.0	-0.08154544069183181	0.0	-0.0	Inf
GLYCAtex_f	2dmmq8_c	-0.0	0.0	0.0	Inf	Inf
GLYCAtex_f	2dmmql8_c	0.0	0.0	0.0	Inf	Inf
GLYCAtex_f	ade_c	-0.0	-0.09636702013605669	0.000580815358392962	-0.0	0.0
GLYCAtex_f	adn_c	-0.0	0.0	0.000580815358392962	Inf	0.0
GLYCAtex_f	3sala_c	0.0	0.0	0.0	Inf	Inf
GLYCAtex_f	adphep_DD_c	-0.0	0.0	0.0	Inf	Inf
GLYCAtex_f	adphep_LD_c	-0.0	0.0	0.0	Inf	Inf
GLYCAtex_f	4ahmmp_c	0.0	0.0	0.0	Inf	Inf
GLYCAtex_f	4crsol_c	-0.0	-999.9998075455796	0.00019245442039494514	-0.0	0.0
GLYCAtex_f	2ohph_c	-0.0	-0.00019245442039494514	0.08567276993359332	-0.0	0.0
GLYCAtex_f	2ombzl_c	-0.0	0.0	0.0	Inf	Inf
GLYCAtex_f	2omhmbl_c	-0.0	0.0	0.0	Inf	Inf
GLYCAtex_f	2ommbl_c	0.0	0.0	0.0	Inf	Inf
GLYCAtex_f	2omph_c	-0.0	0.0	0.07709716711225208	Inf	0.0
GLYCAtex_f	4mhetz_c	0.0	0.0	0.0	Inf	Inf
GLYCAtex_f	2oph_c	-0.0	-0.00019245442039494514	0.08567276993359332	-0.0	0.0
GLYCAtex_f	2oxpaccoa_c	-0.0	-0.0004971019992148773	0.0	-0.0	Inf
GLYCAtex_f	all__D_c	-0.0	-1.4911026223950838	0.0	-0.0	Inf
GLYCAtex_f	alltn_c	-0.0	-1.9824168879103476	0.0	-0.0	Inf
GLYCAtex_f	4r5au_c	-0.0	-0.000384908841661975	0.505305636678391	-0.0	0.0
GLYCAtex_f	56dura_c	0.0	0.0	0.0	Inf	Inf
GLYCAtex_f	arab__L_c	-0.0	-1.5219895130829855	0.0	-0.0	Inf
GLYCAtex_f	etoh_c	-0.0	-1000.0	0.0	-0.0	Inf
GLYCAtex_f	csn_c	-0.0	0.0	0.0	Inf	Inf
GLYCAtex_f	fald_c	-0.0	0.0	0.0	Inf	Inf
GLYCAtex_f	fc1p_c	-0.0	-0.8325000000033916	0.0	-0.0	Inf
GLYCAtex_f	fcl__L_c	-0.0	0.0	0.0	Inf	Inf
GLYCAtex_f	aso4_c	0.0	0.0	0.0	Inf	Inf
GLYCAtex_f	cyan_c	0.0	0.0	0.0	Inf	Inf
GLYCAtex_f	athtp_c	0.0	0.0	0.0	Inf	Inf
GLYCAtex_f	cytd_c	-0.0	-0.13853697683356334	0.0	-0.0	Inf
GLYCAtex_f	dad_2_c	-0.0	0.0	0.0	Inf	Inf
GLYCAtex_f	dad_5_c	-0.0	-0.09636702013605669	0.00019418046900835273	-0.0	0.0
GLYCAtex_f	betald_c	0.0	0.0	0.0	Inf	Inf
GLYCAtex_f	btal_c	-0.0	-41.66858117451918	0.0	-0.0	Inf
GLYCAtex_f	for_c	-0.0	-7.929667551641391	0.002116998626864241	-0.0	0.0
GLYCAtex_f	dcyt_c	-0.0	-0.02258189400924948	0.0	-0.0	Inf
GLYCAtex_f	fru_c	-0.0	0.0	0.0	Inf	Inf
GLYCAtex_f	ca2_c	-0.0	-0.004492041516414247	83.33716234903837	-0.0	0.0
GLYCAtex_f	g3pe_c	-0.0	0.0	0.0	Inf	Inf
GLYCAtex_f	g3pi_c	0.0	0.0	0.0	Inf	Inf
GLYCAtex_f	cbm_c	-0.0	-3.9648337758206935	0.0	-0.0	Inf
GLYCAtex_f	dha_c	-0.0	-2.982205244790176	1.7279633930771852	-0.0	0.0
GLYCAtex_f	gal_c	-0.0	0.0	0.0	Inf	Inf
GLYCAtex_f	dhgly_c	-0.0	-0.00019245442039494514	0.3141751623776699	-0.0	0.0
GLYCAtex_f	dhmptp_c	0.0	0.0	0.0	Inf	Inf
GLYCAtex_f	gcald_c	-0.0	-2.553997886237492	0.0005773632610884261	-0.0	0.0
GLYCAtex_f	dhptd_c	-0.0	-47.36651339735725	0.0003866348893846093	-0.0	0.0
GLYCAtex_f	cechddd_c	-0.0	0.0	0.0	Inf	Inf
GLYCAtex_f	dhptdn_c	0.0	0.0	0.0	Inf	Inf
GLYCAtex_f	chol_c	0.0	0.0	0.0	Inf	Inf
GLYCAtex_f	chtbs6p_c	-0.0	0.0	0.0	Inf	Inf
GLYCAtex_f	dmbzid_c	0.0	0.0	0.0	Inf	Inf
GLYCAtex_f	dms_c	0.0	0.0	0.0	Inf	Inf
GLYCAtex_f	dmso_c	0.0	0.0	0.0	Inf	Inf
GLYCAtex_f	cl_c	-0.0	-0.004492041516393227	166.67432469807673	-0.0	0.0
GLYCAtex_f	glc__D_c	-0.0	-1.4911026223950838	0.0	-0.0	Inf
GLYCAtex_f	co2_c	-0.0	-975.4257548689795	24.572128132393573	-0.0	0.0
GLYCAtex_f	dscl_c	-0.0	-0.00019245442039494514	0.10210165374325272	-0.0	0.0
GLYCAtex_f	dtdp4aaddg_c	-0.0	0.0	0.0	Inf	Inf
GLYCAtex_f	glyald_c	-0.0	-1000.0	0.0	-0.0	Inf
GLYCAtex_f	crn_c	-0.0	-83.33716234903837	0.0	-0.0	Inf
GLYCAtex_f	duri_c	-0.0	-0.02258189400924948	0.0	-0.0	Inf
GLYCAtex_f	glyb_c	0.0	0.0	0.0	Inf	Inf
GLYCAtex_f	glyc_c	-0.0	-0.1199845433124145	0.0	-0.0	Inf
GLYCAtex_f	dxyl_c	0.0	0.0	0.0	Inf	Inf
GLYCAtex_f	glycogen_c	-0.0	-1.4911026223950838	0.0	-0.0	Inf
GLYCAtex_f	gmhep1p_c	-0.0	0.0	0.09249999999660755	Inf	0.0
GLYCAtex_f	lipa_cold_c	-0.0	0.0	0.0	Inf	Inf
GLYCAtex_f	lipidA_c	-0.0	-0.016791000911211995	0.046249999998303155	-0.0	0.0
GLYCAtex_f	malt_c	0.0	0.0	0.0	Inf	Inf
GLYCAtex_f	h2_c	-0.0	0.0	0.0	Inf	Inf
GLYCAtex_f	malthx_c	-0.0	0.0	0.0	Inf	Inf
GLYCAtex_f	maltpt_c	-0.0	0.0	0.0	Inf	Inf
GLYCAtex_f	malttr_c	-0.0	0.0	0.0	Inf	Inf
GLYCAtex_f	maltttr_c	-0.0	0.0	0.0	Inf	Inf
GLYCAtex_f	h2o2_c	-0.0	-0.0031767924729766504	16.165639966179267	-0.0	0.0
GLYCAtex_f	man_c	-0.0	0.0	0.0	Inf	Inf
GLYCAtex_f	mdhdhf_c	-0.0	-47.36651339735725	0.0003866348893846093	-0.0	0.0
GLYCAtex_f	melib_c	-0.0	0.0	0.0	Inf	Inf
GLYCAtex_f	meoh_c	-0.0	-999.9999982739514	1.7260485947190318e-06	-0.0	0.0
GLYCAtex_f	pacald_c	-0.0	-83.33716234903837	0.0	-0.0	Inf
GLYCAtex_f	metsox_S__L_c	-0.0	-0.09636702013605669	0.0	-0.0	Inf
GLYCAtex_f	mg2_c	-0.0	-0.007486735860652516	41.66858117451918	-0.0	0.0
GLYCAtex_f	hhlipa_c	-0.0	0.0	0.0	Inf	Inf
GLYCAtex_f	pe120_c	-0.0	0.0	0.0	Inf	Inf
GLYCAtex_f	mobd_c	-0.0	-0.00011133013556478889	19.833246239626874	-0.0	0.0
GLYCAtex_f	hlipa_c	-0.0	0.0	0.0	Inf	Inf
GLYCAtex_f	pg120_c	-0.0	-0.05999227165620725	0.0	-0.0	Inf
GLYCAtex_f	mql8_c	0.0	0.0	0.0	Inf	Inf
GLYCAtex_f	mqn8_c	-0.0	0.0	0.0	Inf	Inf
GLYCAtex_f	mthgxl_c	-0.0	0.0	0.0	Inf	Inf
GLYCAtex_f	hqn_c	0.0	0.0	0.0	Inf	Inf
GLYCAtex_f	mththf_c	-0.0	-999.9996133651106	0.0003866348893846093	-0.0	0.0
GLYCAtex_f	n2o_c	-0.0	-1000.0	0.0	-0.0	Inf
GLYCAtex_f	na1_c	-0.0	0.0	0.0	Inf	Inf
GLYCAtex_f	nac_c	-0.0	0.0	0.0	Inf	Inf
GLYCAtex_f	ncam_c	-0.0	0.0	0.0	Inf	Inf
GLYCAtex_f	ni2_c	-0.0	-0.00027875685106532413	999.9997212431489	-0.0	0.0
GLYCAtex_f	no_c	-0.0	-1000.0	0.0	-0.0	Inf
GLYCAtex_f	indole_c	-0.0	-0.049056890665963526	0.43199084826929646	-0.0	0.0
GLYCAtex_f	no2_c	-0.0	-83.33716234903837	0.0	-0.0	Inf
GLYCAtex_f	no3_c	0.0	0.0	0.0	Inf	Inf
GLYCAtex_f	inost_c	0.0	0.0	0.0	Inf	Inf
GLYCAtex_f	o2_c	-0.0	-22.732632384809904	977.2673676151901	-0.0	0.0
GLYCAtex_f	poaac_c	-0.0	-6.102537304500562	0.0	-0.0	Inf
GLYCAtex_f	ppal_c	-0.0	0.0	0.0	Inf	Inf
GLYCAtex_f	k_c	-0.0	-0.16845630349843288	79.3329849585075	-0.0	0.0
GLYCAtex_f	psclys_c	-0.0	0.0	0.0	Inf	Inf
GLYCAtex_f	lald__D_c	-0.0	0.0	0.0	Inf	Inf
GLYCAtex_f	lald__L_c	-0.0	-2.9822052447901752	0.0	-0.0	Inf
GLYCAtex_f	ura_c	-0.0	0.0	0.0	Inf	Inf
GLYCAtex_f	pydx_c	-0.0	0.0	0.0031767924729766504	Inf	0.0
GLYCAtex_f	uracp_c	-0.0	-4.660686822219645	0.0	-0.0	Inf
GLYCAtex_f	pydxn_c	-0.0	0.0	0.6397821367621562	Inf	0.0
GLYCAtex_f	urate_c	-0.0	-0.0031767924729766504	0.0	-0.0	Inf
GLYCAtex_f	q8_c	-0.0	0.0	0.0	Inf	Inf
GLYCAtex_f	q8h2_c	0.0	0.0	0.0	Inf	Inf
GLYCAtex_f	urea_c	-0.0	-1000.0	0.0	-0.0	Inf
GLYCAtex_f	uri_c	-0.0	0.0	0.609869432850771	Inf	0.0
GLYCAtex_f	rbflvrd_c	-0.0	0.0	0.25599457675217563	Inf	0.0
GLYCAtex_f	rbl__L_c	-0.0	-1.5219895130829855	0.0	-0.0	Inf
GLYCAtex_f	rdmbzi_c	0.0	0.0	0.0	Inf	Inf
GLYCAtex_f	thptdn_c	0.0	0.0	0.0	Inf	Inf
GLYCAtex_f	xan_c	-0.0	-0.09636702013605669	0.0	-0.0	Inf
GLYCAtex_f	rephaccoa_c	-0.0	-0.0004971019992148773	0.0	-0.0	Inf
GLYCAtex_f	rib__D_c	-0.0	0.0	1.036778035846311	Inf	0.0
GLYCAtex_f	xtsn_c	-0.0	0.0	0.0	Inf	Inf
GLYCAtex_f	rml_c	-0.0	-1.4911026223950847	0.0	-0.0	Inf
GLYCAtex_f	thym_c	-0.0	-79.3329849585075	0.0	-0.0	Inf
GLYCAtex_f	thymd_c	-0.0	-0.02258189400924948	0.0	-0.0	Inf
GLYCAtex_f	xu5p__L_c	-0.0	-0.8325000000033916	0.0	-0.0	Inf
GLYCAtex_f	rmn_c	-0.0	-1.4911026223950847	0.0	-0.0	Inf
GLYCAtex_f	xyl__D_c	0.0	0.0	0.0	Inf	Inf
GLYCAtex_f	tmao_c	0.0	0.0	0.0	Inf	Inf
GLYCAtex_f	xylu__D_c	-0.0	0.0	0.0	Inf	Inf
GLYCAtex_f	xylu__L_c	-0.0	-1.5219895130829855	0.0	-0.0	Inf
GLYCAtex_f	12ppd__R_e	-0.0	-1000.0	0.0	-0.0	Inf
GLYCAtex_f	12ppd__S_e	-0.0	-1000.0	0.0	-0.0	Inf
GLYCAtex_f	tre_c	-0.0	-0.7455513111975419	0.0	-0.0	Inf
GLYCAtex_f	seln_c	0.0	0.0	0.0	Inf	Inf
GLYCAtex_f	34dhpac_e	-0.0	-1000.0	0.0	-0.0	Inf
GLYCAtex_f	slnt_c	0.0	0.0	0.0	Inf	Inf
GLYCAtex_f	so2_c	0.0	0.0	0.0	Inf	Inf
GLYCAtex_f	so3_c	-0.0	-0.21391956094976194	3.9666492479253694	-0.0	0.0
GLYCAtex_f	so4_c	-0.0	-0.217663360392243	79.3329849585075	-0.0	0.0
GLYCAtex_f	4hoxpacd_e	-0.0	-1000.0	0.0	-0.0	Inf
GLYCAtex_f	5mtr_e	-0.0	0.0	0.0	Inf	Inf
GLYCAtex_f	LalaDgluMdap_e	-0.0	-1000.0	0.0	-0.0	Inf
GLYCAtex_f	ac_e	-0.0	0.0	0.0	Inf	Inf
GLYCAtex_f	acald_e	-0.0	-1000.0	0.0	-0.0	Inf
GLYCAtex_f	acgal_e	-0.0	-1000.0	0.0	-0.0	Inf
GLYCAtex_f	acgam_e	-0.0	-1000.0	0.0	-0.0	Inf
GLYCAtex_f	acmana_e	-0.0	-1000.0	0.0	-0.0	Inf
GLYCAtex_f	tagur_c	-0.0	0.0	0.0	Inf	Inf
GLYCAtex_f	tartr__L_c	-0.0	-2.553997886237492	0.0	-0.0	Inf
GLYCAtex_f	ade_e	-0.0	-1000.0	0.0	-0.0	Inf
GLYCAtex_f	adn_e	-0.0	-1000.0	0.0	-0.0	Inf
GLYCAtex_f	all__D_e	-0.0	-1000.0	0.0	-0.0	Inf
GLYCAtex_f	cl_e	-0.0	-0.004492041516414247	999.9955079584836	-0.0	0.0
GLYCAtex_f	alltn_e	-0.0	0.0	0.0	Inf	Inf
GLYCAtex_f	cm_e	-0.0	-1000.0	0.0	-0.0	Inf
GLYCAtex_f	co2_e	-0.0	-975.4257548689795	24.57424513102046	-0.0	0.0
GLYCAtex_f	arab__L_e	-0.0	-1000.0	0.0	-0.0	Inf
GLYCAtex_f	arbt_e	-0.0	-1000.0	0.0	-0.0	Inf
GLYCAtex_f	unagamu_c	-0.0	0.0	0.046249999998303155	Inf	0.0
GLYCAtex_f	crn_e	-0.0	-1000.0	0.0	-0.0	Inf
GLYCAtex_f	csn_e	-0.0	-1000.0	0.0	-0.0	Inf
GLYCAtex_f	cyan_e	-0.0	-1000.0	0.0	-0.0	Inf
GLYCAtex_f	glyb_e	-0.0	-1000.0	0.0	-0.0	Inf
GLYCAtex_f	glyc_e	-0.0	-1000.0	0.0	-0.0	Inf
GLYCAtex_f	cytd_e	-0.0	-1000.0	0.0	-0.0	Inf
GLYCAtex_f	ca2_e	-0.0	-0.004492041516414247	999.9955079584836	-0.0	0.0
GLYCAtex_f	dad_2_e	-0.0	-1000.0	0.0	-0.0	Inf
GLYCAtex_f	dcyt_e	-0.0	-1000.0	0.0	-0.0	Inf
GLYCAtex_f	chol_e	-0.0	-1000.0	0.0	-0.0	Inf
GLYCAtex_f	dha_e	-0.0	-1000.0	0.0	-0.0	Inf
GLYCAtex_f	ppal_e	-0.0	-1000.0	0.0	-0.0	Inf
GLYCAtex_f	h2_e	-0.0	-1000.0	0.0	-0.0	Inf
GLYCAtex_f	dms_e	-0.0	-1000.0	0.0	-0.0	Inf
GLYCAtex_f	dmso_e	-0.0	-1000.0	0.0	-0.0	Inf
GLYCAtex_f	h2o2_e	-0.0	-1000.0	0.0	-0.0	Inf
GLYCAtex_f	psclys_e	-0.0	-1000.0	0.0	-0.0	Inf
GLYCAtex_f	duri_e	-0.0	-1000.0	0.0	-0.0	Inf
GLYCAtex_f	pydx_e	-0.0	-1000.0	0.0	-0.0	Inf
GLYCAtex_f	pydxn_e	-0.0	-1000.0	0.0	-0.0	Inf
GLYCAtex_f	etoh_e	-0.0	-1000.0	0.0	-0.0	Inf
GLYCAtex_f	fald_e	-0.0	0.0	0.0	Inf	Inf
GLYCAtex_f	rib__D_e	-0.0	-1000.0	0.0	-0.0	Inf
GLYCAtex_f	rmn_e	-0.0	-1000.0	0.0	-0.0	Inf
GLYCAtex_f	indole_e	-0.0	-1000.0	0.0	-0.0	Inf
GLYCAtex_f	inost_e	-0.0	-1000.0	0.0	-0.0	Inf
GLYCAtex_f	sbt__D_e	-0.0	-1.491102622395088	0.0	-0.0	Inf
GLYCAtex_f	k_e	-0.0	-0.16845630349848761	999.8315436965015	-0.0	0.0
GLYCAtex_f	for_e	-0.0	0.0	0.002116998626864241	Inf	0.0
GLYCAtex_f	slnt_e	-0.0	0.0	1000.0	Inf	0.0
GLYCAtex_f	fru_e	-0.0	-1000.0	0.0	-0.0	Inf
GLYCAtex_f	so2_e	-0.0	-1000.0	0.0	-0.0	Inf
GLYCAtex_f	so3_e	-0.0	-1000.0	0.0	-0.0	Inf
GLYCAtex_f	so4_e	-0.0	-0.21766336039229373	999.7823366396077	-0.0	0.0
GLYCAtex_f	lipa_cold_e	-0.0	-1000.0	0.0	-0.0	Inf
GLYCAtex_f	sucr_e	-0.0	-1000.0	0.0	-0.0	Inf
GLYCAtex_f	g3pe_e	-0.0	-1000.0	0.0	-0.0	Inf
GLYCAtex_f	malt_e	-0.0	-1000.0	0.0	-0.0	Inf
GLYCAtex_f	tartr__L_e	-0.0	-1000.0	0.0	-0.0	Inf
GLYCAtex_f	g3pi_e	-0.0	-1000.0	0.0	-0.0	Inf
GLYCAtex_f	malthx_e	-0.0	-1000.0	0.0	-0.0	Inf
GLYCAtex_f	maltpt_e	-0.0	-1000.0	0.0	-0.0	Inf
GLYCAtex_f	gal_e	-0.0	-1000.0	0.0	-0.0	Inf
GLYCAtex_f	gal_bD_e	-0.0	-1000.0	0.0	-0.0	Inf
GLYCAtex_f	malttr_e	-0.0	-1000.0	0.0	-0.0	Inf
GLYCAtex_f	maltttr_e	-0.0	-1000.0	0.0	-0.0	Inf
GLYCAtex_f	man_e	-0.0	-1000.0	0.0	-0.0	Inf
GLYCAtex_f	thym_e	-0.0	-1000.0	0.0	-0.0	Inf
GLYCAtex_f	thymd_e	-0.0	-1000.0	0.0	-0.0	Inf
GLYCAtex_f	galt_e	-0.0	-1.4911026223950847	0.0	-0.0	Inf
GLYCAtex_f	melib_e	-0.0	-1000.0	0.0	-0.0	Inf
GLYCAtex_f	meoh_e	-0.0	-999.9999982739514	1.7260485947190318e-06	-0.0	0.0
GLYCAtex_f	tmao_e	-0.0	-1000.0	0.0	-0.0	Inf
GLYCAtex_f	tre_e	-0.0	-1000.0	0.0	-0.0	Inf
GLYCAtex_f	metsox_S__L_e	-0.0	-1000.0	0.0	-0.0	Inf
GLYCAtex_f	glc__D_e	-0.0	-1.491102622395088	0.9444402971250878	-0.0	0.0
GLYCAtex_f	mg2_e	-0.0	-0.007486735860652516	999.9925132641393	-0.0	0.0
GLYCAtex_f	mnl_e	-0.0	-1000.0	0.0	-0.0	Inf
GLYCAtex_f	mobd_e	-0.0	-0.00011133013560993277	999.9998886698644	-0.0	0.0
GLYCAtex_f	glyald_e	-0.0	-1000.0	0.0	-0.0	Inf
GLYCAtex_f	n2o_e	-0.0	-1000.0	0.0	-0.0	Inf
GLYCAtex_f	na1_e	-0.0	0.0	1000.0	Inf	0.0
GLYCAtex_f	nac_e	-0.0	-1000.0	0.0	-0.0	Inf
GLYCAtex_f	ni2_e	-0.0	-0.00027875685111666826	999.9997212431489	-0.0	0.0
GLYCAtex_f	no_e	-0.0	-1000.0	0.0	-0.0	Inf
GLYCAtex_f	no2_e	-0.0	-1000.0	0.0	-0.0	Inf
GLYCAtex_f	ura_e	-0.0	-1000.0	0.0	-0.0	Inf
GLYCAtex_f	no3_e	-0.0	-1000.0	0.0	-0.0	Inf
GLYCAtex_f	urea_e	-0.0	-1000.0	0.0	-0.0	Inf
GLYCAtex_f	novbcn_e	-0.0	-1000.0	0.0	-0.0	Inf
GLYCAtex_f	uri_e	-0.0	-1000.0	0.0	-0.0	Inf
GLYCAtex_f	o2_e	-0.0	-22.732632384809904	977.2673676151901	-0.0	0.0
GLYCAtex_f	xan_e	-0.0	0.0	0.0	Inf	Inf
GLYCAtex_f	xtsn_e	-0.0	-1000.0	0.0	-0.0	Inf
GLYCAtex_f	xyl__D_e	-0.0	-1000.0	0.0	-0.0	Inf
GLYCAtex_f	xylu__L_e	-0.0	-1000.0	0.0	-0.0	Inf
GLYCAtex_f	pacald_e	-0.0	-1000.0	0.0	-0.0	Inf
GLYCAtex_f	12dgr120_p	-0.0	0.0	0.0	Inf	Inf
GLYCAtex_f	12dgr140_p	-0.0	0.0	0.0	Inf	Inf
GLYCAtex_f	12dgr160_p	-0.0	-0.05507303310799565	0.0	-0.0	Inf
GLYCAtex_f	12dgr180_p	-0.0	0.0	0.0	Inf	Inf
GLYCAtex_f	12ppd__R_p	-0.0	-1000.0	0.0	-0.0	Inf
GLYCAtex_f	12ppd__S_p	-0.0	0.0	0.0	Inf	Inf
GLYCAtex_f	chol_p	-0.0	-1000.0	0.0	-0.0	Inf
GLYCAtex_f	cl_p	-0.0	-0.004492041516414247	999.9955079584836	-0.0	0.0
GLYCAtex_f	34dhpac_p	-0.0	-1000.0	0.0	-0.0	Inf
GLYCAtex_f	cm_p	-0.0	0.0	0.0	Inf	Inf
GLYCAtex_f	4hoxpacd_p	-0.0	-1000.0	0.0	-0.0	Inf
GLYCAtex_f	co2_p	-0.0	-975.4257548689795	24.57424513102046	-0.0	0.0
GLYCAtex_f	5mtr_p	-0.0	0.0	0.0	Inf	Inf
GLYCAtex_f	LalaDgluMdap_p	-0.0	-0.023981719434684915	0.0	-0.0	Inf
GLYCAtex_f	gal_p	-0.0	-1000.0	0.0	-0.0	Inf
GLYCAtex_f	ac_p	-0.0	-2.9822052447901752	0.0	-0.0	Inf
GLYCAtex_f	crn_p	-0.0	-1000.0	0.0	-0.0	Inf
GLYCAtex_f	gal_bD_p	-0.0	-1000.0	0.0	-0.0	Inf
GLYCAtex_f	acald_p	-0.0	-1000.0	0.0	-0.0	Inf
GLYCAtex_f	acgal_p	-0.0	-1000.0	0.0	-0.0	Inf
GLYCAtex_f	csn_p	-0.0	0.0	0.0	Inf	Inf
GLYCAtex_f	acgam_p	-0.0	-1000.0	0.0	-0.0	Inf
GLYCAtex_f	galt_p	-0.0	-1.4911026223950847	0.0	-0.0	Inf
GLYCAtex_f	acmana_p	-0.0	-1000.0	0.0	-0.0	Inf
GLYCAtex_f	cyan_p	-0.0	0.0	0.0	Inf	Inf
GLYCAtex_f	ade_p	-0.0	-1000.0	0.0	-0.0	Inf
GLYCAtex_f	adn_p	-0.0	0.0	0.000580815358392962	Inf	0.0
GLYCAtex_f	cytd_p	-0.0	-0.13853697683356334	0.0	-0.0	Inf
GLYCAtex_f	glc__D_p	-0.0	-1.491102622395088	0.9444402971250878	-0.0	0.0
GLYCAtex_f	dad_2_p	-0.0	-1000.0	0.0	-0.0	Inf
GLYCAtex_f	dcyt_p	-0.0	-1000.0	0.0	-0.0	Inf
GLYCAtex_f	all__D_p	-0.0	0.0	0.0	Inf	Inf
GLYCAtex_f	alltn_p	-0.0	0.0	0.0	Inf	Inf
GLYCAtex_f	dha_p	-0.0	-1000.0	0.0	-0.0	Inf
GLYCAtex_f	glyald_p	-0.0	-1000.0	0.0	-0.0	Inf
GLYCAtex_f	glyb_p	0.0	0.0	0.0	Inf	Inf
GLYCAtex_f	dms_p	-0.0	-1000.0	0.0	-0.0	Inf
GLYCAtex_f	glyc_p	-0.0	-0.1199845433124145	0.0	-0.0	Inf
GLYCAtex_f	dmso_p	-0.0	-1000.0	0.0	-0.0	Inf
GLYCAtex_f	arab__L_p	-0.0	0.0	0.0	Inf	Inf
GLYCAtex_f	arbt_p	0.0	0.0	0.0	Inf	Inf
GLYCAtex_f	ca2_p	-0.0	-0.004492041516414247	999.9955079584836	-0.0	0.0
GLYCAtex_f	duri_p	-0.0	-1000.0	0.0	-0.0	Inf
GLYCAtex_f	h2_p	-0.0	-1000.0	0.0	-0.0	Inf
GLYCAtex_f	h2o2_p	-0.0	-1000.0	0.0	-0.0	Inf
GLYCAtex_f	etoh_p	-0.0	-1000.0	0.0	-0.0	Inf
GLYCAtex_f	fald_p	-0.0	0.0	0.0	Inf	Inf
GLYCAtex_f	n2o_p	-0.0	-1000.0	0.0	-0.0	Inf
GLYCAtex_f	na1_p	-0.0	0.0	0.0	Inf	Inf
GLYCAtex_f	indole_p	-0.0	0.0	0.43199084826929646	Inf	0.0
GLYCAtex_f	nac_p	-0.0	-1000.0	0.0	-0.0	Inf
GLYCAtex_f	ni2_p	-0.0	-0.00027875685111666826	999.9997212431489	-0.0	0.0
GLYCAtex_f	inost_p	-0.0	-1000.0	0.0	-0.0	Inf
GLYCAtex_f	no_p	-0.0	-1000.0	0.0	-0.0	Inf
GLYCAtex_f	no2_p	-0.0	-1000.0	0.0	-0.0	Inf
GLYCAtex_f	for_p	-0.0	-7.929667551641391	0.002116998626864241	-0.0	0.0
GLYCAtex_f	fru_p	-0.0	-1000.0	0.0	-0.0	Inf
GLYCAtex_f	no3_p	-0.0	0.0	0.0	Inf	Inf
GLYCAtex_f	k_p	-0.0	-0.16845630349848761	999.8315436965015	-0.0	0.0
GLYCAtex_f	novbcn_p	-0.0	0.0	0.0	Inf	Inf
GLYCAtex_f	o2_p	-0.0	-22.732632384809904	977.2673676151901	-0.0	0.0
GLYCAtex_f	lipa_cold_p	-0.0	-19.833246239626874	0.0	-0.0	Inf
GLYCAtex_f	g3pe_p	-0.0	0.0	0.0	Inf	Inf
GLYCAtex_f	g3pi_p	-0.0	0.0	0.0	Inf	Inf
GLYCAtex_f	so3_p	-0.0	-1000.0	0.0	-0.0	Inf
GLYCAtex_f	so4_p	-0.0	-0.217663360392243	999.7823366396077	-0.0	0.0
GLYCAtex_f	malt_p	0.0	0.0	0.0	Inf	Inf
GLYCAtex_f	malthx_p	0.0	0.0	0.0	Inf	Inf
GLYCAtex_f	maltpt_p	0.0	0.0	0.0	Inf	Inf
GLYCAtex_f	sucr_p	-0.0	-1000.0	0.0	-0.0	Inf
GLYCAtex_f	malttr_p	0.0	0.0	0.0	Inf	Inf
GLYCAtex_f	maltttr_p	0.0	0.0	0.0	Inf	Inf
GLYCAtex_f	pacald_p	-0.0	-1000.0	0.0	-0.0	Inf
GLYCAtex_f	man_p	-0.0	-1000.0	0.0	-0.0	Inf
GLYCAtex_f	tartr__L_p	-0.0	-1000.0	0.0	-0.0	Inf
GLYCAtex_f	pe120_p	-0.0	0.0	0.0	Inf	Inf
GLYCAtex_f	melib_p	-0.0	-1000.0	0.0	-0.0	Inf
GLYCAtex_f	meoh_p	-0.0	-999.9999982739514	1.7260485947190318e-06	-0.0	0.0
GLYCAtex_f	thym_p	-0.0	-1000.0	0.0	-0.0	Inf
GLYCAtex_f	thymd_p	-0.0	-0.02258189400924948	0.0	-0.0	Inf
GLYCAtex_f	pg120_p	-0.0	-0.05999227165620725	0.0	-0.0	Inf
GLYCAtex_f	metsox_S__L_p	-0.0	-1000.0	0.0	-0.0	Inf
GLYCAtex_f	tmao_p	-0.0	-1000.0	0.0	-0.0	Inf
GLYCAtex_f	mg2_p	-0.0	-0.007486735860652516	999.9925132641393	-0.0	0.0
GLYCAtex_f	tre_p	-0.0	0.0	0.0	Inf	Inf
GLYCAtex_f	mnl_p	-0.0	0.0	0.0	Inf	Inf
GLYCAtex_f	mobd_p	-0.0	-0.00011133013560993277	999.9998886698644	-0.0	0.0
GLYCAtex_f	ura_p	-0.0	-1000.0	0.0	-0.0	Inf
GLYCAtex_f	urea_p	-0.0	-1000.0	0.0	-0.0	Inf
GLYCAtex_f	uri_p	-0.0	0.0	0.0	Inf	Inf
GLYCAtex_f	xan_p	-0.0	-0.09636702013605669	0.0	-0.0	Inf
GLYCAtex_f	xtsn_p	-0.0	0.0	0.0	Inf	Inf
GLYCAtex_f	xyl__D_p	-0.0	0.0	0.0	Inf	Inf
GLYCAtex_f	xylu__L_p	-0.0	-1000.0	0.0	-0.0	Inf
GLYCAtex_f	ppal_p	-0.0	-1000.0	0.0	-0.0	Inf
GLYCAtex_f	psclys_p	-0.0	-1000.0	0.0	-0.0	Inf
GLYCAtex_f	pydx_p	-0.0	0.0	0.0	Inf	Inf
GLYCAtex_f	pydxn_p	-0.0	0.0	0.0	Inf	Inf
GLYCAtex_f	rib__D_p	-0.0	-1000.0	0.0	-0.0	Inf
GLYCAtex_f	rmn_p	-0.0	-1000.0	0.0	-0.0	Inf
GLYCAtex_f	sbt__D_p	-0.0	-1.491102622395088	0.0	-0.0	Inf
GLYCAtex_f	slnt_p	-0.0	0.0	0.0	Inf	Inf
GLYCAtex_f	so2_p	-0.0	-1000.0	0.0	-0.0	Inf
