Reaction	Metabolite	ShadowPrice	G-	G+	DecrementalShadowPrice	IncrementalShadowPrice
GLYTRS	12dgr120_c	-0.0	0.0	0.0	Inf	Inf
GLYTRS	12dgr140_c	-0.0	0.0	0.0	Inf	Inf
GLYTRS	12dgr160_c	-0.0	-0.05507303310798761	0.0	-0.0	Inf
GLYTRS	12dgr180_c	-0.0	0.0	0.0	Inf	Inf
GLYTRS	12ppd__R_c	-0.0	-1000.0	0.0	-0.0	Inf
GLYTRS	12ppd__S_c	-0.0	0.0	0.0	Inf	Inf
GLYTRS	5drib_c	-0.0	-999.999805819531	0.00019418046900835273	-0.0	0.0
GLYTRS	5mta_c	-0.0	0.0	0.0	Inf	Inf
GLYTRS	23dhacoa_c	-0.0	-0.000497102000124372	0.0	-0.0	Inf
GLYTRS	5mtr_c	-0.0	0.0	0.0	Inf	Inf
GLYTRS	3amac_c	-0.0	-7.943528585031793	0.0	-0.0	Inf
GLYTRS	LalaDgluMdap_c	-0.0	-0.023981719434684915	0.0	-0.0	Inf
GLYTRS	ac_c	-0.0	-2.1619573067278	3.4182673633255285	-0.0	0.0
GLYTRS	acald_c	-0.0	-2.1619573067278	2.6675769241935354	-0.0	0.0
GLYTRS	acetol_c	-0.0	0.0	0.0	Inf	Inf
GLYTRS	acgam_c	-0.0	-0.08154544069183181	0.0	-0.0	Inf
GLYTRS	acgam6p_c	-0.0	-0.08154544069183181	0.0	-0.0	Inf
GLYTRS	acmalt_c	0.0	0.0	0.0	Inf	Inf
GLYTRS	acmana_c	-0.0	-0.08154544069183181	0.0	-0.0	Inf
GLYTRS	2dmmq8_c	-0.0	0.0	0.0	Inf	Inf
GLYTRS	2dmmql8_c	0.0	0.0	0.0	Inf	Inf
GLYTRS	ade_c	-0.0	-0.09425002150885575	0.000580815358392962	-0.0	0.0
GLYTRS	adn_c	-0.0	0.0	0.000580815358392962	Inf	0.0
GLYTRS	3sala_c	0.0	0.0	0.0	Inf	Inf
GLYTRS	adphep_DD_c	-0.0	0.0	0.0	Inf	Inf
GLYTRS	adphep_LD_c	-0.0	0.0	0.0	Inf	Inf
GLYTRS	4ahmmp_c	0.0	0.0	0.0	Inf	Inf
GLYTRS	4crsol_c	-0.0	-999.9998075455796	0.00019245442039494514	-0.0	0.0
GLYTRS	2ohph_c	-0.0	-0.00019245442039494514	0.08708085715539288	-0.0	0.0
GLYTRS	2ombzl_c	-0.0	0.0	0.0	Inf	Inf
GLYTRS	2omhmbl_c	-0.0	0.0	0.0	Inf	Inf
GLYTRS	2ommbl_c	0.0	0.0	0.0	Inf	Inf
GLYTRS	2omph_c	-0.0	0.0	0.07830460638532881	Inf	0.0
GLYTRS	4mhetz_c	0.0	0.0	0.0	Inf	Inf
GLYTRS	2oph_c	-0.0	-0.00019245442039494514	0.08708085715539288	-0.0	0.0
GLYTRS	2oxpaccoa_c	-0.0	-0.000497102000124372	0.0	-0.0	Inf
GLYTRS	all__D_c	-0.0	-2.1619573067278006	0.0	-0.0	Inf
GLYTRS	alltn_c	-0.0	-1.9858821462579483	0.0	-0.0	Inf
GLYTRS	4r5au_c	-0.0	-0.00038490884162456496	0.5196578423753639	-0.0	0.0
GLYTRS	56dura_c	0.0	0.0	0.0	Inf	Inf
GLYTRS	arab__L_c	-0.0	-2.1619573067278006	0.0	-0.0	Inf
GLYTRS	etoh_c	-0.0	-1000.0	0.0	-0.0	Inf
GLYTRS	csn_c	-0.0	0.0	0.0	Inf	Inf
GLYTRS	fald_c	-0.0	0.0	0.0	Inf	Inf
GLYTRS	fc1p_c	-0.0	-0.832500000000727	0.0	-0.0	Inf
GLYTRS	fcl__L_c	-0.0	0.0	0.0	Inf	Inf
GLYTRS	aso4_c	0.0	0.0	0.0	Inf	Inf
GLYTRS	cyan_c	0.0	0.0	0.0	Inf	Inf
GLYTRS	athtp_c	0.0	0.0	0.0	Inf	Inf
GLYTRS	cytd_c	-0.0	-0.13853697683356336	0.0	-0.0	Inf
GLYTRS	dad_2_c	-0.0	-0.09425002150885575	0.0	-0.0	Inf
GLYTRS	dad_5_c	-0.0	-0.09425002150885575	0.00019418046900835273	-0.0	0.0
GLYTRS	betald_c	0.0	0.0	0.0	Inf	Inf
GLYTRS	btal_c	-0.0	-527.9410261867885	0.0	-0.0	Inf
GLYTRS	for_c	-0.0	-0.09425002150885575	0.0021169986267361904	-0.0	0.0
GLYTRS	dcyt_c	-0.0	-0.02258189400924948	0.0	-0.0	Inf
GLYTRS	fru_c	-0.0	0.0	0.952706044354834	Inf	0.0
GLYTRS	ca2_c	-0.0	-0.004492041516414247	999.9955079584836	-0.0	0.0
GLYTRS	g3pe_c	-0.0	0.0	0.0	Inf	Inf
GLYTRS	g3pi_c	0.0	0.0	0.0	Inf	Inf
GLYTRS	cbm_c	-0.0	-3.9717642925158967	0.0	-0.0	Inf
GLYTRS	dha_c	-0.0	-87.99017103113144	0.0	-0.0	Inf
GLYTRS	gal_c	-0.0	0.0	0.0	Inf	Inf
GLYTRS	dhgly_c	-0.0	-0.00019245442039494514	0.3449452919215778	-0.0	0.0
GLYTRS	dhmptp_c	0.0	0.0	0.0	Inf	Inf
GLYTRS	gcald_c	-0.0	-2.553997886236112	0.0005773632610726054	-0.0	0.0
GLYTRS	dhptd_c	-0.0	-47.366513397355334	0.0003866348893846093	-0.0	0.0
GLYTRS	cechddd_c	-0.0	0.0	0.0	Inf	Inf
GLYTRS	dhptdn_c	0.0	0.0	0.0	Inf	Inf
GLYTRS	chol_c	0.0	0.0	0.0	Inf	Inf
GLYTRS	chtbs6p_c	-0.0	0.0	0.0	Inf	Inf
GLYTRS	dmbzid_c	0.0	0.0	0.0	Inf	Inf
GLYTRS	dms_c	0.0	0.0	0.0	Inf	Inf
GLYTRS	dmso_c	0.0	0.0	0.0	Inf	Inf
GLYTRS	cl_c	-0.0	-0.004492041516393227	999.9955079584836	-0.0	0.0
GLYTRS	glc__D_c	-0.0	-2.1619573067278006	0.952706044354834	-0.0	0.0
GLYTRS	co2_c	-0.0	-975.4257548689511	24.574245131048883	-0.0	0.0
GLYTRS	dscl_c	-0.0	-0.00019245442039494514	0.10406672005956573	-0.0	0.0
GLYTRS	dtdp4aaddg_c	-0.0	0.0	0.0	Inf	Inf
GLYTRS	glyald_c	-0.0	-1000.0	0.0	-0.0	Inf
GLYTRS	crn_c	-0.0	-1000.0	0.0	-0.0	Inf
GLYTRS	duri_c	-0.0	-0.02258189400924948	0.0	-0.0	Inf
GLYTRS	glyb_c	0.0	0.0	0.0	Inf	Inf
GLYTRS	glyc_c	-0.0	-0.1199845433124145	0.0	-0.0	Inf
GLYTRS	dxyl_c	0.0	0.0	0.0	Inf	Inf
GLYTRS	glycogen_c	-0.0	-2.1619573067278006	0.0	-0.0	Inf
GLYTRS	gmhep1p_c	-0.0	0.0	0.09249999999922243	Inf	0.0
GLYTRS	lipa_cold_c	-0.0	0.0	0.0	Inf	Inf
GLYTRS	lipidA_c	-0.0	-0.016791000911211995	0.04624999999961121	-0.0	0.0
GLYTRS	malt_c	0.0	0.0	0.0	Inf	Inf
GLYTRS	h2_c	-0.0	0.0	0.0	Inf	Inf
GLYTRS	malthx_c	-0.0	0.0	0.0	Inf	Inf
GLYTRS	maltpt_c	-0.0	0.0	0.0	Inf	Inf
GLYTRS	malttr_c	-0.0	0.0	0.0	Inf	Inf
GLYTRS	maltttr_c	-0.0	0.0	0.0	Inf	Inf
GLYTRS	h2o2_c	-0.0	-0.0012108231034691028	0.8993662602593986	-0.0	0.0
GLYTRS	man_c	-0.0	0.0	0.0	Inf	Inf
GLYTRS	mdhdhf_c	-0.0	-47.366513397355334	0.0003866348893846093	-0.0	0.0
GLYTRS	melib_c	-0.0	0.0	0.0	Inf	Inf
GLYTRS	meoh_c	-0.0	-999.9999982739514	1.7260485947190318e-06	-0.0	0.0
GLYTRS	pacald_c	-0.0	-1000.0	0.0	-0.0	Inf
GLYTRS	metsox_S__L_c	-0.0	-0.09425002150885575	0.0	-0.0	Inf
GLYTRS	mg2_c	-0.0	-0.007486735860652516	999.9925132641393	-0.0	0.0
GLYTRS	hhlipa_c	-0.0	0.0	0.0	Inf	Inf
GLYTRS	pe120_c	-0.0	0.0	0.0	Inf	Inf
GLYTRS	mobd_c	-0.0	-0.00011133013556478889	20.006826931451506	-0.0	0.0
GLYTRS	hlipa_c	-0.0	0.0	0.0	Inf	Inf
GLYTRS	pg120_c	-0.0	-0.05999227165620725	0.0	-0.0	Inf
GLYTRS	mql8_c	0.0	0.0	0.0	Inf	Inf
GLYTRS	mqn8_c	-0.0	0.0	0.0	Inf	Inf
GLYTRS	mthgxl_c	-0.0	-2.1619573067278	0.0	-0.0	Inf
GLYTRS	hqn_c	0.0	0.0	0.0	Inf	Inf
GLYTRS	mththf_c	-0.0	-999.9996133651106	0.0003866348893846093	-0.0	0.0
GLYTRS	n2o_c	-0.0	-1000.0	0.0	-0.0	Inf
GLYTRS	na1_c	-0.0	0.0	0.0	Inf	Inf
GLYTRS	nac_c	-0.0	0.0	0.0	Inf	Inf
GLYTRS	ncam_c	-0.0	0.0	0.0	Inf	Inf
GLYTRS	ni2_c	-0.0	-0.00027875685106532413	999.9997212431489	-0.0	0.0
GLYTRS	no_c	-0.0	-1000.0	0.0	-0.0	Inf
GLYTRS	indole_c	-0.0	-0.049056890665963526	0.5407250522013922	-0.0	0.0
GLYTRS	no2_c	-0.0	-1000.0	0.0	-0.0	Inf
GLYTRS	no3_c	0.0	0.0	0.0	Inf	Inf
GLYTRS	inost_c	0.0	0.0	0.0	Inf	Inf
GLYTRS	o2_c	-0.0	-22.732632384829248	727.2708328735182	-0.0	0.0
GLYTRS	poaac_c	-0.0	-6.155946748138925	0.0	-0.0	Inf
GLYTRS	ppal_c	-0.0	0.0	0.0	Inf	Inf
GLYTRS	k_c	-0.0	-0.16845630349843288	80.02730772580603	-0.0	0.0
GLYTRS	psclys_c	-0.0	0.0	0.0	Inf	Inf
GLYTRS	lald__D_c	-0.0	0.0	0.0	Inf	Inf
GLYTRS	lald__L_c	-0.0	-2.1619573067278	0.0	-0.0	Inf
GLYTRS	ura_c	-0.0	0.0	0.0	Inf	Inf
GLYTRS	pydx_c	-0.0	0.0	0.0012108231034691028	Inf	0.0
GLYTRS	uracp_c	-0.0	-4.660686822215155	0.0	-0.0	Inf
GLYTRS	pydxn_c	-0.0	0.0	0.6506285180959842	Inf	0.0
GLYTRS	urate_c	-0.0	-0.0012108231034691028	0.0	-0.0	Inf
GLYTRS	q8_c	-0.0	0.0	0.0	Inf	Inf
GLYTRS	q8h2_c	0.0	0.0	0.0	Inf	Inf
GLYTRS	urea_c	-0.0	-1000.0	0.0	-0.0	Inf
GLYTRS	uri_c	-0.0	0.0	0.0	Inf	Inf
GLYTRS	rbflvrd_c	-0.0	0.0	0.047125010754427876	Inf	0.0
GLYTRS	rbl__L_c	-0.0	-2.1619573067278006	0.0	-0.0	Inf
GLYTRS	rdmbzi_c	0.0	0.0	0.0	Inf	Inf
GLYTRS	thptdn_c	0.0	0.0	0.0	Inf	Inf
GLYTRS	xan_c	-0.0	-0.09425002150885575	0.0	-0.0	Inf
GLYTRS	rephaccoa_c	-0.0	-0.000497102000124372	0.0	-0.0	Inf
GLYTRS	rib__D_c	-0.0	0.0	1.0814501044027844	Inf	0.0
GLYTRS	xtsn_c	-0.0	0.0	0.0	Inf	Inf
GLYTRS	rml_c	-0.0	-1.141953909704853	0.0	-0.0	Inf
GLYTRS	thym_c	-0.0	-80.02730772580603	0.0	-0.0	Inf
GLYTRS	thymd_c	-0.0	-0.02258189400924948	0.0	-0.0	Inf
GLYTRS	xu5p__L_c	-0.0	-0.832500000000727	0.0	-0.0	Inf
GLYTRS	rmn_c	-0.0	-1.141953909704853	0.0	-0.0	Inf
GLYTRS	xyl__D_c	0.0	0.0	0.0	Inf	Inf
GLYTRS	tmao_c	0.0	0.0	0.0	Inf	Inf
GLYTRS	xylu__D_c	-0.0	0.0	0.0	Inf	Inf
GLYTRS	xylu__L_c	-0.0	-2.1619573067278006	0.0	-0.0	Inf
GLYTRS	12ppd__R_e	-0.0	-1000.0	0.0	-0.0	Inf
GLYTRS	12ppd__S_e	-0.0	-1000.0	0.0	-0.0	Inf
GLYTRS	tre_c	-0.0	-1.0809786533639003	0.0	-0.0	Inf
GLYTRS	seln_c	0.0	0.0	0.0	Inf	Inf
GLYTRS	34dhpac_e	-0.0	-1000.0	0.0	-0.0	Inf
GLYTRS	slnt_c	0.0	0.0	0.0	Inf	Inf
GLYTRS	so2_c	0.0	0.0	0.0	Inf	Inf
GLYTRS	so3_c	-0.0	-0.21391956095067144	4.001365386290301	-0.0	0.0
GLYTRS	so4_c	-0.0	-0.21766336039315248	80.02730772580603	-0.0	0.0
GLYTRS	4hoxpacd_e	-0.0	-1000.0	0.0	-0.0	Inf
GLYTRS	5mtr_e	-0.0	0.0	0.0	Inf	Inf
GLYTRS	LalaDgluMdap_e	-0.0	-1000.0	0.0	-0.0	Inf
GLYTRS	ac_e	-0.0	0.0	0.0	Inf	Inf
GLYTRS	acald_e	-0.0	-1000.0	0.0	-0.0	Inf
GLYTRS	acgal_e	-0.0	-1000.0	0.0	-0.0	Inf
GLYTRS	acgam_e	-0.0	-1000.0	0.0	-0.0	Inf
GLYTRS	acmana_e	-0.0	-1000.0	0.0	-0.0	Inf
GLYTRS	tagur_c	-0.0	0.0	0.0	Inf	Inf
GLYTRS	tartr__L_c	-0.0	-2.1619573067278	0.0	-0.0	Inf
GLYTRS	ade_e	-0.0	-1000.0	0.0	-0.0	Inf
GLYTRS	adn_e	-0.0	-1000.0	0.0	-0.0	Inf
GLYTRS	all__D_e	-0.0	-1000.0	0.0	-0.0	Inf
GLYTRS	cl_e	-0.0	-0.004492041516414247	999.9955079584836	-0.0	0.0
GLYTRS	alltn_e	-0.0	0.0	0.0	Inf	Inf
GLYTRS	cm_e	-0.0	-1000.0	0.0	-0.0	Inf
GLYTRS	co2_e	-0.0	-975.4257548689511	24.574245131048883	-0.0	0.0
GLYTRS	arab__L_e	-0.0	-1000.0	0.0	-0.0	Inf
GLYTRS	arbt_e	-0.0	-1000.0	0.0	-0.0	Inf
GLYTRS	unagamu_c	-0.0	0.0	0.04624999999961121	Inf	0.0
GLYTRS	crn_e	-0.0	-1000.0	0.0	-0.0	Inf
GLYTRS	csn_e	-0.0	-1000.0	0.0	-0.0	Inf
GLYTRS	cyan_e	-0.0	-1000.0	0.0	-0.0	Inf
GLYTRS	glyb_e	-0.0	-1000.0	0.0	-0.0	Inf
GLYTRS	glyc_e	-0.0	-1000.0	0.0	-0.0	Inf
GLYTRS	cytd_e	-0.0	-1000.0	0.0	-0.0	Inf
GLYTRS	ca2_e	-0.0	-0.004492041516414247	999.9955079584836	-0.0	0.0
GLYTRS	dad_2_e	-0.0	-1000.0	0.0	-0.0	Inf
GLYTRS	dcyt_e	-0.0	-1000.0	0.0	-0.0	Inf
GLYTRS	chol_e	-0.0	-1000.0	0.0	-0.0	Inf
GLYTRS	dha_e	-0.0	-1000.0	0.0	-0.0	Inf
GLYTRS	ppal_e	-0.0	-1000.0	0.0	-0.0	Inf
GLYTRS	h2_e	-0.0	-1000.0	0.0	-0.0	Inf
GLYTRS	dms_e	-0.0	-1000.0	0.0	-0.0	Inf
GLYTRS	dmso_e	-0.0	-1000.0	0.0	-0.0	Inf
GLYTRS	h2o2_e	-0.0	-1000.0	0.0	-0.0	Inf
GLYTRS	psclys_e	-0.0	-1000.0	0.0	-0.0	Inf
GLYTRS	duri_e	-0.0	-1000.0	0.0	-0.0	Inf
GLYTRS	pydx_e	-0.0	-1000.0	0.0	-0.0	Inf
GLYTRS	pydxn_e	-0.0	-1000.0	0.0	-0.0	Inf
GLYTRS	etoh_e	-0.0	-1000.0	0.0	-0.0	Inf
GLYTRS	fald_e	-0.0	0.0	0.0	Inf	Inf
GLYTRS	rib__D_e	-0.0	-1000.0	0.0	-0.0	Inf
GLYTRS	rmn_e	-0.0	-1000.0	0.0	-0.0	Inf
GLYTRS	indole_e	-0.0	-1000.0	0.0	-0.0	Inf
GLYTRS	inost_e	-0.0	-1000.0	0.0	-0.0	Inf
GLYTRS	sbt__D_e	-0.0	-2.1619573067278006	0.0	-0.0	Inf
GLYTRS	k_e	-0.0	-0.16845630349848761	999.8315436965015	-0.0	0.0
GLYTRS	for_e	-0.0	0.0	0.0021169986267361904	Inf	0.0
GLYTRS	slnt_e	-0.0	0.0	1000.0	Inf	0.0
GLYTRS	fru_e	-0.0	-1000.0	0.0	-0.0	Inf
GLYTRS	so2_e	-0.0	-1000.0	0.0	-0.0	Inf
GLYTRS	so3_e	-0.0	-1000.0	0.0	-0.0	Inf
GLYTRS	so4_e	-0.0	-0.21766336039320322	999.7823366396068	-0.0	0.0
GLYTRS	lipa_cold_e	-0.0	-1000.0	0.0	-0.0	Inf
GLYTRS	sucr_e	-0.0	-1000.0	0.0	-0.0	Inf
GLYTRS	g3pe_e	-0.0	-1000.0	0.0	-0.0	Inf
GLYTRS	malt_e	-0.0	-1000.0	0.0	-0.0	Inf
GLYTRS	tartr__L_e	-0.0	-1000.0	0.0	-0.0	Inf
GLYTRS	g3pi_e	-0.0	-1000.0	0.0	-0.0	Inf
GLYTRS	malthx_e	-0.0	-1000.0	0.0	-0.0	Inf
GLYTRS	maltpt_e	-0.0	-1000.0	0.0	-0.0	Inf
GLYTRS	gal_e	-0.0	-1000.0	0.0	-0.0	Inf
GLYTRS	gal_bD_e	-0.0	-1000.0	0.0	-0.0	Inf
GLYTRS	malttr_e	-0.0	-1000.0	0.0	-0.0	Inf
GLYTRS	maltttr_e	-0.0	-1000.0	0.0	-0.0	Inf
GLYTRS	man_e	-0.0	-1000.0	0.0	-0.0	Inf
GLYTRS	thym_e	-0.0	-1000.0	0.0	-0.0	Inf
GLYTRS	thymd_e	-0.0	-1000.0	0.0	-0.0	Inf
GLYTRS	galt_e	-0.0	-1.141953909704853	0.0	-0.0	Inf
GLYTRS	melib_e	-0.0	-1000.0	0.0	-0.0	Inf
GLYTRS	meoh_e	-0.0	-999.9999982739514	1.7260485947190318e-06	-0.0	0.0
GLYTRS	tmao_e	-0.0	-1000.0	0.0	-0.0	Inf
GLYTRS	tre_e	-0.0	-1000.0	0.0	-0.0	Inf
GLYTRS	metsox_S__L_e	-0.0	-1000.0	0.0	-0.0	Inf
GLYTRS	glc__D_e	-0.0	-2.1619573067278006	0.9641844304313982	-0.0	0.0
GLYTRS	mg2_e	-0.0	-0.007486735860652516	999.9925132641393	-0.0	0.0
GLYTRS	mnl_e	-0.0	-1000.0	0.0	-0.0	Inf
GLYTRS	mobd_e	-0.0	-0.00011133013560993277	999.9998886698644	-0.0	0.0
GLYTRS	glyald_e	-0.0	-1000.0	0.0	-0.0	Inf
GLYTRS	n2o_e	-0.0	-1000.0	0.0	-0.0	Inf
GLYTRS	na1_e	-0.0	0.0	1000.0	Inf	0.0
GLYTRS	nac_e	-0.0	-1000.0	0.0	-0.0	Inf
GLYTRS	ni2_e	-0.0	-0.00027875685111666826	999.9997212431489	-0.0	0.0
GLYTRS	no_e	-0.0	-1000.0	0.0	-0.0	Inf
GLYTRS	no2_e	-0.0	-1000.0	0.0	-0.0	Inf
GLYTRS	ura_e	-0.0	-1000.0	0.0	-0.0	Inf
GLYTRS	no3_e	-0.0	-1000.0	0.0	-0.0	Inf
GLYTRS	urea_e	-0.0	-1000.0	0.0	-0.0	Inf
GLYTRS	novbcn_e	-0.0	-1000.0	0.0	-0.0	Inf
GLYTRS	uri_e	-0.0	-1000.0	0.0	-0.0	Inf
GLYTRS	o2_e	-0.0	-272.7291671264818	727.2708328735182	-0.0	0.0
GLYTRS	xan_e	-0.0	0.0	0.0	Inf	Inf
GLYTRS	xtsn_e	-0.0	-1000.0	0.0	-0.0	Inf
GLYTRS	xyl__D_e	-0.0	-1000.0	0.0	-0.0	Inf
GLYTRS	xylu__L_e	-0.0	-1000.0	0.0	-0.0	Inf
GLYTRS	pacald_e	-0.0	-1000.0	0.0	-0.0	Inf
GLYTRS	12dgr120_p	-0.0	0.0	0.0	Inf	Inf
GLYTRS	12dgr140_p	-0.0	0.0	0.0	Inf	Inf
GLYTRS	12dgr160_p	-0.0	-0.05507303310798761	0.0	-0.0	Inf
GLYTRS	12dgr180_p	-0.0	0.0	0.0	Inf	Inf
GLYTRS	12ppd__R_p	-0.0	-1000.0	0.0	-0.0	Inf
GLYTRS	12ppd__S_p	-0.0	0.0	0.0	Inf	Inf
GLYTRS	chol_p	-0.0	-1000.0	0.0	-0.0	Inf
GLYTRS	cl_p	-0.0	-0.004492041516414247	999.9955079584836	-0.0	0.0
GLYTRS	34dhpac_p	-0.0	-1000.0	0.0	-0.0	Inf
GLYTRS	cm_p	-0.0	0.0	0.0	Inf	Inf
GLYTRS	4hoxpacd_p	-0.0	-1000.0	0.0	-0.0	Inf
GLYTRS	co2_p	-0.0	-975.4257548689511	24.574245131048883	-0.0	0.0
GLYTRS	5mtr_p	-0.0	0.0	0.0	Inf	Inf
GLYTRS	LalaDgluMdap_p	-0.0	-0.023981719434684915	0.0	-0.0	Inf
GLYTRS	gal_p	-0.0	-1000.0	0.0	-0.0	Inf
GLYTRS	ac_p	-0.0	-2.1619573067278	0.0	-0.0	Inf
GLYTRS	crn_p	-0.0	-1000.0	0.0	-0.0	Inf
GLYTRS	gal_bD_p	-0.0	-1000.0	0.0	-0.0	Inf
GLYTRS	acald_p	-0.0	-1000.0	0.0	-0.0	Inf
GLYTRS	acgal_p	-0.0	-1000.0	0.0	-0.0	Inf
GLYTRS	csn_p	-0.0	0.0	0.0	Inf	Inf
GLYTRS	acgam_p	-0.0	-1000.0	0.0	-0.0	Inf
GLYTRS	galt_p	-0.0	-1.141953909704853	0.0	-0.0	Inf
GLYTRS	acmana_p	-0.0	-1000.0	0.0	-0.0	Inf
GLYTRS	cyan_p	-0.0	0.0	0.0	Inf	Inf
GLYTRS	ade_p	-0.0	-1000.0	0.0	-0.0	Inf
GLYTRS	adn_p	-0.0	0.0	0.000580815358392962	Inf	0.0
GLYTRS	cytd_p	-0.0	-0.13853697683356336	0.0	-0.0	Inf
GLYTRS	glc__D_p	-0.0	-2.1619573067278006	0.9641844304313982	-0.0	0.0
GLYTRS	dad_2_p	-0.0	-1000.0	0.0	-0.0	Inf
GLYTRS	dcyt_p	-0.0	-1000.0	0.0	-0.0	Inf
GLYTRS	all__D_p	-0.0	0.0	0.0	Inf	Inf
GLYTRS	alltn_p	-0.0	0.0	0.0	Inf	Inf
GLYTRS	dha_p	-0.0	-1000.0	0.0	-0.0	Inf
GLYTRS	glyald_p	-0.0	-1000.0	0.0	-0.0	Inf
GLYTRS	glyb_p	0.0	0.0	0.0	Inf	Inf
GLYTRS	dms_p	-0.0	-1000.0	0.0	-0.0	Inf
GLYTRS	glyc_p	-0.0	-0.1199845433124145	0.0	-0.0	Inf
GLYTRS	dmso_p	-0.0	-1000.0	0.0	-0.0	Inf
GLYTRS	arab__L_p	-0.0	0.0	0.0	Inf	Inf
GLYTRS	arbt_p	0.0	0.0	0.0	Inf	Inf
GLYTRS	ca2_p	-0.0	-0.004492041516414247	999.9955079584836	-0.0	0.0
GLYTRS	duri_p	-0.0	-1000.0	0.0	-0.0	Inf
GLYTRS	h2_p	-0.0	-1000.0	0.0	-0.0	Inf
GLYTRS	h2o2_p	-0.0	-1000.0	0.0	-0.0	Inf
GLYTRS	etoh_p	-0.0	-1000.0	0.0	-0.0	Inf
GLYTRS	fald_p	-0.0	0.0	0.0	Inf	Inf
GLYTRS	n2o_p	-0.0	-1000.0	0.0	-0.0	Inf
GLYTRS	na1_p	-0.0	0.0	0.0	Inf	Inf
GLYTRS	indole_p	-0.0	0.0	0.544403453917048	Inf	0.0
GLYTRS	nac_p	-0.0	-1000.0	0.0	-0.0	Inf
GLYTRS	ni2_p	-0.0	-0.00027875685111666826	999.9997212431489	-0.0	0.0
GLYTRS	inost_p	-0.0	-1000.0	0.0	-0.0	Inf
GLYTRS	no_p	-0.0	-1000.0	0.0	-0.0	Inf
GLYTRS	no2_p	-0.0	-1000.0	0.0	-0.0	Inf
GLYTRS	for_p	-0.0	0.0	0.0021169986267361904	Inf	0.0
GLYTRS	fru_p	-0.0	-1000.0	0.0	-0.0	Inf
GLYTRS	no3_p	-0.0	0.0	0.0	Inf	Inf
GLYTRS	k_p	-0.0	-0.16845630349848761	999.8315436965015	-0.0	0.0
GLYTRS	novbcn_p	-0.0	0.0	0.0	Inf	Inf
GLYTRS	o2_p	-0.0	-272.7291671264818	727.2708328735182	-0.0	0.0
GLYTRS	lipa_cold_p	-0.0	-20.006826931451506	0.0	-0.0	Inf
GLYTRS	g3pe_p	-0.0	0.0	0.0	Inf	Inf
GLYTRS	g3pi_p	-0.0	0.0	0.0	Inf	Inf
GLYTRS	so3_p	-0.0	-1000.0	0.0	-0.0	Inf
GLYTRS	so4_p	-0.0	-0.21766336039315248	999.7823366396068	-0.0	0.0
GLYTRS	malt_p	0.0	0.0	0.0	Inf	Inf
GLYTRS	malthx_p	0.0	0.0	0.0	Inf	Inf
GLYTRS	maltpt_p	0.0	0.0	0.0	Inf	Inf
GLYTRS	sucr_p	-0.0	-1000.0	0.0	-0.0	Inf
GLYTRS	malttr_p	0.0	0.0	0.0	Inf	Inf
GLYTRS	maltttr_p	0.0	0.0	0.0	Inf	Inf
GLYTRS	pacald_p	-0.0	-1000.0	0.0	-0.0	Inf
GLYTRS	man_p	-0.0	-1000.0	0.0	-0.0	Inf
GLYTRS	tartr__L_p	-0.0	-1000.0	0.0	-0.0	Inf
GLYTRS	pe120_p	-0.0	0.0	0.0	Inf	Inf
GLYTRS	melib_p	-0.0	-1000.0	0.0	-0.0	Inf
GLYTRS	meoh_p	-0.0	-999.9999982739514	1.7260485947190318e-06	-0.0	0.0
GLYTRS	thym_p	-0.0	-1000.0	0.0	-0.0	Inf
GLYTRS	thymd_p	-0.0	-0.02258189400924948	0.0	-0.0	Inf
GLYTRS	pg120_p	-0.0	-0.05999227165620725	0.0	-0.0	Inf
GLYTRS	metsox_S__L_p	-0.0	-1000.0	0.0	-0.0	Inf
GLYTRS	tmao_p	-0.0	-1000.0	0.0	-0.0	Inf
GLYTRS	mg2_p	-0.0	-0.007486735860652516	999.9925132641393	-0.0	0.0
GLYTRS	tre_p	-0.0	0.0	0.0	Inf	Inf
GLYTRS	mnl_p	-0.0	0.0	0.0	Inf	Inf
GLYTRS	mobd_p	-0.0	-0.00011133013560993277	999.9998886698644	-0.0	0.0
GLYTRS	ura_p	-0.0	-1000.0	0.0	-0.0	Inf
GLYTRS	urea_p	-0.0	-1000.0	0.0	-0.0	Inf
GLYTRS	uri_p	-0.0	0.0	0.0	Inf	Inf
GLYTRS	xan_p	-0.0	-0.09425002150885575	0.0	-0.0	Inf
GLYTRS	xtsn_p	-0.0	0.0	0.0	Inf	Inf
GLYTRS	xyl__D_p	-0.0	0.0	0.0	Inf	Inf
GLYTRS	xylu__L_p	-0.0	-1000.0	0.0	-0.0	Inf
GLYTRS	ppal_p	-0.0	-1000.0	0.0	-0.0	Inf
GLYTRS	psclys_p	-0.0	-1000.0	0.0	-0.0	Inf
GLYTRS	pydx_p	-0.0	0.0	0.0	Inf	Inf
GLYTRS	pydxn_p	-0.0	0.0	0.0	Inf	Inf
GLYTRS	rib__D_p	-0.0	-1000.0	0.0	-0.0	Inf
GLYTRS	rmn_p	-0.0	-1000.0	0.0	-0.0	Inf
GLYTRS	sbt__D_p	-0.0	-2.1619573067278006	0.0	-0.0	Inf
GLYTRS	slnt_p	-0.0	0.0	0.0	Inf	Inf
GLYTRS	so2_p	-0.0	-1000.0	0.0	-0.0	Inf
