Reaction	Metabolite	ShadowPrice	G-	G+	DecrementalShadowPrice	IncrementalShadowPrice
FALDtpp_f	12dgr120_c	-0.0	0.0	0.0	Inf	Inf
FALDtpp_f	12dgr140_c	-0.0	0.0	0.0	Inf	Inf
FALDtpp_f	12dgr160_c	-0.0	-0.05209611239945389	0.0	-0.0	Inf
FALDtpp_f	12dgr180_c	-0.0	0.0	0.0	Inf	Inf
FALDtpp_f	12ppd__R_c	-0.0	-1000.0	0.0	-0.0	Inf
FALDtpp_f	12ppd__S_c	-0.0	0.0	0.0	Inf	Inf
FALDtpp_f	5drib_c	-0.0	-999.9998163157726	0.00018368422744034196	-0.0	0.0
FALDtpp_f	5mta_c	-0.0	0.0	0.0	Inf	Inf
FALDtpp_f	23dhacoa_c	-0.0	-0.00047023162120085615	0.0	-0.0	Inf
FALDtpp_f	5mtr_c	-0.0	0.0	0.0	Inf	Inf
FALDtpp_f	3amac_c	-0.0	-7.507411124034788	0.0	-0.0	Inf
FALDtpp_f	LalaDgluMdap_c	-0.0	-0.02268541027605432	0.0	-0.0	Inf
FALDtpp_f	ac_c	-0.0	-7.507411124031948	0.47560009993344465	-0.0	0.0
FALDtpp_f	acald_c	-0.0	0.0	3.7013013007072004	Inf	0.0
FALDtpp_f	acetol_c	-0.0	0.0	0.0	Inf	Inf
FALDtpp_f	acgam_c	-0.0	-0.07713757903278458	0.0	-0.0	Inf
FALDtpp_f	acgam6p_c	-0.0	-0.07713757903278458	0.0	-0.0	Inf
FALDtpp_f	acmalt_c	0.0	0.0	0.0	Inf	Inf
FALDtpp_f	acmana_c	-0.0	-0.07713757903278458	0.0	-0.0	Inf
FALDtpp_f	2dmmq8_c	-0.0	0.0	0.0	Inf	Inf
FALDtpp_f	2dmmql8_c	0.0	0.0	0.0	Inf	Inf
FALDtpp_f	ade_c	-0.0	-0.08915542574527503	0.0005494199335934805	-0.0	0.0
FALDtpp_f	adn_c	-0.0	0.0	0.0005494199335934805	Inf	0.0
FALDtpp_f	3sala_c	0.0	0.0	0.0	Inf	Inf
FALDtpp_f	adphep_DD_c	-0.0	0.0	0.0	Inf	Inf
FALDtpp_f	adphep_LD_c	-0.0	0.0	0.0	Inf	Inf
FALDtpp_f	4ahmmp_c	0.0	0.0	0.0	Inf	Inf
FALDtpp_f	4crsol_c	-0.0	-999.9998179485212	0.00018205147875198337	-0.0	0.0
FALDtpp_f	2ohph_c	-0.0	-0.00018205147875198337	0.018203336951688364	-0.0	0.0
FALDtpp_f	2ombzl_c	-0.0	0.0	0.0	Inf	Inf
FALDtpp_f	2omhmbl_c	-0.0	0.0	0.0	Inf	Inf
FALDtpp_f	2ommbl_c	0.0	0.0	0.0	Inf	Inf
FALDtpp_f	2omph_c	-0.0	0.0	0.01528181373721986	Inf	0.0
FALDtpp_f	4mhetz_c	0.0	0.0	0.0	Inf	Inf
FALDtpp_f	2oph_c	-0.0	-0.00018205147875198337	0.018203336951688364	-0.0	0.0
FALDtpp_f	2oxpaccoa_c	-0.0	-0.00047023162120085615	0.0	-0.0	Inf
FALDtpp_f	all__D_c	-0.0	-0.790387913428655	0.0	-0.0	Inf
FALDtpp_f	alltn_c	-0.0	-1.1855818701429826	0.0	-0.0	Inf
FALDtpp_f	4r5au_c	-0.0	-0.000364102957738961	0.07736418204467524	-0.0	0.0
FALDtpp_f	56dura_c	0.0	0.0	0.0	Inf	Inf
FALDtpp_f	arab__L_c	-0.0	-0.790387913428655	0.0	-0.0	Inf
FALDtpp_f	etoh_c	-0.0	-1000.0	0.0	-0.0	Inf
FALDtpp_f	csn_c	-0.0	0.0	0.0	Inf	Inf
FALDtpp_f	fald_c	-0.0	0.0	0.0	Inf	Inf
FALDtpp_f	fc1p_c	-0.0	-0.7874999999900554	0.0	-0.0	Inf
FALDtpp_f	fcl__L_c	-0.0	0.0	0.0	Inf	Inf
FALDtpp_f	aso4_c	0.0	0.0	0.0	Inf	Inf
FALDtpp_f	cyan_c	0.0	0.0	0.0	Inf	Inf
FALDtpp_f	athtp_c	0.0	0.0	0.0	Inf	Inf
FALDtpp_f	cytd_c	-0.0	-0.1310484915994301	0.0	-0.0	Inf
FALDtpp_f	dad_2_c	-0.0	0.0	0.0	Inf	Inf
FALDtpp_f	dad_5_c	-0.0	-0.08915542574527503	0.00018368422744034196	-0.0	0.0
FALDtpp_f	betald_c	0.0	0.0	0.0	Inf	Inf
FALDtpp_f	btal_c	-0.0	-524.385099534419	0.0	-0.0	Inf
FALDtpp_f	for_c	-0.0	-0.08915542574527535	0.0020025662668859746	-0.0	0.0
FALDtpp_f	dcyt_c	-0.0	0.0	0.0	Inf	Inf
FALDtpp_f	fru_c	-0.0	-0.790387913428655	0.0	-0.0	Inf
FALDtpp_f	ca2_c	-0.0	-0.004249228461503662	999.9957507715385	-0.0	0.0
FALDtpp_f	g3pe_c	-0.0	0.0	0.0	Inf	Inf
FALDtpp_f	g3pi_c	0.0	0.0	0.0	Inf	Inf
FALDtpp_f	cbm_c	-0.0	-3.753705562017389	0.0	-0.0	Inf
FALDtpp_f	dha_c	-0.0	-2.371163740285965	0.0	-0.0	Inf
FALDtpp_f	gal_c	-0.0	0.0	0.0	Inf	Inf
FALDtpp_f	dhgly_c	-0.0	-0.00018205147875198337	0.041260897090493624	-0.0	0.0
FALDtpp_f	dhmptp_c	0.0	0.0	0.0	Inf	Inf
FALDtpp_f	gcald_c	-0.0	-1.1855818701429826	0.0005461544361651249	-0.0	0.0
FALDtpp_f	dhptd_c	-0.0	-48.04621743960887	0.0003657357061531386	-0.0	0.0
FALDtpp_f	cechddd_c	-0.0	0.0	0.0	Inf	Inf
FALDtpp_f	dhptdn_c	0.0	0.0	0.0	Inf	Inf
FALDtpp_f	chol_c	0.0	0.0	0.0	Inf	Inf
FALDtpp_f	chtbs6p_c	-0.0	0.0	0.0	Inf	Inf
FALDtpp_f	dmbzid_c	0.0	0.0	0.0	Inf	Inf
FALDtpp_f	dms_c	0.0	0.0	0.0	Inf	Inf
FALDtpp_f	dmso_c	0.0	0.0	0.0	Inf	Inf
FALDtpp_f	cl_c	-0.0	-0.004249228461453244	999.9957507715385	-0.0	0.0
FALDtpp_f	glc__D_c	-0.0	-0.790387913428655	0.0	-0.0	Inf
FALDtpp_f	co2_c	-0.0	-973.5108492002885	26.489150799711524	-0.0	0.0
FALDtpp_f	dscl_c	-0.0	-0.00018205147875198337	0.01672739071236228	-0.0	0.0
FALDtpp_f	dtdp4aaddg_c	-0.0	0.0	0.0	Inf	Inf
FALDtpp_f	glyald_c	-0.0	-1000.0	0.0	-0.0	Inf
FALDtpp_f	crn_c	-0.0	-1000.0	0.0	-0.0	Inf
FALDtpp_f	duri_c	-0.0	0.0	0.0	Inf	Inf
FALDtpp_f	glyb_c	0.0	0.0	0.0	Inf	Inf
FALDtpp_f	glyc_c	-0.0	-0.11349889232255937	0.0	-0.0	Inf
FALDtpp_f	dxyl_c	0.0	0.0	0.0	Inf	Inf
FALDtpp_f	glycogen_c	-0.0	-0.790387913428655	0.0	-0.0	Inf
FALDtpp_f	gmhep1p_c	-0.0	0.0	0.08750000000976862	Inf	0.0
FALDtpp_f	lipa_cold_c	-0.0	0.0	0.0	Inf	Inf
FALDtpp_f	lipidA_c	-0.0	-0.01588337924033567	0.04375000000482743	-0.0	0.0
FALDtpp_f	malt_c	0.0	0.0	0.0	Inf	Inf
FALDtpp_f	h2_c	-0.0	-611.7826161234892	0.7874999999902457	-0.0	0.0
FALDtpp_f	malthx_c	-0.0	0.0	0.0	Inf	Inf
FALDtpp_f	maltpt_c	-0.0	0.0	0.0	Inf	Inf
FALDtpp_f	malttr_c	-0.0	0.0	0.0	Inf	Inf
FALDtpp_f	maltttr_c	-0.0	0.0	0.0	Inf	Inf
FALDtpp_f	h2o2_c	-0.0	-50.27848225136586	0.002041752234390515	-0.0	0.0
FALDtpp_f	man_c	-0.0	0.0	0.0	Inf	Inf
FALDtpp_f	mdhdhf_c	-0.0	-48.04621743960887	0.0003657357061531386	-0.0	0.0
FALDtpp_f	melib_c	-0.0	0.0	0.0	Inf	Inf
FALDtpp_f	meoh_c	-0.0	-999.9999983672514	1.6327486491718446e-06	-0.0	0.0
FALDtpp_f	pacald_c	-0.0	-1000.0	0.0	-0.0	Inf
FALDtpp_f	metsox_S__L_c	-0.0	-0.08915542574527535	0.0	-0.0	Inf
FALDtpp_f	mg2_c	-0.0	-0.007082047435755407	999.9929179525642	-0.0	0.0
FALDtpp_f	hhlipa_c	-0.0	0.0	0.0	Inf	Inf
FALDtpp_f	pe120_c	-0.0	0.0	0.0	Inf	Inf
FALDtpp_f	mobd_c	-0.0	-0.00010531229039912938	37.34485773767301	-0.0	0.0
FALDtpp_f	hlipa_c	-0.0	0.0	0.0	Inf	Inf
FALDtpp_f	pg120_c	-0.0	-0.056749446161279686	0.0	-0.0	Inf
FALDtpp_f	mql8_c	0.0	0.0	0.0	Inf	Inf
FALDtpp_f	mqn8_c	-0.0	0.0	0.0	Inf	Inf
FALDtpp_f	mthgxl_c	-0.0	0.0	0.0	Inf	Inf
FALDtpp_f	hqn_c	0.0	0.0	0.0	Inf	Inf
FALDtpp_f	mththf_c	-0.0	-999.9996342642938	0.0003657357061531386	-0.0	0.0
FALDtpp_f	n2o_c	-0.0	-1000.0	0.0	-0.0	Inf
FALDtpp_f	na1_c	-0.0	-149.37943095069204	0.0	-0.0	Inf
FALDtpp_f	nac_c	-0.0	0.0	0.0	Inf	Inf
FALDtpp_f	ncam_c	-0.0	0.0	0.0	Inf	Inf
FALDtpp_f	ni2_c	-0.0	-0.0002636889131508724	999.9997363110868	-0.0	0.0
FALDtpp_f	no_c	-0.0	-1000.0	0.0	-0.0	Inf
FALDtpp_f	indole_c	-0.0	-0.04640516684618381	0.05157612136311703	-0.0	0.0
FALDtpp_f	no2_c	-0.0	-1000.0	0.0	-0.0	Inf
FALDtpp_f	no3_c	0.0	0.0	0.0	Inf	Inf
FALDtpp_f	inost_c	0.0	0.0	0.0	Inf	Inf
FALDtpp_f	o2_c	-0.0	-25.13924112568293	974.8607588743171	-0.0	0.0
FALDtpp_f	poaac_c	-0.0	-8.817515609560019	0.0	-0.0	Inf
FALDtpp_f	ppal_c	-0.0	0.0	0.0	Inf	Inf
FALDtpp_f	k_c	-0.0	-0.159350557363382	149.37943095069204	-0.0	0.0
FALDtpp_f	psclys_c	-0.0	0.0	0.0	Inf	Inf
FALDtpp_f	lald__D_c	-0.0	0.0	0.0	Inf	Inf
FALDtpp_f	lald__L_c	-0.0	-81.68462582864947	0.0	-0.0	Inf
FALDtpp_f	ura_c	-0.0	0.0	0.0	Inf	Inf
FALDtpp_f	pydx_c	-0.0	0.0	0.08841620805105777	Inf	0.0
FALDtpp_f	uracp_c	-0.0	-4.408757804780009	0.0	-0.0	Inf
FALDtpp_f	pydxn_c	-0.0	0.0	0.08841620805105777	Inf	0.0
FALDtpp_f	urate_c	-0.0	-1.1855818701429826	0.0	-0.0	Inf
FALDtpp_f	q8_c	-0.0	0.0	0.0	Inf	Inf
FALDtpp_f	q8h2_c	0.0	0.0	0.0	Inf	Inf
FALDtpp_f	urea_c	-0.0	-1000.0	0.0	-0.0	Inf
FALDtpp_f	uri_c	-0.0	0.0	0.07736418204467554	Inf	0.0
FALDtpp_f	rbflvrd_c	-0.0	0.0	0.041260897090493694	Inf	0.0
FALDtpp_f	rbl__L_c	-0.0	-0.790387913428655	0.0	-0.0	Inf
FALDtpp_f	rdmbzi_c	0.0	0.0	0.0	Inf	Inf
FALDtpp_f	thptdn_c	0.0	0.0	0.0	Inf	Inf
FALDtpp_f	xan_c	-0.0	0.0	0.0	Inf	Inf
FALDtpp_f	rephaccoa_c	-0.0	-0.00047023162120085615	0.0	-0.0	Inf
FALDtpp_f	rib__D_c	-0.0	0.0	0.12378269127148087	Inf	0.0
FALDtpp_f	xtsn_c	-0.0	0.0	0.0	Inf	Inf
FALDtpp_f	rml_c	-0.0	-1.1855818701429826	0.0	-0.0	Inf
FALDtpp_f	thym_c	-0.0	-149.37943095069204	0.0	-0.0	Inf
FALDtpp_f	thymd_c	-0.0	-0.021361251089786273	0.0	-0.0	Inf
FALDtpp_f	xu5p__L_c	-0.0	-0.7874999999903631	0.0	-0.0	Inf
FALDtpp_f	rmn_c	-0.0	-1.1855818701429826	0.0	-0.0	Inf
FALDtpp_f	xyl__D_c	0.0	0.0	0.0	Inf	Inf
FALDtpp_f	tmao_c	0.0	0.0	0.0	Inf	Inf
FALDtpp_f	xylu__D_c	-0.0	0.0	0.0	Inf	Inf
FALDtpp_f	xylu__L_c	-0.0	-0.790387913428655	0.0	-0.0	Inf
FALDtpp_f	12ppd__R_e	-0.0	-1000.0	0.0	-0.0	Inf
FALDtpp_f	12ppd__S_e	-0.0	-1000.0	0.0	-0.0	Inf
FALDtpp_f	tre_c	-0.0	-0.3951939567143275	0.0	-0.0	Inf
FALDtpp_f	seln_c	0.0	0.0	0.0	Inf	Inf
FALDtpp_f	34dhpac_e	-0.0	-1000.0	0.0	-0.0	Inf
FALDtpp_f	slnt_c	0.0	0.0	0.0	Inf	Inf
FALDtpp_f	so2_c	0.0	0.0	0.0	Inf	Inf
FALDtpp_f	so3_c	-0.0	-0.20235634143931652	7.468971547534578	-0.0	0.0
FALDtpp_f	so4_c	-0.0	-0.20589777334436632	149.37943095069204	-0.0	0.0
FALDtpp_f	4hoxpacd_e	-0.0	-1000.0	0.0	-0.0	Inf
FALDtpp_f	5mtr_e	-0.0	0.0	0.0	Inf	Inf
FALDtpp_f	LalaDgluMdap_e	-0.0	-1000.0	0.0	-0.0	Inf
FALDtpp_f	ac_e	-0.0	0.0	0.0	Inf	Inf
FALDtpp_f	acald_e	-0.0	-1000.0	0.0	-0.0	Inf
FALDtpp_f	acgal_e	-0.0	-1000.0	0.0	-0.0	Inf
FALDtpp_f	acgam_e	-0.0	-1000.0	0.0	-0.0	Inf
FALDtpp_f	acmana_e	-0.0	-1000.0	0.0	-0.0	Inf
FALDtpp_f	tagur_c	-0.0	0.0	0.0	Inf	Inf
FALDtpp_f	tartr__L_c	-0.0	-1.1855818701429826	0.0	-0.0	Inf
FALDtpp_f	ade_e	-0.0	-1000.0	0.0	-0.0	Inf
FALDtpp_f	adn_e	-0.0	-1000.0	0.0	-0.0	Inf
FALDtpp_f	all__D_e	-0.0	-1000.0	0.0	-0.0	Inf
FALDtpp_f	cl_e	-0.0	-0.004249228461503662	999.9957507715385	-0.0	0.0
FALDtpp_f	alltn_e	-0.0	0.0	0.0	Inf	Inf
FALDtpp_f	cm_e	-0.0	-1000.0	0.0	-0.0	Inf
FALDtpp_f	co2_e	-0.0	-973.5108492002885	26.489150799711524	-0.0	0.0
FALDtpp_f	arab__L_e	-0.0	-1000.0	0.0	-0.0	Inf
FALDtpp_f	arbt_e	-0.0	-1000.0	0.0	-0.0	Inf
FALDtpp_f	unagamu_c	-0.0	0.0	0.013753632363497874	Inf	0.0
FALDtpp_f	crn_e	-0.0	-1000.0	0.0	-0.0	Inf
FALDtpp_f	csn_e	-0.0	-1000.0	0.0	-0.0	Inf
FALDtpp_f	cyan_e	-0.0	-1000.0	0.0	-0.0	Inf
FALDtpp_f	glyb_e	-0.0	-1000.0	0.0	-0.0	Inf
FALDtpp_f	glyc_e	-0.0	-1000.0	0.0	-0.0	Inf
FALDtpp_f	cytd_e	-0.0	-1000.0	0.0	-0.0	Inf
FALDtpp_f	ca2_e	-0.0	-0.004249228461503662	999.9957507715385	-0.0	0.0
FALDtpp_f	dad_2_e	-0.0	-1000.0	0.0	-0.0	Inf
FALDtpp_f	dcyt_e	-0.0	-1000.0	0.0	-0.0	Inf
FALDtpp_f	chol_e	-0.0	-1000.0	0.0	-0.0	Inf
FALDtpp_f	dha_e	-0.0	-1000.0	0.0	-0.0	Inf
FALDtpp_f	ppal_e	-0.0	-1000.0	0.0	-0.0	Inf
FALDtpp_f	h2_e	-0.0	0.0	0.7874999999902457	Inf	0.0
FALDtpp_f	dms_e	-0.0	-1000.0	0.0	-0.0	Inf
FALDtpp_f	dmso_e	-0.0	-1000.0	0.0	-0.0	Inf
FALDtpp_f	h2o2_e	-0.0	-1000.0	0.0	-0.0	Inf
FALDtpp_f	psclys_e	-0.0	-1000.0	0.0	-0.0	Inf
FALDtpp_f	duri_e	-0.0	-1000.0	0.0	-0.0	Inf
FALDtpp_f	pydx_e	-0.0	-1000.0	0.0	-0.0	Inf
FALDtpp_f	pydxn_e	-0.0	-1000.0	0.0	-0.0	Inf
FALDtpp_f	etoh_e	-0.0	-1000.0	0.0	-0.0	Inf
FALDtpp_f	fald_e	-1.0	0.0	0.0	Inf	Inf
FALDtpp_f	rib__D_e	-0.0	-1000.0	0.0	-0.0	Inf
FALDtpp_f	rmn_e	-0.0	-1000.0	0.0	-0.0	Inf
FALDtpp_f	indole_e	-0.0	-1000.0	0.0	-0.0	Inf
FALDtpp_f	inost_e	-0.0	-1000.0	0.0	-0.0	Inf
FALDtpp_f	sbt__D_e	-0.0	-2.371163740285965	0.0	-0.0	Inf
FALDtpp_f	k_e	-0.0	-0.159350557363382	999.8406494426366	-0.0	0.0
FALDtpp_f	for_e	-0.0	0.0	0.0020025662668859746	Inf	0.0
FALDtpp_f	slnt_e	-0.0	0.0	1000.0	Inf	0.0
FALDtpp_f	fru_e	-0.0	-1000.0	0.0	-0.0	Inf
FALDtpp_f	so2_e	-0.0	-1000.0	0.0	-0.0	Inf
FALDtpp_f	so3_e	-0.0	-1000.0	0.0	-0.0	Inf
FALDtpp_f	so4_e	-0.0	-0.20589777334441806	999.7941022266556	-0.0	0.0
FALDtpp_f	lipa_cold_e	-0.0	-1000.0	0.0	-0.0	Inf
FALDtpp_f	sucr_e	-0.0	-1000.0	0.0	-0.0	Inf
FALDtpp_f	g3pe_e	-0.0	-1000.0	0.0	-0.0	Inf
FALDtpp_f	malt_e	-0.0	-1000.0	0.0	-0.0	Inf
FALDtpp_f	tartr__L_e	-0.0	-1000.0	0.0	-0.0	Inf
FALDtpp_f	g3pi_e	-0.0	-1000.0	0.0	-0.0	Inf
FALDtpp_f	malthx_e	-0.0	-1000.0	0.0	-0.0	Inf
FALDtpp_f	maltpt_e	-0.0	-1000.0	0.0	-0.0	Inf
FALDtpp_f	gal_e	-0.0	-1000.0	0.0	-0.0	Inf
FALDtpp_f	gal_bD_e	-0.0	-1000.0	0.0	-0.0	Inf
FALDtpp_f	malttr_e	-0.0	-1000.0	0.0	-0.0	Inf
FALDtpp_f	maltttr_e	-0.0	-1000.0	0.0	-0.0	Inf
FALDtpp_f	man_e	-0.0	-1000.0	0.0	-0.0	Inf
FALDtpp_f	thym_e	-0.0	-1000.0	0.0	-0.0	Inf
FALDtpp_f	thymd_e	-0.0	-1000.0	0.0	-0.0	Inf
FALDtpp_f	galt_e	-0.0	-1.1855818701429826	0.0	-0.0	Inf
FALDtpp_f	melib_e	-0.0	-1000.0	0.0	-0.0	Inf
FALDtpp_f	meoh_e	-0.0	-999.9999983672514	1.6327486491718446e-06	-0.0	0.0
FALDtpp_f	tmao_e	-0.0	-1000.0	0.0	-0.0	Inf
FALDtpp_f	tre_e	-0.0	-1000.0	0.0	-0.0	Inf
FALDtpp_f	metsox_S__L_e	-0.0	-1000.0	0.0	-0.0	Inf
FALDtpp_f	glc__D_e	-0.0	-2.371163740285965	0.3094567281787022	-0.0	0.0
FALDtpp_f	mg2_e	-0.0	-0.007082047435755407	999.9929179525642	-0.0	0.0
FALDtpp_f	mnl_e	-0.0	-1000.0	0.0	-0.0	Inf
FALDtpp_f	mobd_e	-0.0	-0.00010531229042953782	999.9998946877096	-0.0	0.0
FALDtpp_f	glyald_e	-0.0	-1000.0	0.0	-0.0	Inf
FALDtpp_f	n2o_e	-0.0	-1000.0	0.0	-0.0	Inf
FALDtpp_f	na1_e	-0.0	-1000.0	0.0	-0.0	Inf
FALDtpp_f	nac_e	-0.0	-1000.0	0.0	-0.0	Inf
FALDtpp_f	ni2_e	-0.0	-0.0002636889131508724	999.9997363110868	-0.0	0.0
FALDtpp_f	no_e	-0.0	-1000.0	0.0	-0.0	Inf
FALDtpp_f	no2_e	-0.0	-1000.0	0.0	-0.0	Inf
FALDtpp_f	ura_e	-0.0	-1000.0	0.0	-0.0	Inf
FALDtpp_f	no3_e	-0.0	-1000.0	0.0	-0.0	Inf
FALDtpp_f	urea_e	-0.0	-1000.0	0.0	-0.0	Inf
FALDtpp_f	novbcn_e	-0.0	-1000.0	0.0	-0.0	Inf
FALDtpp_f	uri_e	-0.0	-1000.0	0.0	-0.0	Inf
FALDtpp_f	o2_e	-0.0	-25.13924112568293	974.8607588743171	-0.0	0.0
FALDtpp_f	xan_e	-0.0	0.0	0.0	Inf	Inf
FALDtpp_f	xtsn_e	-0.0	-1000.0	0.0	-0.0	Inf
FALDtpp_f	xyl__D_e	-0.0	-1000.0	0.0	-0.0	Inf
FALDtpp_f	xylu__L_e	-0.0	-1000.0	0.0	-0.0	Inf
FALDtpp_f	pacald_e	-0.0	-1000.0	0.0	-0.0	Inf
FALDtpp_f	12dgr120_p	-0.0	0.0	0.0	Inf	Inf
FALDtpp_f	12dgr140_p	-0.0	0.0	0.0	Inf	Inf
FALDtpp_f	12dgr160_p	-0.0	-0.05209611239945389	0.0	-0.0	Inf
FALDtpp_f	12dgr180_p	-0.0	0.0	0.0	Inf	Inf
FALDtpp_f	12ppd__R_p	-0.0	-1000.0	0.0	-0.0	Inf
FALDtpp_f	12ppd__S_p	-0.0	0.0	0.0	Inf	Inf
FALDtpp_f	chol_p	-0.0	-1000.0	0.0	-0.0	Inf
FALDtpp_f	cl_p	-0.0	-0.004249228461503662	999.9957507715385	-0.0	0.0
FALDtpp_f	34dhpac_p	-0.0	-1000.0	0.0	-0.0	Inf
FALDtpp_f	cm_p	-0.0	0.0	0.0	Inf	Inf
FALDtpp_f	4hoxpacd_p	-0.0	-1000.0	0.0	-0.0	Inf
FALDtpp_f	co2_p	-0.0	-973.5108492002885	26.489150799711524	-0.0	0.0
FALDtpp_f	5mtr_p	-0.0	0.0	0.0	Inf	Inf
FALDtpp_f	LalaDgluMdap_p	-0.0	-0.02268541027605432	0.0	-0.0	Inf
FALDtpp_f	gal_p	-0.0	-1000.0	0.0	-0.0	Inf
FALDtpp_f	ac_p	-0.0	-7.507411124033495	0.0	-0.0	Inf
FALDtpp_f	crn_p	-0.0	-1000.0	0.0	-0.0	Inf
FALDtpp_f	gal_bD_p	-0.0	-1000.0	0.0	-0.0	Inf
FALDtpp_f	acald_p	-0.0	-1000.0	0.0	-0.0	Inf
FALDtpp_f	acgal_p	-0.0	-1000.0	0.0	-0.0	Inf
FALDtpp_f	csn_p	-0.0	0.0	0.0	Inf	Inf
FALDtpp_f	acgam_p	-0.0	-1000.0	0.0	-0.0	Inf
FALDtpp_f	galt_p	-0.0	-1.1855818701429826	0.0	-0.0	Inf
FALDtpp_f	acmana_p	-0.0	-1000.0	0.0	-0.0	Inf
FALDtpp_f	cyan_p	-0.0	0.0	0.0	Inf	Inf
FALDtpp_f	ade_p	-0.0	-1000.0	0.0	-0.0	Inf
FALDtpp_f	adn_p	-0.0	0.0	0.0005494199335934805	Inf	0.0
FALDtpp_f	cytd_p	-0.0	-0.1310484915994301	0.0	-0.0	Inf
FALDtpp_f	glc__D_p	-0.0	-2.371163740285965	0.3094567281787022	-0.0	0.0
FALDtpp_f	dad_2_p	-0.0	-1000.0	0.0	-0.0	Inf
FALDtpp_f	dcyt_p	-0.0	-1000.0	0.0	-0.0	Inf
FALDtpp_f	all__D_p	-0.0	0.0	0.0	Inf	Inf
FALDtpp_f	alltn_p	-0.0	0.0	0.0	Inf	Inf
FALDtpp_f	dha_p	-0.0	-1000.0	0.0	-0.0	Inf
FALDtpp_f	glyald_p	-0.0	-1000.0	0.0	-0.0	Inf
FALDtpp_f	glyb_p	0.0	0.0	0.0	Inf	Inf
FALDtpp_f	dms_p	-0.0	-1000.0	0.0	-0.0	Inf
FALDtpp_f	glyc_p	-0.0	-0.11349889232255937	0.0	-0.0	Inf
FALDtpp_f	dmso_p	-0.0	-1000.0	0.0	-0.0	Inf
FALDtpp_f	arab__L_p	-0.0	0.0	0.0	Inf	Inf
FALDtpp_f	arbt_p	0.0	0.0	0.0	Inf	Inf
FALDtpp_f	ca2_p	-0.0	-0.004249228461503662	999.9957507715385	-0.0	0.0
FALDtpp_f	duri_p	-0.0	-1000.0	0.0	-0.0	Inf
FALDtpp_f	h2_p	-0.0	-611.7826161234892	0.7874999999902457	-0.0	0.0
FALDtpp_f	h2o2_p	-0.0	-1000.0	0.0	-0.0	Inf
FALDtpp_f	etoh_p	-0.0	-1000.0	0.0	-0.0	Inf
FALDtpp_f	fald_p	-1.0	0.0	0.0	Inf	Inf
FALDtpp_f	n2o_p	-0.0	-1000.0	0.0	-0.0	Inf
FALDtpp_f	na1_p	-0.0	-1000.0	0.0	-0.0	Inf
FALDtpp_f	indole_p	-0.0	0.0	0.05157612136311703	Inf	0.0
FALDtpp_f	nac_p	-0.0	-1000.0	0.0	-0.0	Inf
FALDtpp_f	ni2_p	-0.0	-0.0002636889131508724	999.9997363110868	-0.0	0.0
FALDtpp_f	inost_p	-0.0	-1000.0	0.0	-0.0	Inf
FALDtpp_f	no_p	-0.0	-1000.0	0.0	-0.0	Inf
FALDtpp_f	no2_p	-0.0	-1000.0	0.0	-0.0	Inf
FALDtpp_f	for_p	-0.0	0.0	0.0020025662668859746	Inf	0.0
FALDtpp_f	fru_p	-0.0	-1000.0	0.0	-0.0	Inf
FALDtpp_f	no3_p	-0.0	0.0	0.0	Inf	Inf
FALDtpp_f	k_p	-0.0	-0.159350557363382	999.8406494426366	-0.0	0.0
FALDtpp_f	novbcn_p	-0.0	0.0	0.0	Inf	Inf
FALDtpp_f	o2_p	-0.0	-25.13924112568293	974.8607588743171	-0.0	0.0
FALDtpp_f	lipa_cold_p	-0.0	-37.34485773767301	0.0	-0.0	Inf
FALDtpp_f	g3pe_p	-0.0	0.0	0.0	Inf	Inf
FALDtpp_f	g3pi_p	-0.0	0.0	0.0	Inf	Inf
FALDtpp_f	so3_p	-0.0	-1000.0	0.0	-0.0	Inf
FALDtpp_f	so4_p	-0.0	-0.20589777334436632	999.7941022266556	-0.0	0.0
FALDtpp_f	malt_p	0.0	0.0	0.0	Inf	Inf
FALDtpp_f	malthx_p	0.0	0.0	0.0	Inf	Inf
FALDtpp_f	maltpt_p	0.0	0.0	0.0	Inf	Inf
FALDtpp_f	sucr_p	-0.0	-1000.0	0.0	-0.0	Inf
FALDtpp_f	malttr_p	0.0	0.0	0.0	Inf	Inf
FALDtpp_f	maltttr_p	0.0	0.0	0.0	Inf	Inf
FALDtpp_f	pacald_p	-0.0	-1000.0	0.0	-0.0	Inf
FALDtpp_f	man_p	-0.0	-1000.0	0.0	-0.0	Inf
FALDtpp_f	tartr__L_p	-0.0	-1000.0	0.0	-0.0	Inf
FALDtpp_f	pe120_p	-0.0	0.0	0.0	Inf	Inf
FALDtpp_f	melib_p	-0.0	-1000.0	0.0	-0.0	Inf
FALDtpp_f	meoh_p	-0.0	-999.9999983672514	1.6327486491718446e-06	-0.0	0.0
FALDtpp_f	thym_p	-0.0	-1000.0	0.0	-0.0	Inf
FALDtpp_f	thymd_p	-0.0	-0.021361251089786273	0.0	-0.0	Inf
FALDtpp_f	pg120_p	-0.0	-0.056749446161279686	0.0	-0.0	Inf
FALDtpp_f	metsox_S__L_p	-0.0	-1000.0	0.0	-0.0	Inf
FALDtpp_f	tmao_p	-0.0	-1000.0	0.0	-0.0	Inf
FALDtpp_f	mg2_p	-0.0	-0.007082047435755407	999.9929179525642	-0.0	0.0
FALDtpp_f	tre_p	-0.0	0.0	0.0	Inf	Inf
FALDtpp_f	mnl_p	-0.0	0.0	0.0	Inf	Inf
FALDtpp_f	mobd_p	-0.0	-0.00010531229042953782	999.9998946877096	-0.0	0.0
FALDtpp_f	ura_p	-0.0	-1000.0	0.0	-0.0	Inf
FALDtpp_f	urea_p	-0.0	-1000.0	0.0	-0.0	Inf
FALDtpp_f	uri_p	-0.0	0.0	0.0	Inf	Inf
FALDtpp_f	xan_p	-0.0	0.0	0.0	Inf	Inf
FALDtpp_f	xtsn_p	-0.0	0.0	0.0	Inf	Inf
FALDtpp_f	xyl__D_p	-0.0	0.0	0.0	Inf	Inf
FALDtpp_f	xylu__L_p	-0.0	-1000.0	0.0	-0.0	Inf
FALDtpp_f	ppal_p	-0.0	-1000.0	0.0	-0.0	Inf
FALDtpp_f	psclys_p	-0.0	-1000.0	0.0	-0.0	Inf
FALDtpp_f	pydx_p	-0.0	0.0	0.0	Inf	Inf
FALDtpp_f	pydxn_p	-0.0	0.0	0.0	Inf	Inf
FALDtpp_f	rib__D_p	-0.0	-1000.0	0.0	-0.0	Inf
FALDtpp_f	rmn_p	-0.0	-1000.0	0.0	-0.0	Inf
FALDtpp_f	sbt__D_p	-0.0	-2.371163740285965	0.0	-0.0	Inf
FALDtpp_f	slnt_p	-0.0	0.0	0.0	Inf	Inf
FALDtpp_f	so2_p	-0.0	-1000.0	0.0	-0.0	Inf
