Reaction	Metabolite	ShadowPrice	G-	G+	DecrementalShadowPrice	IncrementalShadowPrice
GLYt4pp	12dgr120_c	-0.0	0.0	0.0	Inf	Inf
GLYt4pp	12dgr140_c	-0.0	0.0	0.0	Inf	Inf
GLYt4pp	12dgr160_c	-0.0	0.0	0.21576962732053515	Inf	0.0
GLYt4pp	12dgr180_c	-0.0	0.0	0.0	Inf	Inf
GLYt4pp	12ppd__R_c	-0.0	-1000.0	0.0	-0.0	Inf
GLYt4pp	12ppd__S_c	-0.0	0.0	0.0	Inf	Inf
GLYt4pp	5drib_c	-0.0	-999.9998163157726	0.00018368422744034196	-0.0	0.0
GLYt4pp	5mta_c	-0.0	0.0	0.0	Inf	Inf
GLYt4pp	23dhacoa_c	-0.0	-0.0004702316223300085	0.0	-0.0	Inf
GLYt4pp	5mtr_c	-0.0	0.0	0.0	Inf	Inf
GLYt4pp	3amac_c	-0.0	-7.514148661512254	0.0	-0.0	Inf
GLYt4pp	LalaDgluMdap_c	-0.0	-0.02268541027605432	0.0	-0.0	Inf
GLYt4pp	ac_c	-0.0	-1.6965066434763711	0.4756000999345815	-0.0	0.0
GLYt4pp	acald_c	-0.0	0.0	4.420361554296368	Inf	0.0
GLYt4pp	acetol_c	-0.0	0.0	0.0	Inf	Inf
GLYt4pp	acgam_c	-0.0	-0.07713757903278458	0.0	-0.0	Inf
GLYt4pp	acgam6p_c	-0.0	-0.07713757903278458	0.0	-0.0	Inf
GLYt4pp	acmalt_c	0.0	0.0	0.0	Inf	Inf
GLYt4pp	acmana_c	-0.0	-0.07713757903278458	0.0	-0.0	Inf
GLYt4pp	2dmmq8_c	-0.0	0.0	0.0	Inf	Inf
GLYt4pp	2dmmql8_c	0.0	0.0	0.0	Inf	Inf
GLYt4pp	ade_c	-0.0	-0.08915542575346085	0.0005494199335934805	-0.0	0.0
GLYt4pp	adn_c	-0.0	0.0	0.0005494199335934805	Inf	0.0
GLYt4pp	3sala_c	0.0	0.0	0.0	Inf	Inf
GLYt4pp	adphep_DD_c	-0.0	0.0	0.0	Inf	Inf
GLYt4pp	adphep_LD_c	-0.0	0.0	0.0	Inf	Inf
GLYt4pp	4ahmmp_c	0.0	0.0	0.0	Inf	Inf
GLYt4pp	4crsol_c	-0.0	-999.9998179485212	0.00018205147875198337	-0.0	0.0
GLYt4pp	2ohph_c	-0.0	-0.00018205147875198337	0.15636078155732852	-0.0	0.0
GLYt4pp	2ombzl_c	-0.0	0.0	0.0	Inf	Inf
GLYt4pp	2omhmbl_c	-0.0	0.0	0.0	Inf	Inf
GLYt4pp	2ommbl_c	0.0	0.0	0.0	Inf	Inf
GLYt4pp	2omph_c	-0.0	0.0	0.139892997279636	Inf	0.0
GLYt4pp	4mhetz_c	0.0	0.0	0.0	Inf	Inf
GLYt4pp	2oph_c	-0.0	-0.00018205147875198337	0.15651040909948866	-0.0	0.0
GLYt4pp	2oxpaccoa_c	-0.0	-0.0004702316223300085	0.0	-0.0	Inf
GLYt4pp	all__D_c	-0.0	-0.8482533217381856	0.0	-0.0	Inf
GLYt4pp	alltn_c	-0.0	0.0	0.0	Inf	Inf
GLYt4pp	4r5au_c	-0.0	-0.000364102957738961	0.757753735264694	-0.0	0.0
GLYt4pp	56dura_c	0.0	0.0	0.0	Inf	Inf
GLYt4pp	arab__L_c	-0.0	-0.9899204825485413	0.0	-0.0	Inf
GLYt4pp	etoh_c	-0.0	-1000.0	0.0	-0.0	Inf
GLYt4pp	csn_c	-0.0	0.0	0.14768620073387664	Inf	0.0
GLYt4pp	fald_c	-0.0	0.0	0.0	Inf	Inf
GLYt4pp	fc1p_c	-0.0	-0.7875000000004864	0.0	-0.0	Inf
GLYt4pp	fcl__L_c	-0.0	0.0	0.0	Inf	Inf
GLYt4pp	aso4_c	0.0	0.0	0.0	Inf	Inf
GLYt4pp	cyan_c	0.0	0.0	0.0	Inf	Inf
GLYt4pp	athtp_c	0.0	0.0	0.0	Inf	Inf
GLYt4pp	cytd_c	-0.0	0.0	0.14768620073387664	Inf	0.0
GLYt4pp	dad_2_c	-0.0	0.0	0.0	Inf	Inf
GLYt4pp	dad_5_c	-0.0	-0.08915542575346085	0.00018368422744034196	-0.0	0.0
GLYt4pp	betald_c	0.0	0.0	0.0	Inf	Inf
GLYt4pp	btal_c	-0.0	-48.06380321300497	0.0	-0.0	Inf
GLYt4pp	for_c	-0.0	-0.0891554257534608	0.0020025662669996614	-0.0	0.0
GLYt4pp	dcyt_c	-0.0	0.0	0.0	Inf	Inf
GLYt4pp	fru_c	-0.0	0.0	0.0	Inf	Inf
GLYt4pp	ca2_c	-0.0	-0.004249228461503662	336.44662249103476	-0.0	0.0
GLYt4pp	g3pe_c	-0.0	0.0	0.0	Inf	Inf
GLYt4pp	g3pi_c	0.0	0.0	0.0	Inf	Inf
GLYt4pp	cbm_c	-0.0	-3.757074330756127	0.0	-0.0	Inf
GLYt4pp	dha_c	-0.0	-1.6965066434763711	2.273261205794082	-0.0	0.0
GLYt4pp	gal_c	-0.0	0.0	0.0	Inf	Inf
GLYt4pp	dhgly_c	-0.0	-0.00018205147875198337	0.41332021923528783	-0.0	0.0
GLYt4pp	dhmptp_c	0.0	0.0	0.0	Inf	Inf
GLYt4pp	gcald_c	-0.0	-2.4159439464415597	0.0005461544362788118	-0.0	0.0
GLYt4pp	dhptd_c	-0.0	-48.92440456506016	0.0003657357061531386	-0.0	0.0
GLYt4pp	cechddd_c	-0.0	0.0	0.0	Inf	Inf
GLYt4pp	dhptdn_c	0.0	0.0	0.0	Inf	Inf
GLYt4pp	chol_c	0.0	0.0	0.0	Inf	Inf
GLYt4pp	chtbs6p_c	-0.0	0.0	0.0	Inf	Inf
GLYt4pp	dmbzid_c	0.0	0.0	0.0	Inf	Inf
GLYt4pp	dms_c	0.0	0.0	0.0	Inf	Inf
GLYt4pp	dmso_c	0.0	0.0	0.0	Inf	Inf
GLYt4pp	cl_c	-0.0	-0.004249228461453244	672.8932449820695	-0.0	0.0
GLYt4pp	glc__D_c	-0.0	-0.8482533217381856	0.0	-0.0	Inf
GLYt4pp	co2_c	-0.0	-973.5108492003757	26.489150799624326	-0.0	0.0
GLYt4pp	dscl_c	-0.0	-0.00018205147875198337	0.14988535422818133	-0.0	0.0
GLYt4pp	dtdp4aaddg_c	-0.0	0.0	0.0	Inf	Inf
GLYt4pp	glyald_c	-0.0	-1000.0	0.0	-0.0	Inf
GLYt4pp	crn_c	-0.0	-336.44662249103476	0.0	-0.0	Inf
GLYt4pp	duri_c	-0.0	0.0	0.0	Inf	Inf
GLYt4pp	glyb_c	0.0	0.0	0.0	Inf	Inf
GLYt4pp	glyc_c	-0.0	-0.11349889232255937	0.0	-0.0	Inf
GLYt4pp	dxyl_c	0.0	0.0	0.0	Inf	Inf
GLYt4pp	glycogen_c	-0.0	-0.8482533217381856	0.0	-0.0	Inf
GLYt4pp	gmhep1p_c	-0.0	0.0	0.08749999999951631	Inf	0.0
GLYt4pp	lipa_cold_c	-0.0	0.0	0.0	Inf	Inf
GLYt4pp	lipidA_c	-0.0	-0.01588337924033567	0.04374999999975928	-0.0	0.0
GLYt4pp	malt_c	0.0	0.0	0.0	Inf	Inf
GLYt4pp	h2_c	-0.0	-56.07443708183913	0.875	-0.0	0.0
GLYt4pp	malthx_c	-0.0	0.0	0.0	Inf	Inf
GLYt4pp	maltpt_c	-0.0	0.0	0.0	Inf	Inf
GLYt4pp	malttr_c	-0.0	0.0	0.0	Inf	Inf
GLYt4pp	maltttr_c	-0.0	0.0	0.0	Inf	Inf
GLYt4pp	h2o2_c	-0.0	-0.0013274246840417918	7.708266802276705	-0.0	0.0
GLYt4pp	man_c	-0.0	0.0	0.0	Inf	Inf
GLYt4pp	mdhdhf_c	-0.0	-48.92440456506016	0.0003657357061531386	-0.0	0.0
GLYt4pp	melib_c	-0.0	0.0	0.0	Inf	Inf
GLYt4pp	meoh_c	-0.0	-999.9999983672514	1.6327486491718446e-06	-0.0	0.0
GLYt4pp	pacald_c	-0.0	-336.44662249103476	0.0	-0.0	Inf
GLYt4pp	metsox_S__L_c	-0.0	-0.0891554257534608	0.0	-0.0	Inf
GLYt4pp	mg2_c	-0.0	-0.007082047435755407	168.22331124551738	-0.0	0.0
GLYt4pp	hhlipa_c	-0.0	0.0	0.0	Inf	Inf
GLYt4pp	pe120_c	-0.0	0.0	0.0	Inf	Inf
GLYt4pp	mobd_c	-0.0	-0.00010531229039912938	40.88834437724131	-0.0	0.0
GLYt4pp	hlipa_c	-0.0	0.0	0.0	Inf	Inf
GLYt4pp	pg120_c	-0.0	-0.056749446161279686	0.0	-0.0	Inf
GLYt4pp	mql8_c	0.0	0.0	0.0	Inf	Inf
GLYt4pp	mqn8_c	-0.0	0.0	0.0	Inf	Inf
GLYt4pp	mthgxl_c	-0.0	0.0	0.0	Inf	Inf
GLYt4pp	hqn_c	0.0	0.0	0.0	Inf	Inf
GLYt4pp	mththf_c	-0.0	-999.9996342642938	0.0003657357061531386	-0.0	0.0
GLYt4pp	n2o_c	-0.0	-1000.0	0.0	-0.0	Inf
GLYt4pp	na1_c	-0.0	-109.03558500597683	0.0	-0.0	Inf
GLYt4pp	nac_c	-0.0	0.0	0.0	Inf	Inf
GLYt4pp	ncam_c	-0.0	0.0	0.0	Inf	Inf
GLYt4pp	ni2_c	-0.0	-0.0002636889131508724	999.9997363110868	-0.0	0.0
GLYt4pp	no_c	-0.0	-1000.0	0.0	-0.0	Inf
GLYt4pp	indole_c	-0.0	-0.04640516684618381	0.5683153014485206	-0.0	0.0
GLYt4pp	no2_c	-0.0	-336.44662249103476	0.0	-0.0	Inf
GLYt4pp	no3_c	0.0	0.0	0.0	Inf	Inf
GLYt4pp	inost_c	0.0	0.0	0.0	Inf	Inf
GLYt4pp	o2_c	-0.0	-25.184584688334628	724.8186932587508	-0.0	0.0
GLYt4pp	poaac_c	-0.0	-8.817515609598331	0.0	-0.0	Inf
GLYt4pp	ppal_c	-0.0	0.0	0.0	Inf	Inf
GLYt4pp	k_c	-0.0	-0.159350557363382	163.55337750896524	-0.0	0.0
GLYt4pp	psclys_c	-0.0	0.0	0.0	Inf	Inf
GLYt4pp	lald__D_c	-0.0	0.0	0.0	Inf	Inf
GLYt4pp	lald__L_c	-0.0	-1.6965066434763711	0.0	-0.0	Inf
GLYt4pp	ura_c	-0.0	0.0	0.0	Inf	Inf
GLYt4pp	pydx_c	-0.0	0.0	0.8524729521727815	Inf	0.0
GLYt4pp	uracp_c	-0.0	-4.408757804799166	0.0	-0.0	Inf
GLYt4pp	pydxn_c	-0.0	0.0	0.8524729521727815	Inf	0.0
GLYt4pp	urate_c	-0.0	0.0	0.0	Inf	Inf
GLYt4pp	q8_c	-0.0	0.0	0.0	Inf	Inf
GLYt4pp	q8h2_c	0.0	0.0	0.0	Inf	Inf
GLYt4pp	urea_c	-0.0	0.0	5.35767895638029	Inf	0.0
GLYt4pp	uri_c	-0.0	0.0	0.8023274843979116	Inf	0.0
GLYt4pp	rbflvrd_c	-0.0	0.0	0.04457771287673047	Inf	0.0
GLYt4pp	rbl__L_c	-0.0	-0.9899204825485413	0.0	-0.0	Inf
GLYt4pp	rdmbzi_c	0.0	0.0	0.0	Inf	Inf
GLYt4pp	thptdn_c	0.0	0.0	0.0	Inf	Inf
GLYt4pp	xan_c	-0.0	0.0	0.0	Inf	Inf
GLYt4pp	rephaccoa_c	-0.0	-0.0004702316223300085	0.0	-0.0	Inf
GLYt4pp	rib__D_c	-0.0	0.0	1.36395672347645	Inf	0.0
GLYt4pp	xtsn_c	-0.0	0.0	0.0	Inf	Inf
GLYt4pp	rml_c	-0.0	-0.8482533217381856	0.0	-0.0	Inf
GLYt4pp	thym_c	-0.0	-163.55337750896524	0.0	-0.0	Inf
GLYt4pp	thymd_c	-0.0	-0.02136125108984288	0.0	-0.0	Inf
GLYt4pp	xu5p__L_c	-0.0	-0.7875000000004864	0.0	-0.0	Inf
GLYt4pp	rmn_c	-0.0	-0.8482533217381856	0.0	-0.0	Inf
GLYt4pp	xyl__D_c	0.0	0.0	0.0	Inf	Inf
GLYt4pp	tmao_c	0.0	0.0	0.0	Inf	Inf
GLYt4pp	xylu__D_c	-0.0	0.0	0.0	Inf	Inf
GLYt4pp	xylu__L_c	-0.0	-0.9899204825485413	0.0	-0.0	Inf
GLYt4pp	12ppd__R_e	-0.0	-1000.0	0.0	-0.0	Inf
GLYt4pp	12ppd__S_e	-0.0	-1000.0	0.0	-0.0	Inf
GLYt4pp	tre_c	-0.0	-0.4241266608690928	0.0	-0.0	Inf
GLYt4pp	seln_c	0.0	0.0	0.0	Inf	Inf
GLYt4pp	34dhpac_e	-0.0	-1000.0	0.0	-0.0	Inf
GLYt4pp	slnt_c	0.0	0.0	0.0	Inf	Inf
GLYt4pp	so2_c	0.0	0.0	0.0	Inf	Inf
GLYt4pp	so3_c	-0.0	-0.20235634144044568	7.788256071855492	-0.0	0.0
GLYt4pp	so4_c	-0.0	-0.20589777334544124	163.55337750896524	-0.0	0.0
GLYt4pp	4hoxpacd_e	-0.0	-1000.0	0.0	-0.0	Inf
GLYt4pp	5mtr_e	-0.0	0.0	0.0	Inf	Inf
GLYt4pp	LalaDgluMdap_e	-0.0	-1000.0	0.0	-0.0	Inf
GLYt4pp	ac_e	-0.0	0.0	0.0	Inf	Inf
GLYt4pp	acald_e	-0.0	-1000.0	0.0	-0.0	Inf
GLYt4pp	acgal_e	-0.0	-1000.0	0.0	-0.0	Inf
GLYt4pp	acgam_e	-0.0	-1000.0	0.0	-0.0	Inf
GLYt4pp	acmana_e	-0.0	-1000.0	0.0	-0.0	Inf
GLYt4pp	tagur_c	-0.0	0.0	0.0	Inf	Inf
GLYt4pp	tartr__L_c	-0.0	-1.6965066434763711	0.0	-0.0	Inf
GLYt4pp	ade_e	-0.0	-1000.0	0.0	-0.0	Inf
GLYt4pp	adn_e	-0.0	-1000.0	0.0	-0.0	Inf
GLYt4pp	all__D_e	-0.0	-1000.0	0.0	-0.0	Inf
GLYt4pp	cl_e	-0.0	-0.004249228461503662	999.9957507715385	-0.0	0.0
GLYt4pp	alltn_e	-0.0	0.0	0.0	Inf	Inf
GLYt4pp	cm_e	-0.0	-1000.0	0.0	-0.0	Inf
GLYt4pp	co2_e	-0.0	-973.5108492003757	26.489150799624326	-0.0	0.0
GLYt4pp	arab__L_e	-0.0	-1000.0	0.0	-0.0	Inf
GLYt4pp	arbt_e	-0.0	-1000.0	0.0	-0.0	Inf
GLYt4pp	unagamu_c	-0.0	0.0	0.043749999999758815	Inf	0.0
GLYt4pp	crn_e	-0.0	-1000.0	0.0	-0.0	Inf
GLYt4pp	csn_e	-0.0	-1000.0	0.0	-0.0	Inf
GLYt4pp	cyan_e	-0.0	-1000.0	0.0	-0.0	Inf
GLYt4pp	glyb_e	-0.0	-1000.0	0.0	-0.0	Inf
GLYt4pp	glyc_e	-0.0	-1000.0	0.0	-0.0	Inf
GLYt4pp	cytd_e	-0.0	-1000.0	0.0	-0.0	Inf
GLYt4pp	ca2_e	-0.0	-0.004249228461503662	999.9957507715385	-0.0	0.0
GLYt4pp	dad_2_e	-0.0	-1000.0	0.0	-0.0	Inf
GLYt4pp	dcyt_e	-0.0	-1000.0	0.0	-0.0	Inf
GLYt4pp	chol_e	-0.0	-1000.0	0.0	-0.0	Inf
GLYt4pp	dha_e	-0.0	-1000.0	0.0	-0.0	Inf
GLYt4pp	ppal_e	-0.0	-1000.0	0.0	-0.0	Inf
GLYt4pp	h2_e	-0.0	0.0	0.875	Inf	0.0
GLYt4pp	dms_e	-0.0	-1000.0	0.0	-0.0	Inf
GLYt4pp	dmso_e	-0.0	-1000.0	0.0	-0.0	Inf
GLYt4pp	h2o2_e	-0.0	-1000.0	0.0	-0.0	Inf
GLYt4pp	psclys_e	-0.0	-1000.0	0.0	-0.0	Inf
GLYt4pp	duri_e	-0.0	-1000.0	0.0	-0.0	Inf
GLYt4pp	pydx_e	-0.0	-1000.0	0.0	-0.0	Inf
GLYt4pp	pydxn_e	-0.0	-1000.0	0.0	-0.0	Inf
GLYt4pp	etoh_e	-0.0	-1000.0	0.0	-0.0	Inf
GLYt4pp	fald_e	-0.0	0.0	0.0	Inf	Inf
GLYt4pp	rib__D_e	-0.0	-1000.0	0.0	-0.0	Inf
GLYt4pp	rmn_e	-0.0	-1000.0	0.0	-0.0	Inf
GLYt4pp	indole_e	-0.0	-1000.0	0.0	-0.0	Inf
GLYt4pp	inost_e	-0.0	-1000.0	0.0	-0.0	Inf
GLYt4pp	sbt__D_e	-0.0	-0.8482533217381856	0.0	-0.0	Inf
GLYt4pp	k_e	-0.0	-0.159350557363382	999.8406494426366	-0.0	0.0
GLYt4pp	for_e	-0.0	0.0	0.0020025662669996614	Inf	0.0
GLYt4pp	slnt_e	-0.0	0.0	1000.0	Inf	0.0
GLYt4pp	fru_e	-0.0	-1000.0	0.0	-0.0	Inf
GLYt4pp	so2_e	-0.0	-1000.0	0.0	-0.0	Inf
GLYt4pp	so3_e	-0.0	-1000.0	0.0	-0.0	Inf
GLYt4pp	so4_e	-0.0	-0.20589777334544124	999.7941022266546	-0.0	0.0
GLYt4pp	lipa_cold_e	-0.0	-1000.0	0.0	-0.0	Inf
GLYt4pp	sucr_e	-0.0	-1000.0	0.0	-0.0	Inf
GLYt4pp	g3pe_e	-0.0	-1000.0	0.0	-0.0	Inf
GLYt4pp	malt_e	-0.0	-1000.0	0.0	-0.0	Inf
GLYt4pp	tartr__L_e	-0.0	-1000.0	0.0	-0.0	Inf
GLYt4pp	g3pi_e	-0.0	-1000.0	0.0	-0.0	Inf
GLYt4pp	malthx_e	-0.0	-1000.0	0.0	-0.0	Inf
GLYt4pp	maltpt_e	-0.0	-1000.0	0.0	-0.0	Inf
GLYt4pp	gal_e	-0.0	-1000.0	0.0	-0.0	Inf
GLYt4pp	gal_bD_e	-0.0	-1000.0	0.0	-0.0	Inf
GLYt4pp	malttr_e	-0.0	-1000.0	0.0	-0.0	Inf
GLYt4pp	maltttr_e	-0.0	-1000.0	0.0	-0.0	Inf
GLYt4pp	man_e	-0.0	-1000.0	0.0	-0.0	Inf
GLYt4pp	thym_e	-0.0	-1000.0	0.0	-0.0	Inf
GLYt4pp	thymd_e	-0.0	-1000.0	0.0	-0.0	Inf
GLYt4pp	galt_e	-0.0	-0.8482533217381856	0.0	-0.0	Inf
GLYt4pp	melib_e	-0.0	-1000.0	0.0	-0.0	Inf
GLYt4pp	meoh_e	-0.0	-999.9999983672514	1.6327486491718446e-06	-0.0	0.0
GLYt4pp	tmao_e	-0.0	-1000.0	0.0	-0.0	Inf
GLYt4pp	tre_e	-0.0	-1000.0	0.0	-0.0	Inf
GLYt4pp	metsox_S__L_e	-0.0	-1000.0	0.0	-0.0	Inf
GLYt4pp	glc__D_e	-0.0	-0.8482533217381856	1.7036810157183906	-0.0	0.0
GLYt4pp	mg2_e	-0.0	-0.007082047435755407	999.9929179525642	-0.0	0.0
GLYt4pp	mnl_e	-0.0	-1000.0	0.0	-0.0	Inf
GLYt4pp	mobd_e	-0.0	-0.00010531229042953782	999.9998946877096	-0.0	0.0
GLYt4pp	glyald_e	-0.0	-1000.0	0.0	-0.0	Inf
GLYt4pp	n2o_e	-0.0	-1000.0	0.0	-0.0	Inf
GLYt4pp	na1_e	-0.0	-1000.0	0.0	-0.0	Inf
GLYt4pp	nac_e	-0.0	-1000.0	0.0	-0.0	Inf
GLYt4pp	ni2_e	-0.0	-0.0002636889131508724	999.9997363110868	-0.0	0.0
GLYt4pp	no_e	-0.0	-1000.0	0.0	-0.0	Inf
GLYt4pp	no2_e	-0.0	-1000.0	0.0	-0.0	Inf
GLYt4pp	ura_e	-0.0	-1000.0	0.0	-0.0	Inf
GLYt4pp	no3_e	-0.0	-1000.0	0.0	-0.0	Inf
GLYt4pp	urea_e	-0.0	-1000.0	0.0	-0.0	Inf
GLYt4pp	novbcn_e	-0.0	-1000.0	0.0	-0.0	Inf
GLYt4pp	uri_e	-0.0	-1000.0	0.0	-0.0	Inf
GLYt4pp	o2_e	-0.0	-275.18130674124916	724.8186932587508	-0.0	0.0
GLYt4pp	xan_e	-0.0	0.0	0.0	Inf	Inf
GLYt4pp	xtsn_e	-0.0	-1000.0	0.0	-0.0	Inf
GLYt4pp	xyl__D_e	-0.0	-1000.0	0.0	-0.0	Inf
GLYt4pp	xylu__L_e	-0.0	-1000.0	0.0	-0.0	Inf
GLYt4pp	pacald_e	-0.0	-1000.0	0.0	-0.0	Inf
GLYt4pp	12dgr120_p	-0.0	0.0	0.0	Inf	Inf
GLYt4pp	12dgr140_p	-0.0	0.0	0.0	Inf	Inf
GLYt4pp	12dgr160_p	-0.0	0.0	0.0	Inf	Inf
GLYt4pp	12dgr180_p	-0.0	0.0	0.0	Inf	Inf
GLYt4pp	12ppd__R_p	-0.0	-1000.0	0.0	-0.0	Inf
GLYt4pp	12ppd__S_p	-0.0	0.0	0.0	Inf	Inf
GLYt4pp	chol_p	-0.0	-1000.0	0.0	-0.0	Inf
GLYt4pp	cl_p	-0.0	-0.004249228461503662	999.9957507715385	-0.0	0.0
GLYt4pp	34dhpac_p	-0.0	-1000.0	0.0	-0.0	Inf
GLYt4pp	cm_p	-0.0	0.0	0.0	Inf	Inf
GLYt4pp	4hoxpacd_p	-0.0	-1000.0	0.0	-0.0	Inf
GLYt4pp	co2_p	-0.0	-973.5108492003757	26.489150799624326	-0.0	0.0
GLYt4pp	5mtr_p	-0.0	0.0	0.0	Inf	Inf
GLYt4pp	LalaDgluMdap_p	-0.0	-0.02268541027605432	0.0	-0.0	Inf
GLYt4pp	gal_p	-0.0	-1000.0	0.0	-0.0	Inf
GLYt4pp	ac_p	-0.0	-1.6965066434763711	0.0	-0.0	Inf
GLYt4pp	crn_p	-0.0	-1000.0	0.0	-0.0	Inf
GLYt4pp	gal_bD_p	-0.0	-1000.0	0.0	-0.0	Inf
GLYt4pp	acald_p	-0.0	-1000.0	0.0	-0.0	Inf
GLYt4pp	acgal_p	-0.0	-1000.0	0.0	-0.0	Inf
GLYt4pp	csn_p	-0.0	0.0	0.0	Inf	Inf
GLYt4pp	acgam_p	-0.0	-1000.0	0.0	-0.0	Inf
GLYt4pp	galt_p	-0.0	-0.8482533217381856	0.0	-0.0	Inf
GLYt4pp	acmana_p	-0.0	-1000.0	0.0	-0.0	Inf
GLYt4pp	cyan_p	-0.0	0.0	0.0	Inf	Inf
GLYt4pp	ade_p	-0.0	-1000.0	0.0	-0.0	Inf
GLYt4pp	adn_p	-0.0	0.0	0.0005494199335934805	Inf	0.0
GLYt4pp	cytd_p	-0.0	0.0	0.0	Inf	Inf
GLYt4pp	glc__D_p	-0.0	-0.8482533217381856	1.7036810157183906	-0.0	0.0
GLYt4pp	dad_2_p	-0.0	-1000.0	0.0	-0.0	Inf
GLYt4pp	dcyt_p	-0.0	-1000.0	0.0	-0.0	Inf
GLYt4pp	all__D_p	-0.0	0.0	0.0	Inf	Inf
GLYt4pp	alltn_p	-0.0	0.0	0.0	Inf	Inf
GLYt4pp	dha_p	-0.0	-1000.0	0.0	-0.0	Inf
GLYt4pp	glyald_p	-0.0	-1000.0	0.0	-0.0	Inf
GLYt4pp	glyb_p	0.0	0.0	0.0	Inf	Inf
GLYt4pp	dms_p	-0.0	-1000.0	0.0	-0.0	Inf
GLYt4pp	glyc_p	-0.0	-0.11349889232255937	0.0	-0.0	Inf
GLYt4pp	dmso_p	-0.0	-1000.0	0.0	-0.0	Inf
GLYt4pp	arab__L_p	-0.0	0.0	0.0	Inf	Inf
GLYt4pp	arbt_p	0.0	0.0	0.0	Inf	Inf
GLYt4pp	ca2_p	-0.0	-0.004249228461503662	999.9957507715385	-0.0	0.0
GLYt4pp	duri_p	-0.0	-1000.0	0.0	-0.0	Inf
GLYt4pp	h2_p	-0.0	-56.07443708183913	0.875	-0.0	0.0
GLYt4pp	h2o2_p	-0.0	-1000.0	0.0	-0.0	Inf
GLYt4pp	etoh_p	-0.0	-1000.0	0.0	-0.0	Inf
GLYt4pp	fald_p	-0.0	0.0	0.0	Inf	Inf
GLYt4pp	n2o_p	-0.0	-1000.0	0.0	-0.0	Inf
GLYt4pp	na1_p	-0.0	-1000.0	0.0	-0.0	Inf
GLYt4pp	indole_p	-0.0	0.0	0.5683153014485206	Inf	0.0
GLYt4pp	nac_p	-0.0	-1000.0	0.0	-0.0	Inf
GLYt4pp	ni2_p	-0.0	-0.0002636889131508724	999.9997363110868	-0.0	0.0
GLYt4pp	inost_p	-0.0	-1000.0	0.0	-0.0	Inf
GLYt4pp	no_p	-0.0	-1000.0	0.0	-0.0	Inf
GLYt4pp	no2_p	-0.0	-1000.0	0.0	-0.0	Inf
GLYt4pp	for_p	-0.0	0.0	0.0020025662669996614	Inf	0.0
GLYt4pp	fru_p	-0.0	-1000.0	0.0	-0.0	Inf
GLYt4pp	no3_p	-0.0	0.0	0.0	Inf	Inf
GLYt4pp	k_p	-0.0	-0.159350557363382	999.8406494426366	-0.0	0.0
GLYt4pp	novbcn_p	-0.0	0.0	0.0	Inf	Inf
GLYt4pp	o2_p	-0.0	-275.18130674124916	724.8186932587508	-0.0	0.0
GLYt4pp	lipa_cold_p	-0.0	-40.88834437724131	0.0	-0.0	Inf
GLYt4pp	g3pe_p	-0.0	0.0	0.0	Inf	Inf
GLYt4pp	g3pi_p	-0.0	0.0	0.0	Inf	Inf
GLYt4pp	so3_p	-0.0	-1000.0	0.0	-0.0	Inf
GLYt4pp	so4_p	-0.0	-0.20589777334544124	999.7941022266546	-0.0	0.0
GLYt4pp	malt_p	0.0	0.0	0.0	Inf	Inf
GLYt4pp	malthx_p	0.0	0.0	0.0	Inf	Inf
GLYt4pp	maltpt_p	0.0	0.0	0.0	Inf	Inf
GLYt4pp	sucr_p	-0.0	-1000.0	0.0	-0.0	Inf
GLYt4pp	malttr_p	0.0	0.0	0.0	Inf	Inf
GLYt4pp	maltttr_p	0.0	0.0	0.0	Inf	Inf
GLYt4pp	pacald_p	-0.0	-1000.0	0.0	-0.0	Inf
GLYt4pp	man_p	-0.0	-1000.0	0.0	-0.0	Inf
GLYt4pp	tartr__L_p	-0.0	-1000.0	0.0	-0.0	Inf
GLYt4pp	pe120_p	-0.0	0.0	0.0	Inf	Inf
GLYt4pp	melib_p	-0.0	-1000.0	0.0	-0.0	Inf
GLYt4pp	meoh_p	-0.0	-999.9999983672514	1.6327486491718446e-06	-0.0	0.0
GLYt4pp	thym_p	-0.0	-1000.0	0.0	-0.0	Inf
GLYt4pp	thymd_p	-0.0	-0.02136125108984288	0.0	-0.0	Inf
GLYt4pp	pg120_p	-0.0	-0.056749446161279686	0.0	-0.0	Inf
GLYt4pp	metsox_S__L_p	-0.0	-1000.0	0.0	-0.0	Inf
GLYt4pp	tmao_p	-0.0	-1000.0	0.0	-0.0	Inf
GLYt4pp	mg2_p	-0.0	-0.007082047435755407	999.9929179525642	-0.0	0.0
GLYt4pp	tre_p	-0.0	0.0	0.0	Inf	Inf
GLYt4pp	mnl_p	-0.0	0.0	0.0	Inf	Inf
GLYt4pp	mobd_p	-0.0	-0.00010531229042953782	999.9998946877096	-0.0	0.0
GLYt4pp	ura_p	-0.0	-1000.0	0.0	-0.0	Inf
GLYt4pp	urea_p	-0.0	0.0	5.35767895638029	Inf	0.0
GLYt4pp	uri_p	-0.0	0.0	0.0	Inf	Inf
GLYt4pp	xan_p	-0.0	0.0	0.0	Inf	Inf
GLYt4pp	xtsn_p	-0.0	0.0	0.0	Inf	Inf
GLYt4pp	xyl__D_p	-0.0	0.0	0.0	Inf	Inf
GLYt4pp	xylu__L_p	-0.0	-1000.0	0.0	-0.0	Inf
GLYt4pp	ppal_p	-0.0	-1000.0	0.0	-0.0	Inf
GLYt4pp	psclys_p	-0.0	-1000.0	0.0	-0.0	Inf
GLYt4pp	pydx_p	-0.0	0.0	0.0	Inf	Inf
GLYt4pp	pydxn_p	-0.0	0.0	0.0	Inf	Inf
GLYt4pp	rib__D_p	-0.0	-1000.0	0.0	-0.0	Inf
GLYt4pp	rmn_p	-0.0	-1000.0	0.0	-0.0	Inf
GLYt4pp	sbt__D_p	-0.0	-0.8482533217381856	0.0	-0.0	Inf
GLYt4pp	slnt_p	-0.0	0.0	0.0	Inf	Inf
GLYt4pp	so2_p	-0.0	-1000.0	0.0	-0.0	Inf
