Reaction	Metabolite	ShadowPrice	G-	G+	DecrementalShadowPrice	IncrementalShadowPrice
DSERDHr_f	12dgr120_c	-0.0	0.0	0.0	Inf	Inf
DSERDHr_f	12dgr140_c	-0.0	0.0	0.0	Inf	Inf
DSERDHr_f	12dgr160_c	-0.0	-0.042539421066392524	0.0	-0.0	Inf
DSERDHr_f	12dgr180_c	-0.0	0.0	0.0	Inf	Inf
DSERDHr_f	12ppd__R_c	-0.0	-1000.0	0.0	-0.0	Inf
DSERDHr_f	12ppd__S_c	-0.0	0.0	0.0	Inf	Inf
DSERDHr_f	5drib_c	-0.0	-999.9998500114435	0.000149988556428657	-0.0	0.0
DSERDHr_f	5mta_c	-0.0	-0.026045123966966434	0.0	-0.0	Inf
DSERDHr_f	23dhacoa_c	-0.0	-0.00038397070443352277	0.0	-0.0	Inf
DSERDHr_f	5mtr_c	-0.0	-1000.0	0.0	-0.0	Inf
DSERDHr_f	3amac_c	-0.0	-0.13022561983483216	0.0	-0.0	Inf
DSERDHr_f	LalaDgluMdap_c	-0.0	-0.018523920026842316	0.0	-0.0	Inf
DSERDHr_f	ac_c	-0.0	-0.13022561983483216	5.113472290182765	-0.0	0.0
DSERDHr_f	acald_c	-0.0	-0.8809695260282524	3.6220428722127918	-0.0	0.0
DSERDHr_f	acetol_c	-0.0	0.0	3.1046081761823934	Inf	0.0
DSERDHr_f	acgam_c	-0.0	-0.06298719431034913	0.0	-0.0	Inf
DSERDHr_f	acgam6p_c	-0.0	-0.06298719431034913	0.0	-0.0	Inf
DSERDHr_f	acmalt_c	0.0	0.0	0.0	Inf	Inf
DSERDHr_f	acmana_c	-0.0	-0.06298719431034913	0.0	-0.0	Inf
DSERDHr_f	2dmmq8_c	-0.0	0.0	0.0	Inf	Inf
DSERDHr_f	2dmmql8_c	0.0	0.0	0.0	Inf	Inf
DSERDHr_f	ade_c	-0.0	-0.026045123966966434	0.0004486324376408199	-0.0	0.0
DSERDHr_f	adn_c	-0.0	0.0	0.0004486324376408199	Inf	0.0
DSERDHr_f	3sala_c	0.0	0.0	0.0	Inf	Inf
DSERDHr_f	adphep_DD_c	-0.0	0.0	0.0	Inf	Inf
DSERDHr_f	adphep_LD_c	-0.0	0.0	0.0	Inf	Inf
DSERDHr_f	4ahmmp_c	0.0	0.0	0.0	Inf	Inf
DSERDHr_f	4crsol_c	-0.0	-999.9998513446752	0.00014865532481595783	-0.0	0.0
DSERDHr_f	2ohph_c	-0.0	-0.00014865532481595783	0.11012119075353155	-0.0	0.0
DSERDHr_f	2ombzl_c	-0.0	0.0	0.0	Inf	Inf
DSERDHr_f	2omhmbl_c	-0.0	0.0	0.0	Inf	Inf
DSERDHr_f	2ommbl_c	0.0	0.0	0.0	Inf	Inf
DSERDHr_f	2omph_c	-0.0	0.0	0.11012119075353155	Inf	0.0
DSERDHr_f	4mhetz_c	0.0	0.0	0.0	Inf	Inf
DSERDHr_f	2oph_c	-0.0	-0.00014865532481595783	0.11012119075353155	-0.0	0.0
DSERDHr_f	2oxpaccoa_c	-0.0	-0.00038397070443352277	0.0	-0.0	Inf
DSERDHr_f	all__D_c	-0.0	-76.29799476410592	0.0	-0.0	Inf
DSERDHr_f	alltn_c	-0.0	-0.03255640495870804	0.0	-0.0	Inf
DSERDHr_f	4r5au_c	-0.0	-0.00029731064933002926	0.19999999999619722	-0.0	0.0
DSERDHr_f	56dura_c	0.0	0.0	0.0	Inf	Inf
DSERDHr_f	arab__L_c	-0.0	-91.5575937169271	0.0	-0.0	Inf
DSERDHr_f	etoh_c	-0.0	-1000.0	0.0	-0.0	Inf
DSERDHr_f	csn_c	-0.0	0.0	0.027245180552654347	Inf	0.0
DSERDHr_f	fald_c	-0.0	0.0	0.0	Inf	Inf
DSERDHr_f	fc1p_c	-0.0	-0.6430382719025545	0.0	-0.0	Inf
DSERDHr_f	fcl__L_c	-0.0	0.0	0.0	Inf	Inf
DSERDHr_f	aso4_c	0.0	0.0	0.0	Inf	Inf
DSERDHr_f	cyan_c	0.0	0.0	0.0	Inf	Inf
DSERDHr_f	athtp_c	0.0	0.0	0.0	Inf	Inf
DSERDHr_f	cytd_c	-0.0	0.0	0.0	Inf	Inf
DSERDHr_f	dad_2_c	-0.0	-0.026045123966966507	0.0	-0.0	Inf
DSERDHr_f	dad_5_c	-0.0	-0.026045123966966434	0.000149988556428657	-0.0	0.0
DSERDHr_f	betald_c	0.0	0.0	0.0	Inf	Inf
DSERDHr_f	btal_c	-0.0	-915.5759371692711	0.0	-0.0	Inf
DSERDHr_f	for_c	-0.0	-0.0728004455993414	0.0016352085719581078	-0.0	0.0
DSERDHr_f	dcyt_c	-0.0	0.0	0.0	Inf	Inf
DSERDHr_f	fru_c	-0.0	0.0	1.9756597484797047	Inf	0.0
DSERDHr_f	ca2_c	-0.0	-0.0034697352720058916	999.996530264728	-0.0	0.0
DSERDHr_f	g3pe_c	-0.0	-0.09267826232517033	0.0	-0.0	Inf
DSERDHr_f	g3pi_c	0.0	0.0	0.0	Inf	Inf
DSERDHr_f	cbm_c	-0.0	-0.06511280991741608	0.0	-0.0	Inf
DSERDHr_f	dha_c	-0.0	-152.59598952821185	0.0	-0.0	Inf
DSERDHr_f	gal_c	-0.0	0.0	0.0	Inf	Inf
DSERDHr_f	dhgly_c	-0.0	-0.00014865532481595783	0.6899129280405318	-0.0	0.0
DSERDHr_f	dhmptp_c	0.0	0.0	0.0	Inf	Inf
DSERDHr_f	gcald_c	-0.0	-262.5262041515248	0.0004459659743361044	-0.0	0.0
DSERDHr_f	dhptd_c	-0.0	-52.23906072353213	0.0002986438812121629	-0.0	0.0
DSERDHr_f	cechddd_c	-0.0	0.0	0.0	Inf	Inf
DSERDHr_f	dhptdn_c	0.0	0.0	0.0	Inf	Inf
DSERDHr_f	chol_c	0.0	0.0	0.0	Inf	Inf
DSERDHr_f	chtbs6p_c	-0.0	0.0	0.0	Inf	Inf
DSERDHr_f	dmbzid_c	0.0	0.0	0.0	Inf	Inf
DSERDHr_f	dms_c	0.0	0.0	0.0	Inf	Inf
DSERDHr_f	dmso_c	0.0	0.0	0.0	Inf	Inf
DSERDHr_f	cl_c	-0.0	-0.0034697352720058916	999.996530264728	-0.0	0.0
DSERDHr_f	glc__D_c	-0.0	-76.29799476410592	1.9756597484797047	-0.0	0.0
DSERDHr_f	co2_c	-0.0	-955.3635029327647	44.63649706723527	-0.0	0.0
DSERDHr_f	dscl_c	-0.0	-0.00014865532481595783	0.0034056475690817933	-0.0	0.0
DSERDHr_f	dtdp4aaddg_c	-0.0	0.0	0.0	Inf	Inf
DSERDHr_f	glyald_c	-0.0	-1000.0	0.0	-0.0	Inf
DSERDHr_f	crn_c	-0.0	-1000.0	0.0	-0.0	Inf
DSERDHr_f	duri_c	-0.0	0.0	0.0	Inf	Inf
DSERDHr_f	glyb_c	0.0	0.0	0.0	Inf	Inf
DSERDHr_f	glyc_c	-0.0	-130.796562452753	0.0	-0.0	Inf
DSERDHr_f	dxyl_c	0.0	0.0	0.0	Inf	Inf
DSERDHr_f	glycogen_c	-0.0	-76.29799476410592	0.0	-0.0	Inf
DSERDHr_f	gmhep1p_c	-0.0	0.0	1.4250660480837214	Inf	0.0
DSERDHr_f	lipa_cold_c	-0.0	0.0	0.0	Inf	Inf
DSERDHr_f	lipidA_c	-0.0	-0.012969677128324975	0.09745406831065807	-0.0	0.0
DSERDHr_f	malt_c	0.0	0.0	0.0	Inf	Inf
DSERDHr_f	h2_c	-0.0	0.0	0.0	Inf	Inf
DSERDHr_f	malthx_c	-0.0	0.0	0.0	Inf	Inf
DSERDHr_f	maltpt_c	-0.0	0.0	0.0	Inf	Inf
DSERDHr_f	malttr_c	-0.0	0.0	0.0	Inf	Inf
DSERDHr_f	maltttr_c	-0.0	0.0	0.0	Inf	Inf
DSERDHr_f	h2o2_c	-0.0	-84.425400728652	0.00014865532477870147	-0.0	0.0
DSERDHr_f	man_c	-0.0	0.0	0.0	Inf	Inf
DSERDHr_f	mdhdhf_c	-0.0	-52.23906072353213	0.0002986438812121629	-0.0	0.0
DSERDHr_f	melib_c	-0.0	0.0	0.0	Inf	Inf
DSERDHr_f	meoh_c	-0.0	-999.9999986667684	1.3332315802472294e-06	-0.0	0.0
DSERDHr_f	pacald_c	-0.0	-1000.0	0.0	-0.0	Inf
DSERDHr_f	metsox_S__L_c	-0.0	-0.0728004455993414	0.0	-0.0	Inf
DSERDHr_f	mg2_c	-0.0	-0.005782892120082665	999.9942171078799	-0.0	0.0
DSERDHr_f	hhlipa_c	-0.0	0.0	0.0	Inf	Inf
DSERDHr_f	pe120_c	-0.0	0.0	0.0	Inf	Inf
DSERDHr_f	mobd_c	-0.0	-8.599343901909669e-05	21.732257233276755	-0.0	0.0
DSERDHr_f	hlipa_c	-0.0	0.0	0.0	Inf	Inf
DSERDHr_f	pg120_c	-0.0	0.0	0.0	Inf	Inf
DSERDHr_f	mql8_c	0.0	0.0	0.0	Inf	Inf
DSERDHr_f	mqn8_c	-0.0	0.0	0.0	Inf	Inf
DSERDHr_f	mthgxl_c	-0.0	0.0	3.6220428722127918	Inf	0.0
DSERDHr_f	hqn_c	0.0	0.0	0.0	Inf	Inf
DSERDHr_f	mththf_c	-0.0	-999.9997013561187	0.0002986438812121629	-0.0	0.0
DSERDHr_f	n2o_c	-0.0	-1000.0	0.0	-0.0	Inf
DSERDHr_f	na1_c	-0.0	0.0	0.0	Inf	Inf
DSERDHr_f	nac_c	-0.0	0.0	0.0	Inf	Inf
DSERDHr_f	ncam_c	-0.0	0.0	0.0	Inf	Inf
DSERDHr_f	ni2_c	-0.0	-0.0002153169054509165	999.9997846830945	-0.0	0.0
DSERDHr_f	no_c	-0.0	-1000.0	0.0	-0.0	Inf
DSERDHr_f	indole_c	-0.0	-0.03789244228032956	0.0	-0.0	Inf
DSERDHr_f	no2_c	-0.0	-1000.0	0.0	-0.0	Inf
DSERDHr_f	no3_c	0.0	0.0	0.0	Inf	Inf
DSERDHr_f	inost_c	0.0	0.0	0.0	Inf	Inf
DSERDHr_f	o2_c	-0.0	-42.212700364326	957.787299635674	-0.0	0.0
DSERDHr_f	poaac_c	-0.0	-12.418432704729574	0.0	-0.0	Inf
DSERDHr_f	ppal_c	-0.0	0.0	0.0	Inf	Inf
DSERDHr_f	k_c	-0.0	-0.1301187390887435	86.92902893310702	-0.0	0.0
DSERDHr_f	psclys_c	-0.0	0.0	0.0	Inf	Inf
DSERDHr_f	lald__D_c	-0.0	0.0	3.1046081761823934	Inf	0.0
DSERDHr_f	lald__L_c	-0.0	-2.728225994609602	0.0	-0.0	Inf
DSERDHr_f	ura_c	-0.0	0.0	0.0	Inf	Inf
DSERDHr_f	pydx_c	-0.0	0.0	0.7999999999847889	Inf	0.0
DSERDHr_f	uracp_c	-0.0	-0.13022561983483216	0.0	-0.0	Inf
DSERDHr_f	pydxn_c	-0.0	0.0	0.7999999999847889	Inf	0.0
DSERDHr_f	urate_c	-0.0	-0.03255640495870804	0.0	-0.0	Inf
DSERDHr_f	q8_c	-0.0	0.0	0.0	Inf	Inf
DSERDHr_f	q8h2_c	0.0	0.0	0.0	Inf	Inf
DSERDHr_f	urea_c	-0.0	0.0	0.39999999999239444	Inf	0.0
DSERDHr_f	uri_c	-0.0	0.0	0.027245180552654347	Inf	0.0
DSERDHr_f	rbflvrd_c	-0.0	0.0	0.0364002227996707	Inf	0.0
DSERDHr_f	rbl__L_c	-0.0	-91.5575937169271	0.0	-0.0	Inf
DSERDHr_f	rdmbzi_c	0.0	0.0	0.0	Inf	Inf
DSERDHr_f	thptdn_c	0.0	0.0	0.0	Inf	Inf
DSERDHr_f	xan_c	-0.0	-0.03255640495870804	0.19999999999619722	-0.0	0.0
DSERDHr_f	rephaccoa_c	-0.0	-0.00038397070443352277	0.0	-0.0	Inf
DSERDHr_f	rib__D_c	-0.0	0.0	1.9904292882851509	Inf	0.0
DSERDHr_f	xtsn_c	-0.0	0.0	0.19999999999619722	Inf	0.0
DSERDHr_f	rml_c	-0.0	-2.728225994609602	0.0	-0.0	Inf
DSERDHr_f	thym_c	-0.0	-86.92902893310702	0.0	-0.0	Inf
DSERDHr_f	thymd_c	-0.0	-0.01744266918899484	0.0	-0.0	Inf
DSERDHr_f	xu5p__L_c	-0.0	-0.6430382719025545	0.0	-0.0	Inf
DSERDHr_f	rmn_c	-0.0	-2.728225994609602	0.0	-0.0	Inf
DSERDHr_f	xyl__D_c	0.0	0.0	0.0	Inf	Inf
DSERDHr_f	tmao_c	0.0	0.0	0.0	Inf	Inf
DSERDHr_f	xylu__D_c	-0.0	0.0	0.0	Inf	Inf
DSERDHr_f	xylu__L_c	-0.0	-91.5575937169271	0.0	-0.0	Inf
DSERDHr_f	12ppd__R_e	-0.0	-1000.0	0.0	-0.0	Inf
DSERDHr_f	12ppd__S_e	-0.0	-1000.0	0.0	-0.0	Inf
DSERDHr_f	tre_c	-0.0	-38.14899738205296	0.0	-0.0	Inf
DSERDHr_f	seln_c	0.0	0.0	0.0	Inf	Inf
DSERDHr_f	34dhpac_e	-0.0	-1000.0	0.0	-0.0	Inf
DSERDHr_f	slnt_c	0.0	0.0	0.0	Inf	Inf
DSERDHr_f	so2_c	0.0	0.0	0.0	Inf	Inf
DSERDHr_f	so3_c	-0.0	-0.16523539315136068	5.113472290182766	-0.0	0.0
DSERDHr_f	so4_c	-0.0	-0.1681271725193052	86.92902893310702	-0.0	0.0
DSERDHr_f	4hoxpacd_e	-0.0	-1000.0	0.0	-0.0	Inf
DSERDHr_f	5mtr_e	-0.0	-1000.0	0.0	-0.0	Inf
DSERDHr_f	LalaDgluMdap_e	-0.0	-1000.0	0.0	-0.0	Inf
DSERDHr_f	ac_e	-0.0	0.0	0.0	Inf	Inf
DSERDHr_f	acald_e	-0.0	-1000.0	0.0	-0.0	Inf
DSERDHr_f	acgal_e	-0.0	-1000.0	0.0	-0.0	Inf
DSERDHr_f	acgam_e	-0.0	-1000.0	0.0	-0.0	Inf
DSERDHr_f	acmana_e	-0.0	-1000.0	0.0	-0.0	Inf
DSERDHr_f	tagur_c	-0.0	0.0	0.0	Inf	Inf
DSERDHr_f	tartr__L_c	-0.0	-0.06511280991741608	0.0	-0.0	Inf
DSERDHr_f	ade_e	-0.0	-1000.0	0.0	-0.0	Inf
DSERDHr_f	adn_e	-0.0	-1000.0	0.0	-0.0	Inf
DSERDHr_f	all__D_e	-0.0	-1000.0	0.0	-0.0	Inf
DSERDHr_f	cl_e	-0.0	-0.0034697352720058916	999.996530264728	-0.0	0.0
DSERDHr_f	alltn_e	-0.0	0.0	0.0	Inf	Inf
DSERDHr_f	cm_e	-0.0	-1000.0	0.0	-0.0	Inf
DSERDHr_f	co2_e	-0.0	-955.3635029327647	44.63649706723527	-0.0	0.0
DSERDHr_f	arab__L_e	-0.0	-1000.0	0.0	-0.0	Inf
DSERDHr_f	arbt_e	-0.0	-1000.0	0.0	-0.0	Inf
DSERDHr_f	unagamu_c	-0.0	0.0	0.09788550289202805	Inf	0.0
DSERDHr_f	crn_e	-0.0	-1000.0	0.0	-0.0	Inf
DSERDHr_f	csn_e	-0.0	-1000.0	0.0	-0.0	Inf
DSERDHr_f	cyan_e	-0.0	-1000.0	0.0	-0.0	Inf
DSERDHr_f	glyb_e	-0.0	-1000.0	0.0	-0.0	Inf
DSERDHr_f	glyc_e	-0.0	-1000.0	0.0	-0.0	Inf
DSERDHr_f	cytd_e	-0.0	-1000.0	0.0	-0.0	Inf
DSERDHr_f	ca2_e	-0.0	-0.0034697352720058916	999.996530264728	-0.0	0.0
DSERDHr_f	dad_2_e	-0.0	-1000.0	0.0	-0.0	Inf
DSERDHr_f	dcyt_e	-0.0	-1000.0	0.0	-0.0	Inf
DSERDHr_f	chol_e	-0.0	-1000.0	0.0	-0.0	Inf
DSERDHr_f	dha_e	-0.0	-1000.0	0.0	-0.0	Inf
DSERDHr_f	ppal_e	-0.0	-1000.0	0.0	-0.0	Inf
DSERDHr_f	h2_e	-0.0	-1000.0	0.0	-0.0	Inf
DSERDHr_f	dms_e	-0.0	-1000.0	0.0	-0.0	Inf
DSERDHr_f	dmso_e	-0.0	-1000.0	0.0	-0.0	Inf
DSERDHr_f	h2o2_e	-0.0	-1000.0	0.0	-0.0	Inf
DSERDHr_f	psclys_e	-0.0	-1000.0	0.0	-0.0	Inf
DSERDHr_f	duri_e	-0.0	-1000.0	0.0	-0.0	Inf
DSERDHr_f	pydx_e	-0.0	-1000.0	0.0	-0.0	Inf
DSERDHr_f	pydxn_e	-0.0	-1000.0	0.0	-0.0	Inf
DSERDHr_f	etoh_e	-0.0	-1000.0	0.0	-0.0	Inf
DSERDHr_f	fald_e	-0.0	0.0	0.0	Inf	Inf
DSERDHr_f	rib__D_e	-0.0	-1000.0	0.0	-0.0	Inf
DSERDHr_f	rmn_e	-0.0	-1000.0	0.0	-0.0	Inf
DSERDHr_f	indole_e	-0.0	-1000.0	0.0	-0.0	Inf
DSERDHr_f	inost_e	-0.0	-1000.0	0.0	-0.0	Inf
DSERDHr_f	sbt__D_e	-0.0	-2.728225994609602	0.0	-0.0	Inf
DSERDHr_f	k_e	-0.0	-0.1301187390887435	999.8698812609113	-0.0	0.0
DSERDHr_f	for_e	-0.0	0.0	0.0016352085719581078	Inf	0.0
DSERDHr_f	slnt_e	-0.0	0.0	1000.0	Inf	0.0
DSERDHr_f	fru_e	-0.0	-1000.0	0.0	-0.0	Inf
DSERDHr_f	so2_e	-0.0	-1000.0	0.0	-0.0	Inf
DSERDHr_f	so3_e	-0.0	-1000.0	0.0	-0.0	Inf
DSERDHr_f	so4_e	-0.0	-0.1681271725193052	999.8318728274807	-0.0	0.0
DSERDHr_f	lipa_cold_e	-0.0	-1000.0	0.0	-0.0	Inf
DSERDHr_f	sucr_e	-0.0	-1000.0	0.0	-0.0	Inf
DSERDHr_f	g3pe_e	-0.0	-1000.0	0.0	-0.0	Inf
DSERDHr_f	malt_e	-0.0	-1000.0	0.0	-0.0	Inf
DSERDHr_f	tartr__L_e	-0.0	-1000.0	0.0	-0.0	Inf
DSERDHr_f	g3pi_e	-0.0	-1000.0	0.0	-0.0	Inf
DSERDHr_f	malthx_e	-0.0	-1000.0	0.0	-0.0	Inf
DSERDHr_f	maltpt_e	-0.0	-1000.0	0.0	-0.0	Inf
DSERDHr_f	gal_e	-0.0	-1000.0	0.0	-0.0	Inf
DSERDHr_f	gal_bD_e	-0.0	-1000.0	0.0	-0.0	Inf
DSERDHr_f	malttr_e	-0.0	-1000.0	0.0	-0.0	Inf
DSERDHr_f	maltttr_e	-0.0	-1000.0	0.0	-0.0	Inf
DSERDHr_f	man_e	-0.0	-1000.0	0.0	-0.0	Inf
DSERDHr_f	thym_e	-0.0	-1000.0	0.0	-0.0	Inf
DSERDHr_f	thymd_e	-0.0	-1000.0	0.0	-0.0	Inf
DSERDHr_f	galt_e	-0.0	-2.728225994609602	0.0	-0.0	Inf
DSERDHr_f	melib_e	-0.0	-1000.0	0.0	-0.0	Inf
DSERDHr_f	meoh_e	-0.0	-999.9999986667684	1.3332315802472294e-06	-0.0	0.0
DSERDHr_f	tmao_e	-0.0	-1000.0	0.0	-0.0	Inf
DSERDHr_f	tre_e	-0.0	-1000.0	0.0	-0.0	Inf
DSERDHr_f	metsox_S__L_e	-0.0	-1000.0	0.0	-0.0	Inf
DSERDHr_f	glc__D_e	-0.0	-76.29799476410592	2.021605324025744	-0.0	0.0
DSERDHr_f	mg2_e	-0.0	-0.005782892120082665	999.9942171078799	-0.0	0.0
DSERDHr_f	mnl_e	-0.0	-1000.0	0.0	-0.0	Inf
DSERDHr_f	mobd_e	-0.0	-8.59934390291528e-05	999.999914006561	-0.0	0.0
DSERDHr_f	glyald_e	-0.0	-1000.0	0.0	-0.0	Inf
DSERDHr_f	n2o_e	-0.0	-1000.0	0.0	-0.0	Inf
DSERDHr_f	na1_e	-0.0	0.0	1000.0	Inf	0.0
DSERDHr_f	nac_e	-0.0	-1000.0	0.0	-0.0	Inf
DSERDHr_f	ni2_e	-0.0	-0.0002153169054963655	999.9997846830945	-0.0	0.0
DSERDHr_f	no_e	-0.0	-1000.0	0.0	-0.0	Inf
DSERDHr_f	no2_e	-0.0	-1000.0	0.0	-0.0	Inf
DSERDHr_f	ura_e	-0.0	-1000.0	0.0	-0.0	Inf
DSERDHr_f	no3_e	-0.0	-1000.0	0.0	-0.0	Inf
DSERDHr_f	urea_e	-0.0	-1000.0	0.0	-0.0	Inf
DSERDHr_f	novbcn_e	-0.0	-1000.0	0.0	-0.0	Inf
DSERDHr_f	uri_e	-0.0	-1000.0	0.0	-0.0	Inf
DSERDHr_f	o2_e	-0.0	-42.212700364326	957.787299635674	-0.0	0.0
DSERDHr_f	xan_e	-0.0	0.0	0.0	Inf	Inf
DSERDHr_f	xtsn_e	-0.0	-1000.0	0.0	-0.0	Inf
DSERDHr_f	xyl__D_e	-0.0	-1000.0	0.0	-0.0	Inf
DSERDHr_f	xylu__L_e	-0.0	-1000.0	0.0	-0.0	Inf
DSERDHr_f	pacald_e	-0.0	-1000.0	0.0	-0.0	Inf
DSERDHr_f	12dgr120_p	-0.0	0.0	0.0	Inf	Inf
DSERDHr_f	12dgr140_p	-0.0	0.0	0.0	Inf	Inf
DSERDHr_f	12dgr160_p	-0.0	-0.042539421066392524	0.0	-0.0	Inf
DSERDHr_f	12dgr180_p	-0.0	0.0	0.0	Inf	Inf
DSERDHr_f	12ppd__R_p	-0.0	-1000.0	0.0	-0.0	Inf
DSERDHr_f	12ppd__S_p	-0.0	0.0	0.0	Inf	Inf
DSERDHr_f	chol_p	-0.0	-1000.0	0.0	-0.0	Inf
DSERDHr_f	cl_p	-0.0	-0.0034697352720058916	999.996530264728	-0.0	0.0
DSERDHr_f	34dhpac_p	-0.0	-1000.0	0.0	-0.0	Inf
DSERDHr_f	cm_p	-0.0	0.0	0.0	Inf	Inf
DSERDHr_f	4hoxpacd_p	-0.0	-1000.0	0.0	-0.0	Inf
DSERDHr_f	co2_p	-0.0	-955.3635029327647	44.63649706723527	-0.0	0.0
DSERDHr_f	5mtr_p	-0.0	-1000.0	0.0	-0.0	Inf
DSERDHr_f	LalaDgluMdap_p	-0.0	-0.018523920026842316	0.0	-0.0	Inf
DSERDHr_f	gal_p	-0.0	-1000.0	0.0	-0.0	Inf
DSERDHr_f	ac_p	-0.0	-0.13022561983483216	0.0	-0.0	Inf
DSERDHr_f	crn_p	-0.0	-1000.0	0.0	-0.0	Inf
DSERDHr_f	gal_bD_p	-0.0	-1000.0	0.0	-0.0	Inf
DSERDHr_f	acald_p	-0.0	-1000.0	0.0	-0.0	Inf
DSERDHr_f	acgal_p	-0.0	-1000.0	0.0	-0.0	Inf
DSERDHr_f	csn_p	-0.0	0.0	0.0	Inf	Inf
DSERDHr_f	acgam_p	-0.0	-1000.0	0.0	-0.0	Inf
DSERDHr_f	galt_p	-0.0	-2.728225994609602	0.0	-0.0	Inf
DSERDHr_f	acmana_p	-0.0	-1000.0	0.0	-0.0	Inf
DSERDHr_f	cyan_p	-0.0	0.0	0.0	Inf	Inf
DSERDHr_f	ade_p	-0.0	-1000.0	0.0	-0.0	Inf
DSERDHr_f	adn_p	-0.0	0.0	0.0004486324376408199	Inf	0.0
DSERDHr_f	cytd_p	-0.0	0.0	0.0	Inf	Inf
DSERDHr_f	glc__D_p	-0.0	-76.29799476410592	2.021605324025744	-0.0	0.0
DSERDHr_f	dad_2_p	-0.0	-1000.0	0.0	-0.0	Inf
DSERDHr_f	dcyt_p	-0.0	-1000.0	0.0	-0.0	Inf
DSERDHr_f	all__D_p	-0.0	0.0	0.0	Inf	Inf
DSERDHr_f	alltn_p	-0.0	0.0	0.0	Inf	Inf
DSERDHr_f	dha_p	-0.0	-1000.0	0.0	-0.0	Inf
DSERDHr_f	glyald_p	-0.0	-1000.0	0.0	-0.0	Inf
DSERDHr_f	glyb_p	0.0	0.0	0.0	Inf	Inf
DSERDHr_f	dms_p	-0.0	-1000.0	0.0	-0.0	Inf
DSERDHr_f	glyc_p	-0.0	-130.796562452753	0.0	-0.0	Inf
DSERDHr_f	dmso_p	-0.0	-1000.0	0.0	-0.0	Inf
DSERDHr_f	arab__L_p	-0.0	0.0	0.0	Inf	Inf
DSERDHr_f	arbt_p	0.0	0.0	0.0	Inf	Inf
DSERDHr_f	ca2_p	-0.0	-0.0034697352720058916	999.996530264728	-0.0	0.0
DSERDHr_f	duri_p	-0.0	-1000.0	0.0	-0.0	Inf
DSERDHr_f	h2_p	-0.0	-1000.0	0.0	-0.0	Inf
DSERDHr_f	h2o2_p	-0.0	-1000.0	0.0	-0.0	Inf
DSERDHr_f	etoh_p	-0.0	-1000.0	0.0	-0.0	Inf
DSERDHr_f	fald_p	-0.0	0.0	0.0	Inf	Inf
DSERDHr_f	n2o_p	-0.0	-1000.0	0.0	-0.0	Inf
DSERDHr_f	na1_p	-0.0	0.0	0.0	Inf	Inf
DSERDHr_f	indole_p	-0.0	0.0	0.0	Inf	Inf
DSERDHr_f	nac_p	-0.0	-1000.0	0.0	-0.0	Inf
DSERDHr_f	ni2_p	-0.0	-0.0002153169054963655	999.9997846830945	-0.0	0.0
DSERDHr_f	inost_p	-0.0	-1000.0	0.0	-0.0	Inf
DSERDHr_f	no_p	-0.0	-1000.0	0.0	-0.0	Inf
DSERDHr_f	no2_p	-0.0	-1000.0	0.0	-0.0	Inf
DSERDHr_f	for_p	-0.0	0.0	0.0016352085719581078	Inf	0.0
DSERDHr_f	fru_p	-0.0	-1000.0	0.0	-0.0	Inf
DSERDHr_f	no3_p	-0.0	0.0	0.0	Inf	Inf
DSERDHr_f	k_p	-0.0	-0.1301187390887435	999.8698812609113	-0.0	0.0
DSERDHr_f	novbcn_p	-0.0	0.0	0.0	Inf	Inf
DSERDHr_f	o2_p	-0.0	-42.212700364326	957.787299635674	-0.0	0.0
DSERDHr_f	lipa_cold_p	-0.0	-21.732257233276755	0.0	-0.0	Inf
DSERDHr_f	g3pe_p	-0.0	-0.09267826232517033	0.0	-0.0	Inf
DSERDHr_f	g3pi_p	-0.0	0.0	0.0	Inf	Inf
DSERDHr_f	so3_p	-0.0	-1000.0	0.0	-0.0	Inf
DSERDHr_f	so4_p	-0.0	-0.1681271725193052	999.8318728274807	-0.0	0.0
DSERDHr_f	malt_p	0.0	0.0	0.0	Inf	Inf
DSERDHr_f	malthx_p	0.0	0.0	0.0	Inf	Inf
DSERDHr_f	maltpt_p	0.0	0.0	0.0	Inf	Inf
DSERDHr_f	sucr_p	-0.0	-1000.0	0.0	-0.0	Inf
DSERDHr_f	malttr_p	0.0	0.0	0.0	Inf	Inf
DSERDHr_f	maltttr_p	0.0	0.0	0.0	Inf	Inf
DSERDHr_f	pacald_p	-0.0	-1000.0	0.0	-0.0	Inf
DSERDHr_f	man_p	-0.0	-1000.0	0.0	-0.0	Inf
DSERDHr_f	tartr__L_p	-0.0	-1000.0	0.0	-0.0	Inf
DSERDHr_f	pe120_p	-0.0	0.0	0.0	Inf	Inf
DSERDHr_f	melib_p	-0.0	-1000.0	0.0	-0.0	Inf
DSERDHr_f	meoh_p	-0.0	-999.9999986667684	1.3332315802472294e-06	-0.0	0.0
DSERDHr_f	thym_p	-0.0	-1000.0	0.0	-0.0	Inf
DSERDHr_f	thymd_p	-0.0	-0.01744266918899484	0.0	-0.0	Inf
DSERDHr_f	pg120_p	-0.0	0.0	0.0	Inf	Inf
DSERDHr_f	metsox_S__L_p	-0.0	-1000.0	0.0	-0.0	Inf
DSERDHr_f	tmao_p	-0.0	-1000.0	0.0	-0.0	Inf
DSERDHr_f	mg2_p	-0.0	-0.005782892120082665	999.9942171078799	-0.0	0.0
DSERDHr_f	tre_p	-0.0	0.0	0.0	Inf	Inf
DSERDHr_f	mnl_p	-0.0	0.0	0.0	Inf	Inf
DSERDHr_f	mobd_p	-0.0	-8.59934390291528e-05	999.999914006561	-0.0	0.0
DSERDHr_f	ura_p	-0.0	-1000.0	0.0	-0.0	Inf
DSERDHr_f	urea_p	-0.0	0.0	0.39999999999239444	Inf	0.0
DSERDHr_f	uri_p	-0.0	0.0	0.0	Inf	Inf
DSERDHr_f	xan_p	-0.0	-0.03255640495870804	0.0	-0.0	Inf
DSERDHr_f	xtsn_p	-0.0	0.0	0.0	Inf	Inf
DSERDHr_f	xyl__D_p	-0.0	0.0	0.0	Inf	Inf
DSERDHr_f	xylu__L_p	-0.0	-1000.0	0.0	-0.0	Inf
DSERDHr_f	ppal_p	-0.0	-1000.0	0.0	-0.0	Inf
DSERDHr_f	psclys_p	-0.0	-1000.0	0.0	-0.0	Inf
DSERDHr_f	pydx_p	-0.0	0.0	0.0	Inf	Inf
DSERDHr_f	pydxn_p	-0.0	0.0	0.0	Inf	Inf
DSERDHr_f	rib__D_p	-0.0	-1000.0	0.0	-0.0	Inf
DSERDHr_f	rmn_p	-0.0	-1000.0	0.0	-0.0	Inf
DSERDHr_f	sbt__D_p	-0.0	-2.728225994609602	0.0	-0.0	Inf
DSERDHr_f	slnt_p	-0.0	0.0	0.0	Inf	Inf
DSERDHr_f	so2_p	-0.0	-1000.0	0.0	-0.0	Inf
