Reaction	Metabolite	ShadowPrice	G-	G+	DecrementalShadowPrice	IncrementalShadowPrice
DUMPtex_f	12dgr120_c	-0.0	0.0	0.0	Inf	Inf
DUMPtex_f	12dgr140_c	-0.0	0.0	0.0	Inf	Inf
DUMPtex_f	12dgr160_c	-0.0	0.0	0.26539319156862323	Inf	0.0
DUMPtex_f	12dgr180_c	-0.0	0.0	0.0	Inf	Inf
DUMPtex_f	12ppd__R_c	-0.0	-1000.0	0.0	-0.0	Inf
DUMPtex_f	12ppd__S_c	-0.0	0.0	0.0	Inf	Inf
DUMPtex_f	5drib_c	-0.0	-999.9998500114435	0.000149988556428657	-0.0	0.0
DUMPtex_f	5mta_c	-0.0	0.0	0.0	Inf	Inf
DUMPtex_f	23dhacoa_c	-0.0	-0.00038397070522933063	0.0	-0.0	Inf
DUMPtex_f	5mtr_c	-0.0	0.0	0.0	Inf	Inf
DUMPtex_f	3amac_c	-0.0	-0.1250206836251476	0.0	-0.0	Inf
DUMPtex_f	LalaDgluMdap_c	-0.0	-0.018523920026842316	0.0	-0.0	Inf
DUMPtex_f	ac_c	-0.0	-0.1250206836251467	1.4744347653481782	-0.0	0.0
DUMPtex_f	acald_c	-0.0	-0.8280742284100597	4.511684256666595	-0.0	0.0
DUMPtex_f	acetol_c	-0.0	0.0	0.0	Inf	Inf
DUMPtex_f	acgam_c	-0.0	-0.06298719431034913	0.0	-0.0	Inf
DUMPtex_f	acgam6p_c	-0.0	-0.06298719431034913	0.0	-0.0	Inf
DUMPtex_f	acmalt_c	0.0	0.0	0.0	Inf	Inf
DUMPtex_f	acmana_c	-0.0	-0.06298719431034913	0.0	-0.0	Inf
DUMPtex_f	2dmmq8_c	-0.0	0.0	0.0	Inf	Inf
DUMPtex_f	2dmmql8_c	-0.0	0.0	0.0	Inf	Inf
DUMPtex_f	ade_c	-0.0	-0.025004136725029588	0.0004486324376408199	-0.0	0.0
DUMPtex_f	adn_c	-0.0	0.0	0.0004486324376408199	Inf	0.0
DUMPtex_f	3sala_c	0.0	0.0	0.0	Inf	Inf
DUMPtex_f	adphep_DD_c	-0.0	0.0	0.0	Inf	Inf
DUMPtex_f	adphep_LD_c	-0.0	0.0	0.0	Inf	Inf
DUMPtex_f	4ahmmp_c	0.0	0.0	0.0	Inf	Inf
DUMPtex_f	4crsol_c	-0.0	-999.9998513446752	0.00014865532481595783	-0.0	0.0
DUMPtex_f	2ohph_c	-0.0	-0.00014865532481595783	0.10350927855125747	-0.0	0.0
DUMPtex_f	2ombzl_c	-0.0	0.0	0.0	Inf	Inf
DUMPtex_f	2omhmbl_c	-0.0	0.0	0.0	Inf	Inf
DUMPtex_f	2ommbl_c	0.0	0.0	0.0	Inf	Inf
DUMPtex_f	2omph_c	-0.0	0.0	0.10350927855125747	Inf	0.0
DUMPtex_f	4mhetz_c	0.0	0.0	0.0	Inf	Inf
DUMPtex_f	2oph_c	-0.0	-0.00014865532481595783	0.10350927855125747	-0.0	0.0
DUMPtex_f	2oxpaccoa_c	-0.0	-0.00038397070522933063	0.0	-0.0	Inf
DUMPtex_f	all__D_c	-0.0	-40.62822739706833	0.0	-0.0	Inf
DUMPtex_f	alltn_c	-0.0	-0.0312551709062869	0.0	-0.0	Inf
DUMPtex_f	4r5au_c	-0.0	-0.00029731064948097243	0.1999999999933948	-0.0	0.0
DUMPtex_f	56dura_c	0.0	0.0	0.0	Inf	Inf
DUMPtex_f	arab__L_c	-0.0	-48.75387287648201	0.0	-0.0	Inf
DUMPtex_f	etoh_c	-0.0	-1000.0	0.0	-0.0	Inf
DUMPtex_f	csn_c	-0.0	0.0	0.027245180551764392	Inf	0.0
DUMPtex_f	fald_c	-0.0	0.0	0.0	Inf	Inf
DUMPtex_f	fc1p_c	-0.0	-0.6430382719102976	0.0	-0.0	Inf
DUMPtex_f	fcl__L_c	-0.0	0.0	0.0	Inf	Inf
DUMPtex_f	aso4_c	0.0	0.0	0.0	Inf	Inf
DUMPtex_f	cyan_c	0.0	0.0	0.0	Inf	Inf
DUMPtex_f	athtp_c	0.0	0.0	0.0	Inf	Inf
DUMPtex_f	cytd_c	-0.0	0.0	0.0	Inf	Inf
DUMPtex_f	dad_2_c	-0.0	0.0	0.0	Inf	Inf
DUMPtex_f	dad_5_c	-0.0	-0.025004136725029588	0.000149988556428657	-0.0	0.0
DUMPtex_f	betald_c	0.0	0.0	0.0	Inf	Inf
DUMPtex_f	btal_c	-0.0	-487.53872876481995	0.0	-0.0	Inf
DUMPtex_f	for_c	-0.0	-0.07280044560153848	0.0016352085724109374	-0.0	0.0
DUMPtex_f	dcyt_c	-0.0	-0.017442669188943286	0.0	-0.0	Inf
DUMPtex_f	fru_c	-0.0	0.0	0.0	Inf	Inf
DUMPtex_f	ca2_c	-0.0	-0.0034697352720058916	999.996530264728	-0.0	0.0
DUMPtex_f	g3pe_c	-0.0	-0.09267826232517033	0.0	-0.0	Inf
DUMPtex_f	g3pi_c	0.0	0.0	0.0	Inf	Inf
DUMPtex_f	cbm_c	-0.0	-0.0625103418125738	0.0	-0.0	Inf
DUMPtex_f	dha_c	-0.0	-81.25645479413667	0.0	-0.0	Inf
DUMPtex_f	gal_c	-0.0	0.0	0.0	Inf	Inf
DUMPtex_f	dhgly_c	-0.0	-0.00014865532481595783	0.7999999999735792	-0.0	0.0
DUMPtex_f	dhmptp_c	0.0	0.0	0.0	Inf	Inf
DUMPtex_f	gcald_c	-0.0	-136.51084405414957	0.0004459659743361044	-0.0	0.0
DUMPtex_f	dhptd_c	-0.0	-52.24166319163862	0.0002986438812121629	-0.0	0.0
DUMPtex_f	cechddd_c	-0.0	0.0	0.0	Inf	Inf
DUMPtex_f	dhptdn_c	0.0	0.0	0.0	Inf	Inf
DUMPtex_f	chol_c	0.0	0.0	0.0	Inf	Inf
DUMPtex_f	chtbs6p_c	-0.0	0.0	0.0	Inf	Inf
DUMPtex_f	dmbzid_c	0.0	0.0	0.0	Inf	Inf
DUMPtex_f	dms_c	0.0	0.0	0.0	Inf	Inf
DUMPtex_f	dmso_c	0.0	0.0	0.0	Inf	Inf
DUMPtex_f	cl_c	-0.0	-0.0034697352720058916	999.996530264728	-0.0	0.0
DUMPtex_f	glc__D_c	-0.0	-40.62822739706833	0.0	-0.0	Inf
DUMPtex_f	co2_c	-0.0	-955.3635029327983	44.63649706720173	-0.0	0.0
DUMPtex_f	dscl_c	-0.0	-0.00014865532481595783	0.003405647568970549	-0.0	0.0
DUMPtex_f	dtdp4aaddg_c	-0.0	0.0	0.0	Inf	Inf
DUMPtex_f	glyald_c	-0.0	-1000.0	0.0	-0.0	Inf
DUMPtex_f	crn_c	-0.0	-1000.0	0.0	-0.0	Inf
DUMPtex_f	duri_c	-0.0	-0.017442669188943286	0.0	-0.0	Inf
DUMPtex_f	glyb_c	0.0	0.0	0.0	Inf	Inf
DUMPtex_f	glyc_c	-0.0	-69.64838982354571	0.0	-0.0	Inf
DUMPtex_f	dxyl_c	0.0	0.0	0.0	Inf	Inf
DUMPtex_f	glycogen_c	-0.0	-40.628227397068336	0.0	-0.0	Inf
DUMPtex_f	gmhep1p_c	-0.0	0.0	3.3666135415010876	Inf	0.0
DUMPtex_f	lipa_cold_c	-0.0	0.0	0.0	Inf	Inf
DUMPtex_f	lipidA_c	-0.0	-0.012969677128324975	0.15038947522221985	-0.0	0.0
DUMPtex_f	malt_c	0.0	0.0	0.0	Inf	Inf
DUMPtex_f	h2_c	-0.0	0.0	0.0	Inf	Inf
DUMPtex_f	malthx_c	-0.0	0.0	0.0	Inf	Inf
DUMPtex_f	maltpt_c	-0.0	0.0	0.0	Inf	Inf
DUMPtex_f	malttr_c	-0.0	0.0	0.0	Inf	Inf
DUMPtex_f	maltttr_c	-0.0	0.0	0.0	Inf	Inf
DUMPtex_f	h2o2_c	-0.0	-0.0026024681079887865	0.4685949886896288	-0.0	0.0
DUMPtex_f	man_c	-0.0	-40.62822739706833	0.0	-0.0	Inf
DUMPtex_f	mdhdhf_c	-0.0	-52.24166319163862	0.0002986438812121629	-0.0	0.0
DUMPtex_f	melib_c	-0.0	0.0	0.0	Inf	Inf
DUMPtex_f	meoh_c	-0.0	-999.9999986667684	1.3332315802472294e-06	-0.0	0.0
DUMPtex_f	pacald_c	-0.0	-1000.0	0.0	-0.0	Inf
DUMPtex_f	metsox_S__L_c	-0.0	-0.07280044560153848	0.0	-0.0	Inf
DUMPtex_f	mg2_c	-0.0	-0.005782892120082665	999.9942171078799	-0.0	0.0
DUMPtex_f	hhlipa_c	-0.0	0.0	0.0	Inf	Inf
DUMPtex_f	pe120_c	-0.0	0.0	0.0	Inf	Inf
DUMPtex_f	mobd_c	-0.0	-8.599343901909669e-05	86.69029869365295	-0.0	0.0
DUMPtex_f	hlipa_c	-0.0	0.0	0.0	Inf	Inf
DUMPtex_f	pg120_c	-0.0	-0.05187870851335024	0.0	-0.0	Inf
DUMPtex_f	mql8_c	0.0	0.0	0.0	Inf	Inf
DUMPtex_f	mqn8_c	-0.0	0.0	0.0	Inf	Inf
DUMPtex_f	mthgxl_c	-0.0	-3.3187016101755944	0.0	-0.0	Inf
DUMPtex_f	hqn_c	0.0	0.0	0.0	Inf	Inf
DUMPtex_f	mththf_c	-0.0	-999.9997013561187	0.0002986438812121629	-0.0	0.0
DUMPtex_f	n2o_c	-0.0	-1000.0	0.0	-0.0	Inf
DUMPtex_f	na1_c	-0.0	0.0	0.0	Inf	Inf
DUMPtex_f	nac_c	-0.0	0.0	0.0	Inf	Inf
DUMPtex_f	ncam_c	-0.0	0.0	0.0	Inf	Inf
DUMPtex_f	ni2_c	-0.0	-0.0002153169054509165	999.9997846830945	-0.0	0.0
DUMPtex_f	no_c	-0.0	-1000.0	0.0	-0.0	Inf
DUMPtex_f	indole_c	-0.0	-0.03789244228032956	0.7999999999735792	-0.0	0.0
DUMPtex_f	no2_c	-0.0	-1000.0	0.0	-0.0	Inf
DUMPtex_f	no3_c	0.0	0.0	0.0	Inf	Inf
DUMPtex_f	inost_c	0.0	0.0	0.0	Inf	Inf
DUMPtex_f	o2_c	-0.0	-42.21400159834683	957.7859984016532	-0.0	0.0
DUMPtex_f	poaac_c	-0.0	-26.12083159581923	0.0	-0.0	Inf
DUMPtex_f	ppal_c	-0.0	0.0	0.0	Inf	Inf
DUMPtex_f	k_c	-0.0	-0.1301187390887435	346.7611947746118	-0.0	0.0
DUMPtex_f	psclys_c	-0.0	0.0	0.0	Inf	Inf
DUMPtex_f	lald__D_c	-0.0	0.0	0.0	Inf	Inf
DUMPtex_f	lald__L_c	-0.0	-3.3187016101755944	0.0	-0.0	Inf
DUMPtex_f	ura_c	-0.0	0.0	0.0	Inf	Inf
DUMPtex_f	pydx_c	-0.0	0.0	0.7999999999735792	Inf	0.0
DUMPtex_f	uracp_c	-0.0	-0.1250206836251476	0.0	-0.0	Inf
DUMPtex_f	pydxn_c	-0.0	0.0	0.7999999999735792	Inf	0.0
DUMPtex_f	urate_c	-0.0	-0.0026024681079887865	0.0	-0.0	Inf
DUMPtex_f	q8_c	-0.0	0.0	0.0	Inf	Inf
DUMPtex_f	q8h2_c	0.0	0.0	0.0	Inf	Inf
DUMPtex_f	urea_c	-0.0	0.0	0.3999999999867896	Inf	0.0
DUMPtex_f	uri_c	-0.0	0.0	0.0	Inf	Inf
DUMPtex_f	rbflvrd_c	-0.0	0.0	0.03640022280076926	Inf	0.0
DUMPtex_f	rbl__L_c	-0.0	-48.75387287648201	0.0	-0.0	Inf
DUMPtex_f	rdmbzi_c	0.0	0.0	0.0	Inf	Inf
DUMPtex_f	thptdn_c	0.0	0.0	0.0	Inf	Inf
DUMPtex_f	xan_c	-0.0	0.0	0.0	Inf	Inf
DUMPtex_f	rephaccoa_c	-0.0	-0.00038397070522933063	0.0	-0.0	Inf
DUMPtex_f	rib__D_c	-0.0	0.0	4.511684256666596	Inf	0.0
DUMPtex_f	xtsn_c	-0.0	0.0	0.0	Inf	Inf
DUMPtex_f	rml_c	-0.0	-3.3187016101755944	0.0	-0.0	Inf
DUMPtex_f	thym_c	-0.0	-346.7611947746118	0.0	-0.0	Inf
DUMPtex_f	thymd_c	-0.0	-0.017442669188943286	0.0	-0.0	Inf
DUMPtex_f	xu5p__L_c	-0.0	-0.6430382719102572	0.0	-0.0	Inf
DUMPtex_f	rmn_c	-0.0	-3.3187016101755944	0.0	-0.0	Inf
DUMPtex_f	xyl__D_c	0.0	0.0	0.0	Inf	Inf
DUMPtex_f	tmao_c	0.0	0.0	0.0	Inf	Inf
DUMPtex_f	xylu__D_c	-0.0	0.0	0.0	Inf	Inf
DUMPtex_f	xylu__L_c	-0.0	-48.75387287648201	0.0	-0.0	Inf
DUMPtex_f	12ppd__R_e	-0.0	-1000.0	0.0	-0.0	Inf
DUMPtex_f	12ppd__S_e	-0.0	-1000.0	0.0	-0.0	Inf
DUMPtex_f	tre_c	-0.0	-20.314113698534165	0.0	-0.0	Inf
DUMPtex_f	seln_c	0.0	0.0	0.0	Inf	Inf
DUMPtex_f	34dhpac_e	-0.0	-1000.0	0.0	-0.0	Inf
DUMPtex_f	slnt_c	0.0	0.0	0.0	Inf	Inf
DUMPtex_f	so2_c	0.0	0.0	0.0	Inf	Inf
DUMPtex_f	so3_c	-0.0	-0.165235393152102	17.338059738730646	-0.0	0.0
DUMPtex_f	so4_c	-0.0	-0.16812717252004653	346.7611947746118	-0.0	0.0
DUMPtex_f	4hoxpacd_e	-0.0	-1000.0	0.0	-0.0	Inf
DUMPtex_f	5mtr_e	-0.0	0.0	0.0	Inf	Inf
DUMPtex_f	LalaDgluMdap_e	-0.0	-1000.0	0.0	-0.0	Inf
DUMPtex_f	ac_e	-0.0	0.0	0.0	Inf	Inf
DUMPtex_f	acald_e	-0.0	-1000.0	0.0	-0.0	Inf
DUMPtex_f	acgal_e	-0.0	-1000.0	0.0	-0.0	Inf
DUMPtex_f	acgam_e	-0.0	-1000.0	0.0	-0.0	Inf
DUMPtex_f	acmana_e	-0.0	-1000.0	0.0	-0.0	Inf
DUMPtex_f	tagur_c	-0.0	0.0	0.0	Inf	Inf
DUMPtex_f	tartr__L_c	-0.0	-0.06251034181257357	0.0	-0.0	Inf
DUMPtex_f	ade_e	-0.0	-1000.0	0.0	-0.0	Inf
DUMPtex_f	adn_e	-0.0	-1000.0	0.0	-0.0	Inf
DUMPtex_f	all__D_e	-0.0	-1000.0	0.0	-0.0	Inf
DUMPtex_f	cl_e	-0.0	-0.0034697352720058916	999.996530264728	-0.0	0.0
DUMPtex_f	alltn_e	-0.0	0.0	0.0	Inf	Inf
DUMPtex_f	cm_e	-0.0	-1000.0	0.0	-0.0	Inf
DUMPtex_f	co2_e	-0.0	-955.3635029327983	44.63649706720173	-0.0	0.0
DUMPtex_f	arab__L_e	-0.0	-1000.0	0.0	-0.0	Inf
DUMPtex_f	arbt_e	-0.0	-1000.0	0.0	-0.0	Inf
DUMPtex_f	unagamu_c	-0.0	0.0	0.09200824760111775	Inf	0.0
DUMPtex_f	crn_e	-0.0	-1000.0	0.0	-0.0	Inf
DUMPtex_f	csn_e	-0.0	-1000.0	0.0	-0.0	Inf
DUMPtex_f	cyan_e	-0.0	-1000.0	0.0	-0.0	Inf
DUMPtex_f	glyb_e	-0.0	-1000.0	0.0	-0.0	Inf
DUMPtex_f	glyc_e	-0.0	-1000.0	0.0	-0.0	Inf
DUMPtex_f	cytd_e	-0.0	-1000.0	0.0	-0.0	Inf
DUMPtex_f	ca2_e	-0.0	-0.0034697352720058916	999.996530264728	-0.0	0.0
DUMPtex_f	dad_2_e	-0.0	-1000.0	0.0	-0.0	Inf
DUMPtex_f	dcyt_e	-0.0	-1000.0	0.0	-0.0	Inf
DUMPtex_f	chol_e	-0.0	-1000.0	0.0	-0.0	Inf
DUMPtex_f	dha_e	-0.0	-1000.0	0.0	-0.0	Inf
DUMPtex_f	ppal_e	-0.0	-1000.0	0.0	-0.0	Inf
DUMPtex_f	h2_e	-0.0	-1000.0	0.0	-0.0	Inf
DUMPtex_f	dms_e	-0.0	-1000.0	0.0	-0.0	Inf
DUMPtex_f	dmso_e	-0.0	-1000.0	0.0	-0.0	Inf
DUMPtex_f	h2o2_e	-0.0	-1000.0	0.0	-0.0	Inf
DUMPtex_f	psclys_e	-0.0	-1000.0	0.0	-0.0	Inf
DUMPtex_f	duri_e	-0.0	-1000.0	0.0	-0.0	Inf
DUMPtex_f	pydx_e	-0.0	-1000.0	0.0	-0.0	Inf
DUMPtex_f	pydxn_e	-0.0	-1000.0	0.0	-0.0	Inf
DUMPtex_f	etoh_e	-0.0	-1000.0	0.0	-0.0	Inf
DUMPtex_f	fald_e	-0.0	0.0	0.0	Inf	Inf
DUMPtex_f	rib__D_e	-0.0	-1000.0	0.0	-0.0	Inf
DUMPtex_f	rmn_e	-0.0	-1000.0	0.0	-0.0	Inf
DUMPtex_f	indole_e	-0.0	-1000.0	0.0	-0.0	Inf
DUMPtex_f	inost_e	-0.0	-1000.0	0.0	-0.0	Inf
DUMPtex_f	sbt__D_e	-0.0	-37.50297913575539	0.0	-0.0	Inf
DUMPtex_f	k_e	-0.0	-0.1301187390887435	999.8698812609113	-0.0	0.0
DUMPtex_f	for_e	-0.0	0.0	0.0016352085724109374	Inf	0.0
DUMPtex_f	slnt_e	-0.0	0.0	1000.0	Inf	0.0
DUMPtex_f	fru_e	-0.0	-1000.0	0.0	-0.0	Inf
DUMPtex_f	so2_e	-0.0	-1000.0	0.0	-0.0	Inf
DUMPtex_f	so3_e	-0.0	-1000.0	0.0	-0.0	Inf
DUMPtex_f	so4_e	-0.0	-0.16812717252004653	999.83187282748	-0.0	0.0
DUMPtex_f	lipa_cold_e	-0.0	-1000.0	0.0	-0.0	Inf
DUMPtex_f	sucr_e	-0.0	-1000.0	0.0	-0.0	Inf
DUMPtex_f	g3pe_e	-0.0	-1000.0	0.0	-0.0	Inf
DUMPtex_f	malt_e	-0.0	-1000.0	0.0	-0.0	Inf
DUMPtex_f	tartr__L_e	-0.0	-1000.0	0.0	-0.0	Inf
DUMPtex_f	g3pi_e	-0.0	-1000.0	0.0	-0.0	Inf
DUMPtex_f	malthx_e	-0.0	-1000.0	0.0	-0.0	Inf
DUMPtex_f	maltpt_e	-0.0	-1000.0	0.0	-0.0	Inf
DUMPtex_f	gal_e	-0.0	-1000.0	0.0	-0.0	Inf
DUMPtex_f	gal_bD_e	-0.0	-1000.0	0.0	-0.0	Inf
DUMPtex_f	malttr_e	-0.0	-1000.0	0.0	-0.0	Inf
DUMPtex_f	maltttr_e	-0.0	-1000.0	0.0	-0.0	Inf
DUMPtex_f	man_e	-0.0	-1000.0	0.0	-0.0	Inf
DUMPtex_f	thym_e	-0.0	-1000.0	0.0	-0.0	Inf
DUMPtex_f	thymd_e	-0.0	-1000.0	0.0	-0.0	Inf
DUMPtex_f	galt_e	-0.0	-37.50297913575539	0.0	-0.0	Inf
DUMPtex_f	melib_e	-0.0	-1000.0	0.0	-0.0	Inf
DUMPtex_f	meoh_e	-0.0	-999.9999986667684	1.3332315802472294e-06	-0.0	0.0
DUMPtex_f	tmao_e	-0.0	-1000.0	0.0	-0.0	Inf
DUMPtex_f	tre_e	-0.0	-1000.0	0.0	-0.0	Inf
DUMPtex_f	metsox_S__L_e	-0.0	-1000.0	0.0	-0.0	Inf
DUMPtex_f	glc__D_e	-0.0	-40.62822739706833	4.511684256666596	-0.0	0.0
DUMPtex_f	mg2_e	-0.0	-0.005782892120082665	999.9942171078799	-0.0	0.0
DUMPtex_f	mnl_e	-0.0	-1000.0	0.0	-0.0	Inf
DUMPtex_f	mobd_e	-0.0	-8.59934390291528e-05	999.999914006561	-0.0	0.0
DUMPtex_f	glyald_e	-0.0	-1000.0	0.0	-0.0	Inf
DUMPtex_f	n2o_e	-0.0	-1000.0	0.0	-0.0	Inf
DUMPtex_f	na1_e	-0.0	0.0	1000.0	Inf	0.0
DUMPtex_f	nac_e	-0.0	-1000.0	0.0	-0.0	Inf
DUMPtex_f	ni2_e	-0.0	-0.0002153169054963655	999.9997846830945	-0.0	0.0
DUMPtex_f	no_e	-0.0	-1000.0	0.0	-0.0	Inf
DUMPtex_f	no2_e	-0.0	-1000.0	0.0	-0.0	Inf
DUMPtex_f	ura_e	-0.0	-1000.0	0.0	-0.0	Inf
DUMPtex_f	no3_e	-0.0	-1000.0	0.0	-0.0	Inf
DUMPtex_f	urea_e	-0.0	-1000.0	0.0	-0.0	Inf
DUMPtex_f	novbcn_e	-0.0	-1000.0	0.0	-0.0	Inf
DUMPtex_f	uri_e	-0.0	-1000.0	0.0	-0.0	Inf
DUMPtex_f	o2_e	-0.0	-42.21400159834684	957.7859984016532	-0.0	0.0
DUMPtex_f	xan_e	-0.0	0.0	0.0	Inf	Inf
DUMPtex_f	xtsn_e	-0.0	-1000.0	0.0	-0.0	Inf
DUMPtex_f	xyl__D_e	-0.0	-1000.0	0.0	-0.0	Inf
DUMPtex_f	xylu__L_e	-0.0	-1000.0	0.0	-0.0	Inf
DUMPtex_f	pacald_e	-0.0	-1000.0	0.0	-0.0	Inf
DUMPtex_f	12dgr120_p	-0.0	0.0	0.0	Inf	Inf
DUMPtex_f	12dgr140_p	-0.0	0.0	0.0	Inf	Inf
DUMPtex_f	12dgr160_p	-0.0	0.0	0.0	Inf	Inf
DUMPtex_f	12dgr180_p	-0.0	0.0	0.0	Inf	Inf
DUMPtex_f	12ppd__R_p	-0.0	-1000.0	0.0	-0.0	Inf
DUMPtex_f	12ppd__S_p	-0.0	0.0	0.0	Inf	Inf
DUMPtex_f	chol_p	-0.0	-1000.0	0.0	-0.0	Inf
DUMPtex_f	cl_p	-0.0	-0.0034697352720058916	999.996530264728	-0.0	0.0
DUMPtex_f	34dhpac_p	-0.0	-1000.0	0.0	-0.0	Inf
DUMPtex_f	cm_p	-0.0	0.0	0.0	Inf	Inf
DUMPtex_f	4hoxpacd_p	-0.0	-1000.0	0.0	-0.0	Inf
DUMPtex_f	co2_p	-0.0	-955.3635029327983	44.63649706720173	-0.0	0.0
DUMPtex_f	5mtr_p	-0.0	0.0	0.0	Inf	Inf
DUMPtex_f	LalaDgluMdap_p	-0.0	-0.018523920026842316	0.0	-0.0	Inf
DUMPtex_f	gal_p	-0.0	-1000.0	0.0	-0.0	Inf
DUMPtex_f	ac_p	-0.0	-0.1250206836251467	0.0	-0.0	Inf
DUMPtex_f	crn_p	-0.0	-1000.0	0.0	-0.0	Inf
DUMPtex_f	gal_bD_p	-0.0	-1000.0	0.0	-0.0	Inf
DUMPtex_f	acald_p	-0.0	-1000.0	0.0	-0.0	Inf
DUMPtex_f	acgal_p	-0.0	-1000.0	0.0	-0.0	Inf
DUMPtex_f	csn_p	-0.0	0.0	0.0	Inf	Inf
DUMPtex_f	acgam_p	-0.0	-1000.0	0.0	-0.0	Inf
DUMPtex_f	galt_p	-0.0	-37.50297913575539	0.0	-0.0	Inf
DUMPtex_f	acmana_p	-0.0	-1000.0	0.0	-0.0	Inf
DUMPtex_f	cyan_p	-0.0	0.0	0.0	Inf	Inf
DUMPtex_f	ade_p	-0.0	-1000.0	0.0	-0.0	Inf
DUMPtex_f	adn_p	-0.0	0.0	0.0004486324376408199	Inf	0.0
DUMPtex_f	cytd_p	-0.0	0.0	0.0	Inf	Inf
DUMPtex_f	glc__D_p	-0.0	-40.62822739706833	4.511684256666596	-0.0	0.0
DUMPtex_f	dad_2_p	-0.0	-1000.0	0.0	-0.0	Inf
DUMPtex_f	dcyt_p	-0.0	-1000.0	0.0	-0.0	Inf
DUMPtex_f	all__D_p	-0.0	0.0	0.0	Inf	Inf
DUMPtex_f	alltn_p	-0.0	0.0	0.0	Inf	Inf
DUMPtex_f	dha_p	-0.0	-1000.0	0.0	-0.0	Inf
DUMPtex_f	glyald_p	-0.0	-1000.0	0.0	-0.0	Inf
DUMPtex_f	glyb_p	0.0	0.0	0.0	Inf	Inf
DUMPtex_f	dms_p	-0.0	-1000.0	0.0	-0.0	Inf
DUMPtex_f	glyc_p	-0.0	-69.64838982354571	0.0	-0.0	Inf
DUMPtex_f	dmso_p	-0.0	-1000.0	0.0	-0.0	Inf
DUMPtex_f	arab__L_p	-0.0	0.0	0.0	Inf	Inf
DUMPtex_f	arbt_p	0.0	0.0	0.0	Inf	Inf
DUMPtex_f	ca2_p	-0.0	-0.0034697352720058916	999.996530264728	-0.0	0.0
DUMPtex_f	duri_p	-0.0	-1000.0	0.0	-0.0	Inf
DUMPtex_f	h2_p	-0.0	-1000.0	0.0	-0.0	Inf
DUMPtex_f	h2o2_p	-0.0	-1000.0	0.0	-0.0	Inf
DUMPtex_f	etoh_p	-0.0	-1000.0	0.0	-0.0	Inf
DUMPtex_f	fald_p	-0.0	0.0	0.0	Inf	Inf
DUMPtex_f	n2o_p	-0.0	-1000.0	0.0	-0.0	Inf
DUMPtex_f	na1_p	-0.0	0.0	0.0	Inf	Inf
DUMPtex_f	indole_p	-0.0	0.0	0.7999999999735792	Inf	0.0
DUMPtex_f	nac_p	-0.0	-1000.0	0.0	-0.0	Inf
DUMPtex_f	ni2_p	-0.0	-0.0002153169054963655	999.9997846830945	-0.0	0.0
DUMPtex_f	inost_p	-0.0	-1000.0	0.0	-0.0	Inf
DUMPtex_f	no_p	-0.0	-1000.0	0.0	-0.0	Inf
DUMPtex_f	no2_p	-0.0	-1000.0	0.0	-0.0	Inf
DUMPtex_f	for_p	-0.0	0.0	0.0016352085724109374	Inf	0.0
DUMPtex_f	fru_p	-0.0	-1000.0	0.0	-0.0	Inf
DUMPtex_f	no3_p	-0.0	0.0	0.0	Inf	Inf
DUMPtex_f	k_p	-0.0	-0.1301187390887435	999.8698812609113	-0.0	0.0
DUMPtex_f	novbcn_p	-0.0	0.0	0.0	Inf	Inf
DUMPtex_f	o2_p	-0.0	-42.21400159834684	957.7859984016532	-0.0	0.0
DUMPtex_f	lipa_cold_p	-0.0	-86.69029869365295	0.0	-0.0	Inf
DUMPtex_f	g3pe_p	-0.0	0.0	0.0	Inf	Inf
DUMPtex_f	g3pi_p	-0.0	0.0	0.0	Inf	Inf
DUMPtex_f	so3_p	-0.0	-1000.0	0.0	-0.0	Inf
DUMPtex_f	so4_p	-0.0	-0.16812717252004653	999.83187282748	-0.0	0.0
DUMPtex_f	malt_p	0.0	0.0	0.0	Inf	Inf
DUMPtex_f	malthx_p	0.0	0.0	0.0	Inf	Inf
DUMPtex_f	maltpt_p	0.0	0.0	0.0	Inf	Inf
DUMPtex_f	sucr_p	-0.0	-1000.0	0.0	-0.0	Inf
DUMPtex_f	malttr_p	0.0	0.0	0.0	Inf	Inf
DUMPtex_f	maltttr_p	0.0	0.0	0.0	Inf	Inf
DUMPtex_f	pacald_p	-0.0	-1000.0	0.0	-0.0	Inf
DUMPtex_f	man_p	-0.0	-1000.0	0.0	-0.0	Inf
DUMPtex_f	tartr__L_p	-0.0	-1000.0	0.0	-0.0	Inf
DUMPtex_f	pe120_p	-0.0	-0.05187870851335024	0.0	-0.0	Inf
DUMPtex_f	melib_p	-0.0	-1000.0	0.0	-0.0	Inf
DUMPtex_f	meoh_p	-0.0	-999.9999986667684	1.3332315802472294e-06	-0.0	0.0
DUMPtex_f	thym_p	-0.0	-1000.0	0.0	-0.0	Inf
DUMPtex_f	thymd_p	-0.0	-0.017442669188943286	0.0	-0.0	Inf
DUMPtex_f	pg120_p	-0.0	-0.05187870851335024	0.0	-0.0	Inf
DUMPtex_f	metsox_S__L_p	-0.0	-1000.0	0.0	-0.0	Inf
DUMPtex_f	tmao_p	-0.0	-1000.0	0.0	-0.0	Inf
DUMPtex_f	mg2_p	-0.0	-0.005782892120082665	999.9942171078799	-0.0	0.0
DUMPtex_f	tre_p	-0.0	0.0	0.0	Inf	Inf
DUMPtex_f	mnl_p	-0.0	0.0	0.0	Inf	Inf
DUMPtex_f	mobd_p	-0.0	-8.59934390291528e-05	999.999914006561	-0.0	0.0
DUMPtex_f	ura_p	-0.0	-1000.0	0.0	-0.0	Inf
DUMPtex_f	urea_p	-0.0	0.0	0.3999999999867896	Inf	0.0
DUMPtex_f	uri_p	-0.0	0.0	0.0	Inf	Inf
DUMPtex_f	xan_p	-0.0	0.0	0.0	Inf	Inf
DUMPtex_f	xtsn_p	-0.0	0.0	0.0	Inf	Inf
DUMPtex_f	xyl__D_p	-0.0	0.0	0.0	Inf	Inf
DUMPtex_f	xylu__L_p	-0.0	-1000.0	0.0	-0.0	Inf
DUMPtex_f	ppal_p	-0.0	-1000.0	0.0	-0.0	Inf
DUMPtex_f	psclys_p	-0.0	-1000.0	0.0	-0.0	Inf
DUMPtex_f	pydx_p	-0.0	0.0	0.0	Inf	Inf
DUMPtex_f	pydxn_p	-0.0	0.0	0.0	Inf	Inf
DUMPtex_f	rib__D_p	-0.0	-1000.0	0.0	-0.0	Inf
DUMPtex_f	rmn_p	-0.0	-1000.0	0.0	-0.0	Inf
DUMPtex_f	sbt__D_p	-0.0	-37.50297913575539	0.0	-0.0	Inf
DUMPtex_f	slnt_p	-0.0	0.0	0.0	Inf	Inf
DUMPtex_f	so2_p	-0.0	-1000.0	0.0	-0.0	Inf
