Reaction	Metabolite	ShadowPrice	G-	G+	DecrementalShadowPrice	IncrementalShadowPrice
ECOAH5_f	12dgr120_c	-0.0	0.0	0.037988350306571786	Inf	0.0
ECOAH5_f	12dgr140_c	-0.0	0.0	0.0	Inf	Inf
ECOAH5_f	12dgr160_c	-0.0	-0.018755745960971935	0.0	-0.0	Inf
ECOAH5_f	12dgr180_c	-0.0	0.0	0.0	Inf	Inf
ECOAH5_f	12ppd__R_c	-0.0	-1000.0	0.0	-0.0	Inf
ECOAH5_f	12ppd__S_c	-0.0	0.0	0.0	Inf	Inf
ECOAH5_f	5drib_c	-0.0	-999.9998500114435	0.000149988556428657	-0.0	0.0
ECOAH5_f	5mta_c	-0.0	0.0	0.0	Inf	Inf
ECOAH5_f	23dhacoa_c	-0.0	-0.00038397070465970295	0.0	-0.0	Inf
ECOAH5_f	5mtr_c	-0.0	0.0	0.0	Inf	Inf
ECOAH5_f	3amac_c	-0.0	-0.13022561982778477	0.0	-0.0	Inf
ECOAH5_f	LalaDgluMdap_c	-0.0	-0.018523920026842316	0.0	-0.0	Inf
ECOAH5_f	ac_c	-0.0	-0.13022561982778477	0.531836904292005	-0.0	0.0
ECOAH5_f	acald_c	-0.0	-0.3376034272974948	0.531836904292005	-0.0	0.0
ECOAH5_f	acetol_c	-0.0	0.0	0.07443565416895126	Inf	0.0
ECOAH5_f	acgam_c	-0.0	-0.06298719431034913	0.0	-0.0	Inf
ECOAH5_f	acgam6p_c	-0.0	-0.06298719431034913	0.0	-0.0	Inf
ECOAH5_f	acmalt_c	0.0	0.0	0.0	Inf	Inf
ECOAH5_f	acmana_c	-0.0	-0.06298719431034913	0.0	-0.0	Inf
ECOAH5_f	2dmmq8_c	-0.0	0.0	0.0	Inf	Inf
ECOAH5_f	2dmmql8_c	0.0	0.0	0.0	Inf	Inf
ECOAH5_f	ade_c	-0.0	-0.026045123965556954	0.0004486324376408199	-0.0	0.0
ECOAH5_f	adn_c	-0.0	0.0	0.0004486324376408199	Inf	0.0
ECOAH5_f	3sala_c	0.0	0.0	0.0	Inf	Inf
ECOAH5_f	adphep_DD_c	-0.0	0.0	0.0	Inf	Inf
ECOAH5_f	adphep_LD_c	-0.0	0.0	0.0	Inf	Inf
ECOAH5_f	4ahmmp_c	0.0	0.0	0.0	Inf	Inf
ECOAH5_f	4crsol_c	-0.0	-999.9998513446752	0.00014865532481595783	-0.0	0.0
ECOAH5_f	2ohph_c	-0.0	-0.00014865532481595783	0.018339203596276034	-0.0	0.0
ECOAH5_f	2ombzl_c	-0.0	0.0	0.0	Inf	Inf
ECOAH5_f	2omhmbl_c	-0.0	0.0	0.0	Inf	Inf
ECOAH5_f	2ommbl_c	0.0	0.0	0.0	Inf	Inf
ECOAH5_f	2omph_c	-0.0	0.0	0.016619903259125157	Inf	0.0
ECOAH5_f	4mhetz_c	0.0	0.0	0.0	Inf	Inf
ECOAH5_f	2oph_c	-0.0	-0.00014865532481595783	0.018339203596276034	-0.0	0.0
ECOAH5_f	2oxpaccoa_c	-0.0	-0.00038397070465970295	0.0	-0.0	Inf
ECOAH5_f	all__D_c	-0.0	-0.1688017136487474	0.0	-0.0	Inf
ECOAH5_f	alltn_c	-0.0	-0.03255640495694619	0.0	-0.0	Inf
ECOAH5_f	4r5au_c	-0.0	-0.00029731064933002926	0.106367380858401	-0.0	0.0
ECOAH5_f	56dura_c	0.0	0.0	0.0	Inf	Inf
ECOAH5_f	arab__L_c	-0.0	-0.1688017136487474	0.0	-0.0	Inf
ECOAH5_f	etoh_c	-0.0	-1000.0	0.0	-0.0	Inf
ECOAH5_f	csn_c	-0.0	0.0	0.1205941324478772	Inf	0.0
ECOAH5_f	fald_c	-0.0	0.0	0.0	Inf	Inf
ECOAH5_f	fc1p_c	-0.0	-0.0941968131324749	0.0	-0.0	Inf
ECOAH5_f	fcl__L_c	-0.0	0.0	0.0	Inf	Inf
ECOAH5_f	aso4_c	0.0	0.0	0.0	Inf	Inf
ECOAH5_f	cyan_c	0.0	0.0	0.0	Inf	Inf
ECOAH5_f	athtp_c	0.0	0.0	0.0	Inf	Inf
ECOAH5_f	cytd_c	-0.0	0.0	0.1205941324478772	Inf	0.0
ECOAH5_f	dad_2_c	-0.0	0.0	0.0	Inf	Inf
ECOAH5_f	dad_5_c	-0.0	-0.026045123965556954	0.000149988556428657	-0.0	0.0
ECOAH5_f	betald_c	0.0	0.0	0.0	Inf	Inf
ECOAH5_f	btal_c	-0.0	-489.4697661638851	0.0	-0.0	Inf
ECOAH5_f	for_c	-0.0	-0.13022561982778477	0.0016352085720717946	-0.0	0.0
ECOAH5_f	dcyt_c	-0.0	-0.01744266918899484	0.0	-0.0	Inf
ECOAH5_f	fru_c	-0.0	0.0	0.0	Inf	Inf
ECOAH5_f	ca2_c	-0.0	-0.0034697352720058916	999.996530264728	-0.0	0.0
ECOAH5_f	g3pe_c	-0.0	0.0	0.0	Inf	Inf
ECOAH5_f	g3pi_c	0.0	0.0	0.0	Inf	Inf
ECOAH5_f	cbm_c	-0.0	-0.06511280991389239	0.0	-0.0	Inf
ECOAH5_f	dha_c	-0.0	-81.5782943606475	0.0	-0.0	Inf
ECOAH5_f	gal_c	-0.0	0.0	0.0	Inf	Inf
ECOAH5_f	dhgly_c	-0.0	-0.00014865532481595783	0.06647961303650063	-0.0	0.0
ECOAH5_f	dhmptp_c	0.0	0.0	0.0	Inf	Inf
ECOAH5_f	gcald_c	-0.0	-0.3376034272974948	0.00044596597444979125	-0.0	0.0
ECOAH5_f	dhptd_c	-0.0	-52.239060723514285	0.0002986438812121629	-0.0	0.0
ECOAH5_f	cechddd_c	-0.0	0.0	0.0	Inf	Inf
ECOAH5_f	dhptdn_c	0.0	0.0	0.0	Inf	Inf
ECOAH5_f	chol_c	0.0	0.0	0.0	Inf	Inf
ECOAH5_f	chtbs6p_c	-0.0	0.0	0.0	Inf	Inf
ECOAH5_f	dmbzid_c	0.0	0.0	0.0	Inf	Inf
ECOAH5_f	dms_c	0.0	0.0	0.0	Inf	Inf
ECOAH5_f	dmso_c	0.0	0.0	0.0	Inf	Inf
ECOAH5_f	cl_c	-0.0	-0.0034697352720058916	999.996530264728	-0.0	0.0
ECOAH5_f	glc__D_c	-0.0	-0.1688017136487474	0.0	-0.0	Inf
ECOAH5_f	co2_c	-0.0	-955.3635029327461	44.6348618586818	-0.0	0.0
ECOAH5_f	dscl_c	-0.0	-0.00014865532481595783	0.024174404740545684	-0.0	0.0
ECOAH5_f	dtdp4aaddg_c	-0.0	0.0	0.0	Inf	Inf
ECOAH5_f	glyald_c	-0.0	-1000.0	0.0	-0.0	Inf
ECOAH5_f	crn_c	-0.0	-1000.0	0.0	-0.0	Inf
ECOAH5_f	duri_c	-0.0	-0.01744266918899484	0.0	-0.0	Inf
ECOAH5_f	glyb_c	0.0	0.0	0.0	Inf	Inf
ECOAH5_f	glyc_c	-0.0	-0.09267826232517033	0.0	-0.0	Inf
ECOAH5_f	dxyl_c	0.0	0.0	0.0	Inf	Inf
ECOAH5_f	glycogen_c	-0.0	-0.1688017136487474	0.0	-0.0	Inf
ECOAH5_f	gmhep1p_c	-0.0	0.0	0.2659184521460025	Inf	0.0
ECOAH5_f	lipa_cold_c	-0.0	0.0	0.009669761896218274	Inf	0.0
ECOAH5_f	lipidA_c	-0.0	-0.010550107103046713	0.016619903259125157	-0.0	0.0
ECOAH5_f	malt_c	0.0	0.0	0.0	Inf	Inf
ECOAH5_f	h2_c	-0.0	0.0	0.0	Inf	Inf
ECOAH5_f	malthx_c	-0.0	0.0	0.0	Inf	Inf
ECOAH5_f	maltpt_c	-0.0	0.0	0.0	Inf	Inf
ECOAH5_f	malttr_c	-0.0	0.0	0.0	Inf	Inf
ECOAH5_f	maltttr_c	-0.0	0.0	0.0	Inf	Inf
ECOAH5_f	h2o2_c	-0.0	-84.42540072867246	0.0016672061320832654	-0.0	0.0
ECOAH5_f	man_c	-0.0	0.0	0.0	Inf	Inf
ECOAH5_f	mdhdhf_c	-0.0	-52.239060723514285	0.0002986438812121629	-0.0	0.0
ECOAH5_f	melib_c	-0.0	0.0	0.0	Inf	Inf
ECOAH5_f	meoh_c	-0.0	-999.9999986667684	1.3332315802472294e-06	-0.0	0.0
ECOAH5_f	pacald_c	-0.0	-1000.0	0.0	-0.0	Inf
ECOAH5_f	metsox_S__L_c	-0.0	-0.06752068545949896	0.0	-0.0	Inf
ECOAH5_f	mg2_c	-0.0	-0.005782892120082665	999.9942171078799	-0.0	0.0
ECOAH5_f	hhlipa_c	-0.0	0.0	0.0	Inf	Inf
ECOAH5_f	pe120_c	-0.0	0.0	0.033239806518250314	Inf	0.0
ECOAH5_f	mobd_c	-0.0	-8.599343901909669e-05	102.66190561939365	-0.0	0.0
ECOAH5_f	hlipa_c	-0.0	0.0	0.0	Inf	Inf
ECOAH5_f	pg120_c	-0.0	0.0	0.033239806518250314	Inf	0.0
ECOAH5_f	mql8_c	0.0	0.0	0.0	Inf	Inf
ECOAH5_f	mqn8_c	-0.0	0.0	0.0	Inf	Inf
ECOAH5_f	mthgxl_c	-0.0	0.0	0.07443565416895126	Inf	0.0
ECOAH5_f	hqn_c	0.0	0.0	0.0	Inf	Inf
ECOAH5_f	mththf_c	-0.0	-999.9997013561187	0.0002986438812121629	-0.0	0.0
ECOAH5_f	n2o_c	-0.0	-1000.0	0.0	-0.0	Inf
ECOAH5_f	na1_c	-0.0	0.0	0.0	Inf	Inf
ECOAH5_f	nac_c	-0.0	0.0	0.0	Inf	Inf
ECOAH5_f	ncam_c	-0.0	0.0	0.0	Inf	Inf
ECOAH5_f	ni2_c	-0.0	-0.0002153169054509165	999.9997846830945	-0.0	0.0
ECOAH5_f	no_c	-0.0	-1000.0	0.0	-0.0	Inf
ECOAH5_f	indole_c	-0.0	-0.03789244228032956	0.106367380858401	-0.0	0.0
ECOAH5_f	no2_c	-0.0	-1000.0	0.0	-0.0	Inf
ECOAH5_f	no3_c	0.0	0.0	0.0	Inf	Inf
ECOAH5_f	inost_c	0.0	0.0	0.0	Inf	Inf
ECOAH5_f	o2_c	-0.0	-42.21270036433623	957.7872996356638	-0.0	0.0
ECOAH5_f	poaac_c	-0.0	-26.119530361757143	0.0	-0.0	Inf
ECOAH5_f	ppal_c	-0.0	0.0	0.0	Inf	Inf
ECOAH5_f	k_c	-0.0	-0.1301187390887435	410.6476224775746	-0.0	0.0
ECOAH5_f	psclys_c	-0.0	0.0	0.0	Inf	Inf
ECOAH5_f	lald__D_c	-0.0	0.0	0.07443565416895126	Inf	0.0
ECOAH5_f	lald__L_c	-0.0	-0.3376034272974948	0.0	-0.0	Inf
ECOAH5_f	ura_c	-0.0	0.0	0.0	Inf	Inf
ECOAH5_f	pydx_c	-0.0	0.0	0.106367380858401	Inf	0.0
ECOAH5_f	uracp_c	-0.0	-0.13022561982778477	0.0	-0.0	Inf
ECOAH5_f	pydxn_c	-0.0	0.0	0.106367380858401	Inf	0.0
ECOAH5_f	urate_c	-0.0	-0.03255640495694619	0.0	-0.0	Inf
ECOAH5_f	q8_c	-0.0	0.0	0.0	Inf	Inf
ECOAH5_f	q8h2_c	0.0	0.0	0.0	Inf	Inf
ECOAH5_f	urea_c	-0.0	0.0	0.399999999998473	Inf	0.0
ECOAH5_f	uri_c	-0.0	0.0	0.13295922607300126	Inf	0.0
ECOAH5_f	rbflvrd_c	-0.0	0.0	0.05909298936577834	Inf	0.0
ECOAH5_f	rbl__L_c	-0.0	-0.1688017136487474	0.0	-0.0	Inf
ECOAH5_f	rdmbzi_c	0.0	0.0	0.0	Inf	Inf
ECOAH5_f	thptdn_c	0.0	0.0	0.0	Inf	Inf
ECOAH5_f	xan_c	-0.0	0.0	0.0	Inf	Inf
ECOAH5_f	rephaccoa_c	-0.0	-0.00038397070465970295	0.0	-0.0	Inf
ECOAH5_f	rib__D_c	-0.0	0.0	0.2659184521460025	Inf	0.0
ECOAH5_f	xtsn_c	-0.0	0.0	0.0	Inf	Inf
ECOAH5_f	rml_c	-0.0	-0.0941968131324749	0.0	-0.0	Inf
ECOAH5_f	thym_c	-0.0	-410.6476224775746	0.0	-0.0	Inf
ECOAH5_f	thymd_c	-0.0	0.0	0.106367380858401	Inf	0.0
ECOAH5_f	xu5p__L_c	-0.0	-0.1688017136487474	0.0	-0.0	Inf
ECOAH5_f	rmn_c	-0.0	-0.0941968131324749	0.0	-0.0	Inf
ECOAH5_f	xyl__D_c	0.0	0.0	0.0	Inf	Inf
ECOAH5_f	tmao_c	0.0	0.0	0.0	Inf	Inf
ECOAH5_f	xylu__D_c	-0.0	0.0	0.0	Inf	Inf
ECOAH5_f	xylu__L_c	-0.0	-0.1688017136487474	0.0	-0.0	Inf
ECOAH5_f	12ppd__R_e	-0.0	-1000.0	0.0	-0.0	Inf
ECOAH5_f	12ppd__S_e	-0.0	-1000.0	0.0	-0.0	Inf
ECOAH5_f	tre_c	-0.0	-0.0844008568243737	0.0	-0.0	Inf
ECOAH5_f	seln_c	0.0	0.0	0.0	Inf	Inf
ECOAH5_f	34dhpac_e	-0.0	-1000.0	0.0	-0.0	Inf
ECOAH5_f	slnt_c	0.0	0.0	0.0	Inf	Inf
ECOAH5_f	so2_c	0.0	0.0	0.0	Inf	Inf
ECOAH5_f	so3_c	-0.0	-0.16523539315158686	20.53238112387873	-0.0	0.0
ECOAH5_f	so4_c	-0.0	-0.16812717251953138	410.6476224775746	-0.0	0.0
ECOAH5_f	4hoxpacd_e	-0.0	-1000.0	0.0	-0.0	Inf
ECOAH5_f	5mtr_e	-0.0	0.0	0.0	Inf	Inf
ECOAH5_f	LalaDgluMdap_e	-0.0	-1000.0	0.0	-0.0	Inf
ECOAH5_f	ac_e	-0.0	0.0	0.0	Inf	Inf
ECOAH5_f	acald_e	-0.0	-1000.0	0.0	-0.0	Inf
ECOAH5_f	acgal_e	-0.0	-1000.0	0.0	-0.0	Inf
ECOAH5_f	acgam_e	-0.0	-1000.0	0.0	-0.0	Inf
ECOAH5_f	acmana_e	-0.0	-1000.0	0.0	-0.0	Inf
ECOAH5_f	tagur_c	-0.0	0.0	0.0	Inf	Inf
ECOAH5_f	tartr__L_c	-0.0	-0.06511280991389239	0.0	-0.0	Inf
ECOAH5_f	ade_e	-0.0	-1000.0	0.0	-0.0	Inf
ECOAH5_f	adn_e	-0.0	-1000.0	0.0	-0.0	Inf
ECOAH5_f	all__D_e	-0.0	-1000.0	0.0	-0.0	Inf
ECOAH5_f	cl_e	-0.0	-0.0034697352720058916	999.996530264728	-0.0	0.0
ECOAH5_f	alltn_e	-0.0	0.0	0.0	Inf	Inf
ECOAH5_f	cm_e	-0.0	-1000.0	0.0	-0.0	Inf
ECOAH5_f	co2_e	-0.0	-955.3635029327461	44.63649706725391	-0.0	0.0
ECOAH5_f	arab__L_e	-0.0	-1000.0	0.0	-0.0	Inf
ECOAH5_f	arbt_e	-0.0	-1000.0	0.0	-0.0	Inf
ECOAH5_f	unagamu_c	-0.0	0.0	0.013636843699795	Inf	0.0
ECOAH5_f	crn_e	-0.0	-1000.0	0.0	-0.0	Inf
ECOAH5_f	csn_e	-0.0	-1000.0	0.0	-0.0	Inf
ECOAH5_f	cyan_e	-0.0	-1000.0	0.0	-0.0	Inf
ECOAH5_f	glyb_e	-0.0	-1000.0	0.0	-0.0	Inf
ECOAH5_f	glyc_e	-0.0	-1000.0	0.0	-0.0	Inf
ECOAH5_f	cytd_e	-0.0	-1000.0	0.0	-0.0	Inf
ECOAH5_f	ca2_e	-0.0	-0.0034697352720058916	999.996530264728	-0.0	0.0
ECOAH5_f	dad_2_e	-0.0	-1000.0	0.0	-0.0	Inf
ECOAH5_f	dcyt_e	-0.0	-1000.0	0.0	-0.0	Inf
ECOAH5_f	chol_e	-0.0	-1000.0	0.0	-0.0	Inf
ECOAH5_f	dha_e	-0.0	-1000.0	0.0	-0.0	Inf
ECOAH5_f	ppal_e	-0.0	-1000.0	0.0	-0.0	Inf
ECOAH5_f	h2_e	-0.0	-1000.0	0.0	-0.0	Inf
ECOAH5_f	dms_e	-0.0	-1000.0	0.0	-0.0	Inf
ECOAH5_f	dmso_e	-0.0	-1000.0	0.0	-0.0	Inf
ECOAH5_f	h2o2_e	-0.0	-1000.0	0.0	-0.0	Inf
ECOAH5_f	psclys_e	-0.0	-1000.0	0.0	-0.0	Inf
ECOAH5_f	duri_e	-0.0	-1000.0	0.0	-0.0	Inf
ECOAH5_f	pydx_e	-0.0	-1000.0	0.0	-0.0	Inf
ECOAH5_f	pydxn_e	-0.0	-1000.0	0.0	-0.0	Inf
ECOAH5_f	etoh_e	-0.0	-1000.0	0.0	-0.0	Inf
ECOAH5_f	fald_e	-0.0	0.0	0.0	Inf	Inf
ECOAH5_f	rib__D_e	-0.0	-1000.0	0.0	-0.0	Inf
ECOAH5_f	rmn_e	-0.0	-1000.0	0.0	-0.0	Inf
ECOAH5_f	indole_e	-0.0	-1000.0	0.0	-0.0	Inf
ECOAH5_f	inost_e	-0.0	-1000.0	0.0	-0.0	Inf
ECOAH5_f	sbt__D_e	-0.0	-0.3376034272974948	0.0	-0.0	Inf
ECOAH5_f	k_e	-0.0	-0.1301187390887435	999.8698812609113	-0.0	0.0
ECOAH5_f	for_e	-0.0	0.0	0.0016352085720717946	Inf	0.0
ECOAH5_f	slnt_e	-0.0	0.0	1000.0	Inf	0.0
ECOAH5_f	fru_e	-0.0	-1000.0	0.0	-0.0	Inf
ECOAH5_f	so2_e	-0.0	-1000.0	0.0	-0.0	Inf
ECOAH5_f	so3_e	-0.0	-1000.0	0.0	-0.0	Inf
ECOAH5_f	so4_e	-0.0	-0.16812717251953138	999.8318728274804	-0.0	0.0
ECOAH5_f	lipa_cold_e	-0.0	-1000.0	0.0	-0.0	Inf
ECOAH5_f	sucr_e	-0.0	-1000.0	0.0	-0.0	Inf
ECOAH5_f	g3pe_e	-0.0	-1000.0	0.0	-0.0	Inf
ECOAH5_f	malt_e	-0.0	-1000.0	0.0	-0.0	Inf
ECOAH5_f	tartr__L_e	-0.0	-1000.0	0.0	-0.0	Inf
ECOAH5_f	g3pi_e	-0.0	-1000.0	0.0	-0.0	Inf
ECOAH5_f	malthx_e	-0.0	-1000.0	0.0	-0.0	Inf
ECOAH5_f	maltpt_e	-0.0	-1000.0	0.0	-0.0	Inf
ECOAH5_f	gal_e	-0.0	-1000.0	0.0	-0.0	Inf
ECOAH5_f	gal_bD_e	-0.0	-1000.0	0.0	-0.0	Inf
ECOAH5_f	malttr_e	-0.0	-1000.0	0.0	-0.0	Inf
ECOAH5_f	maltttr_e	-0.0	-1000.0	0.0	-0.0	Inf
ECOAH5_f	man_e	-0.0	-1000.0	0.0	-0.0	Inf
ECOAH5_f	thym_e	-0.0	-1000.0	0.0	-0.0	Inf
ECOAH5_f	thymd_e	-0.0	-1000.0	0.0	-0.0	Inf
ECOAH5_f	galt_e	-0.0	-0.0941968131324749	0.0	-0.0	Inf
ECOAH5_f	melib_e	-0.0	-1000.0	0.0	-0.0	Inf
ECOAH5_f	meoh_e	-0.0	-999.9999986667684	1.3332315802472294e-06	-0.0	0.0
ECOAH5_f	tmao_e	-0.0	-1000.0	0.0	-0.0	Inf
ECOAH5_f	tre_e	-0.0	-1000.0	0.0	-0.0	Inf
ECOAH5_f	metsox_S__L_e	-0.0	-1000.0	0.0	-0.0	Inf
ECOAH5_f	glc__D_e	-0.0	-0.3376034272974948	0.531836904292005	-0.0	0.0
ECOAH5_f	mg2_e	-0.0	-0.005782892120082665	999.9942171078799	-0.0	0.0
ECOAH5_f	mnl_e	-0.0	-1000.0	0.0	-0.0	Inf
ECOAH5_f	mobd_e	-0.0	-8.59934390291528e-05	999.999914006561	-0.0	0.0
ECOAH5_f	glyald_e	-0.0	-1000.0	0.0	-0.0	Inf
ECOAH5_f	n2o_e	-0.0	-1000.0	0.0	-0.0	Inf
ECOAH5_f	na1_e	-0.0	0.0	1000.0	Inf	0.0
ECOAH5_f	nac_e	-0.0	-1000.0	0.0	-0.0	Inf
ECOAH5_f	ni2_e	-0.0	-0.0002153169054963655	999.9997846830945	-0.0	0.0
ECOAH5_f	no_e	-0.0	-1000.0	0.0	-0.0	Inf
ECOAH5_f	no2_e	-0.0	-1000.0	0.0	-0.0	Inf
ECOAH5_f	ura_e	-0.0	-1000.0	0.0	-0.0	Inf
ECOAH5_f	no3_e	-0.0	-1000.0	0.0	-0.0	Inf
ECOAH5_f	urea_e	-0.0	-1000.0	0.0	-0.0	Inf
ECOAH5_f	novbcn_e	-0.0	-1000.0	0.0	-0.0	Inf
ECOAH5_f	uri_e	-0.0	-1000.0	0.0	-0.0	Inf
ECOAH5_f	o2_e	-0.0	-42.21270036433623	957.7872996356638	-0.0	0.0
ECOAH5_f	xan_e	-0.0	0.0	0.0	Inf	Inf
ECOAH5_f	xtsn_e	-0.0	-1000.0	0.0	-0.0	Inf
ECOAH5_f	xyl__D_e	-0.0	-1000.0	0.0	-0.0	Inf
ECOAH5_f	xylu__L_e	-0.0	-1000.0	0.0	-0.0	Inf
ECOAH5_f	pacald_e	-0.0	-1000.0	0.0	-0.0	Inf
ECOAH5_f	12dgr120_p	-0.0	0.0	0.0	Inf	Inf
ECOAH5_f	12dgr140_p	-0.0	0.0	0.0	Inf	Inf
ECOAH5_f	12dgr160_p	-0.0	-0.018755745960971935	0.0	-0.0	Inf
ECOAH5_f	12dgr180_p	-0.0	0.0	0.0	Inf	Inf
ECOAH5_f	12ppd__R_p	-0.0	-1000.0	0.0	-0.0	Inf
ECOAH5_f	12ppd__S_p	-0.0	0.0	0.0	Inf	Inf
ECOAH5_f	chol_p	-0.0	-1000.0	0.0	-0.0	Inf
ECOAH5_f	cl_p	-0.0	-0.0034697352720058916	999.996530264728	-0.0	0.0
ECOAH5_f	34dhpac_p	-0.0	-1000.0	0.0	-0.0	Inf
ECOAH5_f	cm_p	-0.0	0.0	0.0	Inf	Inf
ECOAH5_f	4hoxpacd_p	-0.0	-1000.0	0.0	-0.0	Inf
ECOAH5_f	co2_p	-0.0	-955.3635029327461	44.63649706725391	-0.0	0.0
ECOAH5_f	5mtr_p	-0.0	0.0	0.0	Inf	Inf
ECOAH5_f	LalaDgluMdap_p	-0.0	0.0	0.0	Inf	Inf
ECOAH5_f	gal_p	-0.0	-1000.0	0.0	-0.0	Inf
ECOAH5_f	ac_p	-0.0	-0.13022561982778477	0.0	-0.0	Inf
ECOAH5_f	crn_p	-0.0	-1000.0	0.0	-0.0	Inf
ECOAH5_f	gal_bD_p	-0.0	-1000.0	0.0	-0.0	Inf
ECOAH5_f	acald_p	-0.0	-1000.0	0.0	-0.0	Inf
ECOAH5_f	acgal_p	-0.0	-1000.0	0.0	-0.0	Inf
ECOAH5_f	csn_p	-0.0	0.0	0.0	Inf	Inf
ECOAH5_f	acgam_p	-0.0	-1000.0	0.0	-0.0	Inf
ECOAH5_f	galt_p	-0.0	-0.0941968131324749	0.0	-0.0	Inf
ECOAH5_f	acmana_p	-0.0	-1000.0	0.0	-0.0	Inf
ECOAH5_f	cyan_p	-0.0	0.0	0.0	Inf	Inf
ECOAH5_f	ade_p	-0.0	-1000.0	0.0	-0.0	Inf
ECOAH5_f	adn_p	-0.0	0.0	0.0004486324376408199	Inf	0.0
ECOAH5_f	cytd_p	-0.0	0.0	0.0	Inf	Inf
ECOAH5_f	glc__D_p	-0.0	-0.3376034272974948	0.531836904292005	-0.0	0.0
ECOAH5_f	dad_2_p	-0.0	-1000.0	0.0	-0.0	Inf
ECOAH5_f	dcyt_p	-0.0	-1000.0	0.0	-0.0	Inf
ECOAH5_f	all__D_p	-0.0	0.0	0.0	Inf	Inf
ECOAH5_f	alltn_p	-0.0	0.0	0.0	Inf	Inf
ECOAH5_f	dha_p	-0.0	-1000.0	0.0	-0.0	Inf
ECOAH5_f	glyald_p	-0.0	-1000.0	0.0	-0.0	Inf
ECOAH5_f	glyb_p	0.0	0.0	0.0	Inf	Inf
ECOAH5_f	dms_p	-0.0	-1000.0	0.0	-0.0	Inf
ECOAH5_f	glyc_p	-0.0	-0.09267826232517033	0.0	-0.0	Inf
ECOAH5_f	dmso_p	-0.0	-1000.0	0.0	-0.0	Inf
ECOAH5_f	arab__L_p	-0.0	0.0	0.0	Inf	Inf
ECOAH5_f	arbt_p	0.0	0.0	0.0	Inf	Inf
ECOAH5_f	ca2_p	-0.0	-0.0034697352720058916	999.996530264728	-0.0	0.0
ECOAH5_f	duri_p	-0.0	-1000.0	0.0	-0.0	Inf
ECOAH5_f	h2_p	-0.0	-1000.0	0.0	-0.0	Inf
ECOAH5_f	h2o2_p	-0.0	-1000.0	0.0	-0.0	Inf
ECOAH5_f	etoh_p	-0.0	-1000.0	0.0	-0.0	Inf
ECOAH5_f	fald_p	-0.0	0.0	0.0	Inf	Inf
ECOAH5_f	n2o_p	-0.0	-1000.0	0.0	-0.0	Inf
ECOAH5_f	na1_p	-0.0	0.0	0.0	Inf	Inf
ECOAH5_f	indole_p	-0.0	0.0	0.106367380858401	Inf	0.0
ECOAH5_f	nac_p	-0.0	-1000.0	0.0	-0.0	Inf
ECOAH5_f	ni2_p	-0.0	-0.0002153169054963655	999.9997846830945	-0.0	0.0
ECOAH5_f	inost_p	-0.0	-1000.0	0.0	-0.0	Inf
ECOAH5_f	no_p	-0.0	-1000.0	0.0	-0.0	Inf
ECOAH5_f	no2_p	-0.0	-1000.0	0.0	-0.0	Inf
ECOAH5_f	for_p	-0.0	-0.13022561982778477	0.0016352085720717946	-0.0	0.0
ECOAH5_f	fru_p	-0.0	-1000.0	0.0	-0.0	Inf
ECOAH5_f	no3_p	-0.0	0.0	0.0	Inf	Inf
ECOAH5_f	k_p	-0.0	-0.1301187390887435	999.8698812609113	-0.0	0.0
ECOAH5_f	novbcn_p	-0.0	0.0	0.0	Inf	Inf
ECOAH5_f	o2_p	-0.0	-42.21270036433623	957.7872996356638	-0.0	0.0
ECOAH5_f	lipa_cold_p	-0.0	-102.66190561939365	0.0	-0.0	Inf
ECOAH5_f	g3pe_p	-0.0	0.0	0.0	Inf	Inf
ECOAH5_f	g3pi_p	-0.0	0.0	0.0	Inf	Inf
ECOAH5_f	so3_p	-0.0	-1000.0	0.0	-0.0	Inf
ECOAH5_f	so4_p	-0.0	-0.16812717251953138	999.8318728274804	-0.0	0.0
ECOAH5_f	malt_p	0.0	0.0	0.0	Inf	Inf
ECOAH5_f	malthx_p	0.0	0.0	0.0	Inf	Inf
ECOAH5_f	maltpt_p	0.0	0.0	0.0	Inf	Inf
ECOAH5_f	sucr_p	-0.0	-1000.0	0.0	-0.0	Inf
ECOAH5_f	malttr_p	0.0	0.0	0.0	Inf	Inf
ECOAH5_f	maltttr_p	0.0	0.0	0.0	Inf	Inf
ECOAH5_f	pacald_p	-0.0	-1000.0	0.0	-0.0	Inf
ECOAH5_f	man_p	-0.0	-1000.0	0.0	-0.0	Inf
ECOAH5_f	tartr__L_p	-0.0	-1000.0	0.0	-0.0	Inf
ECOAH5_f	pe120_p	-0.0	0.0	0.0	Inf	Inf
ECOAH5_f	melib_p	-0.0	-1000.0	0.0	-0.0	Inf
ECOAH5_f	meoh_p	-0.0	-999.9999986667684	1.3332315802472294e-06	-0.0	0.0
ECOAH5_f	thym_p	-0.0	-1000.0	0.0	-0.0	Inf
ECOAH5_f	thymd_p	-0.0	0.0	0.0	Inf	Inf
ECOAH5_f	pg120_p	-0.0	0.0	0.0	Inf	Inf
ECOAH5_f	metsox_S__L_p	-0.0	-1000.0	0.0	-0.0	Inf
ECOAH5_f	tmao_p	-0.0	-1000.0	0.0	-0.0	Inf
ECOAH5_f	mg2_p	-0.0	-0.005782892120082665	999.9942171078799	-0.0	0.0
ECOAH5_f	tre_p	-0.0	0.0	0.0	Inf	Inf
ECOAH5_f	mnl_p	-0.0	0.0	0.0	Inf	Inf
ECOAH5_f	mobd_p	-0.0	-8.59934390291528e-05	999.999914006561	-0.0	0.0
ECOAH5_f	ura_p	-0.0	-1000.0	0.0	-0.0	Inf
ECOAH5_f	urea_p	-0.0	0.0	0.399999999998473	Inf	0.0
ECOAH5_f	uri_p	-0.0	0.0	0.0	Inf	Inf
ECOAH5_f	xan_p	-0.0	0.0	0.0	Inf	Inf
ECOAH5_f	xtsn_p	-0.0	0.0	0.0	Inf	Inf
ECOAH5_f	xyl__D_p	-0.0	0.0	0.0	Inf	Inf
ECOAH5_f	xylu__L_p	-0.0	-1000.0	0.0	-0.0	Inf
ECOAH5_f	ppal_p	-0.0	-1000.0	0.0	-0.0	Inf
ECOAH5_f	psclys_p	-0.0	-1000.0	0.0	-0.0	Inf
ECOAH5_f	pydx_p	-0.0	0.0	0.0	Inf	Inf
ECOAH5_f	pydxn_p	-0.0	0.0	0.0	Inf	Inf
ECOAH5_f	rib__D_p	-0.0	-1000.0	0.0	-0.0	Inf
ECOAH5_f	rmn_p	-0.0	-1000.0	0.0	-0.0	Inf
ECOAH5_f	sbt__D_p	-0.0	-0.3376034272974948	0.0	-0.0	Inf
ECOAH5_f	slnt_p	-0.0	0.0	0.0	Inf	Inf
ECOAH5_f	so2_p	-0.0	-1000.0	0.0	-0.0	Inf
