Reaction	Metabolite	ShadowPrice	G-	G+	DecrementalShadowPrice	IncrementalShadowPrice
GLCRD	12dgr120_c	-0.0	0.0	0.0	Inf	Inf
GLCRD	12dgr140_c	-0.0	0.0	0.0	Inf	Inf
GLCRD	12dgr160_c	-0.0	0.0	0.26539319156862323	Inf	0.0
GLCRD	12dgr180_c	-0.0	0.0	0.0	Inf	Inf
GLCRD	12ppd__R_c	-0.0	-1000.0	0.0	-0.0	Inf
GLCRD	12ppd__S_c	-0.0	0.0	0.0	Inf	Inf
GLCRD	5drib_c	-0.0	-999.9998500114435	0.000149988556428657	-0.0	0.0
GLCRD	5mta_c	-0.0	0.0	0.0	Inf	Inf
GLCRD	23dhacoa_c	-0.0	-0.00038397070522933063	0.0	-0.0	Inf
GLCRD	5mtr_c	-0.0	0.0	0.0	Inf	Inf
GLCRD	3amac_c	-0.0	-0.1250206836251476	0.0	-0.0	Inf
GLCRD	LalaDgluMdap_c	-0.0	-0.018523920026842316	0.0	-0.0	Inf
GLCRD	ac_c	-0.0	-0.1250206836251467	1.4744347653481782	-0.0	0.0
GLCRD	acald_c	-0.0	-0.8280742284100597	4.511684256666595	-0.0	0.0
GLCRD	acetol_c	-0.0	0.0	0.0	Inf	Inf
GLCRD	acgam_c	-0.0	-0.06298719431034913	0.0	-0.0	Inf
GLCRD	acgam6p_c	-0.0	-0.06298719431034913	0.0	-0.0	Inf
GLCRD	acmalt_c	0.0	0.0	0.0	Inf	Inf
GLCRD	acmana_c	-0.0	-0.06298719431034913	0.0	-0.0	Inf
GLCRD	2dmmq8_c	-0.0	0.0	0.0	Inf	Inf
GLCRD	2dmmql8_c	-0.0	0.0	0.0	Inf	Inf
GLCRD	ade_c	-0.0	-0.025004136725029588	0.0004486324376408199	-0.0	0.0
GLCRD	adn_c	-0.0	0.0	0.0004486324376408199	Inf	0.0
GLCRD	3sala_c	0.0	0.0	0.0	Inf	Inf
GLCRD	adphep_DD_c	-0.0	0.0	0.0	Inf	Inf
GLCRD	adphep_LD_c	-0.0	0.0	0.0	Inf	Inf
GLCRD	4ahmmp_c	0.0	0.0	0.0	Inf	Inf
GLCRD	4crsol_c	-0.0	-999.9998513446752	0.00014865532481595783	-0.0	0.0
GLCRD	2ohph_c	-0.0	-0.00014865532481595783	0.10350927855125747	-0.0	0.0
GLCRD	2ombzl_c	-0.0	0.0	0.0	Inf	Inf
GLCRD	2omhmbl_c	-0.0	0.0	0.0	Inf	Inf
GLCRD	2ommbl_c	0.0	0.0	0.0	Inf	Inf
GLCRD	2omph_c	-0.0	0.0	0.10350927855125747	Inf	0.0
GLCRD	4mhetz_c	0.0	0.0	0.0	Inf	Inf
GLCRD	2oph_c	-0.0	-0.00014865532481595783	0.10350927855125747	-0.0	0.0
GLCRD	2oxpaccoa_c	-0.0	-0.00038397070522933063	0.0	-0.0	Inf
GLCRD	all__D_c	-0.0	-40.62822739706833	0.0	-0.0	Inf
GLCRD	alltn_c	-0.0	-0.0312551709062869	0.0	-0.0	Inf
GLCRD	4r5au_c	-0.0	-0.00029731064948097243	0.1999999999933948	-0.0	0.0
GLCRD	56dura_c	0.0	0.0	0.0	Inf	Inf
GLCRD	arab__L_c	-0.0	-48.75387287648201	0.0	-0.0	Inf
GLCRD	etoh_c	-0.0	-1000.0	0.0	-0.0	Inf
GLCRD	csn_c	-0.0	0.0	0.027245180551764392	Inf	0.0
GLCRD	fald_c	-0.0	0.0	0.0	Inf	Inf
GLCRD	fc1p_c	-0.0	-0.6430382719102976	0.0	-0.0	Inf
GLCRD	fcl__L_c	-0.0	0.0	0.0	Inf	Inf
GLCRD	aso4_c	0.0	0.0	0.0	Inf	Inf
GLCRD	cyan_c	0.0	0.0	0.0	Inf	Inf
GLCRD	athtp_c	0.0	0.0	0.0	Inf	Inf
GLCRD	cytd_c	-0.0	0.0	0.0	Inf	Inf
GLCRD	dad_2_c	-0.0	0.0	0.0	Inf	Inf
GLCRD	dad_5_c	-0.0	-0.025004136725029588	0.000149988556428657	-0.0	0.0
GLCRD	betald_c	0.0	0.0	0.0	Inf	Inf
GLCRD	btal_c	-0.0	-487.53872876481995	0.0	-0.0	Inf
GLCRD	for_c	-0.0	-0.07280044560153848	0.0016352085724109374	-0.0	0.0
GLCRD	dcyt_c	-0.0	-0.017442669188943286	0.0	-0.0	Inf
GLCRD	fru_c	-0.0	0.0	0.0	Inf	Inf
GLCRD	ca2_c	-0.0	-0.0034697352720058916	999.996530264728	-0.0	0.0
GLCRD	g3pe_c	-0.0	-0.09267826232517033	0.0	-0.0	Inf
GLCRD	g3pi_c	0.0	0.0	0.0	Inf	Inf
GLCRD	cbm_c	-0.0	-0.0625103418125738	0.0	-0.0	Inf
GLCRD	dha_c	-0.0	-81.25645479413667	0.0	-0.0	Inf
GLCRD	gal_c	-0.0	0.0	0.0	Inf	Inf
GLCRD	dhgly_c	-0.0	-0.00014865532481595783	0.7999999999735792	-0.0	0.0
GLCRD	dhmptp_c	0.0	0.0	0.0	Inf	Inf
GLCRD	gcald_c	-0.0	-136.51084405414957	0.0004459659743361044	-0.0	0.0
GLCRD	dhptd_c	-0.0	-52.24166319163862	0.0002986438812121629	-0.0	0.0
GLCRD	cechddd_c	-0.0	0.0	0.0	Inf	Inf
GLCRD	dhptdn_c	0.0	0.0	0.0	Inf	Inf
GLCRD	chol_c	0.0	0.0	0.0	Inf	Inf
GLCRD	chtbs6p_c	-0.0	0.0	0.0	Inf	Inf
GLCRD	dmbzid_c	0.0	0.0	0.0	Inf	Inf
GLCRD	dms_c	0.0	0.0	0.0	Inf	Inf
GLCRD	dmso_c	0.0	0.0	0.0	Inf	Inf
GLCRD	cl_c	-0.0	-0.0034697352720058916	999.996530264728	-0.0	0.0
GLCRD	glc__D_c	-0.0	-40.62822739706833	0.0	-0.0	Inf
GLCRD	co2_c	-0.0	-955.3635029327983	44.63649706720173	-0.0	0.0
GLCRD	dscl_c	-0.0	-0.00014865532481595783	0.003405647568970549	-0.0	0.0
GLCRD	dtdp4aaddg_c	-0.0	0.0	0.0	Inf	Inf
GLCRD	glyald_c	-0.0	-1000.0	0.0	-0.0	Inf
GLCRD	crn_c	-0.0	-1000.0	0.0	-0.0	Inf
GLCRD	duri_c	-0.0	-0.017442669188943286	0.0	-0.0	Inf
GLCRD	glyb_c	0.0	0.0	0.0	Inf	Inf
GLCRD	glyc_c	-0.0	-69.64838982354571	0.0	-0.0	Inf
GLCRD	dxyl_c	0.0	0.0	0.0	Inf	Inf
GLCRD	glycogen_c	-0.0	-40.628227397068336	0.0	-0.0	Inf
GLCRD	gmhep1p_c	-0.0	0.0	3.3666135415010876	Inf	0.0
GLCRD	lipa_cold_c	-0.0	0.0	0.0	Inf	Inf
GLCRD	lipidA_c	-0.0	-0.012969677128324975	0.15038947522221985	-0.0	0.0
GLCRD	malt_c	0.0	0.0	0.0	Inf	Inf
GLCRD	h2_c	-0.0	0.0	0.0	Inf	Inf
GLCRD	malthx_c	-0.0	0.0	0.0	Inf	Inf
GLCRD	maltpt_c	-0.0	0.0	0.0	Inf	Inf
GLCRD	malttr_c	-0.0	0.0	0.0	Inf	Inf
GLCRD	maltttr_c	-0.0	0.0	0.0	Inf	Inf
GLCRD	h2o2_c	-0.0	-0.0026024681079887865	0.4685949886896288	-0.0	0.0
GLCRD	man_c	-0.0	-40.62822739706833	0.0	-0.0	Inf
GLCRD	mdhdhf_c	-0.0	-52.24166319163862	0.0002986438812121629	-0.0	0.0
GLCRD	melib_c	-0.0	0.0	0.0	Inf	Inf
GLCRD	meoh_c	-0.0	-999.9999986667684	1.3332315802472294e-06	-0.0	0.0
GLCRD	pacald_c	-0.0	-1000.0	0.0	-0.0	Inf
GLCRD	metsox_S__L_c	-0.0	-0.07280044560153848	0.0	-0.0	Inf
GLCRD	mg2_c	-0.0	-0.005782892120082665	999.9942171078799	-0.0	0.0
GLCRD	hhlipa_c	-0.0	0.0	0.0	Inf	Inf
GLCRD	pe120_c	-0.0	0.0	0.0	Inf	Inf
GLCRD	mobd_c	-0.0	-8.599343901909669e-05	86.69029869365295	-0.0	0.0
GLCRD	hlipa_c	-0.0	0.0	0.0	Inf	Inf
GLCRD	pg120_c	-0.0	-0.05187870851335024	0.0	-0.0	Inf
GLCRD	mql8_c	0.0	0.0	0.0	Inf	Inf
GLCRD	mqn8_c	-0.0	0.0	0.0	Inf	Inf
GLCRD	mthgxl_c	-0.0	-3.3187016101755944	0.0	-0.0	Inf
GLCRD	hqn_c	0.0	0.0	0.0	Inf	Inf
GLCRD	mththf_c	-0.0	-999.9997013561187	0.0002986438812121629	-0.0	0.0
GLCRD	n2o_c	-0.0	-1000.0	0.0	-0.0	Inf
GLCRD	na1_c	-0.0	0.0	0.0	Inf	Inf
GLCRD	nac_c	-0.0	0.0	0.0	Inf	Inf
GLCRD	ncam_c	-0.0	0.0	0.0	Inf	Inf
GLCRD	ni2_c	-0.0	-0.0002153169054509165	999.9997846830945	-0.0	0.0
GLCRD	no_c	-0.0	-1000.0	0.0	-0.0	Inf
GLCRD	indole_c	-0.0	-0.03789244228032956	0.7999999999735792	-0.0	0.0
GLCRD	no2_c	-0.0	-1000.0	0.0	-0.0	Inf
GLCRD	no3_c	0.0	0.0	0.0	Inf	Inf
GLCRD	inost_c	0.0	0.0	0.0	Inf	Inf
GLCRD	o2_c	-0.0	-42.21400159834683	957.7859984016532	-0.0	0.0
GLCRD	poaac_c	-0.0	-26.12083159581923	0.0	-0.0	Inf
GLCRD	ppal_c	-0.0	0.0	0.0	Inf	Inf
GLCRD	k_c	-0.0	-0.1301187390887435	346.7611947746118	-0.0	0.0
GLCRD	psclys_c	-0.0	0.0	0.0	Inf	Inf
GLCRD	lald__D_c	-0.0	0.0	0.0	Inf	Inf
GLCRD	lald__L_c	-0.0	-3.3187016101755944	0.0	-0.0	Inf
GLCRD	ura_c	-0.0	0.0	0.0	Inf	Inf
GLCRD	pydx_c	-0.0	0.0	0.7999999999735792	Inf	0.0
GLCRD	uracp_c	-0.0	-0.1250206836251476	0.0	-0.0	Inf
GLCRD	pydxn_c	-0.0	0.0	0.7999999999735792	Inf	0.0
GLCRD	urate_c	-0.0	-0.0026024681079887865	0.0	-0.0	Inf
GLCRD	q8_c	-0.0	0.0	0.0	Inf	Inf
GLCRD	q8h2_c	0.0	0.0	0.0	Inf	Inf
GLCRD	urea_c	-0.0	0.0	0.3999999999867896	Inf	0.0
GLCRD	uri_c	-0.0	0.0	0.0	Inf	Inf
GLCRD	rbflvrd_c	-0.0	0.0	0.03640022280076926	Inf	0.0
GLCRD	rbl__L_c	-0.0	-48.75387287648201	0.0	-0.0	Inf
GLCRD	rdmbzi_c	0.0	0.0	0.0	Inf	Inf
GLCRD	thptdn_c	0.0	0.0	0.0	Inf	Inf
GLCRD	xan_c	-0.0	0.0	0.0	Inf	Inf
GLCRD	rephaccoa_c	-0.0	-0.00038397070522933063	0.0	-0.0	Inf
GLCRD	rib__D_c	-0.0	0.0	4.511684256666596	Inf	0.0
GLCRD	xtsn_c	-0.0	0.0	0.0	Inf	Inf
GLCRD	rml_c	-0.0	-3.3187016101755944	0.0	-0.0	Inf
GLCRD	thym_c	-0.0	-346.7611947746118	0.0	-0.0	Inf
GLCRD	thymd_c	-0.0	-0.017442669188943286	0.0	-0.0	Inf
GLCRD	xu5p__L_c	-0.0	-0.6430382719102572	0.0	-0.0	Inf
GLCRD	rmn_c	-0.0	-3.3187016101755944	0.0	-0.0	Inf
GLCRD	xyl__D_c	0.0	0.0	0.0	Inf	Inf
GLCRD	tmao_c	0.0	0.0	0.0	Inf	Inf
GLCRD	xylu__D_c	-0.0	0.0	0.0	Inf	Inf
GLCRD	xylu__L_c	-0.0	-48.75387287648201	0.0	-0.0	Inf
GLCRD	12ppd__R_e	-0.0	-1000.0	0.0	-0.0	Inf
GLCRD	12ppd__S_e	-0.0	-1000.0	0.0	-0.0	Inf
GLCRD	tre_c	-0.0	-20.314113698534165	0.0	-0.0	Inf
GLCRD	seln_c	0.0	0.0	0.0	Inf	Inf
GLCRD	34dhpac_e	-0.0	-1000.0	0.0	-0.0	Inf
GLCRD	slnt_c	0.0	0.0	0.0	Inf	Inf
GLCRD	so2_c	0.0	0.0	0.0	Inf	Inf
GLCRD	so3_c	-0.0	-0.165235393152102	17.338059738730646	-0.0	0.0
GLCRD	so4_c	-0.0	-0.16812717252004653	346.7611947746118	-0.0	0.0
GLCRD	4hoxpacd_e	-0.0	-1000.0	0.0	-0.0	Inf
GLCRD	5mtr_e	-0.0	0.0	0.0	Inf	Inf
GLCRD	LalaDgluMdap_e	-0.0	-1000.0	0.0	-0.0	Inf
GLCRD	ac_e	-0.0	0.0	0.0	Inf	Inf
GLCRD	acald_e	-0.0	-1000.0	0.0	-0.0	Inf
GLCRD	acgal_e	-0.0	-1000.0	0.0	-0.0	Inf
GLCRD	acgam_e	-0.0	-1000.0	0.0	-0.0	Inf
GLCRD	acmana_e	-0.0	-1000.0	0.0	-0.0	Inf
GLCRD	tagur_c	-0.0	0.0	0.0	Inf	Inf
GLCRD	tartr__L_c	-0.0	-0.06251034181257357	0.0	-0.0	Inf
GLCRD	ade_e	-0.0	-1000.0	0.0	-0.0	Inf
GLCRD	adn_e	-0.0	-1000.0	0.0	-0.0	Inf
GLCRD	all__D_e	-0.0	-1000.0	0.0	-0.0	Inf
GLCRD	cl_e	-0.0	-0.0034697352720058916	999.996530264728	-0.0	0.0
GLCRD	alltn_e	-0.0	0.0	0.0	Inf	Inf
GLCRD	cm_e	-0.0	-1000.0	0.0	-0.0	Inf
GLCRD	co2_e	-0.0	-955.3635029327983	44.63649706720173	-0.0	0.0
GLCRD	arab__L_e	-0.0	-1000.0	0.0	-0.0	Inf
GLCRD	arbt_e	-0.0	-1000.0	0.0	-0.0	Inf
GLCRD	unagamu_c	-0.0	0.0	0.09200824760111775	Inf	0.0
GLCRD	crn_e	-0.0	-1000.0	0.0	-0.0	Inf
GLCRD	csn_e	-0.0	-1000.0	0.0	-0.0	Inf
GLCRD	cyan_e	-0.0	-1000.0	0.0	-0.0	Inf
GLCRD	glyb_e	-0.0	-1000.0	0.0	-0.0	Inf
GLCRD	glyc_e	-0.0	-1000.0	0.0	-0.0	Inf
GLCRD	cytd_e	-0.0	-1000.0	0.0	-0.0	Inf
GLCRD	ca2_e	-0.0	-0.0034697352720058916	999.996530264728	-0.0	0.0
GLCRD	dad_2_e	-0.0	-1000.0	0.0	-0.0	Inf
GLCRD	dcyt_e	-0.0	-1000.0	0.0	-0.0	Inf
GLCRD	chol_e	-0.0	-1000.0	0.0	-0.0	Inf
GLCRD	dha_e	-0.0	-1000.0	0.0	-0.0	Inf
GLCRD	ppal_e	-0.0	-1000.0	0.0	-0.0	Inf
GLCRD	h2_e	-0.0	-1000.0	0.0	-0.0	Inf
GLCRD	dms_e	-0.0	-1000.0	0.0	-0.0	Inf
GLCRD	dmso_e	-0.0	-1000.0	0.0	-0.0	Inf
GLCRD	h2o2_e	-0.0	-1000.0	0.0	-0.0	Inf
GLCRD	psclys_e	-0.0	-1000.0	0.0	-0.0	Inf
GLCRD	duri_e	-0.0	-1000.0	0.0	-0.0	Inf
GLCRD	pydx_e	-0.0	-1000.0	0.0	-0.0	Inf
GLCRD	pydxn_e	-0.0	-1000.0	0.0	-0.0	Inf
GLCRD	etoh_e	-0.0	-1000.0	0.0	-0.0	Inf
GLCRD	fald_e	-0.0	0.0	0.0	Inf	Inf
GLCRD	rib__D_e	-0.0	-1000.0	0.0	-0.0	Inf
GLCRD	rmn_e	-0.0	-1000.0	0.0	-0.0	Inf
GLCRD	indole_e	-0.0	-1000.0	0.0	-0.0	Inf
GLCRD	inost_e	-0.0	-1000.0	0.0	-0.0	Inf
GLCRD	sbt__D_e	-0.0	-37.50297913575539	0.0	-0.0	Inf
GLCRD	k_e	-0.0	-0.1301187390887435	999.8698812609113	-0.0	0.0
GLCRD	for_e	-0.0	0.0	0.0016352085724109374	Inf	0.0
GLCRD	slnt_e	-0.0	0.0	1000.0	Inf	0.0
GLCRD	fru_e	-0.0	-1000.0	0.0	-0.0	Inf
GLCRD	so2_e	-0.0	-1000.0	0.0	-0.0	Inf
GLCRD	so3_e	-0.0	-1000.0	0.0	-0.0	Inf
GLCRD	so4_e	-0.0	-0.16812717252004653	999.83187282748	-0.0	0.0
GLCRD	lipa_cold_e	-0.0	-1000.0	0.0	-0.0	Inf
GLCRD	sucr_e	-0.0	-1000.0	0.0	-0.0	Inf
GLCRD	g3pe_e	-0.0	-1000.0	0.0	-0.0	Inf
GLCRD	malt_e	-0.0	-1000.0	0.0	-0.0	Inf
GLCRD	tartr__L_e	-0.0	-1000.0	0.0	-0.0	Inf
GLCRD	g3pi_e	-0.0	-1000.0	0.0	-0.0	Inf
GLCRD	malthx_e	-0.0	-1000.0	0.0	-0.0	Inf
GLCRD	maltpt_e	-0.0	-1000.0	0.0	-0.0	Inf
GLCRD	gal_e	-0.0	-1000.0	0.0	-0.0	Inf
GLCRD	gal_bD_e	-0.0	-1000.0	0.0	-0.0	Inf
GLCRD	malttr_e	-0.0	-1000.0	0.0	-0.0	Inf
GLCRD	maltttr_e	-0.0	-1000.0	0.0	-0.0	Inf
GLCRD	man_e	-0.0	-1000.0	0.0	-0.0	Inf
GLCRD	thym_e	-0.0	-1000.0	0.0	-0.0	Inf
GLCRD	thymd_e	-0.0	-1000.0	0.0	-0.0	Inf
GLCRD	galt_e	-0.0	-37.50297913575539	0.0	-0.0	Inf
GLCRD	melib_e	-0.0	-1000.0	0.0	-0.0	Inf
GLCRD	meoh_e	-0.0	-999.9999986667684	1.3332315802472294e-06	-0.0	0.0
GLCRD	tmao_e	-0.0	-1000.0	0.0	-0.0	Inf
GLCRD	tre_e	-0.0	-1000.0	0.0	-0.0	Inf
GLCRD	metsox_S__L_e	-0.0	-1000.0	0.0	-0.0	Inf
GLCRD	glc__D_e	-0.0	-40.62822739706833	4.511684256666596	-0.0	0.0
GLCRD	mg2_e	-0.0	-0.005782892120082665	999.9942171078799	-0.0	0.0
GLCRD	mnl_e	-0.0	-1000.0	0.0	-0.0	Inf
GLCRD	mobd_e	-0.0	-8.59934390291528e-05	999.999914006561	-0.0	0.0
GLCRD	glyald_e	-0.0	-1000.0	0.0	-0.0	Inf
GLCRD	n2o_e	-0.0	-1000.0	0.0	-0.0	Inf
GLCRD	na1_e	-0.0	0.0	1000.0	Inf	0.0
GLCRD	nac_e	-0.0	-1000.0	0.0	-0.0	Inf
GLCRD	ni2_e	-0.0	-0.0002153169054963655	999.9997846830945	-0.0	0.0
GLCRD	no_e	-0.0	-1000.0	0.0	-0.0	Inf
GLCRD	no2_e	-0.0	-1000.0	0.0	-0.0	Inf
GLCRD	ura_e	-0.0	-1000.0	0.0	-0.0	Inf
GLCRD	no3_e	-0.0	-1000.0	0.0	-0.0	Inf
GLCRD	urea_e	-0.0	-1000.0	0.0	-0.0	Inf
GLCRD	novbcn_e	-0.0	-1000.0	0.0	-0.0	Inf
GLCRD	uri_e	-0.0	-1000.0	0.0	-0.0	Inf
GLCRD	o2_e	-0.0	-42.21400159834684	957.7859984016532	-0.0	0.0
GLCRD	xan_e	-0.0	0.0	0.0	Inf	Inf
GLCRD	xtsn_e	-0.0	-1000.0	0.0	-0.0	Inf
GLCRD	xyl__D_e	-0.0	-1000.0	0.0	-0.0	Inf
GLCRD	xylu__L_e	-0.0	-1000.0	0.0	-0.0	Inf
GLCRD	pacald_e	-0.0	-1000.0	0.0	-0.0	Inf
GLCRD	12dgr120_p	-0.0	0.0	0.0	Inf	Inf
GLCRD	12dgr140_p	-0.0	0.0	0.0	Inf	Inf
GLCRD	12dgr160_p	-0.0	0.0	0.0	Inf	Inf
GLCRD	12dgr180_p	-0.0	0.0	0.0	Inf	Inf
GLCRD	12ppd__R_p	-0.0	-1000.0	0.0	-0.0	Inf
GLCRD	12ppd__S_p	-0.0	0.0	0.0	Inf	Inf
GLCRD	chol_p	-0.0	-1000.0	0.0	-0.0	Inf
GLCRD	cl_p	-0.0	-0.0034697352720058916	999.996530264728	-0.0	0.0
GLCRD	34dhpac_p	-0.0	-1000.0	0.0	-0.0	Inf
GLCRD	cm_p	-0.0	0.0	0.0	Inf	Inf
GLCRD	4hoxpacd_p	-0.0	-1000.0	0.0	-0.0	Inf
GLCRD	co2_p	-0.0	-955.3635029327983	44.63649706720173	-0.0	0.0
GLCRD	5mtr_p	-0.0	0.0	0.0	Inf	Inf
GLCRD	LalaDgluMdap_p	-0.0	-0.018523920026842316	0.0	-0.0	Inf
GLCRD	gal_p	-0.0	-1000.0	0.0	-0.0	Inf
GLCRD	ac_p	-0.0	-0.1250206836251467	0.0	-0.0	Inf
GLCRD	crn_p	-0.0	-1000.0	0.0	-0.0	Inf
GLCRD	gal_bD_p	-0.0	-1000.0	0.0	-0.0	Inf
GLCRD	acald_p	-0.0	-1000.0	0.0	-0.0	Inf
GLCRD	acgal_p	-0.0	-1000.0	0.0	-0.0	Inf
GLCRD	csn_p	-0.0	0.0	0.0	Inf	Inf
GLCRD	acgam_p	-0.0	-1000.0	0.0	-0.0	Inf
GLCRD	galt_p	-0.0	-37.50297913575539	0.0	-0.0	Inf
GLCRD	acmana_p	-0.0	-1000.0	0.0	-0.0	Inf
GLCRD	cyan_p	-0.0	0.0	0.0	Inf	Inf
GLCRD	ade_p	-0.0	-1000.0	0.0	-0.0	Inf
GLCRD	adn_p	-0.0	0.0	0.0004486324376408199	Inf	0.0
GLCRD	cytd_p	-0.0	0.0	0.0	Inf	Inf
GLCRD	glc__D_p	-0.0	-40.62822739706833	4.511684256666596	-0.0	0.0
GLCRD	dad_2_p	-0.0	-1000.0	0.0	-0.0	Inf
GLCRD	dcyt_p	-0.0	-1000.0	0.0	-0.0	Inf
GLCRD	all__D_p	-0.0	0.0	0.0	Inf	Inf
GLCRD	alltn_p	-0.0	0.0	0.0	Inf	Inf
GLCRD	dha_p	-0.0	-1000.0	0.0	-0.0	Inf
GLCRD	glyald_p	-0.0	-1000.0	0.0	-0.0	Inf
GLCRD	glyb_p	0.0	0.0	0.0	Inf	Inf
GLCRD	dms_p	-0.0	-1000.0	0.0	-0.0	Inf
GLCRD	glyc_p	-0.0	-69.64838982354571	0.0	-0.0	Inf
GLCRD	dmso_p	-0.0	-1000.0	0.0	-0.0	Inf
GLCRD	arab__L_p	-0.0	0.0	0.0	Inf	Inf
GLCRD	arbt_p	0.0	0.0	0.0	Inf	Inf
GLCRD	ca2_p	-0.0	-0.0034697352720058916	999.996530264728	-0.0	0.0
GLCRD	duri_p	-0.0	-1000.0	0.0	-0.0	Inf
GLCRD	h2_p	-0.0	-1000.0	0.0	-0.0	Inf
GLCRD	h2o2_p	-0.0	-1000.0	0.0	-0.0	Inf
GLCRD	etoh_p	-0.0	-1000.0	0.0	-0.0	Inf
GLCRD	fald_p	-0.0	0.0	0.0	Inf	Inf
GLCRD	n2o_p	-0.0	-1000.0	0.0	-0.0	Inf
GLCRD	na1_p	-0.0	0.0	0.0	Inf	Inf
GLCRD	indole_p	-0.0	0.0	0.7999999999735792	Inf	0.0
GLCRD	nac_p	-0.0	-1000.0	0.0	-0.0	Inf
GLCRD	ni2_p	-0.0	-0.0002153169054963655	999.9997846830945	-0.0	0.0
GLCRD	inost_p	-0.0	-1000.0	0.0	-0.0	Inf
GLCRD	no_p	-0.0	-1000.0	0.0	-0.0	Inf
GLCRD	no2_p	-0.0	-1000.0	0.0	-0.0	Inf
GLCRD	for_p	-0.0	0.0	0.0016352085724109374	Inf	0.0
GLCRD	fru_p	-0.0	-1000.0	0.0	-0.0	Inf
GLCRD	no3_p	-0.0	0.0	0.0	Inf	Inf
GLCRD	k_p	-0.0	-0.1301187390887435	999.8698812609113	-0.0	0.0
GLCRD	novbcn_p	-0.0	0.0	0.0	Inf	Inf
GLCRD	o2_p	-0.0	-42.21400159834684	957.7859984016532	-0.0	0.0
GLCRD	lipa_cold_p	-0.0	-86.69029869365295	0.0	-0.0	Inf
GLCRD	g3pe_p	-0.0	0.0	0.0	Inf	Inf
GLCRD	g3pi_p	-0.0	0.0	0.0	Inf	Inf
GLCRD	so3_p	-0.0	-1000.0	0.0	-0.0	Inf
GLCRD	so4_p	-0.0	-0.16812717252004653	999.83187282748	-0.0	0.0
GLCRD	malt_p	0.0	0.0	0.0	Inf	Inf
GLCRD	malthx_p	0.0	0.0	0.0	Inf	Inf
GLCRD	maltpt_p	0.0	0.0	0.0	Inf	Inf
GLCRD	sucr_p	-0.0	-1000.0	0.0	-0.0	Inf
GLCRD	malttr_p	0.0	0.0	0.0	Inf	Inf
GLCRD	maltttr_p	0.0	0.0	0.0	Inf	Inf
GLCRD	pacald_p	-0.0	-1000.0	0.0	-0.0	Inf
GLCRD	man_p	-0.0	-1000.0	0.0	-0.0	Inf
GLCRD	tartr__L_p	-0.0	-1000.0	0.0	-0.0	Inf
GLCRD	pe120_p	-0.0	-0.05187870851335024	0.0	-0.0	Inf
GLCRD	melib_p	-0.0	-1000.0	0.0	-0.0	Inf
GLCRD	meoh_p	-0.0	-999.9999986667684	1.3332315802472294e-06	-0.0	0.0
GLCRD	thym_p	-0.0	-1000.0	0.0	-0.0	Inf
GLCRD	thymd_p	-0.0	-0.017442669188943286	0.0	-0.0	Inf
GLCRD	pg120_p	-0.0	-0.05187870851335024	0.0	-0.0	Inf
GLCRD	metsox_S__L_p	-0.0	-1000.0	0.0	-0.0	Inf
GLCRD	tmao_p	-0.0	-1000.0	0.0	-0.0	Inf
GLCRD	mg2_p	-0.0	-0.005782892120082665	999.9942171078799	-0.0	0.0
GLCRD	tre_p	-0.0	0.0	0.0	Inf	Inf
GLCRD	mnl_p	-0.0	0.0	0.0	Inf	Inf
GLCRD	mobd_p	-0.0	-8.59934390291528e-05	999.999914006561	-0.0	0.0
GLCRD	ura_p	-0.0	-1000.0	0.0	-0.0	Inf
GLCRD	urea_p	-0.0	0.0	0.3999999999867896	Inf	0.0
GLCRD	uri_p	-0.0	0.0	0.0	Inf	Inf
GLCRD	xan_p	-0.0	0.0	0.0	Inf	Inf
GLCRD	xtsn_p	-0.0	0.0	0.0	Inf	Inf
GLCRD	xyl__D_p	-0.0	0.0	0.0	Inf	Inf
GLCRD	xylu__L_p	-0.0	-1000.0	0.0	-0.0	Inf
GLCRD	ppal_p	-0.0	-1000.0	0.0	-0.0	Inf
GLCRD	psclys_p	-0.0	-1000.0	0.0	-0.0	Inf
GLCRD	pydx_p	-0.0	0.0	0.0	Inf	Inf
GLCRD	pydxn_p	-0.0	0.0	0.0	Inf	Inf
GLCRD	rib__D_p	-0.0	-1000.0	0.0	-0.0	Inf
GLCRD	rmn_p	-0.0	-1000.0	0.0	-0.0	Inf
GLCRD	sbt__D_p	-0.0	-37.50297913575539	0.0	-0.0	Inf
GLCRD	slnt_p	-0.0	0.0	0.0	Inf	Inf
GLCRD	so2_p	-0.0	-1000.0	0.0	-0.0	Inf
