Reaction	Metabolite	ShadowPrice	G-	G+	DecrementalShadowPrice	IncrementalShadowPrice
GLCt2pp	12dgr120_c	-0.0	0.0	0.0	Inf	Inf
GLCt2pp	12dgr140_c	-0.0	0.0	0.0	Inf	Inf
GLCt2pp	12dgr160_c	-0.0	-0.042539421066392524	0.0	-0.0	Inf
GLCt2pp	12dgr180_c	-0.0	0.0	0.0	Inf	Inf
GLCt2pp	12ppd__R_c	-0.0	-1000.0	0.0	-0.0	Inf
GLCt2pp	12ppd__S_c	-0.0	0.0	0.0	Inf	Inf
GLCt2pp	5drib_c	-0.0	-999.9998500114435	0.000149988556428657	-0.0	0.0
GLCt2pp	5mta_c	-0.0	0.0	0.0	Inf	Inf
GLCt2pp	23dhacoa_c	-0.0	-0.0003839707046143226	0.0	-0.0	Inf
GLCt2pp	5mtr_c	-0.0	0.0	0.0	Inf	Inf
GLCt2pp	3amac_c	-0.0	-2.8056407548194784	0.0	-0.0	Inf
GLCt2pp	LalaDgluMdap_c	-0.0	-0.018523920026842316	0.0	-0.0	Inf
GLCt2pp	ac_c	-0.0	-0.9302256198243413	2.3581663028659716	-0.0	0.0
GLCt2pp	acald_c	-0.0	0.0	2.3581663028659716	Inf	0.0
GLCt2pp	acetol_c	-0.0	0.0	0.0	Inf	Inf
GLCt2pp	acgam_c	-0.0	-0.06298719431034913	0.0	-0.0	Inf
GLCt2pp	acgam6p_c	-0.0	-0.06298719431034913	0.0	-0.0	Inf
GLCt2pp	acmalt_c	0.0	0.0	0.0	Inf	Inf
GLCt2pp	acmana_c	-0.0	-0.06298719431034913	0.0	-0.0	Inf
GLCt2pp	2dmmq8_c	-0.0	0.0	0.0	Inf	Inf
GLCt2pp	2dmmql8_c	0.0	0.0	0.0	Inf	Inf
GLCt2pp	ade_c	-0.0	-0.07443565416906495	0.0004486324376408199	-0.0	0.0
GLCt2pp	adn_c	-0.0	0.0	0.0004486324376408199	Inf	0.0
GLCt2pp	3sala_c	0.0	0.0	0.0	Inf	Inf
GLCt2pp	adphep_DD_c	-0.0	0.0	0.0	Inf	Inf
GLCt2pp	adphep_LD_c	-0.0	0.0	0.0	Inf	Inf
GLCt2pp	4ahmmp_c	0.0	0.0	0.0	Inf	Inf
GLCt2pp	4crsol_c	-0.0	-999.9998513446752	0.00014865532481595783	-0.0	0.0
GLCt2pp	2ohph_c	-0.0	-0.00014865532481595783	0.13100923904810954	-0.0	0.0
GLCt2pp	2ombzl_c	-0.0	0.0	0.0	Inf	Inf
GLCt2pp	2omhmbl_c	-0.0	0.0	0.0	Inf	Inf
GLCt2pp	2ommbl_c	0.0	0.0	0.0	Inf	Inf
GLCt2pp	2omph_c	-0.0	0.0	0.12093160527517803	Inf	0.0
GLCt2pp	4mhetz_c	0.0	0.0	0.0	Inf	Inf
GLCt2pp	2oph_c	-0.0	-0.00014865532481595783	0.13100923904810954	-0.0	0.0
GLCt2pp	2oxpaccoa_c	-0.0	-0.0003839707046143226	0.0	-0.0	Inf
GLCt2pp	all__D_c	-0.0	-40.32139832535765	0.0	-0.0	Inf
GLCt2pp	alltn_c	-0.0	-0.7014101887048696	0.0	-0.0	Inf
GLCt2pp	4r5au_c	-0.0	-0.00029731064948097243	0.19999999999924967	-0.0	0.0
GLCt2pp	56dura_c	0.0	0.0	0.0	Inf	Inf
GLCt2pp	arab__L_c	-0.0	-47.84805934609108	0.0	-0.0	Inf
GLCt2pp	etoh_c	-0.0	-1000.0	0.0	-0.0	Inf
GLCt2pp	csn_c	-0.0	0.0	0.0	Inf	Inf
GLCt2pp	fald_c	-0.0	0.0	0.0	Inf	Inf
GLCt2pp	fc1p_c	-0.0	-0.0941968131324749	0.0	-0.0	Inf
GLCt2pp	fcl__L_c	-0.0	0.0	0.0	Inf	Inf
GLCt2pp	aso4_c	0.0	0.0	0.0	Inf	Inf
GLCt2pp	cyan_c	0.0	0.0	0.0	Inf	Inf
GLCt2pp	athtp_c	0.0	0.0	0.0	Inf	Inf
GLCt2pp	cytd_c	-0.0	-0.10700850231429924	0.0	-0.0	Inf
GLCt2pp	dad_2_c	-0.0	0.0	0.0	Inf	Inf
GLCt2pp	dad_5_c	-0.0	-0.07443565416906495	0.000149988556428657	-0.0	0.0
GLCt2pp	betald_c	0.0	0.0	0.0	Inf	Inf
GLCt2pp	btal_c	-0.0	-491.0127719620678	0.0	-0.0	Inf
GLCt2pp	for_c	-0.0	-0.9302256198243413	0.0016352085725246243	-0.0	0.0
GLCt2pp	dcyt_c	-0.0	-0.01744266918899484	0.0	-0.0	Inf
GLCt2pp	fru_c	-0.0	-40.32139832535765	2.3581663028659716	-0.0	0.0
GLCt2pp	ca2_c	-0.0	-0.0034697352720058916	999.996530264728	-0.0	0.0
GLCt2pp	g3pe_c	-0.0	0.0	0.0	Inf	Inf
GLCt2pp	g3pi_c	0.0	0.0	0.0	Inf	Inf
GLCt2pp	cbm_c	-0.0	-0.9302256198243413	0.0	-0.0	Inf
GLCt2pp	dha_c	-0.0	-81.83546199367797	0.0	-0.0	Inf
GLCt2pp	gal_c	-0.0	0.0	0.0	Inf	Inf
GLCt2pp	dhgly_c	-0.0	-0.00014865532481595783	0.5895415757164929	-0.0	0.0
GLCt2pp	dhmptp_c	0.0	0.0	0.0	Inf	Inf
GLCt2pp	gcald_c	-0.0	-137.483576149379	0.00044596597444979125	-0.0	0.0
GLCt2pp	dhptd_c	-0.0	-52.639060723514945	0.0002986438812121629	-0.0	0.0
GLCt2pp	cechddd_c	-0.0	0.0	0.0	Inf	Inf
GLCt2pp	dhptdn_c	0.0	0.0	0.0	Inf	Inf
GLCt2pp	chol_c	0.0	0.0	0.0	Inf	Inf
GLCt2pp	chtbs6p_c	-0.0	0.0	0.0	Inf	Inf
GLCt2pp	dmbzid_c	0.0	0.0	0.0	Inf	Inf
GLCt2pp	dms_c	0.0	0.0	0.0	Inf	Inf
GLCt2pp	dmso_c	0.0	0.0	0.0	Inf	Inf
GLCt2pp	cl_c	-0.0	-0.0034697352720058916	999.996530264728	-0.0	0.0
GLCt2pp	glc__D_c	-0.0	-40.32139832535765	2.3581663028659716	-0.0	0.0
GLCt2pp	co2_c	-0.0	-955.7635029327441	44.2348618586833	-0.0	0.0
GLCt2pp	dscl_c	-0.0	-0.00014865532481595783	0.003405647569096004	-0.0	0.0
GLCt2pp	dtdp4aaddg_c	-0.0	0.0	0.0	Inf	Inf
GLCt2pp	glyald_c	-0.0	-1000.0	0.0	-0.0	Inf
GLCt2pp	crn_c	-0.0	-1000.0	0.0	-0.0	Inf
GLCt2pp	duri_c	-0.0	-0.01744266918899484	0.0	-0.0	Inf
GLCt2pp	glyb_c	0.0	0.0	0.0	Inf	Inf
GLCt2pp	glyc_c	-0.0	-70.14468170886683	0.0	-0.0	Inf
GLCt2pp	dxyl_c	0.0	0.0	0.0	Inf	Inf
GLCt2pp	glycogen_c	-0.0	-38.58714463394442	0.0	-0.0	Inf
GLCt2pp	gmhep1p_c	-0.0	0.0	2.3581663028659716	Inf	0.0
GLCt2pp	lipa_cold_c	-0.0	0.0	0.0	Inf	Inf
GLCt2pp	lipidA_c	-0.0	-0.012969677128324975	0.07860554342886572	-0.0	0.0
GLCt2pp	malt_c	0.0	0.0	0.0	Inf	Inf
GLCt2pp	h2_c	-0.0	0.0	0.0	Inf	Inf
GLCt2pp	malthx_c	-0.0	0.0	0.0	Inf	Inf
GLCt2pp	maltpt_c	-0.0	0.0	0.0	Inf	Inf
GLCt2pp	malttr_c	-0.0	0.0	0.0	Inf	Inf
GLCt2pp	maltttr_c	-0.0	0.0	0.0	Inf	Inf
GLCt2pp	h2o2_c	-0.0	-84.42540072867178	0.0016672061320832654	-0.0	0.0
GLCt2pp	man_c	-0.0	-40.32139832535765	0.0	-0.0	Inf
GLCt2pp	mdhdhf_c	-0.0	-52.639060723514945	0.0002986438812121629	-0.0	0.0
GLCt2pp	melib_c	-0.0	0.0	0.0	Inf	Inf
GLCt2pp	meoh_c	-0.0	-999.9999986667684	1.3332315802472294e-06	-0.0	0.0
GLCt2pp	pacald_c	-0.0	-1000.0	0.0	-0.0	Inf
GLCt2pp	metsox_S__L_c	-0.0	-0.07443565416906495	0.0	-0.0	Inf
GLCt2pp	mg2_c	-0.0	-0.005782892120082665	999.9942171078799	-0.0	0.0
GLCt2pp	hhlipa_c	-0.0	0.0	0.0	Inf	Inf
GLCt2pp	pe120_c	-0.0	0.0	0.0	Inf	Inf
GLCt2pp	mobd_c	-0.0	-8.599343901909669e-05	102.65771251338404	-0.0	0.0
GLCt2pp	hlipa_c	-0.0	0.0	0.0	Inf	Inf
GLCt2pp	pg120_c	-0.0	-0.05187870851335024	0.0	-0.0	Inf
GLCt2pp	mql8_c	0.0	0.0	0.0	Inf	Inf
GLCt2pp	mqn8_c	-0.0	0.0	0.0	Inf	Inf
GLCt2pp	mthgxl_c	-0.0	-83.45591746411235	0.0	-0.0	Inf
GLCt2pp	hqn_c	0.0	0.0	0.0	Inf	Inf
GLCt2pp	mththf_c	-0.0	-999.9997013561187	0.0002986438812121629	-0.0	0.0
GLCt2pp	n2o_c	-0.0	-1000.0	0.0	-0.0	Inf
GLCt2pp	na1_c	-0.0	0.0	0.0	Inf	Inf
GLCt2pp	nac_c	-0.0	0.0	0.0	Inf	Inf
GLCt2pp	ncam_c	-0.0	0.0	0.0	Inf	Inf
GLCt2pp	ni2_c	-0.0	-0.0002153169054509165	999.9997846830945	-0.0	0.0
GLCt2pp	no_c	-0.0	-1000.0	0.0	-0.0	Inf
GLCt2pp	indole_c	-0.0	-0.03789244228032956	0.7999999999969987	-0.0	0.0
GLCt2pp	no2_c	-0.0	-1000.0	0.0	-0.0	Inf
GLCt2pp	no3_c	0.0	0.0	0.0	Inf	Inf
GLCt2pp	inost_c	0.0	0.0	0.0	Inf	Inf
GLCt2pp	o2_c	-0.0	-42.21270036433589	957.7872996356641	-0.0	0.0
GLCt2pp	poaac_c	-0.0	-2.8056407548194784	0.0	-0.0	Inf
GLCt2pp	ppal_c	-0.0	0.0	0.0	Inf	Inf
GLCt2pp	k_c	-0.0	-0.1301187390887435	410.63085005353616	-0.0	0.0
GLCt2pp	psclys_c	-0.0	0.0	0.0	Inf	Inf
GLCt2pp	lald__D_c	-0.0	0.0	0.0	Inf	Inf
GLCt2pp	lald__L_c	-0.0	-76.35328619057087	0.0	-0.0	Inf
GLCt2pp	ura_c	-0.0	0.0	0.0	Inf	Inf
GLCt2pp	pydx_c	-0.0	0.0	0.7860554342886572	Inf	0.0
GLCt2pp	uracp_c	-0.0	-1.4028203774097392	0.0	-0.0	Inf
GLCt2pp	pydxn_c	-0.0	0.0	0.7860554342886572	Inf	0.0
GLCt2pp	urate_c	-0.0	-0.7014101887048696	0.0	-0.0	Inf
GLCt2pp	q8_c	-0.0	0.0	0.0	Inf	Inf
GLCt2pp	q8h2_c	0.0	0.0	0.0	Inf	Inf
GLCt2pp	urea_c	-0.0	-999.6000000000015	0.39999999999849933	-0.0	0.0
GLCt2pp	uri_c	-0.0	0.0	0.0	Inf	Inf
GLCt2pp	rbflvrd_c	-0.0	0.0	0.19999999999924967	Inf	0.0
GLCt2pp	rbl__L_c	-0.0	-47.84805934609108	0.0	-0.0	Inf
GLCt2pp	rdmbzi_c	0.0	0.0	0.0	Inf	Inf
GLCt2pp	thptdn_c	0.0	0.0	0.0	Inf	Inf
GLCt2pp	xan_c	-0.0	0.0	0.0	Inf	Inf
GLCt2pp	rephaccoa_c	-0.0	-0.0003839707046143226	0.0	-0.0	Inf
GLCt2pp	rib__D_c	-0.0	0.0	2.3581663028659716	Inf	0.0
GLCt2pp	xtsn_c	-0.0	0.0	0.0	Inf	Inf
GLCt2pp	rml_c	-0.0	-0.0941968131324749	0.0	-0.0	Inf
GLCt2pp	thym_c	-0.0	-410.63085005353616	0.0	-0.0	Inf
GLCt2pp	thymd_c	-0.0	-0.01744266918899484	0.0	-0.0	Inf
GLCt2pp	xu5p__L_c	-0.0	-0.6430382718970122	0.0	-0.0	Inf
GLCt2pp	rmn_c	-0.0	-0.0941968131324749	0.0	-0.0	Inf
GLCt2pp	xyl__D_c	0.0	0.0	0.0	Inf	Inf
GLCt2pp	tmao_c	0.0	0.0	0.0	Inf	Inf
GLCt2pp	xylu__D_c	-0.0	0.0	0.0	Inf	Inf
GLCt2pp	xylu__L_c	-0.0	-47.84805934609108	0.0	-0.0	Inf
GLCt2pp	12ppd__R_e	-0.0	-1000.0	0.0	-0.0	Inf
GLCt2pp	12ppd__S_e	-0.0	-1000.0	0.0	-0.0	Inf
GLCt2pp	tre_c	-0.0	-20.160699162678824	0.0	-0.0	Inf
GLCt2pp	seln_c	0.0	0.0	0.0	Inf	Inf
GLCt2pp	34dhpac_e	-0.0	-1000.0	0.0	-0.0	Inf
GLCt2pp	slnt_c	0.0	0.0	0.0	Inf	Inf
GLCt2pp	so2_c	0.0	0.0	0.0	Inf	Inf
GLCt2pp	so3_c	-0.0	-0.16523539315154148	20.531542502676807	-0.0	0.0
GLCt2pp	so4_c	-0.0	-0.168127172519486	410.63085005353616	-0.0	0.0
GLCt2pp	4hoxpacd_e	-0.0	-1000.0	0.0	-0.0	Inf
GLCt2pp	5mtr_e	-0.0	0.0	0.0	Inf	Inf
GLCt2pp	LalaDgluMdap_e	-0.0	-1000.0	0.0	-0.0	Inf
GLCt2pp	ac_e	-0.0	0.0	0.0	Inf	Inf
GLCt2pp	acald_e	-0.0	-1000.0	0.0	-0.0	Inf
GLCt2pp	acgal_e	-0.0	-1000.0	0.0	-0.0	Inf
GLCt2pp	acgam_e	-0.0	-1000.0	0.0	-0.0	Inf
GLCt2pp	acmana_e	-0.0	-1000.0	0.0	-0.0	Inf
GLCt2pp	tagur_c	-0.0	0.0	0.0	Inf	Inf
GLCt2pp	tartr__L_c	-0.0	-0.46511280991217063	0.0	-0.0	Inf
GLCt2pp	ade_e	-0.0	-1000.0	0.0	-0.0	Inf
GLCt2pp	adn_e	-0.0	-1000.0	0.0	-0.0	Inf
GLCt2pp	all__D_e	-0.0	-1000.0	0.0	-0.0	Inf
GLCt2pp	cl_e	-0.0	-0.0034697352720058916	999.996530264728	-0.0	0.0
GLCt2pp	alltn_e	-0.0	0.0	0.0	Inf	Inf
GLCt2pp	cm_e	-0.0	-1000.0	0.0	-0.0	Inf
GLCt2pp	co2_e	-0.0	-955.7635029327441	44.23649706725587	-0.0	0.0
GLCt2pp	arab__L_e	-0.0	-1000.0	0.0	-0.0	Inf
GLCt2pp	arbt_e	-0.0	-1000.0	0.0	-0.0	Inf
GLCt2pp	unagamu_c	-0.0	0.0	0.09069870395638352	Inf	0.0
GLCt2pp	crn_e	-0.0	-1000.0	0.0	-0.0	Inf
GLCt2pp	csn_e	-0.0	-1000.0	0.0	-0.0	Inf
GLCt2pp	cyan_e	-0.0	-1000.0	0.0	-0.0	Inf
GLCt2pp	glyb_e	-0.0	-1000.0	0.0	-0.0	Inf
GLCt2pp	glyc_e	-0.0	-1000.0	0.0	-0.0	Inf
GLCt2pp	cytd_e	-0.0	-1000.0	0.0	-0.0	Inf
GLCt2pp	ca2_e	-0.0	-0.0034697352720058916	999.996530264728	-0.0	0.0
GLCt2pp	dad_2_e	-0.0	-1000.0	0.0	-0.0	Inf
GLCt2pp	dcyt_e	-0.0	-1000.0	0.0	-0.0	Inf
GLCt2pp	chol_e	-0.0	-1000.0	0.0	-0.0	Inf
GLCt2pp	dha_e	-0.0	-1000.0	0.0	-0.0	Inf
GLCt2pp	ppal_e	-0.0	-1000.0	0.0	-0.0	Inf
GLCt2pp	h2_e	-0.0	-1000.0	0.0	-0.0	Inf
GLCt2pp	dms_e	-0.0	-1000.0	0.0	-0.0	Inf
GLCt2pp	dmso_e	-0.0	-1000.0	0.0	-0.0	Inf
GLCt2pp	h2o2_e	-0.0	-1000.0	0.0	-0.0	Inf
GLCt2pp	psclys_e	-0.0	-1000.0	0.0	-0.0	Inf
GLCt2pp	duri_e	-0.0	-1000.0	0.0	-0.0	Inf
GLCt2pp	pydx_e	-0.0	-1000.0	0.0	-0.0	Inf
GLCt2pp	pydxn_e	-0.0	-1000.0	0.0	-0.0	Inf
GLCt2pp	etoh_e	-0.0	-1000.0	0.0	-0.0	Inf
GLCt2pp	fald_e	-0.0	0.0	0.0	Inf	Inf
GLCt2pp	rib__D_e	-0.0	-1000.0	0.0	-0.0	Inf
GLCt2pp	rmn_e	-0.0	-1000.0	0.0	-0.0	Inf
GLCt2pp	indole_e	-0.0	-1000.0	0.0	-0.0	Inf
GLCt2pp	inost_e	-0.0	-1000.0	0.0	-0.0	Inf
GLCt2pp	sbt__D_e	-0.0	-37.381296364133654	0.0	-0.0	Inf
GLCt2pp	k_e	-0.0	-0.1301187390887435	999.8698812609113	-0.0	0.0
GLCt2pp	for_e	-0.0	0.0	0.0016352085725246243	Inf	0.0
GLCt2pp	slnt_e	-0.0	0.0	1000.0	Inf	0.0
GLCt2pp	fru_e	-0.0	-1000.0	0.0	-0.0	Inf
GLCt2pp	so2_e	-0.0	-1000.0	0.0	-0.0	Inf
GLCt2pp	so3_e	-0.0	-1000.0	0.0	-0.0	Inf
GLCt2pp	so4_e	-0.0	-0.168127172519486	999.8318728274805	-0.0	0.0
GLCt2pp	lipa_cold_e	-0.0	-1000.0	0.0	-0.0	Inf
GLCt2pp	sucr_e	-0.0	-1000.0	0.0	-0.0	Inf
GLCt2pp	g3pe_e	-0.0	-1000.0	0.0	-0.0	Inf
GLCt2pp	malt_e	-0.0	-1000.0	0.0	-0.0	Inf
GLCt2pp	tartr__L_e	-0.0	-1000.0	0.0	-0.0	Inf
GLCt2pp	g3pi_e	-0.0	-1000.0	0.0	-0.0	Inf
GLCt2pp	malthx_e	-0.0	-1000.0	0.0	-0.0	Inf
GLCt2pp	maltpt_e	-0.0	-1000.0	0.0	-0.0	Inf
GLCt2pp	gal_e	-0.0	-1000.0	0.0	-0.0	Inf
GLCt2pp	gal_bD_e	-0.0	-1000.0	0.0	-0.0	Inf
GLCt2pp	malttr_e	-0.0	-1000.0	0.0	-0.0	Inf
GLCt2pp	maltttr_e	-0.0	-1000.0	0.0	-0.0	Inf
GLCt2pp	man_e	-0.0	-1000.0	0.0	-0.0	Inf
GLCt2pp	thym_e	-0.0	-1000.0	0.0	-0.0	Inf
GLCt2pp	thymd_e	-0.0	-1000.0	0.0	-0.0	Inf
GLCt2pp	galt_e	-0.0	-0.0941968131324749	0.0	-0.0	Inf
GLCt2pp	melib_e	-0.0	-1000.0	0.0	-0.0	Inf
GLCt2pp	meoh_e	-0.0	-999.9999986667684	1.3332315802472294e-06	-0.0	0.0
GLCt2pp	tmao_e	-0.0	-1000.0	0.0	-0.0	Inf
GLCt2pp	tre_e	-2.0	-20.389798016800174	0.0	-2.0000000000000004	Inf
GLCt2pp	metsox_S__L_e	-0.0	-1000.0	0.0	-0.0	Inf
GLCt2pp	glc__D_e	-1.0	-40.77959603360035	2.3581663028659716	-1.0000000000000056	-0.9999999999999802
GLCt2pp	mg2_e	-0.0	-0.005782892120082665	999.9942171078799	-0.0	0.0
GLCt2pp	mnl_e	-0.0	-1000.0	0.0	-0.0	Inf
GLCt2pp	mobd_e	-0.0	-8.59934390291528e-05	999.999914006561	-0.0	0.0
GLCt2pp	glyald_e	-0.0	-1000.0	0.0	-0.0	Inf
GLCt2pp	n2o_e	-0.0	-1000.0	0.0	-0.0	Inf
GLCt2pp	na1_e	-0.0	0.0	1000.0	Inf	0.0
GLCt2pp	nac_e	-0.0	-1000.0	0.0	-0.0	Inf
GLCt2pp	ni2_e	-0.0	-0.0002153169054963655	999.9997846830945	-0.0	0.0
GLCt2pp	no_e	-0.0	-1000.0	0.0	-0.0	Inf
GLCt2pp	no2_e	-0.0	-1000.0	0.0	-0.0	Inf
GLCt2pp	ura_e	-0.0	-1000.0	0.0	-0.0	Inf
GLCt2pp	no3_e	-0.0	-1000.0	0.0	-0.0	Inf
GLCt2pp	urea_e	-0.0	-999.6000000000015	0.39999999999849933	-0.0	0.0
GLCt2pp	novbcn_e	-0.0	-1000.0	0.0	-0.0	Inf
GLCt2pp	uri_e	-0.0	-1000.0	0.0	-0.0	Inf
GLCt2pp	o2_e	-0.0	-42.21270036433589	957.7872996356641	-0.0	0.0
GLCt2pp	xan_e	-0.0	0.0	0.0	Inf	Inf
GLCt2pp	xtsn_e	-0.0	-1000.0	0.0	-0.0	Inf
GLCt2pp	xyl__D_e	-0.0	-1000.0	0.0	-0.0	Inf
GLCt2pp	xylu__L_e	-0.0	-1000.0	0.0	-0.0	Inf
GLCt2pp	pacald_e	-0.0	-1000.0	0.0	-0.0	Inf
GLCt2pp	12dgr120_p	-0.0	0.0	0.0	Inf	Inf
GLCt2pp	12dgr140_p	-0.0	0.0	0.0	Inf	Inf
GLCt2pp	12dgr160_p	-0.0	-0.042539421066392524	0.0	-0.0	Inf
GLCt2pp	12dgr180_p	-0.0	0.0	0.0	Inf	Inf
GLCt2pp	12ppd__R_p	-0.0	-1000.0	0.0	-0.0	Inf
GLCt2pp	12ppd__S_p	-0.0	0.0	0.0	Inf	Inf
GLCt2pp	chol_p	-0.0	-1000.0	0.0	-0.0	Inf
GLCt2pp	cl_p	-0.0	-0.0034697352720058916	999.996530264728	-0.0	0.0
GLCt2pp	34dhpac_p	-0.0	-1000.0	0.0	-0.0	Inf
GLCt2pp	cm_p	-0.0	0.0	0.0	Inf	Inf
GLCt2pp	4hoxpacd_p	-0.0	-1000.0	0.0	-0.0	Inf
GLCt2pp	co2_p	-0.0	-955.7635029327441	44.23649706725587	-0.0	0.0
GLCt2pp	5mtr_p	-0.0	0.0	0.0	Inf	Inf
GLCt2pp	LalaDgluMdap_p	-0.0	-0.018523920026842316	0.0	-0.0	Inf
GLCt2pp	gal_p	-0.0	-1000.0	0.0	-0.0	Inf
GLCt2pp	ac_p	-0.0	0.0	0.0	Inf	Inf
GLCt2pp	crn_p	-0.0	-1000.0	0.0	-0.0	Inf
GLCt2pp	gal_bD_p	-0.0	-1000.0	0.0	-0.0	Inf
GLCt2pp	acald_p	-0.0	-1000.0	0.0	-0.0	Inf
GLCt2pp	acgal_p	-0.0	-1000.0	0.0	-0.0	Inf
GLCt2pp	csn_p	-0.0	0.0	0.0	Inf	Inf
GLCt2pp	acgam_p	-0.0	-1000.0	0.0	-0.0	Inf
GLCt2pp	galt_p	-0.0	-0.0941968131324749	0.0	-0.0	Inf
GLCt2pp	acmana_p	-0.0	-1000.0	0.0	-0.0	Inf
GLCt2pp	cyan_p	-0.0	0.0	0.0	Inf	Inf
GLCt2pp	ade_p	-0.0	-1000.0	0.0	-0.0	Inf
GLCt2pp	adn_p	-0.0	0.0	0.0004486324376408199	Inf	0.0
GLCt2pp	cytd_p	-0.0	-0.10700850231429924	0.0	-0.0	Inf
GLCt2pp	glc__D_p	-1.0	-40.77959603360035	2.3581663028659716	-1.0000000000000056	-0.9999999999999802
GLCt2pp	dad_2_p	-0.0	-1000.0	0.0	-0.0	Inf
GLCt2pp	dcyt_p	-0.0	-1000.0	0.0	-0.0	Inf
GLCt2pp	all__D_p	-0.0	0.0	0.0	Inf	Inf
GLCt2pp	alltn_p	-0.0	0.0	0.0	Inf	Inf
GLCt2pp	dha_p	-0.0	-1000.0	0.0	-0.0	Inf
GLCt2pp	glyald_p	-0.0	-1000.0	0.0	-0.0	Inf
GLCt2pp	glyb_p	0.0	0.0	0.0	Inf	Inf
GLCt2pp	dms_p	-0.0	-1000.0	0.0	-0.0	Inf
GLCt2pp	glyc_p	-0.0	-70.14468170886683	0.0	-0.0	Inf
GLCt2pp	dmso_p	-0.0	-1000.0	0.0	-0.0	Inf
GLCt2pp	arab__L_p	-0.0	0.0	0.0	Inf	Inf
GLCt2pp	arbt_p	0.0	0.0	0.0	Inf	Inf
GLCt2pp	ca2_p	-0.0	-0.0034697352720058916	999.996530264728	-0.0	0.0
GLCt2pp	duri_p	-0.0	-1000.0	0.0	-0.0	Inf
GLCt2pp	h2_p	-0.0	-1000.0	0.0	-0.0	Inf
GLCt2pp	h2o2_p	-0.0	-1000.0	0.0	-0.0	Inf
GLCt2pp	etoh_p	-0.0	-1000.0	0.0	-0.0	Inf
GLCt2pp	fald_p	-0.0	0.0	0.0	Inf	Inf
GLCt2pp	n2o_p	-0.0	-1000.0	0.0	-0.0	Inf
GLCt2pp	na1_p	-0.0	0.0	0.0	Inf	Inf
GLCt2pp	indole_p	-0.0	0.0	0.7999999999969987	Inf	0.0
GLCt2pp	nac_p	-0.0	-1000.0	0.0	-0.0	Inf
GLCt2pp	ni2_p	-0.0	-0.0002153169054963655	999.9997846830945	-0.0	0.0
GLCt2pp	inost_p	-0.0	-1000.0	0.0	-0.0	Inf
GLCt2pp	no_p	-0.0	-1000.0	0.0	-0.0	Inf
GLCt2pp	no2_p	-0.0	-1000.0	0.0	-0.0	Inf
GLCt2pp	for_p	-0.0	-0.9302256198243413	0.0016352085725246243	-0.0	0.0
GLCt2pp	fru_p	-0.0	-1000.0	0.0	-0.0	Inf
GLCt2pp	no3_p	-0.0	0.0	0.0	Inf	Inf
GLCt2pp	k_p	-0.0	-0.1301187390887435	999.8698812609113	-0.0	0.0
GLCt2pp	novbcn_p	-0.0	0.0	0.0	Inf	Inf
GLCt2pp	o2_p	-0.0	-42.21270036433589	957.7872996356641	-0.0	0.0
GLCt2pp	lipa_cold_p	-0.0	-102.65771251338404	0.0	-0.0	Inf
GLCt2pp	g3pe_p	-0.0	0.0	0.0	Inf	Inf
GLCt2pp	g3pi_p	-0.0	0.0	0.0	Inf	Inf
GLCt2pp	so3_p	-0.0	-1000.0	0.0	-0.0	Inf
GLCt2pp	so4_p	-0.0	-0.168127172519486	999.8318728274805	-0.0	0.0
GLCt2pp	malt_p	0.0	0.0	0.0	Inf	Inf
GLCt2pp	malthx_p	0.0	0.0	0.0	Inf	Inf
GLCt2pp	maltpt_p	0.0	0.0	0.0	Inf	Inf
GLCt2pp	sucr_p	-0.0	-1000.0	0.0	-0.0	Inf
GLCt2pp	malttr_p	0.0	0.0	0.0	Inf	Inf
GLCt2pp	maltttr_p	0.0	0.0	0.0	Inf	Inf
GLCt2pp	pacald_p	-0.0	-1000.0	0.0	-0.0	Inf
GLCt2pp	man_p	-0.0	-1000.0	0.0	-0.0	Inf
GLCt2pp	tartr__L_p	-0.0	-1000.0	0.0	-0.0	Inf
GLCt2pp	pe120_p	-0.0	0.0	0.0	Inf	Inf
GLCt2pp	melib_p	-0.0	-1000.0	0.0	-0.0	Inf
GLCt2pp	meoh_p	-0.0	-999.9999986667684	1.3332315802472294e-06	-0.0	0.0
GLCt2pp	thym_p	-0.0	-1000.0	0.0	-0.0	Inf
GLCt2pp	thymd_p	-0.0	-0.01744266918899484	0.0	-0.0	Inf
GLCt2pp	pg120_p	-0.0	-0.05187870851335024	0.0	-0.0	Inf
GLCt2pp	metsox_S__L_p	-0.0	-1000.0	0.0	-0.0	Inf
GLCt2pp	tmao_p	-0.0	-1000.0	0.0	-0.0	Inf
GLCt2pp	mg2_p	-0.0	-0.005782892120082665	999.9942171078799	-0.0	0.0
GLCt2pp	tre_p	-2.0	-20.389798016800174	0.0	-1.999999999999983	Inf
GLCt2pp	mnl_p	-0.0	0.0	0.0	Inf	Inf
GLCt2pp	mobd_p	-0.0	-8.59934390291528e-05	999.999914006561	-0.0	0.0
GLCt2pp	ura_p	-0.0	-1000.0	0.0	-0.0	Inf
GLCt2pp	urea_p	-0.0	-999.6000000000015	0.39999999999849933	-0.0	0.0
GLCt2pp	uri_p	-0.0	0.0	0.0	Inf	Inf
GLCt2pp	xan_p	-0.0	0.0	0.0	Inf	Inf
GLCt2pp	xtsn_p	-0.0	0.0	0.0	Inf	Inf
GLCt2pp	xyl__D_p	-0.0	0.0	0.0	Inf	Inf
GLCt2pp	xylu__L_p	-0.0	-1000.0	0.0	-0.0	Inf
GLCt2pp	ppal_p	-0.0	-1000.0	0.0	-0.0	Inf
GLCt2pp	psclys_p	-0.0	-1000.0	0.0	-0.0	Inf
GLCt2pp	pydx_p	-0.0	0.0	0.0	Inf	Inf
GLCt2pp	pydxn_p	-0.0	0.0	0.0	Inf	Inf
GLCt2pp	rib__D_p	-0.0	-1000.0	0.0	-0.0	Inf
GLCt2pp	rmn_p	-0.0	-1000.0	0.0	-0.0	Inf
GLCt2pp	sbt__D_p	-0.0	-37.381296364133654	0.0	-0.0	Inf
GLCt2pp	slnt_p	-0.0	0.0	0.0	Inf	Inf
GLCt2pp	so2_p	-0.0	-1000.0	0.0	-0.0	Inf
