Reaction	Metabolite	ShadowPrice	G-	G+	DecrementalShadowPrice	IncrementalShadowPrice
G3PCabcpp	12dgr120_c	-0.0	0.0	0.0	Inf	Inf
G3PCabcpp	12dgr140_c	-0.0	0.0	0.0	Inf	Inf
G3PCabcpp	12dgr160_c	-0.0	-0.013293569083247792	0.0	-0.0	Inf
G3PCabcpp	12dgr180_c	-0.0	0.0	0.0	Inf	Inf
G3PCabcpp	12ppd__R_c	-0.0	-1000.0	0.0	-0.0	Inf
G3PCabcpp	12ppd__S_c	-0.0	0.0	0.0	Inf	Inf
G3PCabcpp	5drib_c	-0.0	-999.999953545211	4.645478900498727e-05	-0.0	0.0
G3PCabcpp	5mta_c	-0.0	-0.022748889349259116	0.0	-0.0	Inf
G3PCabcpp	23dhacoa_c	-0.0	-0.00011999084595026854	0.0	-0.0	Inf
G3PCabcpp	5mtr_c	-0.0	-388.7293923386327	0.0	-0.0	Inf
G3PCabcpp	3amac_c	-0.0	-1.9156938396598662	0.0	-0.0	Inf
G3PCabcpp	LalaDgluMdap_c	-0.0	-0.0057887250083882786	0.0	-0.0	Inf
G3PCabcpp	ac_c	-0.0	-0.8892227805947917	0.1213599073558953	-0.0	0.0
G3PCabcpp	acald_c	-0.0	0.0	7.03490570487399	Inf	0.0
G3PCabcpp	acetol_c	-0.0	0.0	0.0	Inf	Inf
G3PCabcpp	acgam_c	-0.0	-0.019683498222041025	0.0	-0.0	Inf
G3PCabcpp	acgam6p_c	-0.0	-0.019683498222041025	0.0	-0.0	Inf
G3PCabcpp	acmalt_c	0.0	0.0	0.0	Inf	Inf
G3PCabcpp	acmana_c	-0.0	-0.019683498222041025	0.0	-0.0	Inf
G3PCabcpp	2dmmq8_c	-0.0	0.0	0.0	Inf	Inf
G3PCabcpp	2dmmql8_c	0.0	0.0	0.0	Inf	Inf
G3PCabcpp	ade_c	-0.0	-0.022748889349259116	0.0001393643670149618	-0.0	0.0
G3PCabcpp	adn_c	-0.0	0.0	0.0001393643670149618	Inf	0.0
G3PCabcpp	3sala_c	0.0	0.0	0.0	Inf	Inf
G3PCabcpp	adphep_DD_c	-0.0	0.0	0.0	Inf	Inf
G3PCabcpp	adphep_LD_c	-0.0	0.0	0.0	Inf	Inf
G3PCabcpp	4ahmmp_c	0.0	0.0	0.0	Inf	Inf
G3PCabcpp	4crsol_c	-0.0	-999.999953545211	4.645478900498727e-05	-0.0	0.0
G3PCabcpp	2ohph_c	-0.0	-4.645478900498727e-05	0.11115284757434896	-0.0	0.0
G3PCabcpp	2ombzl_c	-0.0	0.0	0.0	Inf	Inf
G3PCabcpp	2omhmbl_c	-0.0	0.0	0.0	Inf	Inf
G3PCabcpp	2ommbl_c	0.0	0.0	0.0	Inf	Inf
G3PCabcpp	2omph_c	-0.0	0.0	0.11115284757434896	Inf	0.0
G3PCabcpp	4mhetz_c	0.0	0.0	0.0	Inf	Inf
G3PCabcpp	2oph_c	-0.0	-4.645478900498727e-05	0.11115284757434896	-0.0	0.0
G3PCabcpp	2oxpaccoa_c	-0.0	-0.00011999084595026854	0.0	-0.0	Inf
G3PCabcpp	all__D_c	-0.0	-4.85911740423291	0.0	-0.0	Inf
G3PCabcpp	alltn_c	-0.0	-0.47892345991496654	0.0	-0.0	Inf
G3PCabcpp	4r5au_c	-0.0	-9.290957677876577e-05	0.06250072910918902	-0.0	0.0
G3PCabcpp	56dura_c	0.0	0.0	0.0	Inf	Inf
G3PCabcpp	arab__L_c	-0.0	-5.889839277858072	0.0	-0.0	Inf
G3PCabcpp	etoh_c	-0.0	-1000.0	0.0	-0.0	Inf
G3PCabcpp	csn_c	-0.0	0.0	0.037685666390733785	Inf	0.0
G3PCabcpp	fald_c	-0.0	0.0	0.0	Inf	Inf
G3PCabcpp	fc1p_c	-0.0	-0.20094945997618652	0.0	-0.0	Inf
G3PCabcpp	fcl__L_c	-0.0	0.0	0.0	Inf	Inf
G3PCabcpp	aso4_c	0.0	0.0	0.0	Inf	Inf
G3PCabcpp	cyan_c	0.0	0.0	0.0	Inf	Inf
G3PCabcpp	athtp_c	0.0	0.0	0.0	Inf	Inf
G3PCabcpp	cytd_c	-0.0	-0.03344015697320385	0.0	-0.0	Inf
G3PCabcpp	dad_2_c	-0.0	0.0	0.0	Inf	Inf
G3PCabcpp	dad_5_c	-0.0	-0.022748889349259116	4.645478900498727e-05	-0.0	0.0
G3PCabcpp	betald_c	1.0	0.0	0.0	Inf	Inf
G3PCabcpp	btal_c	-0.0	-55.53277033409039	0.0	-0.0	Inf
G3PCabcpp	for_c	-0.0	-0.022748889349259116	0.000511002675219723	-0.0	0.0
G3PCabcpp	dcyt_c	-0.0	-0.005450834121575099	0.0	-0.0	Inf
G3PCabcpp	fru_c	-0.0	0.0	7.0349057048739905	Inf	0.0
G3PCabcpp	ca2_c	-0.0	-0.0010842922724805248	388.7293923386327	-0.0	0.0
G3PCabcpp	g3pe_c	-0.0	0.0	0.0	Inf	Inf
G3PCabcpp	g3pi_c	0.0	0.0	0.0	Inf	Inf
G3PCabcpp	cbm_c	-0.0	-0.9578469198299331	0.0	-0.0	Inf
G3PCabcpp	dha_c	-0.0	-9.255461722348398	7.03490570487399	-0.0	0.0
G3PCabcpp	gal_c	-0.0	0.0	0.0	Inf	Inf
G3PCabcpp	dhgly_c	-0.0	-4.645478900498727e-05	0.2500029164367561	-0.0	0.0
G3PCabcpp	dhmptp_c	0.0	0.0	0.0	Inf	Inf
G3PCabcpp	gcald_c	-0.0	-0.6164854644428033	0.00013936436687345122	-0.0	0.0
G3PCabcpp	dhptd_c	-0.0	-56.94971355889814	9.290957800997453e-05	-0.0	0.0
G3PCabcpp	cechddd_c	-0.0	0.0	0.0	Inf	Inf
G3PCabcpp	dhptdn_c	0.0	0.0	0.0	Inf	Inf
G3PCabcpp	chol_c	1.0	0.0	0.0	Inf	Inf
G3PCabcpp	chtbs6p_c	-0.0	0.0	0.0	Inf	Inf
G3PCabcpp	dmbzid_c	0.0	0.0	0.0	Inf	Inf
G3PCabcpp	dms_c	0.0	0.0	0.0	Inf	Inf
G3PCabcpp	dmso_c	0.0	0.0	0.0	Inf	Inf
G3PCabcpp	cl_c	-0.0	-0.0010842922724805248	777.4587846772654	-0.0	0.0
G3PCabcpp	glc__D_c	-0.0	-4.85911740423291	7.0349057048739905	-0.0	0.0
G3PCabcpp	co2_c	-0.0	-948.551079667636	51.44892033236397	-0.0	0.0
G3PCabcpp	dscl_c	-0.0	-4.645478900498727e-05	0.06250072910918902	-0.0	0.0
G3PCabcpp	dtdp4aaddg_c	-0.0	0.0	0.0	Inf	Inf
G3PCabcpp	glyald_c	-0.0	-1000.0	0.0	-0.0	Inf
G3PCabcpp	crn_c	-0.0	-388.7293923386327	0.0	-0.0	Inf
G3PCabcpp	duri_c	-0.0	-0.005450834121575099	0.0	-0.0	Inf
G3PCabcpp	glyb_c	1.0	0.0	0.0	Inf	Inf
G3PCabcpp	glyc_c	-0.0	-7.933252904870056	7.03490570487399	-0.0	0.0
G3PCabcpp	dxyl_c	0.0	0.0	0.0	Inf	Inf
G3PCabcpp	glycogen_c	-0.0	-4.627730861174199	0.0	-0.0	Inf
G3PCabcpp	gmhep1p_c	-0.0	0.0	5.577671176599055	Inf	0.0
G3PCabcpp	lipa_cold_c	-0.0	0.0	0.0	Inf	Inf
G3PCabcpp	lipidA_c	-0.0	-0.004053024102603331	0.12500145821837805	-0.0	0.0
G3PCabcpp	malt_c	0.0	0.0	0.0	Inf	Inf
G3PCabcpp	h2_c	-0.0	0.0	0.0	Inf	Inf
G3PCabcpp	malthx_c	-0.0	0.0	0.0	Inf	Inf
G3PCabcpp	maltpt_c	-0.0	0.0	0.0	Inf	Inf
G3PCabcpp	malttr_c	-0.0	0.0	0.0	Inf	Inf
G3PCabcpp	maltttr_c	-0.0	0.0	0.0	Inf	Inf
G3PCabcpp	h2o2_c	-0.0	-55.53277033409039	0.0004745471269416157	-0.0	0.0
G3PCabcpp	man_c	-0.0	-4.85911740423291	0.0	-0.0	Inf
G3PCabcpp	mdhdhf_c	-0.0	-56.94971355889814	9.290957800997453e-05	-0.0	0.0
G3PCabcpp	melib_c	-0.0	0.0	0.0	Inf	Inf
G3PCabcpp	meoh_c	-0.0	-1000.0	0.0	-0.0	Inf
G3PCabcpp	pacald_c	-0.0	-388.7293923386327	0.0	-0.0	Inf
G3PCabcpp	metsox_S__L_c	-0.0	-0.022748889349259116	0.0	-0.0	Inf
G3PCabcpp	mg2_c	-0.0	-0.00180715378752585	194.36469616931635	-0.0	0.0
G3PCabcpp	hhlipa_c	-0.0	0.0	0.0	Inf	Inf
G3PCabcpp	pe120_c	-0.0	0.0	0.0	Inf	Inf
G3PCabcpp	mobd_c	-0.0	-2.6872949661083112e-05	152.81765191534183	-0.0	0.0
G3PCabcpp	hlipa_c	-0.0	0.0	0.0	Inf	Inf
G3PCabcpp	pg120_c	-0.0	0.0	0.0	Inf	Inf
G3PCabcpp	mql8_c	0.0	0.0	0.0	Inf	Inf
G3PCabcpp	mqn8_c	-0.0	0.0	0.0	Inf	Inf
G3PCabcpp	mthgxl_c	-0.0	-1.4979252971832935	0.0	-0.0	Inf
G3PCabcpp	hqn_c	0.0	0.0	0.0	Inf	Inf
G3PCabcpp	mththf_c	-0.0	-999.999907090422	9.290957800997453e-05	-0.0	0.0
G3PCabcpp	n2o_c	-0.0	-1000.0	0.0	-0.0	Inf
G3PCabcpp	na1_c	-0.0	0.0	0.0	Inf	Inf
G3PCabcpp	nac_c	-0.0	0.0	0.0	Inf	Inf
G3PCabcpp	ncam_c	-0.0	0.0	0.0	Inf	Inf
G3PCabcpp	ni2_c	-0.0	-6.728653295340337e-05	999.999932713467	-0.0	0.0
G3PCabcpp	no_c	-0.0	-1000.0	0.0	-0.0	Inf
G3PCabcpp	indole_c	-0.0	-0.0118413882126031	0.2500029164367561	-0.0	0.0
G3PCabcpp	no2_c	-0.0	-388.7293923386327	0.0	-0.0	Inf
G3PCabcpp	no3_c	0.0	0.0	0.0	Inf	Inf
G3PCabcpp	inost_c	0.0	0.0	0.0	Inf	Inf
G3PCabcpp	o2_c	-0.0	-51.00398511260835	948.9960148873917	-0.0	0.0
G3PCabcpp	poaac_c	-0.0	-2.249997083563244	0.0	-0.0	Inf
G3PCabcpp	ppal_c	-0.0	0.0	0.0	Inf	Inf
G3PCabcpp	k_c	-0.0	-0.04066210596522524	611.2706076613673	-0.0	0.0
G3PCabcpp	psclys_c	-0.0	0.0	0.0	Inf	Inf
G3PCabcpp	lald__D_c	-0.0	0.0	0.0	Inf	Inf
G3PCabcpp	lald__L_c	-0.0	-1.4979252971832935	0.0	-0.0	Inf
G3PCabcpp	ura_c	-0.0	0.0	0.0	Inf	Inf
G3PCabcpp	pydx_c	-0.0	0.0	0.2500029164367561	Inf	0.0
G3PCabcpp	uracp_c	-0.0	-1.124998541781622	0.0	-0.0	Inf
G3PCabcpp	pydxn_c	-0.0	0.0	0.2500029164367561	Inf	0.0
G3PCabcpp	urate_c	-0.0	-0.47892345991496654	0.0	-0.0	Inf
G3PCabcpp	q8_c	0.0	0.0	0.0	Inf	Inf
G3PCabcpp	q8h2_c	-0.0	0.0	0.0	Inf	Inf
G3PCabcpp	urea_c	-0.0	-1000.0	0.0	-0.0	Inf
G3PCabcpp	uri_c	-0.0	0.0	0.12500145821837805	Inf	0.0
G3PCabcpp	rbflvrd_c	-0.0	0.0	0.011374444674629558	Inf	0.0
G3PCabcpp	rbl__L_c	-0.0	-5.889839277858072	0.0	-0.0	Inf
G3PCabcpp	rdmbzi_c	0.0	0.0	0.0	Inf	Inf
G3PCabcpp	thptdn_c	0.0	0.0	0.0	Inf	Inf
G3PCabcpp	xan_c	-0.0	0.0	0.0	Inf	Inf
G3PCabcpp	rephaccoa_c	-0.0	-0.00011999084595026854	0.0	-0.0	Inf
G3PCabcpp	rib__D_c	-0.0	0.0	0.0	Inf	Inf
G3PCabcpp	xtsn_c	-0.0	0.0	0.0	Inf	Inf
G3PCabcpp	rml_c	-0.0	-1.4979252971832935	0.0	-0.0	Inf
G3PCabcpp	thym_c	-0.0	-611.2706076613673	0.0	-0.0	Inf
G3PCabcpp	thymd_c	-0.0	-0.005450834121575099	0.0	-0.0	Inf
G3PCabcpp	xu5p__L_c	-0.0	-0.20094945997618657	0.0	-0.0	Inf
G3PCabcpp	rmn_c	-0.0	-1.4979252971832935	0.0	-0.0	Inf
G3PCabcpp	xyl__D_c	0.0	0.0	0.0	Inf	Inf
G3PCabcpp	tmao_c	0.0	0.0	0.0	Inf	Inf
G3PCabcpp	xylu__D_c	-0.0	0.0	0.0	Inf	Inf
G3PCabcpp	xylu__L_c	-0.0	-5.889839277858072	0.0	-0.0	Inf
G3PCabcpp	12ppd__R_e	-0.0	-1000.0	0.0	-0.0	Inf
G3PCabcpp	12ppd__S_e	-0.0	-1000.0	0.0	-0.0	Inf
G3PCabcpp	tre_c	-0.0	-2.429558702116455	0.0	-0.0	Inf
G3PCabcpp	seln_c	0.0	0.0	0.0	Inf	Inf
G3PCabcpp	34dhpac_e	-0.0	-1000.0	0.0	-0.0	Inf
G3PCabcpp	slnt_c	0.0	0.0	0.0	Inf	Inf
G3PCabcpp	so2_c	0.0	0.0	0.0	Inf	Inf
G3PCabcpp	so3_c	-0.0	-0.05163522709081389	30.563530383068365	-0.0	0.0
G3PCabcpp	so4_c	-0.0	-0.05253890814329656	611.2706076613673	-0.0	0.0
G3PCabcpp	4hoxpacd_e	-0.0	-1000.0	0.0	-0.0	Inf
G3PCabcpp	5mtr_e	-0.0	-1000.0	0.0	-0.0	Inf
G3PCabcpp	LalaDgluMdap_e	-0.0	-1000.0	0.0	-0.0	Inf
G3PCabcpp	ac_e	-0.0	0.0	0.0	Inf	Inf
G3PCabcpp	acald_e	-0.0	-1000.0	0.0	-0.0	Inf
G3PCabcpp	acgal_e	-0.0	-1000.0	0.0	-0.0	Inf
G3PCabcpp	acgam_e	-0.0	-1000.0	0.0	-0.0	Inf
G3PCabcpp	acmana_e	-0.0	-1000.0	0.0	-0.0	Inf
G3PCabcpp	tagur_c	-0.0	0.0	0.0	Inf	Inf
G3PCabcpp	tartr__L_c	-0.0	-0.6164854644428033	0.0	-0.0	Inf
G3PCabcpp	ade_e	-0.0	-1000.0	0.0	-0.0	Inf
G3PCabcpp	adn_e	-0.0	-1000.0	0.0	-0.0	Inf
G3PCabcpp	all__D_e	-0.0	-1000.0	0.0	-0.0	Inf
G3PCabcpp	cl_e	-0.0	-0.0010842922724805248	999.9989157077275	-0.0	0.0
G3PCabcpp	alltn_e	-0.0	0.0	0.0	Inf	Inf
G3PCabcpp	cm_e	-0.0	-1000.0	0.0	-0.0	Inf
G3PCabcpp	co2_e	-0.0	-948.551079667636	51.44892033236397	-0.0	0.0
G3PCabcpp	arab__L_e	-0.0	-1000.0	0.0	-0.0	Inf
G3PCabcpp	arbt_e	-0.0	-1000.0	0.0	-0.0	Inf
G3PCabcpp	unagamu_c	-0.0	0.0	0.09880253117719907	Inf	0.0
G3PCabcpp	crn_e	-0.0	-1000.0	0.0	-0.0	Inf
G3PCabcpp	csn_e	-0.0	-1000.0	0.0	-0.0	Inf
G3PCabcpp	cyan_e	-0.0	-1000.0	0.0	-0.0	Inf
G3PCabcpp	glyb_e	-0.0	-1000.0	0.0	-0.0	Inf
G3PCabcpp	glyc_e	-0.0	-1000.0	0.0	-0.0	Inf
G3PCabcpp	cytd_e	-0.0	-1000.0	0.0	-0.0	Inf
G3PCabcpp	ca2_e	-0.0	-0.0010842922724805248	999.9989157077275	-0.0	0.0
G3PCabcpp	dad_2_e	-0.0	-1000.0	0.0	-0.0	Inf
G3PCabcpp	dcyt_e	-0.0	-1000.0	0.0	-0.0	Inf
G3PCabcpp	chol_e	-0.0	-1000.0	0.0	-0.0	Inf
G3PCabcpp	dha_e	-0.0	-1000.0	0.0	-0.0	Inf
G3PCabcpp	ppal_e	-0.0	-1000.0	0.0	-0.0	Inf
G3PCabcpp	h2_e	-0.0	-1000.0	0.0	-0.0	Inf
G3PCabcpp	dms_e	-0.0	-1000.0	0.0	-0.0	Inf
G3PCabcpp	dmso_e	-0.0	-1000.0	0.0	-0.0	Inf
G3PCabcpp	h2o2_e	-0.0	-1000.0	0.0	-0.0	Inf
G3PCabcpp	psclys_e	-0.0	-1000.0	0.0	-0.0	Inf
G3PCabcpp	duri_e	-0.0	-1000.0	0.0	-0.0	Inf
G3PCabcpp	pydx_e	-0.0	-1000.0	0.0	-0.0	Inf
G3PCabcpp	pydxn_e	-0.0	-1000.0	0.0	-0.0	Inf
G3PCabcpp	etoh_e	-0.0	-1000.0	0.0	-0.0	Inf
G3PCabcpp	fald_e	-0.0	0.0	0.0	Inf	Inf
G3PCabcpp	rib__D_e	-0.0	-1000.0	0.0	-0.0	Inf
G3PCabcpp	rmn_e	-0.0	-1000.0	0.0	-0.0	Inf
G3PCabcpp	indole_e	-0.0	-1000.0	0.0	-0.0	Inf
G3PCabcpp	inost_e	-0.0	-1000.0	0.0	-0.0	Inf
G3PCabcpp	sbt__D_e	-0.0	-1.4979252971832935	0.0	-0.0	Inf
G3PCabcpp	k_e	-0.0	-0.04066210596522524	999.9593378940348	-0.0	0.0
G3PCabcpp	for_e	-0.0	0.0	0.000511002675219723	Inf	0.0
G3PCabcpp	slnt_e	-0.0	0.0	1000.0	Inf	0.0
G3PCabcpp	fru_e	-0.0	-1000.0	0.0	-0.0	Inf
G3PCabcpp	so2_e	-0.0	-1000.0	0.0	-0.0	Inf
G3PCabcpp	so3_e	-0.0	-1000.0	0.0	-0.0	Inf
G3PCabcpp	so4_e	-0.0	-0.052538908143333174	999.9474610918567	-0.0	0.0
G3PCabcpp	lipa_cold_e	-0.0	-1000.0	0.0	-0.0	Inf
G3PCabcpp	sucr_e	-0.0	-1000.0	0.0	-0.0	Inf
G3PCabcpp	g3pe_e	-0.0	-1000.0	0.0	-0.0	Inf
G3PCabcpp	malt_e	-0.0	-1000.0	0.0	-0.0	Inf
G3PCabcpp	tartr__L_e	-0.0	-1000.0	0.0	-0.0	Inf
G3PCabcpp	g3pi_e	-0.0	-1000.0	0.0	-0.0	Inf
G3PCabcpp	malthx_e	-0.0	-1000.0	0.0	-0.0	Inf
G3PCabcpp	maltpt_e	-0.0	-1000.0	0.0	-0.0	Inf
G3PCabcpp	gal_e	-0.0	-1000.0	0.0	-0.0	Inf
G3PCabcpp	gal_bD_e	-0.0	-1000.0	0.0	-0.0	Inf
G3PCabcpp	malttr_e	-0.0	-1000.0	0.0	-0.0	Inf
G3PCabcpp	maltttr_e	-0.0	-1000.0	0.0	-0.0	Inf
G3PCabcpp	man_e	-0.0	-1000.0	0.0	-0.0	Inf
G3PCabcpp	thym_e	-0.0	-1000.0	0.0	-0.0	Inf
G3PCabcpp	thymd_e	-0.0	-1000.0	0.0	-0.0	Inf
G3PCabcpp	galt_e	-0.0	-1.4979252971832935	0.0	-0.0	Inf
G3PCabcpp	melib_e	-0.0	-1000.0	0.0	-0.0	Inf
G3PCabcpp	meoh_e	-0.0	-1000.0	0.0	-0.0	Inf
G3PCabcpp	tmao_e	-0.0	-1000.0	0.0	-0.0	Inf
G3PCabcpp	tre_e	-0.0	-1000.0	0.0	-0.0	Inf
G3PCabcpp	metsox_S__L_e	-0.0	-1000.0	0.0	-0.0	Inf
G3PCabcpp	glc__D_e	-0.0	-4.920625219476364	7.0349057048739905	-0.0	0.0
G3PCabcpp	mg2_e	-0.0	-0.0018071537875812282	999.9981928462124	-0.0	0.0
G3PCabcpp	mnl_e	-0.0	-1000.0	0.0	-0.0	Inf
G3PCabcpp	mobd_e	-0.0	-2.6872949661083112e-05	999.9999731270503	-0.0	0.0
G3PCabcpp	glyald_e	-0.0	-1000.0	0.0	-0.0	Inf
G3PCabcpp	n2o_e	-0.0	-1000.0	0.0	-0.0	Inf
G3PCabcpp	na1_e	-0.0	0.0	1000.0	Inf	0.0
G3PCabcpp	nac_e	-0.0	-1000.0	0.0	-0.0	Inf
G3PCabcpp	ni2_e	-0.0	-6.728653295340337e-05	999.999932713467	-0.0	0.0
G3PCabcpp	no_e	-0.0	-1000.0	0.0	-0.0	Inf
G3PCabcpp	no2_e	-0.0	-1000.0	0.0	-0.0	Inf
G3PCabcpp	ura_e	-0.0	-1000.0	0.0	-0.0	Inf
G3PCabcpp	no3_e	-0.0	-1000.0	0.0	-0.0	Inf
G3PCabcpp	urea_e	-0.0	-1000.0	0.0	-0.0	Inf
G3PCabcpp	novbcn_e	-0.0	-1000.0	0.0	-0.0	Inf
G3PCabcpp	uri_e	-0.0	-1000.0	0.0	-0.0	Inf
G3PCabcpp	o2_e	-0.0	-51.00398511260835	948.9960148873917	-0.0	0.0
G3PCabcpp	xan_e	-0.0	0.0	0.0	Inf	Inf
G3PCabcpp	xtsn_e	-0.0	-1000.0	0.0	-0.0	Inf
G3PCabcpp	xyl__D_e	-0.0	-1000.0	0.0	-0.0	Inf
G3PCabcpp	xylu__L_e	-0.0	-1000.0	0.0	-0.0	Inf
G3PCabcpp	pacald_e	-0.0	-1000.0	0.0	-0.0	Inf
G3PCabcpp	12dgr120_p	-0.0	0.0	0.0	Inf	Inf
G3PCabcpp	12dgr140_p	-0.0	0.0	0.0	Inf	Inf
G3PCabcpp	12dgr160_p	-0.0	-0.013293569083247792	0.0	-0.0	Inf
G3PCabcpp	12dgr180_p	-0.0	0.0	0.0	Inf	Inf
G3PCabcpp	12ppd__R_p	-0.0	-1000.0	0.0	-0.0	Inf
G3PCabcpp	12ppd__S_p	-0.0	0.0	0.0	Inf	Inf
G3PCabcpp	chol_p	-0.0	-1000.0	0.0	-0.0	Inf
G3PCabcpp	cl_p	-0.0	-0.0010842922724805248	999.9989157077275	-0.0	0.0
G3PCabcpp	34dhpac_p	-0.0	-1000.0	0.0	-0.0	Inf
G3PCabcpp	cm_p	-0.0	0.0	0.0	Inf	Inf
G3PCabcpp	4hoxpacd_p	-0.0	-1000.0	0.0	-0.0	Inf
G3PCabcpp	co2_p	-0.0	-948.551079667636	51.44892033236397	-0.0	0.0
G3PCabcpp	5mtr_p	-0.0	-1000.0	0.0	-0.0	Inf
G3PCabcpp	LalaDgluMdap_p	-0.0	-0.0057887250083882786	0.0	-0.0	Inf
G3PCabcpp	gal_p	-0.0	-1000.0	0.0	-0.0	Inf
G3PCabcpp	ac_p	-0.0	-0.8892227805947917	0.0	-0.0	Inf
G3PCabcpp	crn_p	-0.0	-1000.0	0.0	-0.0	Inf
G3PCabcpp	gal_bD_p	-0.0	-1000.0	0.0	-0.0	Inf
G3PCabcpp	acald_p	-0.0	-1000.0	0.0	-0.0	Inf
G3PCabcpp	acgal_p	-0.0	-1000.0	0.0	-0.0	Inf
G3PCabcpp	csn_p	-0.0	0.0	0.0	Inf	Inf
G3PCabcpp	acgam_p	-0.0	-1000.0	0.0	-0.0	Inf
G3PCabcpp	galt_p	-0.0	-1.4979252971832935	0.0	-0.0	Inf
G3PCabcpp	acmana_p	-0.0	-1000.0	0.0	-0.0	Inf
G3PCabcpp	cyan_p	-0.0	0.0	0.0	Inf	Inf
G3PCabcpp	ade_p	-0.0	-1000.0	0.0	-0.0	Inf
G3PCabcpp	adn_p	-0.0	0.0	0.0001393643670149618	Inf	0.0
G3PCabcpp	cytd_p	-0.0	-0.03344015697320385	0.0	-0.0	Inf
G3PCabcpp	glc__D_p	-0.0	-4.920625219476364	7.0349057048739905	-0.0	0.0
G3PCabcpp	dad_2_p	-0.0	-1000.0	0.0	-0.0	Inf
G3PCabcpp	dcyt_p	-0.0	-1000.0	0.0	-0.0	Inf
G3PCabcpp	all__D_p	-0.0	0.0	0.0	Inf	Inf
G3PCabcpp	alltn_p	-0.0	0.0	0.0	Inf	Inf
G3PCabcpp	dha_p	-0.0	-1000.0	0.0	-0.0	Inf
G3PCabcpp	glyald_p	-0.0	-1000.0	0.0	-0.0	Inf
G3PCabcpp	glyb_p	0.0	0.0	0.0	Inf	Inf
G3PCabcpp	dms_p	-0.0	-1000.0	0.0	-0.0	Inf
G3PCabcpp	glyc_p	-0.0	-7.933252904870056	0.0	-0.0	Inf
G3PCabcpp	dmso_p	-0.0	-1000.0	0.0	-0.0	Inf
G3PCabcpp	arab__L_p	-0.0	0.0	0.0	Inf	Inf
G3PCabcpp	arbt_p	0.0	0.0	0.0	Inf	Inf
G3PCabcpp	ca2_p	-0.0	-0.0010842922724805248	999.9989157077275	-0.0	0.0
G3PCabcpp	duri_p	-0.0	-1000.0	0.0	-0.0	Inf
G3PCabcpp	h2_p	-0.0	-1000.0	0.0	-0.0	Inf
G3PCabcpp	h2o2_p	-0.0	-1000.0	0.0	-0.0	Inf
G3PCabcpp	etoh_p	-0.0	-1000.0	0.0	-0.0	Inf
G3PCabcpp	fald_p	-0.0	0.0	0.0	Inf	Inf
G3PCabcpp	n2o_p	-0.0	-1000.0	0.0	-0.0	Inf
G3PCabcpp	na1_p	-0.0	0.0	0.0	Inf	Inf
G3PCabcpp	indole_p	-0.0	0.0	0.2500029164367561	Inf	0.0
G3PCabcpp	nac_p	-0.0	-1000.0	0.0	-0.0	Inf
G3PCabcpp	ni2_p	-0.0	-6.728653295340337e-05	999.999932713467	-0.0	0.0
G3PCabcpp	inost_p	-0.0	-1000.0	0.0	-0.0	Inf
G3PCabcpp	no_p	-0.0	-1000.0	0.0	-0.0	Inf
G3PCabcpp	no2_p	-0.0	-1000.0	0.0	-0.0	Inf
G3PCabcpp	for_p	-0.0	0.0	0.000511002675219723	Inf	0.0
G3PCabcpp	fru_p	-0.0	-1000.0	0.0	-0.0	Inf
G3PCabcpp	no3_p	-0.0	0.0	0.0	Inf	Inf
G3PCabcpp	k_p	-0.0	-0.04066210596522524	999.9593378940348	-0.0	0.0
G3PCabcpp	novbcn_p	-0.0	0.0	0.0	Inf	Inf
G3PCabcpp	o2_p	-0.0	-51.00398511260835	948.9960148873917	-0.0	0.0
G3PCabcpp	lipa_cold_p	-0.0	-152.81765191534183	0.0	-0.0	Inf
G3PCabcpp	g3pe_p	-0.0	0.0	0.0	Inf	Inf
G3PCabcpp	g3pi_p	-0.0	0.0	0.0	Inf	Inf
G3PCabcpp	so3_p	-0.0	-1000.0	0.0	-0.0	Inf
G3PCabcpp	so4_p	-0.0	-0.05253890814329656	999.9474610918567	-0.0	0.0
G3PCabcpp	malt_p	0.0	0.0	0.0	Inf	Inf
G3PCabcpp	malthx_p	0.0	0.0	0.0	Inf	Inf
G3PCabcpp	maltpt_p	0.0	0.0	0.0	Inf	Inf
G3PCabcpp	sucr_p	-0.0	-1000.0	0.0	-0.0	Inf
G3PCabcpp	malttr_p	0.0	0.0	0.0	Inf	Inf
G3PCabcpp	maltttr_p	0.0	0.0	0.0	Inf	Inf
G3PCabcpp	pacald_p	-0.0	-1000.0	0.0	-0.0	Inf
G3PCabcpp	man_p	-0.0	-1000.0	0.0	-0.0	Inf
G3PCabcpp	tartr__L_p	-0.0	-1000.0	0.0	-0.0	Inf
G3PCabcpp	pe120_p	-0.0	0.0	0.0	Inf	Inf
G3PCabcpp	melib_p	-0.0	-1000.0	0.0	-0.0	Inf
G3PCabcpp	meoh_p	-0.0	-1000.0	0.0	-0.0	Inf
G3PCabcpp	thym_p	-0.0	-1000.0	0.0	-0.0	Inf
G3PCabcpp	thymd_p	-0.0	-0.005450834121575099	0.0	-0.0	Inf
G3PCabcpp	pg120_p	-0.0	0.0	0.0	Inf	Inf
G3PCabcpp	metsox_S__L_p	-0.0	-1000.0	0.0	-0.0	Inf
G3PCabcpp	tmao_p	-0.0	-1000.0	0.0	-0.0	Inf
G3PCabcpp	mg2_p	-0.0	-0.00180715378752585	999.9981928462124	-0.0	0.0
G3PCabcpp	tre_p	-0.0	0.0	0.0	Inf	Inf
G3PCabcpp	mnl_p	-0.0	0.0	0.0	Inf	Inf
G3PCabcpp	mobd_p	-0.0	-2.6872949661083112e-05	999.9999731270503	-0.0	0.0
G3PCabcpp	ura_p	-0.0	-1000.0	0.0	-0.0	Inf
G3PCabcpp	urea_p	-0.0	-1000.0	0.0	-0.0	Inf
G3PCabcpp	uri_p	-0.0	0.0	0.0	Inf	Inf
G3PCabcpp	xan_p	-0.0	0.0	0.0	Inf	Inf
G3PCabcpp	xtsn_p	-0.0	0.0	0.0	Inf	Inf
G3PCabcpp	xyl__D_p	-0.0	0.0	0.0	Inf	Inf
G3PCabcpp	xylu__L_p	-0.0	-1000.0	0.0	-0.0	Inf
G3PCabcpp	ppal_p	-0.0	-1000.0	0.0	-0.0	Inf
G3PCabcpp	psclys_p	-0.0	-1000.0	0.0	-0.0	Inf
G3PCabcpp	pydx_p	-0.0	0.0	0.0	Inf	Inf
G3PCabcpp	pydxn_p	-0.0	0.0	0.0	Inf	Inf
G3PCabcpp	rib__D_p	-0.0	-1000.0	0.0	-0.0	Inf
G3PCabcpp	rmn_p	-0.0	-1000.0	0.0	-0.0	Inf
G3PCabcpp	sbt__D_p	-0.0	-1.4979252971832935	0.0	-0.0	Inf
G3PCabcpp	slnt_p	-0.0	0.0	0.0	Inf	Inf
G3PCabcpp	so2_p	-0.0	-1000.0	0.0	-0.0	Inf
