Reaction	Metabolite	ShadowPrice	G-	G+	DecrementalShadowPrice	IncrementalShadowPrice
HEMEOS	12dgr120_c	-0.0	0.0	0.0	Inf	Inf
HEMEOS	12dgr140_c	-0.0	0.0	0.0	Inf	Inf
HEMEOS	12dgr160_c	-0.0	-0.013293569083247792	0.0	-0.0	Inf
HEMEOS	12dgr180_c	-0.0	0.0	0.0	Inf	Inf
HEMEOS	12ppd__R_c	-0.0	-1000.0	0.0	-0.0	Inf
HEMEOS	12ppd__S_c	-0.0	0.0	0.0	Inf	Inf
HEMEOS	5drib_c	-0.0	-999.999953545211	4.645478900498727e-05	-0.0	0.0
HEMEOS	5mta_c	-0.0	-0.022748889349259116	0.0	-0.0	Inf
HEMEOS	23dhacoa_c	-0.0	-0.00011999084595026854	0.0	-0.0	Inf
HEMEOS	5mtr_c	-0.0	-388.7293923386327	0.0	-0.0	Inf
HEMEOS	3amac_c	-0.0	-1.9156938396598662	0.0	-0.0	Inf
HEMEOS	LalaDgluMdap_c	-0.0	-0.0057887250083882786	0.0	-0.0	Inf
HEMEOS	ac_c	-0.0	-0.8892227805947917	0.1213599073558953	-0.0	0.0
HEMEOS	acald_c	-0.0	0.0	7.03490570487399	Inf	0.0
HEMEOS	acetol_c	-0.0	0.0	0.0	Inf	Inf
HEMEOS	acgam_c	-0.0	-0.019683498222041025	0.0	-0.0	Inf
HEMEOS	acgam6p_c	-0.0	-0.019683498222041025	0.0	-0.0	Inf
HEMEOS	acmalt_c	0.0	0.0	0.0	Inf	Inf
HEMEOS	acmana_c	-0.0	-0.019683498222041025	0.0	-0.0	Inf
HEMEOS	2dmmq8_c	-0.0	0.0	0.0	Inf	Inf
HEMEOS	2dmmql8_c	0.0	0.0	0.0	Inf	Inf
HEMEOS	ade_c	-0.0	-0.022748889349259116	0.0001393643670149618	-0.0	0.0
HEMEOS	adn_c	-0.0	0.0	0.0001393643670149618	Inf	0.0
HEMEOS	3sala_c	0.0	0.0	0.0	Inf	Inf
HEMEOS	adphep_DD_c	-0.0	0.0	0.0	Inf	Inf
HEMEOS	adphep_LD_c	-0.0	0.0	0.0	Inf	Inf
HEMEOS	4ahmmp_c	0.0	0.0	0.0	Inf	Inf
HEMEOS	4crsol_c	-0.0	-999.999953545211	4.645478900498727e-05	-0.0	0.0
HEMEOS	2ohph_c	-0.0	-4.645478900498727e-05	0.11115284757434896	-0.0	0.0
HEMEOS	2ombzl_c	-0.0	0.0	0.0	Inf	Inf
HEMEOS	2omhmbl_c	-0.0	0.0	0.0	Inf	Inf
HEMEOS	2ommbl_c	0.0	0.0	0.0	Inf	Inf
HEMEOS	2omph_c	-0.0	0.0	0.11115284757434896	Inf	0.0
HEMEOS	4mhetz_c	0.0	0.0	0.0	Inf	Inf
HEMEOS	2oph_c	-0.0	-4.645478900498727e-05	0.11115284757434896	-0.0	0.0
HEMEOS	2oxpaccoa_c	-0.0	-0.00011999084595026854	0.0	-0.0	Inf
HEMEOS	all__D_c	-0.0	-4.85911740423291	0.0	-0.0	Inf
HEMEOS	alltn_c	-0.0	-0.47892345991496654	0.0	-0.0	Inf
HEMEOS	4r5au_c	-0.0	-9.290957677876577e-05	0.06250072910918902	-0.0	0.0
HEMEOS	56dura_c	0.0	0.0	0.0	Inf	Inf
HEMEOS	arab__L_c	-0.0	-5.889839277858072	0.0	-0.0	Inf
HEMEOS	etoh_c	-0.0	-1000.0	0.0	-0.0	Inf
HEMEOS	csn_c	-0.0	0.0	0.037685666390733785	Inf	0.0
HEMEOS	fald_c	-0.0	0.0	0.0	Inf	Inf
HEMEOS	fc1p_c	-0.0	-0.20094945997618652	0.0	-0.0	Inf
HEMEOS	fcl__L_c	-0.0	0.0	0.0	Inf	Inf
HEMEOS	aso4_c	0.0	0.0	0.0	Inf	Inf
HEMEOS	cyan_c	0.0	0.0	0.0	Inf	Inf
HEMEOS	athtp_c	0.0	0.0	0.0	Inf	Inf
HEMEOS	cytd_c	-0.0	-0.03344015697320385	0.0	-0.0	Inf
HEMEOS	dad_2_c	-0.0	0.0	0.0	Inf	Inf
HEMEOS	dad_5_c	-0.0	-0.022748889349259116	4.645478900498727e-05	-0.0	0.0
HEMEOS	betald_c	0.0	0.0	0.0	Inf	Inf
HEMEOS	btal_c	-0.0	-55.53277033409039	0.0	-0.0	Inf
HEMEOS	for_c	-0.0	-0.022748889349259116	0.000511002675219723	-0.0	0.0
HEMEOS	dcyt_c	-0.0	-0.005450834121575099	0.0	-0.0	Inf
HEMEOS	fru_c	-0.0	0.0	7.0349057048739905	Inf	0.0
HEMEOS	ca2_c	-0.0	-0.0010842922724805248	388.7293923386327	-0.0	0.0
HEMEOS	g3pe_c	-0.0	0.0	0.0	Inf	Inf
HEMEOS	g3pi_c	0.0	0.0	0.0	Inf	Inf
HEMEOS	cbm_c	-0.0	-0.9578469198299331	0.0	-0.0	Inf
HEMEOS	dha_c	-0.0	-9.255461722348398	7.03490570487399	-0.0	0.0
HEMEOS	gal_c	-0.0	0.0	0.0	Inf	Inf
HEMEOS	dhgly_c	-0.0	-4.645478900498727e-05	0.2500029164367561	-0.0	0.0
HEMEOS	dhmptp_c	0.0	0.0	0.0	Inf	Inf
HEMEOS	gcald_c	-0.0	-0.6164854644428033	0.00013936436687345122	-0.0	0.0
HEMEOS	dhptd_c	-0.0	-56.94971355889814	9.290957800997453e-05	-0.0	0.0
HEMEOS	cechddd_c	-0.0	0.0	0.0	Inf	Inf
HEMEOS	dhptdn_c	0.0	0.0	0.0	Inf	Inf
HEMEOS	chol_c	0.0	0.0	0.0	Inf	Inf
HEMEOS	chtbs6p_c	-0.0	0.0	0.0	Inf	Inf
HEMEOS	dmbzid_c	0.0	0.0	0.0	Inf	Inf
HEMEOS	dms_c	0.0	0.0	0.0	Inf	Inf
HEMEOS	dmso_c	0.0	0.0	0.0	Inf	Inf
HEMEOS	cl_c	-0.0	-0.0010842922724805248	777.4587846772654	-0.0	0.0
HEMEOS	glc__D_c	-0.0	-4.85911740423291	7.0349057048739905	-0.0	0.0
HEMEOS	co2_c	-0.0	-948.551079667636	51.44892033236397	-0.0	0.0
HEMEOS	dscl_c	-0.0	-4.645478900498727e-05	0.06250072910918902	-0.0	0.0
HEMEOS	dtdp4aaddg_c	-0.0	0.0	0.0	Inf	Inf
HEMEOS	glyald_c	-0.0	-1000.0	0.0	-0.0	Inf
HEMEOS	crn_c	-0.0	-388.7293923386327	0.0	-0.0	Inf
HEMEOS	duri_c	-0.0	-0.005450834121575099	0.0	-0.0	Inf
HEMEOS	glyb_c	0.0	0.0	0.0	Inf	Inf
HEMEOS	glyc_c	-0.0	-7.933252904870056	7.03490570487399	-0.0	0.0
HEMEOS	dxyl_c	0.0	0.0	0.0	Inf	Inf
HEMEOS	glycogen_c	-0.0	-4.627730861174199	0.0	-0.0	Inf
HEMEOS	gmhep1p_c	-0.0	0.0	5.577671176599055	Inf	0.0
HEMEOS	lipa_cold_c	-0.0	0.0	0.0	Inf	Inf
HEMEOS	lipidA_c	-0.0	-0.004053024102603331	0.12500145821837805	-0.0	0.0
HEMEOS	malt_c	0.0	0.0	0.0	Inf	Inf
HEMEOS	h2_c	-0.0	0.0	0.0	Inf	Inf
HEMEOS	malthx_c	-0.0	0.0	0.0	Inf	Inf
HEMEOS	maltpt_c	-0.0	0.0	0.0	Inf	Inf
HEMEOS	malttr_c	-0.0	0.0	0.0	Inf	Inf
HEMEOS	maltttr_c	-0.0	0.0	0.0	Inf	Inf
HEMEOS	h2o2_c	-0.0	-55.53277033409039	0.0004745471269416157	-0.0	0.0
HEMEOS	man_c	-0.0	-4.85911740423291	0.0	-0.0	Inf
HEMEOS	mdhdhf_c	-0.0	-56.94971355889814	9.290957800997453e-05	-0.0	0.0
HEMEOS	melib_c	-0.0	0.0	0.0	Inf	Inf
HEMEOS	meoh_c	-0.0	-1000.0	0.0	-0.0	Inf
HEMEOS	pacald_c	-0.0	-388.7293923386327	0.0	-0.0	Inf
HEMEOS	metsox_S__L_c	-0.0	-0.022748889349259116	0.0	-0.0	Inf
HEMEOS	mg2_c	-0.0	-0.00180715378752585	194.36469616931635	-0.0	0.0
HEMEOS	hhlipa_c	-0.0	0.0	0.0	Inf	Inf
HEMEOS	pe120_c	-0.0	0.0	0.0	Inf	Inf
HEMEOS	mobd_c	-0.0	-2.6872949661083112e-05	152.81765191534183	-0.0	0.0
HEMEOS	hlipa_c	-0.0	0.0	0.0	Inf	Inf
HEMEOS	pg120_c	-0.0	0.0	0.0	Inf	Inf
HEMEOS	mql8_c	0.0	0.0	0.0	Inf	Inf
HEMEOS	mqn8_c	-0.0	0.0	0.0	Inf	Inf
HEMEOS	mthgxl_c	-0.0	-1.4979252971832935	0.0	-0.0	Inf
HEMEOS	hqn_c	0.0	0.0	0.0	Inf	Inf
HEMEOS	mththf_c	-0.0	-999.999907090422	9.290957800997453e-05	-0.0	0.0
HEMEOS	n2o_c	-0.0	-1000.0	0.0	-0.0	Inf
HEMEOS	na1_c	-0.0	0.0	0.0	Inf	Inf
HEMEOS	nac_c	-0.0	0.0	0.0	Inf	Inf
HEMEOS	ncam_c	-0.0	0.0	0.0	Inf	Inf
HEMEOS	ni2_c	-0.0	-6.728653295340337e-05	999.999932713467	-0.0	0.0
HEMEOS	no_c	-0.0	-1000.0	0.0	-0.0	Inf
HEMEOS	indole_c	-0.0	-0.0118413882126031	0.2500029164367561	-0.0	0.0
HEMEOS	no2_c	-0.0	-388.7293923386327	0.0	-0.0	Inf
HEMEOS	no3_c	0.0	0.0	0.0	Inf	Inf
HEMEOS	inost_c	0.0	0.0	0.0	Inf	Inf
HEMEOS	o2_c	-0.0	-51.00398511260835	948.9960148873917	-0.0	0.0
HEMEOS	poaac_c	-0.0	-2.249997083563244	0.0	-0.0	Inf
HEMEOS	ppal_c	-0.0	0.0	0.0	Inf	Inf
HEMEOS	k_c	-0.0	-0.04066210596522524	611.2706076613673	-0.0	0.0
HEMEOS	psclys_c	-0.0	0.0	0.0	Inf	Inf
HEMEOS	lald__D_c	-0.0	0.0	0.0	Inf	Inf
HEMEOS	lald__L_c	-0.0	-1.4979252971832935	0.0	-0.0	Inf
HEMEOS	ura_c	-0.0	0.0	0.0	Inf	Inf
HEMEOS	pydx_c	-0.0	0.0	0.2500029164367561	Inf	0.0
HEMEOS	uracp_c	-0.0	-1.124998541781622	0.0	-0.0	Inf
HEMEOS	pydxn_c	-0.0	0.0	0.2500029164367561	Inf	0.0
HEMEOS	urate_c	-0.0	-0.47892345991496654	0.0	-0.0	Inf
HEMEOS	q8_c	0.0	0.0	0.0	Inf	Inf
HEMEOS	q8h2_c	-0.0	0.0	0.0	Inf	Inf
HEMEOS	urea_c	-0.0	-1000.0	0.0	-0.0	Inf
HEMEOS	uri_c	-0.0	0.0	0.12500145821837805	Inf	0.0
HEMEOS	rbflvrd_c	-0.0	0.0	0.011374444674629558	Inf	0.0
HEMEOS	rbl__L_c	-0.0	-5.889839277858072	0.0	-0.0	Inf
HEMEOS	rdmbzi_c	0.0	0.0	0.0	Inf	Inf
HEMEOS	thptdn_c	0.0	0.0	0.0	Inf	Inf
HEMEOS	xan_c	-0.0	0.0	0.0	Inf	Inf
HEMEOS	rephaccoa_c	-0.0	-0.00011999084595026854	0.0	-0.0	Inf
HEMEOS	rib__D_c	-0.0	0.0	0.0	Inf	Inf
HEMEOS	xtsn_c	-0.0	0.0	0.0	Inf	Inf
HEMEOS	rml_c	-0.0	-1.4979252971832935	0.0	-0.0	Inf
HEMEOS	thym_c	-0.0	-611.2706076613673	0.0	-0.0	Inf
HEMEOS	thymd_c	-0.0	-0.005450834121575099	0.0	-0.0	Inf
HEMEOS	xu5p__L_c	-0.0	-0.20094945997618657	0.0	-0.0	Inf
HEMEOS	rmn_c	-0.0	-1.4979252971832935	0.0	-0.0	Inf
HEMEOS	xyl__D_c	0.0	0.0	0.0	Inf	Inf
HEMEOS	tmao_c	0.0	0.0	0.0	Inf	Inf
HEMEOS	xylu__D_c	-0.0	0.0	0.0	Inf	Inf
HEMEOS	xylu__L_c	-0.0	-5.889839277858072	0.0	-0.0	Inf
HEMEOS	12ppd__R_e	-0.0	-1000.0	0.0	-0.0	Inf
HEMEOS	12ppd__S_e	-0.0	-1000.0	0.0	-0.0	Inf
HEMEOS	tre_c	-0.0	-2.429558702116455	0.0	-0.0	Inf
HEMEOS	seln_c	0.0	0.0	0.0	Inf	Inf
HEMEOS	34dhpac_e	-0.0	-1000.0	0.0	-0.0	Inf
HEMEOS	slnt_c	0.0	0.0	0.0	Inf	Inf
HEMEOS	so2_c	0.0	0.0	0.0	Inf	Inf
HEMEOS	so3_c	-0.0	-0.05163522709081389	30.563530383068365	-0.0	0.0
HEMEOS	so4_c	-0.0	-0.05253890814329656	611.2706076613673	-0.0	0.0
HEMEOS	4hoxpacd_e	-0.0	-1000.0	0.0	-0.0	Inf
HEMEOS	5mtr_e	-0.0	-1000.0	0.0	-0.0	Inf
HEMEOS	LalaDgluMdap_e	-0.0	-1000.0	0.0	-0.0	Inf
HEMEOS	ac_e	-0.0	0.0	0.0	Inf	Inf
HEMEOS	acald_e	-0.0	-1000.0	0.0	-0.0	Inf
HEMEOS	acgal_e	-0.0	-1000.0	0.0	-0.0	Inf
HEMEOS	acgam_e	-0.0	-1000.0	0.0	-0.0	Inf
HEMEOS	acmana_e	-0.0	-1000.0	0.0	-0.0	Inf
HEMEOS	tagur_c	-0.0	0.0	0.0	Inf	Inf
HEMEOS	tartr__L_c	-0.0	-0.6164854644428033	0.0	-0.0	Inf
HEMEOS	ade_e	-0.0	-1000.0	0.0	-0.0	Inf
HEMEOS	adn_e	-0.0	-1000.0	0.0	-0.0	Inf
HEMEOS	all__D_e	-0.0	-1000.0	0.0	-0.0	Inf
HEMEOS	cl_e	-0.0	-0.0010842922724805248	999.9989157077275	-0.0	0.0
HEMEOS	alltn_e	-0.0	0.0	0.0	Inf	Inf
HEMEOS	cm_e	-0.0	-1000.0	0.0	-0.0	Inf
HEMEOS	co2_e	-0.0	-948.551079667636	51.44892033236397	-0.0	0.0
HEMEOS	arab__L_e	-0.0	-1000.0	0.0	-0.0	Inf
HEMEOS	arbt_e	-0.0	-1000.0	0.0	-0.0	Inf
HEMEOS	unagamu_c	-0.0	0.0	0.09880253117719907	Inf	0.0
HEMEOS	crn_e	-0.0	-1000.0	0.0	-0.0	Inf
HEMEOS	csn_e	-0.0	-1000.0	0.0	-0.0	Inf
HEMEOS	cyan_e	-0.0	-1000.0	0.0	-0.0	Inf
HEMEOS	glyb_e	-0.0	-1000.0	0.0	-0.0	Inf
HEMEOS	glyc_e	-0.0	-1000.0	0.0	-0.0	Inf
HEMEOS	cytd_e	-0.0	-1000.0	0.0	-0.0	Inf
HEMEOS	ca2_e	-0.0	-0.0010842922724805248	999.9989157077275	-0.0	0.0
HEMEOS	dad_2_e	-0.0	-1000.0	0.0	-0.0	Inf
HEMEOS	dcyt_e	-0.0	-1000.0	0.0	-0.0	Inf
HEMEOS	chol_e	-0.0	-1000.0	0.0	-0.0	Inf
HEMEOS	dha_e	-0.0	-1000.0	0.0	-0.0	Inf
HEMEOS	ppal_e	-0.0	-1000.0	0.0	-0.0	Inf
HEMEOS	h2_e	-0.0	-1000.0	0.0	-0.0	Inf
HEMEOS	dms_e	-0.0	-1000.0	0.0	-0.0	Inf
HEMEOS	dmso_e	-0.0	-1000.0	0.0	-0.0	Inf
HEMEOS	h2o2_e	-0.0	-1000.0	0.0	-0.0	Inf
HEMEOS	psclys_e	-0.0	-1000.0	0.0	-0.0	Inf
HEMEOS	duri_e	-0.0	-1000.0	0.0	-0.0	Inf
HEMEOS	pydx_e	-0.0	-1000.0	0.0	-0.0	Inf
HEMEOS	pydxn_e	-0.0	-1000.0	0.0	-0.0	Inf
HEMEOS	etoh_e	-0.0	-1000.0	0.0	-0.0	Inf
HEMEOS	fald_e	-0.0	0.0	0.0	Inf	Inf
HEMEOS	rib__D_e	-0.0	-1000.0	0.0	-0.0	Inf
HEMEOS	rmn_e	-0.0	-1000.0	0.0	-0.0	Inf
HEMEOS	indole_e	-0.0	-1000.0	0.0	-0.0	Inf
HEMEOS	inost_e	-0.0	-1000.0	0.0	-0.0	Inf
HEMEOS	sbt__D_e	-0.0	-1.4979252971832935	0.0	-0.0	Inf
HEMEOS	k_e	-0.0	-0.04066210596522524	999.9593378940348	-0.0	0.0
HEMEOS	for_e	-0.0	0.0	0.000511002675219723	Inf	0.0
HEMEOS	slnt_e	-0.0	0.0	1000.0	Inf	0.0
HEMEOS	fru_e	-0.0	-1000.0	0.0	-0.0	Inf
HEMEOS	so2_e	-0.0	-1000.0	0.0	-0.0	Inf
HEMEOS	so3_e	-0.0	-1000.0	0.0	-0.0	Inf
HEMEOS	so4_e	-0.0	-0.052538908143333174	999.9474610918567	-0.0	0.0
HEMEOS	lipa_cold_e	-0.0	-1000.0	0.0	-0.0	Inf
HEMEOS	sucr_e	-0.0	-1000.0	0.0	-0.0	Inf
HEMEOS	g3pe_e	-0.0	-1000.0	0.0	-0.0	Inf
HEMEOS	malt_e	-0.0	-1000.0	0.0	-0.0	Inf
HEMEOS	tartr__L_e	-0.0	-1000.0	0.0	-0.0	Inf
HEMEOS	g3pi_e	-0.0	-1000.0	0.0	-0.0	Inf
HEMEOS	malthx_e	-0.0	-1000.0	0.0	-0.0	Inf
HEMEOS	maltpt_e	-0.0	-1000.0	0.0	-0.0	Inf
HEMEOS	gal_e	-0.0	-1000.0	0.0	-0.0	Inf
HEMEOS	gal_bD_e	-0.0	-1000.0	0.0	-0.0	Inf
HEMEOS	malttr_e	-0.0	-1000.0	0.0	-0.0	Inf
HEMEOS	maltttr_e	-0.0	-1000.0	0.0	-0.0	Inf
HEMEOS	man_e	-0.0	-1000.0	0.0	-0.0	Inf
HEMEOS	thym_e	-0.0	-1000.0	0.0	-0.0	Inf
HEMEOS	thymd_e	-0.0	-1000.0	0.0	-0.0	Inf
HEMEOS	galt_e	-0.0	-1.4979252971832935	0.0	-0.0	Inf
HEMEOS	melib_e	-0.0	-1000.0	0.0	-0.0	Inf
HEMEOS	meoh_e	-0.0	-1000.0	0.0	-0.0	Inf
HEMEOS	tmao_e	-0.0	-1000.0	0.0	-0.0	Inf
HEMEOS	tre_e	-0.0	-1000.0	0.0	-0.0	Inf
HEMEOS	metsox_S__L_e	-0.0	-1000.0	0.0	-0.0	Inf
HEMEOS	glc__D_e	-0.0	-4.920625219476364	7.0349057048739905	-0.0	0.0
HEMEOS	mg2_e	-0.0	-0.0018071537875812282	999.9981928462124	-0.0	0.0
HEMEOS	mnl_e	-0.0	-1000.0	0.0	-0.0	Inf
HEMEOS	mobd_e	-0.0	-2.6872949661083112e-05	999.9999731270503	-0.0	0.0
HEMEOS	glyald_e	-0.0	-1000.0	0.0	-0.0	Inf
HEMEOS	n2o_e	-0.0	-1000.0	0.0	-0.0	Inf
HEMEOS	na1_e	-0.0	0.0	1000.0	Inf	0.0
HEMEOS	nac_e	-0.0	-1000.0	0.0	-0.0	Inf
HEMEOS	ni2_e	-0.0	-6.728653295340337e-05	999.999932713467	-0.0	0.0
HEMEOS	no_e	-0.0	-1000.0	0.0	-0.0	Inf
HEMEOS	no2_e	-0.0	-1000.0	0.0	-0.0	Inf
HEMEOS	ura_e	-0.0	-1000.0	0.0	-0.0	Inf
HEMEOS	no3_e	-0.0	-1000.0	0.0	-0.0	Inf
HEMEOS	urea_e	-0.0	-1000.0	0.0	-0.0	Inf
HEMEOS	novbcn_e	-0.0	-1000.0	0.0	-0.0	Inf
HEMEOS	uri_e	-0.0	-1000.0	0.0	-0.0	Inf
HEMEOS	o2_e	-0.0	-51.00398511260835	948.9960148873917	-0.0	0.0
HEMEOS	xan_e	-0.0	0.0	0.0	Inf	Inf
HEMEOS	xtsn_e	-0.0	-1000.0	0.0	-0.0	Inf
HEMEOS	xyl__D_e	-0.0	-1000.0	0.0	-0.0	Inf
HEMEOS	xylu__L_e	-0.0	-1000.0	0.0	-0.0	Inf
HEMEOS	pacald_e	-0.0	-1000.0	0.0	-0.0	Inf
HEMEOS	12dgr120_p	-0.0	0.0	0.0	Inf	Inf
HEMEOS	12dgr140_p	-0.0	0.0	0.0	Inf	Inf
HEMEOS	12dgr160_p	-0.0	-0.013293569083247792	0.0	-0.0	Inf
HEMEOS	12dgr180_p	-0.0	0.0	0.0	Inf	Inf
HEMEOS	12ppd__R_p	-0.0	-1000.0	0.0	-0.0	Inf
HEMEOS	12ppd__S_p	-0.0	0.0	0.0	Inf	Inf
HEMEOS	chol_p	-0.0	-1000.0	0.0	-0.0	Inf
HEMEOS	cl_p	-0.0	-0.0010842922724805248	999.9989157077275	-0.0	0.0
HEMEOS	34dhpac_p	-0.0	-1000.0	0.0	-0.0	Inf
HEMEOS	cm_p	-0.0	0.0	0.0	Inf	Inf
HEMEOS	4hoxpacd_p	-0.0	-1000.0	0.0	-0.0	Inf
HEMEOS	co2_p	-0.0	-948.551079667636	51.44892033236397	-0.0	0.0
HEMEOS	5mtr_p	-0.0	-1000.0	0.0	-0.0	Inf
HEMEOS	LalaDgluMdap_p	-0.0	-0.0057887250083882786	0.0	-0.0	Inf
HEMEOS	gal_p	-0.0	-1000.0	0.0	-0.0	Inf
HEMEOS	ac_p	-0.0	-0.8892227805947917	0.0	-0.0	Inf
HEMEOS	crn_p	-0.0	-1000.0	0.0	-0.0	Inf
HEMEOS	gal_bD_p	-0.0	-1000.0	0.0	-0.0	Inf
HEMEOS	acald_p	-0.0	-1000.0	0.0	-0.0	Inf
HEMEOS	acgal_p	-0.0	-1000.0	0.0	-0.0	Inf
HEMEOS	csn_p	-0.0	0.0	0.0	Inf	Inf
HEMEOS	acgam_p	-0.0	-1000.0	0.0	-0.0	Inf
HEMEOS	galt_p	-0.0	-1.4979252971832935	0.0	-0.0	Inf
HEMEOS	acmana_p	-0.0	-1000.0	0.0	-0.0	Inf
HEMEOS	cyan_p	-0.0	0.0	0.0	Inf	Inf
HEMEOS	ade_p	-0.0	-1000.0	0.0	-0.0	Inf
HEMEOS	adn_p	-0.0	0.0	0.0001393643670149618	Inf	0.0
HEMEOS	cytd_p	-0.0	-0.03344015697320385	0.0	-0.0	Inf
HEMEOS	glc__D_p	-0.0	-4.920625219476364	7.0349057048739905	-0.0	0.0
HEMEOS	dad_2_p	-0.0	-1000.0	0.0	-0.0	Inf
HEMEOS	dcyt_p	-0.0	-1000.0	0.0	-0.0	Inf
HEMEOS	all__D_p	-0.0	0.0	0.0	Inf	Inf
HEMEOS	alltn_p	-0.0	0.0	0.0	Inf	Inf
HEMEOS	dha_p	-0.0	-1000.0	0.0	-0.0	Inf
HEMEOS	glyald_p	-0.0	-1000.0	0.0	-0.0	Inf
HEMEOS	glyb_p	0.0	0.0	0.0	Inf	Inf
HEMEOS	dms_p	-0.0	-1000.0	0.0	-0.0	Inf
HEMEOS	glyc_p	-0.0	-7.933252904870056	0.0	-0.0	Inf
HEMEOS	dmso_p	-0.0	-1000.0	0.0	-0.0	Inf
HEMEOS	arab__L_p	-0.0	0.0	0.0	Inf	Inf
HEMEOS	arbt_p	0.0	0.0	0.0	Inf	Inf
HEMEOS	ca2_p	-0.0	-0.0010842922724805248	999.9989157077275	-0.0	0.0
HEMEOS	duri_p	-0.0	-1000.0	0.0	-0.0	Inf
HEMEOS	h2_p	-0.0	-1000.0	0.0	-0.0	Inf
HEMEOS	h2o2_p	-0.0	-1000.0	0.0	-0.0	Inf
HEMEOS	etoh_p	-0.0	-1000.0	0.0	-0.0	Inf
HEMEOS	fald_p	-0.0	0.0	0.0	Inf	Inf
HEMEOS	n2o_p	-0.0	-1000.0	0.0	-0.0	Inf
HEMEOS	na1_p	-0.0	0.0	0.0	Inf	Inf
HEMEOS	indole_p	-0.0	0.0	0.2500029164367561	Inf	0.0
HEMEOS	nac_p	-0.0	-1000.0	0.0	-0.0	Inf
HEMEOS	ni2_p	-0.0	-6.728653295340337e-05	999.999932713467	-0.0	0.0
HEMEOS	inost_p	-0.0	-1000.0	0.0	-0.0	Inf
HEMEOS	no_p	-0.0	-1000.0	0.0	-0.0	Inf
HEMEOS	no2_p	-0.0	-1000.0	0.0	-0.0	Inf
HEMEOS	for_p	-0.0	0.0	0.000511002675219723	Inf	0.0
HEMEOS	fru_p	-0.0	-1000.0	0.0	-0.0	Inf
HEMEOS	no3_p	-0.0	0.0	0.0	Inf	Inf
HEMEOS	k_p	-0.0	-0.04066210596522524	999.9593378940348	-0.0	0.0
HEMEOS	novbcn_p	-0.0	0.0	0.0	Inf	Inf
HEMEOS	o2_p	-0.0	-51.00398511260835	948.9960148873917	-0.0	0.0
HEMEOS	lipa_cold_p	-0.0	-152.81765191534183	0.0	-0.0	Inf
HEMEOS	g3pe_p	-0.0	0.0	0.0	Inf	Inf
HEMEOS	g3pi_p	-0.0	0.0	0.0	Inf	Inf
HEMEOS	so3_p	-0.0	-1000.0	0.0	-0.0	Inf
HEMEOS	so4_p	-0.0	-0.05253890814329656	999.9474610918567	-0.0	0.0
HEMEOS	malt_p	0.0	0.0	0.0	Inf	Inf
HEMEOS	malthx_p	0.0	0.0	0.0	Inf	Inf
HEMEOS	maltpt_p	0.0	0.0	0.0	Inf	Inf
HEMEOS	sucr_p	-0.0	-1000.0	0.0	-0.0	Inf
HEMEOS	malttr_p	0.0	0.0	0.0	Inf	Inf
HEMEOS	maltttr_p	0.0	0.0	0.0	Inf	Inf
HEMEOS	pacald_p	-0.0	-1000.0	0.0	-0.0	Inf
HEMEOS	man_p	-0.0	-1000.0	0.0	-0.0	Inf
HEMEOS	tartr__L_p	-0.0	-1000.0	0.0	-0.0	Inf
HEMEOS	pe120_p	-0.0	0.0	0.0	Inf	Inf
HEMEOS	melib_p	-0.0	-1000.0	0.0	-0.0	Inf
HEMEOS	meoh_p	-0.0	-1000.0	0.0	-0.0	Inf
HEMEOS	thym_p	-0.0	-1000.0	0.0	-0.0	Inf
HEMEOS	thymd_p	-0.0	-0.005450834121575099	0.0	-0.0	Inf
HEMEOS	pg120_p	-0.0	0.0	0.0	Inf	Inf
HEMEOS	metsox_S__L_p	-0.0	-1000.0	0.0	-0.0	Inf
HEMEOS	tmao_p	-0.0	-1000.0	0.0	-0.0	Inf
HEMEOS	mg2_p	-0.0	-0.00180715378752585	999.9981928462124	-0.0	0.0
HEMEOS	tre_p	-0.0	0.0	0.0	Inf	Inf
HEMEOS	mnl_p	-0.0	0.0	0.0	Inf	Inf
HEMEOS	mobd_p	-0.0	-2.6872949661083112e-05	999.9999731270503	-0.0	0.0
HEMEOS	ura_p	-0.0	-1000.0	0.0	-0.0	Inf
HEMEOS	urea_p	-0.0	-1000.0	0.0	-0.0	Inf
HEMEOS	uri_p	-0.0	0.0	0.0	Inf	Inf
HEMEOS	xan_p	-0.0	0.0	0.0	Inf	Inf
HEMEOS	xtsn_p	-0.0	0.0	0.0	Inf	Inf
HEMEOS	xyl__D_p	-0.0	0.0	0.0	Inf	Inf
HEMEOS	xylu__L_p	-0.0	-1000.0	0.0	-0.0	Inf
HEMEOS	ppal_p	-0.0	-1000.0	0.0	-0.0	Inf
HEMEOS	psclys_p	-0.0	-1000.0	0.0	-0.0	Inf
HEMEOS	pydx_p	-0.0	0.0	0.0	Inf	Inf
HEMEOS	pydxn_p	-0.0	0.0	0.0	Inf	Inf
HEMEOS	rib__D_p	-0.0	-1000.0	0.0	-0.0	Inf
HEMEOS	rmn_p	-0.0	-1000.0	0.0	-0.0	Inf
HEMEOS	sbt__D_p	-0.0	-1.4979252971832935	0.0	-0.0	Inf
HEMEOS	slnt_p	-0.0	0.0	0.0	Inf	Inf
HEMEOS	so2_p	-0.0	-1000.0	0.0	-0.0	Inf
