Reaction	Metabolite	ShadowPrice	G-	G+	DecrementalShadowPrice	IncrementalShadowPrice
HOMtex_f	12dgr120_c	-0.0	0.0	0.0	Inf	Inf
HOMtex_f	12dgr140_c	-0.0	0.0	0.0	Inf	Inf
HOMtex_f	12dgr160_c	-0.0	-0.013293569083247792	0.0	-0.0	Inf
HOMtex_f	12dgr180_c	-0.0	0.0	0.0	Inf	Inf
HOMtex_f	12ppd__R_c	-0.0	-1000.0	0.0	-0.0	Inf
HOMtex_f	12ppd__S_c	-0.0	0.0	0.0	Inf	Inf
HOMtex_f	5drib_c	-0.0	-999.999953545211	4.645478900498727e-05	-0.0	0.0
HOMtex_f	5mta_c	-0.0	-0.022748889349733164	0.0	-0.0	Inf
HOMtex_f	23dhacoa_c	-0.0	-0.00011999084485506128	0.0	-0.0	Inf
HOMtex_f	5mtr_c	-0.0	-1000.0	0.0	-0.0	Inf
HOMtex_f	3amac_c	-0.0	-1.9140672971001322	0.0	-0.0	Inf
HOMtex_f	LalaDgluMdap_c	-0.0	-0.0057887250083882786	0.0	-0.0	Inf
HOMtex_f	ac_c	-0.0	-0.872279281648763	0.12135990735481966	-0.0	0.0
HOMtex_f	acald_c	-0.0	-0.872279281648763	7.0462801495433975	-0.0	0.0
HOMtex_f	acetol_c	-0.0	0.0	0.0002922693677999005	Inf	0.0
HOMtex_f	acgam_c	-0.0	-0.019683498222041025	0.0	-0.0	Inf
HOMtex_f	acgam6p_c	-0.0	-0.019683498222041025	0.0	-0.0	Inf
HOMtex_f	acmalt_c	0.0	0.0	0.0	Inf	Inf
HOMtex_f	acmana_c	-0.0	-0.019683498222041025	0.0	-0.0	Inf
HOMtex_f	2dmmq8_c	-0.0	0.0	0.0	Inf	Inf
HOMtex_f	2dmmql8_c	0.0	0.0	0.0	Inf	Inf
HOMtex_f	ade_c	-0.0	-0.022748889349733195	0.0001393643670149618	-0.0	0.0
HOMtex_f	adn_c	-0.0	0.0	0.0001393643670149618	Inf	0.0
HOMtex_f	3sala_c	0.0	0.0	0.0	Inf	Inf
HOMtex_f	adphep_DD_c	-0.0	0.0	0.0	Inf	Inf
HOMtex_f	adphep_LD_c	-0.0	0.0	0.0	Inf	Inf
HOMtex_f	4ahmmp_c	0.0	0.0	0.0	Inf	Inf
HOMtex_f	4crsol_c	-0.0	-999.999953545211	4.645478900498727e-05	-0.0	0.0
HOMtex_f	2ohph_c	-0.0	-4.645478900498727e-05	0.10903491020609538	-0.0	0.0
HOMtex_f	2ombzl_c	-0.0	0.0	0.0	Inf	Inf
HOMtex_f	2omhmbl_c	-0.0	0.0	0.0	Inf	Inf
HOMtex_f	2ommbl_c	0.0	0.0	0.0	Inf	Inf
HOMtex_f	2omph_c	-0.0	0.0	0.0701154837820468	Inf	0.0
HOMtex_f	4mhetz_c	0.0	0.0	0.0	Inf	Inf
HOMtex_f	2oph_c	-0.0	-4.645478900498727e-05	0.10903491020609538	-0.0	0.0
HOMtex_f	2oxpaccoa_c	-0.0	-0.00011999084485506128	0.0	-0.0	Inf
HOMtex_f	all__D_c	-0.0	-39.24840553653259	0.0	-0.0	Inf
HOMtex_f	alltn_c	-0.0	-0.47851682427503306	0.0	-0.0	Inf
HOMtex_f	4r5au_c	-0.0	-9.290957768826047e-05	0.06250072910475499	-0.0	0.0
HOMtex_f	56dura_c	0.0	0.0	0.0	Inf	Inf
HOMtex_f	arab__L_c	-0.0	-47.09808664383911	0.0	-0.0	Inf
HOMtex_f	etoh_c	-0.0	-1000.0	0.0	-0.0	Inf
HOMtex_f	csn_c	-0.0	0.0	0.032057554127050025	Inf	0.0
HOMtex_f	fald_c	-0.0	0.0	0.0	Inf	Inf
HOMtex_f	fc1p_c	-0.0	-0.20094945998128952	0.0	-0.0	Inf
HOMtex_f	fcl__L_c	-0.0	0.0	0.0	Inf	Inf
HOMtex_f	aso4_c	0.0	0.0	0.0	Inf	Inf
HOMtex_f	cyan_c	0.0	0.0	0.0	Inf	Inf
HOMtex_f	athtp_c	0.0	0.0	0.0	Inf	Inf
HOMtex_f	cytd_c	-0.0	0.0	0.0	Inf	Inf
HOMtex_f	dad_2_c	-0.0	0.0	0.0	Inf	Inf
HOMtex_f	dad_5_c	-0.0	-0.022748889349733195	4.645478900498727e-05	-0.0	0.0
HOMtex_f	betald_c	0.0	0.0	0.0	Inf	Inf
HOMtex_f	btal_c	-0.0	-470.98086643839116	0.0	-0.0	Inf
HOMtex_f	for_c	-0.0	-0.02274888934973321	0.872279281648763	-0.0	0.0
HOMtex_f	dcyt_c	-0.0	-0.005450834121575099	0.0	-0.0	Inf
HOMtex_f	fru_c	-0.0	-39.24840553653259	7.046280149543396	-0.0	0.0
HOMtex_f	ca2_c	-0.0	-0.0010842922724805248	999.9989157077275	-0.0	0.0
HOMtex_f	g3pe_c	-0.0	0.0	0.0	Inf	Inf
HOMtex_f	g3pi_c	0.0	0.0	0.0	Inf	Inf
HOMtex_f	cbm_c	-0.0	-0.9570336485500661	0.0	-0.0	Inf
HOMtex_f	dha_c	-0.0	-78.49681107306519	0.0	-0.0	Inf
HOMtex_f	gal_c	-0.0	0.0	0.0	Inf	Inf
HOMtex_f	dhgly_c	-0.0	-4.645478900498727e-05	0.25000291641902095	-0.0	0.0
HOMtex_f	dhmptp_c	0.0	0.0	0.0	Inf	Inf
HOMtex_f	gcald_c	-0.0	-0.6164854644420404	0.00013936436687345122	-0.0	0.0
HOMtex_f	dhptd_c	-0.0	-56.950526830195514	9.290957800997453e-05	-0.0	0.0
HOMtex_f	cechddd_c	-0.0	0.0	0.0	Inf	Inf
HOMtex_f	dhptdn_c	0.0	0.0	0.0	Inf	Inf
HOMtex_f	chol_c	0.0	0.0	0.0	Inf	Inf
HOMtex_f	chtbs6p_c	-0.0	0.0	0.0	Inf	Inf
HOMtex_f	dmbzid_c	0.0	0.0	0.0	Inf	Inf
HOMtex_f	dms_c	0.0	0.0	0.0	Inf	Inf
HOMtex_f	dmso_c	0.0	0.0	0.0	Inf	Inf
HOMtex_f	cl_c	-0.0	-0.0010842922724805248	999.9989157077275	-0.0	0.0
HOMtex_f	glc__D_c	-0.0	-39.24840553653259	7.046280149543396	-0.0	0.0
HOMtex_f	co2_c	-0.0	-948.5510796676708	51.44892033232918	-0.0	0.0
HOMtex_f	dscl_c	-0.0	-4.645478900498727e-05	0.0350577418910234	-0.0	0.0
HOMtex_f	dtdp4aaddg_c	-0.0	0.0	0.0	Inf	Inf
HOMtex_f	glyald_c	-0.0	-1000.0	0.0	-0.0	Inf
HOMtex_f	crn_c	-0.0	-1000.0	0.0	-0.0	Inf
HOMtex_f	duri_c	-0.0	-0.005450834121575099	0.0	-0.0	Inf
HOMtex_f	glyb_c	0.0	0.0	0.0	Inf	Inf
HOMtex_f	glyc_c	-0.0	-67.28298091977017	0.0	-0.0	Inf
HOMtex_f	dxyl_c	0.0	0.0	0.0	Inf	Inf
HOMtex_f	glycogen_c	-0.0	-39.248405536532594	0.0	-0.0	Inf
HOMtex_f	gmhep1p_c	-0.0	0.0	5.581462658153529	Inf	0.0
HOMtex_f	lipa_cold_c	-0.0	0.0	0.0	Inf	Inf
HOMtex_f	lipidA_c	-0.0	-0.004053024102603331	0.12500145820951047	-0.0	0.0
HOMtex_f	malt_c	0.0	0.0	0.0	Inf	Inf
HOMtex_f	h2_c	-0.0	0.0	0.0	Inf	Inf
HOMtex_f	malthx_c	-0.0	0.0	0.0	Inf	Inf
HOMtex_f	maltpt_c	-0.0	0.0	0.0	Inf	Inf
HOMtex_f	malttr_c	-0.0	0.0	0.0	Inf	Inf
HOMtex_f	maltttr_c	-0.0	0.0	0.0	Inf	Inf
HOMtex_f	h2o2_c	-0.0	-0.0002922693677999005	0.21708885360146724	-0.0	0.0
HOMtex_f	man_c	-0.0	-39.24840553653259	0.0	-0.0	Inf
HOMtex_f	mdhdhf_c	-0.0	-56.950526830195514	9.290957800997453e-05	-0.0	0.0
HOMtex_f	melib_c	-0.0	0.0	0.0	Inf	Inf
HOMtex_f	meoh_c	-0.0	-1000.0	0.0	-0.0	Inf
HOMtex_f	pacald_c	-0.0	-1000.0	0.0	-0.0	Inf
HOMtex_f	metsox_S__L_c	-0.0	-0.02274888934973321	0.0	-0.0	Inf
HOMtex_f	mg2_c	-0.0	-0.00180715378752585	999.9981928462124	-0.0	0.0
HOMtex_f	hhlipa_c	-0.0	0.0	0.0	Inf	Inf
HOMtex_f	pe120_c	-0.0	0.0	0.0	Inf	Inf
HOMtex_f	mobd_c	-0.0	-2.6872949661083112e-05	152.78413853465693	-0.0	0.0
HOMtex_f	hlipa_c	-0.0	0.0	0.0	Inf	Inf
HOMtex_f	pg120_c	-0.0	0.0	0.0	Inf	Inf
HOMtex_f	mql8_c	0.0	0.0	0.0	Inf	Inf
HOMtex_f	mqn8_c	-0.0	0.0	0.0	Inf	Inf
HOMtex_f	mthgxl_c	-0.0	0.0	0.0002922693677999005	Inf	0.0
HOMtex_f	hqn_c	0.0	0.0	0.0	Inf	Inf
HOMtex_f	mththf_c	-0.0	-999.999907090422	9.290957800997453e-05	-0.0	0.0
HOMtex_f	n2o_c	-0.0	-1000.0	0.0	-0.0	Inf
HOMtex_f	na1_c	-0.0	0.0	0.0	Inf	Inf
HOMtex_f	nac_c	-0.0	0.0	0.0	Inf	Inf
HOMtex_f	ncam_c	-0.0	0.0	0.0	Inf	Inf
HOMtex_f	ni2_c	-0.0	-6.728653295340337e-05	999.999932713467	-0.0	0.0
HOMtex_f	no_c	-0.0	-1000.0	0.0	-0.0	Inf
HOMtex_f	indole_c	-0.0	-0.0118413882126031	0.25000291641902095	-0.0	0.0
HOMtex_f	no2_c	-0.0	-1000.0	0.0	-0.0	Inf
HOMtex_f	no3_c	0.0	0.0	0.0	Inf	Inf
HOMtex_f	inost_c	0.0	0.0	0.0	Inf	Inf
HOMtex_f	o2_c	-0.0	-51.00439174822814	948.9956082517718	-0.0	0.0
HOMtex_f	poaac_c	-0.0	-2.249997083580979	0.0	-0.0	Inf
HOMtex_f	ppal_c	-0.0	0.0	0.0	Inf	Inf
HOMtex_f	k_c	-0.0	-0.04066210596522524	611.1365541386277	-0.0	0.0
HOMtex_f	psclys_c	-0.0	0.0	0.0	Inf	Inf
HOMtex_f	lald__D_c	-0.0	0.0	0.0002922693677999005	Inf	0.0
HOMtex_f	lald__L_c	-0.0	-1.4979252971806751	0.0	-0.0	Inf
HOMtex_f	ura_c	-0.0	0.0	0.0	Inf	Inf
HOMtex_f	pydx_c	-0.0	0.0	0.0002922693677999005	Inf	0.0
HOMtex_f	uracp_c	-0.0	-1.1249985417904895	0.0	-0.0	Inf
HOMtex_f	pydxn_c	-0.0	0.0	0.25000291641902095	Inf	0.0
HOMtex_f	urate_c	-0.0	-0.0002922693677999005	0.0	-0.0	Inf
HOMtex_f	q8_c	0.0	0.0	0.0	Inf	Inf
HOMtex_f	q8h2_c	-0.0	0.0	0.0	Inf	Inf
HOMtex_f	urea_c	-0.0	-1000.0	0.0	-0.0	Inf
HOMtex_f	uri_c	-0.0	0.0	0.12500145820951047	Inf	0.0
HOMtex_f	rbflvrd_c	-0.0	0.0	0.01137444467486663	Inf	0.0
HOMtex_f	rbl__L_c	-0.0	-47.09808664383911	0.0	-0.0	Inf
HOMtex_f	rdmbzi_c	0.0	0.0	0.0	Inf	Inf
HOMtex_f	thptdn_c	0.0	0.0	0.0	Inf	Inf
HOMtex_f	xan_c	-0.0	0.0	0.0	Inf	Inf
HOMtex_f	rephaccoa_c	-0.0	-0.00011999084485506128	0.0	-0.0	Inf
HOMtex_f	rib__D_c	-0.0	-47.09808664383911	0.0	-0.0	Inf
HOMtex_f	xtsn_c	-0.0	0.0	0.0	Inf	Inf
HOMtex_f	rml_c	-0.0	-1.4979252971806751	0.0	-0.0	Inf
HOMtex_f	thym_c	-0.0	-611.1365541386277	0.0	-0.0	Inf
HOMtex_f	thymd_c	-0.0	-0.005450834121575099	0.0	-0.0	Inf
HOMtex_f	xu5p__L_c	-0.0	-0.20094945998128075	0.0	-0.0	Inf
HOMtex_f	rmn_c	-0.0	-1.4979252971806751	0.0	-0.0	Inf
HOMtex_f	xyl__D_c	0.0	0.0	0.0	Inf	Inf
HOMtex_f	tmao_c	0.0	0.0	0.0	Inf	Inf
HOMtex_f	xylu__D_c	-0.0	0.0	0.0	Inf	Inf
HOMtex_f	xylu__L_c	-0.0	-47.09808664383911	0.0	-0.0	Inf
HOMtex_f	12ppd__R_e	-0.0	-1000.0	0.0	-0.0	Inf
HOMtex_f	12ppd__S_e	-0.0	-1000.0	0.0	-0.0	Inf
HOMtex_f	tre_c	-0.0	-19.624202768266294	0.0	-0.0	Inf
HOMtex_f	seln_c	0.0	0.0	0.0	Inf	Inf
HOMtex_f	34dhpac_e	-0.0	-1000.0	0.0	-0.0	Inf
HOMtex_f	slnt_c	0.0	0.0	0.0	Inf	Inf
HOMtex_f	so2_c	0.0	0.0	0.0	Inf	Inf
HOMtex_f	so3_c	-0.0	-0.05163522708971868	30.556827706931415	-0.0	0.0
HOMtex_f	so4_c	-0.0	-0.052538908142196306	611.1365541386277	-0.0	0.0
HOMtex_f	4hoxpacd_e	-0.0	-1000.0	0.0	-0.0	Inf
HOMtex_f	5mtr_e	-0.0	-1000.0	0.0	-0.0	Inf
HOMtex_f	LalaDgluMdap_e	-0.0	-1000.0	0.0	-0.0	Inf
HOMtex_f	ac_e	-0.0	0.0	0.0	Inf	Inf
HOMtex_f	acald_e	-0.0	-1000.0	0.0	-0.0	Inf
HOMtex_f	acgal_e	-0.0	-1000.0	0.0	-0.0	Inf
HOMtex_f	acgam_e	-0.0	-1000.0	0.0	-0.0	Inf
HOMtex_f	acmana_e	-0.0	-1000.0	0.0	-0.0	Inf
HOMtex_f	tagur_c	-0.0	0.0	0.0	Inf	Inf
HOMtex_f	tartr__L_c	-0.0	-0.6164854644420404	0.0	-0.0	Inf
HOMtex_f	ade_e	-0.0	-1000.0	0.0	-0.0	Inf
HOMtex_f	adn_e	-0.0	-1000.0	0.0	-0.0	Inf
HOMtex_f	all__D_e	-0.0	-1000.0	0.0	-0.0	Inf
HOMtex_f	cl_e	-0.0	-0.0010842922724805248	999.9989157077275	-0.0	0.0
HOMtex_f	alltn_e	-0.0	0.0	0.0	Inf	Inf
HOMtex_f	cm_e	-0.0	-1000.0	0.0	-0.0	Inf
HOMtex_f	co2_e	-0.0	-948.5510796676708	51.44892033232918	-0.0	0.0
HOMtex_f	arab__L_e	-0.0	-1000.0	0.0	-0.0	Inf
HOMtex_f	arbt_e	-0.0	-1000.0	0.0	-0.0	Inf
HOMtex_f	unagamu_c	-0.0	0.0	0.0969199201831959	Inf	0.0
HOMtex_f	crn_e	-0.0	-1000.0	0.0	-0.0	Inf
HOMtex_f	csn_e	-0.0	-1000.0	0.0	-0.0	Inf
HOMtex_f	cyan_e	-0.0	-1000.0	0.0	-0.0	Inf
HOMtex_f	glyb_e	-0.0	-1000.0	0.0	-0.0	Inf
HOMtex_f	glyc_e	-0.0	-1000.0	0.0	-0.0	Inf
HOMtex_f	cytd_e	-0.0	-1000.0	0.0	-0.0	Inf
HOMtex_f	ca2_e	-0.0	-0.0010842922724805248	999.9989157077275	-0.0	0.0
HOMtex_f	dad_2_e	-0.0	-1000.0	0.0	-0.0	Inf
HOMtex_f	dcyt_e	-0.0	-1000.0	0.0	-0.0	Inf
HOMtex_f	chol_e	-0.0	-1000.0	0.0	-0.0	Inf
HOMtex_f	dha_e	-0.0	-1000.0	0.0	-0.0	Inf
HOMtex_f	ppal_e	-0.0	-1000.0	0.0	-0.0	Inf
HOMtex_f	h2_e	-0.0	-1000.0	0.0	-0.0	Inf
HOMtex_f	dms_e	-0.0	-1000.0	0.0	-0.0	Inf
HOMtex_f	dmso_e	-0.0	-1000.0	0.0	-0.0	Inf
HOMtex_f	h2o2_e	-0.0	-1000.0	0.0	-0.0	Inf
HOMtex_f	psclys_e	-0.0	-1000.0	0.0	-0.0	Inf
HOMtex_f	duri_e	-0.0	-1000.0	0.0	-0.0	Inf
HOMtex_f	pydx_e	-0.0	-1000.0	0.0	-0.0	Inf
HOMtex_f	pydxn_e	-0.0	-1000.0	0.0	-0.0	Inf
HOMtex_f	etoh_e	-0.0	-1000.0	0.0	-0.0	Inf
HOMtex_f	fald_e	-0.0	0.0	0.0	Inf	Inf
HOMtex_f	rib__D_e	-0.0	-1000.0	0.0	-0.0	Inf
HOMtex_f	rmn_e	-0.0	-1000.0	0.0	-0.0	Inf
HOMtex_f	indole_e	-0.0	-1000.0	0.0	-0.0	Inf
HOMtex_f	inost_e	-0.0	-1000.0	0.0	-0.0	Inf
HOMtex_f	sbt__D_e	-0.0	-1.4979252971806751	0.0	-0.0	Inf
HOMtex_f	k_e	-0.0	-0.04066210596522524	999.9593378940348	-0.0	0.0
HOMtex_f	for_e	-0.0	0.0	0.872279281648763	Inf	0.0
HOMtex_f	slnt_e	-0.0	0.0	1000.0	Inf	0.0
HOMtex_f	fru_e	-0.0	-1000.0	0.0	-0.0	Inf
HOMtex_f	so2_e	-0.0	-1000.0	0.0	-0.0	Inf
HOMtex_f	so3_e	-0.0	-1000.0	0.0	-0.0	Inf
HOMtex_f	so4_e	-0.0	-0.052538908142196306	999.9474610918578	-0.0	0.0
HOMtex_f	lipa_cold_e	-0.0	-1000.0	0.0	-0.0	Inf
HOMtex_f	sucr_e	-0.0	-1000.0	0.0	-0.0	Inf
HOMtex_f	g3pe_e	-0.0	-1000.0	0.0	-0.0	Inf
HOMtex_f	malt_e	-0.0	-1000.0	0.0	-0.0	Inf
HOMtex_f	tartr__L_e	-0.0	-1000.0	0.0	-0.0	Inf
HOMtex_f	g3pi_e	-0.0	-1000.0	0.0	-0.0	Inf
HOMtex_f	malthx_e	-0.0	-1000.0	0.0	-0.0	Inf
HOMtex_f	maltpt_e	-0.0	-1000.0	0.0	-0.0	Inf
HOMtex_f	gal_e	-0.0	-1000.0	0.0	-0.0	Inf
HOMtex_f	gal_bD_e	-0.0	-1000.0	0.0	-0.0	Inf
HOMtex_f	malttr_e	-0.0	-1000.0	0.0	-0.0	Inf
HOMtex_f	maltttr_e	-0.0	-1000.0	0.0	-0.0	Inf
HOMtex_f	man_e	-0.0	-1000.0	0.0	-0.0	Inf
HOMtex_f	thym_e	-0.0	-1000.0	0.0	-0.0	Inf
HOMtex_f	thymd_e	-0.0	-1000.0	0.0	-0.0	Inf
HOMtex_f	galt_e	-0.0	-1.4979252971806751	0.0	-0.0	Inf
HOMtex_f	melib_e	-0.0	-1000.0	0.0	-0.0	Inf
HOMtex_f	meoh_e	-0.0	-1000.0	0.0	-0.0	Inf
HOMtex_f	tmao_e	-0.0	-1000.0	0.0	-0.0	Inf
HOMtex_f	tre_e	-0.0	-1000.0	0.0	-0.0	Inf
HOMtex_f	metsox_S__L_e	-0.0	-1000.0	0.0	-0.0	Inf
HOMtex_f	glc__D_e	-0.0	-39.721277892394426	7.046280149543396	-0.0	0.0
HOMtex_f	mg2_e	-0.0	-0.0018071537875812282	999.9981928462124	-0.0	0.0
HOMtex_f	mnl_e	-0.0	-1000.0	0.0	-0.0	Inf
HOMtex_f	mobd_e	-0.0	-2.6872949661083112e-05	999.9999731270503	-0.0	0.0
HOMtex_f	glyald_e	-0.0	-1000.0	0.0	-0.0	Inf
HOMtex_f	n2o_e	-0.0	-1000.0	0.0	-0.0	Inf
HOMtex_f	na1_e	-0.0	0.0	1000.0	Inf	0.0
HOMtex_f	nac_e	-0.0	-1000.0	0.0	-0.0	Inf
HOMtex_f	ni2_e	-0.0	-6.728653295340337e-05	999.999932713467	-0.0	0.0
HOMtex_f	no_e	-0.0	-1000.0	0.0	-0.0	Inf
HOMtex_f	no2_e	-0.0	-1000.0	0.0	-0.0	Inf
HOMtex_f	ura_e	-0.0	-1000.0	0.0	-0.0	Inf
HOMtex_f	no3_e	-0.0	-1000.0	0.0	-0.0	Inf
HOMtex_f	urea_e	-0.0	-1000.0	0.0	-0.0	Inf
HOMtex_f	novbcn_e	-0.0	-1000.0	0.0	-0.0	Inf
HOMtex_f	uri_e	-0.0	-1000.0	0.0	-0.0	Inf
HOMtex_f	o2_e	-0.0	-51.00439174822816	948.9956082517718	-0.0	0.0
HOMtex_f	xan_e	-0.0	0.0	0.0	Inf	Inf
HOMtex_f	xtsn_e	-0.0	-1000.0	0.0	-0.0	Inf
HOMtex_f	xyl__D_e	-0.0	-1000.0	0.0	-0.0	Inf
HOMtex_f	xylu__L_e	-0.0	-1000.0	0.0	-0.0	Inf
HOMtex_f	pacald_e	-0.0	-1000.0	0.0	-0.0	Inf
HOMtex_f	12dgr120_p	-0.0	0.0	0.0	Inf	Inf
HOMtex_f	12dgr140_p	-0.0	0.0	0.0	Inf	Inf
HOMtex_f	12dgr160_p	-0.0	-0.013293569083247792	0.0	-0.0	Inf
HOMtex_f	12dgr180_p	-0.0	0.0	0.0	Inf	Inf
HOMtex_f	12ppd__R_p	-0.0	-1000.0	0.0	-0.0	Inf
HOMtex_f	12ppd__S_p	-0.0	0.0	0.0	Inf	Inf
HOMtex_f	chol_p	-0.0	-1000.0	0.0	-0.0	Inf
HOMtex_f	cl_p	-0.0	-0.0010842922724805248	999.9989157077275	-0.0	0.0
HOMtex_f	34dhpac_p	-0.0	-1000.0	0.0	-0.0	Inf
HOMtex_f	cm_p	-0.0	0.0	0.0	Inf	Inf
HOMtex_f	4hoxpacd_p	-0.0	-1000.0	0.0	-0.0	Inf
HOMtex_f	co2_p	-0.0	-948.5510796676708	51.44892033232918	-0.0	0.0
HOMtex_f	5mtr_p	-0.0	-1000.0	0.0	-0.0	Inf
HOMtex_f	LalaDgluMdap_p	-0.0	0.0	0.0	Inf	Inf
HOMtex_f	gal_p	-0.0	-1000.0	0.0	-0.0	Inf
HOMtex_f	ac_p	-0.0	-0.872279281648763	0.0	-0.0	Inf
HOMtex_f	crn_p	-0.0	-1000.0	0.0	-0.0	Inf
HOMtex_f	gal_bD_p	-0.0	-1000.0	0.0	-0.0	Inf
HOMtex_f	acald_p	-0.0	-1000.0	0.0	-0.0	Inf
HOMtex_f	acgal_p	-0.0	-1000.0	0.0	-0.0	Inf
HOMtex_f	csn_p	-0.0	0.0	0.0	Inf	Inf
HOMtex_f	acgam_p	-0.0	-1000.0	0.0	-0.0	Inf
HOMtex_f	galt_p	-0.0	-1.4979252971806751	0.0	-0.0	Inf
HOMtex_f	acmana_p	-0.0	-1000.0	0.0	-0.0	Inf
HOMtex_f	cyan_p	-0.0	0.0	0.0	Inf	Inf
HOMtex_f	ade_p	-0.0	-1000.0	0.0	-0.0	Inf
HOMtex_f	adn_p	-0.0	0.0	0.0001393643670149618	Inf	0.0
HOMtex_f	cytd_p	-0.0	0.0	0.0	Inf	Inf
HOMtex_f	glc__D_p	-0.0	-39.721277892394426	7.046280149543396	-0.0	0.0
HOMtex_f	dad_2_p	-0.0	-1000.0	0.0	-0.0	Inf
HOMtex_f	dcyt_p	-0.0	-1000.0	0.0	-0.0	Inf
HOMtex_f	all__D_p	-0.0	0.0	0.0	Inf	Inf
HOMtex_f	alltn_p	-0.0	0.0	0.0	Inf	Inf
HOMtex_f	dha_p	-0.0	-1000.0	0.0	-0.0	Inf
HOMtex_f	glyald_p	-0.0	-1000.0	0.0	-0.0	Inf
HOMtex_f	glyb_p	0.0	0.0	0.0	Inf	Inf
HOMtex_f	dms_p	-0.0	-1000.0	0.0	-0.0	Inf
HOMtex_f	glyc_p	-0.0	-67.28298091977017	0.0	-0.0	Inf
HOMtex_f	dmso_p	-0.0	-1000.0	0.0	-0.0	Inf
HOMtex_f	arab__L_p	-0.0	0.0	0.0	Inf	Inf
HOMtex_f	arbt_p	0.0	0.0	0.0	Inf	Inf
HOMtex_f	ca2_p	-0.0	-0.0010842922724805248	999.9989157077275	-0.0	0.0
HOMtex_f	duri_p	-0.0	-1000.0	0.0	-0.0	Inf
HOMtex_f	h2_p	-0.0	-1000.0	0.0	-0.0	Inf
HOMtex_f	h2o2_p	-0.0	-1000.0	0.0	-0.0	Inf
HOMtex_f	etoh_p	-0.0	-1000.0	0.0	-0.0	Inf
HOMtex_f	fald_p	-0.0	0.0	0.0	Inf	Inf
HOMtex_f	n2o_p	-0.0	-1000.0	0.0	-0.0	Inf
HOMtex_f	na1_p	-0.0	0.0	0.0	Inf	Inf
HOMtex_f	indole_p	-0.0	0.0	0.25000291641902095	Inf	0.0
HOMtex_f	nac_p	-0.0	-1000.0	0.0	-0.0	Inf
HOMtex_f	ni2_p	-0.0	-6.728653295340337e-05	999.999932713467	-0.0	0.0
HOMtex_f	inost_p	-0.0	-1000.0	0.0	-0.0	Inf
HOMtex_f	no_p	-0.0	-1000.0	0.0	-0.0	Inf
HOMtex_f	no2_p	-0.0	-1000.0	0.0	-0.0	Inf
HOMtex_f	for_p	-0.0	0.0	0.872279281648763	Inf	0.0
HOMtex_f	fru_p	-0.0	-1000.0	0.0	-0.0	Inf
HOMtex_f	no3_p	-0.0	0.0	0.0	Inf	Inf
HOMtex_f	k_p	-0.0	-0.04066210596522524	999.9593378940348	-0.0	0.0
HOMtex_f	novbcn_p	-0.0	0.0	0.0	Inf	Inf
HOMtex_f	o2_p	-0.0	-51.00439174822816	948.9956082517718	-0.0	0.0
HOMtex_f	lipa_cold_p	-0.0	-152.78413853465693	0.0	-0.0	Inf
HOMtex_f	g3pe_p	-0.0	0.0	0.0	Inf	Inf
HOMtex_f	g3pi_p	-0.0	0.0	0.0	Inf	Inf
HOMtex_f	so3_p	-0.0	-1000.0	0.0	-0.0	Inf
HOMtex_f	so4_p	-0.0	-0.052538908142196306	999.9474610918578	-0.0	0.0
HOMtex_f	malt_p	0.0	0.0	0.0	Inf	Inf
HOMtex_f	malthx_p	0.0	0.0	0.0	Inf	Inf
HOMtex_f	maltpt_p	0.0	0.0	0.0	Inf	Inf
HOMtex_f	sucr_p	-0.0	-1000.0	0.0	-0.0	Inf
HOMtex_f	malttr_p	0.0	0.0	0.0	Inf	Inf
HOMtex_f	maltttr_p	0.0	0.0	0.0	Inf	Inf
HOMtex_f	pacald_p	-0.0	-1000.0	0.0	-0.0	Inf
HOMtex_f	man_p	-0.0	-1000.0	0.0	-0.0	Inf
HOMtex_f	tartr__L_p	-0.0	-1000.0	0.0	-0.0	Inf
HOMtex_f	pe120_p	-0.0	0.0	0.0	Inf	Inf
HOMtex_f	melib_p	-0.0	-1000.0	0.0	-0.0	Inf
HOMtex_f	meoh_p	-0.0	-1000.0	0.0	-0.0	Inf
HOMtex_f	thym_p	-0.0	-1000.0	0.0	-0.0	Inf
HOMtex_f	thymd_p	-0.0	-0.005450834121575099	0.0	-0.0	Inf
HOMtex_f	pg120_p	-0.0	-0.016212096410422105	0.0	-0.0	Inf
HOMtex_f	metsox_S__L_p	-0.0	-1000.0	0.0	-0.0	Inf
HOMtex_f	tmao_p	-0.0	-1000.0	0.0	-0.0	Inf
HOMtex_f	mg2_p	-0.0	-0.00180715378752585	999.9981928462124	-0.0	0.0
HOMtex_f	tre_p	-0.0	0.0	0.0	Inf	Inf
HOMtex_f	mnl_p	-0.0	0.0	0.0	Inf	Inf
HOMtex_f	mobd_p	-0.0	-2.6872949661083112e-05	999.9999731270503	-0.0	0.0
HOMtex_f	ura_p	-0.0	-1000.0	0.0	-0.0	Inf
HOMtex_f	urea_p	-0.0	-1000.0	0.0	-0.0	Inf
HOMtex_f	uri_p	-0.0	0.0	0.0	Inf	Inf
HOMtex_f	xan_p	-0.0	0.0	0.0	Inf	Inf
HOMtex_f	xtsn_p	-0.0	0.0	0.0	Inf	Inf
HOMtex_f	xyl__D_p	-0.0	0.0	0.0	Inf	Inf
HOMtex_f	xylu__L_p	-0.0	-1000.0	0.0	-0.0	Inf
HOMtex_f	ppal_p	-0.0	-1000.0	0.0	-0.0	Inf
HOMtex_f	psclys_p	-0.0	-1000.0	0.0	-0.0	Inf
HOMtex_f	pydx_p	-0.0	0.0	0.0	Inf	Inf
HOMtex_f	pydxn_p	-0.0	0.0	0.0	Inf	Inf
HOMtex_f	rib__D_p	-0.0	-1000.0	0.0	-0.0	Inf
HOMtex_f	rmn_p	-0.0	-1000.0	0.0	-0.0	Inf
HOMtex_f	sbt__D_p	-0.0	-1.4979252971806751	0.0	-0.0	Inf
HOMtex_f	slnt_p	-0.0	0.0	0.0	Inf	Inf
HOMtex_f	so2_p	-0.0	-1000.0	0.0	-0.0	Inf
