Reaction	Metabolite	ShadowPrice	G-	G+	DecrementalShadowPrice	IncrementalShadowPrice
GALURtex_f	12dgr120_c	-0.0	0.0	0.0	Inf	Inf
GALURtex_f	12dgr140_c	-0.0	0.0	0.0	Inf	Inf
GALURtex_f	12dgr160_c	-0.0	-0.05642016737162365	0.0	-0.0	Inf
GALURtex_f	12dgr180_c	-0.0	0.0	0.0	Inf	Inf
GALURtex_f	12ppd__R_c	-0.0	-1000.0	0.0	-0.0	Inf
GALURtex_f	12ppd__S_c	-0.0	0.0	0.0	Inf	Inf
GALURtex_f	5drib_c	-0.0	-999.9998010697079	0.00019893029207721378	-0.0	0.0
GALURtex_f	5mta_c	-0.0	0.0	0.0	Inf	Inf
GALURtex_f	23dhacoa_c	-0.0	-0.0005092615483590635	0.0	-0.0	Inf
GALURtex_f	5mtr_c	-0.0	0.0	0.0	Inf	Inf
GALURtex_f	3amac_c	-0.0	-8.123634113033473	0.0	-0.0	Inf
GALURtex_f	LalaDgluMdap_c	-0.0	-0.02456833313885163	0.0	-0.0	Inf
GALURtex_f	ac_c	-0.0	-2.4108758820705134	0.5150756170546629	-0.0	0.0
GALURtex_f	acald_c	-0.0	-2.4108758820705134	1.876694574893261	-0.0	0.0
GALURtex_f	acetol_c	-0.0	0.0	0.0	Inf	Inf
GALURtex_f	acgam_c	-0.0	-0.08354011305686726	0.0	-0.0	Inf
GALURtex_f	acgam6p_c	-0.0	-0.08354011305686726	0.0	-0.0	Inf
GALURtex_f	acmalt_c	0.0	0.0	0.0	Inf	Inf
GALURtex_f	acmana_c	-0.0	-0.08354011305686726	0.0	-0.0	Inf
GALURtex_f	2dmmq8_c	-0.0	0.0	0.0	Inf	Inf
GALURtex_f	2dmmql8_c	0.0	0.0	0.0	Inf	Inf
GALURtex_f	ade_c	-0.0	-0.09655545896775873	0.6334141701568228	-0.0	0.0
GALURtex_f	adn_c	-0.0	-0.09655545896775873	0.32903086702674056	-0.0	0.0
GALURtex_f	3sala_c	0.0	0.0	0.0	Inf	Inf
GALURtex_f	adphep_DD_c	-0.0	0.0	0.0	Inf	Inf
GALURtex_f	adphep_LD_c	-0.0	0.0	0.0	Inf	Inf
GALURtex_f	4ahmmp_c	0.0	0.0	0.0	Inf	Inf
GALURtex_f	4crsol_c	-0.0	-999.9998028379772	0.0001971620228143052	-0.0	0.0
GALURtex_f	2ohph_c	-0.0	-0.0001971620228143052	0.056426228866501164	-0.0	0.0
GALURtex_f	2ombzl_c	-0.0	0.0	0.0	Inf	Inf
GALURtex_f	2omhmbl_c	-0.0	0.0	0.0	Inf	Inf
GALURtex_f	2ommbl_c	0.0	0.0	0.0	Inf	Inf
GALURtex_f	2omph_c	-0.0	0.0	0.05041866022101298	Inf	0.0
GALURtex_f	4mhetz_c	0.0	0.0	0.0	Inf	Inf
GALURtex_f	2oph_c	-0.0	-0.0001971620228143052	0.056426228866501164	-0.0	0.0
GALURtex_f	2oxpaccoa_c	-0.0	-0.0005092615483590635	0.0	-0.0	Inf
GALURtex_f	all__D_c	-0.0	-2.4108758820705134	0.0	-0.0	Inf
GALURtex_f	alltn_c	-0.0	-2.0309085282583683	0.0	-0.0	Inf
GALURtex_f	4r5au_c	-0.0	-0.0003943240450463832	0.32903086702674056	-0.0	0.0
GALURtex_f	56dura_c	0.0	0.0	0.0	Inf	Inf
GALURtex_f	arab__L_c	-0.0	-2.4108758820705134	0.0	-0.0	Inf
GALURtex_f	etoh_c	-0.0	-1000.0	0.0	-0.0	Inf
GALURtex_f	csn_c	-0.0	0.0	0.1599443755038692	Inf	0.0
GALURtex_f	fald_c	-0.0	0.0	0.0	Inf	Inf
GALURtex_f	fc1p_c	-0.0	-0.8528636736760973	0.0	-0.0	Inf
GALURtex_f	fcl__L_c	-0.0	0.0	0.0	Inf	Inf
GALURtex_f	aso4_c	0.0	0.0	0.0	Inf	Inf
GALURtex_f	cyan_c	0.0	0.0	0.0	Inf	Inf
GALURtex_f	athtp_c	0.0	0.0	0.0	Inf	Inf
GALURtex_f	cytd_c	-0.0	0.0	0.0	Inf	Inf
GALURtex_f	dad_2_c	-0.0	-0.09655545896775873	0.0	-0.0	Inf
GALURtex_f	dad_5_c	-0.0	-0.09655545896775873	0.00019893029207721378	-0.0	0.0
GALURtex_f	betald_c	0.0	0.0	0.0	Inf	Inf
GALURtex_f	btal_c	-0.0	-529.2572794099059	0.0	-0.0	Inf
GALURtex_f	for_c	-0.0	-0.09655545896775873	3.6537367601599726	-0.0	0.0
GALURtex_f	dcyt_c	-0.0	-0.02313426676664676	0.0	-0.0	Inf
GALURtex_f	fru_c	-0.0	-2.4108758820705134	0.0	-0.0	Inf
GALURtex_f	ca2_c	-0.0	-0.0046019207567269405	999.9953980792433	-0.0	0.0
GALURtex_f	g3pe_c	-0.0	-0.12291946954182612	0.0	-0.0	Inf
GALURtex_f	g3pi_c	0.0	0.0	0.0	Inf	Inf
GALURtex_f	cbm_c	-0.0	-4.061817056516737	0.0	-0.0	Inf
GALURtex_f	dha_c	-0.0	-88.20954656831765	0.0	-0.0	Inf
GALURtex_f	gal_c	-0.0	0.0	0.0	Inf	Inf
GALURtex_f	dhgly_c	-0.0	-0.0001971620228143052	0.2184084203539571	-0.0	0.0
GALURtex_f	dhmptp_c	0.0	0.0	0.0	Inf	Inf
GALURtex_f	gcald_c	-0.0	-4.821751764141027	0.0005914860684015366	-0.0	0.0
GALURtex_f	dhptd_c	-0.0	-47.05748733301937	0.000396092314900062	-0.0	0.0
GALURtex_f	cechddd_c	-0.0	0.0	0.0	Inf	Inf
GALURtex_f	dhptdn_c	0.0	0.0	0.0	Inf	Inf
GALURtex_f	chol_c	0.0	0.0	0.0	Inf	Inf
GALURtex_f	chtbs6p_c	-0.0	0.0	0.0	Inf	Inf
GALURtex_f	dmbzid_c	0.0	0.0	0.0	Inf	Inf
GALURtex_f	dms_c	0.0	0.0	0.0	Inf	Inf
GALURtex_f	dmso_c	0.0	0.0	0.0	Inf	Inf
GALURtex_f	cl_c	-0.0	-0.004601920756719546	999.9953980792433	-0.0	0.0
GALURtex_f	glc__D_c	-0.0	-2.4108758820705134	0.0	-0.0	Inf
GALURtex_f	co2_c	-0.0	-976.2922996279138	23.70770037208615	-0.0	0.0
GALURtex_f	dscl_c	-0.0	-0.0001971620228143052	0.06729183734677031	-0.0	0.0
GALURtex_f	dtdp4aaddg_c	-0.0	0.0	0.0	Inf	Inf
GALURtex_f	glyald_c	-0.0	-1000.0	0.0	-0.0	Inf
GALURtex_f	crn_c	-0.0	-1000.0	0.0	-0.0	Inf
GALURtex_f	duri_c	-0.0	-0.02313426676664676	0.0	-0.0	Inf
GALURtex_f	glyb_c	0.0	0.0	0.0	Inf	Inf
GALURtex_f	glyc_c	-0.0	-0.12291946954182612	0.0	-0.0	Inf
GALURtex_f	dxyl_c	0.0	0.0	0.0	Inf	Inf
GALURtex_f	glycogen_c	-0.0	-2.4108758820705134	0.0	-0.0	Inf
GALURtex_f	gmhep1p_c	-0.0	0.0	0.47355844413194437	Inf	0.0
GALURtex_f	lipa_cold_c	-0.0	0.0	0.0	Inf	Inf
GALURtex_f	lipidA_c	-0.0	-0.01720172338957454	0.04589742166858519	-0.0	0.0
GALURtex_f	malt_c	0.0	0.0	0.0	Inf	Inf
GALURtex_f	h2_c	-0.0	0.0	0.0	Inf	Inf
GALURtex_f	malthx_c	-0.0	0.0	0.0	Inf	Inf
GALURtex_f	maltpt_c	-0.0	0.0	0.0	Inf	Inf
GALURtex_f	malttr_c	-0.0	0.0	0.0	Inf	Inf
GALURtex_f	maltttr_c	-0.0	0.0	0.0	Inf	Inf
GALURtex_f	h2o2_c	-0.0	-0.001437602909995442	0.9205768926929068	-0.0	0.0
GALURtex_f	man_c	-0.0	0.0	0.575804017296796	Inf	0.0
GALURtex_f	mdhdhf_c	-0.0	-47.05748733301937	0.000396092314900062	-0.0	0.0
GALURtex_f	melib_c	-0.0	0.0	0.0	Inf	Inf
GALURtex_f	meoh_c	-0.0	-999.9999982317307	1.7682692714515724e-06	-0.0	0.0
GALURtex_f	pacald_c	-0.0	-1000.0	0.0	-0.0	Inf
GALURtex_f	metsox_S__L_c	-0.0	-0.09655545896775873	0.0	-0.0	Inf
GALURtex_f	mg2_c	-0.0	-0.0076698679278659095	999.9923301320721	-0.0	0.0
GALURtex_f	hhlipa_c	-0.0	0.0	0.0	Inf	Inf
GALURtex_f	pe120_c	-0.0	0.0	0.0	Inf	Inf
GALURtex_f	mobd_c	-0.0	-0.00011405336745760257	12.667688380529512	-0.0	0.0
GALURtex_f	hlipa_c	-0.0	0.0	0.0	Inf	Inf
GALURtex_f	pg120_c	-0.0	0.0	0.0	Inf	Inf
GALURtex_f	mql8_c	0.0	0.0	0.0	Inf	Inf
GALURtex_f	mqn8_c	-0.0	0.0	0.0	Inf	Inf
GALURtex_f	mthgxl_c	-0.0	-2.4108758820705134	0.0	-0.0	Inf
GALURtex_f	hqn_c	0.0	0.0	0.0	Inf	Inf
GALURtex_f	mththf_c	-0.0	-999.9996039076851	0.000396092314900062	-0.0	0.0
GALURtex_f	n2o_c	-0.0	-1000.0	0.0	-0.0	Inf
GALURtex_f	na1_c	-0.0	0.0	0.0	Inf	Inf
GALURtex_f	nac_c	-0.0	0.0	0.0	Inf	Inf
GALURtex_f	ncam_c	-0.0	0.0	0.0	Inf	Inf
GALURtex_f	ni2_c	-0.0	-0.0002855754859183435	999.9997144245141	-0.0	0.0
GALURtex_f	no_c	-0.0	-1000.0	0.0	-0.0	Inf
GALURtex_f	indole_c	-0.0	-0.05025686485575583	0.33556790411998705	-0.0	0.0
GALURtex_f	no2_c	-0.0	-1000.0	0.0	-0.0	Inf
GALURtex_f	no3_c	0.0	0.0	0.0	Inf	Inf
GALURtex_f	inost_c	0.0	0.0	0.0	Inf	Inf
GALURtex_f	o2_c	-0.0	-21.82104017721474	978.1789598227853	-0.0	0.0
GALURtex_f	poaac_c	-0.0	-3.8977502709321574	0.0	-0.0	Inf
GALURtex_f	ppal_c	-0.0	0.0	0.0	Inf	Inf
GALURtex_f	k_c	-0.0	-0.17257689111745597	50.67075352211805	-0.0	0.0
GALURtex_f	psclys_c	-0.0	0.0	0.0	Inf	Inf
GALURtex_f	lald__D_c	-0.0	0.0	0.0	Inf	Inf
GALURtex_f	lald__L_c	-0.0	-2.4108758820705134	0.0	-0.0	Inf
GALURtex_f	ura_c	-0.0	0.0	0.0	Inf	Inf
GALURtex_f	pydx_c	-0.0	0.0	0.44841374798334555	Inf	0.0
GALURtex_f	uracp_c	-0.0	-4.222562793509837	0.0	-0.0	Inf
GALURtex_f	pydxn_c	-0.0	0.0	0.42225627935098375	Inf	0.0
GALURtex_f	urate_c	-0.0	-0.001437602909995442	0.0	-0.0	Inf
GALURtex_f	q8_c	-0.0	0.0	0.0	Inf	Inf
GALURtex_f	q8h2_c	0.0	0.0	0.0	Inf	Inf
GALURtex_f	urea_c	-0.0	-1000.0	0.0	-0.0	Inf
GALURtex_f	uri_c	-0.0	0.0	0.0	Inf	Inf
GALURtex_f	rbflvrd_c	-0.0	0.0	0.048277729483879366	Inf	0.0
GALURtex_f	rbl__L_c	-0.0	-2.4108758820705134	0.0	-0.0	Inf
GALURtex_f	rdmbzi_c	0.0	0.0	0.0	Inf	Inf
GALURtex_f	thptdn_c	0.0	0.0	0.0	Inf	Inf
GALURtex_f	xan_c	-0.0	0.0	0.0	Inf	Inf
GALURtex_f	rephaccoa_c	-0.0	-0.0005092615483590635	0.0	-0.0	Inf
GALURtex_f	rib__D_c	-0.0	0.0	0.6496250451553596	Inf	0.0
GALURtex_f	xtsn_c	-0.0	0.0	0.0	Inf	Inf
GALURtex_f	rml_c	-0.0	-1.26790470515175	0.0	-0.0	Inf
GALURtex_f	thym_c	-0.0	-50.67075352211805	0.0	-0.0	Inf
GALURtex_f	thymd_c	-0.0	0.0	0.29757849771579004	Inf	0.0
GALURtex_f	xu5p__L_c	-0.0	-0.8528636736760973	0.0	-0.0	Inf
GALURtex_f	rmn_c	-0.0	-1.26790470515175	0.0	-0.0	Inf
GALURtex_f	xyl__D_c	0.0	0.0	0.0	Inf	Inf
GALURtex_f	tmao_c	0.0	0.0	0.0	Inf	Inf
GALURtex_f	xylu__D_c	-0.0	0.0	0.0	Inf	Inf
GALURtex_f	xylu__L_c	-0.0	-2.4108758820705134	0.0	-0.0	Inf
GALURtex_f	12ppd__R_e	-0.0	-1000.0	0.0	-0.0	Inf
GALURtex_f	12ppd__S_e	-0.0	-1000.0	0.0	-0.0	Inf
GALURtex_f	tre_c	-0.0	-1.2054379410352567	0.0	-0.0	Inf
GALURtex_f	seln_c	0.0	0.0	0.0	Inf	Inf
GALURtex_f	34dhpac_e	-0.0	-1000.0	0.0	-0.0	Inf
GALURtex_f	slnt_c	0.0	0.0	0.0	Inf	Inf
GALURtex_f	so2_c	0.0	0.0	0.0	Inf	Inf
GALURtex_f	so3_c	-0.0	-0.21915221936843943	2.5335376761059023	-0.0	0.0
GALURtex_f	so4_c	-0.0	-0.2229875953996881	50.67075352211805	-0.0	0.0
GALURtex_f	4hoxpacd_e	-0.0	-1000.0	0.0	-0.0	Inf
GALURtex_f	5mtr_e	-0.0	0.0	0.0	Inf	Inf
GALURtex_f	LalaDgluMdap_e	-0.0	-1000.0	0.0	-0.0	Inf
GALURtex_f	ac_e	-0.0	0.0	0.0	Inf	Inf
GALURtex_f	acald_e	-0.0	-1000.0	0.0	-0.0	Inf
GALURtex_f	acgal_e	-0.0	-1000.0	0.0	-0.0	Inf
GALURtex_f	acgam_e	-0.0	-1000.0	0.0	-0.0	Inf
GALURtex_f	acmana_e	-0.0	-1000.0	0.0	-0.0	Inf
GALURtex_f	tagur_c	-0.0	0.0	0.0	Inf	Inf
GALURtex_f	tartr__L_c	-0.0	-2.4108758820705134	0.0	-0.0	Inf
GALURtex_f	ade_e	-0.0	-1000.0	0.0	-0.0	Inf
GALURtex_f	adn_e	-0.0	-1000.0	0.0	-0.0	Inf
GALURtex_f	all__D_e	-0.0	-1000.0	0.0	-0.0	Inf
GALURtex_f	cl_e	-0.0	-0.0046019207567269405	999.9953980792433	-0.0	0.0
GALURtex_f	alltn_e	-0.0	0.0	0.0	Inf	Inf
GALURtex_f	cm_e	-0.0	-1000.0	0.0	-0.0	Inf
GALURtex_f	co2_e	-0.0	-976.2922996279138	23.70770037208615	-0.0	0.0
GALURtex_f	arab__L_e	-0.0	-1000.0	0.0	-0.0	Inf
GALURtex_f	arbt_e	-0.0	-1000.0	0.0	-0.0	Inf
GALURtex_f	unagamu_c	-0.0	0.0	0.03900750848507933	Inf	0.0
GALURtex_f	crn_e	-0.0	-1000.0	0.0	-0.0	Inf
GALURtex_f	csn_e	-0.0	-1000.0	0.0	-0.0	Inf
GALURtex_f	cyan_e	-0.0	-1000.0	0.0	-0.0	Inf
GALURtex_f	glyb_e	-0.0	-1000.0	0.0	-0.0	Inf
GALURtex_f	glyc_e	-0.0	-1000.0	0.0	-0.0	Inf
GALURtex_f	cytd_e	-0.0	-1000.0	0.0	-0.0	Inf
GALURtex_f	ca2_e	-0.0	-0.0046019207567269405	999.9953980792433	-0.0	0.0
GALURtex_f	dad_2_e	-0.0	-1000.0	0.0	-0.0	Inf
GALURtex_f	dcyt_e	-0.0	-1000.0	0.0	-0.0	Inf
GALURtex_f	chol_e	-0.0	-1000.0	0.0	-0.0	Inf
GALURtex_f	dha_e	-0.0	-1000.0	0.0	-0.0	Inf
GALURtex_f	ppal_e	-0.0	-1000.0	0.0	-0.0	Inf
GALURtex_f	h2_e	-0.0	-1000.0	0.0	-0.0	Inf
GALURtex_f	dms_e	-0.0	-1000.0	0.0	-0.0	Inf
GALURtex_f	dmso_e	-0.0	-1000.0	0.0	-0.0	Inf
GALURtex_f	h2o2_e	-0.0	-1000.0	0.0	-0.0	Inf
GALURtex_f	psclys_e	-0.0	-1000.0	0.0	-0.0	Inf
GALURtex_f	duri_e	-0.0	-1000.0	0.0	-0.0	Inf
GALURtex_f	pydx_e	-0.0	-1000.0	0.0	-0.0	Inf
GALURtex_f	pydxn_e	-0.0	-1000.0	0.0	-0.0	Inf
GALURtex_f	etoh_e	-0.0	-1000.0	0.0	-0.0	Inf
GALURtex_f	fald_e	-0.0	0.0	0.0	Inf	Inf
GALURtex_f	rib__D_e	-0.0	-1000.0	0.0	-0.0	Inf
GALURtex_f	rmn_e	-0.0	-1000.0	0.0	-0.0	Inf
GALURtex_f	indole_e	-0.0	-1000.0	0.0	-0.0	Inf
GALURtex_f	inost_e	-0.0	-1000.0	0.0	-0.0	Inf
GALURtex_f	sbt__D_e	-0.0	-2.4108758820705134	0.0	-0.0	Inf
GALURtex_f	k_e	-0.0	-0.17257689111750096	999.8274231088825	-0.0	0.0
GALURtex_f	for_e	-0.0	0.0	3.6537367601599726	Inf	0.0
GALURtex_f	slnt_e	-0.0	-1000.0	0.0	-0.0	Inf
GALURtex_f	fru_e	-0.0	-1000.0	0.0	-0.0	Inf
GALURtex_f	so2_e	-0.0	-1000.0	0.0	-0.0	Inf
GALURtex_f	so3_e	-0.0	-1000.0	0.0	-0.0	Inf
GALURtex_f	so4_e	-0.0	-0.2229875953996881	999.7770124046003	-0.0	0.0
GALURtex_f	lipa_cold_e	-0.0	-1000.0	0.0	-0.0	Inf
GALURtex_f	sucr_e	-0.0	-1000.0	0.0	-0.0	Inf
GALURtex_f	g3pe_e	-0.0	-1000.0	0.0	-0.0	Inf
GALURtex_f	malt_e	-0.0	-1000.0	0.0	-0.0	Inf
GALURtex_f	tartr__L_e	-0.0	-1000.0	0.0	-0.0	Inf
GALURtex_f	g3pi_e	-0.0	-1000.0	0.0	-0.0	Inf
GALURtex_f	malthx_e	-0.0	-1000.0	0.0	-0.0	Inf
GALURtex_f	maltpt_e	-0.0	-1000.0	0.0	-0.0	Inf
GALURtex_f	gal_e	-0.0	-1000.0	0.0	-0.0	Inf
GALURtex_f	gal_bD_e	-0.0	-1000.0	0.0	-0.0	Inf
GALURtex_f	malttr_e	-0.0	-1000.0	0.0	-0.0	Inf
GALURtex_f	maltttr_e	-0.0	-1000.0	0.0	-0.0	Inf
GALURtex_f	man_e	-0.0	-2.4108758820705134	0.6333844190264756	-0.0	0.0
GALURtex_f	thym_e	-0.0	-1000.0	0.0	-0.0	Inf
GALURtex_f	thymd_e	-0.0	-1000.0	0.0	-0.0	Inf
GALURtex_f	galt_e	-0.0	-1.26790470515175	0.0	-0.0	Inf
GALURtex_f	melib_e	-0.0	-1000.0	0.0	-0.0	Inf
GALURtex_f	meoh_e	-0.0	-999.9999982317307	1.7682692714515724e-06	-0.0	0.0
GALURtex_f	tmao_e	-0.0	-1000.0	0.0	-0.0	Inf
GALURtex_f	tre_e	-0.0	-1000.0	0.0	-0.0	Inf
GALURtex_f	metsox_S__L_e	-0.0	-1000.0	0.0	-0.0	Inf
GALURtex_f	glc__D_e	-0.0	-1000.0	0.0	-0.0	Inf
GALURtex_f	mg2_e	-0.0	-0.00766986792791613	999.9923301320721	-0.0	0.0
GALURtex_f	mnl_e	-0.0	-1000.0	0.0	-0.0	Inf
GALURtex_f	mobd_e	-0.0	-0.00011405336749703565	999.9998859466325	-0.0	0.0
GALURtex_f	glyald_e	-0.0	-1000.0	0.0	-0.0	Inf
GALURtex_f	n2o_e	-0.0	-1000.0	0.0	-0.0	Inf
GALURtex_f	na1_e	-0.0	0.0	1000.0	Inf	0.0
GALURtex_f	nac_e	-0.0	-1000.0	0.0	-0.0	Inf
GALURtex_f	ni2_e	-0.0	-0.0002855754859183435	999.9997144245141	-0.0	0.0
GALURtex_f	no_e	-0.0	-1000.0	0.0	-0.0	Inf
GALURtex_f	no2_e	-0.0	-1000.0	0.0	-0.0	Inf
GALURtex_f	ura_e	-0.0	-1000.0	0.0	-0.0	Inf
GALURtex_f	no3_e	-0.0	-1000.0	0.0	-0.0	Inf
GALURtex_f	urea_e	-0.0	-1000.0	0.0	-0.0	Inf
GALURtex_f	novbcn_e	-0.0	-1000.0	0.0	-0.0	Inf
GALURtex_f	uri_e	-0.0	-1000.0	0.0	-0.0	Inf
GALURtex_f	o2_e	-0.0	-21.82104017721474	978.1789598227853	-0.0	0.0
GALURtex_f	xan_e	-0.0	0.0	0.0	Inf	Inf
GALURtex_f	xtsn_e	-0.0	-1000.0	0.0	-0.0	Inf
GALURtex_f	xyl__D_e	-0.0	-1000.0	0.0	-0.0	Inf
GALURtex_f	xylu__L_e	-0.0	-1000.0	0.0	-0.0	Inf
GALURtex_f	pacald_e	-0.0	-1000.0	0.0	-0.0	Inf
GALURtex_f	12dgr120_p	-0.0	0.0	0.0	Inf	Inf
GALURtex_f	12dgr140_p	-0.0	0.0	0.0	Inf	Inf
GALURtex_f	12dgr160_p	-0.0	-0.05642016737162365	0.0	-0.0	Inf
GALURtex_f	12dgr180_p	-0.0	0.0	0.0	Inf	Inf
GALURtex_f	12ppd__R_p	-0.0	-1000.0	0.0	-0.0	Inf
GALURtex_f	12ppd__S_p	-0.0	0.0	0.0	Inf	Inf
GALURtex_f	chol_p	-0.0	-1000.0	0.0	-0.0	Inf
GALURtex_f	cl_p	-0.0	-0.0046019207567269405	999.9953980792433	-0.0	0.0
GALURtex_f	34dhpac_p	-0.0	-1000.0	0.0	-0.0	Inf
GALURtex_f	cm_p	-0.0	0.0	0.0	Inf	Inf
GALURtex_f	4hoxpacd_p	-0.0	-1000.0	0.0	-0.0	Inf
GALURtex_f	co2_p	-0.0	-976.2922996279138	23.70770037208615	-0.0	0.0
GALURtex_f	5mtr_p	-0.0	0.0	0.0	Inf	Inf
GALURtex_f	LalaDgluMdap_p	-0.0	-0.02456833313885163	0.0	-0.0	Inf
GALURtex_f	gal_p	-0.0	-1000.0	0.0	-0.0	Inf
GALURtex_f	ac_p	-0.0	-2.4108758820705134	0.0	-0.0	Inf
GALURtex_f	crn_p	-0.0	-1000.0	0.0	-0.0	Inf
GALURtex_f	gal_bD_p	-0.0	-1000.0	0.0	-0.0	Inf
GALURtex_f	acald_p	-0.0	-1000.0	0.0	-0.0	Inf
GALURtex_f	acgal_p	-0.0	-1000.0	0.0	-0.0	Inf
GALURtex_f	csn_p	-0.0	0.0	0.0	Inf	Inf
GALURtex_f	acgam_p	-0.0	-1000.0	0.0	-0.0	Inf
GALURtex_f	galt_p	-0.0	-1.26790470515175	0.0	-0.0	Inf
GALURtex_f	acmana_p	-0.0	-1000.0	0.0	-0.0	Inf
GALURtex_f	cyan_p	-0.0	0.0	0.0	Inf	Inf
GALURtex_f	ade_p	-0.0	-1000.0	0.0	-0.0	Inf
GALURtex_f	adn_p	-0.0	0.0	0.331181395569399	Inf	0.0
GALURtex_f	cytd_p	-0.0	0.0	0.0	Inf	Inf
GALURtex_f	glc__D_p	-0.0	-1000.0	0.0	-0.0	Inf
GALURtex_f	dad_2_p	-0.0	-1000.0	0.0	-0.0	Inf
GALURtex_f	dcyt_p	-0.0	-1000.0	0.0	-0.0	Inf
GALURtex_f	all__D_p	-0.0	0.0	0.0	Inf	Inf
GALURtex_f	alltn_p	-0.0	0.0	0.0	Inf	Inf
GALURtex_f	dha_p	-0.0	-1000.0	0.0	-0.0	Inf
GALURtex_f	glyald_p	-0.0	-1000.0	0.0	-0.0	Inf
GALURtex_f	glyb_p	0.0	0.0	0.0	Inf	Inf
GALURtex_f	dms_p	-0.0	-1000.0	0.0	-0.0	Inf
GALURtex_f	glyc_p	-0.0	-0.12291946954182612	0.0	-0.0	Inf
GALURtex_f	dmso_p	-0.0	-1000.0	0.0	-0.0	Inf
GALURtex_f	arab__L_p	-0.0	0.0	0.0	Inf	Inf
GALURtex_f	arbt_p	0.0	0.0	0.0	Inf	Inf
GALURtex_f	ca2_p	-0.0	-0.0046019207567269405	999.9953980792433	-0.0	0.0
GALURtex_f	duri_p	-0.0	-1000.0	0.0	-0.0	Inf
GALURtex_f	h2_p	-0.0	-1000.0	0.0	-0.0	Inf
GALURtex_f	h2o2_p	-0.0	-1000.0	0.0	-0.0	Inf
GALURtex_f	etoh_p	-0.0	-1000.0	0.0	-0.0	Inf
GALURtex_f	fald_p	-0.0	0.0	0.0	Inf	Inf
GALURtex_f	n2o_p	-0.0	-1000.0	0.0	-0.0	Inf
GALURtex_f	na1_p	-0.0	0.0	0.0	Inf	Inf
GALURtex_f	indole_p	-0.0	0.0	0.337805023480787	Inf	0.0
GALURtex_f	nac_p	-0.0	-1000.0	0.0	-0.0	Inf
GALURtex_f	ni2_p	-0.0	-0.0002855754859183435	999.9997144245141	-0.0	0.0
GALURtex_f	inost_p	-0.0	-1000.0	0.0	-0.0	Inf
GALURtex_f	no_p	-0.0	-1000.0	0.0	-0.0	Inf
GALURtex_f	no2_p	-0.0	-1000.0	0.0	-0.0	Inf
GALURtex_f	for_p	-0.0	0.0	3.6537367601599726	Inf	0.0
GALURtex_f	fru_p	-0.0	-1000.0	0.0	-0.0	Inf
GALURtex_f	no3_p	-0.0	0.0	0.0	Inf	Inf
GALURtex_f	k_p	-0.0	-0.17257689111750096	999.8274231088825	-0.0	0.0
GALURtex_f	novbcn_p	-0.0	0.0	0.0	Inf	Inf
GALURtex_f	o2_p	-0.0	-21.82104017721474	978.1789598227853	-0.0	0.0
GALURtex_f	lipa_cold_p	-0.0	-12.667688380529512	0.0	-0.0	Inf
GALURtex_f	g3pe_p	-0.0	0.0	0.0	Inf	Inf
GALURtex_f	g3pi_p	-0.0	0.0	0.0	Inf	Inf
GALURtex_f	so3_p	-0.0	-1000.0	0.0	-0.0	Inf
GALURtex_f	so4_p	-0.0	-0.2229875953996881	999.7770124046003	-0.0	0.0
GALURtex_f	malt_p	0.0	0.0	0.0	Inf	Inf
GALURtex_f	malthx_p	0.0	0.0	0.0	Inf	Inf
GALURtex_f	maltpt_p	0.0	0.0	0.0	Inf	Inf
GALURtex_f	sucr_p	-0.0	-1000.0	0.0	-0.0	Inf
GALURtex_f	malttr_p	0.0	0.0	0.0	Inf	Inf
GALURtex_f	maltttr_p	0.0	0.0	0.0	Inf	Inf
GALURtex_f	pacald_p	-0.0	-1000.0	0.0	-0.0	Inf
GALURtex_f	man_p	-0.0	-2.4108758820705134	0.6333844190264756	-0.0	0.0
GALURtex_f	tartr__L_p	-0.0	-1000.0	0.0	-0.0	Inf
GALURtex_f	pe120_p	-0.0	0.0	0.0	Inf	Inf
GALURtex_f	melib_p	-0.0	-1000.0	0.0	-0.0	Inf
GALURtex_f	meoh_p	-0.0	-999.9999982317307	1.7682692714515724e-06	-0.0	0.0
GALURtex_f	thym_p	-0.0	-1000.0	0.0	-0.0	Inf
GALURtex_f	thymd_p	-0.0	0.0	0.0	Inf	Inf
GALURtex_f	pg120_p	-0.0	0.0	0.0	Inf	Inf
GALURtex_f	metsox_S__L_p	-0.0	-1000.0	0.0	-0.0	Inf
GALURtex_f	tmao_p	-0.0	-1000.0	0.0	-0.0	Inf
GALURtex_f	mg2_p	-0.0	-0.0076698679278659095	999.9923301320721	-0.0	0.0
GALURtex_f	tre_p	-0.0	0.0	0.0	Inf	Inf
GALURtex_f	mnl_p	-0.0	0.0	0.0	Inf	Inf
GALURtex_f	mobd_p	-0.0	-0.00011405336749703565	999.9998859466325	-0.0	0.0
GALURtex_f	ura_p	-0.0	-1000.0	0.0	-0.0	Inf
GALURtex_f	urea_p	-0.0	-1000.0	0.0	-0.0	Inf
GALURtex_f	uri_p	-0.0	0.0	0.0	Inf	Inf
GALURtex_f	xan_p	-0.0	0.0	0.0	Inf	Inf
GALURtex_f	xtsn_p	-0.0	0.0	0.0	Inf	Inf
GALURtex_f	xyl__D_p	-0.0	0.0	0.0	Inf	Inf
GALURtex_f	xylu__L_p	-0.0	-1000.0	0.0	-0.0	Inf
GALURtex_f	ppal_p	-0.0	-1000.0	0.0	-0.0	Inf
GALURtex_f	psclys_p	-0.0	-1000.0	0.0	-0.0	Inf
GALURtex_f	pydx_p	-0.0	0.0	0.0	Inf	Inf
GALURtex_f	pydxn_p	-0.0	0.0	0.0	Inf	Inf
GALURtex_f	rib__D_p	-0.0	-1000.0	0.0	-0.0	Inf
GALURtex_f	rmn_p	-0.0	-1000.0	0.0	-0.0	Inf
GALURtex_f	sbt__D_p	-0.0	-2.4108758820705134	0.0	-0.0	Inf
GALURtex_f	slnt_p	-0.0	-1000.0	0.0	-0.0	Inf
GALURtex_f	so2_p	-0.0	-1000.0	0.0	-0.0	Inf
