Reaction	Metabolite	ShadowPrice	G-	G+	DecrementalShadowPrice	IncrementalShadowPrice
GAM6Pt6_2pp	12dgr120_c	-0.0	0.0	0.0	Inf	Inf
GAM6Pt6_2pp	12dgr140_c	-0.0	0.0	0.0	Inf	Inf
GAM6Pt6_2pp	12dgr160_c	-0.0	-0.05642016737162365	0.0	-0.0	Inf
GAM6Pt6_2pp	12dgr180_c	-0.0	0.0	0.0	Inf	Inf
GAM6Pt6_2pp	12ppd__R_c	-0.0	-1000.0	0.0	-0.0	Inf
GAM6Pt6_2pp	12ppd__S_c	-0.0	0.0	0.0	Inf	Inf
GAM6Pt6_2pp	5drib_c	-0.0	-999.9998010697079	0.00019893029207721378	-0.0	0.0
GAM6Pt6_2pp	5mta_c	-0.0	0.0	0.0	Inf	Inf
GAM6Pt6_2pp	23dhacoa_c	-0.0	-0.0005092615483590635	0.0	-0.0	Inf
GAM6Pt6_2pp	5mtr_c	-0.0	0.0	0.0	Inf	Inf
GAM6Pt6_2pp	3amac_c	-0.0	-8.123634113033473	0.0	-0.0	Inf
GAM6Pt6_2pp	LalaDgluMdap_c	-0.0	-0.02456833313885163	0.0	-0.0	Inf
GAM6Pt6_2pp	ac_c	-0.0	-2.4108758820705134	0.5150756170546629	-0.0	0.0
GAM6Pt6_2pp	acald_c	-0.0	-2.4108758820705134	1.876694574893261	-0.0	0.0
GAM6Pt6_2pp	acetol_c	-0.0	0.0	0.0	Inf	Inf
GAM6Pt6_2pp	acgam_c	-0.0	-0.08354011305686726	0.0	-0.0	Inf
GAM6Pt6_2pp	acgam6p_c	-0.0	-0.08354011305686726	0.0	-0.0	Inf
GAM6Pt6_2pp	acmalt_c	0.0	0.0	0.0	Inf	Inf
GAM6Pt6_2pp	acmana_c	-0.0	-0.08354011305686726	0.0	-0.0	Inf
GAM6Pt6_2pp	2dmmq8_c	-0.0	0.0	0.0	Inf	Inf
GAM6Pt6_2pp	2dmmql8_c	0.0	0.0	0.0	Inf	Inf
GAM6Pt6_2pp	ade_c	-0.0	-0.09655545896775873	0.6334141701568228	-0.0	0.0
GAM6Pt6_2pp	adn_c	-0.0	-0.09655545896775873	0.32903086702674056	-0.0	0.0
GAM6Pt6_2pp	3sala_c	0.0	0.0	0.0	Inf	Inf
GAM6Pt6_2pp	adphep_DD_c	-0.0	0.0	0.0	Inf	Inf
GAM6Pt6_2pp	adphep_LD_c	-0.0	0.0	0.0	Inf	Inf
GAM6Pt6_2pp	4ahmmp_c	0.0	0.0	0.0	Inf	Inf
GAM6Pt6_2pp	4crsol_c	-0.0	-999.9998028379772	0.0001971620228143052	-0.0	0.0
GAM6Pt6_2pp	2ohph_c	-0.0	-0.0001971620228143052	0.056426228866501164	-0.0	0.0
GAM6Pt6_2pp	2ombzl_c	-0.0	0.0	0.0	Inf	Inf
GAM6Pt6_2pp	2omhmbl_c	-0.0	0.0	0.0	Inf	Inf
GAM6Pt6_2pp	2ommbl_c	0.0	0.0	0.0	Inf	Inf
GAM6Pt6_2pp	2omph_c	-0.0	0.0	0.05041866022101298	Inf	0.0
GAM6Pt6_2pp	4mhetz_c	0.0	0.0	0.0	Inf	Inf
GAM6Pt6_2pp	2oph_c	-0.0	-0.0001971620228143052	0.056426228866501164	-0.0	0.0
GAM6Pt6_2pp	2oxpaccoa_c	-0.0	-0.0005092615483590635	0.0	-0.0	Inf
GAM6Pt6_2pp	all__D_c	-0.0	-2.4108758820705134	0.0	-0.0	Inf
GAM6Pt6_2pp	alltn_c	-0.0	-2.0309085282583683	0.0	-0.0	Inf
GAM6Pt6_2pp	4r5au_c	-0.0	-0.0003943240450463832	0.32903086702674056	-0.0	0.0
GAM6Pt6_2pp	56dura_c	0.0	0.0	0.0	Inf	Inf
GAM6Pt6_2pp	arab__L_c	-0.0	-2.4108758820705134	0.0	-0.0	Inf
GAM6Pt6_2pp	etoh_c	-0.0	-1000.0	0.0	-0.0	Inf
GAM6Pt6_2pp	csn_c	-0.0	0.0	0.1599443755038692	Inf	0.0
GAM6Pt6_2pp	fald_c	-0.0	0.0	0.0	Inf	Inf
GAM6Pt6_2pp	fc1p_c	-0.0	-0.8528636736760973	0.0	-0.0	Inf
GAM6Pt6_2pp	fcl__L_c	-0.0	0.0	0.0	Inf	Inf
GAM6Pt6_2pp	aso4_c	0.0	0.0	0.0	Inf	Inf
GAM6Pt6_2pp	cyan_c	0.0	0.0	0.0	Inf	Inf
GAM6Pt6_2pp	athtp_c	0.0	0.0	0.0	Inf	Inf
GAM6Pt6_2pp	cytd_c	-0.0	0.0	0.0	Inf	Inf
GAM6Pt6_2pp	dad_2_c	-0.0	-0.09655545896775873	0.0	-0.0	Inf
GAM6Pt6_2pp	dad_5_c	-0.0	-0.09655545896775873	0.00019893029207721378	-0.0	0.0
GAM6Pt6_2pp	betald_c	0.0	0.0	0.0	Inf	Inf
GAM6Pt6_2pp	btal_c	-0.0	-529.2572794099059	0.0	-0.0	Inf
GAM6Pt6_2pp	for_c	-0.0	-0.09655545896775873	3.6537367601599726	-0.0	0.0
GAM6Pt6_2pp	dcyt_c	-0.0	-0.02313426676664676	0.0	-0.0	Inf
GAM6Pt6_2pp	fru_c	-0.0	-2.4108758820705134	0.0	-0.0	Inf
GAM6Pt6_2pp	ca2_c	-0.0	-0.0046019207567269405	999.9953980792433	-0.0	0.0
GAM6Pt6_2pp	g3pe_c	-0.0	-0.12291946954182612	0.0	-0.0	Inf
GAM6Pt6_2pp	g3pi_c	0.0	0.0	0.0	Inf	Inf
GAM6Pt6_2pp	cbm_c	-0.0	-4.061817056516737	0.0	-0.0	Inf
GAM6Pt6_2pp	dha_c	-0.0	-88.20954656831765	0.0	-0.0	Inf
GAM6Pt6_2pp	gal_c	-0.0	0.0	0.0	Inf	Inf
GAM6Pt6_2pp	dhgly_c	-0.0	-0.0001971620228143052	0.2184084203539571	-0.0	0.0
GAM6Pt6_2pp	dhmptp_c	0.0	0.0	0.0	Inf	Inf
GAM6Pt6_2pp	gcald_c	-0.0	-4.821751764141027	0.0005914860684015366	-0.0	0.0
GAM6Pt6_2pp	dhptd_c	-0.0	-47.05748733301937	0.000396092314900062	-0.0	0.0
GAM6Pt6_2pp	cechddd_c	-0.0	0.0	0.0	Inf	Inf
GAM6Pt6_2pp	dhptdn_c	0.0	0.0	0.0	Inf	Inf
GAM6Pt6_2pp	chol_c	0.0	0.0	0.0	Inf	Inf
GAM6Pt6_2pp	chtbs6p_c	-0.0	0.0	0.0	Inf	Inf
GAM6Pt6_2pp	dmbzid_c	0.0	0.0	0.0	Inf	Inf
GAM6Pt6_2pp	dms_c	0.0	0.0	0.0	Inf	Inf
GAM6Pt6_2pp	dmso_c	0.0	0.0	0.0	Inf	Inf
GAM6Pt6_2pp	cl_c	-0.0	-0.004601920756719546	999.9953980792433	-0.0	0.0
GAM6Pt6_2pp	glc__D_c	-0.0	-2.4108758820705134	0.0	-0.0	Inf
GAM6Pt6_2pp	co2_c	-0.0	-976.2922996279138	23.70770037208615	-0.0	0.0
GAM6Pt6_2pp	dscl_c	-0.0	-0.0001971620228143052	0.06729183734677031	-0.0	0.0
GAM6Pt6_2pp	dtdp4aaddg_c	-0.0	0.0	0.0	Inf	Inf
GAM6Pt6_2pp	glyald_c	-0.0	-1000.0	0.0	-0.0	Inf
GAM6Pt6_2pp	crn_c	-0.0	-1000.0	0.0	-0.0	Inf
GAM6Pt6_2pp	duri_c	-0.0	-0.02313426676664676	0.0	-0.0	Inf
GAM6Pt6_2pp	glyb_c	0.0	0.0	0.0	Inf	Inf
GAM6Pt6_2pp	glyc_c	-0.0	-0.12291946954182612	0.0	-0.0	Inf
GAM6Pt6_2pp	dxyl_c	0.0	0.0	0.0	Inf	Inf
GAM6Pt6_2pp	glycogen_c	-0.0	-2.4108758820705134	0.0	-0.0	Inf
GAM6Pt6_2pp	gmhep1p_c	-0.0	0.0	0.47355844413194437	Inf	0.0
GAM6Pt6_2pp	lipa_cold_c	-0.0	0.0	0.0	Inf	Inf
GAM6Pt6_2pp	lipidA_c	-0.0	-0.01720172338957454	0.04589742166858519	-0.0	0.0
GAM6Pt6_2pp	malt_c	0.0	0.0	0.0	Inf	Inf
GAM6Pt6_2pp	h2_c	-0.0	0.0	0.0	Inf	Inf
GAM6Pt6_2pp	malthx_c	-0.0	0.0	0.0	Inf	Inf
GAM6Pt6_2pp	maltpt_c	-0.0	0.0	0.0	Inf	Inf
GAM6Pt6_2pp	malttr_c	-0.0	0.0	0.0	Inf	Inf
GAM6Pt6_2pp	maltttr_c	-0.0	0.0	0.0	Inf	Inf
GAM6Pt6_2pp	h2o2_c	-0.0	-0.001437602909995442	0.9205768926929068	-0.0	0.0
GAM6Pt6_2pp	man_c	-0.0	0.0	0.575804017296796	Inf	0.0
GAM6Pt6_2pp	mdhdhf_c	-0.0	-47.05748733301937	0.000396092314900062	-0.0	0.0
GAM6Pt6_2pp	melib_c	-0.0	0.0	0.0	Inf	Inf
GAM6Pt6_2pp	meoh_c	-0.0	-999.9999982317307	1.7682692714515724e-06	-0.0	0.0
GAM6Pt6_2pp	pacald_c	-0.0	-1000.0	0.0	-0.0	Inf
GAM6Pt6_2pp	metsox_S__L_c	-0.0	-0.09655545896775873	0.0	-0.0	Inf
GAM6Pt6_2pp	mg2_c	-0.0	-0.0076698679278659095	999.9923301320721	-0.0	0.0
GAM6Pt6_2pp	hhlipa_c	-0.0	0.0	0.0	Inf	Inf
GAM6Pt6_2pp	pe120_c	-0.0	0.0	0.0	Inf	Inf
GAM6Pt6_2pp	mobd_c	-0.0	-0.00011405336745760257	12.667688380529512	-0.0	0.0
GAM6Pt6_2pp	hlipa_c	-0.0	0.0	0.0	Inf	Inf
GAM6Pt6_2pp	pg120_c	-0.0	0.0	0.0	Inf	Inf
GAM6Pt6_2pp	mql8_c	0.0	0.0	0.0	Inf	Inf
GAM6Pt6_2pp	mqn8_c	-0.0	0.0	0.0	Inf	Inf
GAM6Pt6_2pp	mthgxl_c	-0.0	-2.4108758820705134	0.0	-0.0	Inf
GAM6Pt6_2pp	hqn_c	0.0	0.0	0.0	Inf	Inf
GAM6Pt6_2pp	mththf_c	-0.0	-999.9996039076851	0.000396092314900062	-0.0	0.0
GAM6Pt6_2pp	n2o_c	-0.0	-1000.0	0.0	-0.0	Inf
GAM6Pt6_2pp	na1_c	-0.0	0.0	0.0	Inf	Inf
GAM6Pt6_2pp	nac_c	-0.0	0.0	0.0	Inf	Inf
GAM6Pt6_2pp	ncam_c	-0.0	0.0	0.0	Inf	Inf
GAM6Pt6_2pp	ni2_c	-0.0	-0.0002855754859183435	999.9997144245141	-0.0	0.0
GAM6Pt6_2pp	no_c	-0.0	-1000.0	0.0	-0.0	Inf
GAM6Pt6_2pp	indole_c	-0.0	-0.05025686485575583	0.33556790411998705	-0.0	0.0
GAM6Pt6_2pp	no2_c	-0.0	-1000.0	0.0	-0.0	Inf
GAM6Pt6_2pp	no3_c	0.0	0.0	0.0	Inf	Inf
GAM6Pt6_2pp	inost_c	0.0	0.0	0.0	Inf	Inf
GAM6Pt6_2pp	o2_c	-0.0	-21.82104017721474	978.1789598227853	-0.0	0.0
GAM6Pt6_2pp	poaac_c	-0.0	-3.8977502709321574	0.0	-0.0	Inf
GAM6Pt6_2pp	ppal_c	-0.0	0.0	0.0	Inf	Inf
GAM6Pt6_2pp	k_c	-0.0	-0.17257689111745597	50.67075352211805	-0.0	0.0
GAM6Pt6_2pp	psclys_c	-0.0	0.0	0.0	Inf	Inf
GAM6Pt6_2pp	lald__D_c	-0.0	0.0	0.0	Inf	Inf
GAM6Pt6_2pp	lald__L_c	-0.0	-2.4108758820705134	0.0	-0.0	Inf
GAM6Pt6_2pp	ura_c	-0.0	0.0	0.0	Inf	Inf
GAM6Pt6_2pp	pydx_c	-0.0	0.0	0.44841374798334555	Inf	0.0
GAM6Pt6_2pp	uracp_c	-0.0	-4.222562793509837	0.0	-0.0	Inf
GAM6Pt6_2pp	pydxn_c	-0.0	0.0	0.42225627935098375	Inf	0.0
GAM6Pt6_2pp	urate_c	-0.0	-0.001437602909995442	0.0	-0.0	Inf
GAM6Pt6_2pp	q8_c	-0.0	0.0	0.0	Inf	Inf
GAM6Pt6_2pp	q8h2_c	0.0	0.0	0.0	Inf	Inf
GAM6Pt6_2pp	urea_c	-0.0	-1000.0	0.0	-0.0	Inf
GAM6Pt6_2pp	uri_c	-0.0	0.0	0.0	Inf	Inf
GAM6Pt6_2pp	rbflvrd_c	-0.0	0.0	0.048277729483879366	Inf	0.0
GAM6Pt6_2pp	rbl__L_c	-0.0	-2.4108758820705134	0.0	-0.0	Inf
GAM6Pt6_2pp	rdmbzi_c	0.0	0.0	0.0	Inf	Inf
GAM6Pt6_2pp	thptdn_c	0.0	0.0	0.0	Inf	Inf
GAM6Pt6_2pp	xan_c	-0.0	0.0	0.0	Inf	Inf
GAM6Pt6_2pp	rephaccoa_c	-0.0	-0.0005092615483590635	0.0	-0.0	Inf
GAM6Pt6_2pp	rib__D_c	-0.0	0.0	0.6496250451553596	Inf	0.0
GAM6Pt6_2pp	xtsn_c	-0.0	0.0	0.0	Inf	Inf
GAM6Pt6_2pp	rml_c	-0.0	-1.26790470515175	0.0	-0.0	Inf
GAM6Pt6_2pp	thym_c	-0.0	-50.67075352211805	0.0	-0.0	Inf
GAM6Pt6_2pp	thymd_c	-0.0	0.0	0.29757849771579004	Inf	0.0
GAM6Pt6_2pp	xu5p__L_c	-0.0	-0.8528636736760973	0.0	-0.0	Inf
GAM6Pt6_2pp	rmn_c	-0.0	-1.26790470515175	0.0	-0.0	Inf
GAM6Pt6_2pp	xyl__D_c	0.0	0.0	0.0	Inf	Inf
GAM6Pt6_2pp	tmao_c	0.0	0.0	0.0	Inf	Inf
GAM6Pt6_2pp	xylu__D_c	-0.0	0.0	0.0	Inf	Inf
GAM6Pt6_2pp	xylu__L_c	-0.0	-2.4108758820705134	0.0	-0.0	Inf
GAM6Pt6_2pp	12ppd__R_e	-0.0	-1000.0	0.0	-0.0	Inf
GAM6Pt6_2pp	12ppd__S_e	-0.0	-1000.0	0.0	-0.0	Inf
GAM6Pt6_2pp	tre_c	-0.0	-1.2054379410352567	0.0	-0.0	Inf
GAM6Pt6_2pp	seln_c	0.0	0.0	0.0	Inf	Inf
GAM6Pt6_2pp	34dhpac_e	-0.0	-1000.0	0.0	-0.0	Inf
GAM6Pt6_2pp	slnt_c	0.0	0.0	0.0	Inf	Inf
GAM6Pt6_2pp	so2_c	0.0	0.0	0.0	Inf	Inf
GAM6Pt6_2pp	so3_c	-0.0	-0.21915221936843943	2.5335376761059023	-0.0	0.0
GAM6Pt6_2pp	so4_c	-0.0	-0.2229875953996881	50.67075352211805	-0.0	0.0
GAM6Pt6_2pp	4hoxpacd_e	-0.0	-1000.0	0.0	-0.0	Inf
GAM6Pt6_2pp	5mtr_e	-0.0	0.0	0.0	Inf	Inf
GAM6Pt6_2pp	LalaDgluMdap_e	-0.0	-1000.0	0.0	-0.0	Inf
GAM6Pt6_2pp	ac_e	-0.0	0.0	0.0	Inf	Inf
GAM6Pt6_2pp	acald_e	-0.0	-1000.0	0.0	-0.0	Inf
GAM6Pt6_2pp	acgal_e	-0.0	-1000.0	0.0	-0.0	Inf
GAM6Pt6_2pp	acgam_e	-0.0	-1000.0	0.0	-0.0	Inf
GAM6Pt6_2pp	acmana_e	-0.0	-1000.0	0.0	-0.0	Inf
GAM6Pt6_2pp	tagur_c	-0.0	0.0	0.0	Inf	Inf
GAM6Pt6_2pp	tartr__L_c	-0.0	-2.4108758820705134	0.0	-0.0	Inf
GAM6Pt6_2pp	ade_e	-0.0	-1000.0	0.0	-0.0	Inf
GAM6Pt6_2pp	adn_e	-0.0	-1000.0	0.0	-0.0	Inf
GAM6Pt6_2pp	all__D_e	-0.0	-1000.0	0.0	-0.0	Inf
GAM6Pt6_2pp	cl_e	-0.0	-0.0046019207567269405	999.9953980792433	-0.0	0.0
GAM6Pt6_2pp	alltn_e	-0.0	0.0	0.0	Inf	Inf
GAM6Pt6_2pp	cm_e	-0.0	-1000.0	0.0	-0.0	Inf
GAM6Pt6_2pp	co2_e	-0.0	-976.2922996279138	23.70770037208615	-0.0	0.0
GAM6Pt6_2pp	arab__L_e	-0.0	-1000.0	0.0	-0.0	Inf
GAM6Pt6_2pp	arbt_e	-0.0	-1000.0	0.0	-0.0	Inf
GAM6Pt6_2pp	unagamu_c	-0.0	0.0	0.03900750848507933	Inf	0.0
GAM6Pt6_2pp	crn_e	-0.0	-1000.0	0.0	-0.0	Inf
GAM6Pt6_2pp	csn_e	-0.0	-1000.0	0.0	-0.0	Inf
GAM6Pt6_2pp	cyan_e	-0.0	-1000.0	0.0	-0.0	Inf
GAM6Pt6_2pp	glyb_e	-0.0	-1000.0	0.0	-0.0	Inf
GAM6Pt6_2pp	glyc_e	-0.0	-1000.0	0.0	-0.0	Inf
GAM6Pt6_2pp	cytd_e	-0.0	-1000.0	0.0	-0.0	Inf
GAM6Pt6_2pp	ca2_e	-0.0	-0.0046019207567269405	999.9953980792433	-0.0	0.0
GAM6Pt6_2pp	dad_2_e	-0.0	-1000.0	0.0	-0.0	Inf
GAM6Pt6_2pp	dcyt_e	-0.0	-1000.0	0.0	-0.0	Inf
GAM6Pt6_2pp	chol_e	-0.0	-1000.0	0.0	-0.0	Inf
GAM6Pt6_2pp	dha_e	-0.0	-1000.0	0.0	-0.0	Inf
GAM6Pt6_2pp	ppal_e	-0.0	-1000.0	0.0	-0.0	Inf
GAM6Pt6_2pp	h2_e	-0.0	-1000.0	0.0	-0.0	Inf
GAM6Pt6_2pp	dms_e	-0.0	-1000.0	0.0	-0.0	Inf
GAM6Pt6_2pp	dmso_e	-0.0	-1000.0	0.0	-0.0	Inf
GAM6Pt6_2pp	h2o2_e	-0.0	-1000.0	0.0	-0.0	Inf
GAM6Pt6_2pp	psclys_e	-0.0	-1000.0	0.0	-0.0	Inf
GAM6Pt6_2pp	duri_e	-0.0	-1000.0	0.0	-0.0	Inf
GAM6Pt6_2pp	pydx_e	-0.0	-1000.0	0.0	-0.0	Inf
GAM6Pt6_2pp	pydxn_e	-0.0	-1000.0	0.0	-0.0	Inf
GAM6Pt6_2pp	etoh_e	-0.0	-1000.0	0.0	-0.0	Inf
GAM6Pt6_2pp	fald_e	-0.0	0.0	0.0	Inf	Inf
GAM6Pt6_2pp	rib__D_e	-0.0	-1000.0	0.0	-0.0	Inf
GAM6Pt6_2pp	rmn_e	-0.0	-1000.0	0.0	-0.0	Inf
GAM6Pt6_2pp	indole_e	-0.0	-1000.0	0.0	-0.0	Inf
GAM6Pt6_2pp	inost_e	-0.0	-1000.0	0.0	-0.0	Inf
GAM6Pt6_2pp	sbt__D_e	-0.0	-2.4108758820705134	0.0	-0.0	Inf
GAM6Pt6_2pp	k_e	-0.0	-0.17257689111750096	999.8274231088825	-0.0	0.0
GAM6Pt6_2pp	for_e	-0.0	0.0	3.6537367601599726	Inf	0.0
GAM6Pt6_2pp	slnt_e	-0.0	-1000.0	0.0	-0.0	Inf
GAM6Pt6_2pp	fru_e	-0.0	-1000.0	0.0	-0.0	Inf
GAM6Pt6_2pp	so2_e	-0.0	-1000.0	0.0	-0.0	Inf
GAM6Pt6_2pp	so3_e	-0.0	-1000.0	0.0	-0.0	Inf
GAM6Pt6_2pp	so4_e	-0.0	-0.2229875953996881	999.7770124046003	-0.0	0.0
GAM6Pt6_2pp	lipa_cold_e	-0.0	-1000.0	0.0	-0.0	Inf
GAM6Pt6_2pp	sucr_e	-0.0	-1000.0	0.0	-0.0	Inf
GAM6Pt6_2pp	g3pe_e	-0.0	-1000.0	0.0	-0.0	Inf
GAM6Pt6_2pp	malt_e	-0.0	-1000.0	0.0	-0.0	Inf
GAM6Pt6_2pp	tartr__L_e	-0.0	-1000.0	0.0	-0.0	Inf
GAM6Pt6_2pp	g3pi_e	-0.0	-1000.0	0.0	-0.0	Inf
GAM6Pt6_2pp	malthx_e	-0.0	-1000.0	0.0	-0.0	Inf
GAM6Pt6_2pp	maltpt_e	-0.0	-1000.0	0.0	-0.0	Inf
GAM6Pt6_2pp	gal_e	-0.0	-1000.0	0.0	-0.0	Inf
GAM6Pt6_2pp	gal_bD_e	-0.0	-1000.0	0.0	-0.0	Inf
GAM6Pt6_2pp	malttr_e	-0.0	-1000.0	0.0	-0.0	Inf
GAM6Pt6_2pp	maltttr_e	-0.0	-1000.0	0.0	-0.0	Inf
GAM6Pt6_2pp	man_e	-0.0	-2.4108758820705134	0.6333844190264756	-0.0	0.0
GAM6Pt6_2pp	thym_e	-0.0	-1000.0	0.0	-0.0	Inf
GAM6Pt6_2pp	thymd_e	-0.0	-1000.0	0.0	-0.0	Inf
GAM6Pt6_2pp	galt_e	-0.0	-1.26790470515175	0.0	-0.0	Inf
GAM6Pt6_2pp	melib_e	-0.0	-1000.0	0.0	-0.0	Inf
GAM6Pt6_2pp	meoh_e	-0.0	-999.9999982317307	1.7682692714515724e-06	-0.0	0.0
GAM6Pt6_2pp	tmao_e	-0.0	-1000.0	0.0	-0.0	Inf
GAM6Pt6_2pp	tre_e	-0.0	-1000.0	0.0	-0.0	Inf
GAM6Pt6_2pp	metsox_S__L_e	-0.0	-1000.0	0.0	-0.0	Inf
GAM6Pt6_2pp	glc__D_e	-0.0	-1000.0	0.0	-0.0	Inf
GAM6Pt6_2pp	mg2_e	-0.0	-0.00766986792791613	999.9923301320721	-0.0	0.0
GAM6Pt6_2pp	mnl_e	-0.0	-1000.0	0.0	-0.0	Inf
GAM6Pt6_2pp	mobd_e	-0.0	-0.00011405336749703565	999.9998859466325	-0.0	0.0
GAM6Pt6_2pp	glyald_e	-0.0	-1000.0	0.0	-0.0	Inf
GAM6Pt6_2pp	n2o_e	-0.0	-1000.0	0.0	-0.0	Inf
GAM6Pt6_2pp	na1_e	-0.0	0.0	1000.0	Inf	0.0
GAM6Pt6_2pp	nac_e	-0.0	-1000.0	0.0	-0.0	Inf
GAM6Pt6_2pp	ni2_e	-0.0	-0.0002855754859183435	999.9997144245141	-0.0	0.0
GAM6Pt6_2pp	no_e	-0.0	-1000.0	0.0	-0.0	Inf
GAM6Pt6_2pp	no2_e	-0.0	-1000.0	0.0	-0.0	Inf
GAM6Pt6_2pp	ura_e	-0.0	-1000.0	0.0	-0.0	Inf
GAM6Pt6_2pp	no3_e	-0.0	-1000.0	0.0	-0.0	Inf
GAM6Pt6_2pp	urea_e	-0.0	-1000.0	0.0	-0.0	Inf
GAM6Pt6_2pp	novbcn_e	-0.0	-1000.0	0.0	-0.0	Inf
GAM6Pt6_2pp	uri_e	-0.0	-1000.0	0.0	-0.0	Inf
GAM6Pt6_2pp	o2_e	-0.0	-21.82104017721474	978.1789598227853	-0.0	0.0
GAM6Pt6_2pp	xan_e	-0.0	0.0	0.0	Inf	Inf
GAM6Pt6_2pp	xtsn_e	-0.0	-1000.0	0.0	-0.0	Inf
GAM6Pt6_2pp	xyl__D_e	-0.0	-1000.0	0.0	-0.0	Inf
GAM6Pt6_2pp	xylu__L_e	-0.0	-1000.0	0.0	-0.0	Inf
GAM6Pt6_2pp	pacald_e	-0.0	-1000.0	0.0	-0.0	Inf
GAM6Pt6_2pp	12dgr120_p	-0.0	0.0	0.0	Inf	Inf
GAM6Pt6_2pp	12dgr140_p	-0.0	0.0	0.0	Inf	Inf
GAM6Pt6_2pp	12dgr160_p	-0.0	-0.05642016737162365	0.0	-0.0	Inf
GAM6Pt6_2pp	12dgr180_p	-0.0	0.0	0.0	Inf	Inf
GAM6Pt6_2pp	12ppd__R_p	-0.0	-1000.0	0.0	-0.0	Inf
GAM6Pt6_2pp	12ppd__S_p	-0.0	0.0	0.0	Inf	Inf
GAM6Pt6_2pp	chol_p	-0.0	-1000.0	0.0	-0.0	Inf
GAM6Pt6_2pp	cl_p	-0.0	-0.0046019207567269405	999.9953980792433	-0.0	0.0
GAM6Pt6_2pp	34dhpac_p	-0.0	-1000.0	0.0	-0.0	Inf
GAM6Pt6_2pp	cm_p	-0.0	0.0	0.0	Inf	Inf
GAM6Pt6_2pp	4hoxpacd_p	-0.0	-1000.0	0.0	-0.0	Inf
GAM6Pt6_2pp	co2_p	-0.0	-976.2922996279138	23.70770037208615	-0.0	0.0
GAM6Pt6_2pp	5mtr_p	-0.0	0.0	0.0	Inf	Inf
GAM6Pt6_2pp	LalaDgluMdap_p	-0.0	-0.02456833313885163	0.0	-0.0	Inf
GAM6Pt6_2pp	gal_p	-0.0	-1000.0	0.0	-0.0	Inf
GAM6Pt6_2pp	ac_p	-0.0	-2.4108758820705134	0.0	-0.0	Inf
GAM6Pt6_2pp	crn_p	-0.0	-1000.0	0.0	-0.0	Inf
GAM6Pt6_2pp	gal_bD_p	-0.0	-1000.0	0.0	-0.0	Inf
GAM6Pt6_2pp	acald_p	-0.0	-1000.0	0.0	-0.0	Inf
GAM6Pt6_2pp	acgal_p	-0.0	-1000.0	0.0	-0.0	Inf
GAM6Pt6_2pp	csn_p	-0.0	0.0	0.0	Inf	Inf
GAM6Pt6_2pp	acgam_p	-0.0	-1000.0	0.0	-0.0	Inf
GAM6Pt6_2pp	galt_p	-0.0	-1.26790470515175	0.0	-0.0	Inf
GAM6Pt6_2pp	acmana_p	-0.0	-1000.0	0.0	-0.0	Inf
GAM6Pt6_2pp	cyan_p	-0.0	0.0	0.0	Inf	Inf
GAM6Pt6_2pp	ade_p	-0.0	-1000.0	0.0	-0.0	Inf
GAM6Pt6_2pp	adn_p	-0.0	0.0	0.331181395569399	Inf	0.0
GAM6Pt6_2pp	cytd_p	-0.0	0.0	0.0	Inf	Inf
GAM6Pt6_2pp	glc__D_p	-0.0	-1000.0	0.0	-0.0	Inf
GAM6Pt6_2pp	dad_2_p	-0.0	-1000.0	0.0	-0.0	Inf
GAM6Pt6_2pp	dcyt_p	-0.0	-1000.0	0.0	-0.0	Inf
GAM6Pt6_2pp	all__D_p	-0.0	0.0	0.0	Inf	Inf
GAM6Pt6_2pp	alltn_p	-0.0	0.0	0.0	Inf	Inf
GAM6Pt6_2pp	dha_p	-0.0	-1000.0	0.0	-0.0	Inf
GAM6Pt6_2pp	glyald_p	-0.0	-1000.0	0.0	-0.0	Inf
GAM6Pt6_2pp	glyb_p	0.0	0.0	0.0	Inf	Inf
GAM6Pt6_2pp	dms_p	-0.0	-1000.0	0.0	-0.0	Inf
GAM6Pt6_2pp	glyc_p	-0.0	-0.12291946954182612	0.0	-0.0	Inf
GAM6Pt6_2pp	dmso_p	-0.0	-1000.0	0.0	-0.0	Inf
GAM6Pt6_2pp	arab__L_p	-0.0	0.0	0.0	Inf	Inf
GAM6Pt6_2pp	arbt_p	0.0	0.0	0.0	Inf	Inf
GAM6Pt6_2pp	ca2_p	-0.0	-0.0046019207567269405	999.9953980792433	-0.0	0.0
GAM6Pt6_2pp	duri_p	-0.0	-1000.0	0.0	-0.0	Inf
GAM6Pt6_2pp	h2_p	-0.0	-1000.0	0.0	-0.0	Inf
GAM6Pt6_2pp	h2o2_p	-0.0	-1000.0	0.0	-0.0	Inf
GAM6Pt6_2pp	etoh_p	-0.0	-1000.0	0.0	-0.0	Inf
GAM6Pt6_2pp	fald_p	-0.0	0.0	0.0	Inf	Inf
GAM6Pt6_2pp	n2o_p	-0.0	-1000.0	0.0	-0.0	Inf
GAM6Pt6_2pp	na1_p	-0.0	0.0	0.0	Inf	Inf
GAM6Pt6_2pp	indole_p	-0.0	0.0	0.337805023480787	Inf	0.0
GAM6Pt6_2pp	nac_p	-0.0	-1000.0	0.0	-0.0	Inf
GAM6Pt6_2pp	ni2_p	-0.0	-0.0002855754859183435	999.9997144245141	-0.0	0.0
GAM6Pt6_2pp	inost_p	-0.0	-1000.0	0.0	-0.0	Inf
GAM6Pt6_2pp	no_p	-0.0	-1000.0	0.0	-0.0	Inf
GAM6Pt6_2pp	no2_p	-0.0	-1000.0	0.0	-0.0	Inf
GAM6Pt6_2pp	for_p	-0.0	0.0	3.6537367601599726	Inf	0.0
GAM6Pt6_2pp	fru_p	-0.0	-1000.0	0.0	-0.0	Inf
GAM6Pt6_2pp	no3_p	-0.0	0.0	0.0	Inf	Inf
GAM6Pt6_2pp	k_p	-0.0	-0.17257689111750096	999.8274231088825	-0.0	0.0
GAM6Pt6_2pp	novbcn_p	-0.0	0.0	0.0	Inf	Inf
GAM6Pt6_2pp	o2_p	-0.0	-21.82104017721474	978.1789598227853	-0.0	0.0
GAM6Pt6_2pp	lipa_cold_p	-0.0	-12.667688380529512	0.0	-0.0	Inf
GAM6Pt6_2pp	g3pe_p	-0.0	0.0	0.0	Inf	Inf
GAM6Pt6_2pp	g3pi_p	-0.0	0.0	0.0	Inf	Inf
GAM6Pt6_2pp	so3_p	-0.0	-1000.0	0.0	-0.0	Inf
GAM6Pt6_2pp	so4_p	-0.0	-0.2229875953996881	999.7770124046003	-0.0	0.0
GAM6Pt6_2pp	malt_p	0.0	0.0	0.0	Inf	Inf
GAM6Pt6_2pp	malthx_p	0.0	0.0	0.0	Inf	Inf
GAM6Pt6_2pp	maltpt_p	0.0	0.0	0.0	Inf	Inf
GAM6Pt6_2pp	sucr_p	-0.0	-1000.0	0.0	-0.0	Inf
GAM6Pt6_2pp	malttr_p	0.0	0.0	0.0	Inf	Inf
GAM6Pt6_2pp	maltttr_p	0.0	0.0	0.0	Inf	Inf
GAM6Pt6_2pp	pacald_p	-0.0	-1000.0	0.0	-0.0	Inf
GAM6Pt6_2pp	man_p	-0.0	-2.4108758820705134	0.6333844190264756	-0.0	0.0
GAM6Pt6_2pp	tartr__L_p	-0.0	-1000.0	0.0	-0.0	Inf
GAM6Pt6_2pp	pe120_p	-0.0	0.0	0.0	Inf	Inf
GAM6Pt6_2pp	melib_p	-0.0	-1000.0	0.0	-0.0	Inf
GAM6Pt6_2pp	meoh_p	-0.0	-999.9999982317307	1.7682692714515724e-06	-0.0	0.0
GAM6Pt6_2pp	thym_p	-0.0	-1000.0	0.0	-0.0	Inf
GAM6Pt6_2pp	thymd_p	-0.0	0.0	0.0	Inf	Inf
GAM6Pt6_2pp	pg120_p	-0.0	0.0	0.0	Inf	Inf
GAM6Pt6_2pp	metsox_S__L_p	-0.0	-1000.0	0.0	-0.0	Inf
GAM6Pt6_2pp	tmao_p	-0.0	-1000.0	0.0	-0.0	Inf
GAM6Pt6_2pp	mg2_p	-0.0	-0.0076698679278659095	999.9923301320721	-0.0	0.0
GAM6Pt6_2pp	tre_p	-0.0	0.0	0.0	Inf	Inf
GAM6Pt6_2pp	mnl_p	-0.0	0.0	0.0	Inf	Inf
GAM6Pt6_2pp	mobd_p	-0.0	-0.00011405336749703565	999.9998859466325	-0.0	0.0
GAM6Pt6_2pp	ura_p	-0.0	-1000.0	0.0	-0.0	Inf
GAM6Pt6_2pp	urea_p	-0.0	-1000.0	0.0	-0.0	Inf
GAM6Pt6_2pp	uri_p	-0.0	0.0	0.0	Inf	Inf
GAM6Pt6_2pp	xan_p	-0.0	0.0	0.0	Inf	Inf
GAM6Pt6_2pp	xtsn_p	-0.0	0.0	0.0	Inf	Inf
GAM6Pt6_2pp	xyl__D_p	-0.0	0.0	0.0	Inf	Inf
GAM6Pt6_2pp	xylu__L_p	-0.0	-1000.0	0.0	-0.0	Inf
GAM6Pt6_2pp	ppal_p	-0.0	-1000.0	0.0	-0.0	Inf
GAM6Pt6_2pp	psclys_p	-0.0	-1000.0	0.0	-0.0	Inf
GAM6Pt6_2pp	pydx_p	-0.0	0.0	0.0	Inf	Inf
GAM6Pt6_2pp	pydxn_p	-0.0	0.0	0.0	Inf	Inf
GAM6Pt6_2pp	rib__D_p	-0.0	-1000.0	0.0	-0.0	Inf
GAM6Pt6_2pp	rmn_p	-0.0	-1000.0	0.0	-0.0	Inf
GAM6Pt6_2pp	sbt__D_p	-0.0	-2.4108758820705134	0.0	-0.0	Inf
GAM6Pt6_2pp	slnt_p	-0.0	-1000.0	0.0	-0.0	Inf
GAM6Pt6_2pp	so2_p	-0.0	-1000.0	0.0	-0.0	Inf
