Reaction	Metabolite	ShadowPrice	G-	G+	DecrementalShadowPrice	IncrementalShadowPrice
FACOAL80t2pp	12dgr120_c	-0.0	0.0	0.0	Inf	Inf
FACOAL80t2pp	12dgr140_c	-0.0	0.0	0.0	Inf	Inf
FACOAL80t2pp	12dgr160_c	-0.0	-0.05211079080633137	0.0	-0.0	Inf
FACOAL80t2pp	12dgr180_c	-0.0	0.0	0.0	Inf	Inf
FACOAL80t2pp	12ppd__R_c	-0.0	-1000.0	0.0	-0.0	Inf
FACOAL80t2pp	12ppd__S_c	-0.0	0.0	0.0	Inf	Inf
FACOAL80t2pp	5drib_c	-0.0	-999.9998162640184	0.0001837359816251067	-0.0	0.0
FACOAL80t2pp	5mta_c	-0.0	-0.08918054585204432	0.0	-0.0	Inf
FACOAL80t2pp	23dhacoa_c	-0.0	-0.00047036411160661373	0.0	-0.0	Inf
FACOAL80t2pp	5mtr_c	-0.0	-1000.0	0.0	-0.0	Inf
FACOAL80t2pp	3amac_c	-0.0	-4.162008061470412	0.0	-0.0	Inf
FACOAL80t2pp	LalaDgluMdap_c	-0.0	-0.022691802032882066	0.0	-0.0	Inf
FACOAL80t2pp	ac_c	-0.0	-1.5785965126278825	0.4757341032485432	-0.0	0.0
FACOAL80t2pp	acald_c	-0.0	0.0	0.4994409673764494	Inf	0.0
FACOAL80t2pp	acetol_c	-0.0	0.0	0.0	Inf	Inf
FACOAL80t2pp	acgam_c	-0.0	-0.07715931303024622	0.0	-0.0	Inf
FACOAL80t2pp	acgam6p_c	-0.0	-0.07715931303024622	0.0	-0.0	Inf
FACOAL80t2pp	acmalt_c	0.0	0.0	0.0	Inf	Inf
FACOAL80t2pp	acmana_c	-0.0	-0.07715931303024622	0.0	-0.0	Inf
FACOAL80t2pp	2dmmq8_c	-0.0	0.0	0.0	Inf	Inf
FACOAL80t2pp	2dmmql8_c	0.0	0.0	0.0	Inf	Inf
FACOAL80t2pp	ade_c	-0.0	-0.08918054585204432	0.16650963311141218	-0.0	0.0
FACOAL80t2pp	adn_c	-0.0	-0.08918054585204432	0.0931792849582928	-0.0	0.0
FACOAL80t2pp	3sala_c	0.0	0.0	0.0	Inf	Inf
FACOAL80t2pp	adphep_DD_c	-0.0	0.0	0.0	Inf	Inf
FACOAL80t2pp	adphep_LD_c	-0.0	0.0	0.0	Inf	Inf
FACOAL80t2pp	4ahmmp_c	0.0	0.0	0.0	Inf	Inf
FACOAL80t2pp	4crsol_c	-0.0	-999.9998178972271	0.0001821027728995502	-0.0	0.0
FACOAL80t2pp	2ohph_c	-0.0	-0.0001821027728995502	0.01642897919001478	-0.0	0.0
FACOAL80t2pp	2ombzl_c	-0.0	0.0	0.0	Inf	Inf
FACOAL80t2pp	2omhmbl_c	-0.0	0.0	0.0	Inf	Inf
FACOAL80t2pp	2ommbl_c	0.0	0.0	0.0	Inf	Inf
FACOAL80t2pp	2omph_c	-0.0	0.0	0.01475889383500146	Inf	0.0
FACOAL80t2pp	4mhetz_c	0.0	0.0	0.0	Inf	Inf
FACOAL80t2pp	2oph_c	-0.0	-0.0001821027728995502	0.01649408742986953	-0.0	0.0
FACOAL80t2pp	2oxpaccoa_c	-0.0	-0.00047036411160661373	0.0	-0.0	Inf
FACOAL80t2pp	all__D_c	-0.0	-1.5785965126278825	0.0	-0.0	Inf
FACOAL80t2pp	alltn_c	-0.0	-1.8773815960673417	0.0	-0.0	Inf
FACOAL80t2pp	4r5au_c	-0.0	-0.0003642055455687184	0.09180900135596497	-0.0	0.0
FACOAL80t2pp	56dura_c	0.0	0.0	0.0	Inf	Inf
FACOAL80t2pp	arab__L_c	-0.0	-1.5785965126278825	0.0	-0.0	Inf
FACOAL80t2pp	etoh_c	-0.0	-1000.0	0.0	-0.0	Inf
FACOAL80t2pp	csn_c	-0.0	0.0	0.14772781224701248	Inf	0.0
FACOAL80t2pp	fald_c	-0.0	0.0	0.0	Inf	Inf
FACOAL80t2pp	fc1p_c	-0.0	-0.11539109608682815	0.0	-0.0	Inf
FACOAL80t2pp	fcl__L_c	-0.0	0.0	0.0	Inf	Inf
FACOAL80t2pp	aso4_c	0.0	0.0	0.0	Inf	Inf
FACOAL80t2pp	cyan_c	0.0	0.0	0.0	Inf	Inf
FACOAL80t2pp	athtp_c	0.0	0.0	0.0	Inf	Inf
FACOAL80t2pp	cytd_c	-0.0	0.0	0.0	Inf	Inf
FACOAL80t2pp	dad_2_c	-0.0	0.0	0.0	Inf	Inf
FACOAL80t2pp	dad_5_c	-0.0	-0.08918054585204432	0.0001837359816251067	-0.0	0.0
FACOAL80t2pp	betald_c	0.0	0.0	0.0	Inf	Inf
FACOAL80t2pp	btal_c	-0.0	-753.5640066203501	0.0	-0.0	Inf
FACOAL80t2pp	for_c	-0.0	-0.08918054585204432	2.081004030735206	-0.0	0.0
FACOAL80t2pp	dcyt_c	-0.0	0.0	0.0	Inf	Inf
FACOAL80t2pp	fru_c	-0.0	-1.5785965126278825	0.19209267976017286	-0.0	0.0
FACOAL80t2pp	ca2_c	-0.0	-0.0042504257082782715	999.9957495742917	-0.0	0.0
FACOAL80t2pp	g3pe_c	-0.0	0.0	0.0	Inf	Inf
FACOAL80t2pp	g3pi_c	0.0	0.0	0.0	Inf	Inf
FACOAL80t2pp	cbm_c	-0.0	-3.7547631921346833	0.0	-0.0	Inf
FACOAL80t2pp	dha_c	-0.0	-125.59400110339169	0.0	-0.0	Inf
FACOAL80t2pp	gal_c	-0.0	0.0	0.0	Inf	Inf
FACOAL80t2pp	dhgly_c	-0.0	-0.0001821027728995502	0.06503137596047519	-0.0	0.0
FACOAL80t2pp	dhmptp_c	0.0	0.0	0.0	Inf	Inf
FACOAL80t2pp	gcald_c	-0.0	-2.4166246538216	0.0005463083186896256	-0.0	0.0
FACOAL80t2pp	dhptd_c	-0.0	-48.04284938630852	0.0003658387545389045	-0.0	0.0
FACOAL80t2pp	cechddd_c	-0.0	0.0	0.0	Inf	Inf
FACOAL80t2pp	dhptdn_c	0.0	0.0	0.0	Inf	Inf
FACOAL80t2pp	chol_c	0.0	0.0	0.0	Inf	Inf
FACOAL80t2pp	chtbs6p_c	-0.0	0.0	0.0	Inf	Inf
FACOAL80t2pp	dmbzid_c	0.0	0.0	0.0	Inf	Inf
FACOAL80t2pp	dms_c	0.0	0.0	0.0	Inf	Inf
FACOAL80t2pp	dmso_c	0.0	0.0	0.0	Inf	Inf
FACOAL80t2pp	cl_c	-0.0	-0.004250425708260802	999.9957495742917	-0.0	0.0
FACOAL80t2pp	glc__D_c	-0.0	-1.5785965126278825	0.19209267976017286	-0.0	0.0
FACOAL80t2pp	co2_c	-0.0	-973.5202910925728	26.479708907427153	-0.0	0.0
FACOAL80t2pp	dscl_c	-0.0	-0.0001821027728995502	0.019062632342612573	-0.0	0.0
FACOAL80t2pp	dtdp4aaddg_c	-0.0	0.0	0.0	Inf	Inf
FACOAL80t2pp	glyald_c	-0.0	-1000.0	0.0	-0.0	Inf
FACOAL80t2pp	crn_c	-0.0	-1000.0	0.0	-0.0	Inf
FACOAL80t2pp	duri_c	-0.0	0.0	0.0	Inf	Inf
FACOAL80t2pp	glyb_c	0.0	0.0	0.0	Inf	Inf
FACOAL80t2pp	glyc_c	-0.0	-0.11353087134833481	0.0	-0.0	Inf
FACOAL80t2pp	dxyl_c	0.0	0.0	0.0	Inf	Inf
FACOAL80t2pp	glycogen_c	-0.0	-1.5785965126278825	0.0	-0.0	Inf
FACOAL80t2pp	gmhep1p_c	-0.0	0.0	0.1486431450525147	Inf	0.0
FACOAL80t2pp	lipa_cold_c	-0.0	0.0	0.0	Inf	Inf
FACOAL80t2pp	lipidA_c	-0.0	-0.015887854482201647	0.012766895894081018	-0.0	0.0
FACOAL80t2pp	malt_c	0.0	0.0	0.0	Inf	Inf
FACOAL80t2pp	h2_c	-0.0	0.0	0.0	Inf	Inf
FACOAL80t2pp	malthx_c	-0.0	0.0	0.0	Inf	Inf
FACOAL80t2pp	maltpt_c	-0.0	0.0	0.0	Inf	Inf
FACOAL80t2pp	malttr_c	-0.0	0.0	0.0	Inf	Inf
FACOAL80t2pp	maltttr_c	-0.0	0.0	0.0	Inf	Inf
FACOAL80t2pp	h2o2_c	-0.0	-49.471115892704745	0.0020423275113898853	-0.0	0.0
FACOAL80t2pp	man_c	-0.0	-1.5785965126278825	0.0	-0.0	Inf
FACOAL80t2pp	mdhdhf_c	-0.0	-48.04284938630852	0.0003658387545389045	-0.0	0.0
FACOAL80t2pp	melib_c	-0.0	0.0	0.0	Inf	Inf
FACOAL80t2pp	meoh_c	-0.0	-999.9999983667913	1.633208739804104e-06	-0.0	0.0
FACOAL80t2pp	pacald_c	-0.0	-1000.0	0.0	-0.0	Inf
FACOAL80t2pp	metsox_S__L_c	-0.0	-0.08918054585204432	0.0	-0.0	Inf
FACOAL80t2pp	mg2_c	-0.0	-0.007084042847054661	999.992915957153	-0.0	0.0
FACOAL80t2pp	hhlipa_c	-0.0	0.0	0.0	Inf	Inf
FACOAL80t2pp	pe120_c	-0.0	0.0	0.0	Inf	Inf
FACOAL80t2pp	mobd_c	-0.0	-0.0001053419627983945	3.121506046102809	-0.0	0.0
FACOAL80t2pp	hlipa_c	-0.0	0.0	0.0	Inf	Inf
FACOAL80t2pp	pg120_c	-0.0	-0.056765435674167405	0.0	-0.0	Inf
FACOAL80t2pp	mql8_c	0.0	0.0	0.0	Inf	Inf
FACOAL80t2pp	mqn8_c	-0.0	0.0	0.0	Inf	Inf
FACOAL80t2pp	mthgxl_c	-0.0	-1.5785965126278825	0.0	-0.0	Inf
FACOAL80t2pp	hqn_c	0.0	0.0	0.0	Inf	Inf
FACOAL80t2pp	mththf_c	-0.0	-999.9996341612455	0.0003658387545389045	-0.0	0.0
FACOAL80t2pp	n2o_c	-0.0	-1000.0	0.0	-0.0	Inf
FACOAL80t2pp	na1_c	-0.0	0.0	0.0	Inf	Inf
FACOAL80t2pp	nac_c	-0.0	0.0	0.0	Inf	Inf
FACOAL80t2pp	ncam_c	-0.0	0.0	0.0	Inf	Inf
FACOAL80t2pp	ni2_c	-0.0	-0.0002637632091773754	999.9997362367908	-0.0	0.0
FACOAL80t2pp	no_c	-0.0	-1000.0	0.0	-0.0	Inf
FACOAL80t2pp	indole_c	-0.0	-0.046418241793404175	0.10234446052796095	-0.0	0.0
FACOAL80t2pp	no2_c	-0.0	-1000.0	0.0	-0.0	Inf
FACOAL80t2pp	no3_c	0.0	0.0	0.0	Inf	Inf
FACOAL80t2pp	inost_c	0.0	0.0	0.0	Inf	Inf
FACOAL80t2pp	o2_c	-0.0	-24.735557946352372	975.2644420536476	-0.0	0.0
FACOAL80t2pp	poaac_c	-0.0	-1.3873360204901373	0.0	-0.0	Inf
FACOAL80t2pp	ppal_c	-0.0	0.0	0.0	Inf	Inf
FACOAL80t2pp	k_c	-0.0	-0.15939545538377534	12.486024184411235	-0.0	0.0
FACOAL80t2pp	psclys_c	-0.0	0.0	0.0	Inf	Inf
FACOAL80t2pp	lald__D_c	-0.0	0.0	0.0	Inf	Inf
FACOAL80t2pp	lald__L_c	-0.0	-1.5785965126278825	0.0	-0.0	Inf
FACOAL80t2pp	ura_c	-0.0	-0.2701286401851123	0.0	-0.0	Inf
FACOAL80t2pp	pydx_c	-0.0	0.0	0.1261214564081943	Inf	0.0
FACOAL80t2pp	uracp_c	-0.0	-1.5607530230514044	0.0	-0.0	Inf
FACOAL80t2pp	pydxn_c	-0.0	0.0	0.12005792485010804	Inf	0.0
FACOAL80t2pp	urate_c	-0.0	-1.8773815960673417	0.0	-0.0	Inf
FACOAL80t2pp	q8_c	0.0	0.0	0.0	Inf	Inf
FACOAL80t2pp	q8h2_c	-0.0	0.0	0.0	Inf	Inf
FACOAL80t2pp	urea_c	-0.0	-1000.0	0.0	-0.0	Inf
FACOAL80t2pp	uri_c	-0.0	0.0	0.0	Inf	Inf
FACOAL80t2pp	rbflvrd_c	-0.0	0.0	0.04459027292602216	Inf	0.0
FACOAL80t2pp	rbl__L_c	-0.0	-1.5785965126278825	0.0	-0.0	Inf
FACOAL80t2pp	rdmbzi_c	0.0	0.0	0.0	Inf	Inf
FACOAL80t2pp	thptdn_c	0.0	0.0	0.0	Inf	Inf
FACOAL80t2pp	xan_c	-0.0	-0.08918054585204432	0.0	-0.0	Inf
FACOAL80t2pp	rephaccoa_c	-0.0	-0.00047036411160661373	0.0	-0.0	Inf
FACOAL80t2pp	rib__D_c	-0.0	0.0	0.1981908600700196	Inf	0.0
FACOAL80t2pp	xtsn_c	-0.0	0.0	0.0	Inf	Inf
FACOAL80t2pp	rml_c	-0.0	-0.11539109608682815	0.0	-0.0	Inf
FACOAL80t2pp	thym_c	-0.0	-12.486024184411235	0.0	-0.0	Inf
FACOAL80t2pp	thymd_c	-0.0	-0.02136726975641068	0.0	-0.0	Inf
FACOAL80t2pp	xu5p__L_c	-0.0	-0.7877218830670927	0.0	-0.0	Inf
FACOAL80t2pp	rmn_c	-0.0	-0.11539109608682815	0.0	-0.0	Inf
FACOAL80t2pp	xyl__D_c	0.0	0.0	0.0	Inf	Inf
FACOAL80t2pp	tmao_c	0.0	0.0	0.0	Inf	Inf
FACOAL80t2pp	xylu__D_c	-0.0	0.0	0.0	Inf	Inf
FACOAL80t2pp	xylu__L_c	-0.0	-1.5785965126278825	0.0	-0.0	Inf
FACOAL80t2pp	12ppd__R_e	-0.0	-1000.0	0.0	-0.0	Inf
FACOAL80t2pp	12ppd__S_e	-0.0	-1000.0	0.0	-0.0	Inf
FACOAL80t2pp	tre_c	-0.0	-0.7892982563139412	0.0	-0.0	Inf
FACOAL80t2pp	seln_c	0.0	0.0	0.0	Inf	Inf
FACOAL80t2pp	34dhpac_e	-0.0	-1000.0	0.0	-0.0	Inf
FACOAL80t2pp	slnt_c	0.0	0.0	0.0	Inf	Inf
FACOAL80t2pp	so2_c	0.0	0.0	0.0	Inf	Inf
FACOAL80t2pp	so3_c	-0.0	-0.20241335660923365	0.6936680102450686	-0.0	0.0
FACOAL80t2pp	so4_c	-0.0	-0.2059557863349255	12.486024184411235	-0.0	0.0
FACOAL80t2pp	4hoxpacd_e	-0.0	-1000.0	0.0	-0.0	Inf
FACOAL80t2pp	5mtr_e	-0.0	-1000.0	0.0	-0.0	Inf
FACOAL80t2pp	LalaDgluMdap_e	-0.0	-1000.0	0.0	-0.0	Inf
FACOAL80t2pp	ac_e	-0.0	0.0	0.0	Inf	Inf
FACOAL80t2pp	acald_e	-0.0	-1000.0	0.0	-0.0	Inf
FACOAL80t2pp	acgal_e	-0.0	-1000.0	0.0	-0.0	Inf
FACOAL80t2pp	acgam_e	-0.0	-1000.0	0.0	-0.0	Inf
FACOAL80t2pp	acmana_e	-0.0	-1000.0	0.0	-0.0	Inf
FACOAL80t2pp	tagur_c	-0.0	0.0	0.0	Inf	Inf
FACOAL80t2pp	tartr__L_c	-0.0	-1.5785965126278825	0.0	-0.0	Inf
FACOAL80t2pp	ade_e	-0.0	-1000.0	0.0	-0.0	Inf
FACOAL80t2pp	adn_e	-0.0	-1000.0	0.0	-0.0	Inf
FACOAL80t2pp	all__D_e	-0.0	-1000.0	0.0	-0.0	Inf
FACOAL80t2pp	cl_e	-0.0	-0.0042504257082782715	999.9957495742917	-0.0	0.0
FACOAL80t2pp	alltn_e	-0.0	0.0	0.0	Inf	Inf
FACOAL80t2pp	cm_e	-0.0	-1000.0	0.0	-0.0	Inf
FACOAL80t2pp	co2_e	-0.0	-973.5202910925728	26.479708907427153	-0.0	0.0
FACOAL80t2pp	arab__L_e	-0.0	-1000.0	0.0	-0.0	Inf
FACOAL80t2pp	arbt_e	-0.0	-1000.0	0.0	-0.0	Inf
FACOAL80t2pp	unagamu_c	-0.0	0.0	0.011350931076737486	Inf	0.0
FACOAL80t2pp	crn_e	-0.0	-1000.0	0.0	-0.0	Inf
FACOAL80t2pp	csn_e	-0.0	-1000.0	0.0	-0.0	Inf
FACOAL80t2pp	cyan_e	-0.0	-1000.0	0.0	-0.0	Inf
FACOAL80t2pp	glyb_e	-0.0	-1000.0	0.0	-0.0	Inf
FACOAL80t2pp	glyc_e	-0.0	-1000.0	0.0	-0.0	Inf
FACOAL80t2pp	cytd_e	-0.0	-1000.0	0.0	-0.0	Inf
FACOAL80t2pp	ca2_e	-0.0	-0.0042504257082782715	999.9957495742917	-0.0	0.0
FACOAL80t2pp	dad_2_e	-0.0	-1000.0	0.0	-0.0	Inf
FACOAL80t2pp	dcyt_e	-0.0	-1000.0	0.0	-0.0	Inf
FACOAL80t2pp	chol_e	-0.0	-1000.0	0.0	-0.0	Inf
FACOAL80t2pp	dha_e	-0.0	-1000.0	0.0	-0.0	Inf
FACOAL80t2pp	ppal_e	-0.0	-1000.0	0.0	-0.0	Inf
FACOAL80t2pp	h2_e	-0.0	-1000.0	0.0	-0.0	Inf
FACOAL80t2pp	dms_e	-0.0	-1000.0	0.0	-0.0	Inf
FACOAL80t2pp	dmso_e	-0.0	-1000.0	0.0	-0.0	Inf
FACOAL80t2pp	h2o2_e	-0.0	-1000.0	0.0	-0.0	Inf
FACOAL80t2pp	psclys_e	-0.0	-1000.0	0.0	-0.0	Inf
FACOAL80t2pp	duri_e	-0.0	-1000.0	0.0	-0.0	Inf
FACOAL80t2pp	pydx_e	-0.0	-1000.0	0.0	-0.0	Inf
FACOAL80t2pp	pydxn_e	-0.0	-1000.0	0.0	-0.0	Inf
FACOAL80t2pp	etoh_e	-0.0	-1000.0	0.0	-0.0	Inf
FACOAL80t2pp	fald_e	-0.0	0.0	0.0	Inf	Inf
FACOAL80t2pp	rib__D_e	-0.0	-1000.0	0.0	-0.0	Inf
FACOAL80t2pp	rmn_e	-0.0	-1000.0	0.0	-0.0	Inf
FACOAL80t2pp	indole_e	-0.0	-1000.0	0.0	-0.0	Inf
FACOAL80t2pp	inost_e	-0.0	-1000.0	0.0	-0.0	Inf
FACOAL80t2pp	sbt__D_e	-0.0	-1.5785965126278825	0.0	-0.0	Inf
FACOAL80t2pp	k_e	-0.0	-0.15939545538378752	999.8406045446162	-0.0	0.0
FACOAL80t2pp	for_e	-0.0	0.0	2.081004030735206	Inf	0.0
FACOAL80t2pp	slnt_e	-0.0	0.0	1000.0	Inf	0.0
FACOAL80t2pp	fru_e	-0.0	-1000.0	0.0	-0.0	Inf
FACOAL80t2pp	so2_e	-0.0	-1000.0	0.0	-0.0	Inf
FACOAL80t2pp	so3_e	-0.0	-1000.0	0.0	-0.0	Inf
FACOAL80t2pp	so4_e	-0.0	-0.2059557863349255	999.7940442136651	-0.0	0.0
FACOAL80t2pp	lipa_cold_e	-0.0	-1000.0	0.0	-0.0	Inf
FACOAL80t2pp	sucr_e	-0.0	-1000.0	0.0	-0.0	Inf
FACOAL80t2pp	g3pe_e	-0.0	-1000.0	0.0	-0.0	Inf
FACOAL80t2pp	malt_e	-0.0	-1000.0	0.0	-0.0	Inf
FACOAL80t2pp	tartr__L_e	-0.0	-1000.0	0.0	-0.0	Inf
FACOAL80t2pp	g3pi_e	-0.0	-1000.0	0.0	-0.0	Inf
FACOAL80t2pp	malthx_e	-0.0	-1000.0	0.0	-0.0	Inf
FACOAL80t2pp	maltpt_e	-0.0	-1000.0	0.0	-0.0	Inf
FACOAL80t2pp	gal_e	-0.0	-1000.0	0.0	-0.0	Inf
FACOAL80t2pp	gal_bD_e	-0.0	-1000.0	0.0	-0.0	Inf
FACOAL80t2pp	malttr_e	-0.0	-1000.0	0.0	-0.0	Inf
FACOAL80t2pp	maltttr_e	-0.0	-1000.0	0.0	-0.0	Inf
FACOAL80t2pp	man_e	-0.0	-1000.0	0.0	-0.0	Inf
FACOAL80t2pp	thym_e	-0.0	-1000.0	0.0	-0.0	Inf
FACOAL80t2pp	thymd_e	-0.0	-1000.0	0.0	-0.0	Inf
FACOAL80t2pp	galt_e	-0.0	-0.11539109608682815	0.0	-0.0	Inf
FACOAL80t2pp	melib_e	-0.0	-1000.0	0.0	-0.0	Inf
FACOAL80t2pp	meoh_e	-0.0	-999.9999983667913	1.633208739804104e-06	-0.0	0.0
FACOAL80t2pp	tmao_e	-0.0	-1000.0	0.0	-0.0	Inf
FACOAL80t2pp	tre_e	-0.0	-1000.0	0.0	-0.0	Inf
FACOAL80t2pp	metsox_S__L_e	-0.0	-1000.0	0.0	-0.0	Inf
FACOAL80t2pp	glc__D_e	-0.0	-1.5785965126278825	0.19509412788142555	-0.0	0.0
FACOAL80t2pp	mg2_e	-0.0	-0.007084042847054661	999.992915957153	-0.0	0.0
FACOAL80t2pp	mnl_e	-0.0	-1000.0	0.0	-0.0	Inf
FACOAL80t2pp	mobd_e	-0.0	-0.00010534196280787	999.9998946580372	-0.0	0.0
FACOAL80t2pp	glyald_e	-0.0	-1000.0	0.0	-0.0	Inf
FACOAL80t2pp	n2o_e	-0.0	-1000.0	0.0	-0.0	Inf
FACOAL80t2pp	na1_e	-0.0	0.0	1000.0	Inf	0.0
FACOAL80t2pp	nac_e	-0.0	-1000.0	0.0	-0.0	Inf
FACOAL80t2pp	ni2_e	-0.0	-0.00026376320920462604	999.9997362367908	-0.0	0.0
FACOAL80t2pp	no_e	-0.0	-1000.0	0.0	-0.0	Inf
FACOAL80t2pp	no2_e	-0.0	-1000.0	0.0	-0.0	Inf
FACOAL80t2pp	ura_e	-0.0	-1000.0	0.0	-0.0	Inf
FACOAL80t2pp	no3_e	-0.0	-1000.0	0.0	-0.0	Inf
FACOAL80t2pp	urea_e	-0.0	-1000.0	0.0	-0.0	Inf
FACOAL80t2pp	novbcn_e	-0.0	-1000.0	0.0	-0.0	Inf
FACOAL80t2pp	uri_e	-0.0	-1000.0	0.0	-0.0	Inf
FACOAL80t2pp	o2_e	-0.0	-24.7355579463524	975.2644420536476	-0.0	0.0
FACOAL80t2pp	xan_e	-0.0	0.0	0.0	Inf	Inf
FACOAL80t2pp	xtsn_e	-0.0	-1000.0	0.0	-0.0	Inf
FACOAL80t2pp	xyl__D_e	-0.0	-1000.0	0.0	-0.0	Inf
FACOAL80t2pp	xylu__L_e	-0.0	-1000.0	0.0	-0.0	Inf
FACOAL80t2pp	pacald_e	-0.0	-1000.0	0.0	-0.0	Inf
FACOAL80t2pp	12dgr120_p	-0.0	0.0	0.0	Inf	Inf
FACOAL80t2pp	12dgr140_p	-0.0	0.0	0.0	Inf	Inf
FACOAL80t2pp	12dgr160_p	-0.0	-0.05211079080633137	0.0	-0.0	Inf
FACOAL80t2pp	12dgr180_p	-0.0	0.0	0.0	Inf	Inf
FACOAL80t2pp	12ppd__R_p	-0.0	-1000.0	0.0	-0.0	Inf
FACOAL80t2pp	12ppd__S_p	-0.0	0.0	0.0	Inf	Inf
FACOAL80t2pp	chol_p	-0.0	-1000.0	0.0	-0.0	Inf
FACOAL80t2pp	cl_p	-0.0	-0.0042504257082782715	999.9957495742917	-0.0	0.0
FACOAL80t2pp	34dhpac_p	-0.0	-1000.0	0.0	-0.0	Inf
FACOAL80t2pp	cm_p	-0.0	0.0	0.0	Inf	Inf
FACOAL80t2pp	4hoxpacd_p	-0.0	-1000.0	0.0	-0.0	Inf
FACOAL80t2pp	co2_p	-0.0	-973.5202910925728	26.479708907427153	-0.0	0.0
FACOAL80t2pp	5mtr_p	-0.0	-1000.0	0.0	-0.0	Inf
FACOAL80t2pp	LalaDgluMdap_p	-0.0	-0.022691802032882066	0.0	-0.0	Inf
FACOAL80t2pp	gal_p	-0.0	-1000.0	0.0	-0.0	Inf
FACOAL80t2pp	ac_p	-0.0	-1.5785965126278825	0.0	-0.0	Inf
FACOAL80t2pp	crn_p	-0.0	-1000.0	0.0	-0.0	Inf
FACOAL80t2pp	gal_bD_p	-0.0	-1000.0	0.0	-0.0	Inf
FACOAL80t2pp	acald_p	-0.0	-1000.0	0.0	-0.0	Inf
FACOAL80t2pp	acgal_p	-0.0	-1000.0	0.0	-0.0	Inf
FACOAL80t2pp	csn_p	-0.0	0.0	0.0	Inf	Inf
FACOAL80t2pp	acgam_p	-0.0	-1000.0	0.0	-0.0	Inf
FACOAL80t2pp	galt_p	-0.0	-0.11539109608682815	0.0	-0.0	Inf
FACOAL80t2pp	acmana_p	-0.0	-1000.0	0.0	-0.0	Inf
FACOAL80t2pp	cyan_p	-0.0	0.0	0.0	Inf	Inf
FACOAL80t2pp	ade_p	-0.0	-1000.0	0.0	-0.0	Inf
FACOAL80t2pp	adn_p	-0.0	0.0	0.09387988108579876	Inf	0.0
FACOAL80t2pp	cytd_p	-0.0	0.0	0.0	Inf	Inf
FACOAL80t2pp	glc__D_p	-0.0	-1.5785965126278825	0.19509412788142555	-0.0	0.0
FACOAL80t2pp	dad_2_p	-0.0	-1000.0	0.0	-0.0	Inf
FACOAL80t2pp	dcyt_p	-0.0	-1000.0	0.0	-0.0	Inf
FACOAL80t2pp	all__D_p	-0.0	0.0	0.0	Inf	Inf
FACOAL80t2pp	alltn_p	-0.0	0.0	0.0	Inf	Inf
FACOAL80t2pp	dha_p	-0.0	-1000.0	0.0	-0.0	Inf
FACOAL80t2pp	glyald_p	-0.0	-1000.0	0.0	-0.0	Inf
FACOAL80t2pp	glyb_p	0.0	0.0	0.0	Inf	Inf
FACOAL80t2pp	dms_p	-0.0	-1000.0	0.0	-0.0	Inf
FACOAL80t2pp	glyc_p	-0.0	-0.11353087134833481	0.0	-0.0	Inf
FACOAL80t2pp	dmso_p	-0.0	-1000.0	0.0	-0.0	Inf
FACOAL80t2pp	arab__L_p	-0.0	0.0	0.0	Inf	Inf
FACOAL80t2pp	arbt_p	0.0	0.0	0.0	Inf	Inf
FACOAL80t2pp	ca2_p	-0.0	-0.0042504257082782715	999.9957495742917	-0.0	0.0
FACOAL80t2pp	duri_p	-0.0	-1000.0	0.0	-0.0	Inf
FACOAL80t2pp	h2_p	-0.0	-1000.0	0.0	-0.0	Inf
FACOAL80t2pp	h2o2_p	-0.0	-1000.0	0.0	-0.0	Inf
FACOAL80t2pp	etoh_p	-0.0	-1000.0	0.0	-0.0	Inf
FACOAL80t2pp	fald_p	-0.0	0.0	0.0	Inf	Inf
FACOAL80t2pp	n2o_p	-0.0	-1000.0	0.0	-0.0	Inf
FACOAL80t2pp	na1_p	-0.0	0.0	0.0	Inf	Inf
FACOAL80t2pp	indole_p	-0.0	0.0	0.10319028251579533	Inf	0.0
FACOAL80t2pp	nac_p	-0.0	-1000.0	0.0	-0.0	Inf
FACOAL80t2pp	ni2_p	-0.0	-0.00026376320920462604	999.9997362367908	-0.0	0.0
FACOAL80t2pp	inost_p	-0.0	-1000.0	0.0	-0.0	Inf
FACOAL80t2pp	no_p	-0.0	-1000.0	0.0	-0.0	Inf
FACOAL80t2pp	no2_p	-0.0	-1000.0	0.0	-0.0	Inf
FACOAL80t2pp	for_p	-0.0	0.0	2.081004030735206	Inf	0.0
FACOAL80t2pp	fru_p	-0.0	-1000.0	0.0	-0.0	Inf
FACOAL80t2pp	no3_p	-0.0	0.0	0.0	Inf	Inf
FACOAL80t2pp	k_p	-0.0	-0.15939545538378752	999.8406045446162	-0.0	0.0
FACOAL80t2pp	novbcn_p	-0.0	0.0	0.0	Inf	Inf
FACOAL80t2pp	o2_p	-0.0	-24.7355579463524	975.2644420536476	-0.0	0.0
FACOAL80t2pp	lipa_cold_p	-0.0	-3.121506046102809	0.0	-0.0	Inf
FACOAL80t2pp	g3pe_p	-0.0	0.0	0.0	Inf	Inf
FACOAL80t2pp	g3pi_p	-0.0	0.0	0.0	Inf	Inf
FACOAL80t2pp	so3_p	-0.0	-1000.0	0.0	-0.0	Inf
FACOAL80t2pp	so4_p	-0.0	-0.2059557863349255	999.7940442136651	-0.0	0.0
FACOAL80t2pp	malt_p	0.0	0.0	0.0	Inf	Inf
FACOAL80t2pp	malthx_p	0.0	0.0	0.0	Inf	Inf
FACOAL80t2pp	maltpt_p	0.0	0.0	0.0	Inf	Inf
FACOAL80t2pp	sucr_p	-0.0	-1000.0	0.0	-0.0	Inf
FACOAL80t2pp	malttr_p	0.0	0.0	0.0	Inf	Inf
FACOAL80t2pp	maltttr_p	0.0	0.0	0.0	Inf	Inf
FACOAL80t2pp	pacald_p	-0.0	-1000.0	0.0	-0.0	Inf
FACOAL80t2pp	man_p	-0.0	-1000.0	0.0	-0.0	Inf
FACOAL80t2pp	tartr__L_p	-0.0	-1000.0	0.0	-0.0	Inf
FACOAL80t2pp	pe120_p	-0.0	0.0	0.0	Inf	Inf
FACOAL80t2pp	melib_p	-0.0	-1000.0	0.0	-0.0	Inf
FACOAL80t2pp	meoh_p	-0.0	-999.9999983667913	1.633208739804104e-06	-0.0	0.0
FACOAL80t2pp	thym_p	-0.0	-1000.0	0.0	-0.0	Inf
FACOAL80t2pp	thymd_p	-0.0	-0.02136726975641068	0.0	-0.0	Inf
FACOAL80t2pp	pg120_p	-0.0	-0.056765435674167405	0.0	-0.0	Inf
FACOAL80t2pp	metsox_S__L_p	-0.0	-1000.0	0.0	-0.0	Inf
FACOAL80t2pp	tmao_p	-0.0	-1000.0	0.0	-0.0	Inf
FACOAL80t2pp	mg2_p	-0.0	-0.007084042847054661	999.992915957153	-0.0	0.0
FACOAL80t2pp	tre_p	-0.0	0.0	0.0	Inf	Inf
FACOAL80t2pp	mnl_p	-0.0	0.0	0.0	Inf	Inf
FACOAL80t2pp	mobd_p	-0.0	-0.00010534196280787	999.9998946580372	-0.0	0.0
FACOAL80t2pp	ura_p	-0.0	-1000.0	0.0	-0.0	Inf
FACOAL80t2pp	urea_p	-0.0	-1000.0	0.0	-0.0	Inf
FACOAL80t2pp	uri_p	-0.0	0.0	0.0	Inf	Inf
FACOAL80t2pp	xan_p	-0.0	-0.08918054585204432	0.0	-0.0	Inf
FACOAL80t2pp	xtsn_p	-0.0	0.0	0.0	Inf	Inf
FACOAL80t2pp	xyl__D_p	-0.0	0.0	0.0	Inf	Inf
FACOAL80t2pp	xylu__L_p	-0.0	-1000.0	0.0	-0.0	Inf
FACOAL80t2pp	ppal_p	-0.0	-1000.0	0.0	-0.0	Inf
FACOAL80t2pp	psclys_p	-0.0	-1000.0	0.0	-0.0	Inf
FACOAL80t2pp	pydx_p	-0.0	0.0	0.0	Inf	Inf
FACOAL80t2pp	pydxn_p	-0.0	0.0	0.0	Inf	Inf
FACOAL80t2pp	rib__D_p	-0.0	-1000.0	0.0	-0.0	Inf
FACOAL80t2pp	rmn_p	-0.0	-1000.0	0.0	-0.0	Inf
FACOAL80t2pp	sbt__D_p	-0.0	-1.5785965126278825	0.0	-0.0	Inf
FACOAL80t2pp	slnt_p	-0.0	0.0	0.0	Inf	Inf
FACOAL80t2pp	so2_p	-0.0	-1000.0	0.0	-0.0	Inf
