Reaction	Metabolite	ShadowPrice	G-	G+	DecrementalShadowPrice	IncrementalShadowPrice
GLCRtex_f	12dgr120_c	-0.0	0.0	0.0	Inf	Inf
GLCRtex_f	12dgr140_c	-0.0	0.0	0.0	Inf	Inf
GLCRtex_f	12dgr160_c	-0.0	-0.05211079080633137	0.0	-0.0	Inf
GLCRtex_f	12dgr180_c	-0.0	0.0	0.0	Inf	Inf
GLCRtex_f	12ppd__R_c	-0.0	-1000.0	0.0	-0.0	Inf
GLCRtex_f	12ppd__S_c	-0.0	0.0	0.0	Inf	Inf
GLCRtex_f	5drib_c	-0.0	-999.9998162640184	0.0001837359816251067	-0.0	0.0
GLCRtex_f	5mta_c	-0.0	-0.08918054585204432	0.0	-0.0	Inf
GLCRtex_f	23dhacoa_c	-0.0	-0.00047036411160661373	0.0	-0.0	Inf
GLCRtex_f	5mtr_c	-0.0	-1000.0	0.0	-0.0	Inf
GLCRtex_f	3amac_c	-0.0	-4.162008061470412	0.0	-0.0	Inf
GLCRtex_f	LalaDgluMdap_c	-0.0	-0.022691802032882066	0.0	-0.0	Inf
GLCRtex_f	ac_c	-0.0	-1.5785965126278825	0.4757341032485432	-0.0	0.0
GLCRtex_f	acald_c	-0.0	0.0	0.4994409673764494	Inf	0.0
GLCRtex_f	acetol_c	-0.0	0.0	0.0	Inf	Inf
GLCRtex_f	acgam_c	-0.0	-0.07715931303024622	0.0	-0.0	Inf
GLCRtex_f	acgam6p_c	-0.0	-0.07715931303024622	0.0	-0.0	Inf
GLCRtex_f	acmalt_c	0.0	0.0	0.0	Inf	Inf
GLCRtex_f	acmana_c	-0.0	-0.07715931303024622	0.0	-0.0	Inf
GLCRtex_f	2dmmq8_c	-0.0	0.0	0.0	Inf	Inf
GLCRtex_f	2dmmql8_c	0.0	0.0	0.0	Inf	Inf
GLCRtex_f	ade_c	-0.0	-0.08918054585204432	0.16650963311141218	-0.0	0.0
GLCRtex_f	adn_c	-0.0	-0.08918054585204432	0.0931792849582928	-0.0	0.0
GLCRtex_f	3sala_c	0.0	0.0	0.0	Inf	Inf
GLCRtex_f	adphep_DD_c	-0.0	0.0	0.0	Inf	Inf
GLCRtex_f	adphep_LD_c	-0.0	0.0	0.0	Inf	Inf
GLCRtex_f	4ahmmp_c	0.0	0.0	0.0	Inf	Inf
GLCRtex_f	4crsol_c	-0.0	-999.9998178972271	0.0001821027728995502	-0.0	0.0
GLCRtex_f	2ohph_c	-0.0	-0.0001821027728995502	0.01642897919001478	-0.0	0.0
GLCRtex_f	2ombzl_c	-0.0	0.0	0.0	Inf	Inf
GLCRtex_f	2omhmbl_c	-0.0	0.0	0.0	Inf	Inf
GLCRtex_f	2ommbl_c	0.0	0.0	0.0	Inf	Inf
GLCRtex_f	2omph_c	-0.0	0.0	0.01475889383500146	Inf	0.0
GLCRtex_f	4mhetz_c	0.0	0.0	0.0	Inf	Inf
GLCRtex_f	2oph_c	-0.0	-0.0001821027728995502	0.01649408742986953	-0.0	0.0
GLCRtex_f	2oxpaccoa_c	-0.0	-0.00047036411160661373	0.0	-0.0	Inf
GLCRtex_f	all__D_c	-0.0	-1.5785965126278825	0.0	-0.0	Inf
GLCRtex_f	alltn_c	-0.0	-1.8773815960673417	0.0	-0.0	Inf
GLCRtex_f	4r5au_c	-0.0	-0.0003642055455687184	0.09180900135596497	-0.0	0.0
GLCRtex_f	56dura_c	0.0	0.0	0.0	Inf	Inf
GLCRtex_f	arab__L_c	-0.0	-1.5785965126278825	0.0	-0.0	Inf
GLCRtex_f	etoh_c	-0.0	-1000.0	0.0	-0.0	Inf
GLCRtex_f	csn_c	-0.0	0.0	0.14772781224701248	Inf	0.0
GLCRtex_f	fald_c	-0.0	0.0	0.0	Inf	Inf
GLCRtex_f	fc1p_c	-0.0	-0.11539109608682815	0.0	-0.0	Inf
GLCRtex_f	fcl__L_c	-0.0	0.0	0.0	Inf	Inf
GLCRtex_f	aso4_c	0.0	0.0	0.0	Inf	Inf
GLCRtex_f	cyan_c	0.0	0.0	0.0	Inf	Inf
GLCRtex_f	athtp_c	0.0	0.0	0.0	Inf	Inf
GLCRtex_f	cytd_c	-0.0	0.0	0.0	Inf	Inf
GLCRtex_f	dad_2_c	-0.0	0.0	0.0	Inf	Inf
GLCRtex_f	dad_5_c	-0.0	-0.08918054585204432	0.0001837359816251067	-0.0	0.0
GLCRtex_f	betald_c	0.0	0.0	0.0	Inf	Inf
GLCRtex_f	btal_c	-0.0	-753.5640066203501	0.0	-0.0	Inf
GLCRtex_f	for_c	-0.0	-0.08918054585204432	2.081004030735206	-0.0	0.0
GLCRtex_f	dcyt_c	-0.0	0.0	0.0	Inf	Inf
GLCRtex_f	fru_c	-0.0	-1.5785965126278825	0.19209267976017286	-0.0	0.0
GLCRtex_f	ca2_c	-0.0	-0.0042504257082782715	999.9957495742917	-0.0	0.0
GLCRtex_f	g3pe_c	-0.0	0.0	0.0	Inf	Inf
GLCRtex_f	g3pi_c	0.0	0.0	0.0	Inf	Inf
GLCRtex_f	cbm_c	-0.0	-3.7547631921346833	0.0	-0.0	Inf
GLCRtex_f	dha_c	-0.0	-125.59400110339169	0.0	-0.0	Inf
GLCRtex_f	gal_c	-0.0	0.0	0.0	Inf	Inf
GLCRtex_f	dhgly_c	-0.0	-0.0001821027728995502	0.06503137596047519	-0.0	0.0
GLCRtex_f	dhmptp_c	0.0	0.0	0.0	Inf	Inf
GLCRtex_f	gcald_c	-0.0	-2.4166246538216	0.0005463083186896256	-0.0	0.0
GLCRtex_f	dhptd_c	-0.0	-48.04284938630852	0.0003658387545389045	-0.0	0.0
GLCRtex_f	cechddd_c	-0.0	0.0	0.0	Inf	Inf
GLCRtex_f	dhptdn_c	0.0	0.0	0.0	Inf	Inf
GLCRtex_f	chol_c	0.0	0.0	0.0	Inf	Inf
GLCRtex_f	chtbs6p_c	-0.0	0.0	0.0	Inf	Inf
GLCRtex_f	dmbzid_c	0.0	0.0	0.0	Inf	Inf
GLCRtex_f	dms_c	0.0	0.0	0.0	Inf	Inf
GLCRtex_f	dmso_c	0.0	0.0	0.0	Inf	Inf
GLCRtex_f	cl_c	-0.0	-0.004250425708260802	999.9957495742917	-0.0	0.0
GLCRtex_f	glc__D_c	-0.0	-1.5785965126278825	0.19209267976017286	-0.0	0.0
GLCRtex_f	co2_c	-0.0	-973.5202910925728	26.479708907427153	-0.0	0.0
GLCRtex_f	dscl_c	-0.0	-0.0001821027728995502	0.019062632342612573	-0.0	0.0
GLCRtex_f	dtdp4aaddg_c	-0.0	0.0	0.0	Inf	Inf
GLCRtex_f	glyald_c	-0.0	-1000.0	0.0	-0.0	Inf
GLCRtex_f	crn_c	-0.0	-1000.0	0.0	-0.0	Inf
GLCRtex_f	duri_c	-0.0	0.0	0.0	Inf	Inf
GLCRtex_f	glyb_c	0.0	0.0	0.0	Inf	Inf
GLCRtex_f	glyc_c	-0.0	-0.11353087134833481	0.0	-0.0	Inf
GLCRtex_f	dxyl_c	0.0	0.0	0.0	Inf	Inf
GLCRtex_f	glycogen_c	-0.0	-1.5785965126278825	0.0	-0.0	Inf
GLCRtex_f	gmhep1p_c	-0.0	0.0	0.1486431450525147	Inf	0.0
GLCRtex_f	lipa_cold_c	-0.0	0.0	0.0	Inf	Inf
GLCRtex_f	lipidA_c	-0.0	-0.015887854482201647	0.012766895894081018	-0.0	0.0
GLCRtex_f	malt_c	0.0	0.0	0.0	Inf	Inf
GLCRtex_f	h2_c	-0.0	0.0	0.0	Inf	Inf
GLCRtex_f	malthx_c	-0.0	0.0	0.0	Inf	Inf
GLCRtex_f	maltpt_c	-0.0	0.0	0.0	Inf	Inf
GLCRtex_f	malttr_c	-0.0	0.0	0.0	Inf	Inf
GLCRtex_f	maltttr_c	-0.0	0.0	0.0	Inf	Inf
GLCRtex_f	h2o2_c	-0.0	-49.471115892704745	0.0020423275113898853	-0.0	0.0
GLCRtex_f	man_c	-0.0	-1.5785965126278825	0.0	-0.0	Inf
GLCRtex_f	mdhdhf_c	-0.0	-48.04284938630852	0.0003658387545389045	-0.0	0.0
GLCRtex_f	melib_c	-0.0	0.0	0.0	Inf	Inf
GLCRtex_f	meoh_c	-0.0	-999.9999983667913	1.633208739804104e-06	-0.0	0.0
GLCRtex_f	pacald_c	-0.0	-1000.0	0.0	-0.0	Inf
GLCRtex_f	metsox_S__L_c	-0.0	-0.08918054585204432	0.0	-0.0	Inf
GLCRtex_f	mg2_c	-0.0	-0.007084042847054661	999.992915957153	-0.0	0.0
GLCRtex_f	hhlipa_c	-0.0	0.0	0.0	Inf	Inf
GLCRtex_f	pe120_c	-0.0	0.0	0.0	Inf	Inf
GLCRtex_f	mobd_c	-0.0	-0.0001053419627983945	3.121506046102809	-0.0	0.0
GLCRtex_f	hlipa_c	-0.0	0.0	0.0	Inf	Inf
GLCRtex_f	pg120_c	-0.0	-0.056765435674167405	0.0	-0.0	Inf
GLCRtex_f	mql8_c	0.0	0.0	0.0	Inf	Inf
GLCRtex_f	mqn8_c	-0.0	0.0	0.0	Inf	Inf
GLCRtex_f	mthgxl_c	-0.0	-1.5785965126278825	0.0	-0.0	Inf
GLCRtex_f	hqn_c	0.0	0.0	0.0	Inf	Inf
GLCRtex_f	mththf_c	-0.0	-999.9996341612455	0.0003658387545389045	-0.0	0.0
GLCRtex_f	n2o_c	-0.0	-1000.0	0.0	-0.0	Inf
GLCRtex_f	na1_c	-0.0	0.0	0.0	Inf	Inf
GLCRtex_f	nac_c	-0.0	0.0	0.0	Inf	Inf
GLCRtex_f	ncam_c	-0.0	0.0	0.0	Inf	Inf
GLCRtex_f	ni2_c	-0.0	-0.0002637632091773754	999.9997362367908	-0.0	0.0
GLCRtex_f	no_c	-0.0	-1000.0	0.0	-0.0	Inf
GLCRtex_f	indole_c	-0.0	-0.046418241793404175	0.10234446052796095	-0.0	0.0
GLCRtex_f	no2_c	-0.0	-1000.0	0.0	-0.0	Inf
GLCRtex_f	no3_c	0.0	0.0	0.0	Inf	Inf
GLCRtex_f	inost_c	0.0	0.0	0.0	Inf	Inf
GLCRtex_f	o2_c	-0.0	-24.735557946352372	975.2644420536476	-0.0	0.0
GLCRtex_f	poaac_c	-0.0	-1.3873360204901373	0.0	-0.0	Inf
GLCRtex_f	ppal_c	-0.0	0.0	0.0	Inf	Inf
GLCRtex_f	k_c	-0.0	-0.15939545538377534	12.486024184411235	-0.0	0.0
GLCRtex_f	psclys_c	-0.0	0.0	0.0	Inf	Inf
GLCRtex_f	lald__D_c	-0.0	0.0	0.0	Inf	Inf
GLCRtex_f	lald__L_c	-0.0	-1.5785965126278825	0.0	-0.0	Inf
GLCRtex_f	ura_c	-0.0	-0.2701286401851123	0.0	-0.0	Inf
GLCRtex_f	pydx_c	-0.0	0.0	0.1261214564081943	Inf	0.0
GLCRtex_f	uracp_c	-0.0	-1.5607530230514044	0.0	-0.0	Inf
GLCRtex_f	pydxn_c	-0.0	0.0	0.12005792485010804	Inf	0.0
GLCRtex_f	urate_c	-0.0	-1.8773815960673417	0.0	-0.0	Inf
GLCRtex_f	q8_c	0.0	0.0	0.0	Inf	Inf
GLCRtex_f	q8h2_c	-0.0	0.0	0.0	Inf	Inf
GLCRtex_f	urea_c	-0.0	-1000.0	0.0	-0.0	Inf
GLCRtex_f	uri_c	-0.0	0.0	0.0	Inf	Inf
GLCRtex_f	rbflvrd_c	-0.0	0.0	0.04459027292602216	Inf	0.0
GLCRtex_f	rbl__L_c	-0.0	-1.5785965126278825	0.0	-0.0	Inf
GLCRtex_f	rdmbzi_c	0.0	0.0	0.0	Inf	Inf
GLCRtex_f	thptdn_c	0.0	0.0	0.0	Inf	Inf
GLCRtex_f	xan_c	-0.0	-0.08918054585204432	0.0	-0.0	Inf
GLCRtex_f	rephaccoa_c	-0.0	-0.00047036411160661373	0.0	-0.0	Inf
GLCRtex_f	rib__D_c	-0.0	0.0	0.1981908600700196	Inf	0.0
GLCRtex_f	xtsn_c	-0.0	0.0	0.0	Inf	Inf
GLCRtex_f	rml_c	-0.0	-0.11539109608682815	0.0	-0.0	Inf
GLCRtex_f	thym_c	-0.0	-12.486024184411235	0.0	-0.0	Inf
GLCRtex_f	thymd_c	-0.0	-0.02136726975641068	0.0	-0.0	Inf
GLCRtex_f	xu5p__L_c	-0.0	-0.7877218830670927	0.0	-0.0	Inf
GLCRtex_f	rmn_c	-0.0	-0.11539109608682815	0.0	-0.0	Inf
GLCRtex_f	xyl__D_c	0.0	0.0	0.0	Inf	Inf
GLCRtex_f	tmao_c	0.0	0.0	0.0	Inf	Inf
GLCRtex_f	xylu__D_c	-0.0	0.0	0.0	Inf	Inf
GLCRtex_f	xylu__L_c	-0.0	-1.5785965126278825	0.0	-0.0	Inf
GLCRtex_f	12ppd__R_e	-0.0	-1000.0	0.0	-0.0	Inf
GLCRtex_f	12ppd__S_e	-0.0	-1000.0	0.0	-0.0	Inf
GLCRtex_f	tre_c	-0.0	-0.7892982563139412	0.0	-0.0	Inf
GLCRtex_f	seln_c	0.0	0.0	0.0	Inf	Inf
GLCRtex_f	34dhpac_e	-0.0	-1000.0	0.0	-0.0	Inf
GLCRtex_f	slnt_c	0.0	0.0	0.0	Inf	Inf
GLCRtex_f	so2_c	0.0	0.0	0.0	Inf	Inf
GLCRtex_f	so3_c	-0.0	-0.20241335660923365	0.6936680102450686	-0.0	0.0
GLCRtex_f	so4_c	-0.0	-0.2059557863349255	12.486024184411235	-0.0	0.0
GLCRtex_f	4hoxpacd_e	-0.0	-1000.0	0.0	-0.0	Inf
GLCRtex_f	5mtr_e	-0.0	-1000.0	0.0	-0.0	Inf
GLCRtex_f	LalaDgluMdap_e	-0.0	-1000.0	0.0	-0.0	Inf
GLCRtex_f	ac_e	-0.0	0.0	0.0	Inf	Inf
GLCRtex_f	acald_e	-0.0	-1000.0	0.0	-0.0	Inf
GLCRtex_f	acgal_e	-0.0	-1000.0	0.0	-0.0	Inf
GLCRtex_f	acgam_e	-0.0	-1000.0	0.0	-0.0	Inf
GLCRtex_f	acmana_e	-0.0	-1000.0	0.0	-0.0	Inf
GLCRtex_f	tagur_c	-0.0	0.0	0.0	Inf	Inf
GLCRtex_f	tartr__L_c	-0.0	-1.5785965126278825	0.0	-0.0	Inf
GLCRtex_f	ade_e	-0.0	-1000.0	0.0	-0.0	Inf
GLCRtex_f	adn_e	-0.0	-1000.0	0.0	-0.0	Inf
GLCRtex_f	all__D_e	-0.0	-1000.0	0.0	-0.0	Inf
GLCRtex_f	cl_e	-0.0	-0.0042504257082782715	999.9957495742917	-0.0	0.0
GLCRtex_f	alltn_e	-0.0	0.0	0.0	Inf	Inf
GLCRtex_f	cm_e	-0.0	-1000.0	0.0	-0.0	Inf
GLCRtex_f	co2_e	-0.0	-973.5202910925728	26.479708907427153	-0.0	0.0
GLCRtex_f	arab__L_e	-0.0	-1000.0	0.0	-0.0	Inf
GLCRtex_f	arbt_e	-0.0	-1000.0	0.0	-0.0	Inf
GLCRtex_f	unagamu_c	-0.0	0.0	0.011350931076737486	Inf	0.0
GLCRtex_f	crn_e	-0.0	-1000.0	0.0	-0.0	Inf
GLCRtex_f	csn_e	-0.0	-1000.0	0.0	-0.0	Inf
GLCRtex_f	cyan_e	-0.0	-1000.0	0.0	-0.0	Inf
GLCRtex_f	glyb_e	-0.0	-1000.0	0.0	-0.0	Inf
GLCRtex_f	glyc_e	-0.0	-1000.0	0.0	-0.0	Inf
GLCRtex_f	cytd_e	-0.0	-1000.0	0.0	-0.0	Inf
GLCRtex_f	ca2_e	-0.0	-0.0042504257082782715	999.9957495742917	-0.0	0.0
GLCRtex_f	dad_2_e	-0.0	-1000.0	0.0	-0.0	Inf
GLCRtex_f	dcyt_e	-0.0	-1000.0	0.0	-0.0	Inf
GLCRtex_f	chol_e	-0.0	-1000.0	0.0	-0.0	Inf
GLCRtex_f	dha_e	-0.0	-1000.0	0.0	-0.0	Inf
GLCRtex_f	ppal_e	-0.0	-1000.0	0.0	-0.0	Inf
GLCRtex_f	h2_e	-0.0	-1000.0	0.0	-0.0	Inf
GLCRtex_f	dms_e	-0.0	-1000.0	0.0	-0.0	Inf
GLCRtex_f	dmso_e	-0.0	-1000.0	0.0	-0.0	Inf
GLCRtex_f	h2o2_e	-0.0	-1000.0	0.0	-0.0	Inf
GLCRtex_f	psclys_e	-0.0	-1000.0	0.0	-0.0	Inf
GLCRtex_f	duri_e	-0.0	-1000.0	0.0	-0.0	Inf
GLCRtex_f	pydx_e	-0.0	-1000.0	0.0	-0.0	Inf
GLCRtex_f	pydxn_e	-0.0	-1000.0	0.0	-0.0	Inf
GLCRtex_f	etoh_e	-0.0	-1000.0	0.0	-0.0	Inf
GLCRtex_f	fald_e	-0.0	0.0	0.0	Inf	Inf
GLCRtex_f	rib__D_e	-0.0	-1000.0	0.0	-0.0	Inf
GLCRtex_f	rmn_e	-0.0	-1000.0	0.0	-0.0	Inf
GLCRtex_f	indole_e	-0.0	-1000.0	0.0	-0.0	Inf
GLCRtex_f	inost_e	-0.0	-1000.0	0.0	-0.0	Inf
GLCRtex_f	sbt__D_e	-0.0	-1.5785965126278825	0.0	-0.0	Inf
GLCRtex_f	k_e	-0.0	-0.15939545538378752	999.8406045446162	-0.0	0.0
GLCRtex_f	for_e	-0.0	0.0	2.081004030735206	Inf	0.0
GLCRtex_f	slnt_e	-0.0	0.0	1000.0	Inf	0.0
GLCRtex_f	fru_e	-0.0	-1000.0	0.0	-0.0	Inf
GLCRtex_f	so2_e	-0.0	-1000.0	0.0	-0.0	Inf
GLCRtex_f	so3_e	-0.0	-1000.0	0.0	-0.0	Inf
GLCRtex_f	so4_e	-0.0	-0.2059557863349255	999.7940442136651	-0.0	0.0
GLCRtex_f	lipa_cold_e	-0.0	-1000.0	0.0	-0.0	Inf
GLCRtex_f	sucr_e	-0.0	-1000.0	0.0	-0.0	Inf
GLCRtex_f	g3pe_e	-0.0	-1000.0	0.0	-0.0	Inf
GLCRtex_f	malt_e	-0.0	-1000.0	0.0	-0.0	Inf
GLCRtex_f	tartr__L_e	-0.0	-1000.0	0.0	-0.0	Inf
GLCRtex_f	g3pi_e	-0.0	-1000.0	0.0	-0.0	Inf
GLCRtex_f	malthx_e	-0.0	-1000.0	0.0	-0.0	Inf
GLCRtex_f	maltpt_e	-0.0	-1000.0	0.0	-0.0	Inf
GLCRtex_f	gal_e	-0.0	-1000.0	0.0	-0.0	Inf
GLCRtex_f	gal_bD_e	-0.0	-1000.0	0.0	-0.0	Inf
GLCRtex_f	malttr_e	-0.0	-1000.0	0.0	-0.0	Inf
GLCRtex_f	maltttr_e	-0.0	-1000.0	0.0	-0.0	Inf
GLCRtex_f	man_e	-0.0	-1000.0	0.0	-0.0	Inf
GLCRtex_f	thym_e	-0.0	-1000.0	0.0	-0.0	Inf
GLCRtex_f	thymd_e	-0.0	-1000.0	0.0	-0.0	Inf
GLCRtex_f	galt_e	-0.0	-0.11539109608682815	0.0	-0.0	Inf
GLCRtex_f	melib_e	-0.0	-1000.0	0.0	-0.0	Inf
GLCRtex_f	meoh_e	-0.0	-999.9999983667913	1.633208739804104e-06	-0.0	0.0
GLCRtex_f	tmao_e	-0.0	-1000.0	0.0	-0.0	Inf
GLCRtex_f	tre_e	-0.0	-1000.0	0.0	-0.0	Inf
GLCRtex_f	metsox_S__L_e	-0.0	-1000.0	0.0	-0.0	Inf
GLCRtex_f	glc__D_e	-0.0	-1.5785965126278825	0.19509412788142555	-0.0	0.0
GLCRtex_f	mg2_e	-0.0	-0.007084042847054661	999.992915957153	-0.0	0.0
GLCRtex_f	mnl_e	-0.0	-1000.0	0.0	-0.0	Inf
GLCRtex_f	mobd_e	-0.0	-0.00010534196280787	999.9998946580372	-0.0	0.0
GLCRtex_f	glyald_e	-0.0	-1000.0	0.0	-0.0	Inf
GLCRtex_f	n2o_e	-0.0	-1000.0	0.0	-0.0	Inf
GLCRtex_f	na1_e	-0.0	0.0	1000.0	Inf	0.0
GLCRtex_f	nac_e	-0.0	-1000.0	0.0	-0.0	Inf
GLCRtex_f	ni2_e	-0.0	-0.00026376320920462604	999.9997362367908	-0.0	0.0
GLCRtex_f	no_e	-0.0	-1000.0	0.0	-0.0	Inf
GLCRtex_f	no2_e	-0.0	-1000.0	0.0	-0.0	Inf
GLCRtex_f	ura_e	-0.0	-1000.0	0.0	-0.0	Inf
GLCRtex_f	no3_e	-0.0	-1000.0	0.0	-0.0	Inf
GLCRtex_f	urea_e	-0.0	-1000.0	0.0	-0.0	Inf
GLCRtex_f	novbcn_e	-0.0	-1000.0	0.0	-0.0	Inf
GLCRtex_f	uri_e	-0.0	-1000.0	0.0	-0.0	Inf
GLCRtex_f	o2_e	-0.0	-24.7355579463524	975.2644420536476	-0.0	0.0
GLCRtex_f	xan_e	-0.0	0.0	0.0	Inf	Inf
GLCRtex_f	xtsn_e	-0.0	-1000.0	0.0	-0.0	Inf
GLCRtex_f	xyl__D_e	-0.0	-1000.0	0.0	-0.0	Inf
GLCRtex_f	xylu__L_e	-0.0	-1000.0	0.0	-0.0	Inf
GLCRtex_f	pacald_e	-0.0	-1000.0	0.0	-0.0	Inf
GLCRtex_f	12dgr120_p	-0.0	0.0	0.0	Inf	Inf
GLCRtex_f	12dgr140_p	-0.0	0.0	0.0	Inf	Inf
GLCRtex_f	12dgr160_p	-0.0	-0.05211079080633137	0.0	-0.0	Inf
GLCRtex_f	12dgr180_p	-0.0	0.0	0.0	Inf	Inf
GLCRtex_f	12ppd__R_p	-0.0	-1000.0	0.0	-0.0	Inf
GLCRtex_f	12ppd__S_p	-0.0	0.0	0.0	Inf	Inf
GLCRtex_f	chol_p	-0.0	-1000.0	0.0	-0.0	Inf
GLCRtex_f	cl_p	-0.0	-0.0042504257082782715	999.9957495742917	-0.0	0.0
GLCRtex_f	34dhpac_p	-0.0	-1000.0	0.0	-0.0	Inf
GLCRtex_f	cm_p	-0.0	0.0	0.0	Inf	Inf
GLCRtex_f	4hoxpacd_p	-0.0	-1000.0	0.0	-0.0	Inf
GLCRtex_f	co2_p	-0.0	-973.5202910925728	26.479708907427153	-0.0	0.0
GLCRtex_f	5mtr_p	-0.0	-1000.0	0.0	-0.0	Inf
GLCRtex_f	LalaDgluMdap_p	-0.0	-0.022691802032882066	0.0	-0.0	Inf
GLCRtex_f	gal_p	-0.0	-1000.0	0.0	-0.0	Inf
GLCRtex_f	ac_p	-0.0	-1.5785965126278825	0.0	-0.0	Inf
GLCRtex_f	crn_p	-0.0	-1000.0	0.0	-0.0	Inf
GLCRtex_f	gal_bD_p	-0.0	-1000.0	0.0	-0.0	Inf
GLCRtex_f	acald_p	-0.0	-1000.0	0.0	-0.0	Inf
GLCRtex_f	acgal_p	-0.0	-1000.0	0.0	-0.0	Inf
GLCRtex_f	csn_p	-0.0	0.0	0.0	Inf	Inf
GLCRtex_f	acgam_p	-0.0	-1000.0	0.0	-0.0	Inf
GLCRtex_f	galt_p	-0.0	-0.11539109608682815	0.0	-0.0	Inf
GLCRtex_f	acmana_p	-0.0	-1000.0	0.0	-0.0	Inf
GLCRtex_f	cyan_p	-0.0	0.0	0.0	Inf	Inf
GLCRtex_f	ade_p	-0.0	-1000.0	0.0	-0.0	Inf
GLCRtex_f	adn_p	-0.0	0.0	0.09387988108579876	Inf	0.0
GLCRtex_f	cytd_p	-0.0	0.0	0.0	Inf	Inf
GLCRtex_f	glc__D_p	-0.0	-1.5785965126278825	0.19509412788142555	-0.0	0.0
GLCRtex_f	dad_2_p	-0.0	-1000.0	0.0	-0.0	Inf
GLCRtex_f	dcyt_p	-0.0	-1000.0	0.0	-0.0	Inf
GLCRtex_f	all__D_p	-0.0	0.0	0.0	Inf	Inf
GLCRtex_f	alltn_p	-0.0	0.0	0.0	Inf	Inf
GLCRtex_f	dha_p	-0.0	-1000.0	0.0	-0.0	Inf
GLCRtex_f	glyald_p	-0.0	-1000.0	0.0	-0.0	Inf
GLCRtex_f	glyb_p	0.0	0.0	0.0	Inf	Inf
GLCRtex_f	dms_p	-0.0	-1000.0	0.0	-0.0	Inf
GLCRtex_f	glyc_p	-0.0	-0.11353087134833481	0.0	-0.0	Inf
GLCRtex_f	dmso_p	-0.0	-1000.0	0.0	-0.0	Inf
GLCRtex_f	arab__L_p	-0.0	0.0	0.0	Inf	Inf
GLCRtex_f	arbt_p	0.0	0.0	0.0	Inf	Inf
GLCRtex_f	ca2_p	-0.0	-0.0042504257082782715	999.9957495742917	-0.0	0.0
GLCRtex_f	duri_p	-0.0	-1000.0	0.0	-0.0	Inf
GLCRtex_f	h2_p	-0.0	-1000.0	0.0	-0.0	Inf
GLCRtex_f	h2o2_p	-0.0	-1000.0	0.0	-0.0	Inf
GLCRtex_f	etoh_p	-0.0	-1000.0	0.0	-0.0	Inf
GLCRtex_f	fald_p	-0.0	0.0	0.0	Inf	Inf
GLCRtex_f	n2o_p	-0.0	-1000.0	0.0	-0.0	Inf
GLCRtex_f	na1_p	-0.0	0.0	0.0	Inf	Inf
GLCRtex_f	indole_p	-0.0	0.0	0.10319028251579533	Inf	0.0
GLCRtex_f	nac_p	-0.0	-1000.0	0.0	-0.0	Inf
GLCRtex_f	ni2_p	-0.0	-0.00026376320920462604	999.9997362367908	-0.0	0.0
GLCRtex_f	inost_p	-0.0	-1000.0	0.0	-0.0	Inf
GLCRtex_f	no_p	-0.0	-1000.0	0.0	-0.0	Inf
GLCRtex_f	no2_p	-0.0	-1000.0	0.0	-0.0	Inf
GLCRtex_f	for_p	-0.0	0.0	2.081004030735206	Inf	0.0
GLCRtex_f	fru_p	-0.0	-1000.0	0.0	-0.0	Inf
GLCRtex_f	no3_p	-0.0	0.0	0.0	Inf	Inf
GLCRtex_f	k_p	-0.0	-0.15939545538378752	999.8406045446162	-0.0	0.0
GLCRtex_f	novbcn_p	-0.0	0.0	0.0	Inf	Inf
GLCRtex_f	o2_p	-0.0	-24.7355579463524	975.2644420536476	-0.0	0.0
GLCRtex_f	lipa_cold_p	-0.0	-3.121506046102809	0.0	-0.0	Inf
GLCRtex_f	g3pe_p	-0.0	0.0	0.0	Inf	Inf
GLCRtex_f	g3pi_p	-0.0	0.0	0.0	Inf	Inf
GLCRtex_f	so3_p	-0.0	-1000.0	0.0	-0.0	Inf
GLCRtex_f	so4_p	-0.0	-0.2059557863349255	999.7940442136651	-0.0	0.0
GLCRtex_f	malt_p	0.0	0.0	0.0	Inf	Inf
GLCRtex_f	malthx_p	0.0	0.0	0.0	Inf	Inf
GLCRtex_f	maltpt_p	0.0	0.0	0.0	Inf	Inf
GLCRtex_f	sucr_p	-0.0	-1000.0	0.0	-0.0	Inf
GLCRtex_f	malttr_p	0.0	0.0	0.0	Inf	Inf
GLCRtex_f	maltttr_p	0.0	0.0	0.0	Inf	Inf
GLCRtex_f	pacald_p	-0.0	-1000.0	0.0	-0.0	Inf
GLCRtex_f	man_p	-0.0	-1000.0	0.0	-0.0	Inf
GLCRtex_f	tartr__L_p	-0.0	-1000.0	0.0	-0.0	Inf
GLCRtex_f	pe120_p	-0.0	0.0	0.0	Inf	Inf
GLCRtex_f	melib_p	-0.0	-1000.0	0.0	-0.0	Inf
GLCRtex_f	meoh_p	-0.0	-999.9999983667913	1.633208739804104e-06	-0.0	0.0
GLCRtex_f	thym_p	-0.0	-1000.0	0.0	-0.0	Inf
GLCRtex_f	thymd_p	-0.0	-0.02136726975641068	0.0	-0.0	Inf
GLCRtex_f	pg120_p	-0.0	-0.056765435674167405	0.0	-0.0	Inf
GLCRtex_f	metsox_S__L_p	-0.0	-1000.0	0.0	-0.0	Inf
GLCRtex_f	tmao_p	-0.0	-1000.0	0.0	-0.0	Inf
GLCRtex_f	mg2_p	-0.0	-0.007084042847054661	999.992915957153	-0.0	0.0
GLCRtex_f	tre_p	-0.0	0.0	0.0	Inf	Inf
GLCRtex_f	mnl_p	-0.0	0.0	0.0	Inf	Inf
GLCRtex_f	mobd_p	-0.0	-0.00010534196280787	999.9998946580372	-0.0	0.0
GLCRtex_f	ura_p	-0.0	-1000.0	0.0	-0.0	Inf
GLCRtex_f	urea_p	-0.0	-1000.0	0.0	-0.0	Inf
GLCRtex_f	uri_p	-0.0	0.0	0.0	Inf	Inf
GLCRtex_f	xan_p	-0.0	-0.08918054585204432	0.0	-0.0	Inf
GLCRtex_f	xtsn_p	-0.0	0.0	0.0	Inf	Inf
GLCRtex_f	xyl__D_p	-0.0	0.0	0.0	Inf	Inf
GLCRtex_f	xylu__L_p	-0.0	-1000.0	0.0	-0.0	Inf
GLCRtex_f	ppal_p	-0.0	-1000.0	0.0	-0.0	Inf
GLCRtex_f	psclys_p	-0.0	-1000.0	0.0	-0.0	Inf
GLCRtex_f	pydx_p	-0.0	0.0	0.0	Inf	Inf
GLCRtex_f	pydxn_p	-0.0	0.0	0.0	Inf	Inf
GLCRtex_f	rib__D_p	-0.0	-1000.0	0.0	-0.0	Inf
GLCRtex_f	rmn_p	-0.0	-1000.0	0.0	-0.0	Inf
GLCRtex_f	sbt__D_p	-0.0	-1.5785965126278825	0.0	-0.0	Inf
GLCRtex_f	slnt_p	-0.0	0.0	0.0	Inf	Inf
GLCRtex_f	so2_p	-0.0	-1000.0	0.0	-0.0	Inf
