Reaction	Metabolite	ShadowPrice	G-	G+	DecrementalShadowPrice	IncrementalShadowPrice
DSBDR	12dgr120_c	-0.0	0.0	0.0	Inf	Inf
DSBDR	12dgr140_c	-0.0	0.0	0.0	Inf	Inf
DSBDR	12dgr160_c	-0.0	-0.05642016737162353	0.0	-0.0	Inf
DSBDR	12dgr180_c	-0.0	0.0	0.0	Inf	Inf
DSBDR	12ppd__R_c	-0.0	-1000.0	0.0	-0.0	Inf
DSBDR	12ppd__S_c	-0.0	0.0	0.0	Inf	Inf
DSBDR	5drib_c	-0.0	-999.9998010697079	0.0001989302920772134	-0.0	0.0
DSBDR	5mta_c	-0.0	0.0	0.0	Inf	Inf
DSBDR	23dhacoa_c	-0.0	-0.0005092615476633977	0.0	-0.0	Inf
DSBDR	5mtr_c	-0.0	0.0	0.0	Inf	Inf
DSBDR	3amac_c	-0.0	-8.13783419935757	0.0	-0.0	Inf
DSBDR	LalaDgluMdap_c	-0.0	-0.02456833313885158	0.0	-0.0	Inf
DSBDR	ac_c	-0.0	-2.411171625103634	0.5150756170539785	-0.0	0.0
DSBDR	acald_c	-0.0	-2.1525001592746626	1.8769136438015541	-0.0	0.0
DSBDR	acetol_c	-0.0	0.0	0.956163554389471	Inf	0.0
DSBDR	acgam_c	-0.0	-0.08354011305686719	0.0	-0.0	Inf
DSBDR	acgam6p_c	-0.0	-0.08354011305686719	0.0	-0.0	Inf
DSBDR	acmalt_c	0.0	0.0	0.0	Inf	Inf
DSBDR	acmana_c	-0.0	-0.08354011305686719	0.0	-0.0	Inf
DSBDR	2dmmq8_c	-0.0	0.0	0.0	Inf	Inf
DSBDR	2dmmql8_c	0.0	0.0	0.0	Inf	Inf
DSBDR	ade_c	-0.0	-0.09655545897020157	0.0005950226069772746	-0.0	0.0
DSBDR	adn_c	-0.0	0.0	0.0005950226069772746	Inf	0.0
DSBDR	3sala_c	0.0	0.0	0.0	Inf	Inf
DSBDR	adphep_DD_c	-0.0	0.0	0.0	Inf	Inf
DSBDR	adphep_LD_c	-0.0	0.0	0.0	Inf	Inf
DSBDR	4ahmmp_c	0.0	0.0	0.0	Inf	Inf
DSBDR	4crsol_c	-0.0	-999.9998028379772	0.00019716202281430483	-0.0	0.0
DSBDR	2ohph_c	-0.0	-0.00019716202281430483	0.056432815570870785	-0.0	0.0
DSBDR	2ombzl_c	-0.0	0.0	0.0	Inf	Inf
DSBDR	2omhmbl_c	-0.0	0.0	0.0	Inf	Inf
DSBDR	2ommbl_c	0.0	0.0	0.0	Inf	Inf
DSBDR	2omph_c	-0.0	0.0	0.050424545654370115	Inf	0.0
DSBDR	4mhetz_c	0.0	0.0	0.0	Inf	Inf
DSBDR	2oph_c	-0.0	-0.00019716202281430483	0.056432815570870785	-0.0	0.0
DSBDR	2oxpaccoa_c	-0.0	-0.0005092615476633977	0.0	-0.0	Inf
DSBDR	all__D_c	-0.0	-0.6098750451278211	0.0	-0.0	Inf
DSBDR	alltn_c	-0.0	-1.6632955776213303	0.0	-0.0	Inf
DSBDR	4r5au_c	-0.0	-0.0003943240449189034	0.3290692752119608	-0.0	0.0
DSBDR	56dura_c	0.0	0.0	0.0	Inf	Inf
DSBDR	arab__L_c	-0.0	-0.7318500541533853	0.0	-0.0	Inf
DSBDR	etoh_c	-0.0	-1000.0	0.0	-0.0	Inf
DSBDR	csn_c	-0.0	0.0	0.0	Inf	Inf
DSBDR	fald_c	-0.0	0.0	0.0	Inf	Inf
DSBDR	fc1p_c	-0.0	0.0	0.0	Inf	Inf
DSBDR	fcl__L_c	-0.0	0.0	0.0	Inf	Inf
DSBDR	aso4_c	0.0	0.0	0.0	Inf	Inf
DSBDR	cyan_c	0.0	0.0	0.0	Inf	Inf
DSBDR	athtp_c	0.0	0.0	0.0	Inf	Inf
DSBDR	cytd_c	-0.0	-0.1419257117141233	0.0	-0.0	Inf
DSBDR	dad_2_c	-0.0	-0.09655545897020157	0.0	-0.0	Inf
DSBDR	dad_5_c	-0.0	-0.09655545897020157	0.0001989302920772134	-0.0	0.0
DSBDR	betald_c	0.0	0.0	0.0	Inf	Inf
DSBDR	btal_c	-0.0	-7.3185005415338535	0.0	-0.0	Inf
DSBDR	for_c	-0.0	-0.09655545897020157	3.6543282462241296	-0.0	0.0
DSBDR	dcyt_c	-0.0	0.0	0.0	Inf	Inf
DSBDR	fru_c	-0.0	-0.6098750451278211	0.0	-0.0	Inf
DSBDR	ca2_c	-0.0	-0.0046019207567269405	36.59250270766927	-0.0	0.0
DSBDR	g3pe_c	-0.0	-0.12291946954182588	0.0	-0.0	Inf
DSBDR	g3pi_c	0.0	0.0	0.0	Inf	Inf
DSBDR	cbm_c	-0.0	-4.068917099678785	0.0	-0.0	Inf
DSBDR	dha_c	-0.0	-1.2197500902556422	0.0	-0.0	Inf
DSBDR	gal_c	-0.0	0.0	0.0	Inf	Inf
DSBDR	dhgly_c	-0.0	-0.00019716202281430483	0.21843391544242224	-0.0	0.0
DSBDR	dhmptp_c	0.0	0.0	0.0	Inf	Inf
DSBDR	gcald_c	-0.0	-1.4637001083067707	0.0005914860683013945	-0.0	0.0
DSBDR	dhptd_c	-0.0	-47.057487333036896	0.00039609231490006123	-0.0	0.0
DSBDR	cechddd_c	-0.0	0.0	0.0	Inf	Inf
DSBDR	dhptdn_c	0.0	0.0	0.0	Inf	Inf
DSBDR	chol_c	0.0	0.0	0.0	Inf	Inf
DSBDR	chtbs6p_c	-0.0	0.0	0.0	Inf	Inf
DSBDR	dmbzid_c	0.0	0.0	0.0	Inf	Inf
DSBDR	dms_c	0.0	0.0	0.0	Inf	Inf
DSBDR	dmso_c	0.0	0.0	0.0	Inf	Inf
DSBDR	cl_c	-0.0	-0.004601920756719537	73.18500541533854	-0.0	0.0
DSBDR	glc__D_c	-0.0	-0.6098750451278211	0.0	-0.0	Inf
DSBDR	co2_c	-0.0	-976.2922996279236	23.707700372076374	-0.0	0.0
DSBDR	dscl_c	-0.0	-0.00019716202281430483	0.06729969240722704	-0.0	0.0
DSBDR	dtdp4aaddg_c	-0.0	0.0	0.0	Inf	Inf
DSBDR	glyald_c	-0.0	-1000.0	0.0	-0.0	Inf
DSBDR	crn_c	-0.0	-36.59250270766927	0.0	-0.0	Inf
DSBDR	duri_c	-0.0	0.0	0.0	Inf	Inf
DSBDR	glyb_c	0.0	0.0	0.0	Inf	Inf
DSBDR	glyc_c	-0.0	-0.12291946954182588	0.0	-0.0	Inf
DSBDR	dxyl_c	0.0	0.0	0.0	Inf	Inf
DSBDR	glycogen_c	-0.0	-0.5717578548073323	0.0	-0.0	Inf
DSBDR	gmhep1p_c	-0.0	0.0	0.47361372320226136	Inf	0.0
DSBDR	lipa_cold_c	-0.0	0.0	0.0	Inf	Inf
DSBDR	lipidA_c	-0.0	-0.017201723389574507	0.045902779332103225	-0.0	0.0
DSBDR	malt_c	0.0	0.0	0.0	Inf	Inf
DSBDR	h2_c	-0.0	0.0	0.0	Inf	Inf
DSBDR	malthx_c	-0.0	0.0	0.0	Inf	Inf
DSBDR	maltpt_c	-0.0	0.0	0.0	Inf	Inf
DSBDR	malttr_c	-0.0	0.0	0.0	Inf	Inf
DSBDR	maltttr_c	-0.0	0.0	0.0	Inf	Inf
DSBDR	h2o2_c	-0.0	-0.00124044088718113	0.9213655407894381	-0.0	0.0
DSBDR	man_c	-0.0	-0.6098750451278211	0.0	-0.0	Inf
DSBDR	mdhdhf_c	-0.0	-47.057487333036896	0.00039609231490006123	-0.0	0.0
DSBDR	melib_c	-0.0	0.0	0.0	Inf	Inf
DSBDR	meoh_c	-0.0	-999.9999982317307	1.7682692714515724e-06	-0.0	0.0
DSBDR	pacald_c	-0.0	-36.59250270766927	0.0	-0.0	Inf
DSBDR	metsox_S__L_c	-0.0	-0.09655545897020157	0.0	-0.0	Inf
DSBDR	mg2_c	-0.0	-0.00766986792791613	18.296251353834634	-0.0	0.0
DSBDR	hhlipa_c	-0.0	0.0	0.0	Inf	Inf
DSBDR	pe120_c	-0.0	0.0	0.0	Inf	Inf
DSBDR	mobd_c	-0.0	-0.00011405336745760234	12.669167095660491	-0.0	0.0
DSBDR	hlipa_c	-0.0	0.0	0.0	Inf	Inf
DSBDR	pg120_c	-0.0	-0.06145973477091294	0.0	-0.0	Inf
DSBDR	mql8_c	0.0	0.0	0.0	Inf	Inf
DSBDR	mqn8_c	-0.0	0.0	0.0	Inf	Inf
DSBDR	mthgxl_c	-0.0	0.0	1.1016667039704775	Inf	0.0
DSBDR	hqn_c	0.0	0.0	0.0	Inf	Inf
DSBDR	mththf_c	-0.0	-999.9996039076851	0.00039609231490006123	-0.0	0.0
DSBDR	n2o_c	-0.0	-1000.0	0.0	-0.0	Inf
DSBDR	na1_c	-0.0	0.0	0.0	Inf	Inf
DSBDR	nac_c	-0.0	0.0	0.0	Inf	Inf
DSBDR	ncam_c	-0.0	0.0	0.0	Inf	Inf
DSBDR	ni2_c	-0.0	-0.0002855754859183435	999.9997144245141	-0.0	0.0
DSBDR	no_c	-0.0	-1000.0	0.0	-0.0	Inf
DSBDR	indole_c	-0.0	-0.050256864855755735	0.33560707538173484	-0.0	0.0
DSBDR	no2_c	-0.0	0.0	0.0	Inf	Inf
DSBDR	no3_c	0.0	0.0	0.0	Inf	Inf
DSBDR	inost_c	0.0	0.0	0.0	Inf	Inf
DSBDR	o2_c	-0.0	-21.821040177213227	728.1825098443658	-0.0	0.0
DSBDR	poaac_c	-0.0	-3.8982052602032278	0.0	-0.0	Inf
DSBDR	ppal_c	-0.0	0.0	0.0	Inf	Inf
DSBDR	k_c	-0.0	-0.1725768911174556	50.676668382641964	-0.0	0.0
DSBDR	psclys_c	-0.0	0.0	0.0	Inf	Inf
DSBDR	lald__D_c	-0.0	0.0	0.956163554389471	Inf	0.0
DSBDR	lald__L_c	-0.0	0.0	0.0	Inf	Inf
DSBDR	ura_c	-0.0	-0.29246731541190707	0.0	-0.0	Inf
DSBDR	pydx_c	-0.0	0.0	0.00124044088718113	Inf	0.0
DSBDR	uracp_c	-0.0	-4.223055698553497	0.0	-0.0	Inf
DSBDR	pydxn_c	-0.0	0.0	0.42230556985534967	Inf	0.0
DSBDR	urate_c	-0.0	-0.00124044088718113	0.0	-0.0	Inf
DSBDR	q8_c	-0.0	0.0	0.0	Inf	Inf
DSBDR	q8h2_c	0.0	0.0	0.0	Inf	Inf
DSBDR	urea_c	-0.0	-1000.0	0.0	-0.0	Inf
DSBDR	uri_c	-0.0	0.0	0.0	Inf	Inf
DSBDR	rbflvrd_c	-0.0	0.0	0.048277729485100784	Inf	0.0
DSBDR	rbl__L_c	-0.0	-0.7318500541533853	0.0	-0.0	Inf
DSBDR	rdmbzi_c	0.0	0.0	0.0	Inf	Inf
DSBDR	thptdn_c	0.0	0.0	0.0	Inf	Inf
DSBDR	xan_c	-0.0	-0.09655545897020157	0.0	-0.0	Inf
DSBDR	rephaccoa_c	-0.0	-0.0005092615476633977	0.0	-0.0	Inf
DSBDR	rib__D_c	-0.0	-0.7318500541533853	0.0	-0.0	Inf
DSBDR	xtsn_c	-0.0	0.0	0.0	Inf	Inf
DSBDR	rml_c	-0.0	0.0	0.0	Inf	Inf
DSBDR	thym_c	-0.0	-50.676668382641964	0.0	-0.0	Inf
DSBDR	thymd_c	-0.0	-0.02313426676664676	0.0	-0.0	Inf
DSBDR	xu5p__L_c	-0.0	-0.6653182310485322	0.0	-0.0	Inf
DSBDR	rmn_c	-0.0	0.0	0.0	Inf	Inf
DSBDR	xyl__D_c	0.0	0.0	0.0	Inf	Inf
DSBDR	tmao_c	0.0	0.0	0.0	Inf	Inf
DSBDR	xylu__D_c	-0.0	0.0	0.0	Inf	Inf
DSBDR	xylu__L_c	-0.0	-0.7318500541533853	0.0	-0.0	Inf
DSBDR	12ppd__R_e	-0.0	-1000.0	0.0	-0.0	Inf
DSBDR	12ppd__S_e	-0.0	-1000.0	0.0	-0.0	Inf
DSBDR	tre_c	-0.0	-0.30493752256391055	0.0	-0.0	Inf
DSBDR	seln_c	0.0	0.0	0.0	Inf	Inf
DSBDR	34dhpac_e	-0.0	-1000.0	0.0	-0.0	Inf
DSBDR	slnt_c	0.0	0.0	0.0	Inf	Inf
DSBDR	so2_c	0.0	0.0	0.0	Inf	Inf
DSBDR	so3_c	-0.0	-0.21915221936774332	2.5338334191320984	-0.0	0.0
DSBDR	so4_c	-0.0	-0.222987595398992	50.676668382641964	-0.0	0.0
DSBDR	4hoxpacd_e	-0.0	-1000.0	0.0	-0.0	Inf
DSBDR	5mtr_e	-0.0	0.0	0.0	Inf	Inf
DSBDR	LalaDgluMdap_e	-0.0	-1000.0	0.0	-0.0	Inf
DSBDR	ac_e	-0.0	0.0	0.0	Inf	Inf
DSBDR	acald_e	-0.0	-1000.0	0.0	-0.0	Inf
DSBDR	acgal_e	-0.0	-1000.0	0.0	-0.0	Inf
DSBDR	acgam_e	-0.0	-1000.0	0.0	-0.0	Inf
DSBDR	acmana_e	-0.0	-1000.0	0.0	-0.0	Inf
DSBDR	tagur_c	-0.0	0.0	0.0	Inf	Inf
DSBDR	tartr__L_c	-0.0	-1.3552778780618249	0.0	-0.0	Inf
DSBDR	ade_e	-0.0	-1000.0	0.0	-0.0	Inf
DSBDR	adn_e	-0.0	-1000.0	0.0	-0.0	Inf
DSBDR	all__D_e	-0.0	-1000.0	0.0	-0.0	Inf
DSBDR	cl_e	-0.0	-0.0046019207567269405	999.9953980792433	-0.0	0.0
DSBDR	alltn_e	-0.0	0.0	0.0	Inf	Inf
DSBDR	cm_e	-0.0	-1000.0	0.0	-0.0	Inf
DSBDR	co2_e	-0.0	-976.2922996279236	23.707700372076374	-0.0	0.0
DSBDR	arab__L_e	-0.0	-1000.0	0.0	-0.0	Inf
DSBDR	arbt_e	-0.0	-1000.0	0.0	-0.0	Inf
DSBDR	unagamu_c	-0.0	0.0	0.03901206188040182	Inf	0.0
DSBDR	crn_e	-0.0	-1000.0	0.0	-0.0	Inf
DSBDR	csn_e	-0.0	-1000.0	0.0	-0.0	Inf
DSBDR	cyan_e	-0.0	-1000.0	0.0	-0.0	Inf
DSBDR	glyb_e	-0.0	-1000.0	0.0	-0.0	Inf
DSBDR	glyc_e	-0.0	-1000.0	0.0	-0.0	Inf
DSBDR	cytd_e	-0.0	-1000.0	0.0	-0.0	Inf
DSBDR	ca2_e	-0.0	-0.0046019207567269405	999.9953980792433	-0.0	0.0
DSBDR	dad_2_e	-0.0	-1000.0	0.0	-0.0	Inf
DSBDR	dcyt_e	-0.0	-1000.0	0.0	-0.0	Inf
DSBDR	chol_e	-0.0	-1000.0	0.0	-0.0	Inf
DSBDR	dha_e	-0.0	-1000.0	0.0	-0.0	Inf
DSBDR	ppal_e	-0.0	-1000.0	0.0	-0.0	Inf
DSBDR	h2_e	-0.0	-1000.0	0.0	-0.0	Inf
DSBDR	dms_e	-0.0	-1000.0	0.0	-0.0	Inf
DSBDR	dmso_e	-0.0	-1000.0	0.0	-0.0	Inf
DSBDR	h2o2_e	-0.0	-1000.0	0.0	-0.0	Inf
DSBDR	psclys_e	-0.0	-1000.0	0.0	-0.0	Inf
DSBDR	duri_e	-0.0	-1000.0	0.0	-0.0	Inf
DSBDR	pydx_e	-0.0	-1000.0	0.0	-0.0	Inf
DSBDR	pydxn_e	-0.0	-1000.0	0.0	-0.0	Inf
DSBDR	etoh_e	-0.0	-1000.0	0.0	-0.0	Inf
DSBDR	fald_e	-0.0	0.0	0.0	Inf	Inf
DSBDR	rib__D_e	-0.0	-1000.0	0.0	-0.0	Inf
DSBDR	rmn_e	-0.0	-1000.0	0.0	-0.0	Inf
DSBDR	indole_e	-0.0	-1000.0	0.0	-0.0	Inf
DSBDR	inost_e	-0.0	-1000.0	0.0	-0.0	Inf
DSBDR	sbt__D_e	-0.0	-0.5998770935683486	0.0	-0.0	Inf
DSBDR	k_e	-0.0	-0.17257689111750096	999.8274231088825	-0.0	0.0
DSBDR	for_e	-0.0	0.0	3.6543282462241296	Inf	0.0
DSBDR	slnt_e	-0.0	0.0	1000.0	Inf	0.0
DSBDR	fru_e	-0.0	-0.6534375483512369	0.6334583547830246	-0.0	0.0
DSBDR	so2_e	-0.0	-1000.0	0.0	-0.0	Inf
DSBDR	so3_e	-0.0	-1000.0	0.0	-0.0	Inf
DSBDR	so4_e	-0.0	-0.222987595398992	999.777012404601	-0.0	0.0
DSBDR	lipa_cold_e	-0.0	-1000.0	0.0	-0.0	Inf
DSBDR	sucr_e	-0.0	-1000.0	0.0	-0.0	Inf
DSBDR	g3pe_e	-0.0	-1000.0	0.0	-0.0	Inf
DSBDR	malt_e	-0.0	-1000.0	0.0	-0.0	Inf
DSBDR	tartr__L_e	-0.0	-1000.0	0.0	-0.0	Inf
DSBDR	g3pi_e	-0.0	-1000.0	0.0	-0.0	Inf
DSBDR	malthx_e	-0.0	-1000.0	0.0	-0.0	Inf
DSBDR	maltpt_e	-0.0	-1000.0	0.0	-0.0	Inf
DSBDR	gal_e	-0.0	-1000.0	0.0	-0.0	Inf
DSBDR	gal_bD_e	-0.0	-1000.0	0.0	-0.0	Inf
DSBDR	malttr_e	-0.0	-1000.0	0.0	-0.0	Inf
DSBDR	maltttr_e	-0.0	-1000.0	0.0	-0.0	Inf
DSBDR	man_e	-0.0	-1000.0	0.0	-0.0	Inf
DSBDR	thym_e	-0.0	-1000.0	0.0	-0.0	Inf
DSBDR	thymd_e	-0.0	-1000.0	0.0	-0.0	Inf
DSBDR	galt_e	-0.0	-0.5998770935683486	0.0	-0.0	Inf
DSBDR	melib_e	-0.0	-1000.0	0.0	-0.0	Inf
DSBDR	meoh_e	-0.0	-999.9999982317307	1.7682692714515724e-06	-0.0	0.0
DSBDR	tmao_e	-0.0	-1000.0	0.0	-0.0	Inf
DSBDR	tre_e	-0.0	-1000.0	0.0	-0.0	Inf
DSBDR	metsox_S__L_e	-0.0	-1000.0	0.0	-0.0	Inf
DSBDR	glc__D_e	-0.0	-1000.0	0.0	-0.0	Inf
DSBDR	mg2_e	-0.0	-0.00766986792791613	999.9923301320721	-0.0	0.0
DSBDR	mnl_e	-0.0	-1000.0	0.0	-0.0	Inf
DSBDR	mobd_e	-0.0	-0.00011405336749703565	999.9998859466325	-0.0	0.0
DSBDR	glyald_e	-0.0	-1000.0	0.0	-0.0	Inf
DSBDR	n2o_e	-0.0	-1000.0	0.0	-0.0	Inf
DSBDR	na1_e	-0.0	0.0	1000.0	Inf	0.0
DSBDR	nac_e	-0.0	-1000.0	0.0	-0.0	Inf
DSBDR	ni2_e	-0.0	-0.0002855754859183435	999.9997144245141	-0.0	0.0
DSBDR	no_e	-0.0	-1000.0	0.0	-0.0	Inf
DSBDR	no2_e	-0.0	-1000.0	0.0	-0.0	Inf
DSBDR	ura_e	-0.0	-1000.0	0.0	-0.0	Inf
DSBDR	no3_e	-0.0	-1000.0	0.0	-0.0	Inf
DSBDR	urea_e	-0.0	-1000.0	0.0	-0.0	Inf
DSBDR	novbcn_e	-0.0	-1000.0	0.0	-0.0	Inf
DSBDR	uri_e	-0.0	-1000.0	0.0	-0.0	Inf
DSBDR	o2_e	-0.0	-271.8174901556343	728.1825098443658	-0.0	0.0
DSBDR	xan_e	-0.0	0.0	0.0	Inf	Inf
DSBDR	xtsn_e	-0.0	-1000.0	0.0	-0.0	Inf
DSBDR	xyl__D_e	-0.0	-1000.0	0.0	-0.0	Inf
DSBDR	xylu__L_e	-0.0	-1000.0	0.0	-0.0	Inf
DSBDR	pacald_e	-0.0	-1000.0	0.0	-0.0	Inf
DSBDR	12dgr120_p	-0.0	0.0	0.0	Inf	Inf
DSBDR	12dgr140_p	-0.0	0.0	0.0	Inf	Inf
DSBDR	12dgr160_p	-0.0	-0.05642016737162353	0.0	-0.0	Inf
DSBDR	12dgr180_p	-0.0	0.0	0.0	Inf	Inf
DSBDR	12ppd__R_p	-0.0	-1000.0	0.0	-0.0	Inf
DSBDR	12ppd__S_p	-0.0	0.0	0.0	Inf	Inf
DSBDR	chol_p	-0.0	-1000.0	0.0	-0.0	Inf
DSBDR	cl_p	-0.0	-0.0046019207567269405	999.9953980792433	-0.0	0.0
DSBDR	34dhpac_p	-0.0	-1000.0	0.0	-0.0	Inf
DSBDR	cm_p	-0.0	0.0	0.0	Inf	Inf
DSBDR	4hoxpacd_p	-0.0	-1000.0	0.0	-0.0	Inf
DSBDR	co2_p	-0.0	-976.2922996279236	23.707700372076374	-0.0	0.0
DSBDR	5mtr_p	-0.0	0.0	0.0	Inf	Inf
DSBDR	LalaDgluMdap_p	-0.0	-0.02456833313885158	0.0	-0.0	Inf
DSBDR	gal_p	-0.0	-1000.0	0.0	-0.0	Inf
DSBDR	ac_p	-0.0	-2.411171625103634	0.0	-0.0	Inf
DSBDR	crn_p	-0.0	-1000.0	0.0	-0.0	Inf
DSBDR	gal_bD_p	-0.0	-1000.0	0.0	-0.0	Inf
DSBDR	acald_p	-0.0	-1000.0	0.0	-0.0	Inf
DSBDR	acgal_p	-0.0	-1000.0	0.0	-0.0	Inf
DSBDR	csn_p	-0.0	0.0	0.0	Inf	Inf
DSBDR	acgam_p	-0.0	-1000.0	0.0	-0.0	Inf
DSBDR	galt_p	-0.0	-0.5998770935683486	0.0	-0.0	Inf
DSBDR	acmana_p	-0.0	-1000.0	0.0	-0.0	Inf
DSBDR	cyan_p	-0.0	0.0	0.0	Inf	Inf
DSBDR	ade_p	-0.0	-1000.0	0.0	-0.0	Inf
DSBDR	adn_p	-0.0	0.0	0.0005950226069772746	Inf	0.0
DSBDR	cytd_p	-0.0	-0.1419257117141233	0.0	-0.0	Inf
DSBDR	glc__D_p	-0.0	-1000.0	0.0	-0.0	Inf
DSBDR	dad_2_p	-0.0	-1000.0	0.0	-0.0	Inf
DSBDR	dcyt_p	-0.0	-1000.0	0.0	-0.0	Inf
DSBDR	all__D_p	-0.0	0.0	0.0	Inf	Inf
DSBDR	alltn_p	-0.0	0.0	0.0	Inf	Inf
DSBDR	dha_p	-0.0	-1000.0	0.0	-0.0	Inf
DSBDR	glyald_p	-0.0	-1000.0	0.0	-0.0	Inf
DSBDR	glyb_p	0.0	0.0	0.0	Inf	Inf
DSBDR	dms_p	-0.0	-1000.0	0.0	-0.0	Inf
DSBDR	glyc_p	-0.0	-0.12291946954182588	0.0	-0.0	Inf
DSBDR	dmso_p	-0.0	-1000.0	0.0	-0.0	Inf
DSBDR	arab__L_p	-0.0	0.0	0.0	Inf	Inf
DSBDR	arbt_p	0.0	0.0	0.0	Inf	Inf
DSBDR	ca2_p	-0.0	-0.0046019207567269405	999.9953980792433	-0.0	0.0
DSBDR	duri_p	-0.0	-1000.0	0.0	-0.0	Inf
DSBDR	h2_p	-0.0	-1000.0	0.0	-0.0	Inf
DSBDR	h2o2_p	-0.0	-1000.0	0.0	-0.0	Inf
DSBDR	etoh_p	-0.0	-1000.0	0.0	-0.0	Inf
DSBDR	fald_p	-0.0	0.0	0.0	Inf	Inf
DSBDR	n2o_p	-0.0	-1000.0	0.0	-0.0	Inf
DSBDR	na1_p	-0.0	0.0	0.0	Inf	Inf
DSBDR	indole_p	-0.0	0.0	0.33784445588427975	Inf	0.0
DSBDR	nac_p	-0.0	0.0	0.0	Inf	Inf
DSBDR	ni2_p	-0.0	-0.0002855754859183435	999.9997144245141	-0.0	0.0
DSBDR	inost_p	-0.0	-1000.0	0.0	-0.0	Inf
DSBDR	no_p	-0.0	-1000.0	0.0	-0.0	Inf
DSBDR	no2_p	-0.0	-1000.0	0.0	-0.0	Inf
DSBDR	for_p	-0.0	0.0	3.6543282462241296	Inf	0.0
DSBDR	fru_p	-0.0	-0.6534375483512369	0.6334583547830246	-0.0	0.0
DSBDR	no3_p	-0.0	-1000.0	0.0	-0.0	Inf
DSBDR	k_p	-0.0	-0.17257689111750096	999.8274231088825	-0.0	0.0
DSBDR	novbcn_p	-0.0	0.0	0.0	Inf	Inf
DSBDR	o2_p	-0.0	-271.8174901556343	728.1825098443658	-0.0	0.0
DSBDR	lipa_cold_p	-0.0	-12.669167095660491	0.0	-0.0	Inf
DSBDR	g3pe_p	-0.0	-0.12291946954182588	0.0	-0.0	Inf
DSBDR	g3pi_p	-0.0	0.0	0.0	Inf	Inf
DSBDR	so3_p	-0.0	-1000.0	0.0	-0.0	Inf
DSBDR	so4_p	-0.0	-0.222987595398992	999.777012404601	-0.0	0.0
DSBDR	malt_p	0.0	0.0	0.0	Inf	Inf
DSBDR	malthx_p	0.0	0.0	0.0	Inf	Inf
DSBDR	maltpt_p	0.0	0.0	0.0	Inf	Inf
DSBDR	sucr_p	-0.0	-1000.0	0.0	-0.0	Inf
DSBDR	malttr_p	0.0	0.0	0.0	Inf	Inf
DSBDR	maltttr_p	0.0	0.0	0.0	Inf	Inf
DSBDR	pacald_p	-0.0	-1000.0	0.0	-0.0	Inf
DSBDR	man_p	-0.0	-1000.0	0.0	-0.0	Inf
DSBDR	tartr__L_p	-0.0	-1000.0	0.0	-0.0	Inf
DSBDR	pe120_p	-0.0	-0.06880689355829803	0.0	-0.0	Inf
DSBDR	melib_p	-0.0	-1000.0	0.0	-0.0	Inf
DSBDR	meoh_p	-0.0	-999.9999982317307	1.7682692714515724e-06	-0.0	0.0
DSBDR	thym_p	-0.0	-1000.0	0.0	-0.0	Inf
DSBDR	thymd_p	-0.0	-0.02313426676664676	0.0	-0.0	Inf
DSBDR	pg120_p	-0.0	-0.06145973477091294	0.0	-0.0	Inf
DSBDR	metsox_S__L_p	-0.0	-1000.0	0.0	-0.0	Inf
DSBDR	tmao_p	-0.0	0.0	0.0	Inf	Inf
DSBDR	mg2_p	-0.0	-0.00766986792791613	999.9923301320721	-0.0	0.0
DSBDR	tre_p	-0.0	0.0	0.0	Inf	Inf
DSBDR	mnl_p	-0.0	0.0	0.0	Inf	Inf
DSBDR	mobd_p	-0.0	-0.00011405336749703565	999.9998859466325	-0.0	0.0
DSBDR	ura_p	-0.0	-1000.0	0.0	-0.0	Inf
DSBDR	urea_p	-0.0	-1000.0	0.0	-0.0	Inf
DSBDR	uri_p	-0.0	0.0	0.0	Inf	Inf
DSBDR	xan_p	-0.0	-0.09655545897020157	0.0	-0.0	Inf
DSBDR	xtsn_p	-0.0	0.0	0.0	Inf	Inf
DSBDR	xyl__D_p	-0.0	-1000.0	0.0	-0.0	Inf
DSBDR	xylu__L_p	-0.0	0.0	0.0	Inf	Inf
DSBDR	ppal_p	-0.0	0.0	0.0	Inf	Inf
DSBDR	psclys_p	-0.0	0.0	0.0	Inf	Inf
DSBDR	pydx_p	-0.0	0.0	0.0	Inf	Inf
DSBDR	pydxn_p	-0.0	0.0	0.0	Inf	Inf
DSBDR	rib__D_p	-0.0	-1000.0	0.0	-0.0	Inf
DSBDR	rmn_p	-0.0	-1000.0	0.0	-0.0	Inf
DSBDR	sbt__D_p	-0.0	-0.5998770935683486	0.0	-0.0	Inf
DSBDR	slnt_p	-0.0	0.0	1000.0	Inf	0.0
DSBDR	so2_p	-0.0	-1000.0	0.0	-0.0	Inf
