Reaction	Metabolite	ShadowPrice	G-	G+	DecrementalShadowPrice	IncrementalShadowPrice
GLCtex_copy1_f	12dgr120_c	-0.0	0.0	0.0	Inf	Inf
GLCtex_copy1_f	12dgr140_c	-0.0	0.0	0.0	Inf	Inf
GLCtex_copy1_f	12dgr160_c	-0.0	-0.05642016737162353	0.0	-0.0	Inf
GLCtex_copy1_f	12dgr180_c	-0.0	0.0	0.0	Inf	Inf
GLCtex_copy1_f	12ppd__R_c	-0.0	-1000.0	0.0	-0.0	Inf
GLCtex_copy1_f	12ppd__S_c	-0.0	0.0	0.0	Inf	Inf
GLCtex_copy1_f	5drib_c	-0.0	-999.9998010697079	0.0001989302920772134	-0.0	0.0
GLCtex_copy1_f	5mta_c	-0.0	0.0	0.0	Inf	Inf
GLCtex_copy1_f	23dhacoa_c	-0.0	-0.0005092615476633977	0.0	-0.0	Inf
GLCtex_copy1_f	5mtr_c	-0.0	0.0	0.0	Inf	Inf
GLCtex_copy1_f	3amac_c	-0.0	-8.13783419935757	0.0	-0.0	Inf
GLCtex_copy1_f	LalaDgluMdap_c	-0.0	-0.02456833313885158	0.0	-0.0	Inf
GLCtex_copy1_f	ac_c	-0.0	-2.411171625103634	0.5150756170539785	-0.0	0.0
GLCtex_copy1_f	acald_c	-0.0	-2.1525001592746626	1.8769136438015541	-0.0	0.0
GLCtex_copy1_f	acetol_c	-0.0	0.0	0.956163554389471	Inf	0.0
GLCtex_copy1_f	acgam_c	-0.0	-0.08354011305686719	0.0	-0.0	Inf
GLCtex_copy1_f	acgam6p_c	-0.0	-0.08354011305686719	0.0	-0.0	Inf
GLCtex_copy1_f	acmalt_c	0.0	0.0	0.0	Inf	Inf
GLCtex_copy1_f	acmana_c	-0.0	-0.08354011305686719	0.0	-0.0	Inf
GLCtex_copy1_f	2dmmq8_c	-0.0	0.0	0.0	Inf	Inf
GLCtex_copy1_f	2dmmql8_c	0.0	0.0	0.0	Inf	Inf
GLCtex_copy1_f	ade_c	-0.0	-0.09655545897020157	0.0005950226069772746	-0.0	0.0
GLCtex_copy1_f	adn_c	-0.0	0.0	0.0005950226069772746	Inf	0.0
GLCtex_copy1_f	3sala_c	0.0	0.0	0.0	Inf	Inf
GLCtex_copy1_f	adphep_DD_c	-0.0	0.0	0.0	Inf	Inf
GLCtex_copy1_f	adphep_LD_c	-0.0	0.0	0.0	Inf	Inf
GLCtex_copy1_f	4ahmmp_c	0.0	0.0	0.0	Inf	Inf
GLCtex_copy1_f	4crsol_c	-0.0	-999.9998028379772	0.00019716202281430483	-0.0	0.0
GLCtex_copy1_f	2ohph_c	-0.0	-0.00019716202281430483	0.056432815570870785	-0.0	0.0
GLCtex_copy1_f	2ombzl_c	-0.0	0.0	0.0	Inf	Inf
GLCtex_copy1_f	2omhmbl_c	-0.0	0.0	0.0	Inf	Inf
GLCtex_copy1_f	2ommbl_c	0.0	0.0	0.0	Inf	Inf
GLCtex_copy1_f	2omph_c	-0.0	0.0	0.050424545654370115	Inf	0.0
GLCtex_copy1_f	4mhetz_c	0.0	0.0	0.0	Inf	Inf
GLCtex_copy1_f	2oph_c	-0.0	-0.00019716202281430483	0.056432815570870785	-0.0	0.0
GLCtex_copy1_f	2oxpaccoa_c	-0.0	-0.0005092615476633977	0.0	-0.0	Inf
GLCtex_copy1_f	all__D_c	-0.0	-0.6098750451278211	0.0	-0.0	Inf
GLCtex_copy1_f	alltn_c	-0.0	-1.6632955776213303	0.0	-0.0	Inf
GLCtex_copy1_f	4r5au_c	-0.0	-0.0003943240449189034	0.3290692752119608	-0.0	0.0
GLCtex_copy1_f	56dura_c	0.0	0.0	0.0	Inf	Inf
GLCtex_copy1_f	arab__L_c	-0.0	-0.7318500541533853	0.0	-0.0	Inf
GLCtex_copy1_f	etoh_c	-0.0	-1000.0	0.0	-0.0	Inf
GLCtex_copy1_f	csn_c	-0.0	0.0	0.0	Inf	Inf
GLCtex_copy1_f	fald_c	-0.0	0.0	0.0	Inf	Inf
GLCtex_copy1_f	fc1p_c	-0.0	0.0	0.0	Inf	Inf
GLCtex_copy1_f	fcl__L_c	-0.0	0.0	0.0	Inf	Inf
GLCtex_copy1_f	aso4_c	0.0	0.0	0.0	Inf	Inf
GLCtex_copy1_f	cyan_c	0.0	0.0	0.0	Inf	Inf
GLCtex_copy1_f	athtp_c	0.0	0.0	0.0	Inf	Inf
GLCtex_copy1_f	cytd_c	-0.0	-0.1419257117141233	0.0	-0.0	Inf
GLCtex_copy1_f	dad_2_c	-0.0	-0.09655545897020157	0.0	-0.0	Inf
GLCtex_copy1_f	dad_5_c	-0.0	-0.09655545897020157	0.0001989302920772134	-0.0	0.0
GLCtex_copy1_f	betald_c	0.0	0.0	0.0	Inf	Inf
GLCtex_copy1_f	btal_c	-0.0	-7.3185005415338535	0.0	-0.0	Inf
GLCtex_copy1_f	for_c	-0.0	-0.09655545897020157	3.6543282462241296	-0.0	0.0
GLCtex_copy1_f	dcyt_c	-0.0	0.0	0.0	Inf	Inf
GLCtex_copy1_f	fru_c	-0.0	-0.6098750451278211	0.0	-0.0	Inf
GLCtex_copy1_f	ca2_c	-0.0	-0.0046019207567269405	36.59250270766927	-0.0	0.0
GLCtex_copy1_f	g3pe_c	-0.0	-0.12291946954182588	0.0	-0.0	Inf
GLCtex_copy1_f	g3pi_c	0.0	0.0	0.0	Inf	Inf
GLCtex_copy1_f	cbm_c	-0.0	-4.068917099678785	0.0	-0.0	Inf
GLCtex_copy1_f	dha_c	-0.0	-1.2197500902556422	0.0	-0.0	Inf
GLCtex_copy1_f	gal_c	-0.0	0.0	0.0	Inf	Inf
GLCtex_copy1_f	dhgly_c	-0.0	-0.00019716202281430483	0.21843391544242224	-0.0	0.0
GLCtex_copy1_f	dhmptp_c	0.0	0.0	0.0	Inf	Inf
GLCtex_copy1_f	gcald_c	-0.0	-1.4637001083067707	0.0005914860683013945	-0.0	0.0
GLCtex_copy1_f	dhptd_c	-0.0	-47.057487333036896	0.00039609231490006123	-0.0	0.0
GLCtex_copy1_f	cechddd_c	-0.0	0.0	0.0	Inf	Inf
GLCtex_copy1_f	dhptdn_c	0.0	0.0	0.0	Inf	Inf
GLCtex_copy1_f	chol_c	0.0	0.0	0.0	Inf	Inf
GLCtex_copy1_f	chtbs6p_c	-0.0	0.0	0.0	Inf	Inf
GLCtex_copy1_f	dmbzid_c	0.0	0.0	0.0	Inf	Inf
GLCtex_copy1_f	dms_c	0.0	0.0	0.0	Inf	Inf
GLCtex_copy1_f	dmso_c	0.0	0.0	0.0	Inf	Inf
GLCtex_copy1_f	cl_c	-0.0	-0.004601920756719537	73.18500541533854	-0.0	0.0
GLCtex_copy1_f	glc__D_c	-0.0	-0.6098750451278211	0.0	-0.0	Inf
GLCtex_copy1_f	co2_c	-0.0	-976.2922996279236	23.707700372076374	-0.0	0.0
GLCtex_copy1_f	dscl_c	-0.0	-0.00019716202281430483	0.06729969240722704	-0.0	0.0
GLCtex_copy1_f	dtdp4aaddg_c	-0.0	0.0	0.0	Inf	Inf
GLCtex_copy1_f	glyald_c	-0.0	-1000.0	0.0	-0.0	Inf
GLCtex_copy1_f	crn_c	-0.0	-36.59250270766927	0.0	-0.0	Inf
GLCtex_copy1_f	duri_c	-0.0	0.0	0.0	Inf	Inf
GLCtex_copy1_f	glyb_c	0.0	0.0	0.0	Inf	Inf
GLCtex_copy1_f	glyc_c	-0.0	-0.12291946954182588	0.0	-0.0	Inf
GLCtex_copy1_f	dxyl_c	0.0	0.0	0.0	Inf	Inf
GLCtex_copy1_f	glycogen_c	-0.0	-0.5717578548073323	0.0	-0.0	Inf
GLCtex_copy1_f	gmhep1p_c	-0.0	0.0	0.47361372320226136	Inf	0.0
GLCtex_copy1_f	lipa_cold_c	-0.0	0.0	0.0	Inf	Inf
GLCtex_copy1_f	lipidA_c	-0.0	-0.017201723389574507	0.045902779332103225	-0.0	0.0
GLCtex_copy1_f	malt_c	0.0	0.0	0.0	Inf	Inf
GLCtex_copy1_f	h2_c	-0.0	0.0	0.0	Inf	Inf
GLCtex_copy1_f	malthx_c	-0.0	0.0	0.0	Inf	Inf
GLCtex_copy1_f	maltpt_c	-0.0	0.0	0.0	Inf	Inf
GLCtex_copy1_f	malttr_c	-0.0	0.0	0.0	Inf	Inf
GLCtex_copy1_f	maltttr_c	-0.0	0.0	0.0	Inf	Inf
GLCtex_copy1_f	h2o2_c	-0.0	-0.00124044088718113	0.9213655407894381	-0.0	0.0
GLCtex_copy1_f	man_c	-0.0	-0.6098750451278211	0.0	-0.0	Inf
GLCtex_copy1_f	mdhdhf_c	-0.0	-47.057487333036896	0.00039609231490006123	-0.0	0.0
GLCtex_copy1_f	melib_c	-0.0	0.0	0.0	Inf	Inf
GLCtex_copy1_f	meoh_c	-0.0	-999.9999982317307	1.7682692714515724e-06	-0.0	0.0
GLCtex_copy1_f	pacald_c	-0.0	-36.59250270766927	0.0	-0.0	Inf
GLCtex_copy1_f	metsox_S__L_c	-0.0	-0.09655545897020157	0.0	-0.0	Inf
GLCtex_copy1_f	mg2_c	-0.0	-0.00766986792791613	18.296251353834634	-0.0	0.0
GLCtex_copy1_f	hhlipa_c	-0.0	0.0	0.0	Inf	Inf
GLCtex_copy1_f	pe120_c	-0.0	0.0	0.0	Inf	Inf
GLCtex_copy1_f	mobd_c	-0.0	-0.00011405336745760234	12.669167095660491	-0.0	0.0
GLCtex_copy1_f	hlipa_c	-0.0	0.0	0.0	Inf	Inf
GLCtex_copy1_f	pg120_c	-0.0	-0.06145973477091294	0.0	-0.0	Inf
GLCtex_copy1_f	mql8_c	0.0	0.0	0.0	Inf	Inf
GLCtex_copy1_f	mqn8_c	-0.0	0.0	0.0	Inf	Inf
GLCtex_copy1_f	mthgxl_c	-0.0	0.0	1.1016667039704775	Inf	0.0
GLCtex_copy1_f	hqn_c	0.0	0.0	0.0	Inf	Inf
GLCtex_copy1_f	mththf_c	-0.0	-999.9996039076851	0.00039609231490006123	-0.0	0.0
GLCtex_copy1_f	n2o_c	-0.0	-1000.0	0.0	-0.0	Inf
GLCtex_copy1_f	na1_c	-0.0	0.0	0.0	Inf	Inf
GLCtex_copy1_f	nac_c	-0.0	0.0	0.0	Inf	Inf
GLCtex_copy1_f	ncam_c	-0.0	0.0	0.0	Inf	Inf
GLCtex_copy1_f	ni2_c	-0.0	-0.0002855754859183435	999.9997144245141	-0.0	0.0
GLCtex_copy1_f	no_c	-0.0	-1000.0	0.0	-0.0	Inf
GLCtex_copy1_f	indole_c	-0.0	-0.050256864855755735	0.33560707538173484	-0.0	0.0
GLCtex_copy1_f	no2_c	-0.0	0.0	0.0	Inf	Inf
GLCtex_copy1_f	no3_c	0.0	0.0	0.0	Inf	Inf
GLCtex_copy1_f	inost_c	0.0	0.0	0.0	Inf	Inf
GLCtex_copy1_f	o2_c	-0.0	-21.821040177213227	728.1825098443658	-0.0	0.0
GLCtex_copy1_f	poaac_c	-0.0	-3.8982052602032278	0.0	-0.0	Inf
GLCtex_copy1_f	ppal_c	-0.0	0.0	0.0	Inf	Inf
GLCtex_copy1_f	k_c	-0.0	-0.1725768911174556	50.676668382641964	-0.0	0.0
GLCtex_copy1_f	psclys_c	-0.0	0.0	0.0	Inf	Inf
GLCtex_copy1_f	lald__D_c	-0.0	0.0	0.956163554389471	Inf	0.0
GLCtex_copy1_f	lald__L_c	-0.0	0.0	0.0	Inf	Inf
GLCtex_copy1_f	ura_c	-0.0	-0.29246731541190707	0.0	-0.0	Inf
GLCtex_copy1_f	pydx_c	-0.0	0.0	0.00124044088718113	Inf	0.0
GLCtex_copy1_f	uracp_c	-0.0	-4.223055698553497	0.0	-0.0	Inf
GLCtex_copy1_f	pydxn_c	-0.0	0.0	0.42230556985534967	Inf	0.0
GLCtex_copy1_f	urate_c	-0.0	-0.00124044088718113	0.0	-0.0	Inf
GLCtex_copy1_f	q8_c	-0.0	0.0	0.0	Inf	Inf
GLCtex_copy1_f	q8h2_c	0.0	0.0	0.0	Inf	Inf
GLCtex_copy1_f	urea_c	-0.0	-1000.0	0.0	-0.0	Inf
GLCtex_copy1_f	uri_c	-0.0	0.0	0.0	Inf	Inf
GLCtex_copy1_f	rbflvrd_c	-0.0	0.0	0.048277729485100784	Inf	0.0
GLCtex_copy1_f	rbl__L_c	-0.0	-0.7318500541533853	0.0	-0.0	Inf
GLCtex_copy1_f	rdmbzi_c	0.0	0.0	0.0	Inf	Inf
GLCtex_copy1_f	thptdn_c	0.0	0.0	0.0	Inf	Inf
GLCtex_copy1_f	xan_c	-0.0	-0.09655545897020157	0.0	-0.0	Inf
GLCtex_copy1_f	rephaccoa_c	-0.0	-0.0005092615476633977	0.0	-0.0	Inf
GLCtex_copy1_f	rib__D_c	-0.0	-0.7318500541533853	0.0	-0.0	Inf
GLCtex_copy1_f	xtsn_c	-0.0	0.0	0.0	Inf	Inf
GLCtex_copy1_f	rml_c	-0.0	0.0	0.0	Inf	Inf
GLCtex_copy1_f	thym_c	-0.0	-50.676668382641964	0.0	-0.0	Inf
GLCtex_copy1_f	thymd_c	-0.0	-0.02313426676664676	0.0	-0.0	Inf
GLCtex_copy1_f	xu5p__L_c	-0.0	-0.6653182310485322	0.0	-0.0	Inf
GLCtex_copy1_f	rmn_c	-0.0	0.0	0.0	Inf	Inf
GLCtex_copy1_f	xyl__D_c	0.0	0.0	0.0	Inf	Inf
GLCtex_copy1_f	tmao_c	0.0	0.0	0.0	Inf	Inf
GLCtex_copy1_f	xylu__D_c	-0.0	0.0	0.0	Inf	Inf
GLCtex_copy1_f	xylu__L_c	-0.0	-0.7318500541533853	0.0	-0.0	Inf
GLCtex_copy1_f	12ppd__R_e	-0.0	-1000.0	0.0	-0.0	Inf
GLCtex_copy1_f	12ppd__S_e	-0.0	-1000.0	0.0	-0.0	Inf
GLCtex_copy1_f	tre_c	-0.0	-0.30493752256391055	0.0	-0.0	Inf
GLCtex_copy1_f	seln_c	0.0	0.0	0.0	Inf	Inf
GLCtex_copy1_f	34dhpac_e	-0.0	-1000.0	0.0	-0.0	Inf
GLCtex_copy1_f	slnt_c	0.0	0.0	0.0	Inf	Inf
GLCtex_copy1_f	so2_c	0.0	0.0	0.0	Inf	Inf
GLCtex_copy1_f	so3_c	-0.0	-0.21915221936774332	2.5338334191320984	-0.0	0.0
GLCtex_copy1_f	so4_c	-0.0	-0.222987595398992	50.676668382641964	-0.0	0.0
GLCtex_copy1_f	4hoxpacd_e	-0.0	-1000.0	0.0	-0.0	Inf
GLCtex_copy1_f	5mtr_e	-0.0	0.0	0.0	Inf	Inf
GLCtex_copy1_f	LalaDgluMdap_e	-0.0	-1000.0	0.0	-0.0	Inf
GLCtex_copy1_f	ac_e	-0.0	0.0	0.0	Inf	Inf
GLCtex_copy1_f	acald_e	-0.0	-1000.0	0.0	-0.0	Inf
GLCtex_copy1_f	acgal_e	-0.0	-1000.0	0.0	-0.0	Inf
GLCtex_copy1_f	acgam_e	-0.0	-1000.0	0.0	-0.0	Inf
GLCtex_copy1_f	acmana_e	-0.0	-1000.0	0.0	-0.0	Inf
GLCtex_copy1_f	tagur_c	-0.0	0.0	0.0	Inf	Inf
GLCtex_copy1_f	tartr__L_c	-0.0	-1.3552778780618249	0.0	-0.0	Inf
GLCtex_copy1_f	ade_e	-0.0	-1000.0	0.0	-0.0	Inf
GLCtex_copy1_f	adn_e	-0.0	-1000.0	0.0	-0.0	Inf
GLCtex_copy1_f	all__D_e	-0.0	-1000.0	0.0	-0.0	Inf
GLCtex_copy1_f	cl_e	-0.0	-0.0046019207567269405	999.9953980792433	-0.0	0.0
GLCtex_copy1_f	alltn_e	-0.0	0.0	0.0	Inf	Inf
GLCtex_copy1_f	cm_e	-0.0	-1000.0	0.0	-0.0	Inf
GLCtex_copy1_f	co2_e	-0.0	-976.2922996279236	23.707700372076374	-0.0	0.0
GLCtex_copy1_f	arab__L_e	-0.0	-1000.0	0.0	-0.0	Inf
GLCtex_copy1_f	arbt_e	-0.0	-1000.0	0.0	-0.0	Inf
GLCtex_copy1_f	unagamu_c	-0.0	0.0	0.03901206188040182	Inf	0.0
GLCtex_copy1_f	crn_e	-0.0	-1000.0	0.0	-0.0	Inf
GLCtex_copy1_f	csn_e	-0.0	-1000.0	0.0	-0.0	Inf
GLCtex_copy1_f	cyan_e	-0.0	-1000.0	0.0	-0.0	Inf
GLCtex_copy1_f	glyb_e	-0.0	-1000.0	0.0	-0.0	Inf
GLCtex_copy1_f	glyc_e	-0.0	-1000.0	0.0	-0.0	Inf
GLCtex_copy1_f	cytd_e	-0.0	-1000.0	0.0	-0.0	Inf
GLCtex_copy1_f	ca2_e	-0.0	-0.0046019207567269405	999.9953980792433	-0.0	0.0
GLCtex_copy1_f	dad_2_e	-0.0	-1000.0	0.0	-0.0	Inf
GLCtex_copy1_f	dcyt_e	-0.0	-1000.0	0.0	-0.0	Inf
GLCtex_copy1_f	chol_e	-0.0	-1000.0	0.0	-0.0	Inf
GLCtex_copy1_f	dha_e	-0.0	-1000.0	0.0	-0.0	Inf
GLCtex_copy1_f	ppal_e	-0.0	-1000.0	0.0	-0.0	Inf
GLCtex_copy1_f	h2_e	-0.0	-1000.0	0.0	-0.0	Inf
GLCtex_copy1_f	dms_e	-0.0	-1000.0	0.0	-0.0	Inf
GLCtex_copy1_f	dmso_e	-0.0	-1000.0	0.0	-0.0	Inf
GLCtex_copy1_f	h2o2_e	-0.0	-1000.0	0.0	-0.0	Inf
GLCtex_copy1_f	psclys_e	-0.0	-1000.0	0.0	-0.0	Inf
GLCtex_copy1_f	duri_e	-0.0	-1000.0	0.0	-0.0	Inf
GLCtex_copy1_f	pydx_e	-0.0	-1000.0	0.0	-0.0	Inf
GLCtex_copy1_f	pydxn_e	-0.0	-1000.0	0.0	-0.0	Inf
GLCtex_copy1_f	etoh_e	-0.0	-1000.0	0.0	-0.0	Inf
GLCtex_copy1_f	fald_e	-0.0	0.0	0.0	Inf	Inf
GLCtex_copy1_f	rib__D_e	-0.0	-1000.0	0.0	-0.0	Inf
GLCtex_copy1_f	rmn_e	-0.0	-1000.0	0.0	-0.0	Inf
GLCtex_copy1_f	indole_e	-0.0	-1000.0	0.0	-0.0	Inf
GLCtex_copy1_f	inost_e	-0.0	-1000.0	0.0	-0.0	Inf
GLCtex_copy1_f	sbt__D_e	-0.0	-0.5998770935683486	0.0	-0.0	Inf
GLCtex_copy1_f	k_e	-0.0	-0.17257689111750096	999.8274231088825	-0.0	0.0
GLCtex_copy1_f	for_e	-0.0	0.0	3.6543282462241296	Inf	0.0
GLCtex_copy1_f	slnt_e	-0.0	0.0	1000.0	Inf	0.0
GLCtex_copy1_f	fru_e	-0.0	-0.6534375483512369	0.6334583547830246	-0.0	0.0
GLCtex_copy1_f	so2_e	-0.0	-1000.0	0.0	-0.0	Inf
GLCtex_copy1_f	so3_e	-0.0	-1000.0	0.0	-0.0	Inf
GLCtex_copy1_f	so4_e	-0.0	-0.222987595398992	999.777012404601	-0.0	0.0
GLCtex_copy1_f	lipa_cold_e	-0.0	-1000.0	0.0	-0.0	Inf
GLCtex_copy1_f	sucr_e	-0.0	-1000.0	0.0	-0.0	Inf
GLCtex_copy1_f	g3pe_e	-0.0	-1000.0	0.0	-0.0	Inf
GLCtex_copy1_f	malt_e	-0.0	-1000.0	0.0	-0.0	Inf
GLCtex_copy1_f	tartr__L_e	-0.0	-1000.0	0.0	-0.0	Inf
GLCtex_copy1_f	g3pi_e	-0.0	-1000.0	0.0	-0.0	Inf
GLCtex_copy1_f	malthx_e	-0.0	-1000.0	0.0	-0.0	Inf
GLCtex_copy1_f	maltpt_e	-0.0	-1000.0	0.0	-0.0	Inf
GLCtex_copy1_f	gal_e	-0.0	-1000.0	0.0	-0.0	Inf
GLCtex_copy1_f	gal_bD_e	-0.0	-1000.0	0.0	-0.0	Inf
GLCtex_copy1_f	malttr_e	-0.0	-1000.0	0.0	-0.0	Inf
GLCtex_copy1_f	maltttr_e	-0.0	-1000.0	0.0	-0.0	Inf
GLCtex_copy1_f	man_e	-0.0	-1000.0	0.0	-0.0	Inf
GLCtex_copy1_f	thym_e	-0.0	-1000.0	0.0	-0.0	Inf
GLCtex_copy1_f	thymd_e	-0.0	-1000.0	0.0	-0.0	Inf
GLCtex_copy1_f	galt_e	-0.0	-0.5998770935683486	0.0	-0.0	Inf
GLCtex_copy1_f	melib_e	-0.0	-1000.0	0.0	-0.0	Inf
GLCtex_copy1_f	meoh_e	-0.0	-999.9999982317307	1.7682692714515724e-06	-0.0	0.0
GLCtex_copy1_f	tmao_e	-0.0	-1000.0	0.0	-0.0	Inf
GLCtex_copy1_f	tre_e	-0.0	-1000.0	0.0	-0.0	Inf
GLCtex_copy1_f	metsox_S__L_e	-0.0	-1000.0	0.0	-0.0	Inf
GLCtex_copy1_f	glc__D_e	-0.0	-1000.0	0.0	-0.0	Inf
GLCtex_copy1_f	mg2_e	-0.0	-0.00766986792791613	999.9923301320721	-0.0	0.0
GLCtex_copy1_f	mnl_e	-0.0	-1000.0	0.0	-0.0	Inf
GLCtex_copy1_f	mobd_e	-0.0	-0.00011405336749703565	999.9998859466325	-0.0	0.0
GLCtex_copy1_f	glyald_e	-0.0	-1000.0	0.0	-0.0	Inf
GLCtex_copy1_f	n2o_e	-0.0	-1000.0	0.0	-0.0	Inf
GLCtex_copy1_f	na1_e	-0.0	0.0	1000.0	Inf	0.0
GLCtex_copy1_f	nac_e	-0.0	-1000.0	0.0	-0.0	Inf
GLCtex_copy1_f	ni2_e	-0.0	-0.0002855754859183435	999.9997144245141	-0.0	0.0
GLCtex_copy1_f	no_e	-0.0	-1000.0	0.0	-0.0	Inf
GLCtex_copy1_f	no2_e	-0.0	-1000.0	0.0	-0.0	Inf
GLCtex_copy1_f	ura_e	-0.0	-1000.0	0.0	-0.0	Inf
GLCtex_copy1_f	no3_e	-0.0	-1000.0	0.0	-0.0	Inf
GLCtex_copy1_f	urea_e	-0.0	-1000.0	0.0	-0.0	Inf
GLCtex_copy1_f	novbcn_e	-0.0	-1000.0	0.0	-0.0	Inf
GLCtex_copy1_f	uri_e	-0.0	-1000.0	0.0	-0.0	Inf
GLCtex_copy1_f	o2_e	-0.0	-271.8174901556343	728.1825098443658	-0.0	0.0
GLCtex_copy1_f	xan_e	-0.0	0.0	0.0	Inf	Inf
GLCtex_copy1_f	xtsn_e	-0.0	-1000.0	0.0	-0.0	Inf
GLCtex_copy1_f	xyl__D_e	-0.0	-1000.0	0.0	-0.0	Inf
GLCtex_copy1_f	xylu__L_e	-0.0	-1000.0	0.0	-0.0	Inf
GLCtex_copy1_f	pacald_e	-0.0	-1000.0	0.0	-0.0	Inf
GLCtex_copy1_f	12dgr120_p	-0.0	0.0	0.0	Inf	Inf
GLCtex_copy1_f	12dgr140_p	-0.0	0.0	0.0	Inf	Inf
GLCtex_copy1_f	12dgr160_p	-0.0	-0.05642016737162353	0.0	-0.0	Inf
GLCtex_copy1_f	12dgr180_p	-0.0	0.0	0.0	Inf	Inf
GLCtex_copy1_f	12ppd__R_p	-0.0	-1000.0	0.0	-0.0	Inf
GLCtex_copy1_f	12ppd__S_p	-0.0	0.0	0.0	Inf	Inf
GLCtex_copy1_f	chol_p	-0.0	-1000.0	0.0	-0.0	Inf
GLCtex_copy1_f	cl_p	-0.0	-0.0046019207567269405	999.9953980792433	-0.0	0.0
GLCtex_copy1_f	34dhpac_p	-0.0	-1000.0	0.0	-0.0	Inf
GLCtex_copy1_f	cm_p	-0.0	0.0	0.0	Inf	Inf
GLCtex_copy1_f	4hoxpacd_p	-0.0	-1000.0	0.0	-0.0	Inf
GLCtex_copy1_f	co2_p	-0.0	-976.2922996279236	23.707700372076374	-0.0	0.0
GLCtex_copy1_f	5mtr_p	-0.0	0.0	0.0	Inf	Inf
GLCtex_copy1_f	LalaDgluMdap_p	-0.0	-0.02456833313885158	0.0	-0.0	Inf
GLCtex_copy1_f	gal_p	-0.0	-1000.0	0.0	-0.0	Inf
GLCtex_copy1_f	ac_p	-0.0	-2.411171625103634	0.0	-0.0	Inf
GLCtex_copy1_f	crn_p	-0.0	-1000.0	0.0	-0.0	Inf
GLCtex_copy1_f	gal_bD_p	-0.0	-1000.0	0.0	-0.0	Inf
GLCtex_copy1_f	acald_p	-0.0	-1000.0	0.0	-0.0	Inf
GLCtex_copy1_f	acgal_p	-0.0	-1000.0	0.0	-0.0	Inf
GLCtex_copy1_f	csn_p	-0.0	0.0	0.0	Inf	Inf
GLCtex_copy1_f	acgam_p	-0.0	-1000.0	0.0	-0.0	Inf
GLCtex_copy1_f	galt_p	-0.0	-0.5998770935683486	0.0	-0.0	Inf
GLCtex_copy1_f	acmana_p	-0.0	-1000.0	0.0	-0.0	Inf
GLCtex_copy1_f	cyan_p	-0.0	0.0	0.0	Inf	Inf
GLCtex_copy1_f	ade_p	-0.0	-1000.0	0.0	-0.0	Inf
GLCtex_copy1_f	adn_p	-0.0	0.0	0.0005950226069772746	Inf	0.0
GLCtex_copy1_f	cytd_p	-0.0	-0.1419257117141233	0.0	-0.0	Inf
GLCtex_copy1_f	glc__D_p	0.0	0.0	0.0	Inf	Inf
GLCtex_copy1_f	dad_2_p	-0.0	-1000.0	0.0	-0.0	Inf
GLCtex_copy1_f	dcyt_p	-0.0	-1000.0	0.0	-0.0	Inf
GLCtex_copy1_f	all__D_p	-0.0	0.0	0.0	Inf	Inf
GLCtex_copy1_f	alltn_p	-0.0	0.0	0.0	Inf	Inf
GLCtex_copy1_f	dha_p	-0.0	-1000.0	0.0	-0.0	Inf
GLCtex_copy1_f	glyald_p	-0.0	-1000.0	0.0	-0.0	Inf
GLCtex_copy1_f	glyb_p	0.0	0.0	0.0	Inf	Inf
GLCtex_copy1_f	dms_p	-0.0	-1000.0	0.0	-0.0	Inf
GLCtex_copy1_f	glyc_p	-0.0	-0.12291946954182588	0.0	-0.0	Inf
GLCtex_copy1_f	dmso_p	-0.0	-1000.0	0.0	-0.0	Inf
GLCtex_copy1_f	arab__L_p	-0.0	0.0	0.0	Inf	Inf
GLCtex_copy1_f	arbt_p	0.0	0.0	0.0	Inf	Inf
GLCtex_copy1_f	ca2_p	-0.0	-0.0046019207567269405	999.9953980792433	-0.0	0.0
GLCtex_copy1_f	duri_p	-0.0	-1000.0	0.0	-0.0	Inf
GLCtex_copy1_f	h2_p	-0.0	-1000.0	0.0	-0.0	Inf
GLCtex_copy1_f	h2o2_p	-0.0	-1000.0	0.0	-0.0	Inf
GLCtex_copy1_f	etoh_p	-0.0	-1000.0	0.0	-0.0	Inf
GLCtex_copy1_f	fald_p	-0.0	0.0	0.0	Inf	Inf
GLCtex_copy1_f	n2o_p	-0.0	-1000.0	0.0	-0.0	Inf
GLCtex_copy1_f	na1_p	-0.0	0.0	0.0	Inf	Inf
GLCtex_copy1_f	indole_p	-0.0	0.0	0.33784445588427975	Inf	0.0
GLCtex_copy1_f	nac_p	-0.0	0.0	0.0	Inf	Inf
GLCtex_copy1_f	ni2_p	-0.0	-0.0002855754859183435	999.9997144245141	-0.0	0.0
GLCtex_copy1_f	inost_p	-0.0	-1000.0	0.0	-0.0	Inf
GLCtex_copy1_f	no_p	-0.0	-1000.0	0.0	-0.0	Inf
GLCtex_copy1_f	no2_p	-0.0	-1000.0	0.0	-0.0	Inf
GLCtex_copy1_f	for_p	-0.0	0.0	3.6543282462241296	Inf	0.0
GLCtex_copy1_f	fru_p	-0.0	-0.6534375483512369	0.6334583547830246	-0.0	0.0
GLCtex_copy1_f	no3_p	-0.0	-1000.0	0.0	-0.0	Inf
GLCtex_copy1_f	k_p	-0.0	-0.17257689111750096	999.8274231088825	-0.0	0.0
GLCtex_copy1_f	novbcn_p	-0.0	0.0	0.0	Inf	Inf
GLCtex_copy1_f	o2_p	-0.0	-271.8174901556343	728.1825098443658	-0.0	0.0
GLCtex_copy1_f	lipa_cold_p	-0.0	-12.669167095660491	0.0	-0.0	Inf
GLCtex_copy1_f	g3pe_p	-0.0	-0.12291946954182588	0.0	-0.0	Inf
GLCtex_copy1_f	g3pi_p	-0.0	0.0	0.0	Inf	Inf
GLCtex_copy1_f	so3_p	-0.0	-1000.0	0.0	-0.0	Inf
GLCtex_copy1_f	so4_p	-0.0	-0.222987595398992	999.777012404601	-0.0	0.0
GLCtex_copy1_f	malt_p	0.0	0.0	0.0	Inf	Inf
GLCtex_copy1_f	malthx_p	0.0	0.0	0.0	Inf	Inf
GLCtex_copy1_f	maltpt_p	0.0	0.0	0.0	Inf	Inf
GLCtex_copy1_f	sucr_p	-0.0	-1000.0	0.0	-0.0	Inf
GLCtex_copy1_f	malttr_p	0.0	0.0	0.0	Inf	Inf
GLCtex_copy1_f	maltttr_p	0.0	0.0	0.0	Inf	Inf
GLCtex_copy1_f	pacald_p	-0.0	-1000.0	0.0	-0.0	Inf
GLCtex_copy1_f	man_p	-0.0	-1000.0	0.0	-0.0	Inf
GLCtex_copy1_f	tartr__L_p	-0.0	-1000.0	0.0	-0.0	Inf
GLCtex_copy1_f	pe120_p	-0.0	-0.06880689355829803	0.0	-0.0	Inf
GLCtex_copy1_f	melib_p	-0.0	-1000.0	0.0	-0.0	Inf
GLCtex_copy1_f	meoh_p	-0.0	-999.9999982317307	1.7682692714515724e-06	-0.0	0.0
GLCtex_copy1_f	thym_p	-0.0	-1000.0	0.0	-0.0	Inf
GLCtex_copy1_f	thymd_p	-0.0	-0.02313426676664676	0.0	-0.0	Inf
GLCtex_copy1_f	pg120_p	-0.0	-0.06145973477091294	0.0	-0.0	Inf
GLCtex_copy1_f	metsox_S__L_p	-0.0	-1000.0	0.0	-0.0	Inf
GLCtex_copy1_f	tmao_p	-0.0	0.0	0.0	Inf	Inf
GLCtex_copy1_f	mg2_p	-0.0	-0.00766986792791613	999.9923301320721	-0.0	0.0
GLCtex_copy1_f	tre_p	-0.0	0.0	0.0	Inf	Inf
GLCtex_copy1_f	mnl_p	-0.0	0.0	0.0	Inf	Inf
GLCtex_copy1_f	mobd_p	-0.0	-0.00011405336749703565	999.9998859466325	-0.0	0.0
GLCtex_copy1_f	ura_p	-0.0	-1000.0	0.0	-0.0	Inf
GLCtex_copy1_f	urea_p	-0.0	-1000.0	0.0	-0.0	Inf
GLCtex_copy1_f	uri_p	-0.0	0.0	0.0	Inf	Inf
GLCtex_copy1_f	xan_p	-0.0	-0.09655545897020157	0.0	-0.0	Inf
GLCtex_copy1_f	xtsn_p	-0.0	0.0	0.0	Inf	Inf
GLCtex_copy1_f	xyl__D_p	-0.0	-1000.0	0.0	-0.0	Inf
GLCtex_copy1_f	xylu__L_p	-0.0	0.0	0.0	Inf	Inf
GLCtex_copy1_f	ppal_p	-0.0	0.0	0.0	Inf	Inf
GLCtex_copy1_f	psclys_p	-0.0	0.0	0.0	Inf	Inf
GLCtex_copy1_f	pydx_p	-0.0	0.0	0.0	Inf	Inf
GLCtex_copy1_f	pydxn_p	-0.0	0.0	0.0	Inf	Inf
GLCtex_copy1_f	rib__D_p	-0.0	-1000.0	0.0	-0.0	Inf
GLCtex_copy1_f	rmn_p	-0.0	-1000.0	0.0	-0.0	Inf
GLCtex_copy1_f	sbt__D_p	-0.0	-0.5998770935683486	0.0	-0.0	Inf
GLCtex_copy1_f	slnt_p	-0.0	0.0	1000.0	Inf	0.0
GLCtex_copy1_f	so2_p	-0.0	-1000.0	0.0	-0.0	Inf
