Reaction	Metabolite	ShadowPrice	G-	G+	DecrementalShadowPrice	IncrementalShadowPrice
GLDBRAN2	12dgr120_c	-0.0	0.0	0.0	Inf	Inf
GLDBRAN2	12dgr140_c	-0.0	0.0	0.0	Inf	Inf
GLDBRAN2	12dgr160_c	-0.0	-0.05642016737162353	0.0	-0.0	Inf
GLDBRAN2	12dgr180_c	-0.0	0.0	0.0	Inf	Inf
GLDBRAN2	12ppd__R_c	-0.0	-1000.0	0.0	-0.0	Inf
GLDBRAN2	12ppd__S_c	-0.0	0.0	0.0	Inf	Inf
GLDBRAN2	5drib_c	-0.0	-999.9998010697079	0.0001989302920772134	-0.0	0.0
GLDBRAN2	5mta_c	-0.0	0.0	0.0	Inf	Inf
GLDBRAN2	23dhacoa_c	-0.0	-0.0005092615476633977	0.0	-0.0	Inf
GLDBRAN2	5mtr_c	-0.0	0.0	0.0	Inf	Inf
GLDBRAN2	3amac_c	-0.0	-8.13783419935757	0.0	-0.0	Inf
GLDBRAN2	LalaDgluMdap_c	-0.0	-0.02456833313885158	0.0	-0.0	Inf
GLDBRAN2	ac_c	-0.0	-2.411171625103634	0.5150756170539785	-0.0	0.0
GLDBRAN2	acald_c	-0.0	-2.1525001592746626	1.8769136438015541	-0.0	0.0
GLDBRAN2	acetol_c	-0.0	0.0	0.956163554389471	Inf	0.0
GLDBRAN2	acgam_c	-0.0	-0.08354011305686719	0.0	-0.0	Inf
GLDBRAN2	acgam6p_c	-0.0	-0.08354011305686719	0.0	-0.0	Inf
GLDBRAN2	acmalt_c	0.0	0.0	0.0	Inf	Inf
GLDBRAN2	acmana_c	-0.0	-0.08354011305686719	0.0	-0.0	Inf
GLDBRAN2	2dmmq8_c	-0.0	0.0	0.0	Inf	Inf
GLDBRAN2	2dmmql8_c	0.0	0.0	0.0	Inf	Inf
GLDBRAN2	ade_c	-0.0	-0.09655545897020157	0.0005950226069772746	-0.0	0.0
GLDBRAN2	adn_c	-0.0	0.0	0.0005950226069772746	Inf	0.0
GLDBRAN2	3sala_c	0.0	0.0	0.0	Inf	Inf
GLDBRAN2	adphep_DD_c	-0.0	0.0	0.0	Inf	Inf
GLDBRAN2	adphep_LD_c	-0.0	0.0	0.0	Inf	Inf
GLDBRAN2	4ahmmp_c	0.0	0.0	0.0	Inf	Inf
GLDBRAN2	4crsol_c	-0.0	-999.9998028379772	0.00019716202281430483	-0.0	0.0
GLDBRAN2	2ohph_c	-0.0	-0.00019716202281430483	0.056432815570870785	-0.0	0.0
GLDBRAN2	2ombzl_c	-0.0	0.0	0.0	Inf	Inf
GLDBRAN2	2omhmbl_c	-0.0	0.0	0.0	Inf	Inf
GLDBRAN2	2ommbl_c	0.0	0.0	0.0	Inf	Inf
GLDBRAN2	2omph_c	-0.0	0.0	0.050424545654370115	Inf	0.0
GLDBRAN2	4mhetz_c	0.0	0.0	0.0	Inf	Inf
GLDBRAN2	2oph_c	-0.0	-0.00019716202281430483	0.056432815570870785	-0.0	0.0
GLDBRAN2	2oxpaccoa_c	-0.0	-0.0005092615476633977	0.0	-0.0	Inf
GLDBRAN2	all__D_c	-0.0	-0.6098750451278211	0.0	-0.0	Inf
GLDBRAN2	alltn_c	-0.0	-1.6632955776213303	0.0	-0.0	Inf
GLDBRAN2	4r5au_c	-0.0	-0.0003943240449189034	0.3290692752119608	-0.0	0.0
GLDBRAN2	56dura_c	0.0	0.0	0.0	Inf	Inf
GLDBRAN2	arab__L_c	-0.0	-0.7318500541533853	0.0	-0.0	Inf
GLDBRAN2	etoh_c	-0.0	-1000.0	0.0	-0.0	Inf
GLDBRAN2	csn_c	-0.0	0.0	0.0	Inf	Inf
GLDBRAN2	fald_c	-0.0	0.0	0.0	Inf	Inf
GLDBRAN2	fc1p_c	-0.0	0.0	0.0	Inf	Inf
GLDBRAN2	fcl__L_c	-0.0	0.0	0.0	Inf	Inf
GLDBRAN2	aso4_c	0.0	0.0	0.0	Inf	Inf
GLDBRAN2	cyan_c	0.0	0.0	0.0	Inf	Inf
GLDBRAN2	athtp_c	0.0	0.0	0.0	Inf	Inf
GLDBRAN2	cytd_c	-0.0	-0.1419257117141233	0.0	-0.0	Inf
GLDBRAN2	dad_2_c	-0.0	-0.09655545897020157	0.0	-0.0	Inf
GLDBRAN2	dad_5_c	-0.0	-0.09655545897020157	0.0001989302920772134	-0.0	0.0
GLDBRAN2	betald_c	0.0	0.0	0.0	Inf	Inf
GLDBRAN2	btal_c	-0.0	-7.3185005415338535	0.0	-0.0	Inf
GLDBRAN2	for_c	-0.0	-0.09655545897020157	3.6543282462241296	-0.0	0.0
GLDBRAN2	dcyt_c	-0.0	0.0	0.0	Inf	Inf
GLDBRAN2	fru_c	-0.0	-0.6098750451278211	0.0	-0.0	Inf
GLDBRAN2	ca2_c	-0.0	-0.0046019207567269405	36.59250270766927	-0.0	0.0
GLDBRAN2	g3pe_c	-0.0	-0.12291946954182588	0.0	-0.0	Inf
GLDBRAN2	g3pi_c	0.0	0.0	0.0	Inf	Inf
GLDBRAN2	cbm_c	-0.0	-4.068917099678785	0.0	-0.0	Inf
GLDBRAN2	dha_c	-0.0	-1.2197500902556422	0.0	-0.0	Inf
GLDBRAN2	gal_c	-0.0	0.0	0.0	Inf	Inf
GLDBRAN2	dhgly_c	-0.0	-0.00019716202281430483	0.21843391544242224	-0.0	0.0
GLDBRAN2	dhmptp_c	0.0	0.0	0.0	Inf	Inf
GLDBRAN2	gcald_c	-0.0	-1.4637001083067707	0.0005914860683013945	-0.0	0.0
GLDBRAN2	dhptd_c	-0.0	-47.057487333036896	0.00039609231490006123	-0.0	0.0
GLDBRAN2	cechddd_c	-0.0	0.0	0.0	Inf	Inf
GLDBRAN2	dhptdn_c	0.0	0.0	0.0	Inf	Inf
GLDBRAN2	chol_c	0.0	0.0	0.0	Inf	Inf
GLDBRAN2	chtbs6p_c	-0.0	0.0	0.0	Inf	Inf
GLDBRAN2	dmbzid_c	0.0	0.0	0.0	Inf	Inf
GLDBRAN2	dms_c	0.0	0.0	0.0	Inf	Inf
GLDBRAN2	dmso_c	0.0	0.0	0.0	Inf	Inf
GLDBRAN2	cl_c	-0.0	-0.004601920756719537	73.18500541533854	-0.0	0.0
GLDBRAN2	glc__D_c	-0.0	-0.6098750451278211	0.0	-0.0	Inf
GLDBRAN2	co2_c	-0.0	-976.2922996279236	23.707700372076374	-0.0	0.0
GLDBRAN2	dscl_c	-0.0	-0.00019716202281430483	0.06729969240722704	-0.0	0.0
GLDBRAN2	dtdp4aaddg_c	-0.0	0.0	0.0	Inf	Inf
GLDBRAN2	glyald_c	-0.0	-1000.0	0.0	-0.0	Inf
GLDBRAN2	crn_c	-0.0	-36.59250270766927	0.0	-0.0	Inf
GLDBRAN2	duri_c	-0.0	0.0	0.0	Inf	Inf
GLDBRAN2	glyb_c	0.0	0.0	0.0	Inf	Inf
GLDBRAN2	glyc_c	-0.0	-0.12291946954182588	0.0	-0.0	Inf
GLDBRAN2	dxyl_c	0.0	0.0	0.0	Inf	Inf
GLDBRAN2	glycogen_c	-0.0	-0.5717578548073323	0.0	-0.0	Inf
GLDBRAN2	gmhep1p_c	-0.0	0.0	0.47361372320226136	Inf	0.0
GLDBRAN2	lipa_cold_c	-0.0	0.0	0.0	Inf	Inf
GLDBRAN2	lipidA_c	-0.0	-0.017201723389574507	0.045902779332103225	-0.0	0.0
GLDBRAN2	malt_c	0.0	0.0	0.0	Inf	Inf
GLDBRAN2	h2_c	-0.0	0.0	0.0	Inf	Inf
GLDBRAN2	malthx_c	-0.0	0.0	0.0	Inf	Inf
GLDBRAN2	maltpt_c	-0.0	0.0	0.0	Inf	Inf
GLDBRAN2	malttr_c	-0.0	0.0	0.0	Inf	Inf
GLDBRAN2	maltttr_c	-0.0	0.0	0.0	Inf	Inf
GLDBRAN2	h2o2_c	-0.0	-0.00124044088718113	0.9213655407894381	-0.0	0.0
GLDBRAN2	man_c	-0.0	-0.6098750451278211	0.0	-0.0	Inf
GLDBRAN2	mdhdhf_c	-0.0	-47.057487333036896	0.00039609231490006123	-0.0	0.0
GLDBRAN2	melib_c	-0.0	0.0	0.0	Inf	Inf
GLDBRAN2	meoh_c	-0.0	-999.9999982317307	1.7682692714515724e-06	-0.0	0.0
GLDBRAN2	pacald_c	-0.0	-36.59250270766927	0.0	-0.0	Inf
GLDBRAN2	metsox_S__L_c	-0.0	-0.09655545897020157	0.0	-0.0	Inf
GLDBRAN2	mg2_c	-0.0	-0.00766986792791613	18.296251353834634	-0.0	0.0
GLDBRAN2	hhlipa_c	-0.0	0.0	0.0	Inf	Inf
GLDBRAN2	pe120_c	-0.0	0.0	0.0	Inf	Inf
GLDBRAN2	mobd_c	-0.0	-0.00011405336745760234	12.669167095660491	-0.0	0.0
GLDBRAN2	hlipa_c	-0.0	0.0	0.0	Inf	Inf
GLDBRAN2	pg120_c	-0.0	-0.06145973477091294	0.0	-0.0	Inf
GLDBRAN2	mql8_c	0.0	0.0	0.0	Inf	Inf
GLDBRAN2	mqn8_c	-0.0	0.0	0.0	Inf	Inf
GLDBRAN2	mthgxl_c	-0.0	0.0	1.1016667039704775	Inf	0.0
GLDBRAN2	hqn_c	0.0	0.0	0.0	Inf	Inf
GLDBRAN2	mththf_c	-0.0	-999.9996039076851	0.00039609231490006123	-0.0	0.0
GLDBRAN2	n2o_c	-0.0	-1000.0	0.0	-0.0	Inf
GLDBRAN2	na1_c	-0.0	0.0	0.0	Inf	Inf
GLDBRAN2	nac_c	-0.0	0.0	0.0	Inf	Inf
GLDBRAN2	ncam_c	-0.0	0.0	0.0	Inf	Inf
GLDBRAN2	ni2_c	-0.0	-0.0002855754859183435	999.9997144245141	-0.0	0.0
GLDBRAN2	no_c	-0.0	-1000.0	0.0	-0.0	Inf
GLDBRAN2	indole_c	-0.0	-0.050256864855755735	0.33560707538173484	-0.0	0.0
GLDBRAN2	no2_c	-0.0	0.0	0.0	Inf	Inf
GLDBRAN2	no3_c	0.0	0.0	0.0	Inf	Inf
GLDBRAN2	inost_c	0.0	0.0	0.0	Inf	Inf
GLDBRAN2	o2_c	-0.0	-21.821040177213227	728.1825098443658	-0.0	0.0
GLDBRAN2	poaac_c	-0.0	-3.8982052602032278	0.0	-0.0	Inf
GLDBRAN2	ppal_c	-0.0	0.0	0.0	Inf	Inf
GLDBRAN2	k_c	-0.0	-0.1725768911174556	50.676668382641964	-0.0	0.0
GLDBRAN2	psclys_c	-0.0	0.0	0.0	Inf	Inf
GLDBRAN2	lald__D_c	-0.0	0.0	0.956163554389471	Inf	0.0
GLDBRAN2	lald__L_c	-0.0	0.0	0.0	Inf	Inf
GLDBRAN2	ura_c	-0.0	-0.29246731541190707	0.0	-0.0	Inf
GLDBRAN2	pydx_c	-0.0	0.0	0.00124044088718113	Inf	0.0
GLDBRAN2	uracp_c	-0.0	-4.223055698553497	0.0	-0.0	Inf
GLDBRAN2	pydxn_c	-0.0	0.0	0.42230556985534967	Inf	0.0
GLDBRAN2	urate_c	-0.0	-0.00124044088718113	0.0	-0.0	Inf
GLDBRAN2	q8_c	-0.0	0.0	0.0	Inf	Inf
GLDBRAN2	q8h2_c	0.0	0.0	0.0	Inf	Inf
GLDBRAN2	urea_c	-0.0	-1000.0	0.0	-0.0	Inf
GLDBRAN2	uri_c	-0.0	0.0	0.0	Inf	Inf
GLDBRAN2	rbflvrd_c	-0.0	0.0	0.048277729485100784	Inf	0.0
GLDBRAN2	rbl__L_c	-0.0	-0.7318500541533853	0.0	-0.0	Inf
GLDBRAN2	rdmbzi_c	0.0	0.0	0.0	Inf	Inf
GLDBRAN2	thptdn_c	0.0	0.0	0.0	Inf	Inf
GLDBRAN2	xan_c	-0.0	-0.09655545897020157	0.0	-0.0	Inf
GLDBRAN2	rephaccoa_c	-0.0	-0.0005092615476633977	0.0	-0.0	Inf
GLDBRAN2	rib__D_c	-0.0	-0.7318500541533853	0.0	-0.0	Inf
GLDBRAN2	xtsn_c	-0.0	0.0	0.0	Inf	Inf
GLDBRAN2	rml_c	-0.0	0.0	0.0	Inf	Inf
GLDBRAN2	thym_c	-0.0	-50.676668382641964	0.0	-0.0	Inf
GLDBRAN2	thymd_c	-0.0	-0.02313426676664676	0.0	-0.0	Inf
GLDBRAN2	xu5p__L_c	-0.0	-0.6653182310485322	0.0	-0.0	Inf
GLDBRAN2	rmn_c	-0.0	0.0	0.0	Inf	Inf
GLDBRAN2	xyl__D_c	0.0	0.0	0.0	Inf	Inf
GLDBRAN2	tmao_c	0.0	0.0	0.0	Inf	Inf
GLDBRAN2	xylu__D_c	-0.0	0.0	0.0	Inf	Inf
GLDBRAN2	xylu__L_c	-0.0	-0.7318500541533853	0.0	-0.0	Inf
GLDBRAN2	12ppd__R_e	-0.0	-1000.0	0.0	-0.0	Inf
GLDBRAN2	12ppd__S_e	-0.0	-1000.0	0.0	-0.0	Inf
GLDBRAN2	tre_c	-0.0	-0.30493752256391055	0.0	-0.0	Inf
GLDBRAN2	seln_c	0.0	0.0	0.0	Inf	Inf
GLDBRAN2	34dhpac_e	-0.0	-1000.0	0.0	-0.0	Inf
GLDBRAN2	slnt_c	0.0	0.0	0.0	Inf	Inf
GLDBRAN2	so2_c	0.0	0.0	0.0	Inf	Inf
GLDBRAN2	so3_c	-0.0	-0.21915221936774332	2.5338334191320984	-0.0	0.0
GLDBRAN2	so4_c	-0.0	-0.222987595398992	50.676668382641964	-0.0	0.0
GLDBRAN2	4hoxpacd_e	-0.0	-1000.0	0.0	-0.0	Inf
GLDBRAN2	5mtr_e	-0.0	0.0	0.0	Inf	Inf
GLDBRAN2	LalaDgluMdap_e	-0.0	-1000.0	0.0	-0.0	Inf
GLDBRAN2	ac_e	-0.0	0.0	0.0	Inf	Inf
GLDBRAN2	acald_e	-0.0	-1000.0	0.0	-0.0	Inf
GLDBRAN2	acgal_e	-0.0	-1000.0	0.0	-0.0	Inf
GLDBRAN2	acgam_e	-0.0	-1000.0	0.0	-0.0	Inf
GLDBRAN2	acmana_e	-0.0	-1000.0	0.0	-0.0	Inf
GLDBRAN2	tagur_c	-0.0	0.0	0.0	Inf	Inf
GLDBRAN2	tartr__L_c	-0.0	-1.3552778780618249	0.0	-0.0	Inf
GLDBRAN2	ade_e	-0.0	-1000.0	0.0	-0.0	Inf
GLDBRAN2	adn_e	-0.0	-1000.0	0.0	-0.0	Inf
GLDBRAN2	all__D_e	-0.0	-1000.0	0.0	-0.0	Inf
GLDBRAN2	cl_e	-0.0	-0.0046019207567269405	999.9953980792433	-0.0	0.0
GLDBRAN2	alltn_e	-0.0	0.0	0.0	Inf	Inf
GLDBRAN2	cm_e	-0.0	-1000.0	0.0	-0.0	Inf
GLDBRAN2	co2_e	-0.0	-976.2922996279236	23.707700372076374	-0.0	0.0
GLDBRAN2	arab__L_e	-0.0	-1000.0	0.0	-0.0	Inf
GLDBRAN2	arbt_e	-0.0	-1000.0	0.0	-0.0	Inf
GLDBRAN2	unagamu_c	-0.0	0.0	0.03901206188040182	Inf	0.0
GLDBRAN2	crn_e	-0.0	-1000.0	0.0	-0.0	Inf
GLDBRAN2	csn_e	-0.0	-1000.0	0.0	-0.0	Inf
GLDBRAN2	cyan_e	-0.0	-1000.0	0.0	-0.0	Inf
GLDBRAN2	glyb_e	-0.0	-1000.0	0.0	-0.0	Inf
GLDBRAN2	glyc_e	-0.0	-1000.0	0.0	-0.0	Inf
GLDBRAN2	cytd_e	-0.0	-1000.0	0.0	-0.0	Inf
GLDBRAN2	ca2_e	-0.0	-0.0046019207567269405	999.9953980792433	-0.0	0.0
GLDBRAN2	dad_2_e	-0.0	-1000.0	0.0	-0.0	Inf
GLDBRAN2	dcyt_e	-0.0	-1000.0	0.0	-0.0	Inf
GLDBRAN2	chol_e	-0.0	-1000.0	0.0	-0.0	Inf
GLDBRAN2	dha_e	-0.0	-1000.0	0.0	-0.0	Inf
GLDBRAN2	ppal_e	-0.0	-1000.0	0.0	-0.0	Inf
GLDBRAN2	h2_e	-0.0	-1000.0	0.0	-0.0	Inf
GLDBRAN2	dms_e	-0.0	-1000.0	0.0	-0.0	Inf
GLDBRAN2	dmso_e	-0.0	-1000.0	0.0	-0.0	Inf
GLDBRAN2	h2o2_e	-0.0	-1000.0	0.0	-0.0	Inf
GLDBRAN2	psclys_e	-0.0	-1000.0	0.0	-0.0	Inf
GLDBRAN2	duri_e	-0.0	-1000.0	0.0	-0.0	Inf
GLDBRAN2	pydx_e	-0.0	-1000.0	0.0	-0.0	Inf
GLDBRAN2	pydxn_e	-0.0	-1000.0	0.0	-0.0	Inf
GLDBRAN2	etoh_e	-0.0	-1000.0	0.0	-0.0	Inf
GLDBRAN2	fald_e	-0.0	0.0	0.0	Inf	Inf
GLDBRAN2	rib__D_e	-0.0	-1000.0	0.0	-0.0	Inf
GLDBRAN2	rmn_e	-0.0	-1000.0	0.0	-0.0	Inf
GLDBRAN2	indole_e	-0.0	-1000.0	0.0	-0.0	Inf
GLDBRAN2	inost_e	-0.0	-1000.0	0.0	-0.0	Inf
GLDBRAN2	sbt__D_e	-0.0	-0.5998770935683486	0.0	-0.0	Inf
GLDBRAN2	k_e	-0.0	-0.17257689111750096	999.8274231088825	-0.0	0.0
GLDBRAN2	for_e	-0.0	0.0	3.6543282462241296	Inf	0.0
GLDBRAN2	slnt_e	-0.0	0.0	1000.0	Inf	0.0
GLDBRAN2	fru_e	-0.0	-0.6534375483512369	0.6334583547830246	-0.0	0.0
GLDBRAN2	so2_e	-0.0	-1000.0	0.0	-0.0	Inf
GLDBRAN2	so3_e	-0.0	-1000.0	0.0	-0.0	Inf
GLDBRAN2	so4_e	-0.0	-0.222987595398992	999.777012404601	-0.0	0.0
GLDBRAN2	lipa_cold_e	-0.0	-1000.0	0.0	-0.0	Inf
GLDBRAN2	sucr_e	-0.0	-1000.0	0.0	-0.0	Inf
GLDBRAN2	g3pe_e	-0.0	-1000.0	0.0	-0.0	Inf
GLDBRAN2	malt_e	-0.0	-1000.0	0.0	-0.0	Inf
GLDBRAN2	tartr__L_e	-0.0	-1000.0	0.0	-0.0	Inf
GLDBRAN2	g3pi_e	-0.0	-1000.0	0.0	-0.0	Inf
GLDBRAN2	malthx_e	-0.0	-1000.0	0.0	-0.0	Inf
GLDBRAN2	maltpt_e	-0.0	-1000.0	0.0	-0.0	Inf
GLDBRAN2	gal_e	-0.0	-1000.0	0.0	-0.0	Inf
GLDBRAN2	gal_bD_e	-0.0	-1000.0	0.0	-0.0	Inf
GLDBRAN2	malttr_e	-0.0	-1000.0	0.0	-0.0	Inf
GLDBRAN2	maltttr_e	-0.0	-1000.0	0.0	-0.0	Inf
GLDBRAN2	man_e	-0.0	-1000.0	0.0	-0.0	Inf
GLDBRAN2	thym_e	-0.0	-1000.0	0.0	-0.0	Inf
GLDBRAN2	thymd_e	-0.0	-1000.0	0.0	-0.0	Inf
GLDBRAN2	galt_e	-0.0	-0.5998770935683486	0.0	-0.0	Inf
GLDBRAN2	melib_e	-0.0	-1000.0	0.0	-0.0	Inf
GLDBRAN2	meoh_e	-0.0	-999.9999982317307	1.7682692714515724e-06	-0.0	0.0
GLDBRAN2	tmao_e	-0.0	-1000.0	0.0	-0.0	Inf
GLDBRAN2	tre_e	-0.0	-1000.0	0.0	-0.0	Inf
GLDBRAN2	metsox_S__L_e	-0.0	-1000.0	0.0	-0.0	Inf
GLDBRAN2	glc__D_e	-0.0	-1000.0	0.0	-0.0	Inf
GLDBRAN2	mg2_e	-0.0	-0.00766986792791613	999.9923301320721	-0.0	0.0
GLDBRAN2	mnl_e	-0.0	-1000.0	0.0	-0.0	Inf
GLDBRAN2	mobd_e	-0.0	-0.00011405336749703565	999.9998859466325	-0.0	0.0
GLDBRAN2	glyald_e	-0.0	-1000.0	0.0	-0.0	Inf
GLDBRAN2	n2o_e	-0.0	-1000.0	0.0	-0.0	Inf
GLDBRAN2	na1_e	-0.0	0.0	1000.0	Inf	0.0
GLDBRAN2	nac_e	-0.0	-1000.0	0.0	-0.0	Inf
GLDBRAN2	ni2_e	-0.0	-0.0002855754859183435	999.9997144245141	-0.0	0.0
GLDBRAN2	no_e	-0.0	-1000.0	0.0	-0.0	Inf
GLDBRAN2	no2_e	-0.0	-1000.0	0.0	-0.0	Inf
GLDBRAN2	ura_e	-0.0	-1000.0	0.0	-0.0	Inf
GLDBRAN2	no3_e	-0.0	-1000.0	0.0	-0.0	Inf
GLDBRAN2	urea_e	-0.0	-1000.0	0.0	-0.0	Inf
GLDBRAN2	novbcn_e	-0.0	-1000.0	0.0	-0.0	Inf
GLDBRAN2	uri_e	-0.0	-1000.0	0.0	-0.0	Inf
GLDBRAN2	o2_e	-0.0	-271.8174901556343	728.1825098443658	-0.0	0.0
GLDBRAN2	xan_e	-0.0	0.0	0.0	Inf	Inf
GLDBRAN2	xtsn_e	-0.0	-1000.0	0.0	-0.0	Inf
GLDBRAN2	xyl__D_e	-0.0	-1000.0	0.0	-0.0	Inf
GLDBRAN2	xylu__L_e	-0.0	-1000.0	0.0	-0.0	Inf
GLDBRAN2	pacald_e	-0.0	-1000.0	0.0	-0.0	Inf
GLDBRAN2	12dgr120_p	-0.0	0.0	0.0	Inf	Inf
GLDBRAN2	12dgr140_p	-0.0	0.0	0.0	Inf	Inf
GLDBRAN2	12dgr160_p	-0.0	-0.05642016737162353	0.0	-0.0	Inf
GLDBRAN2	12dgr180_p	-0.0	0.0	0.0	Inf	Inf
GLDBRAN2	12ppd__R_p	-0.0	-1000.0	0.0	-0.0	Inf
GLDBRAN2	12ppd__S_p	-0.0	0.0	0.0	Inf	Inf
GLDBRAN2	chol_p	-0.0	-1000.0	0.0	-0.0	Inf
GLDBRAN2	cl_p	-0.0	-0.0046019207567269405	999.9953980792433	-0.0	0.0
GLDBRAN2	34dhpac_p	-0.0	-1000.0	0.0	-0.0	Inf
GLDBRAN2	cm_p	-0.0	0.0	0.0	Inf	Inf
GLDBRAN2	4hoxpacd_p	-0.0	-1000.0	0.0	-0.0	Inf
GLDBRAN2	co2_p	-0.0	-976.2922996279236	23.707700372076374	-0.0	0.0
GLDBRAN2	5mtr_p	-0.0	0.0	0.0	Inf	Inf
GLDBRAN2	LalaDgluMdap_p	-0.0	-0.02456833313885158	0.0	-0.0	Inf
GLDBRAN2	gal_p	-0.0	-1000.0	0.0	-0.0	Inf
GLDBRAN2	ac_p	-0.0	-2.411171625103634	0.0	-0.0	Inf
GLDBRAN2	crn_p	-0.0	-1000.0	0.0	-0.0	Inf
GLDBRAN2	gal_bD_p	-0.0	-1000.0	0.0	-0.0	Inf
GLDBRAN2	acald_p	-0.0	-1000.0	0.0	-0.0	Inf
GLDBRAN2	acgal_p	-0.0	-1000.0	0.0	-0.0	Inf
GLDBRAN2	csn_p	-0.0	0.0	0.0	Inf	Inf
GLDBRAN2	acgam_p	-0.0	-1000.0	0.0	-0.0	Inf
GLDBRAN2	galt_p	-0.0	-0.5998770935683486	0.0	-0.0	Inf
GLDBRAN2	acmana_p	-0.0	-1000.0	0.0	-0.0	Inf
GLDBRAN2	cyan_p	-0.0	0.0	0.0	Inf	Inf
GLDBRAN2	ade_p	-0.0	-1000.0	0.0	-0.0	Inf
GLDBRAN2	adn_p	-0.0	0.0	0.0005950226069772746	Inf	0.0
GLDBRAN2	cytd_p	-0.0	-0.1419257117141233	0.0	-0.0	Inf
GLDBRAN2	glc__D_p	-0.0	-1000.0	0.0	-0.0	Inf
GLDBRAN2	dad_2_p	-0.0	-1000.0	0.0	-0.0	Inf
GLDBRAN2	dcyt_p	-0.0	-1000.0	0.0	-0.0	Inf
GLDBRAN2	all__D_p	-0.0	0.0	0.0	Inf	Inf
GLDBRAN2	alltn_p	-0.0	0.0	0.0	Inf	Inf
GLDBRAN2	dha_p	-0.0	-1000.0	0.0	-0.0	Inf
GLDBRAN2	glyald_p	-0.0	-1000.0	0.0	-0.0	Inf
GLDBRAN2	glyb_p	0.0	0.0	0.0	Inf	Inf
GLDBRAN2	dms_p	-0.0	-1000.0	0.0	-0.0	Inf
GLDBRAN2	glyc_p	-0.0	-0.12291946954182588	0.0	-0.0	Inf
GLDBRAN2	dmso_p	-0.0	-1000.0	0.0	-0.0	Inf
GLDBRAN2	arab__L_p	-0.0	0.0	0.0	Inf	Inf
GLDBRAN2	arbt_p	0.0	0.0	0.0	Inf	Inf
GLDBRAN2	ca2_p	-0.0	-0.0046019207567269405	999.9953980792433	-0.0	0.0
GLDBRAN2	duri_p	-0.0	-1000.0	0.0	-0.0	Inf
GLDBRAN2	h2_p	-0.0	-1000.0	0.0	-0.0	Inf
GLDBRAN2	h2o2_p	-0.0	-1000.0	0.0	-0.0	Inf
GLDBRAN2	etoh_p	-0.0	-1000.0	0.0	-0.0	Inf
GLDBRAN2	fald_p	-0.0	0.0	0.0	Inf	Inf
GLDBRAN2	n2o_p	-0.0	-1000.0	0.0	-0.0	Inf
GLDBRAN2	na1_p	-0.0	0.0	0.0	Inf	Inf
GLDBRAN2	indole_p	-0.0	0.0	0.33784445588427975	Inf	0.0
GLDBRAN2	nac_p	-0.0	0.0	0.0	Inf	Inf
GLDBRAN2	ni2_p	-0.0	-0.0002855754859183435	999.9997144245141	-0.0	0.0
GLDBRAN2	inost_p	-0.0	-1000.0	0.0	-0.0	Inf
GLDBRAN2	no_p	-0.0	-1000.0	0.0	-0.0	Inf
GLDBRAN2	no2_p	-0.0	-1000.0	0.0	-0.0	Inf
GLDBRAN2	for_p	-0.0	0.0	3.6543282462241296	Inf	0.0
GLDBRAN2	fru_p	-0.0	-0.6534375483512369	0.6334583547830246	-0.0	0.0
GLDBRAN2	no3_p	-0.0	-1000.0	0.0	-0.0	Inf
GLDBRAN2	k_p	-0.0	-0.17257689111750096	999.8274231088825	-0.0	0.0
GLDBRAN2	novbcn_p	-0.0	0.0	0.0	Inf	Inf
GLDBRAN2	o2_p	-0.0	-271.8174901556343	728.1825098443658	-0.0	0.0
GLDBRAN2	lipa_cold_p	-0.0	-12.669167095660491	0.0	-0.0	Inf
GLDBRAN2	g3pe_p	-0.0	-0.12291946954182588	0.0	-0.0	Inf
GLDBRAN2	g3pi_p	-0.0	0.0	0.0	Inf	Inf
GLDBRAN2	so3_p	-0.0	-1000.0	0.0	-0.0	Inf
GLDBRAN2	so4_p	-0.0	-0.222987595398992	999.777012404601	-0.0	0.0
GLDBRAN2	malt_p	0.0	0.0	0.0	Inf	Inf
GLDBRAN2	malthx_p	0.0	0.0	0.0	Inf	Inf
GLDBRAN2	maltpt_p	0.0	0.0	0.0	Inf	Inf
GLDBRAN2	sucr_p	-0.0	-1000.0	0.0	-0.0	Inf
GLDBRAN2	malttr_p	0.0	0.0	0.0	Inf	Inf
GLDBRAN2	maltttr_p	0.0	0.0	0.0	Inf	Inf
GLDBRAN2	pacald_p	-0.0	-1000.0	0.0	-0.0	Inf
GLDBRAN2	man_p	-0.0	-1000.0	0.0	-0.0	Inf
GLDBRAN2	tartr__L_p	-0.0	-1000.0	0.0	-0.0	Inf
GLDBRAN2	pe120_p	-0.0	-0.06880689355829803	0.0	-0.0	Inf
GLDBRAN2	melib_p	-0.0	-1000.0	0.0	-0.0	Inf
GLDBRAN2	meoh_p	-0.0	-999.9999982317307	1.7682692714515724e-06	-0.0	0.0
GLDBRAN2	thym_p	-0.0	-1000.0	0.0	-0.0	Inf
GLDBRAN2	thymd_p	-0.0	-0.02313426676664676	0.0	-0.0	Inf
GLDBRAN2	pg120_p	-0.0	-0.06145973477091294	0.0	-0.0	Inf
GLDBRAN2	metsox_S__L_p	-0.0	-1000.0	0.0	-0.0	Inf
GLDBRAN2	tmao_p	-0.0	0.0	0.0	Inf	Inf
GLDBRAN2	mg2_p	-0.0	-0.00766986792791613	999.9923301320721	-0.0	0.0
GLDBRAN2	tre_p	-0.0	0.0	0.0	Inf	Inf
GLDBRAN2	mnl_p	-0.0	0.0	0.0	Inf	Inf
GLDBRAN2	mobd_p	-0.0	-0.00011405336749703565	999.9998859466325	-0.0	0.0
GLDBRAN2	ura_p	-0.0	-1000.0	0.0	-0.0	Inf
GLDBRAN2	urea_p	-0.0	-1000.0	0.0	-0.0	Inf
GLDBRAN2	uri_p	-0.0	0.0	0.0	Inf	Inf
GLDBRAN2	xan_p	-0.0	-0.09655545897020157	0.0	-0.0	Inf
GLDBRAN2	xtsn_p	-0.0	0.0	0.0	Inf	Inf
GLDBRAN2	xyl__D_p	-0.0	-1000.0	0.0	-0.0	Inf
GLDBRAN2	xylu__L_p	-0.0	0.0	0.0	Inf	Inf
GLDBRAN2	ppal_p	-0.0	0.0	0.0	Inf	Inf
GLDBRAN2	psclys_p	-0.0	0.0	0.0	Inf	Inf
GLDBRAN2	pydx_p	-0.0	0.0	0.0	Inf	Inf
GLDBRAN2	pydxn_p	-0.0	0.0	0.0	Inf	Inf
GLDBRAN2	rib__D_p	-0.0	-1000.0	0.0	-0.0	Inf
GLDBRAN2	rmn_p	-0.0	-1000.0	0.0	-0.0	Inf
GLDBRAN2	sbt__D_p	-0.0	-0.5998770935683486	0.0	-0.0	Inf
GLDBRAN2	slnt_p	-0.0	0.0	1000.0	Inf	0.0
GLDBRAN2	so2_p	-0.0	-1000.0	0.0	-0.0	Inf
