Reaction	Metabolite	ShadowPrice	G-	G+	DecrementalShadowPrice	IncrementalShadowPrice
GLYtex_f	12dgr120_c	-0.0	0.0	0.0	Inf	Inf
GLYtex_f	12dgr140_c	-0.0	0.0	0.0	Inf	Inf
GLYtex_f	12dgr160_c	-0.0	-0.05642016737162353	0.0	-0.0	Inf
GLYtex_f	12dgr180_c	-0.0	0.0	0.0	Inf	Inf
GLYtex_f	12ppd__R_c	-0.0	-1000.0	0.0	-0.0	Inf
GLYtex_f	12ppd__S_c	-0.0	0.0	0.0	Inf	Inf
GLYtex_f	5drib_c	-0.0	-999.9998010697079	0.0001989302920772134	-0.0	0.0
GLYtex_f	5mta_c	-0.0	0.0	0.0	Inf	Inf
GLYtex_f	23dhacoa_c	-0.0	-0.0005092615483590635	0.0	-0.0	Inf
GLYtex_f	5mtr_c	-0.0	0.0	0.0	Inf	Inf
GLYtex_f	3amac_c	-0.0	-8.130537436246856	0.0	-0.0	Inf
GLYtex_f	LalaDgluMdap_c	-0.0	-0.02456833313885158	0.0	-0.0	Inf
GLYtex_f	ac_c	-0.0	-2.411171625109432	0.5150756170546629	-0.0	0.0
GLYtex_f	acald_c	-0.0	-2.411171625109432	1.7737726588993996	-0.0	0.0
GLYtex_f	acetol_c	-0.0	0.0	0.0	Inf	Inf
GLYtex_f	acgam_c	-0.0	-0.08354011305686719	0.0	-0.0	Inf
GLYtex_f	acgam6p_c	-0.0	-0.08354011305686719	0.0	-0.0	Inf
GLYtex_f	acmalt_c	0.0	0.0	0.0	Inf	Inf
GLYtex_f	acmana_c	-0.0	-0.08354011305686719	0.0	-0.0	Inf
GLYtex_f	2dmmq8_c	-0.0	0.0	0.0	Inf	Inf
GLYtex_f	2dmmql8_c	0.0	0.0	0.0	Inf	Inf
GLYtex_f	ade_c	-0.0	-0.09655545897085585	0.0005950226069772746	-0.0	0.0
GLYtex_f	adn_c	-0.0	0.0	0.0005950226069772746	Inf	0.0
GLYtex_f	3sala_c	0.0	0.0	0.0	Inf	Inf
GLYtex_f	adphep_DD_c	-0.0	0.0	0.0	Inf	Inf
GLYtex_f	adphep_LD_c	-0.0	0.0	0.0	Inf	Inf
GLYtex_f	4ahmmp_c	0.0	0.0	0.0	Inf	Inf
GLYtex_f	4crsol_c	-0.0	-999.9998028379772	0.00019716202281430483	-0.0	0.0
GLYtex_f	2ohph_c	-0.0	-0.00019716202281430483	0.05333169464396858	-0.0	0.0
GLYtex_f	2ombzl_c	-0.0	0.0	0.0	Inf	Inf
GLYtex_f	2omhmbl_c	-0.0	0.0	0.0	Inf	Inf
GLYtex_f	2ommbl_c	0.0	0.0	0.0	Inf	Inf
GLYtex_f	2omph_c	-0.0	0.0	0.04765359382117788	Inf	0.0
GLYtex_f	4mhetz_c	0.0	0.0	0.0	Inf	Inf
GLYtex_f	2oph_c	-0.0	-0.00019716202281430483	0.05333169464396858	-0.0	0.0
GLYtex_f	2oxpaccoa_c	-0.0	-0.0005092615483590635	0.0	-0.0	Inf
GLYtex_f	all__D_c	-0.0	-1.6534759866674262	0.0	-0.0	Inf
GLYtex_f	alltn_c	-0.0	-2.032634359061715	0.0	-0.0	Inf
GLYtex_f	4r5au_c	-0.0	-0.00039432404537365073	0.30504370567059724	-0.0	0.0
GLYtex_f	56dura_c	0.0	0.0	0.0	Inf	Inf
GLYtex_f	arab__L_c	-0.0	-1.9841711840009117	0.0	-0.0	Inf
GLYtex_f	etoh_c	-0.0	-1000.0	0.0	-0.0	Inf
GLYtex_f	csn_c	-0.0	0.0	0.0	Inf	Inf
GLYtex_f	fald_c	-0.0	0.0	0.0	Inf	Inf
GLYtex_f	fc1p_c	-0.0	-0.8528636736834869	0.0	-0.0	Inf
GLYtex_f	fcl__L_c	-0.0	0.0	0.0	Inf	Inf
GLYtex_f	aso4_c	0.0	0.0	0.0	Inf	Inf
GLYtex_f	cyan_c	0.0	0.0	0.0	Inf	Inf
GLYtex_f	athtp_c	0.0	0.0	0.0	Inf	Inf
GLYtex_f	cytd_c	-0.0	-0.14192571171412327	0.0	-0.0	Inf
GLYtex_f	dad_2_c	-0.0	-0.09655545897085588	0.0	-0.0	Inf
GLYtex_f	dad_5_c	-0.0	-0.09655545897085585	0.0001989302920772134	-0.0	0.0
GLYtex_f	betald_c	0.0	0.0	0.0	Inf	Inf
GLYtex_f	btal_c	-0.0	-19.841711840009115	0.0	-0.0	Inf
GLYtex_f	for_c	-0.0	-0.09655545897085588	3.654328246223676	-0.0	0.0
GLYtex_f	dcyt_c	-0.0	-0.023134266766632734	0.0	-0.0	Inf
GLYtex_f	fru_c	-0.0	0.0	0.0	Inf	Inf
GLYtex_f	ca2_c	-0.0	-0.0046019207567269405	79.36684736003646	-0.0	0.0
GLYtex_f	g3pe_c	-0.0	0.0	0.0	Inf	Inf
GLYtex_f	g3pi_c	0.0	0.0	0.0	Inf	Inf
GLYtex_f	cbm_c	-0.0	-4.065268718123426	0.0	-0.0	Inf
GLYtex_f	dha_c	-0.0	-3.3069519733348525	0.0	-0.0	Inf
GLYtex_f	gal_c	-0.0	0.0	0.0	Inf	Inf
GLYtex_f	dhgly_c	-0.0	-0.00019716202281430483	0.20643043875122313	-0.0	0.0
GLYtex_f	dhmptp_c	0.0	0.0	0.0	Inf	Inf
GLYtex_f	gcald_c	-0.0	-2.6164708946727258	0.0005914860681879297	-0.0	0.0
GLYtex_f	dhptd_c	-0.0	-47.054035671436964	0.00039609231490006123	-0.0	0.0
GLYtex_f	cechddd_c	-0.0	0.0	0.0	Inf	Inf
GLYtex_f	dhptdn_c	0.0	0.0	0.0	Inf	Inf
GLYtex_f	chol_c	0.0	0.0	0.0	Inf	Inf
GLYtex_f	chtbs6p_c	-0.0	0.0	0.0	Inf	Inf
GLYtex_f	dmbzid_c	0.0	0.0	0.0	Inf	Inf
GLYtex_f	dms_c	0.0	0.0	0.0	Inf	Inf
GLYtex_f	dmso_c	0.0	0.0	0.0	Inf	Inf
GLYtex_f	cl_c	-0.0	-0.004601920756719537	158.73369472007292	-0.0	0.0
GLYtex_f	glc__D_c	-0.0	-1.6534759866674262	0.0	-0.0	Inf
GLYtex_f	co2_c	-0.0	-976.2922996279458	23.707700372054205	-0.0	0.0
GLYtex_f	dscl_c	-0.0	-0.00019716202281430483	0.06360141008005814	-0.0	0.0
GLYtex_f	dtdp4aaddg_c	-0.0	0.0	0.0	Inf	Inf
GLYtex_f	glyald_c	-0.0	-1000.0	0.0	-0.0	Inf
GLYtex_f	crn_c	-0.0	-79.36684736003646	0.0	-0.0	Inf
GLYtex_f	duri_c	-0.0	-0.023134266766632734	0.0	-0.0	Inf
GLYtex_f	glyb_c	0.0	0.0	0.0	Inf	Inf
GLYtex_f	glyc_c	-0.0	-0.12291946954182588	0.0	-0.0	Inf
GLYtex_f	dxyl_c	0.0	0.0	0.0	Inf	Inf
GLYtex_f	glycogen_c	-0.0	-1.5262855261545472	0.0	-0.0	Inf
GLYtex_f	gmhep1p_c	-0.0	0.0	0.44758749336713816	Inf	0.0
GLYtex_f	lipa_cold_c	-0.0	0.0	0.0	Inf	Inf
GLYtex_f	lipidA_c	-0.0	-0.017201723389574507	0.043380309592648346	-0.0	0.0
GLYtex_f	malt_c	0.0	0.0	0.0	Inf	Inf
GLYtex_f	h2_c	-0.0	0.0	0.0	Inf	Inf
GLYtex_f	malthx_c	-0.0	0.0	0.0	Inf	Inf
GLYtex_f	maltpt_c	-0.0	0.0	0.0	Inf	Inf
GLYtex_f	malttr_c	-0.0	0.0	0.0	Inf	Inf
GLYtex_f	maltttr_c	-0.0	0.0	0.0	Inf	Inf
GLYtex_f	h2o2_c	-0.0	-19.841711840009115	0.0001971620228005122	-0.0	0.0
GLYtex_f	man_c	-0.0	-1.6534759866674262	0.0	-0.0	Inf
GLYtex_f	mdhdhf_c	-0.0	-47.054035671436964	0.00039609231490006123	-0.0	0.0
GLYtex_f	melib_c	-0.0	0.0	0.0	Inf	Inf
GLYtex_f	meoh_c	-0.0	-999.9999982317307	1.7682692714515724e-06	-0.0	0.0
GLYtex_f	pacald_c	-0.0	-79.36684736003646	0.0	-0.0	Inf
GLYtex_f	metsox_S__L_c	-0.0	-0.09655545897085588	0.0	-0.0	Inf
GLYtex_f	mg2_c	-0.0	-0.00766986792791613	39.68342368001823	-0.0	0.0
GLYtex_f	hhlipa_c	-0.0	0.0	0.0	Inf	Inf
GLYtex_f	pe120_c	-0.0	0.0	0.0	Inf	Inf
GLYtex_f	mobd_c	-0.0	-0.00011405336745760234	11.972965447570942	-0.0	0.0
GLYtex_f	hlipa_c	-0.0	0.0	0.0	Inf	Inf
GLYtex_f	pg120_c	-0.0	-0.06145973477091294	0.0	-0.0	Inf
GLYtex_f	mql8_c	0.0	0.0	0.0	Inf	Inf
GLYtex_f	mqn8_c	-0.0	0.0	0.0	Inf	Inf
GLYtex_f	mthgxl_c	-0.0	-2.411171625109432	0.0	-0.0	Inf
GLYtex_f	hqn_c	0.0	0.0	0.0	Inf	Inf
GLYtex_f	mththf_c	-0.0	-999.9996039076851	0.00039609231490006123	-0.0	0.0
GLYtex_f	n2o_c	-0.0	-1000.0	0.0	-0.0	Inf
GLYtex_f	na1_c	-0.0	0.0	0.0	Inf	Inf
GLYtex_f	nac_c	-0.0	0.0	0.0	Inf	Inf
GLYtex_f	ncam_c	-0.0	0.0	0.0	Inf	Inf
GLYtex_f	ni2_c	-0.0	-0.0002855754859183435	999.9997144245141	-0.0	0.0
GLYtex_f	no_c	-0.0	-1000.0	0.0	-0.0	Inf
GLYtex_f	indole_c	-0.0	-0.050256864855755735	0.31716464761777335	-0.0	0.0
GLYtex_f	no2_c	-0.0	0.0	0.0	Inf	Inf
GLYtex_f	no3_c	0.0	0.0	0.0	Inf	Inf
GLYtex_f	inost_c	0.0	0.0	0.0	Inf	Inf
GLYtex_f	o2_c	-0.0	-21.819314346391543	978.1806856536084	-0.0	0.0
GLYtex_f	poaac_c	-0.0	-3.6839893684833664	0.0	-0.0	Inf
GLYtex_f	ppal_c	-0.0	0.0	0.0	Inf	Inf
GLYtex_f	k_c	-0.0	-0.1725768911174556	47.89186179028377	-0.0	0.0
GLYtex_f	psclys_c	-0.0	0.0	0.0	Inf	Inf
GLYtex_f	lald__D_c	-0.0	0.0	0.0	Inf	Inf
GLYtex_f	lald__L_c	-0.0	-2.411171625109432	0.0	-0.0	Inf
GLYtex_f	ura_c	-0.0	0.0	0.0	Inf	Inf
GLYtex_f	pydx_c	-0.0	0.0	0.4128608775024464	Inf	0.0
GLYtex_f	uracp_c	-0.0	-3.9909884825236475	0.0	-0.0	Inf
GLYtex_f	pydxn_c	-0.0	0.0	0.3990988482523648	Inf	0.0
GLYtex_f	urate_c	-0.0	-2.032634359061713	0.0	-0.0	Inf
GLYtex_f	q8_c	0.0	0.0	0.0	Inf	Inf
GLYtex_f	q8h2_c	-0.0	0.0	0.0	Inf	Inf
GLYtex_f	urea_c	-0.0	-1000.0	0.0	-0.0	Inf
GLYtex_f	uri_c	-0.0	0.0	0.0	Inf	Inf
GLYtex_f	rbflvrd_c	-0.0	0.0	0.04827772948542794	Inf	0.0
GLYtex_f	rbl__L_c	-0.0	-1.9841711840009117	0.0	-0.0	Inf
GLYtex_f	rdmbzi_c	0.0	0.0	0.0	Inf	Inf
GLYtex_f	thptdn_c	0.0	0.0	0.0	Inf	Inf
GLYtex_f	xan_c	-0.0	-0.09655545897085588	0.0	-0.0	Inf
GLYtex_f	rephaccoa_c	-0.0	-0.0005092615483590635	0.0	-0.0	Inf
GLYtex_f	rib__D_c	-0.0	0.0	0.6471873214903213	Inf	0.0
GLYtex_f	xtsn_c	-0.0	0.0	0.0	Inf	Inf
GLYtex_f	rml_c	-0.0	-1.2680525766712094	0.0	-0.0	Inf
GLYtex_f	thym_c	-0.0	-47.89186179028377	0.0	-0.0	Inf
GLYtex_f	thymd_c	-0.0	-0.023134266766632734	0.0	-0.0	Inf
GLYtex_f	xu5p__L_c	-0.0	-0.8528636736834871	0.0	-0.0	Inf
GLYtex_f	rmn_c	-0.0	-1.2680525766712094	0.0	-0.0	Inf
GLYtex_f	xyl__D_c	0.0	0.0	0.0	Inf	Inf
GLYtex_f	tmao_c	0.0	0.0	0.0	Inf	Inf
GLYtex_f	xylu__D_c	-0.0	0.0	0.0	Inf	Inf
GLYtex_f	xylu__L_c	-0.0	-1.9841711840009117	0.0	-0.0	Inf
GLYtex_f	12ppd__R_e	-0.0	-1000.0	0.0	-0.0	Inf
GLYtex_f	12ppd__S_e	-0.0	-1000.0	0.0	-0.0	Inf
GLYtex_f	tre_c	-0.0	-0.8267379933337131	0.0	-0.0	Inf
GLYtex_f	seln_c	0.0	0.0	0.0	Inf	Inf
GLYtex_f	34dhpac_e	-0.0	-1000.0	0.0	-0.0	Inf
GLYtex_f	slnt_c	0.0	0.0	0.0	Inf	Inf
GLYtex_f	so2_c	0.0	0.0	0.0	Inf	Inf
GLYtex_f	so3_c	-0.0	-0.219152219368439	2.3945930895141885	-0.0	0.0
GLYtex_f	so4_c	-0.0	-0.22298759539968768	47.89186179028377	-0.0	0.0
GLYtex_f	4hoxpacd_e	-0.0	-1000.0	0.0	-0.0	Inf
GLYtex_f	5mtr_e	-0.0	0.0	0.0	Inf	Inf
GLYtex_f	LalaDgluMdap_e	-0.0	-1000.0	0.0	-0.0	Inf
GLYtex_f	ac_e	-0.0	0.0	0.0	Inf	Inf
GLYtex_f	acald_e	-0.0	-1000.0	0.0	-0.0	Inf
GLYtex_f	acgal_e	-0.0	-1000.0	0.0	-0.0	Inf
GLYtex_f	acgam_e	-0.0	-1000.0	0.0	-0.0	Inf
GLYtex_f	acmana_e	-0.0	-1000.0	0.0	-0.0	Inf
GLYtex_f	tagur_c	-0.0	0.0	0.0	Inf	Inf
GLYtex_f	tartr__L_c	-0.0	-2.411171625109432	0.0	-0.0	Inf
GLYtex_f	ade_e	-0.0	-1000.0	0.0	-0.0	Inf
GLYtex_f	adn_e	-0.0	-1000.0	0.0	-0.0	Inf
GLYtex_f	all__D_e	-0.0	-1000.0	0.0	-0.0	Inf
GLYtex_f	cl_e	-0.0	-0.0046019207567269405	999.9953980792433	-0.0	0.0
GLYtex_f	alltn_e	-0.0	0.0	0.0	Inf	Inf
GLYtex_f	cm_e	-0.0	-1000.0	0.0	-0.0	Inf
GLYtex_f	co2_e	-0.0	-976.2922996279458	23.707700372054205	-0.0	0.0
GLYtex_f	arab__L_e	-0.0	-1000.0	0.0	-0.0	Inf
GLYtex_f	arbt_e	-0.0	-1000.0	0.0	-0.0	Inf
GLYtex_f	unagamu_c	-0.0	0.0	0.03686825388012608	Inf	0.0
GLYtex_f	crn_e	-0.0	-1000.0	0.0	-0.0	Inf
GLYtex_f	csn_e	-0.0	-1000.0	0.0	-0.0	Inf
GLYtex_f	cyan_e	-0.0	-1000.0	0.0	-0.0	Inf
GLYtex_f	glyb_e	-0.0	-1000.0	0.0	-0.0	Inf
GLYtex_f	glyc_e	-0.0	-1000.0	0.0	-0.0	Inf
GLYtex_f	cytd_e	-0.0	-1000.0	0.0	-0.0	Inf
GLYtex_f	ca2_e	-0.0	-0.0046019207567269405	999.9953980792433	-0.0	0.0
GLYtex_f	dad_2_e	-0.0	-1000.0	0.0	-0.0	Inf
GLYtex_f	dcyt_e	-0.0	-1000.0	0.0	-0.0	Inf
GLYtex_f	chol_e	-0.0	-1000.0	0.0	-0.0	Inf
GLYtex_f	dha_e	-0.0	-1000.0	0.0	-0.0	Inf
GLYtex_f	ppal_e	-0.0	-1000.0	0.0	-0.0	Inf
GLYtex_f	h2_e	-0.0	-1000.0	0.0	-0.0	Inf
GLYtex_f	dms_e	-0.0	-1000.0	0.0	-0.0	Inf
GLYtex_f	dmso_e	-0.0	-1000.0	0.0	-0.0	Inf
GLYtex_f	h2o2_e	-0.0	-1000.0	0.0	-0.0	Inf
GLYtex_f	psclys_e	-0.0	-1000.0	0.0	-0.0	Inf
GLYtex_f	duri_e	-0.0	-1000.0	0.0	-0.0	Inf
GLYtex_f	pydx_e	-0.0	-1000.0	0.0	-0.0	Inf
GLYtex_f	pydxn_e	-0.0	-1000.0	0.0	-0.0	Inf
GLYtex_f	etoh_e	-0.0	-1000.0	0.0	-0.0	Inf
GLYtex_f	fald_e	-0.0	0.0	0.0	Inf	Inf
GLYtex_f	rib__D_e	-0.0	-1000.0	0.0	-0.0	Inf
GLYtex_f	rmn_e	-0.0	-1000.0	0.0	-0.0	Inf
GLYtex_f	indole_e	-0.0	-1000.0	0.0	-0.0	Inf
GLYtex_f	inost_e	-0.0	-1000.0	0.0	-0.0	Inf
GLYtex_f	sbt__D_e	-0.0	-1.6534759866674262	0.0	-0.0	Inf
GLYtex_f	k_e	-0.0	-0.17257689111750096	999.8274231088825	-0.0	0.0
GLYtex_f	for_e	-0.0	0.0	3.654328246223676	Inf	0.0
GLYtex_f	slnt_e	-0.0	0.0	1000.0	Inf	0.0
GLYtex_f	fru_e	-0.0	-1.8037919854553741	0.5986482723785471	-0.0	0.0
GLYtex_f	so2_e	-0.0	-1000.0	0.0	-0.0	Inf
GLYtex_f	so3_e	-0.0	-1000.0	0.0	-0.0	Inf
GLYtex_f	so4_e	-0.0	-0.22298759539968768	999.7770124046003	-0.0	0.0
GLYtex_f	lipa_cold_e	-0.0	-1000.0	0.0	-0.0	Inf
GLYtex_f	sucr_e	-0.0	-1000.0	0.0	-0.0	Inf
GLYtex_f	g3pe_e	-0.0	-1000.0	0.0	-0.0	Inf
GLYtex_f	malt_e	-0.0	-1000.0	0.0	-0.0	Inf
GLYtex_f	tartr__L_e	-0.0	-1000.0	0.0	-0.0	Inf
GLYtex_f	g3pi_e	-0.0	-1000.0	0.0	-0.0	Inf
GLYtex_f	malthx_e	-0.0	-1000.0	0.0	-0.0	Inf
GLYtex_f	maltpt_e	-0.0	-1000.0	0.0	-0.0	Inf
GLYtex_f	gal_e	-0.0	-1000.0	0.0	-0.0	Inf
GLYtex_f	gal_bD_e	-0.0	-1000.0	0.0	-0.0	Inf
GLYtex_f	malttr_e	-0.0	-1000.0	0.0	-0.0	Inf
GLYtex_f	maltttr_e	-0.0	-1000.0	0.0	-0.0	Inf
GLYtex_f	man_e	-0.0	-1000.0	0.0	-0.0	Inf
GLYtex_f	thym_e	-0.0	-1000.0	0.0	-0.0	Inf
GLYtex_f	thymd_e	-0.0	-1000.0	0.0	-0.0	Inf
GLYtex_f	galt_e	-0.0	-1.2680525766712094	0.0	-0.0	Inf
GLYtex_f	melib_e	-0.0	-1000.0	0.0	-0.0	Inf
GLYtex_f	meoh_e	-0.0	-999.9999982317307	1.7682692714515724e-06	-0.0	0.0
GLYtex_f	tmao_e	-0.0	-1000.0	0.0	-0.0	Inf
GLYtex_f	tre_e	-0.0	-1000.0	0.0	-0.0	Inf
GLYtex_f	metsox_S__L_e	-0.0	-1000.0	0.0	-0.0	Inf
GLYtex_f	glc__D_e	-0.0	-1000.0	0.0	-0.0	Inf
GLYtex_f	mg2_e	-0.0	-0.00766986792791613	999.9923301320721	-0.0	0.0
GLYtex_f	mnl_e	-0.0	-1000.0	0.0	-0.0	Inf
GLYtex_f	mobd_e	-0.0	-0.00011405336749703565	999.9998859466325	-0.0	0.0
GLYtex_f	glyald_e	-0.0	-1000.0	0.0	-0.0	Inf
GLYtex_f	n2o_e	-0.0	-1000.0	0.0	-0.0	Inf
GLYtex_f	na1_e	-0.0	0.0	1000.0	Inf	0.0
GLYtex_f	nac_e	-0.0	-1000.0	0.0	-0.0	Inf
GLYtex_f	ni2_e	-0.0	-0.0002855754859183435	999.9997144245141	-0.0	0.0
GLYtex_f	no_e	-0.0	-1000.0	0.0	-0.0	Inf
GLYtex_f	no2_e	-0.0	-1000.0	0.0	-0.0	Inf
GLYtex_f	ura_e	-0.0	-1000.0	0.0	-0.0	Inf
GLYtex_f	no3_e	-0.0	-1000.0	0.0	-0.0	Inf
GLYtex_f	urea_e	-0.0	-1000.0	0.0	-0.0	Inf
GLYtex_f	novbcn_e	-0.0	-1000.0	0.0	-0.0	Inf
GLYtex_f	uri_e	-0.0	-1000.0	0.0	-0.0	Inf
GLYtex_f	o2_e	-0.0	-21.819314346391543	978.1806856536084	-0.0	0.0
GLYtex_f	xan_e	-0.0	0.0	0.0	Inf	Inf
GLYtex_f	xtsn_e	-0.0	-1000.0	0.0	-0.0	Inf
GLYtex_f	xyl__D_e	-0.0	-1000.0	0.0	-0.0	Inf
GLYtex_f	xylu__L_e	-0.0	-1000.0	0.0	-0.0	Inf
GLYtex_f	pacald_e	-0.0	-1000.0	0.0	-0.0	Inf
GLYtex_f	12dgr120_p	-0.0	0.0	0.0	Inf	Inf
GLYtex_f	12dgr140_p	-0.0	0.0	0.0	Inf	Inf
GLYtex_f	12dgr160_p	-0.0	-0.05642016737162353	0.0	-0.0	Inf
GLYtex_f	12dgr180_p	-0.0	0.0	0.0	Inf	Inf
GLYtex_f	12ppd__R_p	-0.0	-1000.0	0.0	-0.0	Inf
GLYtex_f	12ppd__S_p	-0.0	0.0	0.0	Inf	Inf
GLYtex_f	chol_p	-0.0	-1000.0	0.0	-0.0	Inf
GLYtex_f	cl_p	-0.0	-0.0046019207567269405	999.9953980792433	-0.0	0.0
GLYtex_f	34dhpac_p	-0.0	-1000.0	0.0	-0.0	Inf
GLYtex_f	cm_p	-0.0	0.0	0.0	Inf	Inf
GLYtex_f	4hoxpacd_p	-0.0	-1000.0	0.0	-0.0	Inf
GLYtex_f	co2_p	-0.0	-976.2922996279458	23.707700372054205	-0.0	0.0
GLYtex_f	5mtr_p	-0.0	0.0	0.0	Inf	Inf
GLYtex_f	LalaDgluMdap_p	-0.0	-0.02456833313885158	0.0	-0.0	Inf
GLYtex_f	gal_p	-0.0	-1000.0	0.0	-0.0	Inf
GLYtex_f	ac_p	-0.0	-2.411171625109432	0.0	-0.0	Inf
GLYtex_f	crn_p	-0.0	-1000.0	0.0	-0.0	Inf
GLYtex_f	gal_bD_p	-0.0	-1000.0	0.0	-0.0	Inf
GLYtex_f	acald_p	-0.0	-1000.0	0.0	-0.0	Inf
GLYtex_f	acgal_p	-0.0	-1000.0	0.0	-0.0	Inf
GLYtex_f	csn_p	-0.0	0.0	0.0	Inf	Inf
GLYtex_f	acgam_p	-0.0	-1000.0	0.0	-0.0	Inf
GLYtex_f	galt_p	-0.0	-1.2680525766712094	0.0	-0.0	Inf
GLYtex_f	acmana_p	-0.0	-1000.0	0.0	-0.0	Inf
GLYtex_f	cyan_p	-0.0	0.0	0.0	Inf	Inf
GLYtex_f	ade_p	-0.0	-1000.0	0.0	-0.0	Inf
GLYtex_f	adn_p	-0.0	0.0	0.0005950226069772746	Inf	0.0
GLYtex_f	cytd_p	-0.0	-0.14192571171412327	0.0	-0.0	Inf
GLYtex_f	glc__D_p	-0.0	-1000.0	0.0	-0.0	Inf
GLYtex_f	dad_2_p	-0.0	-1000.0	0.0	-0.0	Inf
GLYtex_f	dcyt_p	-0.0	-1000.0	0.0	-0.0	Inf
GLYtex_f	all__D_p	-0.0	0.0	0.0	Inf	Inf
GLYtex_f	alltn_p	-0.0	0.0	0.0	Inf	Inf
GLYtex_f	dha_p	-0.0	-1000.0	0.0	-0.0	Inf
GLYtex_f	glyald_p	-0.0	-1000.0	0.0	-0.0	Inf
GLYtex_f	glyb_p	0.0	0.0	0.0	Inf	Inf
GLYtex_f	dms_p	-0.0	-1000.0	0.0	-0.0	Inf
GLYtex_f	glyc_p	-0.0	-0.12291946954182588	0.0	-0.0	Inf
GLYtex_f	dmso_p	-0.0	-1000.0	0.0	-0.0	Inf
GLYtex_f	arab__L_p	-0.0	0.0	0.0	Inf	Inf
GLYtex_f	arbt_p	0.0	0.0	0.0	Inf	Inf
GLYtex_f	ca2_p	-0.0	-0.0046019207567269405	999.9953980792433	-0.0	0.0
GLYtex_f	duri_p	-0.0	-1000.0	0.0	-0.0	Inf
GLYtex_f	h2_p	-0.0	-1000.0	0.0	-0.0	Inf
GLYtex_f	h2o2_p	-0.0	-1000.0	0.0	-0.0	Inf
GLYtex_f	etoh_p	-0.0	-1000.0	0.0	-0.0	Inf
GLYtex_f	fald_p	-0.0	0.0	0.0	Inf	Inf
GLYtex_f	n2o_p	-0.0	-1000.0	0.0	-0.0	Inf
GLYtex_f	na1_p	-0.0	0.0	0.0	Inf	Inf
GLYtex_f	indole_p	-0.0	0.0	0.31927907860189186	Inf	0.0
GLYtex_f	nac_p	-0.0	0.0	0.0	Inf	Inf
GLYtex_f	ni2_p	-0.0	-0.0002855754859183435	999.9997144245141	-0.0	0.0
GLYtex_f	inost_p	-0.0	-1000.0	0.0	-0.0	Inf
GLYtex_f	no_p	-0.0	-1000.0	0.0	-0.0	Inf
GLYtex_f	no2_p	-0.0	-1000.0	0.0	-0.0	Inf
GLYtex_f	for_p	-0.0	0.0	3.654328246223676	Inf	0.0
GLYtex_f	fru_p	-0.0	-1.8037919854553741	0.5986482723785471	-0.0	0.0
GLYtex_f	no3_p	-0.0	-1000.0	0.0	-0.0	Inf
GLYtex_f	k_p	-0.0	-0.17257689111750096	999.8274231088825	-0.0	0.0
GLYtex_f	novbcn_p	-0.0	0.0	0.0	Inf	Inf
GLYtex_f	o2_p	-0.0	-21.819314346391543	978.1806856536084	-0.0	0.0
GLYtex_f	lipa_cold_p	-0.0	-11.972965447570942	0.0	-0.0	Inf
GLYtex_f	g3pe_p	-0.0	0.0	0.0	Inf	Inf
GLYtex_f	g3pi_p	-0.0	0.0	0.0	Inf	Inf
GLYtex_f	so3_p	-0.0	-1000.0	0.0	-0.0	Inf
GLYtex_f	so4_p	-0.0	-0.22298759539968768	999.7770124046003	-0.0	0.0
GLYtex_f	malt_p	0.0	0.0	0.0	Inf	Inf
GLYtex_f	malthx_p	0.0	0.0	0.0	Inf	Inf
GLYtex_f	maltpt_p	0.0	0.0	0.0	Inf	Inf
GLYtex_f	sucr_p	-0.0	-1000.0	0.0	-0.0	Inf
GLYtex_f	malttr_p	0.0	0.0	0.0	Inf	Inf
GLYtex_f	maltttr_p	0.0	0.0	0.0	Inf	Inf
GLYtex_f	pacald_p	-0.0	-1000.0	0.0	-0.0	Inf
GLYtex_f	man_p	-0.0	-1000.0	0.0	-0.0	Inf
GLYtex_f	tartr__L_p	-0.0	-1000.0	0.0	-0.0	Inf
GLYtex_f	pe120_p	-0.0	0.0	0.0	Inf	Inf
GLYtex_f	melib_p	-0.0	-1000.0	0.0	-0.0	Inf
GLYtex_f	meoh_p	-0.0	-999.9999982317307	1.7682692714515724e-06	-0.0	0.0
GLYtex_f	thym_p	-0.0	-1000.0	0.0	-0.0	Inf
GLYtex_f	thymd_p	-0.0	-0.023134266766632734	0.0	-0.0	Inf
GLYtex_f	pg120_p	-0.0	-0.06145973477091294	0.0	-0.0	Inf
GLYtex_f	metsox_S__L_p	-0.0	-1000.0	0.0	-0.0	Inf
GLYtex_f	tmao_p	-0.0	0.0	0.0	Inf	Inf
GLYtex_f	mg2_p	-0.0	-0.00766986792791613	999.9923301320721	-0.0	0.0
GLYtex_f	tre_p	-0.0	0.0	0.0	Inf	Inf
GLYtex_f	mnl_p	-0.0	0.0	0.0	Inf	Inf
GLYtex_f	mobd_p	-0.0	-0.00011405336749703565	999.9998859466325	-0.0	0.0
GLYtex_f	ura_p	-0.0	-1000.0	0.0	-0.0	Inf
GLYtex_f	urea_p	-0.0	-1000.0	0.0	-0.0	Inf
GLYtex_f	uri_p	-0.0	0.0	0.0	Inf	Inf
GLYtex_f	xan_p	-0.0	-0.09655545897085588	0.0	-0.0	Inf
GLYtex_f	xtsn_p	-0.0	0.0	0.0	Inf	Inf
GLYtex_f	xyl__D_p	-0.0	-1000.0	0.0	-0.0	Inf
GLYtex_f	xylu__L_p	-0.0	0.0	0.0	Inf	Inf
GLYtex_f	ppal_p	-0.0	0.0	0.0	Inf	Inf
GLYtex_f	psclys_p	-0.0	0.0	0.0	Inf	Inf
GLYtex_f	pydx_p	-0.0	0.0	0.0	Inf	Inf
GLYtex_f	pydxn_p	-0.0	0.0	0.0	Inf	Inf
GLYtex_f	rib__D_p	-0.0	-1000.0	0.0	-0.0	Inf
GLYtex_f	rmn_p	-0.0	-1000.0	0.0	-0.0	Inf
GLYtex_f	sbt__D_p	-0.0	-1.6534759866674262	0.0	-0.0	Inf
GLYtex_f	slnt_p	-0.0	0.0	1000.0	Inf	0.0
GLYtex_f	so2_p	-0.0	-1000.0	0.0	-0.0	Inf
