UniProt,b-id
P0A7V3,b3314
P0AG67,b0911
P0A7W1,b3303
P0A9P4,b0888
P25665,b3829
P60422,b3317
P00561,b0002
P0A6P9,b2779
P0A7J3,b3985
P0A7R5,b3321
P0A7V0,b0169
P0AB91,b0754
P0AEZ3,b1175
P0C018,b3304
P25519,b4173
P0A6A8,b1094
P0A6H1,b0438
P0A6Y8,b0014
P0A717,b1207
P0A7N4,b1089
P0A7S3,b3342
P0A7U7,b0023
P0A7W7,b3306
P0A9B2,b1779
P0AA10,b3231
P0ADG7,b2508
P0AE08,b0605
P0AG51,b3302
P0AG55,b3305
P38038,b2764
P60624,b3309
P76658,b3052
P02413,b3301
P06715,b3500
P06999,b1723
P0A6K6,b4383
P0A7F3,b4244
P0A7K2,b3986
P0A7M6,b3312
P0A7R9,b3297
P0A7T3,b2609
P0A7V8,b3296
P0A850,b0436
P0A9A6,b0095
P0A9C5,b3870
P0A9G6,b4015
P0A9T0,b2913
P0AB24,b1018
P0ACY3,b1783
P0AEK2,b1093
P0C0L2,b1482
P31142,b2521
P60438,b3320
P60723,b3319
P68679,b3065
P02359,b3341
P08390,b2319
P09832,b3213
P0A6F5,b4143
P0A6I0,b0910
P0A715,b1215
P0A7K6,b2606
P0A7M2,b3637
P0A7T7,b4202
P0A8A4,b1703
P0A8D0,b0413
P0A8M0,b0930
P0A9X4,b3251
P0AC81,b1651
P0ADY3,b3310
P0ADY7,b3313
P0C8J8,b2095
P23869,b0525
P60240,b0059
P60560,b0104
P61889,b3236
P68919,b2185
P76569,b2495
P00452,b2234
P02358,b4200
P08142,b3671
P08178,b2499
P08200,b1136
P08312,b1714
P0A6J1,b2750
P0A6P1,b0170
P0A705,b3168
P0A799,b2926
P0A7D7,b2476
P0A7M9,b3936
P0A7N9,b3636
P0A7U3,b3316
P0A8M3,b1719
P0A968,b0880
P0A9Q1,b4401
P0ABH9,b0882
P0ACF0,b4000
P0ACY1,b1765
P0ADZ0,b3318
P0AG59,b3307
P17169,b3729
P22106,b0674
P22634,b3967
P27306,b3962
P27550,b4069
P36683,b0118
P62399,b3308
P00350,b2029
P00887,b1704
P00888,b2601
P00894,b0078
P00909,b1262
P00956,b0026
P00961,b3559
P00968,b0033
P04335,b0239
P05793,b3774
P06959,b0115
P06989,b2026
P08997,b4014
P09151,b0074
P0A6A3,b2296
P0A6E4,b3172
P0A6F9,b4142
P0A6M8,b3340
P0A7A9,b4226
P0A7L3,b1716
P0A7L8,b3185
P0A7P5,b3703
P0A7R1,b4203
P0A7S9,b3298
P0A8D6,b1045
P0A8F0,b2498
P0A8G6,b1004
P0A9M8,b2297
P0A9W3,b4391
P0AB71,b2925
P0ABK5,b2414
P0ACB0,b4052
P0ACF4,b0440
P0ADQ2,b3888
P0AE52,b2480
P0AEK4,b1288
P0AEM9,b1920
P0AEZ9,b0782
P0AF08,b2113
P0AF96,b4252
P0AFF6,b3169
P0AFG8,b0114
P0AG30,b3783
P0C8J6,b2096
P20083,b3030
P21507,b2576
P21888,b0526
P22188,b0085
P23721,b0907
P25738,b1051
P30850,b1286
P31808,b1271
P32662,b3385
P37689,b3612
P39831,b1539
P61175,b3315
P63389,b3352
P65556,b2299
P76536,b2431
P00864,b3956
P00934,b0004
P00936,b3806
P00959,b2114
P04079,b2507
P06710,b0470
P07004,b0243
P07395,b1713
P07813,b0642
P09373,b0903
P09980,b3778
P0A6A6,b0072
P0A6D3,b0908
P0A6Z1,b2526
P0A6Z3,b0473
P0A731,b0963
P0A763,b2518
P0A7E5,b2780
P0A7G2,b3167
P0A7G6,b2699
P0A7J7,b3983
P0A7Q1,b1717
P0A7X3,b3230
P0A805,b0172
P0A825,b2551
P0A870,b0008
P0A8E1,b1108
P0A8N3,b2890
P0A8T7,b3988
P0A9C9,b3925
P0A9P0,b0116
P0A9Y6,b1823
P0AA04,b2415
P0AAB6,b2042
P0AB14,b1003
P0AB80,b3770
P0ABH7,b0720
P0ABS1,b0145
P0ABU2,b1203
P0AD96,b3460
P0ADZ4,b3165
P0AEB2,b0632
P0AF24,b0675
P0AF67,b4168
P0AFI7,b1638
P0AG78,b3917
P0AGG8,b3244
P10902,b2574
P15288,b0237
P15640,b4005
P17952,b0091
P22939,b0421
P23538,b1702
P23847,b3544
P23909,b2733
P31663,b0133
P33221,b1849
P36938,b0688
P37095,b2523
P37188,b2093
P37349,b1198
P37902,b0655
P37903,b1376
P39342,b4263
P41407,b1412
P42641,b3183
P60595,b2023
P60757,b2019
P61517,b0126
P61949,b0684
P68066,b2579
P68191,b1480
P76014,b1199
Q59385,b0484
P00370,b1761
P00448,b3908
P00509,b0928
P00562,b3940
P00582,b3863
P00893,b0077
P00904,b1263
P00954,b3384
P04036,b0031
P04425,b2947
P04805,b2400
P05020,b1062
P06610,b1710
P06616,b2566
P07012,b2891
P08839,b2416
P09029,b0522
P09546,b1014
P09551,b2310
P09831,b3212
P0A6C5,b2818
P0A6C8,b3959
P0A6E1,b0388
P0A6F1,b0032
P0A6H5,b3931
P0A6P5,b2511
P0A6T5,b2153
P0A6T9,b2904
P0A720,b1098
P0A7B5,b0242
P0A7D4,b4177
P0A7I4,b4375
P0A7L0,b3984
P0A7X6,b2608
P0A7Z4,b3295
P0A800,b3649
P0A817,b2942
P0A862,b1324
P0A8E7,b0426
P0A8H6,b3866
P0A8W8,b2294
P0A910,b0957
P0A972,b0623
P0A993,b4232
P0A9A9,b0683
P0A9J8,b2599
P0A9K7,b3724
P0A9R4,b2525
P0A9U3,b0820
P0A9V1,b3201
P0AA16,b3405
P0AAI9,b1092
P0AAT6,b0637
P0AB89,b1131
P0ABB0,b3734
P0ABB4,b3732
P0ABU0,b2262
P0ABY4,b2895
P0AC59,b1064
P0AC86,b3428
P0ACB4,b3850
P0ACQ4,b3961
P0AD49,b2597
P0AD53,b2671
P0AEE5,b2150
P0AEP3,b1236
P0AES6,b3699
P0AEW6,b0477
P0AF12,b0159
P0AF28,b1221
P0AFH8,b4376
P0AFW8,b0189
P0AG20,b2784
P0AG44,b3294
P0AG48,b3186
P0AGB0,b4388
P0AGE6,b3713
P0AGE9,b0729
P0AGG4,b2582
P0AGJ9,b1637
P0AGK8,b2531
P11880,b0086
P13029,b3942
P15042,b2411
P15254,b2557
P16659,b0194
P16703,b2421
P18133,b0931
P18335,b3359
P18843,b1740
P21156,b2752
P23836,b1130
P23839,b3644
P23893,b0154
P23908,b3957
P25522,b3706
P25526,b2661
P27294,b2237
P27829,b3787
P30178,b0801
P31057,b0134
P32129,b3862
P33219,b1847
P37760,b2040
P37773,b4233
P38054,b0575
P39199,b2330
P60390,b0082
P60906,b2514
P62707,b0755
P63284,b2592
P68187,b4035
P75682,b0268
P76177,b1604
P76558,b2463
P77214,b0573
P77522,b1683
P00579,b3067
P00903,b3360
P00957,b2697
P00963,b3744
P02925,b3751
P02931,b0929
P03841,b4037
P04816,b3458
P04825,b0932
P04968,b3772
P05459,b2320
P05791,b3771
P05852,b3064
P06149,b2133
P06612,b1274
P06961,b3056
P07014,b0724
P07023,b2600
P07024,b0480
P07118,b4258
P07639,b3389
P07650,b4382
P08192,b2315
P08660,b4024
P08957,b4349
P09030,b1749
P09053,b3572
P09372,b2614
P09424,b3600
P0A6B7,b2530
P0A6D7,b3390
P0A6G7,b0437
P0A6I6,b3634
P0A6L2,b2478
P0A6N8,b2171
P0A6S7,b3608
P0A6T1,b4025
P0A6U5,b3740
P0A6U8,b3429
P0A744,b4219
P0A786,b4245
P0A794,b2564
P0A796,b3916
P0A7E9,b0171
P0A7I0,b1211
P0A7J0,b3041
P0A812,b1860
P0A832,b2620
P0A847,b0406
P0A858,b3919
P0A879,b1261
P0A894,b3205
P0A8F4,b2066
P0A8G3,b3092
P0A8J8,b3780
P0A8L1,b0893
P0A8T1,b3259
P0A8V2,b3987
P0A8W5,b2948
P0A953,b2323
P0A9D8,b0166
P0A9F1,b0817
P0A9F3,b1275
P0A9H5,b1270
P0A9H7,b1661
P0A9K1,b1020
P0A9M2,b0125
P0A9N4,b0902
P0A9Q7,b1241
P0A9Q9,b3433
P0A9T8,b0495
P0A9W9,b3279
P0AA25,b3781
P0AA43,b2183
P0AAI3,b3178
P0AAI5,b1095
P0AAT9,b0643
P0AAV8,b0769
P0AB28,b1088
P0AB55,b1251
P0AB61,b1273
P0ABB8,b4242
P0ABP3,b0621
P0ABP8,b4384
P0ABQ4,b0048
P0ABZ4,b3198
P0ABZ6,b0053
P0AC41,b0723
P0AC53,b1852
P0ACA7,b0838
P0ACE3,b0460
P0ACL0,b3423
P0ACR9,b2684
P0ACZ8,b0571
P0AD33,b2343
P0AD44,b2555
P0AD57,b3187
P0AD61,b1676
P0ADA3,b2742
P0ADE8,b2898
P0ADF8,b3670
P0ADN2,b3764
P0ADP0,b3812
P0ADX7,b3448
P0ADY1,b0441
P0AE18,b0168
P0AEJ6,b2441
P0AEQ3,b0811
P0AES0,b2988
P0AEU0,b2309
P0AEU7,b0178
P0AEW9,b2168
P0AEZ1,b3941
P0AF36,b3928
P0AF90,b4255
P0AFC7,b2287
P0AFK0,b4235
P0AFL3,b3363
P0AFP6,b0710
P0AFU8,b1662
P0AG16,b2312
P0AG18,b0523
P0AG40,b0025
P0AG63,b3311
P0AG80,b3453
P0C037,b0391
P10346,b0809
P10378,b0594
P10408,b0098
P11071,b4016
P11447,b3960
P13009,b4019
P13035,b3426
P14081,b3590
P15373,b3129
P16456,b1764
P16679,b4096
P16681,b4107
P16700,b2425
P17443,b0090
P17993,b2232
P19323,b2731
P21170,b2938
P21367,b0897
P21499,b4179
P21599,b1854
P21889,b1866
P22255,b4214
P22259,b3403
P23367,b4170
P23830,b2585
P23883,b1300
P24186,b0529
P24203,b4352
P24251,b0240
P25553,b1415
P26616,b1479
P27248,b2905
P27302,b2935
P27833,b3791
P27848,b3826
P28248,b2065
P28635,b0197
P29217,b1067
P29745,b1127
P30011,b0109
P30126,b0071
P30855,b2370
P30860,b0860
P30958,b1114
P31060,b0760
P31120,b3176
P32137,b3877
P32157,b3910
P32173,b3857
P32684,b4022
P33195,b2903
P33349,b2120
P33667,b0503
P33940,b2210
P35340,b0606
P36562,b1991
P36672,b4240
P36680,b0102
P36879,b0127
P36995,b1557
P37146,b2676
P37330,b2976
P37595,b0828
P37679,b3582
P37744,b2039
P37759,b2041
P38489,b0578
P38521,b2959
P39177,b0607
P39286,b4161
P43337,b1813
P43674,b0909
P45522,b3350
P45523,b3347
P45577,b1831
P45578,b2687
P45799,b3397
P46118,b1853
P46133,b1336
P46144,b1962
P46474,b4472
P46853,b3440
P46854,b3441
P52697,b0767
P56257,b0295
P60785,b2569
P62615,b1208
P62768,b0163
P63020,b3414
P63177,b4180
P64426,b1491
P64530,b2105
P65367,b2790
P67244,b3002
P67701,b3082
P68767,b4260
P69503,b0469
P69783,b2417
P69786,b1101
P69829,b3204
P69908,b3517
P69910,b1493
P69924,b2235
P75691,b0325
P75694,b0329
P75782,b0807
P75797,b0830
P75838,b0905
P75849,b0927
P75863,b0947
P75913,b1033
P75978,b1149
P75992,b1165
P76004,b1180
P76008,b1192
P76027,b1246
P76035,b1287
P76116,b1452
P76245,b1794
P76270,b1832
P76389,b2063
P76402,b2080
P76403,b2081
P76491,b2291
P76535,b2428
P76585,b2549
P76630,b2682
P77183,b0283
P77211,b0572
P77611,b1629
P77737,b1247
P77806,b0600
Q46809,b2876
Q46839,b2975
Q46857,b3012
Q47690,b0261
Q57261,b2745
A5A613,b4595
A5A621,b4606
C1P613,b4683
P00363,b4154
P00393,b1109
P00490,b3417
P00547,b0003
P00550,b3599
P00634,b0383
P00722,b0344
P00803,b2568
P00811,b4150
P00861,b2838
P00895,b1264
P00926,b2366
P00935,b3939
P00944,b3565
P00946,b1613
P00960,b3560
P00962,b0680
P02918,b3396
P02924,b1901
P02929,b1252
P02930,b3035
P02942,b4355
P03004,b3702
P03007,b0215
P03018,b3813
P03023,b0345
P03024,b2837
P03030,b2839
P03813,b2840
P03817,b3742
P03835,b4278
P04128,b4314
P04152,b1184
P04391,b4254
P04395,b2068
P04693,b4054
P04846,b3661
P04951,b0918
P04982,b3748
P04983,b3749
P04993,b2819
P04994,b2509
P04995,b2011
P05041,b1812
P05042,b1611
P05055,b3164
P05100,b3549
P05194,b1693
P05458,b2821
P05637,b0049
P05719,b4348
P05804,b1617
P05827,b3773
P06134,b2213
P06136,b0093
P06709,b3973
P06720,b4119
P06721,b3008
P06722,b2831
P06846,b3075
P06960,b0273
P06965,b1569
P06966,b1570
P06968,b3640
P06971,b0150
P06972,b0153
P06983,b3805
P06986,b2021
P06987,b2022
P06988,b2020
P06992,b0051
P06993,b3418
P06996,b2215
P07000,b3825
P07001,b1603
P07003,b0871
P07013,b4201
P07017,b1886
P07102,b0980
P07109,b2306
P07604,b1323
P07623,b4013
P07648,b2822
P07649,b2318
P07658,b4079
P07762,b3432
P07821,b0151
P07822,b0152
P07862,b0092
P07913,b3616
P08179,b2500
P08201,b3365
P08244,b1281
P08245,b1282
P08331,b4213
P08337,b0099
P08368,b4398
P08369,b4400
P08372,b2823
P08373,b3972
P08394,b2820
P08401,b4399
P08506,b0839
P08555,b2365
P08622,b0015
P08956,b4350
P09099,b3564
P09126,b3804
P09127,b3803
P09147,b0759
P09148,b0758
P09155,b1804
P09158,b0121
P09169,b0565
P09184,b1960
P09323,b0679
P09378,b3906
P09391,b3424
P09394,b2239
P09549,b2314
P09557,b1575
P09833,b0765
P09996,b3698
P0A698,b4058
P0A6B4,b4053
P0A6C1,b2159
P0A6D0,b3237
P0A6E6,b3731
P0A6E9,b1593
P0A6F3,b3926
P0A6G3,b2700
P0A6I3,b3974
P0A6I9,b0103
P0A6J5,b1189
P0A6J8,b0381
P0A6K1,b3809
P0A6K3,b3287
P0A6L0,b4381
P0A6L4,b3225
P0A6L9,b2527
P0A6M4,b3887
P0A6N4,b4147
P0A6P7,b3865
P0A6Q3,b0954
P0A6Q6,b0180
P0A6R0,b1091
P0A6R3,b3261
P0A6S3,b1080
P0A6T3,b0757
P0A6U3,b3741
P0A6V1,b3430
P0A6V5,b3425
P0A6V8,b2388
P0A6W0,b1524
P0A6W5,b3181
P0A6W9,b2688
P0A6X1,b1210
P0A6X3,b4172
P0A6X7,b1712
P0A6Y1,b0912
P0A6Y5,b3401
P0A6Z6,b3481
P0A703,b2991
P0A707,b1718
P0A722,b0181
P0A725,b0096
P0A729,b1087
P0A734,b1174
P0A738,b0783
P0A746,b1778
P0A749,b3189
P0A752,b0639
P0A756,b3351
P0A759,b0678
P0A761,b3223
P0A776,b2830
P0A780,b0416
P0A784,b4162
P0A790,b0131
P0A7A2,b4395
P0A7A5,b2743
P0A7A7,b4041
P0A7B1,b2501
P0A7B3,b2615
P0A7B8,b3932
P0A7C2,b4043
P0A7C6,b4021
P0A7D1,b1204
P0A7E1,b0945
P0A7E3,b3642
P0A7F6,b0120
P0A7F9,b0405
P0A7H6,b0472
P0A7I7,b1277
P0A7Q6,b3299
P0A7Y0,b2567
P0A7Y4,b0214
P0A7Y8,b3704
P0A7Z0,b2914
P0A821,b3591
P0A823,b0146
P0A828,b3284
P0A836,b0728
P0A840,b2744
P0A853,b3708
P0A855,b0740
P0A867,b2464
P0A873,b2607
P0A877,b1260
P0A881,b4393
P0A884,b2827
P0A887,b3833
P0A890,b3470
P0A898,b0659
P0A8A0,b1864
P0A8A2,b1983
P0A8A8,b3170
P0A8B2,b2331
P0A8B5,b0471
P0A8C1,b0866
P0A8C4,b2909
P0A8D3,b0387
P0A8D9,b2295
P0A8E5,b0119
P0A8F8,b0779
P0A8G0,b1913
P0A8G9,b0422
P0A8H3,b3040
P0A8H8,b0101
P0A8I1,b2949
P0A8I3,b0006
P0A8I5,b2960
P0A8I8,b0636
P0A8J2,b4362
P0A8J4,b0631
P0A8K1,b4160
P0A8K5,b4406
P0A8K8,b3886
P0A8L5,b1181
P0A8L7,b1248
P0A8M6,b2007
P0A8N0,b0956
P0A8N5,b4129
P0A8N7,b4155
P0A8P3,b2962
P0A8P6,b3811
P0A8P8,b2894
P0A8Q3,b4151
P0A8Q6,b0881
P0A8R0,b3929
P0A8R4,b3348
P0A8R7,b1322
P0A8R9,b4480
P0A8S1,b2916
P0A8S9,b1892
P0A8U0,b2793
P0A8U2,b0209
P0A8U6,b3938
P0A8V0,b2268
P0A8V6,b1187
P0A8W0,b3226
P0A8W2,b1642
P0A8X0,b4234
P0A8X2,b1056
P0A8X4,b0964
P0A8Y1,b4374
P0A8Y3,b3885
P0A8Y5,b3697
P0A8Y8,b0597
P0A8Z0,b1253
P0A8Z3,b0736
P0A8Z7,b3031
P0A901,b4149
P0A903,b2477
P0A905,b1641
P0A908,b1782
P0A912,b0741
P0A917,b0814
P0A927,b0411
P0A932,b0983
P0A935,b2813
P0A937,b2617
P0A940,b0177
P0A944,b4373
P0A948,b1066
P0A951,b1584
P0A955,b1850
P0A959,b2290
P0A962,b1767
P0A978,b0990
P0A986,b1552
P0A988,b3701
P0A991,b2097
P0A998,b1905
P0A9B6,b2927
P0A9C0,b2241
P0A9C3,b0756
P0A9D2,b1635
P0A9D4,b3607
P0A9E0,b0064
P0A9E5,b1334
P0A9F6,b2808
P0A9F9,b3828
P0A9G4,b0487
P0A9G8,b0761
P0A9H1,b3068
P0A9H9,b1881
P0A9I3,b2479
P0A9J0,b3247
P0A9J4,b0425
P0A9J6,b3752
P0A9K3,b0660
P0A9K9,b3349
P0A9L3,b4207
P0A9L5,b3775
P0A9L8,b0386
P0A9M0,b0439
P0A9M5,b0238
P0A9N8,b4237
P0A9P6,b3162
P0A9Q5,b2316
P0A9R7,b3463
P0A9S1,b2799
P0A9S3,b2091
P0A9S5,b3945
P0A9S7,b3455
P0A9T4,b2834
P0A9T6,b0483
P0A9U6,b1299
P0A9W0,b4191
P0A9W6,b3190
P0A9X9,b3556
P0A9Z1,b2553
P0AA31,b1930
P0AA37,b0058
P0AA39,b1086
P0AA41,b2791
P0AA49,b2372
P0AA53,b0489
P0AA57,b1841
P0AA73,b3184
P0AA78,b3093
P0AA80,b3127
P0AA84,b0789
P0AA89,b1490
P0AA95,b0122
P0AA97,b0190
P0AA99,b0224
P0AAB2,b2061
P0AAB4,b3843
P0AAB8,b3923
P0AAC0,b1333
P0AAC8,b2528
P0AAD6,b2796
P0AAD8,b3116
P0AAE5,b1605
P0AAE8,b4132
P0AAF6,b0864
P0AAG0,b3541
P0AAG3,b0652
P0AAG8,b2149
P0AAH0,b3725
P0AAH4,b1291
P0AAI1,b0933
P0AAK4,b2713
P0AAK7,b4072
P0AAM1,b0974
P0AAN3,b2727
P0AAN5,b0389
P0AAN9,b0382
P0AAP3,b0357
P0AAP7,b0379
P0AAQ2,b0410
P0AAR3,b0481
P0AAR8,b0442
P0AAS7,b0528
P0AAS9,b4512
P0AAT2,b0579
P0AAT4,b0577
P0AAU7,b0685
P0AAV4,b0711
P0AAV6,b0753
P0AAW5,b0791
P0AAX8,b0819
P0AAY1,b0836
P0AAY6,b0853
P0AAZ4,b0892
P0AAZ7,b0917
P0AB01,b0920
P0AB03,b0919
P0AB12,b0961
P0AB18,b0969
P0AB20,b0966
P0AB43,b1179
P0AB46,b1171
P0AB52,b1219
P0AB65,b0968
P0AB67,b1602
P0AB77,b3617
P0AB83,b1633
P0AB87,b2800
P0AB96,b3503
P0ABA0,b3736
P0ABA4,b3735
P0ABA6,b3733
P0ABC7,b4174
P0ABC9,b0314
P0ABD3,b3336
P0ABD5,b0185
P0ABD8,b3255
P0ABE2,b0435
P0ABF1,b0143
P0ABF4,b2457
P0ABF6,b2143
P0ABG4,b0089
P0ABG7,b0634
P0ABH0,b0094
P0ABI8,b0431
P0ABJ1,b0432
P0ABM9,b2194
P0ABQ0,b3639
P0ABQ2,b3125
P0ABR1,b1061
P0ABS5,b3066
P0ABS8,b1842
P0ABT2,b0812
P0ABT5,b3260
P0ABU5,b3209
P0ABV2,b3005
P0ABV6,b0738
P0ABY7,b1891
P0AC00,b3371
P0AC13,b3177
P0AC16,b3058
P0AC19,b2303
P0AC28,b2912
P0AC33,b1612
P0AC38,b4139
P0AC47,b4153
P0AC51,b4046
P0AC55,b0450
P0AC62,b3610
P0AC69,b1654
P0AC75,b3633
P0AC84,b0212
P0AC88,b2053
P0AC92,b4517
P0ACA1,b3592
P0ACA3,b3229
P0ACB2,b0369
P0ACB7,b3802
P0ACC3,b0156
P0ACC7,b3730
P0ACD4,b2529
P0ACE0,b2994
P0ACE7,b1103
P0ACF8,b1237
P0ACG1,b2669
P0ACG8,b3400
P0ACI0,b4396
P0ACI3,b3569
P0ACI6,b3743
P0ACJ0,b0889
P0ACJ8,b3357
P0ACK2,b3131
P0ACK5,b0840
P0ACK8,b2805
P0ACL2,b3094
P0ACL5,b2980
P0ACL7,b3604
P0ACL9,b0113
P0ACM2,b1540
P0ACM5,b2101
P0ACM9,b3872
P0ACN2,b4212
P0ACN4,b0506
P0ACN7,b3934
P0ACP1,b0080
P0ACP5,b3438
P0ACP7,b1658
P0ACQ7,b3118
P0ACR2,b1659
P0ACR4,b2157
P0ACS7,b4089
P0ACT2,b3264
P0ACT6,b1618
P0ACU0,b0796
P0ACU2,b1013
P0ACU7,b4135
P0ACV0,b1054
P0ACV2,b2378
P0ACV6,b1326
P0ACV8,b1295
P0ACW6,b1426
P0ACX3,b1667
P0ACX5,b1675
P0ACX9,b1705
P0ACY9,b1848
P0ACZ4,b2369
P0AD01,b4124
P0AD05,b1908
P0AD10,b4537
P0AD12,b2016
P0AD14,b2126
P0AD19,b2142
P0AD21,b2181
P0AD24,b2187
P0AD40,b4546
P0AD42,b2560
P0AD59,b0220
P0AD65,b0635
P0AD70,b0376
P0ADA1,b0494
P0ADA5,b0434
P0ADB1,b1739
P0ADB7,b4411
P0ADC3,b1116
P0ADD2,b4363
P0ADE4,b4220
P0ADE6,b2665
P0ADF6,b1851
P0ADG1,b3769
P0ADG4,b2533
P0ADH7,b4313
P0ADI4,b0595
P0ADI7,b1867
P0ADI9,b3468
P0ADK6,b3594
P0ADK8,b3602
P0ADL3,b3663
P0ADP2,b3820
P0ADP7,b3834
P0ADP9,b3858
P0ADQ7,b2672
P0ADR6,b2806
P0ADR8,b2795
P0ADS2,b2910
P0ADS6,b2922
P0ADS9,b2958
P0ADT2,b3037
P0ADT5,b3038
P0ADT8,b3055
P0ADU2,b3029
P0ADU5,b3024
P0ADU7,b3033
P0ADV1,b3200
P0ADV5,b3160
P0ADV7,b3192
P0ADW8,b4551
P0ADX1,b3356
P0ADX5,b3362
P0ADX9,b3465
P0ADZ7,b0407
P0AE01,b2532
P0AE06,b0463
P0AE12,b1982
P0AE22,b4055
P0AE28,b0390
P0AE39,b2381
P0AE45,b4218
P0AE48,b4222
P0AE56,b3337
P0AE58,b0034
P0AE60,b1731
P0AE63,b1217
P0AE67,b1882
P0AE70,b2782
P0AE72,b2783
P0AE76,b1993
P0AE78,b0658
P0AE85,b4484
P0AE88,b3912
P0AE91,b4397
P0AEA5,b0428
P0AEA8,b3368
P0AEB7,b1809
P0AEC3,b3210
P0AED0,b3495
P0AED5,b1914
P0AED7,b2472
P0AED9,b1961
P0AEE1,b3472
P0AEE3,b3235
P0AEE8,b3387
P0AEF0,b4361
P0AEF4,b0620
P0AEG1,b3542
P0AEG4,b3860
P0AEG6,b2893
P0AEG8,b1952
P0AEH1,b0176
P0AEH3,b2267
P0AEH5,b2266
P0AEI1,b0661
P0AEI4,b0835
P0AEI6,b1134
P0AEJ2,b0593
P0AEK0,b1844
P0AEL3,b3408
P0AEL6,b0592
P0AEM0,b0028
P0AEM4,b1071
P0AEM6,b1922
P0AEN1,b3844
P0AEN4,b0083
P0AEN8,b2804
P0AEP7,b0507
P0AEQ1,b2977
P0AER3,b0654
P0AER8,b3653
P0AES2,b2787
P0AES4,b2231
P0AES9,b3510
P0AET2,b3509
P0AET8,b1619
P0AEV1,b1235
P0AEV9,b2717
P0AEW4,b3032
P0AEX5,b3355
P0AEX9,b4034
P0AEY3,b2781
P0AEY5,b3028
P0AEZ7,b0211
P0AF03,b0009
P0AF06,b1889
P0AF10,b3601
P0AF18,b0677
P0AF20,b0676
P0AF48,b4056
P0AF50,b4057
P0AF52,b4064
P0AF56,b4078
P0AF59,b4126
P0AF63,b4178
P0AF78,b4182
P0AF93,b4243
P0AFA7,b1186
P0AFB5,b3869
P0AFB8,b3868
P0AFC0,b1865
P0AFC3,b2288
P0AFD1,b2285
P0AFD6,b2281
P0AFF0,b2276
P0AFF4,b2964
P0AFG0,b3982
P0AFG3,b0726
P0AFG6,b0727
P0AFH0,b1335
P0AFH2,b1244
P0AFH6,b1245
P0AFI2,b3019
P0AFI5,b2134
P0AFJ1,b4108
P0AFJ5,b0399
P0AFJ7,b3493
P0AFK4,b1125
P0AFK9,b1123
P0AFL6,b2502
P0AFL9,b0950
P0AFM2,b2679
P0AFM4,b0384
P0AFM6,b1304
P0AFM9,b1305
P0AFP2,b0454
P0AFP9,b0792
P0AFQ2,b0793
P0AFQ7,b1100
P0AFR0,b1234
P0AFR4,b1267
P0AFR9,b1443
P0AFS3,b1606
P0AFS9,b1856
P0AFT5,b2125
P0AFU4,b2554
P0AFV0,b3597
P0AFW0,b3842
P0AFW2,b0953
P0AFW4,b0610
P0AFX0,b3203
P0AFX4,b3995
P0AFX7,b2572
P0AFX9,b2571
P0AFY8,b0687
P0AFZ1,b2522
P0AFZ3,b3228
P0AG00,b3785
P0AG03,b2311
P0AG07,b3386
P0AG24,b3650
P0AG27,b3611
P0AG71,b3832
P0AG76,b0398
P0AG82,b3728
P0AG84,b3003
P0AG86,b3609
P0AG93,b0409
P0AG99,b3175
P0AGA2,b3300
P0AGA6,b3669
P0AGB6,b2573
P0AGC3,b4392
P0AGD1,b1646
P0AGD3,b1656
P0AGD7,b2610
P0AGE0,b4059
P0AGF2,b2811
P0AGF4,b4031
P0AGG0,b0417
P0AGG2,b0452
P0AGH1,b3485
P0AGI1,b3750
P0AGI8,b3290
P0AGJ2,b3651
P0AGJ5,b2581
P0AGJ7,b3606
P0AGK4,b3180
P0AGL2,b3113
P0AGL5,b2619
P0AGL7,b2946
P0AGM5,b1214
P0AGM9,b3654
P0C054,b3687
P0C066,b2963
P0C077,b1563
P0C079,b1564
P0C093,b3641
P0C0K3,b3859
P0C0L7,b4111
P0C0L9,b2524
P0C0R7,b3179
P0C0S1,b2924
P0C0T5,b2328
P0C0U4,b0852
P0C0V0,b0161
P0CB39,b3955
P0CG19,b3643
P0CI31,b2541
P0CK95,b4466
P0DM85,b4109
P0DMC5,b2218
P0DMC7,b2217
P10100,b0633
P10121,b3464
P10371,b2024
P10384,b2344
P10423,b2753
P10441,b0182
P10442,b0183
P10443,b0184
P10805,b0566
P10906,b3451
P10908,b3449
P11072,b1139
P11349,b1225
P11446,b3958
P11454,b0586
P11458,b0750
P11557,b3388
P11663,b2929
P11875,b1876
P11988,b3721
P12008,b2329
P12281,b0827
P12282,b0826
P12295,b2580
P12758,b3831
P12994,b0773
P12995,b0774
P12996,b0775
P12998,b0776
P12999,b0777
P13000,b0778
P13001,b3412
P13016,b0110
P13024,b3891
P13036,b4291
P13039,b0585
P13445,b2741
P13458,b0397
P13482,b1197
P13656,b3338
P13669,b0730
P13738,b0019
P13857,b1427
P14294,b1763
P14375,b4004
P14377,b4003
P14407,b4122
P14900,b0088
P15005,b4346
P15006,b4345
P15028,b4290
P15029,b4288
P15032,b1350
P15034,b2908
P15038,b0962
P15047,b0596
P15067,b3431
P15070,b1946
P15082,b2707
P15286,b2321
P15639,b4006
P15723,b0160
P15770,b3281
P15977,b3416
P16095,b1814
P16384,b4171
P16431,b2721
P16432,b2720
P16525,b1610
P16528,b4018
P16676,b2422
P16684,b4102
P16687,b4099
P16691,b4093
P16692,b4092
P16869,b1102
P16918,b0700
P16926,b3250
P17109,b2264
P17115,b2708
P17117,b0851
P17334,b1737
P17411,b1734
P17445,b0312
P17446,b0313
P17802,b2961
P17846,b2763
P17854,b2762
P17888,b3935
P18196,b1176
P18390,b4360
P18392,b1609
P18775,b0894
P18956,b3447
P19317,b1466
P19318,b1467
P19319,b1468
P19624,b0052
P19636,b2440
P19642,b1621
P19926,b1002
P19934,b0739
P20099,b3551
P20605,b3361
P21151,b3845
P21165,b3847
P21169,b2965
P21177,b3846
P21179,b1732
P21189,b0060
P21338,b0611
P21361,b1259
P21362,b1258
P21363,b1257
P21365,b1255
P21369,b1768
P21418,b1573
P21437,b2930
P21513,b1084
P21515,b0404
P21517,b0403
P21645,b0179
P21693,b1343
P21829,b0766
P21865,b0695
P21866,b0694
P21893,b2892
P22186,b0081
P22256,b2662
P22333,b1623
P22523,b0924
P22524,b0923
P22525,b0925
P22564,b0030
P22731,b3454
P23003,b3965
P23173,b3709
P23256,b1622
P23305,b3810
P23325,b4017
P23331,b1238
P23482,b2482
P23484,b4293
P23522,b3126
P23827,b2209
P23837,b1129
P23841,b2405
P23842,b2395
P23843,b1243
P23845,b2751
P23849,b1363
P23857,b1308
P23862,b0467
P23865,b1830
P23873,b1508
P23874,b1507
P23878,b0588
P23882,b3288
P23890,b4133
P23917,b0394
P23930,b0657
P24171,b1538
P24173,b3621
P24177,b2470
P24178,b2471
P24181,b3266
P24182,b3256
P24183,b1474
P24188,b1055
P24193,b2730
P24197,b3039
P24200,b1159
P24202,b4351
P24205,b1855
P24211,b1456
P24215,b4322
P24218,b0537
P24224,b2563
P24228,b3182
P24230,b3652
P24232,b2552
P24240,b2716
P24242,b2714
P24252,b0707
P24255,b3202
P24554,b4389
P24555,b1845
P25397,b1430
P25437,b0356
P25516,b1276
P25524,b0337
P25527,b2663
P25531,b3638
P25534,b2907
P25535,b2906
P25536,b3248
P25539,b0414
P25549,b3801
P25552,b3779
P25666,b3618
P25718,b3571
P25740,b3631
P25743,b1242
P25745,b1133
P25746,b1132
P25798,b1938
P25888,b0797
P25894,b2936
P25906,b1406
P25907,b1407
P26266,b0587
P26281,b0142
P26365,b4169
P26602,b4039
P26608,b1925
P26612,b1927
P26646,b3253
P26648,b3017
P27125,b3907
P27127,b3628
P27128,b3627
P27240,b3625
P27249,b0167
P27250,b4269
P27253,b2917
P27254,b2918
P27278,b4390
P27296,b0799
P27298,b3498
P27305,b0144
P27431,b1128
P27434,b2516
P27828,b3786
P27830,b3788
P27832,b3790
P27836,b3794
P27838,b3807
P27859,b4483
P27862,b3848
P28249,b2064
P28303,b4044
P28304,b4051
P28305,b1096
P28369,b0236
P28630,b0640
P28631,b1099
P28632,b4372
P28634,b0195
P28696,b0013
P28721,b3214
P28722,b3215
P28861,b3924
P28903,b4238
P28904,b4239
P28905,b4259
P28915,b0704
P28916,b0706
P29012,b1190
P29013,b1188
P29018,b0887
P29131,b3933
P29208,b2261
P29680,b3997
P30014,b1652
P30125,b0073
P30128,b3406
P30131,b2712
P30136,b3994
P30137,b3993
P30177,b0800
P30745,b0781
P30748,b0784
P30749,b0785
P30750,b0199
P30843,b4113
P30845,b4114
P30852,b4473
P30859,b0863
P30863,b0207
P30864,b0208
P30870,b3053
P30871,b3054
P31063,b1928
P31069,b1250
P31119,b2836
P31126,b1534
P31130,b1536
P31131,b1537
P31133,b0854
P31134,b0855
P31224,b0462
P31433,b3655
P31435,b3657
P31441,b3665
P31446,b3677
P31447,b3678
P31448,b3679
P31455,b3689
P31459,b3693
P31460,b4479
P31462,b3710
P31463,b3711
P31466,b3714
P31471,b3719
P31473,b3746
P31475,b3755
P31545,b1019
P31548,b0066
P31549,b0067
P31550,b0068
P31551,b0036
P31552,b0037
P31553,b0040
P31554,b0054
P31572,b0038
P31600,b0568
P31658,b1967
P31660,b0333
P31675,b0070
P31677,b1896
P31678,b1897
P31680,b0055
P31697,b4316
P31802,b2193
P31806,b4167
P31825,b2575
P31826,b1496
P31828,b1494
P31979,b2284
P31992,b1461
P32051,b1510
P32053,b2622
P32099,b4386
P32125,b3856
P32128,b3861
P32131,b3867
P32134,b3873
P32135,b3874
P32138,b3878
P32141,b3881
P32144,b3884
P32160,b3920
P32162,b3922
P32177,b3895
P32664,b3996
P32669,b3946
P32670,b3947
P32674,b3951
P32676,b3953
P32680,b3999
P32685,b4023
P32695,b4049
P32701,b4061
P32704,b4066
P32705,b4067
P32712,b4076
P32715,b4081
P32719,b4085
P32720,b4086
P32721,b4087
P33011,b2008
P33012,b2009
P33014,b2012
P33015,b2013
P33018,b2154
P33029,b2172
P33030,b2173
P33136,b1048
P33218,b1846
P33224,b4187
P33225,b0997
P33228,b1349
P33231,b3603
P33234,b4116
P33341,b2109
P33345,b2115
P33346,b2118
P33352,b2121
P33355,b2124
P33360,b2129
P33362,b2131
P33363,b2132
P33368,b2137
P33369,b2139
P33371,b2140
P33570,b2465
P33590,b3476
P33593,b3479
P33594,b3480
P33596,b2698
P33599,b2286
P33602,b2283
P33607,b2278
P33643,b2594
P33644,b2593
P33647,b4225
P33650,b3409
P33666,b4492
P33913,b2177
P33916,b2180
P33919,b2184
P33920,b2186
P33924,b2190
P33927,b2196
P33937,b2206
P33941,b2211
P34209,b1414
P36553,b2436
P36566,b0921
P36646,b0106
P36649,b0123
P36655,b4136
P36659,b1000
P36662,b0998
P36673,b4241
P36767,b0393
P36771,b2289
P36881,b0129
P36928,b2069
P36929,b3289
P36979,b2517
P36999,b1822
P37005,b4403
P37007,b0267
P37013,b2709
P37017,b0137
P37024,b0148
P37025,b0147
P37028,b0158
P37047,b0162
P37051,b1232
P37052,b1233
P37056,b0193
P37127,b2468
P37128,b2467
P37177,b2829
P37180,b2995
P37182,b2993
P37195,b3507
P37313,b3540
P37325,b0567
P37329,b0763
P37342,b4380
P37344,b1303
P37348,b1868
P37351,b4090
P37353,b2260
P37388,b3567
P37440,b2426
P37443,b0913
P37590,b2259
P37596,b2711
P37610,b0368
P37613,b3459
P37617,b3469
P37623,b3475
P37624,b3486
P37626,b3487
P37627,b3488
P37629,b4660
P37630,b3491
P37631,b3492
P37634,b3499
P37636,b3513
P37637,b3514
P37646,b3525
P37647,b3526
P37648,b3527
P37652,b3532
P37653,b3533
P37659,b3538
P37661,b3546
P37666,b3553
P37671,b3574
P37676,b3579
P37678,b3581
P37680,b3583
P37682,b3585
P37685,b3588
P37686,b3589
P37690,b3613
P37692,b3620
P37745,b2038
P37747,b2036
P37749,b2034
P37751,b2032
P37757,b1464
P37765,b1269
P37769,b2842
P37774,b1917
P37794,b1733
P37906,b1301
P37908,b4461
P38035,b3422
P38051,b2265
P38052,b0534
P38097,b2067
P38104,b1581
P38105,b1580
P38134,b0981
P38394,b4526
P38506,b2798
P38684,b0995
P39099,b3234
P39160,b4323
P39161,b4324
P39172,b1857
P39173,b1780
P39176,b1990
P39180,b2000
P39187,b4216
P39206,b0035
P39208,b4268
P39220,b4659
P39264,b4315
P39265,b4088
P39274,b4127
P39280,b4146
P39285,b4159
P39298,b4190
P39304,b4196
P39310,b4206
P39315,b4211
P39321,b4221
P39325,b4227
P39328,b4230
P39337,b4256
P39343,b4264
P39346,b4267
P39347,b4271
P39349,b4575
P39352,b4279
P39353,b4280
P39356,b4295
P39361,b4300
P39363,b4302
P39366,b4305
P39369,b4308
P39371,b4310
P39376,b4327
P39377,b4328
P39381,b4332
P39383,b4334
P39401,b4359
P39404,b4366
P39405,b4367
P39406,b4371
P39407,b4377
P39408,b4378
P39409,b4379
P39410,b4385
P39411,b4394
P39451,b1478
P39452,b2675
P39453,b0993
P39829,b3128
P39830,b0478
P39838,b2216
P40120,b1424
P40191,b2418
P40710,b0192
P40719,b3026
P40874,b1059
P41039,b0803
P41052,b2701
P41409,b0651
P42588,b3073
P42593,b3081
P42596,b3084
P42598,b3086
P42599,b3087
P42604,b3091
P42616,b3097
P42619,b3101
P42620,b3102
P42624,b3106
P42626,b4470
P42628,b3110
P42640,b3173
P42904,b3133
P42907,b3136
P43329,b1413
P43340,b0901
P43531,b1596
P43671,b0951
P43672,b0949
P45395,b3197
P45424,b3221
P45425,b3222
P45463,b3060
P45464,b3147
P45470,b3153
P45505,b2238
P45508,b2233
P45530,b3343
P45531,b3344
P45532,b3345
P45537,b3358
P45544,b3375
P45549,b3380
P45552,b3383
P45562,b2406
P45563,b2407
P45565,b2252
P45568,b0173
P45579,b0599
P45748,b3282
P45750,b3392
P45753,b3395
P45756,b3323
P45758,b3325
P45759,b3326
P45766,b3268
P45767,b3269
P45769,b3271
P45771,b3283
P45804,b3402
P45807,b0466
P45848,b1268
P45955,b0742
P46068,b2364
P46130,b0772
P46139,b2604
P46142,b2956
P46481,b3240
P46482,b3241
P46837,b3407
P46850,b3421
P46852,b3439
P46857,b3446
P46859,b3437
P46883,b1386
P46888,b1895
P46889,b0890
P46923,b1872
P50456,b1594
P50457,b1302
P50465,b0714
P50466,b3072
P51020,b0352
P51024,b0354
P51025,b0355
P51981,b1325
P52006,b2251
P52007,b1875
P52037,b2902
P52043,b2920
P52044,b2921
P52048,b4465
P52060,b2953
P52061,b2954
P52062,b2955
P52073,b4468
P52076,b3025
P52094,b2308
P52095,b0186
P52096,b0187
P52097,b0188
P52101,b2556
P52102,b2562
P52108,b1608
P52119,b2618
P52124,b2625
P52126,b2627
P52129,b2630
P52131,b2632
P52133,b2634
P52138,b2642
P52598,b2735
P52613,b1942
P52636,b0992
P52643,b1380
P52644,b1379
P52645,b1381
P52647,b1378
P52696,b0768
P54745,b0731
P54746,b0732
P55135,b2785
P55138,b2776
P55140,b2778
P56262,b3830
P56580,b2703
P58094,b4523
P60061,b4115
P60293,b0922
P60340,b3166
P60472,b0174
P60546,b3648
P60651,b2937
P60664,b2025
P60716,b0628
P60720,b0630
P60752,b0914
P60869,b0847
P60872,b3685
P60955,b2828
P61316,b0891
P61320,b1209
P61714,b0415
P61887,b3789
P62601,b3519
P62617,b2746
P62620,b2515
P62623,b0029
P62672,b0050
P63204,b3512
P63224,b0222
P63228,b0200
P63264,b0999
P63386,b3195
P63417,b3156
P63883,b2817
P64429,b2475
P64451,b1431
P64455,b1446
P64463,b1541
P64467,b1625
P64476,b1685
P64479,b1724
P64483,b1787
P64490,b1810
P64493,b1793
P64503,b1836
P64506,b1839
P64524,b2005
P64534,b2107
P64540,b2325
P64554,b2777
P64559,b2897
P64578,b3083
P64581,b3098
P64588,b3071
P64594,b3130
P64596,b3150
P64599,b3157
P64604,b3193
P64610,b3207
P64612,b3232
P64616,b3239
P64624,b3346
P64636,b3399
P64638,b3410
P65298,b3014
P65643,b2459
P65807,b2872
P65870,b2765
P66817,b3149
P66899,b2871
P66948,b2494
P67080,b2951
P67087,b3146
P67095,b2300
P67338,b1811
P67430,b1649
P67603,b2900
P67624,b3354
P67660,b3105
P67662,b3243
P67697,b1438
P67826,b1874
P67910,b3619
P68206,b4045
P68398,b2559
P68567,b3497
P68688,b0849
P68699,b3737
P68739,b3998
P69222,b0884
P69228,b2079
P69346,b2017
P69348,b4539
P69411,b0196
P69425,b3838
P69428,b3836
P69441,b0474
P69451,b1805
P69488,b4137
P69506,b4209
P69681,b0451
P69739,b0972
P69776,b1677
P69789,b3682
P69795,b1738
P69797,b1817
P69805,b1819
P69811,b2169
P69824,b2934
P69826,b2933
P69828,b2094
P69853,b1591
P69874,b1126
P69902,b2374
P69913,b2696
P69922,b2802
P69931,b2496
P69937,b4148
P71229,b2491
P71237,b2057
P71238,b2056
P71241,b2047
P71244,b2043
P71298,b0281
P75675,b0235
P75683,b0270
P75693,b0328
P75713,b0515
P75719,b0556
P75728,b0662
P75733,b0681
P75734,b0682
P75736,b0686
P75745,b0712
P75746,b0713
P75750,b0718
P75767,b0780
P75779,b0804
P75783,b0808
P75791,b0821
P75792,b0822
P75793,b0823
P75794,b0824
P75796,b0829
P75800,b0833
P75801,b0834
P75809,b0844
P75817,b0859
P75818,b0865
P75821,b0868
P75823,b0870
P75828,b0876
P75829,b0877
P75830,b0878
P75843,b0916
P75853,b0936
P75864,b0948
P75869,b0959
P75870,b0960
P75874,b0965
P75876,b0967
P75882,b0984
P75884,b0986
P75893,b1007
P75906,b1023
P75914,b1034
P75915,b1035
P75931,b1068
P75937,b1076
P75942,b1081
P75949,b1107
P75954,b1113
P75957,b1117
P75958,b1118
P75959,b1119
P75960,b1120
P75966,b1135
P75972,b1143
P75973,b1144
P75974,b1145
P75982,b1153
P75989,b1162
P75995,b1168
P76001,b1177
P76002,b1178
P76015,b1200
P76034,b1284
P76038,b1298
P76041,b1309
P76042,b1310
P76043,b1313
P76046,b1321
P76049,b1327
P76053,b1340
P76055,b1344
P76056,b1345
P76057,b1346
P76062,b1356
P76066,b1361
P76076,b1383
P76081,b1392
P76083,b1395
P76086,b1399
P76091,b1409
P76092,b1410
P76103,b1433
P76104,b1435
P76108,b1440
P76112,b1448
P76113,b1449
P76119,b1459
P76121,b1462
P76128,b1487
P76129,b1489
P76134,b1497
P76135,b1499
P76141,b1512
P76142,b1516
P76143,b1517
P76145,b1519
P76147,b1522
P76148,b1523
P76149,b1525
P76162,b1560
P76164,b1567
P76170,b1583
P76172,b1586
P76176,b1598
P76185,b1644
P76187,b1647
P76192,b1673
P76193,b1678
P76194,b1679
P76196,b1689
P76198,b1691
P76201,b1697
P76210,b1730
P76213,b1741
P76217,b1746
P76222,b1753
P76223,b1754
P76226,b1758
P76227,b1760
P76234,b1781
P76235,b1784
P76237,b1786
P76243,b1792
P76249,b1798
P76251,b1800
P76256,b1807
P76257,b1808
P76268,b1827
P76269,b1828
P76272,b1834
P76273,b1835
P76290,b1870
P76291,b1871
P76296,b1877
P76298,b1879
P76316,b1919
P76329,b1955
P76330,b1956
P76339,b1968
P76340,b1969
P76341,b1970
P76342,b1971
P76344,b1973
P76346,b1976
P76347,b1978
P76349,b4497
P76350,b1981
P76352,b1985
P76362,b2002
P76372,b2027
P76373,b2028
P76387,b2060
P76393,b2070
P76394,b2071
P76397,b2074
P76398,b2075
P76407,b2086
P76418,b2099
P76419,b2100
P76422,b2103
P76423,b2104
P76446,b2176
P76461,b2224
P76462,b2225
P76464,b4500
P76473,b2257
P76481,b2270
P76482,b2271
P76501,b2335
P76502,b2340
P76506,b2346
P76508,b2355
P76510,b2357
P76512,b2359
P76524,b2385
P76539,b2434
P76541,b2439
P76542,b2442
P76543,b2443
P76545,b2445
P76550,b2450
P76559,b2466
P76561,b2473
P76562,b2474
P76575,b2510
P76576,b2513
P76578,b2520
P76584,b2544
P76586,b2550
P76594,b2584
P76616,b4462
P76641,b2883
P76909,b1756
P76938,b2326
P77148,b1668
P77150,b1636
P77154,b1316
P77161,b0509
P77171,b1422
P77172,b2503
P77173,b2412
P77174,b0601
P77181,b1400
P77182,b2324
P77187,b0320
P77188,b0292
P77196,b4661
P77199,b4580
P77202,b0604
P77212,b0304
P77213,b0581
P77221,b0321
P77239,b0574
P77243,b0334
P77245,b2427
P77247,b1727
P77256,b1771
P77257,b1513
P77258,b1650
P77260,b1542
P77279,b0490
P77285,b1631
P77294,b1503
P77295,b2667
P77297,b0319
P77300,b0272
P77302,b1341
P77309,b1526
P77318,b1498
P77319,b0650
P77324,b0285
P77329,b2487
P77330,b0557
P77338,b0465
P77348,b1329
P77360,b2545
P77368,b0545
P77374,b1587
P77376,b1624
P77378,b1698
P77381,b0646
P77390,b0618
P77395,b0492
P77396,b2382
P77398,b2255
P77402,b1696
P77416,b2484
P77425,b0516
P77432,b1511
P77433,b0308
P77434,b2379
P77444,b1680
P77445,b2455
P77454,b0485
P77467,b1394
P77468,b0532
P77473,b0457
P77475,b2690
P77485,b0570
P77488,b0420
P77489,b0284
P77493,b1772
P77495,b0335
P77499,b1682
P77503,b1315
P77509,b2547
P77510,b0619
P77526,b2302
P77529,b1729
P77536,b0307
P77541,b0331
P77544,b2301
P77552,b1664
P77554,b0324
P77555,b0517
P77559,b1595
P77561,b1501
P77562,b0378
P77569,b0346
P77570,b1640
P77579,b2386
P77580,b0351
P77581,b1748
P77585,b2384
P77588,b1502
P77589,b0353
P77596,b0269
P77598,b0558
P77615,b1320
P77616,b3047
P77622,b1483
P77624,b0323
P77625,b2293
P77634,b0546
P77649,b1706
P77656,b2354
P77667,b1684
P77674,b1444
P77689,b1681
P77690,b2253
P77695,b1550
P77698,b0544
P77704,b1773
P77712,b0443
P77713,b0271
P77717,b0453
P77718,b0423
P77721,b1770
P77726,b0427
P77730,b1439
P77735,b0419
P77736,b0318
P77739,b1725
P77748,b1687
P77754,b1743
P77756,b0444
P77757,b2254
P77766,b1266
P77768,b2305
P77774,b2512
P77775,b2304
P77779,b0703
P77781,b1686
P77783,b1588
P77788,b1759
P77791,b0459
P77795,b1441
P77804,b1614
P77808,b2249
P78055,b0825
P78061,b1297
P78067,b1757
P78285,b0555
P80668,b1385
Q06065,b2220
Q06067,b2219
Q2M7R5,b4554
Q2M7X4,b4555
Q46786,b2850
Q46791,b2856
Q46803,b2870
Q46811,b2878
Q46820,b2887
Q46822,b2889
Q46829,b2901
Q46834,b2970
Q46836,b2972
Q46840,b2981
Q46845,b2989
Q46851,b3001
Q46855,b3010
Q46856,b3011
Q46863,b3020
Q46865,b3022
Q46868,b3042
Q46871,b3070
Q46888,b2736
Q46891,b2739
Q46893,b2747
Q46899,b2758
Q46904,b2766
Q46907,b2769
Q46916,b2789
Q46919,b2792
Q46920,b2794
Q46925,b2810
Q46927,b2812
Q46938,b2843
Q46939,b2844
Q46941,b2846
Q46948,b0424
Q47005,b1988
Q47013,b2269
Q47083,b1987
Q47146,b0221
Q47147,b0223
Q47150,b0226
Q47151,b0227
Q47153,b0229
Q47155,b0231
Q47156,b0232
Q47158,b0234
Q47269,b0547
Q47534,b0358
Q47536,b0363
Q47622,b1294
Q47679,b0219
Q57083,b0254
Q6BF16,b4477
Q6BF17,b4478
Q93K97,b3034