Reaction	Metabolite	ShadowPrice	G-	G+	DecrementalShadowPrice	IncrementalShadowPrice
DMSOR1pp	12dgr120_c	-0.0	0.0	0.0	Inf	Inf
DMSOR1pp	12dgr140_c	-0.0	0.0	0.0	Inf	Inf
DMSOR1pp	12dgr160_c	-0.0	-0.05642003416033958	0.0	-0.0	Inf
DMSOR1pp	12dgr180_c	-0.0	0.0	0.0	Inf	Inf
DMSOR1pp	12ppd__R_c	-0.0	-1000.0	0.0	-0.0	Inf
DMSOR1pp	12ppd__S_c	-0.0	0.0	0.0	Inf	Inf
DMSOR1pp	5drib_c	-0.0	-999.9998010701776	0.00019892982239132906	-0.0	0.0
DMSOR1pp	5mta_c	-0.0	0.0	0.0	Inf	Inf
DMSOR1pp	23dhacoa_c	-0.0	-0.0005092603447911515	0.0	-0.0	Inf
DMSOR1pp	5mtr_c	-0.0	0.0	0.0	Inf	Inf
DMSOR1pp	3amac_c	-0.0	-0.1658149326004832	0.0	-0.0	Inf
DMSOR1pp	LalaDgluMdap_c	-0.0	-0.024568275131601123	0.0	-0.0	Inf
DMSOR1pp	ac_c	-0.0	-0.1658149326004832	1.9555428292799206	-0.0	0.0
DMSOR1pp	acald_c	-0.0	-1.0982748491410792	2.7208468296705846	-0.0	0.0
DMSOR1pp	acetol_c	-0.0	0.0	0.0034516534516255497	Inf	0.0
DMSOR1pp	acgam_c	-0.0	-0.08353991581388456	0.0	-0.0	Inf
DMSOR1pp	acgam6p_c	-0.0	-0.08353991581388456	0.0	-0.0	Inf
DMSOR1pp	acmalt_c	0.0	0.0	0.0	Inf	Inf
DMSOR1pp	acmana_c	-0.0	-0.08353991581388456	0.0	-0.0	Inf
DMSOR1pp	2dmmq8_c	-0.0	0.0	0.0	Inf	Inf
DMSOR1pp	2dmmql8_c	0.0	0.0	0.0	Inf	Inf
DMSOR1pp	ade_c	-0.0	-0.03316298652009654	0.0005950212020631799	-0.0	0.0
DMSOR1pp	adn_c	-0.0	0.0	0.0005950212020631799	Inf	0.0
DMSOR1pp	3sala_c	0.0	0.0	0.0	Inf	Inf
DMSOR1pp	adphep_DD_c	-0.0	0.0	0.0	Inf	Inf
DMSOR1pp	adphep_LD_c	-0.0	0.0	0.0	Inf	Inf
DMSOR1pp	4ahmmp_c	0.0	0.0	0.0	Inf	Inf
DMSOR1pp	4crsol_c	-0.0	-999.9998028384427	0.00019716155730340615	-0.0	0.0
DMSOR1pp	2ohph_c	-0.0	-0.00019716155730340615	0.1372843561426349	-0.0	0.0
DMSOR1pp	2ombzl_c	-0.0	0.0	0.0	Inf	Inf
DMSOR1pp	2omhmbl_c	-0.0	0.0	0.0	Inf	Inf
DMSOR1pp	2ommbl_c	0.0	0.0	0.0	Inf	Inf
DMSOR1pp	2omph_c	-0.0	0.0	0.1372843561426349	Inf	0.0
DMSOR1pp	4mhetz_c	0.0	0.0	0.0	Inf	Inf
DMSOR1pp	2oph_c	-0.0	-0.00019716155730340615	0.1372843561426349	-0.0	0.0
DMSOR1pp	2oxpaccoa_c	-0.0	-0.0005092603447911515	0.0	-0.0	Inf
DMSOR1pp	all__D_c	-0.0	-41.61012275860636	0.0	-0.0	Inf
DMSOR1pp	alltn_c	-0.0	-0.0414537331501208	0.0	-0.0	Inf
DMSOR1pp	4r5au_c	-0.0	-0.0003943231138741969	0.26526000001393896	-0.0	0.0
DMSOR1pp	56dura_c	0.0	0.0	0.0	Inf	Inf
DMSOR1pp	arab__L_c	-0.0	-49.93214731032763	0.0	-0.0	Inf
DMSOR1pp	etoh_c	-0.0	-1000.0	0.0	-0.0	Inf
DMSOR1pp	csn_c	-0.0	0.0	0.03613528296830282	Inf	0.0
DMSOR1pp	fald_c	-0.0	0.0	0.0	Inf	Inf
DMSOR1pp	fc1p_c	-0.0	-0.8528616599864862	0.0	-0.0	Inf
DMSOR1pp	fcl__L_c	-0.0	0.0	0.0	Inf	Inf
DMSOR1pp	aso4_c	0.0	0.0	0.0	Inf	Inf
DMSOR1pp	cyan_c	0.0	0.0	0.0	Inf	Inf
DMSOR1pp	athtp_c	0.0	0.0	0.0	Inf	Inf
DMSOR1pp	cytd_c	-0.0	0.0	0.0	Inf	Inf
DMSOR1pp	dad_2_c	-0.0	0.0	0.0	Inf	Inf
DMSOR1pp	dad_5_c	-0.0	-0.03316298652009654	0.00019892982239132906	-0.0	0.0
DMSOR1pp	betald_c	0.0	0.0	0.0	Inf	Inf
DMSOR1pp	btal_c	-0.0	-499.32147310327645	0.0	-0.0	Inf
DMSOR1pp	for_c	-0.0	-0.09655523098413354	0.0021687771277607644	-0.0	0.0
DMSOR1pp	dcyt_c	-0.0	-0.02313421214535083	0.0	-0.0	Inf
DMSOR1pp	fru_c	-0.0	0.0	0.0	Inf	Inf
DMSOR1pp	ca2_c	-0.0	-0.004601909891334799	999.9953980901087	-0.0	0.0
DMSOR1pp	g3pe_c	-0.0	-0.12291917932187423	0.0	-0.0	Inf
DMSOR1pp	g3pi_c	0.0	0.0	0.0	Inf	Inf
DMSOR1pp	cbm_c	-0.0	-0.0829074663002416	0.0	-0.0	Inf
DMSOR1pp	dha_c	-0.0	-83.22024551721279	0.0	-0.0	Inf
DMSOR1pp	gal_c	-0.0	0.0	0.0	Inf	Inf
DMSOR1pp	dhgly_c	-0.0	-0.00019716155730340615	0.6802117074176464	-0.0	0.0
DMSOR1pp	dhmptp_c	0.0	0.0	0.0	Inf	Inf
DMSOR1pp	gcald_c	-0.0	-139.81001246891742	0.0005914846715313615	-0.0	0.0
DMSOR1pp	dhptd_c	-0.0	-49.710117891016125	0.00039609137967185087	-0.0	0.0
DMSOR1pp	cechddd_c	-0.0	0.0	0.0	Inf	Inf
DMSOR1pp	dhptdn_c	0.0	0.0	0.0	Inf	Inf
DMSOR1pp	chol_c	0.0	0.0	0.0	Inf	Inf
DMSOR1pp	chtbs6p_c	-0.0	0.0	0.0	Inf	Inf
DMSOR1pp	dmbzid_c	0.0	0.0	0.0	Inf	Inf
DMSOR1pp	dms_c	0.0	0.0	0.0	Inf	Inf
DMSOR1pp	dmso_c	-1.0	-0.2924666248798144	0.0	-1.0	Inf
DMSOR1pp	cl_c	-0.0	-0.004601909891319413	999.9953980901087	-0.0	0.0
DMSOR1pp	glc__D_c	-0.0	-41.61012275860636	0.0	-0.0	Inf
DMSOR1pp	co2_c	-0.0	-960.3766139395644	39.623386060435564	-0.0	0.0
DMSOR1pp	dscl_c	-0.0	-0.00019716155730340615	0.004516910371037852	-0.0	0.0
DMSOR1pp	dtdp4aaddg_c	-0.0	0.0	0.0	Inf	Inf
DMSOR1pp	glyald_c	-0.0	-1000.0	0.0	-0.0	Inf
DMSOR1pp	crn_c	-0.0	-1000.0	0.0	-0.0	Inf
DMSOR1pp	duri_c	-0.0	-0.02313421214535083	0.0	-0.0	Inf
DMSOR1pp	glyb_c	0.0	0.0	0.0	Inf	Inf
DMSOR1pp	glyc_c	-0.0	-71.33163901475382	0.0	-0.0	Inf
DMSOR1pp	dxyl_c	0.0	0.0	0.0	Inf	Inf
DMSOR1pp	glycogen_c	-0.0	-41.610122758606366	0.0	-0.0	Inf
DMSOR1pp	gmhep1p_c	-0.0	0.0	2.0974053653664275	Inf	0.0
DMSOR1pp	lipa_cold_c	-0.0	0.0	0.0	Inf	Inf
DMSOR1pp	lipidA_c	-0.0	-0.017201682775294103	0.09069489432235284	-0.0	0.0
DMSOR1pp	malt_c	0.0	0.0	0.0	Inf	Inf
DMSOR1pp	h2_c	-0.0	0.0	0.0	Inf	Inf
DMSOR1pp	malthx_c	-0.0	0.0	0.0	Inf	Inf
DMSOR1pp	maltpt_c	-0.0	0.0	0.0	Inf	Inf
DMSOR1pp	malttr_c	-0.0	0.0	0.0	Inf	Inf
DMSOR1pp	maltttr_c	-0.0	0.0	0.0	Inf	Inf
DMSOR1pp	h2o2_c	-0.0	-0.0034516534516255497	0.6214975334627297	-0.0	0.0
DMSOR1pp	man_c	-0.0	-41.61012275860636	0.0	-0.0	Inf
DMSOR1pp	mdhdhf_c	-0.0	-49.710117891016125	0.00039609137967185087	-0.0	0.0
DMSOR1pp	melib_c	-0.0	0.0	0.0	Inf	Inf
DMSOR1pp	meoh_c	-0.0	-999.9999982317349	1.7682650650385767e-06	-0.0	0.0
DMSOR1pp	pacald_c	-0.0	-1000.0	0.0	-0.0	Inf
DMSOR1pp	metsox_S__L_c	-0.0	-0.09655523098413354	0.0	-0.0	Inf
DMSOR1pp	mg2_c	-0.0	-0.007669849818865688	999.9923301501811	-0.0	0.0
DMSOR1pp	hhlipa_c	-0.0	0.0	0.0	Inf	Inf
DMSOR1pp	pe120_c	-0.0	0.0	0.0	Inf	Inf
DMSOR1pp	mobd_c	-0.0	-0.00011405309817102867	54.008188158185476	-0.0	0.0
DMSOR1pp	hlipa_c	-0.0	0.0	0.0	Inf	Inf
DMSOR1pp	pg120_c	-0.0	-0.06880673110125685	0.0	-0.0	Inf
DMSOR1pp	mql8_c	0.0	0.0	0.0	Inf	Inf
DMSOR1pp	mqn8_c	-0.0	0.0	0.0	Inf	Inf
DMSOR1pp	mthgxl_c	-0.0	0.0	0.0034516534516255497	Inf	0.0
DMSOR1pp	hqn_c	0.0	0.0	0.0	Inf	Inf
DMSOR1pp	mththf_c	-0.0	-999.9996039086203	0.00039609137967185087	-0.0	0.0
DMSOR1pp	n2o_c	-0.0	-1000.0	0.0	-0.0	Inf
DMSOR1pp	na1_c	-0.0	0.0	0.0	Inf	Inf
DMSOR1pp	nac_c	-0.0	0.0	0.0	Inf	Inf
DMSOR1pp	ncam_c	-0.0	0.0	0.0	Inf	Inf
DMSOR1pp	ni2_c	-0.0	-0.0002855748116995524	999.9997144251882	-0.0	0.0
DMSOR1pp	no_c	-0.0	-1000.0	0.0	-0.0	Inf
DMSOR1pp	indole_c	-0.0	-0.050256746196401414	1.0610400000557547	-0.0	0.0
DMSOR1pp	no2_c	-0.0	-1000.0	0.0	-0.0	Inf
DMSOR1pp	no3_c	0.0	0.0	0.0	Inf	Inf
DMSOR1pp	inost_c	0.0	0.0	0.0	Inf	Inf
DMSOR1pp	o2_c	-0.0	-36.410430320057685	963.5895696799423	-0.0	0.0
DMSOR1pp	poaac_c	-0.0	-16.617904048672486	0.0	-0.0	Inf
DMSOR1pp	ppal_c	-0.0	0.0	0.0	Inf	Inf
DMSOR1pp	k_c	-0.0	-0.17257648365341538	216.0327526327419	-0.0	0.0
DMSOR1pp	psclys_c	-0.0	0.0	0.0	Inf	Inf
DMSOR1pp	lald__D_c	-0.0	0.0	0.0034516534516255497	Inf	0.0
DMSOR1pp	lald__L_c	-0.0	-4.401593945570312	0.0	-0.0	Inf
DMSOR1pp	ura_c	-0.0	0.0	0.0	Inf	Inf
DMSOR1pp	pydx_c	-0.0	0.0	0.9069489432235284	Inf	0.0
DMSOR1pp	uracp_c	-0.0	-0.1658149326004832	0.0	-0.0	Inf
DMSOR1pp	pydxn_c	-0.0	0.0	0.9069489432235284	Inf	0.0
DMSOR1pp	urate_c	-0.0	-0.0034516534516255497	0.0	-0.0	Inf
DMSOR1pp	q8_c	-0.0	0.0	0.0	Inf	Inf
DMSOR1pp	q8h2_c	0.0	0.0	0.0	Inf	Inf
DMSOR1pp	urea_c	-0.0	-1000.0	0.0	-0.0	Inf
DMSOR1pp	uri_c	-0.0	0.0	0.03613528296830282	Inf	0.0
DMSOR1pp	rbflvrd_c	-0.0	0.0	0.048277615492066814	Inf	0.0
DMSOR1pp	rbl__L_c	-0.0	-49.93214731032763	0.0	-0.0	Inf
DMSOR1pp	rdmbzi_c	0.0	0.0	0.0	Inf	Inf
DMSOR1pp	thptdn_c	0.0	0.0	0.0	Inf	Inf
DMSOR1pp	xan_c	-0.0	0.0	0.0	Inf	Inf
DMSOR1pp	rephaccoa_c	-0.0	-0.0005092603447911515	0.0	-0.0	Inf
DMSOR1pp	rib__D_c	-0.0	0.0	2.7208468296705854	Inf	0.0
DMSOR1pp	xtsn_c	-0.0	0.0	0.0	Inf	Inf
DMSOR1pp	rml_c	-0.0	-4.401593945570312	0.0	-0.0	Inf
DMSOR1pp	thym_c	-0.0	-216.0327526327419	0.0	-0.0	Inf
DMSOR1pp	thymd_c	-0.0	-0.02313421214535083	0.0	-0.0	Inf
DMSOR1pp	xu5p__L_c	-0.0	-0.8528616599864368	0.0	-0.0	Inf
DMSOR1pp	rmn_c	-0.0	-4.401593945570312	0.0	-0.0	Inf
DMSOR1pp	xyl__D_c	0.0	0.0	0.0	Inf	Inf
DMSOR1pp	tmao_c	0.0	0.0	0.0	Inf	Inf
DMSOR1pp	xylu__D_c	-0.0	0.0	0.0	Inf	Inf
DMSOR1pp	xylu__L_c	-0.0	-49.93214731032763	0.0	-0.0	Inf
DMSOR1pp	12ppd__R_e	-0.0	-1000.0	0.0	-0.0	Inf
DMSOR1pp	12ppd__S_e	-0.0	-1000.0	0.0	-0.0	Inf
DMSOR1pp	tre_c	-0.0	-20.80506137930318	0.0	-0.0	Inf
DMSOR1pp	seln_c	0.0	0.0	0.0	Inf	Inf
DMSOR1pp	34dhpac_e	-0.0	-1000.0	0.0	-0.0	Inf
DMSOR1pp	slnt_c	0.0	0.0	0.0	Inf	Inf
DMSOR1pp	so2_c	0.0	0.0	0.0	Inf	Inf
DMSOR1pp	so3_c	-0.0	-0.21915170193615094	10.80163763163713	-0.0	0.0
DMSOR1pp	so4_c	-0.0	-0.22298706891185577	216.0327526327419	-0.0	0.0
DMSOR1pp	4hoxpacd_e	-0.0	-1000.0	0.0	-0.0	Inf
DMSOR1pp	5mtr_e	-0.0	0.0	0.0	Inf	Inf
DMSOR1pp	LalaDgluMdap_e	-0.0	-1000.0	0.0	-0.0	Inf
DMSOR1pp	ac_e	-0.0	0.0	0.0	Inf	Inf
DMSOR1pp	acald_e	-0.0	-1000.0	0.0	-0.0	Inf
DMSOR1pp	acgal_e	-0.0	-1000.0	0.0	-0.0	Inf
DMSOR1pp	acgam_e	-0.0	-1000.0	0.0	-0.0	Inf
DMSOR1pp	acmana_e	-0.0	-1000.0	0.0	-0.0	Inf
DMSOR1pp	tagur_c	-0.0	0.0	0.0	Inf	Inf
DMSOR1pp	tartr__L_c	-0.0	-0.0829074663002416	0.0	-0.0	Inf
DMSOR1pp	ade_e	-0.0	-1000.0	0.0	-0.0	Inf
DMSOR1pp	adn_e	-0.0	-1000.0	0.0	-0.0	Inf
DMSOR1pp	all__D_e	-0.0	-1000.0	0.0	-0.0	Inf
DMSOR1pp	cl_e	-0.0	-0.004601909891334799	999.9953980901087	-0.0	0.0
DMSOR1pp	alltn_e	-0.0	0.0	0.0	Inf	Inf
DMSOR1pp	cm_e	-0.0	-1000.0	0.0	-0.0	Inf
DMSOR1pp	co2_e	-0.0	-960.3766139395644	39.623386060435564	-0.0	0.0
DMSOR1pp	arab__L_e	-0.0	-1000.0	0.0	-0.0	Inf
DMSOR1pp	arbt_e	-0.0	-1000.0	0.0	-0.0	Inf
DMSOR1pp	unagamu_c	-0.0	0.0	0.10464795498733019	Inf	0.0
DMSOR1pp	crn_e	-0.0	-1000.0	0.0	-0.0	Inf
DMSOR1pp	csn_e	-0.0	-1000.0	0.0	-0.0	Inf
DMSOR1pp	cyan_e	-0.0	-1000.0	0.0	-0.0	Inf
DMSOR1pp	glyb_e	-0.0	-1000.0	0.0	-0.0	Inf
DMSOR1pp	glyc_e	-0.0	-1000.0	0.0	-0.0	Inf
DMSOR1pp	cytd_e	-0.0	-1000.0	0.0	-0.0	Inf
DMSOR1pp	ca2_e	-0.0	-0.004601909891334799	999.9953980901087	-0.0	0.0
DMSOR1pp	dad_2_e	-0.0	-1000.0	0.0	-0.0	Inf
DMSOR1pp	dcyt_e	-0.0	-1000.0	0.0	-0.0	Inf
DMSOR1pp	chol_e	-0.0	-1000.0	0.0	-0.0	Inf
DMSOR1pp	dha_e	-0.0	-1000.0	0.0	-0.0	Inf
DMSOR1pp	ppal_e	-0.0	-1000.0	0.0	-0.0	Inf
DMSOR1pp	h2_e	-0.0	-1000.0	0.0	-0.0	Inf
DMSOR1pp	dms_e	-0.0	-1000.0	0.0	-0.0	Inf
DMSOR1pp	dmso_e	-1.0	0.0	0.0	Inf	Inf
DMSOR1pp	h2o2_e	-0.0	-1000.0	0.0	-0.0	Inf
DMSOR1pp	psclys_e	-0.0	-1000.0	0.0	-0.0	Inf
DMSOR1pp	duri_e	-0.0	-1000.0	0.0	-0.0	Inf
DMSOR1pp	pydx_e	-0.0	-1000.0	0.0	-0.0	Inf
DMSOR1pp	pydxn_e	-0.0	-1000.0	0.0	-0.0	Inf
DMSOR1pp	etoh_e	-0.0	-1000.0	0.0	-0.0	Inf
DMSOR1pp	fald_e	-0.0	0.0	0.0	Inf	Inf
DMSOR1pp	rib__D_e	-0.0	-1000.0	0.0	-0.0	Inf
DMSOR1pp	rmn_e	-0.0	-1000.0	0.0	-0.0	Inf
DMSOR1pp	indole_e	-0.0	-1000.0	0.0	-0.0	Inf
DMSOR1pp	inost_e	-0.0	-1000.0	0.0	-0.0	Inf
DMSOR1pp	sbt__D_e	-0.0	-38.40934408486741	0.0	-0.0	Inf
DMSOR1pp	k_e	-0.0	-0.17257648365341538	999.8274235163466	-0.0	0.0
DMSOR1pp	for_e	-0.0	0.0	0.0021687771277607644	Inf	0.0
DMSOR1pp	slnt_e	-0.0	0.0	1000.0	Inf	0.0
DMSOR1pp	fru_e	-0.0	-1000.0	0.0	-0.0	Inf
DMSOR1pp	so2_e	-0.0	-1000.0	0.0	-0.0	Inf
DMSOR1pp	so3_e	-0.0	-1000.0	0.0	-0.0	Inf
DMSOR1pp	so4_e	-0.0	-0.22298706891185577	999.7770129310882	-0.0	0.0
DMSOR1pp	lipa_cold_e	-0.0	-1000.0	0.0	-0.0	Inf
DMSOR1pp	sucr_e	-0.0	-1000.0	0.0	-0.0	Inf
DMSOR1pp	g3pe_e	-0.0	-1000.0	0.0	-0.0	Inf
DMSOR1pp	malt_e	-0.0	-1000.0	0.0	-0.0	Inf
DMSOR1pp	tartr__L_e	-0.0	-1000.0	0.0	-0.0	Inf
DMSOR1pp	g3pi_e	-0.0	-1000.0	0.0	-0.0	Inf
DMSOR1pp	malthx_e	-0.0	-1000.0	0.0	-0.0	Inf
DMSOR1pp	maltpt_e	-0.0	-1000.0	0.0	-0.0	Inf
DMSOR1pp	gal_e	-0.0	-1000.0	0.0	-0.0	Inf
DMSOR1pp	gal_bD_e	-0.0	-1000.0	0.0	-0.0	Inf
DMSOR1pp	malttr_e	-0.0	-1000.0	0.0	-0.0	Inf
DMSOR1pp	maltttr_e	-0.0	-1000.0	0.0	-0.0	Inf
DMSOR1pp	man_e	-0.0	-1000.0	0.0	-0.0	Inf
DMSOR1pp	thym_e	-0.0	-1000.0	0.0	-0.0	Inf
DMSOR1pp	thymd_e	-0.0	-1000.0	0.0	-0.0	Inf
DMSOR1pp	galt_e	-0.0	-38.409344084867406	0.0	-0.0	Inf
DMSOR1pp	melib_e	-0.0	-1000.0	0.0	-0.0	Inf
DMSOR1pp	meoh_e	-0.0	-999.9999982317349	1.7682650650385767e-06	-0.0	0.0
DMSOR1pp	tmao_e	-0.0	-1000.0	0.0	-0.0	Inf
DMSOR1pp	tre_e	-0.0	-1000.0	0.0	-0.0	Inf
DMSOR1pp	metsox_S__L_e	-0.0	-1000.0	0.0	-0.0	Inf
DMSOR1pp	glc__D_e	-0.0	-41.61012275860636	2.7208468296705854	-0.0	0.0
DMSOR1pp	mg2_e	-0.0	-0.007669849818865688	999.9923301501811	-0.0	0.0
DMSOR1pp	mnl_e	-0.0	-1000.0	0.0	-0.0	Inf
DMSOR1pp	mobd_e	-0.0	-0.00011405309817291709	999.9998859469018	-0.0	0.0
DMSOR1pp	glyald_e	-0.0	-1000.0	0.0	-0.0	Inf
DMSOR1pp	n2o_e	-0.0	-1000.0	0.0	-0.0	Inf
DMSOR1pp	na1_e	-0.0	0.0	1000.0	Inf	0.0
DMSOR1pp	nac_e	-0.0	-1000.0	0.0	-0.0	Inf
DMSOR1pp	ni2_e	-0.0	-0.0002855748117553958	999.9997144251882	-0.0	0.0
DMSOR1pp	no_e	-0.0	-1000.0	0.0	-0.0	Inf
DMSOR1pp	no2_e	-0.0	-1000.0	0.0	-0.0	Inf
DMSOR1pp	ura_e	-0.0	-1000.0	0.0	-0.0	Inf
DMSOR1pp	no3_e	-0.0	-1000.0	0.0	-0.0	Inf
DMSOR1pp	urea_e	-0.0	-1000.0	0.0	-0.0	Inf
DMSOR1pp	novbcn_e	-0.0	-1000.0	0.0	-0.0	Inf
DMSOR1pp	uri_e	-0.0	-1000.0	0.0	-0.0	Inf
DMSOR1pp	o2_e	-0.0	-36.410430320057685	963.5895696799423	-0.0	0.0
DMSOR1pp	xan_e	-0.0	0.0	0.0	Inf	Inf
DMSOR1pp	xtsn_e	-0.0	-1000.0	0.0	-0.0	Inf
DMSOR1pp	xyl__D_e	-0.0	-1000.0	0.0	-0.0	Inf
DMSOR1pp	xylu__L_e	-0.0	-1000.0	0.0	-0.0	Inf
DMSOR1pp	pacald_e	-0.0	-1000.0	0.0	-0.0	Inf
DMSOR1pp	12dgr120_p	-0.0	0.0	0.0	Inf	Inf
DMSOR1pp	12dgr140_p	-0.0	0.0	0.0	Inf	Inf
DMSOR1pp	12dgr160_p	-0.0	-0.05642003416033958	0.0	-0.0	Inf
DMSOR1pp	12dgr180_p	-0.0	0.0	0.0	Inf	Inf
DMSOR1pp	12ppd__R_p	-0.0	-1000.0	0.0	-0.0	Inf
DMSOR1pp	12ppd__S_p	-0.0	0.0	0.0	Inf	Inf
DMSOR1pp	chol_p	-0.0	-1000.0	0.0	-0.0	Inf
DMSOR1pp	cl_p	-0.0	-0.004601909891334799	999.9953980901087	-0.0	0.0
DMSOR1pp	34dhpac_p	-0.0	-1000.0	0.0	-0.0	Inf
DMSOR1pp	cm_p	-0.0	0.0	0.0	Inf	Inf
DMSOR1pp	4hoxpacd_p	-0.0	-1000.0	0.0	-0.0	Inf
DMSOR1pp	co2_p	-0.0	-960.3766139395644	39.623386060435564	-0.0	0.0
DMSOR1pp	5mtr_p	-0.0	0.0	0.0	Inf	Inf
DMSOR1pp	LalaDgluMdap_p	-0.0	-0.024568275131601123	0.0	-0.0	Inf
DMSOR1pp	gal_p	-0.0	-1000.0	0.0	-0.0	Inf
DMSOR1pp	ac_p	-0.0	-0.1658149326004832	0.0	-0.0	Inf
DMSOR1pp	crn_p	-0.0	-1000.0	0.0	-0.0	Inf
DMSOR1pp	gal_bD_p	-0.0	-1000.0	0.0	-0.0	Inf
DMSOR1pp	acald_p	-0.0	-1000.0	0.0	-0.0	Inf
DMSOR1pp	acgal_p	-0.0	-1000.0	0.0	-0.0	Inf
DMSOR1pp	csn_p	-0.0	0.0	0.0	Inf	Inf
DMSOR1pp	acgam_p	-0.0	-1000.0	0.0	-0.0	Inf
DMSOR1pp	galt_p	-0.0	-38.409344084867406	0.0	-0.0	Inf
DMSOR1pp	acmana_p	-0.0	-1000.0	0.0	-0.0	Inf
DMSOR1pp	cyan_p	-0.0	0.0	0.0	Inf	Inf
DMSOR1pp	ade_p	-0.0	-1000.0	0.0	-0.0	Inf
DMSOR1pp	adn_p	-0.0	0.0	0.0005950212020631799	Inf	0.0
DMSOR1pp	cytd_p	-0.0	0.0	0.0	Inf	Inf
DMSOR1pp	glc__D_p	-0.0	-41.61012275860636	2.7208468296705854	-0.0	0.0
DMSOR1pp	dad_2_p	-0.0	-1000.0	0.0	-0.0	Inf
DMSOR1pp	dcyt_p	-0.0	-1000.0	0.0	-0.0	Inf
DMSOR1pp	all__D_p	-0.0	0.0	0.0	Inf	Inf
DMSOR1pp	alltn_p	-0.0	0.0	0.0	Inf	Inf
DMSOR1pp	dha_p	-0.0	-1000.0	0.0	-0.0	Inf
DMSOR1pp	glyald_p	-0.0	-1000.0	0.0	-0.0	Inf
DMSOR1pp	glyb_p	0.0	0.0	0.0	Inf	Inf
DMSOR1pp	dms_p	-0.0	-1000.0	0.0	-0.0	Inf
DMSOR1pp	glyc_p	-0.0	-71.33163901475382	0.0	-0.0	Inf
DMSOR1pp	dmso_p	-1.0	-0.2924666248798144	0.0	-1.0000000000003653	Inf
DMSOR1pp	arab__L_p	-0.0	0.0	0.0	Inf	Inf
DMSOR1pp	arbt_p	0.0	0.0	0.0	Inf	Inf
DMSOR1pp	ca2_p	-0.0	-0.004601909891334799	999.9953980901087	-0.0	0.0
DMSOR1pp	duri_p	-0.0	-1000.0	0.0	-0.0	Inf
DMSOR1pp	h2_p	-0.0	-1000.0	0.0	-0.0	Inf
DMSOR1pp	h2o2_p	-0.0	-1000.0	0.0	-0.0	Inf
DMSOR1pp	etoh_p	-0.0	-1000.0	0.0	-0.0	Inf
DMSOR1pp	fald_p	-0.0	0.0	0.0	Inf	Inf
DMSOR1pp	n2o_p	-0.0	-1000.0	0.0	-0.0	Inf
DMSOR1pp	na1_p	-0.0	0.0	0.0	Inf	Inf
DMSOR1pp	indole_p	-0.0	0.0	1.0610400000557547	Inf	0.0
DMSOR1pp	nac_p	-0.0	-1000.0	0.0	-0.0	Inf
DMSOR1pp	ni2_p	-0.0	-0.0002855748117553958	999.9997144251882	-0.0	0.0
DMSOR1pp	inost_p	-0.0	-1000.0	0.0	-0.0	Inf
DMSOR1pp	no_p	-0.0	-1000.0	0.0	-0.0	Inf
DMSOR1pp	no2_p	-0.0	-1000.0	0.0	-0.0	Inf
DMSOR1pp	for_p	-0.0	0.0	0.0021687771277607644	Inf	0.0
DMSOR1pp	fru_p	-0.0	-1000.0	0.0	-0.0	Inf
DMSOR1pp	no3_p	-0.0	0.0	0.0	Inf	Inf
DMSOR1pp	k_p	-0.0	-0.17257648365341538	999.8274235163466	-0.0	0.0
DMSOR1pp	novbcn_p	-0.0	0.0	0.0	Inf	Inf
DMSOR1pp	o2_p	-0.0	-36.410430320057685	963.5895696799423	-0.0	0.0
DMSOR1pp	lipa_cold_p	-0.0	-54.008188158185476	0.0	-0.0	Inf
DMSOR1pp	g3pe_p	-0.0	0.0	0.0	Inf	Inf
DMSOR1pp	g3pi_p	-0.0	0.0	0.0	Inf	Inf
DMSOR1pp	so3_p	-0.0	-1000.0	0.0	-0.0	Inf
DMSOR1pp	so4_p	-0.0	-0.22298706891185577	999.7770129310882	-0.0	0.0
DMSOR1pp	malt_p	0.0	0.0	0.0	Inf	Inf
DMSOR1pp	malthx_p	0.0	0.0	0.0	Inf	Inf
DMSOR1pp	maltpt_p	0.0	0.0	0.0	Inf	Inf
DMSOR1pp	sucr_p	-0.0	-1000.0	0.0	-0.0	Inf
DMSOR1pp	malttr_p	0.0	0.0	0.0	Inf	Inf
DMSOR1pp	maltttr_p	0.0	0.0	0.0	Inf	Inf
DMSOR1pp	pacald_p	-0.0	-1000.0	0.0	-0.0	Inf
DMSOR1pp	man_p	-0.0	-1000.0	0.0	-0.0	Inf
DMSOR1pp	tartr__L_p	-0.0	-1000.0	0.0	-0.0	Inf
DMSOR1pp	pe120_p	-0.0	0.0	0.0	Inf	Inf
DMSOR1pp	melib_p	-0.0	-1000.0	0.0	-0.0	Inf
DMSOR1pp	meoh_p	-0.0	-999.9999982317349	1.7682650650385767e-06	-0.0	0.0
DMSOR1pp	thym_p	-0.0	-1000.0	0.0	-0.0	Inf
DMSOR1pp	thymd_p	-0.0	-0.02313421214535083	0.0	-0.0	Inf
DMSOR1pp	pg120_p	-0.0	-0.06880673110125685	0.0	-0.0	Inf
DMSOR1pp	metsox_S__L_p	-0.0	-1000.0	0.0	-0.0	Inf
DMSOR1pp	tmao_p	-0.0	-1000.0	0.0	-0.0	Inf
DMSOR1pp	mg2_p	-0.0	-0.007669849818865688	999.9923301501811	-0.0	0.0
DMSOR1pp	tre_p	-0.0	0.0	0.0	Inf	Inf
DMSOR1pp	mnl_p	-0.0	0.0	0.0	Inf	Inf
DMSOR1pp	mobd_p	-0.0	-0.00011405309817291709	999.9998859469018	-0.0	0.0
DMSOR1pp	ura_p	-0.0	-1000.0	0.0	-0.0	Inf
DMSOR1pp	urea_p	-0.0	-1000.0	0.0	-0.0	Inf
DMSOR1pp	uri_p	-0.0	0.0	0.0	Inf	Inf
DMSOR1pp	xan_p	-0.0	0.0	0.0	Inf	Inf
DMSOR1pp	xtsn_p	-0.0	0.0	0.0	Inf	Inf
DMSOR1pp	xyl__D_p	-0.0	0.0	0.0	Inf	Inf
DMSOR1pp	xylu__L_p	-0.0	-1000.0	0.0	-0.0	Inf
DMSOR1pp	ppal_p	-0.0	-1000.0	0.0	-0.0	Inf
DMSOR1pp	psclys_p	-0.0	-1000.0	0.0	-0.0	Inf
DMSOR1pp	pydx_p	-0.0	0.0	0.0	Inf	Inf
DMSOR1pp	pydxn_p	-0.0	0.0	0.0	Inf	Inf
DMSOR1pp	rib__D_p	-0.0	-1000.0	0.0	-0.0	Inf
DMSOR1pp	rmn_p	-0.0	-1000.0	0.0	-0.0	Inf
DMSOR1pp	sbt__D_p	-0.0	-38.40934408486741	0.0	-0.0	Inf
DMSOR1pp	slnt_p	-0.0	0.0	0.0	Inf	Inf
DMSOR1pp	so2_p	-0.0	-1000.0	0.0	-0.0	Inf
