Reaction	Metabolite	ShadowPrice	G-	G+	DecrementalShadowPrice	IncrementalShadowPrice
GLCATr_f	12dgr120_c	-0.0	0.0	0.2130095727029467	Inf	0.0
GLCATr_f	12dgr140_c	-0.0	0.0	0.0	Inf	Inf
GLCATr_f	12dgr160_c	-0.0	-0.05642003416033958	0.0	-0.0	Inf
GLCATr_f	12dgr180_c	-0.0	0.0	0.0	Inf	Inf
GLCATr_f	12ppd__R_c	-0.0	-1000.0	0.0	-0.0	Inf
GLCATr_f	12ppd__S_c	-0.0	0.0	0.0	Inf	Inf
GLCATr_f	5drib_c	-0.0	-999.9998010701776	0.00019892982239132906	-0.0	0.0
GLCATr_f	5mta_c	-0.0	-0.0345436479127784	0.0	-0.0	Inf
GLCATr_f	23dhacoa_c	-0.0	-0.000509260345097573	0.0	-0.0	Inf
GLCATr_f	5mtr_c	-0.0	-765.5210620806726	0.0	-0.0	Inf
GLCATr_f	3amac_c	-0.0	-0.17271823956389198	0.0	-0.0	Inf
GLCATr_f	LalaDgluMdap_c	-0.0	-0.024568275131601123	0.0	-0.0	Inf
GLCATr_f	ac_c	-0.0	-0.17271823956389198	1.955542829280489	-0.0	0.0
GLCATr_f	acald_c	-0.0	-1.001719618146153	2.7691244451383072	-0.0	0.0
GLCATr_f	acetol_c	-0.0	0.0	0.0	Inf	Inf
GLCATr_f	acgam_c	-0.0	-0.08353991581388456	0.0	-0.0	Inf
GLCATr_f	acgam6p_c	-0.0	-0.08353991581388456	0.0	-0.0	Inf
GLCATr_f	acmalt_c	0.0	0.0	0.0	Inf	Inf
GLCATr_f	acmana_c	-0.0	-0.08353991581388456	0.0	-0.0	Inf
GLCATr_f	2dmmq8_c	-0.0	0.0	0.0	Inf	Inf
GLCATr_f	2dmmql8_c	0.0	0.0	0.0	Inf	Inf
GLCATr_f	ade_c	-0.0	-0.0345436479127784	0.0005950212020631799	-0.0	0.0
GLCATr_f	adn_c	-0.0	0.0	0.0005950212020631799	Inf	0.0
GLCATr_f	3sala_c	0.0	0.0	0.0	Inf	Inf
GLCATr_f	adphep_DD_c	-0.0	0.0	0.0	Inf	Inf
GLCATr_f	adphep_LD_c	-0.0	0.0	0.0	Inf	Inf
GLCATr_f	4ahmmp_c	0.0	0.0	0.0	Inf	Inf
GLCATr_f	4crsol_c	-0.0	-999.9998028384427	0.00019716155730340615	-0.0	0.0
GLCATr_f	2ohph_c	-0.0	-0.00019716155730340615	0.12521495226826912	-0.0	0.0
GLCATr_f	2ombzl_c	-0.0	0.0	0.0	Inf	Inf
GLCATr_f	2omhmbl_c	-0.0	0.0	0.0	Inf	Inf
GLCATr_f	2ommbl_c	0.0	0.0	0.0	Inf	Inf
GLCATr_f	2omph_c	-0.0	0.0	0.11130217979401699	Inf	0.0
GLCATr_f	4mhetz_c	0.0	0.0	0.0	Inf	Inf
GLCATr_f	2oph_c	-0.0	-0.00019716155730340615	0.12521495226826912	-0.0	0.0
GLCATr_f	2oxpaccoa_c	-0.0	-0.000509260345097573	0.0	-0.0	Inf
GLCATr_f	all__D_c	-0.0	-9.569013276008407	0.0	-0.0	Inf
GLCATr_f	alltn_c	-0.0	-0.043179559890972996	0.0	-0.0	Inf
GLCATr_f	4r5au_c	-0.0	-0.0003943231140510761	0.2652600000006635	-0.0	0.0
GLCATr_f	56dura_c	0.0	0.0	0.0	Inf	Inf
GLCATr_f	arab__L_c	-0.0	-11.598803970919281	0.0	-0.0	Inf
GLCATr_f	etoh_c	-0.0	-1000.0	0.0	-0.0	Inf
GLCATr_f	csn_c	-0.0	0.0	0.03613528296763113	Inf	0.0
GLCATr_f	fald_c	-0.0	0.0	0.0	Inf	Inf
GLCATr_f	fc1p_c	-0.0	-0.8528616600140132	0.0	-0.0	Inf
GLCATr_f	fcl__L_c	-0.0	0.0	0.0	Inf	Inf
GLCATr_f	aso4_c	0.0	0.0	0.0	Inf	Inf
GLCATr_f	cyan_c	0.0	0.0	0.0	Inf	Inf
GLCATr_f	athtp_c	0.0	0.0	0.0	Inf	Inf
GLCATr_f	cytd_c	-0.0	0.0	0.0	Inf	Inf
GLCATr_f	dad_2_c	-0.0	-0.0345436479127784	0.0	-0.0	Inf
GLCATr_f	dad_5_c	-0.0	-0.0345436479127784	0.00019892982239132906	-0.0	0.0
GLCATr_f	betald_c	0.0	0.0	0.0	Inf	Inf
GLCATr_f	btal_c	-0.0	-109.36015172581037	0.0	-0.0	Inf
GLCATr_f	for_c	-0.0	-0.09655523099418899	1.001719618146153	-0.0	0.0
GLCATr_f	dcyt_c	-0.0	0.0	0.0	Inf	Inf
GLCATr_f	fru_c	-0.0	-9.569013276008407	2.7691244451383072	-0.0	0.0
GLCATr_f	ca2_c	-0.0	-0.004601909891334799	765.5210620806726	-0.0	0.0
GLCATr_f	g3pe_c	-0.0	-0.12291917932187423	0.0	-0.0	Inf
GLCATr_f	g3pi_c	0.0	0.0	0.0	Inf	Inf
GLCATr_f	cbm_c	-0.0	-0.08635911978194599	0.0	-0.0	Inf
GLCATr_f	dha_c	-0.0	-18.226691954301728	0.0	-0.0	Inf
GLCATr_f	gal_c	-0.0	0.0	0.0	Inf	Inf
GLCATr_f	dhgly_c	-0.0	-0.00019716155730340615	0.6922811112845768	-0.0	0.0
GLCATr_f	dhmptp_c	0.0	0.0	0.0	Inf	Inf
GLCATr_f	gcald_c	-0.0	-6.2951618341867395	0.0005914846717587352	-0.0	0.0
GLCATr_f	dhptd_c	-0.0	-49.70666623760235	0.00039609137967185087	-0.0	0.0
GLCATr_f	cechddd_c	-0.0	0.0	0.0	Inf	Inf
GLCATr_f	dhptdn_c	0.0	0.0	0.0	Inf	Inf
GLCATr_f	chol_c	0.0	0.0	0.0	Inf	Inf
GLCATr_f	chtbs6p_c	-0.0	0.0	0.0	Inf	Inf
GLCATr_f	dmbzid_c	0.0	0.0	0.0	Inf	Inf
GLCATr_f	dms_c	0.0	0.0	0.0	Inf	Inf
GLCATr_f	dmso_c	0.0	0.0	0.0	Inf	Inf
GLCATr_f	cl_c	-0.0	-0.004601909891319413	999.9953980901087	-0.0	0.0
GLCATr_f	glc__D_c	-0.0	-9.569013276008407	2.7691244451383072	-0.0	0.0
GLCATr_f	co2_c	-0.0	-960.3766139396807	39.62338606031926	-0.0	0.0
GLCATr_f	dscl_c	-0.0	-0.00019716155730340615	0.004516910370953892	-0.0	0.0
GLCATr_f	dtdp4aaddg_c	-0.0	0.0	0.0	Inf	Inf
GLCATr_f	glyald_c	-0.0	-1000.0	0.0	-0.0	Inf
GLCATr_f	crn_c	-0.0	-765.5210620806726	0.0	-0.0	Inf
GLCATr_f	duri_c	-0.0	0.0	0.0	Inf	Inf
GLCATr_f	glyb_c	0.0	0.0	0.0	Inf	Inf
GLCATr_f	glyc_c	-0.0	-15.622878817972909	0.0	-0.0	Inf
GLCATr_f	dxyl_c	0.0	0.0	0.0	Inf	Inf
GLCATr_f	glycogen_c	-0.0	-9.113345977150864	0.0	-0.0	Inf
GLCATr_f	gmhep1p_c	-0.0	0.0	2.2764945429060917	Inf	0.0
GLCATr_f	lipa_cold_c	-0.0	0.0	0.0	Inf	Inf
GLCATr_f	lipidA_c	-0.0	-0.017201682775294103	0.09230414817127691	-0.0	0.0
GLCATr_f	malt_c	0.0	0.0	0.0	Inf	Inf
GLCATr_f	h2_c	-0.0	0.0	0.0	Inf	Inf
GLCATr_f	malthx_c	-0.0	0.0	0.0	Inf	Inf
GLCATr_f	maltpt_c	-0.0	0.0	0.0	Inf	Inf
GLCATr_f	malttr_c	-0.0	0.0	0.0	Inf	Inf
GLCATr_f	maltttr_c	-0.0	0.0	0.0	Inf	Inf
GLCATr_f	h2o2_c	-0.0	-72.8174089864799	0.0020140539354542852	-0.0	0.0
GLCATr_f	man_c	-0.0	-9.569013276008407	0.0	-0.0	Inf
GLCATr_f	mdhdhf_c	-0.0	-49.70666623760235	0.00039609137967185087	-0.0	0.0
GLCATr_f	melib_c	-0.0	0.0	0.0	Inf	Inf
GLCATr_f	meoh_c	-0.0	-999.9999982317349	1.7682650650385767e-06	-0.0	0.0
GLCATr_f	pacald_c	-0.0	-765.5210620806726	0.0	-0.0	Inf
GLCATr_f	metsox_S__L_c	-0.0	-0.09655523099418899	0.0	-0.0	Inf
GLCATr_f	mg2_c	-0.0	-0.007669849818865688	382.7605310403363	-0.0	0.0
GLCATr_f	hhlipa_c	-0.0	0.0	0.0	Inf	Inf
GLCATr_f	pe120_c	-0.0	0.0	0.0	Inf	Inf
GLCATr_f	mobd_c	-0.0	-0.00011405309817102867	58.61973447983186	-0.0	0.0
GLCATr_f	hlipa_c	-0.0	0.0	0.0	Inf	Inf
GLCATr_f	pg120_c	-0.0	0.0	0.0	Inf	Inf
GLCATr_f	mql8_c	0.0	0.0	0.0	Inf	Inf
GLCATr_f	mqn8_c	-0.0	0.0	0.0	Inf	Inf
GLCATr_f	mthgxl_c	-0.0	-3.7048381658132605	0.0	-0.0	Inf
GLCATr_f	hqn_c	0.0	0.0	0.0	Inf	Inf
GLCATr_f	mththf_c	-0.0	-999.9996039086203	0.00039609137967185087	-0.0	0.0
GLCATr_f	n2o_c	-0.0	-1000.0	0.0	-0.0	Inf
GLCATr_f	na1_c	-0.0	0.0	0.0	Inf	Inf
GLCATr_f	nac_c	-0.0	0.0	0.0	Inf	Inf
GLCATr_f	ncam_c	-0.0	0.0	0.0	Inf	Inf
GLCATr_f	ni2_c	-0.0	-0.0002855748116995524	999.9997144251882	-0.0	0.0
GLCATr_f	no_c	-0.0	-1000.0	0.0	-0.0	Inf
GLCATr_f	indole_c	-0.0	-0.050256746196401414	1.061040000002654	-0.0	0.0
GLCATr_f	no2_c	-0.0	-765.5210620806726	0.0	-0.0	Inf
GLCATr_f	no3_c	0.0	0.0	0.0	Inf	Inf
GLCATr_f	inost_c	0.0	0.0	0.0	Inf	Inf
GLCATr_f	o2_c	-0.0	-36.40870449323995	963.59129550676	-0.0	0.0
GLCATr_f	poaac_c	-0.0	-18.036841378409804	0.0	-0.0	Inf
GLCATr_f	ppal_c	-0.0	0.0	0.0	Inf	Inf
GLCATr_f	k_c	-0.0	-0.17257648365341538	234.47893791932745	-0.0	0.0
GLCATr_f	psclys_c	-0.0	0.0	0.0	Inf	Inf
GLCATr_f	lald__D_c	-0.0	0.0	0.0	Inf	Inf
GLCATr_f	lald__L_c	-0.0	-3.7048381658132605	0.0	-0.0	Inf
GLCATr_f	ura_c	-0.0	0.0	0.0	Inf	Inf
GLCATr_f	pydx_c	-0.0	0.0	0.9230414817127691	Inf	0.0
GLCATr_f	uracp_c	-0.0	-0.17271823956389198	0.0	-0.0	Inf
GLCATr_f	pydxn_c	-0.0	0.0	0.9230414817127691	Inf	0.0
GLCATr_f	urate_c	-0.0	-0.043179559890972996	0.0	-0.0	Inf
GLCATr_f	q8_c	-0.0	0.0	0.0	Inf	Inf
GLCATr_f	q8h2_c	0.0	0.0	0.0	Inf	Inf
GLCATr_f	urea_c	-0.0	-1000.0	0.0	-0.0	Inf
GLCATr_f	uri_c	-0.0	0.0	0.03613528296763113	Inf	0.0
GLCATr_f	rbflvrd_c	-0.0	0.0	0.04827761549709449	Inf	0.0
GLCATr_f	rbl__L_c	-0.0	-11.598803970919281	0.0	-0.0	Inf
GLCATr_f	rdmbzi_c	0.0	0.0	0.0	Inf	Inf
GLCATr_f	thptdn_c	0.0	0.0	0.0	Inf	Inf
GLCATr_f	xan_c	-0.0	0.0	0.0	Inf	Inf
GLCATr_f	rephaccoa_c	-0.0	-0.000509260345097573	0.0	-0.0	Inf
GLCATr_f	rib__D_c	-0.0	0.0	2.7691244451383072	Inf	0.0
GLCATr_f	xtsn_c	-0.0	0.0	0.2652600000006635	Inf	0.0
GLCATr_f	rml_c	-0.0	-3.7048381658132605	0.0	-0.0	Inf
GLCATr_f	thym_c	-0.0	-234.47893791932745	0.0	-0.0	Inf
GLCATr_f	thymd_c	-0.0	-0.02313421214535083	0.0	-0.0	Inf
GLCATr_f	xu5p__L_c	-0.0	-0.8528616600140132	0.0	-0.0	Inf
GLCATr_f	rmn_c	-0.0	-3.7048381658132605	0.0	-0.0	Inf
GLCATr_f	xyl__D_c	0.0	0.0	0.0	Inf	Inf
GLCATr_f	tmao_c	0.0	0.0	0.0	Inf	Inf
GLCATr_f	xylu__D_c	-0.0	0.0	0.0	Inf	Inf
GLCATr_f	xylu__L_c	-0.0	-11.598803970919281	0.0	-0.0	Inf
GLCATr_f	12ppd__R_e	-0.0	-1000.0	0.0	-0.0	Inf
GLCATr_f	12ppd__S_e	-0.0	-1000.0	0.0	-0.0	Inf
GLCATr_f	tre_c	-0.0	-4.784506638004204	0.0	-0.0	Inf
GLCATr_f	seln_c	0.0	0.0	0.0	Inf	Inf
GLCATr_f	34dhpac_e	-0.0	-1000.0	0.0	-0.0	Inf
GLCATr_f	slnt_c	0.0	0.0	0.0	Inf	Inf
GLCATr_f	so2_c	0.0	0.0	0.0	Inf	Inf
GLCATr_f	so3_c	-0.0	-0.21915170193645736	11.723946895966373	-0.0	0.0
GLCATr_f	so4_c	-0.0	-0.2229870689121622	234.47893791932745	-0.0	0.0
GLCATr_f	4hoxpacd_e	-0.0	-1000.0	0.0	-0.0	Inf
GLCATr_f	5mtr_e	-0.0	-1000.0	0.0	-0.0	Inf
GLCATr_f	LalaDgluMdap_e	-0.0	-1000.0	0.0	-0.0	Inf
GLCATr_f	ac_e	-0.0	0.0	0.0	Inf	Inf
GLCATr_f	acald_e	-0.0	-1000.0	0.0	-0.0	Inf
GLCATr_f	acgal_e	-0.0	-1000.0	0.0	-0.0	Inf
GLCATr_f	acgam_e	-0.0	-1000.0	0.0	-0.0	Inf
GLCATr_f	acmana_e	-0.0	-1000.0	0.0	-0.0	Inf
GLCATr_f	tagur_c	-0.0	0.0	0.0	Inf	Inf
GLCATr_f	tartr__L_c	-0.0	-0.08635911978194599	0.0	-0.0	Inf
GLCATr_f	ade_e	-0.0	-1000.0	0.0	-0.0	Inf
GLCATr_f	adn_e	-0.0	-1000.0	0.0	-0.0	Inf
GLCATr_f	all__D_e	-0.0	-1000.0	0.0	-0.0	Inf
GLCATr_f	cl_e	-0.0	-0.004601909891334799	999.9953980901087	-0.0	0.0
GLCATr_f	alltn_e	-0.0	0.0	0.0	Inf	Inf
GLCATr_f	cm_e	-0.0	-1000.0	0.0	-0.0	Inf
GLCATr_f	co2_e	-0.0	-960.3766139396807	39.62338606031926	-0.0	0.0
GLCATr_f	arab__L_e	-0.0	-1000.0	0.0	-0.0	Inf
GLCATr_f	arbt_e	-0.0	-1000.0	0.0	-0.0	Inf
GLCATr_f	unagamu_c	-0.0	0.0	0.10650478635147335	Inf	0.0
GLCATr_f	crn_e	-0.0	-1000.0	0.0	-0.0	Inf
GLCATr_f	csn_e	-0.0	-1000.0	0.0	-0.0	Inf
GLCATr_f	cyan_e	-0.0	-1000.0	0.0	-0.0	Inf
GLCATr_f	glyb_e	-0.0	-1000.0	0.0	-0.0	Inf
GLCATr_f	glyc_e	-0.0	-1000.0	0.0	-0.0	Inf
GLCATr_f	cytd_e	-0.0	-1000.0	0.0	-0.0	Inf
GLCATr_f	ca2_e	-0.0	-0.004601909891334799	999.9953980901087	-0.0	0.0
GLCATr_f	dad_2_e	-0.0	-1000.0	0.0	-0.0	Inf
GLCATr_f	dcyt_e	-0.0	-1000.0	0.0	-0.0	Inf
GLCATr_f	chol_e	-0.0	-1000.0	0.0	-0.0	Inf
GLCATr_f	dha_e	-0.0	-1000.0	0.0	-0.0	Inf
GLCATr_f	ppal_e	-0.0	-1000.0	0.0	-0.0	Inf
GLCATr_f	h2_e	-0.0	-1000.0	0.0	-0.0	Inf
GLCATr_f	dms_e	-0.0	-1000.0	0.0	-0.0	Inf
GLCATr_f	dmso_e	-0.0	-1000.0	0.0	-0.0	Inf
GLCATr_f	h2o2_e	-0.0	-1000.0	0.0	-0.0	Inf
GLCATr_f	psclys_e	-0.0	-1000.0	0.0	-0.0	Inf
GLCATr_f	duri_e	-0.0	-1000.0	0.0	-0.0	Inf
GLCATr_f	pydx_e	-0.0	-1000.0	0.0	-0.0	Inf
GLCATr_f	pydxn_e	-0.0	-1000.0	0.0	-0.0	Inf
GLCATr_f	etoh_e	-0.0	-1000.0	0.0	-0.0	Inf
GLCATr_f	fald_e	-0.0	0.0	0.0	Inf	Inf
GLCATr_f	rib__D_e	-0.0	-1000.0	0.0	-0.0	Inf
GLCATr_f	rmn_e	-0.0	-1000.0	0.0	-0.0	Inf
GLCATr_f	indole_e	-0.0	-1000.0	0.0	-0.0	Inf
GLCATr_f	inost_e	-0.0	-1000.0	0.0	-0.0	Inf
GLCATr_f	sbt__D_e	-0.0	-3.7048381658132605	0.0	-0.0	Inf
GLCATr_f	k_e	-0.0	-0.17257648365341538	999.8274235163466	-0.0	0.0
GLCATr_f	for_e	-0.0	0.0	1.001719618146153	Inf	0.0
GLCATr_f	slnt_e	-0.0	0.0	1000.0	Inf	0.0
GLCATr_f	fru_e	-0.0	-1000.0	0.0	-0.0	Inf
GLCATr_f	so2_e	-0.0	-1000.0	0.0	-0.0	Inf
GLCATr_f	so3_e	-0.0	-1000.0	0.0	-0.0	Inf
GLCATr_f	so4_e	-0.0	-0.2229870689121622	999.7770129310878	-0.0	0.0
GLCATr_f	lipa_cold_e	-0.0	-1000.0	0.0	-0.0	Inf
GLCATr_f	sucr_e	-0.0	-1000.0	0.0	-0.0	Inf
GLCATr_f	g3pe_e	-0.0	-1000.0	0.0	-0.0	Inf
GLCATr_f	malt_e	-0.0	-1000.0	0.0	-0.0	Inf
GLCATr_f	tartr__L_e	-0.0	-1000.0	0.0	-0.0	Inf
GLCATr_f	g3pi_e	-0.0	-1000.0	0.0	-0.0	Inf
GLCATr_f	malthx_e	-0.0	-1000.0	0.0	-0.0	Inf
GLCATr_f	maltpt_e	-0.0	-1000.0	0.0	-0.0	Inf
GLCATr_f	gal_e	-0.0	-1000.0	0.0	-0.0	Inf
GLCATr_f	gal_bD_e	-0.0	-1000.0	0.0	-0.0	Inf
GLCATr_f	malttr_e	-0.0	-1000.0	0.0	-0.0	Inf
GLCATr_f	maltttr_e	-0.0	-1000.0	0.0	-0.0	Inf
GLCATr_f	man_e	-0.0	-1000.0	0.0	-0.0	Inf
GLCATr_f	thym_e	-0.0	-1000.0	0.0	-0.0	Inf
GLCATr_f	thymd_e	-0.0	-1000.0	0.0	-0.0	Inf
GLCATr_f	galt_e	-0.0	-3.7048381658132605	0.0	-0.0	Inf
GLCATr_f	melib_e	-0.0	-1000.0	0.0	-0.0	Inf
GLCATr_f	meoh_e	-0.0	-999.9999982317349	1.7682650650385767e-06	-0.0	0.0
GLCATr_f	tmao_e	-0.0	-1000.0	0.0	-0.0	Inf
GLCATr_f	tre_e	-0.0	-1000.0	0.0	-0.0	Inf
GLCATr_f	metsox_S__L_e	-0.0	-1000.0	0.0	-0.0	Inf
GLCATr_f	glc__D_e	-0.0	-9.690140026337627	2.7691244451383072	-0.0	0.0
GLCATr_f	mg2_e	-0.0	-0.007669849818865688	999.9923301501811	-0.0	0.0
GLCATr_f	mnl_e	-0.0	-1000.0	0.0	-0.0	Inf
GLCATr_f	mobd_e	-0.0	-0.00011405309817291709	999.9998859469018	-0.0	0.0
GLCATr_f	glyald_e	-0.0	-1000.0	0.0	-0.0	Inf
GLCATr_f	n2o_e	-0.0	-1000.0	0.0	-0.0	Inf
GLCATr_f	na1_e	-0.0	0.0	1000.0	Inf	0.0
GLCATr_f	nac_e	-0.0	-1000.0	0.0	-0.0	Inf
GLCATr_f	ni2_e	-0.0	-0.0002855748117553958	999.9997144251882	-0.0	0.0
GLCATr_f	no_e	-0.0	-1000.0	0.0	-0.0	Inf
GLCATr_f	no2_e	-0.0	-1000.0	0.0	-0.0	Inf
GLCATr_f	ura_e	-0.0	-1000.0	0.0	-0.0	Inf
GLCATr_f	no3_e	-0.0	-1000.0	0.0	-0.0	Inf
GLCATr_f	urea_e	-0.0	-1000.0	0.0	-0.0	Inf
GLCATr_f	novbcn_e	-0.0	-1000.0	0.0	-0.0	Inf
GLCATr_f	uri_e	-0.0	-1000.0	0.0	-0.0	Inf
GLCATr_f	o2_e	-0.0	-36.40870449323995	963.59129550676	-0.0	0.0
GLCATr_f	xan_e	-0.0	0.0	0.0	Inf	Inf
GLCATr_f	xtsn_e	-0.0	-1000.0	0.0	-0.0	Inf
GLCATr_f	xyl__D_e	-0.0	-1000.0	0.0	-0.0	Inf
GLCATr_f	xylu__L_e	-0.0	-1000.0	0.0	-0.0	Inf
GLCATr_f	pacald_e	-0.0	-1000.0	0.0	-0.0	Inf
GLCATr_f	12dgr120_p	-0.0	0.0	0.0	Inf	Inf
GLCATr_f	12dgr140_p	-0.0	0.0	0.0	Inf	Inf
GLCATr_f	12dgr160_p	-0.0	-0.05642003416033958	0.0	-0.0	Inf
GLCATr_f	12dgr180_p	-0.0	0.0	0.0	Inf	Inf
GLCATr_f	12ppd__R_p	-0.0	-1000.0	0.0	-0.0	Inf
GLCATr_f	12ppd__S_p	-0.0	0.0	0.0	Inf	Inf
GLCATr_f	chol_p	-0.0	-1000.0	0.0	-0.0	Inf
GLCATr_f	cl_p	-0.0	-0.004601909891334799	999.9953980901087	-0.0	0.0
GLCATr_f	34dhpac_p	-0.0	-1000.0	0.0	-0.0	Inf
GLCATr_f	cm_p	-0.0	0.0	0.0	Inf	Inf
GLCATr_f	4hoxpacd_p	-0.0	-1000.0	0.0	-0.0	Inf
GLCATr_f	co2_p	-0.0	-960.3766139396807	39.62338606031926	-0.0	0.0
GLCATr_f	5mtr_p	-0.0	-1000.0	0.0	-0.0	Inf
GLCATr_f	LalaDgluMdap_p	-0.0	-0.024568275131601123	0.0	-0.0	Inf
GLCATr_f	gal_p	-0.0	-1000.0	0.0	-0.0	Inf
GLCATr_f	ac_p	-0.0	-0.17271823956389198	0.0	-0.0	Inf
GLCATr_f	crn_p	-0.0	-1000.0	0.0	-0.0	Inf
GLCATr_f	gal_bD_p	-0.0	-1000.0	0.0	-0.0	Inf
GLCATr_f	acald_p	-0.0	-1000.0	0.0	-0.0	Inf
GLCATr_f	acgal_p	-0.0	-1000.0	0.0	-0.0	Inf
GLCATr_f	csn_p	-0.0	0.0	0.0	Inf	Inf
GLCATr_f	acgam_p	-0.0	-1000.0	0.0	-0.0	Inf
GLCATr_f	galt_p	-0.0	-3.7048381658132605	0.0	-0.0	Inf
GLCATr_f	acmana_p	-0.0	-1000.0	0.0	-0.0	Inf
GLCATr_f	cyan_p	-0.0	0.0	0.0	Inf	Inf
GLCATr_f	ade_p	-0.0	-1000.0	0.0	-0.0	Inf
GLCATr_f	adn_p	-0.0	0.0	0.0005950212020631799	Inf	0.0
GLCATr_f	cytd_p	-0.0	0.0	0.0	Inf	Inf
GLCATr_f	glc__D_p	-0.0	-9.690140026337627	2.7691244451383072	-0.0	0.0
GLCATr_f	dad_2_p	-0.0	-1000.0	0.0	-0.0	Inf
GLCATr_f	dcyt_p	-0.0	-1000.0	0.0	-0.0	Inf
GLCATr_f	all__D_p	-0.0	0.0	0.0	Inf	Inf
GLCATr_f	alltn_p	-0.0	0.0	0.0	Inf	Inf
GLCATr_f	dha_p	-0.0	-1000.0	0.0	-0.0	Inf
GLCATr_f	glyald_p	-0.0	-1000.0	0.0	-0.0	Inf
GLCATr_f	glyb_p	0.0	0.0	0.0	Inf	Inf
GLCATr_f	dms_p	-0.0	-1000.0	0.0	-0.0	Inf
GLCATr_f	glyc_p	-0.0	-15.622878817972909	0.0	-0.0	Inf
GLCATr_f	dmso_p	-0.0	-1000.0	0.0	-0.0	Inf
GLCATr_f	arab__L_p	-0.0	0.0	0.0	Inf	Inf
GLCATr_f	arbt_p	0.0	0.0	0.0	Inf	Inf
GLCATr_f	ca2_p	-0.0	-0.004601909891334799	999.9953980901087	-0.0	0.0
GLCATr_f	duri_p	-0.0	-1000.0	0.0	-0.0	Inf
GLCATr_f	h2_p	-0.0	-1000.0	0.0	-0.0	Inf
GLCATr_f	h2o2_p	-0.0	-1000.0	0.0	-0.0	Inf
GLCATr_f	etoh_p	-0.0	-1000.0	0.0	-0.0	Inf
GLCATr_f	fald_p	-0.0	0.0	0.0	Inf	Inf
GLCATr_f	n2o_p	-0.0	-1000.0	0.0	-0.0	Inf
GLCATr_f	na1_p	-0.0	0.0	0.0	Inf	Inf
GLCATr_f	indole_p	-0.0	0.0	1.061040000002654	Inf	0.0
GLCATr_f	nac_p	-0.0	-1000.0	0.0	-0.0	Inf
GLCATr_f	ni2_p	-0.0	-0.0002855748117553958	999.9997144251882	-0.0	0.0
GLCATr_f	inost_p	-0.0	-1000.0	0.0	-0.0	Inf
GLCATr_f	no_p	-0.0	-1000.0	0.0	-0.0	Inf
GLCATr_f	no2_p	-0.0	-1000.0	0.0	-0.0	Inf
GLCATr_f	for_p	-0.0	0.0	1.001719618146153	Inf	0.0
GLCATr_f	fru_p	-0.0	-1000.0	0.0	-0.0	Inf
GLCATr_f	no3_p	-0.0	0.0	0.0	Inf	Inf
GLCATr_f	k_p	-0.0	-0.17257648365341538	999.8274235163466	-0.0	0.0
GLCATr_f	novbcn_p	-0.0	0.0	0.0	Inf	Inf
GLCATr_f	o2_p	-0.0	-36.40870449323995	963.59129550676	-0.0	0.0
GLCATr_f	lipa_cold_p	-0.0	-58.61973447983186	0.0	-0.0	Inf
GLCATr_f	g3pe_p	-0.0	-0.12291917932187423	0.0	-0.0	Inf
GLCATr_f	g3pi_p	-0.0	0.0	0.0	Inf	Inf
GLCATr_f	so3_p	-0.0	-1000.0	0.0	-0.0	Inf
GLCATr_f	so4_p	-0.0	-0.2229870689121622	999.7770129310878	-0.0	0.0
GLCATr_f	malt_p	0.0	0.0	0.0	Inf	Inf
GLCATr_f	malthx_p	0.0	0.0	0.0	Inf	Inf
GLCATr_f	maltpt_p	0.0	0.0	0.0	Inf	Inf
GLCATr_f	sucr_p	-0.0	-1000.0	0.0	-0.0	Inf
GLCATr_f	malttr_p	0.0	0.0	0.0	Inf	Inf
GLCATr_f	maltttr_p	0.0	0.0	0.0	Inf	Inf
GLCATr_f	pacald_p	-0.0	-1000.0	0.0	-0.0	Inf
GLCATr_f	man_p	-0.0	-1000.0	0.0	-0.0	Inf
GLCATr_f	tartr__L_p	-0.0	-1000.0	0.0	-0.0	Inf
GLCATr_f	pe120_p	-0.0	0.0	0.0	Inf	Inf
GLCATr_f	melib_p	-0.0	-1000.0	0.0	-0.0	Inf
GLCATr_f	meoh_p	-0.0	-999.9999982317349	1.7682650650385767e-06	-0.0	0.0
GLCATr_f	thym_p	-0.0	-1000.0	0.0	-0.0	Inf
GLCATr_f	thymd_p	-0.0	-0.02313421214535083	0.0	-0.0	Inf
GLCATr_f	pg120_p	-0.0	0.0	0.0	Inf	Inf
GLCATr_f	metsox_S__L_p	-0.0	-1000.0	0.0	-0.0	Inf
GLCATr_f	tmao_p	-0.0	-1000.0	0.0	-0.0	Inf
GLCATr_f	mg2_p	-0.0	-0.007669849818865688	999.9923301501811	-0.0	0.0
GLCATr_f	tre_p	-0.0	0.0	0.0	Inf	Inf
GLCATr_f	mnl_p	-0.0	0.0	0.0	Inf	Inf
GLCATr_f	mobd_p	-0.0	-0.00011405309817291709	999.9998859469018	-0.0	0.0
GLCATr_f	ura_p	-0.0	-1000.0	0.0	-0.0	Inf
GLCATr_f	urea_p	-0.0	-1000.0	0.0	-0.0	Inf
GLCATr_f	uri_p	-0.0	0.0	0.0	Inf	Inf
GLCATr_f	xan_p	-0.0	0.0	0.0	Inf	Inf
GLCATr_f	xtsn_p	-0.0	0.0	0.0	Inf	Inf
GLCATr_f	xyl__D_p	-0.0	0.0	0.0	Inf	Inf
GLCATr_f	xylu__L_p	-0.0	-1000.0	0.0	-0.0	Inf
GLCATr_f	ppal_p	-0.0	-1000.0	0.0	-0.0	Inf
GLCATr_f	psclys_p	-0.0	-1000.0	0.0	-0.0	Inf
GLCATr_f	pydx_p	-0.0	0.0	0.0	Inf	Inf
GLCATr_f	pydxn_p	-0.0	0.0	0.0	Inf	Inf
GLCATr_f	rib__D_p	-0.0	-1000.0	0.0	-0.0	Inf
GLCATr_f	rmn_p	-0.0	-1000.0	0.0	-0.0	Inf
GLCATr_f	sbt__D_p	-0.0	-3.7048381658132605	0.0	-0.0	Inf
GLCATr_f	slnt_p	-0.0	0.0	0.0	Inf	Inf
GLCATr_f	so2_p	-0.0	-1000.0	0.0	-0.0	Inf
