Reaction	Metabolite	ShadowPrice	G-	G+	DecrementalShadowPrice	IncrementalShadowPrice
HCINNMtex_f	12dgr120_c	-0.0	0.0	0.0	Inf	Inf
HCINNMtex_f	12dgr140_c	-0.0	0.0	0.0	Inf	Inf
HCINNMtex_f	12dgr160_c	-0.0	-0.05642003416033958	0.0	-0.0	Inf
HCINNMtex_f	12dgr180_c	-0.0	0.0	0.0	Inf	Inf
HCINNMtex_f	12ppd__R_c	-0.0	-1000.0	0.0	-0.0	Inf
HCINNMtex_f	12ppd__S_c	-0.0	0.0	0.0	Inf	Inf
HCINNMtex_f	5drib_c	-0.0	-999.9998010701776	0.00019892982239132906	-0.0	0.0
HCINNMtex_f	5mta_c	-0.0	0.0	0.0	Inf	Inf
HCINNMtex_f	23dhacoa_c	-0.0	-0.0005092603447911515	0.0	-0.0	Inf
HCINNMtex_f	5mtr_c	-0.0	0.0	0.0	Inf	Inf
HCINNMtex_f	3amac_c	-0.0	-0.1658149326004832	0.0	-0.0	Inf
HCINNMtex_f	LalaDgluMdap_c	-0.0	-0.024568275131601123	0.0	-0.0	Inf
HCINNMtex_f	ac_c	-0.0	-0.1658149326004832	1.9555428292799206	-0.0	0.0
HCINNMtex_f	acald_c	-0.0	-1.0982748491410792	2.7208468296705846	-0.0	0.0
HCINNMtex_f	acetol_c	-0.0	0.0	0.0034516534516255497	Inf	0.0
HCINNMtex_f	acgam_c	-0.0	-0.08353991581388456	0.0	-0.0	Inf
HCINNMtex_f	acgam6p_c	-0.0	-0.08353991581388456	0.0	-0.0	Inf
HCINNMtex_f	acmalt_c	0.0	0.0	0.0	Inf	Inf
HCINNMtex_f	acmana_c	-0.0	-0.08353991581388456	0.0	-0.0	Inf
HCINNMtex_f	2dmmq8_c	-0.0	0.0	0.0	Inf	Inf
HCINNMtex_f	2dmmql8_c	0.0	0.0	0.0	Inf	Inf
HCINNMtex_f	ade_c	-0.0	-0.03316298652009654	0.0005950212020631799	-0.0	0.0
HCINNMtex_f	adn_c	-0.0	0.0	0.0005950212020631799	Inf	0.0
HCINNMtex_f	3sala_c	0.0	0.0	0.0	Inf	Inf
HCINNMtex_f	adphep_DD_c	-0.0	0.0	0.0	Inf	Inf
HCINNMtex_f	adphep_LD_c	-0.0	0.0	0.0	Inf	Inf
HCINNMtex_f	4ahmmp_c	0.0	0.0	0.0	Inf	Inf
HCINNMtex_f	4crsol_c	-0.0	-999.9998028384427	0.00019716155730340615	-0.0	0.0
HCINNMtex_f	2ohph_c	-0.0	-0.00019716155730340615	0.1372843561426349	-0.0	0.0
HCINNMtex_f	2ombzl_c	-0.0	0.0	0.0	Inf	Inf
HCINNMtex_f	2omhmbl_c	-0.0	0.0	0.0	Inf	Inf
HCINNMtex_f	2ommbl_c	0.0	0.0	0.0	Inf	Inf
HCINNMtex_f	2omph_c	-0.0	0.0	0.1372843561426349	Inf	0.0
HCINNMtex_f	4mhetz_c	0.0	0.0	0.0	Inf	Inf
HCINNMtex_f	2oph_c	-0.0	-0.00019716155730340615	0.1372843561426349	-0.0	0.0
HCINNMtex_f	2oxpaccoa_c	-0.0	-0.0005092603447911515	0.0	-0.0	Inf
HCINNMtex_f	all__D_c	-0.0	-41.61012275860636	0.0	-0.0	Inf
HCINNMtex_f	alltn_c	-0.0	-0.0414537331501208	0.0	-0.0	Inf
HCINNMtex_f	4r5au_c	-0.0	-0.0003943231138741969	0.26526000001393896	-0.0	0.0
HCINNMtex_f	56dura_c	0.0	0.0	0.0	Inf	Inf
HCINNMtex_f	arab__L_c	-0.0	-49.93214731032763	0.0	-0.0	Inf
HCINNMtex_f	etoh_c	-0.0	-1000.0	0.0	-0.0	Inf
HCINNMtex_f	csn_c	-0.0	0.0	0.03613528296830282	Inf	0.0
HCINNMtex_f	fald_c	-0.0	0.0	0.0	Inf	Inf
HCINNMtex_f	fc1p_c	-0.0	-0.8528616599864862	0.0	-0.0	Inf
HCINNMtex_f	fcl__L_c	-0.0	0.0	0.0	Inf	Inf
HCINNMtex_f	aso4_c	0.0	0.0	0.0	Inf	Inf
HCINNMtex_f	cyan_c	0.0	0.0	0.0	Inf	Inf
HCINNMtex_f	athtp_c	0.0	0.0	0.0	Inf	Inf
HCINNMtex_f	cytd_c	-0.0	0.0	0.0	Inf	Inf
HCINNMtex_f	dad_2_c	-0.0	0.0	0.0	Inf	Inf
HCINNMtex_f	dad_5_c	-0.0	-0.03316298652009654	0.00019892982239132906	-0.0	0.0
HCINNMtex_f	betald_c	0.0	0.0	0.0	Inf	Inf
HCINNMtex_f	btal_c	-0.0	-499.32147310327645	0.0	-0.0	Inf
HCINNMtex_f	for_c	-0.0	-0.09655523098413354	0.0021687771277607644	-0.0	0.0
HCINNMtex_f	dcyt_c	-0.0	-0.02313421214535083	0.0	-0.0	Inf
HCINNMtex_f	fru_c	-0.0	0.0	0.0	Inf	Inf
HCINNMtex_f	ca2_c	-0.0	-0.004601909891334799	999.9953980901087	-0.0	0.0
HCINNMtex_f	g3pe_c	-0.0	-0.12291917932187423	0.0	-0.0	Inf
HCINNMtex_f	g3pi_c	0.0	0.0	0.0	Inf	Inf
HCINNMtex_f	cbm_c	-0.0	-0.0829074663002416	0.0	-0.0	Inf
HCINNMtex_f	dha_c	-0.0	-83.22024551721279	0.0	-0.0	Inf
HCINNMtex_f	gal_c	-0.0	0.0	0.0	Inf	Inf
HCINNMtex_f	dhgly_c	-0.0	-0.00019716155730340615	0.6802117074176464	-0.0	0.0
HCINNMtex_f	dhmptp_c	0.0	0.0	0.0	Inf	Inf
HCINNMtex_f	gcald_c	-0.0	-139.81001246891742	0.0005914846715313615	-0.0	0.0
HCINNMtex_f	dhptd_c	-0.0	-49.710117891016125	0.00039609137967185087	-0.0	0.0
HCINNMtex_f	cechddd_c	-0.0	0.0	0.0	Inf	Inf
HCINNMtex_f	dhptdn_c	0.0	0.0	0.0	Inf	Inf
HCINNMtex_f	chol_c	0.0	0.0	0.0	Inf	Inf
HCINNMtex_f	chtbs6p_c	-0.0	0.0	0.0	Inf	Inf
HCINNMtex_f	dmbzid_c	0.0	0.0	0.0	Inf	Inf
HCINNMtex_f	dms_c	0.0	0.0	0.0	Inf	Inf
HCINNMtex_f	dmso_c	0.0	0.0	0.0	Inf	Inf
HCINNMtex_f	cl_c	-0.0	-0.004601909891319413	999.9953980901087	-0.0	0.0
HCINNMtex_f	glc__D_c	-0.0	-41.61012275860636	0.0	-0.0	Inf
HCINNMtex_f	co2_c	-0.0	-960.3766139395644	39.623386060435564	-0.0	0.0
HCINNMtex_f	dscl_c	-0.0	-0.00019716155730340615	0.004516910371037852	-0.0	0.0
HCINNMtex_f	dtdp4aaddg_c	-0.0	0.0	0.0	Inf	Inf
HCINNMtex_f	glyald_c	-0.0	-1000.0	0.0	-0.0	Inf
HCINNMtex_f	crn_c	-0.0	-1000.0	0.0	-0.0	Inf
HCINNMtex_f	duri_c	-0.0	-0.02313421214535083	0.0	-0.0	Inf
HCINNMtex_f	glyb_c	0.0	0.0	0.0	Inf	Inf
HCINNMtex_f	glyc_c	-0.0	-71.33163901475382	0.0	-0.0	Inf
HCINNMtex_f	dxyl_c	0.0	0.0	0.0	Inf	Inf
HCINNMtex_f	glycogen_c	-0.0	-41.610122758606366	0.0	-0.0	Inf
HCINNMtex_f	gmhep1p_c	-0.0	0.0	2.0974053653664275	Inf	0.0
HCINNMtex_f	lipa_cold_c	-0.0	0.0	0.0	Inf	Inf
HCINNMtex_f	lipidA_c	-0.0	-0.017201682775294103	0.09069489432235284	-0.0	0.0
HCINNMtex_f	malt_c	0.0	0.0	0.0	Inf	Inf
HCINNMtex_f	h2_c	-0.0	0.0	0.0	Inf	Inf
HCINNMtex_f	malthx_c	-0.0	0.0	0.0	Inf	Inf
HCINNMtex_f	maltpt_c	-0.0	0.0	0.0	Inf	Inf
HCINNMtex_f	malttr_c	-0.0	0.0	0.0	Inf	Inf
HCINNMtex_f	maltttr_c	-0.0	0.0	0.0	Inf	Inf
HCINNMtex_f	h2o2_c	-0.0	-0.0034516534516255497	0.6214975334627297	-0.0	0.0
HCINNMtex_f	man_c	-0.0	-41.61012275860636	0.0	-0.0	Inf
HCINNMtex_f	mdhdhf_c	-0.0	-49.710117891016125	0.00039609137967185087	-0.0	0.0
HCINNMtex_f	melib_c	-0.0	0.0	0.0	Inf	Inf
HCINNMtex_f	meoh_c	-0.0	-999.9999982317349	1.7682650650385767e-06	-0.0	0.0
HCINNMtex_f	pacald_c	-0.0	-1000.0	0.0	-0.0	Inf
HCINNMtex_f	metsox_S__L_c	-0.0	-0.09655523098413354	0.0	-0.0	Inf
HCINNMtex_f	mg2_c	-0.0	-0.007669849818865688	999.9923301501811	-0.0	0.0
HCINNMtex_f	hhlipa_c	-0.0	0.0	0.0	Inf	Inf
HCINNMtex_f	pe120_c	-0.0	0.0	0.0	Inf	Inf
HCINNMtex_f	mobd_c	-0.0	-0.00011405309817102867	54.008188158185476	-0.0	0.0
HCINNMtex_f	hlipa_c	-0.0	0.0	0.0	Inf	Inf
HCINNMtex_f	pg120_c	-0.0	-0.06880673110125685	0.0	-0.0	Inf
HCINNMtex_f	mql8_c	0.0	0.0	0.0	Inf	Inf
HCINNMtex_f	mqn8_c	-0.0	0.0	0.0	Inf	Inf
HCINNMtex_f	mthgxl_c	-0.0	0.0	0.0034516534516255497	Inf	0.0
HCINNMtex_f	hqn_c	0.0	0.0	0.0	Inf	Inf
HCINNMtex_f	mththf_c	-0.0	-999.9996039086203	0.00039609137967185087	-0.0	0.0
HCINNMtex_f	n2o_c	-0.0	-1000.0	0.0	-0.0	Inf
HCINNMtex_f	na1_c	-0.0	0.0	0.0	Inf	Inf
HCINNMtex_f	nac_c	-0.0	0.0	0.0	Inf	Inf
HCINNMtex_f	ncam_c	-0.0	0.0	0.0	Inf	Inf
HCINNMtex_f	ni2_c	-0.0	-0.0002855748116995524	999.9997144251882	-0.0	0.0
HCINNMtex_f	no_c	-0.0	-1000.0	0.0	-0.0	Inf
HCINNMtex_f	indole_c	-0.0	-0.050256746196401414	1.0610400000557547	-0.0	0.0
HCINNMtex_f	no2_c	-0.0	-1000.0	0.0	-0.0	Inf
HCINNMtex_f	no3_c	0.0	0.0	0.0	Inf	Inf
HCINNMtex_f	inost_c	0.0	0.0	0.0	Inf	Inf
HCINNMtex_f	o2_c	-0.0	-36.410430320057685	963.5895696799423	-0.0	0.0
HCINNMtex_f	poaac_c	-0.0	-16.617904048672486	0.0	-0.0	Inf
HCINNMtex_f	ppal_c	-0.0	0.0	0.0	Inf	Inf
HCINNMtex_f	k_c	-0.0	-0.17257648365341538	216.0327526327419	-0.0	0.0
HCINNMtex_f	psclys_c	-0.0	0.0	0.0	Inf	Inf
HCINNMtex_f	lald__D_c	-0.0	0.0	0.0034516534516255497	Inf	0.0
HCINNMtex_f	lald__L_c	-0.0	-4.401593945570312	0.0	-0.0	Inf
HCINNMtex_f	ura_c	-0.0	0.0	0.0	Inf	Inf
HCINNMtex_f	pydx_c	-0.0	0.0	0.9069489432235284	Inf	0.0
HCINNMtex_f	uracp_c	-0.0	-0.1658149326004832	0.0	-0.0	Inf
HCINNMtex_f	pydxn_c	-0.0	0.0	0.9069489432235284	Inf	0.0
HCINNMtex_f	urate_c	-0.0	-0.0034516534516255497	0.0	-0.0	Inf
HCINNMtex_f	q8_c	-0.0	0.0	0.0	Inf	Inf
HCINNMtex_f	q8h2_c	0.0	0.0	0.0	Inf	Inf
HCINNMtex_f	urea_c	-0.0	-1000.0	0.0	-0.0	Inf
HCINNMtex_f	uri_c	-0.0	0.0	0.03613528296830282	Inf	0.0
HCINNMtex_f	rbflvrd_c	-0.0	0.0	0.048277615492066814	Inf	0.0
HCINNMtex_f	rbl__L_c	-0.0	-49.93214731032763	0.0	-0.0	Inf
HCINNMtex_f	rdmbzi_c	0.0	0.0	0.0	Inf	Inf
HCINNMtex_f	thptdn_c	0.0	0.0	0.0	Inf	Inf
HCINNMtex_f	xan_c	-0.0	0.0	0.0	Inf	Inf
HCINNMtex_f	rephaccoa_c	-0.0	-0.0005092603447911515	0.0	-0.0	Inf
HCINNMtex_f	rib__D_c	-0.0	0.0	2.7208468296705854	Inf	0.0
HCINNMtex_f	xtsn_c	-0.0	0.0	0.0	Inf	Inf
HCINNMtex_f	rml_c	-0.0	-4.401593945570312	0.0	-0.0	Inf
HCINNMtex_f	thym_c	-0.0	-216.0327526327419	0.0	-0.0	Inf
HCINNMtex_f	thymd_c	-0.0	-0.02313421214535083	0.0	-0.0	Inf
HCINNMtex_f	xu5p__L_c	-0.0	-0.8528616599864368	0.0	-0.0	Inf
HCINNMtex_f	rmn_c	-0.0	-4.401593945570312	0.0	-0.0	Inf
HCINNMtex_f	xyl__D_c	0.0	0.0	0.0	Inf	Inf
HCINNMtex_f	tmao_c	0.0	0.0	0.0	Inf	Inf
HCINNMtex_f	xylu__D_c	-0.0	0.0	0.0	Inf	Inf
HCINNMtex_f	xylu__L_c	-0.0	-49.93214731032763	0.0	-0.0	Inf
HCINNMtex_f	12ppd__R_e	-0.0	-1000.0	0.0	-0.0	Inf
HCINNMtex_f	12ppd__S_e	-0.0	-1000.0	0.0	-0.0	Inf
HCINNMtex_f	tre_c	-0.0	-20.80506137930318	0.0	-0.0	Inf
HCINNMtex_f	seln_c	0.0	0.0	0.0	Inf	Inf
HCINNMtex_f	34dhpac_e	-0.0	-1000.0	0.0	-0.0	Inf
HCINNMtex_f	slnt_c	0.0	0.0	0.0	Inf	Inf
HCINNMtex_f	so2_c	0.0	0.0	0.0	Inf	Inf
HCINNMtex_f	so3_c	-0.0	-0.21915170193615094	10.80163763163713	-0.0	0.0
HCINNMtex_f	so4_c	-0.0	-0.22298706891185577	216.0327526327419	-0.0	0.0
HCINNMtex_f	4hoxpacd_e	-0.0	-1000.0	0.0	-0.0	Inf
HCINNMtex_f	5mtr_e	-0.0	0.0	0.0	Inf	Inf
HCINNMtex_f	LalaDgluMdap_e	-0.0	-1000.0	0.0	-0.0	Inf
HCINNMtex_f	ac_e	-0.0	0.0	0.0	Inf	Inf
HCINNMtex_f	acald_e	-0.0	-1000.0	0.0	-0.0	Inf
HCINNMtex_f	acgal_e	-0.0	-1000.0	0.0	-0.0	Inf
HCINNMtex_f	acgam_e	-0.0	-1000.0	0.0	-0.0	Inf
HCINNMtex_f	acmana_e	-0.0	-1000.0	0.0	-0.0	Inf
HCINNMtex_f	tagur_c	-0.0	0.0	0.0	Inf	Inf
HCINNMtex_f	tartr__L_c	-0.0	-0.0829074663002416	0.0	-0.0	Inf
HCINNMtex_f	ade_e	-0.0	-1000.0	0.0	-0.0	Inf
HCINNMtex_f	adn_e	-0.0	-1000.0	0.0	-0.0	Inf
HCINNMtex_f	all__D_e	-0.0	-1000.0	0.0	-0.0	Inf
HCINNMtex_f	cl_e	-0.0	-0.004601909891334799	999.9953980901087	-0.0	0.0
HCINNMtex_f	alltn_e	-0.0	0.0	0.0	Inf	Inf
HCINNMtex_f	cm_e	-0.0	-1000.0	0.0	-0.0	Inf
HCINNMtex_f	co2_e	-0.0	-960.3766139395644	39.623386060435564	-0.0	0.0
HCINNMtex_f	arab__L_e	-0.0	-1000.0	0.0	-0.0	Inf
HCINNMtex_f	arbt_e	-0.0	-1000.0	0.0	-0.0	Inf
HCINNMtex_f	unagamu_c	-0.0	0.0	0.10464795498733019	Inf	0.0
HCINNMtex_f	crn_e	-0.0	-1000.0	0.0	-0.0	Inf
HCINNMtex_f	csn_e	-0.0	-1000.0	0.0	-0.0	Inf
HCINNMtex_f	cyan_e	-0.0	-1000.0	0.0	-0.0	Inf
HCINNMtex_f	glyb_e	-0.0	-1000.0	0.0	-0.0	Inf
HCINNMtex_f	glyc_e	-0.0	-1000.0	0.0	-0.0	Inf
HCINNMtex_f	cytd_e	-0.0	-1000.0	0.0	-0.0	Inf
HCINNMtex_f	ca2_e	-0.0	-0.004601909891334799	999.9953980901087	-0.0	0.0
HCINNMtex_f	dad_2_e	-0.0	-1000.0	0.0	-0.0	Inf
HCINNMtex_f	dcyt_e	-0.0	-1000.0	0.0	-0.0	Inf
HCINNMtex_f	chol_e	-0.0	-1000.0	0.0	-0.0	Inf
HCINNMtex_f	dha_e	-0.0	-1000.0	0.0	-0.0	Inf
HCINNMtex_f	ppal_e	-0.0	-1000.0	0.0	-0.0	Inf
HCINNMtex_f	h2_e	-0.0	-1000.0	0.0	-0.0	Inf
HCINNMtex_f	dms_e	-0.0	-1000.0	0.0	-0.0	Inf
HCINNMtex_f	dmso_e	-0.0	-1000.0	0.0	-0.0	Inf
HCINNMtex_f	h2o2_e	-0.0	-1000.0	0.0	-0.0	Inf
HCINNMtex_f	psclys_e	-0.0	-1000.0	0.0	-0.0	Inf
HCINNMtex_f	duri_e	-0.0	-1000.0	0.0	-0.0	Inf
HCINNMtex_f	pydx_e	-0.0	-1000.0	0.0	-0.0	Inf
HCINNMtex_f	pydxn_e	-0.0	-1000.0	0.0	-0.0	Inf
HCINNMtex_f	etoh_e	-0.0	-1000.0	0.0	-0.0	Inf
HCINNMtex_f	fald_e	-0.0	0.0	0.0	Inf	Inf
HCINNMtex_f	rib__D_e	-0.0	-1000.0	0.0	-0.0	Inf
HCINNMtex_f	rmn_e	-0.0	-1000.0	0.0	-0.0	Inf
HCINNMtex_f	indole_e	-0.0	-1000.0	0.0	-0.0	Inf
HCINNMtex_f	inost_e	-0.0	-1000.0	0.0	-0.0	Inf
HCINNMtex_f	sbt__D_e	-0.0	-38.40934408486741	0.0	-0.0	Inf
HCINNMtex_f	k_e	-0.0	-0.17257648365341538	999.8274235163466	-0.0	0.0
HCINNMtex_f	for_e	-0.0	0.0	0.0021687771277607644	Inf	0.0
HCINNMtex_f	slnt_e	-0.0	0.0	1000.0	Inf	0.0
HCINNMtex_f	fru_e	-0.0	-1000.0	0.0	-0.0	Inf
HCINNMtex_f	so2_e	-0.0	-1000.0	0.0	-0.0	Inf
HCINNMtex_f	so3_e	-0.0	-1000.0	0.0	-0.0	Inf
HCINNMtex_f	so4_e	-0.0	-0.22298706891185577	999.7770129310882	-0.0	0.0
HCINNMtex_f	lipa_cold_e	-0.0	-1000.0	0.0	-0.0	Inf
HCINNMtex_f	sucr_e	-0.0	-1000.0	0.0	-0.0	Inf
HCINNMtex_f	g3pe_e	-0.0	-1000.0	0.0	-0.0	Inf
HCINNMtex_f	malt_e	-0.0	-1000.0	0.0	-0.0	Inf
HCINNMtex_f	tartr__L_e	-0.0	-1000.0	0.0	-0.0	Inf
HCINNMtex_f	g3pi_e	-0.0	-1000.0	0.0	-0.0	Inf
HCINNMtex_f	malthx_e	-0.0	-1000.0	0.0	-0.0	Inf
HCINNMtex_f	maltpt_e	-0.0	-1000.0	0.0	-0.0	Inf
HCINNMtex_f	gal_e	-0.0	-1000.0	0.0	-0.0	Inf
HCINNMtex_f	gal_bD_e	-0.0	-1000.0	0.0	-0.0	Inf
HCINNMtex_f	malttr_e	-0.0	-1000.0	0.0	-0.0	Inf
HCINNMtex_f	maltttr_e	-0.0	-1000.0	0.0	-0.0	Inf
HCINNMtex_f	man_e	-0.0	-1000.0	0.0	-0.0	Inf
HCINNMtex_f	thym_e	-0.0	-1000.0	0.0	-0.0	Inf
HCINNMtex_f	thymd_e	-0.0	-1000.0	0.0	-0.0	Inf
HCINNMtex_f	galt_e	-0.0	-38.409344084867406	0.0	-0.0	Inf
HCINNMtex_f	melib_e	-0.0	-1000.0	0.0	-0.0	Inf
HCINNMtex_f	meoh_e	-0.0	-999.9999982317349	1.7682650650385767e-06	-0.0	0.0
HCINNMtex_f	tmao_e	-0.0	-1000.0	0.0	-0.0	Inf
HCINNMtex_f	tre_e	-0.0	-1000.0	0.0	-0.0	Inf
HCINNMtex_f	metsox_S__L_e	-0.0	-1000.0	0.0	-0.0	Inf
HCINNMtex_f	glc__D_e	-0.0	-41.61012275860636	2.7208468296705854	-0.0	0.0
HCINNMtex_f	mg2_e	-0.0	-0.007669849818865688	999.9923301501811	-0.0	0.0
HCINNMtex_f	mnl_e	-0.0	-1000.0	0.0	-0.0	Inf
HCINNMtex_f	mobd_e	-0.0	-0.00011405309817291709	999.9998859469018	-0.0	0.0
HCINNMtex_f	glyald_e	-0.0	-1000.0	0.0	-0.0	Inf
HCINNMtex_f	n2o_e	-0.0	-1000.0	0.0	-0.0	Inf
HCINNMtex_f	na1_e	-0.0	0.0	1000.0	Inf	0.0
HCINNMtex_f	nac_e	-0.0	-1000.0	0.0	-0.0	Inf
HCINNMtex_f	ni2_e	-0.0	-0.0002855748117553958	999.9997144251882	-0.0	0.0
HCINNMtex_f	no_e	-0.0	-1000.0	0.0	-0.0	Inf
HCINNMtex_f	no2_e	-0.0	-1000.0	0.0	-0.0	Inf
HCINNMtex_f	ura_e	-0.0	-1000.0	0.0	-0.0	Inf
HCINNMtex_f	no3_e	-0.0	-1000.0	0.0	-0.0	Inf
HCINNMtex_f	urea_e	-0.0	-1000.0	0.0	-0.0	Inf
HCINNMtex_f	novbcn_e	-0.0	-1000.0	0.0	-0.0	Inf
HCINNMtex_f	uri_e	-0.0	-1000.0	0.0	-0.0	Inf
HCINNMtex_f	o2_e	-0.0	-36.410430320057685	963.5895696799423	-0.0	0.0
HCINNMtex_f	xan_e	-0.0	0.0	0.0	Inf	Inf
HCINNMtex_f	xtsn_e	-0.0	-1000.0	0.0	-0.0	Inf
HCINNMtex_f	xyl__D_e	-0.0	-1000.0	0.0	-0.0	Inf
HCINNMtex_f	xylu__L_e	-0.0	-1000.0	0.0	-0.0	Inf
HCINNMtex_f	pacald_e	-0.0	-1000.0	0.0	-0.0	Inf
HCINNMtex_f	12dgr120_p	-0.0	0.0	0.0	Inf	Inf
HCINNMtex_f	12dgr140_p	-0.0	0.0	0.0	Inf	Inf
HCINNMtex_f	12dgr160_p	-0.0	-0.05642003416033958	0.0	-0.0	Inf
HCINNMtex_f	12dgr180_p	-0.0	0.0	0.0	Inf	Inf
HCINNMtex_f	12ppd__R_p	-0.0	-1000.0	0.0	-0.0	Inf
HCINNMtex_f	12ppd__S_p	-0.0	0.0	0.0	Inf	Inf
HCINNMtex_f	chol_p	-0.0	-1000.0	0.0	-0.0	Inf
HCINNMtex_f	cl_p	-0.0	-0.004601909891334799	999.9953980901087	-0.0	0.0
HCINNMtex_f	34dhpac_p	-0.0	-1000.0	0.0	-0.0	Inf
HCINNMtex_f	cm_p	-0.0	0.0	0.0	Inf	Inf
HCINNMtex_f	4hoxpacd_p	-0.0	-1000.0	0.0	-0.0	Inf
HCINNMtex_f	co2_p	-0.0	-960.3766139395644	39.623386060435564	-0.0	0.0
HCINNMtex_f	5mtr_p	-0.0	0.0	0.0	Inf	Inf
HCINNMtex_f	LalaDgluMdap_p	-0.0	-0.024568275131601123	0.0	-0.0	Inf
HCINNMtex_f	gal_p	-0.0	-1000.0	0.0	-0.0	Inf
HCINNMtex_f	ac_p	-0.0	-0.1658149326004832	0.0	-0.0	Inf
HCINNMtex_f	crn_p	-0.0	-1000.0	0.0	-0.0	Inf
HCINNMtex_f	gal_bD_p	-0.0	-1000.0	0.0	-0.0	Inf
HCINNMtex_f	acald_p	-0.0	-1000.0	0.0	-0.0	Inf
HCINNMtex_f	acgal_p	-0.0	-1000.0	0.0	-0.0	Inf
HCINNMtex_f	csn_p	-0.0	0.0	0.0	Inf	Inf
HCINNMtex_f	acgam_p	-0.0	-1000.0	0.0	-0.0	Inf
HCINNMtex_f	galt_p	-0.0	-38.409344084867406	0.0	-0.0	Inf
HCINNMtex_f	acmana_p	-0.0	-1000.0	0.0	-0.0	Inf
HCINNMtex_f	cyan_p	-0.0	0.0	0.0	Inf	Inf
HCINNMtex_f	ade_p	-0.0	-1000.0	0.0	-0.0	Inf
HCINNMtex_f	adn_p	-0.0	0.0	0.0005950212020631799	Inf	0.0
HCINNMtex_f	cytd_p	-0.0	0.0	0.0	Inf	Inf
HCINNMtex_f	glc__D_p	-0.0	-41.61012275860636	2.7208468296705854	-0.0	0.0
HCINNMtex_f	dad_2_p	-0.0	-1000.0	0.0	-0.0	Inf
HCINNMtex_f	dcyt_p	-0.0	-1000.0	0.0	-0.0	Inf
HCINNMtex_f	all__D_p	-0.0	0.0	0.0	Inf	Inf
HCINNMtex_f	alltn_p	-0.0	0.0	0.0	Inf	Inf
HCINNMtex_f	dha_p	-0.0	-1000.0	0.0	-0.0	Inf
HCINNMtex_f	glyald_p	-0.0	-1000.0	0.0	-0.0	Inf
HCINNMtex_f	glyb_p	0.0	0.0	0.0	Inf	Inf
HCINNMtex_f	dms_p	-0.0	-1000.0	0.0	-0.0	Inf
HCINNMtex_f	glyc_p	-0.0	-71.33163901475382	0.0	-0.0	Inf
HCINNMtex_f	dmso_p	-0.0	-1000.0	0.0	-0.0	Inf
HCINNMtex_f	arab__L_p	-0.0	0.0	0.0	Inf	Inf
HCINNMtex_f	arbt_p	0.0	0.0	0.0	Inf	Inf
HCINNMtex_f	ca2_p	-0.0	-0.004601909891334799	999.9953980901087	-0.0	0.0
HCINNMtex_f	duri_p	-0.0	-1000.0	0.0	-0.0	Inf
HCINNMtex_f	h2_p	-0.0	-1000.0	0.0	-0.0	Inf
HCINNMtex_f	h2o2_p	-0.0	-1000.0	0.0	-0.0	Inf
HCINNMtex_f	etoh_p	-0.0	-1000.0	0.0	-0.0	Inf
HCINNMtex_f	fald_p	-0.0	0.0	0.0	Inf	Inf
HCINNMtex_f	n2o_p	-0.0	-1000.0	0.0	-0.0	Inf
HCINNMtex_f	na1_p	-0.0	0.0	0.0	Inf	Inf
HCINNMtex_f	indole_p	-0.0	0.0	1.0610400000557547	Inf	0.0
HCINNMtex_f	nac_p	-0.0	-1000.0	0.0	-0.0	Inf
HCINNMtex_f	ni2_p	-0.0	-0.0002855748117553958	999.9997144251882	-0.0	0.0
HCINNMtex_f	inost_p	-0.0	-1000.0	0.0	-0.0	Inf
HCINNMtex_f	no_p	-0.0	-1000.0	0.0	-0.0	Inf
HCINNMtex_f	no2_p	-0.0	-1000.0	0.0	-0.0	Inf
HCINNMtex_f	for_p	-0.0	0.0	0.0021687771277607644	Inf	0.0
HCINNMtex_f	fru_p	-0.0	-1000.0	0.0	-0.0	Inf
HCINNMtex_f	no3_p	-0.0	0.0	0.0	Inf	Inf
HCINNMtex_f	k_p	-0.0	-0.17257648365341538	999.8274235163466	-0.0	0.0
HCINNMtex_f	novbcn_p	-0.0	0.0	0.0	Inf	Inf
HCINNMtex_f	o2_p	-0.0	-36.410430320057685	963.5895696799423	-0.0	0.0
HCINNMtex_f	lipa_cold_p	-0.0	-54.008188158185476	0.0	-0.0	Inf
HCINNMtex_f	g3pe_p	-0.0	0.0	0.0	Inf	Inf
HCINNMtex_f	g3pi_p	-0.0	0.0	0.0	Inf	Inf
HCINNMtex_f	so3_p	-0.0	-1000.0	0.0	-0.0	Inf
HCINNMtex_f	so4_p	-0.0	-0.22298706891185577	999.7770129310882	-0.0	0.0
HCINNMtex_f	malt_p	0.0	0.0	0.0	Inf	Inf
HCINNMtex_f	malthx_p	0.0	0.0	0.0	Inf	Inf
HCINNMtex_f	maltpt_p	0.0	0.0	0.0	Inf	Inf
HCINNMtex_f	sucr_p	-0.0	-1000.0	0.0	-0.0	Inf
HCINNMtex_f	malttr_p	0.0	0.0	0.0	Inf	Inf
HCINNMtex_f	maltttr_p	0.0	0.0	0.0	Inf	Inf
HCINNMtex_f	pacald_p	-0.0	-1000.0	0.0	-0.0	Inf
HCINNMtex_f	man_p	-0.0	-1000.0	0.0	-0.0	Inf
HCINNMtex_f	tartr__L_p	-0.0	-1000.0	0.0	-0.0	Inf
HCINNMtex_f	pe120_p	-0.0	0.0	0.0	Inf	Inf
HCINNMtex_f	melib_p	-0.0	-1000.0	0.0	-0.0	Inf
HCINNMtex_f	meoh_p	-0.0	-999.9999982317349	1.7682650650385767e-06	-0.0	0.0
HCINNMtex_f	thym_p	-0.0	-1000.0	0.0	-0.0	Inf
HCINNMtex_f	thymd_p	-0.0	-0.02313421214535083	0.0	-0.0	Inf
HCINNMtex_f	pg120_p	-0.0	-0.06880673110125685	0.0	-0.0	Inf
HCINNMtex_f	metsox_S__L_p	-0.0	-1000.0	0.0	-0.0	Inf
HCINNMtex_f	tmao_p	-0.0	-1000.0	0.0	-0.0	Inf
HCINNMtex_f	mg2_p	-0.0	-0.007669849818865688	999.9923301501811	-0.0	0.0
HCINNMtex_f	tre_p	-0.0	0.0	0.0	Inf	Inf
HCINNMtex_f	mnl_p	-0.0	0.0	0.0	Inf	Inf
HCINNMtex_f	mobd_p	-0.0	-0.00011405309817291709	999.9998859469018	-0.0	0.0
HCINNMtex_f	ura_p	-0.0	-1000.0	0.0	-0.0	Inf
HCINNMtex_f	urea_p	-0.0	-1000.0	0.0	-0.0	Inf
HCINNMtex_f	uri_p	-0.0	0.0	0.0	Inf	Inf
HCINNMtex_f	xan_p	-0.0	0.0	0.0	Inf	Inf
HCINNMtex_f	xtsn_p	-0.0	0.0	0.0	Inf	Inf
HCINNMtex_f	xyl__D_p	-0.0	0.0	0.0	Inf	Inf
HCINNMtex_f	xylu__L_p	-0.0	-1000.0	0.0	-0.0	Inf
HCINNMtex_f	ppal_p	-0.0	-1000.0	0.0	-0.0	Inf
HCINNMtex_f	psclys_p	-0.0	-1000.0	0.0	-0.0	Inf
HCINNMtex_f	pydx_p	-0.0	0.0	0.0	Inf	Inf
HCINNMtex_f	pydxn_p	-0.0	0.0	0.0	Inf	Inf
HCINNMtex_f	rib__D_p	-0.0	-1000.0	0.0	-0.0	Inf
HCINNMtex_f	rmn_p	-0.0	-1000.0	0.0	-0.0	Inf
HCINNMtex_f	sbt__D_p	-0.0	-38.40934408486741	0.0	-0.0	Inf
HCINNMtex_f	slnt_p	-0.0	0.0	0.0	Inf	Inf
HCINNMtex_f	so2_p	-0.0	-1000.0	0.0	-0.0	Inf
