Reaction	Metabolite	ShadowPrice	G-	G+	DecrementalShadowPrice	IncrementalShadowPrice
HKNDDH	12dgr120_c	-0.0	0.0	0.0	Inf	Inf
HKNDDH	12dgr140_c	-0.0	0.0	0.0	Inf	Inf
HKNDDH	12dgr160_c	-0.0	-0.05642003416033958	0.0	-0.0	Inf
HKNDDH	12dgr180_c	-0.0	0.0	0.0	Inf	Inf
HKNDDH	12ppd__R_c	-0.0	-1000.0	0.0	-0.0	Inf
HKNDDH	12ppd__S_c	-0.0	0.0	0.0	Inf	Inf
HKNDDH	5drib_c	-0.0	-999.9998010701776	0.00019892982239132906	-0.0	0.0
HKNDDH	5mta_c	-0.0	0.0	0.0	Inf	Inf
HKNDDH	23dhacoa_c	-0.0	-0.0005092603447911515	0.0	-0.0	Inf
HKNDDH	5mtr_c	-0.0	0.0	0.0	Inf	Inf
HKNDDH	3amac_c	-0.0	-0.1658149326004832	0.0	-0.0	Inf
HKNDDH	LalaDgluMdap_c	-0.0	-0.024568275131601123	0.0	-0.0	Inf
HKNDDH	ac_c	-0.0	-0.1658149326004832	1.9555428292799206	-0.0	0.0
HKNDDH	acald_c	-0.0	-1.0982748491410792	2.7208468296705846	-0.0	0.0
HKNDDH	acetol_c	-0.0	0.0	0.0034516534516255497	Inf	0.0
HKNDDH	acgam_c	-0.0	-0.08353991581388456	0.0	-0.0	Inf
HKNDDH	acgam6p_c	-0.0	-0.08353991581388456	0.0	-0.0	Inf
HKNDDH	acmalt_c	0.0	0.0	0.0	Inf	Inf
HKNDDH	acmana_c	-0.0	-0.08353991581388456	0.0	-0.0	Inf
HKNDDH	2dmmq8_c	-0.0	0.0	0.0	Inf	Inf
HKNDDH	2dmmql8_c	0.0	0.0	0.0	Inf	Inf
HKNDDH	ade_c	-0.0	-0.03316298652009654	0.0005950212020631799	-0.0	0.0
HKNDDH	adn_c	-0.0	0.0	0.0005950212020631799	Inf	0.0
HKNDDH	3sala_c	0.0	0.0	0.0	Inf	Inf
HKNDDH	adphep_DD_c	-0.0	0.0	0.0	Inf	Inf
HKNDDH	adphep_LD_c	-0.0	0.0	0.0	Inf	Inf
HKNDDH	4ahmmp_c	0.0	0.0	0.0	Inf	Inf
HKNDDH	4crsol_c	-0.0	-999.9998028384427	0.00019716155730340615	-0.0	0.0
HKNDDH	2ohph_c	-0.0	-0.00019716155730340615	0.1372843561426349	-0.0	0.0
HKNDDH	2ombzl_c	-0.0	0.0	0.0	Inf	Inf
HKNDDH	2omhmbl_c	-0.0	0.0	0.0	Inf	Inf
HKNDDH	2ommbl_c	0.0	0.0	0.0	Inf	Inf
HKNDDH	2omph_c	-0.0	0.0	0.1372843561426349	Inf	0.0
HKNDDH	4mhetz_c	0.0	0.0	0.0	Inf	Inf
HKNDDH	2oph_c	-0.0	-0.00019716155730340615	0.1372843561426349	-0.0	0.0
HKNDDH	2oxpaccoa_c	-0.0	-0.0005092603447911515	0.0	-0.0	Inf
HKNDDH	all__D_c	-0.0	-41.61012275860636	0.0	-0.0	Inf
HKNDDH	alltn_c	-0.0	-0.0414537331501208	0.0	-0.0	Inf
HKNDDH	4r5au_c	-0.0	-0.0003943231138741969	0.26526000001393896	-0.0	0.0
HKNDDH	56dura_c	0.0	0.0	0.0	Inf	Inf
HKNDDH	arab__L_c	-0.0	-49.93214731032763	0.0	-0.0	Inf
HKNDDH	etoh_c	-0.0	-1000.0	0.0	-0.0	Inf
HKNDDH	csn_c	-0.0	0.0	0.03613528296830282	Inf	0.0
HKNDDH	fald_c	-0.0	0.0	0.0	Inf	Inf
HKNDDH	fc1p_c	-0.0	-0.8528616599864862	0.0	-0.0	Inf
HKNDDH	fcl__L_c	-0.0	0.0	0.0	Inf	Inf
HKNDDH	aso4_c	0.0	0.0	0.0	Inf	Inf
HKNDDH	cyan_c	0.0	0.0	0.0	Inf	Inf
HKNDDH	athtp_c	0.0	0.0	0.0	Inf	Inf
HKNDDH	cytd_c	-0.0	0.0	0.0	Inf	Inf
HKNDDH	dad_2_c	-0.0	0.0	0.0	Inf	Inf
HKNDDH	dad_5_c	-0.0	-0.03316298652009654	0.00019892982239132906	-0.0	0.0
HKNDDH	betald_c	0.0	0.0	0.0	Inf	Inf
HKNDDH	btal_c	-0.0	-499.32147310327645	0.0	-0.0	Inf
HKNDDH	for_c	-0.0	-0.09655523098413354	0.0021687771277607644	-0.0	0.0
HKNDDH	dcyt_c	-0.0	-0.02313421214535083	0.0	-0.0	Inf
HKNDDH	fru_c	-0.0	0.0	0.0	Inf	Inf
HKNDDH	ca2_c	-0.0	-0.004601909891334799	999.9953980901087	-0.0	0.0
HKNDDH	g3pe_c	-0.0	-0.12291917932187423	0.0	-0.0	Inf
HKNDDH	g3pi_c	0.0	0.0	0.0	Inf	Inf
HKNDDH	cbm_c	-0.0	-0.0829074663002416	0.0	-0.0	Inf
HKNDDH	dha_c	-0.0	-83.22024551721279	0.0	-0.0	Inf
HKNDDH	gal_c	-0.0	0.0	0.0	Inf	Inf
HKNDDH	dhgly_c	-0.0	-0.00019716155730340615	0.6802117074176464	-0.0	0.0
HKNDDH	dhmptp_c	0.0	0.0	0.0	Inf	Inf
HKNDDH	gcald_c	-0.0	-139.81001246891742	0.0005914846715313615	-0.0	0.0
HKNDDH	dhptd_c	-0.0	-49.710117891016125	0.00039609137967185087	-0.0	0.0
HKNDDH	cechddd_c	-1.0	-0.1658149326004832	0.0	-1.0	Inf
HKNDDH	dhptdn_c	0.0	0.0	0.0	Inf	Inf
HKNDDH	chol_c	0.0	0.0	0.0	Inf	Inf
HKNDDH	chtbs6p_c	-0.0	0.0	0.0	Inf	Inf
HKNDDH	dmbzid_c	0.0	0.0	0.0	Inf	Inf
HKNDDH	dms_c	0.0	0.0	0.0	Inf	Inf
HKNDDH	dmso_c	0.0	0.0	0.0	Inf	Inf
HKNDDH	cl_c	-0.0	-0.004601909891319413	999.9953980901087	-0.0	0.0
HKNDDH	glc__D_c	-0.0	-41.61012275860636	0.0	-0.0	Inf
HKNDDH	co2_c	-0.0	-960.3766139395644	39.623386060435564	-0.0	0.0
HKNDDH	dscl_c	-0.0	-0.00019716155730340615	0.004516910371037852	-0.0	0.0
HKNDDH	dtdp4aaddg_c	-0.0	0.0	0.0	Inf	Inf
HKNDDH	glyald_c	-0.0	-1000.0	0.0	-0.0	Inf
HKNDDH	crn_c	-0.0	-1000.0	0.0	-0.0	Inf
HKNDDH	duri_c	-0.0	-0.02313421214535083	0.0	-0.0	Inf
HKNDDH	glyb_c	0.0	0.0	0.0	Inf	Inf
HKNDDH	glyc_c	-0.0	-71.33163901475382	0.0	-0.0	Inf
HKNDDH	dxyl_c	0.0	0.0	0.0	Inf	Inf
HKNDDH	glycogen_c	-0.0	-41.610122758606366	0.0	-0.0	Inf
HKNDDH	gmhep1p_c	-0.0	0.0	2.0974053653664275	Inf	0.0
HKNDDH	lipa_cold_c	-0.0	0.0	0.0	Inf	Inf
HKNDDH	lipidA_c	-0.0	-0.017201682775294103	0.09069489432235284	-0.0	0.0
HKNDDH	malt_c	0.0	0.0	0.0	Inf	Inf
HKNDDH	h2_c	-0.0	0.0	0.0	Inf	Inf
HKNDDH	malthx_c	-0.0	0.0	0.0	Inf	Inf
HKNDDH	maltpt_c	-0.0	0.0	0.0	Inf	Inf
HKNDDH	malttr_c	-0.0	0.0	0.0	Inf	Inf
HKNDDH	maltttr_c	-0.0	0.0	0.0	Inf	Inf
HKNDDH	h2o2_c	-0.0	-0.0034516534516255497	0.6214975334627297	-0.0	0.0
HKNDDH	man_c	-0.0	-41.61012275860636	0.0	-0.0	Inf
HKNDDH	mdhdhf_c	-0.0	-49.710117891016125	0.00039609137967185087	-0.0	0.0
HKNDDH	melib_c	-0.0	0.0	0.0	Inf	Inf
HKNDDH	meoh_c	-0.0	-999.9999982317349	1.7682650650385767e-06	-0.0	0.0
HKNDDH	pacald_c	-0.0	-1000.0	0.0	-0.0	Inf
HKNDDH	metsox_S__L_c	-0.0	-0.09655523098413354	0.0	-0.0	Inf
HKNDDH	mg2_c	-0.0	-0.007669849818865688	999.9923301501811	-0.0	0.0
HKNDDH	hhlipa_c	-0.0	0.0	0.0	Inf	Inf
HKNDDH	pe120_c	-0.0	0.0	0.0	Inf	Inf
HKNDDH	mobd_c	-0.0	-0.00011405309817102867	54.008188158185476	-0.0	0.0
HKNDDH	hlipa_c	-0.0	0.0	0.0	Inf	Inf
HKNDDH	pg120_c	-0.0	-0.06880673110125685	0.0	-0.0	Inf
HKNDDH	mql8_c	0.0	0.0	0.0	Inf	Inf
HKNDDH	mqn8_c	-0.0	0.0	0.0	Inf	Inf
HKNDDH	mthgxl_c	-0.0	0.0	0.0034516534516255497	Inf	0.0
HKNDDH	hqn_c	0.0	0.0	0.0	Inf	Inf
HKNDDH	mththf_c	-0.0	-999.9996039086203	0.00039609137967185087	-0.0	0.0
HKNDDH	n2o_c	-0.0	-1000.0	0.0	-0.0	Inf
HKNDDH	na1_c	-0.0	0.0	0.0	Inf	Inf
HKNDDH	nac_c	-0.0	0.0	0.0	Inf	Inf
HKNDDH	ncam_c	-0.0	0.0	0.0	Inf	Inf
HKNDDH	ni2_c	-0.0	-0.0002855748116995524	999.9997144251882	-0.0	0.0
HKNDDH	no_c	-0.0	-1000.0	0.0	-0.0	Inf
HKNDDH	indole_c	-0.0	-0.050256746196401414	1.0610400000557547	-0.0	0.0
HKNDDH	no2_c	-0.0	-1000.0	0.0	-0.0	Inf
HKNDDH	no3_c	0.0	0.0	0.0	Inf	Inf
HKNDDH	inost_c	0.0	0.0	0.0	Inf	Inf
HKNDDH	o2_c	-0.0	-36.410430320057685	963.5895696799423	-0.0	0.0
HKNDDH	poaac_c	-0.0	-16.617904048672486	0.0	-0.0	Inf
HKNDDH	ppal_c	-0.0	0.0	0.0	Inf	Inf
HKNDDH	k_c	-0.0	-0.17257648365341538	216.0327526327419	-0.0	0.0
HKNDDH	psclys_c	-0.0	0.0	0.0	Inf	Inf
HKNDDH	lald__D_c	-0.0	0.0	0.0034516534516255497	Inf	0.0
HKNDDH	lald__L_c	-0.0	-4.401593945570312	0.0	-0.0	Inf
HKNDDH	ura_c	-0.0	0.0	0.0	Inf	Inf
HKNDDH	pydx_c	-0.0	0.0	0.9069489432235284	Inf	0.0
HKNDDH	uracp_c	-0.0	-0.1658149326004832	0.0	-0.0	Inf
HKNDDH	pydxn_c	-0.0	0.0	0.9069489432235284	Inf	0.0
HKNDDH	urate_c	-0.0	-0.0034516534516255497	0.0	-0.0	Inf
HKNDDH	q8_c	-0.0	0.0	0.0	Inf	Inf
HKNDDH	q8h2_c	0.0	0.0	0.0	Inf	Inf
HKNDDH	urea_c	-0.0	-1000.0	0.0	-0.0	Inf
HKNDDH	uri_c	-0.0	0.0	0.03613528296830282	Inf	0.0
HKNDDH	rbflvrd_c	-0.0	0.0	0.048277615492066814	Inf	0.0
HKNDDH	rbl__L_c	-0.0	-49.93214731032763	0.0	-0.0	Inf
HKNDDH	rdmbzi_c	0.0	0.0	0.0	Inf	Inf
HKNDDH	thptdn_c	0.0	0.0	0.0	Inf	Inf
HKNDDH	xan_c	-0.0	0.0	0.0	Inf	Inf
HKNDDH	rephaccoa_c	-0.0	-0.0005092603447911515	0.0	-0.0	Inf
HKNDDH	rib__D_c	-0.0	0.0	2.7208468296705854	Inf	0.0
HKNDDH	xtsn_c	-0.0	0.0	0.0	Inf	Inf
HKNDDH	rml_c	-0.0	-4.401593945570312	0.0	-0.0	Inf
HKNDDH	thym_c	-0.0	-216.0327526327419	0.0	-0.0	Inf
HKNDDH	thymd_c	-0.0	-0.02313421214535083	0.0	-0.0	Inf
HKNDDH	xu5p__L_c	-0.0	-0.8528616599864368	0.0	-0.0	Inf
HKNDDH	rmn_c	-0.0	-4.401593945570312	0.0	-0.0	Inf
HKNDDH	xyl__D_c	0.0	0.0	0.0	Inf	Inf
HKNDDH	tmao_c	0.0	0.0	0.0	Inf	Inf
HKNDDH	xylu__D_c	-0.0	0.0	0.0	Inf	Inf
HKNDDH	xylu__L_c	-0.0	-49.93214731032763	0.0	-0.0	Inf
HKNDDH	12ppd__R_e	-0.0	-1000.0	0.0	-0.0	Inf
HKNDDH	12ppd__S_e	-0.0	-1000.0	0.0	-0.0	Inf
HKNDDH	tre_c	-0.0	-20.80506137930318	0.0	-0.0	Inf
HKNDDH	seln_c	0.0	0.0	0.0	Inf	Inf
HKNDDH	34dhpac_e	-0.0	-1000.0	0.0	-0.0	Inf
HKNDDH	slnt_c	0.0	0.0	0.0	Inf	Inf
HKNDDH	so2_c	0.0	0.0	0.0	Inf	Inf
HKNDDH	so3_c	-0.0	-0.21915170193615094	10.80163763163713	-0.0	0.0
HKNDDH	so4_c	-0.0	-0.22298706891185577	216.0327526327419	-0.0	0.0
HKNDDH	4hoxpacd_e	-0.0	-1000.0	0.0	-0.0	Inf
HKNDDH	5mtr_e	-0.0	0.0	0.0	Inf	Inf
HKNDDH	LalaDgluMdap_e	-0.0	-1000.0	0.0	-0.0	Inf
HKNDDH	ac_e	-0.0	0.0	0.0	Inf	Inf
HKNDDH	acald_e	-0.0	-1000.0	0.0	-0.0	Inf
HKNDDH	acgal_e	-0.0	-1000.0	0.0	-0.0	Inf
HKNDDH	acgam_e	-0.0	-1000.0	0.0	-0.0	Inf
HKNDDH	acmana_e	-0.0	-1000.0	0.0	-0.0	Inf
HKNDDH	tagur_c	-0.0	0.0	0.0	Inf	Inf
HKNDDH	tartr__L_c	-0.0	-0.0829074663002416	0.0	-0.0	Inf
HKNDDH	ade_e	-0.0	-1000.0	0.0	-0.0	Inf
HKNDDH	adn_e	-0.0	-1000.0	0.0	-0.0	Inf
HKNDDH	all__D_e	-0.0	-1000.0	0.0	-0.0	Inf
HKNDDH	cl_e	-0.0	-0.004601909891334799	999.9953980901087	-0.0	0.0
HKNDDH	alltn_e	-0.0	0.0	0.0	Inf	Inf
HKNDDH	cm_e	-0.0	-1000.0	0.0	-0.0	Inf
HKNDDH	co2_e	-0.0	-960.3766139395644	39.623386060435564	-0.0	0.0
HKNDDH	arab__L_e	-0.0	-1000.0	0.0	-0.0	Inf
HKNDDH	arbt_e	-0.0	-1000.0	0.0	-0.0	Inf
HKNDDH	unagamu_c	-0.0	0.0	0.10464795498733019	Inf	0.0
HKNDDH	crn_e	-0.0	-1000.0	0.0	-0.0	Inf
HKNDDH	csn_e	-0.0	-1000.0	0.0	-0.0	Inf
HKNDDH	cyan_e	-0.0	-1000.0	0.0	-0.0	Inf
HKNDDH	glyb_e	-0.0	-1000.0	0.0	-0.0	Inf
HKNDDH	glyc_e	-0.0	-1000.0	0.0	-0.0	Inf
HKNDDH	cytd_e	-0.0	-1000.0	0.0	-0.0	Inf
HKNDDH	ca2_e	-0.0	-0.004601909891334799	999.9953980901087	-0.0	0.0
HKNDDH	dad_2_e	-0.0	-1000.0	0.0	-0.0	Inf
HKNDDH	dcyt_e	-0.0	-1000.0	0.0	-0.0	Inf
HKNDDH	chol_e	-0.0	-1000.0	0.0	-0.0	Inf
HKNDDH	dha_e	-0.0	-1000.0	0.0	-0.0	Inf
HKNDDH	ppal_e	-0.0	-1000.0	0.0	-0.0	Inf
HKNDDH	h2_e	-0.0	-1000.0	0.0	-0.0	Inf
HKNDDH	dms_e	-0.0	-1000.0	0.0	-0.0	Inf
HKNDDH	dmso_e	-0.0	-1000.0	0.0	-0.0	Inf
HKNDDH	h2o2_e	-0.0	-1000.0	0.0	-0.0	Inf
HKNDDH	psclys_e	-0.0	-1000.0	0.0	-0.0	Inf
HKNDDH	duri_e	-0.0	-1000.0	0.0	-0.0	Inf
HKNDDH	pydx_e	-0.0	-1000.0	0.0	-0.0	Inf
HKNDDH	pydxn_e	-0.0	-1000.0	0.0	-0.0	Inf
HKNDDH	etoh_e	-0.0	-1000.0	0.0	-0.0	Inf
HKNDDH	fald_e	-0.0	0.0	0.0	Inf	Inf
HKNDDH	rib__D_e	-0.0	-1000.0	0.0	-0.0	Inf
HKNDDH	rmn_e	-0.0	-1000.0	0.0	-0.0	Inf
HKNDDH	indole_e	-0.0	-1000.0	0.0	-0.0	Inf
HKNDDH	inost_e	-0.0	-1000.0	0.0	-0.0	Inf
HKNDDH	sbt__D_e	-0.0	-38.40934408486741	0.0	-0.0	Inf
HKNDDH	k_e	-0.0	-0.17257648365341538	999.8274235163466	-0.0	0.0
HKNDDH	for_e	-0.0	0.0	0.0021687771277607644	Inf	0.0
HKNDDH	slnt_e	-0.0	0.0	1000.0	Inf	0.0
HKNDDH	fru_e	-0.0	-1000.0	0.0	-0.0	Inf
HKNDDH	so2_e	-0.0	-1000.0	0.0	-0.0	Inf
HKNDDH	so3_e	-0.0	-1000.0	0.0	-0.0	Inf
HKNDDH	so4_e	-0.0	-0.22298706891185577	999.7770129310882	-0.0	0.0
HKNDDH	lipa_cold_e	-0.0	-1000.0	0.0	-0.0	Inf
HKNDDH	sucr_e	-0.0	-1000.0	0.0	-0.0	Inf
HKNDDH	g3pe_e	-0.0	-1000.0	0.0	-0.0	Inf
HKNDDH	malt_e	-0.0	-1000.0	0.0	-0.0	Inf
HKNDDH	tartr__L_e	-0.0	-1000.0	0.0	-0.0	Inf
HKNDDH	g3pi_e	-0.0	-1000.0	0.0	-0.0	Inf
HKNDDH	malthx_e	-0.0	-1000.0	0.0	-0.0	Inf
HKNDDH	maltpt_e	-0.0	-1000.0	0.0	-0.0	Inf
HKNDDH	gal_e	-0.0	-1000.0	0.0	-0.0	Inf
HKNDDH	gal_bD_e	-0.0	-1000.0	0.0	-0.0	Inf
HKNDDH	malttr_e	-0.0	-1000.0	0.0	-0.0	Inf
HKNDDH	maltttr_e	-0.0	-1000.0	0.0	-0.0	Inf
HKNDDH	man_e	-0.0	-1000.0	0.0	-0.0	Inf
HKNDDH	thym_e	-0.0	-1000.0	0.0	-0.0	Inf
HKNDDH	thymd_e	-0.0	-1000.0	0.0	-0.0	Inf
HKNDDH	galt_e	-0.0	-38.409344084867406	0.0	-0.0	Inf
HKNDDH	melib_e	-0.0	-1000.0	0.0	-0.0	Inf
HKNDDH	meoh_e	-0.0	-999.9999982317349	1.7682650650385767e-06	-0.0	0.0
HKNDDH	tmao_e	-0.0	-1000.0	0.0	-0.0	Inf
HKNDDH	tre_e	-0.0	-1000.0	0.0	-0.0	Inf
HKNDDH	metsox_S__L_e	-0.0	-1000.0	0.0	-0.0	Inf
HKNDDH	glc__D_e	-0.0	-41.61012275860636	2.7208468296705854	-0.0	0.0
HKNDDH	mg2_e	-0.0	-0.007669849818865688	999.9923301501811	-0.0	0.0
HKNDDH	mnl_e	-0.0	-1000.0	0.0	-0.0	Inf
HKNDDH	mobd_e	-0.0	-0.00011405309817291709	999.9998859469018	-0.0	0.0
HKNDDH	glyald_e	-0.0	-1000.0	0.0	-0.0	Inf
HKNDDH	n2o_e	-0.0	-1000.0	0.0	-0.0	Inf
HKNDDH	na1_e	-0.0	0.0	1000.0	Inf	0.0
HKNDDH	nac_e	-0.0	-1000.0	0.0	-0.0	Inf
HKNDDH	ni2_e	-0.0	-0.0002855748117553958	999.9997144251882	-0.0	0.0
HKNDDH	no_e	-0.0	-1000.0	0.0	-0.0	Inf
HKNDDH	no2_e	-0.0	-1000.0	0.0	-0.0	Inf
HKNDDH	ura_e	-0.0	-1000.0	0.0	-0.0	Inf
HKNDDH	no3_e	-0.0	-1000.0	0.0	-0.0	Inf
HKNDDH	urea_e	-0.0	-1000.0	0.0	-0.0	Inf
HKNDDH	novbcn_e	-0.0	-1000.0	0.0	-0.0	Inf
HKNDDH	uri_e	-0.0	-1000.0	0.0	-0.0	Inf
HKNDDH	o2_e	-0.0	-36.410430320057685	963.5895696799423	-0.0	0.0
HKNDDH	xan_e	-0.0	0.0	0.0	Inf	Inf
HKNDDH	xtsn_e	-0.0	-1000.0	0.0	-0.0	Inf
HKNDDH	xyl__D_e	-0.0	-1000.0	0.0	-0.0	Inf
HKNDDH	xylu__L_e	-0.0	-1000.0	0.0	-0.0	Inf
HKNDDH	pacald_e	-0.0	-1000.0	0.0	-0.0	Inf
HKNDDH	12dgr120_p	-0.0	0.0	0.0	Inf	Inf
HKNDDH	12dgr140_p	-0.0	0.0	0.0	Inf	Inf
HKNDDH	12dgr160_p	-0.0	-0.05642003416033958	0.0	-0.0	Inf
HKNDDH	12dgr180_p	-0.0	0.0	0.0	Inf	Inf
HKNDDH	12ppd__R_p	-0.0	-1000.0	0.0	-0.0	Inf
HKNDDH	12ppd__S_p	-0.0	0.0	0.0	Inf	Inf
HKNDDH	chol_p	-0.0	-1000.0	0.0	-0.0	Inf
HKNDDH	cl_p	-0.0	-0.004601909891334799	999.9953980901087	-0.0	0.0
HKNDDH	34dhpac_p	-0.0	-1000.0	0.0	-0.0	Inf
HKNDDH	cm_p	-0.0	0.0	0.0	Inf	Inf
HKNDDH	4hoxpacd_p	-0.0	-1000.0	0.0	-0.0	Inf
HKNDDH	co2_p	-0.0	-960.3766139395644	39.623386060435564	-0.0	0.0
HKNDDH	5mtr_p	-0.0	0.0	0.0	Inf	Inf
HKNDDH	LalaDgluMdap_p	-0.0	-0.024568275131601123	0.0	-0.0	Inf
HKNDDH	gal_p	-0.0	-1000.0	0.0	-0.0	Inf
HKNDDH	ac_p	-0.0	-0.1658149326004832	0.0	-0.0	Inf
HKNDDH	crn_p	-0.0	-1000.0	0.0	-0.0	Inf
HKNDDH	gal_bD_p	-0.0	-1000.0	0.0	-0.0	Inf
HKNDDH	acald_p	-0.0	-1000.0	0.0	-0.0	Inf
HKNDDH	acgal_p	-0.0	-1000.0	0.0	-0.0	Inf
HKNDDH	csn_p	-0.0	0.0	0.0	Inf	Inf
HKNDDH	acgam_p	-0.0	-1000.0	0.0	-0.0	Inf
HKNDDH	galt_p	-0.0	-38.409344084867406	0.0	-0.0	Inf
HKNDDH	acmana_p	-0.0	-1000.0	0.0	-0.0	Inf
HKNDDH	cyan_p	-0.0	0.0	0.0	Inf	Inf
HKNDDH	ade_p	-0.0	-1000.0	0.0	-0.0	Inf
HKNDDH	adn_p	-0.0	0.0	0.0005950212020631799	Inf	0.0
HKNDDH	cytd_p	-0.0	0.0	0.0	Inf	Inf
HKNDDH	glc__D_p	-0.0	-41.61012275860636	2.7208468296705854	-0.0	0.0
HKNDDH	dad_2_p	-0.0	-1000.0	0.0	-0.0	Inf
HKNDDH	dcyt_p	-0.0	-1000.0	0.0	-0.0	Inf
HKNDDH	all__D_p	-0.0	0.0	0.0	Inf	Inf
HKNDDH	alltn_p	-0.0	0.0	0.0	Inf	Inf
HKNDDH	dha_p	-0.0	-1000.0	0.0	-0.0	Inf
HKNDDH	glyald_p	-0.0	-1000.0	0.0	-0.0	Inf
HKNDDH	glyb_p	0.0	0.0	0.0	Inf	Inf
HKNDDH	dms_p	-0.0	-1000.0	0.0	-0.0	Inf
HKNDDH	glyc_p	-0.0	-71.33163901475382	0.0	-0.0	Inf
HKNDDH	dmso_p	-0.0	-1000.0	0.0	-0.0	Inf
HKNDDH	arab__L_p	-0.0	0.0	0.0	Inf	Inf
HKNDDH	arbt_p	0.0	0.0	0.0	Inf	Inf
HKNDDH	ca2_p	-0.0	-0.004601909891334799	999.9953980901087	-0.0	0.0
HKNDDH	duri_p	-0.0	-1000.0	0.0	-0.0	Inf
HKNDDH	h2_p	-0.0	-1000.0	0.0	-0.0	Inf
HKNDDH	h2o2_p	-0.0	-1000.0	0.0	-0.0	Inf
HKNDDH	etoh_p	-0.0	-1000.0	0.0	-0.0	Inf
HKNDDH	fald_p	-0.0	0.0	0.0	Inf	Inf
HKNDDH	n2o_p	-0.0	-1000.0	0.0	-0.0	Inf
HKNDDH	na1_p	-0.0	0.0	0.0	Inf	Inf
HKNDDH	indole_p	-0.0	0.0	1.0610400000557547	Inf	0.0
HKNDDH	nac_p	-0.0	-1000.0	0.0	-0.0	Inf
HKNDDH	ni2_p	-0.0	-0.0002855748117553958	999.9997144251882	-0.0	0.0
HKNDDH	inost_p	-0.0	-1000.0	0.0	-0.0	Inf
HKNDDH	no_p	-0.0	-1000.0	0.0	-0.0	Inf
HKNDDH	no2_p	-0.0	-1000.0	0.0	-0.0	Inf
HKNDDH	for_p	-0.0	0.0	0.0021687771277607644	Inf	0.0
HKNDDH	fru_p	-0.0	-1000.0	0.0	-0.0	Inf
HKNDDH	no3_p	-0.0	0.0	0.0	Inf	Inf
HKNDDH	k_p	-0.0	-0.17257648365341538	999.8274235163466	-0.0	0.0
HKNDDH	novbcn_p	-0.0	0.0	0.0	Inf	Inf
HKNDDH	o2_p	-0.0	-36.410430320057685	963.5895696799423	-0.0	0.0
HKNDDH	lipa_cold_p	-0.0	-54.008188158185476	0.0	-0.0	Inf
HKNDDH	g3pe_p	-0.0	0.0	0.0	Inf	Inf
HKNDDH	g3pi_p	-0.0	0.0	0.0	Inf	Inf
HKNDDH	so3_p	-0.0	-1000.0	0.0	-0.0	Inf
HKNDDH	so4_p	-0.0	-0.22298706891185577	999.7770129310882	-0.0	0.0
HKNDDH	malt_p	0.0	0.0	0.0	Inf	Inf
HKNDDH	malthx_p	0.0	0.0	0.0	Inf	Inf
HKNDDH	maltpt_p	0.0	0.0	0.0	Inf	Inf
HKNDDH	sucr_p	-0.0	-1000.0	0.0	-0.0	Inf
HKNDDH	malttr_p	0.0	0.0	0.0	Inf	Inf
HKNDDH	maltttr_p	0.0	0.0	0.0	Inf	Inf
HKNDDH	pacald_p	-0.0	-1000.0	0.0	-0.0	Inf
HKNDDH	man_p	-0.0	-1000.0	0.0	-0.0	Inf
HKNDDH	tartr__L_p	-0.0	-1000.0	0.0	-0.0	Inf
HKNDDH	pe120_p	-0.0	0.0	0.0	Inf	Inf
HKNDDH	melib_p	-0.0	-1000.0	0.0	-0.0	Inf
HKNDDH	meoh_p	-0.0	-999.9999982317349	1.7682650650385767e-06	-0.0	0.0
HKNDDH	thym_p	-0.0	-1000.0	0.0	-0.0	Inf
HKNDDH	thymd_p	-0.0	-0.02313421214535083	0.0	-0.0	Inf
HKNDDH	pg120_p	-0.0	-0.06880673110125685	0.0	-0.0	Inf
HKNDDH	metsox_S__L_p	-0.0	-1000.0	0.0	-0.0	Inf
HKNDDH	tmao_p	-0.0	-1000.0	0.0	-0.0	Inf
HKNDDH	mg2_p	-0.0	-0.007669849818865688	999.9923301501811	-0.0	0.0
HKNDDH	tre_p	-0.0	0.0	0.0	Inf	Inf
HKNDDH	mnl_p	-0.0	0.0	0.0	Inf	Inf
HKNDDH	mobd_p	-0.0	-0.00011405309817291709	999.9998859469018	-0.0	0.0
HKNDDH	ura_p	-0.0	-1000.0	0.0	-0.0	Inf
HKNDDH	urea_p	-0.0	-1000.0	0.0	-0.0	Inf
HKNDDH	uri_p	-0.0	0.0	0.0	Inf	Inf
HKNDDH	xan_p	-0.0	0.0	0.0	Inf	Inf
HKNDDH	xtsn_p	-0.0	0.0	0.0	Inf	Inf
HKNDDH	xyl__D_p	-0.0	0.0	0.0	Inf	Inf
HKNDDH	xylu__L_p	-0.0	-1000.0	0.0	-0.0	Inf
HKNDDH	ppal_p	-0.0	-1000.0	0.0	-0.0	Inf
HKNDDH	psclys_p	-0.0	-1000.0	0.0	-0.0	Inf
HKNDDH	pydx_p	-0.0	0.0	0.0	Inf	Inf
HKNDDH	pydxn_p	-0.0	0.0	0.0	Inf	Inf
HKNDDH	rib__D_p	-0.0	-1000.0	0.0	-0.0	Inf
HKNDDH	rmn_p	-0.0	-1000.0	0.0	-0.0	Inf
HKNDDH	sbt__D_p	-0.0	-38.40934408486741	0.0	-0.0	Inf
HKNDDH	slnt_p	-0.0	0.0	0.0	Inf	Inf
HKNDDH	so2_p	-0.0	-1000.0	0.0	-0.0	Inf
