Reaction	Metabolite	ShadowPrice	G-	G+	DecrementalShadowPrice	IncrementalShadowPrice
FE3DCITtonex	12dgr120_c	-0.0	-0.058613387241799264	0.0	-0.0	Inf
FE3DCITtonex	12dgr140_c	-0.0	0.0	0.0	Inf	Inf
FE3DCITtonex	12dgr160_c	-0.0	0.0	0.0	Inf	Inf
FE3DCITtonex	12dgr180_c	-0.0	0.0	0.0	Inf	Inf
FE3DCITtonex	12ppd__R_c	-0.0	-1000.0	0.0	-0.0	Inf
FE3DCITtonex	12ppd__S_c	-0.0	0.0	0.0	Inf	Inf
FE3DCITtonex	5drib_c	-0.0	-999.9998061091073	0.0001938908926579044	-0.0	0.0
FE3DCITtonex	5mta_c	-0.0	0.0	0.0	Inf	Inf
FE3DCITtonex	23dhacoa_c	-0.0	-0.0004963606854501701	0.0	-0.0	Inf
FE3DCITtonex	5mtr_c	-0.0	0.0	0.0	Inf	Inf
FE3DCITtonex	3amac_c	-0.0	-7.917842241909692	0.0	-0.0	Inf
FE3DCITtonex	LalaDgluMdap_c	-0.0	-0.023945956111901548	0.0	-0.0	Inf
FE3DCITtonex	ac_c	-0.0	-1.1640744756516475	0.5020274696938714	-0.0	0.0
FE3DCITtonex	acald_c	-0.0	0.0	1.7954136970406391	Inf	0.0
FE3DCITtonex	acetol_c	-0.0	0.0	0.0	Inf	Inf
FE3DCITtonex	acgam_c	-0.0	-0.0814238340687123	0.0	-0.0	Inf
FE3DCITtonex	acgam6p_c	-0.0	-0.0814238340687123	0.0	-0.0	Inf
FE3DCITtonex	acmalt_c	0.0	0.0	0.0	Inf	Inf
FE3DCITtonex	acmana_c	-0.0	-0.0814238340687123	0.0	-0.0	Inf
FE3DCITtonex	2dmmq8_c	-0.0	0.0	0.0	Inf	Inf
FE3DCITtonex	2dmmql8_c	0.0	0.0	0.0	Inf	Inf
FE3DCITtonex	ade_c	-0.0	-0.09622331047376065	0.0005799492033819322	-0.0	0.0
FE3DCITtonex	adn_c	-0.0	0.0	0.0005799492033819322	Inf	0.0
FE3DCITtonex	3sala_c	0.0	0.0	0.0	Inf	Inf
FE3DCITtonex	adphep_DD_c	-0.0	0.0	0.0	Inf	Inf
FE3DCITtonex	adphep_LD_c	-0.0	0.0	0.0	Inf	Inf
FE3DCITtonex	4ahmmp_c	0.0	0.0	0.0	Inf	Inf
FE3DCITtonex	4crsol_c	-0.0	-999.999807832582	0.00019216741805650083	-0.0	0.0
FE3DCITtonex	2ohph_c	-0.0	-0.00019216741805650083	0.06563747455063343	-0.0	0.0
FE3DCITtonex	2ombzl_c	-0.0	0.0	0.0	Inf	Inf
FE3DCITtonex	2omhmbl_c	-0.0	0.0	0.0	Inf	Inf
FE3DCITtonex	2ommbl_c	0.0	0.0	0.0	Inf	Inf
FE3DCITtonex	2omph_c	-0.0	0.0	0.05906159447550526	Inf	0.0
FE3DCITtonex	4mhetz_c	0.0	0.0	0.0	Inf	Inf
FE3DCITtonex	2oph_c	-0.0	-0.00019216741805650083	0.06563747455063343	-0.0	0.0
FE3DCITtonex	2oxpaccoa_c	-0.0	-0.0004963606854501701	0.0	-0.0	Inf
FE3DCITtonex	all__D_c	-0.0	-0.32219918522500957	0.0	-0.0	Inf
FE3DCITtonex	alltn_c	-0.0	-1.2302150708591275	0.0	-0.0	Inf
FE3DCITtonex	4r5au_c	-0.0	-0.00038433483644695506	0.3915725810202003	-0.0	0.0
FE3DCITtonex	56dura_c	0.0	0.0	0.0	Inf	Inf
FE3DCITtonex	arab__L_c	-0.0	-0.38663902227001146	0.0	-0.0	Inf
FE3DCITtonex	etoh_c	-0.0	-1000.0	0.0	-0.0	Inf
FE3DCITtonex	csn_c	-0.0	0.0	0.0	Inf	Inf
FE3DCITtonex	fald_c	-0.0	0.0	0.0	Inf	Inf
FE3DCITtonex	fc1p_c	-0.0	-0.2998862222592887	0.0	-0.0	Inf
FE3DCITtonex	fcl__L_c	-0.0	0.0	0.0	Inf	Inf
FE3DCITtonex	aso4_c	0.0	0.0	0.0	Inf	Inf
FE3DCITtonex	cyan_c	0.0	0.0	0.0	Inf	Inf
FE3DCITtonex	athtp_c	0.0	0.0	0.0	Inf	Inf
FE3DCITtonex	cytd_c	-0.0	-0.13833038019510702	0.0	-0.0	Inf
FE3DCITtonex	dad_2_c	-0.0	0.0	0.0	Inf	Inf
FE3DCITtonex	dad_5_c	-0.0	-0.09622331047376065	0.0001938908926579044	-0.0	0.0
FE3DCITtonex	betald_c	0.0	0.0	0.0	Inf	Inf
FE3DCITtonex	btal_c	-0.0	-5.4129463117801615	0.0	-0.0	Inf
FE3DCITtonex	for_c	-0.0	-3.6086308745201072	0.002113841599715735	-0.0	0.0
FE3DCITtonex	dcyt_c	-0.0	0.0	0.0	Inf	Inf
FE3DCITtonex	fru_c	-0.0	-0.32219918522500957	0.0	-0.0	Inf
FE3DCITtonex	ca2_c	-0.0	-0.004485342650127677	21.651785247120646	-0.0	0.0
FE3DCITtonex	g3pe_c	-0.0	0.0	0.0	Inf	Inf
FE3DCITtonex	g3pi_c	0.0	0.0	0.0	Inf	Inf
FE3DCITtonex	cbm_c	-0.0	-3.958921120954846	0.0	-0.0	Inf
FE3DCITtonex	dha_c	-0.0	-0.6443983704500191	1.4392938113174931	-0.0	0.0
FE3DCITtonex	gal_c	-0.0	0.0	0.0	Inf	Inf
FE3DCITtonex	dhgly_c	-0.0	-0.00019216741805650083	0.26062253353383646	-0.0	0.0
FE3DCITtonex	dhmptp_c	0.0	0.0	0.0	Inf	Inf
FE3DCITtonex	gcald_c	-0.0	-1.0023974651444743	0.0005765022542618681	-0.0	0.0
FE3DCITtonex	dhptd_c	-0.0	-45.885353391730746	0.00038605831072402783	-0.0	0.0
FE3DCITtonex	cechddd_c	-0.0	0.0	0.0	Inf	Inf
FE3DCITtonex	dhptdn_c	0.0	0.0	0.0	Inf	Inf
FE3DCITtonex	chol_c	0.0	0.0	0.0	Inf	Inf
FE3DCITtonex	chtbs6p_c	-0.0	0.0	0.0	Inf	Inf
FE3DCITtonex	dmbzid_c	0.0	0.0	0.0	Inf	Inf
FE3DCITtonex	dms_c	0.0	0.0	0.0	Inf	Inf
FE3DCITtonex	dmso_c	0.0	0.0	0.0	Inf	Inf
FE3DCITtonex	cl_c	-0.0	-0.004485342650127677	43.30357049424129	-0.0	0.0
FE3DCITtonex	glc__D_c	-0.0	-0.32219918522500957	0.0	-0.0	Inf
FE3DCITtonex	co2_c	-0.0	-976.8729253498464	23.124960808553965	-0.0	0.0
FE3DCITtonex	dscl_c	-0.0	-0.00019216741805650083	0.06018146470527284	-0.0	0.0
FE3DCITtonex	dtdp4aaddg_c	-0.0	0.0	0.0	Inf	Inf
FE3DCITtonex	glyald_c	-0.0	-1000.0	0.0	-0.0	Inf
FE3DCITtonex	crn_c	-0.0	-21.651785247120646	0.0	-0.0	Inf
FE3DCITtonex	duri_c	-0.0	0.0	0.0	Inf	Inf
FE3DCITtonex	glyb_c	0.0	0.0	0.0	Inf	Inf
FE3DCITtonex	glyc_c	-0.0	-0.11980561344196948	0.0	-0.0	Inf
FE3DCITtonex	dxyl_c	0.0	0.0	0.0	Inf	Inf
FE3DCITtonex	glycogen_c	-0.0	-0.30409810740337984	0.0	-0.0	Inf
FE3DCITtonex	gmhep1p_c	-0.0	0.0	0.5675368136989051	Inf	0.0
FE3DCITtonex	lipa_cold_c	-0.0	0.0	0.0	Inf	Inf
FE3DCITtonex	lipidA_c	-0.0	-0.016765960922441536	0.04937009056126136	-0.0	0.0
FE3DCITtonex	malt_c	0.0	0.0	0.0	Inf	Inf
FE3DCITtonex	h2_c	-0.0	0.0	0.0	Inf	Inf
FE3DCITtonex	malthx_c	-0.0	0.0	0.0	Inf	Inf
FE3DCITtonex	maltpt_c	-0.0	0.0	0.0	Inf	Inf
FE3DCITtonex	malttr_c	-0.0	0.0	0.0	Inf	Inf
FE3DCITtonex	maltttr_c	-0.0	0.0	0.0	Inf	Inf
FE3DCITtonex	h2o2_c	-0.0	-0.0014011848500991306	12.817091796034317	-0.0	0.0
FE3DCITtonex	man_c	-0.0	0.0	0.0	Inf	Inf
FE3DCITtonex	mdhdhf_c	-0.0	-45.885353391730746	0.00038605831072402783	-0.0	0.0
FE3DCITtonex	melib_c	-0.0	0.0	0.0	Inf	Inf
FE3DCITtonex	meoh_c	-0.0	-999.9999982765254	1.7234746110261767e-06	-0.0	0.0
FE3DCITtonex	pacald_c	-0.0	-21.651785247120646	0.0	-0.0	Inf
FE3DCITtonex	metsox_S__L_c	-0.0	-0.09622331047376065	0.0	-0.0	Inf
FE3DCITtonex	mg2_c	-0.0	-0.007475571083546129	10.825892623560323	-0.0	0.0
FE3DCITtonex	hhlipa_c	-0.0	0.0	0.0	Inf	Inf
FE3DCITtonex	pe120_c	-0.0	0.0	0.0	Inf	Inf
FE3DCITtonex	mobd_c	-0.0	-0.00011116411178591079	15.976161305624174	-0.0	0.0
FE3DCITtonex	hlipa_c	-0.0	0.0	0.0	Inf	Inf
FE3DCITtonex	pg120_c	-0.0	-0.052349577483367125	0.0	-0.0	Inf
FE3DCITtonex	mql8_c	0.0	0.0	0.0	Inf	Inf
FE3DCITtonex	mqn8_c	-0.0	0.0	0.0	Inf	Inf
FE3DCITtonex	mthgxl_c	-0.0	0.0	0.0	Inf	Inf
FE3DCITtonex	hqn_c	0.0	0.0	0.0	Inf	Inf
FE3DCITtonex	mththf_c	-0.0	-999.9996139416893	0.00038605831072402783	-0.0	0.0
FE3DCITtonex	n2o_c	-0.0	-1000.0	0.0	-0.0	Inf
FE3DCITtonex	na1_c	-0.0	0.0	0.0	Inf	Inf
FE3DCITtonex	nac_c	-0.0	0.0	0.0	Inf	Inf
FE3DCITtonex	ncam_c	-0.0	0.0	0.0	Inf	Inf
FE3DCITtonex	ni2_c	-0.0	-0.00027834114812668056	999.9997216588519	-0.0	0.0
FE3DCITtonex	no_c	-0.0	-1000.0	0.0	-0.0	Inf
FE3DCITtonex	indole_c	-0.0	-0.04898373338379227	0.41335475564357504	-0.0	0.0
FE3DCITtonex	no2_c	-0.0	-21.651785247120646	0.0	-0.0	Inf
FE3DCITtonex	no3_c	0.0	0.0	0.0	Inf	Inf
FE3DCITtonex	inost_c	0.0	0.0	0.0	Inf	Inf
FE3DCITtonex	o2_c	-0.0	-21.288208253769653	978.7117917462303	-0.0	0.0
FE3DCITtonex	poaac_c	-0.0	-4.769003374813187	0.0	-0.0	Inf
FE3DCITtonex	ppal_c	-0.0	0.0	0.0	Inf	Inf
FE3DCITtonex	k_c	-0.0	-0.16820508893588595	63.9046452224967	-0.0	0.0
FE3DCITtonex	psclys_c	-0.0	0.0	0.0	Inf	Inf
FE3DCITtonex	lald__D_c	-0.0	0.0	0.0	Inf	Inf
FE3DCITtonex	lald__L_c	-0.0	-0.6443983704500191	0.0	-0.0	Inf
FE3DCITtonex	ura_c	-0.0	-0.2850583903855295	0.0	-0.0	Inf
FE3DCITtonex	pydx_c	-0.0	0.0	0.5096064212320311	Inf	0.0
FE3DCITtonex	uracp_c	-0.0	-4.653736459564584	0.0	-0.0	Inf
FE3DCITtonex	pydxn_c	-0.0	0.0	0.4826634835536005	Inf	0.0
FE3DCITtonex	urate_c	-0.0	-0.0014011848500991306	0.0	-0.0	Inf
FE3DCITtonex	q8_c	0.0	0.0	0.0	Inf	Inf
FE3DCITtonex	q8h2_c	-0.0	0.0	0.0	Inf	Inf
FE3DCITtonex	urea_c	-0.0	-1000.0	0.0	-0.0	Inf
FE3DCITtonex	uri_c	-0.0	0.0	0.0	Inf	Inf
FE3DCITtonex	rbflvrd_c	-0.0	0.0	0.20184663683669204	Inf	0.0
FE3DCITtonex	rbl__L_c	-0.0	-0.38663902227001146	0.0	-0.0	Inf
FE3DCITtonex	rdmbzi_c	0.0	0.0	0.0	Inf	Inf
FE3DCITtonex	thptdn_c	0.0	0.0	0.0	Inf	Inf
FE3DCITtonex	xan_c	-0.0	0.0	0.0	Inf	Inf
FE3DCITtonex	rephaccoa_c	-0.0	-0.0004963606854501701	0.0	-0.0	Inf
FE3DCITtonex	rib__D_c	-0.0	0.0	0.8192903233653422	Inf	0.0
FE3DCITtonex	xtsn_c	-0.0	0.0	0.0	Inf	Inf
FE3DCITtonex	rml_c	-0.0	-0.32219918522500957	0.0	-0.0	Inf
FE3DCITtonex	thym_c	-0.0	-63.9046452224967	0.0	-0.0	Inf
FE3DCITtonex	thymd_c	-0.0	-0.022548218210134724	0.0	-0.0	Inf
FE3DCITtonex	xu5p__L_c	-0.0	-0.35494729913312534	0.0	-0.0	Inf
FE3DCITtonex	rmn_c	-0.0	-0.32219918522500957	0.0	-0.0	Inf
FE3DCITtonex	xyl__D_c	0.0	0.0	0.0	Inf	Inf
FE3DCITtonex	tmao_c	0.0	0.0	0.0	Inf	Inf
FE3DCITtonex	xylu__D_c	-0.0	0.0	0.0	Inf	Inf
FE3DCITtonex	xylu__L_c	-0.0	-0.38663902227001146	0.0	-0.0	Inf
FE3DCITtonex	12ppd__R_e	-0.0	-1000.0	0.0	-0.0	Inf
FE3DCITtonex	12ppd__S_e	-0.0	-1000.0	0.0	-0.0	Inf
FE3DCITtonex	tre_c	-0.0	-0.16109959261250478	0.0	-0.0	Inf
FE3DCITtonex	seln_c	0.0	0.0	0.0	Inf	Inf
FE3DCITtonex	34dhpac_e	-0.0	-1000.0	0.0	-0.0	Inf
FE3DCITtonex	slnt_c	0.0	0.0	0.0	Inf	Inf
FE3DCITtonex	so2_c	0.0	0.0	0.0	Inf	Inf
FE3DCITtonex	so3_c	-0.0	-0.21360054819979268	3.132580648161603	-0.0	0.0
FE3DCITtonex	so4_c	-0.0	-0.21733876461019008	63.9046452224967	-0.0	0.0
FE3DCITtonex	4hoxpacd_e	-0.0	-1000.0	0.0	-0.0	Inf
FE3DCITtonex	5mtr_e	-0.0	0.0	0.0	Inf	Inf
FE3DCITtonex	LalaDgluMdap_e	-0.0	-1000.0	0.0	-0.0	Inf
FE3DCITtonex	ac_e	-0.0	0.0	0.0	Inf	Inf
FE3DCITtonex	acald_e	-0.0	-1000.0	0.0	-0.0	Inf
FE3DCITtonex	acgal_e	-0.0	-1000.0	0.0	-0.0	Inf
FE3DCITtonex	acgam_e	-0.0	-1000.0	0.0	-0.0	Inf
FE3DCITtonex	acmana_e	-0.0	-1000.0	0.0	-0.0	Inf
FE3DCITtonex	tagur_c	-0.0	0.0	0.0	Inf	Inf
FE3DCITtonex	tartr__L_c	-0.0	-0.6521622062385737	0.0	-0.0	Inf
FE3DCITtonex	ade_e	-0.0	-1000.0	0.0	-0.0	Inf
FE3DCITtonex	adn_e	-0.0	-1000.0	0.0	-0.0	Inf
FE3DCITtonex	all__D_e	-0.0	-1000.0	0.0	-0.0	Inf
FE3DCITtonex	cl_e	-0.0	-0.004485342650127677	999.9955146573499	-0.0	0.0
FE3DCITtonex	alltn_e	-0.0	0.0	0.0	Inf	Inf
FE3DCITtonex	cm_e	-0.0	-1000.0	0.0	-0.0	Inf
FE3DCITtonex	co2_e	-0.0	-976.8729253498464	23.127074650153645	-0.0	0.0
FE3DCITtonex	arab__L_e	-0.0	-1000.0	0.0	-0.0	Inf
FE3DCITtonex	arbt_e	-0.0	-1000.0	0.0	-0.0	Inf
FE3DCITtonex	unagamu_c	-0.0	0.0	0.044921021525725226	Inf	0.0
FE3DCITtonex	crn_e	-0.0	-1000.0	0.0	-0.0	Inf
FE3DCITtonex	csn_e	-0.0	-1000.0	0.0	-0.0	Inf
FE3DCITtonex	cyan_e	-0.0	-1000.0	0.0	-0.0	Inf
FE3DCITtonex	glyb_e	-0.0	-1000.0	0.0	-0.0	Inf
FE3DCITtonex	glyc_e	-0.0	-1000.0	0.0	-0.0	Inf
FE3DCITtonex	cytd_e	-0.0	-1000.0	0.0	-0.0	Inf
FE3DCITtonex	ca2_e	-0.0	-0.004485342650127677	999.9955146573499	-0.0	0.0
FE3DCITtonex	dad_2_e	-0.0	-1000.0	0.0	-0.0	Inf
FE3DCITtonex	dcyt_e	-0.0	-1000.0	0.0	-0.0	Inf
FE3DCITtonex	chol_e	-0.0	-1000.0	0.0	-0.0	Inf
FE3DCITtonex	dha_e	-0.0	-1000.0	0.0	-0.0	Inf
FE3DCITtonex	ppal_e	-0.0	-1000.0	0.0	-0.0	Inf
FE3DCITtonex	h2_e	-0.0	-1000.0	0.0	-0.0	Inf
FE3DCITtonex	dms_e	-0.0	-1000.0	0.0	-0.0	Inf
FE3DCITtonex	dmso_e	-0.0	-1000.0	0.0	-0.0	Inf
FE3DCITtonex	h2o2_e	-0.0	-1000.0	0.0	-0.0	Inf
FE3DCITtonex	psclys_e	-0.0	-1000.0	0.0	-0.0	Inf
FE3DCITtonex	duri_e	-0.0	-1000.0	0.0	-0.0	Inf
FE3DCITtonex	pydx_e	-0.0	-1000.0	0.0	-0.0	Inf
FE3DCITtonex	pydxn_e	-0.0	-1000.0	0.0	-0.0	Inf
FE3DCITtonex	etoh_e	-0.0	-1000.0	0.0	-0.0	Inf
FE3DCITtonex	fald_e	-0.0	0.0	0.0	Inf	Inf
FE3DCITtonex	rib__D_e	-0.0	-1000.0	0.0	-0.0	Inf
FE3DCITtonex	rmn_e	-0.0	-1000.0	0.0	-0.0	Inf
FE3DCITtonex	indole_e	-0.0	-1000.0	0.0	-0.0	Inf
FE3DCITtonex	inost_e	-0.0	-1000.0	0.0	-0.0	Inf
FE3DCITtonex	sbt__D_e	-0.0	-0.30409810740337984	0.0	-0.0	Inf
FE3DCITtonex	k_e	-0.0	-0.16820508893590613	999.8317949110641	-0.0	0.0
FE3DCITtonex	for_e	-0.0	0.0	0.002113841599715735	Inf	0.0
FE3DCITtonex	slnt_e	-0.0	0.0	1000.0	Inf	0.0
FE3DCITtonex	fru_e	-0.0	-1000.0	0.0	-0.0	Inf
FE3DCITtonex	so2_e	-0.0	-1000.0	0.0	-0.0	Inf
FE3DCITtonex	so3_e	-0.0	-1000.0	0.0	-0.0	Inf
FE3DCITtonex	so4_e	-0.0	-0.21733876461019008	999.7826612353898	-0.0	0.0
FE3DCITtonex	lipa_cold_e	-0.0	-1000.0	0.0	-0.0	Inf
FE3DCITtonex	sucr_e	-0.0	-1000.0	0.0	-0.0	Inf
FE3DCITtonex	g3pe_e	-0.0	-1000.0	0.0	-0.0	Inf
FE3DCITtonex	malt_e	-0.0	-1000.0	0.0	-0.0	Inf
FE3DCITtonex	tartr__L_e	-0.0	-1000.0	0.0	-0.0	Inf
FE3DCITtonex	g3pi_e	-0.0	-1000.0	0.0	-0.0	Inf
FE3DCITtonex	malthx_e	-0.0	-1000.0	0.0	-0.0	Inf
FE3DCITtonex	maltpt_e	-0.0	-1000.0	0.0	-0.0	Inf
FE3DCITtonex	gal_e	-0.0	-1000.0	0.0	-0.0	Inf
FE3DCITtonex	gal_bD_e	-0.0	-1000.0	0.0	-0.0	Inf
FE3DCITtonex	malttr_e	-0.0	-1000.0	0.0	-0.0	Inf
FE3DCITtonex	maltttr_e	-0.0	-1000.0	0.0	-0.0	Inf
FE3DCITtonex	man_e	-0.0	-1000.0	0.0	-0.0	Inf
FE3DCITtonex	thym_e	-0.0	-1000.0	0.0	-0.0	Inf
FE3DCITtonex	thymd_e	-0.0	-1000.0	0.0	-0.0	Inf
FE3DCITtonex	galt_e	-0.0	-0.30409810740337984	0.0	-0.0	Inf
FE3DCITtonex	melib_e	-0.0	-1000.0	0.0	-0.0	Inf
FE3DCITtonex	meoh_e	-0.0	-999.9999982765254	1.7234746110261767e-06	-0.0	0.0
FE3DCITtonex	tmao_e	-0.0	-1000.0	0.0	-0.0	Inf
FE3DCITtonex	tre_e	-0.0	-1000.0	0.0	-0.0	Inf
FE3DCITtonex	metsox_S__L_e	-0.0	-1000.0	0.0	-0.0	Inf
FE3DCITtonex	glc__D_e	-0.0	-0.32219918522500957	0.7196469056587466	-0.0	0.0
FE3DCITtonex	mg2_e	-0.0	-0.007475571083546129	999.9925244289165	-0.0	0.0
FE3DCITtonex	mnl_e	-0.0	-1000.0	0.0	-0.0	Inf
FE3DCITtonex	mobd_e	-0.0	-0.00011116411178591079	999.9998888358882	-0.0	0.0
FE3DCITtonex	glyald_e	-0.0	-1000.0	0.0	-0.0	Inf
FE3DCITtonex	n2o_e	-0.0	-1000.0	0.0	-0.0	Inf
FE3DCITtonex	na1_e	-0.0	0.0	1000.0	Inf	0.0
FE3DCITtonex	nac_e	-0.0	-1000.0	0.0	-0.0	Inf
FE3DCITtonex	ni2_e	-0.0	-0.00027834114814595523	999.9997216588519	-0.0	0.0
FE3DCITtonex	no_e	-0.0	-1000.0	0.0	-0.0	Inf
FE3DCITtonex	no2_e	-0.0	-1000.0	0.0	-0.0	Inf
FE3DCITtonex	ura_e	-0.0	-1000.0	0.0	-0.0	Inf
FE3DCITtonex	no3_e	-0.0	-1000.0	0.0	-0.0	Inf
FE3DCITtonex	urea_e	-0.0	-1000.0	0.0	-0.0	Inf
FE3DCITtonex	novbcn_e	-0.0	-1000.0	0.0	-0.0	Inf
FE3DCITtonex	uri_e	-0.0	-1000.0	0.0	-0.0	Inf
FE3DCITtonex	o2_e	-0.0	-21.288208253769653	978.7117917462303	-0.0	0.0
FE3DCITtonex	xan_e	-0.0	0.0	0.0	Inf	Inf
FE3DCITtonex	xtsn_e	-0.0	-1000.0	0.0	-0.0	Inf
FE3DCITtonex	xyl__D_e	-0.0	-1000.0	0.0	-0.0	Inf
FE3DCITtonex	xylu__L_e	-0.0	-1000.0	0.0	-0.0	Inf
FE3DCITtonex	pacald_e	-0.0	-1000.0	0.0	-0.0	Inf
FE3DCITtonex	12dgr120_p	-0.0	-0.058613387241799264	0.0	-0.0	Inf
FE3DCITtonex	12dgr140_p	-0.0	0.0	0.0	Inf	Inf
FE3DCITtonex	12dgr160_p	-0.0	0.0	0.0	Inf	Inf
FE3DCITtonex	12dgr180_p	-0.0	0.0	0.0	Inf	Inf
FE3DCITtonex	12ppd__R_p	-0.0	-1000.0	0.0	-0.0	Inf
FE3DCITtonex	12ppd__S_p	-0.0	0.0	0.0	Inf	Inf
FE3DCITtonex	chol_p	-0.0	-1000.0	0.0	-0.0	Inf
FE3DCITtonex	cl_p	-0.0	-0.004485342650127677	999.9955146573499	-0.0	0.0
FE3DCITtonex	34dhpac_p	-0.0	-1000.0	0.0	-0.0	Inf
FE3DCITtonex	cm_p	-0.0	0.0	0.0	Inf	Inf
FE3DCITtonex	4hoxpacd_p	-0.0	-1000.0	0.0	-0.0	Inf
FE3DCITtonex	co2_p	-0.0	-976.8729253498464	23.127074650153645	-0.0	0.0
FE3DCITtonex	5mtr_p	-0.0	0.0	0.0	Inf	Inf
FE3DCITtonex	LalaDgluMdap_p	-0.0	-0.023945956111901548	0.0	-0.0	Inf
FE3DCITtonex	gal_p	-0.0	-1000.0	0.0	-0.0	Inf
FE3DCITtonex	ac_p	-0.0	-1.2302150708591275	0.0	-0.0	Inf
FE3DCITtonex	crn_p	-0.0	-1000.0	0.0	-0.0	Inf
FE3DCITtonex	gal_bD_p	-0.0	-1000.0	0.0	-0.0	Inf
FE3DCITtonex	acald_p	-0.0	-1000.0	0.0	-0.0	Inf
FE3DCITtonex	acgal_p	-0.0	-1000.0	0.0	-0.0	Inf
FE3DCITtonex	csn_p	-0.0	0.0	0.0	Inf	Inf
FE3DCITtonex	acgam_p	-0.0	-1000.0	0.0	-0.0	Inf
FE3DCITtonex	galt_p	-0.0	-0.30409810740337984	0.0	-0.0	Inf
FE3DCITtonex	acmana_p	-0.0	-1000.0	0.0	-0.0	Inf
FE3DCITtonex	cyan_p	-0.0	0.0	0.0	Inf	Inf
FE3DCITtonex	ade_p	-0.0	-1000.0	0.0	-0.0	Inf
FE3DCITtonex	adn_p	-0.0	0.0	0.0005799492033819322	Inf	0.0
FE3DCITtonex	cytd_p	-0.0	-0.13833038019510702	0.0	-0.0	Inf
FE3DCITtonex	glc__D_p	-0.0	-0.32219918522500957	0.7196469056587466	-0.0	0.0
FE3DCITtonex	dad_2_p	-0.0	-1000.0	0.0	-0.0	Inf
FE3DCITtonex	dcyt_p	-0.0	-1000.0	0.0	-0.0	Inf
FE3DCITtonex	all__D_p	-0.0	0.0	0.0	Inf	Inf
FE3DCITtonex	alltn_p	-0.0	0.0	0.0	Inf	Inf
FE3DCITtonex	dha_p	-0.0	-1000.0	0.0	-0.0	Inf
FE3DCITtonex	glyald_p	-0.0	-1000.0	0.0	-0.0	Inf
FE3DCITtonex	glyb_p	0.0	0.0	0.0	Inf	Inf
FE3DCITtonex	dms_p	-0.0	-1000.0	0.0	-0.0	Inf
FE3DCITtonex	glyc_p	-0.0	-0.11980561344196948	0.0	-0.0	Inf
FE3DCITtonex	dmso_p	-0.0	-1000.0	0.0	-0.0	Inf
FE3DCITtonex	arab__L_p	-0.0	0.0	0.0	Inf	Inf
FE3DCITtonex	arbt_p	0.0	0.0	0.0	Inf	Inf
FE3DCITtonex	ca2_p	-0.0	-0.004485342650127677	999.9955146573499	-0.0	0.0
FE3DCITtonex	duri_p	-0.0	-1000.0	0.0	-0.0	Inf
FE3DCITtonex	h2_p	-0.0	-1000.0	0.0	-0.0	Inf
FE3DCITtonex	h2o2_p	-0.0	-1000.0	0.0	-0.0	Inf
FE3DCITtonex	etoh_p	-0.0	-1000.0	0.0	-0.0	Inf
FE3DCITtonex	fald_p	-0.0	0.0	0.0	Inf	Inf
FE3DCITtonex	n2o_p	-0.0	-1000.0	0.0	-0.0	Inf
FE3DCITtonex	na1_p	-0.0	0.0	0.0	Inf	Inf
FE3DCITtonex	indole_p	-0.0	0.0	0.41604586733396287	Inf	0.0
FE3DCITtonex	nac_p	-0.0	-1000.0	0.0	-0.0	Inf
FE3DCITtonex	ni2_p	-0.0	-0.00027834114814595523	999.9997216588519	-0.0	0.0
FE3DCITtonex	inost_p	-0.0	-1000.0	0.0	-0.0	Inf
FE3DCITtonex	no_p	-0.0	-1000.0	0.0	-0.0	Inf
FE3DCITtonex	no2_p	-0.0	-1000.0	0.0	-0.0	Inf
FE3DCITtonex	for_p	-0.0	-3.6086308745201072	0.002113841599715735	-0.0	0.0
FE3DCITtonex	fru_p	-0.0	-1000.0	0.0	-0.0	Inf
FE3DCITtonex	no3_p	-0.0	0.0	0.0	Inf	Inf
FE3DCITtonex	k_p	-0.0	-0.16820508893590613	999.8317949110641	-0.0	0.0
FE3DCITtonex	novbcn_p	-0.0	0.0	0.0	Inf	Inf
FE3DCITtonex	o2_p	-0.0	-21.288208253769653	978.7117917462303	-0.0	0.0
FE3DCITtonex	lipa_cold_p	-0.0	-15.976161305624174	0.0	-0.0	Inf
FE3DCITtonex	g3pe_p	-0.0	0.0	0.0	Inf	Inf
FE3DCITtonex	g3pi_p	-0.0	0.0	0.0	Inf	Inf
FE3DCITtonex	so3_p	-0.0	-1000.0	0.0	-0.0	Inf
FE3DCITtonex	so4_p	-0.0	-0.21733876461019008	999.7826612353898	-0.0	0.0
FE3DCITtonex	malt_p	0.0	0.0	0.0	Inf	Inf
FE3DCITtonex	malthx_p	0.0	0.0	0.0	Inf	Inf
FE3DCITtonex	maltpt_p	0.0	0.0	0.0	Inf	Inf
FE3DCITtonex	sucr_p	-0.0	-1000.0	0.0	-0.0	Inf
FE3DCITtonex	malttr_p	0.0	0.0	0.0	Inf	Inf
FE3DCITtonex	maltttr_p	0.0	0.0	0.0	Inf	Inf
FE3DCITtonex	pacald_p	-0.0	-1000.0	0.0	-0.0	Inf
FE3DCITtonex	man_p	-0.0	-1000.0	0.0	-0.0	Inf
FE3DCITtonex	tartr__L_p	-0.0	-1000.0	0.0	-0.0	Inf
FE3DCITtonex	pe120_p	-0.0	0.0	0.0	Inf	Inf
FE3DCITtonex	melib_p	-0.0	-1000.0	0.0	-0.0	Inf
FE3DCITtonex	meoh_p	-0.0	-999.9999982765254	1.7234746110261767e-06	-0.0	0.0
FE3DCITtonex	thym_p	-0.0	-1000.0	0.0	-0.0	Inf
FE3DCITtonex	thymd_p	-0.0	-0.022548218210134724	0.0	-0.0	Inf
FE3DCITtonex	pg120_p	-0.0	-0.05184814474885211	0.0	-0.0	Inf
FE3DCITtonex	metsox_S__L_p	-0.0	-1000.0	0.0	-0.0	Inf
FE3DCITtonex	tmao_p	-0.0	-1000.0	0.0	-0.0	Inf
FE3DCITtonex	mg2_p	-0.0	-0.007475571083546129	999.9925244289165	-0.0	0.0
FE3DCITtonex	tre_p	-0.0	0.0	0.0	Inf	Inf
FE3DCITtonex	mnl_p	-0.0	0.0	0.0	Inf	Inf
FE3DCITtonex	mobd_p	-0.0	-0.00011116411178591079	999.9998888358882	-0.0	0.0
FE3DCITtonex	ura_p	-0.0	-1000.0	0.0	-0.0	Inf
FE3DCITtonex	urea_p	-0.0	-1000.0	0.0	-0.0	Inf
FE3DCITtonex	uri_p	-0.0	0.0	0.0	Inf	Inf
FE3DCITtonex	xan_p	-0.0	0.0	0.0	Inf	Inf
FE3DCITtonex	xtsn_p	-0.0	0.0	0.0	Inf	Inf
FE3DCITtonex	xyl__D_p	-0.0	0.0	0.0	Inf	Inf
FE3DCITtonex	xylu__L_p	-0.0	-1000.0	0.0	-0.0	Inf
FE3DCITtonex	ppal_p	-0.0	-1000.0	0.0	-0.0	Inf
FE3DCITtonex	psclys_p	-0.0	-1000.0	0.0	-0.0	Inf
FE3DCITtonex	pydx_p	-0.0	0.0	0.0	Inf	Inf
FE3DCITtonex	pydxn_p	-0.0	0.0	0.0	Inf	Inf
FE3DCITtonex	rib__D_p	-0.0	-1000.0	0.0	-0.0	Inf
FE3DCITtonex	rmn_p	-0.0	-1000.0	0.0	-0.0	Inf
FE3DCITtonex	sbt__D_p	-0.0	-0.30409810740337984	0.0	-0.0	Inf
FE3DCITtonex	slnt_p	-0.0	0.0	0.0	Inf	Inf
FE3DCITtonex	so2_p	-0.0	-1000.0	0.0	-0.0	Inf
