Reaction	Metabolite	ShadowPrice	G-	G+	DecrementalShadowPrice	IncrementalShadowPrice
GLUABUTt7pp_f	12dgr120_c	-0.0	0.0	0.0	Inf	Inf
GLUABUTt7pp_f	12dgr140_c	-0.0	0.0	0.0	Inf	Inf
GLUABUTt7pp_f	12dgr160_c	-0.0	-0.0549909041069845	0.0	-0.0	Inf
GLUABUTt7pp_f	12dgr180_c	-0.0	0.0	0.0	Inf	Inf
GLUABUTt7pp_f	12ppd__R_c	-0.0	-1000.0	0.0	-0.0	Inf
GLUABUTt7pp_f	12ppd__S_c	-0.0	0.0	0.0	Inf	Inf
GLUABUTt7pp_f	5drib_c	-0.0	-999.9998061091073	0.0001938908926579044	-0.0	0.0
GLUABUTt7pp_f	5mta_c	-0.0	-0.09410946887396676	0.0	-0.0	Inf
GLUABUTt7pp_f	23dhacoa_c	-0.0	-0.0004963606852470548	0.0	-0.0	Inf
GLUABUTt7pp_f	5mtr_c	-0.0	-927.1855745393051	0.0	-0.0	Inf
GLUABUTt7pp_f	3amac_c	-0.0	-7.917842241910293	0.0	-0.0	Inf
GLUABUTt7pp_f	LalaDgluMdap_c	-0.0	-0.023945956111901548	0.0	-0.0	Inf
GLUABUTt7pp_f	ac_c	-0.0	-1.546781413466846	0.502027469693644	-0.0	0.0
GLUABUTt7pp_f	acald_c	-0.0	0.0	2.1735649391252196	Inf	0.0
GLUABUTt7pp_f	acetol_c	-0.0	0.0	0.0	Inf	Inf
GLUABUTt7pp_f	acgam_c	-0.0	-0.0814238340687123	0.0	-0.0	Inf
GLUABUTt7pp_f	acgam6p_c	-0.0	-0.0814238340687123	0.0	-0.0	Inf
GLUABUTt7pp_f	acmalt_c	0.0	0.0	0.0	Inf	Inf
GLUABUTt7pp_f	acmana_c	-0.0	-0.0814238340687123	0.0	-0.0	Inf
GLUABUTt7pp_f	2dmmq8_c	-0.0	0.0	0.0	Inf	Inf
GLUABUTt7pp_f	2dmmql8_c	0.0	0.0	0.0	Inf	Inf
GLUABUTt7pp_f	ade_c	-0.0	-0.09410946887396676	0.0005799492033819322	-0.0	0.0
GLUABUTt7pp_f	adn_c	-0.0	0.0	0.0005799492033819322	Inf	0.0
GLUABUTt7pp_f	3sala_c	0.0	0.0	0.0	Inf	Inf
GLUABUTt7pp_f	adphep_DD_c	-0.0	0.0	0.0	Inf	Inf
GLUABUTt7pp_f	adphep_LD_c	-0.0	0.0	0.0	Inf	Inf
GLUABUTt7pp_f	4ahmmp_c	0.0	0.0	0.0	Inf	Inf
GLUABUTt7pp_f	4crsol_c	-0.0	-999.999807832582	0.00019216741805650083	-0.0	0.0
GLUABUTt7pp_f	2ohph_c	-0.0	-0.00019216741805650083	0.07717480176014294	-0.0	0.0
GLUABUTt7pp_f	2ombzl_c	-0.0	0.0	0.0	Inf	Inf
GLUABUTt7pp_f	2omhmbl_c	-0.0	0.0	0.0	Inf	Inf
GLUABUTt7pp_f	2ommbl_c	0.0	0.0	0.0	Inf	Inf
GLUABUTt7pp_f	2omph_c	-0.0	0.0	0.06957900187357369	Inf	0.0
GLUABUTt7pp_f	4mhetz_c	0.0	0.0	0.0	Inf	Inf
GLUABUTt7pp_f	2oph_c	-0.0	-0.00019216741805650083	0.07717480176014294	-0.0	0.0
GLUABUTt7pp_f	2oxpaccoa_c	-0.0	-0.0004963606852470548	0.0	-0.0	Inf
GLUABUTt7pp_f	all__D_c	-0.0	-4.170618959898435	0.0	-0.0	Inf
GLUABUTt7pp_f	alltn_c	-0.0	-1.546781413466846	0.0	-0.0	Inf
GLUABUTt7pp_f	4r5au_c	-0.0	-0.0003843348358714138	0.47282094454996665	-0.0	0.0
GLUABUTt7pp_f	56dura_c	0.0	0.0	0.0	Inf	Inf
GLUABUTt7pp_f	arab__L_c	-0.0	-4.170618959898435	0.0	-0.0	Inf
GLUABUTt7pp_f	etoh_c	-0.0	-1000.0	0.0	-0.0	Inf
GLUABUTt7pp_f	csn_c	-0.0	0.0	0.0	Inf	Inf
GLUABUTt7pp_f	fald_c	-0.0	0.0	0.0	Inf	Inf
GLUABUTt7pp_f	fc1p_c	-0.0	0.0	0.0	Inf	Inf
GLUABUTt7pp_f	fcl__L_c	-0.0	0.0	0.0	Inf	Inf
GLUABUTt7pp_f	aso4_c	0.0	0.0	0.0	Inf	Inf
GLUABUTt7pp_f	cyan_c	0.0	0.0	0.0	Inf	Inf
GLUABUTt7pp_f	athtp_c	0.0	0.0	0.0	Inf	Inf
GLUABUTt7pp_f	cytd_c	-0.0	-0.13833038019515698	0.0	-0.0	Inf
GLUABUTt7pp_f	dad_2_c	-0.0	0.0	0.0	Inf	Inf
GLUABUTt7pp_f	dad_5_c	-0.0	-0.09410946887396676	0.0001938908926579044	-0.0	0.0
GLUABUTt7pp_f	betald_c	0.0	0.0	0.0	Inf	Inf
GLUABUTt7pp_f	btal_c	-0.0	-132.45508207704358	0.0	-0.0	Inf
GLUABUTt7pp_f	for_c	-0.0	-0.09410946887396676	0.00211384159786121	-0.0	0.0
GLUABUTt7pp_f	dcyt_c	-0.0	-0.02254821821020414	0.0	-0.0	Inf
GLUABUTt7pp_f	fru_c	-0.0	0.0	0.8321648624079414	Inf	0.0
GLUABUTt7pp_f	ca2_c	-0.0	-0.004485342650127677	927.1855745393051	-0.0	0.0
GLUABUTt7pp_f	g3pe_c	-0.0	0.0	0.0	Inf	Inf
GLUABUTt7pp_f	g3pi_c	0.0	0.0	0.0	Inf	Inf
GLUABUTt7pp_f	cbm_c	-0.0	-3.9589211209551465	0.0	-0.0	Inf
GLUABUTt7pp_f	dha_c	-0.0	-22.0758470128406	0.0	-0.0	Inf
GLUABUTt7pp_f	gal_c	-0.0	0.0	0.0	Inf	Inf
GLUABUTt7pp_f	dhgly_c	-0.0	-0.00019216741805650083	0.29149148600249647	-0.0	0.0
GLUABUTt7pp_f	dhmptp_c	0.0	0.0	0.0	Inf	Inf
GLUABUTt7pp_f	gcald_c	-0.0	-1.546781413466846	0.0005765022541481812	-0.0	0.0
GLUABUTt7pp_f	dhptd_c	-0.0	-45.885353391724834	0.00038605831072402783	-0.0	0.0
GLUABUTt7pp_f	cechddd_c	-0.0	0.0	0.0	Inf	Inf
GLUABUTt7pp_f	dhptdn_c	0.0	0.0	0.0	Inf	Inf
GLUABUTt7pp_f	chol_c	0.0	0.0	0.0	Inf	Inf
GLUABUTt7pp_f	chtbs6p_c	-0.0	0.0	0.0	Inf	Inf
GLUABUTt7pp_f	dmbzid_c	0.0	0.0	0.0	Inf	Inf
GLUABUTt7pp_f	dms_c	0.0	0.0	0.0	Inf	Inf
GLUABUTt7pp_f	dmso_c	0.0	0.0	0.0	Inf	Inf
GLUABUTt7pp_f	cl_c	-0.0	-0.004485342650127677	999.9955146573499	-0.0	0.0
GLUABUTt7pp_f	glc__D_c	-0.0	0.0	0.8321648624079414	Inf	0.0
GLUABUTt7pp_f	co2_c	-0.0	-976.8729253498228	23.12707465017718	-0.0	0.0
GLUABUTt7pp_f	dscl_c	-0.0	-0.00019216741805650083	0.08923208755178465	-0.0	0.0
GLUABUTt7pp_f	dtdp4aaddg_c	-0.0	0.0	0.0	Inf	Inf
GLUABUTt7pp_f	glyald_c	-0.0	-1000.0	0.0	-0.0	Inf
GLUABUTt7pp_f	crn_c	-0.0	-927.1855745393051	0.0	-0.0	Inf
GLUABUTt7pp_f	duri_c	-0.0	-0.02254821821020414	0.0	-0.0	Inf
GLUABUTt7pp_f	glyb_c	0.0	0.0	0.0	Inf	Inf
GLUABUTt7pp_f	glyc_c	-0.0	-0.11980561344196948	0.0	-0.0	Inf
GLUABUTt7pp_f	dxyl_c	0.0	0.0	0.0	Inf	Inf
GLUABUTt7pp_f	glycogen_c	-0.0	-4.170618959898435	0.0	-0.0	Inf
GLUABUTt7pp_f	gmhep1p_c	-0.0	0.0	0.6246246128624926	Inf	0.0
GLUABUTt7pp_f	lipa_cold_c	-0.0	0.0	0.0	Inf	Inf
GLUABUTt7pp_f	lipidA_c	-0.0	-0.016765960922441536	0.056620859611737843	-0.0	0.0
GLUABUTt7pp_f	malt_c	0.0	0.0	0.0	Inf	Inf
GLUABUTt7pp_f	h2_c	-0.0	0.0	0.0	Inf	Inf
GLUABUTt7pp_f	malthx_c	-0.0	0.0	0.0	Inf	Inf
GLUABUTt7pp_f	maltpt_c	-0.0	0.0	0.0	Inf	Inf
GLUABUTt7pp_f	malttr_c	-0.0	0.0	0.0	Inf	Inf
GLUABUTt7pp_f	maltttr_c	-0.0	0.0	0.0	Inf	Inf
GLUABUTt7pp_f	h2o2_c	-0.0	-0.0012090174320426297	4.4516219944335695	-0.0	0.0
GLUABUTt7pp_f	man_c	-0.0	0.0	0.0	Inf	Inf
GLUABUTt7pp_f	mdhdhf_c	-0.0	-45.885353391724834	0.00038605831072402783	-0.0	0.0
GLUABUTt7pp_f	melib_c	-0.0	0.0	0.0	Inf	Inf
GLUABUTt7pp_f	meoh_c	-0.0	-999.9999982765254	1.7234746110261767e-06	-0.0	0.0
GLUABUTt7pp_f	pacald_c	-0.0	-927.1855745393051	0.0	-0.0	Inf
GLUABUTt7pp_f	metsox_S__L_c	-0.0	-0.09410946887396676	0.0	-0.0	Inf
GLUABUTt7pp_f	mg2_c	-0.0	-0.007475571083546129	463.59278726965255	-0.0	0.0
GLUABUTt7pp_f	hhlipa_c	-0.0	0.0	0.0	Inf	Inf
GLUABUTt7pp_f	pe120_c	-0.0	0.0	0.0	Inf	Inf
GLUABUTt7pp_f	mobd_c	-0.0	-0.00011116411178591079	18.203606365173716	-0.0	0.0
GLUABUTt7pp_f	hlipa_c	-0.0	0.0	0.0	Inf	Inf
GLUABUTt7pp_f	pg120_c	-0.0	0.0	0.0	Inf	Inf
GLUABUTt7pp_f	mql8_c	0.0	0.0	0.0	Inf	Inf
GLUABUTt7pp_f	mqn8_c	-0.0	0.0	0.0	Inf	Inf
GLUABUTt7pp_f	mthgxl_c	-0.0	-1.546781413466846	0.0	-0.0	Inf
GLUABUTt7pp_f	hqn_c	0.0	0.0	0.0	Inf	Inf
GLUABUTt7pp_f	mththf_c	-0.0	-999.9996139416893	0.00038605831072402783	-0.0	0.0
GLUABUTt7pp_f	n2o_c	-0.0	-1000.0	0.0	-0.0	Inf
GLUABUTt7pp_f	na1_c	-0.0	0.0	0.0	Inf	Inf
GLUABUTt7pp_f	nac_c	-0.0	0.0	0.0	Inf	Inf
GLUABUTt7pp_f	ncam_c	-0.0	0.0	0.0	Inf	Inf
GLUABUTt7pp_f	ni2_c	-0.0	-0.00027834114812668056	999.9997216588519	-0.0	0.0
GLUABUTt7pp_f	no_c	-0.0	-1000.0	0.0	-0.0	Inf
GLUABUTt7pp_f	indole_c	-0.0	-0.04898373338379227	0.416416408574995	-0.0	0.0
GLUABUTt7pp_f	no2_c	-0.0	-927.1855745393051	0.0	-0.0	Inf
GLUABUTt7pp_f	no3_c	0.0	0.0	0.0	Inf	Inf
GLUABUTt7pp_f	inost_c	0.0	0.0	0.0	Inf	Inf
GLUABUTt7pp_f	o2_c	-0.0	-21.288208253788753	978.7117917462112	-0.0	0.0
GLUABUTt7pp_f	poaac_c	-0.0	-5.601109650822682	0.0	-0.0	Inf
GLUABUTt7pp_f	ppal_c	-0.0	0.0	0.0	Inf	Inf
GLUABUTt7pp_f	k_c	-0.0	-0.16820508893588595	72.81442546069486	-0.0	0.0
GLUABUTt7pp_f	psclys_c	-0.0	0.0	0.0	Inf	Inf
GLUABUTt7pp_f	lald__D_c	-0.0	0.0	0.0	Inf	Inf
GLUABUTt7pp_f	lald__L_c	-0.0	0.0	0.0	Inf	Inf
GLUABUTt7pp_f	ura_c	-0.0	0.0	0.0	Inf	Inf
GLUABUTt7pp_f	pydx_c	-0.0	0.0	0.0012090174320426297	Inf	0.0
GLUABUTt7pp_f	uracp_c	-0.0	-4.653736459560491	0.0	-0.0	Inf
GLUABUTt7pp_f	pydxn_c	-0.0	0.0	0.5143967400044056	Inf	0.0
GLUABUTt7pp_f	urate_c	-0.0	-0.0012090174320426297	0.0	-0.0	Inf
GLUABUTt7pp_f	q8_c	-0.0	0.0	0.0	Inf	Inf
GLUABUTt7pp_f	q8h2_c	0.0	0.0	0.0	Inf	Inf
GLUABUTt7pp_f	urea_c	-0.0	-1000.0	0.0	-0.0	Inf
GLUABUTt7pp_f	uri_c	-0.0	0.0	0.0	Inf	Inf
GLUABUTt7pp_f	rbflvrd_c	-0.0	0.0	0.04705473443698338	Inf	0.0
GLUABUTt7pp_f	rbl__L_c	-0.0	-4.170618959898435	0.0	-0.0	Inf
GLUABUTt7pp_f	rdmbzi_c	0.0	0.0	0.0	Inf	Inf
GLUABUTt7pp_f	thptdn_c	0.0	0.0	0.0	Inf	Inf
GLUABUTt7pp_f	xan_c	-0.0	0.0	0.0	Inf	Inf
GLUABUTt7pp_f	rephaccoa_c	-0.0	-0.0004963606852470548	0.0	-0.0	Inf
GLUABUTt7pp_f	rib__D_c	-0.0	0.0	0.8744744580074896	Inf	0.0
GLUABUTt7pp_f	xtsn_c	-0.0	0.0	0.0	Inf	Inf
GLUABUTt7pp_f	rml_c	-0.0	0.0	0.0	Inf	Inf
GLUABUTt7pp_f	thym_c	-0.0	-72.81442546069486	0.0	-0.0	Inf
GLUABUTt7pp_f	thymd_c	-0.0	-0.02254821821020414	0.0	-0.0	Inf
GLUABUTt7pp_f	xu5p__L_c	-0.0	-0.8312585141163711	0.0	-0.0	Inf
GLUABUTt7pp_f	rmn_c	-0.0	0.0	0.0	Inf	Inf
GLUABUTt7pp_f	xyl__D_c	0.0	0.0	0.0	Inf	Inf
GLUABUTt7pp_f	tmao_c	0.0	0.0	0.0	Inf	Inf
GLUABUTt7pp_f	xylu__D_c	-0.0	0.0	0.0	Inf	Inf
GLUABUTt7pp_f	xylu__L_c	-0.0	-4.170618959898435	0.0	-0.0	Inf
GLUABUTt7pp_f	12ppd__R_e	-0.0	-1000.0	0.0	-0.0	Inf
GLUABUTt7pp_f	12ppd__S_e	-0.0	-1000.0	0.0	-0.0	Inf
GLUABUTt7pp_f	tre_c	-0.0	0.0	0.0	Inf	Inf
GLUABUTt7pp_f	seln_c	0.0	0.0	0.0	Inf	Inf
GLUABUTt7pp_f	34dhpac_e	-0.0	-1000.0	0.0	-0.0	Inf
GLUABUTt7pp_f	slnt_c	0.0	0.0	0.0	Inf	Inf
GLUABUTt7pp_f	so2_c	0.0	0.0	0.0	Inf	Inf
GLUABUTt7pp_f	so3_c	-0.0	-0.21360054819958957	3.6407212730347434	-0.0	0.0
GLUABUTt7pp_f	so4_c	-0.0	-0.21733876461003396	72.81442546069486	-0.0	0.0
GLUABUTt7pp_f	4hoxpacd_e	-0.0	-1000.0	0.0	-0.0	Inf
GLUABUTt7pp_f	5mtr_e	-0.0	-1000.0	0.0	-0.0	Inf
GLUABUTt7pp_f	LalaDgluMdap_e	-0.0	-1000.0	0.0	-0.0	Inf
GLUABUTt7pp_f	ac_e	-0.0	0.0	0.0	Inf	Inf
GLUABUTt7pp_f	acald_e	-0.0	-1000.0	0.0	-0.0	Inf
GLUABUTt7pp_f	acgal_e	-0.0	-1000.0	0.0	-0.0	Inf
GLUABUTt7pp_f	acgam_e	-0.0	-1000.0	0.0	-0.0	Inf
GLUABUTt7pp_f	acmana_e	-0.0	-1000.0	0.0	-0.0	Inf
GLUABUTt7pp_f	tagur_c	-0.0	0.0	0.0	Inf	Inf
GLUABUTt7pp_f	tartr__L_c	-0.0	-0.773390706733423	0.0	-0.0	Inf
GLUABUTt7pp_f	ade_e	-0.0	-1000.0	0.0	-0.0	Inf
GLUABUTt7pp_f	adn_e	-0.0	-1000.0	0.0	-0.0	Inf
GLUABUTt7pp_f	all__D_e	-0.0	-1000.0	0.0	-0.0	Inf
GLUABUTt7pp_f	cl_e	-0.0	-0.004485342650127677	999.9955146573499	-0.0	0.0
GLUABUTt7pp_f	alltn_e	-0.0	0.0	0.0	Inf	Inf
GLUABUTt7pp_f	cm_e	-0.0	-1000.0	0.0	-0.0	Inf
GLUABUTt7pp_f	co2_e	-0.0	-976.8729253498228	23.12707465017718	-0.0	0.0
GLUABUTt7pp_f	arab__L_e	-0.0	-1000.0	0.0	-0.0	Inf
GLUABUTt7pp_f	arbt_e	-0.0	-1000.0	0.0	-0.0	Inf
GLUABUTt7pp_f	unagamu_c	-0.0	0.0	0.05263059303266706	Inf	0.0
GLUABUTt7pp_f	crn_e	-0.0	-1000.0	0.0	-0.0	Inf
GLUABUTt7pp_f	csn_e	-0.0	-1000.0	0.0	-0.0	Inf
GLUABUTt7pp_f	cyan_e	-0.0	-1000.0	0.0	-0.0	Inf
GLUABUTt7pp_f	glyb_e	-0.0	-1000.0	0.0	-0.0	Inf
GLUABUTt7pp_f	glyc_e	-0.0	-1000.0	0.0	-0.0	Inf
GLUABUTt7pp_f	cytd_e	-0.0	-1000.0	0.0	-0.0	Inf
GLUABUTt7pp_f	ca2_e	-0.0	-0.004485342650127677	999.9955146573499	-0.0	0.0
GLUABUTt7pp_f	dad_2_e	-0.0	-1000.0	0.0	-0.0	Inf
GLUABUTt7pp_f	dcyt_e	-0.0	-1000.0	0.0	-0.0	Inf
GLUABUTt7pp_f	chol_e	-0.0	-1000.0	0.0	-0.0	Inf
GLUABUTt7pp_f	dha_e	-0.0	-1000.0	0.0	-0.0	Inf
GLUABUTt7pp_f	ppal_e	-0.0	-1000.0	0.0	-0.0	Inf
GLUABUTt7pp_f	h2_e	-0.0	-1000.0	0.0	-0.0	Inf
GLUABUTt7pp_f	dms_e	-0.0	-1000.0	0.0	-0.0	Inf
GLUABUTt7pp_f	dmso_e	-0.0	-1000.0	0.0	-0.0	Inf
GLUABUTt7pp_f	h2o2_e	-0.0	-1000.0	0.0	-0.0	Inf
GLUABUTt7pp_f	psclys_e	-0.0	-1000.0	0.0	-0.0	Inf
GLUABUTt7pp_f	duri_e	-0.0	-1000.0	0.0	-0.0	Inf
GLUABUTt7pp_f	pydx_e	-0.0	-1000.0	0.0	-0.0	Inf
GLUABUTt7pp_f	pydxn_e	-0.0	-1000.0	0.0	-0.0	Inf
GLUABUTt7pp_f	etoh_e	-0.0	-1000.0	0.0	-0.0	Inf
GLUABUTt7pp_f	fald_e	-0.0	0.0	0.0	Inf	Inf
GLUABUTt7pp_f	rib__D_e	-0.0	-1000.0	0.0	-0.0	Inf
GLUABUTt7pp_f	rmn_e	-0.0	-1000.0	0.0	-0.0	Inf
GLUABUTt7pp_f	indole_e	-0.0	-1000.0	0.0	-0.0	Inf
GLUABUTt7pp_f	inost_e	-0.0	-1000.0	0.0	-0.0	Inf
GLUABUTt7pp_f	sbt__D_e	-0.0	-1.546781413466846	0.0	-0.0	Inf
GLUABUTt7pp_f	k_e	-0.0	-0.16820508893590613	999.8317949110641	-0.0	0.0
GLUABUTt7pp_f	for_e	-0.0	0.0	0.00211384159786121	Inf	0.0
GLUABUTt7pp_f	slnt_e	-0.0	0.0	1000.0	Inf	0.0
GLUABUTt7pp_f	fru_e	-0.0	-1000.0	0.0	-0.0	Inf
GLUABUTt7pp_f	so2_e	-0.0	-1000.0	0.0	-0.0	Inf
GLUABUTt7pp_f	so3_e	-0.0	-1000.0	0.0	-0.0	Inf
GLUABUTt7pp_f	so4_e	-0.0	-0.2173387646100764	999.7826612353899	-0.0	0.0
GLUABUTt7pp_f	lipa_cold_e	-0.0	-1000.0	0.0	-0.0	Inf
GLUABUTt7pp_f	sucr_e	-0.0	-1000.0	0.0	-0.0	Inf
GLUABUTt7pp_f	g3pe_e	-0.0	-1000.0	0.0	-0.0	Inf
GLUABUTt7pp_f	malt_e	-0.0	-1000.0	0.0	-0.0	Inf
GLUABUTt7pp_f	tartr__L_e	-0.0	-1000.0	0.0	-0.0	Inf
GLUABUTt7pp_f	g3pi_e	-0.0	-1000.0	0.0	-0.0	Inf
GLUABUTt7pp_f	malthx_e	-0.0	-1000.0	0.0	-0.0	Inf
GLUABUTt7pp_f	maltpt_e	-0.0	-1000.0	0.0	-0.0	Inf
GLUABUTt7pp_f	gal_e	-0.0	-1000.0	0.0	-0.0	Inf
GLUABUTt7pp_f	gal_bD_e	-0.0	-1000.0	0.0	-0.0	Inf
GLUABUTt7pp_f	malttr_e	-0.0	-1000.0	0.0	-0.0	Inf
GLUABUTt7pp_f	maltttr_e	-0.0	-1000.0	0.0	-0.0	Inf
GLUABUTt7pp_f	man_e	-0.0	-1000.0	0.0	-0.0	Inf
GLUABUTt7pp_f	thym_e	-0.0	-1000.0	0.0	-0.0	Inf
GLUABUTt7pp_f	thymd_e	-0.0	-1000.0	0.0	-0.0	Inf
GLUABUTt7pp_f	galt_e	-0.0	-1.546781413466846	0.0	-0.0	Inf
GLUABUTt7pp_f	melib_e	-0.0	-1000.0	0.0	-0.0	Inf
GLUABUTt7pp_f	meoh_e	-0.0	-999.9999982765254	1.7234746110261767e-06	-0.0	0.0
GLUABUTt7pp_f	tmao_e	-0.0	-1000.0	0.0	-0.0	Inf
GLUABUTt7pp_f	tre_e	-0.0	-1000.0	0.0	-0.0	Inf
GLUABUTt7pp_f	metsox_S__L_e	-0.0	-1000.0	0.0	-0.0	Inf
GLUABUTt7pp_f	glc__D_e	-0.0	-1.546781413466846	0.8417852654415593	-0.0	0.0
GLUABUTt7pp_f	mg2_e	-0.0	-0.007475571083546129	999.9925244289165	-0.0	0.0
GLUABUTt7pp_f	mnl_e	-0.0	-1000.0	0.0	-0.0	Inf
GLUABUTt7pp_f	mobd_e	-0.0	-0.00011116411178591079	999.9998888358882	-0.0	0.0
GLUABUTt7pp_f	glyald_e	-0.0	-1000.0	0.0	-0.0	Inf
GLUABUTt7pp_f	n2o_e	-0.0	-1000.0	0.0	-0.0	Inf
GLUABUTt7pp_f	na1_e	-0.0	0.0	1000.0	Inf	0.0
GLUABUTt7pp_f	nac_e	-0.0	-1000.0	0.0	-0.0	Inf
GLUABUTt7pp_f	ni2_e	-0.0	-0.00027834114814595523	999.9997216588519	-0.0	0.0
GLUABUTt7pp_f	no_e	-0.0	-1000.0	0.0	-0.0	Inf
GLUABUTt7pp_f	no2_e	-0.0	-1000.0	0.0	-0.0	Inf
GLUABUTt7pp_f	ura_e	-0.0	-1000.0	0.0	-0.0	Inf
GLUABUTt7pp_f	no3_e	-0.0	-1000.0	0.0	-0.0	Inf
GLUABUTt7pp_f	urea_e	-0.0	-1000.0	0.0	-0.0	Inf
GLUABUTt7pp_f	novbcn_e	-0.0	-1000.0	0.0	-0.0	Inf
GLUABUTt7pp_f	uri_e	-0.0	-1000.0	0.0	-0.0	Inf
GLUABUTt7pp_f	o2_e	-0.0	-21.288208253788753	978.7117917462112	-0.0	0.0
GLUABUTt7pp_f	xan_e	-0.0	0.0	0.0	Inf	Inf
GLUABUTt7pp_f	xtsn_e	-0.0	-1000.0	0.0	-0.0	Inf
GLUABUTt7pp_f	xyl__D_e	-0.0	-1000.0	0.0	-0.0	Inf
GLUABUTt7pp_f	xylu__L_e	-0.0	-1000.0	0.0	-0.0	Inf
GLUABUTt7pp_f	pacald_e	-0.0	-1000.0	0.0	-0.0	Inf
GLUABUTt7pp_f	12dgr120_p	-0.0	0.0	0.0	Inf	Inf
GLUABUTt7pp_f	12dgr140_p	-0.0	0.0	0.0	Inf	Inf
GLUABUTt7pp_f	12dgr160_p	-0.0	-0.0549909041069845	0.0	-0.0	Inf
GLUABUTt7pp_f	12dgr180_p	-0.0	0.0	0.0	Inf	Inf
GLUABUTt7pp_f	12ppd__R_p	-0.0	-1000.0	0.0	-0.0	Inf
GLUABUTt7pp_f	12ppd__S_p	-0.0	0.0	0.0	Inf	Inf
GLUABUTt7pp_f	chol_p	-0.0	-1000.0	0.0	-0.0	Inf
GLUABUTt7pp_f	cl_p	-0.0	-0.004485342650127677	999.9955146573499	-0.0	0.0
GLUABUTt7pp_f	34dhpac_p	-0.0	-1000.0	0.0	-0.0	Inf
GLUABUTt7pp_f	cm_p	-0.0	0.0	0.0	Inf	Inf
GLUABUTt7pp_f	4hoxpacd_p	-0.0	-1000.0	0.0	-0.0	Inf
GLUABUTt7pp_f	co2_p	-0.0	-976.8729253498228	23.12707465017718	-0.0	0.0
GLUABUTt7pp_f	5mtr_p	-0.0	-1000.0	0.0	-0.0	Inf
GLUABUTt7pp_f	LalaDgluMdap_p	-0.0	-0.023945956111901548	0.0	-0.0	Inf
GLUABUTt7pp_f	gal_p	-0.0	-1000.0	0.0	-0.0	Inf
GLUABUTt7pp_f	ac_p	-0.0	-1.546781413466846	0.0	-0.0	Inf
GLUABUTt7pp_f	crn_p	-0.0	-1000.0	0.0	-0.0	Inf
GLUABUTt7pp_f	gal_bD_p	-0.0	-1000.0	0.0	-0.0	Inf
GLUABUTt7pp_f	acald_p	-0.0	-1000.0	0.0	-0.0	Inf
GLUABUTt7pp_f	acgal_p	-0.0	-1000.0	0.0	-0.0	Inf
GLUABUTt7pp_f	csn_p	-0.0	0.0	0.0	Inf	Inf
GLUABUTt7pp_f	acgam_p	-0.0	-1000.0	0.0	-0.0	Inf
GLUABUTt7pp_f	galt_p	-0.0	-1.546781413466846	0.0	-0.0	Inf
GLUABUTt7pp_f	acmana_p	-0.0	-1000.0	0.0	-0.0	Inf
GLUABUTt7pp_f	cyan_p	-0.0	0.0	0.0	Inf	Inf
GLUABUTt7pp_f	ade_p	-0.0	-1000.0	0.0	-0.0	Inf
GLUABUTt7pp_f	adn_p	-0.0	0.0	0.0005799492033819322	Inf	0.0
GLUABUTt7pp_f	cytd_p	-0.0	-0.13833038019515698	0.0	-0.0	Inf
GLUABUTt7pp_f	glc__D_p	-0.0	-1.546781413466846	0.8417852654415593	-0.0	0.0
GLUABUTt7pp_f	dad_2_p	-0.0	-1000.0	0.0	-0.0	Inf
GLUABUTt7pp_f	dcyt_p	-0.0	-1000.0	0.0	-0.0	Inf
GLUABUTt7pp_f	all__D_p	-0.0	0.0	0.0	Inf	Inf
GLUABUTt7pp_f	alltn_p	-0.0	0.0	0.0	Inf	Inf
GLUABUTt7pp_f	dha_p	-0.0	-1000.0	0.0	-0.0	Inf
GLUABUTt7pp_f	glyald_p	-0.0	-1000.0	0.0	-0.0	Inf
GLUABUTt7pp_f	glyb_p	0.0	0.0	0.0	Inf	Inf
GLUABUTt7pp_f	dms_p	-0.0	-1000.0	0.0	-0.0	Inf
GLUABUTt7pp_f	glyc_p	-0.0	-0.11980561344196948	0.0	-0.0	Inf
GLUABUTt7pp_f	dmso_p	-0.0	-1000.0	0.0	-0.0	Inf
GLUABUTt7pp_f	arab__L_p	-0.0	0.0	0.0	Inf	Inf
GLUABUTt7pp_f	arbt_p	0.0	0.0	0.0	Inf	Inf
GLUABUTt7pp_f	ca2_p	-0.0	-0.004485342650127677	999.9955146573499	-0.0	0.0
GLUABUTt7pp_f	duri_p	-0.0	-1000.0	0.0	-0.0	Inf
GLUABUTt7pp_f	h2_p	-0.0	-1000.0	0.0	-0.0	Inf
GLUABUTt7pp_f	h2o2_p	-0.0	-1000.0	0.0	-0.0	Inf
GLUABUTt7pp_f	etoh_p	-0.0	-1000.0	0.0	-0.0	Inf
GLUABUTt7pp_f	fald_p	-0.0	0.0	0.0	Inf	Inf
GLUABUTt7pp_f	n2o_p	-0.0	-1000.0	0.0	-0.0	Inf
GLUABUTt7pp_f	na1_p	-0.0	0.0	0.0	Inf	Inf
GLUABUTt7pp_f	indole_p	-0.0	0.0	0.416416408574995	Inf	0.0
GLUABUTt7pp_f	nac_p	-0.0	-1000.0	0.0	-0.0	Inf
GLUABUTt7pp_f	ni2_p	-0.0	-0.00027834114814595523	999.9997216588519	-0.0	0.0
GLUABUTt7pp_f	inost_p	-0.0	-1000.0	0.0	-0.0	Inf
GLUABUTt7pp_f	no_p	-0.0	-1000.0	0.0	-0.0	Inf
GLUABUTt7pp_f	no2_p	-0.0	-1000.0	0.0	-0.0	Inf
GLUABUTt7pp_f	for_p	-0.0	0.0	0.00211384159786121	Inf	0.0
GLUABUTt7pp_f	fru_p	-0.0	-1000.0	0.0	-0.0	Inf
GLUABUTt7pp_f	no3_p	-0.0	0.0	0.0	Inf	Inf
GLUABUTt7pp_f	k_p	-0.0	-0.16820508893590613	999.8317949110641	-0.0	0.0
GLUABUTt7pp_f	novbcn_p	-0.0	0.0	0.0	Inf	Inf
GLUABUTt7pp_f	o2_p	-0.0	-21.288208253788753	978.7117917462112	-0.0	0.0
GLUABUTt7pp_f	lipa_cold_p	-0.0	-18.203606365173716	0.0	-0.0	Inf
GLUABUTt7pp_f	g3pe_p	-0.0	0.0	0.0	Inf	Inf
GLUABUTt7pp_f	g3pi_p	-0.0	0.0	0.0	Inf	Inf
GLUABUTt7pp_f	so3_p	-0.0	-1000.0	0.0	-0.0	Inf
GLUABUTt7pp_f	so4_p	-0.0	-0.21733876461003396	999.7826612353899	-0.0	0.0
GLUABUTt7pp_f	malt_p	0.0	0.0	0.0	Inf	Inf
GLUABUTt7pp_f	malthx_p	0.0	0.0	0.0	Inf	Inf
GLUABUTt7pp_f	maltpt_p	0.0	0.0	0.0	Inf	Inf
GLUABUTt7pp_f	sucr_p	-0.0	-1000.0	0.0	-0.0	Inf
GLUABUTt7pp_f	malttr_p	0.0	0.0	0.0	Inf	Inf
GLUABUTt7pp_f	maltttr_p	0.0	0.0	0.0	Inf	Inf
GLUABUTt7pp_f	pacald_p	-0.0	-1000.0	0.0	-0.0	Inf
GLUABUTt7pp_f	man_p	-0.0	-1000.0	0.0	-0.0	Inf
GLUABUTt7pp_f	tartr__L_p	-0.0	-1000.0	0.0	-0.0	Inf
GLUABUTt7pp_f	pe120_p	-0.0	0.0	0.0	Inf	Inf
GLUABUTt7pp_f	melib_p	-0.0	-1000.0	0.0	-0.0	Inf
GLUABUTt7pp_f	meoh_p	-0.0	-999.9999982765254	1.7234746110261767e-06	-0.0	0.0
GLUABUTt7pp_f	thym_p	-0.0	-1000.0	0.0	-0.0	Inf
GLUABUTt7pp_f	thymd_p	-0.0	-0.02254821821020414	0.0	-0.0	Inf
GLUABUTt7pp_f	pg120_p	-0.0	0.0	0.0	Inf	Inf
GLUABUTt7pp_f	metsox_S__L_p	-0.0	-1000.0	0.0	-0.0	Inf
GLUABUTt7pp_f	tmao_p	-0.0	-1000.0	0.0	-0.0	Inf
GLUABUTt7pp_f	mg2_p	-0.0	-0.007475571083546129	999.9925244289165	-0.0	0.0
GLUABUTt7pp_f	tre_p	-0.0	0.0	0.0	Inf	Inf
GLUABUTt7pp_f	mnl_p	-0.0	0.0	0.0	Inf	Inf
GLUABUTt7pp_f	mobd_p	-0.0	-0.00011116411178591079	999.9998888358882	-0.0	0.0
GLUABUTt7pp_f	ura_p	-0.0	-1000.0	0.0	-0.0	Inf
GLUABUTt7pp_f	urea_p	-0.0	-1000.0	0.0	-0.0	Inf
GLUABUTt7pp_f	uri_p	-0.0	0.0	0.0	Inf	Inf
GLUABUTt7pp_f	xan_p	-0.0	0.0	0.0	Inf	Inf
GLUABUTt7pp_f	xtsn_p	-0.0	0.0	0.0	Inf	Inf
GLUABUTt7pp_f	xyl__D_p	-0.0	0.0	0.0	Inf	Inf
GLUABUTt7pp_f	xylu__L_p	-0.0	-1000.0	0.0	-0.0	Inf
GLUABUTt7pp_f	ppal_p	-0.0	-1000.0	0.0	-0.0	Inf
GLUABUTt7pp_f	psclys_p	-0.0	-1000.0	0.0	-0.0	Inf
GLUABUTt7pp_f	pydx_p	-0.0	0.0	0.0	Inf	Inf
GLUABUTt7pp_f	pydxn_p	-0.0	0.0	0.0	Inf	Inf
GLUABUTt7pp_f	rib__D_p	-0.0	-1000.0	0.0	-0.0	Inf
GLUABUTt7pp_f	rmn_p	-0.0	-1000.0	0.0	-0.0	Inf
GLUABUTt7pp_f	sbt__D_p	-0.0	-1.546781413466846	0.0	-0.0	Inf
GLUABUTt7pp_f	slnt_p	-0.0	0.0	0.0	Inf	Inf
GLUABUTt7pp_f	so2_p	-0.0	-1000.0	0.0	-0.0	Inf
