Reaction	Metabolite	ShadowPrice	G-	G+	DecrementalShadowPrice	IncrementalShadowPrice
GBBTNtex_f	12dgr120_c	-0.0	-0.058613387241799264	0.0	-0.0	Inf
GBBTNtex_f	12dgr140_c	-0.0	0.0	0.0	Inf	Inf
GBBTNtex_f	12dgr160_c	-0.0	0.0	0.0	Inf	Inf
GBBTNtex_f	12dgr180_c	-0.0	0.0	0.0	Inf	Inf
GBBTNtex_f	12ppd__R_c	-0.0	-1000.0	0.0	-0.0	Inf
GBBTNtex_f	12ppd__S_c	-0.0	0.0	0.0	Inf	Inf
GBBTNtex_f	5drib_c	-0.0	-999.9998061091073	0.0001938908926579044	-0.0	0.0
GBBTNtex_f	5mta_c	-0.0	0.0	0.0	Inf	Inf
GBBTNtex_f	23dhacoa_c	-0.0	-0.0004963606854501701	0.0	-0.0	Inf
GBBTNtex_f	5mtr_c	-0.0	0.0	0.0	Inf	Inf
GBBTNtex_f	3amac_c	-0.0	-7.917842241909692	0.0	-0.0	Inf
GBBTNtex_f	LalaDgluMdap_c	-0.0	-0.023945956111901548	0.0	-0.0	Inf
GBBTNtex_f	ac_c	-0.0	-1.1640744756516475	0.5020274696938714	-0.0	0.0
GBBTNtex_f	acald_c	-0.0	0.0	1.7954136970406391	Inf	0.0
GBBTNtex_f	acetol_c	-0.0	0.0	0.0	Inf	Inf
GBBTNtex_f	acgam_c	-0.0	-0.0814238340687123	0.0	-0.0	Inf
GBBTNtex_f	acgam6p_c	-0.0	-0.0814238340687123	0.0	-0.0	Inf
GBBTNtex_f	acmalt_c	0.0	0.0	0.0	Inf	Inf
GBBTNtex_f	acmana_c	-0.0	-0.0814238340687123	0.0	-0.0	Inf
GBBTNtex_f	2dmmq8_c	-0.0	0.0	0.0	Inf	Inf
GBBTNtex_f	2dmmql8_c	0.0	0.0	0.0	Inf	Inf
GBBTNtex_f	ade_c	-0.0	-0.09622331047376065	0.0005799492033819322	-0.0	0.0
GBBTNtex_f	adn_c	-0.0	0.0	0.0005799492033819322	Inf	0.0
GBBTNtex_f	3sala_c	0.0	0.0	0.0	Inf	Inf
GBBTNtex_f	adphep_DD_c	-0.0	0.0	0.0	Inf	Inf
GBBTNtex_f	adphep_LD_c	-0.0	0.0	0.0	Inf	Inf
GBBTNtex_f	4ahmmp_c	0.0	0.0	0.0	Inf	Inf
GBBTNtex_f	4crsol_c	-0.0	-999.999807832582	0.00019216741805650083	-0.0	0.0
GBBTNtex_f	2ohph_c	-0.0	-0.00019216741805650083	0.06563747455063343	-0.0	0.0
GBBTNtex_f	2ombzl_c	-0.0	0.0	0.0	Inf	Inf
GBBTNtex_f	2omhmbl_c	-0.0	0.0	0.0	Inf	Inf
GBBTNtex_f	2ommbl_c	0.0	0.0	0.0	Inf	Inf
GBBTNtex_f	2omph_c	-0.0	0.0	0.05906159447550526	Inf	0.0
GBBTNtex_f	4mhetz_c	0.0	0.0	0.0	Inf	Inf
GBBTNtex_f	2oph_c	-0.0	-0.00019216741805650083	0.06563747455063343	-0.0	0.0
GBBTNtex_f	2oxpaccoa_c	-0.0	-0.0004963606854501701	0.0	-0.0	Inf
GBBTNtex_f	all__D_c	-0.0	-0.32219918522500957	0.0	-0.0	Inf
GBBTNtex_f	alltn_c	-0.0	-1.2302150708591275	0.0	-0.0	Inf
GBBTNtex_f	4r5au_c	-0.0	-0.00038433483644695506	0.3915725810202003	-0.0	0.0
GBBTNtex_f	56dura_c	0.0	0.0	0.0	Inf	Inf
GBBTNtex_f	arab__L_c	-0.0	-0.38663902227001146	0.0	-0.0	Inf
GBBTNtex_f	etoh_c	-0.0	-1000.0	0.0	-0.0	Inf
GBBTNtex_f	csn_c	-0.0	0.0	0.0	Inf	Inf
GBBTNtex_f	fald_c	-0.0	0.0	0.0	Inf	Inf
GBBTNtex_f	fc1p_c	-0.0	-0.2998862222592887	0.0	-0.0	Inf
GBBTNtex_f	fcl__L_c	-0.0	0.0	0.0	Inf	Inf
GBBTNtex_f	aso4_c	0.0	0.0	0.0	Inf	Inf
GBBTNtex_f	cyan_c	0.0	0.0	0.0	Inf	Inf
GBBTNtex_f	athtp_c	0.0	0.0	0.0	Inf	Inf
GBBTNtex_f	cytd_c	-0.0	-0.13833038019510702	0.0	-0.0	Inf
GBBTNtex_f	dad_2_c	-0.0	0.0	0.0	Inf	Inf
GBBTNtex_f	dad_5_c	-0.0	-0.09622331047376065	0.0001938908926579044	-0.0	0.0
GBBTNtex_f	betald_c	0.0	0.0	0.0	Inf	Inf
GBBTNtex_f	btal_c	-0.0	-5.4129463117801615	0.0	-0.0	Inf
GBBTNtex_f	for_c	-0.0	-3.6086308745201072	0.002113841599715735	-0.0	0.0
GBBTNtex_f	dcyt_c	-0.0	0.0	0.0	Inf	Inf
GBBTNtex_f	fru_c	-0.0	-0.32219918522500957	0.0	-0.0	Inf
GBBTNtex_f	ca2_c	-0.0	-0.004485342650127677	21.651785247120646	-0.0	0.0
GBBTNtex_f	g3pe_c	-0.0	0.0	0.0	Inf	Inf
GBBTNtex_f	g3pi_c	0.0	0.0	0.0	Inf	Inf
GBBTNtex_f	cbm_c	-0.0	-3.958921120954846	0.0	-0.0	Inf
GBBTNtex_f	dha_c	-0.0	-0.6443983704500191	1.4392938113174931	-0.0	0.0
GBBTNtex_f	gal_c	-0.0	0.0	0.0	Inf	Inf
GBBTNtex_f	dhgly_c	-0.0	-0.00019216741805650083	0.26062253353383646	-0.0	0.0
GBBTNtex_f	dhmptp_c	0.0	0.0	0.0	Inf	Inf
GBBTNtex_f	gcald_c	-0.0	-1.0023974651444743	0.0005765022542618681	-0.0	0.0
GBBTNtex_f	dhptd_c	-0.0	-45.885353391730746	0.00038605831072402783	-0.0	0.0
GBBTNtex_f	cechddd_c	-0.0	0.0	0.0	Inf	Inf
GBBTNtex_f	dhptdn_c	0.0	0.0	0.0	Inf	Inf
GBBTNtex_f	chol_c	0.0	0.0	0.0	Inf	Inf
GBBTNtex_f	chtbs6p_c	-0.0	0.0	0.0	Inf	Inf
GBBTNtex_f	dmbzid_c	0.0	0.0	0.0	Inf	Inf
GBBTNtex_f	dms_c	0.0	0.0	0.0	Inf	Inf
GBBTNtex_f	dmso_c	0.0	0.0	0.0	Inf	Inf
GBBTNtex_f	cl_c	-0.0	-0.004485342650127677	43.30357049424129	-0.0	0.0
GBBTNtex_f	glc__D_c	-0.0	-0.32219918522500957	0.0	-0.0	Inf
GBBTNtex_f	co2_c	-0.0	-976.8729253498464	23.124960808553965	-0.0	0.0
GBBTNtex_f	dscl_c	-0.0	-0.00019216741805650083	0.06018146470527284	-0.0	0.0
GBBTNtex_f	dtdp4aaddg_c	-0.0	0.0	0.0	Inf	Inf
GBBTNtex_f	glyald_c	-0.0	-1000.0	0.0	-0.0	Inf
GBBTNtex_f	crn_c	-0.0	-21.651785247120646	0.0	-0.0	Inf
GBBTNtex_f	duri_c	-0.0	0.0	0.0	Inf	Inf
GBBTNtex_f	glyb_c	0.0	0.0	0.0	Inf	Inf
GBBTNtex_f	glyc_c	-0.0	-0.11980561344196948	0.0	-0.0	Inf
GBBTNtex_f	dxyl_c	0.0	0.0	0.0	Inf	Inf
GBBTNtex_f	glycogen_c	-0.0	-0.30409810740337984	0.0	-0.0	Inf
GBBTNtex_f	gmhep1p_c	-0.0	0.0	0.5675368136989051	Inf	0.0
GBBTNtex_f	lipa_cold_c	-0.0	0.0	0.0	Inf	Inf
GBBTNtex_f	lipidA_c	-0.0	-0.016765960922441536	0.04937009056126136	-0.0	0.0
GBBTNtex_f	malt_c	0.0	0.0	0.0	Inf	Inf
GBBTNtex_f	h2_c	-0.0	0.0	0.0	Inf	Inf
GBBTNtex_f	malthx_c	-0.0	0.0	0.0	Inf	Inf
GBBTNtex_f	maltpt_c	-0.0	0.0	0.0	Inf	Inf
GBBTNtex_f	malttr_c	-0.0	0.0	0.0	Inf	Inf
GBBTNtex_f	maltttr_c	-0.0	0.0	0.0	Inf	Inf
GBBTNtex_f	h2o2_c	-0.0	-0.0014011848500991306	12.817091796034317	-0.0	0.0
GBBTNtex_f	man_c	-0.0	0.0	0.0	Inf	Inf
GBBTNtex_f	mdhdhf_c	-0.0	-45.885353391730746	0.00038605831072402783	-0.0	0.0
GBBTNtex_f	melib_c	-0.0	0.0	0.0	Inf	Inf
GBBTNtex_f	meoh_c	-0.0	-999.9999982765254	1.7234746110261767e-06	-0.0	0.0
GBBTNtex_f	pacald_c	-0.0	-21.651785247120646	0.0	-0.0	Inf
GBBTNtex_f	metsox_S__L_c	-0.0	-0.09622331047376065	0.0	-0.0	Inf
GBBTNtex_f	mg2_c	-0.0	-0.007475571083546129	10.825892623560323	-0.0	0.0
GBBTNtex_f	hhlipa_c	-0.0	0.0	0.0	Inf	Inf
GBBTNtex_f	pe120_c	-0.0	0.0	0.0	Inf	Inf
GBBTNtex_f	mobd_c	-0.0	-0.00011116411178591079	15.976161305624174	-0.0	0.0
GBBTNtex_f	hlipa_c	-0.0	0.0	0.0	Inf	Inf
GBBTNtex_f	pg120_c	-0.0	-0.052349577483367125	0.0	-0.0	Inf
GBBTNtex_f	mql8_c	0.0	0.0	0.0	Inf	Inf
GBBTNtex_f	mqn8_c	-0.0	0.0	0.0	Inf	Inf
GBBTNtex_f	mthgxl_c	-0.0	0.0	0.0	Inf	Inf
GBBTNtex_f	hqn_c	0.0	0.0	0.0	Inf	Inf
GBBTNtex_f	mththf_c	-0.0	-999.9996139416893	0.00038605831072402783	-0.0	0.0
GBBTNtex_f	n2o_c	-0.0	-1000.0	0.0	-0.0	Inf
GBBTNtex_f	na1_c	-0.0	0.0	0.0	Inf	Inf
GBBTNtex_f	nac_c	-0.0	0.0	0.0	Inf	Inf
GBBTNtex_f	ncam_c	-0.0	0.0	0.0	Inf	Inf
GBBTNtex_f	ni2_c	-0.0	-0.00027834114812668056	999.9997216588519	-0.0	0.0
GBBTNtex_f	no_c	-0.0	-1000.0	0.0	-0.0	Inf
GBBTNtex_f	indole_c	-0.0	-0.04898373338379227	0.41335475564357504	-0.0	0.0
GBBTNtex_f	no2_c	-0.0	-21.651785247120646	0.0	-0.0	Inf
GBBTNtex_f	no3_c	0.0	0.0	0.0	Inf	Inf
GBBTNtex_f	inost_c	0.0	0.0	0.0	Inf	Inf
GBBTNtex_f	o2_c	-0.0	-21.288208253769653	978.7117917462303	-0.0	0.0
GBBTNtex_f	poaac_c	-0.0	-4.769003374813187	0.0	-0.0	Inf
GBBTNtex_f	ppal_c	-0.0	0.0	0.0	Inf	Inf
GBBTNtex_f	k_c	-0.0	-0.16820508893588595	63.9046452224967	-0.0	0.0
GBBTNtex_f	psclys_c	-0.0	0.0	0.0	Inf	Inf
GBBTNtex_f	lald__D_c	-0.0	0.0	0.0	Inf	Inf
GBBTNtex_f	lald__L_c	-0.0	-0.6443983704500191	0.0	-0.0	Inf
GBBTNtex_f	ura_c	-0.0	-0.2850583903855295	0.0	-0.0	Inf
GBBTNtex_f	pydx_c	-0.0	0.0	0.5096064212320311	Inf	0.0
GBBTNtex_f	uracp_c	-0.0	-4.653736459564584	0.0	-0.0	Inf
GBBTNtex_f	pydxn_c	-0.0	0.0	0.4826634835536005	Inf	0.0
GBBTNtex_f	urate_c	-0.0	-0.0014011848500991306	0.0	-0.0	Inf
GBBTNtex_f	q8_c	0.0	0.0	0.0	Inf	Inf
GBBTNtex_f	q8h2_c	-0.0	0.0	0.0	Inf	Inf
GBBTNtex_f	urea_c	-0.0	-1000.0	0.0	-0.0	Inf
GBBTNtex_f	uri_c	-0.0	0.0	0.0	Inf	Inf
GBBTNtex_f	rbflvrd_c	-0.0	0.0	0.20184663683669204	Inf	0.0
GBBTNtex_f	rbl__L_c	-0.0	-0.38663902227001146	0.0	-0.0	Inf
GBBTNtex_f	rdmbzi_c	0.0	0.0	0.0	Inf	Inf
GBBTNtex_f	thptdn_c	0.0	0.0	0.0	Inf	Inf
GBBTNtex_f	xan_c	-0.0	0.0	0.0	Inf	Inf
GBBTNtex_f	rephaccoa_c	-0.0	-0.0004963606854501701	0.0	-0.0	Inf
GBBTNtex_f	rib__D_c	-0.0	0.0	0.8192903233653422	Inf	0.0
GBBTNtex_f	xtsn_c	-0.0	0.0	0.0	Inf	Inf
GBBTNtex_f	rml_c	-0.0	-0.32219918522500957	0.0	-0.0	Inf
GBBTNtex_f	thym_c	-0.0	-63.9046452224967	0.0	-0.0	Inf
GBBTNtex_f	thymd_c	-0.0	-0.022548218210134724	0.0	-0.0	Inf
GBBTNtex_f	xu5p__L_c	-0.0	-0.35494729913312534	0.0	-0.0	Inf
GBBTNtex_f	rmn_c	-0.0	-0.32219918522500957	0.0	-0.0	Inf
GBBTNtex_f	xyl__D_c	0.0	0.0	0.0	Inf	Inf
GBBTNtex_f	tmao_c	0.0	0.0	0.0	Inf	Inf
GBBTNtex_f	xylu__D_c	-0.0	0.0	0.0	Inf	Inf
GBBTNtex_f	xylu__L_c	-0.0	-0.38663902227001146	0.0	-0.0	Inf
GBBTNtex_f	12ppd__R_e	-0.0	-1000.0	0.0	-0.0	Inf
GBBTNtex_f	12ppd__S_e	-0.0	-1000.0	0.0	-0.0	Inf
GBBTNtex_f	tre_c	-0.0	-0.16109959261250478	0.0	-0.0	Inf
GBBTNtex_f	seln_c	0.0	0.0	0.0	Inf	Inf
GBBTNtex_f	34dhpac_e	-0.0	-1000.0	0.0	-0.0	Inf
GBBTNtex_f	slnt_c	0.0	0.0	0.0	Inf	Inf
GBBTNtex_f	so2_c	0.0	0.0	0.0	Inf	Inf
GBBTNtex_f	so3_c	-0.0	-0.21360054819979268	3.132580648161603	-0.0	0.0
GBBTNtex_f	so4_c	-0.0	-0.21733876461019008	63.9046452224967	-0.0	0.0
GBBTNtex_f	4hoxpacd_e	-0.0	-1000.0	0.0	-0.0	Inf
GBBTNtex_f	5mtr_e	-0.0	0.0	0.0	Inf	Inf
GBBTNtex_f	LalaDgluMdap_e	-0.0	-1000.0	0.0	-0.0	Inf
GBBTNtex_f	ac_e	-0.0	0.0	0.0	Inf	Inf
GBBTNtex_f	acald_e	-0.0	-1000.0	0.0	-0.0	Inf
GBBTNtex_f	acgal_e	-0.0	-1000.0	0.0	-0.0	Inf
GBBTNtex_f	acgam_e	-0.0	-1000.0	0.0	-0.0	Inf
GBBTNtex_f	acmana_e	-0.0	-1000.0	0.0	-0.0	Inf
GBBTNtex_f	tagur_c	-0.0	0.0	0.0	Inf	Inf
GBBTNtex_f	tartr__L_c	-0.0	-0.6521622062385737	0.0	-0.0	Inf
GBBTNtex_f	ade_e	-0.0	-1000.0	0.0	-0.0	Inf
GBBTNtex_f	adn_e	-0.0	-1000.0	0.0	-0.0	Inf
GBBTNtex_f	all__D_e	-0.0	-1000.0	0.0	-0.0	Inf
GBBTNtex_f	cl_e	-0.0	-0.004485342650127677	999.9955146573499	-0.0	0.0
GBBTNtex_f	alltn_e	-0.0	0.0	0.0	Inf	Inf
GBBTNtex_f	cm_e	-0.0	-1000.0	0.0	-0.0	Inf
GBBTNtex_f	co2_e	-0.0	-976.8729253498464	23.127074650153645	-0.0	0.0
GBBTNtex_f	arab__L_e	-0.0	-1000.0	0.0	-0.0	Inf
GBBTNtex_f	arbt_e	-0.0	-1000.0	0.0	-0.0	Inf
GBBTNtex_f	unagamu_c	-0.0	0.0	0.044921021525725226	Inf	0.0
GBBTNtex_f	crn_e	-0.0	-1000.0	0.0	-0.0	Inf
GBBTNtex_f	csn_e	-0.0	-1000.0	0.0	-0.0	Inf
GBBTNtex_f	cyan_e	-0.0	-1000.0	0.0	-0.0	Inf
GBBTNtex_f	glyb_e	-0.0	-1000.0	0.0	-0.0	Inf
GBBTNtex_f	glyc_e	-0.0	-1000.0	0.0	-0.0	Inf
GBBTNtex_f	cytd_e	-0.0	-1000.0	0.0	-0.0	Inf
GBBTNtex_f	ca2_e	-0.0	-0.004485342650127677	999.9955146573499	-0.0	0.0
GBBTNtex_f	dad_2_e	-0.0	-1000.0	0.0	-0.0	Inf
GBBTNtex_f	dcyt_e	-0.0	-1000.0	0.0	-0.0	Inf
GBBTNtex_f	chol_e	-0.0	-1000.0	0.0	-0.0	Inf
GBBTNtex_f	dha_e	-0.0	-1000.0	0.0	-0.0	Inf
GBBTNtex_f	ppal_e	-0.0	-1000.0	0.0	-0.0	Inf
GBBTNtex_f	h2_e	-0.0	-1000.0	0.0	-0.0	Inf
GBBTNtex_f	dms_e	-0.0	-1000.0	0.0	-0.0	Inf
GBBTNtex_f	dmso_e	-0.0	-1000.0	0.0	-0.0	Inf
GBBTNtex_f	h2o2_e	-0.0	-1000.0	0.0	-0.0	Inf
GBBTNtex_f	psclys_e	-0.0	-1000.0	0.0	-0.0	Inf
GBBTNtex_f	duri_e	-0.0	-1000.0	0.0	-0.0	Inf
GBBTNtex_f	pydx_e	-0.0	-1000.0	0.0	-0.0	Inf
GBBTNtex_f	pydxn_e	-0.0	-1000.0	0.0	-0.0	Inf
GBBTNtex_f	etoh_e	-0.0	-1000.0	0.0	-0.0	Inf
GBBTNtex_f	fald_e	-0.0	0.0	0.0	Inf	Inf
GBBTNtex_f	rib__D_e	-0.0	-1000.0	0.0	-0.0	Inf
GBBTNtex_f	rmn_e	-0.0	-1000.0	0.0	-0.0	Inf
GBBTNtex_f	indole_e	-0.0	-1000.0	0.0	-0.0	Inf
GBBTNtex_f	inost_e	-0.0	-1000.0	0.0	-0.0	Inf
GBBTNtex_f	sbt__D_e	-0.0	-0.30409810740337984	0.0	-0.0	Inf
GBBTNtex_f	k_e	-0.0	-0.16820508893590613	999.8317949110641	-0.0	0.0
GBBTNtex_f	for_e	-0.0	0.0	0.002113841599715735	Inf	0.0
GBBTNtex_f	slnt_e	-0.0	0.0	1000.0	Inf	0.0
GBBTNtex_f	fru_e	-0.0	-1000.0	0.0	-0.0	Inf
GBBTNtex_f	so2_e	-0.0	-1000.0	0.0	-0.0	Inf
GBBTNtex_f	so3_e	-0.0	-1000.0	0.0	-0.0	Inf
GBBTNtex_f	so4_e	-0.0	-0.21733876461019008	999.7826612353898	-0.0	0.0
GBBTNtex_f	lipa_cold_e	-0.0	-1000.0	0.0	-0.0	Inf
GBBTNtex_f	sucr_e	-0.0	-1000.0	0.0	-0.0	Inf
GBBTNtex_f	g3pe_e	-0.0	-1000.0	0.0	-0.0	Inf
GBBTNtex_f	malt_e	-0.0	-1000.0	0.0	-0.0	Inf
GBBTNtex_f	tartr__L_e	-0.0	-1000.0	0.0	-0.0	Inf
GBBTNtex_f	g3pi_e	-0.0	-1000.0	0.0	-0.0	Inf
GBBTNtex_f	malthx_e	-0.0	-1000.0	0.0	-0.0	Inf
GBBTNtex_f	maltpt_e	-0.0	-1000.0	0.0	-0.0	Inf
GBBTNtex_f	gal_e	-0.0	-1000.0	0.0	-0.0	Inf
GBBTNtex_f	gal_bD_e	-0.0	-1000.0	0.0	-0.0	Inf
GBBTNtex_f	malttr_e	-0.0	-1000.0	0.0	-0.0	Inf
GBBTNtex_f	maltttr_e	-0.0	-1000.0	0.0	-0.0	Inf
GBBTNtex_f	man_e	-0.0	-1000.0	0.0	-0.0	Inf
GBBTNtex_f	thym_e	-0.0	-1000.0	0.0	-0.0	Inf
GBBTNtex_f	thymd_e	-0.0	-1000.0	0.0	-0.0	Inf
GBBTNtex_f	galt_e	-0.0	-0.30409810740337984	0.0	-0.0	Inf
GBBTNtex_f	melib_e	-0.0	-1000.0	0.0	-0.0	Inf
GBBTNtex_f	meoh_e	-0.0	-999.9999982765254	1.7234746110261767e-06	-0.0	0.0
GBBTNtex_f	tmao_e	-0.0	-1000.0	0.0	-0.0	Inf
GBBTNtex_f	tre_e	-0.0	-1000.0	0.0	-0.0	Inf
GBBTNtex_f	metsox_S__L_e	-0.0	-1000.0	0.0	-0.0	Inf
GBBTNtex_f	glc__D_e	-0.0	-0.32219918522500957	0.7196469056587466	-0.0	0.0
GBBTNtex_f	mg2_e	-0.0	-0.007475571083546129	999.9925244289165	-0.0	0.0
GBBTNtex_f	mnl_e	-0.0	-1000.0	0.0	-0.0	Inf
GBBTNtex_f	mobd_e	-0.0	-0.00011116411178591079	999.9998888358882	-0.0	0.0
GBBTNtex_f	glyald_e	-0.0	-1000.0	0.0	-0.0	Inf
GBBTNtex_f	n2o_e	-0.0	-1000.0	0.0	-0.0	Inf
GBBTNtex_f	na1_e	-0.0	0.0	1000.0	Inf	0.0
GBBTNtex_f	nac_e	-0.0	-1000.0	0.0	-0.0	Inf
GBBTNtex_f	ni2_e	-0.0	-0.00027834114814595523	999.9997216588519	-0.0	0.0
GBBTNtex_f	no_e	-0.0	-1000.0	0.0	-0.0	Inf
GBBTNtex_f	no2_e	-0.0	-1000.0	0.0	-0.0	Inf
GBBTNtex_f	ura_e	-0.0	-1000.0	0.0	-0.0	Inf
GBBTNtex_f	no3_e	-0.0	-1000.0	0.0	-0.0	Inf
GBBTNtex_f	urea_e	-0.0	-1000.0	0.0	-0.0	Inf
GBBTNtex_f	novbcn_e	-0.0	-1000.0	0.0	-0.0	Inf
GBBTNtex_f	uri_e	-0.0	-1000.0	0.0	-0.0	Inf
GBBTNtex_f	o2_e	-0.0	-21.288208253769653	978.7117917462303	-0.0	0.0
GBBTNtex_f	xan_e	-0.0	0.0	0.0	Inf	Inf
GBBTNtex_f	xtsn_e	-0.0	-1000.0	0.0	-0.0	Inf
GBBTNtex_f	xyl__D_e	-0.0	-1000.0	0.0	-0.0	Inf
GBBTNtex_f	xylu__L_e	-0.0	-1000.0	0.0	-0.0	Inf
GBBTNtex_f	pacald_e	-0.0	-1000.0	0.0	-0.0	Inf
GBBTNtex_f	12dgr120_p	-0.0	-0.058613387241799264	0.0	-0.0	Inf
GBBTNtex_f	12dgr140_p	-0.0	0.0	0.0	Inf	Inf
GBBTNtex_f	12dgr160_p	-0.0	0.0	0.0	Inf	Inf
GBBTNtex_f	12dgr180_p	-0.0	0.0	0.0	Inf	Inf
GBBTNtex_f	12ppd__R_p	-0.0	-1000.0	0.0	-0.0	Inf
GBBTNtex_f	12ppd__S_p	-0.0	0.0	0.0	Inf	Inf
GBBTNtex_f	chol_p	-0.0	-1000.0	0.0	-0.0	Inf
GBBTNtex_f	cl_p	-0.0	-0.004485342650127677	999.9955146573499	-0.0	0.0
GBBTNtex_f	34dhpac_p	-0.0	-1000.0	0.0	-0.0	Inf
GBBTNtex_f	cm_p	-0.0	0.0	0.0	Inf	Inf
GBBTNtex_f	4hoxpacd_p	-0.0	-1000.0	0.0	-0.0	Inf
GBBTNtex_f	co2_p	-0.0	-976.8729253498464	23.127074650153645	-0.0	0.0
GBBTNtex_f	5mtr_p	-0.0	0.0	0.0	Inf	Inf
GBBTNtex_f	LalaDgluMdap_p	-0.0	-0.023945956111901548	0.0	-0.0	Inf
GBBTNtex_f	gal_p	-0.0	-1000.0	0.0	-0.0	Inf
GBBTNtex_f	ac_p	-0.0	-1.2302150708591275	0.0	-0.0	Inf
GBBTNtex_f	crn_p	-0.0	-1000.0	0.0	-0.0	Inf
GBBTNtex_f	gal_bD_p	-0.0	-1000.0	0.0	-0.0	Inf
GBBTNtex_f	acald_p	-0.0	-1000.0	0.0	-0.0	Inf
GBBTNtex_f	acgal_p	-0.0	-1000.0	0.0	-0.0	Inf
GBBTNtex_f	csn_p	-0.0	0.0	0.0	Inf	Inf
GBBTNtex_f	acgam_p	-0.0	-1000.0	0.0	-0.0	Inf
GBBTNtex_f	galt_p	-0.0	-0.30409810740337984	0.0	-0.0	Inf
GBBTNtex_f	acmana_p	-0.0	-1000.0	0.0	-0.0	Inf
GBBTNtex_f	cyan_p	-0.0	0.0	0.0	Inf	Inf
GBBTNtex_f	ade_p	-0.0	-1000.0	0.0	-0.0	Inf
GBBTNtex_f	adn_p	-0.0	0.0	0.0005799492033819322	Inf	0.0
GBBTNtex_f	cytd_p	-0.0	-0.13833038019510702	0.0	-0.0	Inf
GBBTNtex_f	glc__D_p	-0.0	-0.32219918522500957	0.7196469056587466	-0.0	0.0
GBBTNtex_f	dad_2_p	-0.0	-1000.0	0.0	-0.0	Inf
GBBTNtex_f	dcyt_p	-0.0	-1000.0	0.0	-0.0	Inf
GBBTNtex_f	all__D_p	-0.0	0.0	0.0	Inf	Inf
GBBTNtex_f	alltn_p	-0.0	0.0	0.0	Inf	Inf
GBBTNtex_f	dha_p	-0.0	-1000.0	0.0	-0.0	Inf
GBBTNtex_f	glyald_p	-0.0	-1000.0	0.0	-0.0	Inf
GBBTNtex_f	glyb_p	0.0	0.0	0.0	Inf	Inf
GBBTNtex_f	dms_p	-0.0	-1000.0	0.0	-0.0	Inf
GBBTNtex_f	glyc_p	-0.0	-0.11980561344196948	0.0	-0.0	Inf
GBBTNtex_f	dmso_p	-0.0	-1000.0	0.0	-0.0	Inf
GBBTNtex_f	arab__L_p	-0.0	0.0	0.0	Inf	Inf
GBBTNtex_f	arbt_p	0.0	0.0	0.0	Inf	Inf
GBBTNtex_f	ca2_p	-0.0	-0.004485342650127677	999.9955146573499	-0.0	0.0
GBBTNtex_f	duri_p	-0.0	-1000.0	0.0	-0.0	Inf
GBBTNtex_f	h2_p	-0.0	-1000.0	0.0	-0.0	Inf
GBBTNtex_f	h2o2_p	-0.0	-1000.0	0.0	-0.0	Inf
GBBTNtex_f	etoh_p	-0.0	-1000.0	0.0	-0.0	Inf
GBBTNtex_f	fald_p	-0.0	0.0	0.0	Inf	Inf
GBBTNtex_f	n2o_p	-0.0	-1000.0	0.0	-0.0	Inf
GBBTNtex_f	na1_p	-0.0	0.0	0.0	Inf	Inf
GBBTNtex_f	indole_p	-0.0	0.0	0.41604586733396287	Inf	0.0
GBBTNtex_f	nac_p	-0.0	-1000.0	0.0	-0.0	Inf
GBBTNtex_f	ni2_p	-0.0	-0.00027834114814595523	999.9997216588519	-0.0	0.0
GBBTNtex_f	inost_p	-0.0	-1000.0	0.0	-0.0	Inf
GBBTNtex_f	no_p	-0.0	-1000.0	0.0	-0.0	Inf
GBBTNtex_f	no2_p	-0.0	-1000.0	0.0	-0.0	Inf
GBBTNtex_f	for_p	-0.0	-3.6086308745201072	0.002113841599715735	-0.0	0.0
GBBTNtex_f	fru_p	-0.0	-1000.0	0.0	-0.0	Inf
GBBTNtex_f	no3_p	-0.0	0.0	0.0	Inf	Inf
GBBTNtex_f	k_p	-0.0	-0.16820508893590613	999.8317949110641	-0.0	0.0
GBBTNtex_f	novbcn_p	-0.0	0.0	0.0	Inf	Inf
GBBTNtex_f	o2_p	-0.0	-21.288208253769653	978.7117917462303	-0.0	0.0
GBBTNtex_f	lipa_cold_p	-0.0	-15.976161305624174	0.0	-0.0	Inf
GBBTNtex_f	g3pe_p	-0.0	0.0	0.0	Inf	Inf
GBBTNtex_f	g3pi_p	-0.0	0.0	0.0	Inf	Inf
GBBTNtex_f	so3_p	-0.0	-1000.0	0.0	-0.0	Inf
GBBTNtex_f	so4_p	-0.0	-0.21733876461019008	999.7826612353898	-0.0	0.0
GBBTNtex_f	malt_p	0.0	0.0	0.0	Inf	Inf
GBBTNtex_f	malthx_p	0.0	0.0	0.0	Inf	Inf
GBBTNtex_f	maltpt_p	0.0	0.0	0.0	Inf	Inf
GBBTNtex_f	sucr_p	-0.0	-1000.0	0.0	-0.0	Inf
GBBTNtex_f	malttr_p	0.0	0.0	0.0	Inf	Inf
GBBTNtex_f	maltttr_p	0.0	0.0	0.0	Inf	Inf
GBBTNtex_f	pacald_p	-0.0	-1000.0	0.0	-0.0	Inf
GBBTNtex_f	man_p	-0.0	-1000.0	0.0	-0.0	Inf
GBBTNtex_f	tartr__L_p	-0.0	-1000.0	0.0	-0.0	Inf
GBBTNtex_f	pe120_p	-0.0	0.0	0.0	Inf	Inf
GBBTNtex_f	melib_p	-0.0	-1000.0	0.0	-0.0	Inf
GBBTNtex_f	meoh_p	-0.0	-999.9999982765254	1.7234746110261767e-06	-0.0	0.0
GBBTNtex_f	thym_p	-0.0	-1000.0	0.0	-0.0	Inf
GBBTNtex_f	thymd_p	-0.0	-0.022548218210134724	0.0	-0.0	Inf
GBBTNtex_f	pg120_p	-0.0	-0.05184814474885211	0.0	-0.0	Inf
GBBTNtex_f	metsox_S__L_p	-0.0	-1000.0	0.0	-0.0	Inf
GBBTNtex_f	tmao_p	-0.0	-1000.0	0.0	-0.0	Inf
GBBTNtex_f	mg2_p	-0.0	-0.007475571083546129	999.9925244289165	-0.0	0.0
GBBTNtex_f	tre_p	-0.0	0.0	0.0	Inf	Inf
GBBTNtex_f	mnl_p	-0.0	0.0	0.0	Inf	Inf
GBBTNtex_f	mobd_p	-0.0	-0.00011116411178591079	999.9998888358882	-0.0	0.0
GBBTNtex_f	ura_p	-0.0	-1000.0	0.0	-0.0	Inf
GBBTNtex_f	urea_p	-0.0	-1000.0	0.0	-0.0	Inf
GBBTNtex_f	uri_p	-0.0	0.0	0.0	Inf	Inf
GBBTNtex_f	xan_p	-0.0	0.0	0.0	Inf	Inf
GBBTNtex_f	xtsn_p	-0.0	0.0	0.0	Inf	Inf
GBBTNtex_f	xyl__D_p	-0.0	0.0	0.0	Inf	Inf
GBBTNtex_f	xylu__L_p	-0.0	-1000.0	0.0	-0.0	Inf
GBBTNtex_f	ppal_p	-0.0	-1000.0	0.0	-0.0	Inf
GBBTNtex_f	psclys_p	-0.0	-1000.0	0.0	-0.0	Inf
GBBTNtex_f	pydx_p	-0.0	0.0	0.0	Inf	Inf
GBBTNtex_f	pydxn_p	-0.0	0.0	0.0	Inf	Inf
GBBTNtex_f	rib__D_p	-0.0	-1000.0	0.0	-0.0	Inf
GBBTNtex_f	rmn_p	-0.0	-1000.0	0.0	-0.0	Inf
GBBTNtex_f	sbt__D_p	-0.0	-0.30409810740337984	0.0	-0.0	Inf
GBBTNtex_f	slnt_p	-0.0	0.0	0.0	Inf	Inf
GBBTNtex_f	so2_p	-0.0	-1000.0	0.0	-0.0	Inf
