Reaction	Metabolite	ShadowPrice	G-	G+	DecrementalShadowPrice	IncrementalShadowPrice
FE3tex_f	12dgr120_c	-0.0	0.0	0.0	Inf	Inf
FE3tex_f	12dgr140_c	-0.0	0.0	0.0	Inf	Inf
FE3tex_f	12dgr160_c	-0.0	-0.0549909041069845	0.0	-0.0	Inf
FE3tex_f	12dgr180_c	-0.0	0.0	0.0	Inf	Inf
FE3tex_f	12ppd__R_c	-0.0	-1000.0	0.0	-0.0	Inf
FE3tex_f	12ppd__S_c	-0.0	0.0	0.0	Inf	Inf
FE3tex_f	5drib_c	-0.0	-999.9998061091073	0.0001938908926579044	-0.0	0.0
FE3tex_f	5mta_c	-0.0	-0.09622331047330594	0.0	-0.0	Inf
FE3tex_f	23dhacoa_c	-0.0	-0.0004963606861565495	0.0	-0.0	Inf
FE3tex_f	5mtr_c	-0.0	-907.6610569215926	0.0	-0.0	Inf
FE3tex_f	3amac_c	-0.0	-7.917842241912346	0.0	-0.0	Inf
FE3tex_f	LalaDgluMdap_c	-0.0	-0.023945956111901548	0.0	-0.0	Inf
FE3tex_f	ac_c	-0.0	-1.51843974880758	0.5020274696945535	-0.0	0.0
FE3tex_f	acald_c	-0.0	0.0	2.4956471102272326	Inf	0.0
FE3tex_f	acetol_c	-0.0	0.0	0.0	Inf	Inf
FE3tex_f	acgam_c	-0.0	-0.0814238340687123	0.0	-0.0	Inf
FE3tex_f	acgam6p_c	-0.0	-0.0814238340687123	0.0	-0.0	Inf
FE3tex_f	acmalt_c	0.0	0.0	0.0	Inf	Inf
FE3tex_f	acmana_c	-0.0	-0.0814238340687123	0.0	-0.0	Inf
FE3tex_f	2dmmq8_c	-0.0	0.0	0.0	Inf	Inf
FE3tex_f	2dmmql8_c	0.0	0.0	0.0	Inf	Inf
FE3tex_f	ade_c	-0.0	-0.09622331047330594	0.0005799492033819322	-0.0	0.0
FE3tex_f	adn_c	-0.0	0.0	0.0005799492033819322	Inf	0.0
FE3tex_f	3sala_c	0.0	0.0	0.0	Inf	Inf
FE3tex_f	adphep_DD_c	-0.0	0.0	0.0	Inf	Inf
FE3tex_f	adphep_LD_c	-0.0	0.0	0.0	Inf	Inf
FE3tex_f	4ahmmp_c	0.0	0.0	0.0	Inf	Inf
FE3tex_f	4crsol_c	-0.0	-999.999807832582	0.00019216741805650083	-0.0	0.0
FE3tex_f	2ohph_c	-0.0	-0.00019216741805650083	0.08836262495541397	-0.0	0.0
FE3tex_f	2ombzl_c	-0.0	0.0	0.0	Inf	Inf
FE3tex_f	2omhmbl_c	-0.0	0.0	0.0	Inf	Inf
FE3tex_f	2ommbl_c	0.0	0.0	0.0	Inf	Inf
FE3tex_f	2omph_c	-0.0	0.0	0.07949973575411763	Inf	0.0
FE3tex_f	4mhetz_c	0.0	0.0	0.0	Inf	Inf
FE3tex_f	2oph_c	-0.0	-0.00019216741805650083	0.08836262495541397	-0.0	0.0
FE3tex_f	2oxpaccoa_c	-0.0	-0.0004963606861565495	0.0	-0.0	Inf
FE3tex_f	all__D_c	-0.0	-0.75921987440379	0.0	-0.0	Inf
FE3tex_f	alltn_c	-0.0	-1.9794605604780884	0.0	-0.0	Inf
FE3tex_f	4r5au_c	-0.0	-0.00038433483644695506	0.5188390770928079	-0.0	0.0
FE3tex_f	56dura_c	0.0	0.0	0.0	Inf	Inf
FE3tex_f	arab__L_c	-0.0	-0.9359925252471157	0.0	-0.0	Inf
FE3tex_f	etoh_c	-0.0	-1000.0	0.0	-0.0	Inf
FE3tex_f	csn_c	-0.0	0.0	0.0	Inf	Inf
FE3tex_f	fald_c	-0.0	0.0	0.0	Inf	Inf
FE3tex_f	fc1p_c	-0.0	-0.75921987440379	0.0	-0.0	Inf
FE3tex_f	fcl__L_c	-0.0	0.0	0.0	Inf	Inf
FE3tex_f	aso4_c	0.0	0.0	0.0	Inf	Inf
FE3tex_f	cyan_c	0.0	0.0	0.0	Inf	Inf
FE3tex_f	athtp_c	0.0	0.0	0.0	Inf	Inf
FE3tex_f	cytd_c	-0.0	-0.1383303801950827	0.0	-0.0	Inf
FE3tex_f	dad_2_c	-0.0	0.0	0.0	Inf	Inf
FE3tex_f	dad_5_c	-0.0	-0.09622331047330594	0.0001938908926579044	-0.0	0.0
FE3tex_f	betald_c	0.0	0.0	0.0	Inf	Inf
FE3tex_f	btal_c	-0.0	-129.66586527451324	0.0	-0.0	Inf
FE3tex_f	for_c	-0.0	-7.9178422419123535	0.0021138415994700977	-0.0	0.0
FE3tex_f	dcyt_c	-0.0	0.0	0.0	Inf	Inf
FE3tex_f	fru_c	-0.0	0.0	0.0	Inf	Inf
FE3tex_f	ca2_c	-0.0	-0.004485342650127677	907.6610569215926	-0.0	0.0
FE3tex_f	g3pe_c	-0.0	0.0	0.0	Inf	Inf
FE3tex_f	g3pi_c	0.0	0.0	0.0	Inf	Inf
FE3tex_f	cbm_c	-0.0	-3.9589211209561768	0.0	-0.0	Inf
FE3tex_f	dha_c	-0.0	-1.51843974880758	1.772700180067097	-0.0	0.0
FE3tex_f	gal_c	-0.0	0.0	0.0	Inf	Inf
FE3tex_f	dhgly_c	-0.0	-0.00019216741805650083	0.3223091236485625	-0.0	0.0
FE3tex_f	dhmptp_c	0.0	0.0	0.0	Inf	Inf
FE3tex_f	gcald_c	-0.0	-2.550189174732723	0.0005765022540162312	-0.0	0.0
FE3tex_f	dhptd_c	-0.0	-45.885353391714375	0.00038605831072402783	-0.0	0.0
FE3tex_f	cechddd_c	-0.0	0.0	0.0	Inf	Inf
FE3tex_f	dhptdn_c	0.0	0.0	0.0	Inf	Inf
FE3tex_f	chol_c	0.0	0.0	0.0	Inf	Inf
FE3tex_f	chtbs6p_c	-0.0	0.0	0.0	Inf	Inf
FE3tex_f	dmbzid_c	0.0	0.0	0.0	Inf	Inf
FE3tex_f	dms_c	0.0	0.0	0.0	Inf	Inf
FE3tex_f	dmso_c	0.0	0.0	0.0	Inf	Inf
FE3tex_f	cl_c	-0.0	-0.004485342650127677	999.9955146573499	-0.0	0.0
FE3tex_f	glc__D_c	-0.0	-0.75921987440379	0.0	-0.0	Inf
FE3tex_f	co2_c	-0.0	-976.8729253498478	23.124960808552714	-0.0	0.0
FE3tex_f	dscl_c	-0.0	-0.00019216741805650083	0.10169487123172644	-0.0	0.0
FE3tex_f	dtdp4aaddg_c	-0.0	0.0	0.0	Inf	Inf
FE3tex_f	glyald_c	-0.0	-1000.0	0.0	-0.0	Inf
FE3tex_f	crn_c	-0.0	-907.6610569215926	0.0	-0.0	Inf
FE3tex_f	duri_c	-0.0	0.0	0.0	Inf	Inf
FE3tex_f	glyb_c	0.0	0.0	0.0	Inf	Inf
FE3tex_f	glyc_c	-0.0	-0.11980561344196948	0.0	-0.0	Inf
FE3tex_f	dxyl_c	0.0	0.0	0.0	Inf	Inf
FE3tex_f	glycogen_c	-0.0	-0.75921987440379	0.0	-0.0	Inf
FE3tex_f	gmhep1p_c	-0.0	0.0	0.7597286486001825	Inf	0.0
FE3tex_f	lipa_cold_c	-0.0	0.0	0.0	Inf	Inf
FE3tex_f	lipidA_c	-0.0	-0.016765960922441536	0.06539585203853232	-0.0	0.0
FE3tex_f	malt_c	0.0	0.0	0.0	Inf	Inf
FE3tex_f	h2_c	-0.0	0.0	0.0	Inf	Inf
FE3tex_f	malthx_c	-0.0	0.0	0.0	Inf	Inf
FE3tex_f	maltpt_c	-0.0	0.0	0.0	Inf	Inf
FE3tex_f	malttr_c	-0.0	0.0	0.0	Inf	Inf
FE3tex_f	maltttr_c	-0.0	0.0	0.0	Inf	Inf
FE3tex_f	h2o2_c	-0.0	-0.0012090174318851446	6.578862210513194	-0.0	0.0
FE3tex_f	man_c	-0.0	0.0	0.0	Inf	Inf
FE3tex_f	mdhdhf_c	-0.0	-45.885353391714375	0.00038605831072402783	-0.0	0.0
FE3tex_f	melib_c	-0.0	0.0	0.0	Inf	Inf
FE3tex_f	meoh_c	-0.0	-999.9999982765254	1.7234746110261767e-06	-0.0	0.0
FE3tex_f	pacald_c	-0.0	-907.6610569215926	0.0	-0.0	Inf
FE3tex_f	metsox_S__L_c	-0.0	-0.0962233104733059	0.0	-0.0	Inf
FE3tex_f	mg2_c	-0.0	-0.007475571083546129	453.8305284607963	-0.0	0.0
FE3tex_f	hhlipa_c	-0.0	0.0	0.0	Inf	Inf
FE3tex_f	pe120_c	-0.0	0.0	0.0	Inf	Inf
FE3tex_f	mobd_c	-0.0	-0.00011116411178591079	23.08473576960185	-0.0	0.0
FE3tex_f	hlipa_c	-0.0	0.0	0.0	Inf	Inf
FE3tex_f	pg120_c	-0.0	-0.05990280672098474	0.0	-0.0	Inf
FE3tex_f	mql8_c	0.0	0.0	0.0	Inf	Inf
FE3tex_f	mqn8_c	-0.0	0.0	0.0	Inf	Inf
FE3tex_f	mthgxl_c	-0.0	-1.51843974880758	0.0	-0.0	Inf
FE3tex_f	hqn_c	0.0	0.0	0.0	Inf	Inf
FE3tex_f	mththf_c	-0.0	-999.9996139416893	0.00038605831072402783	-0.0	0.0
FE3tex_f	n2o_c	-0.0	-1000.0	0.0	-0.0	Inf
FE3tex_f	na1_c	-0.0	0.0	0.0	Inf	Inf
FE3tex_f	nac_c	-0.0	0.0	0.0	Inf	Inf
FE3tex_f	ncam_c	-0.0	0.0	0.0	Inf	Inf
FE3tex_f	ni2_c	-0.0	-0.00027834114812668056	999.9997216588519	-0.0	0.0
FE3tex_f	no_c	-0.0	-1000.0	0.0	-0.0	Inf
FE3tex_f	indole_c	-0.0	-0.04898373338379227	0.4431750450167734	-0.0	0.0
FE3tex_f	no2_c	-0.0	-907.6610569215926	0.0	-0.0	Inf
FE3tex_f	no3_c	0.0	0.0	0.0	Inf	Inf
FE3tex_f	inost_c	0.0	0.0	0.0	Inf	Inf
FE3tex_f	o2_c	-0.0	-21.28820825376226	978.7117917462377	-0.0	0.0
FE3tex_f	poaac_c	-0.0	-6.595638791314821	0.0	-0.0	Inf
FE3tex_f	ppal_c	-0.0	0.0	0.0	Inf	Inf
FE3tex_f	k_c	-0.0	-0.16820508893588595	92.3389430784074	-0.0	0.0
FE3tex_f	psclys_c	-0.0	0.0	0.0	Inf	Inf
FE3tex_f	lald__D_c	-0.0	0.0	0.0	Inf	Inf
FE3tex_f	lald__L_c	-0.0	-1.51843974880758	0.0	-0.0	Inf
FE3tex_f	ura_c	-0.0	-0.28505839038549985	0.0	-0.0	Inf
FE3tex_f	pydx_c	-0.0	0.0	0.0012090174318851446	Inf	0.0
FE3tex_f	uracp_c	-0.0	-4.65373645956322	0.0	-0.0	Inf
FE3tex_f	pydxn_c	-0.0	0.0	0.6368202970924666	Inf	0.0
FE3tex_f	urate_c	-0.0	-0.0012090174318851446	0.0	-0.0	Inf
FE3tex_f	q8_c	-0.0	0.0	0.0	Inf	Inf
FE3tex_f	q8h2_c	0.0	0.0	0.0	Inf	Inf
FE3tex_f	urea_c	-0.0	-1000.0	0.0	-0.0	Inf
FE3tex_f	uri_c	-0.0	0.0	0.0	Inf	Inf
FE3tex_f	rbflvrd_c	-0.0	0.0	0.25629400193741114	Inf	0.0
FE3tex_f	rbl__L_c	-0.0	-0.9359925252471157	0.0	-0.0	Inf
FE3tex_f	rdmbzi_c	0.0	0.0	0.0	Inf	Inf
FE3tex_f	thptdn_c	0.0	0.0	0.0	Inf	Inf
FE3tex_f	xan_c	-0.0	0.0	0.0	Inf	Inf
FE3tex_f	rephaccoa_c	-0.0	-0.0004963606861565495	0.0	-0.0	Inf
FE3tex_f	rib__D_c	-0.0	0.0	1.0636201080402565	Inf	0.0
FE3tex_f	xtsn_c	-0.0	0.0	0.0	Inf	Inf
FE3tex_f	rml_c	-0.0	-0.75921987440379	0.0	-0.0	Inf
FE3tex_f	thym_c	-0.0	-92.3389430784074	0.0	-0.0	Inf
FE3tex_f	thymd_c	-0.0	-0.02254821821020414	0.0	-0.0	Inf
FE3tex_f	xu5p__L_c	-0.0	-0.8312585141191752	0.0	-0.0	Inf
FE3tex_f	rmn_c	-0.0	-0.75921987440379	0.0	-0.0	Inf
FE3tex_f	xyl__D_c	0.0	0.0	0.0	Inf	Inf
FE3tex_f	tmao_c	0.0	0.0	0.0	Inf	Inf
FE3tex_f	xylu__D_c	-0.0	0.0	0.0	Inf	Inf
FE3tex_f	xylu__L_c	-0.0	-0.9359925252471157	0.0	-0.0	Inf
FE3tex_f	12ppd__R_e	-0.0	-1000.0	0.0	-0.0	Inf
FE3tex_f	12ppd__S_e	-0.0	-1000.0	0.0	-0.0	Inf
FE3tex_f	tre_c	-0.0	-0.379609937201895	0.0	-0.0	Inf
FE3tex_f	seln_c	0.0	0.0	0.0	Inf	Inf
FE3tex_f	34dhpac_e	-0.0	-1000.0	0.0	-0.0	Inf
FE3tex_f	slnt_c	0.0	0.0	0.0	Inf	Inf
FE3tex_f	so2_c	0.0	0.0	0.0	Inf	Inf
FE3tex_f	so3_c	-0.0	-0.21360054820049906	4.3970925275432124	-0.0	0.0
FE3tex_f	so4_c	-0.0	-0.21733876461094345	92.3389430784074	-0.0	0.0
FE3tex_f	4hoxpacd_e	-0.0	-1000.0	0.0	-0.0	Inf
FE3tex_f	5mtr_e	-0.0	-1000.0	0.0	-0.0	Inf
FE3tex_f	LalaDgluMdap_e	-0.0	-1000.0	0.0	-0.0	Inf
FE3tex_f	ac_e	-0.0	0.0	0.0	Inf	Inf
FE3tex_f	acald_e	-0.0	-1000.0	0.0	-0.0	Inf
FE3tex_f	acgal_e	-0.0	-1000.0	0.0	-0.0	Inf
FE3tex_f	acgam_e	-0.0	-1000.0	0.0	-0.0	Inf
FE3tex_f	acmana_e	-0.0	-1000.0	0.0	-0.0	Inf
FE3tex_f	tagur_c	-0.0	0.0	0.0	Inf	Inf
FE3tex_f	tartr__L_c	-0.0	-1.51843974880758	0.0	-0.0	Inf
FE3tex_f	ade_e	-0.0	-1000.0	0.0	-0.0	Inf
FE3tex_f	adn_e	-0.0	-1000.0	0.0	-0.0	Inf
FE3tex_f	all__D_e	-0.0	-1000.0	0.0	-0.0	Inf
FE3tex_f	cl_e	-0.0	-0.004485342650127677	999.9955146573499	-0.0	0.0
FE3tex_f	alltn_e	-0.0	0.0	0.0	Inf	Inf
FE3tex_f	cm_e	-0.0	-1000.0	0.0	-0.0	Inf
FE3tex_f	co2_e	-0.0	-976.8729253498478	23.127074650152167	-0.0	0.0
FE3tex_f	arab__L_e	-0.0	-1000.0	0.0	-0.0	Inf
FE3tex_f	arbt_e	-0.0	-1000.0	0.0	-0.0	Inf
FE3tex_f	unagamu_c	-0.0	0.0	0.060352250378044175	Inf	0.0
FE3tex_f	crn_e	-0.0	-1000.0	0.0	-0.0	Inf
FE3tex_f	csn_e	-0.0	-1000.0	0.0	-0.0	Inf
FE3tex_f	cyan_e	-0.0	-1000.0	0.0	-0.0	Inf
FE3tex_f	glyb_e	-0.0	-1000.0	0.0	-0.0	Inf
FE3tex_f	glyc_e	-0.0	-1000.0	0.0	-0.0	Inf
FE3tex_f	cytd_e	-0.0	-1000.0	0.0	-0.0	Inf
FE3tex_f	ca2_e	-0.0	-0.004485342650127677	999.9955146573499	-0.0	0.0
FE3tex_f	dad_2_e	-0.0	-1000.0	0.0	-0.0	Inf
FE3tex_f	dcyt_e	-0.0	-1000.0	0.0	-0.0	Inf
FE3tex_f	chol_e	-0.0	-1000.0	0.0	-0.0	Inf
FE3tex_f	dha_e	-0.0	-1000.0	0.0	-0.0	Inf
FE3tex_f	ppal_e	-0.0	-1000.0	0.0	-0.0	Inf
FE3tex_f	h2_e	-0.0	-1000.0	0.0	-0.0	Inf
FE3tex_f	dms_e	-0.0	-1000.0	0.0	-0.0	Inf
FE3tex_f	dmso_e	-0.0	-1000.0	0.0	-0.0	Inf
FE3tex_f	h2o2_e	-0.0	-1000.0	0.0	-0.0	Inf
FE3tex_f	psclys_e	-0.0	-1000.0	0.0	-0.0	Inf
FE3tex_f	duri_e	-0.0	-1000.0	0.0	-0.0	Inf
FE3tex_f	pydx_e	-0.0	-1000.0	0.0	-0.0	Inf
FE3tex_f	pydxn_e	-0.0	-1000.0	0.0	-0.0	Inf
FE3tex_f	etoh_e	-0.0	-1000.0	0.0	-0.0	Inf
FE3tex_f	fald_e	-0.0	0.0	0.0	Inf	Inf
FE3tex_f	rib__D_e	-0.0	-1000.0	0.0	-0.0	Inf
FE3tex_f	rmn_e	-0.0	-1000.0	0.0	-0.0	Inf
FE3tex_f	indole_e	-0.0	-1000.0	0.0	-0.0	Inf
FE3tex_f	inost_e	-0.0	-1000.0	0.0	-0.0	Inf
FE3tex_f	sbt__D_e	-0.0	-0.75921987440379	0.0	-0.0	Inf
FE3tex_f	k_e	-0.0	-0.16820508893590613	999.8317949110641	-0.0	0.0
FE3tex_f	for_e	-0.0	0.0	0.0021138415994700977	Inf	0.0
FE3tex_f	slnt_e	-0.0	0.0	1000.0	Inf	0.0
FE3tex_f	fru_e	-0.0	-1000.0	0.0	-0.0	Inf
FE3tex_f	so2_e	-0.0	-1000.0	0.0	-0.0	Inf
FE3tex_f	so3_e	-0.0	-1000.0	0.0	-0.0	Inf
FE3tex_f	so4_e	-0.0	-0.2173387646109859	999.782661235389	-0.0	0.0
FE3tex_f	lipa_cold_e	-0.0	-1000.0	0.0	-0.0	Inf
FE3tex_f	sucr_e	-0.0	-1000.0	0.0	-0.0	Inf
FE3tex_f	g3pe_e	-0.0	-1000.0	0.0	-0.0	Inf
FE3tex_f	malt_e	-0.0	-1000.0	0.0	-0.0	Inf
FE3tex_f	tartr__L_e	-0.0	-1000.0	0.0	-0.0	Inf
FE3tex_f	g3pi_e	-0.0	-1000.0	0.0	-0.0	Inf
FE3tex_f	malthx_e	-0.0	-1000.0	0.0	-0.0	Inf
FE3tex_f	maltpt_e	-0.0	-1000.0	0.0	-0.0	Inf
FE3tex_f	gal_e	-0.0	-1000.0	0.0	-0.0	Inf
FE3tex_f	gal_bD_e	-0.0	-1000.0	0.0	-0.0	Inf
FE3tex_f	malttr_e	-0.0	-1000.0	0.0	-0.0	Inf
FE3tex_f	maltttr_e	-0.0	-1000.0	0.0	-0.0	Inf
FE3tex_f	man_e	-0.0	-1000.0	0.0	-0.0	Inf
FE3tex_f	thym_e	-0.0	-1000.0	0.0	-0.0	Inf
FE3tex_f	thymd_e	-0.0	-1000.0	0.0	-0.0	Inf
FE3tex_f	galt_e	-0.0	-0.75921987440379	0.0	-0.0	Inf
FE3tex_f	melib_e	-0.0	-1000.0	0.0	-0.0	Inf
FE3tex_f	meoh_e	-0.0	-999.9999982765254	1.7234746110261767e-06	-0.0	0.0
FE3tex_f	tmao_e	-0.0	-1000.0	0.0	-0.0	Inf
FE3tex_f	tre_e	-0.0	-1000.0	0.0	-0.0	Inf
FE3tex_f	metsox_S__L_e	-0.0	-1000.0	0.0	-0.0	Inf
FE3tex_f	glc__D_e	-0.0	-0.75921987440379	0.9618639904000787	-0.0	0.0
FE3tex_f	mg2_e	-0.0	-0.007475571083546129	999.9925244289165	-0.0	0.0
FE3tex_f	mnl_e	-0.0	-1000.0	0.0	-0.0	Inf
FE3tex_f	mobd_e	-0.0	-0.00011116411178591079	999.9998888358882	-0.0	0.0
FE3tex_f	glyald_e	-0.0	-1000.0	0.0	-0.0	Inf
FE3tex_f	n2o_e	-0.0	-1000.0	0.0	-0.0	Inf
FE3tex_f	na1_e	-0.0	0.0	1000.0	Inf	0.0
FE3tex_f	nac_e	-0.0	-1000.0	0.0	-0.0	Inf
FE3tex_f	ni2_e	-0.0	-0.00027834114814595523	999.9997216588519	-0.0	0.0
FE3tex_f	no_e	-0.0	-1000.0	0.0	-0.0	Inf
FE3tex_f	no2_e	-0.0	-1000.0	0.0	-0.0	Inf
FE3tex_f	ura_e	-0.0	-1000.0	0.0	-0.0	Inf
FE3tex_f	no3_e	-0.0	-1000.0	0.0	-0.0	Inf
FE3tex_f	urea_e	-0.0	-1000.0	0.0	-0.0	Inf
FE3tex_f	novbcn_e	-0.0	-1000.0	0.0	-0.0	Inf
FE3tex_f	uri_e	-0.0	-1000.0	0.0	-0.0	Inf
FE3tex_f	o2_e	-0.0	-21.288208253762264	978.7117917462377	-0.0	0.0
FE3tex_f	xan_e	-0.0	0.0	0.0	Inf	Inf
FE3tex_f	xtsn_e	-0.0	-1000.0	0.0	-0.0	Inf
FE3tex_f	xyl__D_e	-0.0	-1000.0	0.0	-0.0	Inf
FE3tex_f	xylu__L_e	-0.0	-1000.0	0.0	-0.0	Inf
FE3tex_f	pacald_e	-0.0	-1000.0	0.0	-0.0	Inf
FE3tex_f	12dgr120_p	-0.0	0.0	0.0	Inf	Inf
FE3tex_f	12dgr140_p	-0.0	0.0	0.0	Inf	Inf
FE3tex_f	12dgr160_p	-0.0	-0.0549909041069845	0.0	-0.0	Inf
FE3tex_f	12dgr180_p	-0.0	0.0	0.0	Inf	Inf
FE3tex_f	12ppd__R_p	-0.0	-1000.0	0.0	-0.0	Inf
FE3tex_f	12ppd__S_p	-0.0	0.0	0.0	Inf	Inf
FE3tex_f	chol_p	-0.0	-1000.0	0.0	-0.0	Inf
FE3tex_f	cl_p	-0.0	-0.004485342650127677	999.9955146573499	-0.0	0.0
FE3tex_f	34dhpac_p	-0.0	-1000.0	0.0	-0.0	Inf
FE3tex_f	cm_p	-0.0	0.0	0.0	Inf	Inf
FE3tex_f	4hoxpacd_p	-0.0	-1000.0	0.0	-0.0	Inf
FE3tex_f	co2_p	-0.0	-976.8729253498478	23.127074650152167	-0.0	0.0
FE3tex_f	5mtr_p	-0.0	-1000.0	0.0	-0.0	Inf
FE3tex_f	LalaDgluMdap_p	-0.0	-0.023945956111901548	0.0	-0.0	Inf
FE3tex_f	gal_p	-0.0	-1000.0	0.0	-0.0	Inf
FE3tex_f	ac_p	-0.0	-1.51843974880758	0.0	-0.0	Inf
FE3tex_f	crn_p	-0.0	-1000.0	0.0	-0.0	Inf
FE3tex_f	gal_bD_p	-0.0	-1000.0	0.0	-0.0	Inf
FE3tex_f	acald_p	-0.0	-1000.0	0.0	-0.0	Inf
FE3tex_f	acgal_p	-0.0	-1000.0	0.0	-0.0	Inf
FE3tex_f	csn_p	-0.0	0.0	0.0	Inf	Inf
FE3tex_f	acgam_p	-0.0	-1000.0	0.0	-0.0	Inf
FE3tex_f	galt_p	-0.0	-0.75921987440379	0.0	-0.0	Inf
FE3tex_f	acmana_p	-0.0	-1000.0	0.0	-0.0	Inf
FE3tex_f	cyan_p	-0.0	0.0	0.0	Inf	Inf
FE3tex_f	ade_p	-0.0	-1000.0	0.0	-0.0	Inf
FE3tex_f	adn_p	-0.0	0.0	0.0005799492033819322	Inf	0.0
FE3tex_f	cytd_p	-0.0	-0.1383303801950827	0.0	-0.0	Inf
FE3tex_f	glc__D_p	-0.0	-0.75921987440379	0.9618639904000787	-0.0	0.0
FE3tex_f	dad_2_p	-0.0	-1000.0	0.0	-0.0	Inf
FE3tex_f	dcyt_p	-0.0	-1000.0	0.0	-0.0	Inf
FE3tex_f	all__D_p	-0.0	0.0	0.0	Inf	Inf
FE3tex_f	alltn_p	-0.0	0.0	0.0	Inf	Inf
FE3tex_f	dha_p	-0.0	-1000.0	0.0	-0.0	Inf
FE3tex_f	glyald_p	-0.0	-1000.0	0.0	-0.0	Inf
FE3tex_f	glyb_p	0.0	0.0	0.0	Inf	Inf
FE3tex_f	dms_p	-0.0	-1000.0	0.0	-0.0	Inf
FE3tex_f	glyc_p	-0.0	-0.11980561344196948	0.0	-0.0	Inf
FE3tex_f	dmso_p	-0.0	-1000.0	0.0	-0.0	Inf
FE3tex_f	arab__L_p	-0.0	0.0	0.0	Inf	Inf
FE3tex_f	arbt_p	0.0	0.0	0.0	Inf	Inf
FE3tex_f	ca2_p	-0.0	-0.004485342650127677	999.9955146573499	-0.0	0.0
FE3tex_f	duri_p	-0.0	-1000.0	0.0	-0.0	Inf
FE3tex_f	h2_p	-0.0	-1000.0	0.0	-0.0	Inf
FE3tex_f	h2o2_p	-0.0	-1000.0	0.0	-0.0	Inf
FE3tex_f	etoh_p	-0.0	-1000.0	0.0	-0.0	Inf
FE3tex_f	fald_p	-0.0	0.0	0.0	Inf	Inf
FE3tex_f	n2o_p	-0.0	-1000.0	0.0	-0.0	Inf
FE3tex_f	na1_p	-0.0	0.0	0.0	Inf	Inf
FE3tex_f	indole_p	-0.0	0.0	0.4431750450167734	Inf	0.0
FE3tex_f	nac_p	-0.0	-1000.0	0.0	-0.0	Inf
FE3tex_f	ni2_p	-0.0	-0.00027834114814595523	999.9997216588519	-0.0	0.0
FE3tex_f	inost_p	-0.0	-1000.0	0.0	-0.0	Inf
FE3tex_f	no_p	-0.0	-1000.0	0.0	-0.0	Inf
FE3tex_f	no2_p	-0.0	-1000.0	0.0	-0.0	Inf
FE3tex_f	for_p	-0.0	-7.9178422419123535	0.0021138415994700977	-0.0	0.0
FE3tex_f	fru_p	-0.0	-1000.0	0.0	-0.0	Inf
FE3tex_f	no3_p	-0.0	0.0	0.0	Inf	Inf
FE3tex_f	k_p	-0.0	-0.16820508893590613	999.8317949110641	-0.0	0.0
FE3tex_f	novbcn_p	-0.0	0.0	0.0	Inf	Inf
FE3tex_f	o2_p	-0.0	-21.288208253762264	978.7117917462377	-0.0	0.0
FE3tex_f	lipa_cold_p	-0.0	-23.08473576960185	0.0	-0.0	Inf
FE3tex_f	g3pe_p	-0.0	0.0	0.0	Inf	Inf
FE3tex_f	g3pi_p	-0.0	0.0	0.0	Inf	Inf
FE3tex_f	so3_p	-0.0	-1000.0	0.0	-0.0	Inf
FE3tex_f	so4_p	-0.0	-0.21733876461094345	999.782661235389	-0.0	0.0
FE3tex_f	malt_p	0.0	0.0	0.0	Inf	Inf
FE3tex_f	malthx_p	0.0	0.0	0.0	Inf	Inf
FE3tex_f	maltpt_p	0.0	0.0	0.0	Inf	Inf
FE3tex_f	sucr_p	-0.0	-1000.0	0.0	-0.0	Inf
FE3tex_f	malttr_p	0.0	0.0	0.0	Inf	Inf
FE3tex_f	maltttr_p	0.0	0.0	0.0	Inf	Inf
FE3tex_f	pacald_p	-0.0	-1000.0	0.0	-0.0	Inf
FE3tex_f	man_p	-0.0	-1000.0	0.0	-0.0	Inf
FE3tex_f	tartr__L_p	-0.0	-1000.0	0.0	-0.0	Inf
FE3tex_f	pe120_p	-0.0	0.0	0.0	Inf	Inf
FE3tex_f	melib_p	-0.0	-1000.0	0.0	-0.0	Inf
FE3tex_f	meoh_p	-0.0	-999.9999982765254	1.7234746110261767e-06	-0.0	0.0
FE3tex_f	thym_p	-0.0	-1000.0	0.0	-0.0	Inf
FE3tex_f	thymd_p	-0.0	-0.02254821821020414	0.0	-0.0	Inf
FE3tex_f	pg120_p	-0.0	-0.05990280672098474	0.0	-0.0	Inf
FE3tex_f	metsox_S__L_p	-0.0	-1000.0	0.0	-0.0	Inf
FE3tex_f	tmao_p	-0.0	-1000.0	0.0	-0.0	Inf
FE3tex_f	mg2_p	-0.0	-0.007475571083546129	999.9925244289165	-0.0	0.0
FE3tex_f	tre_p	-0.0	0.0	0.0	Inf	Inf
FE3tex_f	mnl_p	-0.0	0.0	0.0	Inf	Inf
FE3tex_f	mobd_p	-0.0	-0.00011116411178591079	999.9998888358882	-0.0	0.0
FE3tex_f	ura_p	-0.0	-1000.0	0.0	-0.0	Inf
FE3tex_f	urea_p	-0.0	-1000.0	0.0	-0.0	Inf
FE3tex_f	uri_p	-0.0	0.0	0.0	Inf	Inf
FE3tex_f	xan_p	-0.0	0.0	0.0	Inf	Inf
FE3tex_f	xtsn_p	-0.0	0.0	0.0	Inf	Inf
FE3tex_f	xyl__D_p	-0.0	0.0	0.0	Inf	Inf
FE3tex_f	xylu__L_p	-0.0	-1000.0	0.0	-0.0	Inf
FE3tex_f	ppal_p	-0.0	-1000.0	0.0	-0.0	Inf
FE3tex_f	psclys_p	-0.0	-1000.0	0.0	-0.0	Inf
FE3tex_f	pydx_p	-0.0	0.0	0.0	Inf	Inf
FE3tex_f	pydxn_p	-0.0	0.0	0.0	Inf	Inf
FE3tex_f	rib__D_p	-0.0	-1000.0	0.0	-0.0	Inf
FE3tex_f	rmn_p	-0.0	-1000.0	0.0	-0.0	Inf
FE3tex_f	sbt__D_p	-0.0	-0.75921987440379	0.0	-0.0	Inf
FE3tex_f	slnt_p	-0.0	0.0	0.0	Inf	Inf
FE3tex_f	so2_p	-0.0	-1000.0	0.0	-0.0	Inf
