Reaction	Metabolite	ShadowPrice	G-	G+	DecrementalShadowPrice	IncrementalShadowPrice
GLYt4pp	12dgr120_c	-0.0	0.0	0.0	Inf	Inf
GLYt4pp	12dgr140_c	-0.0	0.0	0.0	Inf	Inf
GLYt4pp	12dgr160_c	-0.0	0.0	0.10642385876001523	Inf	0.0
GLYt4pp	12dgr180_c	-0.0	0.0	0.0	Inf	Inf
GLYt4pp	12ppd__R_c	-0.0	-1000.0	0.0	-0.0	Inf
GLYt4pp	12ppd__S_c	-0.0	0.0	0.0	Inf	Inf
GLYt4pp	5drib_c	-0.0	-999.9998061091073	0.0001938908926579044	-0.0	0.0
GLYt4pp	5mta_c	-0.0	0.0	0.0	Inf	Inf
GLYt4pp	23dhacoa_c	-0.0	-0.0004963606870660442	0.0	-0.0	Inf
GLYt4pp	5mtr_c	-0.0	0.0	0.0	Inf	Inf
GLYt4pp	3amac_c	-0.0	-7.917842241919033	0.0	-0.0	Inf
GLYt4pp	LalaDgluMdap_c	-0.0	-0.023945956111901548	0.0	-0.0	Inf
GLYt4pp	ac_c	-0.0	-0.9387583031087379	0.502027469695463	-0.0	0.0
GLYt4pp	acald_c	-0.0	0.0	2.173723246888694	Inf	0.0
GLYt4pp	acetol_c	-0.0	0.0	0.0	Inf	Inf
GLYt4pp	acgam_c	-0.0	-0.0814238340687123	0.0	-0.0	Inf
GLYt4pp	acgam6p_c	-0.0	-0.0814238340687123	0.0	-0.0	Inf
GLYt4pp	acmalt_c	0.0	0.0	0.0	Inf	Inf
GLYt4pp	acmana_c	-0.0	-0.0814238340687123	0.0	-0.0	Inf
GLYt4pp	2dmmq8_c	-0.0	0.0	0.0	Inf	Inf
GLYt4pp	2dmmql8_c	0.0	0.0	0.0	Inf	Inf
GLYt4pp	ade_c	-0.0	-0.09622331047717125	0.0005799492033819322	-0.0	0.0
GLYt4pp	adn_c	-0.0	0.0	0.0005799492033819322	Inf	0.0
GLYt4pp	3sala_c	0.0	0.0	0.0	Inf	Inf
GLYt4pp	adphep_DD_c	-0.0	0.0	0.0	Inf	Inf
GLYt4pp	adphep_LD_c	-0.0	0.0	0.0	Inf	Inf
GLYt4pp	4ahmmp_c	0.0	0.0	0.0	Inf	Inf
GLYt4pp	4crsol_c	-0.0	-999.999807832582	0.00019216741805650083	-0.0	0.0
GLYt4pp	2ohph_c	-0.0	-0.00019216741805650083	0.07457103168250037	-0.0	0.0
GLYt4pp	2ombzl_c	-0.0	0.0	0.0	Inf	Inf
GLYt4pp	2omhmbl_c	-0.0	0.0	0.0	Inf	Inf
GLYt4pp	2ommbl_c	0.0	0.0	0.0	Inf	Inf
GLYt4pp	2omph_c	-0.0	0.0	0.06710014458972491	Inf	0.0
GLYt4pp	4mhetz_c	0.0	0.0	0.0	Inf	Inf
GLYt4pp	2oph_c	-0.0	-0.00019216741805650083	0.07457103168250037	-0.0	0.0
GLYt4pp	2oxpaccoa_c	-0.0	-0.0004963606870660442	0.0	-0.0	Inf
GLYt4pp	all__D_c	-0.0	-0.25983488746759686	0.0	-0.0	Inf
GLYt4pp	alltn_c	-0.0	-1.091306527363905	0.0	-0.0	Inf
GLYt4pp	4r5au_c	-0.0	-0.0003843348367809085	0.44486738018432814	-0.0	0.0
GLYt4pp	56dura_c	0.0	0.0	0.0	Inf	Inf
GLYt4pp	arab__L_c	-0.0	-0.3118018649611164	0.0	-0.0	Inf
GLYt4pp	etoh_c	-0.0	-1000.0	0.0	-0.0	Inf
GLYt4pp	csn_c	-0.0	0.0	0.0	Inf	Inf
GLYt4pp	fald_c	-0.0	0.0	0.0	Inf	Inf
GLYt4pp	fc1p_c	-0.0	-0.2418407816872923	0.0	-0.0	Inf
GLYt4pp	fcl__L_c	-0.0	0.0	0.0	Inf	Inf
GLYt4pp	aso4_c	0.0	0.0	0.0	Inf	Inf
GLYt4pp	cyan_c	0.0	0.0	0.0	Inf	Inf
GLYt4pp	athtp_c	0.0	0.0	0.0	Inf	Inf
GLYt4pp	cytd_c	-0.0	-0.13833038019508273	0.0	-0.0	Inf
GLYt4pp	dad_2_c	-0.0	0.0	0.0	Inf	Inf
GLYt4pp	dad_5_c	-0.0	-0.09622331047717125	0.0001938908926579044	-0.0	0.0
GLYt4pp	betald_c	0.0	0.0	0.0	Inf	Inf
GLYt4pp	btal_c	-0.0	-4.36522610945562	0.0	-0.0	Inf
GLYt4pp	for_c	-0.0	-2.91015073963708	0.0021138416007175954	-0.0	0.0
GLYt4pp	dcyt_c	-0.0	0.0	0.0	Inf	Inf
GLYt4pp	fru_c	-0.0	0.0	0.808489492718066	Inf	0.0
GLYt4pp	ca2_c	-0.0	-0.004485342650127677	17.46090443782248	-0.0	0.0
GLYt4pp	g3pe_c	-0.0	0.0	0.0	Inf	Inf
GLYt4pp	g3pi_c	0.0	0.0	0.0	Inf	Inf
GLYt4pp	cbm_c	-0.0	-3.9589211209595234	0.0	-0.0	Inf
GLYt4pp	dha_c	-0.0	-0.5196697749351936	1.6351882082450977	-0.0	0.0
GLYt4pp	gal_c	-0.0	0.0	0.0	Inf	Inf
GLYt4pp	dhgly_c	-0.0	-0.00019216741805650083	0.29609443901338645	-0.0	0.0
GLYt4pp	dhmptp_c	0.0	0.0	0.0	Inf	Inf
GLYt4pp	gcald_c	-0.0	-0.8730452218911239	0.0005765022542618681	-0.0	0.0
GLYt4pp	dhptd_c	-0.0	-45.88535339172633	0.00038605831072402783	-0.0	0.0
GLYt4pp	cechddd_c	-0.0	0.0	0.0	Inf	Inf
GLYt4pp	dhptdn_c	0.0	0.0	0.0	Inf	Inf
GLYt4pp	chol_c	0.0	0.0	0.0	Inf	Inf
GLYt4pp	chtbs6p_c	-0.0	0.0	0.0	Inf	Inf
GLYt4pp	dmbzid_c	0.0	0.0	0.0	Inf	Inf
GLYt4pp	dms_c	0.0	0.0	0.0	Inf	Inf
GLYt4pp	dmso_c	0.0	0.0	0.0	Inf	Inf
GLYt4pp	cl_c	-0.0	-0.004485342650127677	34.92180887564496	-0.0	0.0
GLYt4pp	glc__D_c	-0.0	0.0	0.808489492718066	Inf	0.0
GLYt4pp	co2_c	-0.0	-976.8729253498905	23.12496080850883	-0.0	0.0
GLYt4pp	dscl_c	-0.0	-0.00019216741805650083	0.08753599764417938	-0.0	0.0
GLYt4pp	dtdp4aaddg_c	-0.0	0.0	0.0	Inf	Inf
GLYt4pp	glyald_c	-0.0	-1000.0	0.0	-0.0	Inf
GLYt4pp	crn_c	-0.0	-17.46090443782248	0.0	-0.0	Inf
GLYt4pp	duri_c	-0.0	0.0	0.0	Inf	Inf
GLYt4pp	glyb_c	0.0	0.0	0.0	Inf	Inf
GLYt4pp	glyc_c	-0.0	-0.11980561344196948	0.0	-0.0	Inf
GLYt4pp	dxyl_c	0.0	0.0	0.0	Inf	Inf
GLYt4pp	glycogen_c	-0.0	-0.2452374218795296	0.0	-0.0	Inf
GLYt4pp	gmhep1p_c	-0.0	0.0	0.6447811407289727	Inf	0.0
GLYt4pp	lipa_cold_c	-0.0	0.0	0.0	Inf	Inf
GLYt4pp	lipidA_c	-0.0	-0.016765960922441536	0.05608958316291901	-0.0	0.0
GLYt4pp	malt_c	0.0	0.0	0.0	Inf	Inf
GLYt4pp	h2_c	-0.0	0.0	0.0	Inf	Inf
GLYt4pp	malthx_c	-0.0	0.0	0.0	Inf	Inf
GLYt4pp	maltpt_c	-0.0	0.0	0.0	Inf	Inf
GLYt4pp	malttr_c	-0.0	0.0	0.0	Inf	Inf
GLYt4pp	maltttr_c	-0.0	0.0	0.0	Inf	Inf
GLYt4pp	h2o2_c	-0.0	-0.0031720550038833164	13.19043628069428	-0.0	0.0
GLYt4pp	man_c	-0.0	0.0	0.0	Inf	Inf
GLYt4pp	mdhdhf_c	-0.0	-45.88535339172633	0.00038605831072402783	-0.0	0.0
GLYt4pp	melib_c	-0.0	0.0	0.0	Inf	Inf
GLYt4pp	meoh_c	-0.0	-999.9999982765254	1.7234746110261767e-06	-0.0	0.0
GLYt4pp	pacald_c	-0.0	-17.46090443782248	0.0	-0.0	Inf
GLYt4pp	metsox_S__L_c	-0.0	-0.09622331047717125	0.0	-0.0	Inf
GLYt4pp	mg2_c	-0.0	-0.007475571083546129	8.73045221891124	-0.0	0.0
GLYt4pp	hhlipa_c	-0.0	0.0	0.0	Inf	Inf
GLYt4pp	pe120_c	-0.0	0.0	0.0	Inf	Inf
GLYt4pp	mobd_c	-0.0	-0.00011116411178591079	18.15058911152056	-0.0	0.0
GLYt4pp	hlipa_c	-0.0	0.0	0.0	Inf	Inf
GLYt4pp	pg120_c	-0.0	-0.04221688693864245	0.0	-0.0	Inf
GLYt4pp	mql8_c	0.0	0.0	0.0	Inf	Inf
GLYt4pp	mqn8_c	-0.0	0.0	0.0	Inf	Inf
GLYt4pp	mthgxl_c	-0.0	-0.5898954201967063	0.0	-0.0	Inf
GLYt4pp	hqn_c	0.0	0.0	0.0	Inf	Inf
GLYt4pp	mththf_c	-0.0	-999.9996139416893	0.00038605831072402783	-0.0	0.0
GLYt4pp	n2o_c	-0.0	-1000.0	0.0	-0.0	Inf
GLYt4pp	na1_c	-0.0	0.0	0.0	Inf	Inf
GLYt4pp	nac_c	-0.0	0.0	0.0	Inf	Inf
GLYt4pp	ncam_c	-0.0	0.0	0.0	Inf	Inf
GLYt4pp	ni2_c	-0.0	-0.00027834114812668056	999.9997216588519	-0.0	0.0
GLYt4pp	no_c	-0.0	-1000.0	0.0	-0.0	Inf
GLYt4pp	indole_c	-0.0	-0.04898373338379227	0.44317504501283894	-0.0	0.0
GLYt4pp	no2_c	-0.0	-17.46090443782248	0.0	-0.0	Inf
GLYt4pp	no3_c	0.0	0.0	0.0	Inf	Inf
GLYt4pp	inost_c	0.0	0.0	0.0	Inf	Inf
GLYt4pp	o2_c	-0.0	-21.288208253723255	978.7117917462767	-0.0	0.0
GLYt4pp	poaac_c	-0.0	-5.41808630194644	0.0	-0.0	Inf
GLYt4pp	ppal_c	-0.0	0.0	0.0	Inf	Inf
GLYt4pp	k_c	-0.0	-0.16820508893588595	72.60235644608224	-0.0	0.0
GLYt4pp	psclys_c	-0.0	0.0	0.0	Inf	Inf
GLYt4pp	lald__D_c	-0.0	0.0	0.0	Inf	Inf
GLYt4pp	lald__L_c	-0.0	-0.5196697749351936	0.0	-0.0	Inf
GLYt4pp	ura_c	-0.0	-0.28505839038549985	0.0	-0.0	Inf
GLYt4pp	pydx_c	-0.0	0.0	0.0031720550038833164	Inf	0.0
GLYt4pp	uracp_c	-0.0	-4.6537364595720305	0.0	-0.0	Inf
GLYt4pp	pydxn_c	-0.0	0.0	0.5483561665111965	Inf	0.0
GLYt4pp	urate_c	-0.0	-0.0031720550038833164	0.0	-0.0	Inf
GLYt4pp	q8_c	-0.0	0.0	0.0	Inf	Inf
GLYt4pp	q8h2_c	0.0	0.0	0.0	Inf	Inf
GLYt4pp	urea_c	-0.0	-1000.0	0.0	-0.0	Inf
GLYt4pp	uri_c	-0.0	-0.1796389345454992	0.0	-0.0	Inf
GLYt4pp	rbflvrd_c	-0.0	0.0	0.22960897041771783	Inf	0.0
GLYt4pp	rbl__L_c	-0.0	-0.3118018649611164	0.0	-0.0	Inf
GLYt4pp	rdmbzi_c	0.0	0.0	0.0	Inf	Inf
GLYt4pp	thptdn_c	0.0	0.0	0.0	Inf	Inf
GLYt4pp	xan_c	-0.0	0.0	0.0	Inf	Inf
GLYt4pp	rephaccoa_c	-0.0	-0.0004963606870660442	0.0	-0.0	Inf
GLYt4pp	rib__D_c	-0.0	-0.3118018649611164	0.0	-0.0	Inf
GLYt4pp	xtsn_c	-0.0	0.0	0.0	Inf	Inf
GLYt4pp	rml_c	-0.0	-0.25983488746759686	0.0	-0.0	Inf
GLYt4pp	thym_c	-0.0	-72.60235644608224	0.0	-0.0	Inf
GLYt4pp	thymd_c	-0.0	-0.02254821821016323	0.0	-0.0	Inf
GLYt4pp	xu5p__L_c	-0.0	-0.2862443350462708	0.0	-0.0	Inf
GLYt4pp	rmn_c	-0.0	-0.25983488746759686	0.0	-0.0	Inf
GLYt4pp	xyl__D_c	0.0	0.0	0.0	Inf	Inf
GLYt4pp	tmao_c	0.0	0.0	0.0	Inf	Inf
GLYt4pp	xylu__D_c	-0.0	0.0	0.0	Inf	Inf
GLYt4pp	xylu__L_c	-0.0	-0.3118018649611164	0.0	-0.0	Inf
GLYt4pp	12ppd__R_e	-0.0	-1000.0	0.0	-0.0	Inf
GLYt4pp	12ppd__S_e	-0.0	-1000.0	0.0	-0.0	Inf
GLYt4pp	tre_c	-0.0	0.0	0.0	Inf	Inf
GLYt4pp	seln_c	0.0	0.0	0.0	Inf	Inf
GLYt4pp	34dhpac_e	-0.0	-1000.0	0.0	-0.0	Inf
GLYt4pp	slnt_c	0.0	0.0	0.0	Inf	Inf
GLYt4pp	so2_c	0.0	0.0	0.0	Inf	Inf
GLYt4pp	so3_c	-0.0	-0.21360054820140856	3.5589390414746207	-0.0	0.0
GLYt4pp	so4_c	-0.0	-0.21733876461185295	72.60235644608224	-0.0	0.0
GLYt4pp	4hoxpacd_e	-0.0	-1000.0	0.0	-0.0	Inf
GLYt4pp	5mtr_e	-0.0	0.0	0.0	Inf	Inf
GLYt4pp	LalaDgluMdap_e	-0.0	-1000.0	0.0	-0.0	Inf
GLYt4pp	ac_e	-0.0	0.0	0.0	Inf	Inf
GLYt4pp	acald_e	-0.0	-1000.0	0.0	-0.0	Inf
GLYt4pp	acgal_e	-0.0	-1000.0	0.0	-0.0	Inf
GLYt4pp	acgam_e	-0.0	-1000.0	0.0	-0.0	Inf
GLYt4pp	acmana_e	-0.0	-1000.0	0.0	-0.0	Inf
GLYt4pp	tagur_c	-0.0	0.0	0.0	Inf	Inf
GLYt4pp	tartr__L_c	-0.0	-0.5525602670196996	0.0	-0.0	Inf
GLYt4pp	ade_e	-0.0	-1000.0	0.0	-0.0	Inf
GLYt4pp	adn_e	-0.0	-1000.0	0.0	-0.0	Inf
GLYt4pp	all__D_e	-0.0	-1000.0	0.0	-0.0	Inf
GLYt4pp	cl_e	-0.0	-0.004485342650127677	999.9955146573499	-0.0	0.0
GLYt4pp	alltn_e	-0.0	0.0	0.0	Inf	Inf
GLYt4pp	cm_e	-0.0	-1000.0	0.0	-0.0	Inf
GLYt4pp	co2_e	-0.0	-976.8729253498905	23.127074650109535	-0.0	0.0
GLYt4pp	arab__L_e	-0.0	-1000.0	0.0	-0.0	Inf
GLYt4pp	arbt_e	-0.0	-1000.0	0.0	-0.0	Inf
GLYt4pp	unagamu_c	-0.0	0.0	0.051034975710728486	Inf	0.0
GLYt4pp	crn_e	-0.0	-1000.0	0.0	-0.0	Inf
GLYt4pp	csn_e	-0.0	-1000.0	0.0	-0.0	Inf
GLYt4pp	cyan_e	-0.0	-1000.0	0.0	-0.0	Inf
GLYt4pp	glyb_e	-0.0	-1000.0	0.0	-0.0	Inf
GLYt4pp	glyc_e	-0.0	-1000.0	0.0	-0.0	Inf
GLYt4pp	cytd_e	-0.0	-1000.0	0.0	-0.0	Inf
GLYt4pp	ca2_e	-0.0	-0.004485342650127677	999.9955146573499	-0.0	0.0
GLYt4pp	dad_2_e	-0.0	-1000.0	0.0	-0.0	Inf
GLYt4pp	dcyt_e	-0.0	-1000.0	0.0	-0.0	Inf
GLYt4pp	chol_e	-0.0	-1000.0	0.0	-0.0	Inf
GLYt4pp	dha_e	-0.0	-1000.0	0.0	-0.0	Inf
GLYt4pp	ppal_e	-0.0	-1000.0	0.0	-0.0	Inf
GLYt4pp	h2_e	-0.0	-1000.0	0.0	-0.0	Inf
GLYt4pp	dms_e	-0.0	-1000.0	0.0	-0.0	Inf
GLYt4pp	dmso_e	-0.0	-1000.0	0.0	-0.0	Inf
GLYt4pp	h2o2_e	-0.0	-1000.0	0.0	-0.0	Inf
GLYt4pp	psclys_e	-0.0	-1000.0	0.0	-0.0	Inf
GLYt4pp	duri_e	-0.0	-1000.0	0.0	-0.0	Inf
GLYt4pp	pydx_e	-0.0	-1000.0	0.0	-0.0	Inf
GLYt4pp	pydxn_e	-0.0	-1000.0	0.0	-0.0	Inf
GLYt4pp	etoh_e	-0.0	-1000.0	0.0	-0.0	Inf
GLYt4pp	fald_e	-0.0	0.0	0.0	Inf	Inf
GLYt4pp	rib__D_e	-0.0	-1000.0	0.0	-0.0	Inf
GLYt4pp	rmn_e	-0.0	-1000.0	0.0	-0.0	Inf
GLYt4pp	indole_e	-0.0	-1000.0	0.0	-0.0	Inf
GLYt4pp	inost_e	-0.0	-1000.0	0.0	-0.0	Inf
GLYt4pp	sbt__D_e	-0.0	-0.24523742187952952	0.0	-0.0	Inf
GLYt4pp	k_e	-0.0	-0.16820508893590613	999.8317949110641	-0.0	0.0
GLYt4pp	for_e	-0.0	0.0	0.0021138416007175954	Inf	0.0
GLYt4pp	slnt_e	-0.0	0.0	1000.0	Inf	0.0
GLYt4pp	fru_e	-0.0	-1000.0	0.0	-0.0	Inf
GLYt4pp	so2_e	-0.0	-1000.0	0.0	-0.0	Inf
GLYt4pp	so3_e	-0.0	-1000.0	0.0	-0.0	Inf
GLYt4pp	so4_e	-0.0	-0.21733876461189539	999.7826612353881	-0.0	0.0
GLYt4pp	lipa_cold_e	-0.0	-1000.0	0.0	-0.0	Inf
GLYt4pp	sucr_e	-0.0	-1000.0	0.0	-0.0	Inf
GLYt4pp	g3pe_e	-0.0	-1000.0	0.0	-0.0	Inf
GLYt4pp	malt_e	-0.0	-1000.0	0.0	-0.0	Inf
GLYt4pp	tartr__L_e	-0.0	-1000.0	0.0	-0.0	Inf
GLYt4pp	g3pi_e	-0.0	-1000.0	0.0	-0.0	Inf
GLYt4pp	malthx_e	-0.0	-1000.0	0.0	-0.0	Inf
GLYt4pp	maltpt_e	-0.0	-1000.0	0.0	-0.0	Inf
GLYt4pp	gal_e	-0.0	-1000.0	0.0	-0.0	Inf
GLYt4pp	gal_bD_e	-0.0	-1000.0	0.0	-0.0	Inf
GLYt4pp	malttr_e	-0.0	-1000.0	0.0	-0.0	Inf
GLYt4pp	maltttr_e	-0.0	-1000.0	0.0	-0.0	Inf
GLYt4pp	man_e	-0.0	-1000.0	0.0	-0.0	Inf
GLYt4pp	thym_e	-0.0	-1000.0	0.0	-0.0	Inf
GLYt4pp	thymd_e	-0.0	-1000.0	0.0	-0.0	Inf
GLYt4pp	galt_e	-0.0	-0.2452374218795296	0.0	-0.0	Inf
GLYt4pp	melib_e	-0.0	-1000.0	0.0	-0.0	Inf
GLYt4pp	meoh_e	-0.0	-999.9999982765254	1.7234746110261767e-06	-0.0	0.0
GLYt4pp	tmao_e	-0.0	-1000.0	0.0	-0.0	Inf
GLYt4pp	tre_e	-0.0	-1000.0	0.0	-0.0	Inf
GLYt4pp	metsox_S__L_e	-0.0	-1000.0	0.0	-0.0	Inf
GLYt4pp	glc__D_e	-0.0	-0.2598348874675968	0.8175941041225488	-0.0	0.0
GLYt4pp	mg2_e	-0.0	-0.007475571083546129	999.9925244289165	-0.0	0.0
GLYt4pp	mnl_e	-0.0	-1000.0	0.0	-0.0	Inf
GLYt4pp	mobd_e	-0.0	-0.00011116411178591079	999.9998888358882	-0.0	0.0
GLYt4pp	glyald_e	-0.0	-1000.0	0.0	-0.0	Inf
GLYt4pp	n2o_e	-0.0	-1000.0	0.0	-0.0	Inf
GLYt4pp	na1_e	-0.0	0.0	1000.0	Inf	0.0
GLYt4pp	nac_e	-0.0	-1000.0	0.0	-0.0	Inf
GLYt4pp	ni2_e	-0.0	-0.00027834114814595523	999.9997216588519	-0.0	0.0
GLYt4pp	no_e	-0.0	-1000.0	0.0	-0.0	Inf
GLYt4pp	no2_e	-0.0	-1000.0	0.0	-0.0	Inf
GLYt4pp	ura_e	-0.0	-1000.0	0.0	-0.0	Inf
GLYt4pp	no3_e	-0.0	-1000.0	0.0	-0.0	Inf
GLYt4pp	urea_e	-0.0	-1000.0	0.0	-0.0	Inf
GLYt4pp	novbcn_e	-0.0	-1000.0	0.0	-0.0	Inf
GLYt4pp	uri_e	-0.0	-1000.0	0.0	-0.0	Inf
GLYt4pp	o2_e	-0.0	-21.28820825372327	978.7117917462767	-0.0	0.0
GLYt4pp	xan_e	-0.0	0.0	0.0	Inf	Inf
GLYt4pp	xtsn_e	-0.0	-1000.0	0.0	-0.0	Inf
GLYt4pp	xyl__D_e	-0.0	-1000.0	0.0	-0.0	Inf
GLYt4pp	xylu__L_e	-0.0	-1000.0	0.0	-0.0	Inf
GLYt4pp	pacald_e	-0.0	-1000.0	0.0	-0.0	Inf
GLYt4pp	12dgr120_p	-0.0	0.0	0.0	Inf	Inf
GLYt4pp	12dgr140_p	-0.0	0.0	0.0	Inf	Inf
GLYt4pp	12dgr160_p	-0.0	0.0	0.0	Inf	Inf
GLYt4pp	12dgr180_p	-0.0	0.0	0.0	Inf	Inf
GLYt4pp	12ppd__R_p	-0.0	-1000.0	0.0	-0.0	Inf
GLYt4pp	12ppd__S_p	-0.0	0.0	0.0	Inf	Inf
GLYt4pp	chol_p	-0.0	-1000.0	0.0	-0.0	Inf
GLYt4pp	cl_p	-0.0	-0.004485342650127677	999.9955146573499	-0.0	0.0
GLYt4pp	34dhpac_p	-0.0	-1000.0	0.0	-0.0	Inf
GLYt4pp	cm_p	-0.0	0.0	0.0	Inf	Inf
GLYt4pp	4hoxpacd_p	-0.0	-1000.0	0.0	-0.0	Inf
GLYt4pp	co2_p	-0.0	-976.8729253498905	23.127074650109535	-0.0	0.0
GLYt4pp	5mtr_p	-0.0	0.0	0.0	Inf	Inf
GLYt4pp	LalaDgluMdap_p	-0.0	-0.023945956111901548	0.0	-0.0	Inf
GLYt4pp	gal_p	-0.0	-1000.0	0.0	-0.0	Inf
GLYt4pp	ac_p	-0.0	-1.051861713121839	0.0	-0.0	Inf
GLYt4pp	crn_p	-0.0	-1000.0	0.0	-0.0	Inf
GLYt4pp	gal_bD_p	-0.0	-1000.0	0.0	-0.0	Inf
GLYt4pp	acald_p	-0.0	-1000.0	0.0	-0.0	Inf
GLYt4pp	acgal_p	-0.0	-1000.0	0.0	-0.0	Inf
GLYt4pp	csn_p	-0.0	0.0	0.0	Inf	Inf
GLYt4pp	acgam_p	-0.0	-1000.0	0.0	-0.0	Inf
GLYt4pp	galt_p	-0.0	-0.2452374218795296	0.0	-0.0	Inf
GLYt4pp	acmana_p	-0.0	-1000.0	0.0	-0.0	Inf
GLYt4pp	cyan_p	-0.0	0.0	0.0	Inf	Inf
GLYt4pp	ade_p	-0.0	-1000.0	0.0	-0.0	Inf
GLYt4pp	adn_p	-0.0	0.0	0.0005799492033819322	Inf	0.0
GLYt4pp	cytd_p	-0.0	-0.13833038019508273	0.0	-0.0	Inf
GLYt4pp	glc__D_p	-0.0	-0.2598348874675968	0.8175941041225488	-0.0	0.0
GLYt4pp	dad_2_p	-0.0	-1000.0	0.0	-0.0	Inf
GLYt4pp	dcyt_p	-0.0	-1000.0	0.0	-0.0	Inf
GLYt4pp	all__D_p	-0.0	0.0	0.0	Inf	Inf
GLYt4pp	alltn_p	-0.0	0.0	0.0	Inf	Inf
GLYt4pp	dha_p	-0.0	-1000.0	0.0	-0.0	Inf
GLYt4pp	glyald_p	-0.0	-1000.0	0.0	-0.0	Inf
GLYt4pp	glyb_p	0.0	0.0	0.0	Inf	Inf
GLYt4pp	dms_p	-0.0	-1000.0	0.0	-0.0	Inf
GLYt4pp	glyc_p	-0.0	-0.11980561344196948	0.0	-0.0	Inf
GLYt4pp	dmso_p	-0.0	-1000.0	0.0	-0.0	Inf
GLYt4pp	arab__L_p	-0.0	0.0	0.0	Inf	Inf
GLYt4pp	arbt_p	0.0	0.0	0.0	Inf	Inf
GLYt4pp	ca2_p	-0.0	-0.004485342650127677	999.9955146573499	-0.0	0.0
GLYt4pp	duri_p	-0.0	-1000.0	0.0	-0.0	Inf
GLYt4pp	h2_p	-0.0	-1000.0	0.0	-0.0	Inf
GLYt4pp	h2o2_p	-0.0	-1000.0	0.0	-0.0	Inf
GLYt4pp	etoh_p	-0.0	-1000.0	0.0	-0.0	Inf
GLYt4pp	fald_p	-0.0	0.0	0.0	Inf	Inf
GLYt4pp	n2o_p	-0.0	-1000.0	0.0	-0.0	Inf
GLYt4pp	na1_p	-0.0	0.0	0.0	Inf	Inf
GLYt4pp	indole_p	-0.0	0.0	0.44317504501283894	Inf	0.0
GLYt4pp	nac_p	-0.0	-1000.0	0.0	-0.0	Inf
GLYt4pp	ni2_p	-0.0	-0.00027834114814595523	999.9997216588519	-0.0	0.0
GLYt4pp	inost_p	-0.0	-1000.0	0.0	-0.0	Inf
GLYt4pp	no_p	-0.0	-1000.0	0.0	-0.0	Inf
GLYt4pp	no2_p	-0.0	-1000.0	0.0	-0.0	Inf
GLYt4pp	for_p	-0.0	-2.91015073963708	0.0021138416007175954	-0.0	0.0
GLYt4pp	fru_p	-0.0	-1000.0	0.0	-0.0	Inf
GLYt4pp	no3_p	-0.0	0.0	0.0	Inf	Inf
GLYt4pp	k_p	-0.0	-0.16820508893590613	999.8317949110641	-0.0	0.0
GLYt4pp	novbcn_p	-0.0	0.0	0.0	Inf	Inf
GLYt4pp	o2_p	-0.0	-21.28820825372327	978.7117917462767	-0.0	0.0
GLYt4pp	lipa_cold_p	-0.0	-18.15058911152056	0.0	-0.0	Inf
GLYt4pp	g3pe_p	-0.0	0.0	0.0	Inf	Inf
GLYt4pp	g3pi_p	-0.0	0.0	0.0	Inf	Inf
GLYt4pp	so3_p	-0.0	-1000.0	0.0	-0.0	Inf
GLYt4pp	so4_p	-0.0	-0.21733876461185295	999.7826612353881	-0.0	0.0
GLYt4pp	malt_p	0.0	0.0	0.0	Inf	Inf
GLYt4pp	malthx_p	0.0	0.0	0.0	Inf	Inf
GLYt4pp	maltpt_p	0.0	0.0	0.0	Inf	Inf
GLYt4pp	sucr_p	-0.0	-1000.0	0.0	-0.0	Inf
GLYt4pp	malttr_p	0.0	0.0	0.0	Inf	Inf
GLYt4pp	maltttr_p	0.0	0.0	0.0	Inf	Inf
GLYt4pp	pacald_p	-0.0	-1000.0	0.0	-0.0	Inf
GLYt4pp	man_p	-0.0	-1000.0	0.0	-0.0	Inf
GLYt4pp	tartr__L_p	-0.0	-1000.0	0.0	-0.0	Inf
GLYt4pp	pe120_p	-0.0	0.0	0.0	Inf	Inf
GLYt4pp	melib_p	-0.0	-1000.0	0.0	-0.0	Inf
GLYt4pp	meoh_p	-0.0	-999.9999982765254	1.7234746110261767e-06	-0.0	0.0
GLYt4pp	thym_p	-0.0	-1000.0	0.0	-0.0	Inf
GLYt4pp	thymd_p	-0.0	-0.02254821821016323	0.0	-0.0	Inf
GLYt4pp	pg120_p	-0.0	-0.041812510626969626	0.0	-0.0	Inf
GLYt4pp	metsox_S__L_p	-0.0	-1000.0	0.0	-0.0	Inf
GLYt4pp	tmao_p	-0.0	-1000.0	0.0	-0.0	Inf
GLYt4pp	mg2_p	-0.0	-0.007475571083546129	999.9925244289165	-0.0	0.0
GLYt4pp	tre_p	-0.0	0.0	0.0	Inf	Inf
GLYt4pp	mnl_p	-0.0	0.0	0.0	Inf	Inf
GLYt4pp	mobd_p	-0.0	-0.00011116411178591079	999.9998888358882	-0.0	0.0
GLYt4pp	ura_p	-0.0	-1000.0	0.0	-0.0	Inf
GLYt4pp	urea_p	-0.0	-1000.0	0.0	-0.0	Inf
GLYt4pp	uri_p	-0.0	-0.18150628313744827	0.0	-0.0	Inf
GLYt4pp	xan_p	-0.0	0.0	0.0	Inf	Inf
GLYt4pp	xtsn_p	-0.0	0.0	0.0	Inf	Inf
GLYt4pp	xyl__D_p	-0.0	0.0	0.0	Inf	Inf
GLYt4pp	xylu__L_p	-0.0	-1000.0	0.0	-0.0	Inf
GLYt4pp	ppal_p	-0.0	-1000.0	0.0	-0.0	Inf
GLYt4pp	psclys_p	-0.0	-1000.0	0.0	-0.0	Inf
GLYt4pp	pydx_p	-0.0	0.0	0.0	Inf	Inf
GLYt4pp	pydxn_p	-0.0	0.0	0.0	Inf	Inf
GLYt4pp	rib__D_p	-0.0	-1000.0	0.0	-0.0	Inf
GLYt4pp	rmn_p	-0.0	-1000.0	0.0	-0.0	Inf
GLYt4pp	sbt__D_p	-0.0	-0.24523742187952952	0.0	-0.0	Inf
GLYt4pp	slnt_p	-0.0	0.0	0.0	Inf	Inf
GLYt4pp	so2_p	-0.0	-1000.0	0.0	-0.0	Inf
