Reaction	Metabolite	ShadowPrice	G-	G+	DecrementalShadowPrice	IncrementalShadowPrice
FRUpts2pp	12dgr120_c	-0.0	0.0	0.0	Inf	Inf
FRUpts2pp	12dgr140_c	-0.0	0.0	0.0	Inf	Inf
FRUpts2pp	12dgr160_c	-0.0	-0.05358457275372075	0.0	-0.0	Inf
FRUpts2pp	12dgr180_c	-0.0	0.0	0.0	Inf	Inf
FRUpts2pp	12ppd__R_c	-0.0	-1000.0	0.0	-0.0	Inf
FRUpts2pp	12ppd__S_c	-0.0	0.0	0.0	Inf	Inf
FRUpts2pp	5drib_c	-0.0	-999.9998110676518	0.00018893234822435582	-0.0	0.0
FRUpts2pp	5mta_c	-0.0	0.0	0.0	Inf	Inf
FRUpts2pp	23dhacoa_c	-0.0	-0.0004836668115499876	0.0	-0.0	Inf
FRUpts2pp	5mtr_c	-0.0	0.0	0.0	Inf	Inf
FRUpts2pp	3amac_c	-0.0	-7.721908584738222	0.0	-0.0	Inf
FRUpts2pp	LalaDgluMdap_c	-0.0	-0.02333356485537066	0.0	-0.0	Inf
FRUpts2pp	ac_c	-0.0	-7.721908584735301	0.4891886742185138	-0.0	0.0
FRUpts2pp	acald_c	-0.0	0.0	3.5213384807248076	Inf	0.0
FRUpts2pp	acetol_c	-0.0	0.0	0.0	Inf	Inf
FRUpts2pp	acgam_c	-0.0	-0.07934150986242333	0.0	-0.0	Inf
FRUpts2pp	acgam6p_c	-0.0	-0.07934150986242333	0.0	-0.0	Inf
FRUpts2pp	acmalt_c	0.0	0.0	0.0	Inf	Inf
FRUpts2pp	acmana_c	-0.0	-0.07934150986242333	0.0	-0.0	Inf
FRUpts2pp	2dmmq8_c	-0.0	0.0	0.0	Inf	Inf
FRUpts2pp	2dmmql8_c	0.0	0.0	0.0	Inf	Inf
FRUpts2pp	ade_c	-0.0	-0.09170272363417066	0.0005651176460500899	-0.0	0.0
FRUpts2pp	adn_c	-0.0	0.0	0.0005651176460500899	Inf	0.0
FRUpts2pp	3sala_c	0.0	0.0	0.0	Inf	Inf
FRUpts2pp	adphep_DD_c	-0.0	0.0	0.0	Inf	Inf
FRUpts2pp	adphep_LD_c	-0.0	0.0	0.0	Inf	Inf
FRUpts2pp	4ahmmp_c	0.0	0.0	0.0	Inf	Inf
FRUpts2pp	4crsol_c	-0.0	-999.9998127470504	0.00018725294957347264	-0.0	0.0
FRUpts2pp	2ohph_c	-0.0	-0.00018725294957347264	0.001916709601767466	-0.0	0.0
FRUpts2pp	2ombzl_c	-0.0	0.0	0.0	Inf	Inf
FRUpts2pp	2omhmbl_c	-0.0	0.0	0.0	Inf	Inf
FRUpts2pp	2ommbl_c	0.0	0.0	0.0	Inf	Inf
FRUpts2pp	2omph_c	-0.0	0.0	0.0016090895422245393	Inf	0.0
FRUpts2pp	4mhetz_c	0.0	0.0	0.0	Inf	Inf
FRUpts2pp	2oph_c	-0.0	-0.00018725294957347264	0.001916709601767466	-0.0	0.0
FRUpts2pp	2oxpaccoa_c	-0.0	-0.0004836668115499876	0.0	-0.0	Inf
FRUpts2pp	all__D_c	-0.0	-0.908208520495767	0.0	-0.0	Inf
FRUpts2pp	alltn_c	-0.0	-1.3623127807436504	0.0	-0.0	Inf
FRUpts2pp	4r5au_c	-0.0	-0.00037450589879098166	0.008146015807511698	-0.0	0.0
FRUpts2pp	56dura_c	0.0	0.0	0.0	Inf	Inf
FRUpts2pp	arab__L_c	-0.0	-0.908208520495767	0.0	-0.0	Inf
FRUpts2pp	etoh_c	-0.0	-1000.0	0.0	-0.0	Inf
FRUpts2pp	csn_c	-0.0	0.0	0.0	Inf	Inf
FRUpts2pp	fald_c	-0.0	0.0	0.0	Inf	Inf
FRUpts2pp	fc1p_c	-0.0	-0.8100000000013413	0.0	-0.0	Inf
FRUpts2pp	fcl__L_c	-0.0	0.0	0.0	Inf	Inf
FRUpts2pp	aso4_c	0.0	0.0	0.0	Inf	Inf
FRUpts2pp	cyan_c	0.0	0.0	0.0	Inf	Inf
FRUpts2pp	athtp_c	0.0	0.0	0.0	Inf	Inf
FRUpts2pp	cytd_c	-0.0	-0.1347927342165281	0.0	-0.0	Inf
FRUpts2pp	dad_2_c	-0.0	0.0	0.0	Inf	Inf
FRUpts2pp	dad_5_c	-0.0	-0.09170272363417066	0.00018893234822435582	-0.0	0.0
FRUpts2pp	betald_c	0.0	0.0	0.0	Inf	Inf
FRUpts2pp	btal_c	-0.0	-526.3471227865581	0.0	-0.0	Inf
FRUpts2pp	for_c	-0.0	-0.09170272363417098	0.002059782444081912	-0.0	0.0
FRUpts2pp	dcyt_c	-0.0	0.0	0.0	Inf	Inf
FRUpts2pp	fru_c	-0.0	-0.908208520495767	0.0	-0.0	Inf
FRUpts2pp	ca2_c	-0.0	-0.004370634988958955	999.995629365011	-0.0	0.0
FRUpts2pp	g3pe_c	-0.0	0.0	0.0	Inf	Inf
FRUpts2pp	g3pi_c	0.0	0.0	0.0	Inf	Inf
FRUpts2pp	cbm_c	-0.0	-3.8609542923691063	0.0	-0.0	Inf
FRUpts2pp	dha_c	-0.0	-2.7246255614873007	0.0	-0.0	Inf
FRUpts2pp	gal_c	-0.0	0.0	0.0	Inf	Inf
FRUpts2pp	dhgly_c	-0.0	-0.00018725294957347264	0.004344541764006256	-0.0	0.0
FRUpts2pp	dhmptp_c	0.0	0.0	0.0	Inf	Inf
FRUpts2pp	gcald_c	-0.0	-1.3623127807436504	0.0005617588485620217	-0.0	0.0
FRUpts2pp	dhptd_c	-0.0	-47.70468079504206	0.00037618529782573414	-0.0	0.0
FRUpts2pp	cechddd_c	-0.0	0.0	0.0	Inf	Inf
FRUpts2pp	dhptdn_c	0.0	0.0	0.0	Inf	Inf
FRUpts2pp	chol_c	0.0	0.0	0.0	Inf	Inf
FRUpts2pp	chtbs6p_c	-0.0	0.0	0.0	Inf	Inf
FRUpts2pp	dmbzid_c	0.0	0.0	0.0	Inf	Inf
FRUpts2pp	dms_c	0.0	0.0	0.0	Inf	Inf
FRUpts2pp	dmso_c	0.0	0.0	0.0	Inf	Inf
FRUpts2pp	cl_c	-0.0	-0.004370634988923431	999.995629365011	-0.0	0.0
FRUpts2pp	glc__D_c	-0.0	-0.908208520495767	0.0	-0.0	Inf
FRUpts2pp	co2_c	-0.0	-974.4683020346693	25.53169796533075	-0.0	0.0
FRUpts2pp	dscl_c	-0.0	-0.00018725294957347264	0.0017613007151376715	-0.0	0.0
FRUpts2pp	dtdp4aaddg_c	-0.0	0.0	0.0	Inf	Inf
FRUpts2pp	glyald_c	-0.0	-1000.0	0.0	-0.0	Inf
FRUpts2pp	crn_c	-0.0	-1000.0	0.0	-0.0	Inf
FRUpts2pp	duri_c	-0.0	0.0	0.0	Inf	Inf
FRUpts2pp	glyb_c	0.0	0.0	0.0	Inf	Inf
FRUpts2pp	glyc_c	-0.0	-0.11674171781749215	0.0	-0.0	Inf
FRUpts2pp	dxyl_c	0.0	0.0	0.0	Inf	Inf
FRUpts2pp	glycogen_c	-0.0	-0.908208520495767	0.0	-0.0	Inf
FRUpts2pp	gmhep1p_c	-0.0	0.0	0.009309732351441977	Inf	0.0
FRUpts2pp	lipa_cold_c	-0.0	0.0	0.0	Inf	Inf
FRUpts2pp	lipidA_c	-0.0	-0.016337190075773833	0.005430677205007821	-0.0	0.0
FRUpts2pp	malt_c	0.0	0.0	0.0	Inf	Inf
FRUpts2pp	h2_c	-0.0	-614.0716432509847	0.810000000001537	-0.0	0.0
FRUpts2pp	malthx_c	-0.0	0.0	0.0	Inf	Inf
FRUpts2pp	maltpt_c	-0.0	0.0	0.0	Inf	Inf
FRUpts2pp	malttr_c	-0.0	0.0	0.0	Inf	Inf
FRUpts2pp	maltttr_c	-0.0	0.0	0.0	Inf	Inf
FRUpts2pp	h2o2_c	-0.0	-48.286438886988826	0.0021000880127530763	-0.0	0.0
FRUpts2pp	man_c	-0.0	0.0	0.0	Inf	Inf
FRUpts2pp	mdhdhf_c	-0.0	-47.70468079504206	0.00037618529782573414	-0.0	0.0
FRUpts2pp	melib_c	-0.0	0.0	0.0	Inf	Inf
FRUpts2pp	meoh_c	-0.0	-999.9999983206013	1.679398678788857e-06	-0.0	0.0
FRUpts2pp	pacald_c	-0.0	-1000.0	0.0	-0.0	Inf
FRUpts2pp	metsox_S__L_c	-0.0	-0.09170272363417098	0.0	-0.0	Inf
FRUpts2pp	mg2_c	-0.0	-0.007284391648205719	999.9927156083518	-0.0	0.0
FRUpts2pp	hhlipa_c	-0.0	0.0	0.0	Inf	Inf
FRUpts2pp	pe120_c	-0.0	0.0	0.0	Inf	Inf
FRUpts2pp	mobd_c	-0.0	-0.00010832121298196398	32.14471081557099	-0.0	0.0
FRUpts2pp	hlipa_c	-0.0	0.0	0.0	Inf	Inf
FRUpts2pp	pg120_c	-0.0	-0.058370858908746076	0.0	-0.0	Inf
FRUpts2pp	mql8_c	0.0	0.0	0.0	Inf	Inf
FRUpts2pp	mqn8_c	-0.0	0.0	0.0	Inf	Inf
FRUpts2pp	mthgxl_c	-0.0	0.0	0.0	Inf	Inf
FRUpts2pp	hqn_c	0.0	0.0	0.0	Inf	Inf
FRUpts2pp	mththf_c	-0.0	-999.9996238147022	0.00037618529782573414	-0.0	0.0
FRUpts2pp	n2o_c	-0.0	-1000.0	0.0	-0.0	Inf
FRUpts2pp	na1_c	-0.0	-128.57884326228395	0.0	-0.0	Inf
FRUpts2pp	nac_c	-0.0	0.0	0.0	Inf	Inf
FRUpts2pp	ncam_c	-0.0	0.0	0.0	Inf	Inf
FRUpts2pp	ni2_c	-0.0	-0.0002712228821176308	999.9997287771179	-0.0	0.0
FRUpts2pp	no_c	-0.0	-1000.0	0.0	-0.0	Inf
FRUpts2pp	indole_c	-0.0	-0.04773102875607581	0.005430677205007821	-0.0	0.0
FRUpts2pp	no2_c	-0.0	-1000.0	0.0	-0.0	Inf
FRUpts2pp	no3_c	0.0	0.0	0.0	Inf	Inf
FRUpts2pp	inost_c	0.0	0.0	0.0	Inf	Inf
FRUpts2pp	o2_c	-0.0	-24.143219443494413	975.8567805565056	-0.0	0.0
FRUpts2pp	poaac_c	-0.0	-9.0694446270154	0.0	-0.0	Inf
FRUpts2pp	ppal_c	-0.0	0.0	0.0	Inf	Inf
FRUpts2pp	k_c	-0.0	-0.16390343043087796	128.57884326228395	-0.0	0.0
FRUpts2pp	psclys_c	-0.0	0.0	0.0	Inf	Inf
FRUpts2pp	lald__D_c	-0.0	0.0	0.0	Inf	Inf
FRUpts2pp	lald__L_c	-0.0	-82.12023519885618	0.0	-0.0	Inf
FRUpts2pp	ura_c	-0.0	0.0	0.0	Inf	Inf
FRUpts2pp	pydx_c	-0.0	0.0	0.009309732351441977	Inf	0.0
FRUpts2pp	uracp_c	-0.0	-4.5347223135077	0.0	-0.0	Inf
FRUpts2pp	pydxn_c	-0.0	0.0	0.009309732351441977	Inf	0.0
FRUpts2pp	urate_c	-0.0	-1.3623127807436504	0.0	-0.0	Inf
FRUpts2pp	q8_c	-0.0	0.0	0.0	Inf	Inf
FRUpts2pp	q8h2_c	0.0	0.0	0.0	Inf	Inf
FRUpts2pp	urea_c	-0.0	-1000.0	0.0	-0.0	Inf
FRUpts2pp	uri_c	-0.0	0.0	0.00814601580751173	Inf	0.0
FRUpts2pp	rbflvrd_c	-0.0	0.0	0.004344541764006264	Inf	0.0
FRUpts2pp	rbl__L_c	-0.0	-0.908208520495767	0.0	-0.0	Inf
FRUpts2pp	rdmbzi_c	0.0	0.0	0.0	Inf	Inf
FRUpts2pp	thptdn_c	0.0	0.0	0.0	Inf	Inf
FRUpts2pp	xan_c	-0.0	0.0	0.0	Inf	Inf
FRUpts2pp	rephaccoa_c	-0.0	-0.0004836668115499876	0.0	-0.0	Inf
FRUpts2pp	rib__D_c	-0.0	0.0	0.013033625292018769	Inf	0.0
FRUpts2pp	xtsn_c	-0.0	0.0	0.0	Inf	Inf
FRUpts2pp	rml_c	-0.0	-1.3623127807436504	0.0	-0.0	Inf
FRUpts2pp	thym_c	-0.0	-128.57884326228395	0.0	-0.0	Inf
FRUpts2pp	thymd_c	-0.0	-0.021971572549503215	0.0	-0.0	Inf
FRUpts2pp	xu5p__L_c	-0.0	-0.810000000001658	0.0	-0.0	Inf
FRUpts2pp	rmn_c	-0.0	-1.3623127807436504	0.0	-0.0	Inf
FRUpts2pp	xyl__D_c	0.0	0.0	0.0	Inf	Inf
FRUpts2pp	tmao_c	0.0	0.0	0.0	Inf	Inf
FRUpts2pp	xylu__D_c	-0.0	0.0	0.0	Inf	Inf
FRUpts2pp	xylu__L_c	-0.0	-0.908208520495767	0.0	-0.0	Inf
FRUpts2pp	12ppd__R_e	-0.0	-1000.0	0.0	-0.0	Inf
FRUpts2pp	12ppd__S_e	-0.0	-1000.0	0.0	-0.0	Inf
FRUpts2pp	tre_c	-0.0	-0.4541042602478835	0.0	-0.0	Inf
FRUpts2pp	seln_c	0.0	0.0	0.0	Inf	Inf
FRUpts2pp	34dhpac_e	-0.0	-1000.0	0.0	-0.0	Inf
FRUpts2pp	slnt_c	0.0	0.0	0.0	Inf	Inf
FRUpts2pp	so2_c	0.0	0.0	0.0	Inf	Inf
FRUpts2pp	so3_c	-0.0	-0.20813795119594747	6.4289421631141765	-0.0	0.0
FRUpts2pp	so4_c	-0.0	-0.21178056686971306	128.57884326228395	-0.0	0.0
FRUpts2pp	4hoxpacd_e	-0.0	-1000.0	0.0	-0.0	Inf
FRUpts2pp	5mtr_e	-0.0	0.0	0.0	Inf	Inf
FRUpts2pp	LalaDgluMdap_e	-0.0	-1000.0	0.0	-0.0	Inf
FRUpts2pp	ac_e	-0.0	0.0	0.0	Inf	Inf
FRUpts2pp	acald_e	-0.0	-1000.0	0.0	-0.0	Inf
FRUpts2pp	acgal_e	-0.0	-1000.0	0.0	-0.0	Inf
FRUpts2pp	acgam_e	-0.0	-1000.0	0.0	-0.0	Inf
FRUpts2pp	acmana_e	-0.0	-1000.0	0.0	-0.0	Inf
FRUpts2pp	tagur_c	-0.0	0.0	0.0	Inf	Inf
FRUpts2pp	tartr__L_c	-0.0	-1.3623127807436504	0.0	-0.0	Inf
FRUpts2pp	ade_e	-0.0	-1000.0	0.0	-0.0	Inf
FRUpts2pp	adn_e	-0.0	-1000.0	0.0	-0.0	Inf
FRUpts2pp	all__D_e	-0.0	-1000.0	0.0	-0.0	Inf
FRUpts2pp	cl_e	-0.0	-0.004370634988958955	999.995629365011	-0.0	0.0
FRUpts2pp	alltn_e	-0.0	0.0	0.0	Inf	Inf
FRUpts2pp	cm_e	-0.0	-1000.0	0.0	-0.0	Inf
FRUpts2pp	co2_e	-0.0	-974.4683020346693	25.53169796533075	-0.0	0.0
FRUpts2pp	arab__L_e	-0.0	-1000.0	0.0	-0.0	Inf
FRUpts2pp	arbt_e	-0.0	-1000.0	0.0	-0.0	Inf
FRUpts2pp	unagamu_c	-0.0	0.0	0.0014481805880020855	Inf	0.0
FRUpts2pp	crn_e	-0.0	-1000.0	0.0	-0.0	Inf
FRUpts2pp	csn_e	-0.0	-1000.0	0.0	-0.0	Inf
FRUpts2pp	cyan_e	-0.0	-1000.0	0.0	-0.0	Inf
FRUpts2pp	glyb_e	-0.0	-1000.0	0.0	-0.0	Inf
FRUpts2pp	glyc_e	-0.0	-1000.0	0.0	-0.0	Inf
FRUpts2pp	cytd_e	-0.0	-1000.0	0.0	-0.0	Inf
FRUpts2pp	ca2_e	-0.0	-0.004370634988958955	999.995629365011	-0.0	0.0
FRUpts2pp	dad_2_e	-0.0	-1000.0	0.0	-0.0	Inf
FRUpts2pp	dcyt_e	-0.0	-1000.0	0.0	-0.0	Inf
FRUpts2pp	chol_e	-0.0	-1000.0	0.0	-0.0	Inf
FRUpts2pp	dha_e	-0.0	-1000.0	0.0	-0.0	Inf
FRUpts2pp	ppal_e	-0.0	-1000.0	0.0	-0.0	Inf
FRUpts2pp	h2_e	-0.0	0.0	0.810000000001537	Inf	0.0
FRUpts2pp	dms_e	-0.0	-1000.0	0.0	-0.0	Inf
FRUpts2pp	dmso_e	-0.0	-1000.0	0.0	-0.0	Inf
FRUpts2pp	h2o2_e	-0.0	-1000.0	0.0	-0.0	Inf
FRUpts2pp	psclys_e	-0.0	-1000.0	0.0	-0.0	Inf
FRUpts2pp	duri_e	-0.0	-1000.0	0.0	-0.0	Inf
FRUpts2pp	pydx_e	-0.0	-1000.0	0.0	-0.0	Inf
FRUpts2pp	pydxn_e	-0.0	-1000.0	0.0	-0.0	Inf
FRUpts2pp	etoh_e	-0.0	-1000.0	0.0	-0.0	Inf
FRUpts2pp	fald_e	-0.0	0.0	0.0	Inf	Inf
FRUpts2pp	rib__D_e	-0.0	-1000.0	0.0	-0.0	Inf
FRUpts2pp	rmn_e	-0.0	-1000.0	0.0	-0.0	Inf
FRUpts2pp	indole_e	-0.0	-1000.0	0.0	-0.0	Inf
FRUpts2pp	inost_e	-0.0	-1000.0	0.0	-0.0	Inf
FRUpts2pp	sbt__D_e	-0.0	-2.7246255614873007	0.0	-0.0	Inf
FRUpts2pp	k_e	-0.0	-0.16390343043087796	999.8360965695691	-0.0	0.0
FRUpts2pp	for_e	-0.0	0.0	0.002059782444081912	Inf	0.0
FRUpts2pp	slnt_e	-0.0	0.0	1000.0	Inf	0.0
FRUpts2pp	fru_e	-1.0	0.0	0.0	Inf	Inf
FRUpts2pp	so2_e	-0.0	-1000.0	0.0	-0.0	Inf
FRUpts2pp	so3_e	-0.0	-1000.0	0.0	-0.0	Inf
FRUpts2pp	so4_e	-0.0	-0.21178056686972013	999.7882194331303	-0.0	0.0
FRUpts2pp	lipa_cold_e	-0.0	-1000.0	0.0	-0.0	Inf
FRUpts2pp	sucr_e	-0.0	-1000.0	0.0	-0.0	Inf
FRUpts2pp	g3pe_e	-0.0	-1000.0	0.0	-0.0	Inf
FRUpts2pp	malt_e	-0.0	-1000.0	0.0	-0.0	Inf
FRUpts2pp	tartr__L_e	-0.0	-1000.0	0.0	-0.0	Inf
FRUpts2pp	g3pi_e	-0.0	-1000.0	0.0	-0.0	Inf
FRUpts2pp	malthx_e	-0.0	-1000.0	0.0	-0.0	Inf
FRUpts2pp	maltpt_e	-0.0	-1000.0	0.0	-0.0	Inf
FRUpts2pp	gal_e	-0.0	-1000.0	0.0	-0.0	Inf
FRUpts2pp	gal_bD_e	-0.0	-1000.0	0.0	-0.0	Inf
FRUpts2pp	malttr_e	-0.0	-1000.0	0.0	-0.0	Inf
FRUpts2pp	maltttr_e	-0.0	-1000.0	0.0	-0.0	Inf
FRUpts2pp	man_e	-0.0	-1000.0	0.0	-0.0	Inf
FRUpts2pp	thym_e	-0.0	-1000.0	0.0	-0.0	Inf
FRUpts2pp	thymd_e	-0.0	-1000.0	0.0	-0.0	Inf
FRUpts2pp	galt_e	-0.0	-1.3623127807436504	0.0	-0.0	Inf
FRUpts2pp	melib_e	-0.0	-1000.0	0.0	-0.0	Inf
FRUpts2pp	meoh_e	-0.0	-999.9999983206013	1.679398678788857e-06	-0.0	0.0
FRUpts2pp	tmao_e	-0.0	-1000.0	0.0	-0.0	Inf
FRUpts2pp	tre_e	-0.0	-1000.0	0.0	-0.0	Inf
FRUpts2pp	metsox_S__L_e	-0.0	-1000.0	0.0	-0.0	Inf
FRUpts2pp	glc__D_e	-0.0	-2.7246255614873007	0.03258406323004692	-0.0	0.0
FRUpts2pp	mg2_e	-0.0	-0.007284391648205719	999.9927156083518	-0.0	0.0
FRUpts2pp	mnl_e	-0.0	-1000.0	0.0	-0.0	Inf
FRUpts2pp	mobd_e	-0.0	-0.0001083212130197353	999.999891678787	-0.0	0.0
FRUpts2pp	glyald_e	-0.0	-1000.0	0.0	-0.0	Inf
FRUpts2pp	n2o_e	-0.0	-1000.0	0.0	-0.0	Inf
FRUpts2pp	na1_e	-0.0	-1000.0	0.0	-0.0	Inf
FRUpts2pp	nac_e	-0.0	-1000.0	0.0	-0.0	Inf
FRUpts2pp	ni2_e	-0.0	-0.0002712228821337703	999.9997287771179	-0.0	0.0
FRUpts2pp	no_e	-0.0	-1000.0	0.0	-0.0	Inf
FRUpts2pp	no2_e	-0.0	-1000.0	0.0	-0.0	Inf
FRUpts2pp	ura_e	-0.0	-1000.0	0.0	-0.0	Inf
FRUpts2pp	no3_e	-0.0	-1000.0	0.0	-0.0	Inf
FRUpts2pp	urea_e	-0.0	-1000.0	0.0	-0.0	Inf
FRUpts2pp	novbcn_e	-0.0	-1000.0	0.0	-0.0	Inf
FRUpts2pp	uri_e	-0.0	-1000.0	0.0	-0.0	Inf
FRUpts2pp	o2_e	-0.0	-24.143219443494445	975.8567805565056	-0.0	0.0
FRUpts2pp	xan_e	-0.0	0.0	0.0	Inf	Inf
FRUpts2pp	xtsn_e	-0.0	-1000.0	0.0	-0.0	Inf
FRUpts2pp	xyl__D_e	-0.0	-1000.0	0.0	-0.0	Inf
FRUpts2pp	xylu__L_e	-0.0	-1000.0	0.0	-0.0	Inf
FRUpts2pp	pacald_e	-0.0	-1000.0	0.0	-0.0	Inf
FRUpts2pp	12dgr120_p	-0.0	0.0	0.0	Inf	Inf
FRUpts2pp	12dgr140_p	-0.0	0.0	0.0	Inf	Inf
FRUpts2pp	12dgr160_p	-0.0	-0.05358457275372075	0.0	-0.0	Inf
FRUpts2pp	12dgr180_p	-0.0	0.0	0.0	Inf	Inf
FRUpts2pp	12ppd__R_p	-0.0	-1000.0	0.0	-0.0	Inf
FRUpts2pp	12ppd__S_p	-0.0	0.0	0.0	Inf	Inf
FRUpts2pp	chol_p	-0.0	-1000.0	0.0	-0.0	Inf
FRUpts2pp	cl_p	-0.0	-0.004370634988958955	999.995629365011	-0.0	0.0
FRUpts2pp	34dhpac_p	-0.0	-1000.0	0.0	-0.0	Inf
FRUpts2pp	cm_p	-0.0	0.0	0.0	Inf	Inf
FRUpts2pp	4hoxpacd_p	-0.0	-1000.0	0.0	-0.0	Inf
FRUpts2pp	co2_p	-0.0	-974.4683020346693	25.53169796533075	-0.0	0.0
FRUpts2pp	5mtr_p	-0.0	0.0	0.0	Inf	Inf
FRUpts2pp	LalaDgluMdap_p	-0.0	-0.02333356485537066	0.0	-0.0	Inf
FRUpts2pp	gal_p	-0.0	-1000.0	0.0	-0.0	Inf
FRUpts2pp	ac_p	-0.0	-7.721908584736892	0.0	-0.0	Inf
FRUpts2pp	crn_p	-0.0	-1000.0	0.0	-0.0	Inf
FRUpts2pp	gal_bD_p	-0.0	-1000.0	0.0	-0.0	Inf
FRUpts2pp	acald_p	-0.0	-1000.0	0.0	-0.0	Inf
FRUpts2pp	acgal_p	-0.0	-1000.0	0.0	-0.0	Inf
FRUpts2pp	csn_p	-0.0	0.0	0.0	Inf	Inf
FRUpts2pp	acgam_p	-0.0	-1000.0	0.0	-0.0	Inf
FRUpts2pp	galt_p	-0.0	-1.3623127807436504	0.0	-0.0	Inf
FRUpts2pp	acmana_p	-0.0	-1000.0	0.0	-0.0	Inf
FRUpts2pp	cyan_p	-0.0	0.0	0.0	Inf	Inf
FRUpts2pp	ade_p	-0.0	-1000.0	0.0	-0.0	Inf
FRUpts2pp	adn_p	-0.0	0.0	0.0005651176460500899	Inf	0.0
FRUpts2pp	cytd_p	-0.0	-0.1347927342165281	0.0	-0.0	Inf
FRUpts2pp	glc__D_p	-0.0	-2.7246255614873007	0.03258406323004692	-0.0	0.0
FRUpts2pp	dad_2_p	-0.0	-1000.0	0.0	-0.0	Inf
FRUpts2pp	dcyt_p	-0.0	-1000.0	0.0	-0.0	Inf
FRUpts2pp	all__D_p	-0.0	0.0	0.0	Inf	Inf
FRUpts2pp	alltn_p	-0.0	0.0	0.0	Inf	Inf
FRUpts2pp	dha_p	-0.0	-1000.0	0.0	-0.0	Inf
FRUpts2pp	glyald_p	-0.0	-1000.0	0.0	-0.0	Inf
FRUpts2pp	glyb_p	0.0	0.0	0.0	Inf	Inf
FRUpts2pp	dms_p	-0.0	-1000.0	0.0	-0.0	Inf
FRUpts2pp	glyc_p	-0.0	-0.11674171781749215	0.0	-0.0	Inf
FRUpts2pp	dmso_p	-0.0	-1000.0	0.0	-0.0	Inf
FRUpts2pp	arab__L_p	-0.0	0.0	0.0	Inf	Inf
FRUpts2pp	arbt_p	0.0	0.0	0.0	Inf	Inf
FRUpts2pp	ca2_p	-0.0	-0.004370634988958955	999.995629365011	-0.0	0.0
FRUpts2pp	duri_p	-0.0	-1000.0	0.0	-0.0	Inf
FRUpts2pp	h2_p	-0.0	-614.0716432509847	0.810000000001537	-0.0	0.0
FRUpts2pp	h2o2_p	-0.0	-1000.0	0.0	-0.0	Inf
FRUpts2pp	etoh_p	-0.0	-1000.0	0.0	-0.0	Inf
FRUpts2pp	fald_p	-0.0	0.0	0.0	Inf	Inf
FRUpts2pp	n2o_p	-0.0	-1000.0	0.0	-0.0	Inf
FRUpts2pp	na1_p	-0.0	-1000.0	0.0	-0.0	Inf
FRUpts2pp	indole_p	-0.0	0.0	0.005430677205007821	Inf	0.0
FRUpts2pp	nac_p	-0.0	-1000.0	0.0	-0.0	Inf
FRUpts2pp	ni2_p	-0.0	-0.0002712228821337703	999.9997287771179	-0.0	0.0
FRUpts2pp	inost_p	-0.0	-1000.0	0.0	-0.0	Inf
FRUpts2pp	no_p	-0.0	-1000.0	0.0	-0.0	Inf
FRUpts2pp	no2_p	-0.0	-1000.0	0.0	-0.0	Inf
FRUpts2pp	for_p	-0.0	0.0	0.002059782444081912	Inf	0.0
FRUpts2pp	fru_p	-1.0	-2.7246255614873007	0.0	-1.0	Inf
FRUpts2pp	no3_p	-0.0	0.0	0.0	Inf	Inf
FRUpts2pp	k_p	-0.0	-0.16390343043087796	999.8360965695691	-0.0	0.0
FRUpts2pp	novbcn_p	-0.0	0.0	0.0	Inf	Inf
FRUpts2pp	o2_p	-0.0	-24.143219443494445	975.8567805565056	-0.0	0.0
FRUpts2pp	lipa_cold_p	-0.0	-32.14471081557099	0.0	-0.0	Inf
FRUpts2pp	g3pe_p	-0.0	0.0	0.0	Inf	Inf
FRUpts2pp	g3pi_p	-0.0	0.0	0.0	Inf	Inf
FRUpts2pp	so3_p	-0.0	-1000.0	0.0	-0.0	Inf
FRUpts2pp	so4_p	-0.0	-0.21178056686971306	999.7882194331303	-0.0	0.0
FRUpts2pp	malt_p	0.0	0.0	0.0	Inf	Inf
FRUpts2pp	malthx_p	0.0	0.0	0.0	Inf	Inf
FRUpts2pp	maltpt_p	0.0	0.0	0.0	Inf	Inf
FRUpts2pp	sucr_p	-0.0	-1000.0	0.0	-0.0	Inf
FRUpts2pp	malttr_p	0.0	0.0	0.0	Inf	Inf
FRUpts2pp	maltttr_p	0.0	0.0	0.0	Inf	Inf
FRUpts2pp	pacald_p	-0.0	-1000.0	0.0	-0.0	Inf
FRUpts2pp	man_p	-0.0	-1000.0	0.0	-0.0	Inf
FRUpts2pp	tartr__L_p	-0.0	-1000.0	0.0	-0.0	Inf
FRUpts2pp	pe120_p	-0.0	0.0	0.0	Inf	Inf
FRUpts2pp	melib_p	-0.0	-1000.0	0.0	-0.0	Inf
FRUpts2pp	meoh_p	-0.0	-999.9999983206013	1.679398678788857e-06	-0.0	0.0
FRUpts2pp	thym_p	-0.0	-1000.0	0.0	-0.0	Inf
FRUpts2pp	thymd_p	-0.0	-0.021971572549503215	0.0	-0.0	Inf
FRUpts2pp	pg120_p	-0.0	-0.058370858908746076	0.0	-0.0	Inf
FRUpts2pp	metsox_S__L_p	-0.0	-1000.0	0.0	-0.0	Inf
FRUpts2pp	tmao_p	-0.0	-1000.0	0.0	-0.0	Inf
FRUpts2pp	mg2_p	-0.0	-0.007284391648205719	999.9927156083518	-0.0	0.0
FRUpts2pp	tre_p	-0.0	0.0	0.0	Inf	Inf
FRUpts2pp	mnl_p	-0.0	0.0	0.0	Inf	Inf
FRUpts2pp	mobd_p	-0.0	-0.0001083212130197353	999.999891678787	-0.0	0.0
FRUpts2pp	ura_p	-0.0	-1000.0	0.0	-0.0	Inf
FRUpts2pp	urea_p	-0.0	-1000.0	0.0	-0.0	Inf
FRUpts2pp	uri_p	-0.0	0.0	0.0	Inf	Inf
FRUpts2pp	xan_p	-0.0	0.0	0.0	Inf	Inf
FRUpts2pp	xtsn_p	-0.0	0.0	0.0	Inf	Inf
FRUpts2pp	xyl__D_p	-0.0	0.0	0.0	Inf	Inf
FRUpts2pp	xylu__L_p	-0.0	-1000.0	0.0	-0.0	Inf
FRUpts2pp	ppal_p	-0.0	-1000.0	0.0	-0.0	Inf
FRUpts2pp	psclys_p	-0.0	-1000.0	0.0	-0.0	Inf
FRUpts2pp	pydx_p	-0.0	0.0	0.0	Inf	Inf
FRUpts2pp	pydxn_p	-0.0	0.0	0.0	Inf	Inf
FRUpts2pp	rib__D_p	-0.0	-1000.0	0.0	-0.0	Inf
FRUpts2pp	rmn_p	-0.0	-1000.0	0.0	-0.0	Inf
FRUpts2pp	sbt__D_p	-0.0	-2.7246255614873007	0.0	-0.0	Inf
FRUpts2pp	slnt_p	-0.0	0.0	0.0	Inf	Inf
FRUpts2pp	so2_p	-0.0	-1000.0	0.0	-0.0	Inf
