Reaction	Metabolite	ShadowPrice	G-	G+	DecrementalShadowPrice	IncrementalShadowPrice
GLCRAL	12dgr120_c	-0.0	0.0	0.0	Inf	Inf
GLCRAL	12dgr140_c	-0.0	0.0	0.0	Inf	Inf
GLCRAL	12dgr160_c	-0.0	-0.05358457275372075	0.0	-0.0	Inf
GLCRAL	12dgr180_c	-0.0	0.0	0.0	Inf	Inf
GLCRAL	12ppd__R_c	-0.0	-1000.0	0.0	-0.0	Inf
GLCRAL	12ppd__S_c	-0.0	0.0	0.0	Inf	Inf
GLCRAL	5drib_c	-0.0	-999.9998110676518	0.00018893234822435582	-0.0	0.0
GLCRAL	5mta_c	-0.0	0.0	0.0	Inf	Inf
GLCRAL	23dhacoa_c	-0.0	-0.0004836668115499876	0.0	-0.0	Inf
GLCRAL	5mtr_c	-0.0	0.0	0.0	Inf	Inf
GLCRAL	3amac_c	-0.0	-7.721908584744589	0.0	-0.0	Inf
GLCRAL	LalaDgluMdap_c	-0.0	-0.02333356485537066	0.0	-0.0	Inf
GLCRAL	ac_c	-0.0	-7.7219085847416675	0.4891886742185138	-0.0	0.0
GLCRAL	acald_c	-0.0	0.0	3.5213384807248076	Inf	0.0
GLCRAL	acetol_c	-0.0	0.0	0.0	Inf	Inf
GLCRAL	acgam_c	-0.0	-0.07934150986242333	0.0	-0.0	Inf
GLCRAL	acgam6p_c	-0.0	-0.07934150986242333	0.0	-0.0	Inf
GLCRAL	acmalt_c	0.0	0.0	0.0	Inf	Inf
GLCRAL	acmana_c	-0.0	-0.07934150986242333	0.0	-0.0	Inf
GLCRAL	2dmmq8_c	-0.0	0.0	0.0	Inf	Inf
GLCRAL	2dmmql8_c	0.0	0.0	0.0	Inf	Inf
GLCRAL	ade_c	-0.0	-0.09170272363417066	0.0005651176460500899	-0.0	0.0
GLCRAL	adn_c	-0.0	0.0	0.0005651176460500899	Inf	0.0
GLCRAL	3sala_c	0.0	0.0	0.0	Inf	Inf
GLCRAL	adphep_DD_c	-0.0	0.0	0.0	Inf	Inf
GLCRAL	adphep_LD_c	-0.0	0.0	0.0	Inf	Inf
GLCRAL	4ahmmp_c	0.0	0.0	0.0	Inf	Inf
GLCRAL	4crsol_c	-0.0	-999.9998127470504	0.00018725294957347264	-0.0	0.0
GLCRAL	2ohph_c	-0.0	-0.00018725294957347264	0.001916709601767466	-0.0	0.0
GLCRAL	2ombzl_c	-0.0	0.0	0.0	Inf	Inf
GLCRAL	2omhmbl_c	-0.0	0.0	0.0	Inf	Inf
GLCRAL	2ommbl_c	0.0	0.0	0.0	Inf	Inf
GLCRAL	2omph_c	-0.0	0.0	0.0016090895422245393	Inf	0.0
GLCRAL	4mhetz_c	0.0	0.0	0.0	Inf	Inf
GLCRAL	2oph_c	-0.0	-0.00018725294957347264	0.001916709601767466	-0.0	0.0
GLCRAL	2oxpaccoa_c	-0.0	-0.0004836668115499876	0.0	-0.0	Inf
GLCRAL	all__D_c	-0.0	-0.908208520495767	0.0	-0.0	Inf
GLCRAL	alltn_c	-0.0	-1.3623127807436504	0.0	-0.0	Inf
GLCRAL	4r5au_c	-0.0	-0.00037450589879098166	0.008146015807511698	-0.0	0.0
GLCRAL	56dura_c	0.0	0.0	0.0	Inf	Inf
GLCRAL	arab__L_c	-0.0	-0.908208520495767	0.0	-0.0	Inf
GLCRAL	etoh_c	-0.0	-1000.0	0.0	-0.0	Inf
GLCRAL	csn_c	-0.0	0.0	0.0	Inf	Inf
GLCRAL	fald_c	-0.0	0.0	0.0	Inf	Inf
GLCRAL	fc1p_c	-0.0	-0.8100000000013413	0.0	-0.0	Inf
GLCRAL	fcl__L_c	-0.0	0.0	0.0	Inf	Inf
GLCRAL	aso4_c	0.0	0.0	0.0	Inf	Inf
GLCRAL	cyan_c	0.0	0.0	0.0	Inf	Inf
GLCRAL	athtp_c	0.0	0.0	0.0	Inf	Inf
GLCRAL	cytd_c	-0.0	-0.1347927342165281	0.0	-0.0	Inf
GLCRAL	dad_2_c	-0.0	0.0	0.0	Inf	Inf
GLCRAL	dad_5_c	-0.0	-0.09170272363417066	0.00018893234822435582	-0.0	0.0
GLCRAL	betald_c	0.0	0.0	0.0	Inf	Inf
GLCRAL	btal_c	-0.0	-526.3471227865581	0.0	-0.0	Inf
GLCRAL	for_c	-0.0	-0.09170272363417098	0.002059782444081912	-0.0	0.0
GLCRAL	dcyt_c	-0.0	0.0	0.0	Inf	Inf
GLCRAL	fru_c	-0.0	-0.908208520495767	0.0	-0.0	Inf
GLCRAL	ca2_c	-0.0	-0.004370634988958955	999.995629365011	-0.0	0.0
GLCRAL	g3pe_c	-0.0	0.0	0.0	Inf	Inf
GLCRAL	g3pi_c	0.0	0.0	0.0	Inf	Inf
GLCRAL	cbm_c	-0.0	-3.8609542923722895	0.0	-0.0	Inf
GLCRAL	dha_c	-0.0	-2.7246255614873007	0.0	-0.0	Inf
GLCRAL	gal_c	-0.0	0.0	0.0	Inf	Inf
GLCRAL	dhgly_c	-0.0	-0.00018725294957347264	0.004344541764006256	-0.0	0.0
GLCRAL	dhmptp_c	0.0	0.0	0.0	Inf	Inf
GLCRAL	gcald_c	-0.0	-1.3623127807436504	0.0005617588485620217	-0.0	0.0
GLCRAL	dhptd_c	-0.0	-47.70468079504206	0.00037618529782573414	-0.0	0.0
GLCRAL	cechddd_c	-0.0	0.0	0.0	Inf	Inf
GLCRAL	dhptdn_c	0.0	0.0	0.0	Inf	Inf
GLCRAL	chol_c	0.0	0.0	0.0	Inf	Inf
GLCRAL	chtbs6p_c	-0.0	0.0	0.0	Inf	Inf
GLCRAL	dmbzid_c	0.0	0.0	0.0	Inf	Inf
GLCRAL	dms_c	0.0	0.0	0.0	Inf	Inf
GLCRAL	dmso_c	0.0	0.0	0.0	Inf	Inf
GLCRAL	cl_c	-0.0	-0.004370634988923431	999.995629365011	-0.0	0.0
GLCRAL	glc__D_c	-0.0	-0.908208520495767	0.0	-0.0	Inf
GLCRAL	co2_c	-0.0	-974.4683020346693	25.53169796533075	-0.0	0.0
GLCRAL	dscl_c	-0.0	-0.00018725294957347264	0.0017613007151376715	-0.0	0.0
GLCRAL	dtdp4aaddg_c	-0.0	0.0	0.0	Inf	Inf
GLCRAL	glyald_c	-0.0	-1000.0	0.0	-0.0	Inf
GLCRAL	crn_c	-0.0	-1000.0	0.0	-0.0	Inf
GLCRAL	duri_c	-0.0	0.0	0.0	Inf	Inf
GLCRAL	glyb_c	0.0	0.0	0.0	Inf	Inf
GLCRAL	glyc_c	-0.0	-0.11674171781749215	0.0	-0.0	Inf
GLCRAL	dxyl_c	0.0	0.0	0.0	Inf	Inf
GLCRAL	glycogen_c	-0.0	-0.908208520495767	0.0	-0.0	Inf
GLCRAL	gmhep1p_c	-0.0	0.0	0.009309732351441977	Inf	0.0
GLCRAL	lipa_cold_c	-0.0	0.0	0.0	Inf	Inf
GLCRAL	lipidA_c	-0.0	-0.016337190075773833	0.005430677205007821	-0.0	0.0
GLCRAL	malt_c	0.0	0.0	0.0	Inf	Inf
GLCRAL	h2_c	-0.0	-614.0716432509847	0.810000000001537	-0.0	0.0
GLCRAL	malthx_c	-0.0	0.0	0.0	Inf	Inf
GLCRAL	maltpt_c	-0.0	0.0	0.0	Inf	Inf
GLCRAL	malttr_c	-0.0	0.0	0.0	Inf	Inf
GLCRAL	maltttr_c	-0.0	0.0	0.0	Inf	Inf
GLCRAL	h2o2_c	-0.0	-48.286438886989735	0.0021000880127530763	-0.0	0.0
GLCRAL	man_c	-0.0	0.0	0.0	Inf	Inf
GLCRAL	mdhdhf_c	-0.0	-47.70468079504206	0.00037618529782573414	-0.0	0.0
GLCRAL	melib_c	-0.0	0.0	0.0	Inf	Inf
GLCRAL	meoh_c	-0.0	-999.9999983206013	1.679398678788857e-06	-0.0	0.0
GLCRAL	pacald_c	-0.0	-1000.0	0.0	-0.0	Inf
GLCRAL	metsox_S__L_c	-0.0	-0.09170272363417098	0.0	-0.0	Inf
GLCRAL	mg2_c	-0.0	-0.007284391648205719	999.9927156083518	-0.0	0.0
GLCRAL	hhlipa_c	-0.0	0.0	0.0	Inf	Inf
GLCRAL	pe120_c	-0.0	0.0	0.0	Inf	Inf
GLCRAL	mobd_c	-0.0	-0.00010832121298196398	32.14471081557099	-0.0	0.0
GLCRAL	hlipa_c	-0.0	0.0	0.0	Inf	Inf
GLCRAL	pg120_c	-0.0	-0.058370858908746076	0.0	-0.0	Inf
GLCRAL	mql8_c	0.0	0.0	0.0	Inf	Inf
GLCRAL	mqn8_c	-0.0	0.0	0.0	Inf	Inf
GLCRAL	mthgxl_c	-0.0	0.0	0.0	Inf	Inf
GLCRAL	hqn_c	0.0	0.0	0.0	Inf	Inf
GLCRAL	mththf_c	-0.0	-999.9996238147022	0.00037618529782573414	-0.0	0.0
GLCRAL	n2o_c	-0.0	-1000.0	0.0	-0.0	Inf
GLCRAL	na1_c	-0.0	-128.57884326228395	0.0	-0.0	Inf
GLCRAL	nac_c	-0.0	0.0	0.0	Inf	Inf
GLCRAL	ncam_c	-0.0	0.0	0.0	Inf	Inf
GLCRAL	ni2_c	-0.0	-0.0002712228821176308	999.9997287771179	-0.0	0.0
GLCRAL	no_c	-0.0	-1000.0	0.0	-0.0	Inf
GLCRAL	indole_c	-0.0	-0.04773102875607581	0.005430677205007821	-0.0	0.0
GLCRAL	no2_c	-0.0	-1000.0	0.0	-0.0	Inf
GLCRAL	no3_c	0.0	0.0	0.0	Inf	Inf
GLCRAL	inost_c	0.0	0.0	0.0	Inf	Inf
GLCRAL	o2_c	-0.0	-24.143219443494868	975.8567805565051	-0.0	0.0
GLCRAL	poaac_c	-0.0	-9.0694446270154	0.0	-0.0	Inf
GLCRAL	ppal_c	-0.0	0.0	0.0	Inf	Inf
GLCRAL	k_c	-0.0	-0.16390343043087796	128.57884326228395	-0.0	0.0
GLCRAL	psclys_c	-0.0	0.0	0.0	Inf	Inf
GLCRAL	lald__D_c	-0.0	0.0	0.0	Inf	Inf
GLCRAL	lald__L_c	-0.0	-82.12023519885618	0.0	-0.0	Inf
GLCRAL	ura_c	-0.0	0.0	0.0	Inf	Inf
GLCRAL	pydx_c	-0.0	0.0	0.009309732351441977	Inf	0.0
GLCRAL	uracp_c	-0.0	-4.5347223135077	0.0	-0.0	Inf
GLCRAL	pydxn_c	-0.0	0.0	0.009309732351441977	Inf	0.0
GLCRAL	urate_c	-0.0	-1.3623127807436504	0.0	-0.0	Inf
GLCRAL	q8_c	-0.0	0.0	0.0	Inf	Inf
GLCRAL	q8h2_c	0.0	0.0	0.0	Inf	Inf
GLCRAL	urea_c	-0.0	-1000.0	0.0	-0.0	Inf
GLCRAL	uri_c	-0.0	0.0	0.00814601580751173	Inf	0.0
GLCRAL	rbflvrd_c	-0.0	0.0	0.004344541764006264	Inf	0.0
GLCRAL	rbl__L_c	-0.0	-0.908208520495767	0.0	-0.0	Inf
GLCRAL	rdmbzi_c	0.0	0.0	0.0	Inf	Inf
GLCRAL	thptdn_c	0.0	0.0	0.0	Inf	Inf
GLCRAL	xan_c	-0.0	0.0	0.0	Inf	Inf
GLCRAL	rephaccoa_c	-0.0	-0.0004836668115499876	0.0	-0.0	Inf
GLCRAL	rib__D_c	-0.0	0.0	0.013033625292018769	Inf	0.0
GLCRAL	xtsn_c	-0.0	0.0	0.0	Inf	Inf
GLCRAL	rml_c	-0.0	-1.3623127807436504	0.0	-0.0	Inf
GLCRAL	thym_c	-0.0	-128.57884326228395	0.0	-0.0	Inf
GLCRAL	thymd_c	-0.0	-0.021971572549503215	0.0	-0.0	Inf
GLCRAL	xu5p__L_c	-0.0	-0.810000000001658	0.0	-0.0	Inf
GLCRAL	rmn_c	-0.0	-1.3623127807436504	0.0	-0.0	Inf
GLCRAL	xyl__D_c	0.0	0.0	0.0	Inf	Inf
GLCRAL	tmao_c	0.0	0.0	0.0	Inf	Inf
GLCRAL	xylu__D_c	-0.0	0.0	0.0	Inf	Inf
GLCRAL	xylu__L_c	-0.0	-0.908208520495767	0.0	-0.0	Inf
GLCRAL	12ppd__R_e	-0.0	-1000.0	0.0	-0.0	Inf
GLCRAL	12ppd__S_e	-0.0	-1000.0	0.0	-0.0	Inf
GLCRAL	tre_c	-0.0	-0.4541042602478835	0.0	-0.0	Inf
GLCRAL	seln_c	0.0	0.0	0.0	Inf	Inf
GLCRAL	34dhpac_e	-0.0	-1000.0	0.0	-0.0	Inf
GLCRAL	slnt_c	0.0	0.0	0.0	Inf	Inf
GLCRAL	so2_c	0.0	0.0	0.0	Inf	Inf
GLCRAL	so3_c	-0.0	-0.20813795119594747	6.4289421631141765	-0.0	0.0
GLCRAL	so4_c	-0.0	-0.21178056686971306	128.57884326228395	-0.0	0.0
GLCRAL	4hoxpacd_e	-0.0	-1000.0	0.0	-0.0	Inf
GLCRAL	5mtr_e	-0.0	0.0	0.0	Inf	Inf
GLCRAL	LalaDgluMdap_e	-0.0	-1000.0	0.0	-0.0	Inf
GLCRAL	ac_e	-0.0	0.0	0.0	Inf	Inf
GLCRAL	acald_e	-0.0	-1000.0	0.0	-0.0	Inf
GLCRAL	acgal_e	-0.0	-1000.0	0.0	-0.0	Inf
GLCRAL	acgam_e	-0.0	-1000.0	0.0	-0.0	Inf
GLCRAL	acmana_e	-0.0	-1000.0	0.0	-0.0	Inf
GLCRAL	tagur_c	-0.0	0.0	0.0	Inf	Inf
GLCRAL	tartr__L_c	-0.0	-1.3623127807436504	0.0	-0.0	Inf
GLCRAL	ade_e	-0.0	-1000.0	0.0	-0.0	Inf
GLCRAL	adn_e	-0.0	-1000.0	0.0	-0.0	Inf
GLCRAL	all__D_e	-0.0	-1000.0	0.0	-0.0	Inf
GLCRAL	cl_e	-0.0	-0.004370634988958955	999.995629365011	-0.0	0.0
GLCRAL	alltn_e	-0.0	0.0	0.0	Inf	Inf
GLCRAL	cm_e	-0.0	-1000.0	0.0	-0.0	Inf
GLCRAL	co2_e	-0.0	-974.4683020346693	25.53169796533075	-0.0	0.0
GLCRAL	arab__L_e	-0.0	-1000.0	0.0	-0.0	Inf
GLCRAL	arbt_e	-0.0	-1000.0	0.0	-0.0	Inf
GLCRAL	unagamu_c	-0.0	0.0	0.0014481805880020855	Inf	0.0
GLCRAL	crn_e	-0.0	-1000.0	0.0	-0.0	Inf
GLCRAL	csn_e	-0.0	-1000.0	0.0	-0.0	Inf
GLCRAL	cyan_e	-0.0	-1000.0	0.0	-0.0	Inf
GLCRAL	glyb_e	-0.0	-1000.0	0.0	-0.0	Inf
GLCRAL	glyc_e	-0.0	-1000.0	0.0	-0.0	Inf
GLCRAL	cytd_e	-0.0	-1000.0	0.0	-0.0	Inf
GLCRAL	ca2_e	-0.0	-0.004370634988958955	999.995629365011	-0.0	0.0
GLCRAL	dad_2_e	-0.0	-1000.0	0.0	-0.0	Inf
GLCRAL	dcyt_e	-0.0	-1000.0	0.0	-0.0	Inf
GLCRAL	chol_e	-0.0	-1000.0	0.0	-0.0	Inf
GLCRAL	dha_e	-0.0	-1000.0	0.0	-0.0	Inf
GLCRAL	ppal_e	-0.0	-1000.0	0.0	-0.0	Inf
GLCRAL	h2_e	-0.0	0.0	0.810000000001537	Inf	0.0
GLCRAL	dms_e	-0.0	-1000.0	0.0	-0.0	Inf
GLCRAL	dmso_e	-0.0	-1000.0	0.0	-0.0	Inf
GLCRAL	h2o2_e	-0.0	-1000.0	0.0	-0.0	Inf
GLCRAL	psclys_e	-0.0	-1000.0	0.0	-0.0	Inf
GLCRAL	duri_e	-0.0	-1000.0	0.0	-0.0	Inf
GLCRAL	pydx_e	-0.0	-1000.0	0.0	-0.0	Inf
GLCRAL	pydxn_e	-0.0	-1000.0	0.0	-0.0	Inf
GLCRAL	etoh_e	-0.0	-1000.0	0.0	-0.0	Inf
GLCRAL	fald_e	-0.0	0.0	0.0	Inf	Inf
GLCRAL	rib__D_e	-0.0	-1000.0	0.0	-0.0	Inf
GLCRAL	rmn_e	-0.0	-1000.0	0.0	-0.0	Inf
GLCRAL	indole_e	-0.0	-1000.0	0.0	-0.0	Inf
GLCRAL	inost_e	-0.0	-1000.0	0.0	-0.0	Inf
GLCRAL	sbt__D_e	-0.0	-2.7246255614873007	0.0	-0.0	Inf
GLCRAL	k_e	-0.0	-0.16390343043087796	999.8360965695691	-0.0	0.0
GLCRAL	for_e	-0.0	0.0	0.002059782444081912	Inf	0.0
GLCRAL	slnt_e	-0.0	0.0	1000.0	Inf	0.0
GLCRAL	fru_e	-0.0	-1000.0	0.0	-0.0	Inf
GLCRAL	so2_e	-0.0	-1000.0	0.0	-0.0	Inf
GLCRAL	so3_e	-0.0	-1000.0	0.0	-0.0	Inf
GLCRAL	so4_e	-0.0	-0.21178056686972013	999.7882194331303	-0.0	0.0
GLCRAL	lipa_cold_e	-0.0	-1000.0	0.0	-0.0	Inf
GLCRAL	sucr_e	-0.0	-1000.0	0.0	-0.0	Inf
GLCRAL	g3pe_e	-0.0	-1000.0	0.0	-0.0	Inf
GLCRAL	malt_e	-0.0	-1000.0	0.0	-0.0	Inf
GLCRAL	tartr__L_e	-0.0	-1000.0	0.0	-0.0	Inf
GLCRAL	g3pi_e	-0.0	-1000.0	0.0	-0.0	Inf
GLCRAL	malthx_e	-0.0	-1000.0	0.0	-0.0	Inf
GLCRAL	maltpt_e	-0.0	-1000.0	0.0	-0.0	Inf
GLCRAL	gal_e	-0.0	-1000.0	0.0	-0.0	Inf
GLCRAL	gal_bD_e	-0.0	-1000.0	0.0	-0.0	Inf
GLCRAL	malttr_e	-0.0	-1000.0	0.0	-0.0	Inf
GLCRAL	maltttr_e	-0.0	-1000.0	0.0	-0.0	Inf
GLCRAL	man_e	-0.0	-1000.0	0.0	-0.0	Inf
GLCRAL	thym_e	-0.0	-1000.0	0.0	-0.0	Inf
GLCRAL	thymd_e	-0.0	-1000.0	0.0	-0.0	Inf
GLCRAL	galt_e	-0.0	-1.3623127807436504	0.0	-0.0	Inf
GLCRAL	melib_e	-0.0	-1000.0	0.0	-0.0	Inf
GLCRAL	meoh_e	-0.0	-999.9999983206013	1.679398678788857e-06	-0.0	0.0
GLCRAL	tmao_e	-0.0	-1000.0	0.0	-0.0	Inf
GLCRAL	tre_e	-0.0	-1000.0	0.0	-0.0	Inf
GLCRAL	metsox_S__L_e	-0.0	-1000.0	0.0	-0.0	Inf
GLCRAL	glc__D_e	-0.0	-2.7246255614873007	0.03258406323004692	-0.0	0.0
GLCRAL	mg2_e	-0.0	-0.007284391648205719	999.9927156083518	-0.0	0.0
GLCRAL	mnl_e	-0.0	-1000.0	0.0	-0.0	Inf
GLCRAL	mobd_e	-0.0	-0.0001083212130197353	999.999891678787	-0.0	0.0
GLCRAL	glyald_e	-0.0	-1000.0	0.0	-0.0	Inf
GLCRAL	n2o_e	-0.0	-1000.0	0.0	-0.0	Inf
GLCRAL	na1_e	-0.0	-1000.0	0.0	-0.0	Inf
GLCRAL	nac_e	-0.0	-1000.0	0.0	-0.0	Inf
GLCRAL	ni2_e	-0.0	-0.0002712228821337703	999.9997287771179	-0.0	0.0
GLCRAL	no_e	-0.0	-1000.0	0.0	-0.0	Inf
GLCRAL	no2_e	-0.0	-1000.0	0.0	-0.0	Inf
GLCRAL	ura_e	-0.0	-1000.0	0.0	-0.0	Inf
GLCRAL	no3_e	-0.0	-1000.0	0.0	-0.0	Inf
GLCRAL	urea_e	-0.0	-1000.0	0.0	-0.0	Inf
GLCRAL	novbcn_e	-0.0	-1000.0	0.0	-0.0	Inf
GLCRAL	uri_e	-0.0	-1000.0	0.0	-0.0	Inf
GLCRAL	o2_e	-0.0	-24.1432194434949	975.8567805565051	-0.0	0.0
GLCRAL	xan_e	-0.0	0.0	0.0	Inf	Inf
GLCRAL	xtsn_e	-0.0	-1000.0	0.0	-0.0	Inf
GLCRAL	xyl__D_e	-0.0	-1000.0	0.0	-0.0	Inf
GLCRAL	xylu__L_e	-0.0	-1000.0	0.0	-0.0	Inf
GLCRAL	pacald_e	-0.0	-1000.0	0.0	-0.0	Inf
GLCRAL	12dgr120_p	-0.0	0.0	0.0	Inf	Inf
GLCRAL	12dgr140_p	-0.0	0.0	0.0	Inf	Inf
GLCRAL	12dgr160_p	-0.0	-0.05358457275372075	0.0	-0.0	Inf
GLCRAL	12dgr180_p	-0.0	0.0	0.0	Inf	Inf
GLCRAL	12ppd__R_p	-0.0	-1000.0	0.0	-0.0	Inf
GLCRAL	12ppd__S_p	-0.0	0.0	0.0	Inf	Inf
GLCRAL	chol_p	-0.0	-1000.0	0.0	-0.0	Inf
GLCRAL	cl_p	-0.0	-0.004370634988958955	999.995629365011	-0.0	0.0
GLCRAL	34dhpac_p	-0.0	-1000.0	0.0	-0.0	Inf
GLCRAL	cm_p	-0.0	0.0	0.0	Inf	Inf
GLCRAL	4hoxpacd_p	-0.0	-1000.0	0.0	-0.0	Inf
GLCRAL	co2_p	-0.0	-974.4683020346693	25.53169796533075	-0.0	0.0
GLCRAL	5mtr_p	-0.0	0.0	0.0	Inf	Inf
GLCRAL	LalaDgluMdap_p	-0.0	-0.02333356485537066	0.0	-0.0	Inf
GLCRAL	gal_p	-0.0	-1000.0	0.0	-0.0	Inf
GLCRAL	ac_p	-0.0	-7.721908584743258	0.0	-0.0	Inf
GLCRAL	crn_p	-0.0	-1000.0	0.0	-0.0	Inf
GLCRAL	gal_bD_p	-0.0	-1000.0	0.0	-0.0	Inf
GLCRAL	acald_p	-0.0	-1000.0	0.0	-0.0	Inf
GLCRAL	acgal_p	-0.0	-1000.0	0.0	-0.0	Inf
GLCRAL	csn_p	-0.0	0.0	0.0	Inf	Inf
GLCRAL	acgam_p	-0.0	-1000.0	0.0	-0.0	Inf
GLCRAL	galt_p	-0.0	-1.3623127807436504	0.0	-0.0	Inf
GLCRAL	acmana_p	-0.0	-1000.0	0.0	-0.0	Inf
GLCRAL	cyan_p	-0.0	0.0	0.0	Inf	Inf
GLCRAL	ade_p	-0.0	-1000.0	0.0	-0.0	Inf
GLCRAL	adn_p	-0.0	0.0	0.0005651176460500899	Inf	0.0
GLCRAL	cytd_p	-0.0	-0.1347927342165281	0.0	-0.0	Inf
GLCRAL	glc__D_p	-0.0	-2.7246255614873007	0.03258406323004692	-0.0	0.0
GLCRAL	dad_2_p	-0.0	-1000.0	0.0	-0.0	Inf
GLCRAL	dcyt_p	-0.0	-1000.0	0.0	-0.0	Inf
GLCRAL	all__D_p	-0.0	0.0	0.0	Inf	Inf
GLCRAL	alltn_p	-0.0	0.0	0.0	Inf	Inf
GLCRAL	dha_p	-0.0	-1000.0	0.0	-0.0	Inf
GLCRAL	glyald_p	-0.0	-1000.0	0.0	-0.0	Inf
GLCRAL	glyb_p	0.0	0.0	0.0	Inf	Inf
GLCRAL	dms_p	-0.0	-1000.0	0.0	-0.0	Inf
GLCRAL	glyc_p	-0.0	-0.11674171781749215	0.0	-0.0	Inf
GLCRAL	dmso_p	-0.0	-1000.0	0.0	-0.0	Inf
GLCRAL	arab__L_p	-0.0	0.0	0.0	Inf	Inf
GLCRAL	arbt_p	0.0	0.0	0.0	Inf	Inf
GLCRAL	ca2_p	-0.0	-0.004370634988958955	999.995629365011	-0.0	0.0
GLCRAL	duri_p	-0.0	-1000.0	0.0	-0.0	Inf
GLCRAL	h2_p	-0.0	-614.0716432509847	0.810000000001537	-0.0	0.0
GLCRAL	h2o2_p	-0.0	-1000.0	0.0	-0.0	Inf
GLCRAL	etoh_p	-0.0	-1000.0	0.0	-0.0	Inf
GLCRAL	fald_p	-0.0	0.0	0.0	Inf	Inf
GLCRAL	n2o_p	-0.0	-1000.0	0.0	-0.0	Inf
GLCRAL	na1_p	-0.0	-1000.0	0.0	-0.0	Inf
GLCRAL	indole_p	-0.0	0.0	0.005430677205007821	Inf	0.0
GLCRAL	nac_p	-0.0	-1000.0	0.0	-0.0	Inf
GLCRAL	ni2_p	-0.0	-0.0002712228821337703	999.9997287771179	-0.0	0.0
GLCRAL	inost_p	-0.0	-1000.0	0.0	-0.0	Inf
GLCRAL	no_p	-0.0	-1000.0	0.0	-0.0	Inf
GLCRAL	no2_p	-0.0	-1000.0	0.0	-0.0	Inf
GLCRAL	for_p	-0.0	0.0	0.002059782444081912	Inf	0.0
GLCRAL	fru_p	-0.0	-1000.0	0.0	-0.0	Inf
GLCRAL	no3_p	-0.0	0.0	0.0	Inf	Inf
GLCRAL	k_p	-0.0	-0.16390343043087796	999.8360965695691	-0.0	0.0
GLCRAL	novbcn_p	-0.0	0.0	0.0	Inf	Inf
GLCRAL	o2_p	-0.0	-24.1432194434949	975.8567805565051	-0.0	0.0
GLCRAL	lipa_cold_p	-0.0	-32.14471081557099	0.0	-0.0	Inf
GLCRAL	g3pe_p	-0.0	0.0	0.0	Inf	Inf
GLCRAL	g3pi_p	-0.0	0.0	0.0	Inf	Inf
GLCRAL	so3_p	-0.0	-1000.0	0.0	-0.0	Inf
GLCRAL	so4_p	-0.0	-0.21178056686971306	999.7882194331303	-0.0	0.0
GLCRAL	malt_p	0.0	0.0	0.0	Inf	Inf
GLCRAL	malthx_p	0.0	0.0	0.0	Inf	Inf
GLCRAL	maltpt_p	0.0	0.0	0.0	Inf	Inf
GLCRAL	sucr_p	-0.0	-1000.0	0.0	-0.0	Inf
GLCRAL	malttr_p	0.0	0.0	0.0	Inf	Inf
GLCRAL	maltttr_p	0.0	0.0	0.0	Inf	Inf
GLCRAL	pacald_p	-0.0	-1000.0	0.0	-0.0	Inf
GLCRAL	man_p	-0.0	-1000.0	0.0	-0.0	Inf
GLCRAL	tartr__L_p	-0.0	-1000.0	0.0	-0.0	Inf
GLCRAL	pe120_p	-0.0	0.0	0.0	Inf	Inf
GLCRAL	melib_p	-0.0	-1000.0	0.0	-0.0	Inf
GLCRAL	meoh_p	-0.0	-999.9999983206013	1.679398678788857e-06	-0.0	0.0
GLCRAL	thym_p	-0.0	-1000.0	0.0	-0.0	Inf
GLCRAL	thymd_p	-0.0	-0.021971572549503215	0.0	-0.0	Inf
GLCRAL	pg120_p	-0.0	-0.058370858908746076	0.0	-0.0	Inf
GLCRAL	metsox_S__L_p	-0.0	-1000.0	0.0	-0.0	Inf
GLCRAL	tmao_p	-0.0	-1000.0	0.0	-0.0	Inf
GLCRAL	mg2_p	-0.0	-0.007284391648205719	999.9927156083518	-0.0	0.0
GLCRAL	tre_p	-0.0	0.0	0.0	Inf	Inf
GLCRAL	mnl_p	-0.0	0.0	0.0	Inf	Inf
GLCRAL	mobd_p	-0.0	-0.0001083212130197353	999.999891678787	-0.0	0.0
GLCRAL	ura_p	-0.0	-1000.0	0.0	-0.0	Inf
GLCRAL	urea_p	-0.0	-1000.0	0.0	-0.0	Inf
GLCRAL	uri_p	-0.0	0.0	0.0	Inf	Inf
GLCRAL	xan_p	-0.0	0.0	0.0	Inf	Inf
GLCRAL	xtsn_p	-0.0	0.0	0.0	Inf	Inf
GLCRAL	xyl__D_p	-0.0	0.0	0.0	Inf	Inf
GLCRAL	xylu__L_p	-0.0	-1000.0	0.0	-0.0	Inf
GLCRAL	ppal_p	-0.0	-1000.0	0.0	-0.0	Inf
GLCRAL	psclys_p	-0.0	-1000.0	0.0	-0.0	Inf
GLCRAL	pydx_p	-0.0	0.0	0.0	Inf	Inf
GLCRAL	pydxn_p	-0.0	0.0	0.0	Inf	Inf
GLCRAL	rib__D_p	-0.0	-1000.0	0.0	-0.0	Inf
GLCRAL	rmn_p	-0.0	-1000.0	0.0	-0.0	Inf
GLCRAL	sbt__D_p	-0.0	-2.7246255614873007	0.0	-0.0	Inf
GLCRAL	slnt_p	-0.0	0.0	0.0	Inf	Inf
GLCRAL	so2_p	-0.0	-1000.0	0.0	-0.0	Inf
