Reaction	Metabolite	ShadowPrice	G-	G+	DecrementalShadowPrice	IncrementalShadowPrice
GGGABADr_f	12dgr120_c	-0.0	0.0	0.0	Inf	Inf
GGGABADr_f	12dgr140_c	-0.0	0.0	0.0	Inf	Inf
GGGABADr_f	12dgr160_c	-0.0	-0.0051866463216548205	0.0	-0.0	Inf
GGGABADr_f	12dgr180_c	-0.0	0.0	0.0	Inf	Inf
GGGABADr_f	12ppd__R_c	-0.0	-1000.0	0.0	-0.0	Inf
GGGABADr_f	12ppd__S_c	-0.0	0.0	0.0	Inf	Inf
GGGABADr_f	5drib_c	-0.0	-999.999811576876	0.00018842312401350127	-0.0	0.0
GGGABADr_f	5mta_c	-0.0	-0.03623448749711631	0.0	-0.0	Inf
GGGABADr_f	23dhacoa_c	-0.0	-0.0004823631985573229	0.0	-0.0	Inf
GGGABADr_f	5mtr_c	-0.0	-2.608883099792373	0.0	-0.0	Inf
GGGABADr_f	3amac_c	-0.0	-2.0564291770093344	0.0	-0.0	Inf
GGGABADr_f	LalaDgluMdap_c	-0.0	-0.014823199430638485	0.0	-0.0	Inf
GGGABADr_f	ac_c	-0.0	-0.1534637117524926	0.48787017731362026	-0.0	0.0
GGGABADr_f	acald_c	-0.0	0.0	0.3084643765513999	Inf	0.0
GGGABADr_f	acetol_c	-0.0	0.0	0.0	Inf	Inf
GGGABADr_f	acgam_c	-0.0	-0.030335849997585755	0.0	-0.0	Inf
GGGABADr_f	acgam6p_c	-0.0	-0.028669045052663454	0.0	-0.0	Inf
GGGABADr_f	acmalt_c	0.0	0.0	0.0	Inf	Inf
GGGABADr_f	acmana_c	-0.0	-0.030335849997585755	0.0	-0.0	Inf
GGGABADr_f	2dmmq8_c	-0.0	0.0	0.0	Inf	Inf
GGGABADr_f	2dmmql8_c	0.0	0.0	0.0	Inf	Inf
GGGABADr_f	ade_c	-0.0	-0.036744832391441884	0.000563594499850942	-0.0	0.0
GGGABADr_f	adn_c	-0.0	0.0	0.000563594499850942	Inf	0.0
GGGABADr_f	3sala_c	0.0	0.0	0.0	Inf	Inf
GGGABADr_f	adphep_DD_c	-0.0	0.0	0.0	Inf	Inf
GGGABADr_f	adphep_LD_c	-0.0	0.0	0.0	Inf	Inf
GGGABADr_f	4ahmmp_c	0.0	0.0	0.0	Inf	Inf
GGGABADr_f	4crsol_c	-0.0	-999.9998132517482	0.00018674825180004792	-0.0	0.0
GGGABADr_f	2ohph_c	-0.0	-0.00018674825180004792	0.009207891837355223	-0.0	0.0
GGGABADr_f	2ombzl_c	-0.0	0.0	0.0	Inf	Inf
GGGABADr_f	2omhmbl_c	-0.0	0.0	0.0	Inf	Inf
GGGABADr_f	2ommbl_c	0.0	0.0	0.0	Inf	Inf
GGGABADr_f	2omph_c	-0.0	0.0	0.008214763689784283	Inf	0.0
GGGABADr_f	4mhetz_c	0.0	0.0	0.0	Inf	Inf
GGGABADr_f	2oph_c	-0.0	-0.00018674825180004792	0.009249306643220387	-0.0	0.0
GGGABADr_f	2oxpaccoa_c	-0.0	-0.0004823631985573229	0.0	-0.0	Inf
GGGABADr_f	all__D_c	-0.0	-0.04013666307372884	0.0	-0.0	Inf
GGGABADr_f	alltn_c	-0.0	-0.13730963683117756	0.0	-0.0	Inf
GGGABADr_f	4r5au_c	-0.0	-0.0003734965042176491	0.04896259945260314	-0.0	0.0
GGGABADr_f	56dura_c	0.0	0.0	0.0	Inf	Inf
GGGABADr_f	arab__L_c	-0.0	-0.04743423817804318	0.0	-0.0	Inf
GGGABADr_f	etoh_c	-0.0	-1000.0	0.0	-0.0	Inf
GGGABADr_f	csn_c	-0.0	0.0	0.1312614368303829	Inf	0.0
GGGABADr_f	fald_c	-0.0	0.0	0.0	Inf	Inf
GGGABADr_f	fc1p_c	-0.0	-0.038938553728244396	0.0	-0.0	Inf
GGGABADr_f	fcl__L_c	-0.0	0.0	0.0	Inf	Inf
GGGABADr_f	aso4_c	0.0	0.0	0.0	Inf	Inf
GGGABADr_f	cyan_c	0.0	0.0	0.0	Inf	Inf
GGGABADr_f	athtp_c	0.0	0.0	0.0	Inf	Inf
GGGABADr_f	cytd_c	-0.0	0.0	0.0	Inf	Inf
GGGABADr_f	dad_2_c	-0.0	0.0	0.0	Inf	Inf
GGGABADr_f	dad_5_c	-0.0	-0.036744832391441884	0.00018842312401350127	-0.0	0.0
GGGABADr_f	betald_c	0.0	0.0	0.0	Inf	Inf
GGGABADr_f	btal_c	-0.0	-0.5217766199584747	0.0	-0.0	Inf
GGGABADr_f	for_c	-0.0	-0.0914555597797926	1.0282145885046672	-0.0	0.0
GGGABADr_f	dcyt_c	-0.0	0.0	0.0	Inf	Inf
GGGABADr_f	fru_c	-0.0	-0.04013666307372884	0.10282145885046663	-0.0	0.0
GGGABADr_f	ca2_c	-0.0	-0.004358854935503587	2.608883099792373	-0.0	0.0
GGGABADr_f	g3pe_c	-0.0	0.0	0.0	Inf	Inf
GGGABADr_f	g3pi_c	0.0	0.0	0.0	Inf	Inf
GGGABADr_f	cbm_c	-0.0	-1.3044415498961865	0.0	-0.0	Inf
GGGABADr_f	dha_c	-0.0	-0.08696276999307913	0.0	-0.0	Inf
GGGABADr_f	gal_c	-0.0	0.0	0.0	Inf	Inf
GGGABADr_f	dhgly_c	-0.0	-0.00018674825180004792	0.035867950761790675	-0.0	0.0
GGGABADr_f	dhmptp_c	0.0	0.0	0.0	Inf	Inf
GGGABADr_f	gcald_c	-0.0	-0.11858559544510788	0.0005602447554338141	-0.0	0.0
GGGABADr_f	dhptd_c	-0.0	-47.73782003390578	0.0003751713758374408	-0.0	0.0
GGGABADr_f	cechddd_c	-0.0	0.0	0.0	Inf	Inf
GGGABADr_f	dhptdn_c	0.0	0.0	0.0	Inf	Inf
GGGABADr_f	chol_c	0.0	0.0	0.0	Inf	Inf
GGGABADr_f	chtbs6p_c	-0.0	0.0	0.0	Inf	Inf
GGGABADr_f	dmbzid_c	0.0	0.0	0.0	Inf	Inf
GGGABADr_f	dms_c	0.0	0.0	0.0	Inf	Inf
GGGABADr_f	dmso_c	0.0	0.0	0.0	Inf	Inf
GGGABADr_f	cl_c	-0.0	-0.004358854935503587	5.217766199584746	-0.0	0.0
GGGABADr_f	glc__D_c	-0.0	-0.04013666307372884	0.10282145885046663	-0.0	0.0
GGGABADr_f	co2_c	-0.0	-974.3754005592831	25.624599440716906	-0.0	0.0
GGGABADr_f	dscl_c	-0.0	-0.00018674825180004792	0.010919092975270788	-0.0	0.0
GGGABADr_f	dtdp4aaddg_c	-0.0	0.0	0.0	Inf	Inf
GGGABADr_f	glyald_c	-0.0	-1000.0	0.0	-0.0	Inf
GGGABADr_f	crn_c	-0.0	-2.608883099792373	0.0	-0.0	Inf
GGGABADr_f	duri_c	-0.0	0.0	0.0	Inf	Inf
GGGABADr_f	glyb_c	0.0	0.0	0.0	Inf	Inf
GGGABADr_f	glyc_c	-0.0	-0.07453951713692498	0.0	-0.0	Inf
GGGABADr_f	dxyl_c	0.0	0.0	0.0	Inf	Inf
GGGABADr_f	glycogen_c	-0.0	-0.03780989999699093	0.0	-0.0	Inf
GGGABADr_f	gmhep1p_c	-0.0	0.0	0.0780922472282025	Inf	0.0
GGGABADr_f	lipa_cold_c	-0.0	0.0	0.0	Inf	Inf
GGGABADr_f	lipidA_c	-0.0	-0.0026675696316895456	0.007450830351483094	-0.0	0.0
GGGABADr_f	malt_c	0.0	0.0	0.0	Inf	Inf
GGGABADr_f	h2_c	-0.0	0.0	0.0	Inf	Inf
GGGABADr_f	malthx_c	-0.0	0.0	0.0	Inf	Inf
GGGABADr_f	maltpt_c	-0.0	0.0	0.0	Inf	Inf
GGGABADr_f	malttr_c	-0.0	0.0	0.0	Inf	Inf
GGGABADr_f	maltttr_c	-0.0	0.0	0.0	Inf	Inf
GGGABADr_f	h2o2_c	-0.0	-0.5217766199584747	0.002094427703354995	-0.0	0.0
GGGABADr_f	man_c	-0.0	-0.04013666307372884	0.0	-0.0	Inf
GGGABADr_f	mdhdhf_c	-0.0	-47.73782003390578	0.0003751713758374408	-0.0	0.0
GGGABADr_f	melib_c	-0.0	0.0	0.0	Inf	Inf
GGGABADr_f	meoh_c	-0.0	-999.9999983251278	1.674872237344971e-06	-0.0	0.0
GGGABADr_f	pacald_c	-0.0	-2.608883099792373	0.0	-0.0	Inf
GGGABADr_f	metsox_S__L_c	-0.0	-0.024156324998077537	0.0	-0.0	Inf
GGGABADr_f	mg2_c	-0.0	-0.007264758225801415	1.3044415498961865	-0.0	0.0
GGGABADr_f	hhlipa_c	-0.0	0.0	0.0	Inf	Inf
GGGABADr_f	pe120_c	-0.0	0.0	0.0	Inf	Inf
GGGABADr_f	mobd_c	-0.0	-0.0001080292577171349	1.5423218827570004	-0.0	0.0
GGGABADr_f	hlipa_c	-0.0	0.0	0.0	Inf	Inf
GGGABADr_f	pg120_c	-0.0	-0.006425820442838361	0.0	-0.0	Inf
GGGABADr_f	mql8_c	0.0	0.0	0.0	Inf	Inf
GGGABADr_f	mqn8_c	-0.0	0.0	0.0	Inf	Inf
GGGABADr_f	mthgxl_c	-0.0	-0.08696276999307913	0.0	-0.0	Inf
GGGABADr_f	hqn_c	0.0	0.0	0.0	Inf	Inf
GGGABADr_f	mththf_c	-0.0	-999.9996248286242	0.0003751713758374408	-0.0	0.0
GGGABADr_f	n2o_c	-0.0	-1000.0	0.0	-0.0	Inf
GGGABADr_f	na1_c	-0.0	0.0	0.0	Inf	Inf
GGGABADr_f	nac_c	-0.0	0.0	0.0	Inf	Inf
GGGABADr_f	ncam_c	-0.0	0.0	0.0	Inf	Inf
GGGABADr_f	ni2_c	-0.0	-0.0002704918624658603	999.9997295081375	-0.0	0.0
GGGABADr_f	no_c	-0.0	-1000.0	0.0	-0.0	Inf
GGGABADr_f	indole_c	-0.0	-0.02138428770321618	0.055082924384178535	-0.0	0.0
GGGABADr_f	no2_c	-0.0	-2.608883099792373	0.0	-0.0	Inf
GGGABADr_f	no3_c	0.0	0.0	0.0	Inf	Inf
GGGABADr_f	inost_c	0.0	0.0	0.0	Inf	Inf
GGGABADr_f	o2_c	-0.0	-23.83595483267129	976.1640451673287	-0.0	0.0
GGGABADr_f	poaac_c	-0.0	-0.6854763923364448	0.0	-0.0	Inf
GGGABADr_f	ppal_c	-0.0	0.0	0.0	Inf	Inf
GGGABADr_f	k_c	-0.0	-0.16346166598029935	6.169287531028002	-0.0	0.0
GGGABADr_f	psclys_c	-0.0	0.0	0.0	Inf	Inf
GGGABADr_f	lald__D_c	-0.0	0.0	0.0	Inf	Inf
GGGABADr_f	lald__L_c	-0.0	-0.08152759686851166	0.0	-0.0	Inf
GGGABADr_f	ura_c	-0.0	-0.0668944384562147	0.0	-0.0	Inf
GGGABADr_f	pydx_c	-0.0	0.0	0.07344389917890476	Inf	0.0
GGGABADr_f	uracp_c	-0.0	-0.7711609413785002	0.0	-0.0	Inf
GGGABADr_f	pydxn_c	-0.0	0.0	0.0693178374272809	Inf	0.0
GGGABADr_f	urate_c	-0.0	-0.1087034624913489	0.0	-0.0	Inf
GGGABADr_f	q8_c	0.0	0.0	0.0	Inf	Inf
GGGABADr_f	q8h2_c	-0.0	0.0	0.0	Inf	Inf
GGGABADr_f	urea_c	-0.0	-1000.0	0.0	-0.0	Inf
GGGABADr_f	uri_c	-0.0	0.0	0.0	Inf	Inf
GGGABADr_f	rbflvrd_c	-0.0	0.0	0.02694012022282969	Inf	0.0
GGGABADr_f	rbl__L_c	-0.0	-0.04743423817804318	0.0	-0.0	Inf
GGGABADr_f	rdmbzi_c	0.0	0.0	0.0	Inf	Inf
GGGABADr_f	thptdn_c	0.0	0.0	0.0	Inf	Inf
GGGABADr_f	xan_c	-0.0	-0.04276857540643236	0.0	-0.0	Inf
GGGABADr_f	rephaccoa_c	-0.0	-0.0004823631985573229	0.0	-0.0	Inf
GGGABADr_f	rib__D_c	-0.0	0.0	0.11424606538940733	Inf	0.0
GGGABADr_f	xtsn_c	-0.0	0.0	0.0	Inf	Inf
GGGABADr_f	rml_c	-0.0	-0.042078759674070564	0.0	-0.0	Inf
GGGABADr_f	thym_c	-0.0	-6.169287531028002	0.0	-0.0	Inf
GGGABADr_f	thymd_c	-0.0	-0.0207054214269236	0.0	-0.0	Inf
GGGABADr_f	xu5p__L_c	-0.0	-0.043481384996539564	0.0	-0.0	Inf
GGGABADr_f	rmn_c	-0.0	-0.042078759674070564	0.0	-0.0	Inf
GGGABADr_f	xyl__D_c	0.0	0.0	0.0	Inf	Inf
GGGABADr_f	tmao_c	0.0	0.0	0.0	Inf	Inf
GGGABADr_f	xylu__D_c	-0.0	0.0	0.0	Inf	Inf
GGGABADr_f	xylu__L_c	-0.0	-0.04743423817804318	0.0	-0.0	Inf
GGGABADr_f	12ppd__R_e	-0.0	-1000.0	0.0	-0.0	Inf
GGGABADr_f	12ppd__S_e	-0.0	-1000.0	0.0	-0.0	Inf
GGGABADr_f	tre_c	-0.0	-0.02006833153686442	0.0	-0.0	Inf
GGGABADr_f	seln_c	0.0	0.0	0.0	Inf	Inf
GGGABADr_f	34dhpac_e	-0.0	-1000.0	0.0	-0.0	Inf
GGGABADr_f	slnt_c	0.0	0.0	0.0	Inf	Inf
GGGABADr_f	so2_c	0.0	0.0	0.0	Inf	Inf
GGGABADr_f	so3_c	-0.0	-0.1449379499884652	0.3427381961682224	-0.0	0.0
GGGABADr_f	so4_c	-0.0	-0.2112097604787811	6.169287531028002	-0.0	0.0
GGGABADr_f	4hoxpacd_e	-0.0	-1000.0	0.0	-0.0	Inf
GGGABADr_f	5mtr_e	-0.0	-1000.0	0.0	-0.0	Inf
GGGABADr_f	LalaDgluMdap_e	-0.0	-1000.0	0.0	-0.0	Inf
GGGABADr_f	ac_e	-0.0	0.0	0.0	Inf	Inf
GGGABADr_f	acald_e	-0.0	-1000.0	0.0	-0.0	Inf
GGGABADr_f	acgal_e	-0.0	-1000.0	0.0	-0.0	Inf
GGGABADr_f	acgam_e	-0.0	-1000.0	0.0	-0.0	Inf
GGGABADr_f	acmana_e	-0.0	-1000.0	0.0	-0.0	Inf
GGGABADr_f	tagur_c	-0.0	0.0	0.0	Inf	Inf
GGGABADr_f	tartr__L_c	-0.0	-0.08152759686851166	0.0	-0.0	Inf
GGGABADr_f	ade_e	-0.0	-1000.0	0.0	-0.0	Inf
GGGABADr_f	adn_e	-0.0	-1000.0	0.0	-0.0	Inf
GGGABADr_f	all__D_e	-0.0	-1000.0	0.0	-0.0	Inf
GGGABADr_f	cl_e	-0.0	-0.004358854935503587	999.9956411450645	-0.0	0.0
GGGABADr_f	alltn_e	-0.0	0.0	0.0	Inf	Inf
GGGABADr_f	cm_e	-0.0	-1000.0	0.0	-0.0	Inf
GGGABADr_f	co2_e	-0.0	-974.3754005592831	25.624599440716906	-0.0	0.0
GGGABADr_f	arab__L_e	-0.0	-1000.0	0.0	-0.0	Inf
GGGABADr_f	arbt_e	-0.0	-1000.0	0.0	-0.0	Inf
GGGABADr_f	unagamu_c	-0.0	0.0	0.006360090238173193	Inf	0.0
GGGABADr_f	crn_e	-0.0	-1000.0	0.0	-0.0	Inf
GGGABADr_f	csn_e	-0.0	-1000.0	0.0	-0.0	Inf
GGGABADr_f	cyan_e	-0.0	-1000.0	0.0	-0.0	Inf
GGGABADr_f	glyb_e	-0.0	-1000.0	0.0	-0.0	Inf
GGGABADr_f	glyc_e	-0.0	-1000.0	0.0	-0.0	Inf
GGGABADr_f	cytd_e	-0.0	-1000.0	0.0	-0.0	Inf
GGGABADr_f	ca2_e	-0.0	-0.004358854935503587	999.9956411450645	-0.0	0.0
GGGABADr_f	dad_2_e	-0.0	-1000.0	0.0	-0.0	Inf
GGGABADr_f	dcyt_e	-0.0	-1000.0	0.0	-0.0	Inf
GGGABADr_f	chol_e	-0.0	-1000.0	0.0	-0.0	Inf
GGGABADr_f	dha_e	-0.0	-1000.0	0.0	-0.0	Inf
GGGABADr_f	ppal_e	-0.0	-1000.0	0.0	-0.0	Inf
GGGABADr_f	h2_e	-0.0	-1000.0	0.0	-0.0	Inf
GGGABADr_f	dms_e	-0.0	-1000.0	0.0	-0.0	Inf
GGGABADr_f	dmso_e	-0.0	-1000.0	0.0	-0.0	Inf
GGGABADr_f	h2o2_e	-0.0	-1000.0	0.0	-0.0	Inf
GGGABADr_f	psclys_e	-0.0	-1000.0	0.0	-0.0	Inf
GGGABADr_f	duri_e	-0.0	-1000.0	0.0	-0.0	Inf
GGGABADr_f	pydx_e	-0.0	-1000.0	0.0	-0.0	Inf
GGGABADr_f	pydxn_e	-0.0	-1000.0	0.0	-0.0	Inf
GGGABADr_f	etoh_e	-0.0	-1000.0	0.0	-0.0	Inf
GGGABADr_f	fald_e	-0.0	0.0	0.0	Inf	Inf
GGGABADr_f	rib__D_e	-0.0	-1000.0	0.0	-0.0	Inf
GGGABADr_f	rmn_e	-0.0	-1000.0	0.0	-0.0	Inf
GGGABADr_f	indole_e	-0.0	-1000.0	0.0	-0.0	Inf
GGGABADr_f	inost_e	-0.0	-1000.0	0.0	-0.0	Inf
GGGABADr_f	sbt__D_e	-0.0	-0.03780989999699093	0.0	-0.0	Inf
GGGABADr_f	k_e	-0.0	-0.1634616659803214	999.8365383340197	-0.0	0.0
GGGABADr_f	for_e	-0.0	0.0	1.0282145885046672	Inf	0.0
GGGABADr_f	slnt_e	-0.0	0.0	1000.0	Inf	0.0
GGGABADr_f	fru_e	-0.0	-1000.0	0.0	-0.0	Inf
GGGABADr_f	so2_e	-0.0	-1000.0	0.0	-0.0	Inf
GGGABADr_f	so3_e	-0.0	-1000.0	0.0	-0.0	Inf
GGGABADr_f	so4_e	-0.0	-0.21120976047882323	999.7887902395212	-0.0	0.0
GGGABADr_f	lipa_cold_e	-0.0	-1000.0	0.0	-0.0	Inf
GGGABADr_f	sucr_e	-0.0	-1000.0	0.0	-0.0	Inf
GGGABADr_f	g3pe_e	-0.0	-1000.0	0.0	-0.0	Inf
GGGABADr_f	malt_e	-0.0	-1000.0	0.0	-0.0	Inf
GGGABADr_f	tartr__L_e	-0.0	-1000.0	0.0	-0.0	Inf
GGGABADr_f	g3pi_e	-0.0	-1000.0	0.0	-0.0	Inf
GGGABADr_f	malthx_e	-0.0	-1000.0	0.0	-0.0	Inf
GGGABADr_f	maltpt_e	-0.0	-1000.0	0.0	-0.0	Inf
GGGABADr_f	gal_e	-0.0	-1000.0	0.0	-0.0	Inf
GGGABADr_f	gal_bD_e	-0.0	-1000.0	0.0	-0.0	Inf
GGGABADr_f	malttr_e	-0.0	-1000.0	0.0	-0.0	Inf
GGGABADr_f	maltttr_e	-0.0	-1000.0	0.0	-0.0	Inf
GGGABADr_f	man_e	-0.0	-1000.0	0.0	-0.0	Inf
GGGABADr_f	thym_e	-0.0	-1000.0	0.0	-0.0	Inf
GGGABADr_f	thymd_e	-0.0	-1000.0	0.0	-0.0	Inf
GGGABADr_f	galt_e	-0.0	-0.037809899996990935	0.0	-0.0	Inf
GGGABADr_f	melib_e	-0.0	-1000.0	0.0	-0.0	Inf
GGGABADr_f	meoh_e	-0.0	-999.9999983251278	1.674872237344971e-06	-0.0	0.0
GGGABADr_f	tmao_e	-0.0	-1000.0	0.0	-0.0	Inf
GGGABADr_f	tre_e	-0.0	-1000.0	0.0	-0.0	Inf
GGGABADr_f	metsox_S__L_e	-0.0	-1000.0	0.0	-0.0	Inf
GGGABADr_f	glc__D_e	-0.0	-0.04076379843425586	0.1045641954411525	-0.0	0.0
GGGABADr_f	mg2_e	-0.0	-0.007264758225801415	999.9927352417742	-0.0	0.0
GGGABADr_f	mnl_e	-0.0	-1000.0	0.0	-0.0	Inf
GGGABADr_f	mobd_e	-0.0	-0.0001080292577171349	999.9998919707423	-0.0	0.0
GGGABADr_f	glyald_e	-0.0	-1000.0	0.0	-0.0	Inf
GGGABADr_f	n2o_e	-0.0	-1000.0	0.0	-0.0	Inf
GGGABADr_f	na1_e	-0.0	0.0	1000.0	Inf	0.0
GGGABADr_f	nac_e	-0.0	-1000.0	0.0	-0.0	Inf
GGGABADr_f	ni2_e	-0.0	-0.0002704918624658603	999.9997295081375	-0.0	0.0
GGGABADr_f	no_e	-0.0	-1000.0	0.0	-0.0	Inf
GGGABADr_f	no2_e	-0.0	-1000.0	0.0	-0.0	Inf
GGGABADr_f	ura_e	-0.0	-1000.0	0.0	-0.0	Inf
GGGABADr_f	no3_e	-0.0	-1000.0	0.0	-0.0	Inf
GGGABADr_f	urea_e	-0.0	-1000.0	0.0	-0.0	Inf
GGGABADr_f	novbcn_e	-0.0	-1000.0	0.0	-0.0	Inf
GGGABADr_f	uri_e	-0.0	-1000.0	0.0	-0.0	Inf
GGGABADr_f	o2_e	-0.0	-23.83595483267129	976.1640451673287	-0.0	0.0
GGGABADr_f	xan_e	-0.0	0.0	0.0	Inf	Inf
GGGABADr_f	xtsn_e	-0.0	-1000.0	0.0	-0.0	Inf
GGGABADr_f	xyl__D_e	-0.0	-1000.0	0.0	-0.0	Inf
GGGABADr_f	xylu__L_e	-0.0	-1000.0	0.0	-0.0	Inf
GGGABADr_f	pacald_e	-0.0	-1000.0	0.0	-0.0	Inf
GGGABADr_f	12dgr120_p	-0.0	0.0	0.0	Inf	Inf
GGGABADr_f	12dgr140_p	-0.0	0.0	0.0	Inf	Inf
GGGABADr_f	12dgr160_p	-0.0	-0.0051866463216548205	0.0	-0.0	Inf
GGGABADr_f	12dgr180_p	-0.0	0.0	0.0	Inf	Inf
GGGABADr_f	12ppd__R_p	-0.0	-1000.0	0.0	-0.0	Inf
GGGABADr_f	12ppd__S_p	-0.0	0.0	0.0	Inf	Inf
GGGABADr_f	chol_p	-0.0	-1000.0	0.0	-0.0	Inf
GGGABADr_f	cl_p	-0.0	-0.004358854935503587	999.9956411450645	-0.0	0.0
GGGABADr_f	34dhpac_p	-0.0	-1000.0	0.0	-0.0	Inf
GGGABADr_f	cm_p	-0.0	0.0	0.0	Inf	Inf
GGGABADr_f	4hoxpacd_p	-0.0	-1000.0	0.0	-0.0	Inf
GGGABADr_f	co2_p	-0.0	-974.3754005592831	25.624599440716906	-0.0	0.0
GGGABADr_f	5mtr_p	-0.0	-1000.0	0.0	-0.0	Inf
GGGABADr_f	LalaDgluMdap_p	-0.0	-0.01516792499879287	0.0	-0.0	Inf
GGGABADr_f	gal_p	-0.0	-1000.0	0.0	-0.0	Inf
GGGABADr_f	ac_p	-0.0	-0.16305519373702343	0.0	-0.0	Inf
GGGABADr_f	crn_p	-0.0	-1000.0	0.0	-0.0	Inf
GGGABADr_f	gal_bD_p	-0.0	-1000.0	0.0	-0.0	Inf
GGGABADr_f	acald_p	-0.0	-1000.0	0.0	-0.0	Inf
GGGABADr_f	acgal_p	-0.0	-1000.0	0.0	-0.0	Inf
GGGABADr_f	csn_p	-0.0	0.0	0.0	Inf	Inf
GGGABADr_f	acgam_p	-0.0	-1000.0	0.0	-0.0	Inf
GGGABADr_f	galt_p	-0.0	-0.037809899996990935	0.0	-0.0	Inf
GGGABADr_f	acmana_p	-0.0	-1000.0	0.0	-0.0	Inf
GGGABADr_f	cyan_p	-0.0	0.0	0.0	Inf	Inf
GGGABADr_f	ade_p	-0.0	-1000.0	0.0	-0.0	Inf
GGGABADr_f	adn_p	-0.0	0.0	0.000563594499850942	Inf	0.0
GGGABADr_f	cytd_p	-0.0	0.0	0.0	Inf	Inf
GGGABADr_f	glc__D_p	-0.0	-0.04076379843425586	0.1045641954411525	-0.0	0.0
GGGABADr_f	dad_2_p	-0.0	-1000.0	0.0	-0.0	Inf
GGGABADr_f	dcyt_p	-0.0	-1000.0	0.0	-0.0	Inf
GGGABADr_f	all__D_p	-0.0	0.0	0.0	Inf	Inf
GGGABADr_f	alltn_p	-0.0	0.0	0.0	Inf	Inf
GGGABADr_f	dha_p	-0.0	-1000.0	0.0	-0.0	Inf
GGGABADr_f	glyald_p	-0.0	-1000.0	0.0	-0.0	Inf
GGGABADr_f	glyb_p	0.0	0.0	0.0	Inf	Inf
GGGABADr_f	dms_p	-0.0	-1000.0	0.0	-0.0	Inf
GGGABADr_f	glyc_p	-0.0	-0.07453951713692498	0.0	-0.0	Inf
GGGABADr_f	dmso_p	-0.0	-1000.0	0.0	-0.0	Inf
GGGABADr_f	arab__L_p	-0.0	0.0	0.0	Inf	Inf
GGGABADr_f	arbt_p	0.0	0.0	0.0	Inf	Inf
GGGABADr_f	ca2_p	-0.0	-0.004358854935503587	999.9956411450645	-0.0	0.0
GGGABADr_f	duri_p	-0.0	-1000.0	0.0	-0.0	Inf
GGGABADr_f	h2_p	-0.0	-1000.0	0.0	-0.0	Inf
GGGABADr_f	h2o2_p	-0.0	-1000.0	0.0	-0.0	Inf
GGGABADr_f	etoh_p	-0.0	-1000.0	0.0	-0.0	Inf
GGGABADr_f	fald_p	-0.0	0.0	0.0	Inf	Inf
GGGABADr_f	n2o_p	-0.0	-1000.0	0.0	-0.0	Inf
GGGABADr_f	na1_p	-0.0	0.0	0.0	Inf	Inf
GGGABADr_f	indole_p	-0.0	0.0	0.05557916694619816	Inf	0.0
GGGABADr_f	nac_p	-0.0	-1000.0	0.0	-0.0	Inf
GGGABADr_f	ni2_p	-0.0	-0.0002704918624658603	999.9997295081375	-0.0	0.0
GGGABADr_f	inost_p	-0.0	-1000.0	0.0	-0.0	Inf
GGGABADr_f	no_p	-0.0	-1000.0	0.0	-0.0	Inf
GGGABADr_f	no2_p	-0.0	-1000.0	0.0	-0.0	Inf
GGGABADr_f	for_p	-0.0	0.0	1.0282145885046672	Inf	0.0
GGGABADr_f	fru_p	-0.0	-1000.0	0.0	-0.0	Inf
GGGABADr_f	no3_p	-0.0	0.0	0.0	Inf	Inf
GGGABADr_f	k_p	-0.0	-0.1634616659803214	999.8365383340197	-0.0	0.0
GGGABADr_f	novbcn_p	-0.0	0.0	0.0	Inf	Inf
GGGABADr_f	o2_p	-0.0	-23.83595483267129	976.1640451673287	-0.0	0.0
GGGABADr_f	lipa_cold_p	-0.0	-1.5423218827570004	0.0	-0.0	Inf
GGGABADr_f	g3pe_p	-0.0	0.0	0.0	Inf	Inf
GGGABADr_f	g3pi_p	-0.0	0.0	0.0	Inf	Inf
GGGABADr_f	so3_p	-0.0	-1000.0	0.0	-0.0	Inf
GGGABADr_f	so4_p	-0.0	-0.2112097604787811	999.7887902395212	-0.0	0.0
GGGABADr_f	malt_p	0.0	0.0	0.0	Inf	Inf
GGGABADr_f	malthx_p	0.0	0.0	0.0	Inf	Inf
GGGABADr_f	maltpt_p	0.0	0.0	0.0	Inf	Inf
GGGABADr_f	sucr_p	-0.0	-1000.0	0.0	-0.0	Inf
GGGABADr_f	malttr_p	0.0	0.0	0.0	Inf	Inf
GGGABADr_f	maltttr_p	0.0	0.0	0.0	Inf	Inf
GGGABADr_f	pacald_p	-0.0	-1000.0	0.0	-0.0	Inf
GGGABADr_f	man_p	-0.0	-1000.0	0.0	-0.0	Inf
GGGABADr_f	tartr__L_p	-0.0	-1000.0	0.0	-0.0	Inf
GGGABADr_f	pe120_p	-0.0	0.0	0.0	Inf	Inf
GGGABADr_f	melib_p	-0.0	-1000.0	0.0	-0.0	Inf
GGGABADr_f	meoh_p	-0.0	-999.9999983251278	1.674872237344971e-06	-0.0	0.0
GGGABADr_f	thym_p	-0.0	-1000.0	0.0	-0.0	Inf
GGGABADr_f	thymd_p	-0.0	-0.02087106479833899	0.0	-0.0	Inf
GGGABADr_f	pg120_p	-0.0	-0.006363129511688719	0.0	-0.0	Inf
GGGABADr_f	metsox_S__L_p	-0.0	-1000.0	0.0	-0.0	Inf
GGGABADr_f	tmao_p	-0.0	-1000.0	0.0	-0.0	Inf
GGGABADr_f	mg2_p	-0.0	-0.007264758225801415	999.9927352417742	-0.0	0.0
GGGABADr_f	tre_p	-0.0	0.0	0.0	Inf	Inf
GGGABADr_f	mnl_p	-0.0	0.0	0.0	Inf	Inf
GGGABADr_f	mobd_p	-0.0	-0.0001080292577171349	999.9998919707423	-0.0	0.0
GGGABADr_f	ura_p	-0.0	-1000.0	0.0	-0.0	Inf
GGGABADr_f	urea_p	-0.0	-1000.0	0.0	-0.0	Inf
GGGABADr_f	uri_p	-0.0	0.0	0.0	Inf	Inf
GGGABADr_f	xan_p	-0.0	-0.04348138499653956	0.0	-0.0	Inf
GGGABADr_f	xtsn_p	-0.0	0.0	0.0	Inf	Inf
GGGABADr_f	xyl__D_p	-0.0	0.0	0.0	Inf	Inf
GGGABADr_f	xylu__L_p	-0.0	-1000.0	0.0	-0.0	Inf
GGGABADr_f	ppal_p	-0.0	-1000.0	0.0	-0.0	Inf
GGGABADr_f	psclys_p	-0.0	-1000.0	0.0	-0.0	Inf
GGGABADr_f	pydx_p	-0.0	0.0	0.0	Inf	Inf
GGGABADr_f	pydxn_p	-0.0	0.0	0.0	Inf	Inf
GGGABADr_f	rib__D_p	-0.0	-1000.0	0.0	-0.0	Inf
GGGABADr_f	rmn_p	-0.0	-1000.0	0.0	-0.0	Inf
GGGABADr_f	sbt__D_p	-0.0	-0.03780989999699093	0.0	-0.0	Inf
GGGABADr_f	slnt_p	-0.0	0.0	0.0	Inf	Inf
GGGABADr_f	so2_p	-0.0	-1000.0	0.0	-0.0	Inf
