Reaction	Metabolite	ShadowPrice	G-	G+	DecrementalShadowPrice	IncrementalShadowPrice
FALDtpp_f	12dgr120_c	-0.0	0.0	0.0	Inf	Inf
FALDtpp_f	12dgr140_c	-0.0	0.0	0.0	Inf	Inf
FALDtpp_f	12dgr160_c	-0.0	-0.05530124738629638	0.0	-0.0	Inf
FALDtpp_f	12dgr180_c	-0.0	0.0	0.0	Inf	Inf
FALDtpp_f	12ppd__R_c	-0.0	-1000.0	0.0	-0.0	Inf
FALDtpp_f	12ppd__S_c	-0.0	0.0	0.0	Inf	Inf
FALDtpp_f	5drib_c	-0.0	-999.9998050148766	0.00019498512335725557	-0.0	0.0
FALDtpp_f	5mta_c	-0.0	-0.09464057927721115	0.0	-0.0	Inf
FALDtpp_f	23dhacoa_c	-0.0	-0.0004991619161957561	0.0	-0.0	Inf
FALDtpp_f	5mtr_c	-0.0	-1000.0	0.0	-0.0	Inf
FALDtpp_f	3amac_c	-0.0	-4.159999999997808	0.0	-0.0	Inf
FALDtpp_f	LalaDgluMdap_c	-0.0	-0.02408109603489519	0.0	-0.0	Inf
FALDtpp_f	ac_c	-0.0	-2.7681474672673403	1.0452465922969623	-0.0	0.0
FALDtpp_f	acald_c	-0.0	0.0	1.0452465922969623	Inf	0.0
FALDtpp_f	acetol_c	-0.0	0.0	6.559202189294895	Inf	0.0
FALDtpp_f	acgam_c	-0.0	-0.08188335260354507	0.0	-0.0	Inf
FALDtpp_f	acgam6p_c	-0.0	-0.08188335260354507	0.0	-0.0	Inf
FALDtpp_f	acmalt_c	0.0	0.0	0.0	Inf	Inf
FALDtpp_f	acmana_c	-0.0	-0.08188335260354507	0.0	-0.0	Inf
FALDtpp_f	2dmmq8_c	-0.0	0.0	0.0	Inf	Inf
FALDtpp_f	2dmmql8_c	0.0	0.0	0.0	Inf	Inf
FALDtpp_f	ade_c	-0.0	-0.09464057927721115	0.20800000000044747	-0.0	0.0
FALDtpp_f	adn_c	-0.0	0.0	0.20800000000044747	Inf	0.0
FALDtpp_f	3sala_c	0.0	0.0	0.0	Inf	Inf
FALDtpp_f	adphep_DD_c	-0.0	0.0	0.0	Inf	Inf
FALDtpp_f	adphep_LD_c	-0.0	0.0	0.0	Inf	Inf
FALDtpp_f	4ahmmp_c	0.0	0.0	0.0	Inf	Inf
FALDtpp_f	4crsol_c	-0.0	-999.9998067480777	0.00019325192226074664	-0.0	0.0
FALDtpp_f	2ohph_c	-0.0	-0.00019325192226074664	0.2525038068321167	-0.0	0.0
FALDtpp_f	2ombzl_c	-0.0	0.0	0.0	Inf	Inf
FALDtpp_f	2omhmbl_c	-0.0	0.0	0.0	Inf	Inf
FALDtpp_f	2ommbl_c	0.0	0.0	0.0	Inf	Inf
FALDtpp_f	2omph_c	-0.0	0.0	0.23873087191400125	Inf	0.0
FALDtpp_f	4mhetz_c	0.0	0.0	0.0	Inf	Inf
FALDtpp_f	2oph_c	-0.0	-0.00019325192226074664	0.2525038068321167	-0.0	0.0
FALDtpp_f	2oxpaccoa_c	-0.0	-0.0004991619161957561	0.0	-0.0	Inf
FALDtpp_f	all__D_c	-0.0	-40.06761744090521	0.0	-0.0	Inf
FALDtpp_f	alltn_c	-0.0	-0.614402649279782	0.0	-0.0	Inf
FALDtpp_f	4r5au_c	-0.0	-0.0003865038434014423	0.26000000000055934	-0.0	0.0
FALDtpp_f	56dura_c	0.0	0.0	0.0	Inf	Inf
FALDtpp_f	arab__L_c	-0.0	-48.081140929086246	0.0	-0.0	Inf
FALDtpp_f	etoh_c	-0.0	-1000.0	0.0	-0.0	Inf
FALDtpp_f	csn_c	-0.0	0.0	0.1567723721823313	Inf	0.0
FALDtpp_f	fald_c	-0.0	0.0	0.0	Inf	Inf
FALDtpp_f	fc1p_c	-0.0	-0.614402649279782	0.0	-0.0	Inf
FALDtpp_f	fcl__L_c	-0.0	0.0	0.0	Inf	Inf
FALDtpp_f	aso4_c	0.0	0.0	0.0	Inf	Inf
FALDtpp_f	cyan_c	0.0	0.0	0.0	Inf	Inf
FALDtpp_f	athtp_c	0.0	0.0	0.0	Inf	Inf
FALDtpp_f	cytd_c	-0.0	0.0	0.0	Inf	Inf
FALDtpp_f	dad_2_c	-0.0	0.0	0.0	Inf	Inf
FALDtpp_f	dad_5_c	-0.0	-0.09464057927721115	0.00019498512335725557	-0.0	0.0
FALDtpp_f	betald_c	0.0	0.0	0.0	Inf	Inf
FALDtpp_f	btal_c	-0.0	-2.430706694231503	0.0	-0.0	Inf
FALDtpp_f	for_c	-0.0	-0.09464057927721115	0.00212577114176066	-0.0	0.0
FALDtpp_f	dcyt_c	-0.0	0.0	0.0	Inf	Inf
FALDtpp_f	fru_c	-0.0	0.0	0.0	Inf	Inf
FALDtpp_f	ca2_c	-0.0	-0.0045106558536645025	999.9954893441463	-0.0	0.0
FALDtpp_f	g3pe_c	-0.0	0.0	0.0	Inf	Inf
FALDtpp_f	g3pi_c	0.0	0.0	0.0	Inf	Inf
FALDtpp_f	cbm_c	-0.0	-4.159999999997808	0.0	-0.0	Inf
FALDtpp_f	dha_c	-0.0	-80.13523488181039	0.0	-0.0	Inf
FALDtpp_f	gal_c	-0.0	0.0	0.0	Inf	Inf
FALDtpp_f	dhgly_c	-0.0	-0.00019325192226074664	1.0400000000022374	-0.0	0.0
FALDtpp_f	dhmptp_c	0.0	0.0	0.0	Inf	Inf
FALDtpp_f	gcald_c	-0.0	-0.614402649279782	0.0005797557670348397	-0.0	0.0
FALDtpp_f	dhptd_c	-0.0	-57.710778940576915	0.0003882370456099207	-0.0	0.0
FALDtpp_f	cechddd_c	-0.0	0.0	0.0	Inf	Inf
FALDtpp_f	dhptdn_c	0.0	0.0	0.0	Inf	Inf
FALDtpp_f	chol_c	0.0	0.0	0.0	Inf	Inf
FALDtpp_f	chtbs6p_c	-0.0	0.0	0.0	Inf	Inf
FALDtpp_f	dmbzid_c	0.0	0.0	0.0	Inf	Inf
FALDtpp_f	dms_c	0.0	0.0	0.0	Inf	Inf
FALDtpp_f	dmso_c	0.0	0.0	0.0	Inf	Inf
FALDtpp_f	cl_c	-0.0	-0.0045106558536645025	999.9954893441463	-0.0	0.0
FALDtpp_f	glc__D_c	-0.0	-40.06761744090521	0.0	-0.0	Inf
FALDtpp_f	co2_c	-0.0	-949.5725538125474	50.427446187452574	-0.0	0.0
FALDtpp_f	dscl_c	-0.0	-0.00019325192226074664	0.13065582403712028	-0.0	0.0
FALDtpp_f	dtdp4aaddg_c	-0.0	0.0	0.0	Inf	Inf
FALDtpp_f	glyald_c	-0.0	-1000.0	0.0	-0.0	Inf
FALDtpp_f	crn_c	-0.0	-1000.0	0.0	-0.0	Inf
FALDtpp_f	duri_c	-0.0	0.0	0.0	Inf	Inf
FALDtpp_f	glyb_c	0.0	0.0	0.0	Inf	Inf
FALDtpp_f	glyc_c	-0.0	-68.68734418440891	0.0	-0.0	Inf
FALDtpp_f	dxyl_c	0.0	0.0	0.0	Inf	Inf
FALDtpp_f	glycogen_c	-0.0	-40.06761744090521	0.0	-0.0	Inf
FALDtpp_f	gmhep1p_c	-0.0	0.0	3.120397158014076	Inf	0.0
FALDtpp_f	lipa_cold_c	-0.0	0.0	0.0	Inf	Inf
FALDtpp_f	lipidA_c	-0.0	-0.016860580266836678	0.037330235439177226	-0.0	0.0
FALDtpp_f	malt_c	0.0	0.0	0.0	Inf	Inf
FALDtpp_f	h2_c	-0.0	0.0	0.0	Inf	Inf
FALDtpp_f	malthx_c	-0.0	0.0	0.0	Inf	Inf
FALDtpp_f	maltpt_c	-0.0	0.0	0.0	Inf	Inf
FALDtpp_f	malttr_c	-0.0	0.0	0.0	Inf	Inf
FALDtpp_f	maltttr_c	-0.0	0.0	0.0	Inf	Inf
FALDtpp_f	h2o2_c	-0.0	-91.95302094731733	0.0021673679708555937	-0.0	0.0
FALDtpp_f	man_c	-0.0	0.0	0.0	Inf	Inf
FALDtpp_f	mdhdhf_c	-0.0	-57.710778940576915	0.0003882370456099207	-0.0	0.0
FALDtpp_f	melib_c	-0.0	0.0	0.0	Inf	Inf
FALDtpp_f	meoh_c	-0.0	-999.9999982667989	1.7332010884274496e-06	-0.0	0.0
FALDtpp_f	pacald_c	-0.0	-1000.0	0.0	-0.0	Inf
FALDtpp_f	metsox_S__L_c	-0.0	0.0	0.0	Inf	Inf
FALDtpp_f	mg2_c	-0.0	-0.0075177597560696086	999.9924822402439	-0.0	0.0
FALDtpp_f	hhlipa_c	-0.0	0.0	0.0	Inf	Inf
FALDtpp_f	pe120_c	-0.0	0.0	0.0	Inf	Inf
FALDtpp_f	mobd_c	-0.0	-0.00011179147072482652	80.35022681886245	-0.0	0.0
FALDtpp_f	hlipa_c	-0.0	0.0	0.0	Inf	Inf
FALDtpp_f	pg120_c	-0.0	0.0	0.0	Inf	Inf
FALDtpp_f	mql8_c	0.0	0.0	0.0	Inf	Inf
FALDtpp_f	mqn8_c	-0.0	0.0	0.0	Inf	Inf
FALDtpp_f	mthgxl_c	-0.0	0.0	6.565098977635034	Inf	0.0
FALDtpp_f	hqn_c	0.0	0.0	0.0	Inf	Inf
FALDtpp_f	mththf_c	-0.0	-999.9996117629544	0.0003882370456099207	-0.0	0.0
FALDtpp_f	n2o_c	-0.0	-1000.0	0.0	-0.0	Inf
FALDtpp_f	na1_c	-0.0	0.0	0.0	Inf	Inf
FALDtpp_f	nac_c	-0.0	0.0	0.0	Inf	Inf
FALDtpp_f	ncam_c	-0.0	0.0	0.0	Inf	Inf
FALDtpp_f	ni2_c	-0.0	-0.0002799119770315883	999.999720088023	-0.0	0.0
FALDtpp_f	no_c	-0.0	-1000.0	0.0	-0.0	Inf
FALDtpp_f	indole_c	-0.0	-0.04926017496442879	1.0400000000022374	-0.0	0.0
FALDtpp_f	no2_c	-0.0	-1000.0	0.0	-0.0	Inf
FALDtpp_f	no3_c	0.0	0.0	0.0	Inf	Inf
FALDtpp_f	inost_c	0.0	0.0	0.0	Inf	Inf
FALDtpp_f	o2_c	-0.0	-45.976510473658664	954.0234895263413	-0.0	0.0
FALDtpp_f	poaac_c	-0.0	-4.159999999997808	0.0	-0.0	Inf
FALDtpp_f	ppal_c	-0.0	0.0	0.0	Inf	Inf
FALDtpp_f	k_c	-0.0	-0.1691543608154346	321.4009072754498	-0.0	0.0
FALDtpp_f	psclys_c	-0.0	0.0	0.0	Inf	Inf
FALDtpp_f	lald__D_c	-0.0	0.0	6.559202189294895	Inf	0.0
FALDtpp_f	lald__L_c	-0.0	-0.614402649279782	0.0	-0.0	Inf
FALDtpp_f	ura_c	-0.0	-0.28666712835975533	0.0	-0.0	Inf
FALDtpp_f	pydx_c	-0.0	0.0	1.0400000000022374	Inf	0.0
FALDtpp_f	uracp_c	-0.0	-2.079999999998904	0.0	-0.0	Inf
FALDtpp_f	pydxn_c	-0.0	0.0	1.0400000000022374	Inf	0.0
FALDtpp_f	urate_c	-0.0	-0.614402649279782	0.0	-0.0	Inf
FALDtpp_f	q8_c	-0.0	0.0	0.0	Inf	Inf
FALDtpp_f	q8h2_c	0.0	0.0	0.0	Inf	Inf
FALDtpp_f	urea_c	-0.0	-1000.0	0.0	-0.0	Inf
FALDtpp_f	uri_c	-0.0	0.0	0.0	Inf	Inf
FALDtpp_f	rbflvrd_c	-0.0	0.0	0.04732028963860557	Inf	0.0
FALDtpp_f	rbl__L_c	-0.0	-48.081140929086246	0.0	-0.0	Inf
FALDtpp_f	rdmbzi_c	0.0	0.0	0.0	Inf	Inf
FALDtpp_f	thptdn_c	0.0	0.0	0.0	Inf	Inf
FALDtpp_f	xan_c	-0.0	0.0	0.0	Inf	Inf
FALDtpp_f	rephaccoa_c	-0.0	-0.0004991619161957561	0.0	-0.0	Inf
FALDtpp_f	rib__D_c	-0.0	0.0	4.591441532506426	Inf	0.0
FALDtpp_f	xtsn_c	-0.0	0.0	0.0	Inf	Inf
FALDtpp_f	rml_c	-0.0	-0.614402649279782	0.0	-0.0	Inf
FALDtpp_f	thym_c	-0.0	-321.4009072754498	0.0	-0.0	Inf
FALDtpp_f	thymd_c	-0.0	-0.02267546994562644	0.0	-0.0	Inf
FALDtpp_f	xu5p__L_c	-0.0	-0.8359497534655702	0.0	-0.0	Inf
FALDtpp_f	rmn_c	-0.0	-0.614402649279782	0.0	-0.0	Inf
FALDtpp_f	xyl__D_c	0.0	0.0	0.0	Inf	Inf
FALDtpp_f	tmao_c	0.0	0.0	0.0	Inf	Inf
FALDtpp_f	xylu__D_c	-0.0	0.0	0.0	Inf	Inf
FALDtpp_f	xylu__L_c	-0.0	-48.081140929086246	0.0	-0.0	Inf
FALDtpp_f	12ppd__R_e	-0.0	-1000.0	0.0	-0.0	Inf
FALDtpp_f	12ppd__S_e	-0.0	-1000.0	0.0	-0.0	Inf
FALDtpp_f	tre_c	-0.0	-20.033808720452605	0.0	-0.0	Inf
FALDtpp_f	seln_c	0.0	0.0	0.0	Inf	Inf
FALDtpp_f	34dhpac_e	-0.0	-1000.0	0.0	-0.0	Inf
FALDtpp_f	slnt_c	0.0	0.0	0.0	Inf	Inf
FALDtpp_f	so2_c	0.0	0.0	0.0	Inf	Inf
FALDtpp_f	so3_c	-0.0	-0.21480601109735042	16.07004536377249	-0.0	0.0
FALDtpp_f	so4_c	-0.0	-0.21856532427567832	321.4009072754498	-0.0	0.0
FALDtpp_f	4hoxpacd_e	-0.0	-1000.0	0.0	-0.0	Inf
FALDtpp_f	5mtr_e	-0.0	-1000.0	0.0	-0.0	Inf
FALDtpp_f	LalaDgluMdap_e	-0.0	-1000.0	0.0	-0.0	Inf
FALDtpp_f	ac_e	-0.0	0.0	0.0	Inf	Inf
FALDtpp_f	acald_e	-0.0	-1000.0	0.0	-0.0	Inf
FALDtpp_f	acgal_e	-0.0	-1000.0	0.0	-0.0	Inf
FALDtpp_f	acgam_e	-0.0	-1000.0	0.0	-0.0	Inf
FALDtpp_f	acmana_e	-0.0	-1000.0	0.0	-0.0	Inf
FALDtpp_f	tagur_c	-0.0	0.0	0.0	Inf	Inf
FALDtpp_f	tartr__L_c	-0.0	-0.614402649279782	0.0	-0.0	Inf
FALDtpp_f	ade_e	-0.0	-1000.0	0.0	-0.0	Inf
FALDtpp_f	adn_e	-0.0	-1000.0	0.0	-0.0	Inf
FALDtpp_f	all__D_e	-0.0	-1000.0	0.0	-0.0	Inf
FALDtpp_f	cl_e	-0.0	-0.0045106558536645025	999.9954893441463	-0.0	0.0
FALDtpp_f	alltn_e	-0.0	0.0	0.0	Inf	Inf
FALDtpp_f	cm_e	-0.0	-1000.0	0.0	-0.0	Inf
FALDtpp_f	co2_e	-0.0	-949.5725538125474	50.427446187452574	-0.0	0.0
FALDtpp_f	arab__L_e	-0.0	-1000.0	0.0	-0.0	Inf
FALDtpp_f	arbt_e	-0.0	-1000.0	0.0	-0.0	Inf
FALDtpp_f	unagamu_c	-0.0	0.0	0.18757425650385812	Inf	0.0
FALDtpp_f	crn_e	-0.0	-1000.0	0.0	-0.0	Inf
FALDtpp_f	csn_e	-0.0	-1000.0	0.0	-0.0	Inf
FALDtpp_f	cyan_e	-0.0	-1000.0	0.0	-0.0	Inf
FALDtpp_f	glyb_e	-0.0	-1000.0	0.0	-0.0	Inf
FALDtpp_f	glyc_e	-0.0	-1000.0	0.0	-0.0	Inf
FALDtpp_f	cytd_e	-0.0	-1000.0	0.0	-0.0	Inf
FALDtpp_f	ca2_e	-0.0	-0.0045106558536645025	999.9954893441463	-0.0	0.0
FALDtpp_f	dad_2_e	-0.0	-1000.0	0.0	-0.0	Inf
FALDtpp_f	dcyt_e	-0.0	-1000.0	0.0	-0.0	Inf
FALDtpp_f	chol_e	-0.0	-1000.0	0.0	-0.0	Inf
FALDtpp_f	dha_e	-0.0	-1000.0	0.0	-0.0	Inf
FALDtpp_f	ppal_e	-0.0	-1000.0	0.0	-0.0	Inf
FALDtpp_f	h2_e	-0.0	-1000.0	0.0	-0.0	Inf
FALDtpp_f	dms_e	-0.0	-1000.0	0.0	-0.0	Inf
FALDtpp_f	dmso_e	-0.0	-1000.0	0.0	-0.0	Inf
FALDtpp_f	h2o2_e	-0.0	-1000.0	0.0	-0.0	Inf
FALDtpp_f	psclys_e	-0.0	-1000.0	0.0	-0.0	Inf
FALDtpp_f	duri_e	-0.0	-1000.0	0.0	-0.0	Inf
FALDtpp_f	pydx_e	-0.0	-1000.0	0.0	-0.0	Inf
FALDtpp_f	pydxn_e	-0.0	-1000.0	0.0	-0.0	Inf
FALDtpp_f	etoh_e	-0.0	-1000.0	0.0	-0.0	Inf
FALDtpp_f	fald_e	-1.0	0.0	0.0	Inf	Inf
FALDtpp_f	rib__D_e	-0.0	-1000.0	0.0	-0.0	Inf
FALDtpp_f	rmn_e	-0.0	-1000.0	0.0	-0.0	Inf
FALDtpp_f	indole_e	-0.0	-1000.0	0.0	-0.0	Inf
FALDtpp_f	inost_e	-0.0	-1000.0	0.0	-0.0	Inf
FALDtpp_f	sbt__D_e	-0.0	-36.98549302237404	0.0	-0.0	Inf
FALDtpp_f	k_e	-0.0	-0.16915436081546886	999.8308456391845	-0.0	0.0
FALDtpp_f	for_e	-0.0	0.0	0.00212577114176066	Inf	0.0
FALDtpp_f	slnt_e	-0.0	0.0	1000.0	Inf	0.0
FALDtpp_f	fru_e	-0.0	-1000.0	0.0	-0.0	Inf
FALDtpp_f	so2_e	-0.0	-1000.0	0.0	-0.0	Inf
FALDtpp_f	so3_e	-0.0	-1000.0	0.0	-0.0	Inf
FALDtpp_f	so4_e	-0.0	-0.2185653242756871	999.7814346757243	-0.0	0.0
FALDtpp_f	lipa_cold_e	-0.0	-1000.0	0.0	-0.0	Inf
FALDtpp_f	sucr_e	-0.0	-1000.0	0.0	-0.0	Inf
FALDtpp_f	g3pe_e	-0.0	-1000.0	0.0	-0.0	Inf
FALDtpp_f	malt_e	-0.0	-1000.0	0.0	-0.0	Inf
FALDtpp_f	tartr__L_e	-0.0	-1000.0	0.0	-0.0	Inf
FALDtpp_f	g3pi_e	-0.0	-1000.0	0.0	-0.0	Inf
FALDtpp_f	malthx_e	-0.0	-1000.0	0.0	-0.0	Inf
FALDtpp_f	maltpt_e	-0.0	-1000.0	0.0	-0.0	Inf
FALDtpp_f	gal_e	-0.0	-1000.0	0.0	-0.0	Inf
FALDtpp_f	gal_bD_e	-0.0	-1000.0	0.0	-0.0	Inf
FALDtpp_f	malttr_e	-0.0	-1000.0	0.0	-0.0	Inf
FALDtpp_f	maltttr_e	-0.0	-1000.0	0.0	-0.0	Inf
FALDtpp_f	man_e	-0.0	-1000.0	0.0	-0.0	Inf
FALDtpp_f	thym_e	-0.0	-1000.0	0.0	-0.0	Inf
FALDtpp_f	thymd_e	-0.0	-1000.0	0.0	-0.0	Inf
FALDtpp_f	galt_e	-0.0	-36.98549302237404	0.0	-0.0	Inf
FALDtpp_f	melib_e	-0.0	-1000.0	0.0	-0.0	Inf
FALDtpp_f	meoh_e	-0.0	-999.9999982667989	1.7332010884274496e-06	-0.0	0.0
FALDtpp_f	tmao_e	-0.0	-1000.0	0.0	-0.0	Inf
FALDtpp_f	tre_e	-0.0	-1000.0	0.0	-0.0	Inf
FALDtpp_f	metsox_S__L_e	-0.0	-1000.0	0.0	-0.0	Inf
FALDtpp_f	glc__D_e	-0.0	-40.06761744090521	4.228959306255919	-0.0	0.0
FALDtpp_f	mg2_e	-0.0	-0.0075177597560696086	999.9924822402439	-0.0	0.0
FALDtpp_f	mnl_e	-0.0	-1000.0	0.0	-0.0	Inf
FALDtpp_f	mobd_e	-0.0	-0.00011179147077200469	999.9998882085292	-0.0	0.0
FALDtpp_f	glyald_e	-0.0	-1000.0	0.0	-0.0	Inf
FALDtpp_f	n2o_e	-0.0	-1000.0	0.0	-0.0	Inf
FALDtpp_f	na1_e	-0.0	0.0	1000.0	Inf	0.0
FALDtpp_f	nac_e	-0.0	-1000.0	0.0	-0.0	Inf
FALDtpp_f	ni2_e	-0.0	-0.0002799119770315883	999.999720088023	-0.0	0.0
FALDtpp_f	no_e	-0.0	-1000.0	0.0	-0.0	Inf
FALDtpp_f	no2_e	-0.0	-1000.0	0.0	-0.0	Inf
FALDtpp_f	ura_e	-0.0	-1000.0	0.0	-0.0	Inf
FALDtpp_f	no3_e	-0.0	-1000.0	0.0	-0.0	Inf
FALDtpp_f	urea_e	-0.0	-1000.0	0.0	-0.0	Inf
FALDtpp_f	novbcn_e	-0.0	-1000.0	0.0	-0.0	Inf
FALDtpp_f	uri_e	-0.0	-1000.0	0.0	-0.0	Inf
FALDtpp_f	o2_e	-0.0	-45.976510473658664	954.0234895263413	-0.0	0.0
FALDtpp_f	xan_e	-0.0	0.0	0.0	Inf	Inf
FALDtpp_f	xtsn_e	-0.0	-1000.0	0.0	-0.0	Inf
FALDtpp_f	xyl__D_e	-0.0	-1000.0	0.0	-0.0	Inf
FALDtpp_f	xylu__L_e	-0.0	-1000.0	0.0	-0.0	Inf
FALDtpp_f	pacald_e	-0.0	-1000.0	0.0	-0.0	Inf
FALDtpp_f	12dgr120_p	-0.0	0.0	0.0	Inf	Inf
FALDtpp_f	12dgr140_p	-0.0	0.0	0.0	Inf	Inf
FALDtpp_f	12dgr160_p	-0.0	-0.05530124738629638	0.0	-0.0	Inf
FALDtpp_f	12dgr180_p	-0.0	0.0	0.0	Inf	Inf
FALDtpp_f	12ppd__R_p	-0.0	-1000.0	0.0	-0.0	Inf
FALDtpp_f	12ppd__S_p	-0.0	0.0	0.0	Inf	Inf
FALDtpp_f	chol_p	-0.0	-1000.0	0.0	-0.0	Inf
FALDtpp_f	cl_p	-0.0	-0.0045106558536645025	999.9954893441463	-0.0	0.0
FALDtpp_f	34dhpac_p	-0.0	-1000.0	0.0	-0.0	Inf
FALDtpp_f	cm_p	-0.0	0.0	0.0	Inf	Inf
FALDtpp_f	4hoxpacd_p	-0.0	-1000.0	0.0	-0.0	Inf
FALDtpp_f	co2_p	-0.0	-949.5725538125474	50.427446187452574	-0.0	0.0
FALDtpp_f	5mtr_p	-0.0	-1000.0	0.0	-0.0	Inf
FALDtpp_f	LalaDgluMdap_p	-0.0	0.0	0.0	Inf	Inf
FALDtpp_f	gal_p	-0.0	-1000.0	0.0	-0.0	Inf
FALDtpp_f	ac_p	-0.0	-2.7681474672673403	0.0	-0.0	Inf
FALDtpp_f	crn_p	-0.0	-1000.0	0.0	-0.0	Inf
FALDtpp_f	gal_bD_p	-0.0	-1000.0	0.0	-0.0	Inf
FALDtpp_f	acald_p	-0.0	-1000.0	0.0	-0.0	Inf
FALDtpp_f	acgal_p	-0.0	-1000.0	0.0	-0.0	Inf
FALDtpp_f	csn_p	-0.0	0.0	0.0	Inf	Inf
FALDtpp_f	acgam_p	-0.0	-1000.0	0.0	-0.0	Inf
FALDtpp_f	galt_p	-0.0	-36.98549302237404	0.0	-0.0	Inf
FALDtpp_f	acmana_p	-0.0	-1000.0	0.0	-0.0	Inf
FALDtpp_f	cyan_p	-0.0	0.0	0.0	Inf	Inf
FALDtpp_f	ade_p	-0.0	-1000.0	0.0	-0.0	Inf
FALDtpp_f	adn_p	-0.0	0.0	0.20800000000044747	Inf	0.0
FALDtpp_f	cytd_p	-0.0	0.0	0.0	Inf	Inf
FALDtpp_f	glc__D_p	-0.0	-40.06761744090521	4.228959306255919	-0.0	0.0
FALDtpp_f	dad_2_p	-0.0	-1000.0	0.0	-0.0	Inf
FALDtpp_f	dcyt_p	-0.0	-1000.0	0.0	-0.0	Inf
FALDtpp_f	all__D_p	-0.0	0.0	0.0	Inf	Inf
FALDtpp_f	alltn_p	-0.0	0.0	0.0	Inf	Inf
FALDtpp_f	dha_p	-0.0	-1000.0	0.0	-0.0	Inf
FALDtpp_f	glyald_p	-0.0	-1000.0	0.0	-0.0	Inf
FALDtpp_f	glyb_p	0.0	0.0	0.0	Inf	Inf
FALDtpp_f	dms_p	-0.0	-1000.0	0.0	-0.0	Inf
FALDtpp_f	glyc_p	-0.0	-68.68734418440891	0.0	-0.0	Inf
FALDtpp_f	dmso_p	-0.0	-1000.0	0.0	-0.0	Inf
FALDtpp_f	arab__L_p	-0.0	0.0	0.0	Inf	Inf
FALDtpp_f	arbt_p	0.0	0.0	0.0	Inf	Inf
FALDtpp_f	ca2_p	-0.0	-0.0045106558536645025	999.9954893441463	-0.0	0.0
FALDtpp_f	duri_p	-0.0	-1000.0	0.0	-0.0	Inf
FALDtpp_f	h2_p	-0.0	-1000.0	0.0	-0.0	Inf
FALDtpp_f	h2o2_p	-0.0	-1000.0	0.0	-0.0	Inf
FALDtpp_f	etoh_p	-0.0	-1000.0	0.0	-0.0	Inf
FALDtpp_f	fald_p	-1.0	0.0	0.0	Inf	Inf
FALDtpp_f	n2o_p	-0.0	-1000.0	0.0	-0.0	Inf
FALDtpp_f	na1_p	-0.0	0.0	0.0	Inf	Inf
FALDtpp_f	indole_p	-0.0	0.0	1.0400000000022374	Inf	0.0
FALDtpp_f	nac_p	-0.0	-1000.0	0.0	-0.0	Inf
FALDtpp_f	ni2_p	-0.0	-0.0002799119770315883	999.999720088023	-0.0	0.0
FALDtpp_f	inost_p	-0.0	-1000.0	0.0	-0.0	Inf
FALDtpp_f	no_p	-0.0	-1000.0	0.0	-0.0	Inf
FALDtpp_f	no2_p	-0.0	-1000.0	0.0	-0.0	Inf
FALDtpp_f	for_p	-0.0	0.0	0.00212577114176066	Inf	0.0
FALDtpp_f	fru_p	-0.0	-1000.0	0.0	-0.0	Inf
FALDtpp_f	no3_p	-0.0	0.0	0.0	Inf	Inf
FALDtpp_f	k_p	-0.0	-0.16915436081546886	999.8308456391845	-0.0	0.0
FALDtpp_f	novbcn_p	-0.0	0.0	0.0	Inf	Inf
FALDtpp_f	o2_p	-0.0	-45.976510473658664	954.0234895263413	-0.0	0.0
FALDtpp_f	lipa_cold_p	-0.0	-80.35022681886245	0.0	-0.0	Inf
FALDtpp_f	g3pe_p	-0.0	0.0	0.0	Inf	Inf
FALDtpp_f	g3pi_p	-0.0	0.0	0.0	Inf	Inf
FALDtpp_f	so3_p	-0.0	-1000.0	0.0	-0.0	Inf
FALDtpp_f	so4_p	-0.0	-0.21856532427567832	999.7814346757243	-0.0	0.0
FALDtpp_f	malt_p	0.0	0.0	0.0	Inf	Inf
FALDtpp_f	malthx_p	0.0	0.0	0.0	Inf	Inf
FALDtpp_f	maltpt_p	0.0	0.0	0.0	Inf	Inf
FALDtpp_f	sucr_p	-0.0	-1000.0	0.0	-0.0	Inf
FALDtpp_f	malttr_p	0.0	0.0	0.0	Inf	Inf
FALDtpp_f	maltttr_p	0.0	0.0	0.0	Inf	Inf
FALDtpp_f	pacald_p	-0.0	-1000.0	0.0	-0.0	Inf
FALDtpp_f	man_p	-0.0	-1000.0	0.0	-0.0	Inf
FALDtpp_f	tartr__L_p	-0.0	-1000.0	0.0	-0.0	Inf
FALDtpp_f	pe120_p	-0.0	0.0	0.0	Inf	Inf
FALDtpp_f	melib_p	-0.0	-1000.0	0.0	-0.0	Inf
FALDtpp_f	meoh_p	-0.0	-999.9999982667989	1.7332010884274496e-06	-0.0	0.0
FALDtpp_f	thym_p	-0.0	-1000.0	0.0	-0.0	Inf
FALDtpp_f	thymd_p	-0.0	-0.02267546994562644	0.0	-0.0	Inf
FALDtpp_f	pg120_p	-0.0	0.0	0.0	Inf	Inf
FALDtpp_f	metsox_S__L_p	-0.0	-1000.0	0.0	-0.0	Inf
FALDtpp_f	tmao_p	-0.0	-1000.0	0.0	-0.0	Inf
FALDtpp_f	mg2_p	-0.0	-0.0075177597560696086	999.9924822402439	-0.0	0.0
FALDtpp_f	tre_p	-0.0	0.0	0.0	Inf	Inf
FALDtpp_f	mnl_p	-0.0	0.0	0.0	Inf	Inf
FALDtpp_f	mobd_p	-0.0	-0.00011179147077200469	999.9998882085292	-0.0	0.0
FALDtpp_f	ura_p	-0.0	-1000.0	0.0	-0.0	Inf
FALDtpp_f	urea_p	-0.0	-1000.0	0.0	-0.0	Inf
FALDtpp_f	uri_p	-0.0	0.0	0.0	Inf	Inf
FALDtpp_f	xan_p	-0.0	0.0	0.0	Inf	Inf
FALDtpp_f	xtsn_p	-0.0	0.0	0.0	Inf	Inf
FALDtpp_f	xyl__D_p	-0.0	0.0	0.0	Inf	Inf
FALDtpp_f	xylu__L_p	-0.0	-1000.0	0.0	-0.0	Inf
FALDtpp_f	ppal_p	-0.0	-1000.0	0.0	-0.0	Inf
FALDtpp_f	psclys_p	-0.0	-1000.0	0.0	-0.0	Inf
FALDtpp_f	pydx_p	-0.0	0.0	0.0	Inf	Inf
FALDtpp_f	pydxn_p	-0.0	0.0	0.0	Inf	Inf
FALDtpp_f	rib__D_p	-0.0	-1000.0	0.0	-0.0	Inf
FALDtpp_f	rmn_p	-0.0	-1000.0	0.0	-0.0	Inf
FALDtpp_f	sbt__D_p	-0.0	-36.98549302237404	0.0	-0.0	Inf
FALDtpp_f	slnt_p	-0.0	0.0	0.0	Inf	Inf
FALDtpp_f	so2_p	-0.0	-1000.0	0.0	-0.0	Inf
