Reaction	Metabolite	ShadowPrice	G-	G+	DecrementalShadowPrice	IncrementalShadowPrice
FRULYSK	12dgr120_c	-0.0	0.0	0.0	Inf	Inf
FRULYSK	12dgr140_c	-0.0	0.0	0.0	Inf	Inf
FRULYSK	12dgr160_c	-0.0	-0.05499090410698462	0.0	-0.0	Inf
FRULYSK	12dgr180_c	-0.0	0.0	0.0	Inf	Inf
FRULYSK	12ppd__R_c	-0.0	-1000.0	0.0	-0.0	Inf
FRULYSK	12ppd__S_c	-0.0	0.0	0.0	Inf	Inf
FRULYSK	5drib_c	-0.0	-999.9998061091073	0.0001938908926579049	-0.0	0.0
FRULYSK	5mta_c	-0.0	0.0	0.0	Inf	Inf
FRULYSK	23dhacoa_c	-0.0	-0.0004963606861565495	0.0	-0.0	Inf
FRULYSK	5mtr_c	-0.0	0.0	0.0	Inf	Inf
FRULYSK	3amac_c	-0.0	-7.924570686747571	0.0	-0.0	Inf
FRULYSK	LalaDgluMdap_c	-0.0	-0.023945956111901603	0.0	-0.0	Inf
FRULYSK	ac_c	-0.0	-2.713682748512202	0.5020274696945535	-0.0	0.0
FRULYSK	acald_c	-0.0	0.0	2.463065276874011	Inf	0.0
FRULYSK	acetol_c	-0.0	0.0	0.0	Inf	Inf
FRULYSK	acgam_c	-0.0	-0.08142383406871237	0.0	-0.0	Inf
FRULYSK	acgam6p_c	-0.0	-0.08142383406871237	0.0	-0.0	Inf
FRULYSK	acmalt_c	0.0	0.0	0.0	Inf	Inf
FRULYSK	acmana_c	-0.0	-0.08142383406871237	0.0	-0.0	Inf
FRULYSK	2dmmq8_c	-0.0	0.0	0.0	Inf	Inf
FRULYSK	2dmmql8_c	0.0	0.0	0.0	Inf	Inf
FRULYSK	ade_c	-0.0	-0.0962233104719417	0.0005799492033819336	-0.0	0.0
FRULYSK	adn_c	-0.0	0.0	0.0005799492033819336	Inf	0.0
FRULYSK	3sala_c	0.0	0.0	0.0	Inf	Inf
FRULYSK	adphep_DD_c	-0.0	0.0	0.0	Inf	Inf
FRULYSK	adphep_LD_c	-0.0	0.0	0.0	Inf	Inf
FRULYSK	4ahmmp_c	0.0	0.0	0.0	Inf	Inf
FRULYSK	4crsol_c	-0.0	-999.999807832582	0.0001921674180565013	-0.0	0.0
FRULYSK	2ohph_c	-0.0	-0.0001921674180565013	0.0862189358981442	-0.0	0.0
FRULYSK	2ombzl_c	-0.0	0.0	0.0	Inf	Inf
FRULYSK	2omhmbl_c	-0.0	0.0	0.0	Inf	Inf
FRULYSK	2ommbl_c	0.0	0.0	0.0	Inf	Inf
FRULYSK	2omph_c	-0.0	0.0	0.07756035339943697	Inf	0.0
FRULYSK	4mhetz_c	0.0	0.0	0.0	Inf	Inf
FRULYSK	2oph_c	-0.0	-0.0001921674180565013	0.08630058261774472	-0.0	0.0
FRULYSK	2oxpaccoa_c	-0.0	-0.0004963606861565495	0.0	-0.0	Inf
FRULYSK	all__D_c	-0.0	-0.9045609161707335	0.0	-0.0	Inf
FRULYSK	alltn_c	-0.0	-1.195242999710704	0.0	-0.0	Inf
FRULYSK	4r5au_c	-0.0	-0.00038433483644695555	0.5207623728247909	-0.0	0.0
FRULYSK	56dura_c	0.0	0.0	0.0	Inf	Inf
FRULYSK	arab__L_c	-0.0	-1.0100640893778399	0.0	-0.0	Inf
FRULYSK	etoh_c	-0.0	-1000.0	0.0	-0.0	Inf
FRULYSK	csn_c	-0.0	0.0	0.15589258638441147	Inf	0.0
FRULYSK	fald_c	-0.0	0.0	0.0	Inf	Inf
FRULYSK	fc1p_c	-0.0	-0.8312585141108747	0.0	-0.0	Inf
FRULYSK	fcl__L_c	-0.0	0.0	0.0	Inf	Inf
FRULYSK	aso4_c	0.0	0.0	0.0	Inf	Inf
FRULYSK	cyan_c	0.0	0.0	0.0	Inf	Inf
FRULYSK	athtp_c	0.0	0.0	0.0	Inf	Inf
FRULYSK	cytd_c	-0.0	0.0	0.0	Inf	Inf
FRULYSK	dad_2_c	-0.0	0.0	0.0	Inf	Inf
FRULYSK	dad_5_c	-0.0	-0.0962233104719417	0.0001938908926579049	-0.0	0.0
FRULYSK	betald_c	0.0	0.0	0.0	Inf	Inf
FRULYSK	btal_c	-0.0	-129.8380835365231	0.0	-0.0	Inf
FRULYSK	for_c	-0.0	-7.924570686747571	0.0021138415994883634	-0.0	0.0
FRULYSK	dcyt_c	-0.0	-0.02254821821020414	0.0	-0.0	Inf
FRULYSK	fru_c	-0.0	-0.9045609161707335	0.9395197447869937	-0.0	0.0
FRULYSK	ca2_c	-0.0	-0.004485342650127677	908.8665847556616	-0.0	0.0
FRULYSK	g3pe_c	-0.0	0.0	0.0	Inf	Inf
FRULYSK	g3pi_c	0.0	0.0	0.0	Inf	Inf
FRULYSK	cbm_c	-0.0	-3.9622853433737855	0.0	-0.0	Inf
FRULYSK	dha_c	-0.0	-2.713682748512202	1.8986128175903831	-0.0	0.0
FRULYSK	gal_c	-0.0	0.0	0.0	Inf	Inf
FRULYSK	dhgly_c	-0.0	-0.0001921674180565013	0.33282930813881617	-0.0	0.0
FRULYSK	dhmptp_c	0.0	0.0	0.0	Inf	Inf
FRULYSK	gcald_c	-0.0	-1.195242999710704	0.0005765022540344944	-0.0	0.0
FRULYSK	dhptd_c	-0.0	-41.00698916928911	0.00038605831072402875	-0.0	0.0
FRULYSK	cechddd_c	-0.0	0.0	0.0	Inf	Inf
FRULYSK	dhptdn_c	0.0	0.0	0.0	Inf	Inf
FRULYSK	chol_c	0.0	0.0	0.0	Inf	Inf
FRULYSK	chtbs6p_c	-0.0	0.0	0.0	Inf	Inf
FRULYSK	dmbzid_c	0.0	0.0	0.0	Inf	Inf
FRULYSK	dms_c	0.0	0.0	0.0	Inf	Inf
FRULYSK	dmso_c	0.0	0.0	0.0	Inf	Inf
FRULYSK	cl_c	-0.0	-0.004485342650127677	999.9955146573499	-0.0	0.0
FRULYSK	glc__D_c	-0.0	-0.9045609161707335	0.9395197447869937	-0.0	0.0
FRULYSK	co2_c	-0.0	-976.8729253498302	23.124960808570336	-0.0	0.0
FRULYSK	dscl_c	-0.0	-0.0001921674180565013	0.09630086580666253	-0.0	0.0
FRULYSK	dtdp4aaddg_c	-0.0	0.0	0.0	Inf	Inf
FRULYSK	glyald_c	-0.0	-1000.0	0.0	-0.0	Inf
FRULYSK	crn_c	-0.0	-908.8665847556616	0.0	-0.0	Inf
FRULYSK	duri_c	-0.0	-0.02254821821020414	0.0	-0.0	Inf
FRULYSK	glyb_c	0.0	0.0	0.0	Inf	Inf
FRULYSK	glyc_c	-0.0	-0.11980561344196977	0.0	-0.0	Inf
FRULYSK	dxyl_c	0.0	0.0	0.0	Inf	Inf
FRULYSK	glycogen_c	-0.0	-0.9045609161707335	0.0	-0.0	Inf
FRULYSK	gmhep1p_c	-0.0	0.0	0.7469952069208066	Inf	0.0
FRULYSK	lipa_cold_c	-0.0	0.0	0.0	Inf	Inf
FRULYSK	lipidA_c	-0.0	-0.016765960922441536	0.06445078871593944	-0.0	0.0
FRULYSK	malt_c	0.0	0.0	0.0	Inf	Inf
FRULYSK	h2_c	-0.0	0.0	0.0	Inf	Inf
FRULYSK	malthx_c	-0.0	0.0	0.0	Inf	Inf
FRULYSK	maltpt_c	-0.0	0.0	0.0	Inf	Inf
FRULYSK	malttr_c	-0.0	0.0	0.0	Inf	Inf
FRULYSK	maltttr_c	-0.0	0.0	0.0	Inf	Inf
FRULYSK	h2o2_c	-0.0	-42.573052285130416	0.0021552049898900805	-0.0	0.0
FRULYSK	man_c	-0.0	0.0	0.0	Inf	Inf
FRULYSK	mdhdhf_c	-0.0	-41.00698916928911	0.00038605831072402875	-0.0	0.0
FRULYSK	melib_c	-0.0	0.0	0.0	Inf	Inf
FRULYSK	meoh_c	-0.0	-999.9999982765254	1.7234746110261767e-06	-0.0	0.0
FRULYSK	pacald_c	-0.0	-908.8665847556616	0.0	-0.0	Inf
FRULYSK	metsox_S__L_c	-0.0	-0.09622331047194166	0.0	-0.0	Inf
FRULYSK	mg2_c	-0.0	-0.007475571083546129	454.4332923778308	-0.0	0.0
FRULYSK	hhlipa_c	-0.0	0.0	0.0	Inf	Inf
FRULYSK	pe120_c	-0.0	0.0	0.0	Inf	Inf
FRULYSK	mobd_c	-0.0	-0.00011116411178591079	22.783353811084584	-0.0	0.0
FRULYSK	hlipa_c	-0.0	0.0	0.0	Inf	Inf
FRULYSK	pg120_c	-0.0	-0.059902806720984886	0.0	-0.0	Inf
FRULYSK	mql8_c	0.0	0.0	0.0	Inf	Inf
FRULYSK	mqn8_c	-0.0	0.0	0.0	Inf	Inf
FRULYSK	mthgxl_c	-0.0	0.0	0.0	Inf	Inf
FRULYSK	hqn_c	0.0	0.0	0.0	Inf	Inf
FRULYSK	mththf_c	-0.0	-999.9996139416893	0.00038605831072402875	-0.0	0.0
FRULYSK	n2o_c	-0.0	-1000.0	0.0	-0.0	Inf
FRULYSK	na1_c	-0.0	-91.13341524433834	0.0	-0.0	Inf
FRULYSK	nac_c	-0.0	0.0	0.0	Inf	Inf
FRULYSK	ncam_c	-0.0	0.0	0.0	Inf	Inf
FRULYSK	ni2_c	-0.0	-0.0002783411481266812	999.9997216588519	-0.0	0.0
FRULYSK	no_c	-0.0	-1000.0	0.0	-0.0	Inf
FRULYSK	indole_c	-0.0	-0.04898373338379238	0.45164872500727893	-0.0	0.0
FRULYSK	no2_c	-0.0	-908.8665847556616	0.0	-0.0	Inf
FRULYSK	no3_c	0.0	0.0	0.0	Inf	Inf
FRULYSK	inost_c	0.0	0.0	0.0	Inf	Inf
FRULYSK	o2_c	-0.0	-21.286526142565208	978.7134738574348	-0.0	0.0
FRULYSK	poaac_c	-0.0	-6.509529660309876	0.0	-0.0	Inf
FRULYSK	ppal_c	-0.0	0.0	0.0	Inf	Inf
FRULYSK	k_c	-0.0	-0.16820508893588634	91.13341524433834	-0.0	0.0
FRULYSK	psclys_c	-1.0	-0.27136827485122006	0.0	-0.9999999999989779	Inf
FRULYSK	lald__D_c	-0.0	0.0	0.0	Inf	Inf
FRULYSK	lald__L_c	-0.0	-2.713682748512202	0.0	-0.0	Inf
FRULYSK	ura_c	-0.0	0.0	0.0	Inf	Inf
FRULYSK	pydx_c	-0.0	0.0	0.5748869867852285	Inf	0.0
FRULYSK	uracp_c	-0.0	-4.653736459559127	0.0	-0.0	Inf
FRULYSK	pydxn_c	-0.0	0.0	0.5748869867852285	Inf	0.0
FRULYSK	urate_c	-0.0	-1.195242999710704	0.0	-0.0	Inf
FRULYSK	q8_c	-0.0	0.0	0.0	Inf	Inf
FRULYSK	q8h2_c	0.0	0.0	0.0	Inf	Inf
FRULYSK	urea_c	-0.0	-1000.0	0.0	-0.0	Inf
FRULYSK	uri_c	-0.0	0.0	0.0	Inf	Inf
FRULYSK	rbflvrd_c	-0.0	0.0	0.2656950881759137	Inf	0.0
FRULYSK	rbl__L_c	-0.0	-1.0100640893778399	0.0	-0.0	Inf
FRULYSK	rdmbzi_c	0.0	0.0	0.0	Inf	Inf
FRULYSK	thptdn_c	0.0	0.0	0.0	Inf	Inf
FRULYSK	xan_c	-0.0	0.0	0.0	Inf	Inf
FRULYSK	rephaccoa_c	-0.0	-0.0004963606861565495	0.0	-0.0	Inf
FRULYSK	rib__D_c	-0.0	0.0	1.072157826403981	Inf	0.0
FRULYSK	xtsn_c	-0.0	0.0	0.0	Inf	Inf
FRULYSK	rml_c	-0.0	-0.9045609161707335	0.0	-0.0	Inf
FRULYSK	thym_c	-0.0	-91.13341524433834	0.0	-0.0	Inf
FRULYSK	thymd_c	-0.0	-0.02254821821020414	0.0	-0.0	Inf
FRULYSK	xu5p__L_c	-0.0	-0.831258514110874	0.0	-0.0	Inf
FRULYSK	rmn_c	-0.0	-0.9045609161707335	0.0	-0.0	Inf
FRULYSK	xyl__D_c	0.0	0.0	0.0	Inf	Inf
FRULYSK	tmao_c	0.0	0.0	0.0	Inf	Inf
FRULYSK	xylu__D_c	-0.0	0.0	0.0	Inf	Inf
FRULYSK	xylu__L_c	-0.0	-1.0100640893778399	0.0	-0.0	Inf
FRULYSK	12ppd__R_e	-0.0	-1000.0	0.0	-0.0	Inf
FRULYSK	12ppd__S_e	-0.0	-1000.0	0.0	-0.0	Inf
FRULYSK	tre_c	-0.0	-0.45228045808536677	0.0	-0.0	Inf
FRULYSK	seln_c	0.0	0.0	0.0	Inf	Inf
FRULYSK	34dhpac_e	-0.0	-1000.0	0.0	-0.0	Inf
FRULYSK	slnt_c	0.0	0.0	0.0	Inf	Inf
FRULYSK	so2_c	0.0	0.0	0.0	Inf	Inf
FRULYSK	so3_c	-0.0	-0.21360054820049967	4.339686440206586	-0.0	0.0
FRULYSK	so4_c	-0.0	-0.2173387646109441	91.13341524433834	-0.0	0.0
FRULYSK	4hoxpacd_e	-0.0	-1000.0	0.0	-0.0	Inf
FRULYSK	5mtr_e	-0.0	0.0	0.0	Inf	Inf
FRULYSK	LalaDgluMdap_e	-0.0	-1000.0	0.0	-0.0	Inf
FRULYSK	ac_e	-0.0	0.0	0.0	Inf	Inf
FRULYSK	acald_e	-0.0	-1000.0	0.0	-0.0	Inf
FRULYSK	acgal_e	-0.0	-1000.0	0.0	-0.0	Inf
FRULYSK	acgam_e	-0.0	-1000.0	0.0	-0.0	Inf
FRULYSK	acmana_e	-0.0	-1000.0	0.0	-0.0	Inf
FRULYSK	tagur_c	-0.0	0.0	0.0	Inf	Inf
FRULYSK	tartr__L_c	-0.0	-1.195242999710705	0.0	-0.0	Inf
FRULYSK	ade_e	-0.0	-1000.0	0.0	-0.0	Inf
FRULYSK	adn_e	-0.0	-1000.0	0.0	-0.0	Inf
FRULYSK	all__D_e	-0.0	-1000.0	0.0	-0.0	Inf
FRULYSK	cl_e	-0.0	-0.004485342650127677	999.9955146573499	-0.0	0.0
FRULYSK	alltn_e	-0.0	0.0	0.0	Inf	Inf
FRULYSK	cm_e	-0.0	-1000.0	0.0	-0.0	Inf
FRULYSK	co2_e	-0.0	-976.8729253498302	23.12707465016979	-0.0	0.0
FRULYSK	arab__L_e	-0.0	-1000.0	0.0	-0.0	Inf
FRULYSK	arbt_e	-0.0	-1000.0	0.0	-0.0	Inf
FRULYSK	unagamu_c	-0.0	0.0	0.05906248557636967	Inf	0.0
FRULYSK	crn_e	-0.0	-1000.0	0.0	-0.0	Inf
FRULYSK	csn_e	-0.0	-1000.0	0.0	-0.0	Inf
FRULYSK	cyan_e	-0.0	-1000.0	0.0	-0.0	Inf
FRULYSK	glyb_e	-0.0	-1000.0	0.0	-0.0	Inf
FRULYSK	glyc_e	-0.0	-1000.0	0.0	-0.0	Inf
FRULYSK	cytd_e	-0.0	-1000.0	0.0	-0.0	Inf
FRULYSK	ca2_e	-0.0	-0.004485342650127677	999.9955146573499	-0.0	0.0
FRULYSK	dad_2_e	-0.0	-1000.0	0.0	-0.0	Inf
FRULYSK	dcyt_e	-0.0	-1000.0	0.0	-0.0	Inf
FRULYSK	chol_e	-0.0	-1000.0	0.0	-0.0	Inf
FRULYSK	dha_e	-0.0	-1000.0	0.0	-0.0	Inf
FRULYSK	ppal_e	-0.0	-1000.0	0.0	-0.0	Inf
FRULYSK	h2_e	-0.0	-1000.0	0.0	-0.0	Inf
FRULYSK	dms_e	-0.0	-1000.0	0.0	-0.0	Inf
FRULYSK	dmso_e	-0.0	-1000.0	0.0	-0.0	Inf
FRULYSK	h2o2_e	-0.0	-1000.0	0.0	-0.0	Inf
FRULYSK	psclys_e	-1.0	0.0	0.0	Inf	Inf
FRULYSK	duri_e	-0.0	-1000.0	0.0	-0.0	Inf
FRULYSK	pydx_e	-0.0	-1000.0	0.0	-0.0	Inf
FRULYSK	pydxn_e	-0.0	-1000.0	0.0	-0.0	Inf
FRULYSK	etoh_e	-0.0	-1000.0	0.0	-0.0	Inf
FRULYSK	fald_e	-0.0	0.0	0.0	Inf	Inf
FRULYSK	rib__D_e	-0.0	-1000.0	0.0	-0.0	Inf
FRULYSK	rmn_e	-0.0	-1000.0	0.0	-0.0	Inf
FRULYSK	indole_e	-0.0	-1000.0	0.0	-0.0	Inf
FRULYSK	inost_e	-0.0	-1000.0	0.0	-0.0	Inf
FRULYSK	sbt__D_e	-0.0	-1.356841374256101	0.0	-0.0	Inf
FRULYSK	k_e	-0.0	-0.16820508893590613	999.8317949110641	-0.0	0.0
FRULYSK	for_e	-0.0	0.0	0.0021138415994883634	Inf	0.0
FRULYSK	slnt_e	-0.0	-1000.0	0.0	-0.0	Inf
FRULYSK	fru_e	-0.0	-1000.0	0.0	-0.0	Inf
FRULYSK	so2_e	-0.0	-1000.0	0.0	-0.0	Inf
FRULYSK	so3_e	-0.0	-1000.0	0.0	-0.0	Inf
FRULYSK	so4_e	-0.0	-0.2173387646109441	999.782661235389	-0.0	0.0
FRULYSK	lipa_cold_e	-0.0	-1000.0	0.0	-0.0	Inf
FRULYSK	sucr_e	-0.0	-0.5427365497024405	0.472193861369629	-0.0	0.0
FRULYSK	g3pe_e	-0.0	-1000.0	0.0	-0.0	Inf
FRULYSK	malt_e	-0.0	-1000.0	0.0	-0.0	Inf
FRULYSK	tartr__L_e	-0.0	-1000.0	0.0	-0.0	Inf
FRULYSK	g3pi_e	-0.0	-1000.0	0.0	-0.0	Inf
FRULYSK	malthx_e	-0.0	-1000.0	0.0	-0.0	Inf
FRULYSK	maltpt_e	-0.0	-1000.0	0.0	-0.0	Inf
FRULYSK	gal_e	-0.0	-1000.0	0.0	-0.0	Inf
FRULYSK	gal_bD_e	-0.0	-1000.0	0.0	-0.0	Inf
FRULYSK	malttr_e	-0.0	-1000.0	0.0	-0.0	Inf
FRULYSK	maltttr_e	-0.0	-1000.0	0.0	-0.0	Inf
FRULYSK	man_e	-0.0	-1000.0	0.0	-0.0	Inf
FRULYSK	thym_e	-0.0	-1000.0	0.0	-0.0	Inf
FRULYSK	thymd_e	-0.0	-1000.0	0.0	-0.0	Inf
FRULYSK	galt_e	-0.0	-0.9045609161707335	0.0	-0.0	Inf
FRULYSK	melib_e	-0.0	-1000.0	0.0	-0.0	Inf
FRULYSK	meoh_e	-0.0	-999.9999982765254	1.7234746110261767e-06	-0.0	0.0
FRULYSK	tmao_e	-0.0	-1000.0	0.0	-0.0	Inf
FRULYSK	tre_e	-0.0	-1000.0	0.0	-0.0	Inf
FRULYSK	metsox_S__L_e	-0.0	-1000.0	0.0	-0.0	Inf
FRULYSK	glc__D_e	-0.0	-1000.0	0.0	-0.0	Inf
FRULYSK	mg2_e	-0.0	-0.007475571083546129	999.9925244289165	-0.0	0.0
FRULYSK	mnl_e	-0.0	-1000.0	0.0	-0.0	Inf
FRULYSK	mobd_e	-0.0	-0.00011116411178591079	999.9998888358882	-0.0	0.0
FRULYSK	glyald_e	-0.0	-1000.0	0.0	-0.0	Inf
FRULYSK	n2o_e	-0.0	-1000.0	0.0	-0.0	Inf
FRULYSK	na1_e	-0.0	-1000.0	0.0	-0.0	Inf
FRULYSK	nac_e	-0.0	-1000.0	0.0	-0.0	Inf
FRULYSK	ni2_e	-0.0	-0.00027834114814595523	999.9997216588519	-0.0	0.0
FRULYSK	no_e	-0.0	-1000.0	0.0	-0.0	Inf
FRULYSK	no2_e	-0.0	-1000.0	0.0	-0.0	Inf
FRULYSK	ura_e	-0.0	-1000.0	0.0	-0.0	Inf
FRULYSK	no3_e	-0.0	-1000.0	0.0	-0.0	Inf
FRULYSK	urea_e	-0.0	-1000.0	0.0	-0.0	Inf
FRULYSK	novbcn_e	-0.0	-1000.0	0.0	-0.0	Inf
FRULYSK	uri_e	-0.0	-1000.0	0.0	-0.0	Inf
FRULYSK	o2_e	-0.0	-21.286526142565208	978.7134738574348	-0.0	0.0
FRULYSK	xan_e	-0.0	0.0	0.0	Inf	Inf
FRULYSK	xtsn_e	-0.0	-1000.0	0.0	-0.0	Inf
FRULYSK	xyl__D_e	-0.0	-1000.0	0.0	-0.0	Inf
FRULYSK	xylu__L_e	-0.0	-1000.0	0.0	-0.0	Inf
FRULYSK	pacald_e	-0.0	-1000.0	0.0	-0.0	Inf
FRULYSK	12dgr120_p	-0.0	0.0	0.0	Inf	Inf
FRULYSK	12dgr140_p	-0.0	0.0	0.0	Inf	Inf
FRULYSK	12dgr160_p	-0.0	-0.05499090410698462	0.0	-0.0	Inf
FRULYSK	12dgr180_p	-0.0	0.0	0.0	Inf	Inf
FRULYSK	12ppd__R_p	-0.0	-1000.0	0.0	-0.0	Inf
FRULYSK	12ppd__S_p	-0.0	0.0	0.0	Inf	Inf
FRULYSK	chol_p	-0.0	-1000.0	0.0	-0.0	Inf
FRULYSK	cl_p	-0.0	-0.004485342650127677	999.9955146573499	-0.0	0.0
FRULYSK	34dhpac_p	-0.0	-1000.0	0.0	-0.0	Inf
FRULYSK	cm_p	-0.0	0.0	0.0	Inf	Inf
FRULYSK	4hoxpacd_p	-0.0	-1000.0	0.0	-0.0	Inf
FRULYSK	co2_p	-0.0	-976.8729253498302	23.12707465016979	-0.0	0.0
FRULYSK	5mtr_p	-0.0	0.0	0.0	Inf	Inf
FRULYSK	LalaDgluMdap_p	-0.0	-0.023945956111901603	0.0	-0.0	Inf
FRULYSK	gal_p	-0.0	-1000.0	0.0	-0.0	Inf
FRULYSK	ac_p	-0.0	-2.713682748512202	0.0	-0.0	Inf
FRULYSK	crn_p	-0.0	-1000.0	0.0	-0.0	Inf
FRULYSK	gal_bD_p	-0.0	-1000.0	0.0	-0.0	Inf
FRULYSK	acald_p	-0.0	-1000.0	0.0	-0.0	Inf
FRULYSK	acgal_p	-0.0	-1000.0	0.0	-0.0	Inf
FRULYSK	csn_p	-0.0	0.0	0.0	Inf	Inf
FRULYSK	acgam_p	-0.0	-1000.0	0.0	-0.0	Inf
FRULYSK	galt_p	-0.0	-0.9045609161707335	0.0	-0.0	Inf
FRULYSK	acmana_p	-0.0	-1000.0	0.0	-0.0	Inf
FRULYSK	cyan_p	-0.0	0.0	0.0	Inf	Inf
FRULYSK	ade_p	-0.0	-1000.0	0.0	-0.0	Inf
FRULYSK	adn_p	-0.0	0.0	0.0005799492033819336	Inf	0.0
FRULYSK	cytd_p	-0.0	0.0	0.0	Inf	Inf
FRULYSK	glc__D_p	-0.0	-1000.0	0.0	-0.0	Inf
FRULYSK	dad_2_p	-0.0	-1000.0	0.0	-0.0	Inf
FRULYSK	dcyt_p	-0.0	-1000.0	0.0	-0.0	Inf
FRULYSK	all__D_p	-0.0	0.0	0.0	Inf	Inf
FRULYSK	alltn_p	-0.0	0.0	0.0	Inf	Inf
FRULYSK	dha_p	-0.0	-1000.0	0.0	-0.0	Inf
FRULYSK	glyald_p	-0.0	-1000.0	0.0	-0.0	Inf
FRULYSK	glyb_p	0.0	0.0	0.0	Inf	Inf
FRULYSK	dms_p	-0.0	-1000.0	0.0	-0.0	Inf
FRULYSK	glyc_p	-0.0	-0.11980561344196977	0.0	-0.0	Inf
FRULYSK	dmso_p	-0.0	-1000.0	0.0	-0.0	Inf
FRULYSK	arab__L_p	-0.0	0.0	0.0	Inf	Inf
FRULYSK	arbt_p	0.0	0.0	0.0	Inf	Inf
FRULYSK	ca2_p	-0.0	-0.004485342650127677	999.9955146573499	-0.0	0.0
FRULYSK	duri_p	-0.0	-1000.0	0.0	-0.0	Inf
FRULYSK	h2_p	-0.0	-1000.0	0.0	-0.0	Inf
FRULYSK	h2o2_p	-0.0	-1000.0	0.0	-0.0	Inf
FRULYSK	etoh_p	-0.0	-1000.0	0.0	-0.0	Inf
FRULYSK	fald_p	-0.0	0.0	0.0	Inf	Inf
FRULYSK	n2o_p	-0.0	-1000.0	0.0	-0.0	Inf
FRULYSK	na1_p	-0.0	-1000.0	0.0	-0.0	Inf
FRULYSK	indole_p	-0.0	0.0	0.45164872500727893	Inf	0.0
FRULYSK	nac_p	-0.0	-1000.0	0.0	-0.0	Inf
FRULYSK	ni2_p	-0.0	-0.00027834114814595523	999.9997216588519	-0.0	0.0
FRULYSK	inost_p	-0.0	-1000.0	0.0	-0.0	Inf
FRULYSK	no_p	-0.0	-1000.0	0.0	-0.0	Inf
FRULYSK	no2_p	-0.0	-1000.0	0.0	-0.0	Inf
FRULYSK	for_p	-0.0	-7.924570686747571	0.0021138415994883634	-0.0	0.0
FRULYSK	fru_p	-0.0	-1000.0	0.0	-0.0	Inf
FRULYSK	no3_p	-0.0	0.0	0.0	Inf	Inf
FRULYSK	k_p	-0.0	-0.16820508893590613	999.8317949110641	-0.0	0.0
FRULYSK	novbcn_p	-0.0	0.0	0.0	Inf	Inf
FRULYSK	o2_p	-0.0	-21.286526142565208	978.7134738574348	-0.0	0.0
FRULYSK	lipa_cold_p	-0.0	-22.783353811084584	0.0	-0.0	Inf
FRULYSK	g3pe_p	-0.0	0.0	0.0	Inf	Inf
FRULYSK	g3pi_p	-0.0	0.0	0.0	Inf	Inf
FRULYSK	so3_p	-0.0	-1000.0	0.0	-0.0	Inf
FRULYSK	so4_p	-0.0	-0.2173387646109441	999.782661235389	-0.0	0.0
FRULYSK	malt_p	0.0	0.0	0.0	Inf	Inf
FRULYSK	malthx_p	0.0	0.0	0.0	Inf	Inf
FRULYSK	maltpt_p	0.0	0.0	0.0	Inf	Inf
FRULYSK	sucr_p	-0.0	-0.5427365497024405	0.472193861369629	-0.0	0.0
FRULYSK	malttr_p	0.0	0.0	0.0	Inf	Inf
FRULYSK	maltttr_p	0.0	0.0	0.0	Inf	Inf
FRULYSK	pacald_p	-0.0	-1000.0	0.0	-0.0	Inf
FRULYSK	man_p	-0.0	-1000.0	0.0	-0.0	Inf
FRULYSK	tartr__L_p	-0.0	-1000.0	0.0	-0.0	Inf
FRULYSK	pe120_p	-0.0	0.0	0.0	Inf	Inf
FRULYSK	melib_p	-0.0	-1000.0	0.0	-0.0	Inf
FRULYSK	meoh_p	-0.0	-999.9999982765254	1.7234746110261767e-06	-0.0	0.0
FRULYSK	thym_p	-0.0	-1000.0	0.0	-0.0	Inf
FRULYSK	thymd_p	-0.0	-0.02254821821020414	0.0	-0.0	Inf
FRULYSK	pg120_p	-0.0	-0.059902806720984886	0.0	-0.0	Inf
FRULYSK	metsox_S__L_p	-0.0	-1000.0	0.0	-0.0	Inf
FRULYSK	tmao_p	-0.0	-1000.0	0.0	-0.0	Inf
FRULYSK	mg2_p	-0.0	-0.007475571083546129	999.9925244289165	-0.0	0.0
FRULYSK	tre_p	-0.0	0.0	0.0	Inf	Inf
FRULYSK	mnl_p	-0.0	0.0	0.0	Inf	Inf
FRULYSK	mobd_p	-0.0	-0.00011116411178591079	999.9998888358882	-0.0	0.0
FRULYSK	ura_p	-0.0	-1000.0	0.0	-0.0	Inf
FRULYSK	urea_p	-0.0	-1000.0	0.0	-0.0	Inf
FRULYSK	uri_p	-0.0	0.0	0.0	Inf	Inf
FRULYSK	xan_p	-0.0	0.0	0.0	Inf	Inf
FRULYSK	xtsn_p	-0.0	0.0	0.0	Inf	Inf
FRULYSK	xyl__D_p	-0.0	-1000.0	0.0	-0.0	Inf
FRULYSK	xylu__L_p	-0.0	0.0	0.0	Inf	Inf
FRULYSK	ppal_p	-0.0	0.0	0.0	Inf	Inf
FRULYSK	psclys_p	-1.0	-0.27136827485122006	0.0	-0.9999999999989779	Inf
FRULYSK	pydx_p	-0.0	0.0	0.0	Inf	Inf
FRULYSK	pydxn_p	-0.0	0.0	0.0	Inf	Inf
FRULYSK	rib__D_p	-0.0	-1000.0	0.0	-0.0	Inf
FRULYSK	rmn_p	-0.0	-1000.0	0.0	-0.0	Inf
FRULYSK	sbt__D_p	-0.0	-1.356841374256101	0.0	-0.0	Inf
FRULYSK	slnt_p	-0.0	-1000.0	0.0	-0.0	Inf
FRULYSK	so2_p	-0.0	-1000.0	0.0	-0.0	Inf
