Reaction	Metabolite	ShadowPrice	G-	G+	DecrementalShadowPrice	IncrementalShadowPrice
FRUURt2rpp_f	12dgr120_c	-0.0	0.0	0.0	Inf	Inf
FRUURt2rpp_f	12dgr140_c	-0.0	0.0	0.0	Inf	Inf
FRUURt2rpp_f	12dgr160_c	-0.0	-0.05499090410698462	0.0	-0.0	Inf
FRUURt2rpp_f	12dgr180_c	-0.0	0.0	0.0	Inf	Inf
FRUURt2rpp_f	12ppd__R_c	-0.0	-1000.0	0.0	-0.0	Inf
FRUURt2rpp_f	12ppd__S_c	-0.0	0.0	0.0	Inf	Inf
FRUURt2rpp_f	5drib_c	-0.0	-999.9998061091073	0.0001938908926579049	-0.0	0.0
FRUURt2rpp_f	5mta_c	-0.0	0.0	0.0	Inf	Inf
FRUURt2rpp_f	23dhacoa_c	-0.0	-0.0004963606861565495	0.0	-0.0	Inf
FRUURt2rpp_f	5mtr_c	-0.0	0.0	0.0	Inf	Inf
FRUURt2rpp_f	3amac_c	-0.0	-7.924570686747571	0.0	-0.0	Inf
FRUURt2rpp_f	LalaDgluMdap_c	-0.0	-0.023945956111901603	0.0	-0.0	Inf
FRUURt2rpp_f	ac_c	-0.0	-2.713682748512202	0.5020274696945535	-0.0	0.0
FRUURt2rpp_f	acald_c	-0.0	0.0	2.463065276874011	Inf	0.0
FRUURt2rpp_f	acetol_c	-0.0	0.0	0.0	Inf	Inf
FRUURt2rpp_f	acgam_c	-0.0	-0.08142383406871237	0.0	-0.0	Inf
FRUURt2rpp_f	acgam6p_c	-0.0	-0.08142383406871237	0.0	-0.0	Inf
FRUURt2rpp_f	acmalt_c	0.0	0.0	0.0	Inf	Inf
FRUURt2rpp_f	acmana_c	-0.0	-0.08142383406871237	0.0	-0.0	Inf
FRUURt2rpp_f	2dmmq8_c	-0.0	0.0	0.0	Inf	Inf
FRUURt2rpp_f	2dmmql8_c	0.0	0.0	0.0	Inf	Inf
FRUURt2rpp_f	ade_c	-0.0	-0.0962233104719417	0.0005799492033819336	-0.0	0.0
FRUURt2rpp_f	adn_c	-0.0	0.0	0.0005799492033819336	Inf	0.0
FRUURt2rpp_f	3sala_c	0.0	0.0	0.0	Inf	Inf
FRUURt2rpp_f	adphep_DD_c	-0.0	0.0	0.0	Inf	Inf
FRUURt2rpp_f	adphep_LD_c	-0.0	0.0	0.0	Inf	Inf
FRUURt2rpp_f	4ahmmp_c	0.0	0.0	0.0	Inf	Inf
FRUURt2rpp_f	4crsol_c	-0.0	-999.999807832582	0.0001921674180565013	-0.0	0.0
FRUURt2rpp_f	2ohph_c	-0.0	-0.0001921674180565013	0.0862189358981442	-0.0	0.0
FRUURt2rpp_f	2ombzl_c	-0.0	0.0	0.0	Inf	Inf
FRUURt2rpp_f	2omhmbl_c	-0.0	0.0	0.0	Inf	Inf
FRUURt2rpp_f	2ommbl_c	0.0	0.0	0.0	Inf	Inf
FRUURt2rpp_f	2omph_c	-0.0	0.0	0.07756035339943697	Inf	0.0
FRUURt2rpp_f	4mhetz_c	0.0	0.0	0.0	Inf	Inf
FRUURt2rpp_f	2oph_c	-0.0	-0.0001921674180565013	0.08630058261774472	-0.0	0.0
FRUURt2rpp_f	2oxpaccoa_c	-0.0	-0.0004963606861565495	0.0	-0.0	Inf
FRUURt2rpp_f	all__D_c	-0.0	-0.9045609161707335	0.0	-0.0	Inf
FRUURt2rpp_f	alltn_c	-0.0	-1.195242999710704	0.0	-0.0	Inf
FRUURt2rpp_f	4r5au_c	-0.0	-0.00038433483644695555	0.5207623728247909	-0.0	0.0
FRUURt2rpp_f	56dura_c	0.0	0.0	0.0	Inf	Inf
FRUURt2rpp_f	arab__L_c	-0.0	-1.0100640893778399	0.0	-0.0	Inf
FRUURt2rpp_f	etoh_c	-0.0	-1000.0	0.0	-0.0	Inf
FRUURt2rpp_f	csn_c	-0.0	0.0	0.15589258638441147	Inf	0.0
FRUURt2rpp_f	fald_c	-0.0	0.0	0.0	Inf	Inf
FRUURt2rpp_f	fc1p_c	-0.0	-0.8312585141108747	0.0	-0.0	Inf
FRUURt2rpp_f	fcl__L_c	-0.0	0.0	0.0	Inf	Inf
FRUURt2rpp_f	aso4_c	0.0	0.0	0.0	Inf	Inf
FRUURt2rpp_f	cyan_c	0.0	0.0	0.0	Inf	Inf
FRUURt2rpp_f	athtp_c	0.0	0.0	0.0	Inf	Inf
FRUURt2rpp_f	cytd_c	-0.0	0.0	0.0	Inf	Inf
FRUURt2rpp_f	dad_2_c	-0.0	0.0	0.0	Inf	Inf
FRUURt2rpp_f	dad_5_c	-0.0	-0.0962233104719417	0.0001938908926579049	-0.0	0.0
FRUURt2rpp_f	betald_c	0.0	0.0	0.0	Inf	Inf
FRUURt2rpp_f	btal_c	-0.0	-129.8380835365231	0.0	-0.0	Inf
FRUURt2rpp_f	for_c	-0.0	-7.924570686747571	0.0021138415994883634	-0.0	0.0
FRUURt2rpp_f	dcyt_c	-0.0	-0.02254821821020414	0.0	-0.0	Inf
FRUURt2rpp_f	fru_c	-0.0	-0.9045609161707335	0.9395197447869937	-0.0	0.0
FRUURt2rpp_f	ca2_c	-0.0	-0.004485342650127677	908.8665847556616	-0.0	0.0
FRUURt2rpp_f	g3pe_c	-0.0	0.0	0.0	Inf	Inf
FRUURt2rpp_f	g3pi_c	0.0	0.0	0.0	Inf	Inf
FRUURt2rpp_f	cbm_c	-0.0	-3.9622853433737855	0.0	-0.0	Inf
FRUURt2rpp_f	dha_c	-0.0	-2.713682748512202	1.8986128175903831	-0.0	0.0
FRUURt2rpp_f	gal_c	-0.0	0.0	0.0	Inf	Inf
FRUURt2rpp_f	dhgly_c	-0.0	-0.0001921674180565013	0.33282930813881617	-0.0	0.0
FRUURt2rpp_f	dhmptp_c	0.0	0.0	0.0	Inf	Inf
FRUURt2rpp_f	gcald_c	-0.0	-1.195242999710704	0.0005765022540344944	-0.0	0.0
FRUURt2rpp_f	dhptd_c	-0.0	-41.00698916928911	0.00038605831072402875	-0.0	0.0
FRUURt2rpp_f	cechddd_c	-0.0	0.0	0.0	Inf	Inf
FRUURt2rpp_f	dhptdn_c	0.0	0.0	0.0	Inf	Inf
FRUURt2rpp_f	chol_c	0.0	0.0	0.0	Inf	Inf
FRUURt2rpp_f	chtbs6p_c	-0.0	0.0	0.0	Inf	Inf
FRUURt2rpp_f	dmbzid_c	0.0	0.0	0.0	Inf	Inf
FRUURt2rpp_f	dms_c	0.0	0.0	0.0	Inf	Inf
FRUURt2rpp_f	dmso_c	0.0	0.0	0.0	Inf	Inf
FRUURt2rpp_f	cl_c	-0.0	-0.004485342650127677	999.9955146573499	-0.0	0.0
FRUURt2rpp_f	glc__D_c	-0.0	-0.9045609161707335	0.9395197447869937	-0.0	0.0
FRUURt2rpp_f	co2_c	-0.0	-976.8729253498302	23.124960808570336	-0.0	0.0
FRUURt2rpp_f	dscl_c	-0.0	-0.0001921674180565013	0.09630086580666253	-0.0	0.0
FRUURt2rpp_f	dtdp4aaddg_c	-0.0	0.0	0.0	Inf	Inf
FRUURt2rpp_f	glyald_c	-0.0	-1000.0	0.0	-0.0	Inf
FRUURt2rpp_f	crn_c	-0.0	-908.8665847556616	0.0	-0.0	Inf
FRUURt2rpp_f	duri_c	-0.0	-0.02254821821020414	0.0	-0.0	Inf
FRUURt2rpp_f	glyb_c	0.0	0.0	0.0	Inf	Inf
FRUURt2rpp_f	glyc_c	-0.0	-0.11980561344196977	0.0	-0.0	Inf
FRUURt2rpp_f	dxyl_c	0.0	0.0	0.0	Inf	Inf
FRUURt2rpp_f	glycogen_c	-0.0	-0.9045609161707335	0.0	-0.0	Inf
FRUURt2rpp_f	gmhep1p_c	-0.0	0.0	0.7469952069208066	Inf	0.0
FRUURt2rpp_f	lipa_cold_c	-0.0	0.0	0.0	Inf	Inf
FRUURt2rpp_f	lipidA_c	-0.0	-0.016765960922441536	0.06445078871593944	-0.0	0.0
FRUURt2rpp_f	malt_c	0.0	0.0	0.0	Inf	Inf
FRUURt2rpp_f	h2_c	-0.0	0.0	0.0	Inf	Inf
FRUURt2rpp_f	malthx_c	-0.0	0.0	0.0	Inf	Inf
FRUURt2rpp_f	maltpt_c	-0.0	0.0	0.0	Inf	Inf
FRUURt2rpp_f	malttr_c	-0.0	0.0	0.0	Inf	Inf
FRUURt2rpp_f	maltttr_c	-0.0	0.0	0.0	Inf	Inf
FRUURt2rpp_f	h2o2_c	-0.0	-42.573052285130416	0.0021552049898900805	-0.0	0.0
FRUURt2rpp_f	man_c	-0.0	0.0	0.0	Inf	Inf
FRUURt2rpp_f	mdhdhf_c	-0.0	-41.00698916928911	0.00038605831072402875	-0.0	0.0
FRUURt2rpp_f	melib_c	-0.0	0.0	0.0	Inf	Inf
FRUURt2rpp_f	meoh_c	-0.0	-999.9999982765254	1.7234746110261767e-06	-0.0	0.0
FRUURt2rpp_f	pacald_c	-0.0	-908.8665847556616	0.0	-0.0	Inf
FRUURt2rpp_f	metsox_S__L_c	-0.0	-0.09622331047194166	0.0	-0.0	Inf
FRUURt2rpp_f	mg2_c	-0.0	-0.007475571083546129	454.4332923778308	-0.0	0.0
FRUURt2rpp_f	hhlipa_c	-0.0	0.0	0.0	Inf	Inf
FRUURt2rpp_f	pe120_c	-0.0	0.0	0.0	Inf	Inf
FRUURt2rpp_f	mobd_c	-0.0	-0.00011116411178591079	22.783353811084584	-0.0	0.0
FRUURt2rpp_f	hlipa_c	-0.0	0.0	0.0	Inf	Inf
FRUURt2rpp_f	pg120_c	-0.0	-0.059902806720984886	0.0	-0.0	Inf
FRUURt2rpp_f	mql8_c	0.0	0.0	0.0	Inf	Inf
FRUURt2rpp_f	mqn8_c	-0.0	0.0	0.0	Inf	Inf
FRUURt2rpp_f	mthgxl_c	-0.0	0.0	0.0	Inf	Inf
FRUURt2rpp_f	hqn_c	0.0	0.0	0.0	Inf	Inf
FRUURt2rpp_f	mththf_c	-0.0	-999.9996139416893	0.00038605831072402875	-0.0	0.0
FRUURt2rpp_f	n2o_c	-0.0	-1000.0	0.0	-0.0	Inf
FRUURt2rpp_f	na1_c	-0.0	-91.13341524433834	0.0	-0.0	Inf
FRUURt2rpp_f	nac_c	-0.0	0.0	0.0	Inf	Inf
FRUURt2rpp_f	ncam_c	-0.0	0.0	0.0	Inf	Inf
FRUURt2rpp_f	ni2_c	-0.0	-0.0002783411481266812	999.9997216588519	-0.0	0.0
FRUURt2rpp_f	no_c	-0.0	-1000.0	0.0	-0.0	Inf
FRUURt2rpp_f	indole_c	-0.0	-0.04898373338379238	0.45164872500727893	-0.0	0.0
FRUURt2rpp_f	no2_c	-0.0	-908.8665847556616	0.0	-0.0	Inf
FRUURt2rpp_f	no3_c	0.0	0.0	0.0	Inf	Inf
FRUURt2rpp_f	inost_c	0.0	0.0	0.0	Inf	Inf
FRUURt2rpp_f	o2_c	-0.0	-21.286526142565208	978.7134738574348	-0.0	0.0
FRUURt2rpp_f	poaac_c	-0.0	-6.509529660309876	0.0	-0.0	Inf
FRUURt2rpp_f	ppal_c	-0.0	0.0	0.0	Inf	Inf
FRUURt2rpp_f	k_c	-0.0	-0.16820508893588634	91.13341524433834	-0.0	0.0
FRUURt2rpp_f	psclys_c	-0.0	0.0	0.0	Inf	Inf
FRUURt2rpp_f	lald__D_c	-0.0	0.0	0.0	Inf	Inf
FRUURt2rpp_f	lald__L_c	-0.0	-2.713682748512202	0.0	-0.0	Inf
FRUURt2rpp_f	ura_c	-0.0	0.0	0.0	Inf	Inf
FRUURt2rpp_f	pydx_c	-0.0	0.0	0.5748869867852285	Inf	0.0
FRUURt2rpp_f	uracp_c	-0.0	-4.653736459559127	0.0	-0.0	Inf
FRUURt2rpp_f	pydxn_c	-0.0	0.0	0.5748869867852285	Inf	0.0
FRUURt2rpp_f	urate_c	-0.0	-1.195242999710704	0.0	-0.0	Inf
FRUURt2rpp_f	q8_c	-0.0	0.0	0.0	Inf	Inf
FRUURt2rpp_f	q8h2_c	0.0	0.0	0.0	Inf	Inf
FRUURt2rpp_f	urea_c	-0.0	-1000.0	0.0	-0.0	Inf
FRUURt2rpp_f	uri_c	-0.0	0.0	0.0	Inf	Inf
FRUURt2rpp_f	rbflvrd_c	-0.0	0.0	0.2656950881759137	Inf	0.0
FRUURt2rpp_f	rbl__L_c	-0.0	-1.0100640893778399	0.0	-0.0	Inf
FRUURt2rpp_f	rdmbzi_c	0.0	0.0	0.0	Inf	Inf
FRUURt2rpp_f	thptdn_c	0.0	0.0	0.0	Inf	Inf
FRUURt2rpp_f	xan_c	-0.0	0.0	0.0	Inf	Inf
FRUURt2rpp_f	rephaccoa_c	-0.0	-0.0004963606861565495	0.0	-0.0	Inf
FRUURt2rpp_f	rib__D_c	-0.0	0.0	1.072157826403981	Inf	0.0
FRUURt2rpp_f	xtsn_c	-0.0	0.0	0.0	Inf	Inf
FRUURt2rpp_f	rml_c	-0.0	-0.9045609161707335	0.0	-0.0	Inf
FRUURt2rpp_f	thym_c	-0.0	-91.13341524433834	0.0	-0.0	Inf
FRUURt2rpp_f	thymd_c	-0.0	-0.02254821821020414	0.0	-0.0	Inf
FRUURt2rpp_f	xu5p__L_c	-0.0	-0.831258514110874	0.0	-0.0	Inf
FRUURt2rpp_f	rmn_c	-0.0	-0.9045609161707335	0.0	-0.0	Inf
FRUURt2rpp_f	xyl__D_c	0.0	0.0	0.0	Inf	Inf
FRUURt2rpp_f	tmao_c	0.0	0.0	0.0	Inf	Inf
FRUURt2rpp_f	xylu__D_c	-0.0	0.0	0.0	Inf	Inf
FRUURt2rpp_f	xylu__L_c	-0.0	-1.0100640893778399	0.0	-0.0	Inf
FRUURt2rpp_f	12ppd__R_e	-0.0	-1000.0	0.0	-0.0	Inf
FRUURt2rpp_f	12ppd__S_e	-0.0	-1000.0	0.0	-0.0	Inf
FRUURt2rpp_f	tre_c	-0.0	-0.45228045808536677	0.0	-0.0	Inf
FRUURt2rpp_f	seln_c	0.0	0.0	0.0	Inf	Inf
FRUURt2rpp_f	34dhpac_e	-0.0	-1000.0	0.0	-0.0	Inf
FRUURt2rpp_f	slnt_c	0.0	0.0	0.0	Inf	Inf
FRUURt2rpp_f	so2_c	0.0	0.0	0.0	Inf	Inf
FRUURt2rpp_f	so3_c	-0.0	-0.21360054820049967	4.339686440206586	-0.0	0.0
FRUURt2rpp_f	so4_c	-0.0	-0.2173387646109441	91.13341524433834	-0.0	0.0
FRUURt2rpp_f	4hoxpacd_e	-0.0	-1000.0	0.0	-0.0	Inf
FRUURt2rpp_f	5mtr_e	-0.0	0.0	0.0	Inf	Inf
FRUURt2rpp_f	LalaDgluMdap_e	-0.0	-1000.0	0.0	-0.0	Inf
FRUURt2rpp_f	ac_e	-0.0	0.0	0.0	Inf	Inf
FRUURt2rpp_f	acald_e	-0.0	-1000.0	0.0	-0.0	Inf
FRUURt2rpp_f	acgal_e	-0.0	-1000.0	0.0	-0.0	Inf
FRUURt2rpp_f	acgam_e	-0.0	-1000.0	0.0	-0.0	Inf
FRUURt2rpp_f	acmana_e	-0.0	-1000.0	0.0	-0.0	Inf
FRUURt2rpp_f	tagur_c	-0.0	0.0	0.0	Inf	Inf
FRUURt2rpp_f	tartr__L_c	-0.0	-1.195242999710705	0.0	-0.0	Inf
FRUURt2rpp_f	ade_e	-0.0	-1000.0	0.0	-0.0	Inf
FRUURt2rpp_f	adn_e	-0.0	-1000.0	0.0	-0.0	Inf
FRUURt2rpp_f	all__D_e	-0.0	-1000.0	0.0	-0.0	Inf
FRUURt2rpp_f	cl_e	-0.0	-0.004485342650127677	999.9955146573499	-0.0	0.0
FRUURt2rpp_f	alltn_e	-0.0	0.0	0.0	Inf	Inf
FRUURt2rpp_f	cm_e	-0.0	-1000.0	0.0	-0.0	Inf
FRUURt2rpp_f	co2_e	-0.0	-976.8729253498302	23.12707465016979	-0.0	0.0
FRUURt2rpp_f	arab__L_e	-0.0	-1000.0	0.0	-0.0	Inf
FRUURt2rpp_f	arbt_e	-0.0	-1000.0	0.0	-0.0	Inf
FRUURt2rpp_f	unagamu_c	-0.0	0.0	0.05906248557636967	Inf	0.0
FRUURt2rpp_f	crn_e	-0.0	-1000.0	0.0	-0.0	Inf
FRUURt2rpp_f	csn_e	-0.0	-1000.0	0.0	-0.0	Inf
FRUURt2rpp_f	cyan_e	-0.0	-1000.0	0.0	-0.0	Inf
FRUURt2rpp_f	glyb_e	-0.0	-1000.0	0.0	-0.0	Inf
FRUURt2rpp_f	glyc_e	-0.0	-1000.0	0.0	-0.0	Inf
FRUURt2rpp_f	cytd_e	-0.0	-1000.0	0.0	-0.0	Inf
FRUURt2rpp_f	ca2_e	-0.0	-0.004485342650127677	999.9955146573499	-0.0	0.0
FRUURt2rpp_f	dad_2_e	-0.0	-1000.0	0.0	-0.0	Inf
FRUURt2rpp_f	dcyt_e	-0.0	-1000.0	0.0	-0.0	Inf
FRUURt2rpp_f	chol_e	-0.0	-1000.0	0.0	-0.0	Inf
FRUURt2rpp_f	dha_e	-0.0	-1000.0	0.0	-0.0	Inf
FRUURt2rpp_f	ppal_e	-0.0	-1000.0	0.0	-0.0	Inf
FRUURt2rpp_f	h2_e	-0.0	-1000.0	0.0	-0.0	Inf
FRUURt2rpp_f	dms_e	-0.0	-1000.0	0.0	-0.0	Inf
FRUURt2rpp_f	dmso_e	-0.0	-1000.0	0.0	-0.0	Inf
FRUURt2rpp_f	h2o2_e	-0.0	-1000.0	0.0	-0.0	Inf
FRUURt2rpp_f	psclys_e	-0.0	-1000.0	0.0	-0.0	Inf
FRUURt2rpp_f	duri_e	-0.0	-1000.0	0.0	-0.0	Inf
FRUURt2rpp_f	pydx_e	-0.0	-1000.0	0.0	-0.0	Inf
FRUURt2rpp_f	pydxn_e	-0.0	-1000.0	0.0	-0.0	Inf
FRUURt2rpp_f	etoh_e	-0.0	-1000.0	0.0	-0.0	Inf
FRUURt2rpp_f	fald_e	-0.0	0.0	0.0	Inf	Inf
FRUURt2rpp_f	rib__D_e	-0.0	-1000.0	0.0	-0.0	Inf
FRUURt2rpp_f	rmn_e	-0.0	-1000.0	0.0	-0.0	Inf
FRUURt2rpp_f	indole_e	-0.0	-1000.0	0.0	-0.0	Inf
FRUURt2rpp_f	inost_e	-0.0	-1000.0	0.0	-0.0	Inf
FRUURt2rpp_f	sbt__D_e	-0.0	-1.356841374256101	0.0	-0.0	Inf
FRUURt2rpp_f	k_e	-0.0	-0.16820508893590613	999.8317949110641	-0.0	0.0
FRUURt2rpp_f	for_e	-0.0	0.0	0.0021138415994883634	Inf	0.0
FRUURt2rpp_f	slnt_e	-0.0	-1000.0	0.0	-0.0	Inf
FRUURt2rpp_f	fru_e	-0.0	-1000.0	0.0	-0.0	Inf
FRUURt2rpp_f	so2_e	-0.0	-1000.0	0.0	-0.0	Inf
FRUURt2rpp_f	so3_e	-0.0	-1000.0	0.0	-0.0	Inf
FRUURt2rpp_f	so4_e	-0.0	-0.2173387646109441	999.782661235389	-0.0	0.0
FRUURt2rpp_f	lipa_cold_e	-0.0	-1000.0	0.0	-0.0	Inf
FRUURt2rpp_f	sucr_e	-0.0	-0.5427365497024405	0.472193861369629	-0.0	0.0
FRUURt2rpp_f	g3pe_e	-0.0	-1000.0	0.0	-0.0	Inf
FRUURt2rpp_f	malt_e	-0.0	-1000.0	0.0	-0.0	Inf
FRUURt2rpp_f	tartr__L_e	-0.0	-1000.0	0.0	-0.0	Inf
FRUURt2rpp_f	g3pi_e	-0.0	-1000.0	0.0	-0.0	Inf
FRUURt2rpp_f	malthx_e	-0.0	-1000.0	0.0	-0.0	Inf
FRUURt2rpp_f	maltpt_e	-0.0	-1000.0	0.0	-0.0	Inf
FRUURt2rpp_f	gal_e	-0.0	-1000.0	0.0	-0.0	Inf
FRUURt2rpp_f	gal_bD_e	-0.0	-1000.0	0.0	-0.0	Inf
FRUURt2rpp_f	malttr_e	-0.0	-1000.0	0.0	-0.0	Inf
FRUURt2rpp_f	maltttr_e	-0.0	-1000.0	0.0	-0.0	Inf
FRUURt2rpp_f	man_e	-0.0	-1000.0	0.0	-0.0	Inf
FRUURt2rpp_f	thym_e	-0.0	-1000.0	0.0	-0.0	Inf
FRUURt2rpp_f	thymd_e	-0.0	-1000.0	0.0	-0.0	Inf
FRUURt2rpp_f	galt_e	-0.0	-0.9045609161707335	0.0	-0.0	Inf
FRUURt2rpp_f	melib_e	-0.0	-1000.0	0.0	-0.0	Inf
FRUURt2rpp_f	meoh_e	-0.0	-999.9999982765254	1.7234746110261767e-06	-0.0	0.0
FRUURt2rpp_f	tmao_e	-0.0	-1000.0	0.0	-0.0	Inf
FRUURt2rpp_f	tre_e	-0.0	-1000.0	0.0	-0.0	Inf
FRUURt2rpp_f	metsox_S__L_e	-0.0	-1000.0	0.0	-0.0	Inf
FRUURt2rpp_f	glc__D_e	-0.0	-1000.0	0.0	-0.0	Inf
FRUURt2rpp_f	mg2_e	-0.0	-0.007475571083546129	999.9925244289165	-0.0	0.0
FRUURt2rpp_f	mnl_e	-0.0	-1000.0	0.0	-0.0	Inf
FRUURt2rpp_f	mobd_e	-0.0	-0.00011116411178591079	999.9998888358882	-0.0	0.0
FRUURt2rpp_f	glyald_e	-0.0	-1000.0	0.0	-0.0	Inf
FRUURt2rpp_f	n2o_e	-0.0	-1000.0	0.0	-0.0	Inf
FRUURt2rpp_f	na1_e	-0.0	-1000.0	0.0	-0.0	Inf
FRUURt2rpp_f	nac_e	-0.0	-1000.0	0.0	-0.0	Inf
FRUURt2rpp_f	ni2_e	-0.0	-0.00027834114814595523	999.9997216588519	-0.0	0.0
FRUURt2rpp_f	no_e	-0.0	-1000.0	0.0	-0.0	Inf
FRUURt2rpp_f	no2_e	-0.0	-1000.0	0.0	-0.0	Inf
FRUURt2rpp_f	ura_e	-0.0	-1000.0	0.0	-0.0	Inf
FRUURt2rpp_f	no3_e	-0.0	-1000.0	0.0	-0.0	Inf
FRUURt2rpp_f	urea_e	-0.0	-1000.0	0.0	-0.0	Inf
FRUURt2rpp_f	novbcn_e	-0.0	-1000.0	0.0	-0.0	Inf
FRUURt2rpp_f	uri_e	-0.0	-1000.0	0.0	-0.0	Inf
FRUURt2rpp_f	o2_e	-0.0	-21.286526142565208	978.7134738574348	-0.0	0.0
FRUURt2rpp_f	xan_e	-0.0	0.0	0.0	Inf	Inf
FRUURt2rpp_f	xtsn_e	-0.0	-1000.0	0.0	-0.0	Inf
FRUURt2rpp_f	xyl__D_e	-0.0	-1000.0	0.0	-0.0	Inf
FRUURt2rpp_f	xylu__L_e	-0.0	-1000.0	0.0	-0.0	Inf
FRUURt2rpp_f	pacald_e	-0.0	-1000.0	0.0	-0.0	Inf
FRUURt2rpp_f	12dgr120_p	-0.0	0.0	0.0	Inf	Inf
FRUURt2rpp_f	12dgr140_p	-0.0	0.0	0.0	Inf	Inf
FRUURt2rpp_f	12dgr160_p	-0.0	-0.05499090410698462	0.0	-0.0	Inf
FRUURt2rpp_f	12dgr180_p	-0.0	0.0	0.0	Inf	Inf
FRUURt2rpp_f	12ppd__R_p	-0.0	-1000.0	0.0	-0.0	Inf
FRUURt2rpp_f	12ppd__S_p	-0.0	0.0	0.0	Inf	Inf
FRUURt2rpp_f	chol_p	-0.0	-1000.0	0.0	-0.0	Inf
FRUURt2rpp_f	cl_p	-0.0	-0.004485342650127677	999.9955146573499	-0.0	0.0
FRUURt2rpp_f	34dhpac_p	-0.0	-1000.0	0.0	-0.0	Inf
FRUURt2rpp_f	cm_p	-0.0	0.0	0.0	Inf	Inf
FRUURt2rpp_f	4hoxpacd_p	-0.0	-1000.0	0.0	-0.0	Inf
FRUURt2rpp_f	co2_p	-0.0	-976.8729253498302	23.12707465016979	-0.0	0.0
FRUURt2rpp_f	5mtr_p	-0.0	0.0	0.0	Inf	Inf
FRUURt2rpp_f	LalaDgluMdap_p	-0.0	-0.023945956111901603	0.0	-0.0	Inf
FRUURt2rpp_f	gal_p	-0.0	-1000.0	0.0	-0.0	Inf
FRUURt2rpp_f	ac_p	-0.0	-2.713682748512202	0.0	-0.0	Inf
FRUURt2rpp_f	crn_p	-0.0	-1000.0	0.0	-0.0	Inf
FRUURt2rpp_f	gal_bD_p	-0.0	-1000.0	0.0	-0.0	Inf
FRUURt2rpp_f	acald_p	-0.0	-1000.0	0.0	-0.0	Inf
FRUURt2rpp_f	acgal_p	-0.0	-1000.0	0.0	-0.0	Inf
FRUURt2rpp_f	csn_p	-0.0	0.0	0.0	Inf	Inf
FRUURt2rpp_f	acgam_p	-0.0	-1000.0	0.0	-0.0	Inf
FRUURt2rpp_f	galt_p	-0.0	-0.9045609161707335	0.0	-0.0	Inf
FRUURt2rpp_f	acmana_p	-0.0	-1000.0	0.0	-0.0	Inf
FRUURt2rpp_f	cyan_p	-0.0	0.0	0.0	Inf	Inf
FRUURt2rpp_f	ade_p	-0.0	-1000.0	0.0	-0.0	Inf
FRUURt2rpp_f	adn_p	-0.0	0.0	0.0005799492033819336	Inf	0.0
FRUURt2rpp_f	cytd_p	-0.0	0.0	0.0	Inf	Inf
FRUURt2rpp_f	glc__D_p	-0.0	-1000.0	0.0	-0.0	Inf
FRUURt2rpp_f	dad_2_p	-0.0	-1000.0	0.0	-0.0	Inf
FRUURt2rpp_f	dcyt_p	-0.0	-1000.0	0.0	-0.0	Inf
FRUURt2rpp_f	all__D_p	-0.0	0.0	0.0	Inf	Inf
FRUURt2rpp_f	alltn_p	-0.0	0.0	0.0	Inf	Inf
FRUURt2rpp_f	dha_p	-0.0	-1000.0	0.0	-0.0	Inf
FRUURt2rpp_f	glyald_p	-0.0	-1000.0	0.0	-0.0	Inf
FRUURt2rpp_f	glyb_p	0.0	0.0	0.0	Inf	Inf
FRUURt2rpp_f	dms_p	-0.0	-1000.0	0.0	-0.0	Inf
FRUURt2rpp_f	glyc_p	-0.0	-0.11980561344196977	0.0	-0.0	Inf
FRUURt2rpp_f	dmso_p	-0.0	-1000.0	0.0	-0.0	Inf
FRUURt2rpp_f	arab__L_p	-0.0	0.0	0.0	Inf	Inf
FRUURt2rpp_f	arbt_p	0.0	0.0	0.0	Inf	Inf
FRUURt2rpp_f	ca2_p	-0.0	-0.004485342650127677	999.9955146573499	-0.0	0.0
FRUURt2rpp_f	duri_p	-0.0	-1000.0	0.0	-0.0	Inf
FRUURt2rpp_f	h2_p	-0.0	-1000.0	0.0	-0.0	Inf
FRUURt2rpp_f	h2o2_p	-0.0	-1000.0	0.0	-0.0	Inf
FRUURt2rpp_f	etoh_p	-0.0	-1000.0	0.0	-0.0	Inf
FRUURt2rpp_f	fald_p	-0.0	0.0	0.0	Inf	Inf
FRUURt2rpp_f	n2o_p	-0.0	-1000.0	0.0	-0.0	Inf
FRUURt2rpp_f	na1_p	-0.0	-1000.0	0.0	-0.0	Inf
FRUURt2rpp_f	indole_p	-0.0	0.0	0.45164872500727893	Inf	0.0
FRUURt2rpp_f	nac_p	-0.0	-1000.0	0.0	-0.0	Inf
FRUURt2rpp_f	ni2_p	-0.0	-0.00027834114814595523	999.9997216588519	-0.0	0.0
FRUURt2rpp_f	inost_p	-0.0	-1000.0	0.0	-0.0	Inf
FRUURt2rpp_f	no_p	-0.0	-1000.0	0.0	-0.0	Inf
FRUURt2rpp_f	no2_p	-0.0	-1000.0	0.0	-0.0	Inf
FRUURt2rpp_f	for_p	-0.0	-7.924570686747571	0.0021138415994883634	-0.0	0.0
FRUURt2rpp_f	fru_p	-0.0	-1000.0	0.0	-0.0	Inf
FRUURt2rpp_f	no3_p	-0.0	0.0	0.0	Inf	Inf
FRUURt2rpp_f	k_p	-0.0	-0.16820508893590613	999.8317949110641	-0.0	0.0
FRUURt2rpp_f	novbcn_p	-0.0	0.0	0.0	Inf	Inf
FRUURt2rpp_f	o2_p	-0.0	-21.286526142565208	978.7134738574348	-0.0	0.0
FRUURt2rpp_f	lipa_cold_p	-0.0	-22.783353811084584	0.0	-0.0	Inf
FRUURt2rpp_f	g3pe_p	-0.0	0.0	0.0	Inf	Inf
FRUURt2rpp_f	g3pi_p	-0.0	0.0	0.0	Inf	Inf
FRUURt2rpp_f	so3_p	-0.0	-1000.0	0.0	-0.0	Inf
FRUURt2rpp_f	so4_p	-0.0	-0.2173387646109441	999.782661235389	-0.0	0.0
FRUURt2rpp_f	malt_p	0.0	0.0	0.0	Inf	Inf
FRUURt2rpp_f	malthx_p	0.0	0.0	0.0	Inf	Inf
FRUURt2rpp_f	maltpt_p	0.0	0.0	0.0	Inf	Inf
FRUURt2rpp_f	sucr_p	-0.0	-0.5427365497024405	0.472193861369629	-0.0	0.0
FRUURt2rpp_f	malttr_p	0.0	0.0	0.0	Inf	Inf
FRUURt2rpp_f	maltttr_p	0.0	0.0	0.0	Inf	Inf
FRUURt2rpp_f	pacald_p	-0.0	-1000.0	0.0	-0.0	Inf
FRUURt2rpp_f	man_p	-0.0	-1000.0	0.0	-0.0	Inf
FRUURt2rpp_f	tartr__L_p	-0.0	-1000.0	0.0	-0.0	Inf
FRUURt2rpp_f	pe120_p	-0.0	0.0	0.0	Inf	Inf
FRUURt2rpp_f	melib_p	-0.0	-1000.0	0.0	-0.0	Inf
FRUURt2rpp_f	meoh_p	-0.0	-999.9999982765254	1.7234746110261767e-06	-0.0	0.0
FRUURt2rpp_f	thym_p	-0.0	-1000.0	0.0	-0.0	Inf
FRUURt2rpp_f	thymd_p	-0.0	-0.02254821821020414	0.0	-0.0	Inf
FRUURt2rpp_f	pg120_p	-0.0	-0.059902806720984886	0.0	-0.0	Inf
FRUURt2rpp_f	metsox_S__L_p	-0.0	-1000.0	0.0	-0.0	Inf
FRUURt2rpp_f	tmao_p	-0.0	-1000.0	0.0	-0.0	Inf
FRUURt2rpp_f	mg2_p	-0.0	-0.007475571083546129	999.9925244289165	-0.0	0.0
FRUURt2rpp_f	tre_p	-0.0	0.0	0.0	Inf	Inf
FRUURt2rpp_f	mnl_p	-0.0	0.0	0.0	Inf	Inf
FRUURt2rpp_f	mobd_p	-0.0	-0.00011116411178591079	999.9998888358882	-0.0	0.0
FRUURt2rpp_f	ura_p	-0.0	-1000.0	0.0	-0.0	Inf
FRUURt2rpp_f	urea_p	-0.0	-1000.0	0.0	-0.0	Inf
FRUURt2rpp_f	uri_p	-0.0	0.0	0.0	Inf	Inf
FRUURt2rpp_f	xan_p	-0.0	0.0	0.0	Inf	Inf
FRUURt2rpp_f	xtsn_p	-0.0	0.0	0.0	Inf	Inf
FRUURt2rpp_f	xyl__D_p	-0.0	-1000.0	0.0	-0.0	Inf
FRUURt2rpp_f	xylu__L_p	-0.0	0.0	0.0	Inf	Inf
FRUURt2rpp_f	ppal_p	-0.0	0.0	0.0	Inf	Inf
FRUURt2rpp_f	psclys_p	-0.0	-1000.0	0.0	-0.0	Inf
FRUURt2rpp_f	pydx_p	-0.0	0.0	0.0	Inf	Inf
FRUURt2rpp_f	pydxn_p	-0.0	0.0	0.0	Inf	Inf
FRUURt2rpp_f	rib__D_p	-0.0	-1000.0	0.0	-0.0	Inf
FRUURt2rpp_f	rmn_p	-0.0	-1000.0	0.0	-0.0	Inf
FRUURt2rpp_f	sbt__D_p	-0.0	-1.356841374256101	0.0	-0.0	Inf
FRUURt2rpp_f	slnt_p	-0.0	-1000.0	0.0	-0.0	Inf
FRUURt2rpp_f	so2_p	-0.0	-1000.0	0.0	-0.0	Inf
