Reaction	Metabolite	ShadowPrice	G-	G+	DecrementalShadowPrice	IncrementalShadowPrice
GLNabcpp	12dgr120_c	-0.0	0.0	0.0	Inf	Inf
GLNabcpp	12dgr140_c	-0.0	0.0	0.0	Inf	Inf
GLNabcpp	12dgr160_c	-0.0	-0.05499090410698462	0.0	-0.0	Inf
GLNabcpp	12dgr180_c	-0.0	0.0	0.0	Inf	Inf
GLNabcpp	12ppd__R_c	-0.0	-1000.0	0.0	-0.0	Inf
GLNabcpp	12ppd__S_c	-0.0	0.0	0.0	Inf	Inf
GLNabcpp	5drib_c	-0.0	-999.9998061091073	0.0001938908926579049	-0.0	0.0
GLNabcpp	5mta_c	-0.0	0.0	0.0	Inf	Inf
GLNabcpp	23dhacoa_c	-0.0	-0.0004963606861565495	0.0	-0.0	Inf
GLNabcpp	5mtr_c	-0.0	0.0	0.0	Inf	Inf
GLNabcpp	3amac_c	-0.0	-7.924570686747571	0.0	-0.0	Inf
GLNabcpp	LalaDgluMdap_c	-0.0	-0.023945956111901603	0.0	-0.0	Inf
GLNabcpp	ac_c	-0.0	-2.713682748512202	0.5020274696945535	-0.0	0.0
GLNabcpp	acald_c	-0.0	0.0	2.463065276874011	Inf	0.0
GLNabcpp	acetol_c	-0.0	0.0	0.0	Inf	Inf
GLNabcpp	acgam_c	-0.0	-0.08142383406871237	0.0	-0.0	Inf
GLNabcpp	acgam6p_c	-0.0	-0.08142383406871237	0.0	-0.0	Inf
GLNabcpp	acmalt_c	0.0	0.0	0.0	Inf	Inf
GLNabcpp	acmana_c	-0.0	-0.08142383406871237	0.0	-0.0	Inf
GLNabcpp	2dmmq8_c	-0.0	0.0	0.0	Inf	Inf
GLNabcpp	2dmmql8_c	0.0	0.0	0.0	Inf	Inf
GLNabcpp	ade_c	-0.0	-0.0962233104719417	0.0005799492033819336	-0.0	0.0
GLNabcpp	adn_c	-0.0	0.0	0.0005799492033819336	Inf	0.0
GLNabcpp	3sala_c	0.0	0.0	0.0	Inf	Inf
GLNabcpp	adphep_DD_c	-0.0	0.0	0.0	Inf	Inf
GLNabcpp	adphep_LD_c	-0.0	0.0	0.0	Inf	Inf
GLNabcpp	4ahmmp_c	0.0	0.0	0.0	Inf	Inf
GLNabcpp	4crsol_c	-0.0	-999.999807832582	0.0001921674180565013	-0.0	0.0
GLNabcpp	2ohph_c	-0.0	-0.0001921674180565013	0.0862189358981442	-0.0	0.0
GLNabcpp	2ombzl_c	-0.0	0.0	0.0	Inf	Inf
GLNabcpp	2omhmbl_c	-0.0	0.0	0.0	Inf	Inf
GLNabcpp	2ommbl_c	0.0	0.0	0.0	Inf	Inf
GLNabcpp	2omph_c	-0.0	0.0	0.07756035339943697	Inf	0.0
GLNabcpp	4mhetz_c	0.0	0.0	0.0	Inf	Inf
GLNabcpp	2oph_c	-0.0	-0.0001921674180565013	0.08630058261774472	-0.0	0.0
GLNabcpp	2oxpaccoa_c	-0.0	-0.0004963606861565495	0.0	-0.0	Inf
GLNabcpp	all__D_c	-0.0	-0.9045609161707335	0.0	-0.0	Inf
GLNabcpp	alltn_c	-0.0	-1.195242999710704	0.0	-0.0	Inf
GLNabcpp	4r5au_c	-0.0	-0.00038433483644695555	0.5207623728247909	-0.0	0.0
GLNabcpp	56dura_c	0.0	0.0	0.0	Inf	Inf
GLNabcpp	arab__L_c	-0.0	-1.0100640893778399	0.0	-0.0	Inf
GLNabcpp	etoh_c	-0.0	-1000.0	0.0	-0.0	Inf
GLNabcpp	csn_c	-0.0	0.0	0.15589258638441147	Inf	0.0
GLNabcpp	fald_c	-0.0	0.0	0.0	Inf	Inf
GLNabcpp	fc1p_c	-0.0	-0.8312585141108747	0.0	-0.0	Inf
GLNabcpp	fcl__L_c	-0.0	0.0	0.0	Inf	Inf
GLNabcpp	aso4_c	0.0	0.0	0.0	Inf	Inf
GLNabcpp	cyan_c	0.0	0.0	0.0	Inf	Inf
GLNabcpp	athtp_c	0.0	0.0	0.0	Inf	Inf
GLNabcpp	cytd_c	-0.0	0.0	0.0	Inf	Inf
GLNabcpp	dad_2_c	-0.0	0.0	0.0	Inf	Inf
GLNabcpp	dad_5_c	-0.0	-0.0962233104719417	0.0001938908926579049	-0.0	0.0
GLNabcpp	betald_c	0.0	0.0	0.0	Inf	Inf
GLNabcpp	btal_c	-0.0	-129.8380835365231	0.0	-0.0	Inf
GLNabcpp	for_c	-0.0	-7.924570686747571	0.0021138415994883634	-0.0	0.0
GLNabcpp	dcyt_c	-0.0	-0.02254821821020414	0.0	-0.0	Inf
GLNabcpp	fru_c	-0.0	-0.9045609161707335	0.9395197447869937	-0.0	0.0
GLNabcpp	ca2_c	-0.0	-0.004485342650127677	908.8665847556616	-0.0	0.0
GLNabcpp	g3pe_c	-0.0	0.0	0.0	Inf	Inf
GLNabcpp	g3pi_c	0.0	0.0	0.0	Inf	Inf
GLNabcpp	cbm_c	-0.0	-3.9622853433737855	0.0	-0.0	Inf
GLNabcpp	dha_c	-0.0	-2.713682748512202	1.8986128175903831	-0.0	0.0
GLNabcpp	gal_c	-0.0	0.0	0.0	Inf	Inf
GLNabcpp	dhgly_c	-0.0	-0.0001921674180565013	0.33282930813881617	-0.0	0.0
GLNabcpp	dhmptp_c	0.0	0.0	0.0	Inf	Inf
GLNabcpp	gcald_c	-0.0	-1.195242999710704	0.0005765022540344944	-0.0	0.0
GLNabcpp	dhptd_c	-0.0	-41.00698916928911	0.00038605831072402875	-0.0	0.0
GLNabcpp	cechddd_c	-0.0	0.0	0.0	Inf	Inf
GLNabcpp	dhptdn_c	0.0	0.0	0.0	Inf	Inf
GLNabcpp	chol_c	0.0	0.0	0.0	Inf	Inf
GLNabcpp	chtbs6p_c	-0.0	0.0	0.0	Inf	Inf
GLNabcpp	dmbzid_c	0.0	0.0	0.0	Inf	Inf
GLNabcpp	dms_c	0.0	0.0	0.0	Inf	Inf
GLNabcpp	dmso_c	0.0	0.0	0.0	Inf	Inf
GLNabcpp	cl_c	-0.0	-0.004485342650127677	999.9955146573499	-0.0	0.0
GLNabcpp	glc__D_c	-0.0	-0.9045609161707335	0.9395197447869937	-0.0	0.0
GLNabcpp	co2_c	-0.0	-976.8729253498302	23.124960808570336	-0.0	0.0
GLNabcpp	dscl_c	-0.0	-0.0001921674180565013	0.09630086580666253	-0.0	0.0
GLNabcpp	dtdp4aaddg_c	-0.0	0.0	0.0	Inf	Inf
GLNabcpp	glyald_c	-0.0	-1000.0	0.0	-0.0	Inf
GLNabcpp	crn_c	-0.0	-908.8665847556616	0.0	-0.0	Inf
GLNabcpp	duri_c	-0.0	-0.02254821821020414	0.0	-0.0	Inf
GLNabcpp	glyb_c	0.0	0.0	0.0	Inf	Inf
GLNabcpp	glyc_c	-0.0	-0.11980561344196977	0.0	-0.0	Inf
GLNabcpp	dxyl_c	0.0	0.0	0.0	Inf	Inf
GLNabcpp	glycogen_c	-0.0	-0.9045609161707335	0.0	-0.0	Inf
GLNabcpp	gmhep1p_c	-0.0	0.0	0.7469952069208066	Inf	0.0
GLNabcpp	lipa_cold_c	-0.0	0.0	0.0	Inf	Inf
GLNabcpp	lipidA_c	-0.0	-0.016765960922441536	0.06445078871593944	-0.0	0.0
GLNabcpp	malt_c	0.0	0.0	0.0	Inf	Inf
GLNabcpp	h2_c	-0.0	0.0	0.0	Inf	Inf
GLNabcpp	malthx_c	-0.0	0.0	0.0	Inf	Inf
GLNabcpp	maltpt_c	-0.0	0.0	0.0	Inf	Inf
GLNabcpp	malttr_c	-0.0	0.0	0.0	Inf	Inf
GLNabcpp	maltttr_c	-0.0	0.0	0.0	Inf	Inf
GLNabcpp	h2o2_c	-0.0	-42.573052285130416	0.0021552049898900805	-0.0	0.0
GLNabcpp	man_c	-0.0	0.0	0.0	Inf	Inf
GLNabcpp	mdhdhf_c	-0.0	-41.00698916928911	0.00038605831072402875	-0.0	0.0
GLNabcpp	melib_c	-0.0	0.0	0.0	Inf	Inf
GLNabcpp	meoh_c	-0.0	-999.9999982765254	1.7234746110261767e-06	-0.0	0.0
GLNabcpp	pacald_c	-0.0	-908.8665847556616	0.0	-0.0	Inf
GLNabcpp	metsox_S__L_c	-0.0	-0.09622331047194166	0.0	-0.0	Inf
GLNabcpp	mg2_c	-0.0	-0.007475571083546129	454.4332923778308	-0.0	0.0
GLNabcpp	hhlipa_c	-0.0	0.0	0.0	Inf	Inf
GLNabcpp	pe120_c	-0.0	0.0	0.0	Inf	Inf
GLNabcpp	mobd_c	-0.0	-0.00011116411178591079	22.783353811084584	-0.0	0.0
GLNabcpp	hlipa_c	-0.0	0.0	0.0	Inf	Inf
GLNabcpp	pg120_c	-0.0	-0.059902806720984886	0.0	-0.0	Inf
GLNabcpp	mql8_c	0.0	0.0	0.0	Inf	Inf
GLNabcpp	mqn8_c	-0.0	0.0	0.0	Inf	Inf
GLNabcpp	mthgxl_c	-0.0	0.0	0.0	Inf	Inf
GLNabcpp	hqn_c	0.0	0.0	0.0	Inf	Inf
GLNabcpp	mththf_c	-0.0	-999.9996139416893	0.00038605831072402875	-0.0	0.0
GLNabcpp	n2o_c	-0.0	-1000.0	0.0	-0.0	Inf
GLNabcpp	na1_c	-0.0	-91.13341524433834	0.0	-0.0	Inf
GLNabcpp	nac_c	-0.0	0.0	0.0	Inf	Inf
GLNabcpp	ncam_c	-0.0	0.0	0.0	Inf	Inf
GLNabcpp	ni2_c	-0.0	-0.0002783411481266812	999.9997216588519	-0.0	0.0
GLNabcpp	no_c	-0.0	-1000.0	0.0	-0.0	Inf
GLNabcpp	indole_c	-0.0	-0.04898373338379238	0.45164872500727893	-0.0	0.0
GLNabcpp	no2_c	-0.0	-908.8665847556616	0.0	-0.0	Inf
GLNabcpp	no3_c	0.0	0.0	0.0	Inf	Inf
GLNabcpp	inost_c	0.0	0.0	0.0	Inf	Inf
GLNabcpp	o2_c	-0.0	-21.286526142565208	978.7134738574348	-0.0	0.0
GLNabcpp	poaac_c	-0.0	-6.509529660309876	0.0	-0.0	Inf
GLNabcpp	ppal_c	-0.0	0.0	0.0	Inf	Inf
GLNabcpp	k_c	-0.0	-0.16820508893588634	91.13341524433834	-0.0	0.0
GLNabcpp	psclys_c	-0.0	0.0	0.0	Inf	Inf
GLNabcpp	lald__D_c	-0.0	0.0	0.0	Inf	Inf
GLNabcpp	lald__L_c	-0.0	-2.713682748512202	0.0	-0.0	Inf
GLNabcpp	ura_c	-0.0	0.0	0.0	Inf	Inf
GLNabcpp	pydx_c	-0.0	0.0	0.5748869867852285	Inf	0.0
GLNabcpp	uracp_c	-0.0	-4.653736459559127	0.0	-0.0	Inf
GLNabcpp	pydxn_c	-0.0	0.0	0.5748869867852285	Inf	0.0
GLNabcpp	urate_c	-0.0	-1.195242999710704	0.0	-0.0	Inf
GLNabcpp	q8_c	-0.0	0.0	0.0	Inf	Inf
GLNabcpp	q8h2_c	0.0	0.0	0.0	Inf	Inf
GLNabcpp	urea_c	-0.0	-1000.0	0.0	-0.0	Inf
GLNabcpp	uri_c	-0.0	0.0	0.0	Inf	Inf
GLNabcpp	rbflvrd_c	-0.0	0.0	0.2656950881759137	Inf	0.0
GLNabcpp	rbl__L_c	-0.0	-1.0100640893778399	0.0	-0.0	Inf
GLNabcpp	rdmbzi_c	0.0	0.0	0.0	Inf	Inf
GLNabcpp	thptdn_c	0.0	0.0	0.0	Inf	Inf
GLNabcpp	xan_c	-0.0	0.0	0.0	Inf	Inf
GLNabcpp	rephaccoa_c	-0.0	-0.0004963606861565495	0.0	-0.0	Inf
GLNabcpp	rib__D_c	-0.0	0.0	1.072157826403981	Inf	0.0
GLNabcpp	xtsn_c	-0.0	0.0	0.0	Inf	Inf
GLNabcpp	rml_c	-0.0	-0.9045609161707335	0.0	-0.0	Inf
GLNabcpp	thym_c	-0.0	-91.13341524433834	0.0	-0.0	Inf
GLNabcpp	thymd_c	-0.0	-0.02254821821020414	0.0	-0.0	Inf
GLNabcpp	xu5p__L_c	-0.0	-0.831258514110874	0.0	-0.0	Inf
GLNabcpp	rmn_c	-0.0	-0.9045609161707335	0.0	-0.0	Inf
GLNabcpp	xyl__D_c	0.0	0.0	0.0	Inf	Inf
GLNabcpp	tmao_c	0.0	0.0	0.0	Inf	Inf
GLNabcpp	xylu__D_c	-0.0	0.0	0.0	Inf	Inf
GLNabcpp	xylu__L_c	-0.0	-1.0100640893778399	0.0	-0.0	Inf
GLNabcpp	12ppd__R_e	-0.0	-1000.0	0.0	-0.0	Inf
GLNabcpp	12ppd__S_e	-0.0	-1000.0	0.0	-0.0	Inf
GLNabcpp	tre_c	-0.0	-0.45228045808536677	0.0	-0.0	Inf
GLNabcpp	seln_c	0.0	0.0	0.0	Inf	Inf
GLNabcpp	34dhpac_e	-0.0	-1000.0	0.0	-0.0	Inf
GLNabcpp	slnt_c	0.0	0.0	0.0	Inf	Inf
GLNabcpp	so2_c	0.0	0.0	0.0	Inf	Inf
GLNabcpp	so3_c	-0.0	-0.21360054820049967	4.339686440206586	-0.0	0.0
GLNabcpp	so4_c	-0.0	-0.2173387646109441	91.13341524433834	-0.0	0.0
GLNabcpp	4hoxpacd_e	-0.0	-1000.0	0.0	-0.0	Inf
GLNabcpp	5mtr_e	-0.0	0.0	0.0	Inf	Inf
GLNabcpp	LalaDgluMdap_e	-0.0	-1000.0	0.0	-0.0	Inf
GLNabcpp	ac_e	-0.0	0.0	0.0	Inf	Inf
GLNabcpp	acald_e	-0.0	-1000.0	0.0	-0.0	Inf
GLNabcpp	acgal_e	-0.0	-1000.0	0.0	-0.0	Inf
GLNabcpp	acgam_e	-0.0	-1000.0	0.0	-0.0	Inf
GLNabcpp	acmana_e	-0.0	-1000.0	0.0	-0.0	Inf
GLNabcpp	tagur_c	-0.0	0.0	0.0	Inf	Inf
GLNabcpp	tartr__L_c	-0.0	-1.195242999710705	0.0	-0.0	Inf
GLNabcpp	ade_e	-0.0	-1000.0	0.0	-0.0	Inf
GLNabcpp	adn_e	-0.0	-1000.0	0.0	-0.0	Inf
GLNabcpp	all__D_e	-0.0	-1000.0	0.0	-0.0	Inf
GLNabcpp	cl_e	-0.0	-0.004485342650127677	999.9955146573499	-0.0	0.0
GLNabcpp	alltn_e	-0.0	0.0	0.0	Inf	Inf
GLNabcpp	cm_e	-0.0	-1000.0	0.0	-0.0	Inf
GLNabcpp	co2_e	-0.0	-976.8729253498302	23.12707465016979	-0.0	0.0
GLNabcpp	arab__L_e	-0.0	-1000.0	0.0	-0.0	Inf
GLNabcpp	arbt_e	-0.0	-1000.0	0.0	-0.0	Inf
GLNabcpp	unagamu_c	-0.0	0.0	0.05906248557636967	Inf	0.0
GLNabcpp	crn_e	-0.0	-1000.0	0.0	-0.0	Inf
GLNabcpp	csn_e	-0.0	-1000.0	0.0	-0.0	Inf
GLNabcpp	cyan_e	-0.0	-1000.0	0.0	-0.0	Inf
GLNabcpp	glyb_e	-0.0	-1000.0	0.0	-0.0	Inf
GLNabcpp	glyc_e	-0.0	-1000.0	0.0	-0.0	Inf
GLNabcpp	cytd_e	-0.0	-1000.0	0.0	-0.0	Inf
GLNabcpp	ca2_e	-0.0	-0.004485342650127677	999.9955146573499	-0.0	0.0
GLNabcpp	dad_2_e	-0.0	-1000.0	0.0	-0.0	Inf
GLNabcpp	dcyt_e	-0.0	-1000.0	0.0	-0.0	Inf
GLNabcpp	chol_e	-0.0	-1000.0	0.0	-0.0	Inf
GLNabcpp	dha_e	-0.0	-1000.0	0.0	-0.0	Inf
GLNabcpp	ppal_e	-0.0	-1000.0	0.0	-0.0	Inf
GLNabcpp	h2_e	-0.0	-1000.0	0.0	-0.0	Inf
GLNabcpp	dms_e	-0.0	-1000.0	0.0	-0.0	Inf
GLNabcpp	dmso_e	-0.0	-1000.0	0.0	-0.0	Inf
GLNabcpp	h2o2_e	-0.0	-1000.0	0.0	-0.0	Inf
GLNabcpp	psclys_e	-0.0	-1000.0	0.0	-0.0	Inf
GLNabcpp	duri_e	-0.0	-1000.0	0.0	-0.0	Inf
GLNabcpp	pydx_e	-0.0	-1000.0	0.0	-0.0	Inf
GLNabcpp	pydxn_e	-0.0	-1000.0	0.0	-0.0	Inf
GLNabcpp	etoh_e	-0.0	-1000.0	0.0	-0.0	Inf
GLNabcpp	fald_e	-0.0	0.0	0.0	Inf	Inf
GLNabcpp	rib__D_e	-0.0	-1000.0	0.0	-0.0	Inf
GLNabcpp	rmn_e	-0.0	-1000.0	0.0	-0.0	Inf
GLNabcpp	indole_e	-0.0	-1000.0	0.0	-0.0	Inf
GLNabcpp	inost_e	-0.0	-1000.0	0.0	-0.0	Inf
GLNabcpp	sbt__D_e	-0.0	-1.356841374256101	0.0	-0.0	Inf
GLNabcpp	k_e	-0.0	-0.16820508893590613	999.8317949110641	-0.0	0.0
GLNabcpp	for_e	-0.0	0.0	0.0021138415994883634	Inf	0.0
GLNabcpp	slnt_e	-0.0	-1000.0	0.0	-0.0	Inf
GLNabcpp	fru_e	-0.0	-1000.0	0.0	-0.0	Inf
GLNabcpp	so2_e	-0.0	-1000.0	0.0	-0.0	Inf
GLNabcpp	so3_e	-0.0	-1000.0	0.0	-0.0	Inf
GLNabcpp	so4_e	-0.0	-0.2173387646109441	999.782661235389	-0.0	0.0
GLNabcpp	lipa_cold_e	-0.0	-1000.0	0.0	-0.0	Inf
GLNabcpp	sucr_e	-0.0	-0.5427365497024405	0.472193861369629	-0.0	0.0
GLNabcpp	g3pe_e	-0.0	-1000.0	0.0	-0.0	Inf
GLNabcpp	malt_e	-0.0	-1000.0	0.0	-0.0	Inf
GLNabcpp	tartr__L_e	-0.0	-1000.0	0.0	-0.0	Inf
GLNabcpp	g3pi_e	-0.0	-1000.0	0.0	-0.0	Inf
GLNabcpp	malthx_e	-0.0	-1000.0	0.0	-0.0	Inf
GLNabcpp	maltpt_e	-0.0	-1000.0	0.0	-0.0	Inf
GLNabcpp	gal_e	-0.0	-1000.0	0.0	-0.0	Inf
GLNabcpp	gal_bD_e	-0.0	-1000.0	0.0	-0.0	Inf
GLNabcpp	malttr_e	-0.0	-1000.0	0.0	-0.0	Inf
GLNabcpp	maltttr_e	-0.0	-1000.0	0.0	-0.0	Inf
GLNabcpp	man_e	-0.0	-1000.0	0.0	-0.0	Inf
GLNabcpp	thym_e	-0.0	-1000.0	0.0	-0.0	Inf
GLNabcpp	thymd_e	-0.0	-1000.0	0.0	-0.0	Inf
GLNabcpp	galt_e	-0.0	-0.9045609161707335	0.0	-0.0	Inf
GLNabcpp	melib_e	-0.0	-1000.0	0.0	-0.0	Inf
GLNabcpp	meoh_e	-0.0	-999.9999982765254	1.7234746110261767e-06	-0.0	0.0
GLNabcpp	tmao_e	-0.0	-1000.0	0.0	-0.0	Inf
GLNabcpp	tre_e	-0.0	-1000.0	0.0	-0.0	Inf
GLNabcpp	metsox_S__L_e	-0.0	-1000.0	0.0	-0.0	Inf
GLNabcpp	glc__D_e	-0.0	-1000.0	0.0	-0.0	Inf
GLNabcpp	mg2_e	-0.0	-0.007475571083546129	999.9925244289165	-0.0	0.0
GLNabcpp	mnl_e	-0.0	-1000.0	0.0	-0.0	Inf
GLNabcpp	mobd_e	-0.0	-0.00011116411178591079	999.9998888358882	-0.0	0.0
GLNabcpp	glyald_e	-0.0	-1000.0	0.0	-0.0	Inf
GLNabcpp	n2o_e	-0.0	-1000.0	0.0	-0.0	Inf
GLNabcpp	na1_e	-0.0	-1000.0	0.0	-0.0	Inf
GLNabcpp	nac_e	-0.0	-1000.0	0.0	-0.0	Inf
GLNabcpp	ni2_e	-0.0	-0.00027834114814595523	999.9997216588519	-0.0	0.0
GLNabcpp	no_e	-0.0	-1000.0	0.0	-0.0	Inf
GLNabcpp	no2_e	-0.0	-1000.0	0.0	-0.0	Inf
GLNabcpp	ura_e	-0.0	-1000.0	0.0	-0.0	Inf
GLNabcpp	no3_e	-0.0	-1000.0	0.0	-0.0	Inf
GLNabcpp	urea_e	-0.0	-1000.0	0.0	-0.0	Inf
GLNabcpp	novbcn_e	-0.0	-1000.0	0.0	-0.0	Inf
GLNabcpp	uri_e	-0.0	-1000.0	0.0	-0.0	Inf
GLNabcpp	o2_e	-0.0	-21.286526142565208	978.7134738574348	-0.0	0.0
GLNabcpp	xan_e	-0.0	0.0	0.0	Inf	Inf
GLNabcpp	xtsn_e	-0.0	-1000.0	0.0	-0.0	Inf
GLNabcpp	xyl__D_e	-0.0	-1000.0	0.0	-0.0	Inf
GLNabcpp	xylu__L_e	-0.0	-1000.0	0.0	-0.0	Inf
GLNabcpp	pacald_e	-0.0	-1000.0	0.0	-0.0	Inf
GLNabcpp	12dgr120_p	-0.0	0.0	0.0	Inf	Inf
GLNabcpp	12dgr140_p	-0.0	0.0	0.0	Inf	Inf
GLNabcpp	12dgr160_p	-0.0	-0.05499090410698462	0.0	-0.0	Inf
GLNabcpp	12dgr180_p	-0.0	0.0	0.0	Inf	Inf
GLNabcpp	12ppd__R_p	-0.0	-1000.0	0.0	-0.0	Inf
GLNabcpp	12ppd__S_p	-0.0	0.0	0.0	Inf	Inf
GLNabcpp	chol_p	-0.0	-1000.0	0.0	-0.0	Inf
GLNabcpp	cl_p	-0.0	-0.004485342650127677	999.9955146573499	-0.0	0.0
GLNabcpp	34dhpac_p	-0.0	-1000.0	0.0	-0.0	Inf
GLNabcpp	cm_p	-0.0	0.0	0.0	Inf	Inf
GLNabcpp	4hoxpacd_p	-0.0	-1000.0	0.0	-0.0	Inf
GLNabcpp	co2_p	-0.0	-976.8729253498302	23.12707465016979	-0.0	0.0
GLNabcpp	5mtr_p	-0.0	0.0	0.0	Inf	Inf
GLNabcpp	LalaDgluMdap_p	-0.0	-0.023945956111901603	0.0	-0.0	Inf
GLNabcpp	gal_p	-0.0	-1000.0	0.0	-0.0	Inf
GLNabcpp	ac_p	-0.0	-2.713682748512202	0.0	-0.0	Inf
GLNabcpp	crn_p	-0.0	-1000.0	0.0	-0.0	Inf
GLNabcpp	gal_bD_p	-0.0	-1000.0	0.0	-0.0	Inf
GLNabcpp	acald_p	-0.0	-1000.0	0.0	-0.0	Inf
GLNabcpp	acgal_p	-0.0	-1000.0	0.0	-0.0	Inf
GLNabcpp	csn_p	-0.0	0.0	0.0	Inf	Inf
GLNabcpp	acgam_p	-0.0	-1000.0	0.0	-0.0	Inf
GLNabcpp	galt_p	-0.0	-0.9045609161707335	0.0	-0.0	Inf
GLNabcpp	acmana_p	-0.0	-1000.0	0.0	-0.0	Inf
GLNabcpp	cyan_p	-0.0	0.0	0.0	Inf	Inf
GLNabcpp	ade_p	-0.0	-1000.0	0.0	-0.0	Inf
GLNabcpp	adn_p	-0.0	0.0	0.0005799492033819336	Inf	0.0
GLNabcpp	cytd_p	-0.0	0.0	0.0	Inf	Inf
GLNabcpp	glc__D_p	-0.0	-1000.0	0.0	-0.0	Inf
GLNabcpp	dad_2_p	-0.0	-1000.0	0.0	-0.0	Inf
GLNabcpp	dcyt_p	-0.0	-1000.0	0.0	-0.0	Inf
GLNabcpp	all__D_p	-0.0	0.0	0.0	Inf	Inf
GLNabcpp	alltn_p	-0.0	0.0	0.0	Inf	Inf
GLNabcpp	dha_p	-0.0	-1000.0	0.0	-0.0	Inf
GLNabcpp	glyald_p	-0.0	-1000.0	0.0	-0.0	Inf
GLNabcpp	glyb_p	0.0	0.0	0.0	Inf	Inf
GLNabcpp	dms_p	-0.0	-1000.0	0.0	-0.0	Inf
GLNabcpp	glyc_p	-0.0	-0.11980561344196977	0.0	-0.0	Inf
GLNabcpp	dmso_p	-0.0	-1000.0	0.0	-0.0	Inf
GLNabcpp	arab__L_p	-0.0	0.0	0.0	Inf	Inf
GLNabcpp	arbt_p	0.0	0.0	0.0	Inf	Inf
GLNabcpp	ca2_p	-0.0	-0.004485342650127677	999.9955146573499	-0.0	0.0
GLNabcpp	duri_p	-0.0	-1000.0	0.0	-0.0	Inf
GLNabcpp	h2_p	-0.0	-1000.0	0.0	-0.0	Inf
GLNabcpp	h2o2_p	-0.0	-1000.0	0.0	-0.0	Inf
GLNabcpp	etoh_p	-0.0	-1000.0	0.0	-0.0	Inf
GLNabcpp	fald_p	-0.0	0.0	0.0	Inf	Inf
GLNabcpp	n2o_p	-0.0	-1000.0	0.0	-0.0	Inf
GLNabcpp	na1_p	-0.0	-1000.0	0.0	-0.0	Inf
GLNabcpp	indole_p	-0.0	0.0	0.45164872500727893	Inf	0.0
GLNabcpp	nac_p	-0.0	-1000.0	0.0	-0.0	Inf
GLNabcpp	ni2_p	-0.0	-0.00027834114814595523	999.9997216588519	-0.0	0.0
GLNabcpp	inost_p	-0.0	-1000.0	0.0	-0.0	Inf
GLNabcpp	no_p	-0.0	-1000.0	0.0	-0.0	Inf
GLNabcpp	no2_p	-0.0	-1000.0	0.0	-0.0	Inf
GLNabcpp	for_p	-0.0	-7.924570686747571	0.0021138415994883634	-0.0	0.0
GLNabcpp	fru_p	-0.0	-1000.0	0.0	-0.0	Inf
GLNabcpp	no3_p	-0.0	0.0	0.0	Inf	Inf
GLNabcpp	k_p	-0.0	-0.16820508893590613	999.8317949110641	-0.0	0.0
GLNabcpp	novbcn_p	-0.0	0.0	0.0	Inf	Inf
GLNabcpp	o2_p	-0.0	-21.286526142565208	978.7134738574348	-0.0	0.0
GLNabcpp	lipa_cold_p	-0.0	-22.783353811084584	0.0	-0.0	Inf
GLNabcpp	g3pe_p	-0.0	0.0	0.0	Inf	Inf
GLNabcpp	g3pi_p	-0.0	0.0	0.0	Inf	Inf
GLNabcpp	so3_p	-0.0	-1000.0	0.0	-0.0	Inf
GLNabcpp	so4_p	-0.0	-0.2173387646109441	999.782661235389	-0.0	0.0
GLNabcpp	malt_p	0.0	0.0	0.0	Inf	Inf
GLNabcpp	malthx_p	0.0	0.0	0.0	Inf	Inf
GLNabcpp	maltpt_p	0.0	0.0	0.0	Inf	Inf
GLNabcpp	sucr_p	-0.0	-0.5427365497024405	0.472193861369629	-0.0	0.0
GLNabcpp	malttr_p	0.0	0.0	0.0	Inf	Inf
GLNabcpp	maltttr_p	0.0	0.0	0.0	Inf	Inf
GLNabcpp	pacald_p	-0.0	-1000.0	0.0	-0.0	Inf
GLNabcpp	man_p	-0.0	-1000.0	0.0	-0.0	Inf
GLNabcpp	tartr__L_p	-0.0	-1000.0	0.0	-0.0	Inf
GLNabcpp	pe120_p	-0.0	0.0	0.0	Inf	Inf
GLNabcpp	melib_p	-0.0	-1000.0	0.0	-0.0	Inf
GLNabcpp	meoh_p	-0.0	-999.9999982765254	1.7234746110261767e-06	-0.0	0.0
GLNabcpp	thym_p	-0.0	-1000.0	0.0	-0.0	Inf
GLNabcpp	thymd_p	-0.0	-0.02254821821020414	0.0	-0.0	Inf
GLNabcpp	pg120_p	-0.0	-0.059902806720984886	0.0	-0.0	Inf
GLNabcpp	metsox_S__L_p	-0.0	-1000.0	0.0	-0.0	Inf
GLNabcpp	tmao_p	-0.0	-1000.0	0.0	-0.0	Inf
GLNabcpp	mg2_p	-0.0	-0.007475571083546129	999.9925244289165	-0.0	0.0
GLNabcpp	tre_p	-0.0	0.0	0.0	Inf	Inf
GLNabcpp	mnl_p	-0.0	0.0	0.0	Inf	Inf
GLNabcpp	mobd_p	-0.0	-0.00011116411178591079	999.9998888358882	-0.0	0.0
GLNabcpp	ura_p	-0.0	-1000.0	0.0	-0.0	Inf
GLNabcpp	urea_p	-0.0	-1000.0	0.0	-0.0	Inf
GLNabcpp	uri_p	-0.0	0.0	0.0	Inf	Inf
GLNabcpp	xan_p	-0.0	0.0	0.0	Inf	Inf
GLNabcpp	xtsn_p	-0.0	0.0	0.0	Inf	Inf
GLNabcpp	xyl__D_p	-0.0	-1000.0	0.0	-0.0	Inf
GLNabcpp	xylu__L_p	-0.0	0.0	0.0	Inf	Inf
GLNabcpp	ppal_p	-0.0	0.0	0.0	Inf	Inf
GLNabcpp	psclys_p	-0.0	-1000.0	0.0	-0.0	Inf
GLNabcpp	pydx_p	-0.0	0.0	0.0	Inf	Inf
GLNabcpp	pydxn_p	-0.0	0.0	0.0	Inf	Inf
GLNabcpp	rib__D_p	-0.0	-1000.0	0.0	-0.0	Inf
GLNabcpp	rmn_p	-0.0	-1000.0	0.0	-0.0	Inf
GLNabcpp	sbt__D_p	-0.0	-1.356841374256101	0.0	-0.0	Inf
GLNabcpp	slnt_p	-0.0	-1000.0	0.0	-0.0	Inf
GLNabcpp	so2_p	-0.0	-1000.0	0.0	-0.0	Inf
