Reaction	Metabolite	ShadowPrice	G-	G+	DecrementalShadowPrice	IncrementalShadowPrice
GALt2pp	12dgr120_c	-0.0	0.0	0.0	Inf	Inf
GALt2pp	12dgr140_c	-0.0	0.0	0.0	Inf	Inf
GALt2pp	12dgr160_c	-0.0	-0.05499090410698462	0.0	-0.0	Inf
GALt2pp	12dgr180_c	-0.0	0.0	0.0	Inf	Inf
GALt2pp	12ppd__R_c	-0.0	-1000.0	0.0	-0.0	Inf
GALt2pp	12ppd__S_c	-0.0	0.0	0.0	Inf	Inf
GALt2pp	5drib_c	-0.0	-999.9998061091073	0.0001938908926579049	-0.0	0.0
GALt2pp	5mta_c	-0.0	0.0	0.0	Inf	Inf
GALt2pp	23dhacoa_c	-0.0	-0.0004963606861565495	0.0	-0.0	Inf
GALt2pp	5mtr_c	-0.0	0.0	0.0	Inf	Inf
GALt2pp	3amac_c	-0.0	-7.924570686747571	0.0	-0.0	Inf
GALt2pp	LalaDgluMdap_c	-0.0	-0.023945956111901603	0.0	-0.0	Inf
GALt2pp	ac_c	-0.0	-2.713682748512202	0.5020274696945535	-0.0	0.0
GALt2pp	acald_c	-0.0	0.0	2.463065276874011	Inf	0.0
GALt2pp	acetol_c	-0.0	0.0	0.0	Inf	Inf
GALt2pp	acgam_c	-0.0	-0.08142383406871237	0.0	-0.0	Inf
GALt2pp	acgam6p_c	-0.0	-0.08142383406871237	0.0	-0.0	Inf
GALt2pp	acmalt_c	0.0	0.0	0.0	Inf	Inf
GALt2pp	acmana_c	-0.0	-0.08142383406871237	0.0	-0.0	Inf
GALt2pp	2dmmq8_c	-0.0	0.0	0.0	Inf	Inf
GALt2pp	2dmmql8_c	0.0	0.0	0.0	Inf	Inf
GALt2pp	ade_c	-0.0	-0.0962233104719417	0.0005799492033819336	-0.0	0.0
GALt2pp	adn_c	-0.0	0.0	0.0005799492033819336	Inf	0.0
GALt2pp	3sala_c	0.0	0.0	0.0	Inf	Inf
GALt2pp	adphep_DD_c	-0.0	0.0	0.0	Inf	Inf
GALt2pp	adphep_LD_c	-0.0	0.0	0.0	Inf	Inf
GALt2pp	4ahmmp_c	0.0	0.0	0.0	Inf	Inf
GALt2pp	4crsol_c	-0.0	-999.999807832582	0.0001921674180565013	-0.0	0.0
GALt2pp	2ohph_c	-0.0	-0.0001921674180565013	0.0862189358981442	-0.0	0.0
GALt2pp	2ombzl_c	-0.0	0.0	0.0	Inf	Inf
GALt2pp	2omhmbl_c	-0.0	0.0	0.0	Inf	Inf
GALt2pp	2ommbl_c	0.0	0.0	0.0	Inf	Inf
GALt2pp	2omph_c	-0.0	0.0	0.07756035339943697	Inf	0.0
GALt2pp	4mhetz_c	0.0	0.0	0.0	Inf	Inf
GALt2pp	2oph_c	-0.0	-0.0001921674180565013	0.08630058261774472	-0.0	0.0
GALt2pp	2oxpaccoa_c	-0.0	-0.0004963606861565495	0.0	-0.0	Inf
GALt2pp	all__D_c	-0.0	-0.9045609161707335	0.0	-0.0	Inf
GALt2pp	alltn_c	-0.0	-1.195242999710704	0.0	-0.0	Inf
GALt2pp	4r5au_c	-0.0	-0.00038433483644695555	0.5207623728247909	-0.0	0.0
GALt2pp	56dura_c	0.0	0.0	0.0	Inf	Inf
GALt2pp	arab__L_c	-0.0	-1.0100640893778399	0.0	-0.0	Inf
GALt2pp	etoh_c	-0.0	-1000.0	0.0	-0.0	Inf
GALt2pp	csn_c	-0.0	0.0	0.15589258638441147	Inf	0.0
GALt2pp	fald_c	-0.0	0.0	0.0	Inf	Inf
GALt2pp	fc1p_c	-0.0	-0.8312585141108747	0.0	-0.0	Inf
GALt2pp	fcl__L_c	-0.0	0.0	0.0	Inf	Inf
GALt2pp	aso4_c	0.0	0.0	0.0	Inf	Inf
GALt2pp	cyan_c	0.0	0.0	0.0	Inf	Inf
GALt2pp	athtp_c	0.0	0.0	0.0	Inf	Inf
GALt2pp	cytd_c	-0.0	0.0	0.0	Inf	Inf
GALt2pp	dad_2_c	-0.0	0.0	0.0	Inf	Inf
GALt2pp	dad_5_c	-0.0	-0.0962233104719417	0.0001938908926579049	-0.0	0.0
GALt2pp	betald_c	0.0	0.0	0.0	Inf	Inf
GALt2pp	btal_c	-0.0	-129.8380835365231	0.0	-0.0	Inf
GALt2pp	for_c	-0.0	-7.924570686747571	0.0021138415994883634	-0.0	0.0
GALt2pp	dcyt_c	-0.0	-0.02254821821020414	0.0	-0.0	Inf
GALt2pp	fru_c	-0.0	-0.9045609161707335	0.9395197447869937	-0.0	0.0
GALt2pp	ca2_c	-0.0	-0.004485342650127677	908.8665847556616	-0.0	0.0
GALt2pp	g3pe_c	-0.0	0.0	0.0	Inf	Inf
GALt2pp	g3pi_c	0.0	0.0	0.0	Inf	Inf
GALt2pp	cbm_c	-0.0	-3.9622853433737855	0.0	-0.0	Inf
GALt2pp	dha_c	-0.0	-2.713682748512202	1.8986128175903831	-0.0	0.0
GALt2pp	gal_c	-0.0	-0.9045609161707335	0.0	-0.0	Inf
GALt2pp	dhgly_c	-0.0	-0.0001921674180565013	0.33282930813881617	-0.0	0.0
GALt2pp	dhmptp_c	0.0	0.0	0.0	Inf	Inf
GALt2pp	gcald_c	-0.0	-1.195242999710704	0.0005765022540344944	-0.0	0.0
GALt2pp	dhptd_c	-0.0	-41.00698916928911	0.00038605831072402875	-0.0	0.0
GALt2pp	cechddd_c	-0.0	0.0	0.0	Inf	Inf
GALt2pp	dhptdn_c	0.0	0.0	0.0	Inf	Inf
GALt2pp	chol_c	0.0	0.0	0.0	Inf	Inf
GALt2pp	chtbs6p_c	-0.0	0.0	0.0	Inf	Inf
GALt2pp	dmbzid_c	0.0	0.0	0.0	Inf	Inf
GALt2pp	dms_c	0.0	0.0	0.0	Inf	Inf
GALt2pp	dmso_c	0.0	0.0	0.0	Inf	Inf
GALt2pp	cl_c	-0.0	-0.004485342650127677	999.9955146573499	-0.0	0.0
GALt2pp	glc__D_c	-0.0	-0.9045609161707335	0.9395197447869937	-0.0	0.0
GALt2pp	co2_c	-0.0	-976.8729253498302	23.124960808570336	-0.0	0.0
GALt2pp	dscl_c	-0.0	-0.0001921674180565013	0.09630086580666253	-0.0	0.0
GALt2pp	dtdp4aaddg_c	-0.0	0.0	0.0	Inf	Inf
GALt2pp	glyald_c	-0.0	-1000.0	0.0	-0.0	Inf
GALt2pp	crn_c	-0.0	-908.8665847556616	0.0	-0.0	Inf
GALt2pp	duri_c	-0.0	-0.02254821821020414	0.0	-0.0	Inf
GALt2pp	glyb_c	0.0	0.0	0.0	Inf	Inf
GALt2pp	glyc_c	-0.0	-0.11980561344196977	0.0	-0.0	Inf
GALt2pp	dxyl_c	0.0	0.0	0.0	Inf	Inf
GALt2pp	glycogen_c	-0.0	-0.9045609161707335	0.0	-0.0	Inf
GALt2pp	gmhep1p_c	-0.0	0.0	0.7469952069208066	Inf	0.0
GALt2pp	lipa_cold_c	-0.0	0.0	0.0	Inf	Inf
GALt2pp	lipidA_c	-0.0	-0.016765960922441536	0.06445078871593944	-0.0	0.0
GALt2pp	malt_c	0.0	0.0	0.0	Inf	Inf
GALt2pp	h2_c	-0.0	0.0	0.0	Inf	Inf
GALt2pp	malthx_c	-0.0	0.0	0.0	Inf	Inf
GALt2pp	maltpt_c	-0.0	0.0	0.0	Inf	Inf
GALt2pp	malttr_c	-0.0	0.0	0.0	Inf	Inf
GALt2pp	maltttr_c	-0.0	0.0	0.0	Inf	Inf
GALt2pp	h2o2_c	-0.0	-42.573052285130416	0.0021552049898900805	-0.0	0.0
GALt2pp	man_c	-0.0	0.0	0.0	Inf	Inf
GALt2pp	mdhdhf_c	-0.0	-41.00698916928911	0.00038605831072402875	-0.0	0.0
GALt2pp	melib_c	-0.0	0.0	0.0	Inf	Inf
GALt2pp	meoh_c	-0.0	-999.9999982765254	1.7234746110261767e-06	-0.0	0.0
GALt2pp	pacald_c	-0.0	-908.8665847556616	0.0	-0.0	Inf
GALt2pp	metsox_S__L_c	-0.0	-0.09622331047194166	0.0	-0.0	Inf
GALt2pp	mg2_c	-0.0	-0.007475571083546129	454.4332923778308	-0.0	0.0
GALt2pp	hhlipa_c	-0.0	0.0	0.0	Inf	Inf
GALt2pp	pe120_c	-0.0	0.0	0.0	Inf	Inf
GALt2pp	mobd_c	-0.0	-0.00011116411178591079	22.783353811084584	-0.0	0.0
GALt2pp	hlipa_c	-0.0	0.0	0.0	Inf	Inf
GALt2pp	pg120_c	-0.0	-0.059902806720984886	0.0	-0.0	Inf
GALt2pp	mql8_c	0.0	0.0	0.0	Inf	Inf
GALt2pp	mqn8_c	-0.0	0.0	0.0	Inf	Inf
GALt2pp	mthgxl_c	-0.0	0.0	0.0	Inf	Inf
GALt2pp	hqn_c	0.0	0.0	0.0	Inf	Inf
GALt2pp	mththf_c	-0.0	-999.9996139416893	0.00038605831072402875	-0.0	0.0
GALt2pp	n2o_c	-0.0	-1000.0	0.0	-0.0	Inf
GALt2pp	na1_c	-0.0	-91.13341524433834	0.0	-0.0	Inf
GALt2pp	nac_c	-0.0	0.0	0.0	Inf	Inf
GALt2pp	ncam_c	-0.0	0.0	0.0	Inf	Inf
GALt2pp	ni2_c	-0.0	-0.0002783411481266812	999.9997216588519	-0.0	0.0
GALt2pp	no_c	-0.0	-1000.0	0.0	-0.0	Inf
GALt2pp	indole_c	-0.0	-0.04898373338379238	0.45164872500727893	-0.0	0.0
GALt2pp	no2_c	-0.0	-908.8665847556616	0.0	-0.0	Inf
GALt2pp	no3_c	0.0	0.0	0.0	Inf	Inf
GALt2pp	inost_c	0.0	0.0	0.0	Inf	Inf
GALt2pp	o2_c	-0.0	-21.286526142565208	978.7134738574348	-0.0	0.0
GALt2pp	poaac_c	-0.0	-6.509529660309876	0.0	-0.0	Inf
GALt2pp	ppal_c	-0.0	0.0	0.0	Inf	Inf
GALt2pp	k_c	-0.0	-0.16820508893588634	91.13341524433834	-0.0	0.0
GALt2pp	psclys_c	-0.0	0.0	0.0	Inf	Inf
GALt2pp	lald__D_c	-0.0	0.0	0.0	Inf	Inf
GALt2pp	lald__L_c	-0.0	-2.713682748512202	0.0	-0.0	Inf
GALt2pp	ura_c	-0.0	0.0	0.0	Inf	Inf
GALt2pp	pydx_c	-0.0	0.0	0.5748869867852285	Inf	0.0
GALt2pp	uracp_c	-0.0	-4.653736459559127	0.0	-0.0	Inf
GALt2pp	pydxn_c	-0.0	0.0	0.5748869867852285	Inf	0.0
GALt2pp	urate_c	-0.0	-1.195242999710704	0.0	-0.0	Inf
GALt2pp	q8_c	-0.0	0.0	0.0	Inf	Inf
GALt2pp	q8h2_c	0.0	0.0	0.0	Inf	Inf
GALt2pp	urea_c	-0.0	-1000.0	0.0	-0.0	Inf
GALt2pp	uri_c	-0.0	0.0	0.0	Inf	Inf
GALt2pp	rbflvrd_c	-0.0	0.0	0.2656950881759137	Inf	0.0
GALt2pp	rbl__L_c	-0.0	-1.0100640893778399	0.0	-0.0	Inf
GALt2pp	rdmbzi_c	0.0	0.0	0.0	Inf	Inf
GALt2pp	thptdn_c	0.0	0.0	0.0	Inf	Inf
GALt2pp	xan_c	-0.0	0.0	0.0	Inf	Inf
GALt2pp	rephaccoa_c	-0.0	-0.0004963606861565495	0.0	-0.0	Inf
GALt2pp	rib__D_c	-0.0	0.0	1.072157826403981	Inf	0.0
GALt2pp	xtsn_c	-0.0	0.0	0.0	Inf	Inf
GALt2pp	rml_c	-0.0	-0.9045609161707335	0.0	-0.0	Inf
GALt2pp	thym_c	-0.0	-91.13341524433834	0.0	-0.0	Inf
GALt2pp	thymd_c	-0.0	-0.02254821821020414	0.0	-0.0	Inf
GALt2pp	xu5p__L_c	-0.0	-0.831258514110874	0.0	-0.0	Inf
GALt2pp	rmn_c	-0.0	-0.9045609161707335	0.0	-0.0	Inf
GALt2pp	xyl__D_c	0.0	0.0	0.0	Inf	Inf
GALt2pp	tmao_c	0.0	0.0	0.0	Inf	Inf
GALt2pp	xylu__D_c	-0.0	0.0	0.0	Inf	Inf
GALt2pp	xylu__L_c	-0.0	-1.0100640893778399	0.0	-0.0	Inf
GALt2pp	12ppd__R_e	-0.0	-1000.0	0.0	-0.0	Inf
GALt2pp	12ppd__S_e	-0.0	-1000.0	0.0	-0.0	Inf
GALt2pp	tre_c	-0.0	-0.45228045808536677	0.0	-0.0	Inf
GALt2pp	seln_c	0.0	0.0	0.0	Inf	Inf
GALt2pp	34dhpac_e	-0.0	-1000.0	0.0	-0.0	Inf
GALt2pp	slnt_c	0.0	0.0	0.0	Inf	Inf
GALt2pp	so2_c	0.0	0.0	0.0	Inf	Inf
GALt2pp	so3_c	-0.0	-0.21360054820049967	4.339686440206586	-0.0	0.0
GALt2pp	so4_c	-0.0	-0.2173387646109441	91.13341524433834	-0.0	0.0
GALt2pp	4hoxpacd_e	-0.0	-1000.0	0.0	-0.0	Inf
GALt2pp	5mtr_e	-0.0	0.0	0.0	Inf	Inf
GALt2pp	LalaDgluMdap_e	-0.0	-1000.0	0.0	-0.0	Inf
GALt2pp	ac_e	-0.0	0.0	0.0	Inf	Inf
GALt2pp	acald_e	-0.0	-1000.0	0.0	-0.0	Inf
GALt2pp	acgal_e	-0.0	-1000.0	0.0	-0.0	Inf
GALt2pp	acgam_e	-0.0	-1000.0	0.0	-0.0	Inf
GALt2pp	acmana_e	-0.0	-1000.0	0.0	-0.0	Inf
GALt2pp	tagur_c	-0.0	0.0	0.0	Inf	Inf
GALt2pp	tartr__L_c	-0.0	-1.195242999710705	0.0	-0.0	Inf
GALt2pp	ade_e	-0.0	-1000.0	0.0	-0.0	Inf
GALt2pp	adn_e	-0.0	-1000.0	0.0	-0.0	Inf
GALt2pp	all__D_e	-0.0	-1000.0	0.0	-0.0	Inf
GALt2pp	cl_e	-0.0	-0.004485342650127677	999.9955146573499	-0.0	0.0
GALt2pp	alltn_e	-0.0	0.0	0.0	Inf	Inf
GALt2pp	cm_e	-0.0	-1000.0	0.0	-0.0	Inf
GALt2pp	co2_e	-0.0	-976.8729253498302	23.12707465016979	-0.0	0.0
GALt2pp	arab__L_e	-0.0	-1000.0	0.0	-0.0	Inf
GALt2pp	arbt_e	-0.0	-1000.0	0.0	-0.0	Inf
GALt2pp	unagamu_c	-0.0	0.0	0.05906248557636967	Inf	0.0
GALt2pp	crn_e	-0.0	-1000.0	0.0	-0.0	Inf
GALt2pp	csn_e	-0.0	-1000.0	0.0	-0.0	Inf
GALt2pp	cyan_e	-0.0	-1000.0	0.0	-0.0	Inf
GALt2pp	glyb_e	-0.0	-1000.0	0.0	-0.0	Inf
GALt2pp	glyc_e	-0.0	-1000.0	0.0	-0.0	Inf
GALt2pp	cytd_e	-0.0	-1000.0	0.0	-0.0	Inf
GALt2pp	ca2_e	-0.0	-0.004485342650127677	999.9955146573499	-0.0	0.0
GALt2pp	dad_2_e	-0.0	-1000.0	0.0	-0.0	Inf
GALt2pp	dcyt_e	-0.0	-1000.0	0.0	-0.0	Inf
GALt2pp	chol_e	-0.0	-1000.0	0.0	-0.0	Inf
GALt2pp	dha_e	-0.0	-1000.0	0.0	-0.0	Inf
GALt2pp	ppal_e	-0.0	-1000.0	0.0	-0.0	Inf
GALt2pp	h2_e	-0.0	-1000.0	0.0	-0.0	Inf
GALt2pp	dms_e	-0.0	-1000.0	0.0	-0.0	Inf
GALt2pp	dmso_e	-0.0	-1000.0	0.0	-0.0	Inf
GALt2pp	h2o2_e	-0.0	-1000.0	0.0	-0.0	Inf
GALt2pp	psclys_e	-0.0	-1000.0	0.0	-0.0	Inf
GALt2pp	duri_e	-0.0	-1000.0	0.0	-0.0	Inf
GALt2pp	pydx_e	-0.0	-1000.0	0.0	-0.0	Inf
GALt2pp	pydxn_e	-0.0	-1000.0	0.0	-0.0	Inf
GALt2pp	etoh_e	-0.0	-1000.0	0.0	-0.0	Inf
GALt2pp	fald_e	-0.0	0.0	0.0	Inf	Inf
GALt2pp	rib__D_e	-0.0	-1000.0	0.0	-0.0	Inf
GALt2pp	rmn_e	-0.0	-1000.0	0.0	-0.0	Inf
GALt2pp	indole_e	-0.0	-1000.0	0.0	-0.0	Inf
GALt2pp	inost_e	-0.0	-1000.0	0.0	-0.0	Inf
GALt2pp	sbt__D_e	-0.0	-1.356841374256101	0.0	-0.0	Inf
GALt2pp	k_e	-0.0	-0.16820508893590613	999.8317949110641	-0.0	0.0
GALt2pp	for_e	-0.0	0.0	0.0021138415994883634	Inf	0.0
GALt2pp	slnt_e	-0.0	-1000.0	0.0	-0.0	Inf
GALt2pp	fru_e	-0.0	-1000.0	0.0	-0.0	Inf
GALt2pp	so2_e	-0.0	-1000.0	0.0	-0.0	Inf
GALt2pp	so3_e	-0.0	-1000.0	0.0	-0.0	Inf
GALt2pp	so4_e	-0.0	-0.2173387646109441	999.782661235389	-0.0	0.0
GALt2pp	lipa_cold_e	-0.0	-1000.0	0.0	-0.0	Inf
GALt2pp	sucr_e	-0.0	-0.5427365497024405	0.472193861369629	-0.0	0.0
GALt2pp	g3pe_e	-0.0	-1000.0	0.0	-0.0	Inf
GALt2pp	malt_e	-0.0	-1000.0	0.0	-0.0	Inf
GALt2pp	tartr__L_e	-0.0	-1000.0	0.0	-0.0	Inf
GALt2pp	g3pi_e	-0.0	-1000.0	0.0	-0.0	Inf
GALt2pp	malthx_e	-0.0	-1000.0	0.0	-0.0	Inf
GALt2pp	maltpt_e	-0.0	-1000.0	0.0	-0.0	Inf
GALt2pp	gal_e	-1.0	-0.9045609161707335	0.0	-1.0	Inf
GALt2pp	gal_bD_e	-1.0	0.0	0.0	Inf	Inf
GALt2pp	malttr_e	-0.0	-1000.0	0.0	-0.0	Inf
GALt2pp	maltttr_e	-0.0	-1000.0	0.0	-0.0	Inf
GALt2pp	man_e	-0.0	-1000.0	0.0	-0.0	Inf
GALt2pp	thym_e	-0.0	-1000.0	0.0	-0.0	Inf
GALt2pp	thymd_e	-0.0	-1000.0	0.0	-0.0	Inf
GALt2pp	galt_e	-0.0	-0.9045609161707335	0.0	-0.0	Inf
GALt2pp	melib_e	-0.0	-1000.0	0.0	-0.0	Inf
GALt2pp	meoh_e	-0.0	-999.9999982765254	1.7234746110261767e-06	-0.0	0.0
GALt2pp	tmao_e	-0.0	-1000.0	0.0	-0.0	Inf
GALt2pp	tre_e	-0.0	-1000.0	0.0	-0.0	Inf
GALt2pp	metsox_S__L_e	-0.0	-1000.0	0.0	-0.0	Inf
GALt2pp	glc__D_e	-0.0	-1000.0	0.0	-0.0	Inf
GALt2pp	mg2_e	-0.0	-0.007475571083546129	999.9925244289165	-0.0	0.0
GALt2pp	mnl_e	-0.0	-1000.0	0.0	-0.0	Inf
GALt2pp	mobd_e	-0.0	-0.00011116411178591079	999.9998888358882	-0.0	0.0
GALt2pp	glyald_e	-0.0	-1000.0	0.0	-0.0	Inf
GALt2pp	n2o_e	-0.0	-1000.0	0.0	-0.0	Inf
GALt2pp	na1_e	-0.0	-1000.0	0.0	-0.0	Inf
GALt2pp	nac_e	-0.0	-1000.0	0.0	-0.0	Inf
GALt2pp	ni2_e	-0.0	-0.00027834114814595523	999.9997216588519	-0.0	0.0
GALt2pp	no_e	-0.0	-1000.0	0.0	-0.0	Inf
GALt2pp	no2_e	-0.0	-1000.0	0.0	-0.0	Inf
GALt2pp	ura_e	-0.0	-1000.0	0.0	-0.0	Inf
GALt2pp	no3_e	-0.0	-1000.0	0.0	-0.0	Inf
GALt2pp	urea_e	-0.0	-1000.0	0.0	-0.0	Inf
GALt2pp	novbcn_e	-0.0	-1000.0	0.0	-0.0	Inf
GALt2pp	uri_e	-0.0	-1000.0	0.0	-0.0	Inf
GALt2pp	o2_e	-0.0	-21.286526142565208	978.7134738574348	-0.0	0.0
GALt2pp	xan_e	-0.0	0.0	0.0	Inf	Inf
GALt2pp	xtsn_e	-0.0	-1000.0	0.0	-0.0	Inf
GALt2pp	xyl__D_e	-0.0	-1000.0	0.0	-0.0	Inf
GALt2pp	xylu__L_e	-0.0	-1000.0	0.0	-0.0	Inf
GALt2pp	pacald_e	-0.0	-1000.0	0.0	-0.0	Inf
GALt2pp	12dgr120_p	-0.0	0.0	0.0	Inf	Inf
GALt2pp	12dgr140_p	-0.0	0.0	0.0	Inf	Inf
GALt2pp	12dgr160_p	-0.0	-0.05499090410698462	0.0	-0.0	Inf
GALt2pp	12dgr180_p	-0.0	0.0	0.0	Inf	Inf
GALt2pp	12ppd__R_p	-0.0	-1000.0	0.0	-0.0	Inf
GALt2pp	12ppd__S_p	-0.0	0.0	0.0	Inf	Inf
GALt2pp	chol_p	-0.0	-1000.0	0.0	-0.0	Inf
GALt2pp	cl_p	-0.0	-0.004485342650127677	999.9955146573499	-0.0	0.0
GALt2pp	34dhpac_p	-0.0	-1000.0	0.0	-0.0	Inf
GALt2pp	cm_p	-0.0	0.0	0.0	Inf	Inf
GALt2pp	4hoxpacd_p	-0.0	-1000.0	0.0	-0.0	Inf
GALt2pp	co2_p	-0.0	-976.8729253498302	23.12707465016979	-0.0	0.0
GALt2pp	5mtr_p	-0.0	0.0	0.0	Inf	Inf
GALt2pp	LalaDgluMdap_p	-0.0	-0.023945956111901603	0.0	-0.0	Inf
GALt2pp	gal_p	-1.0	-0.9045609161707335	0.0	-0.9999999999998159	Inf
GALt2pp	ac_p	-0.0	-2.713682748512202	0.0	-0.0	Inf
GALt2pp	crn_p	-0.0	-1000.0	0.0	-0.0	Inf
GALt2pp	gal_bD_p	-1.0	-0.9045609161707335	0.0	-0.9999999999998159	Inf
GALt2pp	acald_p	-0.0	-1000.0	0.0	-0.0	Inf
GALt2pp	acgal_p	-0.0	-1000.0	0.0	-0.0	Inf
GALt2pp	csn_p	-0.0	0.0	0.0	Inf	Inf
GALt2pp	acgam_p	-0.0	-1000.0	0.0	-0.0	Inf
GALt2pp	galt_p	-0.0	-0.9045609161707335	0.0	-0.0	Inf
GALt2pp	acmana_p	-0.0	-1000.0	0.0	-0.0	Inf
GALt2pp	cyan_p	-0.0	0.0	0.0	Inf	Inf
GALt2pp	ade_p	-0.0	-1000.0	0.0	-0.0	Inf
GALt2pp	adn_p	-0.0	0.0	0.0005799492033819336	Inf	0.0
GALt2pp	cytd_p	-0.0	0.0	0.0	Inf	Inf
GALt2pp	glc__D_p	-0.0	-1000.0	0.0	-0.0	Inf
GALt2pp	dad_2_p	-0.0	-1000.0	0.0	-0.0	Inf
GALt2pp	dcyt_p	-0.0	-1000.0	0.0	-0.0	Inf
GALt2pp	all__D_p	-0.0	0.0	0.0	Inf	Inf
GALt2pp	alltn_p	-0.0	0.0	0.0	Inf	Inf
GALt2pp	dha_p	-0.0	-1000.0	0.0	-0.0	Inf
GALt2pp	glyald_p	-0.0	-1000.0	0.0	-0.0	Inf
GALt2pp	glyb_p	0.0	0.0	0.0	Inf	Inf
GALt2pp	dms_p	-0.0	-1000.0	0.0	-0.0	Inf
GALt2pp	glyc_p	-0.0	-0.11980561344196977	0.0	-0.0	Inf
GALt2pp	dmso_p	-0.0	-1000.0	0.0	-0.0	Inf
GALt2pp	arab__L_p	-0.0	0.0	0.0	Inf	Inf
GALt2pp	arbt_p	0.0	0.0	0.0	Inf	Inf
GALt2pp	ca2_p	-0.0	-0.004485342650127677	999.9955146573499	-0.0	0.0
GALt2pp	duri_p	-0.0	-1000.0	0.0	-0.0	Inf
GALt2pp	h2_p	-0.0	-1000.0	0.0	-0.0	Inf
GALt2pp	h2o2_p	-0.0	-1000.0	0.0	-0.0	Inf
GALt2pp	etoh_p	-0.0	-1000.0	0.0	-0.0	Inf
GALt2pp	fald_p	-0.0	0.0	0.0	Inf	Inf
GALt2pp	n2o_p	-0.0	-1000.0	0.0	-0.0	Inf
GALt2pp	na1_p	-0.0	-1000.0	0.0	-0.0	Inf
GALt2pp	indole_p	-0.0	0.0	0.45164872500727893	Inf	0.0
GALt2pp	nac_p	-0.0	-1000.0	0.0	-0.0	Inf
GALt2pp	ni2_p	-0.0	-0.00027834114814595523	999.9997216588519	-0.0	0.0
GALt2pp	inost_p	-0.0	-1000.0	0.0	-0.0	Inf
GALt2pp	no_p	-0.0	-1000.0	0.0	-0.0	Inf
GALt2pp	no2_p	-0.0	-1000.0	0.0	-0.0	Inf
GALt2pp	for_p	-0.0	-7.924570686747571	0.0021138415994883634	-0.0	0.0
GALt2pp	fru_p	-0.0	-1000.0	0.0	-0.0	Inf
GALt2pp	no3_p	-0.0	0.0	0.0	Inf	Inf
GALt2pp	k_p	-0.0	-0.16820508893590613	999.8317949110641	-0.0	0.0
GALt2pp	novbcn_p	-0.0	0.0	0.0	Inf	Inf
GALt2pp	o2_p	-0.0	-21.286526142565208	978.7134738574348	-0.0	0.0
GALt2pp	lipa_cold_p	-0.0	-22.783353811084584	0.0	-0.0	Inf
GALt2pp	g3pe_p	-0.0	0.0	0.0	Inf	Inf
GALt2pp	g3pi_p	-0.0	0.0	0.0	Inf	Inf
GALt2pp	so3_p	-0.0	-1000.0	0.0	-0.0	Inf
GALt2pp	so4_p	-0.0	-0.2173387646109441	999.782661235389	-0.0	0.0
GALt2pp	malt_p	0.0	0.0	0.0	Inf	Inf
GALt2pp	malthx_p	0.0	0.0	0.0	Inf	Inf
GALt2pp	maltpt_p	0.0	0.0	0.0	Inf	Inf
GALt2pp	sucr_p	-0.0	-0.5427365497024405	0.472193861369629	-0.0	0.0
GALt2pp	malttr_p	0.0	0.0	0.0	Inf	Inf
GALt2pp	maltttr_p	0.0	0.0	0.0	Inf	Inf
GALt2pp	pacald_p	-0.0	-1000.0	0.0	-0.0	Inf
GALt2pp	man_p	-0.0	-1000.0	0.0	-0.0	Inf
GALt2pp	tartr__L_p	-0.0	-1000.0	0.0	-0.0	Inf
GALt2pp	pe120_p	-0.0	0.0	0.0	Inf	Inf
GALt2pp	melib_p	-0.0	-1000.0	0.0	-0.0	Inf
GALt2pp	meoh_p	-0.0	-999.9999982765254	1.7234746110261767e-06	-0.0	0.0
GALt2pp	thym_p	-0.0	-1000.0	0.0	-0.0	Inf
GALt2pp	thymd_p	-0.0	-0.02254821821020414	0.0	-0.0	Inf
GALt2pp	pg120_p	-0.0	-0.059902806720984886	0.0	-0.0	Inf
GALt2pp	metsox_S__L_p	-0.0	-1000.0	0.0	-0.0	Inf
GALt2pp	tmao_p	-0.0	-1000.0	0.0	-0.0	Inf
GALt2pp	mg2_p	-0.0	-0.007475571083546129	999.9925244289165	-0.0	0.0
GALt2pp	tre_p	-0.0	0.0	0.0	Inf	Inf
GALt2pp	mnl_p	-0.0	0.0	0.0	Inf	Inf
GALt2pp	mobd_p	-0.0	-0.00011116411178591079	999.9998888358882	-0.0	0.0
GALt2pp	ura_p	-0.0	-1000.0	0.0	-0.0	Inf
GALt2pp	urea_p	-0.0	-1000.0	0.0	-0.0	Inf
GALt2pp	uri_p	-0.0	0.0	0.0	Inf	Inf
GALt2pp	xan_p	-0.0	0.0	0.0	Inf	Inf
GALt2pp	xtsn_p	-0.0	0.0	0.0	Inf	Inf
GALt2pp	xyl__D_p	-0.0	-1000.0	0.0	-0.0	Inf
GALt2pp	xylu__L_p	-0.0	0.0	0.0	Inf	Inf
GALt2pp	ppal_p	-0.0	0.0	0.0	Inf	Inf
GALt2pp	psclys_p	-0.0	-1000.0	0.0	-0.0	Inf
GALt2pp	pydx_p	-0.0	0.0	0.0	Inf	Inf
GALt2pp	pydxn_p	-0.0	0.0	0.0	Inf	Inf
GALt2pp	rib__D_p	-0.0	-1000.0	0.0	-0.0	Inf
GALt2pp	rmn_p	-0.0	-1000.0	0.0	-0.0	Inf
GALt2pp	sbt__D_p	-0.0	-1.356841374256101	0.0	-0.0	Inf
GALt2pp	slnt_p	-0.0	-1000.0	0.0	-0.0	Inf
GALt2pp	so2_p	-0.0	-1000.0	0.0	-0.0	Inf
