Reaction	Metabolite	ShadowPrice	G-	G+	DecrementalShadowPrice	IncrementalShadowPrice
GTHRDtex_f	12dgr120_c	-0.0	0.0	0.0	Inf	Inf
GTHRDtex_f	12dgr140_c	-0.0	0.0	0.0	Inf	Inf
GTHRDtex_f	12dgr160_c	-0.0	-0.05499090410698462	0.0	-0.0	Inf
GTHRDtex_f	12dgr180_c	-0.0	0.0	0.0	Inf	Inf
GTHRDtex_f	12ppd__R_c	-0.0	-1000.0	0.0	-0.0	Inf
GTHRDtex_f	12ppd__S_c	-0.0	0.0	0.0	Inf	Inf
GTHRDtex_f	5drib_c	-0.0	-999.9998061091073	0.0001938908926579049	-0.0	0.0
GTHRDtex_f	5mta_c	-0.0	0.0	0.0	Inf	Inf
GTHRDtex_f	23dhacoa_c	-0.0	-0.0004963606870660442	0.0	-0.0	Inf
GTHRDtex_f	5mtr_c	-0.0	0.0	0.0	Inf	Inf
GTHRDtex_f	3amac_c	-0.0	-7.931682604704107	0.0	-0.0	Inf
GTHRDtex_f	LalaDgluMdap_c	-0.0	-0.023945956111901603	0.0	-0.0	Inf
GTHRDtex_f	ac_c	-0.0	-1.3214030640081726	2.637714687841309	-0.0	0.0
GTHRDtex_f	acald_c	-0.0	-1.3214030640081726	2.062411526362925	-0.0	0.0
GTHRDtex_f	acetol_c	-0.0	0.0	0.0	Inf	Inf
GTHRDtex_f	acgam_c	-0.0	-0.08142383406871237	0.0	-0.0	Inf
GTHRDtex_f	acgam6p_c	-0.0	-0.08142383406871237	0.0	-0.0	Inf
GTHRDtex_f	acmalt_c	0.0	0.0	0.0	Inf	Inf
GTHRDtex_f	acmana_c	-0.0	-0.08142383406871237	0.0	-0.0	Inf
GTHRDtex_f	2dmmq8_c	-0.0	0.0	0.0	Inf	Inf
GTHRDtex_f	2dmmql8_c	0.0	0.0	0.0	Inf	Inf
GTHRDtex_f	ade_c	-0.0	-0.09622331047751231	0.0005799492033819336	-0.0	0.0
GTHRDtex_f	adn_c	-0.0	0.0	0.0005799492033819336	Inf	0.0
GTHRDtex_f	3sala_c	0.0	0.0	0.0	Inf	Inf
GTHRDtex_f	adphep_DD_c	-0.0	0.0	0.0	Inf	Inf
GTHRDtex_f	adphep_LD_c	-0.0	0.0	0.0	Inf	Inf
GTHRDtex_f	4ahmmp_c	0.0	0.0	0.0	Inf	Inf
GTHRDtex_f	4crsol_c	-0.0	-999.999807832582	0.0001921674180565013	-0.0	0.0
GTHRDtex_f	2ohph_c	-0.0	-0.0001921674180565013	0.06904401438148021	-0.0	0.0
GTHRDtex_f	2ombzl_c	-0.0	0.0	0.0	Inf	Inf
GTHRDtex_f	2omhmbl_c	-0.0	0.0	0.0	Inf	Inf
GTHRDtex_f	2ommbl_c	0.0	0.0	0.0	Inf	Inf
GTHRDtex_f	2omph_c	-0.0	0.0	0.06213290312657984	Inf	0.0
GTHRDtex_f	4mhetz_c	0.0	0.0	0.0	Inf	Inf
GTHRDtex_f	2oph_c	-0.0	-0.0001921674180565013	0.06904401438148021	-0.0	0.0
GTHRDtex_f	2oxpaccoa_c	-0.0	-0.0004963606870660442	0.0	-0.0	Inf
GTHRDtex_f	all__D_c	-0.0	-1.19524299972602	0.0	-0.0	Inf
GTHRDtex_f	alltn_c	-0.0	-1.1952429997260197	0.0	-0.0	Inf
GTHRDtex_f	4r5au_c	-0.0	-0.00038433483735645025	0.4206234034029649	-0.0	0.0
GTHRDtex_f	56dura_c	0.0	0.0	0.0	Inf	Inf
GTHRDtex_f	arab__L_c	-0.0	-1.19524299972602	0.0	-0.0	Inf
GTHRDtex_f	etoh_c	-0.0	-1000.0	0.0	-0.0	Inf
GTHRDtex_f	csn_c	-0.0	0.0	0.0	Inf	Inf
GTHRDtex_f	fald_c	-0.0	0.0	0.0	Inf	Inf
GTHRDtex_f	fc1p_c	-0.0	-0.8312585141230855	0.0	-0.0	Inf
GTHRDtex_f	fcl__L_c	-0.0	0.0	0.0	Inf	Inf
GTHRDtex_f	aso4_c	0.0	0.0	0.0	Inf	Inf
GTHRDtex_f	cyan_c	0.0	0.0	0.0	Inf	Inf
GTHRDtex_f	athtp_c	0.0	0.0	0.0	Inf	Inf
GTHRDtex_f	cytd_c	-0.0	-0.13833038019508245	0.0	-0.0	Inf
GTHRDtex_f	dad_2_c	-0.0	0.0	0.0	Inf	Inf
GTHRDtex_f	dad_5_c	-0.0	-0.09622331047751231	0.0001938908926579049	-0.0	0.0
GTHRDtex_f	betald_c	0.0	0.0	0.0	Inf	Inf
GTHRDtex_f	btal_c	-0.0	-530.2862884824286	0.0	-0.0	Inf
GTHRDtex_f	for_c	-0.0	-7.931682604704107	0.0021138416023305344	-0.0	0.0
GTHRDtex_f	dcyt_c	-0.0	-0.02254821821020414	0.0	-0.0	Inf
GTHRDtex_f	fru_c	-0.0	-1.19524299972602	0.7611280633006031	-0.0	0.0
GTHRDtex_f	ca2_c	-0.0	-0.004485342650127677	999.9955146573499	-0.0	0.0
GTHRDtex_f	g3pe_c	-0.0	-0.11980561344196977	0.0	-0.0	Inf
GTHRDtex_f	g3pi_c	0.0	0.0	0.0	Inf	Inf
GTHRDtex_f	cbm_c	-0.0	-3.9658413023520533	0.0	-0.0	Inf
GTHRDtex_f	dha_c	-0.0	-1.3214030640082228	1.5222561266012062	-0.0	0.0
GTHRDtex_f	gal_c	-0.0	0.0	0.0	Inf	Inf
GTHRDtex_f	dhgly_c	-0.0	-0.0001921674180565013	0.2755808505053908	-0.0	0.0
GTHRDtex_f	dhmptp_c	0.0	0.0	0.0	Inf	Inf
GTHRDtex_f	gcald_c	-0.0	-1.1952429997260197	0.0005765022541481812	-0.0	0.0
GTHRDtex_f	dhptd_c	-0.0	-41.01035339171815	0.00038605831072402875	-0.0	0.0
GTHRDtex_f	cechddd_c	-0.0	0.0	0.0	Inf	Inf
GTHRDtex_f	dhptdn_c	0.0	0.0	0.0	Inf	Inf
GTHRDtex_f	chol_c	0.0	0.0	0.0	Inf	Inf
GTHRDtex_f	chtbs6p_c	-0.0	0.0	0.0	Inf	Inf
GTHRDtex_f	dmbzid_c	0.0	0.0	0.0	Inf	Inf
GTHRDtex_f	dms_c	0.0	0.0	0.0	Inf	Inf
GTHRDtex_f	dmso_c	0.0	0.0	0.0	Inf	Inf
GTHRDtex_f	cl_c	-0.0	-0.004485342650127677	999.9955146573499	-0.0	0.0
GTHRDtex_f	glc__D_c	-0.0	-1.19524299972602	0.7611280633006031	-0.0	0.0
GTHRDtex_f	co2_c	-0.0	-976.8729253498924	23.124960808505307	-0.0	0.0
GTHRDtex_f	dscl_c	-0.0	-0.0001921674180565013	0.08228411495141658	-0.0	0.0
GTHRDtex_f	dtdp4aaddg_c	-0.0	0.0	0.0	Inf	Inf
GTHRDtex_f	glyald_c	-0.0	-1000.0	0.0	-0.0	Inf
GTHRDtex_f	crn_c	-0.0	-1000.0	0.0	-0.0	Inf
GTHRDtex_f	duri_c	-0.0	-0.02254821821020414	0.0	-0.0	Inf
GTHRDtex_f	glyb_c	0.0	0.0	0.0	Inf	Inf
GTHRDtex_f	glyc_c	-0.0	-0.11980561344196977	0.0	-0.0	Inf
GTHRDtex_f	dxyl_c	0.0	0.0	0.0	Inf	Inf
GTHRDtex_f	glycogen_c	-0.0	-1.19524299972602	0.0	-0.0	Inf
GTHRDtex_f	gmhep1p_c	-0.0	0.0	0.5975210964229034	Inf	0.0
GTHRDtex_f	lipa_cold_c	-0.0	0.0	0.0	Inf	Inf
GTHRDtex_f	lipidA_c	-0.0	-0.016765960922441536	0.05257792542537061	-0.0	0.0
GTHRDtex_f	malt_c	0.0	0.0	0.0	Inf	Inf
GTHRDtex_f	h2_c	-0.0	0.0	0.0	Inf	Inf
GTHRDtex_f	malthx_c	-0.0	0.0	0.0	Inf	Inf
GTHRDtex_f	maltpt_c	-0.0	0.0	0.0	Inf	Inf
GTHRDtex_f	malttr_c	-0.0	0.0	0.0	Inf	Inf
GTHRDtex_f	maltttr_c	-0.0	0.0	0.0	Inf	Inf
GTHRDtex_f	h2o2_c	-0.0	-0.001209017432042637	0.8980250584431673	-0.0	0.0
GTHRDtex_f	man_c	-0.0	0.0	0.0	Inf	Inf
GTHRDtex_f	mdhdhf_c	-0.0	-41.01035339171815	0.00038605831072402875	-0.0	0.0
GTHRDtex_f	melib_c	-0.0	0.0	0.0	Inf	Inf
GTHRDtex_f	meoh_c	-0.0	-999.9999982765254	1.7234746110261767e-06	-0.0	0.0
GTHRDtex_f	pacald_c	-0.0	-1000.0	0.0	-0.0	Inf
GTHRDtex_f	metsox_S__L_c	-0.0	-0.09622331047751231	0.0	-0.0	Inf
GTHRDtex_f	mg2_c	-0.0	-0.007475571083546129	999.9925244289165	-0.0	0.0
GTHRDtex_f	hhlipa_c	-0.0	0.0	0.0	Inf	Inf
GTHRDtex_f	pe120_c	-0.0	0.0	0.0	Inf	Inf
GTHRDtex_f	mobd_c	-0.0	-0.00011116411178591079	15.98368932931266	-0.0	0.0
GTHRDtex_f	hlipa_c	-0.0	0.0	0.0	Inf	Inf
GTHRDtex_f	pg120_c	-0.0	0.0	0.0	Inf	Inf
GTHRDtex_f	mql8_c	0.0	0.0	0.0	Inf	Inf
GTHRDtex_f	mqn8_c	-0.0	0.0	0.0	Inf	Inf
GTHRDtex_f	mthgxl_c	-0.0	-1.3214030640081726	0.0	-0.0	Inf
GTHRDtex_f	hqn_c	0.0	0.0	0.0	Inf	Inf
GTHRDtex_f	mththf_c	-0.0	-999.9996139416893	0.00038605831072402875	-0.0	0.0
GTHRDtex_f	n2o_c	-0.0	-1000.0	0.0	-0.0	Inf
GTHRDtex_f	na1_c	-0.0	-63.93475731725064	0.0	-0.0	Inf
GTHRDtex_f	nac_c	-0.0	0.0	0.0	Inf	Inf
GTHRDtex_f	ncam_c	-0.0	0.0	0.0	Inf	Inf
GTHRDtex_f	ni2_c	-0.0	-0.0002783411481266812	999.9997216588519	-0.0	0.0
GTHRDtex_f	no_c	-0.0	-1000.0	0.0	-0.0	Inf
GTHRDtex_f	indole_c	-0.0	-0.04898373338379238	0.4349303218860589	-0.0	0.0
GTHRDtex_f	no2_c	-0.0	-1000.0	0.0	-0.0	Inf
GTHRDtex_f	no3_c	0.0	0.0	0.0	Inf	Inf
GTHRDtex_f	inost_c	0.0	0.0	0.0	Inf	Inf
GTHRDtex_f	o2_c	-0.0	-21.288208253719628	728.715251836977	-0.0	0.0
GTHRDtex_f	poaac_c	-0.0	-4.9180582551731264	0.0	-0.0	Inf
GTHRDtex_f	ppal_c	-0.0	0.0	0.0	Inf	Inf
GTHRDtex_f	k_c	-0.0	-0.16820508893588634	63.93475731725064	-0.0	0.0
GTHRDtex_f	psclys_c	-0.0	0.0	0.0	Inf	Inf
GTHRDtex_f	lald__D_c	-0.0	0.0	0.0	Inf	Inf
GTHRDtex_f	lald__L_c	-0.0	-1.3214030640081726	0.0	-0.0	Inf
GTHRDtex_f	ura_c	-0.0	0.0	0.0	Inf	Inf
GTHRDtex_f	pydx_c	-0.0	0.0	0.001209017432042637	Inf	0.0
GTHRDtex_f	uracp_c	-0.0	-4.653736459570553	0.0	-0.0	Inf
GTHRDtex_f	pydxn_c	-0.0	0.0	0.5156028815907312	Inf	0.0
GTHRDtex_f	urate_c	-0.0	-0.001209017432042637	0.0	-0.0	Inf
GTHRDtex_f	q8_c	-0.0	0.0	0.0	Inf	Inf
GTHRDtex_f	q8h2_c	0.0	0.0	0.0	Inf	Inf
GTHRDtex_f	urea_c	-0.0	-1000.0	0.0	-0.0	Inf
GTHRDtex_f	uri_c	-0.0	0.0	0.524055387846317	Inf	0.0
GTHRDtex_f	rbflvrd_c	-0.0	0.0	0.21526854315572616	Inf	0.0
GTHRDtex_f	rbl__L_c	-0.0	-1.19524299972602	0.0	-0.0	Inf
GTHRDtex_f	rdmbzi_c	0.0	0.0	0.0	Inf	Inf
GTHRDtex_f	thptdn_c	0.0	0.0	0.0	Inf	Inf
GTHRDtex_f	xan_c	-0.0	0.0	0.0	Inf	Inf
GTHRDtex_f	rephaccoa_c	-0.0	-0.0004963606870660442	0.0	-0.0	Inf
GTHRDtex_f	rib__D_c	-0.0	0.0	0.8639832069898739	Inf	0.0
GTHRDtex_f	xtsn_c	-0.0	0.0	0.46329534287862806	Inf	0.0
GTHRDtex_f	rml_c	-0.0	-1.19524299972602	0.0	-0.0	Inf
GTHRDtex_f	thym_c	-0.0	-63.93475731725064	0.0	-0.0	Inf
GTHRDtex_f	thymd_c	-0.0	0.0	0.415160761800329	Inf	0.0
GTHRDtex_f	xu5p__L_c	-0.0	-0.8312585141230855	0.0	-0.0	Inf
GTHRDtex_f	rmn_c	-0.0	-1.19524299972602	0.0	-0.0	Inf
GTHRDtex_f	xyl__D_c	0.0	0.0	0.0	Inf	Inf
GTHRDtex_f	tmao_c	0.0	0.0	0.0	Inf	Inf
GTHRDtex_f	xylu__D_c	-0.0	0.0	0.0	Inf	Inf
GTHRDtex_f	xylu__L_c	-0.0	-1.19524299972602	0.0	-0.0	Inf
GTHRDtex_f	12ppd__R_e	-0.0	-1000.0	0.0	-0.0	Inf
GTHRDtex_f	12ppd__S_e	-0.0	-1000.0	0.0	-0.0	Inf
GTHRDtex_f	tre_c	-0.0	-0.59762149986301	0.0	-0.0	Inf
GTHRDtex_f	seln_c	0.0	0.0	0.0	Inf	Inf
GTHRDtex_f	34dhpac_e	-0.0	-1000.0	0.0	-0.0	Inf
GTHRDtex_f	slnt_c	0.0	0.0	0.0	Inf	Inf
GTHRDtex_f	so2_c	0.0	0.0	0.0	Inf	Inf
GTHRDtex_f	so3_c	-0.0	-0.21360054820140906	3.196737865862532	-0.0	0.0
GTHRDtex_f	so4_c	-0.0	-0.21733876461185347	63.93475731725064	-0.0	0.0
GTHRDtex_f	4hoxpacd_e	-0.0	-1000.0	0.0	-0.0	Inf
GTHRDtex_f	5mtr_e	-0.0	0.0	0.0	Inf	Inf
GTHRDtex_f	LalaDgluMdap_e	-0.0	-1000.0	0.0	-0.0	Inf
GTHRDtex_f	ac_e	-0.0	0.0	0.0	Inf	Inf
GTHRDtex_f	acald_e	-0.0	-1000.0	0.0	-0.0	Inf
GTHRDtex_f	acgal_e	-0.0	-1000.0	0.0	-0.0	Inf
GTHRDtex_f	acgam_e	-0.0	-1000.0	0.0	-0.0	Inf
GTHRDtex_f	acmana_e	-0.0	-1000.0	0.0	-0.0	Inf
GTHRDtex_f	tagur_c	-0.0	0.0	0.0	Inf	Inf
GTHRDtex_f	tartr__L_c	-0.0	-1.1952429997260199	0.0	-0.0	Inf
GTHRDtex_f	ade_e	-0.0	-1000.0	0.0	-0.0	Inf
GTHRDtex_f	adn_e	-0.0	-1000.0	0.0	-0.0	Inf
GTHRDtex_f	all__D_e	-0.0	-1000.0	0.0	-0.0	Inf
GTHRDtex_f	cl_e	-0.0	-0.004485342650127677	999.9955146573499	-0.0	0.0
GTHRDtex_f	alltn_e	-0.0	0.0	0.0	Inf	Inf
GTHRDtex_f	cm_e	-0.0	-1000.0	0.0	-0.0	Inf
GTHRDtex_f	co2_e	-0.0	-976.8729253498924	23.127074650107602	-0.0	0.0
GTHRDtex_f	arab__L_e	-0.0	-1000.0	0.0	-0.0	Inf
GTHRDtex_f	arbt_e	-0.0	-1000.0	0.0	-0.0	Inf
GTHRDtex_f	unagamu_c	-0.0	0.0	0.0473240246611774	Inf	0.0
GTHRDtex_f	crn_e	-0.0	-1000.0	0.0	-0.0	Inf
GTHRDtex_f	csn_e	-0.0	-1000.0	0.0	-0.0	Inf
GTHRDtex_f	cyan_e	-0.0	-1000.0	0.0	-0.0	Inf
GTHRDtex_f	glyb_e	-0.0	-1000.0	0.0	-0.0	Inf
GTHRDtex_f	glyc_e	-0.0	-1000.0	0.0	-0.0	Inf
GTHRDtex_f	cytd_e	-0.0	-1000.0	0.0	-0.0	Inf
GTHRDtex_f	ca2_e	-0.0	-0.004485342650127677	999.9955146573499	-0.0	0.0
GTHRDtex_f	dad_2_e	-0.0	-1000.0	0.0	-0.0	Inf
GTHRDtex_f	dcyt_e	-0.0	-1000.0	0.0	-0.0	Inf
GTHRDtex_f	chol_e	-0.0	-1000.0	0.0	-0.0	Inf
GTHRDtex_f	dha_e	-0.0	-1000.0	0.0	-0.0	Inf
GTHRDtex_f	ppal_e	-0.0	-1000.0	0.0	-0.0	Inf
GTHRDtex_f	h2_e	-0.0	-1000.0	0.0	-0.0	Inf
GTHRDtex_f	dms_e	-0.0	-1000.0	0.0	-0.0	Inf
GTHRDtex_f	dmso_e	-0.0	-1000.0	0.0	-0.0	Inf
GTHRDtex_f	h2o2_e	-0.0	-1000.0	0.0	-0.0	Inf
GTHRDtex_f	psclys_e	-0.0	-1000.0	0.0	-0.0	Inf
GTHRDtex_f	duri_e	-0.0	-1000.0	0.0	-0.0	Inf
GTHRDtex_f	pydx_e	-0.0	-1000.0	0.0	-0.0	Inf
GTHRDtex_f	pydxn_e	-0.0	-1000.0	0.0	-0.0	Inf
GTHRDtex_f	etoh_e	-0.0	-1000.0	0.0	-0.0	Inf
GTHRDtex_f	fald_e	-0.0	0.0	0.0	Inf	Inf
GTHRDtex_f	rib__D_e	-0.0	-1000.0	0.0	-0.0	Inf
GTHRDtex_f	rmn_e	-0.0	-1000.0	0.0	-0.0	Inf
GTHRDtex_f	indole_e	-0.0	-1000.0	0.0	-0.0	Inf
GTHRDtex_f	inost_e	-0.0	-1000.0	0.0	-0.0	Inf
GTHRDtex_f	sbt__D_e	-0.0	-1.3214030640081726	0.0	-0.0	Inf
GTHRDtex_f	k_e	-0.0	-0.16820508893590613	999.8317949110641	-0.0	0.0
GTHRDtex_f	for_e	-0.0	0.0	0.0021138416023305344	Inf	0.0
GTHRDtex_f	slnt_e	-0.0	-1000.0	0.0	-0.0	Inf
GTHRDtex_f	fru_e	-0.0	-1000.0	0.0	-0.0	Inf
GTHRDtex_f	so2_e	-0.0	-1000.0	0.0	-0.0	Inf
GTHRDtex_f	so3_e	-0.0	-1000.0	0.0	-0.0	Inf
GTHRDtex_f	so4_e	-0.0	-0.21733876461185347	999.7826612353881	-0.0	0.0
GTHRDtex_f	lipa_cold_e	-0.0	-1000.0	0.0	-0.0	Inf
GTHRDtex_f	sucr_e	-0.0	-1.1952429997260208	0.38056403165030156	-0.0	0.0
GTHRDtex_f	g3pe_e	-0.0	-1000.0	0.0	-0.0	Inf
GTHRDtex_f	malt_e	-0.0	-1000.0	0.0	-0.0	Inf
GTHRDtex_f	tartr__L_e	-0.0	-1000.0	0.0	-0.0	Inf
GTHRDtex_f	g3pi_e	-0.0	-1000.0	0.0	-0.0	Inf
GTHRDtex_f	malthx_e	-0.0	-1000.0	0.0	-0.0	Inf
GTHRDtex_f	maltpt_e	-0.0	-1000.0	0.0	-0.0	Inf
GTHRDtex_f	gal_e	-0.0	-1000.0	0.0	-0.0	Inf
GTHRDtex_f	gal_bD_e	-0.0	-1000.0	0.0	-0.0	Inf
GTHRDtex_f	malttr_e	-0.0	-1000.0	0.0	-0.0	Inf
GTHRDtex_f	maltttr_e	-0.0	-1000.0	0.0	-0.0	Inf
GTHRDtex_f	man_e	-0.0	-1000.0	0.0	-0.0	Inf
GTHRDtex_f	thym_e	-0.0	-1000.0	0.0	-0.0	Inf
GTHRDtex_f	thymd_e	-0.0	-1000.0	0.0	-0.0	Inf
GTHRDtex_f	galt_e	-0.0	-1.19524299972602	0.0	-0.0	Inf
GTHRDtex_f	melib_e	-0.0	-1000.0	0.0	-0.0	Inf
GTHRDtex_f	meoh_e	-0.0	-999.9999982765254	1.7234746110261767e-06	-0.0	0.0
GTHRDtex_f	tmao_e	-0.0	-1000.0	0.0	-0.0	Inf
GTHRDtex_f	tre_e	-0.0	-1000.0	0.0	-0.0	Inf
GTHRDtex_f	metsox_S__L_e	-0.0	-1000.0	0.0	-0.0	Inf
GTHRDtex_f	glc__D_e	-0.0	-1000.0	0.0	-0.0	Inf
GTHRDtex_f	mg2_e	-0.0	-0.007475571083546129	999.9925244289165	-0.0	0.0
GTHRDtex_f	mnl_e	-0.0	-1000.0	0.0	-0.0	Inf
GTHRDtex_f	mobd_e	-0.0	-0.00011116411178591079	999.9998888358882	-0.0	0.0
GTHRDtex_f	glyald_e	-0.0	-1000.0	0.0	-0.0	Inf
GTHRDtex_f	n2o_e	-0.0	-1000.0	0.0	-0.0	Inf
GTHRDtex_f	na1_e	-0.0	-1000.0	0.0	-0.0	Inf
GTHRDtex_f	nac_e	-0.0	-1000.0	0.0	-0.0	Inf
GTHRDtex_f	ni2_e	-0.0	-0.00027834114814595523	999.9997216588519	-0.0	0.0
GTHRDtex_f	no_e	-0.0	-1000.0	0.0	-0.0	Inf
GTHRDtex_f	no2_e	-0.0	-1000.0	0.0	-0.0	Inf
GTHRDtex_f	ura_e	-0.0	-1000.0	0.0	-0.0	Inf
GTHRDtex_f	no3_e	-0.0	-1000.0	0.0	-0.0	Inf
GTHRDtex_f	urea_e	-0.0	-1000.0	0.0	-0.0	Inf
GTHRDtex_f	novbcn_e	-0.0	-1000.0	0.0	-0.0	Inf
GTHRDtex_f	uri_e	-0.0	-1000.0	0.0	-0.0	Inf
GTHRDtex_f	o2_e	-0.0	-271.284748163023	728.715251836977	-0.0	0.0
GTHRDtex_f	xan_e	-0.0	0.0	0.0	Inf	Inf
GTHRDtex_f	xtsn_e	-0.0	-1000.0	0.0	-0.0	Inf
GTHRDtex_f	xyl__D_e	-0.0	-1000.0	0.0	-0.0	Inf
GTHRDtex_f	xylu__L_e	-0.0	-1000.0	0.0	-0.0	Inf
GTHRDtex_f	pacald_e	-0.0	-1000.0	0.0	-0.0	Inf
GTHRDtex_f	12dgr120_p	-0.0	0.0	0.0	Inf	Inf
GTHRDtex_f	12dgr140_p	-0.0	0.0	0.0	Inf	Inf
GTHRDtex_f	12dgr160_p	-0.0	-0.05499090410698462	0.0	-0.0	Inf
GTHRDtex_f	12dgr180_p	-0.0	0.0	0.0	Inf	Inf
GTHRDtex_f	12ppd__R_p	-0.0	-1000.0	0.0	-0.0	Inf
GTHRDtex_f	12ppd__S_p	-0.0	0.0	0.0	Inf	Inf
GTHRDtex_f	chol_p	-0.0	-1000.0	0.0	-0.0	Inf
GTHRDtex_f	cl_p	-0.0	-0.004485342650127677	999.9955146573499	-0.0	0.0
GTHRDtex_f	34dhpac_p	-0.0	-1000.0	0.0	-0.0	Inf
GTHRDtex_f	cm_p	-0.0	0.0	0.0	Inf	Inf
GTHRDtex_f	4hoxpacd_p	-0.0	-1000.0	0.0	-0.0	Inf
GTHRDtex_f	co2_p	-0.0	-976.8729253498924	23.127074650107602	-0.0	0.0
GTHRDtex_f	5mtr_p	-0.0	0.0	0.0	Inf	Inf
GTHRDtex_f	LalaDgluMdap_p	-0.0	-0.023945956111901603	0.0	-0.0	Inf
GTHRDtex_f	gal_p	-0.0	-1000.0	0.0	-0.0	Inf
GTHRDtex_f	ac_p	-0.0	-1.3214030640081726	0.0	-0.0	Inf
GTHRDtex_f	crn_p	-0.0	-1000.0	0.0	-0.0	Inf
GTHRDtex_f	gal_bD_p	-0.0	-1000.0	0.0	-0.0	Inf
GTHRDtex_f	acald_p	-0.0	-1000.0	0.0	-0.0	Inf
GTHRDtex_f	acgal_p	-0.0	-1000.0	0.0	-0.0	Inf
GTHRDtex_f	csn_p	-0.0	0.0	0.0	Inf	Inf
GTHRDtex_f	acgam_p	-0.0	-1000.0	0.0	-0.0	Inf
GTHRDtex_f	galt_p	-0.0	-1.19524299972602	0.0	-0.0	Inf
GTHRDtex_f	acmana_p	-0.0	-1000.0	0.0	-0.0	Inf
GTHRDtex_f	cyan_p	-0.0	0.0	0.0	Inf	Inf
GTHRDtex_f	ade_p	-0.0	-1000.0	0.0	-0.0	Inf
GTHRDtex_f	adn_p	-0.0	0.0	0.0005799492033819336	Inf	0.0
GTHRDtex_f	cytd_p	-0.0	-0.13833038019508245	0.0	-0.0	Inf
GTHRDtex_f	glc__D_p	-0.0	-1000.0	0.0	-0.0	Inf
GTHRDtex_f	dad_2_p	-0.0	-1000.0	0.0	-0.0	Inf
GTHRDtex_f	dcyt_p	-0.0	-1000.0	0.0	-0.0	Inf
GTHRDtex_f	all__D_p	-0.0	0.0	0.0	Inf	Inf
GTHRDtex_f	alltn_p	-0.0	0.0	0.0	Inf	Inf
GTHRDtex_f	dha_p	-0.0	-1000.0	0.0	-0.0	Inf
GTHRDtex_f	glyald_p	-0.0	-1000.0	0.0	-0.0	Inf
GTHRDtex_f	glyb_p	0.0	0.0	0.0	Inf	Inf
GTHRDtex_f	dms_p	-0.0	-1000.0	0.0	-0.0	Inf
GTHRDtex_f	glyc_p	-0.0	-0.11980561344196977	0.0	-0.0	Inf
GTHRDtex_f	dmso_p	-0.0	-1000.0	0.0	-0.0	Inf
GTHRDtex_f	arab__L_p	-0.0	0.0	0.0	Inf	Inf
GTHRDtex_f	arbt_p	0.0	0.0	0.0	Inf	Inf
GTHRDtex_f	ca2_p	-0.0	-0.004485342650127677	999.9955146573499	-0.0	0.0
GTHRDtex_f	duri_p	-0.0	-1000.0	0.0	-0.0	Inf
GTHRDtex_f	h2_p	-0.0	-1000.0	0.0	-0.0	Inf
GTHRDtex_f	h2o2_p	-0.0	-1000.0	0.0	-0.0	Inf
GTHRDtex_f	etoh_p	-0.0	-1000.0	0.0	-0.0	Inf
GTHRDtex_f	fald_p	-0.0	0.0	0.0	Inf	Inf
GTHRDtex_f	n2o_p	-0.0	-1000.0	0.0	-0.0	Inf
GTHRDtex_f	na1_p	-0.0	-1000.0	0.0	-0.0	Inf
GTHRDtex_f	indole_p	-0.0	0.0	0.43790929669349765	Inf	0.0
GTHRDtex_f	nac_p	-0.0	-1000.0	0.0	-0.0	Inf
GTHRDtex_f	ni2_p	-0.0	-0.00027834114814595523	999.9997216588519	-0.0	0.0
GTHRDtex_f	inost_p	-0.0	-1000.0	0.0	-0.0	Inf
GTHRDtex_f	no_p	-0.0	-1000.0	0.0	-0.0	Inf
GTHRDtex_f	no2_p	-0.0	-1000.0	0.0	-0.0	Inf
GTHRDtex_f	for_p	-0.0	-7.931682604704107	0.0021138416023305344	-0.0	0.0
GTHRDtex_f	fru_p	-0.0	-1000.0	0.0	-0.0	Inf
GTHRDtex_f	no3_p	-0.0	0.0	0.0	Inf	Inf
GTHRDtex_f	k_p	-0.0	-0.16820508893590613	999.8317949110641	-0.0	0.0
GTHRDtex_f	novbcn_p	-0.0	0.0	0.0	Inf	Inf
GTHRDtex_f	o2_p	-0.0	-271.284748163023	728.715251836977	-0.0	0.0
GTHRDtex_f	lipa_cold_p	-0.0	-15.98368932931266	0.0	-0.0	Inf
GTHRDtex_f	g3pe_p	-0.0	0.0	0.0	Inf	Inf
GTHRDtex_f	g3pi_p	-0.0	0.0	0.0	Inf	Inf
GTHRDtex_f	so3_p	-0.0	-1000.0	0.0	-0.0	Inf
GTHRDtex_f	so4_p	-0.0	-0.21733876461185347	999.7826612353881	-0.0	0.0
GTHRDtex_f	malt_p	0.0	0.0	0.0	Inf	Inf
GTHRDtex_f	malthx_p	0.0	0.0	0.0	Inf	Inf
GTHRDtex_f	maltpt_p	0.0	0.0	0.0	Inf	Inf
GTHRDtex_f	sucr_p	-0.0	-1.1952429997260208	0.38056403165030156	-0.0	0.0
GTHRDtex_f	malttr_p	0.0	0.0	0.0	Inf	Inf
GTHRDtex_f	maltttr_p	0.0	0.0	0.0	Inf	Inf
GTHRDtex_f	pacald_p	-0.0	-1000.0	0.0	-0.0	Inf
GTHRDtex_f	man_p	-0.0	-1000.0	0.0	-0.0	Inf
GTHRDtex_f	tartr__L_p	-0.0	-1000.0	0.0	-0.0	Inf
GTHRDtex_f	pe120_p	-0.0	0.0	0.0	Inf	Inf
GTHRDtex_f	melib_p	-0.0	-1000.0	0.0	-0.0	Inf
GTHRDtex_f	meoh_p	-0.0	-999.9999982765254	1.7234746110261767e-06	-0.0	0.0
GTHRDtex_f	thym_p	-0.0	-1000.0	0.0	-0.0	Inf
GTHRDtex_f	thymd_p	-0.0	0.0	0.0	Inf	Inf
GTHRDtex_f	pg120_p	-0.0	0.0	0.0	Inf	Inf
GTHRDtex_f	metsox_S__L_p	-0.0	-1000.0	0.0	-0.0	Inf
GTHRDtex_f	tmao_p	-0.0	-1000.0	0.0	-0.0	Inf
GTHRDtex_f	mg2_p	-0.0	-0.007475571083546129	999.9925244289165	-0.0	0.0
GTHRDtex_f	tre_p	-0.0	0.0	0.0	Inf	Inf
GTHRDtex_f	mnl_p	-0.0	0.0	0.0	Inf	Inf
GTHRDtex_f	mobd_p	-0.0	-0.00011116411178591079	999.9998888358882	-0.0	0.0
GTHRDtex_f	ura_p	-0.0	-1000.0	0.0	-0.0	Inf
GTHRDtex_f	urea_p	-0.0	-1000.0	0.0	-0.0	Inf
GTHRDtex_f	uri_p	-0.0	0.0	0.0	Inf	Inf
GTHRDtex_f	xan_p	-0.0	0.0	0.0	Inf	Inf
GTHRDtex_f	xtsn_p	-0.0	0.0	0.0	Inf	Inf
GTHRDtex_f	xyl__D_p	-0.0	-1000.0	0.0	-0.0	Inf
GTHRDtex_f	xylu__L_p	-0.0	0.0	0.0	Inf	Inf
GTHRDtex_f	ppal_p	-0.0	0.0	0.0	Inf	Inf
GTHRDtex_f	psclys_p	-0.0	-1000.0	0.0	-0.0	Inf
GTHRDtex_f	pydx_p	-0.0	0.0	0.0	Inf	Inf
GTHRDtex_f	pydxn_p	-0.0	0.0	0.0	Inf	Inf
GTHRDtex_f	rib__D_p	-0.0	-1000.0	0.0	-0.0	Inf
GTHRDtex_f	rmn_p	-0.0	-1000.0	0.0	-0.0	Inf
GTHRDtex_f	sbt__D_p	-0.0	-1.3214030640081726	0.0	-0.0	Inf
GTHRDtex_f	slnt_p	-0.0	-1000.0	0.0	-0.0	Inf
GTHRDtex_f	so2_p	-0.0	-1000.0	0.0	-0.0	Inf
