Reaction	Metabolite	ShadowPrice	G-	G+	DecrementalShadowPrice	IncrementalShadowPrice
ECOAH2_f	12dgr120_c	-0.0	0.0	0.0	Inf	Inf
ECOAH2_f	12dgr140_c	-0.0	0.0	0.0	Inf	Inf
ECOAH2_f	12dgr160_c	-0.0	-0.014884603542702202	0.0	-0.0	Inf
ECOAH2_f	12dgr180_c	-0.0	0.0	0.0	Inf	Inf
ECOAH2_f	12ppd__R_c	-0.0	-1000.0	0.0	-0.0	Inf
ECOAH2_f	12ppd__S_c	-0.0	0.0	0.0	Inf	Inf
ECOAH2_f	5drib_c	-0.0	-999.9999479852918	5.2014708214852405e-05	-0.0	0.0
ECOAH2_f	5mta_c	-0.0	-0.025471579286563285	0.0	-0.0	Inf
ECOAH2_f	23dhacoa_c	-0.0	-0.0001343518911198771	0.0	-0.0	Inf
ECOAH2_f	5mtr_c	-0.0	-1000.0	0.0	-0.0	Inf
ECOAH2_f	3amac_c	-0.0	-2.1431515263312555	0.0	-0.0	Inf
ECOAH2_f	LalaDgluMdap_c	-0.0	-0.006481545793158379	0.0	-0.0	Inf
ECOAH2_f	ac_c	-0.0	-2.143151526331242	0.13588480983821682	-0.0	0.0
ECOAH2_f	acald_c	-0.0	-65.56182277450618	10.901641070521686	-0.0	0.0
ECOAH2_f	acetol_c	-0.0	0.0	0.0	Inf	Inf
ECOAH2_f	acgam_c	-0.0	-0.022039308295016345	0.0	-0.0	Inf
ECOAH2_f	acgam6p_c	-0.0	-0.022039308295016345	0.0	-0.0	Inf
ECOAH2_f	acmalt_c	0.0	0.0	0.0	Inf	Inf
ECOAH2_f	acmana_c	-0.0	-0.022039308295016345	0.0	-0.0	Inf
ECOAH2_f	2dmmq8_c	-0.0	0.0	0.0	Inf	Inf
ECOAH2_f	2dmmql8_c	0.0	0.0	0.0	Inf	Inf
ECOAH2_f	ade_c	-0.0	-0.025471579286563305	1.7518840566397882	-0.0	0.0
ECOAH2_f	adn_c	-0.0	-0.025471579286563285	0.8298398163030563	-0.0	0.0
ECOAH2_f	3sala_c	0.0	0.0	0.0	Inf	Inf
ECOAH2_f	adphep_DD_c	-0.0	0.0	0.0	Inf	Inf
ECOAH2_f	adphep_LD_c	-0.0	0.0	0.0	Inf	Inf
ECOAH2_f	4ahmmp_c	0.0	0.0	0.0	Inf	Inf
ECOAH2_f	4crsol_c	-0.0	-999.9999479852918	5.2014708214852405e-05	-0.0	0.0
ECOAH2_f	2ohph_c	-0.0	-5.2014708214852405e-05	0.4925500206211427	-0.0	0.0
ECOAH2_f	2ombzl_c	-0.0	0.0	0.0	Inf	Inf
ECOAH2_f	2omhmbl_c	-0.0	0.0	0.0	Inf	Inf
ECOAH2_f	2ommbl_c	0.0	0.0	0.0	Inf	Inf
ECOAH2_f	2omph_c	-0.0	0.0	0.44977957065123947	Inf	0.0
ECOAH2_f	4mhetz_c	0.0	0.0	0.0	Inf	Inf
ECOAH2_f	2oph_c	-0.0	-5.2014708214852405e-05	0.4925500206211427	-0.0	0.0
ECOAH2_f	2oxpaccoa_c	-0.0	-0.0001343518911198771	0.0	-0.0	Inf
ECOAH2_f	all__D_c	-0.0	-27.317426156044206	0.0	-0.0	Inf
ECOAH2_f	alltn_c	-0.0	-0.5357878815828194	0.0	-0.0	Inf
ECOAH2_f	4r5au_c	-0.0	-0.00010402941688662944	0.9854347818598805	-0.0	0.0
ECOAH2_f	56dura_c	0.0	0.0	0.0	Inf	Inf
ECOAH2_f	arab__L_c	-0.0	-32.780911387253155	0.0	-0.0	Inf
ECOAH2_f	etoh_c	-0.0	-1000.0	0.0	-0.0	Inf
ECOAH2_f	csn_c	-0.0	0.0	0.03589434716400319	Inf	0.0
ECOAH2_f	fald_c	-0.0	0.0	0.0	Inf	Inf
ECOAH2_f	fc1p_c	-0.0	0.0	0.0	Inf	Inf
ECOAH2_f	fcl__L_c	-0.0	0.0	0.0	Inf	Inf
ECOAH2_f	aso4_c	0.0	0.0	0.0	Inf	Inf
ECOAH2_f	cyan_c	0.0	0.0	0.0	Inf	Inf
ECOAH2_f	athtp_c	0.0	0.0	0.0	Inf	Inf
ECOAH2_f	cytd_c	-0.0	0.0	0.03589434716400319	Inf	0.0
ECOAH2_f	dad_2_c	-0.0	-0.025471579286563285	1.0511304339838707	-0.0	0.0
ECOAH2_f	dad_5_c	-0.0	-0.025471579286563305	5.2014708214852405e-05	-0.0	0.0
ECOAH2_f	betald_c	0.0	0.0	0.0	Inf	Inf
ECOAH2_f	btal_c	-0.0	-337.17508855460244	0.0	-0.0	Inf
ECOAH2_f	for_c	-0.0	-0.025471579286563295	0.000572161791854369	-0.0	0.0
ECOAH2_f	dcyt_c	-0.0	0.0	0.0	Inf	Inf
ECOAH2_f	fru_c	-0.0	0.0	0.0	Inf	Inf
ECOAH2_f	ca2_c	-0.0	-0.0012140652746666092	999.9987859347253	-0.0	0.0
ECOAH2_f	g3pe_c	-0.0	-0.03242825494930269	0.0	-0.0	Inf
ECOAH2_f	g3pi_c	0.0	0.0	0.0	Inf	Inf
ECOAH2_f	cbm_c	-0.0	-1.0715757631656393	0.0	-0.0	Inf
ECOAH2_f	dha_c	-0.0	-54.63485231208841	0.0	-0.0	Inf
ECOAH2_f	gal_c	-0.0	0.0	0.0	Inf	Inf
ECOAH2_f	dhgly_c	-0.0	-5.2014708214852405e-05	0.5255652169919344	-0.0	0.0
ECOAH2_f	dhmptp_c	0.0	0.0	0.0	Inf	Inf
ECOAH2_f	gcald_c	-0.0	-0.6902692324831358	0.00015604412476477592	-0.0	0.0
ECOAH2_f	dhptd_c	-0.0	-56.58555209194079	0.00010402941642970481	-0.0	0.0
ECOAH2_f	cechddd_c	-0.0	0.0	0.0	Inf	Inf
ECOAH2_f	dhptdn_c	0.0	0.0	0.0	Inf	Inf
ECOAH2_f	chol_c	0.0	0.0	0.0	Inf	Inf
ECOAH2_f	chtbs6p_c	-0.0	0.0	0.0	Inf	Inf
ECOAH2_f	dmbzid_c	0.0	0.0	0.0	Inf	Inf
ECOAH2_f	dms_c	0.0	0.0	0.0	Inf	Inf
ECOAH2_f	dmso_c	0.0	0.0	0.0	Inf	Inf
ECOAH2_f	cl_c	-0.0	-0.0012140652746666092	999.9987859347253	-0.0	0.0
ECOAH2_f	glc__D_c	-0.0	-27.317426156044206	0.0	-0.0	Inf
ECOAH2_f	co2_c	-0.0	-949.5745115489855	50.42548845101453	-0.0	0.0
ECOAH2_f	dscl_c	-0.0	-5.2014708214852405e-05	0.42034373487563503	-0.0	0.0
ECOAH2_f	dtdp4aaddg_c	-0.0	0.0	0.0	Inf	Inf
ECOAH2_f	glyald_c	-0.0	-1000.0	0.0	-0.0	Inf
ECOAH2_f	crn_c	-0.0	-1000.0	0.0	-0.0	Inf
ECOAH2_f	duri_c	-0.0	0.0	0.0	Inf	Inf
ECOAH2_f	glyb_c	0.0	0.0	0.0	Inf	Inf
ECOAH2_f	glyc_c	-0.0	-0.03242825494930269	0.0	-0.0	Inf
ECOAH2_f	dxyl_c	0.0	0.0	0.0	Inf	Inf
ECOAH2_f	glycogen_c	-0.0	-26.10869048542281	0.0	-0.0	Inf
ECOAH2_f	gmhep1p_c	-0.0	0.0	0.024999999999863753	Inf	0.0
ECOAH2_f	lipa_cold_c	-0.0	0.0	0.0	Inf	Inf
ECOAH2_f	lipidA_c	-0.0	-0.00453810835438162	0.012499999999931432	-0.0	0.0
ECOAH2_f	malt_c	0.0	0.0	0.0	Inf	Inf
ECOAH2_f	h2_c	-0.0	0.0	0.0	Inf	Inf
ECOAH2_f	malthx_c	-0.0	0.0	0.0	Inf	Inf
ECOAH2_f	maltpt_c	-0.0	0.0	0.0	Inf	Inf
ECOAH2_f	malttr_c	-0.0	0.0	0.0	Inf	Inf
ECOAH2_f	maltttr_c	-0.0	0.0	0.0	Inf	Inf
ECOAH2_f	h2o2_c	-0.0	-0.00032724948644702865	21.044203980588726	-0.0	0.0
ECOAH2_f	man_c	-0.0	0.0	0.0	Inf	Inf
ECOAH2_f	mdhdhf_c	-0.0	-56.58555209194079	0.00010402941642970481	-0.0	0.0
ECOAH2_f	melib_c	-0.0	0.0	0.0	Inf	Inf
ECOAH2_f	meoh_c	-0.0	-1000.0	0.0	-0.0	Inf
ECOAH2_f	pacald_c	-0.0	-1000.0	0.0	-0.0	Inf
ECOAH2_f	metsox_S__L_c	-0.0	-0.025471579286563295	0.0	-0.0	Inf
ECOAH2_f	mg2_c	-0.0	-0.0020234421244822443	999.9979765578755	-0.0	0.0
ECOAH2_f	hhlipa_c	-0.0	0.0	0.0	Inf	Inf
ECOAH2_f	pe120_c	-0.0	-0.018152433417545622	0.0	-0.0	Inf
ECOAH2_f	mobd_c	-0.0	-3.0089225788287877e-05	159.77484502944424	-0.0	0.0
ECOAH2_f	hlipa_c	-0.0	0.0	0.0	Inf	Inf
ECOAH2_f	pg120_c	-0.0	-0.016214127474651344	0.0	-0.0	Inf
ECOAH2_f	mql8_c	0.0	0.0	0.0	Inf	Inf
ECOAH2_f	mqn8_c	-0.0	0.0	0.0	Inf	Inf
ECOAH2_f	mthgxl_c	-0.0	0.0	0.0	Inf	Inf
ECOAH2_f	hqn_c	0.0	0.0	0.0	Inf	Inf
ECOAH2_f	mththf_c	-0.0	-999.9998959705836	0.00010402941642970481	-0.0	0.0
ECOAH2_f	n2o_c	-0.0	-1000.0	0.0	-0.0	Inf
ECOAH2_f	na1_c	-0.0	0.0	0.0	Inf	Inf
ECOAH2_f	nac_c	-0.0	0.0	0.0	Inf	Inf
ECOAH2_f	ncam_c	-0.0	0.0	0.0	Inf	Inf
ECOAH2_f	ni2_c	-0.0	-7.533968947711805e-05	999.9999246603105	-0.0	0.0
ECOAH2_f	no_c	-0.0	-1000.0	0.0	-0.0	Inf
ECOAH2_f	indole_c	-0.0	-0.013258619098909663	0.563105589634217	-0.0	0.0
ECOAH2_f	no2_c	-0.0	-1000.0	0.0	-0.0	Inf
ECOAH2_f	no3_c	0.0	0.0	0.0	Inf	Inf
ECOAH2_f	inost_c	0.0	0.0	0.0	Inf	Inf
ECOAH2_f	o2_c	-0.0	-49.92775667586409	950.0722433241359	-0.0	0.0
ECOAH2_f	poaac_c	-0.0	-2.5192869086762357	0.0	-0.0	Inf
ECOAH2_f	ppal_c	-0.0	0.0	0.0	Inf	Inf
ECOAH2_f	k_c	-0.0	-0.045528730675254196	636.8984987030617	-0.0	0.0
ECOAH2_f	psclys_c	-0.0	0.0	0.0	Inf	Inf
ECOAH2_f	lald__D_c	-0.0	0.0	0.0	Inf	Inf
ECOAH2_f	lald__L_c	-0.0	0.0	0.0	Inf	Inf
ECOAH2_f	ura_c	-0.0	-0.07715787176641697	0.0	-0.0	Inf
ECOAH2_f	pydx_c	-0.0	0.0	0.00032724948644702865	Inf	0.0
ECOAH2_f	uracp_c	-0.0	-1.2596434543381179	0.0	-0.0	Inf
ECOAH2_f	pydxn_c	-0.0	0.0	1.5766956509758068	Inf	0.0
ECOAH2_f	urate_c	-0.0	-0.00032724948644702865	0.0	-0.0	Inf
ECOAH2_f	q8_c	-0.0	0.0	0.0	Inf	Inf
ECOAH2_f	q8h2_c	0.0	0.0	0.0	Inf	Inf
ECOAH2_f	urea_c	-0.0	-1000.0	0.0	-0.0	Inf
ECOAH2_f	uri_c	-0.0	0.0	0.0	Inf	Inf
ECOAH2_f	rbflvrd_c	-0.0	0.0	0.012735789643281672	Inf	0.0
ECOAH2_f	rbl__L_c	-0.0	-32.780911387253155	0.0	-0.0	Inf
ECOAH2_f	rdmbzi_c	0.0	0.0	0.0	Inf	Inf
ECOAH2_f	thptdn_c	0.0	0.0	0.0	Inf	Inf
ECOAH2_f	xan_c	-0.0	0.0	0.0	Inf	Inf
ECOAH2_f	rephaccoa_c	-0.0	-0.0001343518911198771	0.0	-0.0	Inf
ECOAH2_f	rib__D_c	-0.0	0.0	1.5766956509758074	Inf	0.0
ECOAH2_f	xtsn_c	-0.0	0.0	0.8298398163030561	Inf	0.0
ECOAH2_f	rml_c	-0.0	0.0	0.0	Inf	Inf
ECOAH2_f	thym_c	-0.0	-636.8984987030617	0.0	-0.0	Inf
ECOAH2_f	thymd_c	-0.0	-0.006103214597033002	0.0	-0.0	Inf
ECOAH2_f	xu5p__L_c	-0.0	-0.22500000000013481	0.0	-0.0	Inf
ECOAH2_f	rmn_c	-0.0	0.0	0.0	Inf	Inf
ECOAH2_f	xyl__D_c	0.0	0.0	0.0	Inf	Inf
ECOAH2_f	tmao_c	0.0	0.0	0.0	Inf	Inf
ECOAH2_f	xylu__D_c	-0.0	0.0	0.0	Inf	Inf
ECOAH2_f	xylu__L_c	-0.0	-32.780911387253155	0.0	-0.0	Inf
ECOAH2_f	12ppd__R_e	-0.0	-1000.0	0.0	-0.0	Inf
ECOAH2_f	12ppd__S_e	-0.0	-1000.0	0.0	-0.0	Inf
ECOAH2_f	tre_c	-0.0	-13.658713078022103	0.0	-0.0	Inf
ECOAH2_f	seln_c	0.0	0.0	0.0	Inf	Inf
ECOAH2_f	34dhpac_e	-0.0	-1000.0	0.0	-0.0	Inf
ECOAH2_f	slnt_c	0.0	0.0	0.0	Inf	Inf
ECOAH2_f	so2_c	0.0	0.0	0.0	Inf	Inf
ECOAH2_f	so3_c	-0.0	-0.05781516455421056	16.05713067224925	-0.0	0.0
ECOAH2_f	so4_c	-0.0	-0.058827002241367644	636.8984987030617	-0.0	0.0
ECOAH2_f	4hoxpacd_e	-0.0	-1000.0	0.0	-0.0	Inf
ECOAH2_f	5mtr_e	-0.0	-1000.0	0.0	-0.0	Inf
ECOAH2_f	LalaDgluMdap_e	-0.0	-1000.0	0.0	-0.0	Inf
ECOAH2_f	ac_e	-0.0	0.0	0.0	Inf	Inf
ECOAH2_f	acald_e	-0.0	-1000.0	0.0	-0.0	Inf
ECOAH2_f	acgal_e	-0.0	-1000.0	0.0	-0.0	Inf
ECOAH2_f	acgam_e	-0.0	-1000.0	0.0	-0.0	Inf
ECOAH2_f	acmana_e	-0.0	-1000.0	0.0	-0.0	Inf
ECOAH2_f	tagur_c	-0.0	0.0	0.0	Inf	Inf
ECOAH2_f	tartr__L_c	-0.0	-0.690269232483135	0.0	-0.0	Inf
ECOAH2_f	ade_e	-0.0	-1000.0	0.0	-0.0	Inf
ECOAH2_f	adn_e	-0.0	-1000.0	0.0	-0.0	Inf
ECOAH2_f	all__D_e	-0.0	-1000.0	0.0	-0.0	Inf
ECOAH2_f	cl_e	-0.0	-0.0012140652746666092	999.9987859347253	-0.0	0.0
ECOAH2_f	alltn_e	-0.0	0.0	0.0	Inf	Inf
ECOAH2_f	cm_e	-0.0	-1000.0	0.0	-0.0	Inf
ECOAH2_f	co2_e	-0.0	-949.5745115489855	50.42548845101453	-0.0	0.0
ECOAH2_f	arab__L_e	-0.0	-1000.0	0.0	-0.0	Inf
ECOAH2_f	arbt_e	-0.0	-1000.0	0.0	-0.0	Inf
ECOAH2_f	unagamu_c	-0.0	0.0	0.012499999999930012	Inf	0.0
ECOAH2_f	crn_e	-0.0	-1000.0	0.0	-0.0	Inf
ECOAH2_f	csn_e	-0.0	-1000.0	0.0	-0.0	Inf
ECOAH2_f	cyan_e	-0.0	-1000.0	0.0	-0.0	Inf
ECOAH2_f	glyb_e	-0.0	-1000.0	0.0	-0.0	Inf
ECOAH2_f	glyc_e	-0.0	-1000.0	0.0	-0.0	Inf
ECOAH2_f	cytd_e	-0.0	-1000.0	0.0	-0.0	Inf
ECOAH2_f	ca2_e	-0.0	-0.0012140652746666092	999.9987859347253	-0.0	0.0
ECOAH2_f	dad_2_e	-0.0	-1000.0	0.0	-0.0	Inf
ECOAH2_f	dcyt_e	-0.0	-1000.0	0.0	-0.0	Inf
ECOAH2_f	chol_e	-0.0	-1000.0	0.0	-0.0	Inf
ECOAH2_f	dha_e	-0.0	-1000.0	0.0	-0.0	Inf
ECOAH2_f	ppal_e	-0.0	-1000.0	0.0	-0.0	Inf
ECOAH2_f	h2_e	-0.0	-1000.0	0.0	-0.0	Inf
ECOAH2_f	dms_e	-0.0	-1000.0	0.0	-0.0	Inf
ECOAH2_f	dmso_e	-0.0	-1000.0	0.0	-0.0	Inf
ECOAH2_f	h2o2_e	-0.0	-1000.0	0.0	-0.0	Inf
ECOAH2_f	psclys_e	-0.0	-1000.0	0.0	-0.0	Inf
ECOAH2_f	duri_e	-0.0	-1000.0	0.0	-0.0	Inf
ECOAH2_f	pydx_e	-0.0	-1000.0	0.0	-0.0	Inf
ECOAH2_f	pydxn_e	-0.0	-1000.0	0.0	-0.0	Inf
ECOAH2_f	etoh_e	-0.0	-1000.0	0.0	-0.0	Inf
ECOAH2_f	fald_e	-0.0	0.0	0.0	Inf	Inf
ECOAH2_f	rib__D_e	-0.0	-1000.0	0.0	-0.0	Inf
ECOAH2_f	rmn_e	-0.0	-1000.0	0.0	-0.0	Inf
ECOAH2_f	indole_e	-0.0	-1000.0	0.0	-0.0	Inf
ECOAH2_f	inost_e	-0.0	-1000.0	0.0	-0.0	Inf
ECOAH2_f	sbt__D_e	-0.0	-25.270081583321417	0.0	-0.0	Inf
ECOAH2_f	k_e	-0.0	-0.04552873067530072	999.9544712693247	-0.0	0.0
ECOAH2_f	for_e	-0.0	0.0	0.000572161791854369	Inf	0.0
ECOAH2_f	slnt_e	-0.0	0.0	1000.0	Inf	0.0
ECOAH2_f	fru_e	-0.0	-1000.0	0.0	-0.0	Inf
ECOAH2_f	so2_e	-0.0	-1000.0	0.0	-0.0	Inf
ECOAH2_f	so3_e	-0.0	-1000.0	0.0	-0.0	Inf
ECOAH2_f	so4_e	-0.0	-0.058827002241400805	999.9411729977586	-0.0	0.0
ECOAH2_f	lipa_cold_e	-0.0	-1000.0	0.0	-0.0	Inf
ECOAH2_f	sucr_e	-0.0	-1000.0	0.0	-0.0	Inf
ECOAH2_f	g3pe_e	-0.0	-1000.0	0.0	-0.0	Inf
ECOAH2_f	malt_e	-0.0	-1000.0	0.0	-0.0	Inf
ECOAH2_f	tartr__L_e	-0.0	-1000.0	0.0	-0.0	Inf
ECOAH2_f	g3pi_e	-0.0	-1000.0	0.0	-0.0	Inf
ECOAH2_f	malthx_e	-0.0	-1000.0	0.0	-0.0	Inf
ECOAH2_f	maltpt_e	-0.0	-1000.0	0.0	-0.0	Inf
ECOAH2_f	gal_e	-0.0	-1000.0	0.0	-0.0	Inf
ECOAH2_f	gal_bD_e	-0.0	-1000.0	0.0	-0.0	Inf
ECOAH2_f	malttr_e	-0.0	-1000.0	0.0	-0.0	Inf
ECOAH2_f	maltttr_e	-0.0	-1000.0	0.0	-0.0	Inf
ECOAH2_f	man_e	-0.0	-1000.0	0.0	-0.0	Inf
ECOAH2_f	thym_e	-0.0	-1000.0	0.0	-0.0	Inf
ECOAH2_f	thymd_e	-0.0	-1000.0	0.0	-0.0	Inf
ECOAH2_f	galt_e	-0.0	-3.1614910455388667	0.0	-0.0	Inf
ECOAH2_f	melib_e	-0.0	-1000.0	0.0	-0.0	Inf
ECOAH2_f	meoh_e	-0.0	-1000.0	0.0	-0.0	Inf
ECOAH2_f	tmao_e	-0.0	-1000.0	0.0	-0.0	Inf
ECOAH2_f	tre_e	-0.0	-1000.0	0.0	-0.0	Inf
ECOAH2_f	metsox_S__L_e	-0.0	-1000.0	0.0	-0.0	Inf
ECOAH2_f	glc__D_e	-0.0	-27.317426156044206	6.690471113437175	-0.0	0.0
ECOAH2_f	mg2_e	-0.0	-0.0020234421244822443	999.9979765578755	-0.0	0.0
ECOAH2_f	mnl_e	-0.0	-1000.0	0.0	-0.0	Inf
ECOAH2_f	mobd_e	-0.0	-3.0089225788287877e-05	999.9999699107742	-0.0	0.0
ECOAH2_f	glyald_e	-0.0	-1000.0	0.0	-0.0	Inf
ECOAH2_f	n2o_e	-0.0	-1000.0	0.0	-0.0	Inf
ECOAH2_f	na1_e	-0.0	0.0	1000.0	Inf	0.0
ECOAH2_f	nac_e	-0.0	-1000.0	0.0	-0.0	Inf
ECOAH2_f	ni2_e	-0.0	-7.53396894879188e-05	999.9999246603105	-0.0	0.0
ECOAH2_f	no_e	-0.0	-1000.0	0.0	-0.0	Inf
ECOAH2_f	no2_e	-0.0	-1000.0	0.0	-0.0	Inf
ECOAH2_f	ura_e	-0.0	-1000.0	0.0	-0.0	Inf
ECOAH2_f	no3_e	-0.0	-1000.0	0.0	-0.0	Inf
ECOAH2_f	urea_e	-0.0	-1000.0	0.0	-0.0	Inf
ECOAH2_f	novbcn_e	-0.0	-1000.0	0.0	-0.0	Inf
ECOAH2_f	uri_e	-0.0	-1000.0	0.0	-0.0	Inf
ECOAH2_f	o2_e	-0.0	-49.92775667586409	950.0722433241359	-0.0	0.0
ECOAH2_f	xan_e	-0.0	0.0	0.0	Inf	Inf
ECOAH2_f	xtsn_e	-0.0	-1000.0	0.0	-0.0	Inf
ECOAH2_f	xyl__D_e	-0.0	-1000.0	0.0	-0.0	Inf
ECOAH2_f	xylu__L_e	-0.0	-1000.0	0.0	-0.0	Inf
ECOAH2_f	pacald_e	-0.0	-1000.0	0.0	-0.0	Inf
ECOAH2_f	12dgr120_p	-0.0	0.0	0.0	Inf	Inf
ECOAH2_f	12dgr140_p	-0.0	0.0	0.0	Inf	Inf
ECOAH2_f	12dgr160_p	-0.0	-0.014884603542702202	0.0	-0.0	Inf
ECOAH2_f	12dgr180_p	-0.0	0.0	0.0	Inf	Inf
ECOAH2_f	12ppd__R_p	-0.0	-1000.0	0.0	-0.0	Inf
ECOAH2_f	12ppd__S_p	-0.0	0.0	0.0	Inf	Inf
ECOAH2_f	chol_p	-0.0	-1000.0	0.0	-0.0	Inf
ECOAH2_f	cl_p	-0.0	-0.0012140652746666092	999.9987859347253	-0.0	0.0
ECOAH2_f	34dhpac_p	-0.0	-1000.0	0.0	-0.0	Inf
ECOAH2_f	cm_p	-0.0	0.0	0.0	Inf	Inf
ECOAH2_f	4hoxpacd_p	-0.0	-1000.0	0.0	-0.0	Inf
ECOAH2_f	co2_p	-0.0	-949.5745115489855	50.42548845101453	-0.0	0.0
ECOAH2_f	5mtr_p	-0.0	-1000.0	0.0	-0.0	Inf
ECOAH2_f	LalaDgluMdap_p	-0.0	-0.006481545793158379	0.0	-0.0	Inf
ECOAH2_f	gal_p	-0.0	-1000.0	0.0	-0.0	Inf
ECOAH2_f	ac_p	-0.0	-2.143151526331273	0.0	-0.0	Inf
ECOAH2_f	crn_p	-0.0	-1000.0	0.0	-0.0	Inf
ECOAH2_f	gal_bD_p	-0.0	-1000.0	0.0	-0.0	Inf
ECOAH2_f	acald_p	-0.0	-1000.0	0.0	-0.0	Inf
ECOAH2_f	acgal_p	-0.0	-1000.0	0.0	-0.0	Inf
ECOAH2_f	csn_p	-0.0	0.0	0.0	Inf	Inf
ECOAH2_f	acgam_p	-0.0	-1000.0	0.0	-0.0	Inf
ECOAH2_f	galt_p	-0.0	-3.1614910455388667	0.0	-0.0	Inf
ECOAH2_f	acmana_p	-0.0	-1000.0	0.0	-0.0	Inf
ECOAH2_f	cyan_p	-0.0	0.0	0.0	Inf	Inf
ECOAH2_f	ade_p	-0.0	-1000.0	0.0	-0.0	Inf
ECOAH2_f	adn_p	-0.0	0.0	0.8298398163030563	Inf	0.0
ECOAH2_f	cytd_p	-0.0	0.0	0.0	Inf	Inf
ECOAH2_f	glc__D_p	-0.0	-27.317426156044206	6.690471113437175	-0.0	0.0
ECOAH2_f	dad_2_p	-0.0	-1000.0	0.0	-0.0	Inf
ECOAH2_f	dcyt_p	-0.0	-1000.0	0.0	-0.0	Inf
ECOAH2_f	all__D_p	-0.0	0.0	0.0	Inf	Inf
ECOAH2_f	alltn_p	-0.0	0.0	0.0	Inf	Inf
ECOAH2_f	dha_p	-0.0	-1000.0	0.0	-0.0	Inf
ECOAH2_f	glyald_p	-0.0	-1000.0	0.0	-0.0	Inf
ECOAH2_f	glyb_p	0.0	0.0	0.0	Inf	Inf
ECOAH2_f	dms_p	-0.0	-1000.0	0.0	-0.0	Inf
ECOAH2_f	glyc_p	-0.0	-0.03242825494930269	0.0	-0.0	Inf
ECOAH2_f	dmso_p	-0.0	-1000.0	0.0	-0.0	Inf
ECOAH2_f	arab__L_p	-0.0	0.0	0.0	Inf	Inf
ECOAH2_f	arbt_p	0.0	0.0	0.0	Inf	Inf
ECOAH2_f	ca2_p	-0.0	-0.0012140652746666092	999.9987859347253	-0.0	0.0
ECOAH2_f	duri_p	-0.0	-1000.0	0.0	-0.0	Inf
ECOAH2_f	h2_p	-0.0	-1000.0	0.0	-0.0	Inf
ECOAH2_f	h2o2_p	-0.0	-1000.0	0.0	-0.0	Inf
ECOAH2_f	etoh_p	-0.0	-1000.0	0.0	-0.0	Inf
ECOAH2_f	fald_p	-0.0	0.0	0.0	Inf	Inf
ECOAH2_f	n2o_p	-0.0	-1000.0	0.0	-0.0	Inf
ECOAH2_f	na1_p	-0.0	0.0	0.0	Inf	Inf
ECOAH2_f	indole_p	-0.0	0.0	0.5631055896342168	Inf	0.0
ECOAH2_f	nac_p	-0.0	-1000.0	0.0	-0.0	Inf
ECOAH2_f	ni2_p	-0.0	-7.53396894879188e-05	999.9999246603105	-0.0	0.0
ECOAH2_f	inost_p	-0.0	-1000.0	0.0	-0.0	Inf
ECOAH2_f	no_p	-0.0	-1000.0	0.0	-0.0	Inf
ECOAH2_f	no2_p	-0.0	-1000.0	0.0	-0.0	Inf
ECOAH2_f	for_p	-0.0	0.0	0.000572161791854369	Inf	0.0
ECOAH2_f	fru_p	-0.0	-1000.0	0.0	-0.0	Inf
ECOAH2_f	no3_p	-0.0	0.0	0.0	Inf	Inf
ECOAH2_f	k_p	-0.0	-0.04552873067530072	999.9544712693247	-0.0	0.0
ECOAH2_f	novbcn_p	-0.0	0.0	0.0	Inf	Inf
ECOAH2_f	o2_p	-0.0	-49.92775667586409	950.0722433241359	-0.0	0.0
ECOAH2_f	lipa_cold_p	-0.0	-159.77484502944424	0.0	-0.0	Inf
ECOAH2_f	g3pe_p	-0.0	-0.03242825494930269	0.0	-0.0	Inf
ECOAH2_f	g3pi_p	-0.0	0.0	0.0	Inf	Inf
ECOAH2_f	so3_p	-0.0	-1000.0	0.0	-0.0	Inf
ECOAH2_f	so4_p	-0.0	-0.058827002241367644	999.9411729977586	-0.0	0.0
ECOAH2_f	malt_p	0.0	0.0	0.0	Inf	Inf
ECOAH2_f	malthx_p	0.0	0.0	0.0	Inf	Inf
ECOAH2_f	maltpt_p	0.0	0.0	0.0	Inf	Inf
ECOAH2_f	sucr_p	-0.0	-1000.0	0.0	-0.0	Inf
ECOAH2_f	malttr_p	0.0	0.0	0.0	Inf	Inf
ECOAH2_f	maltttr_p	0.0	0.0	0.0	Inf	Inf
ECOAH2_f	pacald_p	-0.0	-1000.0	0.0	-0.0	Inf
ECOAH2_f	man_p	-0.0	-1000.0	0.0	-0.0	Inf
ECOAH2_f	tartr__L_p	-0.0	-1000.0	0.0	-0.0	Inf
ECOAH2_f	pe120_p	-0.0	-0.018152433417545622	0.0	-0.0	Inf
ECOAH2_f	melib_p	-0.0	-1000.0	0.0	-0.0	Inf
ECOAH2_f	meoh_p	-0.0	-1000.0	0.0	-0.0	Inf
ECOAH2_f	thym_p	-0.0	-1000.0	0.0	-0.0	Inf
ECOAH2_f	thymd_p	-0.0	-0.006103214597033002	0.0	-0.0	Inf
ECOAH2_f	pg120_p	-0.0	-0.016214127474651344	0.0	-0.0	Inf
ECOAH2_f	metsox_S__L_p	-0.0	-1000.0	0.0	-0.0	Inf
ECOAH2_f	tmao_p	-0.0	-1000.0	0.0	-0.0	Inf
ECOAH2_f	mg2_p	-0.0	-0.0020234421244822443	999.9979765578755	-0.0	0.0
ECOAH2_f	tre_p	-0.0	0.0	0.0	Inf	Inf
ECOAH2_f	mnl_p	-0.0	0.0	0.0	Inf	Inf
ECOAH2_f	mobd_p	-0.0	-3.0089225788287877e-05	999.9999699107742	-0.0	0.0
ECOAH2_f	ura_p	-0.0	-1000.0	0.0	-0.0	Inf
ECOAH2_f	urea_p	-0.0	-1000.0	0.0	-0.0	Inf
ECOAH2_f	uri_p	-0.0	0.0	0.0	Inf	Inf
ECOAH2_f	xan_p	-0.0	0.0	0.0	Inf	Inf
ECOAH2_f	xtsn_p	-0.0	0.0	0.0	Inf	Inf
ECOAH2_f	xyl__D_p	-0.0	0.0	0.0	Inf	Inf
ECOAH2_f	xylu__L_p	-0.0	-1000.0	0.0	-0.0	Inf
ECOAH2_f	ppal_p	-0.0	-1000.0	0.0	-0.0	Inf
ECOAH2_f	psclys_p	-0.0	-1000.0	0.0	-0.0	Inf
ECOAH2_f	pydx_p	-0.0	0.0	0.0	Inf	Inf
ECOAH2_f	pydxn_p	-0.0	0.0	0.0	Inf	Inf
ECOAH2_f	rib__D_p	-0.0	-1000.0	0.0	-0.0	Inf
ECOAH2_f	rmn_p	-0.0	-1000.0	0.0	-0.0	Inf
ECOAH2_f	sbt__D_p	-0.0	-25.270081583321417	0.0	-0.0	Inf
ECOAH2_f	slnt_p	-0.0	0.0	0.0	Inf	Inf
ECOAH2_f	so2_p	-0.0	-1000.0	0.0	-0.0	Inf
