Reaction	Metabolite	ShadowPrice	G-	G+	DecrementalShadowPrice	IncrementalShadowPrice
ECOAH3_f	12dgr120_c	-0.0	0.0	0.5138484470713418	Inf	0.0
ECOAH3_f	12dgr140_c	-0.0	0.0	0.0	Inf	Inf
ECOAH3_f	12dgr160_c	-0.0	-0.014884603542702202	0.0	-0.0	Inf
ECOAH3_f	12dgr180_c	-0.0	0.0	0.0	Inf	Inf
ECOAH3_f	12ppd__R_c	-0.0	-1000.0	0.0	-0.0	Inf
ECOAH3_f	12ppd__S_c	-0.0	0.0	0.0	Inf	Inf
ECOAH3_f	5drib_c	-0.0	-999.9999479852918	5.2014708214852405e-05	-0.0	0.0
ECOAH3_f	5mta_c	-0.0	-0.025471579287568602	0.0	-0.0	Inf
ECOAH3_f	23dhacoa_c	-0.0	-0.0001343518911198771	0.0	-0.0	Inf
ECOAH3_f	5mtr_c	-0.0	-1000.0	0.0	-0.0	Inf
ECOAH3_f	3amac_c	-0.0	-2.1431515263192296	0.0	-0.0	Inf
ECOAH3_f	LalaDgluMdap_c	-0.0	-0.006481545793158379	0.0	-0.0	Inf
ECOAH3_f	ac_c	-0.0	-0.9895457693139424	0.13588480983821682	-0.0	0.0
ECOAH3_f	acald_c	-0.0	-0.9895457693139424	6.680029811927443	-0.0	0.0
ECOAH3_f	acetol_c	-0.0	0.0	0.0	Inf	Inf
ECOAH3_f	acgam_c	-0.0	-0.022039308295016345	0.0	-0.0	Inf
ECOAH3_f	acgam6p_c	-0.0	-0.022039308295016345	0.0	-0.0	Inf
ECOAH3_f	acmalt_c	0.0	0.0	0.0	Inf	Inf
ECOAH3_f	acmana_c	-0.0	-0.022039308295016345	0.0	-0.0	Inf
ECOAH3_f	2dmmq8_c	-0.0	0.0	0.0	Inf	Inf
ECOAH3_f	2dmmql8_c	0.0	0.0	0.0	Inf	Inf
ECOAH3_f	ade_c	-0.0	-0.025471579287568602	4.45335320795163	-0.0	0.0
ECOAH3_f	adn_c	-0.0	-0.025471579287568602	2.672011924770978	-0.0	0.0
ECOAH3_f	3sala_c	0.0	0.0	0.0	Inf	Inf
ECOAH3_f	adphep_DD_c	-0.0	0.0	0.0	Inf	Inf
ECOAH3_f	adphep_LD_c	-0.0	0.0	0.0	Inf	Inf
ECOAH3_f	4ahmmp_c	0.0	0.0	0.0	Inf	Inf
ECOAH3_f	4crsol_c	-0.0	-999.9999479852918	5.2014708214852405e-05	-0.0	0.0
ECOAH3_f	2ohph_c	-0.0	-5.2014708214852405e-05	0.1236932211642428	-0.0	0.0
ECOAH3_f	2ombzl_c	-0.0	0.0	0.0	Inf	Inf
ECOAH3_f	2omhmbl_c	-0.0	0.0	0.0	Inf	Inf
ECOAH3_f	2ommbl_c	0.0	0.0	0.0	Inf	Inf
ECOAH3_f	2omph_c	-0.0	0.0	0.1236932211642428	Inf	0.0
ECOAH3_f	4mhetz_c	0.0	0.0	0.0	Inf	Inf
ECOAH3_f	2oph_c	-0.0	-5.2014708214852405e-05	0.1236932211642428	-0.0	0.0
ECOAH3_f	2oxpaccoa_c	-0.0	-0.0001343518911198771	0.0	-0.0	Inf
ECOAH3_f	all__D_c	-0.0	-58.52672182009084	0.0	-0.0	Inf
ECOAH3_f	alltn_c	-0.0	-0.5357878815798074	0.0	-0.0	Inf
ECOAH3_f	4r5au_c	-0.0	-0.00010402941552456468	3.320650758437389	-0.0	0.0
ECOAH3_f	56dura_c	0.0	0.0	0.0	Inf	Inf
ECOAH3_f	arab__L_c	-0.0	-70.23206618410899	0.0	-0.0	Inf
ECOAH3_f	etoh_c	-0.0	-1000.0	0.0	-0.0	Inf
ECOAH3_f	csn_c	-0.0	0.0	0.042196057351561796	Inf	0.0
ECOAH3_f	fald_c	-0.0	0.0	0.0	Inf	Inf
ECOAH3_f	fc1p_c	-0.0	-0.22499999999850373	0.0	-0.0	Inf
ECOAH3_f	fcl__L_c	-0.0	0.0	0.0	Inf	Inf
ECOAH3_f	aso4_c	0.0	0.0	0.0	Inf	Inf
ECOAH3_f	cyan_c	0.0	0.0	0.0	Inf	Inf
ECOAH3_f	athtp_c	0.0	0.0	0.0	Inf	Inf
ECOAH3_f	cytd_c	-0.0	0.0	0.042196057351561796	Inf	0.0
ECOAH3_f	dad_2_c	-0.0	-0.025471579287568602	0.0	-0.0	Inf
ECOAH3_f	dad_5_c	-0.0	-0.025471579287568602	5.2014708214852405e-05	-0.0	0.0
ECOAH3_f	betald_c	0.0	0.0	0.0	Inf	Inf
ECOAH3_f	btal_c	-0.0	-702.3206618410899	0.0	-0.0	Inf
ECOAH3_f	for_c	-0.0	-0.025471579287568602	0.0005721617871997406	-0.0	0.0
ECOAH3_f	dcyt_c	-0.0	0.0	0.0	Inf	Inf
ECOAH3_f	fru_c	-0.0	-58.52672182009084	6.680029811927445	-0.0	0.0
ECOAH3_f	ca2_c	-0.0	-0.0012140652746666092	999.9987859347253	-0.0	0.0
ECOAH3_f	g3pe_c	-0.0	-0.03242825494930269	0.0	-0.0	Inf
ECOAH3_f	g3pi_c	0.0	0.0	0.0	Inf	Inf
ECOAH3_f	cbm_c	-0.0	-1.0715757631596148	0.0	-0.0	Inf
ECOAH3_f	dha_c	-0.0	-117.05344364018163	0.0	-0.0	Inf
ECOAH3_f	gal_c	-0.0	0.0	0.0	Inf	Inf
ECOAH3_f	dhgly_c	-0.0	-5.2014708214852405e-05	1.6700074529818607	-0.0	0.0
ECOAH3_f	dhmptp_c	0.0	0.0	0.0	Inf	Inf
ECOAH3_f	gcald_c	-0.0	-0.6902692324829061	0.00015604412419634173	-0.0	0.0
ECOAH3_f	dhptd_c	-0.0	-56.58555209193717	0.00010402941642970481	-0.0	0.0
ECOAH3_f	cechddd_c	-0.0	0.0	0.0	Inf	Inf
ECOAH3_f	dhptdn_c	0.0	0.0	0.0	Inf	Inf
ECOAH3_f	chol_c	0.0	0.0	0.0	Inf	Inf
ECOAH3_f	chtbs6p_c	-0.0	0.0	0.0	Inf	Inf
ECOAH3_f	dmbzid_c	0.0	0.0	0.0	Inf	Inf
ECOAH3_f	dms_c	0.0	0.0	0.0	Inf	Inf
ECOAH3_f	dmso_c	0.0	0.0	0.0	Inf	Inf
ECOAH3_f	cl_c	-0.0	-0.0012140652746666092	999.9987859347253	-0.0	0.0
ECOAH3_f	glc__D_c	-0.0	-58.52672182009084	6.680029811927445	-0.0	0.0
ECOAH3_f	co2_c	-0.0	-949.5745115489419	50.42548845105807	-0.0	0.0
ECOAH3_f	dscl_c	-0.0	-5.2014708214852405e-05	0.3515805164172338	-0.0	0.0
ECOAH3_f	dtdp4aaddg_c	-0.0	0.0	0.0	Inf	Inf
ECOAH3_f	glyald_c	-0.0	-1000.0	0.0	-0.0	Inf
ECOAH3_f	crn_c	-0.0	-1000.0	0.0	-0.0	Inf
ECOAH3_f	duri_c	-0.0	0.0	0.9895457693139424	Inf	0.0
ECOAH3_f	glyb_c	0.0	0.0	0.0	Inf	Inf
ECOAH3_f	glyc_c	-0.0	-0.03242825494930269	0.0	-0.0	Inf
ECOAH3_f	dxyl_c	0.0	0.0	0.0	Inf	Inf
ECOAH3_f	glycogen_c	-0.0	-58.52672182009084	0.0	-0.0	Inf
ECOAH3_f	gmhep1p_c	-0.0	0.0	0.02500000000145519	Inf	0.0
ECOAH3_f	lipa_cold_c	-0.0	0.0	0.0	Inf	Inf
ECOAH3_f	lipidA_c	-0.0	-0.00453810835438162	0.012500000000727596	-0.0	0.0
ECOAH3_f	malt_c	0.0	0.0	0.0	Inf	Inf
ECOAH3_f	h2_c	-0.0	0.0	0.0	Inf	Inf
ECOAH3_f	malthx_c	-0.0	0.0	0.0	Inf	Inf
ECOAH3_f	maltpt_c	-0.0	0.0	0.0	Inf	Inf
ECOAH3_f	malttr_c	-0.0	0.0	0.0	Inf	Inf
ECOAH3_f	maltttr_c	-0.0	0.0	0.0	Inf	Inf
ECOAH3_f	h2o2_c	-0.0	-0.000910607268478851	0.2424876714480888	-0.0	0.0
ECOAH3_f	man_c	-0.0	0.0	0.0	Inf	Inf
ECOAH3_f	mdhdhf_c	-0.0	-56.58555209193717	0.00010402941642970481	-0.0	0.0
ECOAH3_f	melib_c	-0.0	0.0	0.0	Inf	Inf
ECOAH3_f	meoh_c	-0.0	-1000.0	0.0	-0.0	Inf
ECOAH3_f	pacald_c	-0.0	-1000.0	0.0	-0.0	Inf
ECOAH3_f	metsox_S__L_c	-0.0	-0.025471579287568602	0.0	-0.0	Inf
ECOAH3_f	mg2_c	-0.0	-0.0020234421244822443	999.9979765578755	-0.0	0.0
ECOAH3_f	hhlipa_c	-0.0	0.0	0.0	Inf	Inf
ECOAH3_f	pe120_c	-0.0	0.0	0.0	Inf	Inf
ECOAH3_f	mobd_c	-0.0	-3.0089225788287877e-05	97.95919737390295	-0.0	0.0
ECOAH3_f	hlipa_c	-0.0	0.0	0.0	Inf	Inf
ECOAH3_f	pg120_c	-0.0	0.0	0.0	Inf	Inf
ECOAH3_f	mql8_c	0.0	0.0	0.0	Inf	Inf
ECOAH3_f	mqn8_c	-0.0	0.0	0.0	Inf	Inf
ECOAH3_f	mthgxl_c	-0.0	-1.6772037701439118	0.0	-0.0	Inf
ECOAH3_f	hqn_c	0.0	0.0	0.0	Inf	Inf
ECOAH3_f	mththf_c	-0.0	-999.9998959705836	0.00010402941642970481	-0.0	0.0
ECOAH3_f	n2o_c	-0.0	-1000.0	0.0	-0.0	Inf
ECOAH3_f	na1_c	-0.0	0.0	0.0	Inf	Inf
ECOAH3_f	nac_c	-0.0	0.0	0.0	Inf	Inf
ECOAH3_f	ncam_c	-0.0	0.0	0.0	Inf	Inf
ECOAH3_f	ni2_c	-0.0	-7.533968947711805e-05	999.9999246603105	-0.0	0.0
ECOAH3_f	no_c	-0.0	-1000.0	0.0	-0.0	Inf
ECOAH3_f	indole_c	-0.0	-0.013258619098909663	1.6772037701439118	-0.0	0.0
ECOAH3_f	no2_c	-0.0	-1000.0	0.0	-0.0	Inf
ECOAH3_f	no3_c	0.0	0.0	0.0	Inf	Inf
ECOAH3_f	inost_c	0.0	0.0	0.0	Inf	Inf
ECOAH3_f	o2_c	-0.0	-49.92775667590225	950.0722433240977	-0.0	0.0
ECOAH3_f	poaac_c	-0.0	-2.5192869086604333	0.0	-0.0	Inf
ECOAH3_f	ppal_c	-0.0	0.0	0.0	Inf	Inf
ECOAH3_f	k_c	-0.0	-0.045528730675254196	391.8367894956118	-0.0	0.0
ECOAH3_f	psclys_c	-0.0	0.0	0.0	Inf	Inf
ECOAH3_f	lald__D_c	-0.0	0.0	0.0	Inf	Inf
ECOAH3_f	lald__L_c	-0.0	-1.6772037701439118	0.0	-0.0	Inf
ECOAH3_f	ura_c	-0.0	0.0	0.0	Inf	Inf
ECOAH3_f	pydx_c	-0.0	0.0	2.226676603975814	Inf	0.0
ECOAH3_f	uracp_c	-0.0	-1.2596434543302166	0.0	-0.0	Inf
ECOAH3_f	pydxn_c	-0.0	0.0	2.226676603975814	Inf	0.0
ECOAH3_f	urate_c	-0.0	-0.000910607268478851	0.0	-0.0	Inf
ECOAH3_f	q8_c	0.0	0.0	0.0	Inf	Inf
ECOAH3_f	q8h2_c	-0.0	0.0	0.0	Inf	Inf
ECOAH3_f	urea_c	-0.0	0.0	6.680029811927443	Inf	0.0
ECOAH3_f	uri_c	-0.0	0.0	0.0	Inf	Inf
ECOAH3_f	rbflvrd_c	-0.0	0.0	0.012735789643784301	Inf	0.0
ECOAH3_f	rbl__L_c	-0.0	-70.23206618410899	0.0	-0.0	Inf
ECOAH3_f	rdmbzi_c	0.0	0.0	0.0	Inf	Inf
ECOAH3_f	thptdn_c	0.0	0.0	0.0	Inf	Inf
ECOAH3_f	xan_c	-0.0	-0.025471579287568602	0.0	-0.0	Inf
ECOAH3_f	rephaccoa_c	-0.0	-0.0001343518911198771	0.0	-0.0	Inf
ECOAH3_f	rib__D_c	-0.0	0.0	6.680029811927443	Inf	0.0
ECOAH3_f	xtsn_c	-0.0	0.0	0.0	Inf	Inf
ECOAH3_f	rml_c	-0.0	-1.6772037701439118	0.0	-0.0	Inf
ECOAH3_f	thym_c	-0.0	-391.8367894956118	0.0	-0.0	Inf
ECOAH3_f	thymd_c	-0.0	-0.006103214597033002	0.0	-0.0	Inf
ECOAH3_f	xu5p__L_c	-0.0	-0.22499999999850373	0.0	-0.0	Inf
ECOAH3_f	rmn_c	-0.0	-1.6772037701439118	0.0	-0.0	Inf
ECOAH3_f	xyl__D_c	0.0	0.0	0.0	Inf	Inf
ECOAH3_f	tmao_c	0.0	0.0	0.0	Inf	Inf
ECOAH3_f	xylu__D_c	-0.0	0.0	0.0	Inf	Inf
ECOAH3_f	xylu__L_c	-0.0	-70.23206618410899	0.0	-0.0	Inf
ECOAH3_f	12ppd__R_e	-0.0	-1000.0	0.0	-0.0	Inf
ECOAH3_f	12ppd__S_e	-0.0	-1000.0	0.0	-0.0	Inf
ECOAH3_f	tre_c	-0.0	-29.26336091004542	0.0	-0.0	Inf
ECOAH3_f	seln_c	0.0	0.0	0.0	Inf	Inf
ECOAH3_f	34dhpac_e	-0.0	-1000.0	0.0	-0.0	Inf
ECOAH3_f	slnt_c	0.0	0.0	0.0	Inf	Inf
ECOAH3_f	so2_c	0.0	0.0	0.0	Inf	Inf
ECOAH3_f	so3_c	-0.0	-0.05781516455421056	21.76871052753399	-0.0	0.0
ECOAH3_f	so4_c	-0.0	-0.058827002241367644	391.8367894956118	-0.0	0.0
ECOAH3_f	4hoxpacd_e	-0.0	-1000.0	0.0	-0.0	Inf
ECOAH3_f	5mtr_e	-0.0	-1000.0	0.0	-0.0	Inf
ECOAH3_f	LalaDgluMdap_e	-0.0	-1000.0	0.0	-0.0	Inf
ECOAH3_f	ac_e	-0.0	0.0	0.0	Inf	Inf
ECOAH3_f	acald_e	-0.0	-1000.0	0.0	-0.0	Inf
ECOAH3_f	acgal_e	-0.0	-1000.0	0.0	-0.0	Inf
ECOAH3_f	acgam_e	-0.0	-1000.0	0.0	-0.0	Inf
ECOAH3_f	acmana_e	-0.0	-1000.0	0.0	-0.0	Inf
ECOAH3_f	tagur_c	-0.0	0.0	0.0	Inf	Inf
ECOAH3_f	tartr__L_c	-0.0	-0.6902692324829061	0.0	-0.0	Inf
ECOAH3_f	ade_e	-0.0	-1000.0	0.0	-0.0	Inf
ECOAH3_f	adn_e	-0.0	-1000.0	0.0	-0.0	Inf
ECOAH3_f	all__D_e	-0.0	-1000.0	0.0	-0.0	Inf
ECOAH3_f	cl_e	-0.0	-0.0012140652746666092	999.9987859347253	-0.0	0.0
ECOAH3_f	alltn_e	-0.0	0.0	0.0	Inf	Inf
ECOAH3_f	cm_e	-0.0	-1000.0	0.0	-0.0	Inf
ECOAH3_f	co2_e	-0.0	-949.5745115489419	50.42548845105807	-0.0	0.0
ECOAH3_f	arab__L_e	-0.0	-1000.0	0.0	-0.0	Inf
ECOAH3_f	arbt_e	-0.0	-1000.0	0.0	-0.0	Inf
ECOAH3_f	unagamu_c	-0.0	0.0	0.012500000000727596	Inf	0.0
ECOAH3_f	crn_e	-0.0	-1000.0	0.0	-0.0	Inf
ECOAH3_f	csn_e	-0.0	-1000.0	0.0	-0.0	Inf
ECOAH3_f	cyan_e	-0.0	-1000.0	0.0	-0.0	Inf
ECOAH3_f	glyb_e	-0.0	-1000.0	0.0	-0.0	Inf
ECOAH3_f	glyc_e	-0.0	-1000.0	0.0	-0.0	Inf
ECOAH3_f	cytd_e	-0.0	-1000.0	0.0	-0.0	Inf
ECOAH3_f	ca2_e	-0.0	-0.0012140652746666092	999.9987859347253	-0.0	0.0
ECOAH3_f	dad_2_e	-0.0	-1000.0	0.0	-0.0	Inf
ECOAH3_f	dcyt_e	-0.0	-1000.0	0.0	-0.0	Inf
ECOAH3_f	chol_e	-0.0	-1000.0	0.0	-0.0	Inf
ECOAH3_f	dha_e	-0.0	-1000.0	0.0	-0.0	Inf
ECOAH3_f	ppal_e	-0.0	-1000.0	0.0	-0.0	Inf
ECOAH3_f	h2_e	-0.0	-1000.0	0.0	-0.0	Inf
ECOAH3_f	dms_e	-0.0	-1000.0	0.0	-0.0	Inf
ECOAH3_f	dmso_e	-0.0	-1000.0	0.0	-0.0	Inf
ECOAH3_f	h2o2_e	-0.0	-1000.0	0.0	-0.0	Inf
ECOAH3_f	psclys_e	-0.0	-1000.0	0.0	-0.0	Inf
ECOAH3_f	duri_e	-0.0	-1000.0	0.0	-0.0	Inf
ECOAH3_f	pydx_e	-0.0	-1000.0	0.0	-0.0	Inf
ECOAH3_f	pydxn_e	-0.0	-1000.0	0.0	-0.0	Inf
ECOAH3_f	etoh_e	-0.0	-1000.0	0.0	-0.0	Inf
ECOAH3_f	fald_e	-0.0	0.0	0.0	Inf	Inf
ECOAH3_f	rib__D_e	-0.0	-1000.0	0.0	-0.0	Inf
ECOAH3_f	rmn_e	-0.0	-1000.0	0.0	-0.0	Inf
ECOAH3_f	indole_e	-0.0	-1000.0	0.0	-0.0	Inf
ECOAH3_f	inost_e	-0.0	-1000.0	0.0	-0.0	Inf
ECOAH3_f	sbt__D_e	-0.0	-1.6772037701439118	0.0	-0.0	Inf
ECOAH3_f	k_e	-0.0	-0.04552873067530072	999.9544712693247	-0.0	0.0
ECOAH3_f	for_e	-0.0	0.0	0.0005721617871997406	Inf	0.0
ECOAH3_f	slnt_e	-0.0	0.0	1000.0	Inf	0.0
ECOAH3_f	fru_e	-0.0	-1000.0	0.0	-0.0	Inf
ECOAH3_f	so2_e	-0.0	-1000.0	0.0	-0.0	Inf
ECOAH3_f	so3_e	-0.0	-1000.0	0.0	-0.0	Inf
ECOAH3_f	so4_e	-0.0	-0.058827002241400805	999.9411729977586	-0.0	0.0
ECOAH3_f	lipa_cold_e	-0.0	-1000.0	0.0	-0.0	Inf
ECOAH3_f	sucr_e	-0.0	-1000.0	0.0	-0.0	Inf
ECOAH3_f	g3pe_e	-0.0	-1000.0	0.0	-0.0	Inf
ECOAH3_f	malt_e	-0.0	-1000.0	0.0	-0.0	Inf
ECOAH3_f	tartr__L_e	-0.0	-1000.0	0.0	-0.0	Inf
ECOAH3_f	g3pi_e	-0.0	-1000.0	0.0	-0.0	Inf
ECOAH3_f	malthx_e	-0.0	-1000.0	0.0	-0.0	Inf
ECOAH3_f	maltpt_e	-0.0	-1000.0	0.0	-0.0	Inf
ECOAH3_f	gal_e	-0.0	-1000.0	0.0	-0.0	Inf
ECOAH3_f	gal_bD_e	-0.0	-1000.0	0.0	-0.0	Inf
ECOAH3_f	malttr_e	-0.0	-1000.0	0.0	-0.0	Inf
ECOAH3_f	maltttr_e	-0.0	-1000.0	0.0	-0.0	Inf
ECOAH3_f	man_e	-0.0	-1000.0	0.0	-0.0	Inf
ECOAH3_f	thym_e	-0.0	-1000.0	0.0	-0.0	Inf
ECOAH3_f	thymd_e	-0.0	-1000.0	0.0	-0.0	Inf
ECOAH3_f	galt_e	-0.0	-1.6772037701439118	0.0	-0.0	Inf
ECOAH3_f	melib_e	-0.0	-1000.0	0.0	-0.0	Inf
ECOAH3_f	meoh_e	-0.0	-1000.0	0.0	-0.0	Inf
ECOAH3_f	tmao_e	-0.0	-1000.0	0.0	-0.0	Inf
ECOAH3_f	tre_e	-0.0	-1000.0	0.0	-0.0	Inf
ECOAH3_f	metsox_S__L_e	-0.0	-1000.0	0.0	-0.0	Inf
ECOAH3_f	glc__D_e	-0.0	-59.51870015602458	6.680029811927445	-0.0	0.0
ECOAH3_f	mg2_e	-0.0	-0.0020234421244822443	999.9979765578755	-0.0	0.0
ECOAH3_f	mnl_e	-0.0	-1000.0	0.0	-0.0	Inf
ECOAH3_f	mobd_e	-0.0	-3.0089225788287877e-05	999.9999699107742	-0.0	0.0
ECOAH3_f	glyald_e	-0.0	-1000.0	0.0	-0.0	Inf
ECOAH3_f	n2o_e	-0.0	-1000.0	0.0	-0.0	Inf
ECOAH3_f	na1_e	-0.0	0.0	1000.0	Inf	0.0
ECOAH3_f	nac_e	-0.0	-1000.0	0.0	-0.0	Inf
ECOAH3_f	ni2_e	-0.0	-7.53396894879188e-05	999.9999246603105	-0.0	0.0
ECOAH3_f	no_e	-0.0	-1000.0	0.0	-0.0	Inf
ECOAH3_f	no2_e	-0.0	-1000.0	0.0	-0.0	Inf
ECOAH3_f	ura_e	-0.0	-1000.0	0.0	-0.0	Inf
ECOAH3_f	no3_e	-0.0	-1000.0	0.0	-0.0	Inf
ECOAH3_f	urea_e	-0.0	-1000.0	0.0	-0.0	Inf
ECOAH3_f	novbcn_e	-0.0	-1000.0	0.0	-0.0	Inf
ECOAH3_f	uri_e	-0.0	-1000.0	0.0	-0.0	Inf
ECOAH3_f	o2_e	-0.0	-49.92775667590229	950.0722433240977	-0.0	0.0
ECOAH3_f	xan_e	-0.0	0.0	0.0	Inf	Inf
ECOAH3_f	xtsn_e	-0.0	-1000.0	0.0	-0.0	Inf
ECOAH3_f	xyl__D_e	-0.0	-1000.0	0.0	-0.0	Inf
ECOAH3_f	xylu__L_e	-0.0	-1000.0	0.0	-0.0	Inf
ECOAH3_f	pacald_e	-0.0	-1000.0	0.0	-0.0	Inf
ECOAH3_f	12dgr120_p	-0.0	0.0	0.0	Inf	Inf
ECOAH3_f	12dgr140_p	-0.0	0.0	0.0	Inf	Inf
ECOAH3_f	12dgr160_p	-0.0	-0.014884603542702202	0.0	-0.0	Inf
ECOAH3_f	12dgr180_p	-0.0	0.0	0.0	Inf	Inf
ECOAH3_f	12ppd__R_p	-0.0	-1000.0	0.0	-0.0	Inf
ECOAH3_f	12ppd__S_p	-0.0	0.0	0.0	Inf	Inf
ECOAH3_f	chol_p	-0.0	-1000.0	0.0	-0.0	Inf
ECOAH3_f	cl_p	-0.0	-0.0012140652746666092	999.9987859347253	-0.0	0.0
ECOAH3_f	34dhpac_p	-0.0	-1000.0	0.0	-0.0	Inf
ECOAH3_f	cm_p	-0.0	0.0	0.0	Inf	Inf
ECOAH3_f	4hoxpacd_p	-0.0	-1000.0	0.0	-0.0	Inf
ECOAH3_f	co2_p	-0.0	-949.5745115489419	50.42548845105807	-0.0	0.0
ECOAH3_f	5mtr_p	-0.0	-1000.0	0.0	-0.0	Inf
ECOAH3_f	LalaDgluMdap_p	-0.0	-0.006481545793158379	0.0	-0.0	Inf
ECOAH3_f	gal_p	-0.0	-1000.0	0.0	-0.0	Inf
ECOAH3_f	ac_p	-0.0	-0.9895457693139424	0.0	-0.0	Inf
ECOAH3_f	crn_p	-0.0	-1000.0	0.0	-0.0	Inf
ECOAH3_f	gal_bD_p	-0.0	-1000.0	0.0	-0.0	Inf
ECOAH3_f	acald_p	-0.0	-1000.0	0.0	-0.0	Inf
ECOAH3_f	acgal_p	-0.0	-1000.0	0.0	-0.0	Inf
ECOAH3_f	csn_p	-0.0	0.0	0.0	Inf	Inf
ECOAH3_f	acgam_p	-0.0	-1000.0	0.0	-0.0	Inf
ECOAH3_f	galt_p	-0.0	-1.6772037701439118	0.0	-0.0	Inf
ECOAH3_f	acmana_p	-0.0	-1000.0	0.0	-0.0	Inf
ECOAH3_f	cyan_p	-0.0	0.0	0.0	Inf	Inf
ECOAH3_f	ade_p	-0.0	-1000.0	0.0	-0.0	Inf
ECOAH3_f	adn_p	-0.0	0.0	2.672011924770978	Inf	0.0
ECOAH3_f	cytd_p	-0.0	0.0	0.0	Inf	Inf
ECOAH3_f	glc__D_p	-0.0	-59.51870015602458	6.680029811927445	-0.0	0.0
ECOAH3_f	dad_2_p	-0.0	-1000.0	0.0	-0.0	Inf
ECOAH3_f	dcyt_p	-0.0	-1000.0	0.0	-0.0	Inf
ECOAH3_f	all__D_p	-0.0	0.0	0.0	Inf	Inf
ECOAH3_f	alltn_p	-0.0	0.0	0.0	Inf	Inf
ECOAH3_f	dha_p	-0.0	-1000.0	0.0	-0.0	Inf
ECOAH3_f	glyald_p	-0.0	-1000.0	0.0	-0.0	Inf
ECOAH3_f	glyb_p	0.0	0.0	0.0	Inf	Inf
ECOAH3_f	dms_p	-0.0	-1000.0	0.0	-0.0	Inf
ECOAH3_f	glyc_p	-0.0	-0.03242825494930269	0.0	-0.0	Inf
ECOAH3_f	dmso_p	-0.0	-1000.0	0.0	-0.0	Inf
ECOAH3_f	arab__L_p	-0.0	0.0	0.0	Inf	Inf
ECOAH3_f	arbt_p	0.0	0.0	0.0	Inf	Inf
ECOAH3_f	ca2_p	-0.0	-0.0012140652746666092	999.9987859347253	-0.0	0.0
ECOAH3_f	duri_p	-0.0	-1000.0	0.0	-0.0	Inf
ECOAH3_f	h2_p	-0.0	-1000.0	0.0	-0.0	Inf
ECOAH3_f	h2o2_p	-0.0	-1000.0	0.0	-0.0	Inf
ECOAH3_f	etoh_p	-0.0	-1000.0	0.0	-0.0	Inf
ECOAH3_f	fald_p	-0.0	0.0	0.0	Inf	Inf
ECOAH3_f	n2o_p	-0.0	-1000.0	0.0	-0.0	Inf
ECOAH3_f	na1_p	-0.0	0.0	0.0	Inf	Inf
ECOAH3_f	indole_p	-0.0	0.0	1.6772037701439118	Inf	0.0
ECOAH3_f	nac_p	-0.0	-1000.0	0.0	-0.0	Inf
ECOAH3_f	ni2_p	-0.0	-7.53396894879188e-05	999.9999246603105	-0.0	0.0
ECOAH3_f	inost_p	-0.0	-1000.0	0.0	-0.0	Inf
ECOAH3_f	no_p	-0.0	-1000.0	0.0	-0.0	Inf
ECOAH3_f	no2_p	-0.0	-1000.0	0.0	-0.0	Inf
ECOAH3_f	for_p	-0.0	0.0	0.0005721617871997406	Inf	0.0
ECOAH3_f	fru_p	-0.0	-1000.0	0.0	-0.0	Inf
ECOAH3_f	no3_p	-0.0	0.0	0.0	Inf	Inf
ECOAH3_f	k_p	-0.0	-0.04552873067530072	999.9544712693247	-0.0	0.0
ECOAH3_f	novbcn_p	-0.0	0.0	0.0	Inf	Inf
ECOAH3_f	o2_p	-0.0	-49.92775667590229	950.0722433240977	-0.0	0.0
ECOAH3_f	lipa_cold_p	-0.0	-97.95919737390295	0.0	-0.0	Inf
ECOAH3_f	g3pe_p	-0.0	0.0	0.0	Inf	Inf
ECOAH3_f	g3pi_p	-0.0	0.0	0.0	Inf	Inf
ECOAH3_f	so3_p	-0.0	-1000.0	0.0	-0.0	Inf
ECOAH3_f	so4_p	-0.0	-0.058827002241367644	999.9411729977586	-0.0	0.0
ECOAH3_f	malt_p	0.0	0.0	0.0	Inf	Inf
ECOAH3_f	malthx_p	0.0	0.0	0.0	Inf	Inf
ECOAH3_f	maltpt_p	0.0	0.0	0.0	Inf	Inf
ECOAH3_f	sucr_p	-0.0	-1000.0	0.0	-0.0	Inf
ECOAH3_f	malttr_p	0.0	0.0	0.0	Inf	Inf
ECOAH3_f	maltttr_p	0.0	0.0	0.0	Inf	Inf
ECOAH3_f	pacald_p	-0.0	-1000.0	0.0	-0.0	Inf
ECOAH3_f	man_p	-0.0	-1000.0	0.0	-0.0	Inf
ECOAH3_f	tartr__L_p	-0.0	-1000.0	0.0	-0.0	Inf
ECOAH3_f	pe120_p	-0.0	0.0	0.0	Inf	Inf
ECOAH3_f	melib_p	-0.0	-1000.0	0.0	-0.0	Inf
ECOAH3_f	meoh_p	-0.0	-1000.0	0.0	-0.0	Inf
ECOAH3_f	thym_p	-0.0	-1000.0	0.0	-0.0	Inf
ECOAH3_f	thymd_p	-0.0	-0.006103214597033002	0.0	-0.0	Inf
ECOAH3_f	pg120_p	-0.0	0.0	0.0	Inf	Inf
ECOAH3_f	metsox_S__L_p	-0.0	-1000.0	0.0	-0.0	Inf
ECOAH3_f	tmao_p	-0.0	-1000.0	0.0	-0.0	Inf
ECOAH3_f	mg2_p	-0.0	-0.0020234421244822443	999.9979765578755	-0.0	0.0
ECOAH3_f	tre_p	-0.0	0.0	0.0	Inf	Inf
ECOAH3_f	mnl_p	-0.0	0.0	0.0	Inf	Inf
ECOAH3_f	mobd_p	-0.0	-3.0089225788287877e-05	999.9999699107742	-0.0	0.0
ECOAH3_f	ura_p	-0.0	-1000.0	0.0	-0.0	Inf
ECOAH3_f	urea_p	-0.0	0.0	6.680029811927443	Inf	0.0
ECOAH3_f	uri_p	-0.0	0.0	0.0	Inf	Inf
ECOAH3_f	xan_p	-0.0	-0.025471579287568602	0.0	-0.0	Inf
ECOAH3_f	xtsn_p	-0.0	0.0	0.0	Inf	Inf
ECOAH3_f	xyl__D_p	-0.0	0.0	0.0	Inf	Inf
ECOAH3_f	xylu__L_p	-0.0	-1000.0	0.0	-0.0	Inf
ECOAH3_f	ppal_p	-0.0	-1000.0	0.0	-0.0	Inf
ECOAH3_f	psclys_p	-0.0	-1000.0	0.0	-0.0	Inf
ECOAH3_f	pydx_p	-0.0	0.0	0.0	Inf	Inf
ECOAH3_f	pydxn_p	-0.0	0.0	0.0	Inf	Inf
ECOAH3_f	rib__D_p	-0.0	-1000.0	0.0	-0.0	Inf
ECOAH3_f	rmn_p	-0.0	-1000.0	0.0	-0.0	Inf
ECOAH3_f	sbt__D_p	-0.0	-1.6772037701439118	0.0	-0.0	Inf
ECOAH3_f	slnt_p	-0.0	0.0	0.0	Inf	Inf
ECOAH3_f	so2_p	-0.0	-1000.0	0.0	-0.0	Inf
