Reaction	Metabolite	ShadowPrice	G-	G+	DecrementalShadowPrice	IncrementalShadowPrice
FRUURtex_f	12dgr120_c	-0.0	0.0	0.0	Inf	Inf
FRUURtex_f	12dgr140_c	-0.0	0.0	0.0	Inf	Inf
FRUURtex_f	12dgr160_c	-0.0	-0.014884603542702202	0.0	-0.0	Inf
FRUURtex_f	12dgr180_c	-0.0	0.0	0.0	Inf	Inf
FRUURtex_f	12ppd__R_c	-0.0	-1000.0	0.0	-0.0	Inf
FRUURtex_f	12ppd__S_c	-0.0	0.0	0.0	Inf	Inf
FRUURtex_f	5drib_c	-0.0	-999.9999479852918	5.2014708214852405e-05	-0.0	0.0
FRUURtex_f	5mta_c	-0.0	0.0	0.0	Inf	Inf
FRUURtex_f	23dhacoa_c	-0.0	-0.00013435189157462446	0.0	-0.0	Inf
FRUURtex_f	5mtr_c	-0.0	0.0	0.0	Inf	Inf
FRUURtex_f	3amac_c	-0.0	-2.146897751573737	0.0	-0.0	Inf
FRUURtex_f	LalaDgluMdap_c	-0.0	-0.006481545793158379	0.0	-0.0	Inf
FRUURtex_f	ac_c	-0.0	-2.146897751573737	6.81983473473167	-0.0	0.0
FRUURtex_f	acald_c	-0.0	-92.63503159462768	6.81983473473167	-0.0	0.0
FRUURtex_f	acetol_c	-0.0	0.0	0.0	Inf	Inf
FRUURtex_f	acgam_c	-0.0	-0.022039308295016345	0.0	-0.0	Inf
FRUURtex_f	acgam6p_c	-0.0	-0.022039308295016345	0.0	-0.0	Inf
FRUURtex_f	acmalt_c	0.0	0.0	0.0	Inf	Inf
FRUURtex_f	acmana_c	-0.0	-0.022039308295016345	0.0	-0.0	Inf
FRUURtex_f	2dmmq8_c	-0.0	0.0	0.0	Inf	Inf
FRUURtex_f	2dmmql8_c	0.0	0.0	0.0	Inf	Inf
FRUURtex_f	ade_c	-0.0	-0.026043741078182928	0.00015604412464455722	-0.0	0.0
FRUURtex_f	adn_c	-0.0	0.0	0.00015604412464455722	Inf	0.0
FRUURtex_f	3sala_c	0.0	0.0	0.0	Inf	Inf
FRUURtex_f	adphep_DD_c	-0.0	0.0	0.0	Inf	Inf
FRUURtex_f	adphep_LD_c	-0.0	0.0	0.0	Inf	Inf
FRUURtex_f	4ahmmp_c	0.0	0.0	0.0	Inf	Inf
FRUURtex_f	4crsol_c	-0.0	-999.9999479852918	5.2014708214852405e-05	-0.0	0.0
FRUURtex_f	2ohph_c	-0.0	-5.2014708214852405e-05	0.48625031915566197	-0.0	0.0
FRUURtex_f	2ombzl_c	-0.0	0.0	0.0	Inf	Inf
FRUURtex_f	2omhmbl_c	-0.0	0.0	0.0	Inf	Inf
FRUURtex_f	2ommbl_c	0.0	0.0	0.0	Inf	Inf
FRUURtex_f	2omph_c	-0.0	0.0	0.40821014447635817	Inf	0.0
FRUURtex_f	4mhetz_c	0.0	0.0	0.0	Inf	Inf
FRUURtex_f	2oph_c	-0.0	-5.2014708214852405e-05	0.48625031915566197	-0.0	0.0
FRUURtex_f	2oxpaccoa_c	-0.0	-0.00013435189157462446	0.0	-0.0	Inf
FRUURtex_f	all__D_c	-0.0	-0.9198236683242844	0.0	-0.0	Inf
FRUURtex_f	alltn_c	-0.0	-0.5367244378934343	0.0	-0.0	Inf
FRUURtex_f	4r5au_c	-0.0	-0.00010402941597713474	1.7402643001360611	-0.0	0.0
FRUURtex_f	56dura_c	0.0	0.0	0.0	Inf	Inf
FRUURtex_f	arab__L_c	-0.0	-0.9198236683242843	0.0	-0.0	Inf
FRUURtex_f	etoh_c	-0.0	-1000.0	0.0	-0.0	Inf
FRUURtex_f	csn_c	-0.0	0.0	0.03589434716445794	Inf	0.0
FRUURtex_f	fald_c	-0.0	0.0	0.0	Inf	Inf
FRUURtex_f	fc1p_c	-0.0	0.0	0.0	Inf	Inf
FRUURtex_f	fcl__L_c	-0.0	0.0	0.0	Inf	Inf
FRUURtex_f	aso4_c	0.0	0.0	0.0	Inf	Inf
FRUURtex_f	cyan_c	0.0	0.0	0.0	Inf	Inf
FRUURtex_f	athtp_c	0.0	0.0	0.0	Inf	Inf
FRUURtex_f	cytd_c	-0.0	0.0	0.0	Inf	Inf
FRUURtex_f	dad_2_c	-0.0	0.0	0.0	Inf	Inf
FRUURtex_f	dad_5_c	-0.0	-0.026043741078182928	5.2014708214852405e-05	-0.0	0.0
FRUURtex_f	betald_c	0.0	0.0	0.0	Inf	Inf
FRUURtex_f	btal_c	-0.0	-475.2324989315144	0.0	-0.0	Inf
FRUURtex_f	for_c	-0.0	-2.146897751573737	0.0005721617886703604	-0.0	0.0
FRUURtex_f	dcyt_c	-0.0	-0.006103214597033002	0.0	-0.0	Inf
FRUURtex_f	fru_c	-0.0	0.0	0.0	Inf	Inf
FRUURtex_f	ca2_c	-0.0	-0.0012140652746666092	999.9987859347253	-0.0	0.0
FRUURtex_f	g3pe_c	-0.0	-0.03242825494930269	0.0	-0.0	Inf
FRUURtex_f	g3pi_c	0.0	0.0	0.0	Inf	Inf
FRUURtex_f	cbm_c	-0.0	-1.0734488757868685	0.0	-0.0	Inf
FRUURtex_f	dha_c	-0.0	-79.20541648858575	0.0	-0.0	Inf
FRUURtex_f	gal_c	-0.0	0.0	0.0	Inf	Inf
FRUURtex_f	dhgly_c	-0.0	-5.2014708214852405e-05	1.1021673900861668	-0.0	0.0
FRUURtex_f	dhmptp_c	0.0	0.0	0.0	Inf	Inf
FRUURtex_f	gcald_c	-0.0	-0.6902692324848934	0.0001560441243092514	-0.0	0.0
FRUURtex_f	dhptd_c	-0.0	-56.5855520919367	0.00010402941642970481	-0.0	0.0
FRUURtex_f	cechddd_c	-0.0	0.0	0.0	Inf	Inf
FRUURtex_f	dhptdn_c	0.0	0.0	0.0	Inf	Inf
FRUURtex_f	chol_c	0.0	0.0	0.0	Inf	Inf
FRUURtex_f	chtbs6p_c	-0.0	0.0	0.0	Inf	Inf
FRUURtex_f	dmbzid_c	0.0	0.0	0.0	Inf	Inf
FRUURtex_f	dms_c	0.0	0.0	0.0	Inf	Inf
FRUURtex_f	dmso_c	0.0	0.0	0.0	Inf	Inf
FRUURtex_f	cl_c	-0.0	-0.0012140652746666092	999.9987859347253	-0.0	0.0
FRUURtex_f	glc__D_c	-0.0	-0.9198236683242844	0.0	-0.0	Inf
FRUURtex_f	co2_c	-0.0	-949.5745115489863	50.42491628922505	-0.0	0.0
FRUURtex_f	dscl_c	-0.0	-5.2014708214852405e-05	0.2841597806138196	-0.0	0.0
FRUURtex_f	dtdp4aaddg_c	-0.0	0.0	0.0	Inf	Inf
FRUURtex_f	glyald_c	-0.0	-1000.0	0.0	-0.0	Inf
FRUURtex_f	crn_c	-0.0	-1000.0	0.0	-0.0	Inf
FRUURtex_f	duri_c	-0.0	-0.006103214597033002	0.0	-0.0	Inf
FRUURtex_f	glyb_c	0.0	0.0	0.0	Inf	Inf
FRUURtex_f	glyc_c	-0.0	-0.03242825494930269	0.0	-0.0	Inf
FRUURtex_f	dxyl_c	0.0	0.0	0.0	Inf	Inf
FRUURtex_f	glycogen_c	-0.0	-0.9198236683242844	0.0	-0.0	Inf
FRUURtex_f	gmhep1p_c	-0.0	0.0	0.02499999999861302	Inf	0.0
FRUURtex_f	lipa_cold_c	-0.0	0.0	0.0	Inf	Inf
FRUURtex_f	lipidA_c	-0.0	-0.004538108354375188	0.01249999999930651	-0.0	0.0
FRUURtex_f	malt_c	0.0	0.0	0.0	Inf	Inf
FRUURtex_f	h2_c	-0.0	0.0	0.0	Inf	Inf
FRUURtex_f	malthx_c	-0.0	0.0	0.0	Inf	Inf
FRUURtex_f	maltpt_c	-0.0	0.0	0.0	Inf	Inf
FRUURtex_f	malttr_c	-0.0	0.0	0.0	Inf	Inf
FRUURtex_f	maltttr_c	-0.0	0.0	0.0	Inf	Inf
FRUURtex_f	h2o2_c	-0.0	-0.000910607268478851	8.565283901307907	-0.0	0.0
FRUURtex_f	man_c	-0.0	0.0	0.0	Inf	Inf
FRUURtex_f	mdhdhf_c	-0.0	-56.5855520919367	0.00010402941642970481	-0.0	0.0
FRUURtex_f	melib_c	-0.0	0.0	0.0	Inf	Inf
FRUURtex_f	meoh_c	-0.0	-1000.0	0.0	-0.0	Inf
FRUURtex_f	pacald_c	-0.0	-1000.0	0.0	-0.0	Inf
FRUURtex_f	metsox_S__L_c	-0.0	0.0	0.0	Inf	Inf
FRUURtex_f	mg2_c	-0.0	-0.0020234421244822443	999.9979765578755	-0.0	0.0
FRUURtex_f	hhlipa_c	-0.0	0.0	0.0	Inf	Inf
FRUURtex_f	pe120_c	-0.0	0.0	0.0	Inf	Inf
FRUURtex_f	mobd_c	-0.0	-3.0089225788287877e-05	166.14883083851223	-0.0	0.0
FRUURtex_f	hlipa_c	-0.0	0.0	0.0	Inf	Inf
FRUURtex_f	pg120_c	-0.0	0.0	0.0	Inf	Inf
FRUURtex_f	mql8_c	0.0	0.0	0.0	Inf	Inf
FRUURtex_f	mqn8_c	-0.0	0.0	0.0	Inf	Inf
FRUURtex_f	mthgxl_c	-0.0	-77.55491017224642	0.0	-0.0	Inf
FRUURtex_f	hqn_c	0.0	0.0	0.0	Inf	Inf
FRUURtex_f	mththf_c	-0.0	-999.9998959705836	0.00010402941642970481	-0.0	0.0
FRUURtex_f	n2o_c	-0.0	-1000.0	0.0	-0.0	Inf
FRUURtex_f	na1_c	-0.0	0.0	0.0	Inf	Inf
FRUURtex_f	nac_c	-0.0	0.0	0.0	Inf	Inf
FRUURtex_f	ncam_c	-0.0	0.0	0.0	Inf	Inf
FRUURtex_f	ni2_c	-0.0	-7.533968947711805e-05	999.9999246603105	-0.0	0.0
FRUURtex_f	no_c	-0.0	-1000.0	0.0	-0.0	Inf
FRUURtex_f	indole_c	-0.0	-0.013258619098909663	1.3777092376077087	-0.0	0.0
FRUURtex_f	no2_c	-0.0	-1000.0	0.0	-0.0	Inf
FRUURtex_f	no3_c	0.0	0.0	0.0	Inf	Inf
FRUURtex_f	inost_c	0.0	0.0	0.0	Inf	Inf
FRUURtex_f	o2_c	-0.0	-49.927756675858554	700.0731798804516	-0.0	0.0
FRUURtex_f	poaac_c	-0.0	-2.5192869086766905	0.0	-0.0	Inf
FRUURtex_f	ppal_c	-0.0	0.0	0.0	Inf	Inf
FRUURtex_f	k_c	-0.0	-0.045528730675254196	664.5953233540489	-0.0	0.0
FRUURtex_f	psclys_c	-0.0	0.0	0.0	Inf	Inf
FRUURtex_f	lald__D_c	-0.0	0.0	0.0	Inf	Inf
FRUURtex_f	lald__L_c	-0.0	0.0	0.0	Inf	Inf
FRUURtex_f	ura_c	-0.0	0.0	0.0	Inf	Inf
FRUURtex_f	pydx_c	-0.0	0.0	2.361787264470358	Inf	0.0
FRUURtex_f	uracp_c	-0.0	-1.2596434543383452	0.0	-0.0	Inf
FRUURtex_f	pydxn_c	-0.0	0.0	2.361787264470358	Inf	0.0
FRUURtex_f	urate_c	-0.0	-0.000910607268478851	0.0	-0.0	Inf
FRUURtex_f	q8_c	0.0	0.0	0.0	Inf	Inf
FRUURtex_f	q8h2_c	-0.0	0.0	0.0	Inf	Inf
FRUURtex_f	urea_c	-0.0	-1000.0	0.0	-0.0	Inf
FRUURtex_f	uri_c	-0.0	0.0	3.306502170258501	Inf	0.0
FRUURtex_f	rbflvrd_c	-0.0	0.0	0.8478210692970535	Inf	0.0
FRUURtex_f	rbl__L_c	-0.0	-0.9198236683242843	0.0	-0.0	Inf
FRUURtex_f	rdmbzi_c	0.0	0.0	0.0	Inf	Inf
FRUURtex_f	thptdn_c	0.0	0.0	0.0	Inf	Inf
FRUURtex_f	xan_c	-0.0	-0.02604374107818296	0.0	-0.0	Inf
FRUURtex_f	rephaccoa_c	-0.0	-0.00013435189157462446	0.0	-0.0	Inf
FRUURtex_f	rib__D_c	-0.0	0.0	3.306502170258501	Inf	0.0
FRUURtex_f	xtsn_c	-0.0	0.0	0.0	Inf	Inf
FRUURtex_f	rml_c	-0.0	0.0	0.0	Inf	Inf
FRUURtex_f	thym_c	-0.0	-664.5953233540489	0.0	-0.0	Inf
FRUURtex_f	thymd_c	-0.0	0.0	2.5434632078911528	Inf	0.0
FRUURtex_f	xu5p__L_c	-0.0	-0.22500000000138698	0.0	-0.0	Inf
FRUURtex_f	rmn_c	-0.0	0.0	0.0	Inf	Inf
FRUURtex_f	xyl__D_c	0.0	0.0	0.0	Inf	Inf
FRUURtex_f	tmao_c	0.0	0.0	0.0	Inf	Inf
FRUURtex_f	xylu__D_c	-0.0	0.0	0.0	Inf	Inf
FRUURtex_f	xylu__L_c	-0.0	-0.9198236683242843	0.0	-0.0	Inf
FRUURtex_f	12ppd__R_e	-0.0	-1000.0	0.0	-0.0	Inf
FRUURtex_f	12ppd__S_e	-0.0	-1000.0	0.0	-0.0	Inf
FRUURtex_f	tre_c	-0.0	-0.4599118341621422	0.0	-0.0	Inf
FRUURtex_f	seln_c	0.0	0.0	0.0	Inf	Inf
FRUURtex_f	34dhpac_e	-0.0	-1000.0	0.0	-0.0	Inf
FRUURtex_f	slnt_c	0.0	0.0	0.0	Inf	Inf
FRUURtex_f	so2_c	0.0	0.0	0.0	Inf	Inf
FRUURtex_f	so3_c	-0.0	-0.05781516455466531	33.229766167702444	-0.0	0.0
FRUURtex_f	so4_c	-0.0	-0.05882700224182239	664.5953233540489	-0.0	0.0
FRUURtex_f	4hoxpacd_e	-0.0	-1000.0	0.0	-0.0	Inf
FRUURtex_f	5mtr_e	-0.0	0.0	0.0	Inf	Inf
FRUURtex_f	LalaDgluMdap_e	-0.0	-1000.0	0.0	-0.0	Inf
FRUURtex_f	ac_e	-0.0	0.0	0.0	Inf	Inf
FRUURtex_f	acald_e	-0.0	-1000.0	0.0	-0.0	Inf
FRUURtex_f	acgal_e	-0.0	-1000.0	0.0	-0.0	Inf
FRUURtex_f	acgam_e	-0.0	-1000.0	0.0	-0.0	Inf
FRUURtex_f	acmana_e	-0.0	-1000.0	0.0	-0.0	Inf
FRUURtex_f	tagur_c	-0.0	0.0	0.0	Inf	Inf
FRUURtex_f	tartr__L_c	-0.0	-0.6902692324848934	0.0	-0.0	Inf
FRUURtex_f	ade_e	-0.0	-1000.0	0.0	-0.0	Inf
FRUURtex_f	adn_e	-0.0	-1000.0	0.0	-0.0	Inf
FRUURtex_f	all__D_e	-0.0	-1000.0	0.0	-0.0	Inf
FRUURtex_f	cl_e	-0.0	-0.0012140652746666092	999.9987859347253	-0.0	0.0
FRUURtex_f	alltn_e	-0.0	0.0	0.0	Inf	Inf
FRUURtex_f	cm_e	-0.0	-1000.0	0.0	-0.0	Inf
FRUURtex_f	co2_e	-0.0	-949.5745115489863	50.425488451013734	-0.0	0.0
FRUURtex_f	arab__L_e	-0.0	-1000.0	0.0	-0.0	Inf
FRUURtex_f	arbt_e	-0.0	-1000.0	0.0	-0.0	Inf
FRUURtex_f	unagamu_c	-0.0	0.0	0.01249999999930651	Inf	0.0
FRUURtex_f	crn_e	-0.0	-1000.0	0.0	-0.0	Inf
FRUURtex_f	csn_e	-0.0	-1000.0	0.0	-0.0	Inf
FRUURtex_f	cyan_e	-0.0	-1000.0	0.0	-0.0	Inf
FRUURtex_f	glyb_e	-0.0	-1000.0	0.0	-0.0	Inf
FRUURtex_f	glyc_e	-0.0	-1000.0	0.0	-0.0	Inf
FRUURtex_f	cytd_e	-0.0	-1000.0	0.0	-0.0	Inf
FRUURtex_f	ca2_e	-0.0	-0.0012140652746666092	999.9987859347253	-0.0	0.0
FRUURtex_f	dad_2_e	-0.0	-1000.0	0.0	-0.0	Inf
FRUURtex_f	dcyt_e	-0.0	-1000.0	0.0	-0.0	Inf
FRUURtex_f	chol_e	-0.0	-1000.0	0.0	-0.0	Inf
FRUURtex_f	dha_e	-0.0	-1000.0	0.0	-0.0	Inf
FRUURtex_f	ppal_e	-0.0	-1000.0	0.0	-0.0	Inf
FRUURtex_f	h2_e	-0.0	-1000.0	0.0	-0.0	Inf
FRUURtex_f	dms_e	-0.0	-1000.0	0.0	-0.0	Inf
FRUURtex_f	dmso_e	-0.0	-1000.0	0.0	-0.0	Inf
FRUURtex_f	h2o2_e	-0.0	-1000.0	0.0	-0.0	Inf
FRUURtex_f	psclys_e	-0.0	-1000.0	0.0	-0.0	Inf
FRUURtex_f	duri_e	-0.0	-1000.0	0.0	-0.0	Inf
FRUURtex_f	pydx_e	-0.0	-1000.0	0.0	-0.0	Inf
FRUURtex_f	pydxn_e	-0.0	-1000.0	0.0	-0.0	Inf
FRUURtex_f	etoh_e	-0.0	-1000.0	0.0	-0.0	Inf
FRUURtex_f	fald_e	-0.0	0.0	0.0	Inf	Inf
FRUURtex_f	rib__D_e	-0.0	-1000.0	0.0	-0.0	Inf
FRUURtex_f	rmn_e	-0.0	-1000.0	0.0	-0.0	Inf
FRUURtex_f	indole_e	-0.0	-1000.0	0.0	-0.0	Inf
FRUURtex_f	inost_e	-0.0	-1000.0	0.0	-0.0	Inf
FRUURtex_f	sbt__D_e	-0.0	-34.73813684798538	0.0	-0.0	Inf
FRUURtex_f	k_e	-0.0	-0.04552873067530072	999.9544712693247	-0.0	0.0
FRUURtex_f	for_e	-0.0	0.0	0.0005721617886703604	Inf	0.0
FRUURtex_f	slnt_e	-0.0	0.0	1000.0	Inf	0.0
FRUURtex_f	fru_e	-0.0	-1000.0	0.0	-0.0	Inf
FRUURtex_f	so2_e	-0.0	-1000.0	0.0	-0.0	Inf
FRUURtex_f	so3_e	-0.0	-1000.0	0.0	-0.0	Inf
FRUURtex_f	so4_e	-0.0	-0.05882700224185555	999.9411729977581	-0.0	0.0
FRUURtex_f	lipa_cold_e	-0.0	-1000.0	0.0	-0.0	Inf
FRUURtex_f	sucr_e	-0.0	-1000.0	0.0	-0.0	Inf
FRUURtex_f	g3pe_e	-0.0	-1000.0	0.0	-0.0	Inf
FRUURtex_f	malt_e	-0.0	-1000.0	0.0	-0.0	Inf
FRUURtex_f	tartr__L_e	-0.0	-1000.0	0.0	-0.0	Inf
FRUURtex_f	g3pi_e	-0.0	-1000.0	0.0	-0.0	Inf
FRUURtex_f	malthx_e	-0.0	-1000.0	0.0	-0.0	Inf
FRUURtex_f	maltpt_e	-0.0	-1000.0	0.0	-0.0	Inf
FRUURtex_f	gal_e	-0.0	-1000.0	0.0	-0.0	Inf
FRUURtex_f	gal_bD_e	-0.0	-1000.0	0.0	-0.0	Inf
FRUURtex_f	malttr_e	-0.0	-1000.0	0.0	-0.0	Inf
FRUURtex_f	maltttr_e	-0.0	-1000.0	0.0	-0.0	Inf
FRUURtex_f	man_e	-0.0	-1000.0	0.0	-0.0	Inf
FRUURtex_f	thym_e	-0.0	-1000.0	0.0	-0.0	Inf
FRUURtex_f	thymd_e	-0.0	-1000.0	0.0	-0.0	Inf
FRUURtex_f	galt_e	-0.0	-0.9527832663488688	0.0	-0.0	Inf
FRUURtex_f	melib_e	-0.0	-1000.0	0.0	-0.0	Inf
FRUURtex_f	meoh_e	-0.0	-1000.0	0.0	-0.0	Inf
FRUURtex_f	tmao_e	-0.0	-1000.0	0.0	-0.0	Inf
FRUURtex_f	tre_e	-0.0	-1000.0	0.0	-0.0	Inf
FRUURtex_f	metsox_S__L_e	-0.0	-1000.0	0.0	-0.0	Inf
FRUURtex_f	glc__D_e	-0.0	-37.47034985850109	6.81983473473167	-0.0	0.0
FRUURtex_f	mg2_e	-0.0	-0.0020234421244822443	999.9979765578755	-0.0	0.0
FRUURtex_f	mnl_e	-0.0	-1000.0	0.0	-0.0	Inf
FRUURtex_f	mobd_e	-0.0	-3.0089225788287877e-05	999.9999699107742	-0.0	0.0
FRUURtex_f	glyald_e	-0.0	-1000.0	0.0	-0.0	Inf
FRUURtex_f	n2o_e	-0.0	-1000.0	0.0	-0.0	Inf
FRUURtex_f	na1_e	-0.0	0.0	1000.0	Inf	0.0
FRUURtex_f	nac_e	-0.0	-1000.0	0.0	-0.0	Inf
FRUURtex_f	ni2_e	-0.0	-7.53396894879188e-05	999.9999246603105	-0.0	0.0
FRUURtex_f	no_e	-0.0	-1000.0	0.0	-0.0	Inf
FRUURtex_f	no2_e	-0.0	-1000.0	0.0	-0.0	Inf
FRUURtex_f	ura_e	-0.0	-1000.0	0.0	-0.0	Inf
FRUURtex_f	no3_e	-0.0	-1000.0	0.0	-0.0	Inf
FRUURtex_f	urea_e	-0.0	-1000.0	0.0	-0.0	Inf
FRUURtex_f	novbcn_e	-0.0	-1000.0	0.0	-0.0	Inf
FRUURtex_f	uri_e	-0.0	-1000.0	0.0	-0.0	Inf
FRUURtex_f	o2_e	-0.0	-299.92682011954844	700.0731798804516	-0.0	0.0
FRUURtex_f	xan_e	-0.0	0.0	0.0	Inf	Inf
FRUURtex_f	xtsn_e	-0.0	-1000.0	0.0	-0.0	Inf
FRUURtex_f	xyl__D_e	-0.0	-1000.0	0.0	-0.0	Inf
FRUURtex_f	xylu__L_e	-0.0	-1000.0	0.0	-0.0	Inf
FRUURtex_f	pacald_e	-0.0	-1000.0	0.0	-0.0	Inf
FRUURtex_f	12dgr120_p	-0.0	0.0	0.0	Inf	Inf
FRUURtex_f	12dgr140_p	-0.0	0.0	0.0	Inf	Inf
FRUURtex_f	12dgr160_p	-0.0	-0.014884603542702202	0.0	-0.0	Inf
FRUURtex_f	12dgr180_p	-0.0	0.0	0.0	Inf	Inf
FRUURtex_f	12ppd__R_p	-0.0	-1000.0	0.0	-0.0	Inf
FRUURtex_f	12ppd__S_p	-0.0	0.0	0.0	Inf	Inf
FRUURtex_f	chol_p	-0.0	-1000.0	0.0	-0.0	Inf
FRUURtex_f	cl_p	-0.0	-0.0012140652746666092	999.9987859347253	-0.0	0.0
FRUURtex_f	34dhpac_p	-0.0	-1000.0	0.0	-0.0	Inf
FRUURtex_f	cm_p	-0.0	0.0	0.0	Inf	Inf
FRUURtex_f	4hoxpacd_p	-0.0	-1000.0	0.0	-0.0	Inf
FRUURtex_f	co2_p	-0.0	-949.5745115489863	50.425488451013734	-0.0	0.0
FRUURtex_f	5mtr_p	-0.0	0.0	0.0	Inf	Inf
FRUURtex_f	LalaDgluMdap_p	-0.0	-0.006481545793158379	0.0	-0.0	Inf
FRUURtex_f	gal_p	-0.0	-1000.0	0.0	-0.0	Inf
FRUURtex_f	ac_p	-0.0	-2.146897751573737	0.0	-0.0	Inf
FRUURtex_f	crn_p	-0.0	-1000.0	0.0	-0.0	Inf
FRUURtex_f	gal_bD_p	-0.0	-1000.0	0.0	-0.0	Inf
FRUURtex_f	acald_p	-0.0	-1000.0	0.0	-0.0	Inf
FRUURtex_f	acgal_p	-0.0	-1000.0	0.0	-0.0	Inf
FRUURtex_f	csn_p	-0.0	0.0	0.0	Inf	Inf
FRUURtex_f	acgam_p	-0.0	-1000.0	0.0	-0.0	Inf
FRUURtex_f	galt_p	-0.0	-0.9527832663488688	0.0	-0.0	Inf
FRUURtex_f	acmana_p	-0.0	-1000.0	0.0	-0.0	Inf
FRUURtex_f	cyan_p	-0.0	0.0	0.0	Inf	Inf
FRUURtex_f	ade_p	-0.0	-1000.0	0.0	-0.0	Inf
FRUURtex_f	adn_p	-0.0	0.0	0.00015604412464455722	Inf	0.0
FRUURtex_f	cytd_p	-0.0	0.0	0.0	Inf	Inf
FRUURtex_f	glc__D_p	-0.0	-37.47034985850109	6.81983473473167	-0.0	0.0
FRUURtex_f	dad_2_p	-0.0	-1000.0	0.0	-0.0	Inf
FRUURtex_f	dcyt_p	-0.0	-1000.0	0.0	-0.0	Inf
FRUURtex_f	all__D_p	-0.0	0.0	0.0	Inf	Inf
FRUURtex_f	alltn_p	-0.0	0.0	0.0	Inf	Inf
FRUURtex_f	dha_p	-0.0	-1000.0	0.0	-0.0	Inf
FRUURtex_f	glyald_p	-0.0	-1000.0	0.0	-0.0	Inf
FRUURtex_f	glyb_p	0.0	0.0	0.0	Inf	Inf
FRUURtex_f	dms_p	-0.0	-1000.0	0.0	-0.0	Inf
FRUURtex_f	glyc_p	-0.0	-0.03242825494930269	0.0	-0.0	Inf
FRUURtex_f	dmso_p	-0.0	-1000.0	0.0	-0.0	Inf
FRUURtex_f	arab__L_p	-0.0	0.0	0.0	Inf	Inf
FRUURtex_f	arbt_p	0.0	0.0	0.0	Inf	Inf
FRUURtex_f	ca2_p	-0.0	-0.0012140652746666092	999.9987859347253	-0.0	0.0
FRUURtex_f	duri_p	-0.0	-1000.0	0.0	-0.0	Inf
FRUURtex_f	h2_p	-0.0	-1000.0	0.0	-0.0	Inf
FRUURtex_f	h2o2_p	-0.0	-1000.0	0.0	-0.0	Inf
FRUURtex_f	etoh_p	-0.0	-1000.0	0.0	-0.0	Inf
FRUURtex_f	fald_p	-0.0	0.0	0.0	Inf	Inf
FRUURtex_f	n2o_p	-0.0	-1000.0	0.0	-0.0	Inf
FRUURtex_f	na1_p	-0.0	0.0	0.0	Inf	Inf
FRUURtex_f	indole_p	-0.0	0.0	1.3777092376077087	Inf	0.0
FRUURtex_f	nac_p	-0.0	-1000.0	0.0	-0.0	Inf
FRUURtex_f	ni2_p	-0.0	-7.53396894879188e-05	999.9999246603105	-0.0	0.0
FRUURtex_f	inost_p	-0.0	-1000.0	0.0	-0.0	Inf
FRUURtex_f	no_p	-0.0	-1000.0	0.0	-0.0	Inf
FRUURtex_f	no2_p	-0.0	-1000.0	0.0	-0.0	Inf
FRUURtex_f	for_p	-0.0	-2.146897751573737	0.0005721617886703604	-0.0	0.0
FRUURtex_f	fru_p	-0.0	-1000.0	0.0	-0.0	Inf
FRUURtex_f	no3_p	-0.0	0.0	0.0	Inf	Inf
FRUURtex_f	k_p	-0.0	-0.04552873067530072	999.9544712693247	-0.0	0.0
FRUURtex_f	novbcn_p	-0.0	0.0	0.0	Inf	Inf
FRUURtex_f	o2_p	-0.0	-299.92682011954844	700.0731798804516	-0.0	0.0
FRUURtex_f	lipa_cold_p	-0.0	-166.14883083851223	0.0	-0.0	Inf
FRUURtex_f	g3pe_p	-0.0	0.0	0.0	Inf	Inf
FRUURtex_f	g3pi_p	-0.0	0.0	0.0	Inf	Inf
FRUURtex_f	so3_p	-0.0	-1000.0	0.0	-0.0	Inf
FRUURtex_f	so4_p	-0.0	-0.05882700224182239	999.9411729977581	-0.0	0.0
FRUURtex_f	malt_p	0.0	0.0	0.0	Inf	Inf
FRUURtex_f	malthx_p	0.0	0.0	0.0	Inf	Inf
FRUURtex_f	maltpt_p	0.0	0.0	0.0	Inf	Inf
FRUURtex_f	sucr_p	-0.0	-1000.0	0.0	-0.0	Inf
FRUURtex_f	malttr_p	0.0	0.0	0.0	Inf	Inf
FRUURtex_f	maltttr_p	0.0	0.0	0.0	Inf	Inf
FRUURtex_f	pacald_p	-0.0	-1000.0	0.0	-0.0	Inf
FRUURtex_f	man_p	-0.0	-1000.0	0.0	-0.0	Inf
FRUURtex_f	tartr__L_p	-0.0	-1000.0	0.0	-0.0	Inf
FRUURtex_f	pe120_p	-0.0	0.0	0.0	Inf	Inf
FRUURtex_f	melib_p	-0.0	-1000.0	0.0	-0.0	Inf
FRUURtex_f	meoh_p	-0.0	-1000.0	0.0	-0.0	Inf
FRUURtex_f	thym_p	-0.0	-1000.0	0.0	-0.0	Inf
FRUURtex_f	thymd_p	-0.0	0.0	0.0	Inf	Inf
FRUURtex_f	pg120_p	-0.0	0.0	0.0	Inf	Inf
FRUURtex_f	metsox_S__L_p	-0.0	-1000.0	0.0	-0.0	Inf
FRUURtex_f	tmao_p	-0.0	-1000.0	0.0	-0.0	Inf
FRUURtex_f	mg2_p	-0.0	-0.0020234421244822443	999.9979765578755	-0.0	0.0
FRUURtex_f	tre_p	-0.0	0.0	0.0	Inf	Inf
FRUURtex_f	mnl_p	-0.0	0.0	0.0	Inf	Inf
FRUURtex_f	mobd_p	-0.0	-3.0089225788287877e-05	999.9999699107742	-0.0	0.0
FRUURtex_f	ura_p	-0.0	-1000.0	0.0	-0.0	Inf
FRUURtex_f	urea_p	-0.0	-1000.0	0.0	-0.0	Inf
FRUURtex_f	uri_p	-0.0	0.0	0.0	Inf	Inf
FRUURtex_f	xan_p	-0.0	-0.02604374107818296	0.0	-0.0	Inf
FRUURtex_f	xtsn_p	-0.0	0.0	0.0	Inf	Inf
FRUURtex_f	xyl__D_p	-0.0	0.0	0.0	Inf	Inf
FRUURtex_f	xylu__L_p	-0.0	-1000.0	0.0	-0.0	Inf
FRUURtex_f	ppal_p	-0.0	-1000.0	0.0	-0.0	Inf
FRUURtex_f	psclys_p	-0.0	-1000.0	0.0	-0.0	Inf
FRUURtex_f	pydx_p	-0.0	0.0	0.0	Inf	Inf
FRUURtex_f	pydxn_p	-0.0	0.0	0.0	Inf	Inf
FRUURtex_f	rib__D_p	-0.0	-1000.0	0.0	-0.0	Inf
FRUURtex_f	rmn_p	-0.0	-1000.0	0.0	-0.0	Inf
FRUURtex_f	sbt__D_p	-0.0	-34.73813684798538	0.0	-0.0	Inf
FRUURtex_f	slnt_p	-0.0	0.0	0.0	Inf	Inf
FRUURtex_f	so2_p	-0.0	-1000.0	0.0	-0.0	Inf
