Reaction	Metabolite	ShadowPrice	G-	G+	DecrementalShadowPrice	IncrementalShadowPrice
HEXt2rpp_f	12dgr120_c	-0.0	0.0	0.0	Inf	Inf
HEXt2rpp_f	12dgr140_c	-0.0	0.0	0.0	Inf	Inf
HEXt2rpp_f	12dgr160_c	-0.0	-0.014884603542702202	0.0	-0.0	Inf
HEXt2rpp_f	12dgr180_c	-0.0	0.0	0.0	Inf	Inf
HEXt2rpp_f	12ppd__R_c	-0.0	-1000.0	0.0	-0.0	Inf
HEXt2rpp_f	12ppd__S_c	-0.0	0.0	0.0	Inf	Inf
HEXt2rpp_f	5drib_c	-0.0	-999.9999479852918	5.2014708214852405e-05	-0.0	0.0
HEXt2rpp_f	5mta_c	-0.0	0.0	0.0	Inf	Inf
HEXt2rpp_f	23dhacoa_c	-0.0	-0.0001343518923592052	0.0	-0.0	Inf
HEXt2rpp_f	5mtr_c	-0.0	0.0	0.0	Inf	Inf
HEXt2rpp_f	3amac_c	-0.0	-2.143151526331394	0.0	-0.0	Inf
HEXt2rpp_f	LalaDgluMdap_c	-0.0	-0.006481545793158379	0.0	-0.0	Inf
HEXt2rpp_f	ac_c	-0.0	-1.0021491896902042	0.13588480983946738	-0.0	0.0
HEXt2rpp_f	acald_c	-0.0	0.0	6.680029811913661	Inf	0.0
HEXt2rpp_f	acetol_c	-0.0	0.0	0.0	Inf	Inf
HEXt2rpp_f	acgam_c	-0.0	-0.022039308295016345	0.0	-0.0	Inf
HEXt2rpp_f	acgam6p_c	-0.0	-0.022039308295016345	0.0	-0.0	Inf
HEXt2rpp_f	acmalt_c	0.0	0.0	0.0	Inf	Inf
HEXt2rpp_f	acmana_c	-0.0	-0.022039308295016345	0.0	-0.0	Inf
HEXt2rpp_f	2dmmq8_c	-0.0	0.0	0.0	Inf	Inf
HEXt2rpp_f	2dmmql8_c	0.0	0.0	0.0	Inf	Inf
HEXt2rpp_f	ade_c	-0.0	-0.02547157928984234	0.00015604412464455722	-0.0	0.0
HEXt2rpp_f	adn_c	-0.0	0.0	0.00015604412464455722	Inf	0.0
HEXt2rpp_f	3sala_c	0.0	0.0	0.0	Inf	Inf
HEXt2rpp_f	adphep_DD_c	-0.0	0.0	0.0	Inf	Inf
HEXt2rpp_f	adphep_LD_c	-0.0	0.0	0.0	Inf	Inf
HEXt2rpp_f	4ahmmp_c	0.0	0.0	0.0	Inf	Inf
HEXt2rpp_f	4crsol_c	-0.0	-999.9999479852918	5.2014708214852405e-05	-0.0	0.0
HEXt2rpp_f	2ohph_c	-0.0	-5.2014708214852405e-05	0.12526864871127552	-0.0	0.0
HEXt2rpp_f	2ombzl_c	-0.0	0.0	0.0	Inf	Inf
HEXt2rpp_f	2omhmbl_c	-0.0	0.0	0.0	Inf	Inf
HEXt2rpp_f	2ommbl_c	0.0	0.0	0.0	Inf	Inf
HEXt2rpp_f	2omph_c	-0.0	0.0	0.12526864871127552	Inf	0.0
HEXt2rpp_f	4mhetz_c	0.0	0.0	0.0	Inf	Inf
HEXt2rpp_f	2oph_c	-0.0	-5.2014708214852405e-05	0.12526864871127552	-0.0	0.0
HEXt2rpp_f	2oxpaccoa_c	-0.0	-0.0001343518923592052	0.0	-0.0	Inf
HEXt2rpp_f	all__D_c	-0.0	-17.607642446148322	0.0	-0.0	Inf
HEXt2rpp_f	alltn_c	-0.0	-0.5357878815828485	0.0	-0.0	Inf
HEXt2rpp_f	4r5au_c	-0.0	-0.00010402941597713474	3.3400149059568305	-0.0	0.0
HEXt2rpp_f	56dura_c	0.0	0.0	0.0	Inf	Inf
HEXt2rpp_f	arab__L_c	-0.0	-21.34259690442221	0.0	-0.0	Inf
HEXt2rpp_f	etoh_c	-0.0	-1000.0	0.0	-0.0	Inf
HEXt2rpp_f	csn_c	-0.0	0.0	0.03589434716525375	Inf	0.0
HEXt2rpp_f	fald_c	-0.0	0.0	0.0	Inf	Inf
HEXt2rpp_f	fc1p_c	-0.0	-0.22499999999888587	0.0	-0.0	Inf
HEXt2rpp_f	fcl__L_c	-0.0	0.0	0.0	Inf	Inf
HEXt2rpp_f	aso4_c	0.0	0.0	0.0	Inf	Inf
HEXt2rpp_f	cyan_c	0.0	0.0	0.0	Inf	Inf
HEXt2rpp_f	athtp_c	0.0	0.0	0.0	Inf	Inf
HEXt2rpp_f	cytd_c	-0.0	0.0	0.0	Inf	Inf
HEXt2rpp_f	dad_2_c	-0.0	0.0	0.0	Inf	Inf
HEXt2rpp_f	dad_5_c	-0.0	-0.02547157928984234	5.2014708214852405e-05	-0.0	0.0
HEXt2rpp_f	betald_c	0.0	0.0	0.0	Inf	Inf
HEXt2rpp_f	btal_c	-0.0	-201.23019938455224	0.0	-0.0	Inf
HEXt2rpp_f	for_c	-0.0	-0.02547157928984234	0.0005721617891258849	-0.0	0.0
HEXt2rpp_f	dcyt_c	-0.0	-0.006103214597033002	0.0	-0.0	Inf
HEXt2rpp_f	fru_c	-0.0	0.0	6.680029811913661	Inf	0.0
HEXt2rpp_f	ca2_c	-0.0	-0.0012140652746666092	999.9987859347253	-0.0	0.0
HEXt2rpp_f	g3pe_c	-0.0	0.0	0.0	Inf	Inf
HEXt2rpp_f	g3pi_c	0.0	0.0	0.0	Inf	Inf
HEXt2rpp_f	cbm_c	-0.0	-1.071575763165697	0.0	-0.0	Inf
HEXt2rpp_f	dha_c	-0.0	-33.538366564092044	0.0	-0.0	Inf
HEXt2rpp_f	gal_c	-0.0	0.0	0.0	Inf	Inf
HEXt2rpp_f	dhgly_c	-0.0	-5.2014708214852405e-05	1.6700074529784152	-0.0	0.0
HEXt2rpp_f	dhmptp_c	0.0	0.0	0.0	Inf	Inf
HEXt2rpp_f	gcald_c	-0.0	-0.6902692324845257	0.00015604412476477592	-0.0	0.0
HEXt2rpp_f	dhptd_c	-0.0	-56.585552091942155	0.00010402941642970481	-0.0	0.0
HEXt2rpp_f	cechddd_c	-0.0	0.0	0.0	Inf	Inf
HEXt2rpp_f	dhptdn_c	0.0	0.0	0.0	Inf	Inf
HEXt2rpp_f	chol_c	0.0	0.0	0.0	Inf	Inf
HEXt2rpp_f	chtbs6p_c	-0.0	0.0	0.0	Inf	Inf
HEXt2rpp_f	dmbzid_c	0.0	0.0	0.0	Inf	Inf
HEXt2rpp_f	dms_c	0.0	0.0	0.0	Inf	Inf
HEXt2rpp_f	dmso_c	0.0	0.0	0.0	Inf	Inf
HEXt2rpp_f	cl_c	-0.0	-0.0012140652746666092	999.9987859347253	-0.0	0.0
HEXt2rpp_f	glc__D_c	-0.0	-17.607642446148322	6.680029811913661	-0.0	0.0
HEXt2rpp_f	co2_c	-0.0	-949.5745115489868	50.425488451013166	-0.0	0.0
HEXt2rpp_f	dscl_c	-0.0	-5.2014708214852405e-05	0.35158051641650845	-0.0	0.0
HEXt2rpp_f	dtdp4aaddg_c	-0.0	0.0	0.0	Inf	Inf
HEXt2rpp_f	glyald_c	-0.0	-1000.0	0.0	-0.0	Inf
HEXt2rpp_f	crn_c	-0.0	-1000.0	0.0	-0.0	Inf
HEXt2rpp_f	duri_c	-0.0	-0.006103214597033002	0.0	-0.0	Inf
HEXt2rpp_f	glyb_c	0.0	0.0	0.0	Inf	Inf
HEXt2rpp_f	glyc_c	-0.0	-28.747171340650322	0.0	-0.0	Inf
HEXt2rpp_f	dxyl_c	0.0	0.0	0.0	Inf	Inf
HEXt2rpp_f	glycogen_c	-0.0	-16.769183282046022	0.0	-0.0	Inf
HEXt2rpp_f	gmhep1p_c	-0.0	0.0	0.02500000000111413	Inf	0.0
HEXt2rpp_f	lipa_cold_c	-0.0	0.0	0.0	Inf	Inf
HEXt2rpp_f	lipidA_c	-0.0	-0.004538108354379969	0.012500000000557066	-0.0	0.0
HEXt2rpp_f	malt_c	0.0	0.0	0.0	Inf	Inf
HEXt2rpp_f	h2_c	-0.0	0.0	0.0	Inf	Inf
HEXt2rpp_f	malthx_c	-0.0	0.0	0.0	Inf	Inf
HEXt2rpp_f	maltpt_c	-0.0	0.0	0.0	Inf	Inf
HEXt2rpp_f	malttr_c	-0.0	0.0	0.0	Inf	Inf
HEXt2rpp_f	maltttr_c	-0.0	0.0	0.0	Inf	Inf
HEXt2rpp_f	h2o2_c	-0.0	-0.0008585925602639986	0.24253968616119437	-0.0	0.0
HEXt2rpp_f	man_c	-0.0	0.0	0.0	Inf	Inf
HEXt2rpp_f	mdhdhf_c	-0.0	-56.585552091942155	0.00010402941642970481	-0.0	0.0
HEXt2rpp_f	melib_c	-0.0	0.0	0.0	Inf	Inf
HEXt2rpp_f	meoh_c	-0.0	-1000.0	0.0	-0.0	Inf
HEXt2rpp_f	pacald_c	-0.0	-1000.0	0.0	-0.0	Inf
HEXt2rpp_f	metsox_S__L_c	-0.0	-0.02547157928984234	0.0	-0.0	Inf
HEXt2rpp_f	mg2_c	-0.0	-0.0020234421244822443	704.3056978459329	-0.0	0.0
HEXt2rpp_f	hhlipa_c	-0.0	0.0	0.0	Inf	Inf
HEXt2rpp_f	pe120_c	-0.0	0.0	0.0	Inf	Inf
HEXt2rpp_f	mobd_c	-0.0	-3.0089225788287877e-05	147.84715107703357	-0.0	0.0
HEXt2rpp_f	hlipa_c	-0.0	0.0	0.0	Inf	Inf
HEXt2rpp_f	pg120_c	-0.0	-0.01815243341754562	0.0	-0.0	Inf
HEXt2rpp_f	mql8_c	0.0	0.0	0.0	Inf	Inf
HEXt2rpp_f	mqn8_c	-0.0	0.0	0.0	Inf	Inf
HEXt2rpp_f	mthgxl_c	-0.0	-1.677203770146889	0.0	-0.0	Inf
HEXt2rpp_f	hqn_c	0.0	0.0	0.0	Inf	Inf
HEXt2rpp_f	mththf_c	-0.0	-999.9998959705836	0.00010402941642970481	-0.0	0.0
HEXt2rpp_f	n2o_c	-0.0	-1000.0	0.0	-0.0	Inf
HEXt2rpp_f	na1_c	-0.0	0.0	0.0	Inf	Inf
HEXt2rpp_f	nac_c	-0.0	0.0	0.0	Inf	Inf
HEXt2rpp_f	ncam_c	-0.0	0.0	0.0	Inf	Inf
HEXt2rpp_f	ni2_c	-0.0	-7.533968947711805e-05	999.9999246603105	-0.0	0.0
HEXt2rpp_f	no_c	-0.0	-1000.0	0.0	-0.0	Inf
HEXt2rpp_f	indole_c	-0.0	-0.013258619098909663	1.677203770146889	-0.0	0.0
HEXt2rpp_f	no2_c	-0.0	-1000.0	0.0	-0.0	Inf
HEXt2rpp_f	no3_c	0.0	0.0	0.0	Inf	Inf
HEXt2rpp_f	inost_c	0.0	0.0	0.0	Inf	Inf
HEXt2rpp_f	o2_c	-0.0	-49.9277566758592	950.0722433241408	-0.0	0.0
HEXt2rpp_f	poaac_c	-0.0	-2.519286908676918	0.0	-0.0	Inf
HEXt2rpp_f	ppal_c	-0.0	0.0	0.0	Inf	Inf
HEXt2rpp_f	k_c	-0.0	-0.045528730675254196	591.3886043081343	-0.0	0.0
HEXt2rpp_f	psclys_c	-0.0	0.0	0.0	Inf	Inf
HEXt2rpp_f	lald__D_c	-0.0	0.0	0.0	Inf	Inf
HEXt2rpp_f	lald__L_c	-0.0	-1.677203770146889	0.0	-0.0	Inf
HEXt2rpp_f	ura_c	-0.0	0.0	0.0	Inf	Inf
HEXt2rpp_f	pydx_c	-0.0	0.0	0.0008585925602639986	Inf	0.0
HEXt2rpp_f	uracp_c	-0.0	-1.259643454338459	0.0	-0.0	Inf
HEXt2rpp_f	pydxn_c	-0.0	0.0	2.2266766039712205	Inf	0.0
HEXt2rpp_f	urate_c	-0.0	-0.0008585925602639986	0.0	-0.0	Inf
HEXt2rpp_f	q8_c	-0.0	0.0	0.0	Inf	Inf
HEXt2rpp_f	q8h2_c	0.0	0.0	0.0	Inf	Inf
HEXt2rpp_f	urea_c	-0.0	-1000.0	0.0	-0.0	Inf
HEXt2rpp_f	uri_c	-0.0	0.0	0.0	Inf	Inf
HEXt2rpp_f	rbflvrd_c	-0.0	0.0	0.01273578964492117	Inf	0.0
HEXt2rpp_f	rbl__L_c	-0.0	-21.34259690442221	0.0	-0.0	Inf
HEXt2rpp_f	rdmbzi_c	0.0	0.0	0.0	Inf	Inf
HEXt2rpp_f	thptdn_c	0.0	0.0	0.0	Inf	Inf
HEXt2rpp_f	xan_c	-0.0	0.0	0.0	Inf	Inf
HEXt2rpp_f	rephaccoa_c	-0.0	-0.0001343518923592052	0.0	-0.0	Inf
HEXt2rpp_f	rib__D_c	-0.0	0.0	6.680029811913661	Inf	0.0
HEXt2rpp_f	xtsn_c	-0.0	0.0	0.0	Inf	Inf
HEXt2rpp_f	rml_c	-0.0	-1.677203770146889	0.0	-0.0	Inf
HEXt2rpp_f	thym_c	-0.0	-591.3886043081343	0.0	-0.0	Inf
HEXt2rpp_f	thymd_c	-0.0	-0.006103214597033002	0.0	-0.0	Inf
HEXt2rpp_f	xu5p__L_c	-0.0	-0.22499999999888587	0.0	-0.0	Inf
HEXt2rpp_f	rmn_c	-0.0	-1.677203770146889	0.0	-0.0	Inf
HEXt2rpp_f	xyl__D_c	0.0	0.0	0.0	Inf	Inf
HEXt2rpp_f	tmao_c	0.0	0.0	0.0	Inf	Inf
HEXt2rpp_f	xylu__D_c	-0.0	0.0	0.0	Inf	Inf
HEXt2rpp_f	xylu__L_c	-0.0	-21.34259690442221	0.0	-0.0	Inf
HEXt2rpp_f	12ppd__R_e	-0.0	-1000.0	0.0	-0.0	Inf
HEXt2rpp_f	12ppd__S_e	-0.0	-1000.0	0.0	-0.0	Inf
HEXt2rpp_f	tre_c	-0.0	-8.803821223074161	0.0	-0.0	Inf
HEXt2rpp_f	seln_c	0.0	0.0	0.0	Inf	Inf
HEXt2rpp_f	34dhpac_e	-0.0	-1000.0	0.0	-0.0	Inf
HEXt2rpp_f	slnt_c	0.0	0.0	0.0	Inf	Inf
HEXt2rpp_f	so2_c	0.0	0.0	0.0	Inf	Inf
HEXt2rpp_f	so3_c	-0.0	-0.05781516455544988	29.569430215406715	-0.0	0.0
HEXt2rpp_f	so4_c	-0.0	-0.058827002242606966	591.3886043081343	-0.0	0.0
HEXt2rpp_f	4hoxpacd_e	-0.0	-1000.0	0.0	-0.0	Inf
HEXt2rpp_f	5mtr_e	-0.0	0.0	0.0	Inf	Inf
HEXt2rpp_f	LalaDgluMdap_e	-0.0	-1000.0	0.0	-0.0	Inf
HEXt2rpp_f	ac_e	-0.0	0.0	0.0	Inf	Inf
HEXt2rpp_f	acald_e	-0.0	-1000.0	0.0	-0.0	Inf
HEXt2rpp_f	acgal_e	-0.0	-1000.0	0.0	-0.0	Inf
HEXt2rpp_f	acgam_e	-0.0	-1000.0	0.0	-0.0	Inf
HEXt2rpp_f	acmana_e	-0.0	-1000.0	0.0	-0.0	Inf
HEXt2rpp_f	tagur_c	-0.0	0.0	0.0	Inf	Inf
HEXt2rpp_f	tartr__L_c	-0.0	-0.6902692324845257	0.0	-0.0	Inf
HEXt2rpp_f	ade_e	-0.0	-1000.0	0.0	-0.0	Inf
HEXt2rpp_f	adn_e	-0.0	-1000.0	0.0	-0.0	Inf
HEXt2rpp_f	all__D_e	-0.0	-1000.0	0.0	-0.0	Inf
HEXt2rpp_f	cl_e	-0.0	-0.0012140652746666092	999.9987859347253	-0.0	0.0
HEXt2rpp_f	alltn_e	-0.0	0.0	0.0	Inf	Inf
HEXt2rpp_f	cm_e	-0.0	-1000.0	0.0	-0.0	Inf
HEXt2rpp_f	co2_e	-0.0	-949.5745115489868	50.425488451013166	-0.0	0.0
HEXt2rpp_f	arab__L_e	-0.0	-1000.0	0.0	-0.0	Inf
HEXt2rpp_f	arbt_e	-0.0	-1000.0	0.0	-0.0	Inf
HEXt2rpp_f	unagamu_c	-0.0	0.0	0.012500000000557066	Inf	0.0
HEXt2rpp_f	crn_e	-0.0	-1000.0	0.0	-0.0	Inf
HEXt2rpp_f	csn_e	-0.0	-1000.0	0.0	-0.0	Inf
HEXt2rpp_f	cyan_e	-0.0	-1000.0	0.0	-0.0	Inf
HEXt2rpp_f	glyb_e	-0.0	-1000.0	0.0	-0.0	Inf
HEXt2rpp_f	glyc_e	-0.0	-1000.0	0.0	-0.0	Inf
HEXt2rpp_f	cytd_e	-0.0	-1000.0	0.0	-0.0	Inf
HEXt2rpp_f	ca2_e	-0.0	-0.0012140652746666092	999.9987859347253	-0.0	0.0
HEXt2rpp_f	dad_2_e	-0.0	-1000.0	0.0	-0.0	Inf
HEXt2rpp_f	dcyt_e	-0.0	-1000.0	0.0	-0.0	Inf
HEXt2rpp_f	chol_e	-0.0	-1000.0	0.0	-0.0	Inf
HEXt2rpp_f	dha_e	-0.0	-1000.0	0.0	-0.0	Inf
HEXt2rpp_f	ppal_e	-0.0	-1000.0	0.0	-0.0	Inf
HEXt2rpp_f	h2_e	-0.0	-1000.0	0.0	-0.0	Inf
HEXt2rpp_f	dms_e	-0.0	-1000.0	0.0	-0.0	Inf
HEXt2rpp_f	dmso_e	-0.0	-1000.0	0.0	-0.0	Inf
HEXt2rpp_f	h2o2_e	-0.0	-1000.0	0.0	-0.0	Inf
HEXt2rpp_f	psclys_e	-0.0	-1000.0	0.0	-0.0	Inf
HEXt2rpp_f	duri_e	-0.0	-1000.0	0.0	-0.0	Inf
HEXt2rpp_f	pydx_e	-0.0	-1000.0	0.0	-0.0	Inf
HEXt2rpp_f	pydxn_e	-0.0	-1000.0	0.0	-0.0	Inf
HEXt2rpp_f	etoh_e	-0.0	-1000.0	0.0	-0.0	Inf
HEXt2rpp_f	fald_e	-0.0	0.0	0.0	Inf	Inf
HEXt2rpp_f	rib__D_e	-0.0	-1000.0	0.0	-0.0	Inf
HEXt2rpp_f	rmn_e	-0.0	-1000.0	0.0	-0.0	Inf
HEXt2rpp_f	indole_e	-0.0	-1000.0	0.0	-0.0	Inf
HEXt2rpp_f	inost_e	-0.0	-1000.0	0.0	-0.0	Inf
HEXt2rpp_f	sbt__D_e	-0.0	-1.677203770146889	0.0	-0.0	Inf
HEXt2rpp_f	k_e	-0.0	-0.04552873067530072	999.9544712693247	-0.0	0.0
HEXt2rpp_f	for_e	-0.0	0.0	0.0005721617891258849	Inf	0.0
HEXt2rpp_f	slnt_e	-0.0	0.0	1000.0	Inf	0.0
HEXt2rpp_f	fru_e	-0.0	-1000.0	0.0	-0.0	Inf
HEXt2rpp_f	so2_e	-0.0	-1000.0	0.0	-0.0	Inf
HEXt2rpp_f	so3_e	-0.0	-1000.0	0.0	-0.0	Inf
HEXt2rpp_f	so4_e	-0.0	-0.05882700224265136	999.9411729977573	-0.0	0.0
HEXt2rpp_f	lipa_cold_e	-0.0	-1000.0	0.0	-0.0	Inf
HEXt2rpp_f	sucr_e	-0.0	-1000.0	0.0	-0.0	Inf
HEXt2rpp_f	g3pe_e	-0.0	-1000.0	0.0	-0.0	Inf
HEXt2rpp_f	malt_e	-0.0	-1000.0	0.0	-0.0	Inf
HEXt2rpp_f	tartr__L_e	-0.0	-1000.0	0.0	-0.0	Inf
HEXt2rpp_f	g3pi_e	-0.0	-1000.0	0.0	-0.0	Inf
HEXt2rpp_f	malthx_e	-0.0	-1000.0	0.0	-0.0	Inf
HEXt2rpp_f	maltpt_e	-0.0	-1000.0	0.0	-0.0	Inf
HEXt2rpp_f	gal_e	-0.0	-1000.0	0.0	-0.0	Inf
HEXt2rpp_f	gal_bD_e	-0.0	-1000.0	0.0	-0.0	Inf
HEXt2rpp_f	malttr_e	-0.0	-1000.0	0.0	-0.0	Inf
HEXt2rpp_f	maltttr_e	-0.0	-1000.0	0.0	-0.0	Inf
HEXt2rpp_f	man_e	-0.0	-1000.0	0.0	-0.0	Inf
HEXt2rpp_f	thym_e	-0.0	-1000.0	0.0	-0.0	Inf
HEXt2rpp_f	thymd_e	-0.0	-1000.0	0.0	-0.0	Inf
HEXt2rpp_f	galt_e	-0.0	-1.677203770146889	0.0	-0.0	Inf
HEXt2rpp_f	melib_e	-0.0	-1000.0	0.0	-0.0	Inf
HEXt2rpp_f	meoh_e	-0.0	-1000.0	0.0	-0.0	Inf
HEXt2rpp_f	tmao_e	-0.0	-1000.0	0.0	-0.0	Inf
HEXt2rpp_f	tre_e	-0.0	-1000.0	0.0	-0.0	Inf
HEXt2rpp_f	metsox_S__L_e	-0.0	-1000.0	0.0	-0.0	Inf
HEXt2rpp_f	glc__D_e	-0.0	-17.830523996099565	6.680029811913661	-0.0	0.0
HEXt2rpp_f	mg2_e	-0.0	-0.0020234421244822443	999.9979765578755	-0.0	0.0
HEXt2rpp_f	mnl_e	-0.0	-1000.0	0.0	-0.0	Inf
HEXt2rpp_f	mobd_e	-0.0	-3.0089225788287877e-05	999.9999699107742	-0.0	0.0
HEXt2rpp_f	glyald_e	-0.0	-1000.0	0.0	-0.0	Inf
HEXt2rpp_f	n2o_e	-0.0	-1000.0	0.0	-0.0	Inf
HEXt2rpp_f	na1_e	-0.0	0.0	1000.0	Inf	0.0
HEXt2rpp_f	nac_e	-0.0	-1000.0	0.0	-0.0	Inf
HEXt2rpp_f	ni2_e	-0.0	-7.53396894879188e-05	999.9999246603105	-0.0	0.0
HEXt2rpp_f	no_e	-0.0	-1000.0	0.0	-0.0	Inf
HEXt2rpp_f	no2_e	-0.0	-1000.0	0.0	-0.0	Inf
HEXt2rpp_f	ura_e	-0.0	-1000.0	0.0	-0.0	Inf
HEXt2rpp_f	no3_e	-0.0	-1000.0	0.0	-0.0	Inf
HEXt2rpp_f	urea_e	-0.0	-1000.0	0.0	-0.0	Inf
HEXt2rpp_f	novbcn_e	-0.0	-1000.0	0.0	-0.0	Inf
HEXt2rpp_f	uri_e	-0.0	-1000.0	0.0	-0.0	Inf
HEXt2rpp_f	o2_e	-0.0	-49.9277566758592	950.0722433241408	-0.0	0.0
HEXt2rpp_f	xan_e	-0.0	0.0	0.0	Inf	Inf
HEXt2rpp_f	xtsn_e	-0.0	-1000.0	0.0	-0.0	Inf
HEXt2rpp_f	xyl__D_e	-0.0	-1000.0	0.0	-0.0	Inf
HEXt2rpp_f	xylu__L_e	-0.0	-1000.0	0.0	-0.0	Inf
HEXt2rpp_f	pacald_e	-0.0	-1000.0	0.0	-0.0	Inf
HEXt2rpp_f	12dgr120_p	-0.0	0.0	0.0	Inf	Inf
HEXt2rpp_f	12dgr140_p	-0.0	0.0	0.0	Inf	Inf
HEXt2rpp_f	12dgr160_p	-0.0	-0.014884603542702202	0.0	-0.0	Inf
HEXt2rpp_f	12dgr180_p	-0.0	0.0	0.0	Inf	Inf
HEXt2rpp_f	12ppd__R_p	-0.0	-1000.0	0.0	-0.0	Inf
HEXt2rpp_f	12ppd__S_p	-0.0	0.0	0.0	Inf	Inf
HEXt2rpp_f	chol_p	-0.0	-1000.0	0.0	-0.0	Inf
HEXt2rpp_f	cl_p	-0.0	-0.0012140652746666092	999.9987859347253	-0.0	0.0
HEXt2rpp_f	34dhpac_p	-0.0	-1000.0	0.0	-0.0	Inf
HEXt2rpp_f	cm_p	-0.0	0.0	0.0	Inf	Inf
HEXt2rpp_f	4hoxpacd_p	-0.0	-1000.0	0.0	-0.0	Inf
HEXt2rpp_f	co2_p	-0.0	-949.5745115489868	50.425488451013166	-0.0	0.0
HEXt2rpp_f	5mtr_p	-0.0	0.0	0.0	Inf	Inf
HEXt2rpp_f	LalaDgluMdap_p	-0.0	-0.006481545793158379	0.0	-0.0	Inf
HEXt2rpp_f	gal_p	-0.0	-1000.0	0.0	-0.0	Inf
HEXt2rpp_f	ac_p	-0.0	-1.0021491896902042	0.0	-0.0	Inf
HEXt2rpp_f	crn_p	-0.0	-1000.0	0.0	-0.0	Inf
HEXt2rpp_f	gal_bD_p	-0.0	-1000.0	0.0	-0.0	Inf
HEXt2rpp_f	acald_p	-0.0	-1000.0	0.0	-0.0	Inf
HEXt2rpp_f	acgal_p	-0.0	-1000.0	0.0	-0.0	Inf
HEXt2rpp_f	csn_p	-0.0	0.0	0.0	Inf	Inf
HEXt2rpp_f	acgam_p	-0.0	-1000.0	0.0	-0.0	Inf
HEXt2rpp_f	galt_p	-0.0	-1.677203770146889	0.0	-0.0	Inf
HEXt2rpp_f	acmana_p	-0.0	-1000.0	0.0	-0.0	Inf
HEXt2rpp_f	cyan_p	-0.0	0.0	0.0	Inf	Inf
HEXt2rpp_f	ade_p	-0.0	-1000.0	0.0	-0.0	Inf
HEXt2rpp_f	adn_p	-0.0	0.0	0.00015604412464455722	Inf	0.0
HEXt2rpp_f	cytd_p	-0.0	0.0	0.0	Inf	Inf
HEXt2rpp_f	glc__D_p	-0.0	-17.830523996099565	6.680029811913661	-0.0	0.0
HEXt2rpp_f	dad_2_p	-0.0	-1000.0	0.0	-0.0	Inf
HEXt2rpp_f	dcyt_p	-0.0	-1000.0	0.0	-0.0	Inf
HEXt2rpp_f	all__D_p	-0.0	0.0	0.0	Inf	Inf
HEXt2rpp_f	alltn_p	-0.0	0.0	0.0	Inf	Inf
HEXt2rpp_f	dha_p	-0.0	-1000.0	0.0	-0.0	Inf
HEXt2rpp_f	glyald_p	-0.0	-1000.0	0.0	-0.0	Inf
HEXt2rpp_f	glyb_p	0.0	0.0	0.0	Inf	Inf
HEXt2rpp_f	dms_p	-0.0	-1000.0	0.0	-0.0	Inf
HEXt2rpp_f	glyc_p	-0.0	-28.747171340650322	0.0	-0.0	Inf
HEXt2rpp_f	dmso_p	-0.0	-1000.0	0.0	-0.0	Inf
HEXt2rpp_f	arab__L_p	-0.0	0.0	0.0	Inf	Inf
HEXt2rpp_f	arbt_p	0.0	0.0	0.0	Inf	Inf
HEXt2rpp_f	ca2_p	-0.0	-0.0012140652746666092	999.9987859347253	-0.0	0.0
HEXt2rpp_f	duri_p	-0.0	-1000.0	0.0	-0.0	Inf
HEXt2rpp_f	h2_p	-0.0	-1000.0	0.0	-0.0	Inf
HEXt2rpp_f	h2o2_p	-0.0	-1000.0	0.0	-0.0	Inf
HEXt2rpp_f	etoh_p	-0.0	-1000.0	0.0	-0.0	Inf
HEXt2rpp_f	fald_p	-0.0	0.0	0.0	Inf	Inf
HEXt2rpp_f	n2o_p	-0.0	-1000.0	0.0	-0.0	Inf
HEXt2rpp_f	na1_p	-0.0	0.0	0.0	Inf	Inf
HEXt2rpp_f	indole_p	-0.0	0.0	1.677203770146889	Inf	0.0
HEXt2rpp_f	nac_p	-0.0	-1000.0	0.0	-0.0	Inf
HEXt2rpp_f	ni2_p	-0.0	-7.53396894879188e-05	999.9999246603105	-0.0	0.0
HEXt2rpp_f	inost_p	-0.0	-1000.0	0.0	-0.0	Inf
HEXt2rpp_f	no_p	-0.0	-1000.0	0.0	-0.0	Inf
HEXt2rpp_f	no2_p	-0.0	-1000.0	0.0	-0.0	Inf
HEXt2rpp_f	for_p	-0.0	0.0	0.0005721617891258849	Inf	0.0
HEXt2rpp_f	fru_p	-0.0	-1000.0	0.0	-0.0	Inf
HEXt2rpp_f	no3_p	-0.0	0.0	0.0	Inf	Inf
HEXt2rpp_f	k_p	-0.0	-0.04552873067530072	999.9544712693247	-0.0	0.0
HEXt2rpp_f	novbcn_p	-0.0	0.0	0.0	Inf	Inf
HEXt2rpp_f	o2_p	-0.0	-49.9277566758592	950.0722433241408	-0.0	0.0
HEXt2rpp_f	lipa_cold_p	-0.0	-147.84715107703357	0.0	-0.0	Inf
HEXt2rpp_f	g3pe_p	-0.0	0.0	0.0	Inf	Inf
HEXt2rpp_f	g3pi_p	-0.0	0.0	0.0	Inf	Inf
HEXt2rpp_f	so3_p	-0.0	-1000.0	0.0	-0.0	Inf
HEXt2rpp_f	so4_p	-0.0	-0.058827002242606966	999.9411729977573	-0.0	0.0
HEXt2rpp_f	malt_p	0.0	0.0	0.0	Inf	Inf
HEXt2rpp_f	malthx_p	0.0	0.0	0.0	Inf	Inf
HEXt2rpp_f	maltpt_p	0.0	0.0	0.0	Inf	Inf
HEXt2rpp_f	sucr_p	-0.0	-1000.0	0.0	-0.0	Inf
HEXt2rpp_f	malttr_p	0.0	0.0	0.0	Inf	Inf
HEXt2rpp_f	maltttr_p	0.0	0.0	0.0	Inf	Inf
HEXt2rpp_f	pacald_p	-0.0	-1000.0	0.0	-0.0	Inf
HEXt2rpp_f	man_p	-0.0	-1000.0	0.0	-0.0	Inf
HEXt2rpp_f	tartr__L_p	-0.0	-1000.0	0.0	-0.0	Inf
HEXt2rpp_f	pe120_p	-0.0	0.0	0.0	Inf	Inf
HEXt2rpp_f	melib_p	-0.0	-1000.0	0.0	-0.0	Inf
HEXt2rpp_f	meoh_p	-0.0	-1000.0	0.0	-0.0	Inf
HEXt2rpp_f	thym_p	-0.0	-1000.0	0.0	-0.0	Inf
HEXt2rpp_f	thymd_p	-0.0	-0.006103214597033002	0.0	-0.0	Inf
HEXt2rpp_f	pg120_p	-0.0	-0.01815243341754562	0.0	-0.0	Inf
HEXt2rpp_f	metsox_S__L_p	-0.0	-1000.0	0.0	-0.0	Inf
HEXt2rpp_f	tmao_p	-0.0	-1000.0	0.0	-0.0	Inf
HEXt2rpp_f	mg2_p	-0.0	-0.0020234421244822443	999.9979765578755	-0.0	0.0
HEXt2rpp_f	tre_p	-0.0	0.0	0.0	Inf	Inf
HEXt2rpp_f	mnl_p	-0.0	0.0	0.0	Inf	Inf
HEXt2rpp_f	mobd_p	-0.0	-3.0089225788287877e-05	999.9999699107742	-0.0	0.0
HEXt2rpp_f	ura_p	-0.0	-1000.0	0.0	-0.0	Inf
HEXt2rpp_f	urea_p	-0.0	-1000.0	0.0	-0.0	Inf
HEXt2rpp_f	uri_p	-0.0	0.0	0.0	Inf	Inf
HEXt2rpp_f	xan_p	-0.0	0.0	0.0	Inf	Inf
HEXt2rpp_f	xtsn_p	-0.0	0.0	0.0	Inf	Inf
HEXt2rpp_f	xyl__D_p	-0.0	0.0	0.0	Inf	Inf
HEXt2rpp_f	xylu__L_p	-0.0	-1000.0	0.0	-0.0	Inf
HEXt2rpp_f	ppal_p	-0.0	-1000.0	0.0	-0.0	Inf
HEXt2rpp_f	psclys_p	-0.0	-1000.0	0.0	-0.0	Inf
HEXt2rpp_f	pydx_p	-0.0	0.0	0.0	Inf	Inf
HEXt2rpp_f	pydxn_p	-0.0	0.0	0.0	Inf	Inf
HEXt2rpp_f	rib__D_p	-0.0	-1000.0	0.0	-0.0	Inf
HEXt2rpp_f	rmn_p	-0.0	-1000.0	0.0	-0.0	Inf
HEXt2rpp_f	sbt__D_p	-0.0	-1.677203770146889	0.0	-0.0	Inf
HEXt2rpp_f	slnt_p	-0.0	0.0	0.0	Inf	Inf
HEXt2rpp_f	so2_p	-0.0	-1000.0	0.0	-0.0	Inf
