Reaction	Metabolite	ShadowPrice	G-	G+	DecrementalShadowPrice	IncrementalShadowPrice
HOPNTAL	12dgr120_c	-0.0	0.0	0.0	Inf	Inf
HOPNTAL	12dgr140_c	-0.0	0.0	0.0	Inf	Inf
HOPNTAL	12dgr160_c	-0.0	-0.042539421066392656	0.0	-0.0	Inf
HOPNTAL	12dgr180_c	-0.0	0.0	0.0	Inf	Inf
HOPNTAL	12ppd__R_c	-0.0	-1000.0	0.0	-0.0	Inf
HOPNTAL	12ppd__S_c	-0.0	0.0	0.0	Inf	Inf
HOPNTAL	5drib_c	-0.0	-999.9998500114435	0.00014998855642865748	-0.0	0.0
HOPNTAL	5mta_c	-0.0	-0.07280044559468024	0.0	-0.0	Inf
HOPNTAL	23dhacoa_c	-0.0	-0.00038397070397888644	0.0	-0.0	Inf
HOPNTAL	5mtr_c	-0.0	-1000.0	0.0	-0.0	Inf
HOPNTAL	3amac_c	-0.0	-3.1999999999934516	0.0	-0.0	Inf
HOPNTAL	LalaDgluMdap_c	-0.0	-0.01852392002684237	0.0	-0.0	Inf
HOPNTAL	ac_c	-0.0	-2.129344205590087	0.8040358402292894	-0.0	0.0
HOPNTAL	acald_c	-0.0	-2.129344205590087	0.0	-0.0	Inf
HOPNTAL	acetol_c	-0.0	0.0	7.357768444337973	Inf	0.0
HOPNTAL	acgam_c	-0.0	-0.0629871943103492	0.0	-0.0	Inf
HOPNTAL	acgam6p_c	-0.0	-0.0629871943103492	0.0	-0.0	Inf
HOPNTAL	acmalt_c	0.0	0.0	0.0	Inf	Inf
HOPNTAL	acmana_c	-0.0	-0.0629871943103492	0.0	-0.0	Inf
HOPNTAL	2dmmq8_c	-0.0	0.0	0.0	Inf	Inf
HOPNTAL	2dmmql8_c	0.0	0.0	0.0	Inf	Inf
HOPNTAL	ade_c	-0.0	-0.07280044559468024	0.16000000000130968	-0.0	0.0
HOPNTAL	adn_c	-0.0	0.0	0.16000000000130968	Inf	0.0
HOPNTAL	3sala_c	0.0	0.0	0.0	Inf	Inf
HOPNTAL	adphep_DD_c	-0.0	0.0	0.0	Inf	Inf
HOPNTAL	adphep_LD_c	-0.0	0.0	0.0	Inf	Inf
HOPNTAL	4ahmmp_c	0.0	0.0	0.0	Inf	Inf
HOPNTAL	4crsol_c	-0.0	-999.9998513446752	0.0001486553248159583	-0.0	0.0
HOPNTAL	2ohph_c	-0.0	-0.0001486553248159583	0.26616802569876086	-0.0	0.0
HOPNTAL	2ombzl_c	-0.0	0.0	0.0	Inf	Inf
HOPNTAL	2omhmbl_c	-0.0	0.0	0.0	Inf	Inf
HOPNTAL	2ommbl_c	0.0	0.0	0.0	Inf	Inf
HOPNTAL	2omph_c	-0.0	0.0	0.26616802569876086	Inf	0.0
HOPNTAL	4mhetz_c	0.0	0.0	0.0	Inf	Inf
HOPNTAL	2oph_c	-0.0	-0.0001486553248159583	0.26616802569876086	-0.0	0.0
HOPNTAL	2oxpaccoa_c	-0.0	-0.00038397070397888644	0.0	-0.0	Inf
HOPNTAL	all__D_c	-0.0	-39.502562866629255	0.0	-0.0	Inf
HOPNTAL	alltn_c	-0.0	-0.47261742252135264	0.0	-0.0	Inf
HOPNTAL	4r5au_c	-0.0	-0.00029731064933002926	0.2000000000016371	-0.0	0.0
HOPNTAL	56dura_c	0.0	0.0	0.0	Inf	Inf
HOPNTAL	arab__L_c	-0.0	-47.403075439955096	0.0	-0.0	Inf
HOPNTAL	etoh_c	-0.0	-1000.0	0.0	-0.0	Inf
HOPNTAL	csn_c	-0.0	0.0	0.0	Inf	Inf
HOPNTAL	fald_c	-0.0	0.0	0.0	Inf	Inf
HOPNTAL	fc1p_c	-0.0	-0.47261742252135264	0.0	-0.0	Inf
HOPNTAL	fcl__L_c	-0.0	0.0	0.0	Inf	Inf
HOPNTAL	aso4_c	0.0	0.0	0.0	Inf	Inf
HOPNTAL	cyan_c	0.0	0.0	0.0	Inf	Inf
HOPNTAL	athtp_c	0.0	0.0	0.0	Inf	Inf
HOPNTAL	cytd_c	-0.0	-0.10700850231429895	0.0	-0.0	Inf
HOPNTAL	dad_2_c	-0.0	0.0	0.0	Inf	Inf
HOPNTAL	dad_5_c	-0.0	-0.07280044559468024	0.00014998855642865748	-0.0	0.0
HOPNTAL	betald_c	0.0	0.0	0.0	Inf	Inf
HOPNTAL	btal_c	-0.0	-1.8697743801768638	0.0	-0.0	Inf
HOPNTAL	for_c	-0.0	-0.07280044559468024	0.0016352085719581089	-0.0	0.0
HOPNTAL	dcyt_c	-0.0	-0.017442669188943338	0.0	-0.0	Inf
HOPNTAL	fru_c	-0.0	0.0	0.0	Inf	Inf
HOPNTAL	ca2_c	-0.0	-0.0034697352720058916	999.996530264728	-0.0	0.0
HOPNTAL	g3pe_c	-0.0	-0.09267826232517062	0.0	-0.0	Inf
HOPNTAL	g3pi_c	0.0	0.0	0.0	Inf	Inf
HOPNTAL	cbm_c	-0.0	-3.1999999999934516	0.0	-0.0	Inf
HOPNTAL	dha_c	-0.0	-79.00512573325848	0.0	-0.0	Inf
HOPNTAL	gal_c	-0.0	0.0	0.0	Inf	Inf
HOPNTAL	dhgly_c	-0.0	-0.0001486553248159583	0.8000000000065484	-0.0	0.0
HOPNTAL	dhmptp_c	0.0	0.0	0.0	Inf	Inf
HOPNTAL	gcald_c	-0.0	-0.47261742252135264	0.0004459659743361044	-0.0	0.0
HOPNTAL	dhptd_c	-0.0	-58.23906072351155	0.0002986438812121638	-0.0	0.0
HOPNTAL	cechddd_c	-1.0	-0.23630871126067632	0.0	-1.0	Inf
HOPNTAL	dhptdn_c	0.0	0.0	0.0	Inf	Inf
HOPNTAL	chol_c	0.0	0.0	0.0	Inf	Inf
HOPNTAL	chtbs6p_c	-0.0	0.0	0.0	Inf	Inf
HOPNTAL	dmbzid_c	0.0	0.0	0.0	Inf	Inf
HOPNTAL	dms_c	0.0	0.0	0.0	Inf	Inf
HOPNTAL	dmso_c	0.0	0.0	0.0	Inf	Inf
HOPNTAL	cl_c	-0.0	-0.0034697352720058916	999.996530264728	-0.0	0.0
HOPNTAL	glc__D_c	-0.0	-39.502562866629255	0.0	-0.0	Inf
HOPNTAL	co2_c	-0.0	-947.363502932722	52.636497067278015	-0.0	0.0
HOPNTAL	dscl_c	-0.0	-0.0001486553248159583	0.10050448002866118	-0.0	0.0
HOPNTAL	dtdp4aaddg_c	-0.0	0.0	0.0	Inf	Inf
HOPNTAL	glyald_c	-0.0	-1000.0	0.0	-0.0	Inf
HOPNTAL	crn_c	-0.0	-1000.0	0.0	-0.0	Inf
HOPNTAL	duri_c	-0.0	-0.017442669188943338	0.0	-0.0	Inf
HOPNTAL	glyb_c	0.0	0.0	0.0	Inf	Inf
HOPNTAL	glyc_c	-0.0	-67.71867919993585	0.0	-0.0	Inf
HOPNTAL	dxyl_c	0.0	0.0	0.0	Inf	Inf
HOPNTAL	glycogen_c	-0.0	-39.502562866629255	0.0	-0.0	Inf
HOPNTAL	gmhep1p_c	-0.0	0.0	4.074838739922438	Inf	0.0
HOPNTAL	lipa_cold_c	-0.0	0.0	0.0	Inf	Inf
HOPNTAL	lipidA_c	-0.0	-0.012969677128324975	0.028715565722474624	-0.0	0.0
HOPNTAL	malt_c	0.0	0.0	0.0	Inf	Inf
HOPNTAL	h2_c	-0.0	0.0	0.0	Inf	Inf
HOPNTAL	malthx_c	-0.0	0.0	0.0	Inf	Inf
HOPNTAL	maltpt_c	-0.0	0.0	0.0	Inf	Inf
HOPNTAL	malttr_c	-0.0	0.0	0.0	Inf	Inf
HOPNTAL	maltttr_c	-0.0	0.0	0.0	Inf	Inf
HOPNTAL	h2o2_c	-0.0	-98.42540072871884	0.0016672061320832654	-0.0	0.0
HOPNTAL	man_c	-0.0	0.0	0.0	Inf	Inf
HOPNTAL	mdhdhf_c	-0.0	-58.23906072351155	0.0002986438812121638	-0.0	0.0
HOPNTAL	melib_c	-0.0	0.0	0.0	Inf	Inf
HOPNTAL	meoh_c	-0.0	-999.9999986667684	1.3332315802472294e-06	-0.0	0.0
HOPNTAL	pacald_c	-0.0	-1000.0	0.0	-0.0	Inf
HOPNTAL	metsox_S__L_c	-0.0	0.0	0.0	Inf	Inf
HOPNTAL	mg2_c	-0.0	-0.005782892120082682	999.9942171078799	-0.0	0.0
HOPNTAL	hhlipa_c	-0.0	0.0	0.0	Inf	Inf
HOPNTAL	pe120_c	-0.0	0.0	0.0	Inf	Inf
HOPNTAL	mobd_c	-0.0	-8.599343901909694e-05	104.92709755300277	-0.0	0.0
HOPNTAL	hlipa_c	-0.0	0.0	0.0	Inf	Inf
HOPNTAL	pg120_c	-0.0	0.0	0.0	Inf	Inf
HOPNTAL	mql8_c	0.0	0.0	0.0	Inf	Inf
HOPNTAL	mqn8_c	-0.0	0.0	0.0	Inf	Inf
HOPNTAL	mthgxl_c	-0.0	0.0	7.357768444337973	Inf	0.0
HOPNTAL	hqn_c	0.0	0.0	0.0	Inf	Inf
HOPNTAL	mththf_c	-0.0	-999.9997013561187	0.0002986438812121638	-0.0	0.0
HOPNTAL	n2o_c	-0.0	-1000.0	0.0	-0.0	Inf
HOPNTAL	na1_c	-0.0	0.0	0.0	Inf	Inf
HOPNTAL	nac_c	-0.0	0.0	0.0	Inf	Inf
HOPNTAL	ncam_c	-0.0	0.0	0.0	Inf	Inf
HOPNTAL	ni2_c	-0.0	-0.00021531690545091716	999.9997846830945	-0.0	0.0
HOPNTAL	no_c	-0.0	-1000.0	0.0	-0.0	Inf
HOPNTAL	indole_c	-0.0	-0.03789244228032967	0.8000000000065484	-0.0	0.0
HOPNTAL	no2_c	-0.0	-1000.0	0.0	-0.0	Inf
HOPNTAL	no3_c	0.0	0.0	0.0	Inf	Inf
HOPNTAL	inost_c	0.0	0.0	0.0	Inf	Inf
HOPNTAL	o2_c	-0.0	-49.21270036435942	950.7872996356406	-0.0	0.0
HOPNTAL	poaac_c	-0.0	-3.1999999999934516	0.0	-0.0	Inf
HOPNTAL	ppal_c	-0.0	0.0	0.0	Inf	Inf
HOPNTAL	k_c	-0.0	-0.1301187390887435	419.70839021201107	-0.0	0.0
HOPNTAL	psclys_c	-0.0	0.0	0.0	Inf	Inf
HOPNTAL	lald__D_c	-0.0	0.0	7.357768444337973	Inf	0.0
HOPNTAL	lald__L_c	-0.0	-0.47261742252135264	0.0	-0.0	Inf
HOPNTAL	ura_c	-0.0	0.0	0.0	Inf	Inf
HOPNTAL	pydx_c	-0.0	0.0	0.8000000000065484	Inf	0.0
HOPNTAL	uracp_c	-0.0	-1.5999999999967258	0.0	-0.0	Inf
HOPNTAL	pydxn_c	-0.0	0.0	0.8000000000065484	Inf	0.0
HOPNTAL	urate_c	-0.0	-0.47261742252135264	0.0	-0.0	Inf
HOPNTAL	q8_c	-0.0	0.0	0.0	Inf	Inf
HOPNTAL	q8h2_c	0.0	0.0	0.0	Inf	Inf
HOPNTAL	urea_c	-0.0	-1000.0	0.0	-0.0	Inf
HOPNTAL	uri_c	-0.0	0.0	0.0	Inf	Inf
HOPNTAL	rbflvrd_c	-0.0	0.0	0.03640022279734012	Inf	0.0
HOPNTAL	rbl__L_c	-0.0	-47.403075439955096	0.0	-0.0	Inf
HOPNTAL	rdmbzi_c	0.0	0.0	0.0	Inf	Inf
HOPNTAL	thptdn_c	0.0	0.0	0.0	Inf	Inf
HOPNTAL	xan_c	-0.0	0.0	0.0	Inf	Inf
HOPNTAL	rephaccoa_c	-0.0	-0.00038397070397888644	0.0	-0.0	Inf
HOPNTAL	rib__D_c	-0.0	0.0	5.995834145885873	Inf	0.0
HOPNTAL	xtsn_c	-0.0	0.0	0.0	Inf	Inf
HOPNTAL	rml_c	-0.0	-0.47261742252135264	0.0	-0.0	Inf
HOPNTAL	thym_c	-0.0	0.0	0.0	Inf	Inf
HOPNTAL	thymd_c	-0.0	-0.017442669188943338	0.0	-0.0	Inf
HOPNTAL	xu5p__L_c	-0.0	-0.6430382718918963	0.0	-0.0	Inf
HOPNTAL	rmn_c	-0.0	-0.47261742252135264	0.0	-0.0	Inf
HOPNTAL	xyl__D_c	0.0	0.0	0.0	Inf	Inf
HOPNTAL	tmao_c	0.0	0.0	0.0	Inf	Inf
HOPNTAL	xylu__D_c	-0.0	0.0	0.0	Inf	Inf
HOPNTAL	xylu__L_c	-0.0	-47.403075439955096	0.0	-0.0	Inf
HOPNTAL	12ppd__R_e	-0.0	-1000.0	0.0	-0.0	Inf
HOPNTAL	12ppd__S_e	-0.0	-1000.0	0.0	-0.0	Inf
HOPNTAL	tre_c	-0.0	-19.751281433314627	0.0	-0.0	Inf
HOPNTAL	seln_c	0.0	0.0	0.0	Inf	Inf
HOPNTAL	34dhpac_e	-0.0	-1000.0	0.0	-0.0	Inf
HOPNTAL	slnt_c	0.0	0.0	0.0	Inf	Inf
HOPNTAL	so2_c	0.0	0.0	0.0	Inf	Inf
HOPNTAL	so3_c	-0.0	-0.16523539315090652	20.985419510600554	-0.0	0.0
HOPNTAL	so4_c	-0.0	-0.16812717251885104	419.70839021201107	-0.0	0.0
HOPNTAL	4hoxpacd_e	-0.0	-1000.0	0.0	-0.0	Inf
HOPNTAL	5mtr_e	-0.0	-1000.0	0.0	-0.0	Inf
HOPNTAL	LalaDgluMdap_e	-0.0	-1000.0	0.0	-0.0	Inf
HOPNTAL	ac_e	-0.0	0.0	0.0	Inf	Inf
HOPNTAL	acald_e	-0.0	-1000.0	0.0	-0.0	Inf
HOPNTAL	acgal_e	-0.0	-1000.0	0.0	-0.0	Inf
HOPNTAL	acgam_e	-0.0	-1000.0	0.0	-0.0	Inf
HOPNTAL	acmana_e	-0.0	-1000.0	0.0	-0.0	Inf
HOPNTAL	tagur_c	-0.0	0.0	0.0	Inf	Inf
HOPNTAL	tartr__L_c	-0.0	-0.47261742252135264	0.0	-0.0	Inf
HOPNTAL	ade_e	-0.0	-1000.0	0.0	-0.0	Inf
HOPNTAL	adn_e	-0.0	-1000.0	0.0	-0.0	Inf
HOPNTAL	all__D_e	-0.0	-1000.0	0.0	-0.0	Inf
HOPNTAL	cl_e	-0.0	-0.0034697352720058916	999.996530264728	-0.0	0.0
HOPNTAL	alltn_e	-0.0	0.0	0.0	Inf	Inf
HOPNTAL	cm_e	-0.0	-1000.0	0.0	-0.0	Inf
HOPNTAL	co2_e	-0.0	-947.363502932722	52.636497067278015	-0.0	0.0
HOPNTAL	arab__L_e	-0.0	-1000.0	0.0	-0.0	Inf
HOPNTAL	arbt_e	-0.0	-1000.0	0.0	-0.0	Inf
HOPNTAL	unagamu_c	-0.0	0.0	0.2102219555525135	Inf	0.0
HOPNTAL	crn_e	-0.0	-1000.0	0.0	-0.0	Inf
HOPNTAL	csn_e	-0.0	-1000.0	0.0	-0.0	Inf
HOPNTAL	cyan_e	-0.0	-1000.0	0.0	-0.0	Inf
HOPNTAL	glyb_e	-0.0	-1000.0	0.0	-0.0	Inf
HOPNTAL	glyc_e	-0.0	-1000.0	0.0	-0.0	Inf
HOPNTAL	cytd_e	-0.0	-1000.0	0.0	-0.0	Inf
HOPNTAL	ca2_e	-0.0	-0.0034697352720058916	999.996530264728	-0.0	0.0
HOPNTAL	dad_2_e	-0.0	-1000.0	0.0	-0.0	Inf
HOPNTAL	dcyt_e	-0.0	-1000.0	0.0	-0.0	Inf
HOPNTAL	chol_e	-0.0	-1000.0	0.0	-0.0	Inf
HOPNTAL	dha_e	-0.0	-1000.0	0.0	-0.0	Inf
HOPNTAL	ppal_e	-0.0	-1000.0	0.0	-0.0	Inf
HOPNTAL	h2_e	-0.0	-1000.0	0.0	-0.0	Inf
HOPNTAL	dms_e	-0.0	-1000.0	0.0	-0.0	Inf
HOPNTAL	dmso_e	-0.0	-1000.0	0.0	-0.0	Inf
HOPNTAL	h2o2_e	-0.0	-1000.0	0.0	-0.0	Inf
HOPNTAL	psclys_e	-0.0	-1000.0	0.0	-0.0	Inf
HOPNTAL	duri_e	-0.0	-1000.0	0.0	-0.0	Inf
HOPNTAL	pydx_e	-0.0	-1000.0	0.0	-0.0	Inf
HOPNTAL	pydxn_e	-0.0	-1000.0	0.0	-0.0	Inf
HOPNTAL	etoh_e	-0.0	-1000.0	0.0	-0.0	Inf
HOPNTAL	fald_e	-0.0	0.0	0.0	Inf	Inf
HOPNTAL	rib__D_e	-0.0	-1000.0	0.0	-0.0	Inf
HOPNTAL	rmn_e	-0.0	-1000.0	0.0	-0.0	Inf
HOPNTAL	indole_e	-0.0	-1000.0	0.0	-0.0	Inf
HOPNTAL	inost_e	-0.0	-1000.0	0.0	-0.0	Inf
HOPNTAL	sbt__D_e	-0.0	-36.46390418458085	0.0	-0.0	Inf
HOPNTAL	k_e	-0.0	-0.1301187390887435	999.8698812609113	-0.0	0.0
HOPNTAL	for_e	-0.0	0.0	0.0016352085719581089	Inf	0.0
HOPNTAL	slnt_e	-0.0	0.0	1000.0	Inf	0.0
HOPNTAL	fru_e	-0.0	-1000.0	0.0	-0.0	Inf
HOPNTAL	so2_e	-0.0	-1000.0	0.0	-0.0	Inf
HOPNTAL	so3_e	-0.0	-1000.0	0.0	-0.0	Inf
HOPNTAL	so4_e	-0.0	-0.16812717251889353	999.8318728274811	-0.0	0.0
HOPNTAL	lipa_cold_e	-0.0	-1000.0	0.0	-0.0	Inf
HOPNTAL	sucr_e	-0.0	-1000.0	0.0	-0.0	Inf
HOPNTAL	g3pe_e	-0.0	-1000.0	0.0	-0.0	Inf
HOPNTAL	malt_e	-0.0	-1000.0	0.0	-0.0	Inf
HOPNTAL	tartr__L_e	-0.0	-1000.0	0.0	-0.0	Inf
HOPNTAL	g3pi_e	-0.0	-1000.0	0.0	-0.0	Inf
HOPNTAL	malthx_e	-0.0	-1000.0	0.0	-0.0	Inf
HOPNTAL	maltpt_e	-0.0	-1000.0	0.0	-0.0	Inf
HOPNTAL	gal_e	-0.0	-1000.0	0.0	-0.0	Inf
HOPNTAL	gal_bD_e	-0.0	-1000.0	0.0	-0.0	Inf
HOPNTAL	malttr_e	-0.0	-1000.0	0.0	-0.0	Inf
HOPNTAL	maltttr_e	-0.0	-1000.0	0.0	-0.0	Inf
HOPNTAL	man_e	-0.0	-1000.0	0.0	-0.0	Inf
HOPNTAL	thym_e	-0.0	-1000.0	0.0	-0.0	Inf
HOPNTAL	thymd_e	-0.0	-1000.0	0.0	-0.0	Inf
HOPNTAL	galt_e	-0.0	-36.46390418458085	0.0	-0.0	Inf
HOPNTAL	melib_e	-0.0	-1000.0	0.0	-0.0	Inf
HOPNTAL	meoh_e	-0.0	-999.9999986667684	1.3332315802472294e-06	-0.0	0.0
HOPNTAL	tmao_e	-0.0	-1000.0	0.0	-0.0	Inf
HOPNTAL	tre_e	-0.0	-1000.0	0.0	-0.0	Inf
HOPNTAL	metsox_S__L_e	-0.0	-1000.0	0.0	-0.0	Inf
HOPNTAL	glc__D_e	-0.0	-39.502562866629255	5.522478818579094	-0.0	0.0
HOPNTAL	mg2_e	-0.0	-0.005782892120123506	999.9942171078799	-0.0	0.0
HOPNTAL	mnl_e	-0.0	-1000.0	0.0	-0.0	Inf
HOPNTAL	mobd_e	-0.0	-8.59934390291528e-05	999.999914006561	-0.0	0.0
HOPNTAL	glyald_e	-0.0	-1000.0	0.0	-0.0	Inf
HOPNTAL	n2o_e	-0.0	-1000.0	0.0	-0.0	Inf
HOPNTAL	na1_e	-0.0	0.0	1000.0	Inf	0.0
HOPNTAL	nac_e	-0.0	-1000.0	0.0	-0.0	Inf
HOPNTAL	ni2_e	-0.0	-0.0002153169054963655	999.9997846830945	-0.0	0.0
HOPNTAL	no_e	-0.0	-1000.0	0.0	-0.0	Inf
HOPNTAL	no2_e	-0.0	-1000.0	0.0	-0.0	Inf
HOPNTAL	ura_e	-0.0	-1000.0	0.0	-0.0	Inf
HOPNTAL	no3_e	-0.0	-1000.0	0.0	-0.0	Inf
HOPNTAL	urea_e	-0.0	-1000.0	0.0	-0.0	Inf
HOPNTAL	novbcn_e	-0.0	-1000.0	0.0	-0.0	Inf
HOPNTAL	uri_e	-0.0	-1000.0	0.0	-0.0	Inf
HOPNTAL	o2_e	-0.0	-49.21270036435942	950.7872996356406	-0.0	0.0
HOPNTAL	xan_e	-0.0	0.0	0.0	Inf	Inf
HOPNTAL	xtsn_e	-0.0	-1000.0	0.0	-0.0	Inf
HOPNTAL	xyl__D_e	-0.0	-1000.0	0.0	-0.0	Inf
HOPNTAL	xylu__L_e	-0.0	-1000.0	0.0	-0.0	Inf
HOPNTAL	pacald_e	-0.0	-1000.0	0.0	-0.0	Inf
HOPNTAL	12dgr120_p	-0.0	0.0	0.0	Inf	Inf
HOPNTAL	12dgr140_p	-0.0	0.0	0.0	Inf	Inf
HOPNTAL	12dgr160_p	-0.0	-0.042539421066392656	0.0	-0.0	Inf
HOPNTAL	12dgr180_p	-0.0	0.0	0.0	Inf	Inf
HOPNTAL	12ppd__R_p	-0.0	-1000.0	0.0	-0.0	Inf
HOPNTAL	12ppd__S_p	-0.0	0.0	0.0	Inf	Inf
HOPNTAL	chol_p	-0.0	-1000.0	0.0	-0.0	Inf
HOPNTAL	cl_p	-0.0	-0.0034697352720058916	999.996530264728	-0.0	0.0
HOPNTAL	34dhpac_p	-0.0	-1000.0	0.0	-0.0	Inf
HOPNTAL	cm_p	-0.0	0.0	0.0	Inf	Inf
HOPNTAL	4hoxpacd_p	-0.0	-1000.0	0.0	-0.0	Inf
HOPNTAL	co2_p	-0.0	-947.363502932722	52.636497067278015	-0.0	0.0
HOPNTAL	5mtr_p	-0.0	-1000.0	0.0	-0.0	Inf
HOPNTAL	LalaDgluMdap_p	-0.0	0.0	0.0	Inf	Inf
HOPNTAL	gal_p	-0.0	-1000.0	0.0	-0.0	Inf
HOPNTAL	ac_p	-0.0	-2.129344205590087	0.0	-0.0	Inf
HOPNTAL	crn_p	-0.0	-1000.0	0.0	-0.0	Inf
HOPNTAL	gal_bD_p	-0.0	-1000.0	0.0	-0.0	Inf
HOPNTAL	acald_p	-0.0	-1000.0	0.0	-0.0	Inf
HOPNTAL	acgal_p	-0.0	-1000.0	0.0	-0.0	Inf
HOPNTAL	csn_p	-0.0	0.0	0.0	Inf	Inf
HOPNTAL	acgam_p	-0.0	-1000.0	0.0	-0.0	Inf
HOPNTAL	galt_p	-0.0	-36.46390418458085	0.0	-0.0	Inf
HOPNTAL	acmana_p	-0.0	-1000.0	0.0	-0.0	Inf
HOPNTAL	cyan_p	-0.0	0.0	0.0	Inf	Inf
HOPNTAL	ade_p	-0.0	-1000.0	0.0	-0.0	Inf
HOPNTAL	adn_p	-0.0	0.0	0.16000000000130968	Inf	0.0
HOPNTAL	cytd_p	-0.0	-0.10700850231429895	0.0	-0.0	Inf
HOPNTAL	glc__D_p	-0.0	-39.502562866629255	5.522478818579094	-0.0	0.0
HOPNTAL	dad_2_p	-0.0	-1000.0	0.0	-0.0	Inf
HOPNTAL	dcyt_p	-0.0	-1000.0	0.0	-0.0	Inf
HOPNTAL	all__D_p	-0.0	0.0	0.0	Inf	Inf
HOPNTAL	alltn_p	-0.0	0.0	0.0	Inf	Inf
HOPNTAL	dha_p	-0.0	-1000.0	0.0	-0.0	Inf
HOPNTAL	glyald_p	-0.0	-1000.0	0.0	-0.0	Inf
HOPNTAL	glyb_p	0.0	0.0	0.0	Inf	Inf
HOPNTAL	dms_p	-0.0	-1000.0	0.0	-0.0	Inf
HOPNTAL	glyc_p	-0.0	-67.71867919993585	0.0	-0.0	Inf
HOPNTAL	dmso_p	-0.0	-1000.0	0.0	-0.0	Inf
HOPNTAL	arab__L_p	-0.0	0.0	0.0	Inf	Inf
HOPNTAL	arbt_p	0.0	0.0	0.0	Inf	Inf
HOPNTAL	ca2_p	-0.0	-0.0034697352720058916	999.996530264728	-0.0	0.0
HOPNTAL	duri_p	-0.0	-1000.0	0.0	-0.0	Inf
HOPNTAL	h2_p	-0.0	-1000.0	0.0	-0.0	Inf
HOPNTAL	h2o2_p	-0.0	-1000.0	0.0	-0.0	Inf
HOPNTAL	etoh_p	-0.0	-1000.0	0.0	-0.0	Inf
HOPNTAL	fald_p	-0.0	0.0	0.0	Inf	Inf
HOPNTAL	n2o_p	-0.0	-1000.0	0.0	-0.0	Inf
HOPNTAL	na1_p	-0.0	0.0	0.0	Inf	Inf
HOPNTAL	indole_p	-0.0	0.0	0.8000000000065484	Inf	0.0
HOPNTAL	nac_p	-0.0	-1000.0	0.0	-0.0	Inf
HOPNTAL	ni2_p	-0.0	-0.0002153169054963655	999.9997846830945	-0.0	0.0
HOPNTAL	inost_p	-0.0	-1000.0	0.0	-0.0	Inf
HOPNTAL	no_p	-0.0	-1000.0	0.0	-0.0	Inf
HOPNTAL	no2_p	-0.0	-1000.0	0.0	-0.0	Inf
HOPNTAL	for_p	-0.0	0.0	0.0016352085719581089	Inf	0.0
HOPNTAL	fru_p	-0.0	-1000.0	0.0	-0.0	Inf
HOPNTAL	no3_p	-0.0	0.0	0.0	Inf	Inf
HOPNTAL	k_p	-0.0	-0.1301187390887435	999.8698812609113	-0.0	0.0
HOPNTAL	novbcn_p	-0.0	0.0	0.0	Inf	Inf
HOPNTAL	o2_p	-0.0	-49.21270036435942	950.7872996356406	-0.0	0.0
HOPNTAL	lipa_cold_p	-0.0	-104.92709755300277	0.0	-0.0	Inf
HOPNTAL	g3pe_p	-0.0	0.0	0.0	Inf	Inf
HOPNTAL	g3pi_p	-0.0	0.0	0.0	Inf	Inf
HOPNTAL	so3_p	-0.0	-1000.0	0.0	-0.0	Inf
HOPNTAL	so4_p	-0.0	-0.16812717251885104	999.8318728274811	-0.0	0.0
HOPNTAL	malt_p	0.0	0.0	0.0	Inf	Inf
HOPNTAL	malthx_p	0.0	0.0	0.0	Inf	Inf
HOPNTAL	maltpt_p	0.0	0.0	0.0	Inf	Inf
HOPNTAL	sucr_p	-0.0	-1000.0	0.0	-0.0	Inf
HOPNTAL	malttr_p	0.0	0.0	0.0	Inf	Inf
HOPNTAL	maltttr_p	0.0	0.0	0.0	Inf	Inf
HOPNTAL	pacald_p	-0.0	-1000.0	0.0	-0.0	Inf
HOPNTAL	man_p	-0.0	-1000.0	0.0	-0.0	Inf
HOPNTAL	tartr__L_p	-0.0	-1000.0	0.0	-0.0	Inf
HOPNTAL	pe120_p	-0.0	0.0	0.0	Inf	Inf
HOPNTAL	melib_p	-0.0	-1000.0	0.0	-0.0	Inf
HOPNTAL	meoh_p	-0.0	-999.9999986667684	1.3332315802472294e-06	-0.0	0.0
HOPNTAL	thym_p	-0.0	-1000.0	0.0	-0.0	Inf
HOPNTAL	thymd_p	-0.0	-0.017442669188943338	0.0	-0.0	Inf
HOPNTAL	pg120_p	-0.0	0.0	0.0	Inf	Inf
HOPNTAL	metsox_S__L_p	-0.0	-1000.0	0.0	-0.0	Inf
HOPNTAL	tmao_p	-0.0	-1000.0	0.0	-0.0	Inf
HOPNTAL	mg2_p	-0.0	-0.005782892120082682	999.9942171078799	-0.0	0.0
HOPNTAL	tre_p	-0.0	0.0	0.0	Inf	Inf
HOPNTAL	mnl_p	-0.0	0.0	0.0	Inf	Inf
HOPNTAL	mobd_p	-0.0	-8.59934390291528e-05	999.999914006561	-0.0	0.0
HOPNTAL	ura_p	-0.0	-1000.0	0.0	-0.0	Inf
HOPNTAL	urea_p	-0.0	-1000.0	0.0	-0.0	Inf
HOPNTAL	uri_p	-0.0	0.0	0.0	Inf	Inf
HOPNTAL	xan_p	-0.0	0.0	0.0	Inf	Inf
HOPNTAL	xtsn_p	-0.0	0.0	0.0	Inf	Inf
HOPNTAL	xyl__D_p	-0.0	0.0	0.0	Inf	Inf
HOPNTAL	xylu__L_p	-0.0	-1000.0	0.0	-0.0	Inf
HOPNTAL	ppal_p	-0.0	-1000.0	0.0	-0.0	Inf
HOPNTAL	psclys_p	-0.0	-1000.0	0.0	-0.0	Inf
HOPNTAL	pydx_p	-0.0	0.0	0.0	Inf	Inf
HOPNTAL	pydxn_p	-0.0	0.0	0.0	Inf	Inf
HOPNTAL	rib__D_p	-0.0	-1000.0	0.0	-0.0	Inf
HOPNTAL	rmn_p	-0.0	-1000.0	0.0	-0.0	Inf
HOPNTAL	sbt__D_p	-0.0	-36.46390418458085	0.0	-0.0	Inf
HOPNTAL	slnt_p	-0.0	0.0	0.0	Inf	Inf
HOPNTAL	so2_p	-0.0	-1000.0	0.0	-0.0	Inf
