Reaction	Metabolite	ShadowPrice	G-	G+	DecrementalShadowPrice	IncrementalShadowPrice
HPYRI_f	12dgr120_c	-0.0	0.0	0.0	Inf	Inf
HPYRI_f	12dgr140_c	-0.0	0.0	0.0	Inf	Inf
HPYRI_f	12dgr160_c	-0.0	-0.042539421066392656	0.0	-0.0	Inf
HPYRI_f	12dgr180_c	-0.0	0.0	0.0	Inf	Inf
HPYRI_f	12ppd__R_c	-0.0	-1000.0	0.0	-0.0	Inf
HPYRI_f	12ppd__S_c	-0.0	0.0	0.0	Inf	Inf
HPYRI_f	5drib_c	-0.0	-999.9998500114435	0.00014998855642865748	-0.0	0.0
HPYRI_f	5mta_c	-0.0	-0.07443565416724596	0.0	-0.0	Inf
HPYRI_f	23dhacoa_c	-0.0	-0.0003839707044336338	0.0	-0.0	Inf
HPYRI_f	5mtr_c	-0.0	-424.2040002501682	0.0	-0.0	Inf
HPYRI_f	3amac_c	-0.0	-1.9930154217836389	0.0	-0.0	Inf
HPYRI_f	LalaDgluMdap_c	-0.0	-0.01852392002684237	0.0	-0.0	Inf
HPYRI_f	ac_c	-0.0	-16.315538471160316	0.38835436999977446	-0.0	0.0
HPYRI_f	acald_c	-0.0	-11.78344445139356	4.896956972915575	-0.0	0.0
HPYRI_f	acetol_c	-0.0	0.0	0.0026024681079887943	Inf	0.0
HPYRI_f	acgam_c	-0.0	-0.0629871943103492	0.0	-0.0	Inf
HPYRI_f	acgam6p_c	-0.0	-0.0629871943103492	0.0	-0.0	Inf
HPYRI_f	acmalt_c	0.0	0.0	0.0	Inf	Inf
HPYRI_f	acmana_c	-0.0	-0.0629871943103492	0.0	-0.0	Inf
HPYRI_f	2dmmq8_c	-0.0	0.0	0.0	Inf	Inf
HPYRI_f	2dmmql8_c	0.0	0.0	0.0	Inf	Inf
HPYRI_f	ade_c	-0.0	-0.07443565416724596	0.0004486324376408213	-0.0	0.0
HPYRI_f	adn_c	-0.0	0.0	0.0004486324376408213	Inf	0.0
HPYRI_f	3sala_c	0.0	0.0	0.0	Inf	Inf
HPYRI_f	adphep_DD_c	-0.0	0.0	0.0	Inf	Inf
HPYRI_f	adphep_LD_c	-0.0	0.0	0.0	Inf	Inf
HPYRI_f	4ahmmp_c	0.0	0.0	0.0	Inf	Inf
HPYRI_f	4crsol_c	-0.0	-999.9998513446752	0.0001486553248159583	-0.0	0.0
HPYRI_f	2ohph_c	-0.0	-0.0001486553248159583	0.3583139248474811	-0.0	0.0
HPYRI_f	2ombzl_c	-0.0	0.0	0.0	Inf	Inf
HPYRI_f	2omhmbl_c	-0.0	0.0	0.0	Inf	Inf
HPYRI_f	2ommbl_c	0.0	0.0	0.0	Inf	Inf
HPYRI_f	2omph_c	-0.0	0.0	0.32646379819437166	Inf	0.0
HPYRI_f	4mhetz_c	0.0	0.0	0.0	Inf	Inf
HPYRI_f	2oph_c	-0.0	-0.0001486553248159583	0.3583139248474811	-0.0	0.0
HPYRI_f	2oxpaccoa_c	-0.0	-0.0003839707044336338	0.0	-0.0	Inf
HPYRI_f	all__D_c	-0.0	-2.7230149107116155	0.0	-0.0	Inf
HPYRI_f	alltn_c	-0.0	0.0	0.0	Inf	Inf
HPYRI_f	4r5au_c	-0.0	-0.0002973106494809729	0.20000000000135287	-0.0	0.0
HPYRI_f	56dura_c	0.0	0.0	0.0	Inf	Inf
HPYRI_f	arab__L_c	-0.0	-0.3946545559854257	0.0	-0.0	Inf
HPYRI_f	etoh_c	-0.0	-1000.0	0.0	-0.0	Inf
HPYRI_f	csn_c	-0.0	0.0	0.0	Inf	Inf
HPYRI_f	fald_c	-0.0	0.0	0.0	Inf	Inf
HPYRI_f	fc1p_c	-0.0	-0.6430382718932409	0.0	-0.0	Inf
HPYRI_f	fcl__L_c	-0.0	0.0	0.0	Inf	Inf
HPYRI_f	aso4_c	0.0	0.0	0.0	Inf	Inf
HPYRI_f	cyan_c	0.0	0.0	0.0	Inf	Inf
HPYRI_f	athtp_c	0.0	0.0	0.0	Inf	Inf
HPYRI_f	cytd_c	-0.0	-0.10700850231429897	0.0	-0.0	Inf
HPYRI_f	dad_2_c	-0.0	-0.07443565416724596	0.0	-0.0	Inf
HPYRI_f	dad_5_c	-0.0	-0.07443565416724596	0.00014998855642865748	-0.0	0.0
HPYRI_f	betald_c	0.0	0.0	0.0	Inf	Inf
HPYRI_f	btal_c	-0.0	-1.87497931639939	0.0	-0.0	Inf
HPYRI_f	for_c	-0.0	-70.70066670836137	0.0016352085724109398	-0.0	0.0
HPYRI_f	dcyt_c	-0.0	-0.01744266918899484	0.0	-0.0	Inf
HPYRI_f	fru_c	-0.0	0.0	0.0	Inf	Inf
HPYRI_f	ca2_c	-0.0	-0.0034697352720058916	424.2040002501682	-0.0	0.0
HPYRI_f	g3pe_c	-0.0	0.0	0.0	Inf	Inf
HPYRI_f	g3pi_c	0.0	0.0	0.0	Inf	Inf
HPYRI_f	cbm_c	-0.0	-1.9930154217836389	0.0	-0.0	Inf
HPYRI_f	dha_c	-0.0	-7.105613701314724	6.696686252829895	-0.0	0.0
HPYRI_f	gal_c	-0.0	0.0	0.0	Inf	Inf
HPYRI_f	dhgly_c	-0.0	-0.0001486553248159583	0.8000000000054115	-0.0	0.0
HPYRI_f	dhmptp_c	0.0	0.0	0.0	Inf	Inf
HPYRI_f	gcald_c	-0.0	-16.968160010006727	0.0004459659743361044	-0.0	0.0
HPYRI_f	dhptd_c	-0.0	-58.24166319162348	0.0002986438812121638	-0.0	0.0
HPYRI_f	cechddd_c	-0.0	0.0	0.0	Inf	Inf
HPYRI_f	dhptdn_c	0.0	0.0	0.0	Inf	Inf
HPYRI_f	chol_c	0.0	0.0	0.0	Inf	Inf
HPYRI_f	chtbs6p_c	-0.0	0.0	0.0	Inf	Inf
HPYRI_f	dmbzid_c	0.0	0.0	0.0	Inf	Inf
HPYRI_f	dms_c	0.0	0.0	0.0	Inf	Inf
HPYRI_f	dmso_c	0.0	0.0	0.0	Inf	Inf
HPYRI_f	cl_c	-0.0	-0.0034697352720058916	848.4080005003364	-0.0	0.0
HPYRI_f	glc__D_c	-0.0	-2.7230149107116155	0.0	-0.0	Inf
HPYRI_f	co2_c	-0.0	-947.3635029327298	52.63486185869772	-0.0	0.0
HPYRI_f	dscl_c	-0.0	-0.0001486553248159583	0.17045266512721727	-0.0	0.0
HPYRI_f	dtdp4aaddg_c	-0.0	0.0	0.0	Inf	Inf
HPYRI_f	glyald_c	-0.0	-1000.0	0.0	-0.0	Inf
HPYRI_f	crn_c	-0.0	-424.2040002501682	0.0	-0.0	Inf
HPYRI_f	duri_c	-0.0	-0.01744266918899484	0.0	-0.0	Inf
HPYRI_f	glyb_c	0.0	0.0	0.0	Inf	Inf
HPYRI_f	glyc_c	-0.0	-0.09267826232517062	0.0	-0.0	Inf
HPYRI_f	dxyl_c	0.0	0.0	0.0	Inf	Inf
HPYRI_f	glycogen_c	-0.0	-2.7230149107116155	0.0	-0.0	Inf
HPYRI_f	gmhep1p_c	-0.0	0.0	0.39465455598542587	Inf	0.0
HPYRI_f	lipa_cold_c	-0.0	0.0	0.0	Inf	Inf
HPYRI_f	lipidA_c	-0.0	-0.012969677128324975	0.2720531651619764	-0.0	0.0
HPYRI_f	malt_c	0.0	0.0	0.0	Inf	Inf
HPYRI_f	h2_c	-0.0	0.0	0.0	Inf	Inf
HPYRI_f	malthx_c	-0.0	0.0	0.0	Inf	Inf
HPYRI_f	maltpt_c	-0.0	0.0	0.0	Inf	Inf
HPYRI_f	malttr_c	-0.0	0.0	0.0	Inf	Inf
HPYRI_f	maltttr_c	-0.0	0.0	0.0	Inf	Inf
HPYRI_f	h2o2_c	-0.0	-0.0026024681079887943	16.59634242720886	-0.0	0.0
HPYRI_f	man_c	-0.0	0.0	0.0	Inf	Inf
HPYRI_f	mdhdhf_c	-0.0	-58.24166319162348	0.0002986438812121638	-0.0	0.0
HPYRI_f	melib_c	-0.0	0.0	0.0	Inf	Inf
HPYRI_f	meoh_c	-0.0	-999.9999986667684	1.3332315802472294e-06	-0.0	0.0
HPYRI_f	pacald_c	-0.0	-424.2040002501682	0.0	-0.0	Inf
HPYRI_f	metsox_S__L_c	-0.0	0.0	0.0	Inf	Inf
HPYRI_f	mg2_c	-0.0	-0.005782892120082682	212.1020001250841	-0.0	0.0
HPYRI_f	hhlipa_c	-0.0	0.0	0.0	Inf	Inf
HPYRI_f	pe120_c	-0.0	0.0	0.0	Inf	Inf
HPYRI_f	mobd_c	-0.0	-8.599343901909694e-05	143.94899993745796	-0.0	0.0
HPYRI_f	hlipa_c	-0.0	0.0	0.0	Inf	Inf
HPYRI_f	pg120_c	-0.0	0.0	0.0	Inf	Inf
HPYRI_f	mql8_c	0.0	0.0	0.0	Inf	Inf
HPYRI_f	mqn8_c	-0.0	0.0	0.0	Inf	Inf
HPYRI_f	mthgxl_c	-0.0	0.0	0.0026024681079887943	Inf	0.0
HPYRI_f	hqn_c	0.0	0.0	0.0	Inf	Inf
HPYRI_f	mththf_c	-0.0	-999.9997013561187	0.0002986438812121638	-0.0	0.0
HPYRI_f	n2o_c	-0.0	-1000.0	0.0	-0.0	Inf
HPYRI_f	na1_c	-0.0	0.0	0.0	Inf	Inf
HPYRI_f	nac_c	-0.0	0.0	0.0	Inf	Inf
HPYRI_f	ncam_c	-0.0	0.0	0.0	Inf	Inf
HPYRI_f	ni2_c	-0.0	-0.00021531690545091716	999.9997846830945	-0.0	0.0
HPYRI_f	no_c	-0.0	-1000.0	0.0	-0.0	Inf
HPYRI_f	indole_c	-0.0	-0.03789244228032967	0.8000000000054115	-0.0	0.0
HPYRI_f	no2_c	-0.0	-424.2040002501682	0.0	-0.0	Inf
HPYRI_f	no3_c	0.0	0.0	0.0	Inf	Inf
HPYRI_f	inost_c	0.0	0.0	0.0	Inf	Inf
HPYRI_f	o2_c	-0.0	-49.21400159840413	950.7859984015959	-0.0	0.0
HPYRI_f	poaac_c	-0.0	-1.9930154217836389	0.0	-0.0	Inf
HPYRI_f	ppal_c	-0.0	0.0	0.0	Inf	Inf
HPYRI_f	k_c	-0.0	-0.1301187390887435	575.7959997498318	-0.0	0.0
HPYRI_f	psclys_c	-0.0	0.0	0.0	Inf	Inf
HPYRI_f	lald__D_c	-0.0	0.0	0.0026024681079887943	Inf	0.0
HPYRI_f	lald__L_c	-0.0	-9.025617026599322	0.0	-0.0	Inf
HPYRI_f	ura_c	-0.0	0.0	0.0	Inf	Inf
HPYRI_f	pydx_c	-0.0	0.0	0.39465455598542576	Inf	0.0
HPYRI_f	uracp_c	-0.0	-0.9965077108918194	0.0	-0.0	Inf
HPYRI_f	pydxn_c	-0.0	0.0	0.39465455598542576	Inf	0.0
HPYRI_f	urate_c	-0.0	0.0	0.0	Inf	Inf
HPYRI_f	q8_c	-0.0	0.0	0.0	Inf	Inf
HPYRI_f	q8h2_c	0.0	0.0	0.0	Inf	Inf
HPYRI_f	urea_c	-0.0	0.0	0.40000000000270575	Inf	0.0
HPYRI_f	uri_c	-0.0	0.0	0.0	Inf	Inf
HPYRI_f	rbflvrd_c	-0.0	0.0	0.20000000000135287	Inf	0.0
HPYRI_f	rbl__L_c	-0.0	-0.3946545559854257	0.0	-0.0	Inf
HPYRI_f	rdmbzi_c	0.0	0.0	0.0	Inf	Inf
HPYRI_f	thptdn_c	0.0	0.0	0.0	Inf	Inf
HPYRI_f	xan_c	-0.0	0.0	0.0	Inf	Inf
HPYRI_f	rephaccoa_c	-0.0	-0.0003839707044336338	0.0	-0.0	Inf
HPYRI_f	rib__D_c	-0.0	0.0	4.018011751697919	Inf	0.0
HPYRI_f	xtsn_c	-0.0	0.0	0.0	Inf	Inf
HPYRI_f	rml_c	-0.0	-2.7230149107116155	0.0	-0.0	Inf
HPYRI_f	thym_c	-0.0	-575.7959997498318	0.0	-0.0	Inf
HPYRI_f	thymd_c	-0.0	0.0	0.40000000000270575	Inf	0.0
HPYRI_f	xu5p__L_c	-0.0	-0.3946545559854257	0.0	-0.0	Inf
HPYRI_f	rmn_c	-0.0	-2.7230149107116155	0.0	-0.0	Inf
HPYRI_f	xyl__D_c	0.0	0.0	0.0	Inf	Inf
HPYRI_f	tmao_c	0.0	0.0	0.0	Inf	Inf
HPYRI_f	xylu__D_c	-0.0	0.0	0.0	Inf	Inf
HPYRI_f	xylu__L_c	-0.0	-0.3946545559854257	0.0	-0.0	Inf
HPYRI_f	12ppd__R_e	-0.0	-1000.0	0.0	-0.0	Inf
HPYRI_f	12ppd__S_e	-0.0	-1000.0	0.0	-0.0	Inf
HPYRI_f	tre_c	-0.0	-1.3615074553558077	0.0	-0.0	Inf
HPYRI_f	seln_c	0.0	0.0	0.0	Inf	Inf
HPYRI_f	34dhpac_e	-0.0	-1000.0	0.0	-0.0	Inf
HPYRI_f	slnt_c	0.0	0.0	0.0	Inf	Inf
HPYRI_f	so2_c	0.0	0.0	0.0	Inf	Inf
HPYRI_f	so3_c	-0.0	-0.16523539315136127	9.79391394583115	-0.0	0.0
HPYRI_f	so4_c	-0.0	-0.16812717251930578	575.7959997498318	-0.0	0.0
HPYRI_f	4hoxpacd_e	-0.0	-1000.0	0.0	-0.0	Inf
HPYRI_f	5mtr_e	-0.0	-1000.0	0.0	-0.0	Inf
HPYRI_f	LalaDgluMdap_e	-0.0	-1000.0	0.0	-0.0	Inf
HPYRI_f	ac_e	-0.0	0.0	0.0	Inf	Inf
HPYRI_f	acald_e	-0.0	-1000.0	0.0	-0.0	Inf
HPYRI_f	acgal_e	-0.0	-1000.0	0.0	-0.0	Inf
HPYRI_f	acgam_e	-0.0	-1000.0	0.0	-0.0	Inf
HPYRI_f	acmana_e	-0.0	-1000.0	0.0	-0.0	Inf
HPYRI_f	tagur_c	-0.0	0.0	0.0	Inf	Inf
HPYRI_f	tartr__L_c	-0.0	-11.16326316447811	0.0	-0.0	Inf
HPYRI_f	ade_e	-0.0	-1000.0	0.0	-0.0	Inf
HPYRI_f	adn_e	-0.0	-1000.0	0.0	-0.0	Inf
HPYRI_f	all__D_e	-0.0	-1000.0	0.0	-0.0	Inf
HPYRI_f	cl_e	-0.0	-0.0034697352720058916	999.996530264728	-0.0	0.0
HPYRI_f	alltn_e	-0.0	0.0	0.0	Inf	Inf
HPYRI_f	cm_e	-0.0	-1000.0	0.0	-0.0	Inf
HPYRI_f	co2_e	-0.0	-947.3635029327298	52.63649706727017	-0.0	0.0
HPYRI_f	arab__L_e	-0.0	-1000.0	0.0	-0.0	Inf
HPYRI_f	arbt_e	-0.0	-1000.0	0.0	-0.0	Inf
HPYRI_f	unagamu_c	-0.0	0.0	0.2511259986110551	Inf	0.0
HPYRI_f	crn_e	-0.0	-1000.0	0.0	-0.0	Inf
HPYRI_f	csn_e	-0.0	-1000.0	0.0	-0.0	Inf
HPYRI_f	cyan_e	-0.0	-1000.0	0.0	-0.0	Inf
HPYRI_f	glyb_e	-0.0	-1000.0	0.0	-0.0	Inf
HPYRI_f	glyc_e	-0.0	-1000.0	0.0	-0.0	Inf
HPYRI_f	cytd_e	-0.0	-1000.0	0.0	-0.0	Inf
HPYRI_f	ca2_e	-0.0	-0.0034697352720058916	999.996530264728	-0.0	0.0
HPYRI_f	dad_2_e	-0.0	-1000.0	0.0	-0.0	Inf
HPYRI_f	dcyt_e	-0.0	-1000.0	0.0	-0.0	Inf
HPYRI_f	chol_e	-0.0	-1000.0	0.0	-0.0	Inf
HPYRI_f	dha_e	-0.0	-1000.0	0.0	-0.0	Inf
HPYRI_f	ppal_e	-0.0	-1000.0	0.0	-0.0	Inf
HPYRI_f	h2_e	-0.0	-1000.0	0.0	-0.0	Inf
HPYRI_f	dms_e	-0.0	-1000.0	0.0	-0.0	Inf
HPYRI_f	dmso_e	-0.0	-1000.0	0.0	-0.0	Inf
HPYRI_f	h2o2_e	-0.0	-1000.0	0.0	-0.0	Inf
HPYRI_f	psclys_e	-0.0	-1000.0	0.0	-0.0	Inf
HPYRI_f	duri_e	-0.0	-1000.0	0.0	-0.0	Inf
HPYRI_f	pydx_e	-0.0	-1000.0	0.0	-0.0	Inf
HPYRI_f	pydxn_e	-0.0	-1000.0	0.0	-0.0	Inf
HPYRI_f	etoh_e	-0.0	-1000.0	0.0	-0.0	Inf
HPYRI_f	fald_e	-0.0	0.0	0.0	Inf	Inf
HPYRI_f	rib__D_e	-0.0	-1000.0	0.0	-0.0	Inf
HPYRI_f	rmn_e	-0.0	-1000.0	0.0	-0.0	Inf
HPYRI_f	indole_e	-0.0	-1000.0	0.0	-0.0	Inf
HPYRI_f	inost_e	-0.0	-1000.0	0.0	-0.0	Inf
HPYRI_f	sbt__D_e	-0.0	-3.552806850657362	0.0	-0.0	Inf
HPYRI_f	k_e	-0.0	-0.1301187390887435	999.8698812609113	-0.0	0.0
HPYRI_f	for_e	-0.0	0.0	0.0016352085724109398	Inf	0.0
HPYRI_f	slnt_e	-0.0	0.0	1000.0	Inf	0.0
HPYRI_f	fru_e	-0.0	-1000.0	0.0	-0.0	Inf
HPYRI_f	so2_e	-0.0	-1000.0	0.0	-0.0	Inf
HPYRI_f	so3_e	-0.0	-1000.0	0.0	-0.0	Inf
HPYRI_f	so4_e	-0.0	-0.16812717251934828	999.8318728274807	-0.0	0.0
HPYRI_f	lipa_cold_e	-0.0	-1000.0	0.0	-0.0	Inf
HPYRI_f	sucr_e	-0.0	-1000.0	0.0	-0.0	Inf
HPYRI_f	g3pe_e	-0.0	-1000.0	0.0	-0.0	Inf
HPYRI_f	malt_e	-0.0	-1000.0	0.0	-0.0	Inf
HPYRI_f	tartr__L_e	-0.0	-1000.0	0.0	-0.0	Inf
HPYRI_f	g3pi_e	-0.0	-1000.0	0.0	-0.0	Inf
HPYRI_f	malthx_e	-0.0	-1000.0	0.0	-0.0	Inf
HPYRI_f	maltpt_e	-0.0	-1000.0	0.0	-0.0	Inf
HPYRI_f	gal_e	-0.0	-1000.0	0.0	-0.0	Inf
HPYRI_f	gal_bD_e	-0.0	-1000.0	0.0	-0.0	Inf
HPYRI_f	malttr_e	-0.0	-1000.0	0.0	-0.0	Inf
HPYRI_f	maltttr_e	-0.0	-1000.0	0.0	-0.0	Inf
HPYRI_f	man_e	-0.0	-1000.0	0.0	-0.0	Inf
HPYRI_f	thym_e	-0.0	-1000.0	0.0	-0.0	Inf
HPYRI_f	thymd_e	-0.0	-1000.0	0.0	-0.0	Inf
HPYRI_f	galt_e	-0.0	-2.7230149107116155	0.0	-0.0	Inf
HPYRI_f	melib_e	-0.0	-1000.0	0.0	-0.0	Inf
HPYRI_f	meoh_e	-0.0	-999.9999986667684	1.3332315802472294e-06	-0.0	0.0
HPYRI_f	tmao_e	-0.0	-1000.0	0.0	-0.0	Inf
HPYRI_f	tre_e	-0.0	-1000.0	0.0	-0.0	Inf
HPYRI_f	metsox_S__L_e	-0.0	-1000.0	0.0	-0.0	Inf
HPYRI_f	glc__D_e	-0.0	-3.552806850657362	4.896956972915575	-0.0	0.0
HPYRI_f	mg2_e	-0.0	-0.005782892120123506	999.9942171078799	-0.0	0.0
HPYRI_f	mnl_e	-0.0	-1000.0	0.0	-0.0	Inf
HPYRI_f	mobd_e	-0.0	-8.59934390291528e-05	999.999914006561	-0.0	0.0
HPYRI_f	glyald_e	-0.0	-1000.0	0.0	-0.0	Inf
HPYRI_f	n2o_e	-0.0	-1000.0	0.0	-0.0	Inf
HPYRI_f	na1_e	-0.0	0.0	1000.0	Inf	0.0
HPYRI_f	nac_e	-0.0	-1000.0	0.0	-0.0	Inf
HPYRI_f	ni2_e	-0.0	-0.0002153169054963655	999.9997846830945	-0.0	0.0
HPYRI_f	no_e	-0.0	-1000.0	0.0	-0.0	Inf
HPYRI_f	no2_e	-0.0	-1000.0	0.0	-0.0	Inf
HPYRI_f	ura_e	-0.0	-1000.0	0.0	-0.0	Inf
HPYRI_f	no3_e	-0.0	-1000.0	0.0	-0.0	Inf
HPYRI_f	urea_e	-0.0	-1000.0	0.0	-0.0	Inf
HPYRI_f	novbcn_e	-0.0	-1000.0	0.0	-0.0	Inf
HPYRI_f	uri_e	-0.0	-1000.0	0.0	-0.0	Inf
HPYRI_f	o2_e	-0.0	-49.21400159840414	950.7859984015959	-0.0	0.0
HPYRI_f	xan_e	-0.0	0.0	0.0	Inf	Inf
HPYRI_f	xtsn_e	-0.0	-1000.0	0.0	-0.0	Inf
HPYRI_f	xyl__D_e	-0.0	-1000.0	0.0	-0.0	Inf
HPYRI_f	xylu__L_e	-0.0	-1000.0	0.0	-0.0	Inf
HPYRI_f	pacald_e	-0.0	-1000.0	0.0	-0.0	Inf
HPYRI_f	12dgr120_p	-0.0	0.0	0.0	Inf	Inf
HPYRI_f	12dgr140_p	-0.0	0.0	0.0	Inf	Inf
HPYRI_f	12dgr160_p	-0.0	-0.042539421066392656	0.0	-0.0	Inf
HPYRI_f	12dgr180_p	-0.0	0.0	0.0	Inf	Inf
HPYRI_f	12ppd__R_p	-0.0	-1000.0	0.0	-0.0	Inf
HPYRI_f	12ppd__S_p	-0.0	0.0	0.0	Inf	Inf
HPYRI_f	chol_p	-0.0	-1000.0	0.0	-0.0	Inf
HPYRI_f	cl_p	-0.0	-0.0034697352720058916	999.996530264728	-0.0	0.0
HPYRI_f	34dhpac_p	-0.0	-1000.0	0.0	-0.0	Inf
HPYRI_f	cm_p	-0.0	0.0	0.0	Inf	Inf
HPYRI_f	4hoxpacd_p	-0.0	-1000.0	0.0	-0.0	Inf
HPYRI_f	co2_p	-0.0	-947.3635029327298	52.63649706727017	-0.0	0.0
HPYRI_f	5mtr_p	-0.0	-1000.0	0.0	-0.0	Inf
HPYRI_f	LalaDgluMdap_p	-0.0	-0.01852392002684237	0.0	-0.0	Inf
HPYRI_f	gal_p	-0.0	-1000.0	0.0	-0.0	Inf
HPYRI_f	ac_p	-0.0	-16.968160010006727	0.0	-0.0	Inf
HPYRI_f	crn_p	-0.0	-1000.0	0.0	-0.0	Inf
HPYRI_f	gal_bD_p	-0.0	-1000.0	0.0	-0.0	Inf
HPYRI_f	acald_p	-0.0	-1000.0	0.0	-0.0	Inf
HPYRI_f	acgal_p	-0.0	-1000.0	0.0	-0.0	Inf
HPYRI_f	csn_p	-0.0	0.0	0.0	Inf	Inf
HPYRI_f	acgam_p	-0.0	-1000.0	0.0	-0.0	Inf
HPYRI_f	galt_p	-0.0	-2.7230149107116155	0.0	-0.0	Inf
HPYRI_f	acmana_p	-0.0	-1000.0	0.0	-0.0	Inf
HPYRI_f	cyan_p	-0.0	0.0	0.0	Inf	Inf
HPYRI_f	ade_p	-0.0	-1000.0	0.0	-0.0	Inf
HPYRI_f	adn_p	-0.0	0.0	0.0004486324376408213	Inf	0.0
HPYRI_f	cytd_p	-0.0	-0.10700850231429897	0.0	-0.0	Inf
HPYRI_f	glc__D_p	-0.0	-3.552806850657362	4.896956972915575	-0.0	0.0
HPYRI_f	dad_2_p	-0.0	-1000.0	0.0	-0.0	Inf
HPYRI_f	dcyt_p	-0.0	-1000.0	0.0	-0.0	Inf
HPYRI_f	all__D_p	-0.0	0.0	0.0	Inf	Inf
HPYRI_f	alltn_p	-0.0	0.0	0.0	Inf	Inf
HPYRI_f	dha_p	-0.0	-1000.0	0.0	-0.0	Inf
HPYRI_f	glyald_p	-0.0	-1000.0	0.0	-0.0	Inf
HPYRI_f	glyb_p	0.0	0.0	0.0	Inf	Inf
HPYRI_f	dms_p	-0.0	-1000.0	0.0	-0.0	Inf
HPYRI_f	glyc_p	-0.0	-0.09267826232517062	0.0	-0.0	Inf
HPYRI_f	dmso_p	-0.0	-1000.0	0.0	-0.0	Inf
HPYRI_f	arab__L_p	-0.0	0.0	0.0	Inf	Inf
HPYRI_f	arbt_p	0.0	0.0	0.0	Inf	Inf
HPYRI_f	ca2_p	-0.0	-0.0034697352720058916	999.996530264728	-0.0	0.0
HPYRI_f	duri_p	-0.0	-1000.0	0.0	-0.0	Inf
HPYRI_f	h2_p	-0.0	-1000.0	0.0	-0.0	Inf
HPYRI_f	h2o2_p	-0.0	-1000.0	0.0	-0.0	Inf
HPYRI_f	etoh_p	-0.0	-1000.0	0.0	-0.0	Inf
HPYRI_f	fald_p	-0.0	0.0	0.0	Inf	Inf
HPYRI_f	n2o_p	-0.0	-1000.0	0.0	-0.0	Inf
HPYRI_f	na1_p	-0.0	0.0	0.0	Inf	Inf
HPYRI_f	indole_p	-0.0	0.0	0.8000000000054115	Inf	0.0
HPYRI_f	nac_p	-0.0	-1000.0	0.0	-0.0	Inf
HPYRI_f	ni2_p	-0.0	-0.0002153169054963655	999.9997846830945	-0.0	0.0
HPYRI_f	inost_p	-0.0	-1000.0	0.0	-0.0	Inf
HPYRI_f	no_p	-0.0	-1000.0	0.0	-0.0	Inf
HPYRI_f	no2_p	-0.0	-1000.0	0.0	-0.0	Inf
HPYRI_f	for_p	-0.0	-70.70066670836137	0.0016352085724109398	-0.0	0.0
HPYRI_f	fru_p	-0.0	-1000.0	0.0	-0.0	Inf
HPYRI_f	no3_p	-0.0	0.0	0.0	Inf	Inf
HPYRI_f	k_p	-0.0	-0.1301187390887435	999.8698812609113	-0.0	0.0
HPYRI_f	novbcn_p	-0.0	0.0	0.0	Inf	Inf
HPYRI_f	o2_p	-0.0	-49.21400159840414	950.7859984015959	-0.0	0.0
HPYRI_f	lipa_cold_p	-0.0	-143.94899993745796	0.0	-0.0	Inf
HPYRI_f	g3pe_p	-0.0	0.0	0.0	Inf	Inf
HPYRI_f	g3pi_p	-0.0	0.0	0.0	Inf	Inf
HPYRI_f	so3_p	-0.0	-1000.0	0.0	-0.0	Inf
HPYRI_f	so4_p	-0.0	-0.16812717251930578	999.8318728274807	-0.0	0.0
HPYRI_f	malt_p	0.0	0.0	0.0	Inf	Inf
HPYRI_f	malthx_p	0.0	0.0	0.0	Inf	Inf
HPYRI_f	maltpt_p	0.0	0.0	0.0	Inf	Inf
HPYRI_f	sucr_p	-0.0	-1000.0	0.0	-0.0	Inf
HPYRI_f	malttr_p	0.0	0.0	0.0	Inf	Inf
HPYRI_f	maltttr_p	0.0	0.0	0.0	Inf	Inf
HPYRI_f	pacald_p	-0.0	-1000.0	0.0	-0.0	Inf
HPYRI_f	man_p	-0.0	-1000.0	0.0	-0.0	Inf
HPYRI_f	tartr__L_p	-0.0	-1000.0	0.0	-0.0	Inf
HPYRI_f	pe120_p	-0.0	0.0	0.0	Inf	Inf
HPYRI_f	melib_p	-0.0	-1000.0	0.0	-0.0	Inf
HPYRI_f	meoh_p	-0.0	-999.9999986667684	1.3332315802472294e-06	-0.0	0.0
HPYRI_f	thym_p	-0.0	-1000.0	0.0	-0.0	Inf
HPYRI_f	thymd_p	-0.0	0.0	0.0	Inf	Inf
HPYRI_f	pg120_p	-0.0	0.0	0.0	Inf	Inf
HPYRI_f	metsox_S__L_p	-0.0	-1000.0	0.0	-0.0	Inf
HPYRI_f	tmao_p	-0.0	-1000.0	0.0	-0.0	Inf
HPYRI_f	mg2_p	-0.0	-0.005782892120082682	999.9942171078799	-0.0	0.0
HPYRI_f	tre_p	-0.0	0.0	0.0	Inf	Inf
HPYRI_f	mnl_p	-0.0	0.0	0.0	Inf	Inf
HPYRI_f	mobd_p	-0.0	-8.59934390291528e-05	999.999914006561	-0.0	0.0
HPYRI_f	ura_p	-0.0	-1000.0	0.0	-0.0	Inf
HPYRI_f	urea_p	-0.0	0.0	0.40000000000270575	Inf	0.0
HPYRI_f	uri_p	-0.0	0.0	0.0	Inf	Inf
HPYRI_f	xan_p	-0.0	0.0	0.0	Inf	Inf
HPYRI_f	xtsn_p	-0.0	0.0	0.0	Inf	Inf
HPYRI_f	xyl__D_p	-0.0	0.0	0.0	Inf	Inf
HPYRI_f	xylu__L_p	-0.0	-1000.0	0.0	-0.0	Inf
HPYRI_f	ppal_p	-0.0	-1000.0	0.0	-0.0	Inf
HPYRI_f	psclys_p	-0.0	-1000.0	0.0	-0.0	Inf
HPYRI_f	pydx_p	-0.0	0.0	0.0	Inf	Inf
HPYRI_f	pydxn_p	-0.0	0.0	0.0	Inf	Inf
HPYRI_f	rib__D_p	-0.0	-1000.0	0.0	-0.0	Inf
HPYRI_f	rmn_p	-0.0	-1000.0	0.0	-0.0	Inf
HPYRI_f	sbt__D_p	-0.0	-3.552806850657362	0.0	-0.0	Inf
HPYRI_f	slnt_p	-0.0	0.0	0.0	Inf	Inf
HPYRI_f	so2_p	-0.0	-1000.0	0.0	-0.0	Inf
