Reaction	Metabolite	ShadowPrice	G-	G+	DecrementalShadowPrice	IncrementalShadowPrice
DTMPK_f	12dgr120_c	-0.0	0.0	0.0	Inf	Inf
DTMPK_f	12dgr140_c	-0.0	0.0	0.0	Inf	Inf
DTMPK_f	12dgr160_c	-0.0	0.0	0.0	Inf	Inf
DTMPK_f	12dgr180_c	-0.0	0.0	0.0	Inf	Inf
DTMPK_f	12ppd__R_c	-0.0	-1000.0	0.0	-0.0	Inf
DTMPK_f	12ppd__S_c	-0.0	0.0	0.0	Inf	Inf
DTMPK_f	5drib_c	-0.0	-999.9999027300723	9.726992765822928e-05	-0.0	0.0
DTMPK_f	5mta_c	-0.0	-0.04763303996094237	0.0	-0.0	Inf
DTMPK_f	23dhacoa_c	-0.0	-0.000251244298851816	0.0	-0.0	Inf
DTMPK_f	5mtr_c	-0.0	-1000.0	0.0	-0.0	Inf
DTMPK_f	3amac_c	-0.0	-4.00779320085483	0.0	-0.0	Inf
DTMPK_f	LalaDgluMdap_c	-0.0	-0.012120792599851458	0.0	-0.0	Inf
DTMPK_f	ac_c	-0.0	-4.00779320085483	1.3972300146893	-0.0	0.0
DTMPK_f	acald_c	-0.0	0.0	1.1361237983417158	Inf	0.0
DTMPK_f	acetol_c	-0.0	0.0	0.0	Inf	Inf
DTMPK_f	acgam_c	-0.0	-0.04121453329399753	0.0	-0.0	Inf
DTMPK_f	acgam6p_c	-0.0	-0.04121453329399753	0.0	-0.0	Inf
DTMPK_f	acmalt_c	0.0	0.0	0.0	Inf	Inf
DTMPK_f	acmana_c	-0.0	-0.04121453329399753	0.0	-0.0	Inf
DTMPK_f	2dmmq8_c	-0.0	0.0	0.0	Inf	Inf
DTMPK_f	2dmmql8_c	0.0	0.0	0.0	Inf	Inf
DTMPK_f	ade_c	-0.0	-0.04763303996094237	0.0002918097829746878	-0.0	0.0
DTMPK_f	adn_c	-0.0	0.0	0.0002918097829746878	Inf	0.0
DTMPK_f	3sala_c	0.0	0.0	0.0	Inf	Inf
DTMPK_f	adphep_DD_c	-0.0	0.0	0.0	Inf	Inf
DTMPK_f	adphep_LD_c	-0.0	0.0	0.0	Inf	Inf
DTMPK_f	4ahmmp_c	0.0	0.0	0.0	Inf	Inf
DTMPK_f	4crsol_c	-0.0	-999.9999027300723	9.726992765822928e-05	-0.0	0.0
DTMPK_f	2ohph_c	-0.0	-9.726992765822928e-05	0.04256030878283223	-0.0	0.0
DTMPK_f	2ombzl_c	-0.0	0.0	0.0	Inf	Inf
DTMPK_f	2omhmbl_c	-0.0	0.0	0.0	Inf	Inf
DTMPK_f	2ommbl_c	0.0	0.0	0.0	Inf	Inf
DTMPK_f	2omph_c	-0.0	0.0	0.03844027889126106	Inf	0.0
DTMPK_f	4mhetz_c	0.0	0.0	0.0	Inf	Inf
DTMPK_f	2oph_c	-0.0	-9.726992765822928e-05	0.04256030878283223	-0.0	0.0
DTMPK_f	2oxpaccoa_c	-0.0	-0.000251244298851816	0.0	-0.0	Inf
DTMPK_f	all__D_c	-0.0	-0.05921136175010134	0.0	-0.0	Inf
DTMPK_f	alltn_c	-0.0	-0.11842272350020268	0.0	-0.0	Inf
DTMPK_f	4r5au_c	-0.0	-0.00019453985577743283	0.26558738143053096	-0.0	0.0
DTMPK_f	56dura_c	0.0	0.0	0.0	Inf	Inf
DTMPK_f	arab__L_c	-0.0	-0.0710536341001216	0.0	-0.0	Inf
DTMPK_f	etoh_c	-0.0	-1000.0	0.0	-0.0	Inf
DTMPK_f	csn_c	-0.0	0.0	0.07890859310907672	Inf	0.0
DTMPK_f	fald_c	-0.0	0.0	0.0	Inf	Inf
DTMPK_f	fc1p_c	-0.0	-0.11842272350020268	0.0	-0.0	Inf
DTMPK_f	fcl__L_c	-0.0	0.0	0.0	Inf	Inf
DTMPK_f	aso4_c	0.0	0.0	0.0	Inf	Inf
DTMPK_f	cyan_c	0.0	0.0	0.0	Inf	Inf
DTMPK_f	athtp_c	0.0	0.0	0.0	Inf	Inf
DTMPK_f	cytd_c	-0.0	0.0	0.0	Inf	Inf
DTMPK_f	dad_2_c	-0.0	0.0	0.0	Inf	Inf
DTMPK_f	dad_5_c	-0.0	-0.04763303996094237	9.726992765822928e-05	-0.0	0.0
DTMPK_f	betald_c	0.0	0.0	0.0	Inf	Inf
DTMPK_f	btal_c	-0.0	-550.6239776030202	0.0	-0.0	Inf
DTMPK_f	for_c	-0.0	-0.04763303996094237	0.0010699692056421255	-0.0	0.0
DTMPK_f	dcyt_c	-0.0	0.0	0.0	Inf	Inf
DTMPK_f	fru_c	-0.0	0.0	0.0	Inf	Inf
DTMPK_f	ca2_c	-0.0	-0.002270358625423796	999.9977296413746	-0.0	0.0
DTMPK_f	g3pe_c	-0.0	0.0	0.0	Inf	Inf
DTMPK_f	g3pi_c	0.0	0.0	0.0	Inf	Inf
DTMPK_f	cbm_c	-0.0	-2.003896600427415	0.0	-0.0	Inf
DTMPK_f	dha_c	-0.0	-0.11842272350020265	0.0	-0.0	Inf
DTMPK_f	gal_c	-0.0	0.0	0.0	Inf	Inf
DTMPK_f	dhgly_c	-0.0	-9.726992765822928e-05	0.17629507215647314	-0.0	0.0
DTMPK_f	dhmptp_c	0.0	0.0	0.0	Inf	Inf
DTMPK_f	gcald_c	-0.0	-0.11842272350020268	0.00029180978299336857	-0.0	0.0
DTMPK_f	dhptd_c	-0.0	-23.614823337328723	0.00019453985531645856	-0.0	0.0
DTMPK_f	cechddd_c	-0.0	0.0	0.0	Inf	Inf
DTMPK_f	dhptdn_c	0.0	0.0	0.0	Inf	Inf
DTMPK_f	chol_c	0.0	0.0	0.0	Inf	Inf
DTMPK_f	chtbs6p_c	-0.0	0.0	0.0	Inf	Inf
DTMPK_f	dmbzid_c	0.0	0.0	0.0	Inf	Inf
DTMPK_f	dms_c	0.0	0.0	0.0	Inf	Inf
DTMPK_f	dmso_c	0.0	0.0	0.0	Inf	Inf
DTMPK_f	cl_c	-0.0	-0.0022703586253860243	999.9977296413746	-0.0	0.0
DTMPK_f	glc__D_c	-0.0	-0.07105363410012161	0.0	-0.0	Inf
DTMPK_f	co2_c	-0.0	-987.9047826605031	12.095217339496912	-0.0	0.0
DTMPK_f	dscl_c	-0.0	-9.726992765822928e-05	0.050061758556060924	-0.0	0.0
DTMPK_f	dtdp4aaddg_c	-0.0	0.0	0.0	Inf	Inf
DTMPK_f	glyald_c	-0.0	-1000.0	0.0	-0.0	Inf
DTMPK_f	crn_c	-0.0	-1000.0	0.0	-0.0	Inf
DTMPK_f	duri_c	-0.0	0.0	0.3075222311300885	Inf	0.0
DTMPK_f	glyb_c	0.0	0.0	0.0	Inf	Inf
DTMPK_f	glyc_c	-0.0	-0.060642347544700895	0.0	-0.0	Inf
DTMPK_f	dxyl_c	0.0	0.0	0.0	Inf	Inf
DTMPK_f	glycogen_c	-0.0	-0.07105363410012161	0.0	-0.0	Inf
DTMPK_f	gmhep1p_c	-0.0	0.0	0.3822472592551568	Inf	0.0
DTMPK_f	lipa_cold_c	-0.0	0.0	0.0	Inf	Inf
DTMPK_f	lipidA_c	-0.0	-0.0084864740471682	0.030162578717036703	-0.0	0.0
DTMPK_f	malt_c	0.0	0.0	0.0	Inf	Inf
DTMPK_f	h2_c	-0.0	0.0	0.0	Inf	Inf
DTMPK_f	malthx_c	-0.0	0.0	0.0	Inf	Inf
DTMPK_f	maltpt_c	-0.0	0.0	0.0	Inf	Inf
DTMPK_f	malttr_c	-0.0	0.0	0.0	Inf	Inf
DTMPK_f	maltttr_c	-0.0	0.0	0.0	Inf	Inf
DTMPK_f	h2o2_c	-0.0	-0.0007092417138884095	2.318007690224177	-0.0	0.0
DTMPK_f	man_c	-0.0	-0.05921136175010134	0.0	-0.0	Inf
DTMPK_f	mdhdhf_c	-0.0	-23.614823337328723	0.00019453985531645856	-0.0	0.0
DTMPK_f	melib_c	-0.0	0.0	0.0	Inf	Inf
DTMPK_f	meoh_c	-0.0	-1000.0	0.0	-0.0	Inf
DTMPK_f	pacald_c	-0.0	-1000.0	0.0	-0.0	Inf
DTMPK_f	metsox_S__L_c	-0.0	0.0	0.0	Inf	Inf
DTMPK_f	mg2_c	-0.0	-0.0037839310423100404	999.9962160689577	-0.0	0.0
DTMPK_f	hhlipa_c	-0.0	0.0	0.0	Inf	Inf
DTMPK_f	pe120_c	-0.0	0.0	0.0	Inf	Inf
DTMPK_f	mobd_c	-0.0	-5.62682540703463e-05	10.225114185075443	-0.0	0.0
DTMPK_f	hlipa_c	-0.0	0.0	0.0	Inf	Inf
DTMPK_f	pg120_c	-0.0	0.0	0.0	Inf	Inf
DTMPK_f	mql8_c	0.0	0.0	0.0	Inf	Inf
DTMPK_f	mqn8_c	-0.0	0.0	0.0	Inf	Inf
DTMPK_f	mthgxl_c	-0.0	0.0	0.0	Inf	Inf
DTMPK_f	hqn_c	0.0	0.0	0.0	Inf	Inf
DTMPK_f	mththf_c	-0.0	-999.9998054601447	0.00019453985531645856	-0.0	0.0
DTMPK_f	n2o_c	-0.0	-1000.0	0.0	-0.0	Inf
DTMPK_f	na1_c	-0.0	0.0	0.0	Inf	Inf
DTMPK_f	nac_c	-0.0	0.0	0.0	Inf	Inf
DTMPK_f	ncam_c	-0.0	0.0	0.0	Inf	Inf
DTMPK_f	ni2_c	-0.0	-0.00014088872929869084	999.9998591112707	-0.0	0.0
DTMPK_f	no_c	-0.0	-1000.0	0.0	-0.0	Inf
DTMPK_f	indole_c	-0.0	-0.02479423541648756	0.24334201853235268	-0.0	0.0
DTMPK_f	no2_c	-0.0	-1000.0	0.0	-0.0	Inf
DTMPK_f	no3_c	0.0	0.0	0.0	Inf	Inf
DTMPK_f	inost_c	0.0	0.0	0.0	Inf	Inf
DTMPK_f	o2_c	-0.0	-11.164435731301936	988.835564268698	-0.0	0.0
DTMPK_f	poaac_c	-0.0	-3.1461889800232132	0.0	-0.0	Inf
DTMPK_f	ppal_c	-0.0	0.0	0.0	Inf	Inf
DTMPK_f	k_c	-0.0	-0.0851408474860591	40.90045674030177	-0.0	0.0
DTMPK_f	psclys_c	-0.0	0.0	0.0	Inf	Inf
DTMPK_f	lald__D_c	-0.0	0.0	0.0	Inf	Inf
DTMPK_f	lald__L_c	-0.0	-84.21453403317705	0.0	-0.0	Inf
DTMPK_f	ura_c	-0.0	-0.11842272350020268	0.0	-0.0	Inf
DTMPK_f	pydx_c	-0.0	0.0	0.3352496454123096	Inf	0.0
DTMPK_f	uracp_c	-0.0	-2.355591944747516	0.0	-0.0	Inf
DTMPK_f	pydxn_c	-0.0	0.0	0.3170578041883858	Inf	0.0
DTMPK_f	urate_c	-0.0	-0.0007092417138884095	0.0	-0.0	Inf
DTMPK_f	q8_c	-0.0	0.0	0.0	Inf	Inf
DTMPK_f	q8h2_c	0.0	0.0	0.0	Inf	Inf
DTMPK_f	urea_c	-0.0	0.0	1.634614041203404	Inf	0.0
DTMPK_f	uri_c	-0.0	0.0	0.0	Inf	Inf
DTMPK_f	rbflvrd_c	-0.0	0.0	0.023816519980471185	Inf	0.0
DTMPK_f	rbl__L_c	-0.0	-0.0710536341001216	0.0	-0.0	Inf
DTMPK_f	rdmbzi_c	0.0	0.0	0.0	Inf	Inf
DTMPK_f	thptdn_c	0.0	0.0	0.0	Inf	Inf
DTMPK_f	xan_c	-0.0	0.0	0.0	Inf	Inf
DTMPK_f	rephaccoa_c	-0.0	-0.000251244298851816	0.0	-0.0	Inf
DTMPK_f	rib__D_c	-0.0	0.0	0.5527088748689428	Inf	0.0
DTMPK_f	xtsn_c	-0.0	0.0	0.0	Inf	Inf
DTMPK_f	rml_c	-0.0	-0.11842272350020268	0.0	-0.0	Inf
DTMPK_f	thym_c	-0.0	-40.90045674030177	0.0	-0.0	Inf
DTMPK_f	thymd_c	-0.0	-0.011413295637225929	0.0	-0.0	Inf
DTMPK_f	xu5p__L_c	-0.0	-0.0710536341001216	0.0	-0.0	Inf
DTMPK_f	rmn_c	-0.0	-0.11842272350020268	0.0	-0.0	Inf
DTMPK_f	xyl__D_c	0.0	0.0	0.0	Inf	Inf
DTMPK_f	tmao_c	0.0	0.0	0.0	Inf	Inf
DTMPK_f	xylu__D_c	-0.0	0.0	0.0	Inf	Inf
DTMPK_f	xylu__L_c	-0.0	-0.0710536341001216	0.0	-0.0	Inf
DTMPK_f	12ppd__R_e	-0.0	-1000.0	0.0	-0.0	Inf
DTMPK_f	12ppd__S_e	-0.0	-1000.0	0.0	-0.0	Inf
DTMPK_f	tre_c	-0.0	-0.035526817050060805	0.0	-0.0	Inf
DTMPK_f	seln_c	0.0	0.0	0.0	Inf	Inf
DTMPK_f	34dhpac_e	-0.0	-1000.0	0.0	-0.0	Inf
DTMPK_f	slnt_c	0.0	0.0	0.0	Inf	Inf
DTMPK_f	so2_c	0.0	0.0	0.0	Inf	Inf
DTMPK_f	so3_c	-0.0	-0.10811705125160691	2.0450228370150887	-0.0	0.0
DTMPK_f	so4_c	-0.0	-0.11000923486676584	40.90045674030177	-0.0	0.0
DTMPK_f	4hoxpacd_e	-0.0	-1000.0	0.0	-0.0	Inf
DTMPK_f	5mtr_e	-0.0	-1000.0	0.0	-0.0	Inf
DTMPK_f	LalaDgluMdap_e	-0.0	-1000.0	0.0	-0.0	Inf
DTMPK_f	ac_e	-0.0	0.0	0.0	Inf	Inf
DTMPK_f	acald_e	-0.0	-1000.0	0.0	-0.0	Inf
DTMPK_f	acgal_e	-0.0	-1000.0	0.0	-0.0	Inf
DTMPK_f	acgam_e	-0.0	-1000.0	0.0	-0.0	Inf
DTMPK_f	acmana_e	-0.0	-1000.0	0.0	-0.0	Inf
DTMPK_f	tagur_c	-0.0	0.0	0.0	Inf	Inf
DTMPK_f	tartr__L_c	-0.0	-0.11842272350020268	0.0	-0.0	Inf
DTMPK_f	ade_e	-0.0	-1000.0	0.0	-0.0	Inf
DTMPK_f	adn_e	-0.0	-1000.0	0.0	-0.0	Inf
DTMPK_f	all__D_e	-0.0	-1000.0	0.0	-0.0	Inf
DTMPK_f	cl_e	-0.0	-0.002270358625423796	999.9977296413746	-0.0	0.0
DTMPK_f	alltn_e	-0.0	0.0	0.0	Inf	Inf
DTMPK_f	cm_e	-0.0	-1000.0	0.0	-0.0	Inf
DTMPK_f	co2_e	-0.0	-987.9047826605031	12.095217339496912	-0.0	0.0
DTMPK_f	arab__L_e	-0.0	-1000.0	0.0	-0.0	Inf
DTMPK_f	arbt_e	-0.0	-1000.0	0.0	-0.0	Inf
DTMPK_f	unagamu_c	-0.0	0.0	0.028884503347670742	Inf	0.0
DTMPK_f	crn_e	-0.0	-1000.0	0.0	-0.0	Inf
DTMPK_f	csn_e	-0.0	-1000.0	0.0	-0.0	Inf
DTMPK_f	cyan_e	-0.0	-1000.0	0.0	-0.0	Inf
DTMPK_f	glyb_e	-0.0	-1000.0	0.0	-0.0	Inf
DTMPK_f	glyc_e	-0.0	-1000.0	0.0	-0.0	Inf
DTMPK_f	cytd_e	-0.0	-1000.0	0.0	-0.0	Inf
DTMPK_f	ca2_e	-0.0	-0.002270358625423796	999.9977296413746	-0.0	0.0
DTMPK_f	dad_2_e	-0.0	-1000.0	0.0	-0.0	Inf
DTMPK_f	dcyt_e	-0.0	-1000.0	0.0	-0.0	Inf
DTMPK_f	chol_e	-0.0	-1000.0	0.0	-0.0	Inf
DTMPK_f	dha_e	-0.0	-1000.0	0.0	-0.0	Inf
DTMPK_f	ppal_e	-0.0	-1000.0	0.0	-0.0	Inf
DTMPK_f	h2_e	-0.0	-1000.0	0.0	-0.0	Inf
DTMPK_f	dms_e	-0.0	-1000.0	0.0	-0.0	Inf
DTMPK_f	dmso_e	-0.0	-1000.0	0.0	-0.0	Inf
DTMPK_f	h2o2_e	-0.0	-1000.0	0.0	-0.0	Inf
DTMPK_f	psclys_e	-0.0	-1000.0	0.0	-0.0	Inf
DTMPK_f	duri_e	-0.0	-1000.0	0.0	-0.0	Inf
DTMPK_f	pydx_e	-0.0	-1000.0	0.0	-0.0	Inf
DTMPK_f	pydxn_e	-0.0	-1000.0	0.0	-0.0	Inf
DTMPK_f	etoh_e	-0.0	-1000.0	0.0	-0.0	Inf
DTMPK_f	fald_e	-0.0	0.0	0.0	Inf	Inf
DTMPK_f	rib__D_e	-0.0	-1000.0	0.0	-0.0	Inf
DTMPK_f	rmn_e	-0.0	-1000.0	0.0	-0.0	Inf
DTMPK_f	indole_e	-0.0	-1000.0	0.0	-0.0	Inf
DTMPK_f	inost_e	-0.0	-1000.0	0.0	-0.0	Inf
DTMPK_f	sbt__D_e	-0.0	-0.11842272350020268	0.0	-0.0	Inf
DTMPK_f	k_e	-0.0	-0.0851408474860591	999.9148591525139	-0.0	0.0
DTMPK_f	for_e	-0.0	0.0	0.0010699692056421255	Inf	0.0
DTMPK_f	slnt_e	-0.0	0.0	1000.0	Inf	0.0
DTMPK_f	fru_e	-0.0	-1000.0	0.0	-0.0	Inf
DTMPK_f	so2_e	-0.0	-1000.0	0.0	-0.0	Inf
DTMPK_f	so3_e	-0.0	-1000.0	0.0	-0.0	Inf
DTMPK_f	so4_e	-0.0	-0.11000923486676584	999.8899907651332	-0.0	0.0
DTMPK_f	lipa_cold_e	-0.0	-1000.0	0.0	-0.0	Inf
DTMPK_f	sucr_e	-0.0	-1000.0	0.0	-0.0	Inf
DTMPK_f	g3pe_e	-0.0	-1000.0	0.0	-0.0	Inf
DTMPK_f	malt_e	-0.0	-1000.0	0.0	-0.0	Inf
DTMPK_f	tartr__L_e	-0.0	-1000.0	0.0	-0.0	Inf
DTMPK_f	g3pi_e	-0.0	-1000.0	0.0	-0.0	Inf
DTMPK_f	malthx_e	-0.0	-1000.0	0.0	-0.0	Inf
DTMPK_f	maltpt_e	-0.0	-1000.0	0.0	-0.0	Inf
DTMPK_f	gal_e	-0.0	-1000.0	0.0	-0.0	Inf
DTMPK_f	gal_bD_e	-0.0	-1000.0	0.0	-0.0	Inf
DTMPK_f	malttr_e	-0.0	-1000.0	0.0	-0.0	Inf
DTMPK_f	maltttr_e	-0.0	-1000.0	0.0	-0.0	Inf
DTMPK_f	man_e	-0.0	-1000.0	0.0	-0.0	Inf
DTMPK_f	thym_e	-0.0	-1000.0	0.0	-0.0	Inf
DTMPK_f	thymd_e	-0.0	-1000.0	0.0	-0.0	Inf
DTMPK_f	galt_e	-0.0	-0.11842272350020268	0.0	-0.0	Inf
DTMPK_f	melib_e	-0.0	-1000.0	0.0	-0.0	Inf
DTMPK_f	meoh_e	-0.0	-1000.0	0.0	-0.0	Inf
DTMPK_f	tmao_e	-0.0	-1000.0	0.0	-0.0	Inf
DTMPK_f	tre_e	-0.0	-1000.0	0.0	-0.0	Inf
DTMPK_f	metsox_S__L_e	-0.0	-1000.0	0.0	-0.0	Inf
DTMPK_f	glc__D_e	-0.0	-0.17763408525030402	0.4595556937112558	-0.0	0.0
DTMPK_f	mg2_e	-0.0	-0.003783931042335098	999.9962160689577	-0.0	0.0
DTMPK_f	mnl_e	-0.0	-1000.0	0.0	-0.0	Inf
DTMPK_f	mobd_e	-0.0	-5.62682540703463e-05	999.9999437317459	-0.0	0.0
DTMPK_f	glyald_e	-0.0	-1000.0	0.0	-0.0	Inf
DTMPK_f	n2o_e	-0.0	-1000.0	0.0	-0.0	Inf
DTMPK_f	na1_e	-0.0	0.0	1000.0	Inf	0.0
DTMPK_f	nac_e	-0.0	-1000.0	0.0	-0.0	Inf
DTMPK_f	ni2_e	-0.0	-0.00014088872933371022	999.9998591112707	-0.0	0.0
DTMPK_f	no_e	-0.0	-1000.0	0.0	-0.0	Inf
DTMPK_f	no2_e	-0.0	-1000.0	0.0	-0.0	Inf
DTMPK_f	ura_e	-0.0	-1000.0	0.0	-0.0	Inf
DTMPK_f	no3_e	-0.0	-1000.0	0.0	-0.0	Inf
DTMPK_f	urea_e	-0.0	-1000.0	0.0	-0.0	Inf
DTMPK_f	novbcn_e	-0.0	-1000.0	0.0	-0.0	Inf
DTMPK_f	uri_e	-0.0	-1000.0	0.0	-0.0	Inf
DTMPK_f	o2_e	-0.0	-11.164435731301978	988.835564268698	-0.0	0.0
DTMPK_f	xan_e	-0.0	0.0	0.0	Inf	Inf
DTMPK_f	xtsn_e	-0.0	-1000.0	0.0	-0.0	Inf
DTMPK_f	xyl__D_e	-0.0	-1000.0	0.0	-0.0	Inf
DTMPK_f	xylu__L_e	-0.0	-1000.0	0.0	-0.0	Inf
DTMPK_f	pacald_e	-0.0	-1000.0	0.0	-0.0	Inf
DTMPK_f	12dgr120_p	-0.0	0.0	0.0	Inf	Inf
DTMPK_f	12dgr140_p	-0.0	0.0	0.0	Inf	Inf
DTMPK_f	12dgr160_p	-0.0	0.0	0.0	Inf	Inf
DTMPK_f	12dgr180_p	-0.0	0.0	0.0	Inf	Inf
DTMPK_f	12ppd__R_p	-0.0	-1000.0	0.0	-0.0	Inf
DTMPK_f	12ppd__S_p	-0.0	0.0	0.0	Inf	Inf
DTMPK_f	chol_p	-0.0	-1000.0	0.0	-0.0	Inf
DTMPK_f	cl_p	-0.0	-0.002270358625423796	999.9977296413746	-0.0	0.0
DTMPK_f	34dhpac_p	-0.0	-1000.0	0.0	-0.0	Inf
DTMPK_f	cm_p	-0.0	0.0	0.0	Inf	Inf
DTMPK_f	4hoxpacd_p	-0.0	-1000.0	0.0	-0.0	Inf
DTMPK_f	co2_p	-0.0	-987.9047826605031	12.095217339496912	-0.0	0.0
DTMPK_f	5mtr_p	-0.0	-1000.0	0.0	-0.0	Inf
DTMPK_f	LalaDgluMdap_p	-0.0	0.0	0.0	Inf	Inf
DTMPK_f	gal_p	-0.0	-1000.0	0.0	-0.0	Inf
DTMPK_f	ac_p	-0.0	0.0	0.0	Inf	Inf
DTMPK_f	crn_p	-0.0	-1000.0	0.0	-0.0	Inf
DTMPK_f	gal_bD_p	-0.0	-1000.0	0.0	-0.0	Inf
DTMPK_f	acald_p	-0.0	-1000.0	0.0	-0.0	Inf
DTMPK_f	acgal_p	-0.0	-1000.0	0.0	-0.0	Inf
DTMPK_f	csn_p	-0.0	0.0	0.0	Inf	Inf
DTMPK_f	acgam_p	-0.0	-1000.0	0.0	-0.0	Inf
DTMPK_f	galt_p	-0.0	-0.11842272350020268	0.0	-0.0	Inf
DTMPK_f	acmana_p	-0.0	-1000.0	0.0	-0.0	Inf
DTMPK_f	cyan_p	-0.0	0.0	0.0	Inf	Inf
DTMPK_f	ade_p	-0.0	-1000.0	0.0	-0.0	Inf
DTMPK_f	adn_p	-0.0	0.0	0.0002918097829746878	Inf	0.0
DTMPK_f	cytd_p	-0.0	0.0	0.0	Inf	Inf
DTMPK_f	glc__D_p	-0.0	-0.17763408525030402	0.4595556937112558	-0.0	0.0
DTMPK_f	dad_2_p	-0.0	-1000.0	0.0	-0.0	Inf
DTMPK_f	dcyt_p	-0.0	-1000.0	0.0	-0.0	Inf
DTMPK_f	all__D_p	-0.0	0.0	0.0	Inf	Inf
DTMPK_f	alltn_p	-0.0	0.0	0.0	Inf	Inf
DTMPK_f	dha_p	-0.0	-1000.0	0.0	-0.0	Inf
DTMPK_f	glyald_p	-0.0	-1000.0	0.0	-0.0	Inf
DTMPK_f	glyb_p	0.0	0.0	0.0	Inf	Inf
DTMPK_f	dms_p	-0.0	-1000.0	0.0	-0.0	Inf
DTMPK_f	glyc_p	-0.0	-0.060642347544700895	0.0	-0.0	Inf
DTMPK_f	dmso_p	-0.0	-1000.0	0.0	-0.0	Inf
DTMPK_f	arab__L_p	-0.0	0.0	0.0	Inf	Inf
DTMPK_f	arbt_p	0.0	0.0	0.0	Inf	Inf
DTMPK_f	ca2_p	-0.0	-0.002270358625423796	999.9977296413746	-0.0	0.0
DTMPK_f	duri_p	-0.0	-1000.0	0.0	-0.0	Inf
DTMPK_f	h2_p	-0.0	-1000.0	0.0	-0.0	Inf
DTMPK_f	h2o2_p	-0.0	-1000.0	0.0	-0.0	Inf
DTMPK_f	etoh_p	-0.0	-1000.0	0.0	-0.0	Inf
DTMPK_f	fald_p	-0.0	0.0	0.0	Inf	Inf
DTMPK_f	n2o_p	-0.0	-1000.0	0.0	-0.0	Inf
DTMPK_f	na1_p	-0.0	0.0	0.0	Inf	Inf
DTMPK_f	indole_p	-0.0	0.0	0.24334201853235268	Inf	0.0
DTMPK_f	nac_p	-0.0	-1000.0	0.0	-0.0	Inf
DTMPK_f	ni2_p	-0.0	-0.00014088872933371022	999.9998591112707	-0.0	0.0
DTMPK_f	inost_p	-0.0	-1000.0	0.0	-0.0	Inf
DTMPK_f	no_p	-0.0	-1000.0	0.0	-0.0	Inf
DTMPK_f	no2_p	-0.0	-1000.0	0.0	-0.0	Inf
DTMPK_f	for_p	-0.0	0.0	0.0010699692056421255	Inf	0.0
DTMPK_f	fru_p	-0.0	-1000.0	0.0	-0.0	Inf
DTMPK_f	no3_p	-0.0	0.0	0.0	Inf	Inf
DTMPK_f	k_p	-0.0	-0.0851408474860591	999.9148591525139	-0.0	0.0
DTMPK_f	novbcn_p	-0.0	0.0	0.0	Inf	Inf
DTMPK_f	o2_p	-0.0	-11.164435731301978	988.835564268698	-0.0	0.0
DTMPK_f	lipa_cold_p	-0.0	-10.225114185075443	0.0	-0.0	Inf
DTMPK_f	g3pe_p	-0.0	0.0	0.0	Inf	Inf
DTMPK_f	g3pi_p	-0.0	0.0	0.0	Inf	Inf
DTMPK_f	so3_p	-0.0	-1000.0	0.0	-0.0	Inf
DTMPK_f	so4_p	-0.0	-0.11000923486676584	999.8899907651332	-0.0	0.0
DTMPK_f	malt_p	0.0	0.0	0.0	Inf	Inf
DTMPK_f	malthx_p	0.0	0.0	0.0	Inf	Inf
DTMPK_f	maltpt_p	0.0	0.0	0.0	Inf	Inf
DTMPK_f	sucr_p	-0.0	-1000.0	0.0	-0.0	Inf
DTMPK_f	malttr_p	0.0	0.0	0.0	Inf	Inf
DTMPK_f	maltttr_p	0.0	0.0	0.0	Inf	Inf
DTMPK_f	pacald_p	-0.0	-1000.0	0.0	-0.0	Inf
DTMPK_f	man_p	-0.0	-1000.0	0.0	-0.0	Inf
DTMPK_f	tartr__L_p	-0.0	-1000.0	0.0	-0.0	Inf
DTMPK_f	pe120_p	-0.0	0.0	0.0	Inf	Inf
DTMPK_f	melib_p	-0.0	-1000.0	0.0	-0.0	Inf
DTMPK_f	meoh_p	-0.0	-1000.0	0.0	-0.0	Inf
DTMPK_f	thym_p	-0.0	-1000.0	0.0	-0.0	Inf
DTMPK_f	thymd_p	-0.0	-0.011413295637225929	0.0	-0.0	Inf
DTMPK_f	pg120_p	-0.0	0.0	0.0	Inf	Inf
DTMPK_f	metsox_S__L_p	-0.0	-1000.0	0.0	-0.0	Inf
DTMPK_f	tmao_p	-0.0	-1000.0	0.0	-0.0	Inf
DTMPK_f	mg2_p	-0.0	-0.0037839310423100404	999.9962160689577	-0.0	0.0
DTMPK_f	tre_p	-0.0	0.0	0.0	Inf	Inf
DTMPK_f	mnl_p	-0.0	0.0	0.0	Inf	Inf
DTMPK_f	mobd_p	-0.0	-5.62682540703463e-05	999.9999437317459	-0.0	0.0
DTMPK_f	ura_p	-0.0	-1000.0	0.0	-0.0	Inf
DTMPK_f	urea_p	-0.0	0.0	1.634614041203404	Inf	0.0
DTMPK_f	uri_p	-0.0	0.0	0.0	Inf	Inf
DTMPK_f	xan_p	-0.0	0.0	0.0	Inf	Inf
DTMPK_f	xtsn_p	-0.0	0.0	0.0	Inf	Inf
DTMPK_f	xyl__D_p	-0.0	0.0	0.0	Inf	Inf
DTMPK_f	xylu__L_p	-0.0	-1000.0	0.0	-0.0	Inf
DTMPK_f	ppal_p	-0.0	-1000.0	0.0	-0.0	Inf
DTMPK_f	psclys_p	-0.0	-1000.0	0.0	-0.0	Inf
DTMPK_f	pydx_p	-0.0	0.0	0.0	Inf	Inf
DTMPK_f	pydxn_p	-0.0	0.0	0.0	Inf	Inf
DTMPK_f	rib__D_p	-0.0	-1000.0	0.0	-0.0	Inf
DTMPK_f	rmn_p	-0.0	-1000.0	0.0	-0.0	Inf
DTMPK_f	sbt__D_p	-0.0	-0.11842272350020268	0.0	-0.0	Inf
DTMPK_f	slnt_p	-0.0	0.0	0.0	Inf	Inf
DTMPK_f	so2_p	-0.0	-1000.0	0.0	-0.0	Inf
