Reaction	Metabolite	ShadowPrice	G-	G+	DecrementalShadowPrice	IncrementalShadowPrice
G3PGtex_f	12dgr120_c	-0.0	0.0	0.0	Inf	Inf
G3PGtex_f	12dgr140_c	-0.0	0.0	0.0	Inf	Inf
G3PGtex_f	12dgr160_c	-0.0	-0.01263967603983033	0.0	-0.0	Inf
G3PGtex_f	12dgr180_c	-0.0	0.0	0.0	Inf	Inf
G3PGtex_f	12ppd__R_c	-0.0	-1000.0	0.0	-0.0	Inf
G3PGtex_f	12ppd__S_c	-0.0	0.0	0.0	Inf	Inf
G3PGtex_f	5drib_c	-0.0	-999.9999027300723	9.726992765822928e-05	-0.0	0.0
G3PGtex_f	5mta_c	-0.0	0.0	0.0	Inf	Inf
G3PGtex_f	23dhacoa_c	-0.0	-0.0002512442970328266	0.0	-0.0	Inf
G3PGtex_f	5mtr_c	-0.0	0.0	0.0	Inf	Inf
G3PGtex_f	3amac_c	-0.0	-4.007793200860855	0.0	-0.0	Inf
G3PGtex_f	LalaDgluMdap_c	-0.0	-0.012120792599851458	0.0	-0.0	Inf
G3PGtex_f	ac_c	-0.0	-0.37919028119491	0.2541109250924882	-0.0	0.0
G3PGtex_f	acald_c	-0.0	-0.255373046519021	1.0818033574321193	-0.0	0.0
G3PGtex_f	acetol_c	-0.0	0.0	0.0006119717862301804	Inf	0.0
G3PGtex_f	acgam_c	-0.0	-0.04121453329399753	0.0	-0.0	Inf
G3PGtex_f	acgam6p_c	-0.0	-0.04121453329399753	0.0	-0.0	Inf
G3PGtex_f	acmalt_c	0.0	0.0	0.0	Inf	Inf
G3PGtex_f	acmana_c	-0.0	-0.04121453329399753	0.0	-0.0	Inf
G3PGtex_f	2dmmq8_c	-0.0	0.0	0.0	Inf	Inf
G3PGtex_f	2dmmql8_c	0.0	0.0	0.0	Inf	Inf
G3PGtex_f	ade_c	-0.0	-0.04763303995764547	0.0002918097829746878	-0.0	0.0
G3PGtex_f	adn_c	-0.0	0.0	0.0002918097829746878	Inf	0.0
G3PGtex_f	3sala_c	0.0	0.0	0.0	Inf	Inf
G3PGtex_f	adphep_DD_c	-0.0	0.0	0.0	Inf	Inf
G3PGtex_f	adphep_LD_c	-0.0	0.0	0.0	Inf	Inf
G3PGtex_f	4ahmmp_c	0.0	0.0	0.0	Inf	Inf
G3PGtex_f	4crsol_c	-0.0	-999.9999027300723	9.726992765822928e-05	-0.0	0.0
G3PGtex_f	2ohph_c	-0.0	-9.726992765822928e-05	0.03841061205508849	-0.0	0.0
G3PGtex_f	2ombzl_c	-0.0	0.0	0.0	Inf	Inf
G3PGtex_f	2omhmbl_c	-0.0	0.0	0.0	Inf	Inf
G3PGtex_f	2ommbl_c	0.0	0.0	0.0	Inf	Inf
G3PGtex_f	2omph_c	-0.0	0.0	0.03463011225415768	Inf	0.0
G3PGtex_f	4mhetz_c	0.0	0.0	0.0	Inf	Inf
G3PGtex_f	2oph_c	-0.0	-9.726992765822928e-05	0.03841061205508849	-0.0	0.0
G3PGtex_f	2oxpaccoa_c	-0.0	-0.0002512442970328266	0.0	-0.0	Inf
G3PGtex_f	all__D_c	-0.0	-0.10427732732860025	0.0	-0.0	Inf
G3PGtex_f	alltn_c	-0.0	-0.43149238894593206	0.0	-0.0	Inf
G3PGtex_f	4r5au_c	-0.0	-0.00019453985577743283	0.2353273537271171	-0.0	0.0
G3PGtex_f	56dura_c	0.0	0.0	0.0	Inf	Inf
G3PGtex_f	arab__L_c	-0.0	-0.1251327927943203	0.0	-0.0	Inf
G3PGtex_f	etoh_c	-0.0	-1000.0	0.0	-0.0	Inf
G3PGtex_f	csn_c	-0.0	0.0	0.0	Inf	Inf
G3PGtex_f	fald_c	-0.0	0.0	0.0	Inf	Inf
G3PGtex_f	fc1p_c	-0.0	-0.09133780495935788	0.0	-0.0	Inf
G3PGtex_f	fcl__L_c	-0.0	0.0	0.0	Inf	Inf
G3PGtex_f	aso4_c	0.0	0.0	0.0	Inf	Inf
G3PGtex_f	cyan_c	0.0	0.0	0.0	Inf	Inf
G3PGtex_f	athtp_c	0.0	0.0	0.0	Inf	Inf
G3PGtex_f	cytd_c	-0.0	-0.06585936462858961	0.0	-0.0	Inf
G3PGtex_f	dad_2_c	-0.0	-0.04763303995764547	0.0	-0.0	Inf
G3PGtex_f	dad_5_c	-0.0	-0.04763303995764547	9.726992765822928e-05	-0.0	0.0
G3PGtex_f	betald_c	0.0	0.0	0.0	Inf	Inf
G3PGtex_f	btal_c	-0.0	-1.2513279279432026	0.0	-0.0	Inf
G3PGtex_f	for_c	-0.0	-0.04763303995764545	0.001069969205983186	-0.0	0.0
G3PGtex_f	dcyt_c	-0.0	-0.011413295637225929	0.0	-0.0	Inf
G3PGtex_f	fru_c	-0.0	0.0	0.0	Inf	Inf
G3PGtex_f	ca2_c	-0.0	-0.002270358625423796	6.256639639716013	-0.0	0.0
G3PGtex_f	g3pe_c	-0.0	-0.060642347544700895	0.0	-0.0	Inf
G3PGtex_f	g3pi_c	0.0	0.0	0.0	Inf	Inf
G3PGtex_f	cbm_c	-0.0	-2.0038966004304277	0.0	-0.0	Inf
G3PGtex_f	dha_c	-0.0	-0.2085546546572005	0.0	-0.0	Inf
G3PGtex_f	gal_c	-0.0	0.0	0.0	Inf	Inf
G3PGtex_f	dhgly_c	-0.0	-9.726992765822928e-05	0.15620867445679307	-0.0	0.0
G3PGtex_f	dhmptp_c	0.0	0.0	0.0	Inf	Inf
G3PGtex_f	gcald_c	-0.0	-0.3208533148572315	0.0002918097833344291	-0.0	0.0
G3PGtex_f	dhptd_c	-0.0	-23.614823337328822	0.00019453985531645856	-0.0	0.0
G3PGtex_f	cechddd_c	-0.0	0.0	0.0	Inf	Inf
G3PGtex_f	dhptdn_c	0.0	0.0	0.0	Inf	Inf
G3PGtex_f	chol_c	0.0	0.0	0.0	Inf	Inf
G3PGtex_f	chtbs6p_c	-0.0	0.0	0.0	Inf	Inf
G3PGtex_f	dmbzid_c	0.0	0.0	0.0	Inf	Inf
G3PGtex_f	dms_c	0.0	0.0	0.0	Inf	Inf
G3PGtex_f	dmso_c	0.0	0.0	0.0	Inf	Inf
G3PGtex_f	cl_c	-0.0	-0.0022703586253860243	12.513279279432027	-0.0	0.0
G3PGtex_f	glc__D_c	-0.0	-0.10427732732860025	0.0	-0.0	Inf
G3PGtex_f	co2_c	-0.0	-987.9047826604708	12.0952173395292	-0.0	0.0
G3PGtex_f	dscl_c	-0.0	-9.726992765822928e-05	0.04547103196232871	-0.0	0.0
G3PGtex_f	dtdp4aaddg_c	-0.0	0.0	0.0	Inf	Inf
G3PGtex_f	glyald_c	-0.0	-1000.0	0.0	-0.0	Inf
G3PGtex_f	crn_c	-0.0	-6.256639639716013	0.0	-0.0	Inf
G3PGtex_f	duri_c	-0.0	-0.011413295637225929	0.0	-0.0	Inf
G3PGtex_f	glyb_c	0.0	0.0	0.0	Inf	Inf
G3PGtex_f	glyc_c	-0.0	-0.060642347544700895	0.0	-0.0	Inf
G3PGtex_f	dxyl_c	0.0	0.0	0.0	Inf	Inf
G3PGtex_f	glycogen_c	-0.0	-0.09775999437056274	0.0	-0.0	Inf
G3PGtex_f	gmhep1p_c	-0.0	0.0	0.3386954436820187	Inf	0.0
G3PGtex_f	lipa_cold_c	-0.0	0.0	0.0	Inf	Inf
G3PGtex_f	lipidA_c	-0.0	-0.006558322473496867	0.02818072509640434	-0.0	0.0
G3PGtex_f	malt_c	0.0	0.0	0.0	Inf	Inf
G3PGtex_f	h2_c	-0.0	0.0	0.0	Inf	Inf
G3PGtex_f	malthx_c	-0.0	0.0	0.0	Inf	Inf
G3PGtex_f	maltpt_c	-0.0	0.0	0.0	Inf	Inf
G3PGtex_f	malttr_c	-0.0	0.0	0.0	Inf	Inf
G3PGtex_f	maltttr_c	-0.0	0.0	0.0	Inf	Inf
G3PGtex_f	h2o2_c	-0.0	-0.0006119717862301804	2.318104960154187	-0.0	0.0
G3PGtex_f	man_c	-0.0	0.0	0.0	Inf	Inf
G3PGtex_f	mdhdhf_c	-0.0	-23.614823337328822	0.00019453985531645856	-0.0	0.0
G3PGtex_f	melib_c	-0.0	0.0	0.0	Inf	Inf
G3PGtex_f	meoh_c	-0.0	-1000.0	0.0	-0.0	Inf
G3PGtex_f	pacald_c	-0.0	-6.256639639716013	0.0	-0.0	Inf
G3PGtex_f	metsox_S__L_c	-0.0	-0.04763303995764545	0.0	-0.0	Inf
G3PGtex_f	mg2_c	-0.0	-0.0037839310423100404	3.1283198198580067	-0.0	0.0
G3PGtex_f	hhlipa_c	-0.0	0.0	0.0	Inf	Inf
G3PGtex_f	pe120_c	-0.0	0.0	0.0	Inf	Inf
G3PGtex_f	mobd_c	-0.0	-5.62682540703463e-05	9.060103118493998	-0.0	0.0
G3PGtex_f	hlipa_c	-0.0	0.0	0.0	Inf	Inf
G3PGtex_f	pg120_c	-0.0	-0.01564159909929004	0.0	-0.0	Inf
G3PGtex_f	mql8_c	0.0	0.0	0.0	Inf	Inf
G3PGtex_f	mqn8_c	-0.0	0.0	0.0	Inf	Inf
G3PGtex_f	mthgxl_c	-0.0	0.0	0.0006119717862301804	Inf	0.0
G3PGtex_f	hqn_c	0.0	0.0	0.0	Inf	Inf
G3PGtex_f	mththf_c	-0.0	-999.9998054601447	0.00019453985531645856	-0.0	0.0
G3PGtex_f	n2o_c	-0.0	-1000.0	0.0	-0.0	Inf
G3PGtex_f	na1_c	-0.0	0.0	0.0	Inf	Inf
G3PGtex_f	nac_c	-0.0	0.0	0.0	Inf	Inf
G3PGtex_f	ncam_c	-0.0	0.0	0.0	Inf	Inf
G3PGtex_f	ni2_c	-0.0	-0.00014088872929869084	999.9998591112707	-0.0	0.0
G3PGtex_f	no_c	-0.0	-1000.0	0.0	-0.0	Inf
G3PGtex_f	indole_c	-0.0	-0.02479423541648756	0.23238648059097108	-0.0	0.0
G3PGtex_f	no2_c	-0.0	-6.256639639716013	0.0	-0.0	Inf
G3PGtex_f	no3_c	0.0	0.0	0.0	Inf	Inf
G3PGtex_f	inost_c	0.0	0.0	0.0	Inf	Inf
G3PGtex_f	o2_c	-0.0	-11.164435731337637	988.8355642686623	-0.0	0.0
G3PGtex_f	poaac_c	-0.0	-2.787724036459692	0.0	-0.0	Inf
G3PGtex_f	ppal_c	-0.0	0.0	0.0	Inf	Inf
G3PGtex_f	k_c	-0.0	-0.0851408474860591	36.240412473975994	-0.0	0.0
G3PGtex_f	psclys_c	-0.0	0.0	0.0	Inf	Inf
G3PGtex_f	lald__D_c	-0.0	0.0	0.0006119717862301804	Inf	0.0
G3PGtex_f	lald__L_c	-0.0	-0.1867653623795825	0.0	-0.0	Inf
G3PGtex_f	ura_c	-0.0	0.0	0.0	Inf	Inf
G3PGtex_f	pydx_c	-0.0	0.0	0.0006119717862301804	Inf	0.0
G3PGtex_f	uracp_c	-0.0	-2.3555919447427414	0.0	-0.0	Inf
G3PGtex_f	pydxn_c	-0.0	0.0	0.2864854741025771	Inf	0.0
G3PGtex_f	urate_c	-0.0	-0.0006119717862301804	0.0	-0.0	Inf
G3PGtex_f	q8_c	-0.0	0.0	0.0	Inf	Inf
G3PGtex_f	q8h2_c	0.0	0.0	0.0	Inf	Inf
G3PGtex_f	urea_c	-0.0	-1000.0	0.0	-0.0	Inf
G3PGtex_f	uri_c	-0.0	0.0	0.0	Inf	Inf
G3PGtex_f	rbflvrd_c	-0.0	0.0	0.023816519978822726	Inf	0.0
G3PGtex_f	rbl__L_c	-0.0	-0.1251327927943203	0.0	-0.0	Inf
G3PGtex_f	rdmbzi_c	0.0	0.0	0.0	Inf	Inf
G3PGtex_f	thptdn_c	0.0	0.0	0.0	Inf	Inf
G3PGtex_f	xan_c	-0.0	0.0	0.0	Inf	Inf
G3PGtex_f	rephaccoa_c	-0.0	-0.0002512442970328266	0.0	-0.0	Inf
G3PGtex_f	rib__D_c	-0.0	-0.1251327927943203	0.0	-0.0	Inf
G3PGtex_f	xtsn_c	-0.0	0.0	0.0	Inf	Inf
G3PGtex_f	rml_c	-0.0	-0.09852975810576402	0.0	-0.0	Inf
G3PGtex_f	thym_c	-0.0	-36.240412473975994	0.0	-0.0	Inf
G3PGtex_f	thymd_c	-0.0	-0.011413295637225929	0.0	-0.0	Inf
G3PGtex_f	xu5p__L_c	-0.0	-0.113757084358473	0.0	-0.0	Inf
G3PGtex_f	rmn_c	-0.0	-0.09852975810576402	0.0	-0.0	Inf
G3PGtex_f	xyl__D_c	0.0	0.0	0.0	Inf	Inf
G3PGtex_f	tmao_c	0.0	0.0	0.0	Inf	Inf
G3PGtex_f	xylu__D_c	-0.0	0.0	0.0	Inf	Inf
G3PGtex_f	xylu__L_c	-0.0	-0.1251327927943203	0.0	-0.0	Inf
G3PGtex_f	12ppd__R_e	-0.0	-1000.0	0.0	-0.0	Inf
G3PGtex_f	12ppd__S_e	-0.0	-1000.0	0.0	-0.0	Inf
G3PGtex_f	tre_c	-0.0	-0.052138663664300124	0.0	-0.0	Inf
G3PGtex_f	seln_c	0.0	0.0	0.0	Inf	Inf
G3PGtex_f	34dhpac_e	-0.0	-1000.0	0.0	-0.0	Inf
G3PGtex_f	slnt_c	0.0	0.0	0.0	Inf	Inf
G3PGtex_f	so2_c	0.0	0.0	0.0	Inf	Inf
G3PGtex_f	so3_c	-0.0	-0.10811705124978792	1.8120206236987997	-0.0	0.0
G3PGtex_f	so4_c	-0.0	-0.11000923486494685	36.240412473975994	-0.0	0.0
G3PGtex_f	4hoxpacd_e	-0.0	-1000.0	0.0	-0.0	Inf
G3PGtex_f	5mtr_e	-0.0	0.0	0.0	Inf	Inf
G3PGtex_f	LalaDgluMdap_e	-0.0	-1000.0	0.0	-0.0	Inf
G3PGtex_f	ac_e	-0.0	0.0	0.0	Inf	Inf
G3PGtex_f	acald_e	-0.0	-1000.0	0.0	-0.0	Inf
G3PGtex_f	acgal_e	-0.0	-1000.0	0.0	-0.0	Inf
G3PGtex_f	acgam_e	-0.0	-1000.0	0.0	-0.0	Inf
G3PGtex_f	acmana_e	-0.0	-1000.0	0.0	-0.0	Inf
G3PGtex_f	tagur_c	-0.0	0.0	0.0	Inf	Inf
G3PGtex_f	tartr__L_c	-0.0	-0.2317273940635561	0.0	-0.0	Inf
G3PGtex_f	ade_e	-0.0	-1000.0	0.0	-0.0	Inf
G3PGtex_f	adn_e	-0.0	-1000.0	0.0	-0.0	Inf
G3PGtex_f	all__D_e	-0.0	-1000.0	0.0	-0.0	Inf
G3PGtex_f	cl_e	-0.0	-0.002270358625423796	999.9977296413746	-0.0	0.0
G3PGtex_f	alltn_e	-0.0	0.0	0.0	Inf	Inf
G3PGtex_f	cm_e	-0.0	-1000.0	0.0	-0.0	Inf
G3PGtex_f	co2_e	-0.0	-987.9047826604708	12.0952173395292	-0.0	0.0
G3PGtex_f	arab__L_e	-0.0	-1000.0	0.0	-0.0	Inf
G3PGtex_f	arbt_e	-0.0	-1000.0	0.0	-0.0	Inf
G3PGtex_f	unagamu_c	-0.0	0.0	0.02619473254353162	Inf	0.0
G3PGtex_f	crn_e	-0.0	-1000.0	0.0	-0.0	Inf
G3PGtex_f	csn_e	-0.0	-1000.0	0.0	-0.0	Inf
G3PGtex_f	cyan_e	-0.0	-1000.0	0.0	-0.0	Inf
G3PGtex_f	glyb_e	-0.0	-1000.0	0.0	-0.0	Inf
G3PGtex_f	glyc_e	-0.0	-1000.0	0.0	-0.0	Inf
G3PGtex_f	cytd_e	-0.0	-1000.0	0.0	-0.0	Inf
G3PGtex_f	ca2_e	-0.0	-0.002270358625423796	999.9977296413746	-0.0	0.0
G3PGtex_f	dad_2_e	-0.0	-1000.0	0.0	-0.0	Inf
G3PGtex_f	dcyt_e	-0.0	-1000.0	0.0	-0.0	Inf
G3PGtex_f	chol_e	-0.0	-1000.0	0.0	-0.0	Inf
G3PGtex_f	dha_e	-0.0	-1000.0	0.0	-0.0	Inf
G3PGtex_f	ppal_e	-0.0	-1000.0	0.0	-0.0	Inf
G3PGtex_f	h2_e	-0.0	-1000.0	0.0	-0.0	Inf
G3PGtex_f	dms_e	-0.0	-1000.0	0.0	-0.0	Inf
G3PGtex_f	dmso_e	-0.0	-1000.0	0.0	-0.0	Inf
G3PGtex_f	h2o2_e	-0.0	-1000.0	0.0	-0.0	Inf
G3PGtex_f	psclys_e	-0.0	-1000.0	0.0	-0.0	Inf
G3PGtex_f	duri_e	-0.0	-1000.0	0.0	-0.0	Inf
G3PGtex_f	pydx_e	-0.0	-1000.0	0.0	-0.0	Inf
G3PGtex_f	pydxn_e	-0.0	-1000.0	0.0	-0.0	Inf
G3PGtex_f	etoh_e	-0.0	-1000.0	0.0	-0.0	Inf
G3PGtex_f	fald_e	-0.0	0.0	0.0	Inf	Inf
G3PGtex_f	rib__D_e	-0.0	-1000.0	0.0	-0.0	Inf
G3PGtex_f	rmn_e	-0.0	-1000.0	0.0	-0.0	Inf
G3PGtex_f	indole_e	-0.0	-1000.0	0.0	-0.0	Inf
G3PGtex_f	inost_e	-0.0	-1000.0	0.0	-0.0	Inf
G3PGtex_f	sbt__D_e	-0.0	-0.09133780495935788	0.0	-0.0	Inf
G3PGtex_f	k_e	-0.0	-0.0851408474860591	999.9148591525139	-0.0	0.0
G3PGtex_f	for_e	-0.0	0.0	0.001069969205983186	Inf	0.0
G3PGtex_f	slnt_e	-0.0	0.0	1000.0	Inf	0.0
G3PGtex_f	fru_e	-0.0	-1000.0	0.0	-0.0	Inf
G3PGtex_f	so2_e	-0.0	-1000.0	0.0	-0.0	Inf
G3PGtex_f	so3_e	-0.0	-1000.0	0.0	-0.0	Inf
G3PGtex_f	so4_e	-0.0	-0.11000923486494685	999.889990765135	-0.0	0.0
G3PGtex_f	lipa_cold_e	-0.0	-1000.0	0.0	-0.0	Inf
G3PGtex_f	sucr_e	-0.0	-1000.0	0.0	-0.0	Inf
G3PGtex_f	g3pe_e	-0.0	-1000.0	0.0	-0.0	Inf
G3PGtex_f	malt_e	-0.0	-1000.0	0.0	-0.0	Inf
G3PGtex_f	tartr__L_e	-0.0	-1000.0	0.0	-0.0	Inf
G3PGtex_f	g3pi_e	-0.0	-1000.0	0.0	-0.0	Inf
G3PGtex_f	malthx_e	-0.0	-1000.0	0.0	-0.0	Inf
G3PGtex_f	maltpt_e	-0.0	-1000.0	0.0	-0.0	Inf
G3PGtex_f	gal_e	-0.0	-1000.0	0.0	-0.0	Inf
G3PGtex_f	gal_bD_e	-0.0	-1000.0	0.0	-0.0	Inf
G3PGtex_f	malttr_e	-0.0	-1000.0	0.0	-0.0	Inf
G3PGtex_f	maltttr_e	-0.0	-1000.0	0.0	-0.0	Inf
G3PGtex_f	man_e	-0.0	-1000.0	0.0	-0.0	Inf
G3PGtex_f	thym_e	-0.0	-1000.0	0.0	-0.0	Inf
G3PGtex_f	thymd_e	-0.0	-1000.0	0.0	-0.0	Inf
G3PGtex_f	galt_e	-0.0	-0.09133780495935788	0.0	-0.0	Inf
G3PGtex_f	melib_e	-0.0	-1000.0	0.0	-0.0	Inf
G3PGtex_f	meoh_e	-0.0	-1000.0	0.0	-0.0	Inf
G3PGtex_f	tmao_e	-0.0	-1000.0	0.0	-0.0	Inf
G3PGtex_f	tre_e	-0.0	-1000.0	0.0	-0.0	Inf
G3PGtex_f	metsox_S__L_e	-0.0	-1000.0	0.0	-0.0	Inf
G3PGtex_f	glc__D_e	-0.0	-0.09852975810576402	0.418964306057526	-0.0	0.0
G3PGtex_f	mg2_e	-0.0	-0.003783931042335098	999.9962160689577	-0.0	0.0
G3PGtex_f	mnl_e	-0.0	-1000.0	0.0	-0.0	Inf
G3PGtex_f	mobd_e	-0.0	-5.62682540703463e-05	999.9999437317459	-0.0	0.0
G3PGtex_f	glyald_e	-0.0	-1000.0	0.0	-0.0	Inf
G3PGtex_f	n2o_e	-0.0	-1000.0	0.0	-0.0	Inf
G3PGtex_f	na1_e	-0.0	0.0	1000.0	Inf	0.0
G3PGtex_f	nac_e	-0.0	-1000.0	0.0	-0.0	Inf
G3PGtex_f	ni2_e	-0.0	-0.00014088872933371022	999.9998591112707	-0.0	0.0
G3PGtex_f	no_e	-0.0	-1000.0	0.0	-0.0	Inf
G3PGtex_f	no2_e	-0.0	-1000.0	0.0	-0.0	Inf
G3PGtex_f	ura_e	-0.0	-1000.0	0.0	-0.0	Inf
G3PGtex_f	no3_e	-0.0	-1000.0	0.0	-0.0	Inf
G3PGtex_f	urea_e	-0.0	-1000.0	0.0	-0.0	Inf
G3PGtex_f	novbcn_e	-0.0	-1000.0	0.0	-0.0	Inf
G3PGtex_f	uri_e	-0.0	-1000.0	0.0	-0.0	Inf
G3PGtex_f	o2_e	-0.0	-11.164435731337676	988.8355642686623	-0.0	0.0
G3PGtex_f	xan_e	-0.0	0.0	0.0	Inf	Inf
G3PGtex_f	xtsn_e	-0.0	-1000.0	0.0	-0.0	Inf
G3PGtex_f	xyl__D_e	-0.0	-1000.0	0.0	-0.0	Inf
G3PGtex_f	xylu__L_e	-0.0	-1000.0	0.0	-0.0	Inf
G3PGtex_f	pacald_e	-0.0	-1000.0	0.0	-0.0	Inf
G3PGtex_f	12dgr120_p	-0.0	0.0	0.0	Inf	Inf
G3PGtex_f	12dgr140_p	-0.0	0.0	0.0	Inf	Inf
G3PGtex_f	12dgr160_p	-0.0	-0.01263967603983033	0.0	-0.0	Inf
G3PGtex_f	12dgr180_p	-0.0	0.0	0.0	Inf	Inf
G3PGtex_f	12ppd__R_p	-0.0	-1000.0	0.0	-0.0	Inf
G3PGtex_f	12ppd__S_p	-0.0	0.0	0.0	Inf	Inf
G3PGtex_f	chol_p	-0.0	-1000.0	0.0	-0.0	Inf
G3PGtex_f	cl_p	-0.0	-0.002270358625423796	999.9977296413746	-0.0	0.0
G3PGtex_f	34dhpac_p	-0.0	-1000.0	0.0	-0.0	Inf
G3PGtex_f	cm_p	-0.0	0.0	0.0	Inf	Inf
G3PGtex_f	4hoxpacd_p	-0.0	-1000.0	0.0	-0.0	Inf
G3PGtex_f	co2_p	-0.0	-987.9047826604708	12.0952173395292	-0.0	0.0
G3PGtex_f	5mtr_p	-0.0	0.0	0.0	Inf	Inf
G3PGtex_f	LalaDgluMdap_p	-0.0	-0.012120792599851458	0.0	-0.0	Inf
G3PGtex_f	gal_p	-0.0	-1000.0	0.0	-0.0	Inf
G3PGtex_f	ac_p	-0.0	-0.40365417030425904	0.0	-0.0	Inf
G3PGtex_f	crn_p	-0.0	-1000.0	0.0	-0.0	Inf
G3PGtex_f	gal_bD_p	-0.0	-1000.0	0.0	-0.0	Inf
G3PGtex_f	acald_p	-0.0	-1000.0	0.0	-0.0	Inf
G3PGtex_f	acgal_p	-0.0	-1000.0	0.0	-0.0	Inf
G3PGtex_f	csn_p	-0.0	0.0	0.0	Inf	Inf
G3PGtex_f	acgam_p	-0.0	-1000.0	0.0	-0.0	Inf
G3PGtex_f	galt_p	-0.0	-0.09133780495935788	0.0	-0.0	Inf
G3PGtex_f	acmana_p	-0.0	-1000.0	0.0	-0.0	Inf
G3PGtex_f	cyan_p	-0.0	0.0	0.0	Inf	Inf
G3PGtex_f	ade_p	-0.0	-1000.0	0.0	-0.0	Inf
G3PGtex_f	adn_p	-0.0	0.0	0.0002918097829746878	Inf	0.0
G3PGtex_f	cytd_p	-0.0	-0.06655999616719163	0.0	-0.0	Inf
G3PGtex_f	glc__D_p	-0.0	-0.09852975810576402	0.418964306057526	-0.0	0.0
G3PGtex_f	dad_2_p	-0.0	-1000.0	0.0	-0.0	Inf
G3PGtex_f	dcyt_p	-0.0	-1000.0	0.0	-0.0	Inf
G3PGtex_f	all__D_p	-0.0	0.0	0.0	Inf	Inf
G3PGtex_f	alltn_p	-0.0	0.0	0.0	Inf	Inf
G3PGtex_f	dha_p	-0.0	-1000.0	0.0	-0.0	Inf
G3PGtex_f	glyald_p	-0.0	-1000.0	0.0	-0.0	Inf
G3PGtex_f	glyb_p	0.0	0.0	0.0	Inf	Inf
G3PGtex_f	dms_p	-0.0	-1000.0	0.0	-0.0	Inf
G3PGtex_f	glyc_p	-0.0	-0.060642347544700895	0.0	-0.0	Inf
G3PGtex_f	dmso_p	-0.0	-1000.0	0.0	-0.0	Inf
G3PGtex_f	arab__L_p	-0.0	0.0	0.0	Inf	Inf
G3PGtex_f	arbt_p	0.0	0.0	0.0	Inf	Inf
G3PGtex_f	ca2_p	-0.0	-0.002270358625423796	999.9977296413746	-0.0	0.0
G3PGtex_f	duri_p	-0.0	-1000.0	0.0	-0.0	Inf
G3PGtex_f	h2_p	-0.0	-1000.0	0.0	-0.0	Inf
G3PGtex_f	h2o2_p	-0.0	-1000.0	0.0	-0.0	Inf
G3PGtex_f	etoh_p	-0.0	-1000.0	0.0	-0.0	Inf
G3PGtex_f	fald_p	-0.0	0.0	0.0	Inf	Inf
G3PGtex_f	n2o_p	-0.0	-1000.0	0.0	-0.0	Inf
G3PGtex_f	na1_p	-0.0	0.0	0.0	Inf	Inf
G3PGtex_f	indole_p	-0.0	0.0	0.23238648059097108	Inf	0.0
G3PGtex_f	nac_p	-0.0	-1000.0	0.0	-0.0	Inf
G3PGtex_f	ni2_p	-0.0	-0.00014088872933371022	999.9998591112707	-0.0	0.0
G3PGtex_f	inost_p	-0.0	-1000.0	0.0	-0.0	Inf
G3PGtex_f	no_p	-0.0	-1000.0	0.0	-0.0	Inf
G3PGtex_f	no2_p	-0.0	-1000.0	0.0	-0.0	Inf
G3PGtex_f	for_p	-0.0	0.0	0.001069969205983186	Inf	0.0
G3PGtex_f	fru_p	-0.0	-1000.0	0.0	-0.0	Inf
G3PGtex_f	no3_p	-0.0	0.0	0.0	Inf	Inf
G3PGtex_f	k_p	-0.0	-0.0851408474860591	999.9148591525139	-0.0	0.0
G3PGtex_f	novbcn_p	-0.0	0.0	0.0	Inf	Inf
G3PGtex_f	o2_p	-0.0	-11.164435731337676	988.8355642686623	-0.0	0.0
G3PGtex_f	lipa_cold_p	-0.0	-9.060103118493998	0.0	-0.0	Inf
G3PGtex_f	g3pe_p	-0.0	0.0	0.0	Inf	Inf
G3PGtex_f	g3pi_p	-0.0	0.0	0.0	Inf	Inf
G3PGtex_f	so3_p	-0.0	-1000.0	0.0	-0.0	Inf
G3PGtex_f	so4_p	-0.0	-0.11000923486494685	999.889990765135	-0.0	0.0
G3PGtex_f	malt_p	0.0	0.0	0.0	Inf	Inf
G3PGtex_f	malthx_p	0.0	0.0	0.0	Inf	Inf
G3PGtex_f	maltpt_p	0.0	0.0	0.0	Inf	Inf
G3PGtex_f	sucr_p	-0.0	-1000.0	0.0	-0.0	Inf
G3PGtex_f	malttr_p	0.0	0.0	0.0	Inf	Inf
G3PGtex_f	maltttr_p	0.0	0.0	0.0	Inf	Inf
G3PGtex_f	pacald_p	-0.0	-1000.0	0.0	-0.0	Inf
G3PGtex_f	man_p	-0.0	-1000.0	0.0	-0.0	Inf
G3PGtex_f	tartr__L_p	-0.0	-1000.0	0.0	-0.0	Inf
G3PGtex_f	pe120_p	-0.0	-0.015899973671451115	0.0	-0.0	Inf
G3PGtex_f	melib_p	-0.0	-1000.0	0.0	-0.0	Inf
G3PGtex_f	meoh_p	-0.0	-1000.0	0.0	-0.0	Inf
G3PGtex_f	thym_p	-0.0	-1000.0	0.0	-0.0	Inf
G3PGtex_f	thymd_p	-0.0	-0.011413295637225929	0.0	-0.0	Inf
G3PGtex_f	pg120_p	-0.0	-0.015486731781475282	0.0	-0.0	Inf
G3PGtex_f	metsox_S__L_p	-0.0	-1000.0	0.0	-0.0	Inf
G3PGtex_f	tmao_p	-0.0	-1000.0	0.0	-0.0	Inf
G3PGtex_f	mg2_p	-0.0	-0.0037839310423100404	999.9962160689577	-0.0	0.0
G3PGtex_f	tre_p	-0.0	0.0	0.0	Inf	Inf
G3PGtex_f	mnl_p	-0.0	0.0	0.0	Inf	Inf
G3PGtex_f	mobd_p	-0.0	-5.62682540703463e-05	999.9999437317459	-0.0	0.0
G3PGtex_f	ura_p	-0.0	-1000.0	0.0	-0.0	Inf
G3PGtex_f	urea_p	-0.0	-1000.0	0.0	-0.0	Inf
G3PGtex_f	uri_p	-0.0	0.0	0.0	Inf	Inf
G3PGtex_f	xan_p	-0.0	0.0	0.0	Inf	Inf
G3PGtex_f	xtsn_p	-0.0	0.0	0.0	Inf	Inf
G3PGtex_f	xyl__D_p	-0.0	0.0	0.0	Inf	Inf
G3PGtex_f	xylu__L_p	-0.0	-1000.0	0.0	-0.0	Inf
G3PGtex_f	ppal_p	-0.0	-1000.0	0.0	-0.0	Inf
G3PGtex_f	psclys_p	-0.0	-1000.0	0.0	-0.0	Inf
G3PGtex_f	pydx_p	-0.0	0.0	0.0	Inf	Inf
G3PGtex_f	pydxn_p	-0.0	0.0	0.0	Inf	Inf
G3PGtex_f	rib__D_p	-0.0	-1000.0	0.0	-0.0	Inf
G3PGtex_f	rmn_p	-0.0	-1000.0	0.0	-0.0	Inf
G3PGtex_f	sbt__D_p	-0.0	-0.09133780495935788	0.0	-0.0	Inf
G3PGtex_f	slnt_p	-0.0	0.0	0.0	Inf	Inf
G3PGtex_f	so2_p	-0.0	-1000.0	0.0	-0.0	Inf
