Reaction	Metabolite	ShadowPrice	G-	G+	DecrementalShadowPrice	IncrementalShadowPrice
GALtex_f	12dgr120_c	-0.0	0.0	0.0	Inf	Inf
GALtex_f	12dgr140_c	-0.0	0.0	0.0	Inf	Inf
GALtex_f	12dgr160_c	-0.0	-0.027834902078836876	0.0	-0.0	Inf
GALtex_f	12dgr180_c	-0.0	0.0	0.0	Inf	Inf
GALtex_f	12ppd__R_c	-0.0	-1000.0	0.0	-0.0	Inf
GALtex_f	12ppd__S_c	-0.0	0.0	0.0	Inf	Inf
GALtex_f	5drib_c	-0.0	-999.9999027300723	9.726992765822928e-05	-0.0	0.0
GALtex_f	5mta_c	-0.0	0.0	0.0	Inf	Inf
GALtex_f	23dhacoa_c	-0.0	-0.0002512442970368234	0.0	-0.0	Inf
GALtex_f	5mtr_c	-0.0	0.0	0.0	Inf	Inf
GALtex_f	3amac_c	-0.0	-4.007793200846949	0.0	-0.0	Inf
GALtex_f	LalaDgluMdap_c	-0.0	-0.012120792599851458	0.0	-0.0	Inf
GALtex_f	ac_c	-0.0	-1.6159677819338982	0.2541109250924922	-0.0	0.0
GALtex_f	acald_c	-0.0	0.0	0.9455771584746802	Inf	0.0
GALtex_f	acetol_c	-0.0	0.0	0.0	Inf	Inf
GALtex_f	acgam_c	-0.0	-0.04121453329399753	0.0	-0.0	Inf
GALtex_f	acgam6p_c	-0.0	-0.04121453329399753	0.0	-0.0	Inf
GALtex_f	acmalt_c	0.0	0.0	0.0	Inf	Inf
GALtex_f	acmana_c	-0.0	-0.04121453329399753	0.0	-0.0	Inf
GALtex_f	2dmmq8_c	-0.0	0.0	0.0	Inf	Inf
GALtex_f	2dmmql8_c	0.0	0.0	0.0	Inf	Inf
GALtex_f	ade_c	-0.0	-0.04870300915945336	0.0002918097829746878	-0.0	0.0
GALtex_f	adn_c	-0.0	-0.04870300915945336	0.0002918097829746878	-0.0	0.0
GALtex_f	3sala_c	0.0	0.0	0.0	Inf	Inf
GALtex_f	adphep_DD_c	-0.0	0.0	0.0	Inf	Inf
GALtex_f	adphep_LD_c	-0.0	0.0	0.0	Inf	Inf
GALtex_f	4ahmmp_c	0.0	0.0	0.0	Inf	Inf
GALtex_f	4crsol_c	-0.0	-999.9999027300723	9.726992765822928e-05	-0.0	0.0
GALtex_f	2ohph_c	-0.0	-9.726992765822928e-05	0.03165539083446553	-0.0	0.0
GALtex_f	2ombzl_c	-0.0	0.0	0.0	Inf	Inf
GALtex_f	2omhmbl_c	-0.0	0.0	0.0	Inf	Inf
GALtex_f	2ommbl_c	0.0	0.0	0.0	Inf	Inf
GALtex_f	2omph_c	-0.0	0.0	0.028486775425379078	Inf	0.0
GALtex_f	4mhetz_c	0.0	0.0	0.0	Inf	Inf
GALtex_f	2oph_c	-0.0	-9.726992765822928e-05	0.03165539083446553	-0.0	0.0
GALtex_f	2oxpaccoa_c	-0.0	-0.0002512442970368234	0.0	-0.0	Inf
GALtex_f	all__D_c	-0.0	-0.8079838909669491	0.0	-0.0	Inf
GALtex_f	alltn_c	-0.0	-1.0019483002117389	0.0	-0.0	Inf
GALtex_f	4r5au_c	-0.0	-0.00019453985577743283	0.18670631791538267	-0.0	0.0
GALtex_f	56dura_c	0.0	0.0	0.0	Inf	Inf
GALtex_f	arab__L_c	-0.0	-0.8127239233252794	0.0	-0.0	Inf
GALtex_f	etoh_c	-0.0	-1000.0	0.0	-0.0	Inf
GALtex_f	csn_c	-0.0	0.0	0.0	Inf	Inf
GALtex_f	fald_c	-0.0	0.0	0.0	Inf	Inf
GALtex_f	fc1p_c	-0.0	-0.4207604824528075	0.0	-0.0	Inf
GALtex_f	fcl__L_c	-0.0	0.0	0.0	Inf	Inf
GALtex_f	aso4_c	0.0	0.0	0.0	Inf	Inf
GALtex_f	cyan_c	0.0	0.0	0.0	Inf	Inf
GALtex_f	athtp_c	0.0	0.0	0.0	Inf	Inf
GALtex_f	cytd_c	-0.0	-0.07001908133348302	0.0	-0.0	Inf
GALtex_f	dad_2_c	-0.0	0.0	0.0	Inf	Inf
GALtex_f	dad_5_c	-0.0	-0.04870300915945336	9.726992765822928e-05	-0.0	0.0
GALtex_f	betald_c	0.0	0.0	0.0	Inf	Inf
GALtex_f	btal_c	-0.0	-25.476987833173006	0.0	-0.0	Inf
GALtex_f	for_c	-0.0	-4.0077932008469555	0.0010699692056421258	-0.0	0.0
GALtex_f	dcyt_c	-0.0	-0.01141329563724317	0.0	-0.0	Inf
GALtex_f	fru_c	-0.0	-0.8079838909669491	0.0	-0.0	Inf
GALtex_f	ca2_c	-0.0	-0.002270358625423796	50.95397566634601	-0.0	0.0
GALtex_f	g3pe_c	-0.0	0.0	0.0	Inf	Inf
GALtex_f	g3pi_c	0.0	0.0	0.0	Inf	Inf
GALtex_f	cbm_c	-0.0	-2.003896600423477	0.0	-0.0	Inf
GALtex_f	dha_c	-0.0	-1.6159677819338982	0.0	-0.0	Inf
GALtex_f	gal_c	-0.0	0.0	0.0	Inf	Inf
GALtex_f	dhgly_c	-0.0	-9.726992765822928e-05	0.12634867203756497	-0.0	0.0
GALtex_f	dhmptp_c	0.0	0.0	0.0	Inf	Inf
GALtex_f	gcald_c	-0.0	-1.290835623476835	0.00029180978299336857	-0.0	0.0
GALtex_f	dhptd_c	-0.0	-23.614823337318718	0.00019453985531645856	-0.0	0.0
GALtex_f	cechddd_c	-0.0	0.0	0.0	Inf	Inf
GALtex_f	dhptdn_c	0.0	0.0	0.0	Inf	Inf
GALtex_f	chol_c	0.0	0.0	0.0	Inf	Inf
GALtex_f	chtbs6p_c	-0.0	0.0	0.0	Inf	Inf
GALtex_f	dmbzid_c	0.0	0.0	0.0	Inf	Inf
GALtex_f	dms_c	0.0	0.0	0.0	Inf	Inf
GALtex_f	dmso_c	0.0	0.0	0.0	Inf	Inf
GALtex_f	cl_c	-0.0	-0.0022703586253860243	101.90795133269202	-0.0	0.0
GALtex_f	glc__D_c	-0.0	-0.8079838909669491	0.0	-0.0	Inf
GALtex_f	co2_c	-0.0	-987.9047826604299	12.094147370364453	-0.0	0.0
GALtex_f	dscl_c	-0.0	-9.726992765822928e-05	0.03772572961739392	-0.0	0.0
GALtex_f	dtdp4aaddg_c	-0.0	0.0	0.0	Inf	Inf
GALtex_f	glyald_c	-0.0	-1000.0	0.0	-0.0	Inf
GALtex_f	crn_c	-0.0	-50.95397566634601	0.0	-0.0	Inf
GALtex_f	duri_c	-0.0	-0.01141329563724317	0.0	-0.0	Inf
GALtex_f	glyb_c	0.0	0.0	0.0	Inf	Inf
GALtex_f	glyc_c	-0.0	-0.060642347544700895	0.0	-0.0	Inf
GALtex_f	dxyl_c	0.0	0.0	0.0	Inf	Inf
GALtex_f	glycogen_c	-0.0	-0.8079838909669491	0.0	-0.0	Inf
GALtex_f	gmhep1p_c	-0.0	0.0	0.27395226086649593	Inf	0.0
GALtex_f	lipa_cold_c	-0.0	0.0	0.0	Inf	Inf
GALtex_f	lipidA_c	-0.0	-0.008486474047111357	0.024105996638745967	-0.0	0.0
GALtex_f	malt_c	0.0	0.0	0.0	Inf	Inf
GALtex_f	h2_c	-0.0	0.0	0.0	Inf	Inf
GALtex_f	malthx_c	-0.0	0.0	0.0	Inf	Inf
GALtex_f	maltpt_c	-0.0	0.0	0.0	Inf	Inf
GALtex_f	malttr_c	-0.0	0.0	0.0	Inf	Inf
GALtex_f	maltttr_c	-0.0	0.0	0.0	Inf	Inf
GALtex_f	h2o2_c	-0.0	-0.00160560808838539	6.536993435342092	-0.0	0.0
GALtex_f	man_c	-0.0	0.0	0.0	Inf	Inf
GALtex_f	mdhdhf_c	-0.0	-23.614823337318718	0.00019453985531645856	-0.0	0.0
GALtex_f	melib_c	-0.0	0.0	0.0	Inf	Inf
GALtex_f	meoh_c	-0.0	-1000.0	0.0	-0.0	Inf
GALtex_f	pacald_c	-0.0	-50.95397566634601	0.0	-0.0	Inf
GALtex_f	metsox_S__L_c	-0.0	-0.04870300915945336	0.0	-0.0	Inf
GALtex_f	mg2_c	-0.0	-0.0037839310423100404	25.476987833173006	-0.0	0.0
GALtex_f	hhlipa_c	-0.0	0.0	0.0	Inf	Inf
GALtex_f	pe120_c	-0.0	0.0	0.0	Inf	Inf
GALtex_f	mobd_c	-0.0	-5.62682540703463e-05	7.328222978178758	-0.0	0.0
GALtex_f	hlipa_c	-0.0	0.0	0.0	Inf	Inf
GALtex_f	pg120_c	-0.0	0.0	0.0	Inf	Inf
GALtex_f	mql8_c	0.0	0.0	0.0	Inf	Inf
GALtex_f	mqn8_c	-0.0	0.0	0.0	Inf	Inf
GALtex_f	mthgxl_c	-0.0	-1.6159677819338982	0.0	-0.0	Inf
GALtex_f	hqn_c	0.0	0.0	0.0	Inf	Inf
GALtex_f	mththf_c	-0.0	-999.9998054601447	0.00019453985531645856	-0.0	0.0
GALtex_f	n2o_c	-0.0	-1000.0	0.0	-0.0	Inf
GALtex_f	na1_c	-0.0	0.0	0.0	Inf	Inf
GALtex_f	nac_c	-0.0	0.0	0.0	Inf	Inf
GALtex_f	ncam_c	-0.0	0.0	0.0	Inf	Inf
GALtex_f	ni2_c	-0.0	-0.00014088872929869084	999.9998591112707	-0.0	0.0
GALtex_f	no_c	-0.0	-1000.0	0.0	-0.0	Inf
GALtex_f	indole_c	-0.0	-0.02479423541648756	0.19940742797765362	-0.0	0.0
GALtex_f	no2_c	-0.0	-50.95397566634601	0.0	-0.0	Inf
GALtex_f	no3_c	0.0	0.0	0.0	Inf	Inf
GALtex_f	inost_c	0.0	0.0	0.0	Inf	Inf
GALtex_f	o2_c	-0.0	-11.16443573136894	988.8355642686311	-0.0	0.0
GALtex_f	poaac_c	-0.0	-2.2548378394396194	0.0	-0.0	Inf
GALtex_f	ppal_c	-0.0	0.0	0.0	Inf	Inf
GALtex_f	k_c	-0.0	-0.0851408474860591	29.31289191271503	-0.0	0.0
GALtex_f	psclys_c	-0.0	0.0	0.0	Inf	Inf
GALtex_f	lald__D_c	-0.0	0.0	0.0	Inf	Inf
GALtex_f	lald__L_c	-0.0	-1.6159677819338982	0.0	-0.0	Inf
GALtex_f	ura_c	-0.0	0.0	0.0	Inf	Inf
GALtex_f	pydx_c	-0.0	0.0	0.00160560808838539	Inf	0.0
GALtex_f	uracp_c	-0.0	-2.355591944733362	0.0	-0.0	Inf
GALtex_f	pydxn_c	-0.0	0.0	0.2363942896186701	Inf	0.0
GALtex_f	urate_c	-0.0	-0.00160560808838539	0.0	-0.0	Inf
GALtex_f	q8_c	-0.0	0.0	0.0	Inf	Inf
GALtex_f	q8h2_c	0.0	0.0	0.0	Inf	Inf
GALtex_f	urea_c	-0.0	-1000.0	0.0	-0.0	Inf
GALtex_f	uri_c	-0.0	0.0	0.0	Inf	Inf
GALtex_f	rbflvrd_c	-0.0	0.0	0.09706255600236782	Inf	0.0
GALtex_f	rbl__L_c	-0.0	-0.8127239233252794	0.0	-0.0	Inf
GALtex_f	rdmbzi_c	0.0	0.0	0.0	Inf	Inf
GALtex_f	thptdn_c	0.0	0.0	0.0	Inf	Inf
GALtex_f	xan_c	-0.0	0.0	0.0	Inf	Inf
GALtex_f	rephaccoa_c	-0.0	-0.0002512442970368234	0.0	-0.0	Inf
GALtex_f	rib__D_c	-0.0	0.0	0.3961201609826363	Inf	0.0
GALtex_f	xtsn_c	-0.0	0.0	0.0	Inf	Inf
GALtex_f	rml_c	-0.0	-0.8079838909669491	0.0	-0.0	Inf
GALtex_f	thym_c	-0.0	-29.31289191271503	0.0	-0.0	Inf
GALtex_f	thymd_c	-0.0	-0.01141329563724317	0.0	-0.0	Inf
GALtex_f	xu5p__L_c	-0.0	-0.4207604824528074	0.0	-0.0	Inf
GALtex_f	rmn_c	-0.0	-0.8079838909669491	0.0	-0.0	Inf
GALtex_f	xyl__D_c	0.0	0.0	0.0	Inf	Inf
GALtex_f	tmao_c	0.0	0.0	0.0	Inf	Inf
GALtex_f	xylu__D_c	-0.0	0.0	0.0	Inf	Inf
GALtex_f	xylu__L_c	-0.0	-0.8127239233252794	0.0	-0.0	Inf
GALtex_f	12ppd__R_e	-0.0	-1000.0	0.0	-0.0	Inf
GALtex_f	12ppd__S_e	-0.0	-1000.0	0.0	-0.0	Inf
GALtex_f	tre_c	-0.0	-0.40399194548347456	0.0	-0.0	Inf
GALtex_f	seln_c	0.0	0.0	0.0	Inf	Inf
GALtex_f	34dhpac_e	-0.0	-1000.0	0.0	-0.0	Inf
GALtex_f	slnt_c	0.0	0.0	0.0	Inf	Inf
GALtex_f	so2_c	0.0	0.0	0.0	Inf	Inf
GALtex_f	so3_c	-0.0	-0.10811705124979192	1.4656445956357518	-0.0	0.0
GALtex_f	so4_c	-0.0	-0.11000923486494685	29.31289191271503	-0.0	0.0
GALtex_f	4hoxpacd_e	-0.0	-1000.0	0.0	-0.0	Inf
GALtex_f	5mtr_e	-0.0	0.0	0.0	Inf	Inf
GALtex_f	LalaDgluMdap_e	-0.0	-1000.0	0.0	-0.0	Inf
GALtex_f	ac_e	-0.0	0.0	0.0	Inf	Inf
GALtex_f	acald_e	-0.0	-1000.0	0.0	-0.0	Inf
GALtex_f	acgal_e	-0.0	-1000.0	0.0	-0.0	Inf
GALtex_f	acgam_e	-0.0	-1000.0	0.0	-0.0	Inf
GALtex_f	acmana_e	-0.0	-1000.0	0.0	-0.0	Inf
GALtex_f	tagur_c	-0.0	0.0	0.0	Inf	Inf
GALtex_f	tartr__L_c	-0.0	-1.2908356234768368	0.0	-0.0	Inf
GALtex_f	ade_e	-0.0	-1000.0	0.0	-0.0	Inf
GALtex_f	adn_e	-0.0	-1000.0	0.0	-0.0	Inf
GALtex_f	all__D_e	-0.0	-1000.0	0.0	-0.0	Inf
GALtex_f	cl_e	-0.0	-0.002270358625423796	999.9977296413746	-0.0	0.0
GALtex_f	alltn_e	-0.0	0.0	0.0	Inf	Inf
GALtex_f	cm_e	-0.0	-1000.0	0.0	-0.0	Inf
GALtex_f	co2_e	-0.0	-987.9047826604299	12.095217339570127	-0.0	0.0
GALtex_f	arab__L_e	-0.0	-1000.0	0.0	-0.0	Inf
GALtex_f	arbt_e	-0.0	-1000.0	0.0	-0.0	Inf
GALtex_f	unagamu_c	-0.0	0.0	0.021697181282542617	Inf	0.0
GALtex_f	crn_e	-0.0	-1000.0	0.0	-0.0	Inf
GALtex_f	csn_e	-0.0	-1000.0	0.0	-0.0	Inf
GALtex_f	cyan_e	-0.0	-1000.0	0.0	-0.0	Inf
GALtex_f	glyb_e	-0.0	-1000.0	0.0	-0.0	Inf
GALtex_f	glyc_e	-0.0	-1000.0	0.0	-0.0	Inf
GALtex_f	cytd_e	-0.0	-1000.0	0.0	-0.0	Inf
GALtex_f	ca2_e	-0.0	-0.002270358625423796	999.9977296413746	-0.0	0.0
GALtex_f	dad_2_e	-0.0	-1000.0	0.0	-0.0	Inf
GALtex_f	dcyt_e	-0.0	-1000.0	0.0	-0.0	Inf
GALtex_f	chol_e	-0.0	-1000.0	0.0	-0.0	Inf
GALtex_f	dha_e	-0.0	-1000.0	0.0	-0.0	Inf
GALtex_f	ppal_e	-0.0	-1000.0	0.0	-0.0	Inf
GALtex_f	h2_e	-0.0	-1000.0	0.0	-0.0	Inf
GALtex_f	dms_e	-0.0	-1000.0	0.0	-0.0	Inf
GALtex_f	dmso_e	-0.0	-1000.0	0.0	-0.0	Inf
GALtex_f	h2o2_e	-0.0	-1000.0	0.0	-0.0	Inf
GALtex_f	psclys_e	-0.0	-1000.0	0.0	-0.0	Inf
GALtex_f	duri_e	-0.0	-1000.0	0.0	-0.0	Inf
GALtex_f	pydx_e	-0.0	-1000.0	0.0	-0.0	Inf
GALtex_f	pydxn_e	-0.0	-1000.0	0.0	-0.0	Inf
GALtex_f	etoh_e	-0.0	-1000.0	0.0	-0.0	Inf
GALtex_f	fald_e	-0.0	0.0	0.0	Inf	Inf
GALtex_f	rib__D_e	-0.0	-1000.0	0.0	-0.0	Inf
GALtex_f	rmn_e	-0.0	-1000.0	0.0	-0.0	Inf
GALtex_f	indole_e	-0.0	-1000.0	0.0	-0.0	Inf
GALtex_f	inost_e	-0.0	-1000.0	0.0	-0.0	Inf
GALtex_f	sbt__D_e	-0.0	-0.8079838909669491	0.0	-0.0	Inf
GALtex_f	k_e	-0.0	-0.0851408474860591	999.9148591525139	-0.0	0.0
GALtex_f	for_e	-0.0	0.0	0.0010699692056421258	Inf	0.0
GALtex_f	slnt_e	-0.0	0.0	1000.0	Inf	0.0
GALtex_f	fru_e	-0.0	-1000.0	0.0	-0.0	Inf
GALtex_f	so2_e	-0.0	-1000.0	0.0	-0.0	Inf
GALtex_f	so3_e	-0.0	-1000.0	0.0	-0.0	Inf
GALtex_f	so4_e	-0.0	-0.11000923486494685	999.889990765135	-0.0	0.0
GALtex_f	lipa_cold_e	-0.0	-1000.0	0.0	-0.0	Inf
GALtex_f	sucr_e	-0.0	-1000.0	0.0	-0.0	Inf
GALtex_f	g3pe_e	-0.0	-1000.0	0.0	-0.0	Inf
GALtex_f	malt_e	-0.0	-1000.0	0.0	-0.0	Inf
GALtex_f	tartr__L_e	-0.0	-1000.0	0.0	-0.0	Inf
GALtex_f	g3pi_e	-0.0	-1000.0	0.0	-0.0	Inf
GALtex_f	malthx_e	-0.0	-1000.0	0.0	-0.0	Inf
GALtex_f	maltpt_e	-0.0	-1000.0	0.0	-0.0	Inf
GALtex_f	gal_e	-0.0	-1000.0	0.0	-0.0	Inf
GALtex_f	gal_bD_e	-0.0	-1000.0	0.0	-0.0	Inf
GALtex_f	malttr_e	-0.0	-1000.0	0.0	-0.0	Inf
GALtex_f	maltttr_e	-0.0	-1000.0	0.0	-0.0	Inf
GALtex_f	man_e	-0.0	-1000.0	0.0	-0.0	Inf
GALtex_f	thym_e	-0.0	-1000.0	0.0	-0.0	Inf
GALtex_f	thymd_e	-0.0	-1000.0	0.0	-0.0	Inf
GALtex_f	galt_e	-0.0	-0.8079838909669491	0.0	-0.0	Inf
GALtex_f	melib_e	-0.0	-1000.0	0.0	-0.0	Inf
GALtex_f	meoh_e	-0.0	-1000.0	0.0	-0.0	Inf
GALtex_f	tmao_e	-0.0	-1000.0	0.0	-0.0	Inf
GALtex_f	tre_e	-0.0	-1000.0	0.0	-0.0	Inf
GALtex_f	metsox_S__L_e	-0.0	-1000.0	0.0	-0.0	Inf
GALtex_f	glc__D_e	-0.0	-0.8079838909669491	0.3489629989608937	-0.0	0.0
GALtex_f	mg2_e	-0.0	-0.003783931042335098	999.9962160689577	-0.0	0.0
GALtex_f	mnl_e	-0.0	-1000.0	0.0	-0.0	Inf
GALtex_f	mobd_e	-0.0	-5.62682540703463e-05	999.9999437317459	-0.0	0.0
GALtex_f	glyald_e	-0.0	-1000.0	0.0	-0.0	Inf
GALtex_f	n2o_e	-0.0	-1000.0	0.0	-0.0	Inf
GALtex_f	na1_e	-0.0	0.0	1000.0	Inf	0.0
GALtex_f	nac_e	-0.0	-1000.0	0.0	-0.0	Inf
GALtex_f	ni2_e	-0.0	-0.00014088872933371022	999.9998591112707	-0.0	0.0
GALtex_f	no_e	-0.0	-1000.0	0.0	-0.0	Inf
GALtex_f	no2_e	-0.0	-1000.0	0.0	-0.0	Inf
GALtex_f	ura_e	-0.0	-1000.0	0.0	-0.0	Inf
GALtex_f	no3_e	-0.0	-1000.0	0.0	-0.0	Inf
GALtex_f	urea_e	-0.0	-1000.0	0.0	-0.0	Inf
GALtex_f	novbcn_e	-0.0	-1000.0	0.0	-0.0	Inf
GALtex_f	uri_e	-0.0	-1000.0	0.0	-0.0	Inf
GALtex_f	o2_e	-0.0	-11.16443573136894	988.8355642686311	-0.0	0.0
GALtex_f	xan_e	-0.0	0.0	0.0	Inf	Inf
GALtex_f	xtsn_e	-0.0	-1000.0	0.0	-0.0	Inf
GALtex_f	xyl__D_e	-0.0	-1000.0	0.0	-0.0	Inf
GALtex_f	xylu__L_e	-0.0	-1000.0	0.0	-0.0	Inf
GALtex_f	pacald_e	-0.0	-1000.0	0.0	-0.0	Inf
GALtex_f	12dgr120_p	-0.0	0.0	0.0	Inf	Inf
GALtex_f	12dgr140_p	-0.0	0.0	0.0	Inf	Inf
GALtex_f	12dgr160_p	-0.0	-0.027834902078836876	0.0	-0.0	Inf
GALtex_f	12dgr180_p	-0.0	0.0	0.0	Inf	Inf
GALtex_f	12ppd__R_p	-0.0	-1000.0	0.0	-0.0	Inf
GALtex_f	12ppd__S_p	-0.0	0.0	0.0	Inf	Inf
GALtex_f	chol_p	-0.0	-1000.0	0.0	-0.0	Inf
GALtex_f	cl_p	-0.0	-0.002270358625423796	999.9977296413746	-0.0	0.0
GALtex_f	34dhpac_p	-0.0	-1000.0	0.0	-0.0	Inf
GALtex_f	cm_p	-0.0	0.0	0.0	Inf	Inf
GALtex_f	4hoxpacd_p	-0.0	-1000.0	0.0	-0.0	Inf
GALtex_f	co2_p	-0.0	-987.9047826604299	12.095217339570127	-0.0	0.0
GALtex_f	5mtr_p	-0.0	0.0	0.0	Inf	Inf
GALtex_f	LalaDgluMdap_p	-0.0	-0.012120792599851458	0.0	-0.0	Inf
GALtex_f	gal_p	0.0	0.0	0.0	Inf	Inf
GALtex_f	ac_p	-0.0	-1.6159677819338982	0.0	-0.0	Inf
GALtex_f	crn_p	-0.0	-1000.0	0.0	-0.0	Inf
GALtex_f	gal_bD_p	-0.0	-1000.0	0.0	-0.0	Inf
GALtex_f	acald_p	-0.0	-1000.0	0.0	-0.0	Inf
GALtex_f	acgal_p	-0.0	-1000.0	0.0	-0.0	Inf
GALtex_f	csn_p	-0.0	0.0	0.0	Inf	Inf
GALtex_f	acgam_p	-0.0	-1000.0	0.0	-0.0	Inf
GALtex_f	galt_p	-0.0	-0.8079838909669491	0.0	-0.0	Inf
GALtex_f	acmana_p	-0.0	-1000.0	0.0	-0.0	Inf
GALtex_f	cyan_p	-0.0	0.0	0.0	Inf	Inf
GALtex_f	ade_p	-0.0	-1000.0	0.0	-0.0	Inf
GALtex_f	adn_p	-0.0	0.0	0.0002918097829746878	Inf	0.0
GALtex_f	cytd_p	-0.0	-0.07001908133348302	0.0	-0.0	Inf
GALtex_f	glc__D_p	-0.0	-0.8079838909669491	0.3489629989608937	-0.0	0.0
GALtex_f	dad_2_p	-0.0	-1000.0	0.0	-0.0	Inf
GALtex_f	dcyt_p	-0.0	-1000.0	0.0	-0.0	Inf
GALtex_f	all__D_p	-0.0	0.0	0.0	Inf	Inf
GALtex_f	alltn_p	-0.0	0.0	0.0	Inf	Inf
GALtex_f	dha_p	-0.0	-1000.0	0.0	-0.0	Inf
GALtex_f	glyald_p	-0.0	-1000.0	0.0	-0.0	Inf
GALtex_f	glyb_p	0.0	0.0	0.0	Inf	Inf
GALtex_f	dms_p	-0.0	-1000.0	0.0	-0.0	Inf
GALtex_f	glyc_p	-0.0	-0.060642347544700895	0.0	-0.0	Inf
GALtex_f	dmso_p	-0.0	-1000.0	0.0	-0.0	Inf
GALtex_f	arab__L_p	-0.0	0.0	0.0	Inf	Inf
GALtex_f	arbt_p	0.0	0.0	0.0	Inf	Inf
GALtex_f	ca2_p	-0.0	-0.002270358625423796	999.9977296413746	-0.0	0.0
GALtex_f	duri_p	-0.0	-1000.0	0.0	-0.0	Inf
GALtex_f	h2_p	-0.0	-1000.0	0.0	-0.0	Inf
GALtex_f	h2o2_p	-0.0	-1000.0	0.0	-0.0	Inf
GALtex_f	etoh_p	-0.0	-1000.0	0.0	-0.0	Inf
GALtex_f	fald_p	-0.0	0.0	0.0	Inf	Inf
GALtex_f	n2o_p	-0.0	-1000.0	0.0	-0.0	Inf
GALtex_f	na1_p	-0.0	0.0	0.0	Inf	Inf
GALtex_f	indole_p	-0.0	0.0	0.20077323227887045	Inf	0.0
GALtex_f	nac_p	-0.0	-1000.0	0.0	-0.0	Inf
GALtex_f	ni2_p	-0.0	-0.00014088872933371022	999.9998591112707	-0.0	0.0
GALtex_f	inost_p	-0.0	-1000.0	0.0	-0.0	Inf
GALtex_f	no_p	-0.0	-1000.0	0.0	-0.0	Inf
GALtex_f	no2_p	-0.0	-1000.0	0.0	-0.0	Inf
GALtex_f	for_p	-0.0	-4.0077932008469555	0.0010699692056421258	-0.0	0.0
GALtex_f	fru_p	-0.0	-1000.0	0.0	-0.0	Inf
GALtex_f	no3_p	-0.0	0.0	0.0	Inf	Inf
GALtex_f	k_p	-0.0	-0.0851408474860591	999.9148591525139	-0.0	0.0
GALtex_f	novbcn_p	-0.0	0.0	0.0	Inf	Inf
GALtex_f	o2_p	-0.0	-11.16443573136894	988.8355642686311	-0.0	0.0
GALtex_f	lipa_cold_p	-0.0	-7.328222978178758	0.0	-0.0	Inf
GALtex_f	g3pe_p	-0.0	0.0	0.0	Inf	Inf
GALtex_f	g3pi_p	-0.0	0.0	0.0	Inf	Inf
GALtex_f	so3_p	-0.0	-1000.0	0.0	-0.0	Inf
GALtex_f	so4_p	-0.0	-0.11000923486494685	999.889990765135	-0.0	0.0
GALtex_f	malt_p	0.0	0.0	0.0	Inf	Inf
GALtex_f	malthx_p	0.0	0.0	0.0	Inf	Inf
GALtex_f	maltpt_p	0.0	0.0	0.0	Inf	Inf
GALtex_f	sucr_p	-0.0	-1000.0	0.0	-0.0	Inf
GALtex_f	malttr_p	0.0	0.0	0.0	Inf	Inf
GALtex_f	maltttr_p	0.0	0.0	0.0	Inf	Inf
GALtex_f	pacald_p	-0.0	-1000.0	0.0	-0.0	Inf
GALtex_f	man_p	-0.0	-1000.0	0.0	-0.0	Inf
GALtex_f	tartr__L_p	-0.0	-1000.0	0.0	-0.0	Inf
GALtex_f	pe120_p	-0.0	0.0	0.0	Inf	Inf
GALtex_f	melib_p	-0.0	-1000.0	0.0	-0.0	Inf
GALtex_f	meoh_p	-0.0	-1000.0	0.0	-0.0	Inf
GALtex_f	thym_p	-0.0	-1000.0	0.0	-0.0	Inf
GALtex_f	thymd_p	-0.0	-0.01141329563724317	0.0	-0.0	Inf
GALtex_f	pg120_p	-0.0	0.0	0.0	Inf	Inf
GALtex_f	metsox_S__L_p	-0.0	-1000.0	0.0	-0.0	Inf
GALtex_f	tmao_p	-0.0	-1000.0	0.0	-0.0	Inf
GALtex_f	mg2_p	-0.0	-0.0037839310423100404	999.9962160689577	-0.0	0.0
GALtex_f	tre_p	-0.0	0.0	0.0	Inf	Inf
GALtex_f	mnl_p	-0.0	0.0	0.0	Inf	Inf
GALtex_f	mobd_p	-0.0	-5.62682540703463e-05	999.9999437317459	-0.0	0.0
GALtex_f	ura_p	-0.0	-1000.0	0.0	-0.0	Inf
GALtex_f	urea_p	-0.0	-1000.0	0.0	-0.0	Inf
GALtex_f	uri_p	-0.0	0.0	0.0	Inf	Inf
GALtex_f	xan_p	-0.0	0.0	0.0	Inf	Inf
GALtex_f	xtsn_p	-0.0	0.0	0.0	Inf	Inf
GALtex_f	xyl__D_p	-0.0	0.0	0.0	Inf	Inf
GALtex_f	xylu__L_p	-0.0	-1000.0	0.0	-0.0	Inf
GALtex_f	ppal_p	-0.0	-1000.0	0.0	-0.0	Inf
GALtex_f	psclys_p	-0.0	-1000.0	0.0	-0.0	Inf
GALtex_f	pydx_p	-0.0	0.0	0.0	Inf	Inf
GALtex_f	pydxn_p	-0.0	0.0	0.0	Inf	Inf
GALtex_f	rib__D_p	-0.0	-1000.0	0.0	-0.0	Inf
GALtex_f	rmn_p	-0.0	-1000.0	0.0	-0.0	Inf
GALtex_f	sbt__D_p	-0.0	-0.8079838909669491	0.0	-0.0	Inf
GALtex_f	slnt_p	-0.0	0.0	0.0	Inf	Inf
GALtex_f	so2_p	-0.0	-1000.0	0.0	-0.0	Inf
