Reaction	Metabolite	ShadowPrice	G-	G+	DecrementalShadowPrice	IncrementalShadowPrice
DSBCGT	12dgr120_c	-0.0	0.0	0.0	Inf	Inf
DSBCGT	12dgr140_c	-0.0	0.0	0.0	Inf	Inf
DSBCGT	12dgr160_c	-0.0	-0.052179338220526006	0.0	-0.0	Inf
DSBCGT	12dgr180_c	-0.0	0.0	0.0	Inf	Inf
DSBCGT	12ppd__R_c	-0.0	-1000.0	0.0	-0.0	Inf
DSBCGT	12ppd__S_c	-0.0	0.0	0.0	Inf	Inf
DSBCGT	5drib_c	-0.0	-999.999816022329	0.00018397767103803164	-0.0	0.0
DSBCGT	5mta_c	-0.0	0.0	0.0	Inf	Inf
DSBCGT	23dhacoa_c	-0.0	-0.00047098283921148676	0.0	-0.0	Inf
DSBCGT	5mtr_c	-0.0	0.0	0.0	Inf	Inf
DSBCGT	3amac_c	-0.0	-7.513020108071362	0.0	-0.0	Inf
DSBCGT	LalaDgluMdap_c	-0.0	-0.02272165121246588	0.0	-0.0	Inf
DSBCGT	ac_c	-0.0	-3.4689480481354167	1.8938255932157047	-0.0	0.0
DSBCGT	acald_c	-0.0	-3.4689480481354167	1.514728646730246	-0.0	0.0
DSBCGT	acetol_c	-0.0	0.0	0.0	Inf	Inf
DSBCGT	acgam_c	-0.0	-0.0772608096935145	0.0	-0.0	Inf
DSBCGT	acgam6p_c	-0.0	-0.0772608096935145	0.0	-0.0	Inf
DSBCGT	acmalt_c	0.0	0.0	0.0	Inf	Inf
DSBCGT	acmana_c	-0.0	-0.0772608096935145	0.0	-0.0	Inf
DSBCGT	2dmmq8_c	-0.0	0.0	0.0	Inf	Inf
DSBCGT	2dmmql8_c	0.0	0.0	0.0	Inf	Inf
DSBCGT	ade_c	-0.0	-0.08929785545160485	0.0005502976560422842	-0.0	0.0
DSBCGT	adn_c	-0.0	0.0	0.0005502976560422842	Inf	0.0
DSBCGT	3sala_c	0.0	0.0	0.0	Inf	Inf
DSBCGT	adphep_DD_c	-0.0	0.0	0.0	Inf	Inf
DSBCGT	adphep_LD_c	-0.0	0.0	0.0	Inf	Inf
DSBCGT	4ahmmp_c	0.0	0.0	0.0	Inf	Inf
DSBCGT	4crsol_c	-0.0	-999.9998176576861	0.00018234231396213802	-0.0	0.0
DSBCGT	2ohph_c	-0.0	-0.00018234231396213802	0.0593014570867546	-0.0	0.0
DSBCGT	2ombzl_c	-0.0	0.0	0.0	Inf	Inf
DSBCGT	2omhmbl_c	-0.0	0.0	0.0	Inf	Inf
DSBCGT	2ommbl_c	0.0	0.0	0.0	Inf	Inf
DSBCGT	2omph_c	-0.0	0.0	0.053175027718714754	Inf	0.0
DSBCGT	4mhetz_c	0.0	0.0	0.0	Inf	Inf
DSBCGT	2oph_c	-0.0	-0.00018234231396213802	0.0593014570867546	-0.0	0.0
DSBCGT	2oxpaccoa_c	-0.0	-0.00047098283921148676	0.0	-0.0	Inf
DSBCGT	all__D_c	-0.0	-9.78845921419213	0.0	-0.0	Inf
DSBCGT	alltn_c	-0.0	-1.8782550270178404	0.0	-0.0	Inf
DSBCGT	4r5au_c	-0.0	-0.00036468462752686976	0.3442565106205105	-0.0	0.0
DSBCGT	56dura_c	0.0	0.0	0.0	Inf	Inf
DSBCGT	arab__L_c	-0.0	-9.78845921419213	0.0	-0.0	Inf
DSBCGT	etoh_c	-0.0	-1000.0	0.0	-0.0	Inf
DSBCGT	csn_c	-0.0	0.0	0.14792213590862127	Inf	0.0
DSBCGT	fald_c	-0.0	0.0	0.0	Inf	Inf
DSBCGT	fc1p_c	-0.0	0.0	0.0	Inf	Inf
DSBCGT	fcl__L_c	-0.0	0.0	0.0	Inf	Inf
DSBCGT	aso4_c	0.0	0.0	0.0	Inf	Inf
DSBCGT	cyan_c	0.0	0.0	0.0	Inf	Inf
DSBCGT	athtp_c	0.0	0.0	0.0	Inf	Inf
DSBCGT	cytd_c	-0.0	-0.13125784730390294	0.0	-0.0	Inf
DSBCGT	dad_2_c	-0.0	-0.08929785545160485	0.0	-0.0	Inf
DSBCGT	dad_5_c	-0.0	-0.08929785545160485	0.00018397767103803164	-0.0	0.0
DSBCGT	betald_c	0.0	0.0	0.0	Inf	Inf
DSBCGT	btal_c	-0.0	-531.4072745450723	0.0	-0.0	Inf
DSBCGT	for_c	-0.0	-0.08929785545160485	0.002005765452222262	-0.0	0.0
DSBCGT	dcyt_c	-0.0	-0.021395376623916156	0.0	-0.0	Inf
DSBCGT	fru_c	-0.0	-9.78845921419213	0.0	-0.0	Inf
DSBCGT	ca2_c	-0.0	-0.004256016790009198	999.99574398321	-0.0	0.0
DSBCGT	g3pe_c	-0.0	-0.788758065733715	0.0	-0.0	Inf
DSBCGT	g3pi_c	0.0	0.0	0.0	Inf	Inf
DSBCGT	cbm_c	-0.0	-3.756510054035681	0.0	-0.0	Inf
DSBCGT	dha_c	-0.0	-88.56787909084538	1.262273872275205	-0.0	0.0
DSBCGT	gal_c	-0.0	0.0	0.0	Inf	Inf
DSBCGT	dhgly_c	-0.0	-0.00018234231396213802	0.22851509756706298	-0.0	0.0
DSBCGT	dhmptp_c	0.0	0.0	0.0	Inf	Inf
DSBCGT	gcald_c	-0.0	-2.4198035227032495	0.0005470269417173768	-0.0	0.0
DSBCGT	dhptd_c	-0.0	-52.03031296547579	0.0003663199850042526	-0.0	0.0
DSBCGT	cechddd_c	-0.0	0.0	0.0	Inf	Inf
DSBCGT	dhptdn_c	0.0	0.0	0.0	Inf	Inf
DSBCGT	chol_c	0.0	0.0	0.0	Inf	Inf
DSBCGT	chtbs6p_c	-0.0	0.0	0.0	Inf	Inf
DSBCGT	dmbzid_c	0.0	0.0	0.0	Inf	Inf
DSBCGT	dms_c	0.0	0.0	0.0	Inf	Inf
DSBCGT	dmso_c	0.0	0.0	0.0	Inf	Inf
DSBCGT	cl_c	-0.0	-0.004256016790009198	999.99574398321	-0.0	0.0
DSBCGT	glc__D_c	-0.0	-9.78845921419213	0.0	-0.0	Inf
DSBCGT	co2_c	-0.0	-985.5643842495616	14.435615750438387	-0.0	0.0
DSBCGT	dscl_c	-0.0	-0.00018234231396213802	0.06553214170031967	-0.0	0.0
DSBCGT	dtdp4aaddg_c	-0.0	0.0	0.0	Inf	Inf
DSBCGT	glyald_c	-0.0	-1000.0	0.0	-0.0	Inf
DSBCGT	crn_c	-0.0	-1000.0	0.0	-0.0	Inf
DSBCGT	duri_c	-0.0	-0.021395376623916156	0.0	-0.0	Inf
DSBCGT	glyb_c	0.0	0.0	0.0	Inf	Inf
DSBCGT	glyc_c	-0.0	-75.91532493501032	1.0819490333787471	-0.0	0.0
DSBCGT	dxyl_c	0.0	0.0	0.0	Inf	Inf
DSBCGT	glycogen_c	-0.0	-9.78845921419213	0.0	-0.0	Inf
DSBCGT	gmhep1p_c	-0.0	0.0	0.49547198724821134	Inf	0.0
DSBCGT	lipa_cold_c	-0.0	0.0	0.0	Inf	Inf
DSBCGT	lipidA_c	-0.0	-0.015908753634278128	0.03992131222557124	-0.0	0.0
DSBCGT	malt_c	0.0	0.0	0.0	Inf	Inf
DSBCGT	h2_c	-0.0	0.0	0.0	Inf	Inf
DSBCGT	malthx_c	-0.0	0.0	0.0	Inf	Inf
DSBCGT	maltpt_c	-0.0	0.0	0.0	Inf	Inf
DSBCGT	malttr_c	-0.0	0.0	0.0	Inf	Inf
DSBCGT	maltttr_c	-0.0	0.0	0.0	Inf	Inf
DSBCGT	h2o2_c	-0.0	-0.0013295453020301076	0.8519286388635692	-0.0	0.0
DSBCGT	man_c	-0.0	0.0	0.0	Inf	Inf
DSBCGT	mdhdhf_c	-0.0	-52.03031296547579	0.0003663199850042526	-0.0	0.0
DSBCGT	melib_c	-0.0	0.0	0.0	Inf	Inf
DSBCGT	meoh_c	-0.0	-999.9999983646429	1.6353570799765293e-06	-0.0	0.0
DSBCGT	pacald_c	-0.0	-1000.0	0.0	-0.0	Inf
DSBCGT	metsox_S__L_c	-0.0	-0.08929785545160485	0.0	-0.0	Inf
DSBCGT	mg2_c	-0.0	-0.007093361316688553	999.9929066386833	-0.0	0.0
DSBCGT	hhlipa_c	-0.0	0.0	0.0	Inf	Inf
DSBCGT	pe120_c	-0.0	-0.06363501453717232	0.0	-0.0	Inf
DSBCGT	mobd_c	-0.0	-0.00010548053137426905	13.253875658889653	-0.0	0.0
DSBCGT	hlipa_c	-0.0	0.0	0.0	Inf	Inf
DSBCGT	pg120_c	-0.0	-0.06363501453717232	0.0	-0.0	Inf
DSBCGT	mql8_c	0.0	0.0	0.0	Inf	Inf
DSBCGT	mqn8_c	-0.0	0.0	0.0	Inf	Inf
DSBCGT	mthgxl_c	-0.0	0.0	0.0	Inf	Inf
DSBCGT	hqn_c	0.0	0.0	0.0	Inf	Inf
DSBCGT	mththf_c	-0.0	-999.999633680015	0.0003663199850042526	-0.0	0.0
DSBCGT	n2o_c	-0.0	-1000.0	0.0	-0.0	Inf
DSBCGT	na1_c	-0.0	0.0	0.0	Inf	Inf
DSBCGT	nac_c	-0.0	0.0	0.0	Inf	Inf
DSBCGT	ncam_c	-0.0	0.0	0.0	Inf	Inf
DSBCGT	ni2_c	-0.0	-0.0002641101677568187	999.9997358898322	-0.0	0.0
DSBCGT	no_c	-0.0	-1000.0	0.0	-0.0	Inf
DSBCGT	indole_c	-0.0	-0.046479301132510364	0.36064967779291573	-0.0	0.0
DSBCGT	no2_c	-0.0	-1000.0	0.0	-0.0	Inf
DSBCGT	no3_c	0.0	0.0	0.0	Inf	Inf
DSBCGT	inost_c	0.0	0.0	0.0	Inf	Inf
DSBCGT	o2_c	-0.0	-20.690766612235365	979.3092333877646	-0.0	0.0
DSBCGT	poaac_c	-0.0	-4.078115587350663	0.0	-0.0	Inf
DSBCGT	ppal_c	-0.0	0.0	0.0	Inf	Inf
DSBCGT	k_c	-0.0	-0.15960512685740014	53.01550263555861	-0.0	0.0
DSBCGT	psclys_c	-0.0	0.0	0.0	Inf	Inf
DSBCGT	lald__D_c	-0.0	0.0	0.0	Inf	Inf
DSBCGT	lald__L_c	-0.0	0.0	0.0	Inf	Inf
DSBCGT	ura_c	-0.0	-0.021395376623916156	0.0	-0.0	Inf
DSBCGT	pydx_c	-0.0	0.0	0.4531239541500736	Inf	0.0
DSBCGT	uracp_c	-0.0	-4.415800988468106	0.0	-0.0	Inf
DSBCGT	pydxn_c	-0.0	0.0	0.4275443760932146	Inf	0.0
DSBCGT	urate_c	-0.0	-0.0013295453020301076	0.0	-0.0	Inf
DSBCGT	q8_c	-0.0	0.0	0.0	Inf	Inf
DSBCGT	q8h2_c	0.0	0.0	0.0	Inf	Inf
DSBCGT	urea_c	-0.0	0.0	2.52454774455041	Inf	0.0
DSBCGT	uri_c	-0.0	0.0	0.0	Inf	Inf
DSBCGT	rbflvrd_c	-0.0	0.0	0.04464892772580242	Inf	0.0
DSBCGT	rbl__L_c	-0.0	-9.78845921419213	0.0	-0.0	Inf
DSBCGT	rdmbzi_c	0.0	0.0	0.0	Inf	Inf
DSBCGT	thptdn_c	0.0	0.0	0.0	Inf	Inf
DSBCGT	xan_c	-0.0	-0.08929785545160485	0.0	-0.0	Inf
DSBCGT	rephaccoa_c	-0.0	-0.00047098283921148676	0.0	-0.0	Inf
DSBCGT	rib__D_c	-0.0	0.0	0.0	Inf	Inf
DSBCGT	xtsn_c	-0.0	0.0	0.0	Inf	Inf
DSBCGT	rml_c	-0.0	0.0	0.0	Inf	Inf
DSBCGT	thym_c	-0.0	-53.01550263555861	0.0	-0.0	Inf
DSBCGT	thymd_c	-0.0	0.0	0.35343668423705743	Inf	0.0
DSBCGT	xu5p__L_c	-0.0	-0.788758065733715	0.0	-0.0	Inf
DSBCGT	rmn_c	-0.0	0.0	0.0	Inf	Inf
DSBCGT	xyl__D_c	0.0	0.0	0.0	Inf	Inf
DSBCGT	tmao_c	0.0	0.0	0.0	Inf	Inf
DSBCGT	xylu__D_c	-0.0	0.0	0.0	Inf	Inf
DSBCGT	xylu__L_c	-0.0	-9.78845921419213	0.0	-0.0	Inf
DSBCGT	12ppd__R_e	-0.0	-1000.0	0.0	-0.0	Inf
DSBCGT	12ppd__S_e	-0.0	-1000.0	0.0	-0.0	Inf
DSBCGT	tre_c	-0.0	-4.894229607096065	0.0	-0.0	Inf
DSBCGT	seln_c	0.0	0.0	0.0	Inf	Inf
DSBCGT	34dhpac_e	-0.0	-1000.0	0.0	-0.0	Inf
DSBCGT	slnt_c	0.0	0.0	0.0	Inf	Inf
DSBCGT	so2_c	0.0	0.0	0.0	Inf	Inf
DSBCGT	so3_c	-0.0	-0.20267961455920158	2.6507751317779307	-0.0	0.0
DSBCGT	so4_c	-0.0	-0.2062267040568031	53.01550263555861	-0.0	0.0
DSBCGT	4hoxpacd_e	-0.0	-1000.0	0.0	-0.0	Inf
DSBCGT	5mtr_e	-0.0	0.0	0.0	Inf	Inf
DSBCGT	LalaDgluMdap_e	-0.0	-1000.0	0.0	-0.0	Inf
DSBCGT	ac_e	-0.0	0.0	0.0	Inf	Inf
DSBCGT	acald_e	-0.0	-1000.0	0.0	-0.0	Inf
DSBCGT	acgal_e	-0.0	-1000.0	0.0	-0.0	Inf
DSBCGT	acgam_e	-0.0	-1000.0	0.0	-0.0	Inf
DSBCGT	acmana_e	-0.0	-1000.0	0.0	-0.0	Inf
DSBCGT	tagur_c	-0.0	0.0	0.0	Inf	Inf
DSBCGT	tartr__L_c	-0.0	-2.4198035227032495	0.0	-0.0	Inf
DSBCGT	ade_e	-0.0	-1000.0	0.0	-0.0	Inf
DSBCGT	adn_e	-0.0	-1000.0	0.0	-0.0	Inf
DSBCGT	all__D_e	-0.0	-1000.0	0.0	-0.0	Inf
DSBCGT	cl_e	-0.0	-0.004256016790009198	999.99574398321	-0.0	0.0
DSBCGT	alltn_e	-0.0	0.0	0.0	Inf	Inf
DSBCGT	cm_e	-0.0	-1000.0	0.0	-0.0	Inf
DSBCGT	co2_e	-0.0	-985.5643842495616	14.435615750438387	-0.0	0.0
DSBCGT	arab__L_e	-0.0	-1000.0	0.0	-0.0	Inf
DSBCGT	arbt_e	-0.0	-1000.0	0.0	-0.0	Inf
DSBCGT	unagamu_c	-0.0	0.0	0.04031597158597613	Inf	0.0
DSBCGT	crn_e	-0.0	-1000.0	0.0	-0.0	Inf
DSBCGT	csn_e	-0.0	-1000.0	0.0	-0.0	Inf
DSBCGT	cyan_e	-0.0	-1000.0	0.0	-0.0	Inf
DSBCGT	glyb_e	-0.0	-1000.0	0.0	-0.0	Inf
DSBCGT	glyc_e	-0.0	-75.91532493501032	1.0819490333787471	-0.0	0.0
DSBCGT	cytd_e	-0.0	-1000.0	0.0	-0.0	Inf
DSBCGT	ca2_e	-0.0	-0.004256016790009198	999.99574398321	-0.0	0.0
DSBCGT	dad_2_e	-0.0	-1000.0	0.0	-0.0	Inf
DSBCGT	dcyt_e	-0.0	-1000.0	0.0	-0.0	Inf
DSBCGT	chol_e	-0.0	-1000.0	0.0	-0.0	Inf
DSBCGT	dha_e	-0.0	-1000.0	0.0	-0.0	Inf
DSBCGT	ppal_e	-0.0	-1000.0	0.0	-0.0	Inf
DSBCGT	h2_e	-0.0	-1000.0	0.0	-0.0	Inf
DSBCGT	dms_e	-0.0	-1000.0	0.0	-0.0	Inf
DSBCGT	dmso_e	-0.0	-1000.0	0.0	-0.0	Inf
DSBCGT	h2o2_e	-0.0	-1000.0	0.0	-0.0	Inf
DSBCGT	psclys_e	-0.0	-1000.0	0.0	-0.0	Inf
DSBCGT	duri_e	-0.0	-1000.0	0.0	-0.0	Inf
DSBCGT	pydx_e	-0.0	-1000.0	0.0	-0.0	Inf
DSBCGT	pydxn_e	-0.0	-1000.0	0.0	-0.0	Inf
DSBCGT	etoh_e	-0.0	-1000.0	0.0	-0.0	Inf
DSBCGT	fald_e	-0.0	0.0	0.0	Inf	Inf
DSBCGT	rib__D_e	-0.0	-1000.0	0.0	-0.0	Inf
DSBCGT	rmn_e	-0.0	-1000.0	0.0	-0.0	Inf
DSBCGT	indole_e	-0.0	-1000.0	0.0	-0.0	Inf
DSBCGT	inost_e	-0.0	-1000.0	0.0	-0.0	Inf
DSBCGT	sbt__D_e	-0.0	-4.145120364825175	0.0	-0.0	Inf
DSBCGT	k_e	-0.0	-0.15960512685740014	999.8403948731426	-0.0	0.0
DSBCGT	for_e	-0.0	0.0	0.002005765452222262	Inf	0.0
DSBCGT	slnt_e	-0.0	0.0	1000.0	Inf	0.0
DSBCGT	fru_e	-0.0	-1000.0	0.0	-0.0	Inf
DSBCGT	so2_e	-0.0	-1000.0	0.0	-0.0	Inf
DSBCGT	so3_e	-0.0	-1000.0	0.0	-0.0	Inf
DSBCGT	so4_e	-0.0	-0.2062267040568031	999.7937732959432	-0.0	0.0
DSBCGT	lipa_cold_e	-0.0	-1000.0	0.0	-0.0	Inf
DSBCGT	sucr_e	-0.0	-1000.0	0.0	-0.0	Inf
DSBCGT	g3pe_e	-0.0	-1000.0	0.0	-0.0	Inf
DSBCGT	malt_e	-0.0	-1000.0	0.0	-0.0	Inf
DSBCGT	tartr__L_e	-0.0	-1000.0	0.0	-0.0	Inf
DSBCGT	g3pi_e	-0.0	-1000.0	0.0	-0.0	Inf
DSBCGT	malthx_e	-0.0	-1000.0	0.0	-0.0	Inf
DSBCGT	maltpt_e	-0.0	-1000.0	0.0	-0.0	Inf
DSBCGT	gal_e	-0.0	-1000.0	0.0	-0.0	Inf
DSBCGT	gal_bD_e	-0.0	-1000.0	0.0	-0.0	Inf
DSBCGT	malttr_e	-0.0	-1000.0	0.0	-0.0	Inf
DSBCGT	maltttr_e	-0.0	-1000.0	0.0	-0.0	Inf
DSBCGT	man_e	-0.0	-1000.0	0.0	-0.0	Inf
DSBCGT	thym_e	-0.0	-1000.0	0.0	-0.0	Inf
DSBCGT	thymd_e	-0.0	-1000.0	0.0	-0.0	Inf
DSBCGT	galt_e	-0.0	-4.145120364825175	0.0	-0.0	Inf
DSBCGT	melib_e	-0.0	-1000.0	0.0	-0.0	Inf
DSBCGT	meoh_e	-0.0	-999.9999983646429	1.6353570799765293e-06	-0.0	0.0
DSBCGT	tmao_e	-0.0	-1000.0	0.0	-0.0	Inf
DSBCGT	tre_e	-0.0	-1000.0	0.0	-0.0	Inf
DSBCGT	metsox_S__L_e	-0.0	-1000.0	0.0	-0.0	Inf
DSBCGT	glc__D_e	-0.0	-1000.0	0.0	-0.0	Inf
DSBCGT	mg2_e	-0.0	-0.007093361316719893	999.9929066386833	-0.0	0.0
DSBCGT	mnl_e	-0.0	-1000.0	0.0	-0.0	Inf
DSBCGT	mobd_e	-0.0	-0.00010548053137426905	999.9998945194686	-0.0	0.0
DSBCGT	glyald_e	-0.0	-1000.0	0.0	-0.0	Inf
DSBCGT	n2o_e	-0.0	-1000.0	0.0	-0.0	Inf
DSBCGT	na1_e	-0.0	0.0	1000.0	Inf	0.0
DSBCGT	nac_e	-0.0	-1000.0	0.0	-0.0	Inf
DSBCGT	ni2_e	-0.0	-0.0002641101677909319	999.9997358898322	-0.0	0.0
DSBCGT	no_e	-0.0	-1000.0	0.0	-0.0	Inf
DSBCGT	no2_e	-0.0	-1000.0	0.0	-0.0	Inf
DSBCGT	ura_e	-0.0	-1000.0	0.0	-0.0	Inf
DSBCGT	no3_e	-0.0	-1000.0	0.0	-0.0	Inf
DSBCGT	urea_e	-0.0	-1000.0	0.0	-0.0	Inf
DSBCGT	novbcn_e	-0.0	-1000.0	0.0	-0.0	Inf
DSBCGT	uri_e	-0.0	-1000.0	0.0	-0.0	Inf
DSBCGT	o2_e	-0.0	-20.690766612235393	979.3092333877646	-0.0	0.0
DSBCGT	xan_e	-0.0	0.0	0.0	Inf	Inf
DSBCGT	xtsn_e	-0.0	-1000.0	0.0	-0.0	Inf
DSBCGT	xyl__D_e	-0.0	-1000.0	0.0	-0.0	Inf
DSBCGT	xylu__L_e	-0.0	-1000.0	0.0	-0.0	Inf
DSBCGT	pacald_e	-0.0	-1000.0	0.0	-0.0	Inf
DSBCGT	12dgr120_p	-0.0	0.0	0.0	Inf	Inf
DSBCGT	12dgr140_p	-0.0	0.0	0.0	Inf	Inf
DSBCGT	12dgr160_p	-0.0	-0.052179338220526006	0.0	-0.0	Inf
DSBCGT	12dgr180_p	-0.0	0.0	0.0	Inf	Inf
DSBCGT	12ppd__R_p	-0.0	-1000.0	0.0	-0.0	Inf
DSBCGT	12ppd__S_p	-0.0	0.0	0.0	Inf	Inf
DSBCGT	chol_p	-0.0	-1000.0	0.0	-0.0	Inf
DSBCGT	cl_p	-0.0	-0.004256016790009198	999.99574398321	-0.0	0.0
DSBCGT	34dhpac_p	-0.0	-1000.0	0.0	-0.0	Inf
DSBCGT	cm_p	-0.0	0.0	0.0	Inf	Inf
DSBCGT	4hoxpacd_p	-0.0	-1000.0	0.0	-0.0	Inf
DSBCGT	co2_p	-0.0	-985.5643842495616	14.435615750438387	-0.0	0.0
DSBCGT	5mtr_p	-0.0	0.0	0.0	Inf	Inf
DSBCGT	LalaDgluMdap_p	-0.0	0.0	0.0	Inf	Inf
DSBCGT	gal_p	-0.0	-1000.0	0.0	-0.0	Inf
DSBCGT	ac_p	-0.0	-3.4689480481354167	0.0	-0.0	Inf
DSBCGT	crn_p	-0.0	-1000.0	0.0	-0.0	Inf
DSBCGT	gal_bD_p	-0.0	-1000.0	0.0	-0.0	Inf
DSBCGT	acald_p	-0.0	-1000.0	0.0	-0.0	Inf
DSBCGT	acgal_p	-0.0	-1000.0	0.0	-0.0	Inf
DSBCGT	csn_p	-0.0	0.0	0.0	Inf	Inf
DSBCGT	acgam_p	-0.0	-1000.0	0.0	-0.0	Inf
DSBCGT	galt_p	-0.0	-4.145120364825175	0.0	-0.0	Inf
DSBCGT	acmana_p	-0.0	-1000.0	0.0	-0.0	Inf
DSBCGT	cyan_p	-0.0	0.0	0.0	Inf	Inf
DSBCGT	ade_p	-0.0	-1000.0	0.0	-0.0	Inf
DSBCGT	adn_p	-0.0	0.0	0.0005502976560422842	Inf	0.0
DSBCGT	cytd_p	-0.0	-0.13125784730390294	0.0	-0.0	Inf
DSBCGT	glc__D_p	-0.0	-1000.0	0.0	-0.0	Inf
DSBCGT	dad_2_p	-0.0	-1000.0	0.0	-0.0	Inf
DSBCGT	dcyt_p	-0.0	-1000.0	0.0	-0.0	Inf
DSBCGT	all__D_p	-0.0	0.0	0.0	Inf	Inf
DSBCGT	alltn_p	-0.0	0.0	0.0	Inf	Inf
DSBCGT	dha_p	-0.0	-1000.0	0.0	-0.0	Inf
DSBCGT	glyald_p	-0.0	-1000.0	0.0	-0.0	Inf
DSBCGT	glyb_p	0.0	0.0	0.0	Inf	Inf
DSBCGT	dms_p	-0.0	-1000.0	0.0	-0.0	Inf
DSBCGT	glyc_p	-0.0	-75.91532493501032	1.0819490333787471	-0.0	0.0
DSBCGT	dmso_p	-0.0	-1000.0	0.0	-0.0	Inf
DSBCGT	arab__L_p	-0.0	0.0	0.0	Inf	Inf
DSBCGT	arbt_p	0.0	0.0	0.0	Inf	Inf
DSBCGT	ca2_p	-0.0	-0.004256016790009198	999.99574398321	-0.0	0.0
DSBCGT	duri_p	-0.0	-1000.0	0.0	-0.0	Inf
DSBCGT	h2_p	-0.0	-1000.0	0.0	-0.0	Inf
DSBCGT	h2o2_p	-0.0	-1000.0	0.0	-0.0	Inf
DSBCGT	etoh_p	-0.0	-1000.0	0.0	-0.0	Inf
DSBCGT	fald_p	-0.0	0.0	0.0	Inf	Inf
DSBCGT	n2o_p	-0.0	-1000.0	0.0	-0.0	Inf
DSBCGT	na1_p	-0.0	0.0	0.0	Inf	Inf
DSBCGT	indole_p	-0.0	0.0	0.36311988106546994	Inf	0.0
DSBCGT	nac_p	-0.0	-1000.0	0.0	-0.0	Inf
DSBCGT	ni2_p	-0.0	-0.0002641101677909319	999.9997358898322	-0.0	0.0
DSBCGT	inost_p	-0.0	-1000.0	0.0	-0.0	Inf
DSBCGT	no_p	-0.0	-1000.0	0.0	-0.0	Inf
DSBCGT	no2_p	-0.0	-1000.0	0.0	-0.0	Inf
DSBCGT	for_p	-0.0	0.0	0.002005765452222262	Inf	0.0
DSBCGT	fru_p	-0.0	-1000.0	0.0	-0.0	Inf
DSBCGT	no3_p	-0.0	0.0	0.0	Inf	Inf
DSBCGT	k_p	-0.0	-0.15960512685740014	999.8403948731426	-0.0	0.0
DSBCGT	novbcn_p	-0.0	0.0	0.0	Inf	Inf
DSBCGT	o2_p	-0.0	-20.690766612235393	979.3092333877646	-0.0	0.0
DSBCGT	lipa_cold_p	-0.0	-13.253875658889653	0.0	-0.0	Inf
DSBCGT	g3pe_p	-0.0	0.0	0.0	Inf	Inf
DSBCGT	g3pi_p	-0.0	0.0	0.0	Inf	Inf
DSBCGT	so3_p	-0.0	-1000.0	0.0	-0.0	Inf
DSBCGT	so4_p	-0.0	-0.2062267040568031	999.7937732959432	-0.0	0.0
DSBCGT	malt_p	0.0	0.0	0.0	Inf	Inf
DSBCGT	malthx_p	0.0	0.0	0.0	Inf	Inf
DSBCGT	maltpt_p	0.0	0.0	0.0	Inf	Inf
DSBCGT	sucr_p	-0.0	-1000.0	0.0	-0.0	Inf
DSBCGT	malttr_p	0.0	0.0	0.0	Inf	Inf
DSBCGT	maltttr_p	0.0	0.0	0.0	Inf	Inf
DSBCGT	pacald_p	-0.0	-1000.0	0.0	-0.0	Inf
DSBCGT	man_p	-0.0	-1000.0	0.0	-0.0	Inf
DSBCGT	tartr__L_p	-0.0	-1000.0	0.0	-0.0	Inf
DSBCGT	pe120_p	-0.0	-0.06363501453717232	0.0	-0.0	Inf
DSBCGT	melib_p	-0.0	-1000.0	0.0	-0.0	Inf
DSBCGT	meoh_p	-0.0	-999.9999983646429	1.6353570799765293e-06	-0.0	0.0
DSBCGT	thym_p	-0.0	-1000.0	0.0	-0.0	Inf
DSBCGT	thymd_p	-0.0	0.0	0.0	Inf	Inf
DSBCGT	pg120_p	-0.0	-0.06363501453717232	0.0	-0.0	Inf
DSBCGT	metsox_S__L_p	-0.0	-1000.0	0.0	-0.0	Inf
DSBCGT	tmao_p	-0.0	-1000.0	0.0	-0.0	Inf
DSBCGT	mg2_p	-0.0	-0.007093361316688553	999.9929066386833	-0.0	0.0
DSBCGT	tre_p	-0.0	0.0	0.0	Inf	Inf
DSBCGT	mnl_p	-0.0	0.0	0.0	Inf	Inf
DSBCGT	mobd_p	-0.0	-0.00010548053137426905	999.9998945194686	-0.0	0.0
DSBCGT	ura_p	-0.0	-1000.0	0.0	-0.0	Inf
DSBCGT	urea_p	-0.0	0.0	2.52454774455041	Inf	0.0
DSBCGT	uri_p	-0.0	0.0	0.0	Inf	Inf
DSBCGT	xan_p	-0.0	-0.08929785545160485	0.0	-0.0	Inf
DSBCGT	xtsn_p	-0.0	0.0	0.0	Inf	Inf
DSBCGT	xyl__D_p	-0.0	0.0	0.0	Inf	Inf
DSBCGT	xylu__L_p	-0.0	-1000.0	0.0	-0.0	Inf
DSBCGT	ppal_p	-0.0	-1000.0	0.0	-0.0	Inf
DSBCGT	psclys_p	-0.0	-1000.0	0.0	-0.0	Inf
DSBCGT	pydx_p	-0.0	0.0	0.0	Inf	Inf
DSBCGT	pydxn_p	-0.0	0.0	0.0	Inf	Inf
DSBCGT	rib__D_p	-0.0	-1000.0	0.0	-0.0	Inf
DSBCGT	rmn_p	-0.0	-1000.0	0.0	-0.0	Inf
DSBCGT	sbt__D_p	-0.0	-4.145120364825175	0.0	-0.0	Inf
DSBCGT	slnt_p	-0.0	0.0	0.0	Inf	Inf
DSBCGT	so2_p	-0.0	-1000.0	0.0	-0.0	Inf
