Reaction	Metabolite	ShadowPrice	G-	G+	DecrementalShadowPrice	IncrementalShadowPrice
DKGLCNR2x	12dgr120_c	-0.0	0.0	0.0	Inf	Inf
DKGLCNR2x	12dgr140_c	-0.0	0.0	0.0	Inf	Inf
DKGLCNR2x	12dgr160_c	-0.0	-0.052179338220526006	0.0	-0.0	Inf
DKGLCNR2x	12dgr180_c	-0.0	0.0	0.0	Inf	Inf
DKGLCNR2x	12ppd__R_c	-0.0	-1000.0	0.0	-0.0	Inf
DKGLCNR2x	12ppd__S_c	-0.0	0.0	0.0	Inf	Inf
DKGLCNR2x	5drib_c	-0.0	-999.999816022329	0.00018397767103803164	-0.0	0.0
DKGLCNR2x	5mta_c	-0.0	0.0	0.0	Inf	Inf
DKGLCNR2x	23dhacoa_c	-0.0	-0.00047098283921148676	0.0	-0.0	Inf
DKGLCNR2x	5mtr_c	-0.0	0.0	0.0	Inf	Inf
DKGLCNR2x	3amac_c	-0.0	-7.513020108071362	0.0	-0.0	Inf
DKGLCNR2x	LalaDgluMdap_c	-0.0	-0.02272165121246588	0.0	-0.0	Inf
DKGLCNR2x	ac_c	-0.0	-3.4689480481354167	1.8938255932157047	-0.0	0.0
DKGLCNR2x	acald_c	-0.0	-3.4689480481354167	1.514728646730246	-0.0	0.0
DKGLCNR2x	acetol_c	-0.0	0.0	0.0	Inf	Inf
DKGLCNR2x	acgam_c	-0.0	-0.0772608096935145	0.0	-0.0	Inf
DKGLCNR2x	acgam6p_c	-0.0	-0.0772608096935145	0.0	-0.0	Inf
DKGLCNR2x	acmalt_c	0.0	0.0	0.0	Inf	Inf
DKGLCNR2x	acmana_c	-0.0	-0.0772608096935145	0.0	-0.0	Inf
DKGLCNR2x	2dmmq8_c	-0.0	0.0	0.0	Inf	Inf
DKGLCNR2x	2dmmql8_c	0.0	0.0	0.0	Inf	Inf
DKGLCNR2x	ade_c	-0.0	-0.08929785545160485	0.0005502976560422842	-0.0	0.0
DKGLCNR2x	adn_c	-0.0	0.0	0.0005502976560422842	Inf	0.0
DKGLCNR2x	3sala_c	0.0	0.0	0.0	Inf	Inf
DKGLCNR2x	adphep_DD_c	-0.0	0.0	0.0	Inf	Inf
DKGLCNR2x	adphep_LD_c	-0.0	0.0	0.0	Inf	Inf
DKGLCNR2x	4ahmmp_c	0.0	0.0	0.0	Inf	Inf
DKGLCNR2x	4crsol_c	-0.0	-999.9998176576861	0.00018234231396213802	-0.0	0.0
DKGLCNR2x	2ohph_c	-0.0	-0.00018234231396213802	0.0593014570867546	-0.0	0.0
DKGLCNR2x	2ombzl_c	-0.0	0.0	0.0	Inf	Inf
DKGLCNR2x	2omhmbl_c	-0.0	0.0	0.0	Inf	Inf
DKGLCNR2x	2ommbl_c	0.0	0.0	0.0	Inf	Inf
DKGLCNR2x	2omph_c	-0.0	0.0	0.053175027718714754	Inf	0.0
DKGLCNR2x	4mhetz_c	0.0	0.0	0.0	Inf	Inf
DKGLCNR2x	2oph_c	-0.0	-0.00018234231396213802	0.0593014570867546	-0.0	0.0
DKGLCNR2x	2oxpaccoa_c	-0.0	-0.00047098283921148676	0.0	-0.0	Inf
DKGLCNR2x	all__D_c	-0.0	-9.78845921419213	0.0	-0.0	Inf
DKGLCNR2x	alltn_c	-0.0	-1.8782550270178404	0.0	-0.0	Inf
DKGLCNR2x	4r5au_c	-0.0	-0.00036468462752686976	0.3442565106205105	-0.0	0.0
DKGLCNR2x	56dura_c	0.0	0.0	0.0	Inf	Inf
DKGLCNR2x	arab__L_c	-0.0	-9.78845921419213	0.0	-0.0	Inf
DKGLCNR2x	etoh_c	-0.0	-1000.0	0.0	-0.0	Inf
DKGLCNR2x	csn_c	-0.0	0.0	0.14792213590862127	Inf	0.0
DKGLCNR2x	fald_c	-0.0	0.0	0.0	Inf	Inf
DKGLCNR2x	fc1p_c	-0.0	0.0	0.0	Inf	Inf
DKGLCNR2x	fcl__L_c	-0.0	0.0	0.0	Inf	Inf
DKGLCNR2x	aso4_c	0.0	0.0	0.0	Inf	Inf
DKGLCNR2x	cyan_c	0.0	0.0	0.0	Inf	Inf
DKGLCNR2x	athtp_c	0.0	0.0	0.0	Inf	Inf
DKGLCNR2x	cytd_c	-0.0	-0.13125784730390294	0.0	-0.0	Inf
DKGLCNR2x	dad_2_c	-0.0	-0.08929785545160485	0.0	-0.0	Inf
DKGLCNR2x	dad_5_c	-0.0	-0.08929785545160485	0.00018397767103803164	-0.0	0.0
DKGLCNR2x	betald_c	0.0	0.0	0.0	Inf	Inf
DKGLCNR2x	btal_c	-0.0	-531.4072745450723	0.0	-0.0	Inf
DKGLCNR2x	for_c	-0.0	-0.08929785545160485	0.002005765452222262	-0.0	0.0
DKGLCNR2x	dcyt_c	-0.0	-0.021395376623916156	0.0	-0.0	Inf
DKGLCNR2x	fru_c	-0.0	-9.78845921419213	0.0	-0.0	Inf
DKGLCNR2x	ca2_c	-0.0	-0.004256016790009198	999.99574398321	-0.0	0.0
DKGLCNR2x	g3pe_c	-0.0	-0.788758065733715	0.0	-0.0	Inf
DKGLCNR2x	g3pi_c	0.0	0.0	0.0	Inf	Inf
DKGLCNR2x	cbm_c	-0.0	-3.756510054035681	0.0	-0.0	Inf
DKGLCNR2x	dha_c	-0.0	-88.56787909084538	1.262273872275205	-0.0	0.0
DKGLCNR2x	gal_c	-0.0	0.0	0.0	Inf	Inf
DKGLCNR2x	dhgly_c	-0.0	-0.00018234231396213802	0.22851509756706298	-0.0	0.0
DKGLCNR2x	dhmptp_c	0.0	0.0	0.0	Inf	Inf
DKGLCNR2x	gcald_c	-0.0	-2.4198035227032495	0.0005470269417173768	-0.0	0.0
DKGLCNR2x	dhptd_c	-0.0	-52.03031296547579	0.0003663199850042526	-0.0	0.0
DKGLCNR2x	cechddd_c	-0.0	0.0	0.0	Inf	Inf
DKGLCNR2x	dhptdn_c	0.0	0.0	0.0	Inf	Inf
DKGLCNR2x	chol_c	0.0	0.0	0.0	Inf	Inf
DKGLCNR2x	chtbs6p_c	-0.0	0.0	0.0	Inf	Inf
DKGLCNR2x	dmbzid_c	0.0	0.0	0.0	Inf	Inf
DKGLCNR2x	dms_c	0.0	0.0	0.0	Inf	Inf
DKGLCNR2x	dmso_c	0.0	0.0	0.0	Inf	Inf
DKGLCNR2x	cl_c	-0.0	-0.004256016790009198	999.99574398321	-0.0	0.0
DKGLCNR2x	glc__D_c	-0.0	-9.78845921419213	0.0	-0.0	Inf
DKGLCNR2x	co2_c	-0.0	-985.5643842495616	14.435615750438387	-0.0	0.0
DKGLCNR2x	dscl_c	-0.0	-0.00018234231396213802	0.06553214170031967	-0.0	0.0
DKGLCNR2x	dtdp4aaddg_c	-0.0	0.0	0.0	Inf	Inf
DKGLCNR2x	glyald_c	-0.0	-1000.0	0.0	-0.0	Inf
DKGLCNR2x	crn_c	-0.0	-1000.0	0.0	-0.0	Inf
DKGLCNR2x	duri_c	-0.0	-0.021395376623916156	0.0	-0.0	Inf
DKGLCNR2x	glyb_c	0.0	0.0	0.0	Inf	Inf
DKGLCNR2x	glyc_c	-0.0	-75.91532493501032	1.0819490333787471	-0.0	0.0
DKGLCNR2x	dxyl_c	0.0	0.0	0.0	Inf	Inf
DKGLCNR2x	glycogen_c	-0.0	-9.78845921419213	0.0	-0.0	Inf
DKGLCNR2x	gmhep1p_c	-0.0	0.0	0.49547198724821134	Inf	0.0
DKGLCNR2x	lipa_cold_c	-0.0	0.0	0.0	Inf	Inf
DKGLCNR2x	lipidA_c	-0.0	-0.015908753634278128	0.03992131222557124	-0.0	0.0
DKGLCNR2x	malt_c	0.0	0.0	0.0	Inf	Inf
DKGLCNR2x	h2_c	-0.0	0.0	0.0	Inf	Inf
DKGLCNR2x	malthx_c	-0.0	0.0	0.0	Inf	Inf
DKGLCNR2x	maltpt_c	-0.0	0.0	0.0	Inf	Inf
DKGLCNR2x	malttr_c	-0.0	0.0	0.0	Inf	Inf
DKGLCNR2x	maltttr_c	-0.0	0.0	0.0	Inf	Inf
DKGLCNR2x	h2o2_c	-0.0	-0.0013295453020301076	0.8519286388635692	-0.0	0.0
DKGLCNR2x	man_c	-0.0	0.0	0.0	Inf	Inf
DKGLCNR2x	mdhdhf_c	-0.0	-52.03031296547579	0.0003663199850042526	-0.0	0.0
DKGLCNR2x	melib_c	-0.0	0.0	0.0	Inf	Inf
DKGLCNR2x	meoh_c	-0.0	-999.9999983646429	1.6353570799765293e-06	-0.0	0.0
DKGLCNR2x	pacald_c	-0.0	-1000.0	0.0	-0.0	Inf
DKGLCNR2x	metsox_S__L_c	-0.0	-0.08929785545160485	0.0	-0.0	Inf
DKGLCNR2x	mg2_c	-0.0	-0.007093361316688553	999.9929066386833	-0.0	0.0
DKGLCNR2x	hhlipa_c	-0.0	0.0	0.0	Inf	Inf
DKGLCNR2x	pe120_c	-0.0	-0.06363501453717232	0.0	-0.0	Inf
DKGLCNR2x	mobd_c	-0.0	-0.00010548053137426905	13.253875658889653	-0.0	0.0
DKGLCNR2x	hlipa_c	-0.0	0.0	0.0	Inf	Inf
DKGLCNR2x	pg120_c	-0.0	-0.06363501453717232	0.0	-0.0	Inf
DKGLCNR2x	mql8_c	0.0	0.0	0.0	Inf	Inf
DKGLCNR2x	mqn8_c	-0.0	0.0	0.0	Inf	Inf
DKGLCNR2x	mthgxl_c	-0.0	0.0	0.0	Inf	Inf
DKGLCNR2x	hqn_c	0.0	0.0	0.0	Inf	Inf
DKGLCNR2x	mththf_c	-0.0	-999.999633680015	0.0003663199850042526	-0.0	0.0
DKGLCNR2x	n2o_c	-0.0	-1000.0	0.0	-0.0	Inf
DKGLCNR2x	na1_c	-0.0	0.0	0.0	Inf	Inf
DKGLCNR2x	nac_c	-0.0	0.0	0.0	Inf	Inf
DKGLCNR2x	ncam_c	-0.0	0.0	0.0	Inf	Inf
DKGLCNR2x	ni2_c	-0.0	-0.0002641101677568187	999.9997358898322	-0.0	0.0
DKGLCNR2x	no_c	-0.0	-1000.0	0.0	-0.0	Inf
DKGLCNR2x	indole_c	-0.0	-0.046479301132510364	0.36064967779291573	-0.0	0.0
DKGLCNR2x	no2_c	-0.0	-1000.0	0.0	-0.0	Inf
DKGLCNR2x	no3_c	0.0	0.0	0.0	Inf	Inf
DKGLCNR2x	inost_c	0.0	0.0	0.0	Inf	Inf
DKGLCNR2x	o2_c	-0.0	-20.690766612235365	979.3092333877646	-0.0	0.0
DKGLCNR2x	poaac_c	-0.0	-4.078115587350663	0.0	-0.0	Inf
DKGLCNR2x	ppal_c	-0.0	0.0	0.0	Inf	Inf
DKGLCNR2x	k_c	-0.0	-0.15960512685740014	53.01550263555861	-0.0	0.0
DKGLCNR2x	psclys_c	-0.0	0.0	0.0	Inf	Inf
DKGLCNR2x	lald__D_c	-0.0	0.0	0.0	Inf	Inf
DKGLCNR2x	lald__L_c	-0.0	0.0	0.0	Inf	Inf
DKGLCNR2x	ura_c	-0.0	-0.021395376623916156	0.0	-0.0	Inf
DKGLCNR2x	pydx_c	-0.0	0.0	0.4531239541500736	Inf	0.0
DKGLCNR2x	uracp_c	-0.0	-4.415800988468106	0.0	-0.0	Inf
DKGLCNR2x	pydxn_c	-0.0	0.0	0.4275443760932146	Inf	0.0
DKGLCNR2x	urate_c	-0.0	-0.0013295453020301076	0.0	-0.0	Inf
DKGLCNR2x	q8_c	-0.0	0.0	0.0	Inf	Inf
DKGLCNR2x	q8h2_c	0.0	0.0	0.0	Inf	Inf
DKGLCNR2x	urea_c	-0.0	0.0	2.52454774455041	Inf	0.0
DKGLCNR2x	uri_c	-0.0	0.0	0.0	Inf	Inf
DKGLCNR2x	rbflvrd_c	-0.0	0.0	0.04464892772580242	Inf	0.0
DKGLCNR2x	rbl__L_c	-0.0	-9.78845921419213	0.0	-0.0	Inf
DKGLCNR2x	rdmbzi_c	0.0	0.0	0.0	Inf	Inf
DKGLCNR2x	thptdn_c	0.0	0.0	0.0	Inf	Inf
DKGLCNR2x	xan_c	-0.0	-0.08929785545160485	0.0	-0.0	Inf
DKGLCNR2x	rephaccoa_c	-0.0	-0.00047098283921148676	0.0	-0.0	Inf
DKGLCNR2x	rib__D_c	-0.0	0.0	0.0	Inf	Inf
DKGLCNR2x	xtsn_c	-0.0	0.0	0.0	Inf	Inf
DKGLCNR2x	rml_c	-0.0	0.0	0.0	Inf	Inf
DKGLCNR2x	thym_c	-0.0	-53.01550263555861	0.0	-0.0	Inf
DKGLCNR2x	thymd_c	-0.0	0.0	0.35343668423705743	Inf	0.0
DKGLCNR2x	xu5p__L_c	-0.0	-0.788758065733715	0.0	-0.0	Inf
DKGLCNR2x	rmn_c	-0.0	0.0	0.0	Inf	Inf
DKGLCNR2x	xyl__D_c	0.0	0.0	0.0	Inf	Inf
DKGLCNR2x	tmao_c	0.0	0.0	0.0	Inf	Inf
DKGLCNR2x	xylu__D_c	-0.0	0.0	0.0	Inf	Inf
DKGLCNR2x	xylu__L_c	-0.0	-9.78845921419213	0.0	-0.0	Inf
DKGLCNR2x	12ppd__R_e	-0.0	-1000.0	0.0	-0.0	Inf
DKGLCNR2x	12ppd__S_e	-0.0	-1000.0	0.0	-0.0	Inf
DKGLCNR2x	tre_c	-0.0	-4.894229607096065	0.0	-0.0	Inf
DKGLCNR2x	seln_c	0.0	0.0	0.0	Inf	Inf
DKGLCNR2x	34dhpac_e	-0.0	-1000.0	0.0	-0.0	Inf
DKGLCNR2x	slnt_c	0.0	0.0	0.0	Inf	Inf
DKGLCNR2x	so2_c	0.0	0.0	0.0	Inf	Inf
DKGLCNR2x	so3_c	-0.0	-0.20267961455920158	2.6507751317779307	-0.0	0.0
DKGLCNR2x	so4_c	-0.0	-0.2062267040568031	53.01550263555861	-0.0	0.0
DKGLCNR2x	4hoxpacd_e	-0.0	-1000.0	0.0	-0.0	Inf
DKGLCNR2x	5mtr_e	-0.0	0.0	0.0	Inf	Inf
DKGLCNR2x	LalaDgluMdap_e	-0.0	-1000.0	0.0	-0.0	Inf
DKGLCNR2x	ac_e	-0.0	0.0	0.0	Inf	Inf
DKGLCNR2x	acald_e	-0.0	-1000.0	0.0	-0.0	Inf
DKGLCNR2x	acgal_e	-0.0	-1000.0	0.0	-0.0	Inf
DKGLCNR2x	acgam_e	-0.0	-1000.0	0.0	-0.0	Inf
DKGLCNR2x	acmana_e	-0.0	-1000.0	0.0	-0.0	Inf
DKGLCNR2x	tagur_c	-0.0	0.0	0.0	Inf	Inf
DKGLCNR2x	tartr__L_c	-0.0	-2.4198035227032495	0.0	-0.0	Inf
DKGLCNR2x	ade_e	-0.0	-1000.0	0.0	-0.0	Inf
DKGLCNR2x	adn_e	-0.0	-1000.0	0.0	-0.0	Inf
DKGLCNR2x	all__D_e	-0.0	-1000.0	0.0	-0.0	Inf
DKGLCNR2x	cl_e	-0.0	-0.004256016790009198	999.99574398321	-0.0	0.0
DKGLCNR2x	alltn_e	-0.0	0.0	0.0	Inf	Inf
DKGLCNR2x	cm_e	-0.0	-1000.0	0.0	-0.0	Inf
DKGLCNR2x	co2_e	-0.0	-985.5643842495616	14.435615750438387	-0.0	0.0
DKGLCNR2x	arab__L_e	-0.0	-1000.0	0.0	-0.0	Inf
DKGLCNR2x	arbt_e	-0.0	-1000.0	0.0	-0.0	Inf
DKGLCNR2x	unagamu_c	-0.0	0.0	0.04031597158597613	Inf	0.0
DKGLCNR2x	crn_e	-0.0	-1000.0	0.0	-0.0	Inf
DKGLCNR2x	csn_e	-0.0	-1000.0	0.0	-0.0	Inf
DKGLCNR2x	cyan_e	-0.0	-1000.0	0.0	-0.0	Inf
DKGLCNR2x	glyb_e	-0.0	-1000.0	0.0	-0.0	Inf
DKGLCNR2x	glyc_e	-0.0	-75.91532493501032	1.0819490333787471	-0.0	0.0
DKGLCNR2x	cytd_e	-0.0	-1000.0	0.0	-0.0	Inf
DKGLCNR2x	ca2_e	-0.0	-0.004256016790009198	999.99574398321	-0.0	0.0
DKGLCNR2x	dad_2_e	-0.0	-1000.0	0.0	-0.0	Inf
DKGLCNR2x	dcyt_e	-0.0	-1000.0	0.0	-0.0	Inf
DKGLCNR2x	chol_e	-0.0	-1000.0	0.0	-0.0	Inf
DKGLCNR2x	dha_e	-0.0	-1000.0	0.0	-0.0	Inf
DKGLCNR2x	ppal_e	-0.0	-1000.0	0.0	-0.0	Inf
DKGLCNR2x	h2_e	-0.0	-1000.0	0.0	-0.0	Inf
DKGLCNR2x	dms_e	-0.0	-1000.0	0.0	-0.0	Inf
DKGLCNR2x	dmso_e	-0.0	-1000.0	0.0	-0.0	Inf
DKGLCNR2x	h2o2_e	-0.0	-1000.0	0.0	-0.0	Inf
DKGLCNR2x	psclys_e	-0.0	-1000.0	0.0	-0.0	Inf
DKGLCNR2x	duri_e	-0.0	-1000.0	0.0	-0.0	Inf
DKGLCNR2x	pydx_e	-0.0	-1000.0	0.0	-0.0	Inf
DKGLCNR2x	pydxn_e	-0.0	-1000.0	0.0	-0.0	Inf
DKGLCNR2x	etoh_e	-0.0	-1000.0	0.0	-0.0	Inf
DKGLCNR2x	fald_e	-0.0	0.0	0.0	Inf	Inf
DKGLCNR2x	rib__D_e	-0.0	-1000.0	0.0	-0.0	Inf
DKGLCNR2x	rmn_e	-0.0	-1000.0	0.0	-0.0	Inf
DKGLCNR2x	indole_e	-0.0	-1000.0	0.0	-0.0	Inf
DKGLCNR2x	inost_e	-0.0	-1000.0	0.0	-0.0	Inf
DKGLCNR2x	sbt__D_e	-0.0	-4.145120364825175	0.0	-0.0	Inf
DKGLCNR2x	k_e	-0.0	-0.15960512685740014	999.8403948731426	-0.0	0.0
DKGLCNR2x	for_e	-0.0	0.0	0.002005765452222262	Inf	0.0
DKGLCNR2x	slnt_e	-0.0	0.0	1000.0	Inf	0.0
DKGLCNR2x	fru_e	-0.0	-1000.0	0.0	-0.0	Inf
DKGLCNR2x	so2_e	-0.0	-1000.0	0.0	-0.0	Inf
DKGLCNR2x	so3_e	-0.0	-1000.0	0.0	-0.0	Inf
DKGLCNR2x	so4_e	-0.0	-0.2062267040568031	999.7937732959432	-0.0	0.0
DKGLCNR2x	lipa_cold_e	-0.0	-1000.0	0.0	-0.0	Inf
DKGLCNR2x	sucr_e	-0.0	-1000.0	0.0	-0.0	Inf
DKGLCNR2x	g3pe_e	-0.0	-1000.0	0.0	-0.0	Inf
DKGLCNR2x	malt_e	-0.0	-1000.0	0.0	-0.0	Inf
DKGLCNR2x	tartr__L_e	-0.0	-1000.0	0.0	-0.0	Inf
DKGLCNR2x	g3pi_e	-0.0	-1000.0	0.0	-0.0	Inf
DKGLCNR2x	malthx_e	-0.0	-1000.0	0.0	-0.0	Inf
DKGLCNR2x	maltpt_e	-0.0	-1000.0	0.0	-0.0	Inf
DKGLCNR2x	gal_e	-0.0	-1000.0	0.0	-0.0	Inf
DKGLCNR2x	gal_bD_e	-0.0	-1000.0	0.0	-0.0	Inf
DKGLCNR2x	malttr_e	-0.0	-1000.0	0.0	-0.0	Inf
DKGLCNR2x	maltttr_e	-0.0	-1000.0	0.0	-0.0	Inf
DKGLCNR2x	man_e	-0.0	-1000.0	0.0	-0.0	Inf
DKGLCNR2x	thym_e	-0.0	-1000.0	0.0	-0.0	Inf
DKGLCNR2x	thymd_e	-0.0	-1000.0	0.0	-0.0	Inf
DKGLCNR2x	galt_e	-0.0	-4.145120364825175	0.0	-0.0	Inf
DKGLCNR2x	melib_e	-0.0	-1000.0	0.0	-0.0	Inf
DKGLCNR2x	meoh_e	-0.0	-999.9999983646429	1.6353570799765293e-06	-0.0	0.0
DKGLCNR2x	tmao_e	-0.0	-1000.0	0.0	-0.0	Inf
DKGLCNR2x	tre_e	-0.0	-1000.0	0.0	-0.0	Inf
DKGLCNR2x	metsox_S__L_e	-0.0	-1000.0	0.0	-0.0	Inf
DKGLCNR2x	glc__D_e	-0.0	-1000.0	0.0	-0.0	Inf
DKGLCNR2x	mg2_e	-0.0	-0.007093361316719893	999.9929066386833	-0.0	0.0
DKGLCNR2x	mnl_e	-0.0	-1000.0	0.0	-0.0	Inf
DKGLCNR2x	mobd_e	-0.0	-0.00010548053137426905	999.9998945194686	-0.0	0.0
DKGLCNR2x	glyald_e	-0.0	-1000.0	0.0	-0.0	Inf
DKGLCNR2x	n2o_e	-0.0	-1000.0	0.0	-0.0	Inf
DKGLCNR2x	na1_e	-0.0	0.0	1000.0	Inf	0.0
DKGLCNR2x	nac_e	-0.0	-1000.0	0.0	-0.0	Inf
DKGLCNR2x	ni2_e	-0.0	-0.0002641101677909319	999.9997358898322	-0.0	0.0
DKGLCNR2x	no_e	-0.0	-1000.0	0.0	-0.0	Inf
DKGLCNR2x	no2_e	-0.0	-1000.0	0.0	-0.0	Inf
DKGLCNR2x	ura_e	-0.0	-1000.0	0.0	-0.0	Inf
DKGLCNR2x	no3_e	-0.0	-1000.0	0.0	-0.0	Inf
DKGLCNR2x	urea_e	-0.0	-1000.0	0.0	-0.0	Inf
DKGLCNR2x	novbcn_e	-0.0	-1000.0	0.0	-0.0	Inf
DKGLCNR2x	uri_e	-0.0	-1000.0	0.0	-0.0	Inf
DKGLCNR2x	o2_e	-0.0	-20.690766612235393	979.3092333877646	-0.0	0.0
DKGLCNR2x	xan_e	-0.0	0.0	0.0	Inf	Inf
DKGLCNR2x	xtsn_e	-0.0	-1000.0	0.0	-0.0	Inf
DKGLCNR2x	xyl__D_e	-0.0	-1000.0	0.0	-0.0	Inf
DKGLCNR2x	xylu__L_e	-0.0	-1000.0	0.0	-0.0	Inf
DKGLCNR2x	pacald_e	-0.0	-1000.0	0.0	-0.0	Inf
DKGLCNR2x	12dgr120_p	-0.0	0.0	0.0	Inf	Inf
DKGLCNR2x	12dgr140_p	-0.0	0.0	0.0	Inf	Inf
DKGLCNR2x	12dgr160_p	-0.0	-0.052179338220526006	0.0	-0.0	Inf
DKGLCNR2x	12dgr180_p	-0.0	0.0	0.0	Inf	Inf
DKGLCNR2x	12ppd__R_p	-0.0	-1000.0	0.0	-0.0	Inf
DKGLCNR2x	12ppd__S_p	-0.0	0.0	0.0	Inf	Inf
DKGLCNR2x	chol_p	-0.0	-1000.0	0.0	-0.0	Inf
DKGLCNR2x	cl_p	-0.0	-0.004256016790009198	999.99574398321	-0.0	0.0
DKGLCNR2x	34dhpac_p	-0.0	-1000.0	0.0	-0.0	Inf
DKGLCNR2x	cm_p	-0.0	0.0	0.0	Inf	Inf
DKGLCNR2x	4hoxpacd_p	-0.0	-1000.0	0.0	-0.0	Inf
DKGLCNR2x	co2_p	-0.0	-985.5643842495616	14.435615750438387	-0.0	0.0
DKGLCNR2x	5mtr_p	-0.0	0.0	0.0	Inf	Inf
DKGLCNR2x	LalaDgluMdap_p	-0.0	0.0	0.0	Inf	Inf
DKGLCNR2x	gal_p	-0.0	-1000.0	0.0	-0.0	Inf
DKGLCNR2x	ac_p	-0.0	-3.4689480481354167	0.0	-0.0	Inf
DKGLCNR2x	crn_p	-0.0	-1000.0	0.0	-0.0	Inf
DKGLCNR2x	gal_bD_p	-0.0	-1000.0	0.0	-0.0	Inf
DKGLCNR2x	acald_p	-0.0	-1000.0	0.0	-0.0	Inf
DKGLCNR2x	acgal_p	-0.0	-1000.0	0.0	-0.0	Inf
DKGLCNR2x	csn_p	-0.0	0.0	0.0	Inf	Inf
DKGLCNR2x	acgam_p	-0.0	-1000.0	0.0	-0.0	Inf
DKGLCNR2x	galt_p	-0.0	-4.145120364825175	0.0	-0.0	Inf
DKGLCNR2x	acmana_p	-0.0	-1000.0	0.0	-0.0	Inf
DKGLCNR2x	cyan_p	-0.0	0.0	0.0	Inf	Inf
DKGLCNR2x	ade_p	-0.0	-1000.0	0.0	-0.0	Inf
DKGLCNR2x	adn_p	-0.0	0.0	0.0005502976560422842	Inf	0.0
DKGLCNR2x	cytd_p	-0.0	-0.13125784730390294	0.0	-0.0	Inf
DKGLCNR2x	glc__D_p	-0.0	-1000.0	0.0	-0.0	Inf
DKGLCNR2x	dad_2_p	-0.0	-1000.0	0.0	-0.0	Inf
DKGLCNR2x	dcyt_p	-0.0	-1000.0	0.0	-0.0	Inf
DKGLCNR2x	all__D_p	-0.0	0.0	0.0	Inf	Inf
DKGLCNR2x	alltn_p	-0.0	0.0	0.0	Inf	Inf
DKGLCNR2x	dha_p	-0.0	-1000.0	0.0	-0.0	Inf
DKGLCNR2x	glyald_p	-0.0	-1000.0	0.0	-0.0	Inf
DKGLCNR2x	glyb_p	0.0	0.0	0.0	Inf	Inf
DKGLCNR2x	dms_p	-0.0	-1000.0	0.0	-0.0	Inf
DKGLCNR2x	glyc_p	-0.0	-75.91532493501032	1.0819490333787471	-0.0	0.0
DKGLCNR2x	dmso_p	-0.0	-1000.0	0.0	-0.0	Inf
DKGLCNR2x	arab__L_p	-0.0	0.0	0.0	Inf	Inf
DKGLCNR2x	arbt_p	0.0	0.0	0.0	Inf	Inf
DKGLCNR2x	ca2_p	-0.0	-0.004256016790009198	999.99574398321	-0.0	0.0
DKGLCNR2x	duri_p	-0.0	-1000.0	0.0	-0.0	Inf
DKGLCNR2x	h2_p	-0.0	-1000.0	0.0	-0.0	Inf
DKGLCNR2x	h2o2_p	-0.0	-1000.0	0.0	-0.0	Inf
DKGLCNR2x	etoh_p	-0.0	-1000.0	0.0	-0.0	Inf
DKGLCNR2x	fald_p	-0.0	0.0	0.0	Inf	Inf
DKGLCNR2x	n2o_p	-0.0	-1000.0	0.0	-0.0	Inf
DKGLCNR2x	na1_p	-0.0	0.0	0.0	Inf	Inf
DKGLCNR2x	indole_p	-0.0	0.0	0.36311988106546994	Inf	0.0
DKGLCNR2x	nac_p	-0.0	-1000.0	0.0	-0.0	Inf
DKGLCNR2x	ni2_p	-0.0	-0.0002641101677909319	999.9997358898322	-0.0	0.0
DKGLCNR2x	inost_p	-0.0	-1000.0	0.0	-0.0	Inf
DKGLCNR2x	no_p	-0.0	-1000.0	0.0	-0.0	Inf
DKGLCNR2x	no2_p	-0.0	-1000.0	0.0	-0.0	Inf
DKGLCNR2x	for_p	-0.0	0.0	0.002005765452222262	Inf	0.0
DKGLCNR2x	fru_p	-0.0	-1000.0	0.0	-0.0	Inf
DKGLCNR2x	no3_p	-0.0	0.0	0.0	Inf	Inf
DKGLCNR2x	k_p	-0.0	-0.15960512685740014	999.8403948731426	-0.0	0.0
DKGLCNR2x	novbcn_p	-0.0	0.0	0.0	Inf	Inf
DKGLCNR2x	o2_p	-0.0	-20.690766612235393	979.3092333877646	-0.0	0.0
DKGLCNR2x	lipa_cold_p	-0.0	-13.253875658889653	0.0	-0.0	Inf
DKGLCNR2x	g3pe_p	-0.0	0.0	0.0	Inf	Inf
DKGLCNR2x	g3pi_p	-0.0	0.0	0.0	Inf	Inf
DKGLCNR2x	so3_p	-0.0	-1000.0	0.0	-0.0	Inf
DKGLCNR2x	so4_p	-0.0	-0.2062267040568031	999.7937732959432	-0.0	0.0
DKGLCNR2x	malt_p	0.0	0.0	0.0	Inf	Inf
DKGLCNR2x	malthx_p	0.0	0.0	0.0	Inf	Inf
DKGLCNR2x	maltpt_p	0.0	0.0	0.0	Inf	Inf
DKGLCNR2x	sucr_p	-0.0	-1000.0	0.0	-0.0	Inf
DKGLCNR2x	malttr_p	0.0	0.0	0.0	Inf	Inf
DKGLCNR2x	maltttr_p	0.0	0.0	0.0	Inf	Inf
DKGLCNR2x	pacald_p	-0.0	-1000.0	0.0	-0.0	Inf
DKGLCNR2x	man_p	-0.0	-1000.0	0.0	-0.0	Inf
DKGLCNR2x	tartr__L_p	-0.0	-1000.0	0.0	-0.0	Inf
DKGLCNR2x	pe120_p	-0.0	-0.06363501453717232	0.0	-0.0	Inf
DKGLCNR2x	melib_p	-0.0	-1000.0	0.0	-0.0	Inf
DKGLCNR2x	meoh_p	-0.0	-999.9999983646429	1.6353570799765293e-06	-0.0	0.0
DKGLCNR2x	thym_p	-0.0	-1000.0	0.0	-0.0	Inf
DKGLCNR2x	thymd_p	-0.0	0.0	0.0	Inf	Inf
DKGLCNR2x	pg120_p	-0.0	-0.06363501453717232	0.0	-0.0	Inf
DKGLCNR2x	metsox_S__L_p	-0.0	-1000.0	0.0	-0.0	Inf
DKGLCNR2x	tmao_p	-0.0	-1000.0	0.0	-0.0	Inf
DKGLCNR2x	mg2_p	-0.0	-0.007093361316688553	999.9929066386833	-0.0	0.0
DKGLCNR2x	tre_p	-0.0	0.0	0.0	Inf	Inf
DKGLCNR2x	mnl_p	-0.0	0.0	0.0	Inf	Inf
DKGLCNR2x	mobd_p	-0.0	-0.00010548053137426905	999.9998945194686	-0.0	0.0
DKGLCNR2x	ura_p	-0.0	-1000.0	0.0	-0.0	Inf
DKGLCNR2x	urea_p	-0.0	0.0	2.52454774455041	Inf	0.0
DKGLCNR2x	uri_p	-0.0	0.0	0.0	Inf	Inf
DKGLCNR2x	xan_p	-0.0	-0.08929785545160485	0.0	-0.0	Inf
DKGLCNR2x	xtsn_p	-0.0	0.0	0.0	Inf	Inf
DKGLCNR2x	xyl__D_p	-0.0	0.0	0.0	Inf	Inf
DKGLCNR2x	xylu__L_p	-0.0	-1000.0	0.0	-0.0	Inf
DKGLCNR2x	ppal_p	-0.0	-1000.0	0.0	-0.0	Inf
DKGLCNR2x	psclys_p	-0.0	-1000.0	0.0	-0.0	Inf
DKGLCNR2x	pydx_p	-0.0	0.0	0.0	Inf	Inf
DKGLCNR2x	pydxn_p	-0.0	0.0	0.0	Inf	Inf
DKGLCNR2x	rib__D_p	-0.0	-1000.0	0.0	-0.0	Inf
DKGLCNR2x	rmn_p	-0.0	-1000.0	0.0	-0.0	Inf
DKGLCNR2x	sbt__D_p	-0.0	-4.145120364825175	0.0	-0.0	Inf
DKGLCNR2x	slnt_p	-0.0	0.0	0.0	Inf	Inf
DKGLCNR2x	so2_p	-0.0	-1000.0	0.0	-0.0	Inf
