Reaction	Metabolite	ShadowPrice	G-	G+	DecrementalShadowPrice	IncrementalShadowPrice
ASCBPL	12dgr120_c	-0.0	0.0	0.0	Inf	Inf
ASCBPL	12dgr140_c	-0.0	0.0	0.0	Inf	Inf
ASCBPL	12dgr160_c	-0.0	-0.052179338220526006	0.0	-0.0	Inf
ASCBPL	12dgr180_c	-0.0	0.0	0.0	Inf	Inf
ASCBPL	12ppd__R_c	-0.0	-1000.0	0.0	-0.0	Inf
ASCBPL	12ppd__S_c	-0.0	0.0	0.0	Inf	Inf
ASCBPL	5drib_c	-0.0	-999.999816022329	0.00018397767103803164	-0.0	0.0
ASCBPL	5mta_c	-0.0	0.0	0.0	Inf	Inf
ASCBPL	23dhacoa_c	-0.0	-0.00047098283921148676	0.0	-0.0	Inf
ASCBPL	5mtr_c	-0.0	0.0	0.0	Inf	Inf
ASCBPL	3amac_c	-0.0	-7.513020108071362	0.0	-0.0	Inf
ASCBPL	LalaDgluMdap_c	-0.0	-0.02272165121246588	0.0	-0.0	Inf
ASCBPL	ac_c	-0.0	-3.4689480481354167	1.8938255932157047	-0.0	0.0
ASCBPL	acald_c	-0.0	-3.4689480481354167	1.514728646730246	-0.0	0.0
ASCBPL	acetol_c	-0.0	0.0	0.0	Inf	Inf
ASCBPL	acgam_c	-0.0	-0.0772608096935145	0.0	-0.0	Inf
ASCBPL	acgam6p_c	-0.0	-0.0772608096935145	0.0	-0.0	Inf
ASCBPL	acmalt_c	0.0	0.0	0.0	Inf	Inf
ASCBPL	acmana_c	-0.0	-0.0772608096935145	0.0	-0.0	Inf
ASCBPL	2dmmq8_c	-0.0	0.0	0.0	Inf	Inf
ASCBPL	2dmmql8_c	0.0	0.0	0.0	Inf	Inf
ASCBPL	ade_c	-0.0	-0.08929785545160485	0.0005502976560422842	-0.0	0.0
ASCBPL	adn_c	-0.0	0.0	0.0005502976560422842	Inf	0.0
ASCBPL	3sala_c	0.0	0.0	0.0	Inf	Inf
ASCBPL	adphep_DD_c	-0.0	0.0	0.0	Inf	Inf
ASCBPL	adphep_LD_c	-0.0	0.0	0.0	Inf	Inf
ASCBPL	4ahmmp_c	0.0	0.0	0.0	Inf	Inf
ASCBPL	4crsol_c	-0.0	-999.9998176576861	0.00018234231396213802	-0.0	0.0
ASCBPL	2ohph_c	-0.0	-0.00018234231396213802	0.0593014570867546	-0.0	0.0
ASCBPL	2ombzl_c	-0.0	0.0	0.0	Inf	Inf
ASCBPL	2omhmbl_c	-0.0	0.0	0.0	Inf	Inf
ASCBPL	2ommbl_c	0.0	0.0	0.0	Inf	Inf
ASCBPL	2omph_c	-0.0	0.0	0.053175027718714754	Inf	0.0
ASCBPL	4mhetz_c	0.0	0.0	0.0	Inf	Inf
ASCBPL	2oph_c	-0.0	-0.00018234231396213802	0.0593014570867546	-0.0	0.0
ASCBPL	2oxpaccoa_c	-0.0	-0.00047098283921148676	0.0	-0.0	Inf
ASCBPL	all__D_c	-0.0	-9.78845921419213	0.0	-0.0	Inf
ASCBPL	alltn_c	-0.0	-1.8782550270178404	0.0	-0.0	Inf
ASCBPL	4r5au_c	-0.0	-0.00036468462752686976	0.3442565106205105	-0.0	0.0
ASCBPL	56dura_c	0.0	0.0	0.0	Inf	Inf
ASCBPL	arab__L_c	-0.0	-9.78845921419213	0.0	-0.0	Inf
ASCBPL	etoh_c	-0.0	-1000.0	0.0	-0.0	Inf
ASCBPL	csn_c	-0.0	0.0	0.14792213590862127	Inf	0.0
ASCBPL	fald_c	-0.0	0.0	0.0	Inf	Inf
ASCBPL	fc1p_c	-0.0	0.0	0.0	Inf	Inf
ASCBPL	fcl__L_c	-0.0	0.0	0.0	Inf	Inf
ASCBPL	aso4_c	0.0	0.0	0.0	Inf	Inf
ASCBPL	cyan_c	0.0	0.0	0.0	Inf	Inf
ASCBPL	athtp_c	0.0	0.0	0.0	Inf	Inf
ASCBPL	cytd_c	-0.0	-0.13125784730390294	0.0	-0.0	Inf
ASCBPL	dad_2_c	-0.0	-0.08929785545160485	0.0	-0.0	Inf
ASCBPL	dad_5_c	-0.0	-0.08929785545160485	0.00018397767103803164	-0.0	0.0
ASCBPL	betald_c	0.0	0.0	0.0	Inf	Inf
ASCBPL	btal_c	-0.0	-531.4072745450723	0.0	-0.0	Inf
ASCBPL	for_c	-0.0	-0.08929785545160485	0.002005765452222262	-0.0	0.0
ASCBPL	dcyt_c	-0.0	-0.021395376623916156	0.0	-0.0	Inf
ASCBPL	fru_c	-0.0	-9.78845921419213	0.0	-0.0	Inf
ASCBPL	ca2_c	-0.0	-0.004256016790009198	999.99574398321	-0.0	0.0
ASCBPL	g3pe_c	-0.0	-0.788758065733715	0.0	-0.0	Inf
ASCBPL	g3pi_c	0.0	0.0	0.0	Inf	Inf
ASCBPL	cbm_c	-0.0	-3.756510054035681	0.0	-0.0	Inf
ASCBPL	dha_c	-0.0	-88.56787909084538	1.262273872275205	-0.0	0.0
ASCBPL	gal_c	-0.0	0.0	0.0	Inf	Inf
ASCBPL	dhgly_c	-0.0	-0.00018234231396213802	0.22851509756706298	-0.0	0.0
ASCBPL	dhmptp_c	0.0	0.0	0.0	Inf	Inf
ASCBPL	gcald_c	-0.0	-2.4198035227032495	0.0005470269417173768	-0.0	0.0
ASCBPL	dhptd_c	-0.0	-52.03031296547579	0.0003663199850042526	-0.0	0.0
ASCBPL	cechddd_c	-0.0	0.0	0.0	Inf	Inf
ASCBPL	dhptdn_c	0.0	0.0	0.0	Inf	Inf
ASCBPL	chol_c	0.0	0.0	0.0	Inf	Inf
ASCBPL	chtbs6p_c	-0.0	0.0	0.0	Inf	Inf
ASCBPL	dmbzid_c	0.0	0.0	0.0	Inf	Inf
ASCBPL	dms_c	0.0	0.0	0.0	Inf	Inf
ASCBPL	dmso_c	0.0	0.0	0.0	Inf	Inf
ASCBPL	cl_c	-0.0	-0.004256016790009198	999.99574398321	-0.0	0.0
ASCBPL	glc__D_c	-0.0	-9.78845921419213	0.0	-0.0	Inf
ASCBPL	co2_c	-0.0	-985.5643842495616	14.435615750438387	-0.0	0.0
ASCBPL	dscl_c	-0.0	-0.00018234231396213802	0.06553214170031967	-0.0	0.0
ASCBPL	dtdp4aaddg_c	-0.0	0.0	0.0	Inf	Inf
ASCBPL	glyald_c	-0.0	-1000.0	0.0	-0.0	Inf
ASCBPL	crn_c	-0.0	-1000.0	0.0	-0.0	Inf
ASCBPL	duri_c	-0.0	-0.021395376623916156	0.0	-0.0	Inf
ASCBPL	glyb_c	0.0	0.0	0.0	Inf	Inf
ASCBPL	glyc_c	-0.0	-75.91532493501032	1.0819490333787471	-0.0	0.0
ASCBPL	dxyl_c	0.0	0.0	0.0	Inf	Inf
ASCBPL	glycogen_c	-0.0	-9.78845921419213	0.0	-0.0	Inf
ASCBPL	gmhep1p_c	-0.0	0.0	0.49547198724821134	Inf	0.0
ASCBPL	lipa_cold_c	-0.0	0.0	0.0	Inf	Inf
ASCBPL	lipidA_c	-0.0	-0.015908753634278128	0.03992131222557124	-0.0	0.0
ASCBPL	malt_c	0.0	0.0	0.0	Inf	Inf
ASCBPL	h2_c	-0.0	0.0	0.0	Inf	Inf
ASCBPL	malthx_c	-0.0	0.0	0.0	Inf	Inf
ASCBPL	maltpt_c	-0.0	0.0	0.0	Inf	Inf
ASCBPL	malttr_c	-0.0	0.0	0.0	Inf	Inf
ASCBPL	maltttr_c	-0.0	0.0	0.0	Inf	Inf
ASCBPL	h2o2_c	-0.0	-0.0013295453020301076	0.8519286388635692	-0.0	0.0
ASCBPL	man_c	-0.0	0.0	0.0	Inf	Inf
ASCBPL	mdhdhf_c	-0.0	-52.03031296547579	0.0003663199850042526	-0.0	0.0
ASCBPL	melib_c	-0.0	0.0	0.0	Inf	Inf
ASCBPL	meoh_c	-0.0	-999.9999983646429	1.6353570799765293e-06	-0.0	0.0
ASCBPL	pacald_c	-0.0	-1000.0	0.0	-0.0	Inf
ASCBPL	metsox_S__L_c	-0.0	-0.08929785545160485	0.0	-0.0	Inf
ASCBPL	mg2_c	-0.0	-0.007093361316688553	999.9929066386833	-0.0	0.0
ASCBPL	hhlipa_c	-0.0	0.0	0.0	Inf	Inf
ASCBPL	pe120_c	-0.0	-0.06363501453717232	0.0	-0.0	Inf
ASCBPL	mobd_c	-0.0	-0.00010548053137426905	13.253875658889653	-0.0	0.0
ASCBPL	hlipa_c	-0.0	0.0	0.0	Inf	Inf
ASCBPL	pg120_c	-0.0	-0.06363501453717232	0.0	-0.0	Inf
ASCBPL	mql8_c	0.0	0.0	0.0	Inf	Inf
ASCBPL	mqn8_c	-0.0	0.0	0.0	Inf	Inf
ASCBPL	mthgxl_c	-0.0	0.0	0.0	Inf	Inf
ASCBPL	hqn_c	0.0	0.0	0.0	Inf	Inf
ASCBPL	mththf_c	-0.0	-999.999633680015	0.0003663199850042526	-0.0	0.0
ASCBPL	n2o_c	-0.0	-1000.0	0.0	-0.0	Inf
ASCBPL	na1_c	-0.0	0.0	0.0	Inf	Inf
ASCBPL	nac_c	-0.0	0.0	0.0	Inf	Inf
ASCBPL	ncam_c	-0.0	0.0	0.0	Inf	Inf
ASCBPL	ni2_c	-0.0	-0.0002641101677568187	999.9997358898322	-0.0	0.0
ASCBPL	no_c	-0.0	-1000.0	0.0	-0.0	Inf
ASCBPL	indole_c	-0.0	-0.046479301132510364	0.36064967779291573	-0.0	0.0
ASCBPL	no2_c	-0.0	-1000.0	0.0	-0.0	Inf
ASCBPL	no3_c	0.0	0.0	0.0	Inf	Inf
ASCBPL	inost_c	0.0	0.0	0.0	Inf	Inf
ASCBPL	o2_c	-0.0	-20.690766612235365	979.3092333877646	-0.0	0.0
ASCBPL	poaac_c	-0.0	-4.078115587350663	0.0	-0.0	Inf
ASCBPL	ppal_c	-0.0	0.0	0.0	Inf	Inf
ASCBPL	k_c	-0.0	-0.15960512685740014	53.01550263555861	-0.0	0.0
ASCBPL	psclys_c	-0.0	0.0	0.0	Inf	Inf
ASCBPL	lald__D_c	-0.0	0.0	0.0	Inf	Inf
ASCBPL	lald__L_c	-0.0	0.0	0.0	Inf	Inf
ASCBPL	ura_c	-0.0	-0.021395376623916156	0.0	-0.0	Inf
ASCBPL	pydx_c	-0.0	0.0	0.4531239541500736	Inf	0.0
ASCBPL	uracp_c	-0.0	-4.415800988468106	0.0	-0.0	Inf
ASCBPL	pydxn_c	-0.0	0.0	0.4275443760932146	Inf	0.0
ASCBPL	urate_c	-0.0	-0.0013295453020301076	0.0	-0.0	Inf
ASCBPL	q8_c	-0.0	0.0	0.0	Inf	Inf
ASCBPL	q8h2_c	0.0	0.0	0.0	Inf	Inf
ASCBPL	urea_c	-0.0	0.0	2.52454774455041	Inf	0.0
ASCBPL	uri_c	-0.0	0.0	0.0	Inf	Inf
ASCBPL	rbflvrd_c	-0.0	0.0	0.04464892772580242	Inf	0.0
ASCBPL	rbl__L_c	-0.0	-9.78845921419213	0.0	-0.0	Inf
ASCBPL	rdmbzi_c	0.0	0.0	0.0	Inf	Inf
ASCBPL	thptdn_c	0.0	0.0	0.0	Inf	Inf
ASCBPL	xan_c	-0.0	-0.08929785545160485	0.0	-0.0	Inf
ASCBPL	rephaccoa_c	-0.0	-0.00047098283921148676	0.0	-0.0	Inf
ASCBPL	rib__D_c	-0.0	0.0	0.0	Inf	Inf
ASCBPL	xtsn_c	-0.0	0.0	0.0	Inf	Inf
ASCBPL	rml_c	-0.0	0.0	0.0	Inf	Inf
ASCBPL	thym_c	-0.0	-53.01550263555861	0.0	-0.0	Inf
ASCBPL	thymd_c	-0.0	0.0	0.35343668423705743	Inf	0.0
ASCBPL	xu5p__L_c	-0.0	-0.788758065733715	0.0	-0.0	Inf
ASCBPL	rmn_c	-0.0	0.0	0.0	Inf	Inf
ASCBPL	xyl__D_c	0.0	0.0	0.0	Inf	Inf
ASCBPL	tmao_c	0.0	0.0	0.0	Inf	Inf
ASCBPL	xylu__D_c	-0.0	0.0	0.0	Inf	Inf
ASCBPL	xylu__L_c	-0.0	-9.78845921419213	0.0	-0.0	Inf
ASCBPL	12ppd__R_e	-0.0	-1000.0	0.0	-0.0	Inf
ASCBPL	12ppd__S_e	-0.0	-1000.0	0.0	-0.0	Inf
ASCBPL	tre_c	-0.0	-4.894229607096065	0.0	-0.0	Inf
ASCBPL	seln_c	0.0	0.0	0.0	Inf	Inf
ASCBPL	34dhpac_e	-0.0	-1000.0	0.0	-0.0	Inf
ASCBPL	slnt_c	0.0	0.0	0.0	Inf	Inf
ASCBPL	so2_c	0.0	0.0	0.0	Inf	Inf
ASCBPL	so3_c	-0.0	-0.20267961455920158	2.6507751317779307	-0.0	0.0
ASCBPL	so4_c	-0.0	-0.2062267040568031	53.01550263555861	-0.0	0.0
ASCBPL	4hoxpacd_e	-0.0	-1000.0	0.0	-0.0	Inf
ASCBPL	5mtr_e	-0.0	0.0	0.0	Inf	Inf
ASCBPL	LalaDgluMdap_e	-0.0	-1000.0	0.0	-0.0	Inf
ASCBPL	ac_e	-0.0	0.0	0.0	Inf	Inf
ASCBPL	acald_e	-0.0	-1000.0	0.0	-0.0	Inf
ASCBPL	acgal_e	-0.0	-1000.0	0.0	-0.0	Inf
ASCBPL	acgam_e	-0.0	-1000.0	0.0	-0.0	Inf
ASCBPL	acmana_e	-0.0	-1000.0	0.0	-0.0	Inf
ASCBPL	tagur_c	-0.0	0.0	0.0	Inf	Inf
ASCBPL	tartr__L_c	-0.0	-2.4198035227032495	0.0	-0.0	Inf
ASCBPL	ade_e	-0.0	-1000.0	0.0	-0.0	Inf
ASCBPL	adn_e	-0.0	-1000.0	0.0	-0.0	Inf
ASCBPL	all__D_e	-0.0	-1000.0	0.0	-0.0	Inf
ASCBPL	cl_e	-0.0	-0.004256016790009198	999.99574398321	-0.0	0.0
ASCBPL	alltn_e	-0.0	0.0	0.0	Inf	Inf
ASCBPL	cm_e	-0.0	-1000.0	0.0	-0.0	Inf
ASCBPL	co2_e	-0.0	-985.5643842495616	14.435615750438387	-0.0	0.0
ASCBPL	arab__L_e	-0.0	-1000.0	0.0	-0.0	Inf
ASCBPL	arbt_e	-0.0	-1000.0	0.0	-0.0	Inf
ASCBPL	unagamu_c	-0.0	0.0	0.04031597158597613	Inf	0.0
ASCBPL	crn_e	-0.0	-1000.0	0.0	-0.0	Inf
ASCBPL	csn_e	-0.0	-1000.0	0.0	-0.0	Inf
ASCBPL	cyan_e	-0.0	-1000.0	0.0	-0.0	Inf
ASCBPL	glyb_e	-0.0	-1000.0	0.0	-0.0	Inf
ASCBPL	glyc_e	-0.0	-75.91532493501032	1.0819490333787471	-0.0	0.0
ASCBPL	cytd_e	-0.0	-1000.0	0.0	-0.0	Inf
ASCBPL	ca2_e	-0.0	-0.004256016790009198	999.99574398321	-0.0	0.0
ASCBPL	dad_2_e	-0.0	-1000.0	0.0	-0.0	Inf
ASCBPL	dcyt_e	-0.0	-1000.0	0.0	-0.0	Inf
ASCBPL	chol_e	-0.0	-1000.0	0.0	-0.0	Inf
ASCBPL	dha_e	-0.0	-1000.0	0.0	-0.0	Inf
ASCBPL	ppal_e	-0.0	-1000.0	0.0	-0.0	Inf
ASCBPL	h2_e	-0.0	-1000.0	0.0	-0.0	Inf
ASCBPL	dms_e	-0.0	-1000.0	0.0	-0.0	Inf
ASCBPL	dmso_e	-0.0	-1000.0	0.0	-0.0	Inf
ASCBPL	h2o2_e	-0.0	-1000.0	0.0	-0.0	Inf
ASCBPL	psclys_e	-0.0	-1000.0	0.0	-0.0	Inf
ASCBPL	duri_e	-0.0	-1000.0	0.0	-0.0	Inf
ASCBPL	pydx_e	-0.0	-1000.0	0.0	-0.0	Inf
ASCBPL	pydxn_e	-0.0	-1000.0	0.0	-0.0	Inf
ASCBPL	etoh_e	-0.0	-1000.0	0.0	-0.0	Inf
ASCBPL	fald_e	-0.0	0.0	0.0	Inf	Inf
ASCBPL	rib__D_e	-0.0	-1000.0	0.0	-0.0	Inf
ASCBPL	rmn_e	-0.0	-1000.0	0.0	-0.0	Inf
ASCBPL	indole_e	-0.0	-1000.0	0.0	-0.0	Inf
ASCBPL	inost_e	-0.0	-1000.0	0.0	-0.0	Inf
ASCBPL	sbt__D_e	-0.0	-4.145120364825175	0.0	-0.0	Inf
ASCBPL	k_e	-0.0	-0.15960512685740014	999.8403948731426	-0.0	0.0
ASCBPL	for_e	-0.0	0.0	0.002005765452222262	Inf	0.0
ASCBPL	slnt_e	-0.0	0.0	1000.0	Inf	0.0
ASCBPL	fru_e	-0.0	-1000.0	0.0	-0.0	Inf
ASCBPL	so2_e	-0.0	-1000.0	0.0	-0.0	Inf
ASCBPL	so3_e	-0.0	-1000.0	0.0	-0.0	Inf
ASCBPL	so4_e	-0.0	-0.2062267040568031	999.7937732959432	-0.0	0.0
ASCBPL	lipa_cold_e	-0.0	-1000.0	0.0	-0.0	Inf
ASCBPL	sucr_e	-0.0	-1000.0	0.0	-0.0	Inf
ASCBPL	g3pe_e	-0.0	-1000.0	0.0	-0.0	Inf
ASCBPL	malt_e	-0.0	-1000.0	0.0	-0.0	Inf
ASCBPL	tartr__L_e	-0.0	-1000.0	0.0	-0.0	Inf
ASCBPL	g3pi_e	-0.0	-1000.0	0.0	-0.0	Inf
ASCBPL	malthx_e	-0.0	-1000.0	0.0	-0.0	Inf
ASCBPL	maltpt_e	-0.0	-1000.0	0.0	-0.0	Inf
ASCBPL	gal_e	-0.0	-1000.0	0.0	-0.0	Inf
ASCBPL	gal_bD_e	-0.0	-1000.0	0.0	-0.0	Inf
ASCBPL	malttr_e	-0.0	-1000.0	0.0	-0.0	Inf
ASCBPL	maltttr_e	-0.0	-1000.0	0.0	-0.0	Inf
ASCBPL	man_e	-0.0	-1000.0	0.0	-0.0	Inf
ASCBPL	thym_e	-0.0	-1000.0	0.0	-0.0	Inf
ASCBPL	thymd_e	-0.0	-1000.0	0.0	-0.0	Inf
ASCBPL	galt_e	-0.0	-4.145120364825175	0.0	-0.0	Inf
ASCBPL	melib_e	-0.0	-1000.0	0.0	-0.0	Inf
ASCBPL	meoh_e	-0.0	-999.9999983646429	1.6353570799765293e-06	-0.0	0.0
ASCBPL	tmao_e	-0.0	-1000.0	0.0	-0.0	Inf
ASCBPL	tre_e	-0.0	-1000.0	0.0	-0.0	Inf
ASCBPL	metsox_S__L_e	-0.0	-1000.0	0.0	-0.0	Inf
ASCBPL	glc__D_e	-0.0	-1000.0	0.0	-0.0	Inf
ASCBPL	mg2_e	-0.0	-0.007093361316719893	999.9929066386833	-0.0	0.0
ASCBPL	mnl_e	-0.0	-1000.0	0.0	-0.0	Inf
ASCBPL	mobd_e	-0.0	-0.00010548053137426905	999.9998945194686	-0.0	0.0
ASCBPL	glyald_e	-0.0	-1000.0	0.0	-0.0	Inf
ASCBPL	n2o_e	-0.0	-1000.0	0.0	-0.0	Inf
ASCBPL	na1_e	-0.0	0.0	1000.0	Inf	0.0
ASCBPL	nac_e	-0.0	-1000.0	0.0	-0.0	Inf
ASCBPL	ni2_e	-0.0	-0.0002641101677909319	999.9997358898322	-0.0	0.0
ASCBPL	no_e	-0.0	-1000.0	0.0	-0.0	Inf
ASCBPL	no2_e	-0.0	-1000.0	0.0	-0.0	Inf
ASCBPL	ura_e	-0.0	-1000.0	0.0	-0.0	Inf
ASCBPL	no3_e	-0.0	-1000.0	0.0	-0.0	Inf
ASCBPL	urea_e	-0.0	-1000.0	0.0	-0.0	Inf
ASCBPL	novbcn_e	-0.0	-1000.0	0.0	-0.0	Inf
ASCBPL	uri_e	-0.0	-1000.0	0.0	-0.0	Inf
ASCBPL	o2_e	-0.0	-20.690766612235393	979.3092333877646	-0.0	0.0
ASCBPL	xan_e	-0.0	0.0	0.0	Inf	Inf
ASCBPL	xtsn_e	-0.0	-1000.0	0.0	-0.0	Inf
ASCBPL	xyl__D_e	-0.0	-1000.0	0.0	-0.0	Inf
ASCBPL	xylu__L_e	-0.0	-1000.0	0.0	-0.0	Inf
ASCBPL	pacald_e	-0.0	-1000.0	0.0	-0.0	Inf
ASCBPL	12dgr120_p	-0.0	0.0	0.0	Inf	Inf
ASCBPL	12dgr140_p	-0.0	0.0	0.0	Inf	Inf
ASCBPL	12dgr160_p	-0.0	-0.052179338220526006	0.0	-0.0	Inf
ASCBPL	12dgr180_p	-0.0	0.0	0.0	Inf	Inf
ASCBPL	12ppd__R_p	-0.0	-1000.0	0.0	-0.0	Inf
ASCBPL	12ppd__S_p	-0.0	0.0	0.0	Inf	Inf
ASCBPL	chol_p	-0.0	-1000.0	0.0	-0.0	Inf
ASCBPL	cl_p	-0.0	-0.004256016790009198	999.99574398321	-0.0	0.0
ASCBPL	34dhpac_p	-0.0	-1000.0	0.0	-0.0	Inf
ASCBPL	cm_p	-0.0	0.0	0.0	Inf	Inf
ASCBPL	4hoxpacd_p	-0.0	-1000.0	0.0	-0.0	Inf
ASCBPL	co2_p	-0.0	-985.5643842495616	14.435615750438387	-0.0	0.0
ASCBPL	5mtr_p	-0.0	0.0	0.0	Inf	Inf
ASCBPL	LalaDgluMdap_p	-0.0	0.0	0.0	Inf	Inf
ASCBPL	gal_p	-0.0	-1000.0	0.0	-0.0	Inf
ASCBPL	ac_p	-0.0	-3.4689480481354167	0.0	-0.0	Inf
ASCBPL	crn_p	-0.0	-1000.0	0.0	-0.0	Inf
ASCBPL	gal_bD_p	-0.0	-1000.0	0.0	-0.0	Inf
ASCBPL	acald_p	-0.0	-1000.0	0.0	-0.0	Inf
ASCBPL	acgal_p	-0.0	-1000.0	0.0	-0.0	Inf
ASCBPL	csn_p	-0.0	0.0	0.0	Inf	Inf
ASCBPL	acgam_p	-0.0	-1000.0	0.0	-0.0	Inf
ASCBPL	galt_p	-0.0	-4.145120364825175	0.0	-0.0	Inf
ASCBPL	acmana_p	-0.0	-1000.0	0.0	-0.0	Inf
ASCBPL	cyan_p	-0.0	0.0	0.0	Inf	Inf
ASCBPL	ade_p	-0.0	-1000.0	0.0	-0.0	Inf
ASCBPL	adn_p	-0.0	0.0	0.0005502976560422842	Inf	0.0
ASCBPL	cytd_p	-0.0	-0.13125784730390294	0.0	-0.0	Inf
ASCBPL	glc__D_p	-0.0	-1000.0	0.0	-0.0	Inf
ASCBPL	dad_2_p	-0.0	-1000.0	0.0	-0.0	Inf
ASCBPL	dcyt_p	-0.0	-1000.0	0.0	-0.0	Inf
ASCBPL	all__D_p	-0.0	0.0	0.0	Inf	Inf
ASCBPL	alltn_p	-0.0	0.0	0.0	Inf	Inf
ASCBPL	dha_p	-0.0	-1000.0	0.0	-0.0	Inf
ASCBPL	glyald_p	-0.0	-1000.0	0.0	-0.0	Inf
ASCBPL	glyb_p	0.0	0.0	0.0	Inf	Inf
ASCBPL	dms_p	-0.0	-1000.0	0.0	-0.0	Inf
ASCBPL	glyc_p	-0.0	-75.91532493501032	1.0819490333787471	-0.0	0.0
ASCBPL	dmso_p	-0.0	-1000.0	0.0	-0.0	Inf
ASCBPL	arab__L_p	-0.0	0.0	0.0	Inf	Inf
ASCBPL	arbt_p	0.0	0.0	0.0	Inf	Inf
ASCBPL	ca2_p	-0.0	-0.004256016790009198	999.99574398321	-0.0	0.0
ASCBPL	duri_p	-0.0	-1000.0	0.0	-0.0	Inf
ASCBPL	h2_p	-0.0	-1000.0	0.0	-0.0	Inf
ASCBPL	h2o2_p	-0.0	-1000.0	0.0	-0.0	Inf
ASCBPL	etoh_p	-0.0	-1000.0	0.0	-0.0	Inf
ASCBPL	fald_p	-0.0	0.0	0.0	Inf	Inf
ASCBPL	n2o_p	-0.0	-1000.0	0.0	-0.0	Inf
ASCBPL	na1_p	-0.0	0.0	0.0	Inf	Inf
ASCBPL	indole_p	-0.0	0.0	0.36311988106546994	Inf	0.0
ASCBPL	nac_p	-0.0	-1000.0	0.0	-0.0	Inf
ASCBPL	ni2_p	-0.0	-0.0002641101677909319	999.9997358898322	-0.0	0.0
ASCBPL	inost_p	-0.0	-1000.0	0.0	-0.0	Inf
ASCBPL	no_p	-0.0	-1000.0	0.0	-0.0	Inf
ASCBPL	no2_p	-0.0	-1000.0	0.0	-0.0	Inf
ASCBPL	for_p	-0.0	0.0	0.002005765452222262	Inf	0.0
ASCBPL	fru_p	-0.0	-1000.0	0.0	-0.0	Inf
ASCBPL	no3_p	-0.0	0.0	0.0	Inf	Inf
ASCBPL	k_p	-0.0	-0.15960512685740014	999.8403948731426	-0.0	0.0
ASCBPL	novbcn_p	-0.0	0.0	0.0	Inf	Inf
ASCBPL	o2_p	-0.0	-20.690766612235393	979.3092333877646	-0.0	0.0
ASCBPL	lipa_cold_p	-0.0	-13.253875658889653	0.0	-0.0	Inf
ASCBPL	g3pe_p	-0.0	0.0	0.0	Inf	Inf
ASCBPL	g3pi_p	-0.0	0.0	0.0	Inf	Inf
ASCBPL	so3_p	-0.0	-1000.0	0.0	-0.0	Inf
ASCBPL	so4_p	-0.0	-0.2062267040568031	999.7937732959432	-0.0	0.0
ASCBPL	malt_p	0.0	0.0	0.0	Inf	Inf
ASCBPL	malthx_p	0.0	0.0	0.0	Inf	Inf
ASCBPL	maltpt_p	0.0	0.0	0.0	Inf	Inf
ASCBPL	sucr_p	-0.0	-1000.0	0.0	-0.0	Inf
ASCBPL	malttr_p	0.0	0.0	0.0	Inf	Inf
ASCBPL	maltttr_p	0.0	0.0	0.0	Inf	Inf
ASCBPL	pacald_p	-0.0	-1000.0	0.0	-0.0	Inf
ASCBPL	man_p	-0.0	-1000.0	0.0	-0.0	Inf
ASCBPL	tartr__L_p	-0.0	-1000.0	0.0	-0.0	Inf
ASCBPL	pe120_p	-0.0	-0.06363501453717232	0.0	-0.0	Inf
ASCBPL	melib_p	-0.0	-1000.0	0.0	-0.0	Inf
ASCBPL	meoh_p	-0.0	-999.9999983646429	1.6353570799765293e-06	-0.0	0.0
ASCBPL	thym_p	-0.0	-1000.0	0.0	-0.0	Inf
ASCBPL	thymd_p	-0.0	0.0	0.0	Inf	Inf
ASCBPL	pg120_p	-0.0	-0.06363501453717232	0.0	-0.0	Inf
ASCBPL	metsox_S__L_p	-0.0	-1000.0	0.0	-0.0	Inf
ASCBPL	tmao_p	-0.0	-1000.0	0.0	-0.0	Inf
ASCBPL	mg2_p	-0.0	-0.007093361316688553	999.9929066386833	-0.0	0.0
ASCBPL	tre_p	-0.0	0.0	0.0	Inf	Inf
ASCBPL	mnl_p	-0.0	0.0	0.0	Inf	Inf
ASCBPL	mobd_p	-0.0	-0.00010548053137426905	999.9998945194686	-0.0	0.0
ASCBPL	ura_p	-0.0	-1000.0	0.0	-0.0	Inf
ASCBPL	urea_p	-0.0	0.0	2.52454774455041	Inf	0.0
ASCBPL	uri_p	-0.0	0.0	0.0	Inf	Inf
ASCBPL	xan_p	-0.0	-0.08929785545160485	0.0	-0.0	Inf
ASCBPL	xtsn_p	-0.0	0.0	0.0	Inf	Inf
ASCBPL	xyl__D_p	-0.0	0.0	0.0	Inf	Inf
ASCBPL	xylu__L_p	-0.0	-1000.0	0.0	-0.0	Inf
ASCBPL	ppal_p	-0.0	-1000.0	0.0	-0.0	Inf
ASCBPL	psclys_p	-0.0	-1000.0	0.0	-0.0	Inf
ASCBPL	pydx_p	-0.0	0.0	0.0	Inf	Inf
ASCBPL	pydxn_p	-0.0	0.0	0.0	Inf	Inf
ASCBPL	rib__D_p	-0.0	-1000.0	0.0	-0.0	Inf
ASCBPL	rmn_p	-0.0	-1000.0	0.0	-0.0	Inf
ASCBPL	sbt__D_p	-0.0	-4.145120364825175	0.0	-0.0	Inf
ASCBPL	slnt_p	-0.0	0.0	0.0	Inf	Inf
ASCBPL	so2_p	-0.0	-1000.0	0.0	-0.0	Inf
