Reaction	Metabolite	ShadowPrice	G-	G+	DecrementalShadowPrice	IncrementalShadowPrice
FUMtex_f	12dgr120_c	-0.0	0.0	0.0	Inf	Inf
FUMtex_f	12dgr140_c	-0.0	0.0	0.0	Inf	Inf
FUMtex_f	12dgr160_c	-0.0	-0.052179338220526006	0.0	-0.0	Inf
FUMtex_f	12dgr180_c	-0.0	0.0	0.0	Inf	Inf
FUMtex_f	12ppd__R_c	-0.0	-1000.0	0.0	-0.0	Inf
FUMtex_f	12ppd__S_c	-0.0	0.0	0.0	Inf	Inf
FUMtex_f	5drib_c	-0.0	-999.999816022329	0.00018397767103803164	-0.0	0.0
FUMtex_f	5mta_c	-0.0	0.0	0.0	Inf	Inf
FUMtex_f	23dhacoa_c	-0.0	-0.00047098283921148676	0.0	-0.0	Inf
FUMtex_f	5mtr_c	-0.0	0.0	0.0	Inf	Inf
FUMtex_f	3amac_c	-0.0	-7.513020108071362	0.0	-0.0	Inf
FUMtex_f	LalaDgluMdap_c	-0.0	-0.02272165121246588	0.0	-0.0	Inf
FUMtex_f	ac_c	-0.0	-3.4689480481354167	1.8938255932157047	-0.0	0.0
FUMtex_f	acald_c	-0.0	-3.4689480481354167	1.514728646730246	-0.0	0.0
FUMtex_f	acetol_c	-0.0	0.0	0.0	Inf	Inf
FUMtex_f	acgam_c	-0.0	-0.0772608096935145	0.0	-0.0	Inf
FUMtex_f	acgam6p_c	-0.0	-0.0772608096935145	0.0	-0.0	Inf
FUMtex_f	acmalt_c	0.0	0.0	0.0	Inf	Inf
FUMtex_f	acmana_c	-0.0	-0.0772608096935145	0.0	-0.0	Inf
FUMtex_f	2dmmq8_c	-0.0	0.0	0.0	Inf	Inf
FUMtex_f	2dmmql8_c	0.0	0.0	0.0	Inf	Inf
FUMtex_f	ade_c	-0.0	-0.08929785545160485	0.0005502976560422842	-0.0	0.0
FUMtex_f	adn_c	-0.0	0.0	0.0005502976560422842	Inf	0.0
FUMtex_f	3sala_c	0.0	0.0	0.0	Inf	Inf
FUMtex_f	adphep_DD_c	-0.0	0.0	0.0	Inf	Inf
FUMtex_f	adphep_LD_c	-0.0	0.0	0.0	Inf	Inf
FUMtex_f	4ahmmp_c	0.0	0.0	0.0	Inf	Inf
FUMtex_f	4crsol_c	-0.0	-999.9998176576861	0.00018234231396213802	-0.0	0.0
FUMtex_f	2ohph_c	-0.0	-0.00018234231396213802	0.0593014570867546	-0.0	0.0
FUMtex_f	2ombzl_c	-0.0	0.0	0.0	Inf	Inf
FUMtex_f	2omhmbl_c	-0.0	0.0	0.0	Inf	Inf
FUMtex_f	2ommbl_c	0.0	0.0	0.0	Inf	Inf
FUMtex_f	2omph_c	-0.0	0.0	0.053175027718714754	Inf	0.0
FUMtex_f	4mhetz_c	0.0	0.0	0.0	Inf	Inf
FUMtex_f	2oph_c	-0.0	-0.00018234231396213802	0.0593014570867546	-0.0	0.0
FUMtex_f	2oxpaccoa_c	-0.0	-0.00047098283921148676	0.0	-0.0	Inf
FUMtex_f	all__D_c	-0.0	-9.78845921419213	0.0	-0.0	Inf
FUMtex_f	alltn_c	-0.0	-1.8782550270178404	0.0	-0.0	Inf
FUMtex_f	4r5au_c	-0.0	-0.00036468462752686976	0.3442565106205105	-0.0	0.0
FUMtex_f	56dura_c	0.0	0.0	0.0	Inf	Inf
FUMtex_f	arab__L_c	-0.0	-9.78845921419213	0.0	-0.0	Inf
FUMtex_f	etoh_c	-0.0	-1000.0	0.0	-0.0	Inf
FUMtex_f	csn_c	-0.0	0.0	0.14792213590862127	Inf	0.0
FUMtex_f	fald_c	-0.0	0.0	0.0	Inf	Inf
FUMtex_f	fc1p_c	-0.0	0.0	0.0	Inf	Inf
FUMtex_f	fcl__L_c	-0.0	0.0	0.0	Inf	Inf
FUMtex_f	aso4_c	0.0	0.0	0.0	Inf	Inf
FUMtex_f	cyan_c	0.0	0.0	0.0	Inf	Inf
FUMtex_f	athtp_c	0.0	0.0	0.0	Inf	Inf
FUMtex_f	cytd_c	-0.0	-0.13125784730390294	0.0	-0.0	Inf
FUMtex_f	dad_2_c	-0.0	-0.08929785545160485	0.0	-0.0	Inf
FUMtex_f	dad_5_c	-0.0	-0.08929785545160485	0.00018397767103803164	-0.0	0.0
FUMtex_f	betald_c	0.0	0.0	0.0	Inf	Inf
FUMtex_f	btal_c	-0.0	-531.4072745450723	0.0	-0.0	Inf
FUMtex_f	for_c	-0.0	-0.08929785545160485	0.002005765452222262	-0.0	0.0
FUMtex_f	dcyt_c	-0.0	-0.021395376623916156	0.0	-0.0	Inf
FUMtex_f	fru_c	-0.0	-9.78845921419213	0.0	-0.0	Inf
FUMtex_f	ca2_c	-0.0	-0.004256016790009198	999.99574398321	-0.0	0.0
FUMtex_f	g3pe_c	-0.0	-0.788758065733715	0.0	-0.0	Inf
FUMtex_f	g3pi_c	0.0	0.0	0.0	Inf	Inf
FUMtex_f	cbm_c	-0.0	-3.756510054035681	0.0	-0.0	Inf
FUMtex_f	dha_c	-0.0	-88.56787909084538	1.262273872275205	-0.0	0.0
FUMtex_f	gal_c	-0.0	0.0	0.0	Inf	Inf
FUMtex_f	dhgly_c	-0.0	-0.00018234231396213802	0.22851509756706298	-0.0	0.0
FUMtex_f	dhmptp_c	0.0	0.0	0.0	Inf	Inf
FUMtex_f	gcald_c	-0.0	-2.4198035227032495	0.0005470269417173768	-0.0	0.0
FUMtex_f	dhptd_c	-0.0	-52.03031296547579	0.0003663199850042526	-0.0	0.0
FUMtex_f	cechddd_c	-0.0	0.0	0.0	Inf	Inf
FUMtex_f	dhptdn_c	0.0	0.0	0.0	Inf	Inf
FUMtex_f	chol_c	0.0	0.0	0.0	Inf	Inf
FUMtex_f	chtbs6p_c	-0.0	0.0	0.0	Inf	Inf
FUMtex_f	dmbzid_c	0.0	0.0	0.0	Inf	Inf
FUMtex_f	dms_c	0.0	0.0	0.0	Inf	Inf
FUMtex_f	dmso_c	0.0	0.0	0.0	Inf	Inf
FUMtex_f	cl_c	-0.0	-0.004256016790009198	999.99574398321	-0.0	0.0
FUMtex_f	glc__D_c	-0.0	-9.78845921419213	0.0	-0.0	Inf
FUMtex_f	co2_c	-0.0	-985.5643842495616	14.435615750438387	-0.0	0.0
FUMtex_f	dscl_c	-0.0	-0.00018234231396213802	0.06553214170031967	-0.0	0.0
FUMtex_f	dtdp4aaddg_c	-0.0	0.0	0.0	Inf	Inf
FUMtex_f	glyald_c	-0.0	-1000.0	0.0	-0.0	Inf
FUMtex_f	crn_c	-0.0	-1000.0	0.0	-0.0	Inf
FUMtex_f	duri_c	-0.0	-0.021395376623916156	0.0	-0.0	Inf
FUMtex_f	glyb_c	0.0	0.0	0.0	Inf	Inf
FUMtex_f	glyc_c	-0.0	-75.91532493501032	1.0819490333787471	-0.0	0.0
FUMtex_f	dxyl_c	0.0	0.0	0.0	Inf	Inf
FUMtex_f	glycogen_c	-0.0	-9.78845921419213	0.0	-0.0	Inf
FUMtex_f	gmhep1p_c	-0.0	0.0	0.49547198724821134	Inf	0.0
FUMtex_f	lipa_cold_c	-0.0	0.0	0.0	Inf	Inf
FUMtex_f	lipidA_c	-0.0	-0.015908753634278128	0.03992131222557124	-0.0	0.0
FUMtex_f	malt_c	0.0	0.0	0.0	Inf	Inf
FUMtex_f	h2_c	-0.0	0.0	0.0	Inf	Inf
FUMtex_f	malthx_c	-0.0	0.0	0.0	Inf	Inf
FUMtex_f	maltpt_c	-0.0	0.0	0.0	Inf	Inf
FUMtex_f	malttr_c	-0.0	0.0	0.0	Inf	Inf
FUMtex_f	maltttr_c	-0.0	0.0	0.0	Inf	Inf
FUMtex_f	h2o2_c	-0.0	-0.0013295453020301076	0.8519286388635692	-0.0	0.0
FUMtex_f	man_c	-0.0	0.0	0.0	Inf	Inf
FUMtex_f	mdhdhf_c	-0.0	-52.03031296547579	0.0003663199850042526	-0.0	0.0
FUMtex_f	melib_c	-0.0	0.0	0.0	Inf	Inf
FUMtex_f	meoh_c	-0.0	-999.9999983646429	1.6353570799765293e-06	-0.0	0.0
FUMtex_f	pacald_c	-0.0	-1000.0	0.0	-0.0	Inf
FUMtex_f	metsox_S__L_c	-0.0	-0.08929785545160485	0.0	-0.0	Inf
FUMtex_f	mg2_c	-0.0	-0.007093361316688553	999.9929066386833	-0.0	0.0
FUMtex_f	hhlipa_c	-0.0	0.0	0.0	Inf	Inf
FUMtex_f	pe120_c	-0.0	-0.06363501453717232	0.0	-0.0	Inf
FUMtex_f	mobd_c	-0.0	-0.00010548053137426905	13.253875658889653	-0.0	0.0
FUMtex_f	hlipa_c	-0.0	0.0	0.0	Inf	Inf
FUMtex_f	pg120_c	-0.0	-0.06363501453717232	0.0	-0.0	Inf
FUMtex_f	mql8_c	0.0	0.0	0.0	Inf	Inf
FUMtex_f	mqn8_c	-0.0	0.0	0.0	Inf	Inf
FUMtex_f	mthgxl_c	-0.0	0.0	0.0	Inf	Inf
FUMtex_f	hqn_c	0.0	0.0	0.0	Inf	Inf
FUMtex_f	mththf_c	-0.0	-999.999633680015	0.0003663199850042526	-0.0	0.0
FUMtex_f	n2o_c	-0.0	-1000.0	0.0	-0.0	Inf
FUMtex_f	na1_c	-0.0	0.0	0.0	Inf	Inf
FUMtex_f	nac_c	-0.0	0.0	0.0	Inf	Inf
FUMtex_f	ncam_c	-0.0	0.0	0.0	Inf	Inf
FUMtex_f	ni2_c	-0.0	-0.0002641101677568187	999.9997358898322	-0.0	0.0
FUMtex_f	no_c	-0.0	-1000.0	0.0	-0.0	Inf
FUMtex_f	indole_c	-0.0	-0.046479301132510364	0.36064967779291573	-0.0	0.0
FUMtex_f	no2_c	-0.0	-1000.0	0.0	-0.0	Inf
FUMtex_f	no3_c	0.0	0.0	0.0	Inf	Inf
FUMtex_f	inost_c	0.0	0.0	0.0	Inf	Inf
FUMtex_f	o2_c	-0.0	-20.690766612235365	979.3092333877646	-0.0	0.0
FUMtex_f	poaac_c	-0.0	-4.078115587350663	0.0	-0.0	Inf
FUMtex_f	ppal_c	-0.0	0.0	0.0	Inf	Inf
FUMtex_f	k_c	-0.0	-0.15960512685740014	53.01550263555861	-0.0	0.0
FUMtex_f	psclys_c	-0.0	0.0	0.0	Inf	Inf
FUMtex_f	lald__D_c	-0.0	0.0	0.0	Inf	Inf
FUMtex_f	lald__L_c	-0.0	0.0	0.0	Inf	Inf
FUMtex_f	ura_c	-0.0	-0.021395376623916156	0.0	-0.0	Inf
FUMtex_f	pydx_c	-0.0	0.0	0.4531239541500736	Inf	0.0
FUMtex_f	uracp_c	-0.0	-4.415800988468106	0.0	-0.0	Inf
FUMtex_f	pydxn_c	-0.0	0.0	0.4275443760932146	Inf	0.0
FUMtex_f	urate_c	-0.0	-0.0013295453020301076	0.0	-0.0	Inf
FUMtex_f	q8_c	-0.0	0.0	0.0	Inf	Inf
FUMtex_f	q8h2_c	0.0	0.0	0.0	Inf	Inf
FUMtex_f	urea_c	-0.0	0.0	2.52454774455041	Inf	0.0
FUMtex_f	uri_c	-0.0	0.0	0.0	Inf	Inf
FUMtex_f	rbflvrd_c	-0.0	0.0	0.04464892772580242	Inf	0.0
FUMtex_f	rbl__L_c	-0.0	-9.78845921419213	0.0	-0.0	Inf
FUMtex_f	rdmbzi_c	0.0	0.0	0.0	Inf	Inf
FUMtex_f	thptdn_c	0.0	0.0	0.0	Inf	Inf
FUMtex_f	xan_c	-0.0	-0.08929785545160485	0.0	-0.0	Inf
FUMtex_f	rephaccoa_c	-0.0	-0.00047098283921148676	0.0	-0.0	Inf
FUMtex_f	rib__D_c	-0.0	0.0	0.0	Inf	Inf
FUMtex_f	xtsn_c	-0.0	0.0	0.0	Inf	Inf
FUMtex_f	rml_c	-0.0	0.0	0.0	Inf	Inf
FUMtex_f	thym_c	-0.0	-53.01550263555861	0.0	-0.0	Inf
FUMtex_f	thymd_c	-0.0	0.0	0.35343668423705743	Inf	0.0
FUMtex_f	xu5p__L_c	-0.0	-0.788758065733715	0.0	-0.0	Inf
FUMtex_f	rmn_c	-0.0	0.0	0.0	Inf	Inf
FUMtex_f	xyl__D_c	0.0	0.0	0.0	Inf	Inf
FUMtex_f	tmao_c	0.0	0.0	0.0	Inf	Inf
FUMtex_f	xylu__D_c	-0.0	0.0	0.0	Inf	Inf
FUMtex_f	xylu__L_c	-0.0	-9.78845921419213	0.0	-0.0	Inf
FUMtex_f	12ppd__R_e	-0.0	-1000.0	0.0	-0.0	Inf
FUMtex_f	12ppd__S_e	-0.0	-1000.0	0.0	-0.0	Inf
FUMtex_f	tre_c	-0.0	-4.894229607096065	0.0	-0.0	Inf
FUMtex_f	seln_c	0.0	0.0	0.0	Inf	Inf
FUMtex_f	34dhpac_e	-0.0	-1000.0	0.0	-0.0	Inf
FUMtex_f	slnt_c	0.0	0.0	0.0	Inf	Inf
FUMtex_f	so2_c	0.0	0.0	0.0	Inf	Inf
FUMtex_f	so3_c	-0.0	-0.20267961455920158	2.6507751317779307	-0.0	0.0
FUMtex_f	so4_c	-0.0	-0.2062267040568031	53.01550263555861	-0.0	0.0
FUMtex_f	4hoxpacd_e	-0.0	-1000.0	0.0	-0.0	Inf
FUMtex_f	5mtr_e	-0.0	0.0	0.0	Inf	Inf
FUMtex_f	LalaDgluMdap_e	-0.0	-1000.0	0.0	-0.0	Inf
FUMtex_f	ac_e	-0.0	0.0	0.0	Inf	Inf
FUMtex_f	acald_e	-0.0	-1000.0	0.0	-0.0	Inf
FUMtex_f	acgal_e	-0.0	-1000.0	0.0	-0.0	Inf
FUMtex_f	acgam_e	-0.0	-1000.0	0.0	-0.0	Inf
FUMtex_f	acmana_e	-0.0	-1000.0	0.0	-0.0	Inf
FUMtex_f	tagur_c	-0.0	0.0	0.0	Inf	Inf
FUMtex_f	tartr__L_c	-0.0	-2.4198035227032495	0.0	-0.0	Inf
FUMtex_f	ade_e	-0.0	-1000.0	0.0	-0.0	Inf
FUMtex_f	adn_e	-0.0	-1000.0	0.0	-0.0	Inf
FUMtex_f	all__D_e	-0.0	-1000.0	0.0	-0.0	Inf
FUMtex_f	cl_e	-0.0	-0.004256016790009198	999.99574398321	-0.0	0.0
FUMtex_f	alltn_e	-0.0	0.0	0.0	Inf	Inf
FUMtex_f	cm_e	-0.0	-1000.0	0.0	-0.0	Inf
FUMtex_f	co2_e	-0.0	-985.5643842495616	14.435615750438387	-0.0	0.0
FUMtex_f	arab__L_e	-0.0	-1000.0	0.0	-0.0	Inf
FUMtex_f	arbt_e	-0.0	-1000.0	0.0	-0.0	Inf
FUMtex_f	unagamu_c	-0.0	0.0	0.04031597158597613	Inf	0.0
FUMtex_f	crn_e	-0.0	-1000.0	0.0	-0.0	Inf
FUMtex_f	csn_e	-0.0	-1000.0	0.0	-0.0	Inf
FUMtex_f	cyan_e	-0.0	-1000.0	0.0	-0.0	Inf
FUMtex_f	glyb_e	-0.0	-1000.0	0.0	-0.0	Inf
FUMtex_f	glyc_e	-0.0	-75.91532493501032	1.0819490333787471	-0.0	0.0
FUMtex_f	cytd_e	-0.0	-1000.0	0.0	-0.0	Inf
FUMtex_f	ca2_e	-0.0	-0.004256016790009198	999.99574398321	-0.0	0.0
FUMtex_f	dad_2_e	-0.0	-1000.0	0.0	-0.0	Inf
FUMtex_f	dcyt_e	-0.0	-1000.0	0.0	-0.0	Inf
FUMtex_f	chol_e	-0.0	-1000.0	0.0	-0.0	Inf
FUMtex_f	dha_e	-0.0	-1000.0	0.0	-0.0	Inf
FUMtex_f	ppal_e	-0.0	-1000.0	0.0	-0.0	Inf
FUMtex_f	h2_e	-0.0	-1000.0	0.0	-0.0	Inf
FUMtex_f	dms_e	-0.0	-1000.0	0.0	-0.0	Inf
FUMtex_f	dmso_e	-0.0	-1000.0	0.0	-0.0	Inf
FUMtex_f	h2o2_e	-0.0	-1000.0	0.0	-0.0	Inf
FUMtex_f	psclys_e	-0.0	-1000.0	0.0	-0.0	Inf
FUMtex_f	duri_e	-0.0	-1000.0	0.0	-0.0	Inf
FUMtex_f	pydx_e	-0.0	-1000.0	0.0	-0.0	Inf
FUMtex_f	pydxn_e	-0.0	-1000.0	0.0	-0.0	Inf
FUMtex_f	etoh_e	-0.0	-1000.0	0.0	-0.0	Inf
FUMtex_f	fald_e	-0.0	0.0	0.0	Inf	Inf
FUMtex_f	rib__D_e	-0.0	-1000.0	0.0	-0.0	Inf
FUMtex_f	rmn_e	-0.0	-1000.0	0.0	-0.0	Inf
FUMtex_f	indole_e	-0.0	-1000.0	0.0	-0.0	Inf
FUMtex_f	inost_e	-0.0	-1000.0	0.0	-0.0	Inf
FUMtex_f	sbt__D_e	-0.0	-4.145120364825175	0.0	-0.0	Inf
FUMtex_f	k_e	-0.0	-0.15960512685740014	999.8403948731426	-0.0	0.0
FUMtex_f	for_e	-0.0	0.0	0.002005765452222262	Inf	0.0
FUMtex_f	slnt_e	-0.0	0.0	1000.0	Inf	0.0
FUMtex_f	fru_e	-0.0	-1000.0	0.0	-0.0	Inf
FUMtex_f	so2_e	-0.0	-1000.0	0.0	-0.0	Inf
FUMtex_f	so3_e	-0.0	-1000.0	0.0	-0.0	Inf
FUMtex_f	so4_e	-0.0	-0.2062267040568031	999.7937732959432	-0.0	0.0
FUMtex_f	lipa_cold_e	-0.0	-1000.0	0.0	-0.0	Inf
FUMtex_f	sucr_e	-0.0	-1000.0	0.0	-0.0	Inf
FUMtex_f	g3pe_e	-0.0	-1000.0	0.0	-0.0	Inf
FUMtex_f	malt_e	-0.0	-1000.0	0.0	-0.0	Inf
FUMtex_f	tartr__L_e	-0.0	-1000.0	0.0	-0.0	Inf
FUMtex_f	g3pi_e	-0.0	-1000.0	0.0	-0.0	Inf
FUMtex_f	malthx_e	-0.0	-1000.0	0.0	-0.0	Inf
FUMtex_f	maltpt_e	-0.0	-1000.0	0.0	-0.0	Inf
FUMtex_f	gal_e	-0.0	-1000.0	0.0	-0.0	Inf
FUMtex_f	gal_bD_e	-0.0	-1000.0	0.0	-0.0	Inf
FUMtex_f	malttr_e	-0.0	-1000.0	0.0	-0.0	Inf
FUMtex_f	maltttr_e	-0.0	-1000.0	0.0	-0.0	Inf
FUMtex_f	man_e	-0.0	-1000.0	0.0	-0.0	Inf
FUMtex_f	thym_e	-0.0	-1000.0	0.0	-0.0	Inf
FUMtex_f	thymd_e	-0.0	-1000.0	0.0	-0.0	Inf
FUMtex_f	galt_e	-0.0	-4.145120364825175	0.0	-0.0	Inf
FUMtex_f	melib_e	-0.0	-1000.0	0.0	-0.0	Inf
FUMtex_f	meoh_e	-0.0	-999.9999983646429	1.6353570799765293e-06	-0.0	0.0
FUMtex_f	tmao_e	-0.0	-1000.0	0.0	-0.0	Inf
FUMtex_f	tre_e	-0.0	-1000.0	0.0	-0.0	Inf
FUMtex_f	metsox_S__L_e	-0.0	-1000.0	0.0	-0.0	Inf
FUMtex_f	glc__D_e	-0.0	-1000.0	0.0	-0.0	Inf
FUMtex_f	mg2_e	-0.0	-0.007093361316719893	999.9929066386833	-0.0	0.0
FUMtex_f	mnl_e	-0.0	-1000.0	0.0	-0.0	Inf
FUMtex_f	mobd_e	-0.0	-0.00010548053137426905	999.9998945194686	-0.0	0.0
FUMtex_f	glyald_e	-0.0	-1000.0	0.0	-0.0	Inf
FUMtex_f	n2o_e	-0.0	-1000.0	0.0	-0.0	Inf
FUMtex_f	na1_e	-0.0	0.0	1000.0	Inf	0.0
FUMtex_f	nac_e	-0.0	-1000.0	0.0	-0.0	Inf
FUMtex_f	ni2_e	-0.0	-0.0002641101677909319	999.9997358898322	-0.0	0.0
FUMtex_f	no_e	-0.0	-1000.0	0.0	-0.0	Inf
FUMtex_f	no2_e	-0.0	-1000.0	0.0	-0.0	Inf
FUMtex_f	ura_e	-0.0	-1000.0	0.0	-0.0	Inf
FUMtex_f	no3_e	-0.0	-1000.0	0.0	-0.0	Inf
FUMtex_f	urea_e	-0.0	-1000.0	0.0	-0.0	Inf
FUMtex_f	novbcn_e	-0.0	-1000.0	0.0	-0.0	Inf
FUMtex_f	uri_e	-0.0	-1000.0	0.0	-0.0	Inf
FUMtex_f	o2_e	-0.0	-20.690766612235393	979.3092333877646	-0.0	0.0
FUMtex_f	xan_e	-0.0	0.0	0.0	Inf	Inf
FUMtex_f	xtsn_e	-0.0	-1000.0	0.0	-0.0	Inf
FUMtex_f	xyl__D_e	-0.0	-1000.0	0.0	-0.0	Inf
FUMtex_f	xylu__L_e	-0.0	-1000.0	0.0	-0.0	Inf
FUMtex_f	pacald_e	-0.0	-1000.0	0.0	-0.0	Inf
FUMtex_f	12dgr120_p	-0.0	0.0	0.0	Inf	Inf
FUMtex_f	12dgr140_p	-0.0	0.0	0.0	Inf	Inf
FUMtex_f	12dgr160_p	-0.0	-0.052179338220526006	0.0	-0.0	Inf
FUMtex_f	12dgr180_p	-0.0	0.0	0.0	Inf	Inf
FUMtex_f	12ppd__R_p	-0.0	-1000.0	0.0	-0.0	Inf
FUMtex_f	12ppd__S_p	-0.0	0.0	0.0	Inf	Inf
FUMtex_f	chol_p	-0.0	-1000.0	0.0	-0.0	Inf
FUMtex_f	cl_p	-0.0	-0.004256016790009198	999.99574398321	-0.0	0.0
FUMtex_f	34dhpac_p	-0.0	-1000.0	0.0	-0.0	Inf
FUMtex_f	cm_p	-0.0	0.0	0.0	Inf	Inf
FUMtex_f	4hoxpacd_p	-0.0	-1000.0	0.0	-0.0	Inf
FUMtex_f	co2_p	-0.0	-985.5643842495616	14.435615750438387	-0.0	0.0
FUMtex_f	5mtr_p	-0.0	0.0	0.0	Inf	Inf
FUMtex_f	LalaDgluMdap_p	-0.0	0.0	0.0	Inf	Inf
FUMtex_f	gal_p	-0.0	-1000.0	0.0	-0.0	Inf
FUMtex_f	ac_p	-0.0	-3.4689480481354167	0.0	-0.0	Inf
FUMtex_f	crn_p	-0.0	-1000.0	0.0	-0.0	Inf
FUMtex_f	gal_bD_p	-0.0	-1000.0	0.0	-0.0	Inf
FUMtex_f	acald_p	-0.0	-1000.0	0.0	-0.0	Inf
FUMtex_f	acgal_p	-0.0	-1000.0	0.0	-0.0	Inf
FUMtex_f	csn_p	-0.0	0.0	0.0	Inf	Inf
FUMtex_f	acgam_p	-0.0	-1000.0	0.0	-0.0	Inf
FUMtex_f	galt_p	-0.0	-4.145120364825175	0.0	-0.0	Inf
FUMtex_f	acmana_p	-0.0	-1000.0	0.0	-0.0	Inf
FUMtex_f	cyan_p	-0.0	0.0	0.0	Inf	Inf
FUMtex_f	ade_p	-0.0	-1000.0	0.0	-0.0	Inf
FUMtex_f	adn_p	-0.0	0.0	0.0005502976560422842	Inf	0.0
FUMtex_f	cytd_p	-0.0	-0.13125784730390294	0.0	-0.0	Inf
FUMtex_f	glc__D_p	-0.0	-1000.0	0.0	-0.0	Inf
FUMtex_f	dad_2_p	-0.0	-1000.0	0.0	-0.0	Inf
FUMtex_f	dcyt_p	-0.0	-1000.0	0.0	-0.0	Inf
FUMtex_f	all__D_p	-0.0	0.0	0.0	Inf	Inf
FUMtex_f	alltn_p	-0.0	0.0	0.0	Inf	Inf
FUMtex_f	dha_p	-0.0	-1000.0	0.0	-0.0	Inf
FUMtex_f	glyald_p	-0.0	-1000.0	0.0	-0.0	Inf
FUMtex_f	glyb_p	0.0	0.0	0.0	Inf	Inf
FUMtex_f	dms_p	-0.0	-1000.0	0.0	-0.0	Inf
FUMtex_f	glyc_p	-0.0	-75.91532493501032	1.0819490333787471	-0.0	0.0
FUMtex_f	dmso_p	-0.0	-1000.0	0.0	-0.0	Inf
FUMtex_f	arab__L_p	-0.0	0.0	0.0	Inf	Inf
FUMtex_f	arbt_p	0.0	0.0	0.0	Inf	Inf
FUMtex_f	ca2_p	-0.0	-0.004256016790009198	999.99574398321	-0.0	0.0
FUMtex_f	duri_p	-0.0	-1000.0	0.0	-0.0	Inf
FUMtex_f	h2_p	-0.0	-1000.0	0.0	-0.0	Inf
FUMtex_f	h2o2_p	-0.0	-1000.0	0.0	-0.0	Inf
FUMtex_f	etoh_p	-0.0	-1000.0	0.0	-0.0	Inf
FUMtex_f	fald_p	-0.0	0.0	0.0	Inf	Inf
FUMtex_f	n2o_p	-0.0	-1000.0	0.0	-0.0	Inf
FUMtex_f	na1_p	-0.0	0.0	0.0	Inf	Inf
FUMtex_f	indole_p	-0.0	0.0	0.36311988106546994	Inf	0.0
FUMtex_f	nac_p	-0.0	-1000.0	0.0	-0.0	Inf
FUMtex_f	ni2_p	-0.0	-0.0002641101677909319	999.9997358898322	-0.0	0.0
FUMtex_f	inost_p	-0.0	-1000.0	0.0	-0.0	Inf
FUMtex_f	no_p	-0.0	-1000.0	0.0	-0.0	Inf
FUMtex_f	no2_p	-0.0	-1000.0	0.0	-0.0	Inf
FUMtex_f	for_p	-0.0	0.0	0.002005765452222262	Inf	0.0
FUMtex_f	fru_p	-0.0	-1000.0	0.0	-0.0	Inf
FUMtex_f	no3_p	-0.0	0.0	0.0	Inf	Inf
FUMtex_f	k_p	-0.0	-0.15960512685740014	999.8403948731426	-0.0	0.0
FUMtex_f	novbcn_p	-0.0	0.0	0.0	Inf	Inf
FUMtex_f	o2_p	-0.0	-20.690766612235393	979.3092333877646	-0.0	0.0
FUMtex_f	lipa_cold_p	-0.0	-13.253875658889653	0.0	-0.0	Inf
FUMtex_f	g3pe_p	-0.0	0.0	0.0	Inf	Inf
FUMtex_f	g3pi_p	-0.0	0.0	0.0	Inf	Inf
FUMtex_f	so3_p	-0.0	-1000.0	0.0	-0.0	Inf
FUMtex_f	so4_p	-0.0	-0.2062267040568031	999.7937732959432	-0.0	0.0
FUMtex_f	malt_p	0.0	0.0	0.0	Inf	Inf
FUMtex_f	malthx_p	0.0	0.0	0.0	Inf	Inf
FUMtex_f	maltpt_p	0.0	0.0	0.0	Inf	Inf
FUMtex_f	sucr_p	-0.0	-1000.0	0.0	-0.0	Inf
FUMtex_f	malttr_p	0.0	0.0	0.0	Inf	Inf
FUMtex_f	maltttr_p	0.0	0.0	0.0	Inf	Inf
FUMtex_f	pacald_p	-0.0	-1000.0	0.0	-0.0	Inf
FUMtex_f	man_p	-0.0	-1000.0	0.0	-0.0	Inf
FUMtex_f	tartr__L_p	-0.0	-1000.0	0.0	-0.0	Inf
FUMtex_f	pe120_p	-0.0	-0.06363501453717232	0.0	-0.0	Inf
FUMtex_f	melib_p	-0.0	-1000.0	0.0	-0.0	Inf
FUMtex_f	meoh_p	-0.0	-999.9999983646429	1.6353570799765293e-06	-0.0	0.0
FUMtex_f	thym_p	-0.0	-1000.0	0.0	-0.0	Inf
FUMtex_f	thymd_p	-0.0	0.0	0.0	Inf	Inf
FUMtex_f	pg120_p	-0.0	-0.06363501453717232	0.0	-0.0	Inf
FUMtex_f	metsox_S__L_p	-0.0	-1000.0	0.0	-0.0	Inf
FUMtex_f	tmao_p	-0.0	-1000.0	0.0	-0.0	Inf
FUMtex_f	mg2_p	-0.0	-0.007093361316688553	999.9929066386833	-0.0	0.0
FUMtex_f	tre_p	-0.0	0.0	0.0	Inf	Inf
FUMtex_f	mnl_p	-0.0	0.0	0.0	Inf	Inf
FUMtex_f	mobd_p	-0.0	-0.00010548053137426905	999.9998945194686	-0.0	0.0
FUMtex_f	ura_p	-0.0	-1000.0	0.0	-0.0	Inf
FUMtex_f	urea_p	-0.0	0.0	2.52454774455041	Inf	0.0
FUMtex_f	uri_p	-0.0	0.0	0.0	Inf	Inf
FUMtex_f	xan_p	-0.0	-0.08929785545160485	0.0	-0.0	Inf
FUMtex_f	xtsn_p	-0.0	0.0	0.0	Inf	Inf
FUMtex_f	xyl__D_p	-0.0	0.0	0.0	Inf	Inf
FUMtex_f	xylu__L_p	-0.0	-1000.0	0.0	-0.0	Inf
FUMtex_f	ppal_p	-0.0	-1000.0	0.0	-0.0	Inf
FUMtex_f	psclys_p	-0.0	-1000.0	0.0	-0.0	Inf
FUMtex_f	pydx_p	-0.0	0.0	0.0	Inf	Inf
FUMtex_f	pydxn_p	-0.0	0.0	0.0	Inf	Inf
FUMtex_f	rib__D_p	-0.0	-1000.0	0.0	-0.0	Inf
FUMtex_f	rmn_p	-0.0	-1000.0	0.0	-0.0	Inf
FUMtex_f	sbt__D_p	-0.0	-4.145120364825175	0.0	-0.0	Inf
FUMtex_f	slnt_p	-0.0	0.0	0.0	Inf	Inf
FUMtex_f	so2_p	-0.0	-1000.0	0.0	-0.0	Inf
