Reaction	Metabolite	ShadowPrice	G-	G+	DecrementalShadowPrice	IncrementalShadowPrice
GLUDy_f	12dgr120_c	-0.0	0.0	0.0	Inf	Inf
GLUDy_f	12dgr140_c	-0.0	0.0	0.0	Inf	Inf
GLUDy_f	12dgr160_c	-0.0	-0.048730430040634445	0.0	-0.0	Inf
GLUDy_f	12dgr180_c	-0.0	0.0	0.0	Inf	Inf
GLUDy_f	12ppd__R_c	-0.0	-1000.0	0.0	-0.0	Inf
GLUDy_f	12ppd__S_c	-0.0	0.0	0.0	Inf	Inf
GLUDy_f	5drib_c	-0.0	-999.999816022329	0.00018397767103803164	-0.0	0.0
GLUDy_f	5mta_c	-0.0	0.0	0.0	Inf	Inf
GLUDy_f	23dhacoa_c	-0.0	-0.0004709828387567394	0.0	-0.0	Inf
GLUDy_f	5mtr_c	-0.0	0.0	0.0	Inf	Inf
GLUDy_f	3amac_c	-0.0	-7.5130201080676215	0.0	-0.0	Inf
GLUDy_f	LalaDgluMdap_c	-0.0	-0.02272165121246588	0.0	-0.0	Inf
GLUDy_f	ac_c	-0.0	-1.418596963405136	0.4763598919237211	-0.0	0.0
GLUDy_f	acald_c	-0.0	-0.9821055900497095	1.574233227444103	-0.0	0.0
GLUDy_f	acetol_c	-0.0	0.0	0.0013295453020301076	Inf	0.0
GLUDy_f	acgam_c	-0.0	-0.0772608096935145	0.0	-0.0	Inf
GLUDy_f	acgam6p_c	-0.0	-0.0772608096935145	0.0	-0.0	Inf
GLUDy_f	acmalt_c	0.0	0.0	0.0	Inf	Inf
GLUDy_f	acmana_c	-0.0	-0.0772608096935145	0.0	-0.0	Inf
GLUDy_f	2dmmq8_c	-0.0	0.0	0.0	Inf	Inf
GLUDy_f	2dmmql8_c	0.0	0.0	0.0	Inf	Inf
GLUDy_f	ade_c	-0.0	-0.08929785545012692	0.0005502976560422842	-0.0	0.0
GLUDy_f	adn_c	-0.0	0.0	0.0005502976560422842	Inf	0.0
GLUDy_f	3sala_c	0.0	0.0	0.0	Inf	Inf
GLUDy_f	adphep_DD_c	-0.0	0.0	0.0	Inf	Inf
GLUDy_f	adphep_LD_c	-0.0	0.0	0.0	Inf	Inf
GLUDy_f	4ahmmp_c	0.0	0.0	0.0	Inf	Inf
GLUDy_f	4crsol_c	-0.0	-999.9998176576861	0.00018234231396213802	-0.0	0.0
GLUDy_f	2ohph_c	-0.0	-0.00018234231396213802	0.05568856487519265	-0.0	0.0
GLUDy_f	2ombzl_c	-0.0	0.0	0.0	Inf	Inf
GLUDy_f	2omhmbl_c	-0.0	0.0	0.0	Inf	Inf
GLUDy_f	2ommbl_c	0.0	0.0	0.0	Inf	Inf
GLUDy_f	2omph_c	-0.0	0.0	0.05001976715621158	Inf	0.0
GLUDy_f	4mhetz_c	0.0	0.0	0.0	Inf	Inf
GLUDy_f	2oph_c	-0.0	-0.00018234231396213802	0.05568856487519265	-0.0	0.0
GLUDy_f	2oxpaccoa_c	-0.0	-0.0004709828387567394	0.0	-0.0	Inf
GLUDy_f	all__D_c	-0.0	-0.36478207630417786	0.0	-0.0	Inf
GLUDy_f	alltn_c	-0.0	0.0	0.0	Inf	Inf
GLUDy_f	4r5au_c	-0.0	-0.00036468462752686976	0.32322659422806677	-0.0	0.0
GLUDy_f	56dura_c	0.0	0.0	0.0	Inf	Inf
GLUDy_f	arab__L_c	-0.0	-0.43773849156501343	0.0	-0.0	Inf
GLUDy_f	etoh_c	-0.0	-1000.0	0.0	-0.0	Inf
GLUDy_f	csn_c	-0.0	0.0	0.0	Inf	Inf
GLUDy_f	fald_c	-0.0	0.0	0.0	Inf	Inf
GLUDy_f	fc1p_c	-0.0	-0.3497910320724993	0.0	-0.0	Inf
GLUDy_f	fcl__L_c	-0.0	0.0	0.0	Inf	Inf
GLUDy_f	aso4_c	0.0	0.0	0.0	Inf	Inf
GLUDy_f	cyan_c	0.0	0.0	0.0	Inf	Inf
GLUDy_f	athtp_c	0.0	0.0	0.0	Inf	Inf
GLUDy_f	cytd_c	-0.0	-0.1312578473038737	0.0	-0.0	Inf
GLUDy_f	dad_2_c	-0.0	-0.08929785545012692	0.0	-0.0	Inf
GLUDy_f	dad_5_c	-0.0	-0.08929785545012692	0.00018397767103803164	-0.0	0.0
GLUDy_f	betald_c	0.0	0.0	0.0	Inf	Inf
GLUDy_f	btal_c	-0.0	-5.10694906825849	0.0	-0.0	Inf
GLUDy_f	for_c	-0.0	-0.08929785545012692	7.074021838772731	-0.0	0.0
GLUDy_f	dcyt_c	-0.0	-0.02139537662390012	0.0	-0.0	Inf
GLUDy_f	fru_c	-0.0	-0.36478207630417786	0.0	-0.0	Inf
GLUDy_f	ca2_c	-0.0	-0.004256016790009198	25.53474534129245	-0.0	0.0
GLUDy_f	g3pe_c	-0.0	-0.36478207630417786	0.0	-0.0	Inf
GLUDy_f	g3pi_c	0.0	0.0	0.0	Inf	Inf
GLUDy_f	cbm_c	-0.0	-3.7565100540338108	0.0	-0.0	Inf
GLUDy_f	dha_c	-0.0	-0.7118011598992879	1.2057956635742066	-0.0	0.0
GLUDy_f	gal_c	-0.0	0.0	0.0	Inf	Inf
GLUDy_f	dhgly_c	-0.0	-0.00018234231396213802	0.217135617578497	-0.0	0.0
GLUDy_f	dhmptp_c	0.0	0.0	0.0	Inf	Inf
GLUDy_f	gcald_c	-0.0	-1.2159402543472595	0.0005470269417173768	-0.0	0.0
GLUDy_f	dhptd_c	-0.0	-52.03031296547287	0.0003663199850042526	-0.0	0.0
GLUDy_f	cechddd_c	-0.0	0.0	0.0	Inf	Inf
GLUDy_f	dhptdn_c	0.0	0.0	0.0	Inf	Inf
GLUDy_f	chol_c	0.0	0.0	0.0	Inf	Inf
GLUDy_f	chtbs6p_c	-0.0	0.0	0.0	Inf	Inf
GLUDy_f	dmbzid_c	0.0	0.0	0.0	Inf	Inf
GLUDy_f	dms_c	0.0	0.0	0.0	Inf	Inf
GLUDy_f	dmso_c	0.0	0.0	0.0	Inf	Inf
GLUDy_f	cl_c	-0.0	-0.004256016790009198	51.0694906825849	-0.0	0.0
GLUDy_f	glc__D_c	-0.0	-0.36478207630417786	0.0	-0.0	Inf
GLUDy_f	co2_c	-0.0	-985.5643842495423	14.435615750457714	-0.0	0.0
GLUDy_f	dscl_c	-0.0	-0.00018234231396213802	0.06202743107039882	-0.0	0.0
GLUDy_f	dtdp4aaddg_c	-0.0	0.0	0.0	Inf	Inf
GLUDy_f	glyald_c	-0.0	-1000.0	0.0	-0.0	Inf
GLUDy_f	crn_c	-0.0	-25.53474534129245	0.0	-0.0	Inf
GLUDy_f	duri_c	-0.0	-0.02139537662390012	0.0	-0.0	Inf
GLUDy_f	glyb_c	0.0	0.0	0.0	Inf	Inf
GLUDy_f	glyc_c	-0.0	-0.6383686335323112	1.0494888182960689	-0.0	0.0
GLUDy_f	dxyl_c	0.0	0.0	0.0	Inf	Inf
GLUDy_f	glycogen_c	-0.0	0.0	0.0	Inf	Inf
GLUDy_f	gmhep1p_c	-0.0	0.0	0.477576372370683	Inf	0.0
GLUDy_f	lipa_cold_c	-0.0	0.0	0.0	Inf	Inf
GLUDy_f	lipidA_c	-0.0	-0.015908753634278128	0.04118633443894456	-0.0	0.0
GLUDy_f	malt_c	0.0	0.0	0.0	Inf	Inf
GLUDy_f	h2_c	-0.0	0.0	0.0	Inf	Inf
GLUDy_f	malthx_c	-0.0	0.0	0.0	Inf	Inf
GLUDy_f	maltpt_c	-0.0	0.0	0.0	Inf	Inf
GLUDy_f	malttr_c	-0.0	0.0	0.0	Inf	Inf
GLUDy_f	maltttr_c	-0.0	0.0	0.0	Inf	Inf
GLUDy_f	h2o2_c	-0.0	-0.0013295453020301076	4.546300284949357	-0.0	0.0
GLUDy_f	man_c	-0.0	0.0	0.0	Inf	Inf
GLUDy_f	mdhdhf_c	-0.0	-52.03031296547287	0.0003663199850042526	-0.0	0.0
GLUDy_f	melib_c	-0.0	0.0	0.0	Inf	Inf
GLUDy_f	meoh_c	-0.0	-999.9999983646429	1.6353570799765293e-06	-0.0	0.0
GLUDy_f	pacald_c	-0.0	-25.53474534129245	0.0	-0.0	Inf
GLUDy_f	metsox_S__L_c	-0.0	-0.08929785545012692	0.0	-0.0	Inf
GLUDy_f	mg2_c	-0.0	-0.007093361316688553	12.767372670646225	-0.0	0.0
GLUDy_f	hhlipa_c	-0.0	0.0	0.0	Inf	Inf
GLUDy_f	pe120_c	-0.0	0.0	0.0	Inf	Inf
GLUDy_f	mobd_c	-0.0	-0.00010548053137426905	14.168099046996929	-0.0	0.0
GLUDy_f	hlipa_c	-0.0	0.0	0.0	Inf	Inf
GLUDy_f	pg120_c	-0.0	0.0	0.0	Inf	Inf
GLUDy_f	mql8_c	0.0	0.0	0.0	Inf	Inf
GLUDy_f	mqn8_c	-0.0	0.0	0.0	Inf	Inf
GLUDy_f	mthgxl_c	-0.0	0.0	0.0013295453020301076	Inf	0.0
GLUDy_f	hqn_c	0.0	0.0	0.0	Inf	Inf
GLUDy_f	mththf_c	-0.0	-999.999633680015	0.0003663199850042526	-0.0	0.0
GLUDy_f	n2o_c	-0.0	-1000.0	0.0	-0.0	Inf
GLUDy_f	na1_c	-0.0	0.0	0.0	Inf	Inf
GLUDy_f	nac_c	-0.0	0.0	0.0	Inf	Inf
GLUDy_f	ncam_c	-0.0	0.0	0.0	Inf	Inf
GLUDy_f	ni2_c	-0.0	-0.0002641101677568187	999.9997358898322	-0.0	0.0
GLUDy_f	no_c	-0.0	-1000.0	0.0	-0.0	Inf
GLUDy_f	indole_c	-0.0	-0.046479301132510364	0.3498296060986896	-0.0	0.0
GLUDy_f	no2_c	-0.0	-25.53474534129245	0.0	-0.0	Inf
GLUDy_f	no3_c	0.0	0.0	0.0	Inf	Inf
GLUDy_f	inost_c	0.0	0.0	0.0	Inf	Inf
GLUDy_f	o2_c	-0.0	-20.690766612253924	979.3092333877461	-0.0	0.0
GLUDy_f	poaac_c	-0.0	-4.359415091383671	0.0	-0.0	Inf
GLUDy_f	ppal_c	-0.0	0.0	0.0	Inf	Inf
GLUDy_f	k_c	-0.0	-0.15960512685740014	56.672396187987715	-0.0	0.0
GLUDy_f	psclys_c	-0.0	0.0	0.0	Inf	Inf
GLUDy_f	lald__D_c	-0.0	0.0	0.0013295453020301076	Inf	0.0
GLUDy_f	lald__L_c	-0.0	-0.773780161857347	0.0	-0.0	Inf
GLUDy_f	ura_c	-0.0	0.0	0.0	Inf	Inf
GLUDy_f	pydx_c	-0.0	0.0	0.411663894827998	Inf	0.0
GLUDy_f	uracp_c	-0.0	-4.415800988464866	0.0	-0.0	Inf
GLUDy_f	pydxn_c	-0.0	0.0	0.39174467411051417	Inf	0.0
GLUDy_f	urate_c	-0.0	0.0	0.0	Inf	Inf
GLUDy_f	q8_c	-0.0	0.0	0.0	Inf	Inf
GLUDy_f	q8h2_c	0.0	0.0	0.0	Inf	Inf
GLUDy_f	urea_c	-0.0	-1000.0	0.0	-0.0	Inf
GLUDy_f	uri_c	-0.0	0.0	0.0	Inf	Inf
GLUDy_f	rbflvrd_c	-0.0	0.0	0.04464892772506346	Inf	0.0
GLUDy_f	rbl__L_c	-0.0	-0.43773849156501343	0.0	-0.0	Inf
GLUDy_f	rdmbzi_c	0.0	0.0	0.0	Inf	Inf
GLUDy_f	thptdn_c	0.0	0.0	0.0	Inf	Inf
GLUDy_f	xan_c	-0.0	0.0	0.0	Inf	Inf
GLUDy_f	rephaccoa_c	-0.0	-0.0004709828387567394	0.0	-0.0	Inf
GLUDy_f	rib__D_c	-0.0	0.0	0.688328698639527	Inf	0.0
GLUDy_f	xtsn_c	-0.0	0.0	0.0	Inf	Inf
GLUDy_f	rml_c	-0.0	-0.37551096090135955	0.0	-0.0	Inf
GLUDy_f	thym_c	-0.0	-56.672396187987715	0.0	-0.0	Inf
GLUDy_f	thymd_c	-0.0	0.0	0.2752109715871711	Inf	0.0
GLUDy_f	xu5p__L_c	-0.0	-0.4031801895993545	0.0	-0.0	Inf
GLUDy_f	rmn_c	-0.0	-0.37551096090135955	0.0	-0.0	Inf
GLUDy_f	xyl__D_c	0.0	0.0	0.0	Inf	Inf
GLUDy_f	tmao_c	0.0	0.0	0.0	Inf	Inf
GLUDy_f	xylu__D_c	-0.0	0.0	0.0	Inf	Inf
GLUDy_f	xylu__L_c	-0.0	-0.43773849156501343	0.0	-0.0	Inf
GLUDy_f	12ppd__R_e	-0.0	-1000.0	0.0	-0.0	Inf
GLUDy_f	12ppd__S_e	-0.0	-1000.0	0.0	-0.0	Inf
GLUDy_f	tre_c	-0.0	-0.18239103815208893	0.0	-0.0	Inf
GLUDy_f	seln_c	0.0	0.0	0.0	Inf	Inf
GLUDy_f	34dhpac_e	-0.0	-1000.0	0.0	-0.0	Inf
GLUDy_f	slnt_c	0.0	0.0	0.0	Inf	Inf
GLUDy_f	so2_c	0.0	0.0	0.0	Inf	Inf
GLUDy_f	so3_c	-0.0	-0.20267961455874683	2.833619809399386	-0.0	0.0
GLUDy_f	so4_c	-0.0	-0.20622670405634835	56.672396187987715	-0.0	0.0
GLUDy_f	4hoxpacd_e	-0.0	-1000.0	0.0	-0.0	Inf
GLUDy_f	5mtr_e	-0.0	0.0	0.0	Inf	Inf
GLUDy_f	LalaDgluMdap_e	-0.0	-1000.0	0.0	-0.0	Inf
GLUDy_f	ac_e	-0.0	0.0	0.0	Inf	Inf
GLUDy_f	acald_e	-0.0	-1000.0	0.0	-0.0	Inf
GLUDy_f	acgal_e	-0.0	-1000.0	0.0	-0.0	Inf
GLUDy_f	acgam_e	-0.0	-1000.0	0.0	-0.0	Inf
GLUDy_f	acmana_e	-0.0	-1000.0	0.0	-0.0	Inf
GLUDy_f	tagur_c	-0.0	0.0	0.0	Inf	Inf
GLUDy_f	tartr__L_c	-0.0	-0.797960791915389	0.0	-0.0	Inf
GLUDy_f	ade_e	-0.0	-1000.0	0.0	-0.0	Inf
GLUDy_f	adn_e	-0.0	-1000.0	0.0	-0.0	Inf
GLUDy_f	all__D_e	-0.0	-1000.0	0.0	-0.0	Inf
GLUDy_f	cl_e	-0.0	-0.004256016790009198	999.99574398321	-0.0	0.0
GLUDy_f	alltn_e	-0.0	0.0	0.0	Inf	Inf
GLUDy_f	cm_e	-0.0	-1000.0	0.0	-0.0	Inf
GLUDy_f	co2_e	-0.0	-985.5643842495423	14.435615750457714	-0.0	0.0
GLUDy_f	arab__L_e	-0.0	-1000.0	0.0	-0.0	Inf
GLUDy_f	arbt_e	-0.0	-1000.0	0.0	-0.0	Inf
GLUDy_f	unagamu_c	-0.0	0.0	0.0380096553910045	Inf	0.0
GLUDy_f	crn_e	-0.0	-1000.0	0.0	-0.0	Inf
GLUDy_f	csn_e	-0.0	-1000.0	0.0	-0.0	Inf
GLUDy_f	cyan_e	-0.0	-1000.0	0.0	-0.0	Inf
GLUDy_f	glyb_e	-0.0	-1000.0	0.0	-0.0	Inf
GLUDy_f	glyc_e	-0.0	-0.6383686335323112	1.0494888182960689	-0.0	0.0
GLUDy_f	cytd_e	-0.0	-1000.0	0.0	-0.0	Inf
GLUDy_f	ca2_e	-0.0	-0.004256016790009198	999.99574398321	-0.0	0.0
GLUDy_f	dad_2_e	-0.0	-1000.0	0.0	-0.0	Inf
GLUDy_f	dcyt_e	-0.0	-1000.0	0.0	-0.0	Inf
GLUDy_f	chol_e	-0.0	-1000.0	0.0	-0.0	Inf
GLUDy_f	dha_e	-0.0	-1000.0	0.0	-0.0	Inf
GLUDy_f	ppal_e	-0.0	-1000.0	0.0	-0.0	Inf
GLUDy_f	h2_e	-0.0	-1000.0	0.0	-0.0	Inf
GLUDy_f	dms_e	-0.0	-1000.0	0.0	-0.0	Inf
GLUDy_f	dmso_e	-0.0	-1000.0	0.0	-0.0	Inf
GLUDy_f	h2o2_e	-0.0	-1000.0	0.0	-0.0	Inf
GLUDy_f	psclys_e	-0.0	-1000.0	0.0	-0.0	Inf
GLUDy_f	duri_e	-0.0	-1000.0	0.0	-0.0	Inf
GLUDy_f	pydx_e	-0.0	-1000.0	0.0	-0.0	Inf
GLUDy_f	pydxn_e	-0.0	-1000.0	0.0	-0.0	Inf
GLUDy_f	etoh_e	-0.0	-1000.0	0.0	-0.0	Inf
GLUDy_f	fald_e	-0.0	0.0	0.0	Inf	Inf
GLUDy_f	rib__D_e	-0.0	-1000.0	0.0	-0.0	Inf
GLUDy_f	rmn_e	-0.0	-1000.0	0.0	-0.0	Inf
GLUDy_f	indole_e	-0.0	-1000.0	0.0	-0.0	Inf
GLUDy_f	inost_e	-0.0	-1000.0	0.0	-0.0	Inf
GLUDy_f	sbt__D_e	-0.0	-0.34046327121723263	0.0	-0.0	Inf
GLUDy_f	k_e	-0.0	-0.15960512685740014	999.8403948731426	-0.0	0.0
GLUDy_f	for_e	-0.0	0.0	7.074021838772731	Inf	0.0
GLUDy_f	slnt_e	-0.0	0.0	1000.0	Inf	0.0
GLUDy_f	fru_e	-0.0	-1000.0	0.0	-0.0	Inf
GLUDy_f	so2_e	-0.0	-1000.0	0.0	-0.0	Inf
GLUDy_f	so3_e	-0.0	-1000.0	0.0	-0.0	Inf
GLUDy_f	so4_e	-0.0	-0.20622670405634835	999.7937732959437	-0.0	0.0
GLUDy_f	lipa_cold_e	-0.0	-1000.0	0.0	-0.0	Inf
GLUDy_f	sucr_e	-0.0	-1000.0	0.0	-0.0	Inf
GLUDy_f	g3pe_e	-0.0	-1000.0	0.0	-0.0	Inf
GLUDy_f	malt_e	-0.0	-1000.0	0.0	-0.0	Inf
GLUDy_f	tartr__L_e	-0.0	-1000.0	0.0	-0.0	Inf
GLUDy_f	g3pi_e	-0.0	-1000.0	0.0	-0.0	Inf
GLUDy_f	malthx_e	-0.0	-1000.0	0.0	-0.0	Inf
GLUDy_f	maltpt_e	-0.0	-1000.0	0.0	-0.0	Inf
GLUDy_f	gal_e	-0.0	-1000.0	0.0	-0.0	Inf
GLUDy_f	gal_bD_e	-0.0	-1000.0	0.0	-0.0	Inf
GLUDy_f	malttr_e	-0.0	-1000.0	0.0	-0.0	Inf
GLUDy_f	maltttr_e	-0.0	-1000.0	0.0	-0.0	Inf
GLUDy_f	man_e	-0.0	-1000.0	0.0	-0.0	Inf
GLUDy_f	thym_e	-0.0	-1000.0	0.0	-0.0	Inf
GLUDy_f	thymd_e	-0.0	-1000.0	0.0	-0.0	Inf
GLUDy_f	galt_e	-0.0	-0.34046327121723263	0.0	-0.0	Inf
GLUDy_f	melib_e	-0.0	-1000.0	0.0	-0.0	Inf
GLUDy_f	meoh_e	-0.0	-999.9999983646429	1.6353570799765293e-06	-0.0	0.0
GLUDy_f	tmao_e	-0.0	-1000.0	0.0	-0.0	Inf
GLUDy_f	tre_e	-0.0	-1000.0	0.0	-0.0	Inf
GLUDy_f	metsox_S__L_e	-0.0	-1000.0	0.0	-0.0	Inf
GLUDy_f	glc__D_e	-0.0	-1000.0	0.0	-0.0	Inf
GLUDy_f	mg2_e	-0.0	-0.007093361316719893	999.9929066386833	-0.0	0.0
GLUDy_f	mnl_e	-0.0	-1000.0	0.0	-0.0	Inf
GLUDy_f	mobd_e	-0.0	-0.00010548053137426905	999.9998945194686	-0.0	0.0
GLUDy_f	glyald_e	-0.0	-1000.0	0.0	-0.0	Inf
GLUDy_f	n2o_e	-0.0	-1000.0	0.0	-0.0	Inf
GLUDy_f	na1_e	-0.0	0.0	1000.0	Inf	0.0
GLUDy_f	nac_e	-0.0	-1000.0	0.0	-0.0	Inf
GLUDy_f	ni2_e	-0.0	-0.0002641101677909319	999.9997358898322	-0.0	0.0
GLUDy_f	no_e	-0.0	-1000.0	0.0	-0.0	Inf
GLUDy_f	no2_e	-0.0	-1000.0	0.0	-0.0	Inf
GLUDy_f	ura_e	-0.0	-1000.0	0.0	-0.0	Inf
GLUDy_f	no3_e	-0.0	-1000.0	0.0	-0.0	Inf
GLUDy_f	urea_e	-0.0	-1000.0	0.0	-0.0	Inf
GLUDy_f	novbcn_e	-0.0	-1000.0	0.0	-0.0	Inf
GLUDy_f	uri_e	-0.0	-1000.0	0.0	-0.0	Inf
GLUDy_f	o2_e	-0.0	-20.690766612253924	979.3092333877461	-0.0	0.0
GLUDy_f	xan_e	-0.0	0.0	0.0	Inf	Inf
GLUDy_f	xtsn_e	-0.0	-1000.0	0.0	-0.0	Inf
GLUDy_f	xyl__D_e	-0.0	-1000.0	0.0	-0.0	Inf
GLUDy_f	xylu__L_e	-0.0	-1000.0	0.0	-0.0	Inf
GLUDy_f	pacald_e	-0.0	-1000.0	0.0	-0.0	Inf
GLUDy_f	12dgr120_p	-0.0	0.0	0.0	Inf	Inf
GLUDy_f	12dgr140_p	-0.0	0.0	0.0	Inf	Inf
GLUDy_f	12dgr160_p	-0.0	-0.048730430040634445	0.0	-0.0	Inf
GLUDy_f	12dgr180_p	-0.0	0.0	0.0	Inf	Inf
GLUDy_f	12ppd__R_p	-0.0	-1000.0	0.0	-0.0	Inf
GLUDy_f	12ppd__S_p	-0.0	0.0	0.0	Inf	Inf
GLUDy_f	chol_p	-0.0	-1000.0	0.0	-0.0	Inf
GLUDy_f	cl_p	-0.0	-0.004256016790009198	999.99574398321	-0.0	0.0
GLUDy_f	34dhpac_p	-0.0	-1000.0	0.0	-0.0	Inf
GLUDy_f	cm_p	-0.0	0.0	0.0	Inf	Inf
GLUDy_f	4hoxpacd_p	-0.0	-1000.0	0.0	-0.0	Inf
GLUDy_f	co2_p	-0.0	-985.5643842495423	14.435615750457714	-0.0	0.0
GLUDy_f	5mtr_p	-0.0	0.0	0.0	Inf	Inf
GLUDy_f	LalaDgluMdap_p	-0.0	-0.02272165121246588	0.0	-0.0	Inf
GLUDy_f	gal_p	-0.0	-1000.0	0.0	-0.0	Inf
GLUDy_f	ac_p	-0.0	-1.5020438436054382	0.0	-0.0	Inf
GLUDy_f	crn_p	-0.0	-1000.0	0.0	-0.0	Inf
GLUDy_f	gal_bD_p	-0.0	-1000.0	0.0	-0.0	Inf
GLUDy_f	acald_p	-0.0	-1000.0	0.0	-0.0	Inf
GLUDy_f	acgal_p	-0.0	-1000.0	0.0	-0.0	Inf
GLUDy_f	csn_p	-0.0	0.0	0.0	Inf	Inf
GLUDy_f	acgam_p	-0.0	-1000.0	0.0	-0.0	Inf
GLUDy_f	galt_p	-0.0	-0.34046327121723263	0.0	-0.0	Inf
GLUDy_f	acmana_p	-0.0	-1000.0	0.0	-0.0	Inf
GLUDy_f	cyan_p	-0.0	0.0	0.0	Inf	Inf
GLUDy_f	ade_p	-0.0	-1000.0	0.0	-0.0	Inf
GLUDy_f	adn_p	-0.0	0.0	0.0005502976560422842	Inf	0.0
GLUDy_f	cytd_p	-0.0	-0.1312578473038737	0.0	-0.0	Inf
GLUDy_f	glc__D_p	-0.0	-1000.0	0.0	-0.0	Inf
GLUDy_f	dad_2_p	-0.0	-1000.0	0.0	-0.0	Inf
GLUDy_f	dcyt_p	-0.0	-1000.0	0.0	-0.0	Inf
GLUDy_f	all__D_p	-0.0	0.0	0.0	Inf	Inf
GLUDy_f	alltn_p	-0.0	0.0	0.0	Inf	Inf
GLUDy_f	dha_p	-0.0	-1000.0	0.0	-0.0	Inf
GLUDy_f	glyald_p	-0.0	-1000.0	0.0	-0.0	Inf
GLUDy_f	glyb_p	0.0	0.0	0.0	Inf	Inf
GLUDy_f	dms_p	-0.0	-1000.0	0.0	-0.0	Inf
GLUDy_f	glyc_p	-0.0	-0.6383686335323112	1.0494888182960689	-0.0	0.0
GLUDy_f	dmso_p	-0.0	-1000.0	0.0	-0.0	Inf
GLUDy_f	arab__L_p	-0.0	0.0	0.0	Inf	Inf
GLUDy_f	arbt_p	0.0	0.0	0.0	Inf	Inf
GLUDy_f	ca2_p	-0.0	-0.004256016790009198	999.99574398321	-0.0	0.0
GLUDy_f	duri_p	-0.0	-1000.0	0.0	-0.0	Inf
GLUDy_f	h2_p	-0.0	-1000.0	0.0	-0.0	Inf
GLUDy_f	h2o2_p	-0.0	-1000.0	0.0	-0.0	Inf
GLUDy_f	etoh_p	-0.0	-1000.0	0.0	-0.0	Inf
GLUDy_f	fald_p	-0.0	0.0	0.0	Inf	Inf
GLUDy_f	n2o_p	-0.0	-1000.0	0.0	-0.0	Inf
GLUDy_f	na1_p	-0.0	0.0	0.0	Inf	Inf
GLUDy_f	indole_p	-0.0	0.0	0.35200246079495473	Inf	0.0
GLUDy_f	nac_p	-0.0	-1000.0	0.0	-0.0	Inf
GLUDy_f	ni2_p	-0.0	-0.0002641101677909319	999.9997358898322	-0.0	0.0
GLUDy_f	inost_p	-0.0	-1000.0	0.0	-0.0	Inf
GLUDy_f	no_p	-0.0	-1000.0	0.0	-0.0	Inf
GLUDy_f	no2_p	-0.0	-1000.0	0.0	-0.0	Inf
GLUDy_f	for_p	-0.0	0.0	7.074021838772731	Inf	0.0
GLUDy_f	fru_p	-0.0	-1000.0	0.0	-0.0	Inf
GLUDy_f	no3_p	-0.0	0.0	0.0	Inf	Inf
GLUDy_f	k_p	-0.0	-0.15960512685740014	999.8403948731426	-0.0	0.0
GLUDy_f	novbcn_p	-0.0	0.0	0.0	Inf	Inf
GLUDy_f	o2_p	-0.0	-20.690766612253924	979.3092333877461	-0.0	0.0
GLUDy_f	lipa_cold_p	-0.0	-14.168099046996929	0.0	-0.0	Inf
GLUDy_f	g3pe_p	-0.0	0.0	0.0	Inf	Inf
GLUDy_f	g3pi_p	-0.0	0.0	0.0	Inf	Inf
GLUDy_f	so3_p	-0.0	-1000.0	0.0	-0.0	Inf
GLUDy_f	so4_p	-0.0	-0.20622670405634835	999.7937732959437	-0.0	0.0
GLUDy_f	malt_p	0.0	0.0	0.0	Inf	Inf
GLUDy_f	malthx_p	0.0	0.0	0.0	Inf	Inf
GLUDy_f	maltpt_p	0.0	0.0	0.0	Inf	Inf
GLUDy_f	sucr_p	-0.0	-1000.0	0.0	-0.0	Inf
GLUDy_f	malttr_p	0.0	0.0	0.0	Inf	Inf
GLUDy_f	maltttr_p	0.0	0.0	0.0	Inf	Inf
GLUDy_f	pacald_p	-0.0	-1000.0	0.0	-0.0	Inf
GLUDy_f	man_p	-0.0	-1000.0	0.0	-0.0	Inf
GLUDy_f	tartr__L_p	-0.0	-1000.0	0.0	-0.0	Inf
GLUDy_f	pe120_p	-0.0	0.0	0.0	Inf	Inf
GLUDy_f	melib_p	-0.0	-1000.0	0.0	-0.0	Inf
GLUDy_f	meoh_p	-0.0	-999.9999983646429	1.6353570799765293e-06	-0.0	0.0
GLUDy_f	thym_p	-0.0	-1000.0	0.0	-0.0	Inf
GLUDy_f	thymd_p	-0.0	0.0	0.0	Inf	Inf
GLUDy_f	pg120_p	-0.0	0.0	0.0	Inf	Inf
GLUDy_f	metsox_S__L_p	-0.0	-1000.0	0.0	-0.0	Inf
GLUDy_f	tmao_p	-0.0	-1000.0	0.0	-0.0	Inf
GLUDy_f	mg2_p	-0.0	-0.007093361316688553	999.9929066386833	-0.0	0.0
GLUDy_f	tre_p	-0.0	0.0	0.0	Inf	Inf
GLUDy_f	mnl_p	-0.0	0.0	0.0	Inf	Inf
GLUDy_f	mobd_p	-0.0	-0.00010548053137426905	999.9998945194686	-0.0	0.0
GLUDy_f	ura_p	-0.0	-1000.0	0.0	-0.0	Inf
GLUDy_f	urea_p	-0.0	-1000.0	0.0	-0.0	Inf
GLUDy_f	uri_p	-0.0	0.0	0.0	Inf	Inf
GLUDy_f	xan_p	-0.0	0.0	0.0	Inf	Inf
GLUDy_f	xtsn_p	-0.0	0.0	0.0	Inf	Inf
GLUDy_f	xyl__D_p	-0.0	0.0	0.0	Inf	Inf
GLUDy_f	xylu__L_p	-0.0	-1000.0	0.0	-0.0	Inf
GLUDy_f	ppal_p	-0.0	-1000.0	0.0	-0.0	Inf
GLUDy_f	psclys_p	-0.0	-1000.0	0.0	-0.0	Inf
GLUDy_f	pydx_p	-0.0	0.0	0.0	Inf	Inf
GLUDy_f	pydxn_p	-0.0	0.0	0.0	Inf	Inf
GLUDy_f	rib__D_p	-0.0	-1000.0	0.0	-0.0	Inf
GLUDy_f	rmn_p	-0.0	-1000.0	0.0	-0.0	Inf
GLUDy_f	sbt__D_p	-0.0	-0.34046327121723263	0.0	-0.0	Inf
GLUDy_f	slnt_p	-0.0	0.0	0.0	Inf	Inf
GLUDy_f	so2_p	-0.0	-1000.0	0.0	-0.0	Inf
