Reaction	Metabolite	ShadowPrice	G-	G+	DecrementalShadowPrice	IncrementalShadowPrice
GARFT_f	12dgr120_c	-0.0	0.0	0.0	Inf	Inf
GARFT_f	12dgr140_c	-0.0	0.0	0.0	Inf	Inf
GARFT_f	12dgr160_c	-0.0	-0.052179338220526006	0.0	-0.0	Inf
GARFT_f	12dgr180_c	-0.0	0.0	0.0	Inf	Inf
GARFT_f	12ppd__R_c	-0.0	-1000.0	0.0	-0.0	Inf
GARFT_f	12ppd__S_c	-0.0	0.0	0.0	Inf	Inf
GARFT_f	5drib_c	-0.0	-999.999816022329	0.00018397767103803164	-0.0	0.0
GARFT_f	5mta_c	-0.0	0.0	0.0	Inf	Inf
GARFT_f	23dhacoa_c	-0.0	-0.00047098283812374575	0.0	-0.0	Inf
GARFT_f	5mtr_c	-0.0	0.0	0.0	Inf	Inf
GARFT_f	3amac_c	-0.0	-7.513020108066598	0.0	-0.0	Inf
GARFT_f	LalaDgluMdap_c	-0.0	-0.02272165121246588	0.0	-0.0	Inf
GARFT_f	ac_c	-0.0	-3.5345258668767268	0.476359891923118	-0.0	0.0
GARFT_f	acald_c	-0.0	-3.5345258668767268	2.157783704144501	-0.0	0.0
GARFT_f	acetol_c	-0.0	0.0	0.0	Inf	Inf
GARFT_f	acgam_c	-0.0	-0.0772608096935145	0.0	-0.0	Inf
GARFT_f	acgam6p_c	-0.0	-0.0772608096935145	0.0	-0.0	Inf
GARFT_f	acmalt_c	0.0	0.0	0.0	Inf	Inf
GARFT_f	acmana_c	-0.0	-0.0772608096935145	0.0	-0.0	Inf
GARFT_f	2dmmq8_c	-0.0	0.0	0.0	Inf	Inf
GARFT_f	2dmmql8_c	-0.0	0.0	0.0	Inf	Inf
GARFT_f	ade_c	-0.0	-0.08929785545063851	0.0005502976560422842	-0.0	0.0
GARFT_f	adn_c	-0.0	0.0	0.0005502976560422842	Inf	0.0
GARFT_f	3sala_c	0.0	0.0	0.0	Inf	Inf
GARFT_f	adphep_DD_c	-0.0	0.0	0.0	Inf	Inf
GARFT_f	adphep_LD_c	-0.0	0.0	0.0	Inf	Inf
GARFT_f	4ahmmp_c	0.0	0.0	0.0	Inf	Inf
GARFT_f	4crsol_c	-0.0	-999.9998176576861	0.00018234231396213802	-0.0	0.0
GARFT_f	2ohph_c	-0.0	-0.00018234231396213802	0.07223681946920035	-0.0	0.0
GARFT_f	2ombzl_c	-0.0	0.0	0.0	Inf	Inf
GARFT_f	2omhmbl_c	-0.0	0.0	0.0	Inf	Inf
GARFT_f	2ommbl_c	0.0	0.0	0.0	Inf	Inf
GARFT_f	2omph_c	-0.0	0.0	0.06500611742320654	Inf	0.0
GARFT_f	4mhetz_c	0.0	0.0	0.0	Inf	Inf
GARFT_f	2oph_c	-0.0	-0.00018234231396213802	0.07223681946920035	-0.0	0.0
GARFT_f	2oxpaccoa_c	-0.0	-0.00047098283812374575	0.0	-0.0	Inf
GARFT_f	all__D_c	-0.0	-11.108436966327625	0.0	-0.0	Inf
GARFT_f	alltn_c	-0.0	-1.8782550270166496	0.0	-0.0	Inf
GARFT_f	4r5au_c	-0.0	-0.00036468462752686976	0.4343590573277892	-0.0	0.0
GARFT_f	56dura_c	0.0	0.0	0.0	Inf	Inf
GARFT_f	arab__L_c	-0.0	-11.522933238251994	0.0	-0.0	Inf
GARFT_f	etoh_c	-0.0	-1000.0	0.0	-0.0	Inf
GARFT_f	csn_c	-0.0	0.0	0.12583091484782472	Inf	0.0
GARFT_f	fald_c	-0.0	0.0	0.0	Inf	Inf
GARFT_f	fc1p_c	-0.0	-0.7887580657323551	0.0	-0.0	Inf
GARFT_f	fcl__L_c	-0.0	0.0	0.0	Inf	Inf
GARFT_f	aso4_c	0.0	0.0	0.0	Inf	Inf
GARFT_f	cyan_c	0.0	0.0	0.0	Inf	Inf
GARFT_f	athtp_c	0.0	0.0	0.0	Inf	Inf
GARFT_f	cytd_c	-0.0	0.0	0.12583091484782472	Inf	0.0
GARFT_f	dad_2_c	-0.0	0.0	0.0	Inf	Inf
GARFT_f	dad_5_c	-0.0	-0.08929785545063851	0.00018397767103803164	-0.0	0.0
GARFT_f	betald_c	0.0	0.0	0.0	Inf	Inf
GARFT_f	btal_c	-0.0	-133.30124359593148	0.0	-0.0	Inf
GARFT_f	for_c	-0.0	-0.08929785545063851	0.002005765452108575	-0.0	0.0
GARFT_f	dcyt_c	-0.0	0.0	0.0	Inf	Inf
GARFT_f	fru_c	-0.0	-11.108436966327625	0.0	-0.0	Inf
GARFT_f	ca2_c	-0.0	-0.004256016790009198	933.1087051715205	-0.0	0.0
GARFT_f	g3pe_c	-0.0	-0.7887580657323551	0.0	-0.0	Inf
GARFT_f	g3pi_c	0.0	0.0	0.0	Inf	Inf
GARFT_f	cbm_c	-0.0	-3.756510054033299	0.0	-0.0	Inf
GARFT_f	dha_c	-0.0	-22.21687393265525	1.5926498768685602	-0.0	0.0
GARFT_f	gal_c	-0.0	0.0	0.0	Inf	Inf
GARFT_f	dhgly_c	-0.0	-0.00018234231396213802	0.2883245466744807	-0.0	0.0
GARFT_f	dhmptp_c	0.0	0.0	0.0	Inf	Inf
GARFT_f	gcald_c	-0.0	-2.419803522701999	0.0005470269416036899	-0.0	0.0
GARFT_f	dhptd_c	-0.0	-52.030312965483745	0.0003663199850042526	-0.0	0.0
GARFT_f	cechddd_c	-0.0	0.0	0.0	Inf	Inf
GARFT_f	dhptdn_c	0.0	0.0	0.0	Inf	Inf
GARFT_f	chol_c	0.0	0.0	0.0	Inf	Inf
GARFT_f	chtbs6p_c	-0.0	0.0	0.0	Inf	Inf
GARFT_f	dmbzid_c	0.0	0.0	0.0	Inf	Inf
GARFT_f	dms_c	0.0	0.0	0.0	Inf	Inf
GARFT_f	dmso_c	0.0	0.0	0.0	Inf	Inf
GARFT_f	cl_c	-0.0	-0.004256016790009198	999.99574398321	-0.0	0.0
GARFT_f	glc__D_c	-0.0	-11.108436966327625	0.0	-0.0	Inf
GARFT_f	co2_c	-0.0	-985.5643842495413	14.435615750458737	-0.0	0.0
GARFT_f	dscl_c	-0.0	-0.00018234231396213802	0.08608918253343568	-0.0	0.0
GARFT_f	dtdp4aaddg_c	-0.0	0.0	0.0	Inf	Inf
GARFT_f	glyald_c	-0.0	-1000.0	0.0	-0.0	Inf
GARFT_f	crn_c	-0.0	-933.1087051715205	0.0	-0.0	Inf
GARFT_f	duri_c	-0.0	0.0	0.0	Inf	Inf
GARFT_f	glyb_c	0.0	0.0	0.0	Inf	Inf
GARFT_f	glyc_c	-0.0	-19.043034799418784	1.3651284658873373	-0.0	0.0
GARFT_f	dxyl_c	0.0	0.0	0.0	Inf	Inf
GARFT_f	glycogen_c	-0.0	-10.603508013312732	0.0	-0.0	Inf
GARFT_f	gmhep1p_c	-0.0	0.0	0.6251522881166311	Inf	0.0
GARFT_f	lipa_cold_c	-0.0	0.0	0.0	Inf	Inf
GARFT_f	lipidA_c	-0.0	-0.015908753634278128	0.05500928851026277	-0.0	0.0
GARFT_f	malt_c	0.0	0.0	0.0	Inf	Inf
GARFT_f	h2_c	-0.0	0.0	0.0	Inf	Inf
GARFT_f	malthx_c	-0.0	0.0	0.0	Inf	Inf
GARFT_f	maltpt_c	-0.0	0.0	0.0	Inf	Inf
GARFT_f	malttr_c	-0.0	0.0	0.0	Inf	Inf
GARFT_f	maltttr_c	-0.0	0.0	0.0	Inf	Inf
GARFT_f	h2o2_c	-0.0	-0.0011472029880679694	0.8521109811777023	-0.0	0.0
GARFT_f	man_c	-0.0	0.0	0.0	Inf	Inf
GARFT_f	mdhdhf_c	-0.0	-52.030312965483745	0.0003663199850042526	-0.0	0.0
GARFT_f	melib_c	-0.0	0.0	0.0	Inf	Inf
GARFT_f	meoh_c	-0.0	-999.9999983646429	1.6353570799765293e-06	-0.0	0.0
GARFT_f	pacald_c	-0.0	-933.1087051715205	0.0	-0.0	Inf
GARFT_f	metsox_S__L_c	-0.0	-0.08929785545063851	0.0	-0.0	Inf
GARFT_f	mg2_c	-0.0	-0.007093361316688553	466.5543525857602	-0.0	0.0
GARFT_f	hhlipa_c	-0.0	0.0	0.0	Inf	Inf
GARFT_f	pe120_c	-0.0	0.0	0.0	Inf	Inf
GARFT_f	mobd_c	-0.0	-0.00010548053137426905	16.722823707119883	-0.0	0.0
GARFT_f	hlipa_c	-0.0	0.0	0.0	Inf	Inf
GARFT_f	pg120_c	-0.0	-0.06363501453717232	0.0	-0.0	Inf
GARFT_f	mql8_c	0.0	0.0	0.0	Inf	Inf
GARFT_f	mqn8_c	-0.0	0.0	0.0	Inf	Inf
GARFT_f	mthgxl_c	-0.0	-5.879594388889025	0.0	-0.0	Inf
GARFT_f	hqn_c	0.0	0.0	0.0	Inf	Inf
GARFT_f	mththf_c	-0.0	-999.999633680015	0.0003663199850042526	-0.0	0.0
GARFT_f	n2o_c	-0.0	-1000.0	0.0	-0.0	Inf
GARFT_f	na1_c	-0.0	0.0	0.0	Inf	Inf
GARFT_f	nac_c	-0.0	0.0	0.0	Inf	Inf
GARFT_f	ncam_c	-0.0	0.0	0.0	Inf	Inf
GARFT_f	ni2_c	-0.0	-0.0002641101677568187	999.9997358898322	-0.0	0.0
GARFT_f	no_c	-0.0	-1000.0	0.0	-0.0	Inf
GARFT_f	indole_c	-0.0	-0.046479301132510364	0.4550428219624458	-0.0	0.0
GARFT_f	no2_c	-0.0	-933.1087051715205	0.0	-0.0	Inf
GARFT_f	no3_c	0.0	0.0	0.0	Inf	Inf
GARFT_f	inost_c	0.0	0.0	0.0	Inf	Inf
GARFT_f	o2_c	-0.0	-20.69076661226029	979.3092333877397	-0.0	0.0
GARFT_f	poaac_c	-0.0	-5.145484217575349	0.0	-0.0	Inf
GARFT_f	ppal_c	-0.0	0.0	0.0	Inf	Inf
GARFT_f	k_c	-0.0	-0.15960512685740014	66.89129482847953	-0.0	0.0
GARFT_f	psclys_c	-0.0	0.0	0.0	Inf	Inf
GARFT_f	lald__D_c	-0.0	0.0	0.0	Inf	Inf
GARFT_f	lald__L_c	-0.0	-5.879594388889025	0.0	-0.0	Inf
GARFT_f	ura_c	-0.0	-0.2704839719599176	0.0	-0.0	Inf
GARFT_f	pydx_c	-0.0	0.0	0.0011472029880679694	Inf	0.0
GARFT_f	uracp_c	-0.0	-4.415800988466856	0.0	-0.0	Inf
GARFT_f	pydxn_c	-0.0	0.0	0.5394459260361253	Inf	0.0
GARFT_f	urate_c	-0.0	-0.0011472029880679694	0.0	-0.0	Inf
GARFT_f	q8_c	0.0	0.0	0.0	Inf	Inf
GARFT_f	q8h2_c	-0.0	0.0	0.0	Inf	Inf
GARFT_f	urea_c	-0.0	-1000.0	0.0	-0.0	Inf
GARFT_f	uri_c	-0.0	0.0	0.0	Inf	Inf
GARFT_f	rbflvrd_c	-0.0	0.0	0.044648927725319254	Inf	0.0
GARFT_f	rbl__L_c	-0.0	-11.522933238251994	0.0	-0.0	Inf
GARFT_f	rdmbzi_c	0.0	0.0	0.0	Inf	Inf
GARFT_f	thptdn_c	0.0	0.0	0.0	Inf	Inf
GARFT_f	xan_c	-0.0	0.0	0.0	Inf	Inf
GARFT_f	rephaccoa_c	-0.0	-0.00047098283812374575	0.0	-0.0	Inf
GARFT_f	rib__D_c	-0.0	0.0	0.9039364166010747	Inf	0.0
GARFT_f	xtsn_c	-0.0	0.0	0.0	Inf	Inf
GARFT_f	rml_c	-0.0	-5.762397954981054	0.0	-0.0	Inf
GARFT_f	thym_c	-0.0	-66.89129482847953	0.0	-0.0	Inf
GARFT_f	thymd_c	-0.0	-0.021395376623916156	0.0	-0.0	Inf
GARFT_f	xu5p__L_c	-0.0	-0.7887580657323551	0.0	-0.0	Inf
GARFT_f	rmn_c	-0.0	-5.762397954981054	0.0	-0.0	Inf
GARFT_f	xyl__D_c	0.0	0.0	0.0	Inf	Inf
GARFT_f	tmao_c	0.0	0.0	0.0	Inf	Inf
GARFT_f	xylu__D_c	-0.0	0.0	0.0	Inf	Inf
GARFT_f	xylu__L_c	-0.0	-11.522933238251994	0.0	-0.0	Inf
GARFT_f	12ppd__R_e	-0.0	-1000.0	0.0	-0.0	Inf
GARFT_f	12ppd__S_e	-0.0	-1000.0	0.0	-0.0	Inf
GARFT_f	tre_c	-0.0	-5.554218483163813	0.0	-0.0	Inf
GARFT_f	seln_c	0.0	0.0	0.0	Inf	Inf
GARFT_f	34dhpac_e	-0.0	-1000.0	0.0	-0.0	Inf
GARFT_f	slnt_c	0.0	0.0	0.0	Inf	Inf
GARFT_f	so2_c	0.0	0.0	0.0	Inf	Inf
GARFT_f	so3_c	-0.0	-0.20267961455811384	3.3445647414239765	-0.0	0.0
GARFT_f	so4_c	-0.0	-0.2062267040557271	66.89129482847953	-0.0	0.0
GARFT_f	4hoxpacd_e	-0.0	-1000.0	0.0	-0.0	Inf
GARFT_f	5mtr_e	-0.0	0.0	0.0	Inf	Inf
GARFT_f	LalaDgluMdap_e	-0.0	-1000.0	0.0	-0.0	Inf
GARFT_f	ac_e	-0.0	0.0	0.0	Inf	Inf
GARFT_f	acald_e	-0.0	-1000.0	0.0	-0.0	Inf
GARFT_f	acgal_e	-0.0	-1000.0	0.0	-0.0	Inf
GARFT_f	acgam_e	-0.0	-1000.0	0.0	-0.0	Inf
GARFT_f	acmana_e	-0.0	-1000.0	0.0	-0.0	Inf
GARFT_f	tagur_c	-0.0	0.0	0.0	Inf	Inf
GARFT_f	tartr__L_c	-0.0	-2.419803522701999	0.0	-0.0	Inf
GARFT_f	ade_e	-0.0	-1000.0	0.0	-0.0	Inf
GARFT_f	adn_e	-0.0	-1000.0	0.0	-0.0	Inf
GARFT_f	all__D_e	-0.0	-1000.0	0.0	-0.0	Inf
GARFT_f	cl_e	-0.0	-0.004256016790009198	999.99574398321	-0.0	0.0
GARFT_f	alltn_e	-0.0	0.0	0.0	Inf	Inf
GARFT_f	cm_e	-0.0	-1000.0	0.0	-0.0	Inf
GARFT_f	co2_e	-0.0	-985.5643842495413	14.435615750458737	-0.0	0.0
GARFT_f	arab__L_e	-0.0	-1000.0	0.0	-0.0	Inf
GARFT_f	arbt_e	-0.0	-1000.0	0.0	-0.0	Inf
GARFT_f	unagamu_c	-0.0	0.0	0.04951243140524021	Inf	0.0
GARFT_f	crn_e	-0.0	-1000.0	0.0	-0.0	Inf
GARFT_f	csn_e	-0.0	-1000.0	0.0	-0.0	Inf
GARFT_f	cyan_e	-0.0	-1000.0	0.0	-0.0	Inf
GARFT_f	glyb_e	-0.0	-1000.0	0.0	-0.0	Inf
GARFT_f	glyc_e	-0.0	-19.043034799418784	1.3651284658873373	-0.0	0.0
GARFT_f	cytd_e	-0.0	-1000.0	0.0	-0.0	Inf
GARFT_f	ca2_e	-0.0	-0.004256016790009198	999.99574398321	-0.0	0.0
GARFT_f	dad_2_e	-0.0	-1000.0	0.0	-0.0	Inf
GARFT_f	dcyt_e	-0.0	-1000.0	0.0	-0.0	Inf
GARFT_f	chol_e	-0.0	-1000.0	0.0	-0.0	Inf
GARFT_f	dha_e	-0.0	-1000.0	0.0	-0.0	Inf
GARFT_f	ppal_e	-0.0	-1000.0	0.0	-0.0	Inf
GARFT_f	h2_e	-0.0	-1000.0	0.0	-0.0	Inf
GARFT_f	dms_e	-0.0	-1000.0	0.0	-0.0	Inf
GARFT_f	dmso_e	-0.0	-1000.0	0.0	-0.0	Inf
GARFT_f	h2o2_e	-0.0	-1000.0	0.0	-0.0	Inf
GARFT_f	psclys_e	-0.0	-1000.0	0.0	-0.0	Inf
GARFT_f	duri_e	-0.0	-1000.0	0.0	-0.0	Inf
GARFT_f	pydx_e	-0.0	-1000.0	0.0	-0.0	Inf
GARFT_f	pydxn_e	-0.0	-1000.0	0.0	-0.0	Inf
GARFT_f	etoh_e	-0.0	-1000.0	0.0	-0.0	Inf
GARFT_f	fald_e	-0.0	0.0	0.0	Inf	Inf
GARFT_f	rib__D_e	-0.0	-1000.0	0.0	-0.0	Inf
GARFT_f	rmn_e	-0.0	-1000.0	0.0	-0.0	Inf
GARFT_f	indole_e	-0.0	-1000.0	0.0	-0.0	Inf
GARFT_f	inost_e	-0.0	-1000.0	0.0	-0.0	Inf
GARFT_f	sbt__D_e	-0.0	-5.879594388889025	0.0	-0.0	Inf
GARFT_f	k_e	-0.0	-0.15960512685740014	999.8403948731426	-0.0	0.0
GARFT_f	for_e	-0.0	0.0	0.002005765452108575	Inf	0.0
GARFT_f	slnt_e	-0.0	0.0	1000.0	Inf	0.0
GARFT_f	fru_e	-0.0	-1000.0	0.0	-0.0	Inf
GARFT_f	so2_e	-0.0	-1000.0	0.0	-0.0	Inf
GARFT_f	so3_e	-0.0	-1000.0	0.0	-0.0	Inf
GARFT_f	so4_e	-0.0	-0.20622670405577992	999.7937732959442	-0.0	0.0
GARFT_f	lipa_cold_e	-0.0	-1000.0	0.0	-0.0	Inf
GARFT_f	sucr_e	-0.0	-1000.0	0.0	-0.0	Inf
GARFT_f	g3pe_e	-0.0	-1000.0	0.0	-0.0	Inf
GARFT_f	malt_e	-0.0	-1000.0	0.0	-0.0	Inf
GARFT_f	tartr__L_e	-0.0	-1000.0	0.0	-0.0	Inf
GARFT_f	g3pi_e	-0.0	-1000.0	0.0	-0.0	Inf
GARFT_f	malthx_e	-0.0	-1000.0	0.0	-0.0	Inf
GARFT_f	maltpt_e	-0.0	-1000.0	0.0	-0.0	Inf
GARFT_f	gal_e	-0.0	-1000.0	0.0	-0.0	Inf
GARFT_f	gal_bD_e	-0.0	-1000.0	0.0	-0.0	Inf
GARFT_f	malttr_e	-0.0	-1000.0	0.0	-0.0	Inf
GARFT_f	maltttr_e	-0.0	-1000.0	0.0	-0.0	Inf
GARFT_f	man_e	-0.0	-1000.0	0.0	-0.0	Inf
GARFT_f	thym_e	-0.0	-1000.0	0.0	-0.0	Inf
GARFT_f	thymd_e	-0.0	-1000.0	0.0	-0.0	Inf
GARFT_f	galt_e	-0.0	-5.762397954981054	0.0	-0.0	Inf
GARFT_f	melib_e	-0.0	-1000.0	0.0	-0.0	Inf
GARFT_f	meoh_e	-0.0	-999.9999983646429	1.6353570799765293e-06	-0.0	0.0
GARFT_f	tmao_e	-0.0	-1000.0	0.0	-0.0	Inf
GARFT_f	tre_e	-0.0	-1000.0	0.0	-0.0	Inf
GARFT_f	metsox_S__L_e	-0.0	-1000.0	0.0	-0.0	Inf
GARFT_f	glc__D_e	-0.0	-1000.0	0.0	-0.0	Inf
GARFT_f	mg2_e	-0.0	-0.007093361316719893	999.9929066386833	-0.0	0.0
GARFT_f	mnl_e	-0.0	-1000.0	0.0	-0.0	Inf
GARFT_f	mobd_e	-0.0	-0.00010548053137426905	999.9998945194686	-0.0	0.0
GARFT_f	glyald_e	-0.0	-1000.0	0.0	-0.0	Inf
GARFT_f	n2o_e	-0.0	-1000.0	0.0	-0.0	Inf
GARFT_f	na1_e	-0.0	0.0	1000.0	Inf	0.0
GARFT_f	nac_e	-0.0	-1000.0	0.0	-0.0	Inf
GARFT_f	ni2_e	-0.0	-0.0002641101677909319	999.9997358898322	-0.0	0.0
GARFT_f	no_e	-0.0	-1000.0	0.0	-0.0	Inf
GARFT_f	no2_e	-0.0	-1000.0	0.0	-0.0	Inf
GARFT_f	ura_e	-0.0	-1000.0	0.0	-0.0	Inf
GARFT_f	no3_e	-0.0	-1000.0	0.0	-0.0	Inf
GARFT_f	urea_e	-0.0	-1000.0	0.0	-0.0	Inf
GARFT_f	novbcn_e	-0.0	-1000.0	0.0	-0.0	Inf
GARFT_f	uri_e	-0.0	-1000.0	0.0	-0.0	Inf
GARFT_f	o2_e	-0.0	-20.69076661226029	979.3092333877397	-0.0	0.0
GARFT_f	xan_e	-0.0	0.0	0.0	Inf	Inf
GARFT_f	xtsn_e	-0.0	-1000.0	0.0	-0.0	Inf
GARFT_f	xyl__D_e	-0.0	-1000.0	0.0	-0.0	Inf
GARFT_f	xylu__L_e	-0.0	-1000.0	0.0	-0.0	Inf
GARFT_f	pacald_e	-0.0	-1000.0	0.0	-0.0	Inf
GARFT_f	12dgr120_p	-0.0	0.0	0.0	Inf	Inf
GARFT_f	12dgr140_p	-0.0	0.0	0.0	Inf	Inf
GARFT_f	12dgr160_p	-0.0	-0.052179338220526006	0.0	-0.0	Inf
GARFT_f	12dgr180_p	-0.0	0.0	0.0	Inf	Inf
GARFT_f	12ppd__R_p	-0.0	-1000.0	0.0	-0.0	Inf
GARFT_f	12ppd__S_p	-0.0	0.0	0.0	Inf	Inf
GARFT_f	chol_p	-0.0	-1000.0	0.0	-0.0	Inf
GARFT_f	cl_p	-0.0	-0.004256016790009198	999.99574398321	-0.0	0.0
GARFT_f	34dhpac_p	-0.0	-1000.0	0.0	-0.0	Inf
GARFT_f	cm_p	-0.0	0.0	0.0	Inf	Inf
GARFT_f	4hoxpacd_p	-0.0	-1000.0	0.0	-0.0	Inf
GARFT_f	co2_p	-0.0	-985.5643842495413	14.435615750458737	-0.0	0.0
GARFT_f	5mtr_p	-0.0	0.0	0.0	Inf	Inf
GARFT_f	LalaDgluMdap_p	-0.0	0.0	0.0	Inf	Inf
GARFT_f	gal_p	-0.0	-1000.0	0.0	-0.0	Inf
GARFT_f	ac_p	-0.0	-3.5345258668767268	0.0	-0.0	Inf
GARFT_f	crn_p	-0.0	-1000.0	0.0	-0.0	Inf
GARFT_f	gal_bD_p	-0.0	-1000.0	0.0	-0.0	Inf
GARFT_f	acald_p	-0.0	-1000.0	0.0	-0.0	Inf
GARFT_f	acgal_p	-0.0	-1000.0	0.0	-0.0	Inf
GARFT_f	csn_p	-0.0	0.0	0.0	Inf	Inf
GARFT_f	acgam_p	-0.0	-1000.0	0.0	-0.0	Inf
GARFT_f	galt_p	-0.0	-5.762397954981054	0.0	-0.0	Inf
GARFT_f	acmana_p	-0.0	-1000.0	0.0	-0.0	Inf
GARFT_f	cyan_p	-0.0	0.0	0.0	Inf	Inf
GARFT_f	ade_p	-0.0	-1000.0	0.0	-0.0	Inf
GARFT_f	adn_p	-0.0	0.0	0.0005502976560422842	Inf	0.0
GARFT_f	cytd_p	-0.0	0.0	0.0	Inf	Inf
GARFT_f	glc__D_p	-0.0	-1000.0	0.0	-0.0	Inf
GARFT_f	dad_2_p	-0.0	-1000.0	0.0	-0.0	Inf
GARFT_f	dcyt_p	-0.0	-1000.0	0.0	-0.0	Inf
GARFT_f	all__D_p	-0.0	0.0	0.0	Inf	Inf
GARFT_f	alltn_p	-0.0	0.0	0.0	Inf	Inf
GARFT_f	dha_p	-0.0	-1000.0	0.0	-0.0	Inf
GARFT_f	glyald_p	-0.0	-1000.0	0.0	-0.0	Inf
GARFT_f	glyb_p	0.0	0.0	0.0	Inf	Inf
GARFT_f	dms_p	-0.0	-1000.0	0.0	-0.0	Inf
GARFT_f	glyc_p	-0.0	-19.043034799418784	1.3651284658873373	-0.0	0.0
GARFT_f	dmso_p	-0.0	-1000.0	0.0	-0.0	Inf
GARFT_f	arab__L_p	-0.0	0.0	0.0	Inf	Inf
GARFT_f	arbt_p	0.0	0.0	0.0	Inf	Inf
GARFT_f	ca2_p	-0.0	-0.004256016790009198	999.99574398321	-0.0	0.0
GARFT_f	duri_p	-0.0	-1000.0	0.0	-0.0	Inf
GARFT_f	h2_p	-0.0	-1000.0	0.0	-0.0	Inf
GARFT_f	h2o2_p	-0.0	-1000.0	0.0	-0.0	Inf
GARFT_f	etoh_p	-0.0	-1000.0	0.0	-0.0	Inf
GARFT_f	fald_p	-0.0	0.0	0.0	Inf	Inf
GARFT_f	n2o_p	-0.0	-1000.0	0.0	-0.0	Inf
GARFT_f	na1_p	-0.0	0.0	0.0	Inf	Inf
GARFT_f	indole_p	-0.0	0.0	0.4581595536197228	Inf	0.0
GARFT_f	nac_p	-0.0	-1000.0	0.0	-0.0	Inf
GARFT_f	ni2_p	-0.0	-0.0002641101677909319	999.9997358898322	-0.0	0.0
GARFT_f	inost_p	-0.0	-1000.0	0.0	-0.0	Inf
GARFT_f	no_p	-0.0	-1000.0	0.0	-0.0	Inf
GARFT_f	no2_p	-0.0	-1000.0	0.0	-0.0	Inf
GARFT_f	for_p	-0.0	0.0	0.002005765452108575	Inf	0.0
GARFT_f	fru_p	-0.0	-1000.0	0.0	-0.0	Inf
GARFT_f	no3_p	-0.0	0.0	0.0	Inf	Inf
GARFT_f	k_p	-0.0	-0.15960512685740014	999.8403948731426	-0.0	0.0
GARFT_f	novbcn_p	-0.0	0.0	0.0	Inf	Inf
GARFT_f	o2_p	-0.0	-20.69076661226029	979.3092333877397	-0.0	0.0
GARFT_f	lipa_cold_p	-0.0	-16.722823707119883	0.0	-0.0	Inf
GARFT_f	g3pe_p	-0.0	-0.7887580657323952	0.0	-0.0	Inf
GARFT_f	g3pi_p	-0.0	0.0	0.0	Inf	Inf
GARFT_f	so3_p	-0.0	-1000.0	0.0	-0.0	Inf
GARFT_f	so4_p	-0.0	-0.2062267040557271	999.7937732959442	-0.0	0.0
GARFT_f	malt_p	0.0	0.0	0.0	Inf	Inf
GARFT_f	malthx_p	0.0	0.0	0.0	Inf	Inf
GARFT_f	maltpt_p	0.0	0.0	0.0	Inf	Inf
GARFT_f	sucr_p	-0.0	-1000.0	0.0	-0.0	Inf
GARFT_f	malttr_p	0.0	0.0	0.0	Inf	Inf
GARFT_f	maltttr_p	0.0	0.0	0.0	Inf	Inf
GARFT_f	pacald_p	-0.0	-1000.0	0.0	-0.0	Inf
GARFT_f	man_p	-0.0	-1000.0	0.0	-0.0	Inf
GARFT_f	tartr__L_p	-0.0	-1000.0	0.0	-0.0	Inf
GARFT_f	pe120_p	-0.0	-0.06363501453717232	0.0	-0.0	Inf
GARFT_f	melib_p	-0.0	-1000.0	0.0	-0.0	Inf
GARFT_f	meoh_p	-0.0	-999.9999983646429	1.6353570799765293e-06	-0.0	0.0
GARFT_f	thym_p	-0.0	-1000.0	0.0	-0.0	Inf
GARFT_f	thymd_p	-0.0	-0.021395376623916156	0.0	-0.0	Inf
GARFT_f	pg120_p	-0.0	-0.06363501453717232	0.0	-0.0	Inf
GARFT_f	metsox_S__L_p	-0.0	-1000.0	0.0	-0.0	Inf
GARFT_f	tmao_p	-0.0	-1000.0	0.0	-0.0	Inf
GARFT_f	mg2_p	-0.0	-0.007093361316688553	999.9929066386833	-0.0	0.0
GARFT_f	tre_p	-0.0	0.0	0.0	Inf	Inf
GARFT_f	mnl_p	-0.0	0.0	0.0	Inf	Inf
GARFT_f	mobd_p	-0.0	-0.00010548053137426905	999.9998945194686	-0.0	0.0
GARFT_f	ura_p	-0.0	-1000.0	0.0	-0.0	Inf
GARFT_f	urea_p	-0.0	-1000.0	0.0	-0.0	Inf
GARFT_f	uri_p	-0.0	0.0	0.0	Inf	Inf
GARFT_f	xan_p	-0.0	0.0	0.0	Inf	Inf
GARFT_f	xtsn_p	-0.0	0.0	0.0	Inf	Inf
GARFT_f	xyl__D_p	-0.0	0.0	0.0	Inf	Inf
GARFT_f	xylu__L_p	-0.0	-1000.0	0.0	-0.0	Inf
GARFT_f	ppal_p	-0.0	-1000.0	0.0	-0.0	Inf
GARFT_f	psclys_p	-0.0	-1000.0	0.0	-0.0	Inf
GARFT_f	pydx_p	-0.0	0.0	0.0	Inf	Inf
GARFT_f	pydxn_p	-0.0	0.0	0.0	Inf	Inf
GARFT_f	rib__D_p	-0.0	-1000.0	0.0	-0.0	Inf
GARFT_f	rmn_p	-0.0	-1000.0	0.0	-0.0	Inf
GARFT_f	sbt__D_p	-0.0	-5.879594388889025	0.0	-0.0	Inf
GARFT_f	slnt_p	-0.0	0.0	0.0	Inf	Inf
GARFT_f	so2_p	-0.0	-1000.0	0.0	-0.0	Inf
