Reaction	Metabolite	ShadowPrice	G-	G+	DecrementalShadowPrice	IncrementalShadowPrice
GLYCAtex_f	12dgr120_c	-0.0	0.0	0.0	Inf	Inf
GLYCAtex_f	12dgr140_c	-0.0	0.0	0.0	Inf	Inf
GLYCAtex_f	12dgr160_c	-0.0	0.0	0.0	Inf	Inf
GLYCAtex_f	12dgr180_c	-0.0	0.0	0.0	Inf	Inf
GLYCAtex_f	12ppd__R_c	-0.0	-1000.0	0.0	-0.0	Inf
GLYCAtex_f	12ppd__S_c	-0.0	0.0	0.0	Inf	Inf
GLYCAtex_f	5drib_c	-0.0	-999.999816022329	0.00018397767103803164	-0.0	0.0
GLYCAtex_f	5mta_c	-0.0	0.0	0.0	Inf	Inf
GLYCAtex_f	23dhacoa_c	-0.0	-0.00047098283630475635	0.0	-0.0	Inf
GLYCAtex_f	5mtr_c	-0.0	0.0	0.0	Inf	Inf
GLYCAtex_f	3amac_c	-0.0	-7.5130201080560255	0.0	-0.0	Inf
GLYCAtex_f	LalaDgluMdap_c	-0.0	-0.02272165121246588	0.0	-0.0	Inf
GLYCAtex_f	ac_c	-0.0	-3.468948048133825	1.8938255932680172	-0.0	0.0
GLYCAtex_f	acald_c	-0.0	-3.468948048133825	1.514728646773923	-0.0	0.0
GLYCAtex_f	acetol_c	-0.0	0.0	0.0	Inf	Inf
GLYCAtex_f	acgam_c	-0.0	-0.0772608096935145	0.0	-0.0	Inf
GLYCAtex_f	acgam6p_c	-0.0	-0.0772608096935145	0.0	-0.0	Inf
GLYCAtex_f	acmalt_c	0.0	0.0	0.0	Inf	Inf
GLYCAtex_f	acmana_c	-0.0	-0.0772608096935145	0.0	-0.0	Inf
GLYCAtex_f	2dmmq8_c	-0.0	0.0	0.0	Inf	Inf
GLYCAtex_f	2dmmql8_c	0.0	0.0	0.0	Inf	Inf
GLYCAtex_f	ade_c	-0.0	-0.08929785544523838	0.0005502976560422842	-0.0	0.0
GLYCAtex_f	adn_c	-0.0	0.0	0.0005502976560422842	Inf	0.0
GLYCAtex_f	3sala_c	0.0	0.0	0.0	Inf	Inf
GLYCAtex_f	adphep_DD_c	-0.0	0.0	0.0	Inf	Inf
GLYCAtex_f	adphep_LD_c	-0.0	0.0	0.0	Inf	Inf
GLYCAtex_f	4ahmmp_c	0.0	0.0	0.0	Inf	Inf
GLYCAtex_f	4crsol_c	-0.0	-999.9998176576861	0.00018234231396213802	-0.0	0.0
GLYCAtex_f	2ohph_c	-0.0	-0.00018234231396213802	0.05930145708846452	-0.0	0.0
GLYCAtex_f	2ombzl_c	-0.0	0.0	0.0	Inf	Inf
GLYCAtex_f	2omhmbl_c	-0.0	0.0	0.0	Inf	Inf
GLYCAtex_f	2ommbl_c	0.0	0.0	0.0	Inf	Inf
GLYCAtex_f	2omph_c	-0.0	0.0	0.05317502772024803	Inf	0.0
GLYCAtex_f	4mhetz_c	0.0	0.0	0.0	Inf	Inf
GLYCAtex_f	2oph_c	-0.0	-0.00018234231396213802	0.05930145708846452	-0.0	0.0
GLYCAtex_f	2oxpaccoa_c	-0.0	-0.00047098283630475635	0.0	-0.0	Inf
GLYCAtex_f	all__D_c	-0.0	-9.788459214165984	0.0	-0.0	Inf
GLYCAtex_f	alltn_c	-0.0	-1.8782550270140064	0.0	-0.0	Inf
GLYCAtex_f	4r5au_c	-0.0	-0.0003646846271294635	0.34425651063043694	-0.0	0.0
GLYCAtex_f	56dura_c	0.0	0.0	0.0	Inf	Inf
GLYCAtex_f	arab__L_c	-0.0	-9.788459214165984	0.0	-0.0	Inf
GLYCAtex_f	etoh_c	-0.0	-1000.0	0.0	-0.0	Inf
GLYCAtex_f	csn_c	-0.0	0.0	0.1479221359056737	Inf	0.0
GLYCAtex_f	fald_c	-0.0	0.0	0.0	Inf	Inf
GLYCAtex_f	fc1p_c	-0.0	0.0	0.0	Inf	Inf
GLYCAtex_f	fcl__L_c	-0.0	0.0	0.0	Inf	Inf
GLYCAtex_f	aso4_c	0.0	0.0	0.0	Inf	Inf
GLYCAtex_f	cyan_c	0.0	0.0	0.0	Inf	Inf
GLYCAtex_f	athtp_c	0.0	0.0	0.0	Inf	Inf
GLYCAtex_f	cytd_c	-0.0	-0.13125784730390297	0.0	-0.0	Inf
GLYCAtex_f	dad_2_c	-0.0	-0.08929785544523838	0.0	-0.0	Inf
GLYCAtex_f	dad_5_c	-0.0	-0.08929785544523838	0.00018397767103803164	-0.0	0.0
GLYCAtex_f	betald_c	0.0	0.0	0.0	Inf	Inf
GLYCAtex_f	btal_c	-0.0	-531.4072745448949	0.0	-0.0	Inf
GLYCAtex_f	for_c	-0.0	-0.08929785544523838	0.0020057654510300432	-0.0	0.0
GLYCAtex_f	dcyt_c	-0.0	-0.021395376623916156	0.0	-0.0	Inf
GLYCAtex_f	fru_c	-0.0	-9.788459214165984	0.0	-0.0	Inf
GLYCAtex_f	ca2_c	-0.0	-0.004256016790009198	999.99574398321	-0.0	0.0
GLYCAtex_f	g3pe_c	-0.0	-0.7887580657223907	0.0	-0.0	Inf
GLYCAtex_f	g3pi_c	0.0	0.0	0.0	Inf	Inf
GLYCAtex_f	cbm_c	-0.0	-3.7565100540280127	0.0	-0.0	Inf
GLYCAtex_f	dha_c	-0.0	-88.56787909081582	1.262273872311602	-0.0	0.0
GLYCAtex_f	gal_c	-0.0	0.0	0.0	Inf	Inf
GLYCAtex_f	dhgly_c	-0.0	-0.00018234231396213802	0.22851509757365213	-0.0	0.0
GLYCAtex_f	dhmptp_c	0.0	0.0	0.0	Inf	Inf
GLYCAtex_f	gcald_c	-0.0	-2.4198035227002297	0.0005470269417173768	-0.0	0.0
GLYCAtex_f	dhptd_c	-0.0	-52.030312965478515	0.0003663199850042526	-0.0	0.0
GLYCAtex_f	cechddd_c	-0.0	0.0	0.0	Inf	Inf
GLYCAtex_f	dhptdn_c	0.0	0.0	0.0	Inf	Inf
GLYCAtex_f	chol_c	0.0	0.0	0.0	Inf	Inf
GLYCAtex_f	chtbs6p_c	-0.0	0.0	0.0	Inf	Inf
GLYCAtex_f	dmbzid_c	0.0	0.0	0.0	Inf	Inf
GLYCAtex_f	dms_c	0.0	0.0	0.0	Inf	Inf
GLYCAtex_f	dmso_c	0.0	0.0	0.0	Inf	Inf
GLYCAtex_f	cl_c	-0.0	-0.004256016790009198	999.99574398321	-0.0	0.0
GLYCAtex_f	glc__D_c	-0.0	-9.788459214165984	0.0	-0.0	Inf
GLYCAtex_f	co2_c	-0.0	-985.5643842494744	14.435615750525585	-0.0	0.0
GLYCAtex_f	dscl_c	-0.0	-0.00018234231396213802	0.06553214170220927	-0.0	0.0
GLYCAtex_f	dtdp4aaddg_c	-0.0	0.0	0.0	Inf	Inf
GLYCAtex_f	glyald_c	-0.0	-1000.0	0.0	-0.0	Inf
GLYCAtex_f	crn_c	-0.0	-1000.0	0.0	-0.0	Inf
GLYCAtex_f	duri_c	-0.0	-0.021395376623916156	0.0	-0.0	Inf
GLYCAtex_f	glyb_c	0.0	0.0	0.0	Inf	Inf
GLYCAtex_f	glyc_c	-0.0	-75.915324934985	1.0819490334099446	-0.0	0.0
GLYCAtex_f	dxyl_c	0.0	0.0	0.0	Inf	Inf
GLYCAtex_f	glycogen_c	-0.0	-9.788459214165984	0.0	-0.0	Inf
GLYCAtex_f	gmhep1p_c	-0.0	0.0	0.4954719872624981	Inf	0.0
GLYCAtex_f	lipa_cold_c	-0.0	0.0	0.0	Inf	Inf
GLYCAtex_f	lipidA_c	-0.0	-0.015908753634278128	0.039921312226722364	-0.0	0.0
GLYCAtex_f	malt_c	0.0	0.0	0.0	Inf	Inf
GLYCAtex_f	h2_c	-0.0	0.0	0.0	Inf	Inf
GLYCAtex_f	malthx_c	-0.0	0.0	0.0	Inf	Inf
GLYCAtex_f	maltpt_c	-0.0	0.0	0.0	Inf	Inf
GLYCAtex_f	malttr_c	-0.0	0.0	0.0	Inf	Inf
GLYCAtex_f	maltttr_c	-0.0	0.0	0.0	Inf	Inf
GLYCAtex_f	h2o2_c	-0.0	-0.0013295453020301076	0.8519286388548153	-0.0	0.0
GLYCAtex_f	man_c	-0.0	0.0	0.0	Inf	Inf
GLYCAtex_f	mdhdhf_c	-0.0	-52.030312965478515	0.0003663199850042526	-0.0	0.0
GLYCAtex_f	melib_c	-0.0	0.0	0.0	Inf	Inf
GLYCAtex_f	meoh_c	-0.0	-999.9999983646429	1.6353570799765293e-06	-0.0	0.0
GLYCAtex_f	pacald_c	-0.0	-1000.0	0.0	-0.0	Inf
GLYCAtex_f	metsox_S__L_c	-0.0	-0.08929785544523838	0.0	-0.0	Inf
GLYCAtex_f	mg2_c	-0.0	-0.007093361316688553	999.9929066386833	-0.0	0.0
GLYCAtex_f	hhlipa_c	-0.0	0.0	0.0	Inf	Inf
GLYCAtex_f	pe120_c	-0.0	-0.06363501453717232	0.0	-0.0	Inf
GLYCAtex_f	mobd_c	-0.0	-0.00010548053137426905	13.25387565927182	-0.0	0.0
GLYCAtex_f	hlipa_c	-0.0	0.0	0.0	Inf	Inf
GLYCAtex_f	pg120_c	-0.0	-0.06363501453717232	0.0	-0.0	Inf
GLYCAtex_f	mql8_c	0.0	0.0	0.0	Inf	Inf
GLYCAtex_f	mqn8_c	-0.0	0.0	0.0	Inf	Inf
GLYCAtex_f	mthgxl_c	-0.0	0.0	0.0	Inf	Inf
GLYCAtex_f	hqn_c	0.0	0.0	0.0	Inf	Inf
GLYCAtex_f	mththf_c	-0.0	-999.999633680015	0.0003663199850042526	-0.0	0.0
GLYCAtex_f	n2o_c	-0.0	-1000.0	0.0	-0.0	Inf
GLYCAtex_f	na1_c	-0.0	0.0	0.0	Inf	Inf
GLYCAtex_f	nac_c	-0.0	0.0	0.0	Inf	Inf
GLYCAtex_f	ncam_c	-0.0	0.0	0.0	Inf	Inf
GLYCAtex_f	ni2_c	-0.0	-0.0002641101677568187	999.9997358898322	-0.0	0.0
GLYCAtex_f	no_c	-0.0	-1000.0	0.0	-0.0	Inf
GLYCAtex_f	indole_c	-0.0	-0.046479301132510364	0.36064967780331497	-0.0	0.0
GLYCAtex_f	no2_c	-0.0	-1000.0	0.0	-0.0	Inf
GLYCAtex_f	no3_c	0.0	0.0	0.0	Inf	Inf
GLYCAtex_f	inost_c	0.0	0.0	0.0	Inf	Inf
GLYCAtex_f	o2_c	-0.0	-20.69076661232191	979.3092333876781	-0.0	0.0
GLYCAtex_f	poaac_c	-0.0	-4.078115587468252	0.0	-0.0	Inf
GLYCAtex_f	ppal_c	-0.0	0.0	0.0	Inf	Inf
GLYCAtex_f	k_c	-0.0	-0.15960512685740014	53.01550263708728	-0.0	0.0
GLYCAtex_f	psclys_c	-0.0	0.0	0.0	Inf	Inf
GLYCAtex_f	lald__D_c	-0.0	0.0	0.0	Inf	Inf
GLYCAtex_f	lald__L_c	-0.0	0.0	0.0	Inf	Inf
GLYCAtex_f	ura_c	-0.0	-0.021395376623916156	0.0	-0.0	Inf
GLYCAtex_f	pydx_c	-0.0	0.0	0.4531239541631393	Inf	0.0
GLYCAtex_f	uracp_c	-0.0	-4.415800988453839	0.0	-0.0	Inf
GLYCAtex_f	pydxn_c	-0.0	0.0	0.4275443761055427	Inf	0.0
GLYCAtex_f	urate_c	-0.0	-0.0013295453020301076	0.0	-0.0	Inf
GLYCAtex_f	q8_c	-0.0	0.0	0.0	Inf	Inf
GLYCAtex_f	q8h2_c	0.0	0.0	0.0	Inf	Inf
GLYCAtex_f	urea_c	-0.0	0.0	2.5245477446232054	Inf	0.0
GLYCAtex_f	uri_c	-0.0	0.0	0.0	Inf	Inf
GLYCAtex_f	rbflvrd_c	-0.0	0.0	0.04464892772261919	Inf	0.0
GLYCAtex_f	rbl__L_c	-0.0	-9.788459214165984	0.0	-0.0	Inf
GLYCAtex_f	rdmbzi_c	0.0	0.0	0.0	Inf	Inf
GLYCAtex_f	thptdn_c	0.0	0.0	0.0	Inf	Inf
GLYCAtex_f	xan_c	-0.0	-0.08929785544523838	0.0	-0.0	Inf
GLYCAtex_f	rephaccoa_c	-0.0	-0.00047098283630475635	0.0	-0.0	Inf
GLYCAtex_f	rib__D_c	-0.0	0.0	0.0	Inf	Inf
GLYCAtex_f	xtsn_c	-0.0	0.0	0.0	Inf	Inf
GLYCAtex_f	rml_c	-0.0	0.0	0.0	Inf	Inf
GLYCAtex_f	thym_c	-0.0	-53.01550263708728	0.0	-0.0	Inf
GLYCAtex_f	thymd_c	-0.0	0.0	0.3534366842472486	Inf	0.0
GLYCAtex_f	xu5p__L_c	-0.0	-0.7887580657223907	0.0	-0.0	Inf
GLYCAtex_f	rmn_c	-0.0	0.0	0.0	Inf	Inf
GLYCAtex_f	xyl__D_c	0.0	0.0	0.0	Inf	Inf
GLYCAtex_f	tmao_c	0.0	0.0	0.0	Inf	Inf
GLYCAtex_f	xylu__D_c	-0.0	0.0	0.0	Inf	Inf
GLYCAtex_f	xylu__L_c	-0.0	-9.788459214165984	0.0	-0.0	Inf
GLYCAtex_f	12ppd__R_e	-0.0	-1000.0	0.0	-0.0	Inf
GLYCAtex_f	12ppd__S_e	-0.0	-1000.0	0.0	-0.0	Inf
GLYCAtex_f	tre_c	-0.0	-4.894229607082992	0.0	-0.0	Inf
GLYCAtex_f	seln_c	0.0	0.0	0.0	Inf	Inf
GLYCAtex_f	34dhpac_e	-0.0	-1000.0	0.0	-0.0	Inf
GLYCAtex_f	slnt_c	0.0	0.0	0.0	Inf	Inf
GLYCAtex_f	so2_c	0.0	0.0	0.0	Inf	Inf
GLYCAtex_f	so3_c	-0.0	-0.20267961455629485	2.650775131854364	-0.0	0.0
GLYCAtex_f	so4_c	-0.0	-0.2062267040539081	53.01550263708728	-0.0	0.0
GLYCAtex_f	4hoxpacd_e	-0.0	-1000.0	0.0	-0.0	Inf
GLYCAtex_f	5mtr_e	-0.0	0.0	0.0	Inf	Inf
GLYCAtex_f	LalaDgluMdap_e	-0.0	-1000.0	0.0	-0.0	Inf
GLYCAtex_f	ac_e	-0.0	0.0	0.0	Inf	Inf
GLYCAtex_f	acald_e	-0.0	-1000.0	0.0	-0.0	Inf
GLYCAtex_f	acgal_e	-0.0	-1000.0	0.0	-0.0	Inf
GLYCAtex_f	acgam_e	-0.0	-1000.0	0.0	-0.0	Inf
GLYCAtex_f	acmana_e	-0.0	-1000.0	0.0	-0.0	Inf
GLYCAtex_f	tagur_c	-0.0	0.0	0.0	Inf	Inf
GLYCAtex_f	tartr__L_c	-0.0	-2.4198035227002297	0.0	-0.0	Inf
GLYCAtex_f	ade_e	-0.0	-1000.0	0.0	-0.0	Inf
GLYCAtex_f	adn_e	-0.0	-1000.0	0.0	-0.0	Inf
GLYCAtex_f	all__D_e	-0.0	-1000.0	0.0	-0.0	Inf
GLYCAtex_f	cl_e	-0.0	-0.004256016790009198	999.99574398321	-0.0	0.0
GLYCAtex_f	alltn_e	-0.0	0.0	0.0	Inf	Inf
GLYCAtex_f	cm_e	-0.0	-1000.0	0.0	-0.0	Inf
GLYCAtex_f	co2_e	-0.0	-985.5643842494744	14.435615750525585	-0.0	0.0
GLYCAtex_f	arab__L_e	-0.0	-1000.0	0.0	-0.0	Inf
GLYCAtex_f	arbt_e	-0.0	-1000.0	0.0	-0.0	Inf
GLYCAtex_f	unagamu_c	-0.0	0.0	0.04031597158713862	Inf	0.0
GLYCAtex_f	crn_e	-0.0	-1000.0	0.0	-0.0	Inf
GLYCAtex_f	csn_e	-0.0	-1000.0	0.0	-0.0	Inf
GLYCAtex_f	cyan_e	-0.0	-1000.0	0.0	-0.0	Inf
GLYCAtex_f	glyb_e	-0.0	-1000.0	0.0	-0.0	Inf
GLYCAtex_f	glyc_e	-0.0	-75.915324934985	1.0819490334099446	-0.0	0.0
GLYCAtex_f	cytd_e	-0.0	-1000.0	0.0	-0.0	Inf
GLYCAtex_f	ca2_e	-0.0	-0.004256016790009198	999.99574398321	-0.0	0.0
GLYCAtex_f	dad_2_e	-0.0	-1000.0	0.0	-0.0	Inf
GLYCAtex_f	dcyt_e	-0.0	-1000.0	0.0	-0.0	Inf
GLYCAtex_f	chol_e	-0.0	-1000.0	0.0	-0.0	Inf
GLYCAtex_f	dha_e	-0.0	-1000.0	0.0	-0.0	Inf
GLYCAtex_f	ppal_e	-0.0	-1000.0	0.0	-0.0	Inf
GLYCAtex_f	h2_e	-0.0	-1000.0	0.0	-0.0	Inf
GLYCAtex_f	dms_e	-0.0	-1000.0	0.0	-0.0	Inf
GLYCAtex_f	dmso_e	-0.0	-1000.0	0.0	-0.0	Inf
GLYCAtex_f	h2o2_e	-0.0	-1000.0	0.0	-0.0	Inf
GLYCAtex_f	psclys_e	-0.0	-1000.0	0.0	-0.0	Inf
GLYCAtex_f	duri_e	-0.0	-1000.0	0.0	-0.0	Inf
GLYCAtex_f	pydx_e	-0.0	-1000.0	0.0	-0.0	Inf
GLYCAtex_f	pydxn_e	-0.0	-1000.0	0.0	-0.0	Inf
GLYCAtex_f	etoh_e	-0.0	-1000.0	0.0	-0.0	Inf
GLYCAtex_f	fald_e	-0.0	0.0	0.0	Inf	Inf
GLYCAtex_f	rib__D_e	-0.0	-1000.0	0.0	-0.0	Inf
GLYCAtex_f	rmn_e	-0.0	-1000.0	0.0	-0.0	Inf
GLYCAtex_f	indole_e	-0.0	-1000.0	0.0	-0.0	Inf
GLYCAtex_f	inost_e	-0.0	-1000.0	0.0	-0.0	Inf
GLYCAtex_f	sbt__D_e	-0.0	-4.145120364818581	0.0	-0.0	Inf
GLYCAtex_f	k_e	-0.0	-0.15960512685740014	999.8403948731426	-0.0	0.0
GLYCAtex_f	for_e	-0.0	0.0	0.0020057654510300432	Inf	0.0
GLYCAtex_f	slnt_e	-0.0	0.0	1000.0	Inf	0.0
GLYCAtex_f	fru_e	-0.0	-1000.0	0.0	-0.0	Inf
GLYCAtex_f	so2_e	-0.0	-1000.0	0.0	-0.0	Inf
GLYCAtex_f	so3_e	-0.0	-1000.0	0.0	-0.0	Inf
GLYCAtex_f	so4_e	-0.0	-0.20622670405396093	999.793773295946	-0.0	0.0
GLYCAtex_f	lipa_cold_e	-0.0	-1000.0	0.0	-0.0	Inf
GLYCAtex_f	sucr_e	-0.0	-1000.0	0.0	-0.0	Inf
GLYCAtex_f	g3pe_e	-0.0	-1000.0	0.0	-0.0	Inf
GLYCAtex_f	malt_e	-0.0	-1000.0	0.0	-0.0	Inf
GLYCAtex_f	tartr__L_e	-0.0	-1000.0	0.0	-0.0	Inf
GLYCAtex_f	g3pi_e	-0.0	-1000.0	0.0	-0.0	Inf
GLYCAtex_f	malthx_e	-0.0	-1000.0	0.0	-0.0	Inf
GLYCAtex_f	maltpt_e	-0.0	-1000.0	0.0	-0.0	Inf
GLYCAtex_f	gal_e	-0.0	-1000.0	0.0	-0.0	Inf
GLYCAtex_f	gal_bD_e	-0.0	-1000.0	0.0	-0.0	Inf
GLYCAtex_f	malttr_e	-0.0	-1000.0	0.0	-0.0	Inf
GLYCAtex_f	maltttr_e	-0.0	-1000.0	0.0	-0.0	Inf
GLYCAtex_f	man_e	-0.0	-1000.0	0.0	-0.0	Inf
GLYCAtex_f	thym_e	-0.0	-1000.0	0.0	-0.0	Inf
GLYCAtex_f	thymd_e	-0.0	-1000.0	0.0	-0.0	Inf
GLYCAtex_f	galt_e	-0.0	-4.145120364818581	0.0	-0.0	Inf
GLYCAtex_f	melib_e	-0.0	-1000.0	0.0	-0.0	Inf
GLYCAtex_f	meoh_e	-0.0	-999.9999983646429	1.6353570799765293e-06	-0.0	0.0
GLYCAtex_f	tmao_e	-0.0	-1000.0	0.0	-0.0	Inf
GLYCAtex_f	tre_e	-0.0	-1000.0	0.0	-0.0	Inf
GLYCAtex_f	metsox_S__L_e	-0.0	-1000.0	0.0	-0.0	Inf
GLYCAtex_f	glc__D_e	-0.0	-1000.0	0.0	-0.0	Inf
GLYCAtex_f	mg2_e	-0.0	-0.007093361316719893	999.9929066386833	-0.0	0.0
GLYCAtex_f	mnl_e	-0.0	-1000.0	0.0	-0.0	Inf
GLYCAtex_f	mobd_e	-0.0	-0.00010548053137426905	999.9998945194686	-0.0	0.0
GLYCAtex_f	glyald_e	-0.0	-1000.0	0.0	-0.0	Inf
GLYCAtex_f	n2o_e	-0.0	-1000.0	0.0	-0.0	Inf
GLYCAtex_f	na1_e	-0.0	0.0	1000.0	Inf	0.0
GLYCAtex_f	nac_e	-0.0	-1000.0	0.0	-0.0	Inf
GLYCAtex_f	ni2_e	-0.0	-0.0002641101677909319	999.9997358898322	-0.0	0.0
GLYCAtex_f	no_e	-0.0	-1000.0	0.0	-0.0	Inf
GLYCAtex_f	no2_e	-0.0	-1000.0	0.0	-0.0	Inf
GLYCAtex_f	ura_e	-0.0	-1000.0	0.0	-0.0	Inf
GLYCAtex_f	no3_e	-0.0	-1000.0	0.0	-0.0	Inf
GLYCAtex_f	urea_e	-0.0	-1000.0	0.0	-0.0	Inf
GLYCAtex_f	novbcn_e	-0.0	-1000.0	0.0	-0.0	Inf
GLYCAtex_f	uri_e	-0.0	-1000.0	0.0	-0.0	Inf
GLYCAtex_f	o2_e	-0.0	-20.69076661232191	979.3092333876781	-0.0	0.0
GLYCAtex_f	xan_e	-0.0	0.0	0.0	Inf	Inf
GLYCAtex_f	xtsn_e	-0.0	-1000.0	0.0	-0.0	Inf
GLYCAtex_f	xyl__D_e	-0.0	-1000.0	0.0	-0.0	Inf
GLYCAtex_f	xylu__L_e	-0.0	-1000.0	0.0	-0.0	Inf
GLYCAtex_f	pacald_e	-0.0	-1000.0	0.0	-0.0	Inf
GLYCAtex_f	12dgr120_p	-0.0	0.0	0.0	Inf	Inf
GLYCAtex_f	12dgr140_p	-0.0	0.0	0.0	Inf	Inf
GLYCAtex_f	12dgr160_p	-0.0	0.0	0.0	Inf	Inf
GLYCAtex_f	12dgr180_p	-0.0	0.0	0.0	Inf	Inf
GLYCAtex_f	12ppd__R_p	-0.0	-1000.0	0.0	-0.0	Inf
GLYCAtex_f	12ppd__S_p	-0.0	0.0	0.0	Inf	Inf
GLYCAtex_f	chol_p	-0.0	-1000.0	0.0	-0.0	Inf
GLYCAtex_f	cl_p	-0.0	-0.004256016790009198	999.99574398321	-0.0	0.0
GLYCAtex_f	34dhpac_p	-0.0	-1000.0	0.0	-0.0	Inf
GLYCAtex_f	cm_p	-0.0	0.0	0.0	Inf	Inf
GLYCAtex_f	4hoxpacd_p	-0.0	-1000.0	0.0	-0.0	Inf
GLYCAtex_f	co2_p	-0.0	-985.5643842494744	14.435615750525585	-0.0	0.0
GLYCAtex_f	5mtr_p	-0.0	0.0	0.0	Inf	Inf
GLYCAtex_f	LalaDgluMdap_p	-0.0	0.0	0.0	Inf	Inf
GLYCAtex_f	gal_p	-0.0	-1000.0	0.0	-0.0	Inf
GLYCAtex_f	ac_p	-0.0	-3.468948048133825	0.0	-0.0	Inf
GLYCAtex_f	crn_p	-0.0	-1000.0	0.0	-0.0	Inf
GLYCAtex_f	gal_bD_p	-0.0	-1000.0	0.0	-0.0	Inf
GLYCAtex_f	acald_p	-0.0	-1000.0	0.0	-0.0	Inf
GLYCAtex_f	acgal_p	-0.0	-1000.0	0.0	-0.0	Inf
GLYCAtex_f	csn_p	-0.0	0.0	0.0	Inf	Inf
GLYCAtex_f	acgam_p	-0.0	-1000.0	0.0	-0.0	Inf
GLYCAtex_f	galt_p	-0.0	-4.145120364818581	0.0	-0.0	Inf
GLYCAtex_f	acmana_p	-0.0	-1000.0	0.0	-0.0	Inf
GLYCAtex_f	cyan_p	-0.0	0.0	0.0	Inf	Inf
GLYCAtex_f	ade_p	-0.0	-1000.0	0.0	-0.0	Inf
GLYCAtex_f	adn_p	-0.0	0.0	0.0005502976560422842	Inf	0.0
GLYCAtex_f	cytd_p	-0.0	-0.13125784730390297	0.0	-0.0	Inf
GLYCAtex_f	glc__D_p	-0.0	-1000.0	0.0	-0.0	Inf
GLYCAtex_f	dad_2_p	-0.0	-1000.0	0.0	-0.0	Inf
GLYCAtex_f	dcyt_p	-0.0	-1000.0	0.0	-0.0	Inf
GLYCAtex_f	all__D_p	-0.0	0.0	0.0	Inf	Inf
GLYCAtex_f	alltn_p	-0.0	0.0	0.0	Inf	Inf
GLYCAtex_f	dha_p	-0.0	-1000.0	0.0	-0.0	Inf
GLYCAtex_f	glyald_p	-0.0	-1000.0	0.0	-0.0	Inf
GLYCAtex_f	glyb_p	0.0	0.0	0.0	Inf	Inf
GLYCAtex_f	dms_p	-0.0	-1000.0	0.0	-0.0	Inf
GLYCAtex_f	glyc_p	-0.0	-75.915324934985	1.0819490334099446	-0.0	0.0
GLYCAtex_f	dmso_p	-0.0	-1000.0	0.0	-0.0	Inf
GLYCAtex_f	arab__L_p	-0.0	0.0	0.0	Inf	Inf
GLYCAtex_f	arbt_p	0.0	0.0	0.0	Inf	Inf
GLYCAtex_f	ca2_p	-0.0	-0.004256016790009198	999.99574398321	-0.0	0.0
GLYCAtex_f	duri_p	-0.0	-1000.0	0.0	-0.0	Inf
GLYCAtex_f	h2_p	-0.0	-1000.0	0.0	-0.0	Inf
GLYCAtex_f	h2o2_p	-0.0	-1000.0	0.0	-0.0	Inf
GLYCAtex_f	etoh_p	-0.0	-1000.0	0.0	-0.0	Inf
GLYCAtex_f	fald_p	-0.0	0.0	0.0	Inf	Inf
GLYCAtex_f	n2o_p	-0.0	-1000.0	0.0	-0.0	Inf
GLYCAtex_f	na1_p	-0.0	0.0	0.0	Inf	Inf
GLYCAtex_f	indole_p	-0.0	0.0	0.3631198810759404	Inf	0.0
GLYCAtex_f	nac_p	-0.0	-1000.0	0.0	-0.0	Inf
GLYCAtex_f	ni2_p	-0.0	-0.0002641101677909319	999.9997358898322	-0.0	0.0
GLYCAtex_f	inost_p	-0.0	-1000.0	0.0	-0.0	Inf
GLYCAtex_f	no_p	-0.0	-1000.0	0.0	-0.0	Inf
GLYCAtex_f	no2_p	-0.0	-1000.0	0.0	-0.0	Inf
GLYCAtex_f	for_p	-0.0	0.0	0.0020057654510300432	Inf	0.0
GLYCAtex_f	fru_p	-0.0	-1000.0	0.0	-0.0	Inf
GLYCAtex_f	no3_p	-0.0	0.0	0.0	Inf	Inf
GLYCAtex_f	k_p	-0.0	-0.15960512685740014	999.8403948731426	-0.0	0.0
GLYCAtex_f	novbcn_p	-0.0	0.0	0.0	Inf	Inf
GLYCAtex_f	o2_p	-0.0	-20.69076661232191	979.3092333876781	-0.0	0.0
GLYCAtex_f	lipa_cold_p	-0.0	-13.25387565927182	0.0	-0.0	Inf
GLYCAtex_f	g3pe_p	-0.0	0.0	0.0	Inf	Inf
GLYCAtex_f	g3pi_p	-0.0	0.0	0.0	Inf	Inf
GLYCAtex_f	so3_p	-0.0	-1000.0	0.0	-0.0	Inf
GLYCAtex_f	so4_p	-0.0	-0.2062267040539081	999.793773295946	-0.0	0.0
GLYCAtex_f	malt_p	0.0	0.0	0.0	Inf	Inf
GLYCAtex_f	malthx_p	0.0	0.0	0.0	Inf	Inf
GLYCAtex_f	maltpt_p	0.0	0.0	0.0	Inf	Inf
GLYCAtex_f	sucr_p	-0.0	-1000.0	0.0	-0.0	Inf
GLYCAtex_f	malttr_p	0.0	0.0	0.0	Inf	Inf
GLYCAtex_f	maltttr_p	0.0	0.0	0.0	Inf	Inf
GLYCAtex_f	pacald_p	-0.0	-1000.0	0.0	-0.0	Inf
GLYCAtex_f	man_p	-0.0	-1000.0	0.0	-0.0	Inf
GLYCAtex_f	tartr__L_p	-0.0	-1000.0	0.0	-0.0	Inf
GLYCAtex_f	pe120_p	-0.0	-0.06363501453717232	0.0	-0.0	Inf
GLYCAtex_f	melib_p	-0.0	-1000.0	0.0	-0.0	Inf
GLYCAtex_f	meoh_p	-0.0	-999.9999983646429	1.6353570799765293e-06	-0.0	0.0
GLYCAtex_f	thym_p	-0.0	-1000.0	0.0	-0.0	Inf
GLYCAtex_f	thymd_p	-0.0	0.0	0.0	Inf	Inf
GLYCAtex_f	pg120_p	-0.0	-0.06363501453717232	0.0	-0.0	Inf
GLYCAtex_f	metsox_S__L_p	-0.0	-1000.0	0.0	-0.0	Inf
GLYCAtex_f	tmao_p	-0.0	-1000.0	0.0	-0.0	Inf
GLYCAtex_f	mg2_p	-0.0	-0.007093361316688553	999.9929066386833	-0.0	0.0
GLYCAtex_f	tre_p	-0.0	0.0	0.0	Inf	Inf
GLYCAtex_f	mnl_p	-0.0	0.0	0.0	Inf	Inf
GLYCAtex_f	mobd_p	-0.0	-0.00010548053137426905	999.9998945194686	-0.0	0.0
GLYCAtex_f	ura_p	-0.0	-1000.0	0.0	-0.0	Inf
GLYCAtex_f	urea_p	-0.0	0.0	2.5245477446232054	Inf	0.0
GLYCAtex_f	uri_p	-0.0	0.0	0.0	Inf	Inf
GLYCAtex_f	xan_p	-0.0	-0.08929785544523838	0.0	-0.0	Inf
GLYCAtex_f	xtsn_p	-0.0	0.0	0.0	Inf	Inf
GLYCAtex_f	xyl__D_p	-0.0	0.0	0.0	Inf	Inf
GLYCAtex_f	xylu__L_p	-0.0	-1000.0	0.0	-0.0	Inf
GLYCAtex_f	ppal_p	-0.0	-1000.0	0.0	-0.0	Inf
GLYCAtex_f	psclys_p	-0.0	-1000.0	0.0	-0.0	Inf
GLYCAtex_f	pydx_p	-0.0	0.0	0.0	Inf	Inf
GLYCAtex_f	pydxn_p	-0.0	0.0	0.0	Inf	Inf
GLYCAtex_f	rib__D_p	-0.0	-1000.0	0.0	-0.0	Inf
GLYCAtex_f	rmn_p	-0.0	-1000.0	0.0	-0.0	Inf
GLYCAtex_f	sbt__D_p	-0.0	-4.145120364818581	0.0	-0.0	Inf
GLYCAtex_f	slnt_p	-0.0	0.0	0.0	Inf	Inf
GLYCAtex_f	so2_p	-0.0	-1000.0	0.0	-0.0	Inf
