Reaction	Metabolite	ShadowPrice	G-	G+	DecrementalShadowPrice	IncrementalShadowPrice
HCYSMT2	12dgr120_c	-0.0	0.0	0.0	Inf	Inf
HCYSMT2	12dgr140_c	-0.0	0.0	0.0	Inf	Inf
HCYSMT2	12dgr160_c	-0.0	-0.017586185450253727	0.0	-0.0	Inf
HCYSMT2	12dgr180_c	-0.0	0.0	0.0	Inf	Inf
HCYSMT2	12ppd__R_c	-0.0	-1000.0	0.0	-0.0	Inf
HCYSMT2	12ppd__S_c	-0.0	0.0	0.0	Inf	Inf
HCYSMT2	5drib_c	-0.0	-999.9998163157726	0.0001836842274403406	-0.0	0.0
HCYSMT2	5mta_c	-0.0	0.0	0.0	Inf	Inf
HCYSMT2	23dhacoa_c	-0.0	-0.000470231622330175	0.0	-0.0	Inf
HCYSMT2	5mtr_c	-0.0	0.0	0.0	Inf	Inf
HCYSMT2	3amac_c	-0.0	-7.501036873177419	0.0	-0.0	Inf
HCYSMT2	LalaDgluMdap_c	-0.0	-0.02268541027605416	0.0	-0.0	Inf
HCYSMT2	ac_c	-0.0	-0.546524532454039	0.4756000999345815	-0.0	0.0
HCYSMT2	acald_c	-0.0	0.0	1.7566172323819274	Inf	0.0
HCYSMT2	acetol_c	-0.0	0.0	0.0	Inf	Inf
HCYSMT2	acgam_c	-0.0	-0.07713757903289803	0.0	-0.0	Inf
HCYSMT2	acgam6p_c	-0.0	-0.07713757903289803	0.0	-0.0	Inf
HCYSMT2	acmalt_c	0.0	0.0	0.0	Inf	Inf
HCYSMT2	acmana_c	-0.0	-0.07713757903289803	0.0	-0.0	Inf
HCYSMT2	2dmmq8_c	-0.0	0.0	0.0	Inf	Inf
HCYSMT2	2dmmql8_c	0.0	0.0	0.0	Inf	Inf
HCYSMT2	ade_c	-0.0	-0.09115799202163548	0.0005494199335934765	-0.0	0.0
HCYSMT2	adn_c	-0.0	0.0	0.0005494199335934765	Inf	0.0
HCYSMT2	3sala_c	0.0	0.0	0.0	Inf	Inf
HCYSMT2	adphep_DD_c	-0.0	0.0	0.0	Inf	Inf
HCYSMT2	adphep_LD_c	-0.0	0.0	0.0	Inf	Inf
HCYSMT2	4ahmmp_c	0.0	0.0	0.0	Inf	Inf
HCYSMT2	4crsol_c	-0.0	-999.9998179485212	0.00018205147875198204	-0.0	0.0
HCYSMT2	2ohph_c	-0.0	-0.00018205147875198204	0.06057300801316991	-0.0	0.0
HCYSMT2	2ombzl_c	-0.0	0.0	0.0	Inf	Inf
HCYSMT2	2omhmbl_c	-0.0	0.0	0.0	Inf	Inf
HCYSMT2	2ommbl_c	0.0	0.0	0.0	Inf	Inf
HCYSMT2	2omph_c	-0.0	0.0	0.053230825223694794	Inf	0.0
HCYSMT2	4mhetz_c	0.0	0.0	0.0	Inf	Inf
HCYSMT2	2oph_c	-0.0	-0.00018205147875198204	0.06057300801316991	-0.0	0.0
HCYSMT2	2oxpaccoa_c	-0.0	-0.000470231622330175	0.0	-0.0	Inf
HCYSMT2	all__D_c	-0.0	-0.14801706087296887	0.0	-0.0	Inf
HCYSMT2	alltn_c	-0.0	-0.5920682434918755	0.0	-0.0	Inf
HCYSMT2	4r5au_c	-0.0	-0.00036410295773895964	0.2927695387303213	-0.0	0.0
HCYSMT2	56dura_c	0.0	0.0	0.0	Inf	Inf
HCYSMT2	arab__L_c	-0.0	-0.17762047304756265	0.0	-0.0	Inf
HCYSMT2	etoh_c	-0.0	-1000.0	0.0	-0.0	Inf
HCYSMT2	csn_c	-0.0	0.0	0.12563021507708072	Inf	0.0
HCYSMT2	fald_c	-0.0	0.0	0.0	Inf	Inf
HCYSMT2	fc1p_c	-0.0	-0.12464594599828957	0.0	-0.0	Inf
HCYSMT2	fcl__L_c	-0.0	0.0	0.0	Inf	Inf
HCYSMT2	aso4_c	0.0	0.0	0.0	Inf	Inf
HCYSMT2	cyan_c	0.0	0.0	0.0	Inf	Inf
HCYSMT2	athtp_c	0.0	0.0	0.0	Inf	Inf
HCYSMT2	cytd_c	-0.0	0.0	0.12563021507708072	Inf	0.0
HCYSMT2	dad_2_c	-0.0	0.0	0.0	Inf	Inf
HCYSMT2	dad_5_c	-0.0	-0.09115799202163548	0.0001836842274403406	-0.0	0.0
HCYSMT2	betald_c	0.0	0.0	0.0	Inf	Inf
HCYSMT2	btal_c	-0.0	-1.7762047304756265	0.0	-0.0	Inf
HCYSMT2	for_c	-0.0	-1.184136486983751	0.0020025662670362368	-0.0	0.0
HCYSMT2	dcyt_c	-0.0	0.0	0.0	Inf	Inf
HCYSMT2	fru_c	-0.0	0.0	0.0	Inf	Inf
HCYSMT2	ca2_c	-0.0	-0.004249228461503662	7.104818921902506	-0.0	0.0
HCYSMT2	g3pe_c	-0.0	0.0	0.0	Inf	Inf
HCYSMT2	g3pi_c	0.0	0.0	0.0	Inf	Inf
HCYSMT2	cbm_c	-0.0	-3.552409460951253	0.0	-0.0	Inf
HCYSMT2	dha_c	-0.0	-0.29603412174593774	0.0	-0.0	Inf
HCYSMT2	gal_c	-0.0	0.0	0.0	Inf	Inf
HCYSMT2	dhgly_c	-0.0	-0.00018205147875198204	0.19517969248688083	-0.0	0.0
HCYSMT2	dhmptp_c	0.0	0.0	0.0	Inf	Inf
HCYSMT2	gcald_c	-0.0	-0.44405118261890664	0.0005461544363153936	-0.0	0.0
HCYSMT2	dhptd_c	-0.0	-48.04940456507063	0.0003657357061531359	-0.0	0.0
HCYSMT2	cechddd_c	-0.0	0.0	0.0	Inf	Inf
HCYSMT2	dhptdn_c	0.0	0.0	0.0	Inf	Inf
HCYSMT2	chol_c	0.0	0.0	0.0	Inf	Inf
HCYSMT2	chtbs6p_c	-0.0	0.0	0.0	Inf	Inf
HCYSMT2	dmbzid_c	0.0	0.0	0.0	Inf	Inf
HCYSMT2	dms_c	0.0	0.0	0.0	Inf	Inf
HCYSMT2	dmso_c	0.0	0.0	0.0	Inf	Inf
HCYSMT2	cl_c	-0.0	-0.004249228461453213	14.209637843805012	-0.0	0.0
HCYSMT2	glc__D_c	-0.0	-0.14801706087296887	0.0	-0.0	Inf
HCYSMT2	co2_c	-0.0	-973.510849200385	26.487148233347966	-0.0	0.0
HCYSMT2	dscl_c	-0.0	-0.00018205147875198204	0.054894288511935216	-0.0	0.0
HCYSMT2	dtdp4aaddg_c	-0.0	0.0	0.0	Inf	Inf
HCYSMT2	glyald_c	-0.0	-1000.0	0.0	-0.0	Inf
HCYSMT2	crn_c	-0.0	-7.104818921902506	0.0	-0.0	Inf
HCYSMT2	duri_c	-0.0	0.0	0.0	Inf	Inf
HCYSMT2	glyb_c	0.0	0.0	0.0	Inf	Inf
HCYSMT2	glyc_c	-0.0	-0.11349889232255855	0.0	-0.0	Inf
HCYSMT2	dxyl_c	0.0	0.0	0.0	Inf	Inf
HCYSMT2	glycogen_c	-0.0	-0.13663113311350975	0.0	-0.0	Inf
HCYSMT2	gmhep1p_c	-0.0	0.0	0.08749999999429292	Inf	0.0
HCYSMT2	lipa_cold_c	-0.0	0.0	0.0	Inf	Inf
HCYSMT2	lipidA_c	-0.0	-0.009016267667388963	0.04374999999714553	-0.0	0.0
HCYSMT2	malt_c	0.0	0.0	0.0	Inf	Inf
HCYSMT2	h2_c	-0.0	0.0	0.0	Inf	Inf
HCYSMT2	malthx_c	-0.0	0.0	0.0	Inf	Inf
HCYSMT2	maltpt_c	-0.0	0.0	0.0	Inf	Inf
HCYSMT2	malttr_c	-0.0	0.0	0.0	Inf	Inf
HCYSMT2	maltttr_c	-0.0	0.0	0.0	Inf	Inf
HCYSMT2	h2o2_c	-0.0	-0.003187125439675955	19.191111065262675	-0.0	0.0
HCYSMT2	man_c	-0.0	0.0	0.0	Inf	Inf
HCYSMT2	mdhdhf_c	-0.0	-48.04940456507063	0.0003657357061531359	-0.0	0.0
HCYSMT2	melib_c	-0.0	0.0	0.0	Inf	Inf
HCYSMT2	meoh_c	-0.0	-999.9999983672514	1.6327486491718446e-06	-0.0	0.0
HCYSMT2	pacald_c	-0.0	-7.104818921902506	0.0	-0.0	Inf
HCYSMT2	metsox_S__L_c	-0.0	-0.08881023652378132	0.0	-0.0	Inf
HCYSMT2	mg2_c	-0.0	-0.007082047435755356	3.552409460951253	-0.0	0.0
HCYSMT2	hhlipa_c	-0.0	0.0	0.0	Inf	Inf
HCYSMT2	pe120_c	-0.0	0.0	0.0	Inf	Inf
HCYSMT2	mobd_c	-0.0	-0.00010531229039912862	29.850574123281234	-0.0	0.0
HCYSMT2	hlipa_c	-0.0	0.0	0.0	Inf	Inf
HCYSMT2	pg120_c	-0.0	-0.021928453462662062	0.0	-0.0	Inf
HCYSMT2	mql8_c	0.0	0.0	0.0	Inf	Inf
HCYSMT2	mqn8_c	-0.0	0.0	0.0	Inf	Inf
HCYSMT2	mthgxl_c	-0.0	-0.29603412174593774	0.0	-0.0	Inf
HCYSMT2	hqn_c	0.0	0.0	0.0	Inf	Inf
HCYSMT2	mththf_c	-0.0	-999.9996342642938	0.0003657357061531359	-0.0	0.0
HCYSMT2	n2o_c	-0.0	-1000.0	0.0	-0.0	Inf
HCYSMT2	na1_c	-0.0	0.0	0.0	Inf	Inf
HCYSMT2	nac_c	-0.0	0.0	0.0	Inf	Inf
HCYSMT2	ncam_c	-0.0	0.0	0.0	Inf	Inf
HCYSMT2	ni2_c	-0.0	-0.0002636889131508724	999.9997363110868	-0.0	0.0
HCYSMT2	no_c	-0.0	-1000.0	0.0	-0.0	Inf
HCYSMT2	indole_c	-0.0	-0.046405166846183475	0.2927695387303213	-0.0	0.0
HCYSMT2	no2_c	-0.0	-7.104818921902506	0.0	-0.0	Inf
HCYSMT2	no3_c	0.0	0.0	0.0	Inf	Inf
HCYSMT2	inost_c	0.0	0.0	0.0	Inf	Inf
HCYSMT2	o2_c	-0.0	-24.747084688328414	975.2529153116716	-0.0	0.0
HCYSMT2	poaac_c	-0.0	-8.81751560960413	0.0	-0.0	Inf
HCYSMT2	ppal_c	-0.0	0.0	0.0	Inf	Inf
HCYSMT2	k_c	-0.0	-0.159350557363382	119.40229649312494	-0.0	0.0
HCYSMT2	psclys_c	-0.0	0.0	0.0	Inf	Inf
HCYSMT2	lald__D_c	-0.0	0.0	0.0	Inf	Inf
HCYSMT2	lald__L_c	-0.0	-0.2537435329250895	0.0	-0.0	Inf
HCYSMT2	ura_c	-0.0	0.0	0.0	Inf	Inf
HCYSMT2	pydx_c	-0.0	0.0	0.35132344647638547	Inf	0.0
HCYSMT2	uracp_c	-0.0	-4.408757804802065	0.0	-0.0	Inf
HCYSMT2	pydxn_c	-0.0	0.0	0.35132344647638547	Inf	0.0
HCYSMT2	urate_c	-0.0	-0.003187125439675955	0.0	-0.0	Inf
HCYSMT2	q8_c	0.0	0.0	0.0	Inf	Inf
HCYSMT2	q8h2_c	-0.0	0.0	0.0	Inf	Inf
HCYSMT2	urea_c	-0.0	-1000.0	0.0	-0.0	Inf
HCYSMT2	uri_c	-0.0	0.0	0.35132344647638547	Inf	0.0
HCYSMT2	rbflvrd_c	-0.0	0.0	0.14638476936516065	Inf	0.0
HCYSMT2	rbl__L_c	-0.0	-0.17762047304756265	0.0	-0.0	Inf
HCYSMT2	rdmbzi_c	0.0	0.0	0.0	Inf	Inf
HCYSMT2	thptdn_c	0.0	0.0	0.0	Inf	Inf
HCYSMT2	xan_c	-0.0	0.0	0.0	Inf	Inf
HCYSMT2	rephaccoa_c	-0.0	-0.000470231622330175	0.0	-0.0	Inf
HCYSMT2	rib__D_c	-0.0	-0.17762047304756265	0.0	-0.0	Inf
HCYSMT2	xtsn_c	-0.0	0.0	0.2927695387303213	Inf	0.0
HCYSMT2	rml_c	-0.0	-0.13663113311350975	0.0	-0.0	Inf
HCYSMT2	thym_c	-0.0	-119.40229649312494	0.0	-0.0	Inf
HCYSMT2	thymd_c	-0.0	-0.021361251089729194	0.0	-0.0	Inf
HCYSMT2	xu5p__L_c	-0.0	-0.1578848649311668	0.0	-0.0	Inf
HCYSMT2	rmn_c	-0.0	-0.13663113311350975	0.0	-0.0	Inf
HCYSMT2	xyl__D_c	0.0	0.0	0.0	Inf	Inf
HCYSMT2	tmao_c	0.0	0.0	0.0	Inf	Inf
HCYSMT2	xylu__D_c	-0.0	0.0	0.0	Inf	Inf
HCYSMT2	xylu__L_c	-0.0	-0.17762047304756265	0.0	-0.0	Inf
HCYSMT2	12ppd__R_e	-0.0	-1000.0	0.0	-0.0	Inf
HCYSMT2	12ppd__S_e	-0.0	-1000.0	0.0	-0.0	Inf
HCYSMT2	tre_c	-0.0	-0.07400853043648443	0.0	-0.0	Inf
HCYSMT2	seln_c	0.0	0.0	0.0	Inf	Inf
HCYSMT2	34dhpac_e	-0.0	-1000.0	0.0	-0.0	Inf
HCYSMT2	slnt_c	0.0	0.0	0.0	Inf	Inf
HCYSMT2	so2_c	0.0	0.0	0.0	Inf	Inf
HCYSMT2	so3_c	-0.0	-0.20235634144044437	5.970114824656247	-0.0	0.0
HCYSMT2	so4_c	-0.0	-0.20589777334544124	119.40229649312494	-0.0	0.0
HCYSMT2	4hoxpacd_e	-0.0	-1000.0	0.0	-0.0	Inf
HCYSMT2	5mtr_e	-0.0	0.0	0.0	Inf	Inf
HCYSMT2	LalaDgluMdap_e	-0.0	-1000.0	0.0	-0.0	Inf
HCYSMT2	ac_e	-0.0	0.0	0.0	Inf	Inf
HCYSMT2	acald_e	-0.0	-1000.0	0.0	-0.0	Inf
HCYSMT2	acgal_e	-0.0	-1000.0	0.0	-0.0	Inf
HCYSMT2	acgam_e	-0.0	-1000.0	0.0	-0.0	Inf
HCYSMT2	acmana_e	-0.0	-1000.0	0.0	-0.0	Inf
HCYSMT2	tagur_c	-0.0	0.0	0.0	Inf	Inf
HCYSMT2	tartr__L_c	-0.0	-0.3229463146319321	0.0	-0.0	Inf
HCYSMT2	ade_e	-0.0	-1000.0	0.0	-0.0	Inf
HCYSMT2	adn_e	-0.0	-1000.0	0.0	-0.0	Inf
HCYSMT2	all__D_e	-0.0	-1000.0	0.0	-0.0	Inf
HCYSMT2	cl_e	-0.0	-0.004249228461503662	999.9957507715385	-0.0	0.0
HCYSMT2	alltn_e	-0.0	0.0	0.0	Inf	Inf
HCYSMT2	cm_e	-0.0	-1000.0	0.0	-0.0	Inf
HCYSMT2	co2_e	-0.0	-973.510849200385	26.489150799615004	-0.0	0.0
HCYSMT2	arab__L_e	-0.0	-1000.0	0.0	-0.0	Inf
HCYSMT2	arbt_e	-0.0	-1000.0	0.0	-0.0	Inf
HCYSMT2	unagamu_c	-0.0	0.0	0.042844322741022615	Inf	0.0
HCYSMT2	crn_e	-0.0	-1000.0	0.0	-0.0	Inf
HCYSMT2	csn_e	-0.0	-1000.0	0.0	-0.0	Inf
HCYSMT2	cyan_e	-0.0	-1000.0	0.0	-0.0	Inf
HCYSMT2	glyb_e	-0.0	-1000.0	0.0	-0.0	Inf
HCYSMT2	glyc_e	-0.0	-1000.0	0.0	-0.0	Inf
HCYSMT2	cytd_e	-0.0	-1000.0	0.0	-0.0	Inf
HCYSMT2	ca2_e	-0.0	-0.004249228461503662	999.9957507715385	-0.0	0.0
HCYSMT2	dad_2_e	-0.0	-1000.0	0.0	-0.0	Inf
HCYSMT2	dcyt_e	-0.0	-1000.0	0.0	-0.0	Inf
HCYSMT2	chol_e	-0.0	-1000.0	0.0	-0.0	Inf
HCYSMT2	dha_e	-0.0	-1000.0	0.0	-0.0	Inf
HCYSMT2	ppal_e	-0.0	-1000.0	0.0	-0.0	Inf
HCYSMT2	h2_e	-0.0	-1000.0	0.0	-0.0	Inf
HCYSMT2	dms_e	-0.0	-1000.0	0.0	-0.0	Inf
HCYSMT2	dmso_e	-0.0	-1000.0	0.0	-0.0	Inf
HCYSMT2	h2o2_e	-0.0	-1000.0	0.0	-0.0	Inf
HCYSMT2	psclys_e	-0.0	-1000.0	0.0	-0.0	Inf
HCYSMT2	duri_e	-0.0	-1000.0	0.0	-0.0	Inf
HCYSMT2	pydx_e	-0.0	-1000.0	0.0	-0.0	Inf
HCYSMT2	pydxn_e	-0.0	-1000.0	0.0	-0.0	Inf
HCYSMT2	etoh_e	-0.0	-1000.0	0.0	-0.0	Inf
HCYSMT2	fald_e	-0.0	0.0	0.0	Inf	Inf
HCYSMT2	rib__D_e	-0.0	-1000.0	0.0	-0.0	Inf
HCYSMT2	rmn_e	-0.0	-1000.0	0.0	-0.0	Inf
HCYSMT2	indole_e	-0.0	-1000.0	0.0	-0.0	Inf
HCYSMT2	inost_e	-0.0	-1000.0	0.0	-0.0	Inf
HCYSMT2	sbt__D_e	-0.0	-0.12687176646254475	0.0	-0.0	Inf
HCYSMT2	k_e	-0.0	-0.159350557363382	999.8406494426366	-0.0	0.0
HCYSMT2	for_e	-0.0	0.0	0.0020025662670362368	Inf	0.0
HCYSMT2	slnt_e	-0.0	0.0	1000.0	Inf	0.0
HCYSMT2	fru_e	-0.0	-1000.0	0.0	-0.0	Inf
HCYSMT2	so2_e	-0.0	-1000.0	0.0	-0.0	Inf
HCYSMT2	so3_e	-0.0	-1000.0	0.0	-0.0	Inf
HCYSMT2	so4_e	-0.0	-0.20589777334544124	999.7941022266546	-0.0	0.0
HCYSMT2	lipa_cold_e	-0.0	-1000.0	0.0	-0.0	Inf
HCYSMT2	sucr_e	-0.0	-1000.0	0.0	-0.0	Inf
HCYSMT2	g3pe_e	-0.0	-1000.0	0.0	-0.0	Inf
HCYSMT2	malt_e	-0.0	-1000.0	0.0	-0.0	Inf
HCYSMT2	tartr__L_e	-0.0	-1000.0	0.0	-0.0	Inf
HCYSMT2	g3pi_e	-0.0	-1000.0	0.0	-0.0	Inf
HCYSMT2	malthx_e	-0.0	-1000.0	0.0	-0.0	Inf
HCYSMT2	maltpt_e	-0.0	-1000.0	0.0	-0.0	Inf
HCYSMT2	gal_e	-0.0	-1000.0	0.0	-0.0	Inf
HCYSMT2	gal_bD_e	-0.0	-1000.0	0.0	-0.0	Inf
HCYSMT2	malttr_e	-0.0	-1000.0	0.0	-0.0	Inf
HCYSMT2	maltttr_e	-0.0	-1000.0	0.0	-0.0	Inf
HCYSMT2	man_e	-0.0	-1000.0	0.0	-0.0	Inf
HCYSMT2	thym_e	-0.0	-1000.0	0.0	-0.0	Inf
HCYSMT2	thymd_e	-0.0	-1000.0	0.0	-0.0	Inf
HCYSMT2	galt_e	-0.0	-0.12687176646254475	0.0	-0.0	Inf
HCYSMT2	melib_e	-0.0	-1000.0	0.0	-0.0	Inf
HCYSMT2	meoh_e	-0.0	-999.9999983672514	1.6327486491718446e-06	-0.0	0.0
HCYSMT2	tmao_e	-0.0	-1000.0	0.0	-0.0	Inf
HCYSMT2	tre_e	-0.0	-1000.0	0.0	-0.0	Inf
HCYSMT2	metsox_S__L_e	-0.0	-1000.0	0.0	-0.0	Inf
HCYSMT2	glc__D_e	-0.0	-0.13663113311350975	0.8783086161909637	-0.0	0.0
HCYSMT2	mg2_e	-0.0	-0.007082047435801542	999.9929179525642	-0.0	0.0
HCYSMT2	mnl_e	-0.0	-1000.0	0.0	-0.0	Inf
HCYSMT2	mobd_e	-0.0	-0.00010531229042953782	999.9998946877096	-0.0	0.0
HCYSMT2	glyald_e	-0.0	-1000.0	0.0	-0.0	Inf
HCYSMT2	n2o_e	-0.0	-1000.0	0.0	-0.0	Inf
HCYSMT2	na1_e	-0.0	0.0	1000.0	Inf	0.0
HCYSMT2	nac_e	-0.0	-1000.0	0.0	-0.0	Inf
HCYSMT2	ni2_e	-0.0	-0.0002636889131508724	999.9997363110868	-0.0	0.0
HCYSMT2	no_e	-0.0	-1000.0	0.0	-0.0	Inf
HCYSMT2	no2_e	-0.0	-1000.0	0.0	-0.0	Inf
HCYSMT2	ura_e	-0.0	-1000.0	0.0	-0.0	Inf
HCYSMT2	no3_e	-0.0	-1000.0	0.0	-0.0	Inf
HCYSMT2	urea_e	-0.0	-1000.0	0.0	-0.0	Inf
HCYSMT2	novbcn_e	-0.0	-1000.0	0.0	-0.0	Inf
HCYSMT2	uri_e	-0.0	-1000.0	0.0	-0.0	Inf
HCYSMT2	o2_e	-0.0	-24.747084688328414	975.2529153116716	-0.0	0.0
HCYSMT2	xan_e	-0.0	0.0	0.0	Inf	Inf
HCYSMT2	xtsn_e	-0.0	-1000.0	0.0	-0.0	Inf
HCYSMT2	xyl__D_e	-0.0	-1000.0	0.0	-0.0	Inf
HCYSMT2	xylu__L_e	-0.0	-1000.0	0.0	-0.0	Inf
HCYSMT2	pacald_e	-0.0	-1000.0	0.0	-0.0	Inf
HCYSMT2	12dgr120_p	-0.0	0.0	0.0	Inf	Inf
HCYSMT2	12dgr140_p	-0.0	0.0	0.0	Inf	Inf
HCYSMT2	12dgr160_p	-0.0	-0.017586185450253727	0.0	-0.0	Inf
HCYSMT2	12dgr180_p	-0.0	0.0	0.0	Inf	Inf
HCYSMT2	12ppd__R_p	-0.0	-1000.0	0.0	-0.0	Inf
HCYSMT2	12ppd__S_p	-0.0	0.0	0.0	Inf	Inf
HCYSMT2	chol_p	-0.0	-1000.0	0.0	-0.0	Inf
HCYSMT2	cl_p	-0.0	-0.004249228461503662	999.9957507715385	-0.0	0.0
HCYSMT2	34dhpac_p	-0.0	-1000.0	0.0	-0.0	Inf
HCYSMT2	cm_p	-0.0	0.0	0.0	Inf	Inf
HCYSMT2	4hoxpacd_p	-0.0	-1000.0	0.0	-0.0	Inf
HCYSMT2	co2_p	-0.0	-973.510849200385	26.489150799615004	-0.0	0.0
HCYSMT2	5mtr_p	-0.0	0.0	0.0	Inf	Inf
HCYSMT2	LalaDgluMdap_p	-0.0	-0.02268541027605416	0.0	-0.0	Inf
HCYSMT2	gal_p	-0.0	-1000.0	0.0	-0.0	Inf
HCYSMT2	ac_p	-0.0	-0.5920682434918755	0.0	-0.0	Inf
HCYSMT2	crn_p	-0.0	-1000.0	0.0	-0.0	Inf
HCYSMT2	gal_bD_p	-0.0	-1000.0	0.0	-0.0	Inf
HCYSMT2	acald_p	-0.0	-1000.0	0.0	-0.0	Inf
HCYSMT2	acgal_p	-0.0	-1000.0	0.0	-0.0	Inf
HCYSMT2	csn_p	-0.0	0.0	0.0	Inf	Inf
HCYSMT2	acgam_p	-0.0	-1000.0	0.0	-0.0	Inf
HCYSMT2	galt_p	-0.0	-0.12687176646254475	0.0	-0.0	Inf
HCYSMT2	acmana_p	-0.0	-1000.0	0.0	-0.0	Inf
HCYSMT2	cyan_p	-0.0	0.0	0.0	Inf	Inf
HCYSMT2	ade_p	-0.0	-1000.0	0.0	-0.0	Inf
HCYSMT2	adn_p	-0.0	0.0	0.0005494199335934765	Inf	0.0
HCYSMT2	cytd_p	-0.0	0.0	0.0	Inf	Inf
HCYSMT2	glc__D_p	-0.0	-0.13663113311350975	0.8783086161909637	-0.0	0.0
HCYSMT2	dad_2_p	-0.0	-1000.0	0.0	-0.0	Inf
HCYSMT2	dcyt_p	-0.0	-1000.0	0.0	-0.0	Inf
HCYSMT2	all__D_p	-0.0	0.0	0.0	Inf	Inf
HCYSMT2	alltn_p	-0.0	0.0	0.0	Inf	Inf
HCYSMT2	dha_p	-0.0	-1000.0	0.0	-0.0	Inf
HCYSMT2	glyald_p	-0.0	-1000.0	0.0	-0.0	Inf
HCYSMT2	glyb_p	0.0	0.0	0.0	Inf	Inf
HCYSMT2	dms_p	-0.0	-1000.0	0.0	-0.0	Inf
HCYSMT2	glyc_p	-0.0	-0.11349889232255855	0.0	-0.0	Inf
HCYSMT2	dmso_p	-0.0	-1000.0	0.0	-0.0	Inf
HCYSMT2	arab__L_p	-0.0	0.0	0.0	Inf	Inf
HCYSMT2	arbt_p	0.0	0.0	0.0	Inf	Inf
HCYSMT2	ca2_p	-0.0	-0.004249228461503662	999.9957507715385	-0.0	0.0
HCYSMT2	duri_p	-0.0	-1000.0	0.0	-0.0	Inf
HCYSMT2	h2_p	-0.0	-1000.0	0.0	-0.0	Inf
HCYSMT2	h2o2_p	-0.0	-1000.0	0.0	-0.0	Inf
HCYSMT2	etoh_p	-0.0	-1000.0	0.0	-0.0	Inf
HCYSMT2	fald_p	-0.0	0.0	0.0	Inf	Inf
HCYSMT2	n2o_p	-0.0	-1000.0	0.0	-0.0	Inf
HCYSMT2	na1_p	-0.0	0.0	0.0	Inf	Inf
HCYSMT2	indole_p	-0.0	0.0	0.2927695387303213	Inf	0.0
HCYSMT2	nac_p	-0.0	-1000.0	0.0	-0.0	Inf
HCYSMT2	ni2_p	-0.0	-0.0002636889131508724	999.9997363110868	-0.0	0.0
HCYSMT2	inost_p	-0.0	-1000.0	0.0	-0.0	Inf
HCYSMT2	no_p	-0.0	-1000.0	0.0	-0.0	Inf
HCYSMT2	no2_p	-0.0	-1000.0	0.0	-0.0	Inf
HCYSMT2	for_p	-0.0	-1.184136486983751	0.0020025662670362368	-0.0	0.0
HCYSMT2	fru_p	-0.0	-1000.0	0.0	-0.0	Inf
HCYSMT2	no3_p	-0.0	0.0	0.0	Inf	Inf
HCYSMT2	k_p	-0.0	-0.159350557363382	999.8406494426366	-0.0	0.0
HCYSMT2	novbcn_p	-0.0	0.0	0.0	Inf	Inf
HCYSMT2	o2_p	-0.0	-24.747084688328414	975.2529153116716	-0.0	0.0
HCYSMT2	lipa_cold_p	-0.0	-29.850574123281234	0.0	-0.0	Inf
HCYSMT2	g3pe_p	-0.0	0.0	0.0	Inf	Inf
HCYSMT2	g3pi_p	-0.0	0.0	0.0	Inf	Inf
HCYSMT2	so3_p	-0.0	-1000.0	0.0	-0.0	Inf
HCYSMT2	so4_p	-0.0	-0.20589777334544124	999.7941022266546	-0.0	0.0
HCYSMT2	malt_p	0.0	0.0	0.0	Inf	Inf
HCYSMT2	malthx_p	0.0	0.0	0.0	Inf	Inf
HCYSMT2	maltpt_p	0.0	0.0	0.0	Inf	Inf
HCYSMT2	sucr_p	-0.0	-1000.0	0.0	-0.0	Inf
HCYSMT2	malttr_p	0.0	0.0	0.0	Inf	Inf
HCYSMT2	maltttr_p	0.0	0.0	0.0	Inf	Inf
HCYSMT2	pacald_p	-0.0	-1000.0	0.0	-0.0	Inf
HCYSMT2	man_p	-0.0	-1000.0	0.0	-0.0	Inf
HCYSMT2	tartr__L_p	-0.0	-1000.0	0.0	-0.0	Inf
HCYSMT2	pe120_p	-0.0	0.0	0.0	Inf	Inf
HCYSMT2	melib_p	-0.0	-1000.0	0.0	-0.0	Inf
HCYSMT2	meoh_p	-0.0	-999.9999983672514	1.6327486491718446e-06	-0.0	0.0
HCYSMT2	thym_p	-0.0	-1000.0	0.0	-0.0	Inf
HCYSMT2	thymd_p	-0.0	-0.021361251089729194	0.0	-0.0	Inf
HCYSMT2	pg120_p	-0.0	-0.02166103329848325	0.0	-0.0	Inf
HCYSMT2	metsox_S__L_p	-0.0	-1000.0	0.0	-0.0	Inf
HCYSMT2	tmao_p	-0.0	-1000.0	0.0	-0.0	Inf
HCYSMT2	mg2_p	-0.0	-0.007082047435755356	999.9929179525642	-0.0	0.0
HCYSMT2	tre_p	-0.0	0.0	0.0	Inf	Inf
HCYSMT2	mnl_p	-0.0	0.0	0.0	Inf	Inf
HCYSMT2	mobd_p	-0.0	-0.00010531229042953782	999.9998946877096	-0.0	0.0
HCYSMT2	ura_p	-0.0	-1000.0	0.0	-0.0	Inf
HCYSMT2	urea_p	-0.0	-1000.0	0.0	-0.0	Inf
HCYSMT2	uri_p	-0.0	0.0	0.0	Inf	Inf
HCYSMT2	xan_p	-0.0	0.0	0.0	Inf	Inf
HCYSMT2	xtsn_p	-0.0	0.0	0.0	Inf	Inf
HCYSMT2	xyl__D_p	-0.0	0.0	0.0	Inf	Inf
HCYSMT2	xylu__L_p	-0.0	-1000.0	0.0	-0.0	Inf
HCYSMT2	ppal_p	-0.0	-1000.0	0.0	-0.0	Inf
HCYSMT2	psclys_p	-0.0	-1000.0	0.0	-0.0	Inf
HCYSMT2	pydx_p	-0.0	0.0	0.0	Inf	Inf
HCYSMT2	pydxn_p	-0.0	0.0	0.0	Inf	Inf
HCYSMT2	rib__D_p	-0.0	-1000.0	0.0	-0.0	Inf
HCYSMT2	rmn_p	-0.0	-1000.0	0.0	-0.0	Inf
HCYSMT2	sbt__D_p	-0.0	-0.12687176646254475	0.0	-0.0	Inf
HCYSMT2	slnt_p	-0.0	0.0	0.0	Inf	Inf
HCYSMT2	so2_p	-0.0	-1000.0	0.0	-0.0	Inf
