Reaction	Metabolite	ShadowPrice	G-	G+	DecrementalShadowPrice	IncrementalShadowPrice
ETHSO3tex_f	12dgr120_c	-0.0	0.0	0.0	Inf	Inf
ETHSO3tex_f	12dgr140_c	-0.0	0.0	0.0	Inf	Inf
ETHSO3tex_f	12dgr160_c	-0.0	-0.02126971053314719	0.0	-0.0	Inf
ETHSO3tex_f	12dgr180_c	-0.0	0.0	0.0	Inf	Inf
ETHSO3tex_f	12ppd__R_c	-0.0	-1000.0	0.0	-0.0	Inf
ETHSO3tex_f	12ppd__S_c	-0.0	0.0	0.0	Inf	Inf
ETHSO3tex_f	5drib_c	-0.0	-999.9999256723376	7.432766240798004e-05	-0.0	0.0
ETHSO3tex_f	5mta_c	-0.0	0.0	0.0	Inf	Inf
ETHSO3tex_f	23dhacoa_c	-0.0	-0.00019198535278519557	0.0	-0.0	Inf
ETHSO3tex_f	5mtr_c	-0.0	0.0	0.0	Inf	Inf
ETHSO3tex_f	3amac_c	-0.0	-0.06250767534932931	0.0	-0.0	Inf
ETHSO3tex_f	LalaDgluMdap_c	-0.0	-0.009261960013421297	0.0	-0.0	Inf
ETHSO3tex_f	ac_c	-0.0	-0.06250767534932931	0.09558604047306435	-0.0	0.0
ETHSO3tex_f	acald_c	-0.0	-1.064670102948412	6.613810316685257	-0.0	0.0
ETHSO3tex_f	acetol_c	-0.0	0.0	0.0012269063915864328	Inf	0.0
ETHSO3tex_f	acgam_c	-0.0	-0.03149359715517476	0.0	-0.0	Inf
ETHSO3tex_f	acgam6p_c	-0.0	-0.03149359715517476	0.0	-0.0	Inf
ETHSO3tex_f	acmalt_c	0.0	0.0	0.0	Inf	Inf
ETHSO3tex_f	acmana_c	-0.0	-0.03149359715517476	0.0	-0.0	Inf
ETHSO3tex_f	2dmmq8_c	-0.0	0.0	0.0	Inf	Inf
ETHSO3tex_f	2dmmql8_c	0.0	0.0	0.0	Inf	Inf
ETHSO3tex_f	ade_c	-0.0	-0.012501535069865845	0.00022298298722394012	-0.0	0.0
ETHSO3tex_f	adn_c	-0.0	0.0	0.00022298298722394012	Inf	0.0
ETHSO3tex_f	3sala_c	0.0	0.0	0.0	Inf	Inf
ETHSO3tex_f	adphep_DD_c	-0.0	0.0	0.0	Inf	Inf
ETHSO3tex_f	adphep_LD_c	-0.0	0.0	0.0	Inf	Inf
ETHSO3tex_f	4ahmmp_c	0.0	0.0	0.0	Inf	Inf
ETHSO3tex_f	4crsol_c	-0.0	-999.9999256723376	7.432766240798004e-05	-0.0	0.0
ETHSO3tex_f	2ohph_c	-0.0	-7.432766240798004e-05	0.1330837628685515	-0.0	0.0
ETHSO3tex_f	2ombzl_c	-0.0	0.0	0.0	Inf	Inf
ETHSO3tex_f	2omhmbl_c	-0.0	0.0	0.0	Inf	Inf
ETHSO3tex_f	2ommbl_c	-0.0	0.0	0.0	Inf	Inf
ETHSO3tex_f	2omph_c	-0.0	0.0	0.1330837628685515	Inf	0.0
ETHSO3tex_f	4mhetz_c	0.0	0.0	0.0	Inf	Inf
ETHSO3tex_f	2oph_c	-0.0	-7.432766240798004e-05	0.1330837628685515	-0.0	0.0
ETHSO3tex_f	2oxpaccoa_c	-0.0	-0.00019198535278519557	0.0	-0.0	Inf
ETHSO3tex_f	all__D_c	-0.0	-5.2260259636273645	0.0	-0.0	Inf
ETHSO3tex_f	alltn_c	-0.0	-0.01562691883733233	0.0	-0.0	Inf
ETHSO3tex_f	4r5au_c	-0.0	-0.00014865532564998206	0.10000116657488434	-0.0	0.0
ETHSO3tex_f	56dura_c	0.0	0.0	0.0	Inf	Inf
ETHSO3tex_f	arab__L_c	-0.0	-6.334576925608926	0.0	-0.0	Inf
ETHSO3tex_f	etoh_c	-0.0	-1000.0	0.0	-0.0	Inf
ETHSO3tex_f	csn_c	-0.0	0.0	0.013623256892287827	Inf	0.0
ETHSO3tex_f	fald_c	-0.0	0.0	0.0	Inf	Inf
ETHSO3tex_f	fc1p_c	-0.0	-0.3215191359495293	0.0	-0.0	Inf
ETHSO3tex_f	fcl__L_c	-0.0	0.0	0.0	Inf	Inf
ETHSO3tex_f	aso4_c	0.0	0.0	0.0	Inf	Inf
ETHSO3tex_f	cyan_c	0.0	0.0	0.0	Inf	Inf
ETHSO3tex_f	athtp_c	0.0	0.0	0.0	Inf	Inf
ETHSO3tex_f	cytd_c	-0.0	0.0	0.0	Inf	Inf
ETHSO3tex_f	dad_2_c	-0.0	0.0	0.0	Inf	Inf
ETHSO3tex_f	dad_5_c	-0.0	-0.012501535069865845	7.432766240798004e-05	-0.0	0.0
ETHSO3tex_f	betald_c	0.0	0.0	0.0	Inf	Inf
ETHSO3tex_f	btal_c	-0.0	-59.72601101288418	0.0	-0.0	Inf
ETHSO3tex_f	for_c	-0.0	-0.06250767534932931	0.0008176042889908019	-0.0	0.0
ETHSO3tex_f	dcyt_c	-0.0	-0.008721334594471773	0.0	-0.0	Inf
ETHSO3tex_f	fru_c	-0.0	0.0	6.613810316685255	Inf	0.0
ETHSO3tex_f	ca2_c	-0.0	-0.0017348676360597892	418.0820770901893	-0.0	0.0
ETHSO3tex_f	g3pe_c	-0.0	-0.04633913116258587	0.0	-0.0	Inf
ETHSO3tex_f	g3pi_c	0.0	0.0	0.0	Inf	Inf
ETHSO3tex_f	cbm_c	-0.0	-0.03125383767466466	0.0	-0.0	Inf
ETHSO3tex_f	dha_c	-0.0	-9.954335168814026	0.0	-0.0	Inf
ETHSO3tex_f	gal_c	-0.0	0.0	0.0	Inf	Inf
ETHSO3tex_f	dhgly_c	-0.0	-7.432766240798004e-05	0.40000466629953735	-0.0	0.0
ETHSO3tex_f	dhmptp_c	0.0	0.0	0.0	Inf	Inf
ETHSO3tex_f	gcald_c	-0.0	-16.72328308360757	0.00022298298722489562	-0.0	0.0
ETHSO3tex_f	dhptd_c	-0.0	-56.1208429282791	0.00014865532481596008	-0.0	0.0
ETHSO3tex_f	cechddd_c	-0.0	0.0	0.0	Inf	Inf
ETHSO3tex_f	dhptdn_c	0.0	0.0	0.0	Inf	Inf
ETHSO3tex_f	chol_c	0.0	0.0	0.0	Inf	Inf
ETHSO3tex_f	chtbs6p_c	-0.0	0.0	0.0	Inf	Inf
ETHSO3tex_f	dmbzid_c	0.0	0.0	0.0	Inf	Inf
ETHSO3tex_f	dms_c	0.0	0.0	0.0	Inf	Inf
ETHSO3tex_f	dmso_c	0.0	0.0	0.0	Inf	Inf
ETHSO3tex_f	cl_c	-0.0	-0.0017348676360248257	836.1641541803785	-0.0	0.0
ETHSO3tex_f	glc__D_c	-0.0	-5.2260259636273645	6.613810316685255	-0.0	0.0
ETHSO3tex_f	co2_c	-0.0	-947.6817274682317	52.31745492747939	-0.0	0.0
ETHSO3tex_f	dscl_c	-0.0	-7.432766240798004e-05	0.0017029071115359784	-0.0	0.0
ETHSO3tex_f	dtdp4aaddg_c	-0.0	0.0	0.0	Inf	Inf
ETHSO3tex_f	glyald_c	-0.0	-1000.0	0.0	-0.0	Inf
ETHSO3tex_f	crn_c	-0.0	-418.0820770901893	0.0	-0.0	Inf
ETHSO3tex_f	duri_c	-0.0	-0.008721334594471773	0.0	-0.0	Inf
ETHSO3tex_f	glyb_c	0.0	0.0	0.0	Inf	Inf
ETHSO3tex_f	glyc_c	-0.0	-8.532287287554881	0.0	-0.0	Inf
ETHSO3tex_f	dxyl_c	0.0	0.0	0.0	Inf	Inf
ETHSO3tex_f	glycogen_c	-0.0	-1.0694027418701353	0.0	-0.0	Inf
ETHSO3tex_f	gmhep1p_c	-0.0	0.0	5.376927612185429	Inf	0.0
ETHSO3tex_f	lipa_cold_c	-0.0	0.0	0.0	Inf	Inf
ETHSO3tex_f	lipidA_c	-0.0	-0.006484838564168877	0.20000233314976867	-0.0	0.0
ETHSO3tex_f	malt_c	0.0	0.0	0.0	Inf	Inf
ETHSO3tex_f	h2_c	-0.0	0.0	0.0	Inf	Inf
ETHSO3tex_f	malthx_c	-0.0	0.0	0.0	Inf	Inf
ETHSO3tex_f	maltpt_c	-0.0	0.0	0.0	Inf	Inf
ETHSO3tex_f	malttr_c	-0.0	0.0	0.0	Inf	Inf
ETHSO3tex_f	maltttr_c	-0.0	0.0	0.0	Inf	Inf
ETHSO3tex_f	h2o2_c	-0.0	-0.0012269063915864328	0.8759998311278423	-0.0	0.0
ETHSO3tex_f	man_c	-0.0	-5.2260259636273645	0.0	-0.0	Inf
ETHSO3tex_f	mdhdhf_c	-0.0	-56.1208429282791	0.00014865532481596008	-0.0	0.0
ETHSO3tex_f	melib_c	-0.0	0.0	0.0	Inf	Inf
ETHSO3tex_f	meoh_c	-0.0	-1000.0	0.0	-0.0	Inf
ETHSO3tex_f	pacald_c	-0.0	-418.0820770901893	0.0	-0.0	Inf
ETHSO3tex_f	metsox_S__L_c	-0.0	-0.03721582723983374	0.0	-0.0	Inf
ETHSO3tex_f	mg2_c	-0.0	-0.0028914460600413757	209.04103854509464	-0.0	0.0
ETHSO3tex_f	hhlipa_c	-0.0	0.0	0.0	Inf	Inf
ETHSO3tex_f	pe120_c	-0.0	0.0	0.0	Inf	Inf
ETHSO3tex_f	mobd_c	-0.0	-4.299671945773298e-05	145.47948072745268	-0.0	0.0
ETHSO3tex_f	hlipa_c	-0.0	0.0	0.0	Inf	Inf
ETHSO3tex_f	pg120_c	-0.0	-0.025939354256675512	0.0	-0.0	Inf
ETHSO3tex_f	mql8_c	0.0	0.0	0.0	Inf	Inf
ETHSO3tex_f	mqn8_c	-0.0	0.0	0.0	Inf	Inf
ETHSO3tex_f	mthgxl_c	-0.0	0.0	0.0012269063915864328	Inf	0.0
ETHSO3tex_f	hqn_c	0.0	0.0	0.0	Inf	Inf
ETHSO3tex_f	mththf_c	-0.0	-999.9998513446752	0.00014865532481596008	-0.0	0.0
ETHSO3tex_f	n2o_c	-0.0	-1000.0	0.0	-0.0	Inf
ETHSO3tex_f	na1_c	-0.0	0.0	0.0	Inf	Inf
ETHSO3tex_f	nac_c	-0.0	0.0	0.0	Inf	Inf
ETHSO3tex_f	ncam_c	-0.0	0.0	0.0	Inf	Inf
ETHSO3tex_f	ni2_c	-0.0	-0.00010765845272545987	999.9998923415473	-0.0	0.0
ETHSO3tex_f	no_c	-0.0	-1000.0	0.0	-0.0	Inf
ETHSO3tex_f	indole_c	-0.0	-0.018946221140165063	0.40000466629953735	-0.0	0.0
ETHSO3tex_f	no2_c	-0.0	-418.0820770901893	0.0	-0.0	Inf
ETHSO3tex_f	no3_c	0.0	0.0	0.0	Inf	Inf
ETHSO3tex_f	inost_c	0.0	0.0	0.0	Inf	Inf
ETHSO3tex_f	o2_c	-0.0	-51.10702679718531	948.8929732028147	-0.0	0.0
ETHSO3tex_f	poaac_c	-0.0	-28.06042146413955	0.0	-0.0	Inf
ETHSO3tex_f	ppal_c	-0.0	0.0	0.0	Inf	Inf
ETHSO3tex_f	k_c	-0.0	-0.06505936954439842	581.9179229098107	-0.0	0.0
ETHSO3tex_f	psclys_c	-0.0	0.0	0.0	Inf	Inf
ETHSO3tex_f	lald__D_c	-0.0	0.0	0.0012269063915864328	Inf	0.0
ETHSO3tex_f	lald__L_c	-0.0	-2.024687227569075	0.0	-0.0	Inf
ETHSO3tex_f	ura_c	-0.0	0.0	0.0	Inf	Inf
ETHSO3tex_f	pydx_c	-0.0	0.0	0.0012269063915864328	Inf	0.0
ETHSO3tex_f	uracp_c	-0.0	-0.06250767534932931	0.0	-0.0	Inf
ETHSO3tex_f	pydxn_c	-0.0	0.0	0.40000466629953735	Inf	0.0
ETHSO3tex_f	urate_c	-0.0	-0.0012269063915864328	0.0	-0.0	Inf
ETHSO3tex_f	q8_c	0.0	0.0	0.0	Inf	Inf
ETHSO3tex_f	q8h2_c	-0.0	0.0	0.0	Inf	Inf
ETHSO3tex_f	urea_c	-0.0	-1000.0	0.0	-0.0	Inf
ETHSO3tex_f	uri_c	-0.0	0.0	0.013623256892287827	Inf	0.0
ETHSO3tex_f	rbflvrd_c	-0.0	0.0	0.10000116657488434	Inf	0.0
ETHSO3tex_f	rbl__L_c	-0.0	-6.334576925608926	0.0	-0.0	Inf
ETHSO3tex_f	rdmbzi_c	0.0	0.0	0.0	Inf	Inf
ETHSO3tex_f	thptdn_c	0.0	0.0	0.0	Inf	Inf
ETHSO3tex_f	xan_c	-0.0	-0.0156269188373323	0.0	-0.0	Inf
ETHSO3tex_f	rephaccoa_c	-0.0	-0.00019198535278519557	0.0	-0.0	Inf
ETHSO3tex_f	rib__D_c	-0.0	0.0	6.613810316685255	Inf	0.0
ETHSO3tex_f	xtsn_c	-0.0	0.0	0.0	Inf	Inf
ETHSO3tex_f	rml_c	-0.0	-2.024687227569075	0.0	-0.0	Inf
ETHSO3tex_f	thym_c	-0.0	-581.9179229098107	0.0	-0.0	Inf
ETHSO3tex_f	thymd_c	-0.0	-0.008721334594471773	0.0	-0.0	Inf
ETHSO3tex_f	xu5p__L_c	-0.0	-0.32151913594952924	0.0	-0.0	Inf
ETHSO3tex_f	rmn_c	-0.0	-2.024687227569075	0.0	-0.0	Inf
ETHSO3tex_f	xyl__D_c	0.0	0.0	0.0	Inf	Inf
ETHSO3tex_f	tmao_c	0.0	0.0	0.0	Inf	Inf
ETHSO3tex_f	xylu__D_c	-0.0	0.0	0.0	Inf	Inf
ETHSO3tex_f	xylu__L_c	-0.0	-6.334576925608926	0.0	-0.0	Inf
ETHSO3tex_f	12ppd__R_e	-0.0	-1000.0	0.0	-0.0	Inf
ETHSO3tex_f	12ppd__S_e	-0.0	-1000.0	0.0	-0.0	Inf
ETHSO3tex_f	tre_c	-0.0	-2.6130129818136822	0.0	-0.0	Inf
ETHSO3tex_f	seln_c	0.0	0.0	0.0	Inf	Inf
ETHSO3tex_f	34dhpac_e	-0.0	-1000.0	0.0	-0.0	Inf
ETHSO3tex_f	slnt_c	0.0	0.0	0.0	Inf	Inf
ETHSO3tex_f	so2_c	0.0	0.0	0.0	Inf	Inf
ETHSO3tex_f	so3_c	-0.0	-0.08261636334472659	29.095896145490535	-0.0	0.0
ETHSO3tex_f	so4_c	-0.0	-0.08406225302869887	581.9179229098107	-0.0	0.0
ETHSO3tex_f	4hoxpacd_e	-0.0	-1000.0	0.0	-0.0	Inf
ETHSO3tex_f	5mtr_e	-0.0	0.0	0.0	Inf	Inf
ETHSO3tex_f	LalaDgluMdap_e	-0.0	-1000.0	0.0	-0.0	Inf
ETHSO3tex_f	ac_e	-0.0	0.0	0.0	Inf	Inf
ETHSO3tex_f	acald_e	-0.0	-1000.0	0.0	-0.0	Inf
ETHSO3tex_f	acgal_e	-0.0	-1000.0	0.0	-0.0	Inf
ETHSO3tex_f	acgam_e	-0.0	-1000.0	0.0	-0.0	Inf
ETHSO3tex_f	acmana_e	-0.0	-1000.0	0.0	-0.0	Inf
ETHSO3tex_f	tagur_c	-0.0	0.0	0.0	Inf	Inf
ETHSO3tex_f	tartr__L_c	-0.0	-0.03125383767466466	0.0	-0.0	Inf
ETHSO3tex_f	ade_e	-0.0	-1000.0	0.0	-0.0	Inf
ETHSO3tex_f	adn_e	-0.0	-1000.0	0.0	-0.0	Inf
ETHSO3tex_f	all__D_e	-0.0	-1000.0	0.0	-0.0	Inf
ETHSO3tex_f	cl_e	-0.0	-0.0017348676360597892	999.9982651323639	-0.0	0.0
ETHSO3tex_f	alltn_e	-0.0	0.0	0.0	Inf	Inf
ETHSO3tex_f	cm_e	-0.0	-1000.0	0.0	-0.0	Inf
ETHSO3tex_f	co2_e	-0.0	-947.6817274682317	52.31827253176834	-0.0	0.0
ETHSO3tex_f	arab__L_e	-0.0	-1000.0	0.0	-0.0	Inf
ETHSO3tex_f	arbt_e	-0.0	-1000.0	0.0	-0.0	Inf
ETHSO3tex_f	unagamu_c	-0.0	0.0	0.11829667810537911	Inf	0.0
ETHSO3tex_f	crn_e	-0.0	-1000.0	0.0	-0.0	Inf
ETHSO3tex_f	csn_e	-0.0	-1000.0	0.0	-0.0	Inf
ETHSO3tex_f	cyan_e	-0.0	-1000.0	0.0	-0.0	Inf
ETHSO3tex_f	glyb_e	-0.0	-1000.0	0.0	-0.0	Inf
ETHSO3tex_f	glyc_e	-0.0	-1000.0	0.0	-0.0	Inf
ETHSO3tex_f	cytd_e	-0.0	-1000.0	0.0	-0.0	Inf
ETHSO3tex_f	ca2_e	-0.0	-0.0017348676360597892	999.9982651323639	-0.0	0.0
ETHSO3tex_f	dad_2_e	-0.0	-1000.0	0.0	-0.0	Inf
ETHSO3tex_f	dcyt_e	-0.0	-1000.0	0.0	-0.0	Inf
ETHSO3tex_f	chol_e	-0.0	-1000.0	0.0	-0.0	Inf
ETHSO3tex_f	dha_e	-0.0	-1000.0	0.0	-0.0	Inf
ETHSO3tex_f	ppal_e	-0.0	-1000.0	0.0	-0.0	Inf
ETHSO3tex_f	h2_e	-0.0	-1000.0	0.0	-0.0	Inf
ETHSO3tex_f	dms_e	-0.0	-1000.0	0.0	-0.0	Inf
ETHSO3tex_f	dmso_e	-0.0	-1000.0	0.0	-0.0	Inf
ETHSO3tex_f	h2o2_e	-0.0	-1000.0	0.0	-0.0	Inf
ETHSO3tex_f	psclys_e	-0.0	-1000.0	0.0	-0.0	Inf
ETHSO3tex_f	duri_e	-0.0	-1000.0	0.0	-0.0	Inf
ETHSO3tex_f	pydx_e	-0.0	-1000.0	0.0	-0.0	Inf
ETHSO3tex_f	pydxn_e	-0.0	-1000.0	0.0	-0.0	Inf
ETHSO3tex_f	etoh_e	-0.0	-1000.0	0.0	-0.0	Inf
ETHSO3tex_f	fald_e	-0.0	0.0	0.0	Inf	Inf
ETHSO3tex_f	rib__D_e	-0.0	-1000.0	0.0	-0.0	Inf
ETHSO3tex_f	rmn_e	-0.0	-1000.0	0.0	-0.0	Inf
ETHSO3tex_f	indole_e	-0.0	-1000.0	0.0	-0.0	Inf
ETHSO3tex_f	inost_e	-0.0	-1000.0	0.0	-0.0	Inf
ETHSO3tex_f	sbt__D_e	-0.0	-2.024687227569075	0.0	-0.0	Inf
ETHSO3tex_f	k_e	-0.0	-0.06505936954442859	999.9349406304556	-0.0	0.0
ETHSO3tex_f	for_e	-0.0	0.0	0.0008176042889908019	Inf	0.0
ETHSO3tex_f	slnt_e	-0.0	0.0	1000.0	Inf	0.0
ETHSO3tex_f	fru_e	-0.0	-1000.0	0.0	-0.0	Inf
ETHSO3tex_f	so2_e	-0.0	-1000.0	0.0	-0.0	Inf
ETHSO3tex_f	so3_e	-0.0	-1000.0	0.0	-0.0	Inf
ETHSO3tex_f	so4_e	-0.0	-0.08406225302869887	999.9159377469713	-0.0	0.0
ETHSO3tex_f	lipa_cold_e	-0.0	-1000.0	0.0	-0.0	Inf
ETHSO3tex_f	sucr_e	-0.0	-1000.0	0.0	-0.0	Inf
ETHSO3tex_f	g3pe_e	-0.0	-1000.0	0.0	-0.0	Inf
ETHSO3tex_f	malt_e	-0.0	-1000.0	0.0	-0.0	Inf
ETHSO3tex_f	tartr__L_e	-0.0	-1000.0	0.0	-0.0	Inf
ETHSO3tex_f	g3pi_e	-0.0	-1000.0	0.0	-0.0	Inf
ETHSO3tex_f	malthx_e	-0.0	-1000.0	0.0	-0.0	Inf
ETHSO3tex_f	maltpt_e	-0.0	-1000.0	0.0	-0.0	Inf
ETHSO3tex_f	gal_e	-0.0	-1000.0	0.0	-0.0	Inf
ETHSO3tex_f	gal_bD_e	-0.0	-1000.0	0.0	-0.0	Inf
ETHSO3tex_f	malttr_e	-0.0	-1000.0	0.0	-0.0	Inf
ETHSO3tex_f	maltttr_e	-0.0	-1000.0	0.0	-0.0	Inf
ETHSO3tex_f	man_e	-0.0	-1000.0	0.0	-0.0	Inf
ETHSO3tex_f	thym_e	-0.0	-1000.0	0.0	-0.0	Inf
ETHSO3tex_f	thymd_e	-0.0	-1000.0	0.0	-0.0	Inf
ETHSO3tex_f	galt_e	-0.0	-2.024687227569075	0.0	-0.0	Inf
ETHSO3tex_f	melib_e	-0.0	-1000.0	0.0	-0.0	Inf
ETHSO3tex_f	meoh_e	-0.0	-1000.0	0.0	-0.0	Inf
ETHSO3tex_f	tmao_e	-0.0	-1000.0	0.0	-0.0	Inf
ETHSO3tex_f	tre_e	-0.0	-1000.0	0.0	-0.0	Inf
ETHSO3tex_f	metsox_S__L_e	-0.0	-1000.0	0.0	-0.0	Inf
ETHSO3tex_f	glc__D_e	-0.0	-5.2921781910150525	6.613810316685255	-0.0	0.0
ETHSO3tex_f	mg2_e	-0.0	-0.0028914460600413757	999.9971085539399	-0.0	0.0
ETHSO3tex_f	mnl_e	-0.0	-1000.0	0.0	-0.0	Inf
ETHSO3tex_f	mobd_e	-0.0	-4.299671945773298e-05	999.9999570032805	-0.0	0.0
ETHSO3tex_f	glyald_e	-0.0	-1000.0	0.0	-0.0	Inf
ETHSO3tex_f	n2o_e	-0.0	-1000.0	0.0	-0.0	Inf
ETHSO3tex_f	na1_e	-0.0	0.0	1000.0	Inf	0.0
ETHSO3tex_f	nac_e	-0.0	-1000.0	0.0	-0.0	Inf
ETHSO3tex_f	ni2_e	-0.0	-0.00010765845274818275	999.9998923415473	-0.0	0.0
ETHSO3tex_f	no_e	-0.0	-1000.0	0.0	-0.0	Inf
ETHSO3tex_f	no2_e	-0.0	-1000.0	0.0	-0.0	Inf
ETHSO3tex_f	ura_e	-0.0	-1000.0	0.0	-0.0	Inf
ETHSO3tex_f	no3_e	-0.0	-1000.0	0.0	-0.0	Inf
ETHSO3tex_f	urea_e	-0.0	-1000.0	0.0	-0.0	Inf
ETHSO3tex_f	novbcn_e	-0.0	-1000.0	0.0	-0.0	Inf
ETHSO3tex_f	uri_e	-0.0	-1000.0	0.0	-0.0	Inf
ETHSO3tex_f	o2_e	-0.0	-51.10702679718531	948.8929732028147	-0.0	0.0
ETHSO3tex_f	xan_e	-0.0	0.0	0.0	Inf	Inf
ETHSO3tex_f	xtsn_e	-0.0	-1000.0	0.0	-0.0	Inf
ETHSO3tex_f	xyl__D_e	-0.0	-1000.0	0.0	-0.0	Inf
ETHSO3tex_f	xylu__L_e	-0.0	-1000.0	0.0	-0.0	Inf
ETHSO3tex_f	pacald_e	-0.0	-1000.0	0.0	-0.0	Inf
ETHSO3tex_f	12dgr120_p	-0.0	0.0	0.0	Inf	Inf
ETHSO3tex_f	12dgr140_p	-0.0	0.0	0.0	Inf	Inf
ETHSO3tex_f	12dgr160_p	-0.0	-0.02126971053314719	0.0	-0.0	Inf
ETHSO3tex_f	12dgr180_p	-0.0	0.0	0.0	Inf	Inf
ETHSO3tex_f	12ppd__R_p	-0.0	-1000.0	0.0	-0.0	Inf
ETHSO3tex_f	12ppd__S_p	-0.0	0.0	0.0	Inf	Inf
ETHSO3tex_f	chol_p	-0.0	-1000.0	0.0	-0.0	Inf
ETHSO3tex_f	cl_p	-0.0	-0.0017348676360597892	999.9982651323639	-0.0	0.0
ETHSO3tex_f	34dhpac_p	-0.0	-1000.0	0.0	-0.0	Inf
ETHSO3tex_f	cm_p	-0.0	0.0	0.0	Inf	Inf
ETHSO3tex_f	4hoxpacd_p	-0.0	-1000.0	0.0	-0.0	Inf
ETHSO3tex_f	co2_p	-0.0	-947.6817274682317	52.31827253176834	-0.0	0.0
ETHSO3tex_f	5mtr_p	-0.0	0.0	0.0	Inf	Inf
ETHSO3tex_f	LalaDgluMdap_p	-0.0	0.0	0.0	Inf	Inf
ETHSO3tex_f	gal_p	-0.0	-1000.0	0.0	-0.0	Inf
ETHSO3tex_f	ac_p	-0.0	-0.06250767534932931	0.0	-0.0	Inf
ETHSO3tex_f	crn_p	-0.0	-1000.0	0.0	-0.0	Inf
ETHSO3tex_f	gal_bD_p	-0.0	-1000.0	0.0	-0.0	Inf
ETHSO3tex_f	acald_p	-0.0	-1000.0	0.0	-0.0	Inf
ETHSO3tex_f	acgal_p	-0.0	-1000.0	0.0	-0.0	Inf
ETHSO3tex_f	csn_p	-0.0	0.0	0.0	Inf	Inf
ETHSO3tex_f	acgam_p	-0.0	-1000.0	0.0	-0.0	Inf
ETHSO3tex_f	galt_p	-0.0	-2.024687227569075	0.0	-0.0	Inf
ETHSO3tex_f	acmana_p	-0.0	-1000.0	0.0	-0.0	Inf
ETHSO3tex_f	cyan_p	-0.0	0.0	0.0	Inf	Inf
ETHSO3tex_f	ade_p	-0.0	-1000.0	0.0	-0.0	Inf
ETHSO3tex_f	adn_p	-0.0	0.0	0.00022298298722394012	Inf	0.0
ETHSO3tex_f	cytd_p	-0.0	0.0	0.0	Inf	Inf
ETHSO3tex_f	glc__D_p	-0.0	-5.2921781910150525	6.613810316685255	-0.0	0.0
ETHSO3tex_f	dad_2_p	-0.0	-1000.0	0.0	-0.0	Inf
ETHSO3tex_f	dcyt_p	-0.0	-1000.0	0.0	-0.0	Inf
ETHSO3tex_f	all__D_p	-0.0	0.0	0.0	Inf	Inf
ETHSO3tex_f	alltn_p	-0.0	0.0	0.0	Inf	Inf
ETHSO3tex_f	dha_p	-0.0	-1000.0	0.0	-0.0	Inf
ETHSO3tex_f	glyald_p	-0.0	-1000.0	0.0	-0.0	Inf
ETHSO3tex_f	glyb_p	0.0	0.0	0.0	Inf	Inf
ETHSO3tex_f	dms_p	-0.0	-1000.0	0.0	-0.0	Inf
ETHSO3tex_f	glyc_p	-0.0	-8.532287287554881	0.0	-0.0	Inf
ETHSO3tex_f	dmso_p	-0.0	-1000.0	0.0	-0.0	Inf
ETHSO3tex_f	arab__L_p	-0.0	0.0	0.0	Inf	Inf
ETHSO3tex_f	arbt_p	0.0	0.0	0.0	Inf	Inf
ETHSO3tex_f	ca2_p	-0.0	-0.0017348676360597892	999.9982651323639	-0.0	0.0
ETHSO3tex_f	duri_p	-0.0	-1000.0	0.0	-0.0	Inf
ETHSO3tex_f	h2_p	-0.0	-1000.0	0.0	-0.0	Inf
ETHSO3tex_f	h2o2_p	-0.0	-1000.0	0.0	-0.0	Inf
ETHSO3tex_f	etoh_p	-0.0	-1000.0	0.0	-0.0	Inf
ETHSO3tex_f	fald_p	-0.0	0.0	0.0	Inf	Inf
ETHSO3tex_f	n2o_p	-0.0	-1000.0	0.0	-0.0	Inf
ETHSO3tex_f	na1_p	-0.0	0.0	0.0	Inf	Inf
ETHSO3tex_f	indole_p	-0.0	0.0	0.40000466629953735	Inf	0.0
ETHSO3tex_f	nac_p	-0.0	-1000.0	0.0	-0.0	Inf
ETHSO3tex_f	ni2_p	-0.0	-0.00010765845274818275	999.9998923415473	-0.0	0.0
ETHSO3tex_f	inost_p	-0.0	-1000.0	0.0	-0.0	Inf
ETHSO3tex_f	no_p	-0.0	-1000.0	0.0	-0.0	Inf
ETHSO3tex_f	no2_p	-0.0	-1000.0	0.0	-0.0	Inf
ETHSO3tex_f	for_p	-0.0	-0.06250767534932931	0.0008176042889908019	-0.0	0.0
ETHSO3tex_f	fru_p	-0.0	-1000.0	0.0	-0.0	Inf
ETHSO3tex_f	no3_p	-0.0	0.0	0.0	Inf	Inf
ETHSO3tex_f	k_p	-0.0	-0.06505936954442859	999.9349406304556	-0.0	0.0
ETHSO3tex_f	novbcn_p	-0.0	0.0	0.0	Inf	Inf
ETHSO3tex_f	o2_p	-0.0	-51.10702679718531	948.8929732028147	-0.0	0.0
ETHSO3tex_f	lipa_cold_p	-0.0	-145.47948072745268	0.0	-0.0	Inf
ETHSO3tex_f	g3pe_p	-0.0	0.0	0.0	Inf	Inf
ETHSO3tex_f	g3pi_p	-0.0	0.0	0.0	Inf	Inf
ETHSO3tex_f	so3_p	-0.0	-1000.0	0.0	-0.0	Inf
ETHSO3tex_f	so4_p	-0.0	-0.08406225302869887	999.9159377469713	-0.0	0.0
ETHSO3tex_f	malt_p	0.0	0.0	0.0	Inf	Inf
ETHSO3tex_f	malthx_p	0.0	0.0	0.0	Inf	Inf
ETHSO3tex_f	maltpt_p	0.0	0.0	0.0	Inf	Inf
ETHSO3tex_f	sucr_p	-0.0	-1000.0	0.0	-0.0	Inf
ETHSO3tex_f	malttr_p	0.0	0.0	0.0	Inf	Inf
ETHSO3tex_f	maltttr_p	0.0	0.0	0.0	Inf	Inf
ETHSO3tex_f	pacald_p	-0.0	-1000.0	0.0	-0.0	Inf
ETHSO3tex_f	man_p	-0.0	-1000.0	0.0	-0.0	Inf
ETHSO3tex_f	tartr__L_p	-0.0	-1000.0	0.0	-0.0	Inf
ETHSO3tex_f	pe120_p	-0.0	-0.025939354256675512	0.0	-0.0	Inf
ETHSO3tex_f	melib_p	-0.0	-1000.0	0.0	-0.0	Inf
ETHSO3tex_f	meoh_p	-0.0	-1000.0	0.0	-0.0	Inf
ETHSO3tex_f	thym_p	-0.0	-1000.0	0.0	-0.0	Inf
ETHSO3tex_f	thymd_p	-0.0	-0.008721334594471773	0.0	-0.0	Inf
ETHSO3tex_f	pg120_p	-0.0	-0.025939354256675512	0.0	-0.0	Inf
ETHSO3tex_f	metsox_S__L_p	-0.0	-1000.0	0.0	-0.0	Inf
ETHSO3tex_f	tmao_p	-0.0	-1000.0	0.0	-0.0	Inf
ETHSO3tex_f	mg2_p	-0.0	-0.0028914460600413757	999.9971085539399	-0.0	0.0
ETHSO3tex_f	tre_p	-0.0	0.0	0.0	Inf	Inf
ETHSO3tex_f	mnl_p	-0.0	0.0	0.0	Inf	Inf
ETHSO3tex_f	mobd_p	-0.0	-4.299671945773298e-05	999.9999570032805	-0.0	0.0
ETHSO3tex_f	ura_p	-0.0	-1000.0	0.0	-0.0	Inf
ETHSO3tex_f	urea_p	-0.0	-1000.0	0.0	-0.0	Inf
ETHSO3tex_f	uri_p	-0.0	0.0	0.0	Inf	Inf
ETHSO3tex_f	xan_p	-0.0	-0.0156269188373323	0.0	-0.0	Inf
ETHSO3tex_f	xtsn_p	-0.0	0.0	0.0	Inf	Inf
ETHSO3tex_f	xyl__D_p	-0.0	0.0	0.0	Inf	Inf
ETHSO3tex_f	xylu__L_p	-0.0	-1000.0	0.0	-0.0	Inf
ETHSO3tex_f	ppal_p	-0.0	-1000.0	0.0	-0.0	Inf
ETHSO3tex_f	psclys_p	-0.0	-1000.0	0.0	-0.0	Inf
ETHSO3tex_f	pydx_p	-0.0	0.0	0.0	Inf	Inf
ETHSO3tex_f	pydxn_p	-0.0	0.0	0.0	Inf	Inf
ETHSO3tex_f	rib__D_p	-0.0	-1000.0	0.0	-0.0	Inf
ETHSO3tex_f	rmn_p	-0.0	-1000.0	0.0	-0.0	Inf
ETHSO3tex_f	sbt__D_p	-0.0	-2.024687227569075	0.0	-0.0	Inf
ETHSO3tex_f	slnt_p	-0.0	0.0	0.0	Inf	Inf
ETHSO3tex_f	so2_p	-0.0	-1000.0	0.0	-0.0	Inf
