Reaction	Metabolite	ShadowPrice	G-	G+	DecrementalShadowPrice	IncrementalShadowPrice
GALCTD	12dgr120_c	-0.0	0.0	0.0	Inf	Inf
GALCTD	12dgr140_c	-0.0	0.0	0.0	Inf	Inf
GALCTD	12dgr160_c	-0.0	-0.02126971053314719	0.0	-0.0	Inf
GALCTD	12dgr180_c	-0.0	0.0	0.0	Inf	Inf
GALCTD	12ppd__R_c	-0.0	-1000.0	0.0	-0.0	Inf
GALCTD	12ppd__S_c	-0.0	0.0	0.0	Inf	Inf
GALCTD	5drib_c	-0.0	-999.9999256723376	7.432766240798004e-05	-0.0	0.0
GALCTD	5mta_c	-0.0	0.0	0.0	Inf	Inf
GALCTD	23dhacoa_c	-0.0	-0.00019198535278519557	0.0	-0.0	Inf
GALCTD	5mtr_c	-0.0	0.0	0.0	Inf	Inf
GALCTD	3amac_c	-0.0	-0.06250767534932931	0.0	-0.0	Inf
GALCTD	LalaDgluMdap_c	-0.0	-0.009261960013421297	0.0	-0.0	Inf
GALCTD	ac_c	-0.0	-0.06250767534932931	0.09558604047306435	-0.0	0.0
GALCTD	acald_c	-0.0	-1.064670102948412	6.613810316685257	-0.0	0.0
GALCTD	acetol_c	-0.0	0.0	0.0012269063915864328	Inf	0.0
GALCTD	acgam_c	-0.0	-0.03149359715517476	0.0	-0.0	Inf
GALCTD	acgam6p_c	-0.0	-0.03149359715517476	0.0	-0.0	Inf
GALCTD	acmalt_c	0.0	0.0	0.0	Inf	Inf
GALCTD	acmana_c	-0.0	-0.03149359715517476	0.0	-0.0	Inf
GALCTD	2dmmq8_c	-0.0	0.0	0.0	Inf	Inf
GALCTD	2dmmql8_c	0.0	0.0	0.0	Inf	Inf
GALCTD	ade_c	-0.0	-0.012501535069865845	0.00022298298722394012	-0.0	0.0
GALCTD	adn_c	-0.0	0.0	0.00022298298722394012	Inf	0.0
GALCTD	3sala_c	0.0	0.0	0.0	Inf	Inf
GALCTD	adphep_DD_c	-0.0	0.0	0.0	Inf	Inf
GALCTD	adphep_LD_c	-0.0	0.0	0.0	Inf	Inf
GALCTD	4ahmmp_c	0.0	0.0	0.0	Inf	Inf
GALCTD	4crsol_c	-0.0	-999.9999256723376	7.432766240798004e-05	-0.0	0.0
GALCTD	2ohph_c	-0.0	-7.432766240798004e-05	0.1330837628685515	-0.0	0.0
GALCTD	2ombzl_c	-0.0	0.0	0.0	Inf	Inf
GALCTD	2omhmbl_c	-0.0	0.0	0.0	Inf	Inf
GALCTD	2ommbl_c	-0.0	0.0	0.0	Inf	Inf
GALCTD	2omph_c	-0.0	0.0	0.1330837628685515	Inf	0.0
GALCTD	4mhetz_c	0.0	0.0	0.0	Inf	Inf
GALCTD	2oph_c	-0.0	-7.432766240798004e-05	0.1330837628685515	-0.0	0.0
GALCTD	2oxpaccoa_c	-0.0	-0.00019198535278519557	0.0	-0.0	Inf
GALCTD	all__D_c	-0.0	-5.2260259636273645	0.0	-0.0	Inf
GALCTD	alltn_c	-0.0	-0.01562691883733233	0.0	-0.0	Inf
GALCTD	4r5au_c	-0.0	-0.00014865532564998206	0.10000116657488434	-0.0	0.0
GALCTD	56dura_c	0.0	0.0	0.0	Inf	Inf
GALCTD	arab__L_c	-0.0	-6.334576925608926	0.0	-0.0	Inf
GALCTD	etoh_c	-0.0	-1000.0	0.0	-0.0	Inf
GALCTD	csn_c	-0.0	0.0	0.013623256892287827	Inf	0.0
GALCTD	fald_c	-0.0	0.0	0.0	Inf	Inf
GALCTD	fc1p_c	-0.0	-0.3215191359495293	0.0	-0.0	Inf
GALCTD	fcl__L_c	-0.0	0.0	0.0	Inf	Inf
GALCTD	aso4_c	0.0	0.0	0.0	Inf	Inf
GALCTD	cyan_c	0.0	0.0	0.0	Inf	Inf
GALCTD	athtp_c	0.0	0.0	0.0	Inf	Inf
GALCTD	cytd_c	-0.0	0.0	0.0	Inf	Inf
GALCTD	dad_2_c	-0.0	0.0	0.0	Inf	Inf
GALCTD	dad_5_c	-0.0	-0.012501535069865845	7.432766240798004e-05	-0.0	0.0
GALCTD	betald_c	0.0	0.0	0.0	Inf	Inf
GALCTD	btal_c	-0.0	-59.72601101288418	0.0	-0.0	Inf
GALCTD	for_c	-0.0	-0.06250767534932931	0.0008176042889908019	-0.0	0.0
GALCTD	dcyt_c	-0.0	-0.008721334594471773	0.0	-0.0	Inf
GALCTD	fru_c	-0.0	0.0	6.613810316685255	Inf	0.0
GALCTD	ca2_c	-0.0	-0.0017348676360597892	418.0820770901893	-0.0	0.0
GALCTD	g3pe_c	-0.0	-0.04633913116258587	0.0	-0.0	Inf
GALCTD	g3pi_c	0.0	0.0	0.0	Inf	Inf
GALCTD	cbm_c	-0.0	-0.03125383767466466	0.0	-0.0	Inf
GALCTD	dha_c	-0.0	-9.954335168814026	0.0	-0.0	Inf
GALCTD	gal_c	-0.0	0.0	0.0	Inf	Inf
GALCTD	dhgly_c	-0.0	-7.432766240798004e-05	0.40000466629953735	-0.0	0.0
GALCTD	dhmptp_c	0.0	0.0	0.0	Inf	Inf
GALCTD	gcald_c	-0.0	-16.72328308360757	0.00022298298722489562	-0.0	0.0
GALCTD	dhptd_c	-0.0	-56.1208429282791	0.00014865532481596008	-0.0	0.0
GALCTD	cechddd_c	-0.0	0.0	0.0	Inf	Inf
GALCTD	dhptdn_c	0.0	0.0	0.0	Inf	Inf
GALCTD	chol_c	0.0	0.0	0.0	Inf	Inf
GALCTD	chtbs6p_c	-0.0	0.0	0.0	Inf	Inf
GALCTD	dmbzid_c	0.0	0.0	0.0	Inf	Inf
GALCTD	dms_c	0.0	0.0	0.0	Inf	Inf
GALCTD	dmso_c	0.0	0.0	0.0	Inf	Inf
GALCTD	cl_c	-0.0	-0.0017348676360248257	836.1641541803785	-0.0	0.0
GALCTD	glc__D_c	-0.0	-5.2260259636273645	6.613810316685255	-0.0	0.0
GALCTD	co2_c	-0.0	-947.6817274682317	52.31745492747939	-0.0	0.0
GALCTD	dscl_c	-0.0	-7.432766240798004e-05	0.0017029071115359784	-0.0	0.0
GALCTD	dtdp4aaddg_c	-0.0	0.0	0.0	Inf	Inf
GALCTD	glyald_c	-0.0	-1000.0	0.0	-0.0	Inf
GALCTD	crn_c	-0.0	-418.0820770901893	0.0	-0.0	Inf
GALCTD	duri_c	-0.0	-0.008721334594471773	0.0	-0.0	Inf
GALCTD	glyb_c	0.0	0.0	0.0	Inf	Inf
GALCTD	glyc_c	-0.0	-8.532287287554881	0.0	-0.0	Inf
GALCTD	dxyl_c	0.0	0.0	0.0	Inf	Inf
GALCTD	glycogen_c	-0.0	-1.0694027418701353	0.0	-0.0	Inf
GALCTD	gmhep1p_c	-0.0	0.0	5.376927612185429	Inf	0.0
GALCTD	lipa_cold_c	-0.0	0.0	0.0	Inf	Inf
GALCTD	lipidA_c	-0.0	-0.006484838564168877	0.20000233314976867	-0.0	0.0
GALCTD	malt_c	0.0	0.0	0.0	Inf	Inf
GALCTD	h2_c	-0.0	0.0	0.0	Inf	Inf
GALCTD	malthx_c	-0.0	0.0	0.0	Inf	Inf
GALCTD	maltpt_c	-0.0	0.0	0.0	Inf	Inf
GALCTD	malttr_c	-0.0	0.0	0.0	Inf	Inf
GALCTD	maltttr_c	-0.0	0.0	0.0	Inf	Inf
GALCTD	h2o2_c	-0.0	-0.0012269063915864328	0.8759998311278423	-0.0	0.0
GALCTD	man_c	-0.0	-5.2260259636273645	0.0	-0.0	Inf
GALCTD	mdhdhf_c	-0.0	-56.1208429282791	0.00014865532481596008	-0.0	0.0
GALCTD	melib_c	-0.0	0.0	0.0	Inf	Inf
GALCTD	meoh_c	-0.0	-1000.0	0.0	-0.0	Inf
GALCTD	pacald_c	-0.0	-418.0820770901893	0.0	-0.0	Inf
GALCTD	metsox_S__L_c	-0.0	-0.03721582723983374	0.0	-0.0	Inf
GALCTD	mg2_c	-0.0	-0.0028914460600413757	209.04103854509464	-0.0	0.0
GALCTD	hhlipa_c	-0.0	0.0	0.0	Inf	Inf
GALCTD	pe120_c	-0.0	0.0	0.0	Inf	Inf
GALCTD	mobd_c	-0.0	-4.299671945773298e-05	145.47948072745268	-0.0	0.0
GALCTD	hlipa_c	-0.0	0.0	0.0	Inf	Inf
GALCTD	pg120_c	-0.0	-0.025939354256675512	0.0	-0.0	Inf
GALCTD	mql8_c	0.0	0.0	0.0	Inf	Inf
GALCTD	mqn8_c	-0.0	0.0	0.0	Inf	Inf
GALCTD	mthgxl_c	-0.0	0.0	0.0012269063915864328	Inf	0.0
GALCTD	hqn_c	0.0	0.0	0.0	Inf	Inf
GALCTD	mththf_c	-0.0	-999.9998513446752	0.00014865532481596008	-0.0	0.0
GALCTD	n2o_c	-0.0	-1000.0	0.0	-0.0	Inf
GALCTD	na1_c	-0.0	0.0	0.0	Inf	Inf
GALCTD	nac_c	-0.0	0.0	0.0	Inf	Inf
GALCTD	ncam_c	-0.0	0.0	0.0	Inf	Inf
GALCTD	ni2_c	-0.0	-0.00010765845272545987	999.9998923415473	-0.0	0.0
GALCTD	no_c	-0.0	-1000.0	0.0	-0.0	Inf
GALCTD	indole_c	-0.0	-0.018946221140165063	0.40000466629953735	-0.0	0.0
GALCTD	no2_c	-0.0	-418.0820770901893	0.0	-0.0	Inf
GALCTD	no3_c	0.0	0.0	0.0	Inf	Inf
GALCTD	inost_c	0.0	0.0	0.0	Inf	Inf
GALCTD	o2_c	-0.0	-51.10702679718531	948.8929732028147	-0.0	0.0
GALCTD	poaac_c	-0.0	-28.06042146413955	0.0	-0.0	Inf
GALCTD	ppal_c	-0.0	0.0	0.0	Inf	Inf
GALCTD	k_c	-0.0	-0.06505936954439842	581.9179229098107	-0.0	0.0
GALCTD	psclys_c	-0.0	0.0	0.0	Inf	Inf
GALCTD	lald__D_c	-0.0	0.0	0.0012269063915864328	Inf	0.0
GALCTD	lald__L_c	-0.0	-2.024687227569075	0.0	-0.0	Inf
GALCTD	ura_c	-0.0	0.0	0.0	Inf	Inf
GALCTD	pydx_c	-0.0	0.0	0.0012269063915864328	Inf	0.0
GALCTD	uracp_c	-0.0	-0.06250767534932931	0.0	-0.0	Inf
GALCTD	pydxn_c	-0.0	0.0	0.40000466629953735	Inf	0.0
GALCTD	urate_c	-0.0	-0.0012269063915864328	0.0	-0.0	Inf
GALCTD	q8_c	0.0	0.0	0.0	Inf	Inf
GALCTD	q8h2_c	-0.0	0.0	0.0	Inf	Inf
GALCTD	urea_c	-0.0	-1000.0	0.0	-0.0	Inf
GALCTD	uri_c	-0.0	0.0	0.013623256892287827	Inf	0.0
GALCTD	rbflvrd_c	-0.0	0.0	0.10000116657488434	Inf	0.0
GALCTD	rbl__L_c	-0.0	-6.334576925608926	0.0	-0.0	Inf
GALCTD	rdmbzi_c	0.0	0.0	0.0	Inf	Inf
GALCTD	thptdn_c	0.0	0.0	0.0	Inf	Inf
GALCTD	xan_c	-0.0	-0.0156269188373323	0.0	-0.0	Inf
GALCTD	rephaccoa_c	-0.0	-0.00019198535278519557	0.0	-0.0	Inf
GALCTD	rib__D_c	-0.0	0.0	6.613810316685255	Inf	0.0
GALCTD	xtsn_c	-0.0	0.0	0.0	Inf	Inf
GALCTD	rml_c	-0.0	-2.024687227569075	0.0	-0.0	Inf
GALCTD	thym_c	-0.0	-581.9179229098107	0.0	-0.0	Inf
GALCTD	thymd_c	-0.0	-0.008721334594471773	0.0	-0.0	Inf
GALCTD	xu5p__L_c	-0.0	-0.32151913594952924	0.0	-0.0	Inf
GALCTD	rmn_c	-0.0	-2.024687227569075	0.0	-0.0	Inf
GALCTD	xyl__D_c	0.0	0.0	0.0	Inf	Inf
GALCTD	tmao_c	0.0	0.0	0.0	Inf	Inf
GALCTD	xylu__D_c	-0.0	0.0	0.0	Inf	Inf
GALCTD	xylu__L_c	-0.0	-6.334576925608926	0.0	-0.0	Inf
GALCTD	12ppd__R_e	-0.0	-1000.0	0.0	-0.0	Inf
GALCTD	12ppd__S_e	-0.0	-1000.0	0.0	-0.0	Inf
GALCTD	tre_c	-0.0	-2.6130129818136822	0.0	-0.0	Inf
GALCTD	seln_c	0.0	0.0	0.0	Inf	Inf
GALCTD	34dhpac_e	-0.0	-1000.0	0.0	-0.0	Inf
GALCTD	slnt_c	0.0	0.0	0.0	Inf	Inf
GALCTD	so2_c	0.0	0.0	0.0	Inf	Inf
GALCTD	so3_c	-0.0	-0.08261636334472659	29.095896145490535	-0.0	0.0
GALCTD	so4_c	-0.0	-0.08406225302869887	581.9179229098107	-0.0	0.0
GALCTD	4hoxpacd_e	-0.0	-1000.0	0.0	-0.0	Inf
GALCTD	5mtr_e	-0.0	0.0	0.0	Inf	Inf
GALCTD	LalaDgluMdap_e	-0.0	-1000.0	0.0	-0.0	Inf
GALCTD	ac_e	-0.0	0.0	0.0	Inf	Inf
GALCTD	acald_e	-0.0	-1000.0	0.0	-0.0	Inf
GALCTD	acgal_e	-0.0	-1000.0	0.0	-0.0	Inf
GALCTD	acgam_e	-0.0	-1000.0	0.0	-0.0	Inf
GALCTD	acmana_e	-0.0	-1000.0	0.0	-0.0	Inf
GALCTD	tagur_c	-0.0	0.0	0.0	Inf	Inf
GALCTD	tartr__L_c	-0.0	-0.03125383767466466	0.0	-0.0	Inf
GALCTD	ade_e	-0.0	-1000.0	0.0	-0.0	Inf
GALCTD	adn_e	-0.0	-1000.0	0.0	-0.0	Inf
GALCTD	all__D_e	-0.0	-1000.0	0.0	-0.0	Inf
GALCTD	cl_e	-0.0	-0.0017348676360597892	999.9982651323639	-0.0	0.0
GALCTD	alltn_e	-0.0	0.0	0.0	Inf	Inf
GALCTD	cm_e	-0.0	-1000.0	0.0	-0.0	Inf
GALCTD	co2_e	-0.0	-947.6817274682317	52.31827253176834	-0.0	0.0
GALCTD	arab__L_e	-0.0	-1000.0	0.0	-0.0	Inf
GALCTD	arbt_e	-0.0	-1000.0	0.0	-0.0	Inf
GALCTD	unagamu_c	-0.0	0.0	0.11829667810537911	Inf	0.0
GALCTD	crn_e	-0.0	-1000.0	0.0	-0.0	Inf
GALCTD	csn_e	-0.0	-1000.0	0.0	-0.0	Inf
GALCTD	cyan_e	-0.0	-1000.0	0.0	-0.0	Inf
GALCTD	glyb_e	-0.0	-1000.0	0.0	-0.0	Inf
GALCTD	glyc_e	-0.0	-1000.0	0.0	-0.0	Inf
GALCTD	cytd_e	-0.0	-1000.0	0.0	-0.0	Inf
GALCTD	ca2_e	-0.0	-0.0017348676360597892	999.9982651323639	-0.0	0.0
GALCTD	dad_2_e	-0.0	-1000.0	0.0	-0.0	Inf
GALCTD	dcyt_e	-0.0	-1000.0	0.0	-0.0	Inf
GALCTD	chol_e	-0.0	-1000.0	0.0	-0.0	Inf
GALCTD	dha_e	-0.0	-1000.0	0.0	-0.0	Inf
GALCTD	ppal_e	-0.0	-1000.0	0.0	-0.0	Inf
GALCTD	h2_e	-0.0	-1000.0	0.0	-0.0	Inf
GALCTD	dms_e	-0.0	-1000.0	0.0	-0.0	Inf
GALCTD	dmso_e	-0.0	-1000.0	0.0	-0.0	Inf
GALCTD	h2o2_e	-0.0	-1000.0	0.0	-0.0	Inf
GALCTD	psclys_e	-0.0	-1000.0	0.0	-0.0	Inf
GALCTD	duri_e	-0.0	-1000.0	0.0	-0.0	Inf
GALCTD	pydx_e	-0.0	-1000.0	0.0	-0.0	Inf
GALCTD	pydxn_e	-0.0	-1000.0	0.0	-0.0	Inf
GALCTD	etoh_e	-0.0	-1000.0	0.0	-0.0	Inf
GALCTD	fald_e	-0.0	0.0	0.0	Inf	Inf
GALCTD	rib__D_e	-0.0	-1000.0	0.0	-0.0	Inf
GALCTD	rmn_e	-0.0	-1000.0	0.0	-0.0	Inf
GALCTD	indole_e	-0.0	-1000.0	0.0	-0.0	Inf
GALCTD	inost_e	-0.0	-1000.0	0.0	-0.0	Inf
GALCTD	sbt__D_e	-0.0	-2.024687227569075	0.0	-0.0	Inf
GALCTD	k_e	-0.0	-0.06505936954442859	999.9349406304556	-0.0	0.0
GALCTD	for_e	-0.0	0.0	0.0008176042889908019	Inf	0.0
GALCTD	slnt_e	-0.0	0.0	1000.0	Inf	0.0
GALCTD	fru_e	-0.0	-1000.0	0.0	-0.0	Inf
GALCTD	so2_e	-0.0	-1000.0	0.0	-0.0	Inf
GALCTD	so3_e	-0.0	-1000.0	0.0	-0.0	Inf
GALCTD	so4_e	-0.0	-0.08406225302869887	999.9159377469713	-0.0	0.0
GALCTD	lipa_cold_e	-0.0	-1000.0	0.0	-0.0	Inf
GALCTD	sucr_e	-0.0	-1000.0	0.0	-0.0	Inf
GALCTD	g3pe_e	-0.0	-1000.0	0.0	-0.0	Inf
GALCTD	malt_e	-0.0	-1000.0	0.0	-0.0	Inf
GALCTD	tartr__L_e	-0.0	-1000.0	0.0	-0.0	Inf
GALCTD	g3pi_e	-0.0	-1000.0	0.0	-0.0	Inf
GALCTD	malthx_e	-0.0	-1000.0	0.0	-0.0	Inf
GALCTD	maltpt_e	-0.0	-1000.0	0.0	-0.0	Inf
GALCTD	gal_e	-0.0	-1000.0	0.0	-0.0	Inf
GALCTD	gal_bD_e	-0.0	-1000.0	0.0	-0.0	Inf
GALCTD	malttr_e	-0.0	-1000.0	0.0	-0.0	Inf
GALCTD	maltttr_e	-0.0	-1000.0	0.0	-0.0	Inf
GALCTD	man_e	-0.0	-1000.0	0.0	-0.0	Inf
GALCTD	thym_e	-0.0	-1000.0	0.0	-0.0	Inf
GALCTD	thymd_e	-0.0	-1000.0	0.0	-0.0	Inf
GALCTD	galt_e	-0.0	-2.024687227569075	0.0	-0.0	Inf
GALCTD	melib_e	-0.0	-1000.0	0.0	-0.0	Inf
GALCTD	meoh_e	-0.0	-1000.0	0.0	-0.0	Inf
GALCTD	tmao_e	-0.0	-1000.0	0.0	-0.0	Inf
GALCTD	tre_e	-0.0	-1000.0	0.0	-0.0	Inf
GALCTD	metsox_S__L_e	-0.0	-1000.0	0.0	-0.0	Inf
GALCTD	glc__D_e	-0.0	-5.2921781910150525	6.613810316685255	-0.0	0.0
GALCTD	mg2_e	-0.0	-0.0028914460600413757	999.9971085539399	-0.0	0.0
GALCTD	mnl_e	-0.0	-1000.0	0.0	-0.0	Inf
GALCTD	mobd_e	-0.0	-4.299671945773298e-05	999.9999570032805	-0.0	0.0
GALCTD	glyald_e	-0.0	-1000.0	0.0	-0.0	Inf
GALCTD	n2o_e	-0.0	-1000.0	0.0	-0.0	Inf
GALCTD	na1_e	-0.0	0.0	1000.0	Inf	0.0
GALCTD	nac_e	-0.0	-1000.0	0.0	-0.0	Inf
GALCTD	ni2_e	-0.0	-0.00010765845274818275	999.9998923415473	-0.0	0.0
GALCTD	no_e	-0.0	-1000.0	0.0	-0.0	Inf
GALCTD	no2_e	-0.0	-1000.0	0.0	-0.0	Inf
GALCTD	ura_e	-0.0	-1000.0	0.0	-0.0	Inf
GALCTD	no3_e	-0.0	-1000.0	0.0	-0.0	Inf
GALCTD	urea_e	-0.0	-1000.0	0.0	-0.0	Inf
GALCTD	novbcn_e	-0.0	-1000.0	0.0	-0.0	Inf
GALCTD	uri_e	-0.0	-1000.0	0.0	-0.0	Inf
GALCTD	o2_e	-0.0	-51.10702679718531	948.8929732028147	-0.0	0.0
GALCTD	xan_e	-0.0	0.0	0.0	Inf	Inf
GALCTD	xtsn_e	-0.0	-1000.0	0.0	-0.0	Inf
GALCTD	xyl__D_e	-0.0	-1000.0	0.0	-0.0	Inf
GALCTD	xylu__L_e	-0.0	-1000.0	0.0	-0.0	Inf
GALCTD	pacald_e	-0.0	-1000.0	0.0	-0.0	Inf
GALCTD	12dgr120_p	-0.0	0.0	0.0	Inf	Inf
GALCTD	12dgr140_p	-0.0	0.0	0.0	Inf	Inf
GALCTD	12dgr160_p	-0.0	-0.02126971053314719	0.0	-0.0	Inf
GALCTD	12dgr180_p	-0.0	0.0	0.0	Inf	Inf
GALCTD	12ppd__R_p	-0.0	-1000.0	0.0	-0.0	Inf
GALCTD	12ppd__S_p	-0.0	0.0	0.0	Inf	Inf
GALCTD	chol_p	-0.0	-1000.0	0.0	-0.0	Inf
GALCTD	cl_p	-0.0	-0.0017348676360597892	999.9982651323639	-0.0	0.0
GALCTD	34dhpac_p	-0.0	-1000.0	0.0	-0.0	Inf
GALCTD	cm_p	-0.0	0.0	0.0	Inf	Inf
GALCTD	4hoxpacd_p	-0.0	-1000.0	0.0	-0.0	Inf
GALCTD	co2_p	-0.0	-947.6817274682317	52.31827253176834	-0.0	0.0
GALCTD	5mtr_p	-0.0	0.0	0.0	Inf	Inf
GALCTD	LalaDgluMdap_p	-0.0	0.0	0.0	Inf	Inf
GALCTD	gal_p	-0.0	-1000.0	0.0	-0.0	Inf
GALCTD	ac_p	-0.0	-0.06250767534932931	0.0	-0.0	Inf
GALCTD	crn_p	-0.0	-1000.0	0.0	-0.0	Inf
GALCTD	gal_bD_p	-0.0	-1000.0	0.0	-0.0	Inf
GALCTD	acald_p	-0.0	-1000.0	0.0	-0.0	Inf
GALCTD	acgal_p	-0.0	-1000.0	0.0	-0.0	Inf
GALCTD	csn_p	-0.0	0.0	0.0	Inf	Inf
GALCTD	acgam_p	-0.0	-1000.0	0.0	-0.0	Inf
GALCTD	galt_p	-0.0	-2.024687227569075	0.0	-0.0	Inf
GALCTD	acmana_p	-0.0	-1000.0	0.0	-0.0	Inf
GALCTD	cyan_p	-0.0	0.0	0.0	Inf	Inf
GALCTD	ade_p	-0.0	-1000.0	0.0	-0.0	Inf
GALCTD	adn_p	-0.0	0.0	0.00022298298722394012	Inf	0.0
GALCTD	cytd_p	-0.0	0.0	0.0	Inf	Inf
GALCTD	glc__D_p	-0.0	-5.2921781910150525	6.613810316685255	-0.0	0.0
GALCTD	dad_2_p	-0.0	-1000.0	0.0	-0.0	Inf
GALCTD	dcyt_p	-0.0	-1000.0	0.0	-0.0	Inf
GALCTD	all__D_p	-0.0	0.0	0.0	Inf	Inf
GALCTD	alltn_p	-0.0	0.0	0.0	Inf	Inf
GALCTD	dha_p	-0.0	-1000.0	0.0	-0.0	Inf
GALCTD	glyald_p	-0.0	-1000.0	0.0	-0.0	Inf
GALCTD	glyb_p	0.0	0.0	0.0	Inf	Inf
GALCTD	dms_p	-0.0	-1000.0	0.0	-0.0	Inf
GALCTD	glyc_p	-0.0	-8.532287287554881	0.0	-0.0	Inf
GALCTD	dmso_p	-0.0	-1000.0	0.0	-0.0	Inf
GALCTD	arab__L_p	-0.0	0.0	0.0	Inf	Inf
GALCTD	arbt_p	0.0	0.0	0.0	Inf	Inf
GALCTD	ca2_p	-0.0	-0.0017348676360597892	999.9982651323639	-0.0	0.0
GALCTD	duri_p	-0.0	-1000.0	0.0	-0.0	Inf
GALCTD	h2_p	-0.0	-1000.0	0.0	-0.0	Inf
GALCTD	h2o2_p	-0.0	-1000.0	0.0	-0.0	Inf
GALCTD	etoh_p	-0.0	-1000.0	0.0	-0.0	Inf
GALCTD	fald_p	-0.0	0.0	0.0	Inf	Inf
GALCTD	n2o_p	-0.0	-1000.0	0.0	-0.0	Inf
GALCTD	na1_p	-0.0	0.0	0.0	Inf	Inf
GALCTD	indole_p	-0.0	0.0	0.40000466629953735	Inf	0.0
GALCTD	nac_p	-0.0	-1000.0	0.0	-0.0	Inf
GALCTD	ni2_p	-0.0	-0.00010765845274818275	999.9998923415473	-0.0	0.0
GALCTD	inost_p	-0.0	-1000.0	0.0	-0.0	Inf
GALCTD	no_p	-0.0	-1000.0	0.0	-0.0	Inf
GALCTD	no2_p	-0.0	-1000.0	0.0	-0.0	Inf
GALCTD	for_p	-0.0	-0.06250767534932931	0.0008176042889908019	-0.0	0.0
GALCTD	fru_p	-0.0	-1000.0	0.0	-0.0	Inf
GALCTD	no3_p	-0.0	0.0	0.0	Inf	Inf
GALCTD	k_p	-0.0	-0.06505936954442859	999.9349406304556	-0.0	0.0
GALCTD	novbcn_p	-0.0	0.0	0.0	Inf	Inf
GALCTD	o2_p	-0.0	-51.10702679718531	948.8929732028147	-0.0	0.0
GALCTD	lipa_cold_p	-0.0	-145.47948072745268	0.0	-0.0	Inf
GALCTD	g3pe_p	-0.0	0.0	0.0	Inf	Inf
GALCTD	g3pi_p	-0.0	0.0	0.0	Inf	Inf
GALCTD	so3_p	-0.0	-1000.0	0.0	-0.0	Inf
GALCTD	so4_p	-0.0	-0.08406225302869887	999.9159377469713	-0.0	0.0
GALCTD	malt_p	0.0	0.0	0.0	Inf	Inf
GALCTD	malthx_p	0.0	0.0	0.0	Inf	Inf
GALCTD	maltpt_p	0.0	0.0	0.0	Inf	Inf
GALCTD	sucr_p	-0.0	-1000.0	0.0	-0.0	Inf
GALCTD	malttr_p	0.0	0.0	0.0	Inf	Inf
GALCTD	maltttr_p	0.0	0.0	0.0	Inf	Inf
GALCTD	pacald_p	-0.0	-1000.0	0.0	-0.0	Inf
GALCTD	man_p	-0.0	-1000.0	0.0	-0.0	Inf
GALCTD	tartr__L_p	-0.0	-1000.0	0.0	-0.0	Inf
GALCTD	pe120_p	-0.0	-0.025939354256675512	0.0	-0.0	Inf
GALCTD	melib_p	-0.0	-1000.0	0.0	-0.0	Inf
GALCTD	meoh_p	-0.0	-1000.0	0.0	-0.0	Inf
GALCTD	thym_p	-0.0	-1000.0	0.0	-0.0	Inf
GALCTD	thymd_p	-0.0	-0.008721334594471773	0.0	-0.0	Inf
GALCTD	pg120_p	-0.0	-0.025939354256675512	0.0	-0.0	Inf
GALCTD	metsox_S__L_p	-0.0	-1000.0	0.0	-0.0	Inf
GALCTD	tmao_p	-0.0	-1000.0	0.0	-0.0	Inf
GALCTD	mg2_p	-0.0	-0.0028914460600413757	999.9971085539399	-0.0	0.0
GALCTD	tre_p	-0.0	0.0	0.0	Inf	Inf
GALCTD	mnl_p	-0.0	0.0	0.0	Inf	Inf
GALCTD	mobd_p	-0.0	-4.299671945773298e-05	999.9999570032805	-0.0	0.0
GALCTD	ura_p	-0.0	-1000.0	0.0	-0.0	Inf
GALCTD	urea_p	-0.0	-1000.0	0.0	-0.0	Inf
GALCTD	uri_p	-0.0	0.0	0.0	Inf	Inf
GALCTD	xan_p	-0.0	-0.0156269188373323	0.0	-0.0	Inf
GALCTD	xtsn_p	-0.0	0.0	0.0	Inf	Inf
GALCTD	xyl__D_p	-0.0	0.0	0.0	Inf	Inf
GALCTD	xylu__L_p	-0.0	-1000.0	0.0	-0.0	Inf
GALCTD	ppal_p	-0.0	-1000.0	0.0	-0.0	Inf
GALCTD	psclys_p	-0.0	-1000.0	0.0	-0.0	Inf
GALCTD	pydx_p	-0.0	0.0	0.0	Inf	Inf
GALCTD	pydxn_p	-0.0	0.0	0.0	Inf	Inf
GALCTD	rib__D_p	-0.0	-1000.0	0.0	-0.0	Inf
GALCTD	rmn_p	-0.0	-1000.0	0.0	-0.0	Inf
GALCTD	sbt__D_p	-0.0	-2.024687227569075	0.0	-0.0	Inf
GALCTD	slnt_p	-0.0	0.0	0.0	Inf	Inf
GALCTD	so2_p	-0.0	-1000.0	0.0	-0.0	Inf
