Reaction	Metabolite	ShadowPrice	G-	G+	DecrementalShadowPrice	IncrementalShadowPrice
GLYt2pp_copy1	12dgr120_c	-0.0	0.0	0.0	Inf	Inf
GLYt2pp_copy1	12dgr140_c	-0.0	0.0	0.0	Inf	Inf
GLYt2pp_copy1	12dgr160_c	-0.0	0.0	0.36349997762646113	Inf	0.0
GLYt2pp_copy1	12dgr180_c	-0.0	0.0	0.0	Inf	Inf
GLYt2pp_copy1	12ppd__R_c	-0.0	-1000.0	0.0	-0.0	Inf
GLYt2pp_copy1	12ppd__S_c	-0.0	0.0	0.0	Inf	Inf
GLYt2pp_copy1	5drib_c	-0.0	-999.9999256723376	7.432766240798004e-05	-0.0	0.0
GLYt2pp_copy1	5mta_c	-0.0	0.0	0.0	Inf	Inf
GLYt2pp_copy1	23dhacoa_c	-0.0	-0.0001919853528988824	0.0	-0.0	Inf
GLYt2pp_copy1	5mtr_c	-0.0	0.0	0.0	Inf	Inf
GLYt2pp_copy1	3amac_c	-0.0	-0.06250767534515944	0.0	-0.0	Inf
GLYt2pp_copy1	LalaDgluMdap_c	-0.0	-0.009261960013421297	0.0	-0.0	Inf
GLYt2pp_copy1	ac_c	-0.0	-0.06250767534515944	0.09558604047317804	-0.0	0.0
GLYt2pp_copy1	acald_c	-0.0	0.0	6.17949961964984	Inf	0.0
GLYt2pp_copy1	acetol_c	-0.0	0.0	0.0	Inf	Inf
GLYt2pp_copy1	acgam_c	-0.0	-0.03149359715517476	0.0	-0.0	Inf
GLYt2pp_copy1	acgam6p_c	-0.0	-0.03149359715517476	0.0	-0.0	Inf
GLYt2pp_copy1	acmalt_c	0.0	0.0	0.0	Inf	Inf
GLYt2pp_copy1	acmana_c	-0.0	-0.03149359715517476	0.0	-0.0	Inf
GLYt2pp_copy1	2dmmq8_c	-0.0	0.0	0.0	Inf	Inf
GLYt2pp_copy1	2dmmql8_c	0.0	0.0	0.0	Inf	Inf
GLYt2pp_copy1	ade_c	-0.0	-0.012501535069031889	0.00022298298722394012	-0.0	0.0
GLYt2pp_copy1	adn_c	-0.0	0.0	0.00022298298722394012	Inf	0.0
GLYt2pp_copy1	3sala_c	0.0	0.0	0.0	Inf	Inf
GLYt2pp_copy1	adphep_DD_c	-0.0	0.0	0.0	Inf	Inf
GLYt2pp_copy1	adphep_LD_c	-0.0	0.0	0.0	Inf	Inf
GLYt2pp_copy1	4ahmmp_c	0.0	0.0	0.0	Inf	Inf
GLYt2pp_copy1	4crsol_c	-0.0	-999.9999256723376	7.432766240798004e-05	-0.0	0.0
GLYt2pp_copy1	2ohph_c	-0.0	-7.432766240798004e-05	0.2956664196671533	-0.0	0.0
GLYt2pp_copy1	2ombzl_c	-0.0	0.0	0.0	Inf	Inf
GLYt2pp_copy1	2omhmbl_c	-0.0	0.0	0.0	Inf	Inf
GLYt2pp_copy1	2ommbl_c	0.0	0.0	0.0	Inf	Inf
GLYt2pp_copy1	2omph_c	-0.0	0.0	0.2795391604125813	Inf	0.0
GLYt2pp_copy1	4mhetz_c	0.0	0.0	0.0	Inf	Inf
GLYt2pp_copy1	2oph_c	-0.0	-7.432766240798004e-05	0.2956664196671533	-0.0	0.0
GLYt2pp_copy1	2oxpaccoa_c	-0.0	-0.0001919853528988824	0.0	-0.0	Inf
GLYt2pp_copy1	all__D_c	-0.0	-1.3610936536031133	0.0	-0.0	Inf
GLYt2pp_copy1	alltn_c	-0.0	-0.01562691883628986	0.0	-0.0	Inf
GLYt2pp_copy1	4r5au_c	-0.0	-0.00014865532564998206	0.10000116657445801	-0.0	0.0
GLYt2pp_copy1	56dura_c	0.0	0.0	0.0	Inf	Inf
GLYt2pp_copy1	arab__L_c	-0.0	-1.3610936536031133	0.0	-0.0	Inf
GLYt2pp_copy1	etoh_c	-0.0	-1000.0	0.0	-0.0	Inf
GLYt2pp_copy1	csn_c	-0.0	0.0	0.0	Inf	Inf
GLYt2pp_copy1	fald_c	-0.0	0.0	0.0	Inf	Inf
GLYt2pp_copy1	fc1p_c	-0.0	-0.047098406565328654	0.0	-0.0	Inf
GLYt2pp_copy1	fcl__L_c	-0.0	0.0	0.0	Inf	Inf
GLYt2pp_copy1	aso4_c	0.0	0.0	0.0	Inf	Inf
GLYt2pp_copy1	cyan_c	0.0	0.0	0.0	Inf	Inf
GLYt2pp_copy1	athtp_c	0.0	0.0	0.0	Inf	Inf
GLYt2pp_copy1	cytd_c	-0.0	-0.020835891781719813	0.0	-0.0	Inf
GLYt2pp_copy1	dad_2_c	-0.0	0.0	0.0	Inf	Inf
GLYt2pp_copy1	dad_5_c	-0.0	-0.012501535069031889	7.432766240798004e-05	-0.0	0.0
GLYt2pp_copy1	betald_c	0.0	0.0	0.0	Inf	Inf
GLYt2pp_copy1	btal_c	-0.0	-50.277268356129035	0.0	-0.0	Inf
GLYt2pp_copy1	for_c	-0.0	-0.036398222951220305	0.0008176042893132661	-0.0	0.0
GLYt2pp_copy1	dcyt_c	-0.0	0.0	0.0	Inf	Inf
GLYt2pp_copy1	fru_c	-0.0	-1.3610936536031133	6.17949961964984	-0.0	0.0
GLYt2pp_copy1	ca2_c	-0.0	-0.0017348676360597892	351.94087849290327	-0.0	0.0
GLYt2pp_copy1	g3pe_c	-0.0	0.0	0.0	Inf	Inf
GLYt2pp_copy1	g3pi_c	0.0	0.0	0.0	Inf	Inf
GLYt2pp_copy1	cbm_c	-0.0	-0.03125383767257972	0.0	-0.0	Inf
GLYt2pp_copy1	dha_c	-0.0	-8.379544726021507	0.0	-0.0	Inf
GLYt2pp_copy1	gal_c	-0.0	0.0	0.0	Inf	Inf
GLYt2pp_copy1	dhgly_c	-0.0	-7.432766240798004e-05	0.40000466629783205	-0.0	0.0
GLYt2pp_copy1	dhmptp_c	0.0	0.0	0.0	Inf	Inf
GLYt2pp_copy1	gcald_c	-0.0	-14.077635139716131	0.0002229829875473599	-0.0	0.0
GLYt2pp_copy1	dhptd_c	-0.0	-56.12084292828274	0.00014865532481596008	-0.0	0.0
GLYt2pp_copy1	cechddd_c	-0.0	0.0	0.0	Inf	Inf
GLYt2pp_copy1	dhptdn_c	0.0	0.0	0.0	Inf	Inf
GLYt2pp_copy1	chol_c	0.0	0.0	0.0	Inf	Inf
GLYt2pp_copy1	chtbs6p_c	-0.0	0.0	0.0	Inf	Inf
GLYt2pp_copy1	dmbzid_c	0.0	0.0	0.0	Inf	Inf
GLYt2pp_copy1	dms_c	0.0	0.0	0.0	Inf	Inf
GLYt2pp_copy1	dmso_c	0.0	0.0	0.0	Inf	Inf
GLYt2pp_copy1	cl_c	-0.0	-0.0017348676360248257	703.8817569858065	-0.0	0.0
GLYt2pp_copy1	glc__D_c	-0.0	-1.3610936536031133	6.17949961964984	-0.0	0.0
GLYt2pp_copy1	co2_c	-0.0	-947.681727468235	52.31827253176505	-0.0	0.0
GLYt2pp_copy1	dscl_c	-0.0	-7.432766240798004e-05	0.0017029071115522987	-0.0	0.0
GLYt2pp_copy1	dtdp4aaddg_c	-0.0	0.0	0.0	Inf	Inf
GLYt2pp_copy1	glyald_c	-0.0	-1000.0	0.0	-0.0	Inf
GLYt2pp_copy1	crn_c	-0.0	-351.94087849290327	0.0	-0.0	Inf
GLYt2pp_copy1	duri_c	-0.0	0.0	0.0	Inf	Inf
GLYt2pp_copy1	glyb_c	0.0	0.0	0.0	Inf	Inf
GLYt2pp_copy1	glyc_c	-0.0	-0.04633913116258587	0.0	-0.0	Inf
GLYt2pp_copy1	dxyl_c	0.0	0.0	0.0	Inf	Inf
GLYt2pp_copy1	glycogen_c	-0.0	-1.3610936536031133	0.0	-0.0	Inf
GLYt2pp_copy1	gmhep1p_c	-0.0	0.0	4.758486259935125	Inf	0.0
GLYt2pp_copy1	lipa_cold_c	-0.0	0.0	0.0	Inf	Inf
GLYt2pp_copy1	lipidA_c	-0.0	-0.006484838564148276	0.20000233314891602	-0.0	0.0
GLYt2pp_copy1	malt_c	0.0	0.0	0.0	Inf	Inf
GLYt2pp_copy1	h2_c	-0.0	0.0	0.0	Inf	Inf
GLYt2pp_copy1	malthx_c	-0.0	0.0	0.0	Inf	Inf
GLYt2pp_copy1	maltpt_c	-0.0	0.0	0.0	Inf	Inf
GLYt2pp_copy1	malttr_c	-0.0	0.0	0.0	Inf	Inf
GLYt2pp_copy1	maltttr_c	-0.0	0.0	0.0	Inf	Inf
GLYt2pp_copy1	h2o2_c	-0.0	-0.00046763098884364555	7.490978225359935	-0.0	0.0
GLYt2pp_copy1	man_c	-0.0	-1.3610936536031133	0.0	-0.0	Inf
GLYt2pp_copy1	mdhdhf_c	-0.0	-56.12084292828274	0.00014865532481596008	-0.0	0.0
GLYt2pp_copy1	melib_c	-0.0	0.0	0.0	Inf	Inf
GLYt2pp_copy1	meoh_c	-0.0	-1000.0	0.0	-0.0	Inf
GLYt2pp_copy1	pacald_c	-0.0	-351.94087849290327	0.0	-0.0	Inf
GLYt2pp_copy1	metsox_S__L_c	-0.0	0.0	0.0	Inf	Inf
GLYt2pp_copy1	mg2_c	-0.0	-0.0028914460600413757	175.97043924645163	-0.0	0.0
GLYt2pp_copy1	hhlipa_c	-0.0	0.0	0.0	Inf	Inf
GLYt2pp_copy1	pe120_c	-0.0	0.0	0.0	Inf	Inf
GLYt2pp_copy1	mobd_c	-0.0	-4.299671945773298e-05	162.01478037677418	-0.0	0.0
GLYt2pp_copy1	hlipa_c	-0.0	0.0	0.0	Inf	Inf
GLYt2pp_copy1	pg120_c	-0.0	-0.023169565581292934	0.0	-0.0	Inf
GLYt2pp_copy1	mql8_c	0.0	0.0	0.0	Inf	Inf
GLYt2pp_copy1	mqn8_c	-0.0	0.0	0.0	Inf	Inf
GLYt2pp_copy1	mthgxl_c	-0.0	0.0	0.0	Inf	Inf
GLYt2pp_copy1	hqn_c	0.0	0.0	0.0	Inf	Inf
GLYt2pp_copy1	mththf_c	-0.0	-999.9998513446752	0.00014865532481596008	-0.0	0.0
GLYt2pp_copy1	n2o_c	-0.0	-1000.0	0.0	-0.0	Inf
GLYt2pp_copy1	na1_c	-0.0	0.0	0.0	Inf	Inf
GLYt2pp_copy1	nac_c	-0.0	0.0	0.0	Inf	Inf
GLYt2pp_copy1	ncam_c	-0.0	0.0	0.0	Inf	Inf
GLYt2pp_copy1	ni2_c	-0.0	-0.00010765845272545987	999.9998923415473	-0.0	0.0
GLYt2pp_copy1	no_c	-0.0	-1000.0	0.0	-0.0	Inf
GLYt2pp_copy1	indole_c	-0.0	-0.018946221140165063	0.40000466629783205	-0.0	0.0
GLYt2pp_copy1	no2_c	-0.0	-351.94087849290327	0.0	-0.0	Inf
GLYt2pp_copy1	no3_c	0.0	0.0	0.0	Inf	Inf
GLYt2pp_copy1	inost_c	0.0	0.0	0.0	Inf	Inf
GLYt2pp_copy1	o2_c	-0.0	-51.107026797183266	948.8929732028167	-0.0	0.0
GLYt2pp_copy1	poaac_c	-0.0	-28.06042146414137	0.0	-0.0	Inf
GLYt2pp_copy1	ppal_c	-0.0	0.0	0.0	Inf	Inf
GLYt2pp_copy1	k_c	-0.0	-0.06505936954439842	648.0591215070967	-0.0	0.0
GLYt2pp_copy1	psclys_c	-0.0	0.0	0.0	Inf	Inf
GLYt2pp_copy1	lald__D_c	-0.0	0.0	0.0	Inf	Inf
GLYt2pp_copy1	lald__L_c	-0.0	-7.4881037977213465	0.0	-0.0	Inf
GLYt2pp_copy1	ura_c	-0.0	0.0	0.0	Inf	Inf
GLYt2pp_copy1	pydx_c	-0.0	0.0	0.00046763098884364555	Inf	0.0
GLYt2pp_copy1	uracp_c	-0.0	-0.06250767534515944	0.0	-0.0	Inf
GLYt2pp_copy1	pydxn_c	-0.0	0.0	0.40000466629783205	Inf	0.0
GLYt2pp_copy1	urate_c	-0.0	-0.00046763098884364555	0.0	-0.0	Inf
GLYt2pp_copy1	q8_c	-0.0	0.0	0.0	Inf	Inf
GLYt2pp_copy1	q8h2_c	0.0	0.0	0.0	Inf	Inf
GLYt2pp_copy1	urea_c	-0.0	0.0	0.20000233314891602	Inf	0.0
GLYt2pp_copy1	uri_c	-0.0	0.0	0.01362325689241839	Inf	0.0
GLYt2pp_copy1	rbflvrd_c	-0.0	0.0	0.018199111475610152	Inf	0.0
GLYt2pp_copy1	rbl__L_c	-0.0	-1.3610936536031133	0.0	-0.0	Inf
GLYt2pp_copy1	rdmbzi_c	0.0	0.0	0.0	Inf	Inf
GLYt2pp_copy1	thptdn_c	0.0	0.0	0.0	Inf	Inf
GLYt2pp_copy1	xan_c	-0.0	0.0	0.0	Inf	Inf
GLYt2pp_copy1	rephaccoa_c	-0.0	-0.0001919853528988824	0.0	-0.0	Inf
GLYt2pp_copy1	rib__D_c	-0.0	-1.3610936536031133	0.0	-0.0	Inf
GLYt2pp_copy1	xtsn_c	-0.0	0.0	0.0	Inf	Inf
GLYt2pp_copy1	rml_c	-0.0	-0.047098406565328654	0.0	-0.0	Inf
GLYt2pp_copy1	thym_c	-0.0	-648.0591215070967	0.0	-0.0	Inf
GLYt2pp_copy1	thymd_c	-0.0	0.0	0.01362325689241839	Inf	0.0
GLYt2pp_copy1	xu5p__L_c	-0.0	-0.32151913595244735	0.0	-0.0	Inf
GLYt2pp_copy1	rmn_c	-0.0	-0.047098406565328654	0.0	-0.0	Inf
GLYt2pp_copy1	xyl__D_c	0.0	0.0	0.0	Inf	Inf
GLYt2pp_copy1	tmao_c	0.0	0.0	0.0	Inf	Inf
GLYt2pp_copy1	xylu__D_c	-0.0	0.0	0.0	Inf	Inf
GLYt2pp_copy1	xylu__L_c	-0.0	-1.3610936536031133	0.0	-0.0	Inf
GLYt2pp_copy1	12ppd__R_e	-0.0	-1000.0	0.0	-0.0	Inf
GLYt2pp_copy1	12ppd__S_e	-0.0	-1000.0	0.0	-0.0	Inf
GLYt2pp_copy1	tre_c	-0.0	-0.6805468268015566	0.0	-0.0	Inf
GLYt2pp_copy1	seln_c	0.0	0.0	0.0	Inf	Inf
GLYt2pp_copy1	34dhpac_e	-0.0	-1000.0	0.0	-0.0	Inf
GLYt2pp_copy1	slnt_c	0.0	0.0	0.0	Inf	Inf
GLYt2pp_copy1	so2_c	0.0	0.0	0.0	Inf	Inf
GLYt2pp_copy1	so3_c	-0.0	-0.08261636334484028	32.40295607535484	-0.0	0.0
GLYt2pp_copy1	so4_c	-0.0	-0.08406225302881255	648.0591215070967	-0.0	0.0
GLYt2pp_copy1	4hoxpacd_e	-0.0	-1000.0	0.0	-0.0	Inf
GLYt2pp_copy1	5mtr_e	-0.0	0.0	0.0	Inf	Inf
GLYt2pp_copy1	LalaDgluMdap_e	-0.0	-1000.0	0.0	-0.0	Inf
GLYt2pp_copy1	ac_e	-0.0	0.0	0.0	Inf	Inf
GLYt2pp_copy1	acald_e	-0.0	-1000.0	0.0	-0.0	Inf
GLYt2pp_copy1	acgal_e	-0.0	-1000.0	0.0	-0.0	Inf
GLYt2pp_copy1	acgam_e	-0.0	-1000.0	0.0	-0.0	Inf
GLYt2pp_copy1	acmana_e	-0.0	-1000.0	0.0	-0.0	Inf
GLYt2pp_copy1	tagur_c	-0.0	0.0	0.0	Inf	Inf
GLYt2pp_copy1	tartr__L_c	-0.0	-0.03125383767257972	0.0	-0.0	Inf
GLYt2pp_copy1	ade_e	-0.0	-1000.0	0.0	-0.0	Inf
GLYt2pp_copy1	adn_e	-0.0	-1000.0	0.0	-0.0	Inf
GLYt2pp_copy1	all__D_e	-0.0	-1000.0	0.0	-0.0	Inf
GLYt2pp_copy1	cl_e	-0.0	-0.0017348676360597892	999.9982651323639	-0.0	0.0
GLYt2pp_copy1	alltn_e	-0.0	0.0	0.0	Inf	Inf
GLYt2pp_copy1	cm_e	-0.0	-1000.0	0.0	-0.0	Inf
GLYt2pp_copy1	co2_e	-0.0	-947.681727468235	52.31827253176505	-0.0	0.0
GLYt2pp_copy1	arab__L_e	-0.0	-1000.0	0.0	-0.0	Inf
GLYt2pp_copy1	arbt_e	-0.0	-1000.0	0.0	-0.0	Inf
GLYt2pp_copy1	unagamu_c	-0.0	0.0	0.20000233314891602	Inf	0.0
GLYt2pp_copy1	crn_e	-0.0	-1000.0	0.0	-0.0	Inf
GLYt2pp_copy1	csn_e	-0.0	-1000.0	0.0	-0.0	Inf
GLYt2pp_copy1	cyan_e	-0.0	-1000.0	0.0	-0.0	Inf
GLYt2pp_copy1	glyb_e	-0.0	-1000.0	0.0	-0.0	Inf
GLYt2pp_copy1	glyc_e	-0.0	-1000.0	0.0	-0.0	Inf
GLYt2pp_copy1	cytd_e	-0.0	-1000.0	0.0	-0.0	Inf
GLYt2pp_copy1	ca2_e	-0.0	-0.0017348676360597892	999.9982651323639	-0.0	0.0
GLYt2pp_copy1	dad_2_e	-0.0	-1000.0	0.0	-0.0	Inf
GLYt2pp_copy1	dcyt_e	-0.0	-1000.0	0.0	-0.0	Inf
GLYt2pp_copy1	chol_e	-0.0	-1000.0	0.0	-0.0	Inf
GLYt2pp_copy1	dha_e	-0.0	-1000.0	0.0	-0.0	Inf
GLYt2pp_copy1	ppal_e	-0.0	-1000.0	0.0	-0.0	Inf
GLYt2pp_copy1	h2_e	-0.0	-1000.0	0.0	-0.0	Inf
GLYt2pp_copy1	dms_e	-0.0	-1000.0	0.0	-0.0	Inf
GLYt2pp_copy1	dmso_e	-0.0	-1000.0	0.0	-0.0	Inf
GLYt2pp_copy1	h2o2_e	-0.0	-1000.0	0.0	-0.0	Inf
GLYt2pp_copy1	psclys_e	-0.0	-1000.0	0.0	-0.0	Inf
GLYt2pp_copy1	duri_e	-0.0	-1000.0	0.0	-0.0	Inf
GLYt2pp_copy1	pydx_e	-0.0	-1000.0	0.0	-0.0	Inf
GLYt2pp_copy1	pydxn_e	-0.0	-1000.0	0.0	-0.0	Inf
GLYt2pp_copy1	etoh_e	-0.0	-1000.0	0.0	-0.0	Inf
GLYt2pp_copy1	fald_e	-0.0	0.0	0.0	Inf	Inf
GLYt2pp_copy1	rib__D_e	-0.0	-1000.0	0.0	-0.0	Inf
GLYt2pp_copy1	rmn_e	-0.0	-1000.0	0.0	-0.0	Inf
GLYt2pp_copy1	indole_e	-0.0	-1000.0	0.0	-0.0	Inf
GLYt2pp_copy1	inost_e	-0.0	-1000.0	0.0	-0.0	Inf
GLYt2pp_copy1	sbt__D_e	-0.0	-3.666050817634409	0.0	-0.0	Inf
GLYt2pp_copy1	k_e	-0.0	-0.06505936954442859	999.9349406304556	-0.0	0.0
GLYt2pp_copy1	for_e	-0.0	0.0	0.0008176042893132661	Inf	0.0
GLYt2pp_copy1	slnt_e	-0.0	0.0	1000.0	Inf	0.0
GLYt2pp_copy1	fru_e	-0.0	-1000.0	0.0	-0.0	Inf
GLYt2pp_copy1	so2_e	-0.0	-1000.0	0.0	-0.0	Inf
GLYt2pp_copy1	so3_e	-0.0	-1000.0	0.0	-0.0	Inf
GLYt2pp_copy1	so4_e	-0.0	-0.08406225302881255	999.9159377469712	-0.0	0.0
GLYt2pp_copy1	lipa_cold_e	-0.0	-1000.0	0.0	-0.0	Inf
GLYt2pp_copy1	sucr_e	-0.0	-1000.0	0.0	-0.0	Inf
GLYt2pp_copy1	g3pe_e	-0.0	-1000.0	0.0	-0.0	Inf
GLYt2pp_copy1	malt_e	-0.0	-1000.0	0.0	-0.0	Inf
GLYt2pp_copy1	tartr__L_e	-0.0	-1000.0	0.0	-0.0	Inf
GLYt2pp_copy1	g3pi_e	-0.0	-1000.0	0.0	-0.0	Inf
GLYt2pp_copy1	malthx_e	-0.0	-1000.0	0.0	-0.0	Inf
GLYt2pp_copy1	maltpt_e	-0.0	-1000.0	0.0	-0.0	Inf
GLYt2pp_copy1	gal_e	-0.0	-1000.0	0.0	-0.0	Inf
GLYt2pp_copy1	gal_bD_e	-0.0	-1000.0	0.0	-0.0	Inf
GLYt2pp_copy1	malttr_e	-0.0	-1000.0	0.0	-0.0	Inf
GLYt2pp_copy1	maltttr_e	-0.0	-1000.0	0.0	-0.0	Inf
GLYt2pp_copy1	man_e	-0.0	-1000.0	0.0	-0.0	Inf
GLYt2pp_copy1	thym_e	-0.0	-1000.0	0.0	-0.0	Inf
GLYt2pp_copy1	thymd_e	-0.0	-1000.0	0.0	-0.0	Inf
GLYt2pp_copy1	galt_e	-0.0	-0.047098406565328654	0.0	-0.0	Inf
GLYt2pp_copy1	melib_e	-0.0	-1000.0	0.0	-0.0	Inf
GLYt2pp_copy1	meoh_e	-0.0	-1000.0	0.0	-0.0	Inf
GLYt2pp_copy1	tmao_e	-0.0	-1000.0	0.0	-0.0	Inf
GLYt2pp_copy1	tre_e	-0.0	-1000.0	0.0	-0.0	Inf
GLYt2pp_copy1	metsox_S__L_e	-0.0	-1000.0	0.0	-0.0	Inf
GLYt2pp_copy1	glc__D_e	-0.0	-3.9543918931786886	6.17949961964984	-0.0	0.0
GLYt2pp_copy1	mg2_e	-0.0	-0.0028914460600413757	999.9971085539399	-0.0	0.0
GLYt2pp_copy1	mnl_e	-0.0	-1000.0	0.0	-0.0	Inf
GLYt2pp_copy1	mobd_e	-0.0	-4.299671945773298e-05	999.9999570032805	-0.0	0.0
GLYt2pp_copy1	glyald_e	-0.0	-1000.0	0.0	-0.0	Inf
GLYt2pp_copy1	n2o_e	-0.0	-1000.0	0.0	-0.0	Inf
GLYt2pp_copy1	na1_e	-0.0	0.0	1000.0	Inf	0.0
GLYt2pp_copy1	nac_e	-0.0	-1000.0	0.0	-0.0	Inf
GLYt2pp_copy1	ni2_e	-0.0	-0.00010765845274818275	999.9998923415473	-0.0	0.0
GLYt2pp_copy1	no_e	-0.0	-1000.0	0.0	-0.0	Inf
GLYt2pp_copy1	no2_e	-0.0	-1000.0	0.0	-0.0	Inf
GLYt2pp_copy1	ura_e	-0.0	-1000.0	0.0	-0.0	Inf
GLYt2pp_copy1	no3_e	-0.0	-1000.0	0.0	-0.0	Inf
GLYt2pp_copy1	urea_e	-0.0	-1000.0	0.0	-0.0	Inf
GLYt2pp_copy1	novbcn_e	-0.0	-1000.0	0.0	-0.0	Inf
GLYt2pp_copy1	uri_e	-0.0	-1000.0	0.0	-0.0	Inf
GLYt2pp_copy1	o2_e	-0.0	-51.107026797183266	948.8929732028167	-0.0	0.0
GLYt2pp_copy1	xan_e	-0.0	0.0	0.0	Inf	Inf
GLYt2pp_copy1	xtsn_e	-0.0	-1000.0	0.0	-0.0	Inf
GLYt2pp_copy1	xyl__D_e	-0.0	-1000.0	0.0	-0.0	Inf
GLYt2pp_copy1	xylu__L_e	-0.0	-1000.0	0.0	-0.0	Inf
GLYt2pp_copy1	pacald_e	-0.0	-1000.0	0.0	-0.0	Inf
GLYt2pp_copy1	12dgr120_p	-0.0	0.0	0.0	Inf	Inf
GLYt2pp_copy1	12dgr140_p	-0.0	0.0	0.0	Inf	Inf
GLYt2pp_copy1	12dgr160_p	-0.0	0.0	0.0	Inf	Inf
GLYt2pp_copy1	12dgr180_p	-0.0	0.0	0.0	Inf	Inf
GLYt2pp_copy1	12ppd__R_p	-0.0	-1000.0	0.0	-0.0	Inf
GLYt2pp_copy1	12ppd__S_p	-0.0	0.0	0.0	Inf	Inf
GLYt2pp_copy1	chol_p	-0.0	-1000.0	0.0	-0.0	Inf
GLYt2pp_copy1	cl_p	-0.0	-0.0017348676360597892	999.9982651323639	-0.0	0.0
GLYt2pp_copy1	34dhpac_p	-0.0	-1000.0	0.0	-0.0	Inf
GLYt2pp_copy1	cm_p	-0.0	0.0	0.0	Inf	Inf
GLYt2pp_copy1	4hoxpacd_p	-0.0	-1000.0	0.0	-0.0	Inf
GLYt2pp_copy1	co2_p	-0.0	-947.681727468235	52.31827253176505	-0.0	0.0
GLYt2pp_copy1	5mtr_p	-0.0	0.0	0.0	Inf	Inf
GLYt2pp_copy1	LalaDgluMdap_p	-0.0	-0.009261960013421297	0.0	-0.0	Inf
GLYt2pp_copy1	gal_p	-0.0	-1000.0	0.0	-0.0	Inf
GLYt2pp_copy1	ac_p	-0.0	0.0	0.0	Inf	Inf
GLYt2pp_copy1	crn_p	-0.0	-1000.0	0.0	-0.0	Inf
GLYt2pp_copy1	gal_bD_p	-0.0	-1000.0	0.0	-0.0	Inf
GLYt2pp_copy1	acald_p	-0.0	-1000.0	0.0	-0.0	Inf
GLYt2pp_copy1	acgal_p	-0.0	-1000.0	0.0	-0.0	Inf
GLYt2pp_copy1	csn_p	-0.0	0.0	0.0	Inf	Inf
GLYt2pp_copy1	acgam_p	-0.0	-1000.0	0.0	-0.0	Inf
GLYt2pp_copy1	galt_p	-0.0	-0.047098406565328654	0.0	-0.0	Inf
GLYt2pp_copy1	acmana_p	-0.0	-1000.0	0.0	-0.0	Inf
GLYt2pp_copy1	cyan_p	-0.0	0.0	0.0	Inf	Inf
GLYt2pp_copy1	ade_p	-0.0	-1000.0	0.0	-0.0	Inf
GLYt2pp_copy1	adn_p	-0.0	0.0	0.00022298298722394012	Inf	0.0
GLYt2pp_copy1	cytd_p	-0.0	-0.020835891781719813	0.0	-0.0	Inf
GLYt2pp_copy1	glc__D_p	-0.0	-3.9543918931786886	6.17949961964984	-0.0	0.0
GLYt2pp_copy1	dad_2_p	-0.0	-1000.0	0.0	-0.0	Inf
GLYt2pp_copy1	dcyt_p	-0.0	-1000.0	0.0	-0.0	Inf
GLYt2pp_copy1	all__D_p	-0.0	0.0	0.0	Inf	Inf
GLYt2pp_copy1	alltn_p	-0.0	0.0	0.0	Inf	Inf
GLYt2pp_copy1	dha_p	-0.0	-1000.0	0.0	-0.0	Inf
GLYt2pp_copy1	glyald_p	-0.0	-1000.0	0.0	-0.0	Inf
GLYt2pp_copy1	glyb_p	0.0	0.0	0.0	Inf	Inf
GLYt2pp_copy1	dms_p	-0.0	-1000.0	0.0	-0.0	Inf
GLYt2pp_copy1	glyc_p	-0.0	-0.04633913116258587	0.0	-0.0	Inf
GLYt2pp_copy1	dmso_p	-0.0	-1000.0	0.0	-0.0	Inf
GLYt2pp_copy1	arab__L_p	-0.0	0.0	0.0	Inf	Inf
GLYt2pp_copy1	arbt_p	0.0	0.0	0.0	Inf	Inf
GLYt2pp_copy1	ca2_p	-0.0	-0.0017348676360597892	999.9982651323639	-0.0	0.0
GLYt2pp_copy1	duri_p	-0.0	-1000.0	0.0	-0.0	Inf
GLYt2pp_copy1	h2_p	-0.0	-1000.0	0.0	-0.0	Inf
GLYt2pp_copy1	h2o2_p	-0.0	-1000.0	0.0	-0.0	Inf
GLYt2pp_copy1	etoh_p	-0.0	-1000.0	0.0	-0.0	Inf
GLYt2pp_copy1	fald_p	-0.0	0.0	0.0	Inf	Inf
GLYt2pp_copy1	n2o_p	-0.0	-1000.0	0.0	-0.0	Inf
GLYt2pp_copy1	na1_p	-0.0	0.0	0.0	Inf	Inf
GLYt2pp_copy1	indole_p	-0.0	0.0	0.40000466629783205	Inf	0.0
GLYt2pp_copy1	nac_p	-0.0	-1000.0	0.0	-0.0	Inf
GLYt2pp_copy1	ni2_p	-0.0	-0.00010765845274818275	999.9998923415473	-0.0	0.0
GLYt2pp_copy1	inost_p	-0.0	-1000.0	0.0	-0.0	Inf
GLYt2pp_copy1	no_p	-0.0	-1000.0	0.0	-0.0	Inf
GLYt2pp_copy1	no2_p	-0.0	-1000.0	0.0	-0.0	Inf
GLYt2pp_copy1	for_p	-0.0	0.0	0.0008176042893132661	Inf	0.0
GLYt2pp_copy1	fru_p	-0.0	-1000.0	0.0	-0.0	Inf
GLYt2pp_copy1	no3_p	-0.0	0.0	0.0	Inf	Inf
GLYt2pp_copy1	k_p	-0.0	-0.06505936954442859	999.9349406304556	-0.0	0.0
GLYt2pp_copy1	novbcn_p	-0.0	0.0	0.0	Inf	Inf
GLYt2pp_copy1	o2_p	-0.0	-51.107026797183266	948.8929732028167	-0.0	0.0
GLYt2pp_copy1	lipa_cold_p	-0.0	-162.01478037677418	0.0	-0.0	Inf
GLYt2pp_copy1	g3pe_p	-0.0	0.0	0.0	Inf	Inf
GLYt2pp_copy1	g3pi_p	-0.0	0.0	0.0	Inf	Inf
GLYt2pp_copy1	so3_p	-0.0	-1000.0	0.0	-0.0	Inf
GLYt2pp_copy1	so4_p	-0.0	-0.08406225302881255	999.9159377469712	-0.0	0.0
GLYt2pp_copy1	malt_p	0.0	0.0	0.0	Inf	Inf
GLYt2pp_copy1	malthx_p	0.0	0.0	0.0	Inf	Inf
GLYt2pp_copy1	maltpt_p	0.0	0.0	0.0	Inf	Inf
GLYt2pp_copy1	sucr_p	-0.0	-1000.0	0.0	-0.0	Inf
GLYt2pp_copy1	malttr_p	0.0	0.0	0.0	Inf	Inf
GLYt2pp_copy1	maltttr_p	0.0	0.0	0.0	Inf	Inf
GLYt2pp_copy1	pacald_p	-0.0	-1000.0	0.0	-0.0	Inf
GLYt2pp_copy1	man_p	-0.0	-1000.0	0.0	-0.0	Inf
GLYt2pp_copy1	tartr__L_p	-0.0	-1000.0	0.0	-0.0	Inf
GLYt2pp_copy1	pe120_p	-0.0	0.0	0.0	Inf	Inf
GLYt2pp_copy1	melib_p	-0.0	-1000.0	0.0	-0.0	Inf
GLYt2pp_copy1	meoh_p	-0.0	-1000.0	0.0	-0.0	Inf
GLYt2pp_copy1	thym_p	-0.0	-1000.0	0.0	-0.0	Inf
GLYt2pp_copy1	thymd_p	-0.0	0.0	0.0	Inf	Inf
GLYt2pp_copy1	pg120_p	-0.0	-0.023169565581292934	0.0	-0.0	Inf
GLYt2pp_copy1	metsox_S__L_p	-0.0	-1000.0	0.0	-0.0	Inf
GLYt2pp_copy1	tmao_p	-0.0	-1000.0	0.0	-0.0	Inf
GLYt2pp_copy1	mg2_p	-0.0	-0.0028914460600413757	999.9971085539399	-0.0	0.0
GLYt2pp_copy1	tre_p	-0.0	0.0	0.0	Inf	Inf
GLYt2pp_copy1	mnl_p	-0.0	0.0	0.0	Inf	Inf
GLYt2pp_copy1	mobd_p	-0.0	-4.299671945773298e-05	999.9999570032805	-0.0	0.0
GLYt2pp_copy1	ura_p	-0.0	-1000.0	0.0	-0.0	Inf
GLYt2pp_copy1	urea_p	-0.0	0.0	0.20000233314891602	Inf	0.0
GLYt2pp_copy1	uri_p	-0.0	0.0	0.0	Inf	Inf
GLYt2pp_copy1	xan_p	-0.0	0.0	0.0	Inf	Inf
GLYt2pp_copy1	xtsn_p	-0.0	0.0	0.0	Inf	Inf
GLYt2pp_copy1	xyl__D_p	-0.0	0.0	0.0	Inf	Inf
GLYt2pp_copy1	xylu__L_p	-0.0	-1000.0	0.0	-0.0	Inf
GLYt2pp_copy1	ppal_p	-0.0	-1000.0	0.0	-0.0	Inf
GLYt2pp_copy1	psclys_p	-0.0	-1000.0	0.0	-0.0	Inf
GLYt2pp_copy1	pydx_p	-0.0	0.0	0.0	Inf	Inf
GLYt2pp_copy1	pydxn_p	-0.0	0.0	0.0	Inf	Inf
GLYt2pp_copy1	rib__D_p	-0.0	-1000.0	0.0	-0.0	Inf
GLYt2pp_copy1	rmn_p	-0.0	-1000.0	0.0	-0.0	Inf
GLYt2pp_copy1	sbt__D_p	-0.0	-3.666050817634409	0.0	-0.0	Inf
GLYt2pp_copy1	slnt_p	-0.0	0.0	0.0	Inf	Inf
GLYt2pp_copy1	so2_p	-0.0	-1000.0	0.0	-0.0	Inf
