Reaction	Metabolite	ShadowPrice	G-	G+	DecrementalShadowPrice	IncrementalShadowPrice
DSERt2pp	12dgr120_c	-0.0	0.0	0.0	Inf	Inf
DSERt2pp	12dgr140_c	-0.0	0.0	0.0	Inf	Inf
DSERt2pp	12dgr160_c	-0.0	-0.05213237757770681	0.0	-0.0	Inf
DSERt2pp	12dgr180_c	-0.0	0.0	0.0	Inf	Inf
DSERt2pp	12ppd__R_c	-0.0	-1000.0	0.0	-0.0	Inf
DSERt2pp	12ppd__S_c	-0.0	0.0	0.0	Inf	Inf
DSERt2pp	5drib_c	-0.0	-999.9998161879062	0.00018381209381928778	-0.0	0.0
DSERt2pp	5mta_c	-0.0	0.0	0.0	Inf	Inf
DSERt2pp	23dhacoa_c	-0.0	-0.0004705589578400393	0.0	-0.0	Inf
DSERt2pp	5mtr_c	-0.0	0.0	0.0	Inf	Inf
DSERt2pp	3amac_c	-0.0	-7.512637187754546	0.0	-0.0	Inf
DSERt2pp	LalaDgluMdap_c	-0.0	-0.022701202058001642	0.0	-0.0	Inf
DSERt2pp	ac_c	-0.0	-2.555564087055853	0.4759311749704369	-0.0	0.0
DSERt2pp	acald_c	-0.0	0.0	2.3351228920809555	Inf	0.0
DSERt2pp	acetol_c	-0.0	0.0	0.0	Inf	Inf
DSERt2pp	acgam_c	-0.0	-0.07719127609240276	0.0	-0.0	Inf
DSERt2pp	acgam6p_c	-0.0	-0.07719127609240276	0.0	-0.0	Inf
DSERt2pp	acmalt_c	0.0	0.0	0.0	Inf	Inf
DSERt2pp	acmana_c	-0.0	-0.07719127609240276	0.0	-0.0	Inf
DSERt2pp	2dmmq8_c	-0.0	0.0	0.0	Inf	Inf
DSERt2pp	2dmmql8_c	0.0	0.0	0.0	Inf	Inf
DSERt2pp	ade_c	-0.0	-0.09122144897355615	0.0005498023961912514	-0.0	0.0
DSERt2pp	adn_c	-0.0	0.0	0.0005498023961912514	Inf	0.0
DSERt2pp	3sala_c	0.0	0.0	0.0	Inf	Inf
DSERt2pp	adphep_DD_c	-0.0	0.0	0.0	Inf	Inf
DSERt2pp	adphep_LD_c	-0.0	0.0	0.0	Inf	Inf
DSERt2pp	4ahmmp_c	0.0	0.0	0.0	Inf	Inf
DSERt2pp	4crsol_c	-0.0	-999.9998178217915	0.00018217820854089412	-0.0	0.0
DSERt2pp	2ohph_c	-0.0	-0.00018217820854089412	0.08174034721570048	-0.0	0.0
DSERt2pp	2ombzl_c	-0.0	0.0	0.0	Inf	Inf
DSERt2pp	2omhmbl_c	-0.0	0.0	0.0	Inf	Inf
DSERt2pp	2ommbl_c	0.0	0.0	0.0	Inf	Inf
DSERt2pp	2omph_c	-0.0	0.0	0.07353152936765563	Inf	0.0
DSERt2pp	4mhetz_c	0.0	0.0	0.0	Inf	Inf
DSERt2pp	2oph_c	-0.0	-0.00018217820854089412	0.08181775284753351	-0.0	0.0
DSERt2pp	2oxpaccoa_c	-0.0	-0.0004705589578400393	0.0	-0.0	Inf
DSERt2pp	all__D_c	-0.0	-0.8518546956852839	0.0	-0.0	Inf
DSERt2pp	alltn_c	-0.0	-1.1297008034787324	0.0	-0.0	Inf
DSERt2pp	4r5au_c	-0.0	-0.0003643564165196168	0.4937116971828307	-0.0	0.0
DSERt2pp	56dura_c	0.0	0.0	0.0	Inf	Inf
DSERt2pp	arab__L_c	-0.0	-0.9526858390992347	0.0	-0.0	Inf
DSERt2pp	etoh_c	-0.0	-1000.0	0.0	-0.0	Inf
DSERt2pp	csn_c	-0.0	0.0	0.14778900814155804	Inf	0.0
DSERt2pp	fald_c	-0.0	0.0	0.0	Inf	Inf
DSERt2pp	fc1p_c	-0.0	-0.7880481949847175	0.0	-0.0	Inf
DSERt2pp	fcl__L_c	-0.0	0.0	0.0	Inf	Inf
DSERt2pp	aso4_c	0.0	0.0	0.0	Inf	Inf
DSERt2pp	cyan_c	0.0	0.0	0.0	Inf	Inf
DSERt2pp	athtp_c	0.0	0.0	0.0	Inf	Inf
DSERt2pp	cytd_c	-0.0	0.0	0.0	Inf	Inf
DSERt2pp	dad_2_c	-0.0	0.0	0.0	Inf	Inf
DSERt2pp	dad_5_c	-0.0	-0.09122144897355615	0.00018381209381928778	-0.0	0.0
DSERt2pp	betald_c	0.0	0.0	0.0	Inf	Inf
DSERt2pp	btal_c	-0.0	-130.51435042757208	0.0	-0.0	Inf
DSERt2pp	for_c	-0.0	-7.512637187754539	0.002003960292282109	-0.0	0.0
DSERt2pp	dcyt_c	-0.0	-0.021376121097205214	0.0	-0.0	Inf
DSERt2pp	fru_c	-0.0	-0.8518546956852839	0.8907169794535603	-0.0	0.0
DSERt2pp	ca2_c	-0.0	-0.0042521864370428375	913.6004529930046	-0.0	0.0
DSERt2pp	g3pe_c	-0.0	0.0	0.0	Inf	Inf
DSERt2pp	g3pi_c	0.0	0.0	0.0	Inf	Inf
DSERt2pp	cbm_c	-0.0	-3.7563185938772694	0.0	-0.0	Inf
DSERt2pp	dha_c	-0.0	-2.555564087055853	1.7999905626457364	-0.0	0.0
DSERt2pp	gal_c	-0.0	0.0	0.0	Inf	Inf
DSERt2pp	dhgly_c	-0.0	-0.00018217820854089412	0.31732366372785	-0.0	0.0
DSERt2pp	dhmptp_c	0.0	0.0	0.0	Inf	Inf
DSERt2pp	gcald_c	-0.0	-1.1297008034787324	0.0005465346256414705	-0.0	0.0
DSERt2pp	dhptd_c	-0.0	-38.91289616505843	0.00036599030237196363	-0.0	0.0
DSERt2pp	cechddd_c	-0.0	0.0	0.0	Inf	Inf
DSERt2pp	dhptdn_c	0.0	0.0	0.0	Inf	Inf
DSERt2pp	chol_c	0.0	0.0	0.0	Inf	Inf
DSERt2pp	chtbs6p_c	-0.0	0.0	0.0	Inf	Inf
DSERt2pp	dmbzid_c	0.0	0.0	0.0	Inf	Inf
DSERt2pp	dms_c	0.0	0.0	0.0	Inf	Inf
DSERt2pp	dmso_c	0.0	0.0	0.0	Inf	Inf
DSERt2pp	cl_c	-0.0	-0.0042521864370195245	999.995747813563	-0.0	0.0
DSERt2pp	glc__D_c	-0.0	-0.8518546956852839	0.8907169794535603	-0.0	0.0
DSERt2pp	co2_c	-0.0	-978.0341767935614	21.963819246146272	-0.0	0.0
DSERt2pp	dscl_c	-0.0	-0.00018217820854089412	0.09181446107861647	-0.0	0.0
DSERt2pp	dtdp4aaddg_c	-0.0	0.0	0.0	Inf	Inf
DSERt2pp	glyald_c	-0.0	-1000.0	0.0	-0.0	Inf
DSERt2pp	crn_c	-0.0	-913.6004529930046	0.0	-0.0	Inf
DSERt2pp	duri_c	-0.0	-0.021376121097205214	0.0	-0.0	Inf
DSERt2pp	glyb_c	0.0	0.0	0.0	Inf	Inf
DSERt2pp	glyc_c	-0.0	-0.11357790124225753	0.0	-0.0	Inf
DSERt2pp	dxyl_c	0.0	0.0	0.0	Inf	Inf
DSERt2pp	glycogen_c	-0.0	-0.8518546956852839	0.0	-0.0	Inf
DSERt2pp	gmhep1p_c	-0.0	0.0	0.7081930082540605	Inf	0.0
DSERt2pp	lipa_cold_c	-0.0	0.0	0.0	Inf	Inf
DSERt2pp	lipidA_c	-0.0	-0.015894435988201394	0.06110293281965725	-0.0	0.0
DSERt2pp	malt_c	0.0	0.0	0.0	Inf	Inf
DSERt2pp	h2_c	-0.0	0.0	0.0	Inf	Inf
DSERt2pp	malthx_c	-0.0	0.0	0.0	Inf	Inf
DSERt2pp	maltpt_c	-0.0	0.0	0.0	Inf	Inf
DSERt2pp	malttr_c	-0.0	0.0	0.0	Inf	Inf
DSERt2pp	maltttr_c	-0.0	0.0	0.0	Inf	Inf
DSERt2pp	h2o2_c	-0.0	-40.44189946994493	0.002043173541210308	-0.0	0.0
DSERt2pp	man_c	-0.0	0.0	0.0	Inf	Inf
DSERt2pp	mdhdhf_c	-0.0	-38.91289616505843	0.00036599030237196363	-0.0	0.0
DSERt2pp	melib_c	-0.0	0.0	0.0	Inf	Inf
DSERt2pp	meoh_c	-0.0	-999.9999983661147	1.6338852901753853e-06	-0.0	0.0
DSERt2pp	pacald_c	-0.0	-913.6004529930046	0.0	-0.0	Inf
DSERt2pp	metsox_S__L_c	-0.0	-0.09122144897355611	0.0	-0.0	Inf
DSERt2pp	mg2_c	-0.0	-0.007086977395032541	456.8002264965023	-0.0	0.0
DSERt2pp	hhlipa_c	-0.0	0.0	0.0	Inf	Inf
DSERt2pp	pe120_c	-0.0	0.0	0.0	Inf	Inf
DSERt2pp	mobd_c	-0.0	-0.00010538560045639166	21.599886751748826	-0.0	0.0
DSERt2pp	hlipa_c	-0.0	0.0	0.0	Inf	Inf
DSERt2pp	pg120_c	-0.0	-0.056788950621128764	0.0	-0.0	Inf
DSERt2pp	mql8_c	0.0	0.0	0.0	Inf	Inf
DSERt2pp	mqn8_c	-0.0	0.0	0.0	Inf	Inf
DSERt2pp	mthgxl_c	-0.0	0.0	0.0	Inf	Inf
DSERt2pp	hqn_c	0.0	0.0	0.0	Inf	Inf
DSERt2pp	mththf_c	-0.0	-999.9996340096976	0.00036599030237196363	-0.0	0.0
DSERt2pp	n2o_c	-0.0	-1000.0	0.0	-0.0	Inf
DSERt2pp	na1_c	-0.0	-86.3995470069953	0.0	-0.0	Inf
DSERt2pp	nac_c	-0.0	0.0	0.0	Inf	Inf
DSERt2pp	ncam_c	-0.0	0.0	0.0	Inf	Inf
DSERt2pp	ni2_c	-0.0	-0.00026387247246057756	999.9997361275275	-0.0	0.0
DSERt2pp	no_c	-0.0	-1000.0	0.0	-0.0	Inf
DSERt2pp	indole_c	-0.0	-0.046437470439865666	0.4293083104558563	-0.0	0.0
DSERt2pp	no2_c	-0.0	-913.6004529930046	0.0	-0.0	Inf
DSERt2pp	no3_c	0.0	0.0	0.0	Inf	Inf
DSERt2pp	inost_c	0.0	0.0	0.0	Inf	Inf
DSERt2pp	o2_c	-0.0	-20.220949734972464	979.7790502650275	-0.0	0.0
DSERt2pp	poaac_c	-0.0	-6.171396214785376	0.0	-0.0	Inf
DSERt2pp	ppal_c	-0.0	0.0	0.0	Inf	Inf
DSERt2pp	k_c	-0.0	-0.15946148457271647	86.3995470069953	-0.0	0.0
DSERt2pp	psclys_c	-0.0	0.0	0.0	Inf	Inf
DSERt2pp	lald__D_c	-0.0	0.0	0.0	Inf	Inf
DSERt2pp	lald__L_c	-0.0	-2.555564087055853	0.0	-0.0	Inf
DSERt2pp	ura_c	-0.0	0.0	0.0	Inf	Inf
DSERt2pp	pydx_c	-0.0	0.0	0.5481045100753777	Inf	0.0
DSERt2pp	uracp_c	-0.0	-4.411826832023166	0.0	-0.0	Inf
DSERt2pp	pydxn_c	-0.0	0.0	0.5481045100753777	Inf	0.0
DSERt2pp	urate_c	-0.0	-1.1297008034787324	0.0	-0.0	Inf
DSERt2pp	q8_c	-0.0	0.0	0.0	Inf	Inf
DSERt2pp	q8h2_c	0.0	0.0	0.0	Inf	Inf
DSERt2pp	urea_c	-0.0	-1000.0	0.0	-0.0	Inf
DSERt2pp	uri_c	-0.0	0.0	0.0	Inf	Inf
DSERt2pp	rbflvrd_c	-0.0	0.0	0.2518937230524646	Inf	0.0
DSERt2pp	rbl__L_c	-0.0	-0.9526858390992347	0.0	-0.0	Inf
DSERt2pp	rdmbzi_c	0.0	0.0	0.0	Inf	Inf
DSERt2pp	thptdn_c	0.0	0.0	0.0	Inf	Inf
DSERt2pp	xan_c	-0.0	0.0	0.0	Inf	Inf
DSERt2pp	rephaccoa_c	-0.0	-0.0004705589578400393	0.0	-0.0	Inf
DSERt2pp	rib__D_c	-0.0	0.0	1.0164652589058278	Inf	0.0
DSERt2pp	xtsn_c	-0.0	0.0	0.0	Inf	Inf
DSERt2pp	rml_c	-0.0	-0.8518546956852839	0.0	-0.0	Inf
DSERt2pp	thym_c	-0.0	-86.3995470069953	0.0	-0.0	Inf
DSERt2pp	thymd_c	-0.0	-0.021376121097205214	0.0	-0.0	Inf
DSERt2pp	xu5p__L_c	-0.0	-0.7880481949847168	0.0	-0.0	Inf
DSERt2pp	rmn_c	-0.0	-0.8518546956852839	0.0	-0.0	Inf
DSERt2pp	xyl__D_c	0.0	0.0	0.0	Inf	Inf
DSERt2pp	tmao_c	0.0	0.0	0.0	Inf	Inf
DSERt2pp	xylu__D_c	-0.0	0.0	0.0	Inf	Inf
DSERt2pp	xylu__L_c	-0.0	-0.9526858390992347	0.0	-0.0	Inf
DSERt2pp	12ppd__R_e	-0.0	-1000.0	0.0	-0.0	Inf
DSERt2pp	12ppd__S_e	-0.0	-1000.0	0.0	-0.0	Inf
DSERt2pp	tre_c	-0.0	-0.42592734784264197	0.0	-0.0	Inf
DSERt2pp	seln_c	0.0	0.0	0.0	Inf	Inf
DSERt2pp	34dhpac_e	-0.0	-1000.0	0.0	-0.0	Inf
DSERt2pp	slnt_c	0.0	0.0	0.0	Inf	Inf
DSERt2pp	so2_c	0.0	0.0	0.0	Inf	Inf
DSERt2pp	so3_c	-0.0	-0.20249720586070907	4.114264143190251	-0.0	0.0
DSERt2pp	so4_c	-0.0	-0.20604110302954495	86.3995470069953	-0.0	0.0
DSERt2pp	4hoxpacd_e	-0.0	-1000.0	0.0	-0.0	Inf
DSERt2pp	5mtr_e	-0.0	0.0	0.0	Inf	Inf
DSERt2pp	LalaDgluMdap_e	-0.0	-1000.0	0.0	-0.0	Inf
DSERt2pp	ac_e	-0.0	0.0	0.0	Inf	Inf
DSERt2pp	acald_e	-0.0	-1000.0	0.0	-0.0	Inf
DSERt2pp	acgal_e	-0.0	-1000.0	0.0	-0.0	Inf
DSERt2pp	acgam_e	-0.0	-1000.0	0.0	-0.0	Inf
DSERt2pp	acmana_e	-0.0	-1000.0	0.0	-0.0	Inf
DSERt2pp	tagur_c	-0.0	0.0	0.0	Inf	Inf
DSERt2pp	tartr__L_c	-0.0	-1.1297008034787324	0.0	-0.0	Inf
DSERt2pp	ade_e	-0.0	-1000.0	0.0	-0.0	Inf
DSERt2pp	adn_e	-0.0	-1000.0	0.0	-0.0	Inf
DSERt2pp	all__D_e	-0.0	-1000.0	0.0	-0.0	Inf
DSERt2pp	cl_e	-0.0	-0.0042521864370428375	999.995747813563	-0.0	0.0
DSERt2pp	alltn_e	-0.0	0.0	0.0	Inf	Inf
DSERt2pp	cm_e	-0.0	-1000.0	0.0	-0.0	Inf
DSERt2pp	co2_e	-0.0	-978.0341767935614	21.965823206438586	-0.0	0.0
DSERt2pp	arab__L_e	-0.0	-1000.0	0.0	-0.0	Inf
DSERt2pp	arbt_e	-0.0	-1000.0	0.0	-0.0	Inf
DSERt2pp	unagamu_c	-0.0	0.0	0.0559945217154863	Inf	0.0
DSERt2pp	crn_e	-0.0	-1000.0	0.0	-0.0	Inf
DSERt2pp	csn_e	-0.0	-1000.0	0.0	-0.0	Inf
DSERt2pp	cyan_e	-0.0	-1000.0	0.0	-0.0	Inf
DSERt2pp	glyb_e	-0.0	-1000.0	0.0	-0.0	Inf
DSERt2pp	glyc_e	-0.0	-1000.0	0.0	-0.0	Inf
DSERt2pp	cytd_e	-0.0	-1000.0	0.0	-0.0	Inf
DSERt2pp	ca2_e	-0.0	-0.0042521864370428375	999.995747813563	-0.0	0.0
DSERt2pp	dad_2_e	-0.0	-1000.0	0.0	-0.0	Inf
DSERt2pp	dcyt_e	-0.0	-1000.0	0.0	-0.0	Inf
DSERt2pp	chol_e	-0.0	-1000.0	0.0	-0.0	Inf
DSERt2pp	dha_e	-0.0	-1000.0	0.0	-0.0	Inf
DSERt2pp	ppal_e	-0.0	-1000.0	0.0	-0.0	Inf
DSERt2pp	h2_e	-0.0	-1000.0	0.0	-0.0	Inf
DSERt2pp	dms_e	-0.0	-1000.0	0.0	-0.0	Inf
DSERt2pp	dmso_e	-0.0	-1000.0	0.0	-0.0	Inf
DSERt2pp	h2o2_e	-0.0	-1000.0	0.0	-0.0	Inf
DSERt2pp	psclys_e	-0.0	-1000.0	0.0	-0.0	Inf
DSERt2pp	duri_e	-0.0	-1000.0	0.0	-0.0	Inf
DSERt2pp	pydx_e	-0.0	-1000.0	0.0	-0.0	Inf
DSERt2pp	pydxn_e	-0.0	-1000.0	0.0	-0.0	Inf
DSERt2pp	etoh_e	-0.0	-1000.0	0.0	-0.0	Inf
DSERt2pp	fald_e	-0.0	0.0	0.0	Inf	Inf
DSERt2pp	rib__D_e	-0.0	-1000.0	0.0	-0.0	Inf
DSERt2pp	rmn_e	-0.0	-1000.0	0.0	-0.0	Inf
DSERt2pp	indole_e	-0.0	-1000.0	0.0	-0.0	Inf
DSERt2pp	inost_e	-0.0	-1000.0	0.0	-0.0	Inf
DSERt2pp	sbt__D_e	-0.0	-1.2777820435279266	0.0	-0.0	Inf
DSERt2pp	k_e	-0.0	-0.15946148457271647	999.8405385154273	-0.0	0.0
DSERt2pp	for_e	-0.0	0.0	0.002003960292282109	Inf	0.0
DSERt2pp	slnt_e	-0.0	-1000.0	0.0	-0.0	Inf
DSERt2pp	fru_e	-0.0	-1000.0	0.0	-0.0	Inf
DSERt2pp	so2_e	-0.0	-1000.0	0.0	-0.0	Inf
DSERt2pp	so3_e	-0.0	-1000.0	0.0	-0.0	Inf
DSERt2pp	so4_e	-0.0	-0.20604110302954495	999.7939588969705	-0.0	0.0
DSERt2pp	lipa_cold_e	-0.0	-1000.0	0.0	-0.0	Inf
DSERt2pp	sucr_e	-0.0	-0.5111128174111707	0.44766604666836984	-0.0	0.0
DSERt2pp	g3pe_e	-0.0	-1000.0	0.0	-0.0	Inf
DSERt2pp	malt_e	-0.0	-1000.0	0.0	-0.0	Inf
DSERt2pp	tartr__L_e	-0.0	-1000.0	0.0	-0.0	Inf
DSERt2pp	g3pi_e	-0.0	-1000.0	0.0	-0.0	Inf
DSERt2pp	malthx_e	-0.0	-1000.0	0.0	-0.0	Inf
DSERt2pp	maltpt_e	-0.0	-1000.0	0.0	-0.0	Inf
DSERt2pp	gal_e	-0.0	-1000.0	0.0	-0.0	Inf
DSERt2pp	gal_bD_e	-0.0	-1000.0	0.0	-0.0	Inf
DSERt2pp	malttr_e	-0.0	-1000.0	0.0	-0.0	Inf
DSERt2pp	maltttr_e	-0.0	-1000.0	0.0	-0.0	Inf
DSERt2pp	man_e	-0.0	-1000.0	0.0	-0.0	Inf
DSERt2pp	thym_e	-0.0	-1000.0	0.0	-0.0	Inf
DSERt2pp	thymd_e	-0.0	-1000.0	0.0	-0.0	Inf
DSERt2pp	galt_e	-0.0	-0.8518546956852839	0.0	-0.0	Inf
DSERt2pp	melib_e	-0.0	-1000.0	0.0	-0.0	Inf
DSERt2pp	meoh_e	-0.0	-999.9999983661147	1.6338852901753853e-06	-0.0	0.0
DSERt2pp	tmao_e	-0.0	-1000.0	0.0	-0.0	Inf
DSERt2pp	tre_e	-0.0	-1000.0	0.0	-0.0	Inf
DSERt2pp	metsox_S__L_e	-0.0	-1000.0	0.0	-0.0	Inf
DSERt2pp	glc__D_e	-0.0	-1000.0	0.0	-0.0	Inf
DSERt2pp	mg2_e	-0.0	-0.0070869773950335	999.992913022605	-0.0	0.0
DSERt2pp	mnl_e	-0.0	-1000.0	0.0	-0.0	Inf
DSERt2pp	mobd_e	-0.0	-0.00010538560047734791	999.9998946143995	-0.0	0.0
DSERt2pp	glyald_e	-0.0	-1000.0	0.0	-0.0	Inf
DSERt2pp	n2o_e	-0.0	-1000.0	0.0	-0.0	Inf
DSERt2pp	na1_e	-0.0	-1000.0	0.0	-0.0	Inf
DSERt2pp	nac_e	-0.0	-1000.0	0.0	-0.0	Inf
DSERt2pp	ni2_e	-0.0	-0.0002638724724874919	999.9997361275275	-0.0	0.0
DSERt2pp	no_e	-0.0	-1000.0	0.0	-0.0	Inf
DSERt2pp	no2_e	-0.0	-1000.0	0.0	-0.0	Inf
DSERt2pp	ura_e	-0.0	-1000.0	0.0	-0.0	Inf
DSERt2pp	no3_e	-0.0	-1000.0	0.0	-0.0	Inf
DSERt2pp	urea_e	-0.0	-1000.0	0.0	-0.0	Inf
DSERt2pp	novbcn_e	-0.0	-1000.0	0.0	-0.0	Inf
DSERt2pp	uri_e	-0.0	-1000.0	0.0	-0.0	Inf
DSERt2pp	o2_e	-0.0	-20.220949734972464	979.7790502650275	-0.0	0.0
DSERt2pp	xan_e	-0.0	0.0	0.0	Inf	Inf
DSERt2pp	xtsn_e	-0.0	-1000.0	0.0	-0.0	Inf
DSERt2pp	xyl__D_e	-0.0	-1000.0	0.0	-0.0	Inf
DSERt2pp	xylu__L_e	-0.0	-1000.0	0.0	-0.0	Inf
DSERt2pp	pacald_e	-0.0	-1000.0	0.0	-0.0	Inf
DSERt2pp	12dgr120_p	-0.0	0.0	0.0	Inf	Inf
DSERt2pp	12dgr140_p	-0.0	0.0	0.0	Inf	Inf
DSERt2pp	12dgr160_p	-0.0	-0.05213237757770681	0.0	-0.0	Inf
DSERt2pp	12dgr180_p	-0.0	0.0	0.0	Inf	Inf
DSERt2pp	12ppd__R_p	-0.0	-1000.0	0.0	-0.0	Inf
DSERt2pp	12ppd__S_p	-0.0	0.0	0.0	Inf	Inf
DSERt2pp	chol_p	-0.0	-1000.0	0.0	-0.0	Inf
DSERt2pp	cl_p	-0.0	-0.0042521864370428375	999.995747813563	-0.0	0.0
DSERt2pp	34dhpac_p	-0.0	-1000.0	0.0	-0.0	Inf
DSERt2pp	cm_p	-0.0	0.0	0.0	Inf	Inf
DSERt2pp	4hoxpacd_p	-0.0	-1000.0	0.0	-0.0	Inf
DSERt2pp	co2_p	-0.0	-978.0341767935614	21.965823206438586	-0.0	0.0
DSERt2pp	5mtr_p	-0.0	0.0	0.0	Inf	Inf
DSERt2pp	LalaDgluMdap_p	-0.0	-0.022701202058001642	0.0	-0.0	Inf
DSERt2pp	gal_p	-0.0	-1000.0	0.0	-0.0	Inf
DSERt2pp	ac_p	-0.0	-2.555564087055853	0.0	-0.0	Inf
DSERt2pp	crn_p	-0.0	-1000.0	0.0	-0.0	Inf
DSERt2pp	gal_bD_p	-0.0	-1000.0	0.0	-0.0	Inf
DSERt2pp	acald_p	-0.0	-1000.0	0.0	-0.0	Inf
DSERt2pp	acgal_p	-0.0	-1000.0	0.0	-0.0	Inf
DSERt2pp	csn_p	-0.0	0.0	0.0	Inf	Inf
DSERt2pp	acgam_p	-0.0	-1000.0	0.0	-0.0	Inf
DSERt2pp	galt_p	-0.0	-0.8518546956852839	0.0	-0.0	Inf
DSERt2pp	acmana_p	-0.0	-1000.0	0.0	-0.0	Inf
DSERt2pp	cyan_p	-0.0	0.0	0.0	Inf	Inf
DSERt2pp	ade_p	-0.0	-1000.0	0.0	-0.0	Inf
DSERt2pp	adn_p	-0.0	0.0	0.0005498023961912514	Inf	0.0
DSERt2pp	cytd_p	-0.0	0.0	0.0	Inf	Inf
DSERt2pp	glc__D_p	-0.0	-1000.0	0.0	-0.0	Inf
DSERt2pp	dad_2_p	-0.0	-1000.0	0.0	-0.0	Inf
DSERt2pp	dcyt_p	-0.0	-1000.0	0.0	-0.0	Inf
DSERt2pp	all__D_p	-0.0	0.0	0.0	Inf	Inf
DSERt2pp	alltn_p	-0.0	0.0	0.0	Inf	Inf
DSERt2pp	dha_p	-0.0	-1000.0	0.0	-0.0	Inf
DSERt2pp	glyald_p	-0.0	-1000.0	0.0	-0.0	Inf
DSERt2pp	glyb_p	0.0	0.0	0.0	Inf	Inf
DSERt2pp	dms_p	-0.0	-1000.0	0.0	-0.0	Inf
DSERt2pp	glyc_p	-0.0	-0.11357790124225753	0.0	-0.0	Inf
DSERt2pp	dmso_p	-0.0	-1000.0	0.0	-0.0	Inf
DSERt2pp	arab__L_p	-0.0	0.0	0.0	Inf	Inf
DSERt2pp	arbt_p	0.0	0.0	0.0	Inf	Inf
DSERt2pp	ca2_p	-0.0	-0.0042521864370428375	999.995747813563	-0.0	0.0
DSERt2pp	duri_p	-0.0	-1000.0	0.0	-0.0	Inf
DSERt2pp	h2_p	-0.0	-1000.0	0.0	-0.0	Inf
DSERt2pp	h2o2_p	-0.0	-1000.0	0.0	-0.0	Inf
DSERt2pp	etoh_p	-0.0	-1000.0	0.0	-0.0	Inf
DSERt2pp	fald_p	-0.0	0.0	0.0	Inf	Inf
DSERt2pp	n2o_p	-0.0	-1000.0	0.0	-0.0	Inf
DSERt2pp	na1_p	-0.0	-1000.0	0.0	-0.0	Inf
DSERt2pp	indole_p	-0.0	0.0	0.4293083104558563	Inf	0.0
DSERt2pp	nac_p	-0.0	-1000.0	0.0	-0.0	Inf
DSERt2pp	ni2_p	-0.0	-0.0002638724724874919	999.9997361275275	-0.0	0.0
DSERt2pp	inost_p	-0.0	-1000.0	0.0	-0.0	Inf
DSERt2pp	no_p	-0.0	-1000.0	0.0	-0.0	Inf
DSERt2pp	no2_p	-0.0	-1000.0	0.0	-0.0	Inf
DSERt2pp	for_p	-0.0	-7.512637187754539	0.002003960292282109	-0.0	0.0
DSERt2pp	fru_p	-0.0	-1000.0	0.0	-0.0	Inf
DSERt2pp	no3_p	-0.0	0.0	0.0	Inf	Inf
DSERt2pp	k_p	-0.0	-0.15946148457271647	999.8405385154273	-0.0	0.0
DSERt2pp	novbcn_p	-0.0	0.0	0.0	Inf	Inf
DSERt2pp	o2_p	-0.0	-20.220949734972464	979.7790502650275	-0.0	0.0
DSERt2pp	lipa_cold_p	-0.0	-21.599886751748826	0.0	-0.0	Inf
DSERt2pp	g3pe_p	-0.0	0.0	0.0	Inf	Inf
DSERt2pp	g3pi_p	-0.0	0.0	0.0	Inf	Inf
DSERt2pp	so3_p	-0.0	-1000.0	0.0	-0.0	Inf
DSERt2pp	so4_p	-0.0	-0.20604110302954495	999.7939588969705	-0.0	0.0
DSERt2pp	malt_p	0.0	0.0	0.0	Inf	Inf
DSERt2pp	malthx_p	0.0	0.0	0.0	Inf	Inf
DSERt2pp	maltpt_p	0.0	0.0	0.0	Inf	Inf
DSERt2pp	sucr_p	-0.0	-0.5111128174111707	0.44766604666836984	-0.0	0.0
DSERt2pp	malttr_p	0.0	0.0	0.0	Inf	Inf
DSERt2pp	maltttr_p	0.0	0.0	0.0	Inf	Inf
DSERt2pp	pacald_p	-0.0	-1000.0	0.0	-0.0	Inf
DSERt2pp	man_p	-0.0	-1000.0	0.0	-0.0	Inf
DSERt2pp	tartr__L_p	-0.0	-1000.0	0.0	-0.0	Inf
DSERt2pp	pe120_p	-0.0	0.0	0.0	Inf	Inf
DSERt2pp	melib_p	-0.0	-1000.0	0.0	-0.0	Inf
DSERt2pp	meoh_p	-0.0	-999.9999983661147	1.6338852901753853e-06	-0.0	0.0
DSERt2pp	thym_p	-0.0	-1000.0	0.0	-0.0	Inf
DSERt2pp	thymd_p	-0.0	-0.021376121097205214	0.0	-0.0	Inf
DSERt2pp	pg120_p	-0.0	-0.056788950621128764	0.0	-0.0	Inf
DSERt2pp	metsox_S__L_p	-0.0	-1000.0	0.0	-0.0	Inf
DSERt2pp	tmao_p	-0.0	-1000.0	0.0	-0.0	Inf
DSERt2pp	mg2_p	-0.0	-0.007086977395032541	999.992913022605	-0.0	0.0
DSERt2pp	tre_p	-0.0	0.0	0.0	Inf	Inf
DSERt2pp	mnl_p	-0.0	0.0	0.0	Inf	Inf
DSERt2pp	mobd_p	-0.0	-0.00010538560047734791	999.9998946143995	-0.0	0.0
DSERt2pp	ura_p	-0.0	-1000.0	0.0	-0.0	Inf
DSERt2pp	urea_p	-0.0	-1000.0	0.0	-0.0	Inf
DSERt2pp	uri_p	-0.0	0.0	0.0	Inf	Inf
DSERt2pp	xan_p	-0.0	0.0	0.0	Inf	Inf
DSERt2pp	xtsn_p	-0.0	0.0	0.0	Inf	Inf
DSERt2pp	xyl__D_p	-0.0	-1000.0	0.0	-0.0	Inf
DSERt2pp	xylu__L_p	-0.0	0.0	0.0	Inf	Inf
DSERt2pp	ppal_p	-0.0	0.0	0.0	Inf	Inf
DSERt2pp	psclys_p	-0.0	-1000.0	0.0	-0.0	Inf
DSERt2pp	pydx_p	-0.0	0.0	0.0	Inf	Inf
DSERt2pp	pydxn_p	-0.0	0.0	0.0	Inf	Inf
DSERt2pp	rib__D_p	-0.0	-1000.0	0.0	-0.0	Inf
DSERt2pp	rmn_p	-0.0	-1000.0	0.0	-0.0	Inf
DSERt2pp	sbt__D_p	-0.0	-1.2777820435279266	0.0	-0.0	Inf
DSERt2pp	slnt_p	-0.0	-1000.0	0.0	-0.0	Inf
DSERt2pp	so2_p	-0.0	-1000.0	0.0	-0.0	Inf
