Reaction	Metabolite	ShadowPrice	G-	G+	DecrementalShadowPrice	IncrementalShadowPrice
GLYC2Ptex_f	12dgr120_c	-0.0	0.0	0.0	Inf	Inf
GLYC2Ptex_f	12dgr140_c	-0.0	0.0	0.0	Inf	Inf
GLYC2Ptex_f	12dgr160_c	-0.0	-0.05213237757770681	0.0	-0.0	Inf
GLYC2Ptex_f	12dgr180_c	-0.0	0.0	0.0	Inf	Inf
GLYC2Ptex_f	12ppd__R_c	-0.0	-1000.0	0.0	-0.0	Inf
GLYC2Ptex_f	12ppd__S_c	-0.0	0.0	0.0	Inf	Inf
GLYC2Ptex_f	5drib_c	-0.0	-999.9998161879062	0.00018381209381928778	-0.0	0.0
GLYC2Ptex_f	5mta_c	-0.0	0.0	0.0	Inf	Inf
GLYC2Ptex_f	23dhacoa_c	-0.0	-0.0004705589578400393	0.0	-0.0	Inf
GLYC2Ptex_f	5mtr_c	-0.0	0.0	0.0	Inf	Inf
GLYC2Ptex_f	3amac_c	-0.0	-7.512637187754546	0.0	-0.0	Inf
GLYC2Ptex_f	LalaDgluMdap_c	-0.0	-0.022701202058001642	0.0	-0.0	Inf
GLYC2Ptex_f	ac_c	-0.0	-2.555564087055853	0.4759311749704369	-0.0	0.0
GLYC2Ptex_f	acald_c	-0.0	0.0	2.3351228920809555	Inf	0.0
GLYC2Ptex_f	acetol_c	-0.0	0.0	0.0	Inf	Inf
GLYC2Ptex_f	acgam_c	-0.0	-0.07719127609240276	0.0	-0.0	Inf
GLYC2Ptex_f	acgam6p_c	-0.0	-0.07719127609240276	0.0	-0.0	Inf
GLYC2Ptex_f	acmalt_c	0.0	0.0	0.0	Inf	Inf
GLYC2Ptex_f	acmana_c	-0.0	-0.07719127609240276	0.0	-0.0	Inf
GLYC2Ptex_f	2dmmq8_c	-0.0	0.0	0.0	Inf	Inf
GLYC2Ptex_f	2dmmql8_c	0.0	0.0	0.0	Inf	Inf
GLYC2Ptex_f	ade_c	-0.0	-0.09122144897355615	0.0005498023961912514	-0.0	0.0
GLYC2Ptex_f	adn_c	-0.0	0.0	0.0005498023961912514	Inf	0.0
GLYC2Ptex_f	3sala_c	0.0	0.0	0.0	Inf	Inf
GLYC2Ptex_f	adphep_DD_c	-0.0	0.0	0.0	Inf	Inf
GLYC2Ptex_f	adphep_LD_c	-0.0	0.0	0.0	Inf	Inf
GLYC2Ptex_f	4ahmmp_c	0.0	0.0	0.0	Inf	Inf
GLYC2Ptex_f	4crsol_c	-0.0	-999.9998178217915	0.00018217820854089412	-0.0	0.0
GLYC2Ptex_f	2ohph_c	-0.0	-0.00018217820854089412	0.08174034721570048	-0.0	0.0
GLYC2Ptex_f	2ombzl_c	-0.0	0.0	0.0	Inf	Inf
GLYC2Ptex_f	2omhmbl_c	-0.0	0.0	0.0	Inf	Inf
GLYC2Ptex_f	2ommbl_c	0.0	0.0	0.0	Inf	Inf
GLYC2Ptex_f	2omph_c	-0.0	0.0	0.07353152936765563	Inf	0.0
GLYC2Ptex_f	4mhetz_c	0.0	0.0	0.0	Inf	Inf
GLYC2Ptex_f	2oph_c	-0.0	-0.00018217820854089412	0.08181775284753351	-0.0	0.0
GLYC2Ptex_f	2oxpaccoa_c	-0.0	-0.0004705589578400393	0.0	-0.0	Inf
GLYC2Ptex_f	all__D_c	-0.0	-0.8518546956852839	0.0	-0.0	Inf
GLYC2Ptex_f	alltn_c	-0.0	-1.1297008034787324	0.0	-0.0	Inf
GLYC2Ptex_f	4r5au_c	-0.0	-0.0003643564165196168	0.4937116971828307	-0.0	0.0
GLYC2Ptex_f	56dura_c	0.0	0.0	0.0	Inf	Inf
GLYC2Ptex_f	arab__L_c	-0.0	-0.9526858390992347	0.0	-0.0	Inf
GLYC2Ptex_f	etoh_c	-0.0	-1000.0	0.0	-0.0	Inf
GLYC2Ptex_f	csn_c	-0.0	0.0	0.14778900814155804	Inf	0.0
GLYC2Ptex_f	fald_c	-0.0	0.0	0.0	Inf	Inf
GLYC2Ptex_f	fc1p_c	-0.0	-0.7880481949847175	0.0	-0.0	Inf
GLYC2Ptex_f	fcl__L_c	-0.0	0.0	0.0	Inf	Inf
GLYC2Ptex_f	aso4_c	0.0	0.0	0.0	Inf	Inf
GLYC2Ptex_f	cyan_c	0.0	0.0	0.0	Inf	Inf
GLYC2Ptex_f	athtp_c	0.0	0.0	0.0	Inf	Inf
GLYC2Ptex_f	cytd_c	-0.0	0.0	0.0	Inf	Inf
GLYC2Ptex_f	dad_2_c	-0.0	0.0	0.0	Inf	Inf
GLYC2Ptex_f	dad_5_c	-0.0	-0.09122144897355615	0.00018381209381928778	-0.0	0.0
GLYC2Ptex_f	betald_c	0.0	0.0	0.0	Inf	Inf
GLYC2Ptex_f	btal_c	-0.0	-130.51435042757208	0.0	-0.0	Inf
GLYC2Ptex_f	for_c	-0.0	-7.512637187754539	0.002003960292282109	-0.0	0.0
GLYC2Ptex_f	dcyt_c	-0.0	-0.021376121097205214	0.0	-0.0	Inf
GLYC2Ptex_f	fru_c	-0.0	-0.8518546956852839	0.8907169794535603	-0.0	0.0
GLYC2Ptex_f	ca2_c	-0.0	-0.0042521864370428375	913.6004529930046	-0.0	0.0
GLYC2Ptex_f	g3pe_c	-0.0	0.0	0.0	Inf	Inf
GLYC2Ptex_f	g3pi_c	0.0	0.0	0.0	Inf	Inf
GLYC2Ptex_f	cbm_c	-0.0	-3.7563185938772694	0.0	-0.0	Inf
GLYC2Ptex_f	dha_c	-0.0	-2.555564087055853	1.7999905626457364	-0.0	0.0
GLYC2Ptex_f	gal_c	-0.0	0.0	0.0	Inf	Inf
GLYC2Ptex_f	dhgly_c	-0.0	-0.00018217820854089412	0.31732366372785	-0.0	0.0
GLYC2Ptex_f	dhmptp_c	0.0	0.0	0.0	Inf	Inf
GLYC2Ptex_f	gcald_c	-0.0	-1.1297008034787324	0.0005465346256414705	-0.0	0.0
GLYC2Ptex_f	dhptd_c	-0.0	-38.91289616505843	0.00036599030237196363	-0.0	0.0
GLYC2Ptex_f	cechddd_c	-0.0	0.0	0.0	Inf	Inf
GLYC2Ptex_f	dhptdn_c	0.0	0.0	0.0	Inf	Inf
GLYC2Ptex_f	chol_c	0.0	0.0	0.0	Inf	Inf
GLYC2Ptex_f	chtbs6p_c	-0.0	0.0	0.0	Inf	Inf
GLYC2Ptex_f	dmbzid_c	0.0	0.0	0.0	Inf	Inf
GLYC2Ptex_f	dms_c	0.0	0.0	0.0	Inf	Inf
GLYC2Ptex_f	dmso_c	0.0	0.0	0.0	Inf	Inf
GLYC2Ptex_f	cl_c	-0.0	-0.0042521864370195245	999.995747813563	-0.0	0.0
GLYC2Ptex_f	glc__D_c	-0.0	-0.8518546956852839	0.8907169794535603	-0.0	0.0
GLYC2Ptex_f	co2_c	-0.0	-978.0341767935614	21.963819246146272	-0.0	0.0
GLYC2Ptex_f	dscl_c	-0.0	-0.00018217820854089412	0.09181446107861647	-0.0	0.0
GLYC2Ptex_f	dtdp4aaddg_c	-0.0	0.0	0.0	Inf	Inf
GLYC2Ptex_f	glyald_c	-0.0	-1000.0	0.0	-0.0	Inf
GLYC2Ptex_f	crn_c	-0.0	-913.6004529930046	0.0	-0.0	Inf
GLYC2Ptex_f	duri_c	-0.0	-0.021376121097205214	0.0	-0.0	Inf
GLYC2Ptex_f	glyb_c	0.0	0.0	0.0	Inf	Inf
GLYC2Ptex_f	glyc_c	-0.0	-0.11357790124225753	0.0	-0.0	Inf
GLYC2Ptex_f	dxyl_c	0.0	0.0	0.0	Inf	Inf
GLYC2Ptex_f	glycogen_c	-0.0	-0.8518546956852839	0.0	-0.0	Inf
GLYC2Ptex_f	gmhep1p_c	-0.0	0.0	0.7081930082540605	Inf	0.0
GLYC2Ptex_f	lipa_cold_c	-0.0	0.0	0.0	Inf	Inf
GLYC2Ptex_f	lipidA_c	-0.0	-0.015894435988201394	0.06110293281965725	-0.0	0.0
GLYC2Ptex_f	malt_c	0.0	0.0	0.0	Inf	Inf
GLYC2Ptex_f	h2_c	-0.0	0.0	0.0	Inf	Inf
GLYC2Ptex_f	malthx_c	-0.0	0.0	0.0	Inf	Inf
GLYC2Ptex_f	maltpt_c	-0.0	0.0	0.0	Inf	Inf
GLYC2Ptex_f	malttr_c	-0.0	0.0	0.0	Inf	Inf
GLYC2Ptex_f	maltttr_c	-0.0	0.0	0.0	Inf	Inf
GLYC2Ptex_f	h2o2_c	-0.0	-40.44189946994493	0.002043173541210308	-0.0	0.0
GLYC2Ptex_f	man_c	-0.0	0.0	0.0	Inf	Inf
GLYC2Ptex_f	mdhdhf_c	-0.0	-38.91289616505843	0.00036599030237196363	-0.0	0.0
GLYC2Ptex_f	melib_c	-0.0	0.0	0.0	Inf	Inf
GLYC2Ptex_f	meoh_c	-0.0	-999.9999983661147	1.6338852901753853e-06	-0.0	0.0
GLYC2Ptex_f	pacald_c	-0.0	-913.6004529930046	0.0	-0.0	Inf
GLYC2Ptex_f	metsox_S__L_c	-0.0	-0.09122144897355611	0.0	-0.0	Inf
GLYC2Ptex_f	mg2_c	-0.0	-0.007086977395032541	456.8002264965023	-0.0	0.0
GLYC2Ptex_f	hhlipa_c	-0.0	0.0	0.0	Inf	Inf
GLYC2Ptex_f	pe120_c	-0.0	0.0	0.0	Inf	Inf
GLYC2Ptex_f	mobd_c	-0.0	-0.00010538560045639166	21.599886751748826	-0.0	0.0
GLYC2Ptex_f	hlipa_c	-0.0	0.0	0.0	Inf	Inf
GLYC2Ptex_f	pg120_c	-0.0	-0.056788950621128764	0.0	-0.0	Inf
GLYC2Ptex_f	mql8_c	0.0	0.0	0.0	Inf	Inf
GLYC2Ptex_f	mqn8_c	-0.0	0.0	0.0	Inf	Inf
GLYC2Ptex_f	mthgxl_c	-0.0	0.0	0.0	Inf	Inf
GLYC2Ptex_f	hqn_c	0.0	0.0	0.0	Inf	Inf
GLYC2Ptex_f	mththf_c	-0.0	-999.9996340096976	0.00036599030237196363	-0.0	0.0
GLYC2Ptex_f	n2o_c	-0.0	-1000.0	0.0	-0.0	Inf
GLYC2Ptex_f	na1_c	-0.0	-86.3995470069953	0.0	-0.0	Inf
GLYC2Ptex_f	nac_c	-0.0	0.0	0.0	Inf	Inf
GLYC2Ptex_f	ncam_c	-0.0	0.0	0.0	Inf	Inf
GLYC2Ptex_f	ni2_c	-0.0	-0.00026387247246057756	999.9997361275275	-0.0	0.0
GLYC2Ptex_f	no_c	-0.0	-1000.0	0.0	-0.0	Inf
GLYC2Ptex_f	indole_c	-0.0	-0.046437470439865666	0.4293083104558563	-0.0	0.0
GLYC2Ptex_f	no2_c	-0.0	-913.6004529930046	0.0	-0.0	Inf
GLYC2Ptex_f	no3_c	0.0	0.0	0.0	Inf	Inf
GLYC2Ptex_f	inost_c	0.0	0.0	0.0	Inf	Inf
GLYC2Ptex_f	o2_c	-0.0	-20.220949734972464	979.7790502650275	-0.0	0.0
GLYC2Ptex_f	poaac_c	-0.0	-6.171396214785376	0.0	-0.0	Inf
GLYC2Ptex_f	ppal_c	-0.0	0.0	0.0	Inf	Inf
GLYC2Ptex_f	k_c	-0.0	-0.15946148457271647	86.3995470069953	-0.0	0.0
GLYC2Ptex_f	psclys_c	-0.0	0.0	0.0	Inf	Inf
GLYC2Ptex_f	lald__D_c	-0.0	0.0	0.0	Inf	Inf
GLYC2Ptex_f	lald__L_c	-0.0	-2.555564087055853	0.0	-0.0	Inf
GLYC2Ptex_f	ura_c	-0.0	0.0	0.0	Inf	Inf
GLYC2Ptex_f	pydx_c	-0.0	0.0	0.5481045100753777	Inf	0.0
GLYC2Ptex_f	uracp_c	-0.0	-4.411826832023166	0.0	-0.0	Inf
GLYC2Ptex_f	pydxn_c	-0.0	0.0	0.5481045100753777	Inf	0.0
GLYC2Ptex_f	urate_c	-0.0	-1.1297008034787324	0.0	-0.0	Inf
GLYC2Ptex_f	q8_c	-0.0	0.0	0.0	Inf	Inf
GLYC2Ptex_f	q8h2_c	0.0	0.0	0.0	Inf	Inf
GLYC2Ptex_f	urea_c	-0.0	-1000.0	0.0	-0.0	Inf
GLYC2Ptex_f	uri_c	-0.0	0.0	0.0	Inf	Inf
GLYC2Ptex_f	rbflvrd_c	-0.0	0.0	0.2518937230524646	Inf	0.0
GLYC2Ptex_f	rbl__L_c	-0.0	-0.9526858390992347	0.0	-0.0	Inf
GLYC2Ptex_f	rdmbzi_c	0.0	0.0	0.0	Inf	Inf
GLYC2Ptex_f	thptdn_c	0.0	0.0	0.0	Inf	Inf
GLYC2Ptex_f	xan_c	-0.0	0.0	0.0	Inf	Inf
GLYC2Ptex_f	rephaccoa_c	-0.0	-0.0004705589578400393	0.0	-0.0	Inf
GLYC2Ptex_f	rib__D_c	-0.0	0.0	1.0164652589058278	Inf	0.0
GLYC2Ptex_f	xtsn_c	-0.0	0.0	0.0	Inf	Inf
GLYC2Ptex_f	rml_c	-0.0	-0.8518546956852839	0.0	-0.0	Inf
GLYC2Ptex_f	thym_c	-0.0	-86.3995470069953	0.0	-0.0	Inf
GLYC2Ptex_f	thymd_c	-0.0	-0.021376121097205214	0.0	-0.0	Inf
GLYC2Ptex_f	xu5p__L_c	-0.0	-0.7880481949847168	0.0	-0.0	Inf
GLYC2Ptex_f	rmn_c	-0.0	-0.8518546956852839	0.0	-0.0	Inf
GLYC2Ptex_f	xyl__D_c	0.0	0.0	0.0	Inf	Inf
GLYC2Ptex_f	tmao_c	0.0	0.0	0.0	Inf	Inf
GLYC2Ptex_f	xylu__D_c	-0.0	0.0	0.0	Inf	Inf
GLYC2Ptex_f	xylu__L_c	-0.0	-0.9526858390992347	0.0	-0.0	Inf
GLYC2Ptex_f	12ppd__R_e	-0.0	-1000.0	0.0	-0.0	Inf
GLYC2Ptex_f	12ppd__S_e	-0.0	-1000.0	0.0	-0.0	Inf
GLYC2Ptex_f	tre_c	-0.0	-0.42592734784264197	0.0	-0.0	Inf
GLYC2Ptex_f	seln_c	0.0	0.0	0.0	Inf	Inf
GLYC2Ptex_f	34dhpac_e	-0.0	-1000.0	0.0	-0.0	Inf
GLYC2Ptex_f	slnt_c	0.0	0.0	0.0	Inf	Inf
GLYC2Ptex_f	so2_c	0.0	0.0	0.0	Inf	Inf
GLYC2Ptex_f	so3_c	-0.0	-0.20249720586070907	4.114264143190251	-0.0	0.0
GLYC2Ptex_f	so4_c	-0.0	-0.20604110302954495	86.3995470069953	-0.0	0.0
GLYC2Ptex_f	4hoxpacd_e	-0.0	-1000.0	0.0	-0.0	Inf
GLYC2Ptex_f	5mtr_e	-0.0	0.0	0.0	Inf	Inf
GLYC2Ptex_f	LalaDgluMdap_e	-0.0	-1000.0	0.0	-0.0	Inf
GLYC2Ptex_f	ac_e	-0.0	0.0	0.0	Inf	Inf
GLYC2Ptex_f	acald_e	-0.0	-1000.0	0.0	-0.0	Inf
GLYC2Ptex_f	acgal_e	-0.0	-1000.0	0.0	-0.0	Inf
GLYC2Ptex_f	acgam_e	-0.0	-1000.0	0.0	-0.0	Inf
GLYC2Ptex_f	acmana_e	-0.0	-1000.0	0.0	-0.0	Inf
GLYC2Ptex_f	tagur_c	-0.0	0.0	0.0	Inf	Inf
GLYC2Ptex_f	tartr__L_c	-0.0	-1.1297008034787324	0.0	-0.0	Inf
GLYC2Ptex_f	ade_e	-0.0	-1000.0	0.0	-0.0	Inf
GLYC2Ptex_f	adn_e	-0.0	-1000.0	0.0	-0.0	Inf
GLYC2Ptex_f	all__D_e	-0.0	-1000.0	0.0	-0.0	Inf
GLYC2Ptex_f	cl_e	-0.0	-0.0042521864370428375	999.995747813563	-0.0	0.0
GLYC2Ptex_f	alltn_e	-0.0	0.0	0.0	Inf	Inf
GLYC2Ptex_f	cm_e	-0.0	-1000.0	0.0	-0.0	Inf
GLYC2Ptex_f	co2_e	-0.0	-978.0341767935614	21.965823206438586	-0.0	0.0
GLYC2Ptex_f	arab__L_e	-0.0	-1000.0	0.0	-0.0	Inf
GLYC2Ptex_f	arbt_e	-0.0	-1000.0	0.0	-0.0	Inf
GLYC2Ptex_f	unagamu_c	-0.0	0.0	0.0559945217154863	Inf	0.0
GLYC2Ptex_f	crn_e	-0.0	-1000.0	0.0	-0.0	Inf
GLYC2Ptex_f	csn_e	-0.0	-1000.0	0.0	-0.0	Inf
GLYC2Ptex_f	cyan_e	-0.0	-1000.0	0.0	-0.0	Inf
GLYC2Ptex_f	glyb_e	-0.0	-1000.0	0.0	-0.0	Inf
GLYC2Ptex_f	glyc_e	-0.0	-1000.0	0.0	-0.0	Inf
GLYC2Ptex_f	cytd_e	-0.0	-1000.0	0.0	-0.0	Inf
GLYC2Ptex_f	ca2_e	-0.0	-0.0042521864370428375	999.995747813563	-0.0	0.0
GLYC2Ptex_f	dad_2_e	-0.0	-1000.0	0.0	-0.0	Inf
GLYC2Ptex_f	dcyt_e	-0.0	-1000.0	0.0	-0.0	Inf
GLYC2Ptex_f	chol_e	-0.0	-1000.0	0.0	-0.0	Inf
GLYC2Ptex_f	dha_e	-0.0	-1000.0	0.0	-0.0	Inf
GLYC2Ptex_f	ppal_e	-0.0	-1000.0	0.0	-0.0	Inf
GLYC2Ptex_f	h2_e	-0.0	-1000.0	0.0	-0.0	Inf
GLYC2Ptex_f	dms_e	-0.0	-1000.0	0.0	-0.0	Inf
GLYC2Ptex_f	dmso_e	-0.0	-1000.0	0.0	-0.0	Inf
GLYC2Ptex_f	h2o2_e	-0.0	-1000.0	0.0	-0.0	Inf
GLYC2Ptex_f	psclys_e	-0.0	-1000.0	0.0	-0.0	Inf
GLYC2Ptex_f	duri_e	-0.0	-1000.0	0.0	-0.0	Inf
GLYC2Ptex_f	pydx_e	-0.0	-1000.0	0.0	-0.0	Inf
GLYC2Ptex_f	pydxn_e	-0.0	-1000.0	0.0	-0.0	Inf
GLYC2Ptex_f	etoh_e	-0.0	-1000.0	0.0	-0.0	Inf
GLYC2Ptex_f	fald_e	-0.0	0.0	0.0	Inf	Inf
GLYC2Ptex_f	rib__D_e	-0.0	-1000.0	0.0	-0.0	Inf
GLYC2Ptex_f	rmn_e	-0.0	-1000.0	0.0	-0.0	Inf
GLYC2Ptex_f	indole_e	-0.0	-1000.0	0.0	-0.0	Inf
GLYC2Ptex_f	inost_e	-0.0	-1000.0	0.0	-0.0	Inf
GLYC2Ptex_f	sbt__D_e	-0.0	-1.2777820435279266	0.0	-0.0	Inf
GLYC2Ptex_f	k_e	-0.0	-0.15946148457271647	999.8405385154273	-0.0	0.0
GLYC2Ptex_f	for_e	-0.0	0.0	0.002003960292282109	Inf	0.0
GLYC2Ptex_f	slnt_e	-0.0	-1000.0	0.0	-0.0	Inf
GLYC2Ptex_f	fru_e	-0.0	-1000.0	0.0	-0.0	Inf
GLYC2Ptex_f	so2_e	-0.0	-1000.0	0.0	-0.0	Inf
GLYC2Ptex_f	so3_e	-0.0	-1000.0	0.0	-0.0	Inf
GLYC2Ptex_f	so4_e	-0.0	-0.20604110302954495	999.7939588969705	-0.0	0.0
GLYC2Ptex_f	lipa_cold_e	-0.0	-1000.0	0.0	-0.0	Inf
GLYC2Ptex_f	sucr_e	-0.0	-0.5111128174111707	0.44766604666836984	-0.0	0.0
GLYC2Ptex_f	g3pe_e	-0.0	-1000.0	0.0	-0.0	Inf
GLYC2Ptex_f	malt_e	-0.0	-1000.0	0.0	-0.0	Inf
GLYC2Ptex_f	tartr__L_e	-0.0	-1000.0	0.0	-0.0	Inf
GLYC2Ptex_f	g3pi_e	-0.0	-1000.0	0.0	-0.0	Inf
GLYC2Ptex_f	malthx_e	-0.0	-1000.0	0.0	-0.0	Inf
GLYC2Ptex_f	maltpt_e	-0.0	-1000.0	0.0	-0.0	Inf
GLYC2Ptex_f	gal_e	-0.0	-1000.0	0.0	-0.0	Inf
GLYC2Ptex_f	gal_bD_e	-0.0	-1000.0	0.0	-0.0	Inf
GLYC2Ptex_f	malttr_e	-0.0	-1000.0	0.0	-0.0	Inf
GLYC2Ptex_f	maltttr_e	-0.0	-1000.0	0.0	-0.0	Inf
GLYC2Ptex_f	man_e	-0.0	-1000.0	0.0	-0.0	Inf
GLYC2Ptex_f	thym_e	-0.0	-1000.0	0.0	-0.0	Inf
GLYC2Ptex_f	thymd_e	-0.0	-1000.0	0.0	-0.0	Inf
GLYC2Ptex_f	galt_e	-0.0	-0.8518546956852839	0.0	-0.0	Inf
GLYC2Ptex_f	melib_e	-0.0	-1000.0	0.0	-0.0	Inf
GLYC2Ptex_f	meoh_e	-0.0	-999.9999983661147	1.6338852901753853e-06	-0.0	0.0
GLYC2Ptex_f	tmao_e	-0.0	-1000.0	0.0	-0.0	Inf
GLYC2Ptex_f	tre_e	-0.0	-1000.0	0.0	-0.0	Inf
GLYC2Ptex_f	metsox_S__L_e	-0.0	-1000.0	0.0	-0.0	Inf
GLYC2Ptex_f	glc__D_e	-0.0	-1000.0	0.0	-0.0	Inf
GLYC2Ptex_f	mg2_e	-0.0	-0.0070869773950335	999.992913022605	-0.0	0.0
GLYC2Ptex_f	mnl_e	-0.0	-1000.0	0.0	-0.0	Inf
GLYC2Ptex_f	mobd_e	-0.0	-0.00010538560047734791	999.9998946143995	-0.0	0.0
GLYC2Ptex_f	glyald_e	-0.0	-1000.0	0.0	-0.0	Inf
GLYC2Ptex_f	n2o_e	-0.0	-1000.0	0.0	-0.0	Inf
GLYC2Ptex_f	na1_e	-0.0	-1000.0	0.0	-0.0	Inf
GLYC2Ptex_f	nac_e	-0.0	-1000.0	0.0	-0.0	Inf
GLYC2Ptex_f	ni2_e	-0.0	-0.0002638724724874919	999.9997361275275	-0.0	0.0
GLYC2Ptex_f	no_e	-0.0	-1000.0	0.0	-0.0	Inf
GLYC2Ptex_f	no2_e	-0.0	-1000.0	0.0	-0.0	Inf
GLYC2Ptex_f	ura_e	-0.0	-1000.0	0.0	-0.0	Inf
GLYC2Ptex_f	no3_e	-0.0	-1000.0	0.0	-0.0	Inf
GLYC2Ptex_f	urea_e	-0.0	-1000.0	0.0	-0.0	Inf
GLYC2Ptex_f	novbcn_e	-0.0	-1000.0	0.0	-0.0	Inf
GLYC2Ptex_f	uri_e	-0.0	-1000.0	0.0	-0.0	Inf
GLYC2Ptex_f	o2_e	-0.0	-20.220949734972464	979.7790502650275	-0.0	0.0
GLYC2Ptex_f	xan_e	-0.0	0.0	0.0	Inf	Inf
GLYC2Ptex_f	xtsn_e	-0.0	-1000.0	0.0	-0.0	Inf
GLYC2Ptex_f	xyl__D_e	-0.0	-1000.0	0.0	-0.0	Inf
GLYC2Ptex_f	xylu__L_e	-0.0	-1000.0	0.0	-0.0	Inf
GLYC2Ptex_f	pacald_e	-0.0	-1000.0	0.0	-0.0	Inf
GLYC2Ptex_f	12dgr120_p	-0.0	0.0	0.0	Inf	Inf
GLYC2Ptex_f	12dgr140_p	-0.0	0.0	0.0	Inf	Inf
GLYC2Ptex_f	12dgr160_p	-0.0	-0.05213237757770681	0.0	-0.0	Inf
GLYC2Ptex_f	12dgr180_p	-0.0	0.0	0.0	Inf	Inf
GLYC2Ptex_f	12ppd__R_p	-0.0	-1000.0	0.0	-0.0	Inf
GLYC2Ptex_f	12ppd__S_p	-0.0	0.0	0.0	Inf	Inf
GLYC2Ptex_f	chol_p	-0.0	-1000.0	0.0	-0.0	Inf
GLYC2Ptex_f	cl_p	-0.0	-0.0042521864370428375	999.995747813563	-0.0	0.0
GLYC2Ptex_f	34dhpac_p	-0.0	-1000.0	0.0	-0.0	Inf
GLYC2Ptex_f	cm_p	-0.0	0.0	0.0	Inf	Inf
GLYC2Ptex_f	4hoxpacd_p	-0.0	-1000.0	0.0	-0.0	Inf
GLYC2Ptex_f	co2_p	-0.0	-978.0341767935614	21.965823206438586	-0.0	0.0
GLYC2Ptex_f	5mtr_p	-0.0	0.0	0.0	Inf	Inf
GLYC2Ptex_f	LalaDgluMdap_p	-0.0	-0.022701202058001642	0.0	-0.0	Inf
GLYC2Ptex_f	gal_p	-0.0	-1000.0	0.0	-0.0	Inf
GLYC2Ptex_f	ac_p	-0.0	-2.555564087055853	0.0	-0.0	Inf
GLYC2Ptex_f	crn_p	-0.0	-1000.0	0.0	-0.0	Inf
GLYC2Ptex_f	gal_bD_p	-0.0	-1000.0	0.0	-0.0	Inf
GLYC2Ptex_f	acald_p	-0.0	-1000.0	0.0	-0.0	Inf
GLYC2Ptex_f	acgal_p	-0.0	-1000.0	0.0	-0.0	Inf
GLYC2Ptex_f	csn_p	-0.0	0.0	0.0	Inf	Inf
GLYC2Ptex_f	acgam_p	-0.0	-1000.0	0.0	-0.0	Inf
GLYC2Ptex_f	galt_p	-0.0	-0.8518546956852839	0.0	-0.0	Inf
GLYC2Ptex_f	acmana_p	-0.0	-1000.0	0.0	-0.0	Inf
GLYC2Ptex_f	cyan_p	-0.0	0.0	0.0	Inf	Inf
GLYC2Ptex_f	ade_p	-0.0	-1000.0	0.0	-0.0	Inf
GLYC2Ptex_f	adn_p	-0.0	0.0	0.0005498023961912514	Inf	0.0
GLYC2Ptex_f	cytd_p	-0.0	0.0	0.0	Inf	Inf
GLYC2Ptex_f	glc__D_p	-0.0	-1000.0	0.0	-0.0	Inf
GLYC2Ptex_f	dad_2_p	-0.0	-1000.0	0.0	-0.0	Inf
GLYC2Ptex_f	dcyt_p	-0.0	-1000.0	0.0	-0.0	Inf
GLYC2Ptex_f	all__D_p	-0.0	0.0	0.0	Inf	Inf
GLYC2Ptex_f	alltn_p	-0.0	0.0	0.0	Inf	Inf
GLYC2Ptex_f	dha_p	-0.0	-1000.0	0.0	-0.0	Inf
GLYC2Ptex_f	glyald_p	-0.0	-1000.0	0.0	-0.0	Inf
GLYC2Ptex_f	glyb_p	0.0	0.0	0.0	Inf	Inf
GLYC2Ptex_f	dms_p	-0.0	-1000.0	0.0	-0.0	Inf
GLYC2Ptex_f	glyc_p	-0.0	-0.11357790124225753	0.0	-0.0	Inf
GLYC2Ptex_f	dmso_p	-0.0	-1000.0	0.0	-0.0	Inf
GLYC2Ptex_f	arab__L_p	-0.0	0.0	0.0	Inf	Inf
GLYC2Ptex_f	arbt_p	0.0	0.0	0.0	Inf	Inf
GLYC2Ptex_f	ca2_p	-0.0	-0.0042521864370428375	999.995747813563	-0.0	0.0
GLYC2Ptex_f	duri_p	-0.0	-1000.0	0.0	-0.0	Inf
GLYC2Ptex_f	h2_p	-0.0	-1000.0	0.0	-0.0	Inf
GLYC2Ptex_f	h2o2_p	-0.0	-1000.0	0.0	-0.0	Inf
GLYC2Ptex_f	etoh_p	-0.0	-1000.0	0.0	-0.0	Inf
GLYC2Ptex_f	fald_p	-0.0	0.0	0.0	Inf	Inf
GLYC2Ptex_f	n2o_p	-0.0	-1000.0	0.0	-0.0	Inf
GLYC2Ptex_f	na1_p	-0.0	-1000.0	0.0	-0.0	Inf
GLYC2Ptex_f	indole_p	-0.0	0.0	0.4293083104558563	Inf	0.0
GLYC2Ptex_f	nac_p	-0.0	-1000.0	0.0	-0.0	Inf
GLYC2Ptex_f	ni2_p	-0.0	-0.0002638724724874919	999.9997361275275	-0.0	0.0
GLYC2Ptex_f	inost_p	-0.0	-1000.0	0.0	-0.0	Inf
GLYC2Ptex_f	no_p	-0.0	-1000.0	0.0	-0.0	Inf
GLYC2Ptex_f	no2_p	-0.0	-1000.0	0.0	-0.0	Inf
GLYC2Ptex_f	for_p	-0.0	-7.512637187754539	0.002003960292282109	-0.0	0.0
GLYC2Ptex_f	fru_p	-0.0	-1000.0	0.0	-0.0	Inf
GLYC2Ptex_f	no3_p	-0.0	0.0	0.0	Inf	Inf
GLYC2Ptex_f	k_p	-0.0	-0.15946148457271647	999.8405385154273	-0.0	0.0
GLYC2Ptex_f	novbcn_p	-0.0	0.0	0.0	Inf	Inf
GLYC2Ptex_f	o2_p	-0.0	-20.220949734972464	979.7790502650275	-0.0	0.0
GLYC2Ptex_f	lipa_cold_p	-0.0	-21.599886751748826	0.0	-0.0	Inf
GLYC2Ptex_f	g3pe_p	-0.0	0.0	0.0	Inf	Inf
GLYC2Ptex_f	g3pi_p	-0.0	0.0	0.0	Inf	Inf
GLYC2Ptex_f	so3_p	-0.0	-1000.0	0.0	-0.0	Inf
GLYC2Ptex_f	so4_p	-0.0	-0.20604110302954495	999.7939588969705	-0.0	0.0
GLYC2Ptex_f	malt_p	0.0	0.0	0.0	Inf	Inf
GLYC2Ptex_f	malthx_p	0.0	0.0	0.0	Inf	Inf
GLYC2Ptex_f	maltpt_p	0.0	0.0	0.0	Inf	Inf
GLYC2Ptex_f	sucr_p	-0.0	-0.5111128174111707	0.44766604666836984	-0.0	0.0
GLYC2Ptex_f	malttr_p	0.0	0.0	0.0	Inf	Inf
GLYC2Ptex_f	maltttr_p	0.0	0.0	0.0	Inf	Inf
GLYC2Ptex_f	pacald_p	-0.0	-1000.0	0.0	-0.0	Inf
GLYC2Ptex_f	man_p	-0.0	-1000.0	0.0	-0.0	Inf
GLYC2Ptex_f	tartr__L_p	-0.0	-1000.0	0.0	-0.0	Inf
GLYC2Ptex_f	pe120_p	-0.0	0.0	0.0	Inf	Inf
GLYC2Ptex_f	melib_p	-0.0	-1000.0	0.0	-0.0	Inf
GLYC2Ptex_f	meoh_p	-0.0	-999.9999983661147	1.6338852901753853e-06	-0.0	0.0
GLYC2Ptex_f	thym_p	-0.0	-1000.0	0.0	-0.0	Inf
GLYC2Ptex_f	thymd_p	-0.0	-0.021376121097205214	0.0	-0.0	Inf
GLYC2Ptex_f	pg120_p	-0.0	-0.056788950621128764	0.0	-0.0	Inf
GLYC2Ptex_f	metsox_S__L_p	-0.0	-1000.0	0.0	-0.0	Inf
GLYC2Ptex_f	tmao_p	-0.0	-1000.0	0.0	-0.0	Inf
GLYC2Ptex_f	mg2_p	-0.0	-0.007086977395032541	999.992913022605	-0.0	0.0
GLYC2Ptex_f	tre_p	-0.0	0.0	0.0	Inf	Inf
GLYC2Ptex_f	mnl_p	-0.0	0.0	0.0	Inf	Inf
GLYC2Ptex_f	mobd_p	-0.0	-0.00010538560047734791	999.9998946143995	-0.0	0.0
GLYC2Ptex_f	ura_p	-0.0	-1000.0	0.0	-0.0	Inf
GLYC2Ptex_f	urea_p	-0.0	-1000.0	0.0	-0.0	Inf
GLYC2Ptex_f	uri_p	-0.0	0.0	0.0	Inf	Inf
GLYC2Ptex_f	xan_p	-0.0	0.0	0.0	Inf	Inf
GLYC2Ptex_f	xtsn_p	-0.0	0.0	0.0	Inf	Inf
GLYC2Ptex_f	xyl__D_p	-0.0	-1000.0	0.0	-0.0	Inf
GLYC2Ptex_f	xylu__L_p	-0.0	0.0	0.0	Inf	Inf
GLYC2Ptex_f	ppal_p	-0.0	0.0	0.0	Inf	Inf
GLYC2Ptex_f	psclys_p	-0.0	-1000.0	0.0	-0.0	Inf
GLYC2Ptex_f	pydx_p	-0.0	0.0	0.0	Inf	Inf
GLYC2Ptex_f	pydxn_p	-0.0	0.0	0.0	Inf	Inf
GLYC2Ptex_f	rib__D_p	-0.0	-1000.0	0.0	-0.0	Inf
GLYC2Ptex_f	rmn_p	-0.0	-1000.0	0.0	-0.0	Inf
GLYC2Ptex_f	sbt__D_p	-0.0	-1.2777820435279266	0.0	-0.0	Inf
GLYC2Ptex_f	slnt_p	-0.0	-1000.0	0.0	-0.0	Inf
GLYC2Ptex_f	so2_p	-0.0	-1000.0	0.0	-0.0	Inf
