Reaction	Metabolite	ShadowPrice	G-	G+	DecrementalShadowPrice	IncrementalShadowPrice
DKGLCNR2x	12dgr120_c	-0.0	0.0	0.0	Inf	Inf
DKGLCNR2x	12dgr140_c	-0.0	0.0	0.0	Inf	Inf
DKGLCNR2x	12dgr160_c	-0.0	-0.04212753472523386	0.0	-0.0	Inf
DKGLCNR2x	12dgr180_c	-0.0	0.0	0.0	Inf	Inf
DKGLCNR2x	12ppd__R_c	-0.0	-1000.0	0.0	-0.0	Inf
DKGLCNR2x	12ppd__S_c	-0.0	0.0	0.0	Inf	Inf
DKGLCNR2x	5drib_c	-0.0	-999.9998514637022	0.00014853629788412603	-0.0	0.0
DKGLCNR2x	5mta_c	-0.0	0.0	0.0	Inf	Inf
DKGLCNR2x	23dhacoa_c	-0.0	-0.0003802529217813988	0.0	-0.0	Inf
DKGLCNR2x	5mtr_c	-0.0	0.0	0.0	Inf	Inf
DKGLCNR2x	3amac_c	-0.0	-6.0708699413068254	0.0	-0.0	Inf
DKGLCNR2x	LalaDgluMdap_c	-0.0	-0.01834456286935153	0.0	-0.0	Inf
DKGLCNR2x	ac_c	-0.0	-2.002148772212678	0.38459414344879406	-0.0	0.0
DKGLCNR2x	acald_c	-0.0	0.0	1.8873245451530993	Inf	0.0
DKGLCNR2x	acetol_c	-0.0	0.0	0.0	Inf	Inf
DKGLCNR2x	acgam_c	-0.0	-0.06237732317554606	0.0	-0.0	Inf
DKGLCNR2x	acgam6p_c	-0.0	-0.06237732317554606	0.0	-0.0	Inf
DKGLCNR2x	acmalt_c	0.0	0.0	0.0	Inf	Inf
DKGLCNR2x	acmana_c	-0.0	-0.06237732317554606	0.0	-0.0	Inf
DKGLCNR2x	2dmmq8_c	-0.0	0.0	0.0	Inf	Inf
DKGLCNR2x	2dmmql8_c	0.0	0.0	0.0	Inf	Inf
DKGLCNR2x	ade_c	-0.0	-0.07371493374967034	0.0004442885710238579	-0.0	0.0
DKGLCNR2x	adn_c	-0.0	0.0	0.0004442885710238579	Inf	0.0
DKGLCNR2x	3sala_c	0.0	0.0	0.0	Inf	Inf
DKGLCNR2x	adphep_DD_c	-0.0	0.0	0.0	Inf	Inf
DKGLCNR2x	adphep_LD_c	-0.0	0.0	0.0	Inf	Inf
DKGLCNR2x	4ahmmp_c	0.0	0.0	0.0	Inf	Inf
DKGLCNR2x	4crsol_c	-0.0	-999.9998527840247	0.00014721597523626714	-0.0	0.0
DKGLCNR2x	2ohph_c	-0.0	-0.00014721597523626714	0.06606528682182092	-0.0	0.0
DKGLCNR2x	2ombzl_c	-0.0	0.0	0.0	Inf	Inf
DKGLCNR2x	2omhmbl_c	-0.0	0.0	0.0	Inf	Inf
DKGLCNR2x	2ommbl_c	0.0	0.0	0.0	Inf	Inf
DKGLCNR2x	2omph_c	-0.0	0.0	0.059430645251629506	Inf	0.0
DKGLCNR2x	4mhetz_c	0.0	0.0	0.0	Inf	Inf
DKGLCNR2x	2oph_c	-0.0	-0.00014721597523626714	0.06612784864646278	-0.0	0.0
DKGLCNR2x	2oxpaccoa_c	-0.0	-0.0003802529217813988	0.0	-0.0	Inf
DKGLCNR2x	all__D_c	-0.0	-0.6673829240708923	0.0	-0.0	Inf
DKGLCNR2x	alltn_c	-0.0	-0.9003031167243102	0.0	-0.0	Inf
DKGLCNR2x	4r5au_c	-0.0	-0.00029443194995716057	0.3990343324037982	-0.0	0.0
DKGLCNR2x	56dura_c	0.0	0.0	0.0	Inf	Inf
DKGLCNR2x	arab__L_c	-0.0	-0.7518619631965107	0.0	-0.0	Inf
DKGLCNR2x	etoh_c	-0.0	-1000.0	0.0	-0.0	Inf
DKGLCNR2x	csn_c	-0.0	0.0	0.11942648430465397	Inf	0.0
DKGLCNR2x	fald_c	-0.0	0.0	0.0	Inf	Inf
DKGLCNR2x	fc1p_c	-0.0	-0.6368120780571832	0.0	-0.0	Inf
DKGLCNR2x	fcl__L_c	-0.0	0.0	0.0	Inf	Inf
DKGLCNR2x	aso4_c	0.0	0.0	0.0	Inf	Inf
DKGLCNR2x	cyan_c	0.0	0.0	0.0	Inf	Inf
DKGLCNR2x	athtp_c	0.0	0.0	0.0	Inf	Inf
DKGLCNR2x	cytd_c	-0.0	0.0	0.0	Inf	Inf
DKGLCNR2x	dad_2_c	-0.0	0.0	0.0	Inf	Inf
DKGLCNR2x	dad_5_c	-0.0	-0.07371493374967034	0.00014853629788412603	-0.0	0.0
DKGLCNR2x	betald_c	0.0	0.0	0.0	Inf	Inf
DKGLCNR2x	btal_c	-0.0	-132.8812845470479	0.0	-0.0	Inf
DKGLCNR2x	for_c	-0.0	-6.07086994130682	0.0016193757262119987	-0.0	0.0
DKGLCNR2x	dcyt_c	-0.0	-0.017273781201993188	0.0	-0.0	Inf
DKGLCNR2x	fru_c	-0.0	-0.6673829240708923	0.7199073007285017	-0.0	0.0
DKGLCNR2x	ca2_c	-0.0	-0.0034361396910753683	930.1689918293354	-0.0	0.0
DKGLCNR2x	g3pe_c	-0.0	0.0	0.0	Inf	Inf
DKGLCNR2x	g3pi_c	0.0	0.0	0.0	Inf	Inf
DKGLCNR2x	cbm_c	-0.0	-3.03543497065341	0.0	-0.0	Inf
DKGLCNR2x	dha_c	-0.0	-2.002148772212678	1.4548126702221804	-0.0	0.0
DKGLCNR2x	gal_c	-0.0	0.0	0.0	Inf	Inf
DKGLCNR2x	dhgly_c	-0.0	-0.00014721597523626714	0.2595948259132515	-0.0	0.0
DKGLCNR2x	dhmptp_c	0.0	0.0	0.0	Inf	Inf
DKGLCNR2x	gcald_c	-0.0	-0.9003031167243102	0.00044164792586798285	-0.0	0.0
DKGLCNR2x	dhptd_c	-0.0	-31.583570650161732	0.0002957522731397319	-0.0	0.0
DKGLCNR2x	cechddd_c	-0.0	0.0	0.0	Inf	Inf
DKGLCNR2x	dhptdn_c	0.0	0.0	0.0	Inf	Inf
DKGLCNR2x	chol_c	0.0	0.0	0.0	Inf	Inf
DKGLCNR2x	chtbs6p_c	-0.0	0.0	0.0	Inf	Inf
DKGLCNR2x	dmbzid_c	0.0	0.0	0.0	Inf	Inf
DKGLCNR2x	dms_c	0.0	0.0	0.0	Inf	Inf
DKGLCNR2x	dmso_c	0.0	0.0	0.0	Inf	Inf
DKGLCNR2x	cl_c	-0.0	-0.0034361396910527827	999.9965638603089	-0.0	0.0
DKGLCNR2x	glc__D_c	-0.0	-0.6673829240708923	0.7199073007285017	-0.0	0.0
DKGLCNR2x	co2_c	-0.0	-982.098556846893	17.89982377738079	-0.0	0.0
DKGLCNR2x	dscl_c	-0.0	-0.00014721597523626714	0.0759858630801574	-0.0	0.0
DKGLCNR2x	dtdp4aaddg_c	-0.0	0.0	0.0	Inf	Inf
DKGLCNR2x	glyald_c	-0.0	-1000.0	0.0	-0.0	Inf
DKGLCNR2x	crn_c	-0.0	-930.1689918293354	0.0	-0.0	Inf
DKGLCNR2x	duri_c	-0.0	-0.017273781201993188	0.0	-0.0	Inf
DKGLCNR2x	glyb_c	0.0	0.0	0.0	Inf	Inf
DKGLCNR2x	glyc_c	-0.0	-0.09178090854326343	0.0	-0.0	Inf
DKGLCNR2x	dxyl_c	0.0	0.0	0.0	Inf	Inf
DKGLCNR2x	glycogen_c	-0.0	-0.6673829240708923	0.0	-0.0	Inf
DKGLCNR2x	gmhep1p_c	-0.0	0.0	0.5723853128743007	Inf	0.0
DKGLCNR2x	lipa_cold_c	-0.0	0.0	0.0	Inf	Inf
DKGLCNR2x	lipidA_c	-0.0	-0.012844098718346686	0.04938543717868788	-0.0	0.0
DKGLCNR2x	malt_c	0.0	0.0	0.0	Inf	Inf
DKGLCNR2x	h2_c	-0.0	0.0	0.0	Inf	Inf
DKGLCNR2x	malthx_c	-0.0	0.0	0.0	Inf	Inf
DKGLCNR2x	maltpt_c	-0.0	0.0	0.0	Inf	Inf
DKGLCNR2x	malttr_c	-0.0	0.0	0.0	Inf	Inf
DKGLCNR2x	maltttr_c	-0.0	0.0	0.0	Inf	Inf
DKGLCNR2x	h2o2_c	-0.0	-32.98286461619659	0.0016510634710584782	-0.0	0.0
DKGLCNR2x	man_c	-0.0	0.0	0.0	Inf	Inf
DKGLCNR2x	mdhdhf_c	-0.0	-31.583570650161732	0.0002957522731397319	-0.0	0.0
DKGLCNR2x	melib_c	-0.0	0.0	0.0	Inf	Inf
DKGLCNR2x	meoh_c	-0.0	-999.9999986796773	1.3203226671976154e-06	-0.0	0.0
DKGLCNR2x	pacald_c	-0.0	-930.1689918293354	0.0	-0.0	Inf
DKGLCNR2x	metsox_S__L_c	-0.0	-0.07371493374967031	0.0	-0.0	Inf
DKGLCNR2x	mg2_c	-0.0	-0.00572689948508797	465.0844959146677	-0.0	0.0
DKGLCNR2x	hhlipa_c	-0.0	0.0	0.0	Inf	Inf
DKGLCNR2x	pe120_c	-0.0	0.0	0.0	Inf	Inf
DKGLCNR2x	mobd_c	-0.0	-8.516081078689893e-05	17.457752042666158	-0.0	0.0
DKGLCNR2x	hlipa_c	-0.0	0.0	0.0	Inf	Inf
DKGLCNR2x	pg120_c	-0.0	-0.045890454271631714	0.0	-0.0	Inf
DKGLCNR2x	mql8_c	0.0	0.0	0.0	Inf	Inf
DKGLCNR2x	mqn8_c	-0.0	0.0	0.0	Inf	Inf
DKGLCNR2x	mthgxl_c	-0.0	0.0	0.0	Inf	Inf
DKGLCNR2x	hqn_c	0.0	0.0	0.0	Inf	Inf
DKGLCNR2x	mththf_c	-0.0	-999.9997042477269	0.0002957522731397319	-0.0	0.0
DKGLCNR2x	n2o_c	-0.0	-1000.0	0.0	-0.0	Inf
DKGLCNR2x	na1_c	-0.0	-69.83100817066463	0.0	-0.0	Inf
DKGLCNR2x	nac_c	-0.0	0.0	0.0	Inf	Inf
DKGLCNR2x	ncam_c	-0.0	0.0	0.0	Inf	Inf
DKGLCNR2x	ni2_c	-0.0	-0.00021323210762602685	999.9997867678924	-0.0	0.0
DKGLCNR2x	no_c	-0.0	-1000.0	0.0	-0.0	Inf
DKGLCNR2x	indole_c	-0.0	-0.03752555013612167	0.3511168595121591	-0.0	0.0
DKGLCNR2x	no2_c	-0.0	-930.1689918293354	0.0	-0.0	Inf
DKGLCNR2x	no3_c	0.0	0.0	0.0	Inf	Inf
DKGLCNR2x	inost_c	0.0	0.0	0.0	Inf	Inf
DKGLCNR2x	o2_c	-0.0	-16.491432308098297	983.5085676919017	-0.0	0.0
DKGLCNR2x	poaac_c	-0.0	-4.987929155047471	0.0	-0.0	Inf
DKGLCNR2x	ppal_c	-0.0	0.0	0.0	Inf	Inf
DKGLCNR2x	k_c	-0.0	-0.12885886930176094	69.83100817066463	-0.0	0.0
DKGLCNR2x	psclys_c	-0.0	0.0	0.0	Inf	Inf
DKGLCNR2x	lald__D_c	-0.0	0.0	0.0	Inf	Inf
DKGLCNR2x	lald__L_c	-0.0	-2.002148772212678	0.0	-0.0	Inf
DKGLCNR2x	ura_c	-0.0	0.0	0.0	Inf	Inf
DKGLCNR2x	pydx_c	-0.0	0.0	0.4543658415573063	Inf	0.0
DKGLCNR2x	uracp_c	-0.0	-3.5651431356778858	0.0	-0.0	Inf
DKGLCNR2x	pydxn_c	-0.0	0.0	0.4543658415573063	Inf	0.0
DKGLCNR2x	urate_c	-0.0	-0.9003031167243102	0.0	-0.0	Inf
DKGLCNR2x	q8_c	-0.0	0.0	0.0	Inf	Inf
DKGLCNR2x	q8h2_c	0.0	0.0	0.0	Inf	Inf
DKGLCNR2x	urea_c	-0.0	-1000.0	0.0	-0.0	Inf
DKGLCNR2x	uri_c	-0.0	0.0	0.0	Inf	Inf
DKGLCNR2x	rbflvrd_c	-0.0	0.0	0.20358894510397865	Inf	0.0
DKGLCNR2x	rbl__L_c	-0.0	-0.7518619631965107	0.0	-0.0	Inf
DKGLCNR2x	rdmbzi_c	0.0	0.0	0.0	Inf	Inf
DKGLCNR2x	thptdn_c	0.0	0.0	0.0	Inf	Inf
DKGLCNR2x	xan_c	-0.0	0.0	0.0	Inf	Inf
DKGLCNR2x	rephaccoa_c	-0.0	-0.0003802529217813988	0.0	-0.0	Inf
DKGLCNR2x	rib__D_c	-0.0	0.0	0.821541272596055	Inf	0.0
DKGLCNR2x	xtsn_c	-0.0	0.0	0.0	Inf	Inf
DKGLCNR2x	rml_c	-0.0	-0.6673829240708923	0.0	-0.0	Inf
DKGLCNR2x	thym_c	-0.0	-69.83100817066463	0.0	-0.0	Inf
DKGLCNR2x	thymd_c	-0.0	-0.017273781201993188	0.0	-0.0	Inf
DKGLCNR2x	xu5p__L_c	-0.0	-0.6368120780571825	0.0	-0.0	Inf
DKGLCNR2x	rmn_c	-0.0	-0.6673829240708923	0.0	-0.0	Inf
DKGLCNR2x	xyl__D_c	0.0	0.0	0.0	Inf	Inf
DKGLCNR2x	tmao_c	0.0	0.0	0.0	Inf	Inf
DKGLCNR2x	xylu__D_c	-0.0	0.0	0.0	Inf	Inf
DKGLCNR2x	xylu__L_c	-0.0	-0.7518619631965107	0.0	-0.0	Inf
DKGLCNR2x	12ppd__R_e	-0.0	-1000.0	0.0	-0.0	Inf
DKGLCNR2x	12ppd__S_e	-0.0	-1000.0	0.0	-0.0	Inf
DKGLCNR2x	tre_c	-0.0	-0.33369146203544614	0.0	-0.0	Inf
DKGLCNR2x	seln_c	0.0	0.0	0.0	Inf	Inf
DKGLCNR2x	34dhpac_e	-0.0	-1000.0	0.0	-0.0	Inf
DKGLCNR2x	slnt_c	0.0	0.0	0.0	Inf	Inf
DKGLCNR2x	so2_c	0.0	0.0	0.0	Inf	Inf
DKGLCNR2x	so3_c	-0.0	-0.16363550768437563	3.325286103364981	-0.0	0.0
DKGLCNR2x	so4_c	-0.0	-0.16649928750758158	69.83100817066463	-0.0	0.0
DKGLCNR2x	4hoxpacd_e	-0.0	-1000.0	0.0	-0.0	Inf
DKGLCNR2x	5mtr_e	-0.0	0.0	0.0	Inf	Inf
DKGLCNR2x	LalaDgluMdap_e	-0.0	-1000.0	0.0	-0.0	Inf
DKGLCNR2x	ac_e	-0.0	0.0	0.0	Inf	Inf
DKGLCNR2x	acald_e	-0.0	-1000.0	0.0	-0.0	Inf
DKGLCNR2x	acgal_e	-0.0	-1000.0	0.0	-0.0	Inf
DKGLCNR2x	acgam_e	-0.0	-1000.0	0.0	-0.0	Inf
DKGLCNR2x	acmana_e	-0.0	-1000.0	0.0	-0.0	Inf
DKGLCNR2x	tagur_c	-0.0	0.0	0.0	Inf	Inf
DKGLCNR2x	tartr__L_c	-0.0	-0.9003031167243102	0.0	-0.0	Inf
DKGLCNR2x	ade_e	-0.0	-1000.0	0.0	-0.0	Inf
DKGLCNR2x	adn_e	-0.0	-1000.0	0.0	-0.0	Inf
DKGLCNR2x	all__D_e	-0.0	-1000.0	0.0	-0.0	Inf
DKGLCNR2x	cl_e	-0.0	-0.0034361396910753683	999.9965638603089	-0.0	0.0
DKGLCNR2x	alltn_e	-0.0	0.0	0.0	Inf	Inf
DKGLCNR2x	cm_e	-0.0	-1000.0	0.0	-0.0	Inf
DKGLCNR2x	co2_e	-0.0	-982.098556846893	17.90144315310704	-0.0	0.0
DKGLCNR2x	arab__L_e	-0.0	-1000.0	0.0	-0.0	Inf
DKGLCNR2x	arbt_e	-0.0	-1000.0	0.0	-0.0	Inf
DKGLCNR2x	unagamu_c	-0.0	0.0	0.04525664819874574	Inf	0.0
DKGLCNR2x	crn_e	-0.0	-1000.0	0.0	-0.0	Inf
DKGLCNR2x	csn_e	-0.0	-1000.0	0.0	-0.0	Inf
DKGLCNR2x	cyan_e	-0.0	-1000.0	0.0	-0.0	Inf
DKGLCNR2x	glyb_e	-0.0	-1000.0	0.0	-0.0	Inf
DKGLCNR2x	glyc_e	-0.0	-1000.0	0.0	-0.0	Inf
DKGLCNR2x	cytd_e	-0.0	-1000.0	0.0	-0.0	Inf
DKGLCNR2x	ca2_e	-0.0	-0.0034361396910753683	999.9965638603089	-0.0	0.0
DKGLCNR2x	dad_2_e	-0.0	-1000.0	0.0	-0.0	Inf
DKGLCNR2x	dcyt_e	-0.0	-1000.0	0.0	-0.0	Inf
DKGLCNR2x	chol_e	-0.0	-1000.0	0.0	-0.0	Inf
DKGLCNR2x	dha_e	-0.0	-1000.0	0.0	-0.0	Inf
DKGLCNR2x	ppal_e	-0.0	-1000.0	0.0	-0.0	Inf
DKGLCNR2x	h2_e	-0.0	-1000.0	0.0	-0.0	Inf
DKGLCNR2x	dms_e	-0.0	-1000.0	0.0	-0.0	Inf
DKGLCNR2x	dmso_e	-0.0	-1000.0	0.0	-0.0	Inf
DKGLCNR2x	h2o2_e	-0.0	-1000.0	0.0	-0.0	Inf
DKGLCNR2x	psclys_e	-0.0	-1000.0	0.0	-0.0	Inf
DKGLCNR2x	duri_e	-0.0	-1000.0	0.0	-0.0	Inf
DKGLCNR2x	pydx_e	-0.0	-1000.0	0.0	-0.0	Inf
DKGLCNR2x	pydxn_e	-0.0	-1000.0	0.0	-0.0	Inf
DKGLCNR2x	etoh_e	-0.0	-1000.0	0.0	-0.0	Inf
DKGLCNR2x	fald_e	-0.0	0.0	0.0	Inf	Inf
DKGLCNR2x	rib__D_e	-0.0	-1000.0	0.0	-0.0	Inf
DKGLCNR2x	rmn_e	-0.0	-1000.0	0.0	-0.0	Inf
DKGLCNR2x	indole_e	-0.0	-1000.0	0.0	-0.0	Inf
DKGLCNR2x	inost_e	-0.0	-1000.0	0.0	-0.0	Inf
DKGLCNR2x	sbt__D_e	-0.0	-1.001074386106339	0.0	-0.0	Inf
DKGLCNR2x	k_e	-0.0	-0.12885886930178003	999.8711411306982	-0.0	0.0
DKGLCNR2x	for_e	-0.0	0.0	0.0016193757262119987	Inf	0.0
DKGLCNR2x	slnt_e	-0.0	-1000.0	0.0	-0.0	Inf
DKGLCNR2x	fru_e	-0.0	-1000.0	0.0	-0.0	Inf
DKGLCNR2x	so2_e	-0.0	-1000.0	0.0	-0.0	Inf
DKGLCNR2x	so3_e	-0.0	-1000.0	0.0	-0.0	Inf
DKGLCNR2x	so4_e	-0.0	-0.16649928750758158	999.8335007124924	-0.0	0.0
DKGLCNR2x	lipa_cold_e	-0.0	-1000.0	0.0	-0.0	Inf
DKGLCNR2x	sucr_e	-0.0	-0.4004297544425356	0.36181869518479115	-0.0	0.0
DKGLCNR2x	g3pe_e	-0.0	-1000.0	0.0	-0.0	Inf
DKGLCNR2x	malt_e	-0.0	-1000.0	0.0	-0.0	Inf
DKGLCNR2x	tartr__L_e	-0.0	-1000.0	0.0	-0.0	Inf
DKGLCNR2x	g3pi_e	-0.0	-1000.0	0.0	-0.0	Inf
DKGLCNR2x	malthx_e	-0.0	-1000.0	0.0	-0.0	Inf
DKGLCNR2x	maltpt_e	-0.0	-1000.0	0.0	-0.0	Inf
DKGLCNR2x	gal_e	-0.0	-1000.0	0.0	-0.0	Inf
DKGLCNR2x	gal_bD_e	-0.0	-1000.0	0.0	-0.0	Inf
DKGLCNR2x	malttr_e	-0.0	-1000.0	0.0	-0.0	Inf
DKGLCNR2x	maltttr_e	-0.0	-1000.0	0.0	-0.0	Inf
DKGLCNR2x	man_e	-0.0	-1000.0	0.0	-0.0	Inf
DKGLCNR2x	thym_e	-0.0	-1000.0	0.0	-0.0	Inf
DKGLCNR2x	thymd_e	-0.0	-1000.0	0.0	-0.0	Inf
DKGLCNR2x	galt_e	-0.0	-0.6673829240708923	0.0	-0.0	Inf
DKGLCNR2x	melib_e	-0.0	-1000.0	0.0	-0.0	Inf
DKGLCNR2x	meoh_e	-0.0	-999.9999986796773	1.3203226671976154e-06	-0.0	0.0
DKGLCNR2x	tmao_e	-0.0	-1000.0	0.0	-0.0	Inf
DKGLCNR2x	tre_e	-0.0	-1000.0	0.0	-0.0	Inf
DKGLCNR2x	metsox_S__L_e	-0.0	-1000.0	0.0	-0.0	Inf
DKGLCNR2x	glc__D_e	-0.0	-1000.0	0.0	-0.0	Inf
DKGLCNR2x	mg2_e	-0.0	-0.005726899485125614	999.9942731005149	-0.0	0.0
DKGLCNR2x	mnl_e	-0.0	-1000.0	0.0	-0.0	Inf
DKGLCNR2x	mobd_e	-0.0	-8.51608108405344e-05	999.9999148391892	-0.0	0.0
DKGLCNR2x	glyald_e	-0.0	-1000.0	0.0	-0.0	Inf
DKGLCNR2x	n2o_e	-0.0	-1000.0	0.0	-0.0	Inf
DKGLCNR2x	na1_e	-0.0	-1000.0	0.0	-0.0	Inf
DKGLCNR2x	nac_e	-0.0	-1000.0	0.0	-0.0	Inf
DKGLCNR2x	ni2_e	-0.0	-0.00021323210762602685	999.9997867678924	-0.0	0.0
DKGLCNR2x	no_e	-0.0	-1000.0	0.0	-0.0	Inf
DKGLCNR2x	no2_e	-0.0	-1000.0	0.0	-0.0	Inf
DKGLCNR2x	ura_e	-0.0	-1000.0	0.0	-0.0	Inf
DKGLCNR2x	no3_e	-0.0	-1000.0	0.0	-0.0	Inf
DKGLCNR2x	urea_e	-0.0	-1000.0	0.0	-0.0	Inf
DKGLCNR2x	novbcn_e	-0.0	-1000.0	0.0	-0.0	Inf
DKGLCNR2x	uri_e	-0.0	-1000.0	0.0	-0.0	Inf
DKGLCNR2x	o2_e	-0.0	-16.491432308098297	983.5085676919017	-0.0	0.0
DKGLCNR2x	xan_e	-0.0	0.0	0.0	Inf	Inf
DKGLCNR2x	xtsn_e	-0.0	-1000.0	0.0	-0.0	Inf
DKGLCNR2x	xyl__D_e	-0.0	-1000.0	0.0	-0.0	Inf
DKGLCNR2x	xylu__L_e	-0.0	-1000.0	0.0	-0.0	Inf
DKGLCNR2x	pacald_e	-0.0	-1000.0	0.0	-0.0	Inf
DKGLCNR2x	12dgr120_p	-0.0	0.0	0.0	Inf	Inf
DKGLCNR2x	12dgr140_p	-0.0	0.0	0.0	Inf	Inf
DKGLCNR2x	12dgr160_p	-0.0	-0.04212753472523386	0.0	-0.0	Inf
DKGLCNR2x	12dgr180_p	-0.0	0.0	0.0	Inf	Inf
DKGLCNR2x	12ppd__R_p	-0.0	-1000.0	0.0	-0.0	Inf
DKGLCNR2x	12ppd__S_p	-0.0	0.0	0.0	Inf	Inf
DKGLCNR2x	chol_p	-0.0	-1000.0	0.0	-0.0	Inf
DKGLCNR2x	cl_p	-0.0	-0.0034361396910753683	999.9965638603089	-0.0	0.0
DKGLCNR2x	34dhpac_p	-0.0	-1000.0	0.0	-0.0	Inf
DKGLCNR2x	cm_p	-0.0	0.0	0.0	Inf	Inf
DKGLCNR2x	4hoxpacd_p	-0.0	-1000.0	0.0	-0.0	Inf
DKGLCNR2x	co2_p	-0.0	-982.098556846893	17.90144315310704	-0.0	0.0
DKGLCNR2x	5mtr_p	-0.0	0.0	0.0	Inf	Inf
DKGLCNR2x	LalaDgluMdap_p	-0.0	-0.01834456286935153	0.0	-0.0	Inf
DKGLCNR2x	gal_p	-0.0	-1000.0	0.0	-0.0	Inf
DKGLCNR2x	ac_p	-0.0	-2.002148772212678	0.0	-0.0	Inf
DKGLCNR2x	crn_p	-0.0	-1000.0	0.0	-0.0	Inf
DKGLCNR2x	gal_bD_p	-0.0	-1000.0	0.0	-0.0	Inf
DKGLCNR2x	acald_p	-0.0	-1000.0	0.0	-0.0	Inf
DKGLCNR2x	acgal_p	-0.0	-1000.0	0.0	-0.0	Inf
DKGLCNR2x	csn_p	-0.0	0.0	0.0	Inf	Inf
DKGLCNR2x	acgam_p	-0.0	-1000.0	0.0	-0.0	Inf
DKGLCNR2x	galt_p	-0.0	-0.6673829240708923	0.0	-0.0	Inf
DKGLCNR2x	acmana_p	-0.0	-1000.0	0.0	-0.0	Inf
DKGLCNR2x	cyan_p	-0.0	0.0	0.0	Inf	Inf
DKGLCNR2x	ade_p	-0.0	-1000.0	0.0	-0.0	Inf
DKGLCNR2x	adn_p	-0.0	0.0	0.0004442885710238579	Inf	0.0
DKGLCNR2x	cytd_p	-0.0	0.0	0.0	Inf	Inf
DKGLCNR2x	glc__D_p	-0.0	-1000.0	0.0	-0.0	Inf
DKGLCNR2x	dad_2_p	-0.0	-1000.0	0.0	-0.0	Inf
DKGLCNR2x	dcyt_p	-0.0	-1000.0	0.0	-0.0	Inf
DKGLCNR2x	all__D_p	-0.0	0.0	0.0	Inf	Inf
DKGLCNR2x	alltn_p	-0.0	0.0	0.0	Inf	Inf
DKGLCNR2x	dha_p	-0.0	-1000.0	0.0	-0.0	Inf
DKGLCNR2x	glyald_p	-0.0	-1000.0	0.0	-0.0	Inf
DKGLCNR2x	glyb_p	0.0	0.0	0.0	Inf	Inf
DKGLCNR2x	dms_p	-0.0	-1000.0	0.0	-0.0	Inf
DKGLCNR2x	glyc_p	-0.0	-0.09178090854326343	0.0	-0.0	Inf
DKGLCNR2x	dmso_p	-0.0	-1000.0	0.0	-0.0	Inf
DKGLCNR2x	arab__L_p	-0.0	0.0	0.0	Inf	Inf
DKGLCNR2x	arbt_p	0.0	0.0	0.0	Inf	Inf
DKGLCNR2x	ca2_p	-0.0	-0.0034361396910753683	999.9965638603089	-0.0	0.0
DKGLCNR2x	duri_p	-0.0	-1000.0	0.0	-0.0	Inf
DKGLCNR2x	h2_p	-0.0	-1000.0	0.0	-0.0	Inf
DKGLCNR2x	h2o2_p	-0.0	-1000.0	0.0	-0.0	Inf
DKGLCNR2x	etoh_p	-0.0	-1000.0	0.0	-0.0	Inf
DKGLCNR2x	fald_p	-0.0	0.0	0.0	Inf	Inf
DKGLCNR2x	n2o_p	-0.0	-1000.0	0.0	-0.0	Inf
DKGLCNR2x	na1_p	-0.0	-1000.0	0.0	-0.0	Inf
DKGLCNR2x	indole_p	-0.0	0.0	0.3511168595121591	Inf	0.0
DKGLCNR2x	nac_p	-0.0	-1000.0	0.0	-0.0	Inf
DKGLCNR2x	ni2_p	-0.0	-0.00021323210762602685	999.9997867678924	-0.0	0.0
DKGLCNR2x	inost_p	-0.0	-1000.0	0.0	-0.0	Inf
DKGLCNR2x	no_p	-0.0	-1000.0	0.0	-0.0	Inf
DKGLCNR2x	no2_p	-0.0	-1000.0	0.0	-0.0	Inf
DKGLCNR2x	for_p	-0.0	-6.07086994130682	0.0016193757262119987	-0.0	0.0
DKGLCNR2x	fru_p	-0.0	-1000.0	0.0	-0.0	Inf
DKGLCNR2x	no3_p	-0.0	0.0	0.0	Inf	Inf
DKGLCNR2x	k_p	-0.0	-0.12885886930178003	999.8711411306982	-0.0	0.0
DKGLCNR2x	novbcn_p	-0.0	0.0	0.0	Inf	Inf
DKGLCNR2x	o2_p	-0.0	-16.491432308098297	983.5085676919017	-0.0	0.0
DKGLCNR2x	lipa_cold_p	-0.0	-17.457752042666158	0.0	-0.0	Inf
DKGLCNR2x	g3pe_p	-0.0	0.0	0.0	Inf	Inf
DKGLCNR2x	g3pi_p	-0.0	0.0	0.0	Inf	Inf
DKGLCNR2x	so3_p	-0.0	-1000.0	0.0	-0.0	Inf
DKGLCNR2x	so4_p	-0.0	-0.16649928750758158	999.8335007124924	-0.0	0.0
DKGLCNR2x	malt_p	0.0	0.0	0.0	Inf	Inf
DKGLCNR2x	malthx_p	0.0	0.0	0.0	Inf	Inf
DKGLCNR2x	maltpt_p	0.0	0.0	0.0	Inf	Inf
DKGLCNR2x	sucr_p	-0.0	-0.4004297544425356	0.36181869518479115	-0.0	0.0
DKGLCNR2x	malttr_p	0.0	0.0	0.0	Inf	Inf
DKGLCNR2x	maltttr_p	0.0	0.0	0.0	Inf	Inf
DKGLCNR2x	pacald_p	-0.0	-1000.0	0.0	-0.0	Inf
DKGLCNR2x	man_p	-0.0	-1000.0	0.0	-0.0	Inf
DKGLCNR2x	tartr__L_p	-0.0	-1000.0	0.0	-0.0	Inf
DKGLCNR2x	pe120_p	-0.0	0.0	0.0	Inf	Inf
DKGLCNR2x	melib_p	-0.0	-1000.0	0.0	-0.0	Inf
DKGLCNR2x	meoh_p	-0.0	-999.9999986796773	1.3203226671976154e-06	-0.0	0.0
DKGLCNR2x	thym_p	-0.0	-1000.0	0.0	-0.0	Inf
DKGLCNR2x	thymd_p	-0.0	-0.017273781201993188	0.0	-0.0	Inf
DKGLCNR2x	pg120_p	-0.0	-0.045890454271631714	0.0	-0.0	Inf
DKGLCNR2x	metsox_S__L_p	-0.0	-1000.0	0.0	-0.0	Inf
DKGLCNR2x	tmao_p	-0.0	-1000.0	0.0	-0.0	Inf
DKGLCNR2x	mg2_p	-0.0	-0.00572689948508797	999.9942731005149	-0.0	0.0
DKGLCNR2x	tre_p	-0.0	0.0	0.0	Inf	Inf
DKGLCNR2x	mnl_p	-0.0	0.0	0.0	Inf	Inf
DKGLCNR2x	mobd_p	-0.0	-8.51608108405344e-05	999.9999148391892	-0.0	0.0
DKGLCNR2x	ura_p	-0.0	-1000.0	0.0	-0.0	Inf
DKGLCNR2x	urea_p	-0.0	-1000.0	0.0	-0.0	Inf
DKGLCNR2x	uri_p	-0.0	0.0	0.0	Inf	Inf
DKGLCNR2x	xan_p	-0.0	0.0	0.0	Inf	Inf
DKGLCNR2x	xtsn_p	-0.0	0.0	0.0	Inf	Inf
DKGLCNR2x	xyl__D_p	-0.0	-1000.0	0.0	-0.0	Inf
DKGLCNR2x	xylu__L_p	-0.0	0.0	0.0	Inf	Inf
DKGLCNR2x	ppal_p	-0.0	0.0	0.0	Inf	Inf
DKGLCNR2x	psclys_p	-0.0	-1000.0	0.0	-0.0	Inf
DKGLCNR2x	pydx_p	-0.0	0.0	0.0	Inf	Inf
DKGLCNR2x	pydxn_p	-0.0	0.0	0.0	Inf	Inf
DKGLCNR2x	rib__D_p	-0.0	-1000.0	0.0	-0.0	Inf
DKGLCNR2x	rmn_p	-0.0	-1000.0	0.0	-0.0	Inf
DKGLCNR2x	sbt__D_p	-0.0	-1.001074386106339	0.0	-0.0	Inf
DKGLCNR2x	slnt_p	-0.0	-1000.0	0.0	-0.0	Inf
DKGLCNR2x	so2_p	-0.0	-1000.0	0.0	-0.0	Inf
