Reaction	Metabolite	ShadowPrice	G-	G+	DecrementalShadowPrice	IncrementalShadowPrice
FRUpts2pp	12dgr120_c	-0.0	0.0	0.0	Inf	Inf
FRUpts2pp	12dgr140_c	-0.0	0.0	0.0	Inf	Inf
FRUpts2pp	12dgr160_c	-0.0	-0.04212753472523386	0.0	-0.0	Inf
FRUpts2pp	12dgr180_c	-0.0	0.0	0.0	Inf	Inf
FRUpts2pp	12ppd__R_c	-0.0	-1000.0	0.0	-0.0	Inf
FRUpts2pp	12ppd__S_c	-0.0	0.0	0.0	Inf	Inf
FRUpts2pp	5drib_c	-0.0	-999.9998514637022	0.00014853629788412603	-0.0	0.0
FRUpts2pp	5mta_c	-0.0	0.0	0.0	Inf	Inf
FRUpts2pp	23dhacoa_c	-0.0	-0.0003802529217813988	0.0	-0.0	Inf
FRUpts2pp	5mtr_c	-0.0	0.0	0.0	Inf	Inf
FRUpts2pp	3amac_c	-0.0	-6.0708699413068254	0.0	-0.0	Inf
FRUpts2pp	LalaDgluMdap_c	-0.0	-0.01834456286935153	0.0	-0.0	Inf
FRUpts2pp	ac_c	-0.0	-2.002148772212678	0.38459414344879406	-0.0	0.0
FRUpts2pp	acald_c	-0.0	0.0	1.8873245451530993	Inf	0.0
FRUpts2pp	acetol_c	-0.0	0.0	0.0	Inf	Inf
FRUpts2pp	acgam_c	-0.0	-0.06237732317554606	0.0	-0.0	Inf
FRUpts2pp	acgam6p_c	-0.0	-0.06237732317554606	0.0	-0.0	Inf
FRUpts2pp	acmalt_c	0.0	0.0	0.0	Inf	Inf
FRUpts2pp	acmana_c	-0.0	-0.06237732317554606	0.0	-0.0	Inf
FRUpts2pp	2dmmq8_c	-0.0	0.0	0.0	Inf	Inf
FRUpts2pp	2dmmql8_c	0.0	0.0	0.0	Inf	Inf
FRUpts2pp	ade_c	-0.0	-0.07371493374967034	0.0004442885710238579	-0.0	0.0
FRUpts2pp	adn_c	-0.0	0.0	0.0004442885710238579	Inf	0.0
FRUpts2pp	3sala_c	0.0	0.0	0.0	Inf	Inf
FRUpts2pp	adphep_DD_c	-0.0	0.0	0.0	Inf	Inf
FRUpts2pp	adphep_LD_c	-0.0	0.0	0.0	Inf	Inf
FRUpts2pp	4ahmmp_c	0.0	0.0	0.0	Inf	Inf
FRUpts2pp	4crsol_c	-0.0	-999.9998527840247	0.00014721597523626714	-0.0	0.0
FRUpts2pp	2ohph_c	-0.0	-0.00014721597523626714	0.06606528682182092	-0.0	0.0
FRUpts2pp	2ombzl_c	-0.0	0.0	0.0	Inf	Inf
FRUpts2pp	2omhmbl_c	-0.0	0.0	0.0	Inf	Inf
FRUpts2pp	2ommbl_c	0.0	0.0	0.0	Inf	Inf
FRUpts2pp	2omph_c	-0.0	0.0	0.059430645251629506	Inf	0.0
FRUpts2pp	4mhetz_c	0.0	0.0	0.0	Inf	Inf
FRUpts2pp	2oph_c	-0.0	-0.00014721597523626714	0.06612784864646278	-0.0	0.0
FRUpts2pp	2oxpaccoa_c	-0.0	-0.0003802529217813988	0.0	-0.0	Inf
FRUpts2pp	all__D_c	-0.0	-0.6673829240708923	0.0	-0.0	Inf
FRUpts2pp	alltn_c	-0.0	-0.9003031167243102	0.0	-0.0	Inf
FRUpts2pp	4r5au_c	-0.0	-0.00029443194995716057	0.3990343324037982	-0.0	0.0
FRUpts2pp	56dura_c	0.0	0.0	0.0	Inf	Inf
FRUpts2pp	arab__L_c	-0.0	-0.7518619631965107	0.0	-0.0	Inf
FRUpts2pp	etoh_c	-0.0	-1000.0	0.0	-0.0	Inf
FRUpts2pp	csn_c	-0.0	0.0	0.11942648430465397	Inf	0.0
FRUpts2pp	fald_c	-0.0	0.0	0.0	Inf	Inf
FRUpts2pp	fc1p_c	-0.0	-0.6368120780571832	0.0	-0.0	Inf
FRUpts2pp	fcl__L_c	-0.0	0.0	0.0	Inf	Inf
FRUpts2pp	aso4_c	0.0	0.0	0.0	Inf	Inf
FRUpts2pp	cyan_c	0.0	0.0	0.0	Inf	Inf
FRUpts2pp	athtp_c	0.0	0.0	0.0	Inf	Inf
FRUpts2pp	cytd_c	-0.0	0.0	0.0	Inf	Inf
FRUpts2pp	dad_2_c	-0.0	0.0	0.0	Inf	Inf
FRUpts2pp	dad_5_c	-0.0	-0.07371493374967034	0.00014853629788412603	-0.0	0.0
FRUpts2pp	betald_c	0.0	0.0	0.0	Inf	Inf
FRUpts2pp	btal_c	-0.0	-132.8812845470479	0.0	-0.0	Inf
FRUpts2pp	for_c	-0.0	-6.07086994130682	0.0016193757262119987	-0.0	0.0
FRUpts2pp	dcyt_c	-0.0	-0.017273781201993188	0.0	-0.0	Inf
FRUpts2pp	fru_c	-0.0	-0.6673829240708923	0.7199073007285017	-0.0	0.0
FRUpts2pp	ca2_c	-0.0	-0.0034361396910753683	930.1689918293354	-0.0	0.0
FRUpts2pp	g3pe_c	-0.0	0.0	0.0	Inf	Inf
FRUpts2pp	g3pi_c	0.0	0.0	0.0	Inf	Inf
FRUpts2pp	cbm_c	-0.0	-3.03543497065341	0.0	-0.0	Inf
FRUpts2pp	dha_c	-0.0	-2.002148772212678	1.4548126702221804	-0.0	0.0
FRUpts2pp	gal_c	-0.0	0.0	0.0	Inf	Inf
FRUpts2pp	dhgly_c	-0.0	-0.00014721597523626714	0.2595948259132515	-0.0	0.0
FRUpts2pp	dhmptp_c	0.0	0.0	0.0	Inf	Inf
FRUpts2pp	gcald_c	-0.0	-0.9003031167243102	0.00044164792586798285	-0.0	0.0
FRUpts2pp	dhptd_c	-0.0	-31.583570650161732	0.0002957522731397319	-0.0	0.0
FRUpts2pp	cechddd_c	-0.0	0.0	0.0	Inf	Inf
FRUpts2pp	dhptdn_c	0.0	0.0	0.0	Inf	Inf
FRUpts2pp	chol_c	0.0	0.0	0.0	Inf	Inf
FRUpts2pp	chtbs6p_c	-0.0	0.0	0.0	Inf	Inf
FRUpts2pp	dmbzid_c	0.0	0.0	0.0	Inf	Inf
FRUpts2pp	dms_c	0.0	0.0	0.0	Inf	Inf
FRUpts2pp	dmso_c	0.0	0.0	0.0	Inf	Inf
FRUpts2pp	cl_c	-0.0	-0.0034361396910527827	999.9965638603089	-0.0	0.0
FRUpts2pp	glc__D_c	-0.0	-0.6673829240708923	0.7199073007285017	-0.0	0.0
FRUpts2pp	co2_c	-0.0	-982.098556846893	17.89982377738079	-0.0	0.0
FRUpts2pp	dscl_c	-0.0	-0.00014721597523626714	0.0759858630801574	-0.0	0.0
FRUpts2pp	dtdp4aaddg_c	-0.0	0.0	0.0	Inf	Inf
FRUpts2pp	glyald_c	-0.0	-1000.0	0.0	-0.0	Inf
FRUpts2pp	crn_c	-0.0	-930.1689918293354	0.0	-0.0	Inf
FRUpts2pp	duri_c	-0.0	-0.017273781201993188	0.0	-0.0	Inf
FRUpts2pp	glyb_c	0.0	0.0	0.0	Inf	Inf
FRUpts2pp	glyc_c	-0.0	-0.09178090854326343	0.0	-0.0	Inf
FRUpts2pp	dxyl_c	0.0	0.0	0.0	Inf	Inf
FRUpts2pp	glycogen_c	-0.0	-0.6673829240708923	0.0	-0.0	Inf
FRUpts2pp	gmhep1p_c	-0.0	0.0	0.5723853128743007	Inf	0.0
FRUpts2pp	lipa_cold_c	-0.0	0.0	0.0	Inf	Inf
FRUpts2pp	lipidA_c	-0.0	-0.012844098718346686	0.04938543717868788	-0.0	0.0
FRUpts2pp	malt_c	0.0	0.0	0.0	Inf	Inf
FRUpts2pp	h2_c	-0.0	0.0	0.0	Inf	Inf
FRUpts2pp	malthx_c	-0.0	0.0	0.0	Inf	Inf
FRUpts2pp	maltpt_c	-0.0	0.0	0.0	Inf	Inf
FRUpts2pp	malttr_c	-0.0	0.0	0.0	Inf	Inf
FRUpts2pp	maltttr_c	-0.0	0.0	0.0	Inf	Inf
FRUpts2pp	h2o2_c	-0.0	-32.98286461619659	0.0016510634710584782	-0.0	0.0
FRUpts2pp	man_c	-0.0	0.0	0.0	Inf	Inf
FRUpts2pp	mdhdhf_c	-0.0	-31.583570650161732	0.0002957522731397319	-0.0	0.0
FRUpts2pp	melib_c	-0.0	0.0	0.0	Inf	Inf
FRUpts2pp	meoh_c	-0.0	-999.9999986796773	1.3203226671976154e-06	-0.0	0.0
FRUpts2pp	pacald_c	-0.0	-930.1689918293354	0.0	-0.0	Inf
FRUpts2pp	metsox_S__L_c	-0.0	-0.07371493374967031	0.0	-0.0	Inf
FRUpts2pp	mg2_c	-0.0	-0.00572689948508797	465.0844959146677	-0.0	0.0
FRUpts2pp	hhlipa_c	-0.0	0.0	0.0	Inf	Inf
FRUpts2pp	pe120_c	-0.0	0.0	0.0	Inf	Inf
FRUpts2pp	mobd_c	-0.0	-8.516081078689893e-05	17.457752042666158	-0.0	0.0
FRUpts2pp	hlipa_c	-0.0	0.0	0.0	Inf	Inf
FRUpts2pp	pg120_c	-0.0	-0.045890454271631714	0.0	-0.0	Inf
FRUpts2pp	mql8_c	0.0	0.0	0.0	Inf	Inf
FRUpts2pp	mqn8_c	-0.0	0.0	0.0	Inf	Inf
FRUpts2pp	mthgxl_c	-0.0	0.0	0.0	Inf	Inf
FRUpts2pp	hqn_c	0.0	0.0	0.0	Inf	Inf
FRUpts2pp	mththf_c	-0.0	-999.9997042477269	0.0002957522731397319	-0.0	0.0
FRUpts2pp	n2o_c	-0.0	-1000.0	0.0	-0.0	Inf
FRUpts2pp	na1_c	-0.0	-69.83100817066463	0.0	-0.0	Inf
FRUpts2pp	nac_c	-0.0	0.0	0.0	Inf	Inf
FRUpts2pp	ncam_c	-0.0	0.0	0.0	Inf	Inf
FRUpts2pp	ni2_c	-0.0	-0.00021323210762602685	999.9997867678924	-0.0	0.0
FRUpts2pp	no_c	-0.0	-1000.0	0.0	-0.0	Inf
FRUpts2pp	indole_c	-0.0	-0.03752555013612167	0.3511168595121591	-0.0	0.0
FRUpts2pp	no2_c	-0.0	-930.1689918293354	0.0	-0.0	Inf
FRUpts2pp	no3_c	0.0	0.0	0.0	Inf	Inf
FRUpts2pp	inost_c	0.0	0.0	0.0	Inf	Inf
FRUpts2pp	o2_c	-0.0	-16.491432308098297	983.5085676919017	-0.0	0.0
FRUpts2pp	poaac_c	-0.0	-4.987929155047471	0.0	-0.0	Inf
FRUpts2pp	ppal_c	-0.0	0.0	0.0	Inf	Inf
FRUpts2pp	k_c	-0.0	-0.12885886930176094	69.83100817066463	-0.0	0.0
FRUpts2pp	psclys_c	-0.0	0.0	0.0	Inf	Inf
FRUpts2pp	lald__D_c	-0.0	0.0	0.0	Inf	Inf
FRUpts2pp	lald__L_c	-0.0	-2.002148772212678	0.0	-0.0	Inf
FRUpts2pp	ura_c	-0.0	0.0	0.0	Inf	Inf
FRUpts2pp	pydx_c	-0.0	0.0	0.4543658415573063	Inf	0.0
FRUpts2pp	uracp_c	-0.0	-3.5651431356778858	0.0	-0.0	Inf
FRUpts2pp	pydxn_c	-0.0	0.0	0.4543658415573063	Inf	0.0
FRUpts2pp	urate_c	-0.0	-0.9003031167243102	0.0	-0.0	Inf
FRUpts2pp	q8_c	-0.0	0.0	0.0	Inf	Inf
FRUpts2pp	q8h2_c	0.0	0.0	0.0	Inf	Inf
FRUpts2pp	urea_c	-0.0	-1000.0	0.0	-0.0	Inf
FRUpts2pp	uri_c	-0.0	0.0	0.0	Inf	Inf
FRUpts2pp	rbflvrd_c	-0.0	0.0	0.20358894510397865	Inf	0.0
FRUpts2pp	rbl__L_c	-0.0	-0.7518619631965107	0.0	-0.0	Inf
FRUpts2pp	rdmbzi_c	0.0	0.0	0.0	Inf	Inf
FRUpts2pp	thptdn_c	0.0	0.0	0.0	Inf	Inf
FRUpts2pp	xan_c	-0.0	0.0	0.0	Inf	Inf
FRUpts2pp	rephaccoa_c	-0.0	-0.0003802529217813988	0.0	-0.0	Inf
FRUpts2pp	rib__D_c	-0.0	0.0	0.821541272596055	Inf	0.0
FRUpts2pp	xtsn_c	-0.0	0.0	0.0	Inf	Inf
FRUpts2pp	rml_c	-0.0	-0.6673829240708923	0.0	-0.0	Inf
FRUpts2pp	thym_c	-0.0	-69.83100817066463	0.0	-0.0	Inf
FRUpts2pp	thymd_c	-0.0	-0.017273781201993188	0.0	-0.0	Inf
FRUpts2pp	xu5p__L_c	-0.0	-0.6368120780571825	0.0	-0.0	Inf
FRUpts2pp	rmn_c	-0.0	-0.6673829240708923	0.0	-0.0	Inf
FRUpts2pp	xyl__D_c	0.0	0.0	0.0	Inf	Inf
FRUpts2pp	tmao_c	0.0	0.0	0.0	Inf	Inf
FRUpts2pp	xylu__D_c	-0.0	0.0	0.0	Inf	Inf
FRUpts2pp	xylu__L_c	-0.0	-0.7518619631965107	0.0	-0.0	Inf
FRUpts2pp	12ppd__R_e	-0.0	-1000.0	0.0	-0.0	Inf
FRUpts2pp	12ppd__S_e	-0.0	-1000.0	0.0	-0.0	Inf
FRUpts2pp	tre_c	-0.0	-0.33369146203544614	0.0	-0.0	Inf
FRUpts2pp	seln_c	0.0	0.0	0.0	Inf	Inf
FRUpts2pp	34dhpac_e	-0.0	-1000.0	0.0	-0.0	Inf
FRUpts2pp	slnt_c	0.0	0.0	0.0	Inf	Inf
FRUpts2pp	so2_c	0.0	0.0	0.0	Inf	Inf
FRUpts2pp	so3_c	-0.0	-0.16363550768437563	3.325286103364981	-0.0	0.0
FRUpts2pp	so4_c	-0.0	-0.16649928750758158	69.83100817066463	-0.0	0.0
FRUpts2pp	4hoxpacd_e	-0.0	-1000.0	0.0	-0.0	Inf
FRUpts2pp	5mtr_e	-0.0	0.0	0.0	Inf	Inf
FRUpts2pp	LalaDgluMdap_e	-0.0	-1000.0	0.0	-0.0	Inf
FRUpts2pp	ac_e	-0.0	0.0	0.0	Inf	Inf
FRUpts2pp	acald_e	-0.0	-1000.0	0.0	-0.0	Inf
FRUpts2pp	acgal_e	-0.0	-1000.0	0.0	-0.0	Inf
FRUpts2pp	acgam_e	-0.0	-1000.0	0.0	-0.0	Inf
FRUpts2pp	acmana_e	-0.0	-1000.0	0.0	-0.0	Inf
FRUpts2pp	tagur_c	-0.0	0.0	0.0	Inf	Inf
FRUpts2pp	tartr__L_c	-0.0	-0.9003031167243102	0.0	-0.0	Inf
FRUpts2pp	ade_e	-0.0	-1000.0	0.0	-0.0	Inf
FRUpts2pp	adn_e	-0.0	-1000.0	0.0	-0.0	Inf
FRUpts2pp	all__D_e	-0.0	-1000.0	0.0	-0.0	Inf
FRUpts2pp	cl_e	-0.0	-0.0034361396910753683	999.9965638603089	-0.0	0.0
FRUpts2pp	alltn_e	-0.0	0.0	0.0	Inf	Inf
FRUpts2pp	cm_e	-0.0	-1000.0	0.0	-0.0	Inf
FRUpts2pp	co2_e	-0.0	-982.098556846893	17.90144315310704	-0.0	0.0
FRUpts2pp	arab__L_e	-0.0	-1000.0	0.0	-0.0	Inf
FRUpts2pp	arbt_e	-0.0	-1000.0	0.0	-0.0	Inf
FRUpts2pp	unagamu_c	-0.0	0.0	0.04525664819874574	Inf	0.0
FRUpts2pp	crn_e	-0.0	-1000.0	0.0	-0.0	Inf
FRUpts2pp	csn_e	-0.0	-1000.0	0.0	-0.0	Inf
FRUpts2pp	cyan_e	-0.0	-1000.0	0.0	-0.0	Inf
FRUpts2pp	glyb_e	-0.0	-1000.0	0.0	-0.0	Inf
FRUpts2pp	glyc_e	-0.0	-1000.0	0.0	-0.0	Inf
FRUpts2pp	cytd_e	-0.0	-1000.0	0.0	-0.0	Inf
FRUpts2pp	ca2_e	-0.0	-0.0034361396910753683	999.9965638603089	-0.0	0.0
FRUpts2pp	dad_2_e	-0.0	-1000.0	0.0	-0.0	Inf
FRUpts2pp	dcyt_e	-0.0	-1000.0	0.0	-0.0	Inf
FRUpts2pp	chol_e	-0.0	-1000.0	0.0	-0.0	Inf
FRUpts2pp	dha_e	-0.0	-1000.0	0.0	-0.0	Inf
FRUpts2pp	ppal_e	-0.0	-1000.0	0.0	-0.0	Inf
FRUpts2pp	h2_e	-0.0	-1000.0	0.0	-0.0	Inf
FRUpts2pp	dms_e	-0.0	-1000.0	0.0	-0.0	Inf
FRUpts2pp	dmso_e	-0.0	-1000.0	0.0	-0.0	Inf
FRUpts2pp	h2o2_e	-0.0	-1000.0	0.0	-0.0	Inf
FRUpts2pp	psclys_e	-0.0	-1000.0	0.0	-0.0	Inf
FRUpts2pp	duri_e	-0.0	-1000.0	0.0	-0.0	Inf
FRUpts2pp	pydx_e	-0.0	-1000.0	0.0	-0.0	Inf
FRUpts2pp	pydxn_e	-0.0	-1000.0	0.0	-0.0	Inf
FRUpts2pp	etoh_e	-0.0	-1000.0	0.0	-0.0	Inf
FRUpts2pp	fald_e	-0.0	0.0	0.0	Inf	Inf
FRUpts2pp	rib__D_e	-0.0	-1000.0	0.0	-0.0	Inf
FRUpts2pp	rmn_e	-0.0	-1000.0	0.0	-0.0	Inf
FRUpts2pp	indole_e	-0.0	-1000.0	0.0	-0.0	Inf
FRUpts2pp	inost_e	-0.0	-1000.0	0.0	-0.0	Inf
FRUpts2pp	sbt__D_e	-0.0	-1.001074386106339	0.0	-0.0	Inf
FRUpts2pp	k_e	-0.0	-0.12885886930178003	999.8711411306982	-0.0	0.0
FRUpts2pp	for_e	-0.0	0.0	0.0016193757262119987	Inf	0.0
FRUpts2pp	slnt_e	-0.0	-1000.0	0.0	-0.0	Inf
FRUpts2pp	fru_e	-1.0	0.0	0.0	Inf	Inf
FRUpts2pp	so2_e	-0.0	-1000.0	0.0	-0.0	Inf
FRUpts2pp	so3_e	-0.0	-1000.0	0.0	-0.0	Inf
FRUpts2pp	so4_e	-0.0	-0.16649928750758158	999.8335007124924	-0.0	0.0
FRUpts2pp	lipa_cold_e	-0.0	-1000.0	0.0	-0.0	Inf
FRUpts2pp	sucr_e	-0.0	-0.4004297544425356	0.36181869518479115	-0.0	0.0
FRUpts2pp	g3pe_e	-0.0	-1000.0	0.0	-0.0	Inf
FRUpts2pp	malt_e	-0.0	-1000.0	0.0	-0.0	Inf
FRUpts2pp	tartr__L_e	-0.0	-1000.0	0.0	-0.0	Inf
FRUpts2pp	g3pi_e	-0.0	-1000.0	0.0	-0.0	Inf
FRUpts2pp	malthx_e	-0.0	-1000.0	0.0	-0.0	Inf
FRUpts2pp	maltpt_e	-0.0	-1000.0	0.0	-0.0	Inf
FRUpts2pp	gal_e	-0.0	-1000.0	0.0	-0.0	Inf
FRUpts2pp	gal_bD_e	-0.0	-1000.0	0.0	-0.0	Inf
FRUpts2pp	malttr_e	-0.0	-1000.0	0.0	-0.0	Inf
FRUpts2pp	maltttr_e	-0.0	-1000.0	0.0	-0.0	Inf
FRUpts2pp	man_e	-0.0	-1000.0	0.0	-0.0	Inf
FRUpts2pp	thym_e	-0.0	-1000.0	0.0	-0.0	Inf
FRUpts2pp	thymd_e	-0.0	-1000.0	0.0	-0.0	Inf
FRUpts2pp	galt_e	-0.0	-0.6673829240708923	0.0	-0.0	Inf
FRUpts2pp	melib_e	-0.0	-1000.0	0.0	-0.0	Inf
FRUpts2pp	meoh_e	-0.0	-999.9999986796773	1.3203226671976154e-06	-0.0	0.0
FRUpts2pp	tmao_e	-0.0	-1000.0	0.0	-0.0	Inf
FRUpts2pp	tre_e	-0.0	-1000.0	0.0	-0.0	Inf
FRUpts2pp	metsox_S__L_e	-0.0	-1000.0	0.0	-0.0	Inf
FRUpts2pp	glc__D_e	-0.0	-1000.0	0.0	-0.0	Inf
FRUpts2pp	mg2_e	-0.0	-0.005726899485125614	999.9942731005149	-0.0	0.0
FRUpts2pp	mnl_e	-0.0	-1000.0	0.0	-0.0	Inf
FRUpts2pp	mobd_e	-0.0	-8.51608108405344e-05	999.9999148391892	-0.0	0.0
FRUpts2pp	glyald_e	-0.0	-1000.0	0.0	-0.0	Inf
FRUpts2pp	n2o_e	-0.0	-1000.0	0.0	-0.0	Inf
FRUpts2pp	na1_e	-0.0	-1000.0	0.0	-0.0	Inf
FRUpts2pp	nac_e	-0.0	-1000.0	0.0	-0.0	Inf
FRUpts2pp	ni2_e	-0.0	-0.00021323210762602685	999.9997867678924	-0.0	0.0
FRUpts2pp	no_e	-0.0	-1000.0	0.0	-0.0	Inf
FRUpts2pp	no2_e	-0.0	-1000.0	0.0	-0.0	Inf
FRUpts2pp	ura_e	-0.0	-1000.0	0.0	-0.0	Inf
FRUpts2pp	no3_e	-0.0	-1000.0	0.0	-0.0	Inf
FRUpts2pp	urea_e	-0.0	-1000.0	0.0	-0.0	Inf
FRUpts2pp	novbcn_e	-0.0	-1000.0	0.0	-0.0	Inf
FRUpts2pp	uri_e	-0.0	-1000.0	0.0	-0.0	Inf
FRUpts2pp	o2_e	-0.0	-16.491432308098297	983.5085676919017	-0.0	0.0
FRUpts2pp	xan_e	-0.0	0.0	0.0	Inf	Inf
FRUpts2pp	xtsn_e	-0.0	-1000.0	0.0	-0.0	Inf
FRUpts2pp	xyl__D_e	-0.0	-1000.0	0.0	-0.0	Inf
FRUpts2pp	xylu__L_e	-0.0	-1000.0	0.0	-0.0	Inf
FRUpts2pp	pacald_e	-0.0	-1000.0	0.0	-0.0	Inf
FRUpts2pp	12dgr120_p	-0.0	0.0	0.0	Inf	Inf
FRUpts2pp	12dgr140_p	-0.0	0.0	0.0	Inf	Inf
FRUpts2pp	12dgr160_p	-0.0	-0.04212753472523386	0.0	-0.0	Inf
FRUpts2pp	12dgr180_p	-0.0	0.0	0.0	Inf	Inf
FRUpts2pp	12ppd__R_p	-0.0	-1000.0	0.0	-0.0	Inf
FRUpts2pp	12ppd__S_p	-0.0	0.0	0.0	Inf	Inf
FRUpts2pp	chol_p	-0.0	-1000.0	0.0	-0.0	Inf
FRUpts2pp	cl_p	-0.0	-0.0034361396910753683	999.9965638603089	-0.0	0.0
FRUpts2pp	34dhpac_p	-0.0	-1000.0	0.0	-0.0	Inf
FRUpts2pp	cm_p	-0.0	0.0	0.0	Inf	Inf
FRUpts2pp	4hoxpacd_p	-0.0	-1000.0	0.0	-0.0	Inf
FRUpts2pp	co2_p	-0.0	-982.098556846893	17.90144315310704	-0.0	0.0
FRUpts2pp	5mtr_p	-0.0	0.0	0.0	Inf	Inf
FRUpts2pp	LalaDgluMdap_p	-0.0	-0.01834456286935153	0.0	-0.0	Inf
FRUpts2pp	gal_p	-0.0	-1000.0	0.0	-0.0	Inf
FRUpts2pp	ac_p	-0.0	-2.002148772212678	0.0	-0.0	Inf
FRUpts2pp	crn_p	-0.0	-1000.0	0.0	-0.0	Inf
FRUpts2pp	gal_bD_p	-0.0	-1000.0	0.0	-0.0	Inf
FRUpts2pp	acald_p	-0.0	-1000.0	0.0	-0.0	Inf
FRUpts2pp	acgal_p	-0.0	-1000.0	0.0	-0.0	Inf
FRUpts2pp	csn_p	-0.0	0.0	0.0	Inf	Inf
FRUpts2pp	acgam_p	-0.0	-1000.0	0.0	-0.0	Inf
FRUpts2pp	galt_p	-0.0	-0.6673829240708923	0.0	-0.0	Inf
FRUpts2pp	acmana_p	-0.0	-1000.0	0.0	-0.0	Inf
FRUpts2pp	cyan_p	-0.0	0.0	0.0	Inf	Inf
FRUpts2pp	ade_p	-0.0	-1000.0	0.0	-0.0	Inf
FRUpts2pp	adn_p	-0.0	0.0	0.0004442885710238579	Inf	0.0
FRUpts2pp	cytd_p	-0.0	0.0	0.0	Inf	Inf
FRUpts2pp	glc__D_p	-0.0	-1000.0	0.0	-0.0	Inf
FRUpts2pp	dad_2_p	-0.0	-1000.0	0.0	-0.0	Inf
FRUpts2pp	dcyt_p	-0.0	-1000.0	0.0	-0.0	Inf
FRUpts2pp	all__D_p	-0.0	0.0	0.0	Inf	Inf
FRUpts2pp	alltn_p	-0.0	0.0	0.0	Inf	Inf
FRUpts2pp	dha_p	-0.0	-1000.0	0.0	-0.0	Inf
FRUpts2pp	glyald_p	-0.0	-1000.0	0.0	-0.0	Inf
FRUpts2pp	glyb_p	0.0	0.0	0.0	Inf	Inf
FRUpts2pp	dms_p	-0.0	-1000.0	0.0	-0.0	Inf
FRUpts2pp	glyc_p	-0.0	-0.09178090854326343	0.0	-0.0	Inf
FRUpts2pp	dmso_p	-0.0	-1000.0	0.0	-0.0	Inf
FRUpts2pp	arab__L_p	-0.0	0.0	0.0	Inf	Inf
FRUpts2pp	arbt_p	0.0	0.0	0.0	Inf	Inf
FRUpts2pp	ca2_p	-0.0	-0.0034361396910753683	999.9965638603089	-0.0	0.0
FRUpts2pp	duri_p	-0.0	-1000.0	0.0	-0.0	Inf
FRUpts2pp	h2_p	-0.0	-1000.0	0.0	-0.0	Inf
FRUpts2pp	h2o2_p	-0.0	-1000.0	0.0	-0.0	Inf
FRUpts2pp	etoh_p	-0.0	-1000.0	0.0	-0.0	Inf
FRUpts2pp	fald_p	-0.0	0.0	0.0	Inf	Inf
FRUpts2pp	n2o_p	-0.0	-1000.0	0.0	-0.0	Inf
FRUpts2pp	na1_p	-0.0	-1000.0	0.0	-0.0	Inf
FRUpts2pp	indole_p	-0.0	0.0	0.3511168595121591	Inf	0.0
FRUpts2pp	nac_p	-0.0	-1000.0	0.0	-0.0	Inf
FRUpts2pp	ni2_p	-0.0	-0.00021323210762602685	999.9997867678924	-0.0	0.0
FRUpts2pp	inost_p	-0.0	-1000.0	0.0	-0.0	Inf
FRUpts2pp	no_p	-0.0	-1000.0	0.0	-0.0	Inf
FRUpts2pp	no2_p	-0.0	-1000.0	0.0	-0.0	Inf
FRUpts2pp	for_p	-0.0	-6.07086994130682	0.0016193757262119987	-0.0	0.0
FRUpts2pp	fru_p	-1.0	-1.001074386106339	0.0	-1.0	Inf
FRUpts2pp	no3_p	-0.0	0.0	0.0	Inf	Inf
FRUpts2pp	k_p	-0.0	-0.12885886930178003	999.8711411306982	-0.0	0.0
FRUpts2pp	novbcn_p	-0.0	0.0	0.0	Inf	Inf
FRUpts2pp	o2_p	-0.0	-16.491432308098297	983.5085676919017	-0.0	0.0
FRUpts2pp	lipa_cold_p	-0.0	-17.457752042666158	0.0	-0.0	Inf
FRUpts2pp	g3pe_p	-0.0	0.0	0.0	Inf	Inf
FRUpts2pp	g3pi_p	-0.0	0.0	0.0	Inf	Inf
FRUpts2pp	so3_p	-0.0	-1000.0	0.0	-0.0	Inf
FRUpts2pp	so4_p	-0.0	-0.16649928750758158	999.8335007124924	-0.0	0.0
FRUpts2pp	malt_p	0.0	0.0	0.0	Inf	Inf
FRUpts2pp	malthx_p	0.0	0.0	0.0	Inf	Inf
FRUpts2pp	maltpt_p	0.0	0.0	0.0	Inf	Inf
FRUpts2pp	sucr_p	-0.0	-0.4004297544425356	0.36181869518479115	-0.0	0.0
FRUpts2pp	malttr_p	0.0	0.0	0.0	Inf	Inf
FRUpts2pp	maltttr_p	0.0	0.0	0.0	Inf	Inf
FRUpts2pp	pacald_p	-0.0	-1000.0	0.0	-0.0	Inf
FRUpts2pp	man_p	-0.0	-1000.0	0.0	-0.0	Inf
FRUpts2pp	tartr__L_p	-0.0	-1000.0	0.0	-0.0	Inf
FRUpts2pp	pe120_p	-0.0	0.0	0.0	Inf	Inf
FRUpts2pp	melib_p	-0.0	-1000.0	0.0	-0.0	Inf
FRUpts2pp	meoh_p	-0.0	-999.9999986796773	1.3203226671976154e-06	-0.0	0.0
FRUpts2pp	thym_p	-0.0	-1000.0	0.0	-0.0	Inf
FRUpts2pp	thymd_p	-0.0	-0.017273781201993188	0.0	-0.0	Inf
FRUpts2pp	pg120_p	-0.0	-0.045890454271631714	0.0	-0.0	Inf
FRUpts2pp	metsox_S__L_p	-0.0	-1000.0	0.0	-0.0	Inf
FRUpts2pp	tmao_p	-0.0	-1000.0	0.0	-0.0	Inf
FRUpts2pp	mg2_p	-0.0	-0.00572689948508797	999.9942731005149	-0.0	0.0
FRUpts2pp	tre_p	-0.0	0.0	0.0	Inf	Inf
FRUpts2pp	mnl_p	-0.0	0.0	0.0	Inf	Inf
FRUpts2pp	mobd_p	-0.0	-8.51608108405344e-05	999.9999148391892	-0.0	0.0
FRUpts2pp	ura_p	-0.0	-1000.0	0.0	-0.0	Inf
FRUpts2pp	urea_p	-0.0	-1000.0	0.0	-0.0	Inf
FRUpts2pp	uri_p	-0.0	0.0	0.0	Inf	Inf
FRUpts2pp	xan_p	-0.0	0.0	0.0	Inf	Inf
FRUpts2pp	xtsn_p	-0.0	0.0	0.0	Inf	Inf
FRUpts2pp	xyl__D_p	-0.0	-1000.0	0.0	-0.0	Inf
FRUpts2pp	xylu__L_p	-0.0	0.0	0.0	Inf	Inf
FRUpts2pp	ppal_p	-0.0	0.0	0.0	Inf	Inf
FRUpts2pp	psclys_p	-0.0	-1000.0	0.0	-0.0	Inf
FRUpts2pp	pydx_p	-0.0	0.0	0.0	Inf	Inf
FRUpts2pp	pydxn_p	-0.0	0.0	0.0	Inf	Inf
FRUpts2pp	rib__D_p	-0.0	-1000.0	0.0	-0.0	Inf
FRUpts2pp	rmn_p	-0.0	-1000.0	0.0	-0.0	Inf
FRUpts2pp	sbt__D_p	-0.0	-1.001074386106339	0.0	-0.0	Inf
FRUpts2pp	slnt_p	-0.0	-1000.0	0.0	-0.0	Inf
FRUpts2pp	so2_p	-0.0	-1000.0	0.0	-0.0	Inf
