Reaction	Metabolite	ShadowPrice	G-	G+	DecrementalShadowPrice	IncrementalShadowPrice
G3PIabcpp	12dgr120_c	-0.0	0.0	0.0	Inf	Inf
G3PIabcpp	12dgr140_c	-0.0	0.0	0.0	Inf	Inf
G3PIabcpp	12dgr160_c	-0.0	-0.04212753472523386	0.0	-0.0	Inf
G3PIabcpp	12dgr180_c	-0.0	0.0	0.0	Inf	Inf
G3PIabcpp	12ppd__R_c	-0.0	-1000.0	0.0	-0.0	Inf
G3PIabcpp	12ppd__S_c	-0.0	0.0	0.0	Inf	Inf
G3PIabcpp	5drib_c	-0.0	-999.9998514637022	0.00014853629788412603	-0.0	0.0
G3PIabcpp	5mta_c	-0.0	0.0	0.0	Inf	Inf
G3PIabcpp	23dhacoa_c	-0.0	-0.0003802529217813988	0.0	-0.0	Inf
G3PIabcpp	5mtr_c	-0.0	0.0	0.0	Inf	Inf
G3PIabcpp	3amac_c	-0.0	-6.0708699413068254	0.0	-0.0	Inf
G3PIabcpp	LalaDgluMdap_c	-0.0	-0.01834456286935153	0.0	-0.0	Inf
G3PIabcpp	ac_c	-0.0	-2.002148772212678	0.38459414344879406	-0.0	0.0
G3PIabcpp	acald_c	-0.0	0.0	1.8873245451530993	Inf	0.0
G3PIabcpp	acetol_c	-0.0	0.0	0.0	Inf	Inf
G3PIabcpp	acgam_c	-0.0	-0.06237732317554606	0.0	-0.0	Inf
G3PIabcpp	acgam6p_c	-0.0	-0.06237732317554606	0.0	-0.0	Inf
G3PIabcpp	acmalt_c	0.0	0.0	0.0	Inf	Inf
G3PIabcpp	acmana_c	-0.0	-0.06237732317554606	0.0	-0.0	Inf
G3PIabcpp	2dmmq8_c	-0.0	0.0	0.0	Inf	Inf
G3PIabcpp	2dmmql8_c	0.0	0.0	0.0	Inf	Inf
G3PIabcpp	ade_c	-0.0	-0.07371493374967034	0.0004442885710238579	-0.0	0.0
G3PIabcpp	adn_c	-0.0	0.0	0.0004442885710238579	Inf	0.0
G3PIabcpp	3sala_c	0.0	0.0	0.0	Inf	Inf
G3PIabcpp	adphep_DD_c	-0.0	0.0	0.0	Inf	Inf
G3PIabcpp	adphep_LD_c	-0.0	0.0	0.0	Inf	Inf
G3PIabcpp	4ahmmp_c	0.0	0.0	0.0	Inf	Inf
G3PIabcpp	4crsol_c	-0.0	-999.9998527840247	0.00014721597523626714	-0.0	0.0
G3PIabcpp	2ohph_c	-0.0	-0.00014721597523626714	0.06606528682182092	-0.0	0.0
G3PIabcpp	2ombzl_c	-0.0	0.0	0.0	Inf	Inf
G3PIabcpp	2omhmbl_c	-0.0	0.0	0.0	Inf	Inf
G3PIabcpp	2ommbl_c	0.0	0.0	0.0	Inf	Inf
G3PIabcpp	2omph_c	-0.0	0.0	0.059430645251629506	Inf	0.0
G3PIabcpp	4mhetz_c	0.0	0.0	0.0	Inf	Inf
G3PIabcpp	2oph_c	-0.0	-0.00014721597523626714	0.06612784864646278	-0.0	0.0
G3PIabcpp	2oxpaccoa_c	-0.0	-0.0003802529217813988	0.0	-0.0	Inf
G3PIabcpp	all__D_c	-0.0	-0.6673829240708923	0.0	-0.0	Inf
G3PIabcpp	alltn_c	-0.0	-0.9003031167243102	0.0	-0.0	Inf
G3PIabcpp	4r5au_c	-0.0	-0.00029443194995716057	0.3990343324037982	-0.0	0.0
G3PIabcpp	56dura_c	0.0	0.0	0.0	Inf	Inf
G3PIabcpp	arab__L_c	-0.0	-0.7518619631965107	0.0	-0.0	Inf
G3PIabcpp	etoh_c	-0.0	-1000.0	0.0	-0.0	Inf
G3PIabcpp	csn_c	-0.0	0.0	0.11942648430465397	Inf	0.0
G3PIabcpp	fald_c	-0.0	0.0	0.0	Inf	Inf
G3PIabcpp	fc1p_c	-0.0	-0.6368120780571832	0.0	-0.0	Inf
G3PIabcpp	fcl__L_c	-0.0	0.0	0.0	Inf	Inf
G3PIabcpp	aso4_c	0.0	0.0	0.0	Inf	Inf
G3PIabcpp	cyan_c	0.0	0.0	0.0	Inf	Inf
G3PIabcpp	athtp_c	0.0	0.0	0.0	Inf	Inf
G3PIabcpp	cytd_c	-0.0	0.0	0.0	Inf	Inf
G3PIabcpp	dad_2_c	-0.0	0.0	0.0	Inf	Inf
G3PIabcpp	dad_5_c	-0.0	-0.07371493374967034	0.00014853629788412603	-0.0	0.0
G3PIabcpp	betald_c	0.0	0.0	0.0	Inf	Inf
G3PIabcpp	btal_c	-0.0	-132.8812845470479	0.0	-0.0	Inf
G3PIabcpp	for_c	-0.0	-6.07086994130682	0.0016193757262119987	-0.0	0.0
G3PIabcpp	dcyt_c	-0.0	-0.017273781201993188	0.0	-0.0	Inf
G3PIabcpp	fru_c	-0.0	-0.6673829240708923	0.7199073007285017	-0.0	0.0
G3PIabcpp	ca2_c	-0.0	-0.0034361396910753683	930.1689918293354	-0.0	0.0
G3PIabcpp	g3pe_c	-0.0	0.0	0.0	Inf	Inf
G3PIabcpp	g3pi_c	1.0	0.0	0.0	Inf	Inf
G3PIabcpp	cbm_c	-0.0	-3.03543497065341	0.0	-0.0	Inf
G3PIabcpp	dha_c	-0.0	-2.002148772212678	1.4548126702221804	-0.0	0.0
G3PIabcpp	gal_c	-0.0	0.0	0.0	Inf	Inf
G3PIabcpp	dhgly_c	-0.0	-0.00014721597523626714	0.2595948259132515	-0.0	0.0
G3PIabcpp	dhmptp_c	0.0	0.0	0.0	Inf	Inf
G3PIabcpp	gcald_c	-0.0	-0.9003031167243102	0.00044164792586798285	-0.0	0.0
G3PIabcpp	dhptd_c	-0.0	-31.583570650161732	0.0002957522731397319	-0.0	0.0
G3PIabcpp	cechddd_c	-0.0	0.0	0.0	Inf	Inf
G3PIabcpp	dhptdn_c	0.0	0.0	0.0	Inf	Inf
G3PIabcpp	chol_c	0.0	0.0	0.0	Inf	Inf
G3PIabcpp	chtbs6p_c	-0.0	0.0	0.0	Inf	Inf
G3PIabcpp	dmbzid_c	0.0	0.0	0.0	Inf	Inf
G3PIabcpp	dms_c	0.0	0.0	0.0	Inf	Inf
G3PIabcpp	dmso_c	0.0	0.0	0.0	Inf	Inf
G3PIabcpp	cl_c	-0.0	-0.0034361396910527827	999.9965638603089	-0.0	0.0
G3PIabcpp	glc__D_c	-0.0	-0.6673829240708923	0.7199073007285017	-0.0	0.0
G3PIabcpp	co2_c	-0.0	-982.098556846893	17.89982377738079	-0.0	0.0
G3PIabcpp	dscl_c	-0.0	-0.00014721597523626714	0.0759858630801574	-0.0	0.0
G3PIabcpp	dtdp4aaddg_c	-0.0	0.0	0.0	Inf	Inf
G3PIabcpp	glyald_c	-0.0	-1000.0	0.0	-0.0	Inf
G3PIabcpp	crn_c	-0.0	-930.1689918293354	0.0	-0.0	Inf
G3PIabcpp	duri_c	-0.0	-0.017273781201993188	0.0	-0.0	Inf
G3PIabcpp	glyb_c	0.0	0.0	0.0	Inf	Inf
G3PIabcpp	glyc_c	-0.0	-0.09178090854326343	0.0	-0.0	Inf
G3PIabcpp	dxyl_c	0.0	0.0	0.0	Inf	Inf
G3PIabcpp	glycogen_c	-0.0	-0.6673829240708923	0.0	-0.0	Inf
G3PIabcpp	gmhep1p_c	-0.0	0.0	0.5723853128743007	Inf	0.0
G3PIabcpp	lipa_cold_c	-0.0	0.0	0.0	Inf	Inf
G3PIabcpp	lipidA_c	-0.0	-0.012844098718346686	0.04938543717868788	-0.0	0.0
G3PIabcpp	malt_c	0.0	0.0	0.0	Inf	Inf
G3PIabcpp	h2_c	-0.0	0.0	0.0	Inf	Inf
G3PIabcpp	malthx_c	-0.0	0.0	0.0	Inf	Inf
G3PIabcpp	maltpt_c	-0.0	0.0	0.0	Inf	Inf
G3PIabcpp	malttr_c	-0.0	0.0	0.0	Inf	Inf
G3PIabcpp	maltttr_c	-0.0	0.0	0.0	Inf	Inf
G3PIabcpp	h2o2_c	-0.0	-32.98286461619659	0.0016510634710584782	-0.0	0.0
G3PIabcpp	man_c	-0.0	0.0	0.0	Inf	Inf
G3PIabcpp	mdhdhf_c	-0.0	-31.583570650161732	0.0002957522731397319	-0.0	0.0
G3PIabcpp	melib_c	-0.0	0.0	0.0	Inf	Inf
G3PIabcpp	meoh_c	-0.0	-999.9999986796773	1.3203226671976154e-06	-0.0	0.0
G3PIabcpp	pacald_c	-0.0	-930.1689918293354	0.0	-0.0	Inf
G3PIabcpp	metsox_S__L_c	-0.0	-0.07371493374967031	0.0	-0.0	Inf
G3PIabcpp	mg2_c	-0.0	-0.00572689948508797	465.0844959146677	-0.0	0.0
G3PIabcpp	hhlipa_c	-0.0	0.0	0.0	Inf	Inf
G3PIabcpp	pe120_c	-0.0	0.0	0.0	Inf	Inf
G3PIabcpp	mobd_c	-0.0	-8.516081078689893e-05	17.457752042666158	-0.0	0.0
G3PIabcpp	hlipa_c	-0.0	0.0	0.0	Inf	Inf
G3PIabcpp	pg120_c	-0.0	-0.045890454271631714	0.0	-0.0	Inf
G3PIabcpp	mql8_c	0.0	0.0	0.0	Inf	Inf
G3PIabcpp	mqn8_c	-0.0	0.0	0.0	Inf	Inf
G3PIabcpp	mthgxl_c	-0.0	0.0	0.0	Inf	Inf
G3PIabcpp	hqn_c	0.0	0.0	0.0	Inf	Inf
G3PIabcpp	mththf_c	-0.0	-999.9997042477269	0.0002957522731397319	-0.0	0.0
G3PIabcpp	n2o_c	-0.0	-1000.0	0.0	-0.0	Inf
G3PIabcpp	na1_c	-0.0	-69.83100817066463	0.0	-0.0	Inf
G3PIabcpp	nac_c	-0.0	0.0	0.0	Inf	Inf
G3PIabcpp	ncam_c	-0.0	0.0	0.0	Inf	Inf
G3PIabcpp	ni2_c	-0.0	-0.00021323210762602685	999.9997867678924	-0.0	0.0
G3PIabcpp	no_c	-0.0	-1000.0	0.0	-0.0	Inf
G3PIabcpp	indole_c	-0.0	-0.03752555013612167	0.3511168595121591	-0.0	0.0
G3PIabcpp	no2_c	-0.0	-930.1689918293354	0.0	-0.0	Inf
G3PIabcpp	no3_c	0.0	0.0	0.0	Inf	Inf
G3PIabcpp	inost_c	1.0	0.0	0.0	Inf	Inf
G3PIabcpp	o2_c	-0.0	-16.491432308098297	983.5085676919017	-0.0	0.0
G3PIabcpp	poaac_c	-0.0	-4.987929155047471	0.0	-0.0	Inf
G3PIabcpp	ppal_c	-0.0	0.0	0.0	Inf	Inf
G3PIabcpp	k_c	-0.0	-0.12885886930176094	69.83100817066463	-0.0	0.0
G3PIabcpp	psclys_c	-0.0	0.0	0.0	Inf	Inf
G3PIabcpp	lald__D_c	-0.0	0.0	0.0	Inf	Inf
G3PIabcpp	lald__L_c	-0.0	-2.002148772212678	0.0	-0.0	Inf
G3PIabcpp	ura_c	-0.0	0.0	0.0	Inf	Inf
G3PIabcpp	pydx_c	-0.0	0.0	0.4543658415573063	Inf	0.0
G3PIabcpp	uracp_c	-0.0	-3.5651431356778858	0.0	-0.0	Inf
G3PIabcpp	pydxn_c	-0.0	0.0	0.4543658415573063	Inf	0.0
G3PIabcpp	urate_c	-0.0	-0.9003031167243102	0.0	-0.0	Inf
G3PIabcpp	q8_c	-0.0	0.0	0.0	Inf	Inf
G3PIabcpp	q8h2_c	0.0	0.0	0.0	Inf	Inf
G3PIabcpp	urea_c	-0.0	-1000.0	0.0	-0.0	Inf
G3PIabcpp	uri_c	-0.0	0.0	0.0	Inf	Inf
G3PIabcpp	rbflvrd_c	-0.0	0.0	0.20358894510397865	Inf	0.0
G3PIabcpp	rbl__L_c	-0.0	-0.7518619631965107	0.0	-0.0	Inf
G3PIabcpp	rdmbzi_c	0.0	0.0	0.0	Inf	Inf
G3PIabcpp	thptdn_c	0.0	0.0	0.0	Inf	Inf
G3PIabcpp	xan_c	-0.0	0.0	0.0	Inf	Inf
G3PIabcpp	rephaccoa_c	-0.0	-0.0003802529217813988	0.0	-0.0	Inf
G3PIabcpp	rib__D_c	-0.0	0.0	0.821541272596055	Inf	0.0
G3PIabcpp	xtsn_c	-0.0	0.0	0.0	Inf	Inf
G3PIabcpp	rml_c	-0.0	-0.6673829240708923	0.0	-0.0	Inf
G3PIabcpp	thym_c	-0.0	-69.83100817066463	0.0	-0.0	Inf
G3PIabcpp	thymd_c	-0.0	-0.017273781201993188	0.0	-0.0	Inf
G3PIabcpp	xu5p__L_c	-0.0	-0.6368120780571825	0.0	-0.0	Inf
G3PIabcpp	rmn_c	-0.0	-0.6673829240708923	0.0	-0.0	Inf
G3PIabcpp	xyl__D_c	0.0	0.0	0.0	Inf	Inf
G3PIabcpp	tmao_c	0.0	0.0	0.0	Inf	Inf
G3PIabcpp	xylu__D_c	-0.0	0.0	0.0	Inf	Inf
G3PIabcpp	xylu__L_c	-0.0	-0.7518619631965107	0.0	-0.0	Inf
G3PIabcpp	12ppd__R_e	-0.0	-1000.0	0.0	-0.0	Inf
G3PIabcpp	12ppd__S_e	-0.0	-1000.0	0.0	-0.0	Inf
G3PIabcpp	tre_c	-0.0	-0.33369146203544614	0.0	-0.0	Inf
G3PIabcpp	seln_c	0.0	0.0	0.0	Inf	Inf
G3PIabcpp	34dhpac_e	-0.0	-1000.0	0.0	-0.0	Inf
G3PIabcpp	slnt_c	0.0	0.0	0.0	Inf	Inf
G3PIabcpp	so2_c	0.0	0.0	0.0	Inf	Inf
G3PIabcpp	so3_c	-0.0	-0.16363550768437563	3.325286103364981	-0.0	0.0
G3PIabcpp	so4_c	-0.0	-0.16649928750758158	69.83100817066463	-0.0	0.0
G3PIabcpp	4hoxpacd_e	-0.0	-1000.0	0.0	-0.0	Inf
G3PIabcpp	5mtr_e	-0.0	0.0	0.0	Inf	Inf
G3PIabcpp	LalaDgluMdap_e	-0.0	-1000.0	0.0	-0.0	Inf
G3PIabcpp	ac_e	-0.0	0.0	0.0	Inf	Inf
G3PIabcpp	acald_e	-0.0	-1000.0	0.0	-0.0	Inf
G3PIabcpp	acgal_e	-0.0	-1000.0	0.0	-0.0	Inf
G3PIabcpp	acgam_e	-0.0	-1000.0	0.0	-0.0	Inf
G3PIabcpp	acmana_e	-0.0	-1000.0	0.0	-0.0	Inf
G3PIabcpp	tagur_c	-0.0	0.0	0.0	Inf	Inf
G3PIabcpp	tartr__L_c	-0.0	-0.9003031167243102	0.0	-0.0	Inf
G3PIabcpp	ade_e	-0.0	-1000.0	0.0	-0.0	Inf
G3PIabcpp	adn_e	-0.0	-1000.0	0.0	-0.0	Inf
G3PIabcpp	all__D_e	-0.0	-1000.0	0.0	-0.0	Inf
G3PIabcpp	cl_e	-0.0	-0.0034361396910753683	999.9965638603089	-0.0	0.0
G3PIabcpp	alltn_e	-0.0	0.0	0.0	Inf	Inf
G3PIabcpp	cm_e	-0.0	-1000.0	0.0	-0.0	Inf
G3PIabcpp	co2_e	-0.0	-982.098556846893	17.90144315310704	-0.0	0.0
G3PIabcpp	arab__L_e	-0.0	-1000.0	0.0	-0.0	Inf
G3PIabcpp	arbt_e	-0.0	-1000.0	0.0	-0.0	Inf
G3PIabcpp	unagamu_c	-0.0	0.0	0.04525664819874574	Inf	0.0
G3PIabcpp	crn_e	-0.0	-1000.0	0.0	-0.0	Inf
G3PIabcpp	csn_e	-0.0	-1000.0	0.0	-0.0	Inf
G3PIabcpp	cyan_e	-0.0	-1000.0	0.0	-0.0	Inf
G3PIabcpp	glyb_e	-0.0	-1000.0	0.0	-0.0	Inf
G3PIabcpp	glyc_e	-0.0	-1000.0	0.0	-0.0	Inf
G3PIabcpp	cytd_e	-0.0	-1000.0	0.0	-0.0	Inf
G3PIabcpp	ca2_e	-0.0	-0.0034361396910753683	999.9965638603089	-0.0	0.0
G3PIabcpp	dad_2_e	-0.0	-1000.0	0.0	-0.0	Inf
G3PIabcpp	dcyt_e	-0.0	-1000.0	0.0	-0.0	Inf
G3PIabcpp	chol_e	-0.0	-1000.0	0.0	-0.0	Inf
G3PIabcpp	dha_e	-0.0	-1000.0	0.0	-0.0	Inf
G3PIabcpp	ppal_e	-0.0	-1000.0	0.0	-0.0	Inf
G3PIabcpp	h2_e	-0.0	-1000.0	0.0	-0.0	Inf
G3PIabcpp	dms_e	-0.0	-1000.0	0.0	-0.0	Inf
G3PIabcpp	dmso_e	-0.0	-1000.0	0.0	-0.0	Inf
G3PIabcpp	h2o2_e	-0.0	-1000.0	0.0	-0.0	Inf
G3PIabcpp	psclys_e	-0.0	-1000.0	0.0	-0.0	Inf
G3PIabcpp	duri_e	-0.0	-1000.0	0.0	-0.0	Inf
G3PIabcpp	pydx_e	-0.0	-1000.0	0.0	-0.0	Inf
G3PIabcpp	pydxn_e	-0.0	-1000.0	0.0	-0.0	Inf
G3PIabcpp	etoh_e	-0.0	-1000.0	0.0	-0.0	Inf
G3PIabcpp	fald_e	-0.0	0.0	0.0	Inf	Inf
G3PIabcpp	rib__D_e	-0.0	-1000.0	0.0	-0.0	Inf
G3PIabcpp	rmn_e	-0.0	-1000.0	0.0	-0.0	Inf
G3PIabcpp	indole_e	-0.0	-1000.0	0.0	-0.0	Inf
G3PIabcpp	inost_e	-0.0	-1000.0	0.0	-0.0	Inf
G3PIabcpp	sbt__D_e	-0.0	-1.001074386106339	0.0	-0.0	Inf
G3PIabcpp	k_e	-0.0	-0.12885886930178003	999.8711411306982	-0.0	0.0
G3PIabcpp	for_e	-0.0	0.0	0.0016193757262119987	Inf	0.0
G3PIabcpp	slnt_e	-0.0	-1000.0	0.0	-0.0	Inf
G3PIabcpp	fru_e	-0.0	-1000.0	0.0	-0.0	Inf
G3PIabcpp	so2_e	-0.0	-1000.0	0.0	-0.0	Inf
G3PIabcpp	so3_e	-0.0	-1000.0	0.0	-0.0	Inf
G3PIabcpp	so4_e	-0.0	-0.16649928750758158	999.8335007124924	-0.0	0.0
G3PIabcpp	lipa_cold_e	-0.0	-1000.0	0.0	-0.0	Inf
G3PIabcpp	sucr_e	-0.0	-0.4004297544425356	0.36181869518479115	-0.0	0.0
G3PIabcpp	g3pe_e	-0.0	-1000.0	0.0	-0.0	Inf
G3PIabcpp	malt_e	-0.0	-1000.0	0.0	-0.0	Inf
G3PIabcpp	tartr__L_e	-0.0	-1000.0	0.0	-0.0	Inf
G3PIabcpp	g3pi_e	-0.0	-1000.0	0.0	-0.0	Inf
G3PIabcpp	malthx_e	-0.0	-1000.0	0.0	-0.0	Inf
G3PIabcpp	maltpt_e	-0.0	-1000.0	0.0	-0.0	Inf
G3PIabcpp	gal_e	-0.0	-1000.0	0.0	-0.0	Inf
G3PIabcpp	gal_bD_e	-0.0	-1000.0	0.0	-0.0	Inf
G3PIabcpp	malttr_e	-0.0	-1000.0	0.0	-0.0	Inf
G3PIabcpp	maltttr_e	-0.0	-1000.0	0.0	-0.0	Inf
G3PIabcpp	man_e	-0.0	-1000.0	0.0	-0.0	Inf
G3PIabcpp	thym_e	-0.0	-1000.0	0.0	-0.0	Inf
G3PIabcpp	thymd_e	-0.0	-1000.0	0.0	-0.0	Inf
G3PIabcpp	galt_e	-0.0	-0.6673829240708923	0.0	-0.0	Inf
G3PIabcpp	melib_e	-0.0	-1000.0	0.0	-0.0	Inf
G3PIabcpp	meoh_e	-0.0	-999.9999986796773	1.3203226671976154e-06	-0.0	0.0
G3PIabcpp	tmao_e	-0.0	-1000.0	0.0	-0.0	Inf
G3PIabcpp	tre_e	-0.0	-1000.0	0.0	-0.0	Inf
G3PIabcpp	metsox_S__L_e	-0.0	-1000.0	0.0	-0.0	Inf
G3PIabcpp	glc__D_e	-0.0	-1000.0	0.0	-0.0	Inf
G3PIabcpp	mg2_e	-0.0	-0.005726899485125614	999.9942731005149	-0.0	0.0
G3PIabcpp	mnl_e	-0.0	-1000.0	0.0	-0.0	Inf
G3PIabcpp	mobd_e	-0.0	-8.51608108405344e-05	999.9999148391892	-0.0	0.0
G3PIabcpp	glyald_e	-0.0	-1000.0	0.0	-0.0	Inf
G3PIabcpp	n2o_e	-0.0	-1000.0	0.0	-0.0	Inf
G3PIabcpp	na1_e	-0.0	-1000.0	0.0	-0.0	Inf
G3PIabcpp	nac_e	-0.0	-1000.0	0.0	-0.0	Inf
G3PIabcpp	ni2_e	-0.0	-0.00021323210762602685	999.9997867678924	-0.0	0.0
G3PIabcpp	no_e	-0.0	-1000.0	0.0	-0.0	Inf
G3PIabcpp	no2_e	-0.0	-1000.0	0.0	-0.0	Inf
G3PIabcpp	ura_e	-0.0	-1000.0	0.0	-0.0	Inf
G3PIabcpp	no3_e	-0.0	-1000.0	0.0	-0.0	Inf
G3PIabcpp	urea_e	-0.0	-1000.0	0.0	-0.0	Inf
G3PIabcpp	novbcn_e	-0.0	-1000.0	0.0	-0.0	Inf
G3PIabcpp	uri_e	-0.0	-1000.0	0.0	-0.0	Inf
G3PIabcpp	o2_e	-0.0	-16.491432308098297	983.5085676919017	-0.0	0.0
G3PIabcpp	xan_e	-0.0	0.0	0.0	Inf	Inf
G3PIabcpp	xtsn_e	-0.0	-1000.0	0.0	-0.0	Inf
G3PIabcpp	xyl__D_e	-0.0	-1000.0	0.0	-0.0	Inf
G3PIabcpp	xylu__L_e	-0.0	-1000.0	0.0	-0.0	Inf
G3PIabcpp	pacald_e	-0.0	-1000.0	0.0	-0.0	Inf
G3PIabcpp	12dgr120_p	-0.0	0.0	0.0	Inf	Inf
G3PIabcpp	12dgr140_p	-0.0	0.0	0.0	Inf	Inf
G3PIabcpp	12dgr160_p	-0.0	-0.04212753472523386	0.0	-0.0	Inf
G3PIabcpp	12dgr180_p	-0.0	0.0	0.0	Inf	Inf
G3PIabcpp	12ppd__R_p	-0.0	-1000.0	0.0	-0.0	Inf
G3PIabcpp	12ppd__S_p	-0.0	0.0	0.0	Inf	Inf
G3PIabcpp	chol_p	-0.0	-1000.0	0.0	-0.0	Inf
G3PIabcpp	cl_p	-0.0	-0.0034361396910753683	999.9965638603089	-0.0	0.0
G3PIabcpp	34dhpac_p	-0.0	-1000.0	0.0	-0.0	Inf
G3PIabcpp	cm_p	-0.0	0.0	0.0	Inf	Inf
G3PIabcpp	4hoxpacd_p	-0.0	-1000.0	0.0	-0.0	Inf
G3PIabcpp	co2_p	-0.0	-982.098556846893	17.90144315310704	-0.0	0.0
G3PIabcpp	5mtr_p	-0.0	0.0	0.0	Inf	Inf
G3PIabcpp	LalaDgluMdap_p	-0.0	-0.01834456286935153	0.0	-0.0	Inf
G3PIabcpp	gal_p	-0.0	-1000.0	0.0	-0.0	Inf
G3PIabcpp	ac_p	-0.0	-2.002148772212678	0.0	-0.0	Inf
G3PIabcpp	crn_p	-0.0	-1000.0	0.0	-0.0	Inf
G3PIabcpp	gal_bD_p	-0.0	-1000.0	0.0	-0.0	Inf
G3PIabcpp	acald_p	-0.0	-1000.0	0.0	-0.0	Inf
G3PIabcpp	acgal_p	-0.0	-1000.0	0.0	-0.0	Inf
G3PIabcpp	csn_p	-0.0	0.0	0.0	Inf	Inf
G3PIabcpp	acgam_p	-0.0	-1000.0	0.0	-0.0	Inf
G3PIabcpp	galt_p	-0.0	-0.6673829240708923	0.0	-0.0	Inf
G3PIabcpp	acmana_p	-0.0	-1000.0	0.0	-0.0	Inf
G3PIabcpp	cyan_p	-0.0	0.0	0.0	Inf	Inf
G3PIabcpp	ade_p	-0.0	-1000.0	0.0	-0.0	Inf
G3PIabcpp	adn_p	-0.0	0.0	0.0004442885710238579	Inf	0.0
G3PIabcpp	cytd_p	-0.0	0.0	0.0	Inf	Inf
G3PIabcpp	glc__D_p	-0.0	-1000.0	0.0	-0.0	Inf
G3PIabcpp	dad_2_p	-0.0	-1000.0	0.0	-0.0	Inf
G3PIabcpp	dcyt_p	-0.0	-1000.0	0.0	-0.0	Inf
G3PIabcpp	all__D_p	-0.0	0.0	0.0	Inf	Inf
G3PIabcpp	alltn_p	-0.0	0.0	0.0	Inf	Inf
G3PIabcpp	dha_p	-0.0	-1000.0	0.0	-0.0	Inf
G3PIabcpp	glyald_p	-0.0	-1000.0	0.0	-0.0	Inf
G3PIabcpp	glyb_p	0.0	0.0	0.0	Inf	Inf
G3PIabcpp	dms_p	-0.0	-1000.0	0.0	-0.0	Inf
G3PIabcpp	glyc_p	-0.0	-0.09178090854326343	0.0	-0.0	Inf
G3PIabcpp	dmso_p	-0.0	-1000.0	0.0	-0.0	Inf
G3PIabcpp	arab__L_p	-0.0	0.0	0.0	Inf	Inf
G3PIabcpp	arbt_p	0.0	0.0	0.0	Inf	Inf
G3PIabcpp	ca2_p	-0.0	-0.0034361396910753683	999.9965638603089	-0.0	0.0
G3PIabcpp	duri_p	-0.0	-1000.0	0.0	-0.0	Inf
G3PIabcpp	h2_p	-0.0	-1000.0	0.0	-0.0	Inf
G3PIabcpp	h2o2_p	-0.0	-1000.0	0.0	-0.0	Inf
G3PIabcpp	etoh_p	-0.0	-1000.0	0.0	-0.0	Inf
G3PIabcpp	fald_p	-0.0	0.0	0.0	Inf	Inf
G3PIabcpp	n2o_p	-0.0	-1000.0	0.0	-0.0	Inf
G3PIabcpp	na1_p	-0.0	-1000.0	0.0	-0.0	Inf
G3PIabcpp	indole_p	-0.0	0.0	0.3511168595121591	Inf	0.0
G3PIabcpp	nac_p	-0.0	-1000.0	0.0	-0.0	Inf
G3PIabcpp	ni2_p	-0.0	-0.00021323210762602685	999.9997867678924	-0.0	0.0
G3PIabcpp	inost_p	-0.0	-1000.0	0.0	-0.0	Inf
G3PIabcpp	no_p	-0.0	-1000.0	0.0	-0.0	Inf
G3PIabcpp	no2_p	-0.0	-1000.0	0.0	-0.0	Inf
G3PIabcpp	for_p	-0.0	-6.07086994130682	0.0016193757262119987	-0.0	0.0
G3PIabcpp	fru_p	-0.0	-1000.0	0.0	-0.0	Inf
G3PIabcpp	no3_p	-0.0	0.0	0.0	Inf	Inf
G3PIabcpp	k_p	-0.0	-0.12885886930178003	999.8711411306982	-0.0	0.0
G3PIabcpp	novbcn_p	-0.0	0.0	0.0	Inf	Inf
G3PIabcpp	o2_p	-0.0	-16.491432308098297	983.5085676919017	-0.0	0.0
G3PIabcpp	lipa_cold_p	-0.0	-17.457752042666158	0.0	-0.0	Inf
G3PIabcpp	g3pe_p	-0.0	0.0	0.0	Inf	Inf
G3PIabcpp	g3pi_p	-0.0	0.0	0.0	Inf	Inf
G3PIabcpp	so3_p	-0.0	-1000.0	0.0	-0.0	Inf
G3PIabcpp	so4_p	-0.0	-0.16649928750758158	999.8335007124924	-0.0	0.0
G3PIabcpp	malt_p	0.0	0.0	0.0	Inf	Inf
G3PIabcpp	malthx_p	0.0	0.0	0.0	Inf	Inf
G3PIabcpp	maltpt_p	0.0	0.0	0.0	Inf	Inf
G3PIabcpp	sucr_p	-0.0	-0.4004297544425356	0.36181869518479115	-0.0	0.0
G3PIabcpp	malttr_p	0.0	0.0	0.0	Inf	Inf
G3PIabcpp	maltttr_p	0.0	0.0	0.0	Inf	Inf
G3PIabcpp	pacald_p	-0.0	-1000.0	0.0	-0.0	Inf
G3PIabcpp	man_p	-0.0	-1000.0	0.0	-0.0	Inf
G3PIabcpp	tartr__L_p	-0.0	-1000.0	0.0	-0.0	Inf
G3PIabcpp	pe120_p	-0.0	0.0	0.0	Inf	Inf
G3PIabcpp	melib_p	-0.0	-1000.0	0.0	-0.0	Inf
G3PIabcpp	meoh_p	-0.0	-999.9999986796773	1.3203226671976154e-06	-0.0	0.0
G3PIabcpp	thym_p	-0.0	-1000.0	0.0	-0.0	Inf
G3PIabcpp	thymd_p	-0.0	-0.017273781201993188	0.0	-0.0	Inf
G3PIabcpp	pg120_p	-0.0	-0.045890454271631714	0.0	-0.0	Inf
G3PIabcpp	metsox_S__L_p	-0.0	-1000.0	0.0	-0.0	Inf
G3PIabcpp	tmao_p	-0.0	-1000.0	0.0	-0.0	Inf
G3PIabcpp	mg2_p	-0.0	-0.00572689948508797	999.9942731005149	-0.0	0.0
G3PIabcpp	tre_p	-0.0	0.0	0.0	Inf	Inf
G3PIabcpp	mnl_p	-0.0	0.0	0.0	Inf	Inf
G3PIabcpp	mobd_p	-0.0	-8.51608108405344e-05	999.9999148391892	-0.0	0.0
G3PIabcpp	ura_p	-0.0	-1000.0	0.0	-0.0	Inf
G3PIabcpp	urea_p	-0.0	-1000.0	0.0	-0.0	Inf
G3PIabcpp	uri_p	-0.0	0.0	0.0	Inf	Inf
G3PIabcpp	xan_p	-0.0	0.0	0.0	Inf	Inf
G3PIabcpp	xtsn_p	-0.0	0.0	0.0	Inf	Inf
G3PIabcpp	xyl__D_p	-0.0	-1000.0	0.0	-0.0	Inf
G3PIabcpp	xylu__L_p	-0.0	0.0	0.0	Inf	Inf
G3PIabcpp	ppal_p	-0.0	0.0	0.0	Inf	Inf
G3PIabcpp	psclys_p	-0.0	-1000.0	0.0	-0.0	Inf
G3PIabcpp	pydx_p	-0.0	0.0	0.0	Inf	Inf
G3PIabcpp	pydxn_p	-0.0	0.0	0.0	Inf	Inf
G3PIabcpp	rib__D_p	-0.0	-1000.0	0.0	-0.0	Inf
G3PIabcpp	rmn_p	-0.0	-1000.0	0.0	-0.0	Inf
G3PIabcpp	sbt__D_p	-0.0	-1.001074386106339	0.0	-0.0	Inf
G3PIabcpp	slnt_p	-0.0	-1000.0	0.0	-0.0	Inf
G3PIabcpp	so2_p	-0.0	-1000.0	0.0	-0.0	Inf
