Reaction	Metabolite	ShadowPrice	G-	G+	DecrementalShadowPrice	IncrementalShadowPrice
GLCDpp	12dgr120_c	-0.0	0.0	0.0	Inf	Inf
GLCDpp	12dgr140_c	-0.0	0.0	0.0	Inf	Inf
GLCDpp	12dgr160_c	-0.0	-0.056420167371623586	0.0	-0.0	Inf
GLCDpp	12dgr180_c	-0.0	0.0	0.0	Inf	Inf
GLCDpp	12ppd__R_c	-0.0	-1000.0	0.0	-0.0	Inf
GLCDpp	12ppd__S_c	-0.0	0.0	0.0	Inf	Inf
GLCDpp	5drib_c	-0.0	-999.9998010697079	0.00019893029207721357	-0.0	0.0
GLCDpp	5mta_c	-0.0	0.0	0.0	Inf	Inf
GLCDpp	23dhacoa_c	-0.0	-0.0005092615472079565	0.0	-0.0	Inf
GLCDpp	5mtr_c	-0.0	0.0	0.0	Inf	Inf
GLCDpp	3amac_c	-0.0	-7.049351331269283	0.0	-0.0	Inf
GLCDpp	LalaDgluMdap_c	-0.0	-0.0245683331388516	0.0	-0.0	Inf
GLCDpp	ac_c	-0.0	-2.411171625086354	1.4922823649824208	-0.0	0.0
GLCDpp	acald_c	-0.0	0.0	1.1369921502047233	Inf	0.0
GLCDpp	acetol_c	-0.0	0.0	0.0	Inf	Inf
GLCDpp	acgam_c	-0.0	-0.0835401130568672	0.0	-0.0	Inf
GLCDpp	acgam6p_c	-0.0	-0.0835401130568672	0.0	-0.0	Inf
GLCDpp	acmalt_c	0.0	0.0	0.0	Inf	Inf
GLCDpp	acmana_c	-0.0	-0.0835401130568672	0.0	-0.0	Inf
GLCDpp	2dmmq8_c	-0.0	0.0	0.0	Inf	Inf
GLCDpp	2dmmql8_c	0.0	0.0	0.0	Inf	Inf
GLCDpp	ade_c	-0.0	-0.0965554589643034	0.0005950226069772751	-0.0	0.0
GLCDpp	adn_c	-0.0	0.0	0.0005950226069772751	Inf	0.0
GLCDpp	3sala_c	0.0	0.0	0.0	Inf	Inf
GLCDpp	adphep_DD_c	-0.0	0.0	0.0	Inf	Inf
GLCDpp	adphep_LD_c	-0.0	0.0	0.0	Inf	Inf
GLCDpp	4ahmmp_c	0.0	0.0	0.0	Inf	Inf
GLCDpp	4crsol_c	-0.0	-999.9998028379772	0.000197162022814305	-0.0	0.0
GLCDpp	2ohph_c	-0.0	-0.000197162022814305	0.03806345211268511	-0.0	0.0
GLCDpp	2ombzl_c	-0.0	0.0	0.0	Inf	Inf
GLCDpp	2omhmbl_c	-0.0	0.0	0.0	Inf	Inf
GLCDpp	2ommbl_c	0.0	0.0	0.0	Inf	Inf
GLCDpp	2omph_c	-0.0	0.0	0.034120771206530884	Inf	0.0
GLCDpp	4mhetz_c	0.0	0.0	0.0	Inf	Inf
GLCDpp	2oph_c	-0.0	-0.000197162022814305	0.03806345211268511	-0.0	0.0
GLCDpp	2oxpaccoa_c	-0.0	-0.0005092615472079565	0.0	-0.0	Inf
GLCDpp	all__D_c	-0.0	-2.4111716250863546	0.0	-0.0	Inf
GLCDpp	alltn_c	-0.0	-2.0309085282545705	0.0	-0.0	Inf
GLCDpp	4r5au_c	-0.0	-0.00039432404446415603	0.22887504322302865	-0.0	0.0
GLCDpp	56dura_c	0.0	0.0	0.0	Inf	Inf
GLCDpp	arab__L_c	-0.0	-2.4111716250863537	0.0	-0.0	Inf
GLCDpp	etoh_c	-0.0	-1000.0	0.0	-0.0	Inf
GLCDpp	csn_c	-0.0	0.0	0.15994437550272722	Inf	0.0
GLCDpp	fald_c	-0.0	0.0	0.0	Inf	Inf
GLCDpp	fc1p_c	-0.0	-0.8528636736651833	0.0	-0.0	Inf
GLCDpp	fcl__L_c	-0.0	0.0	0.0	Inf	Inf
GLCDpp	aso4_c	0.0	0.0	0.0	Inf	Inf
GLCDpp	cyan_c	0.0	0.0	0.0	Inf	Inf
GLCDpp	athtp_c	0.0	0.0	0.0	Inf	Inf
GLCDpp	cytd_c	-0.0	0.0	0.0	Inf	Inf
GLCDpp	dad_2_c	-0.0	0.0	0.0	Inf	Inf
GLCDpp	dad_5_c	-0.0	-0.0965554589643034	0.00019893029207721357	-0.0	0.0
GLCDpp	betald_c	0.0	0.0	0.0	Inf	Inf
GLCDpp	btal_c	-0.0	-533.5429936954903	0.0	-0.0	Inf
GLCDpp	for_c	-0.0	-0.0965554589643034	3.701349178334226	-0.0	0.0
GLCDpp	dcyt_c	-0.0	0.0	0.0	Inf	Inf
GLCDpp	fru_c	-0.0	0.0	0.0	Inf	Inf
GLCDpp	ca2_c	-0.0	-0.0046019207567269405	999.9953980792433	-0.0	0.0
GLCDpp	g3pe_c	-0.0	0.0	0.0	Inf	Inf
GLCDpp	g3pi_c	0.0	0.0	0.0	Inf	Inf
GLCDpp	cbm_c	-0.0	-4.061817056509141	0.0	-0.0	Inf
GLCDpp	dha_c	-0.0	-88.92383228258171	0.0	-0.0	Inf
GLCDpp	gal_c	-0.0	0.0	0.0	Inf	Inf
GLCDpp	dhgly_c	-0.0	-0.000197162022814305	0.15192567524287248	-0.0	0.0
GLCDpp	dhmptp_c	0.0	0.0	0.0	Inf	Inf
GLCDpp	gcald_c	-0.0	-2.6164708946718065	0.0005914860682878498	-0.0	0.0
GLCDpp	dhptd_c	-0.0	-47.05748733302392	0.00039609231490006155	-0.0	0.0
GLCDpp	cechddd_c	-0.0	0.0	0.0	Inf	Inf
GLCDpp	dhptdn_c	0.0	0.0	0.0	Inf	Inf
GLCDpp	chol_c	0.0	0.0	0.0	Inf	Inf
GLCDpp	chtbs6p_c	-0.0	0.0	0.0	Inf	Inf
GLCDpp	dmbzid_c	0.0	0.0	0.0	Inf	Inf
GLCDpp	dms_c	0.0	0.0	0.0	Inf	Inf
GLCDpp	dmso_c	0.0	0.0	0.0	Inf	Inf
GLCDpp	cl_c	-0.0	-0.004601920756719541	999.9953980792433	-0.0	0.0
GLCDpp	glc__D_c	-0.0	-2.4111716250863546	0.0	-0.0	Inf
GLCDpp	co2_c	-0.0	-976.2922996278446	23.707700372155387	-0.0	0.0
GLCDpp	dscl_c	-0.0	-0.000197162022814305	0.04490032695075977	-0.0	0.0
GLCDpp	dtdp4aaddg_c	-0.0	0.0	0.0	Inf	Inf
GLCDpp	glyald_c	-0.0	-1000.0	0.0	-0.0	Inf
GLCDpp	crn_c	-0.0	-1000.0	0.0	-0.0	Inf
GLCDpp	duri_c	-0.0	0.0	0.0	Inf	Inf
GLCDpp	glyb_c	0.0	0.0	0.0	Inf	Inf
GLCDpp	glyc_c	-0.0	-0.12291946954182599	0.0	-0.0	Inf
GLCDpp	dxyl_c	0.0	0.0	0.0	Inf	Inf
GLCDpp	glycogen_c	-0.0	-2.4111716250863546	0.0	-0.0	Inf
GLCDpp	gmhep1p_c	-0.0	0.0	0.32940894071351784	Inf	0.0
GLCDpp	lipa_cold_c	-0.0	0.0	0.0	Inf	Inf
GLCDpp	lipidA_c	-0.0	-0.017201723389574514	0.028985819618705937	-0.0	0.0
GLCDpp	malt_c	0.0	0.0	0.0	Inf	Inf
GLCDpp	h2_c	-0.0	0.0	0.0	Inf	Inf
GLCDpp	malthx_c	-0.0	0.0	0.0	Inf	Inf
GLCDpp	maltpt_c	-0.0	0.0	0.0	Inf	Inf
GLCDpp	malttr_c	-0.0	0.0	0.0	Inf	Inf
GLCDpp	maltttr_c	-0.0	0.0	0.0	Inf	Inf
GLCDpp	h2o2_c	-0.0	-0.001240440887181133	0.9213655407761507	-0.0	0.0
GLCDpp	man_c	-0.0	0.0	0.0	Inf	Inf
GLCDpp	mdhdhf_c	-0.0	-47.05748733302392	0.00039609231490006155	-0.0	0.0
GLCDpp	melib_c	-0.0	0.0	0.0	Inf	Inf
GLCDpp	meoh_c	-0.0	-999.9999982317307	1.7682692714515724e-06	-0.0	0.0
GLCDpp	pacald_c	-0.0	-1000.0	0.0	-0.0	Inf
GLCDpp	metsox_S__L_c	-0.0	-0.0965554589643034	0.0	-0.0	Inf
GLCDpp	mg2_c	-0.0	-0.007669867927865901	999.9923301320721	-0.0	0.0
GLCDpp	hhlipa_c	-0.0	0.0	0.0	Inf	Inf
GLCDpp	pe120_c	-0.0	0.0	0.0	Inf	Inf
GLCDpp	mobd_c	-0.0	-0.00011405336745760245	8.811689164086603	-0.0	0.0
GLCDpp	hlipa_c	-0.0	0.0	0.0	Inf	Inf
GLCDpp	pg120_c	-0.0	0.0	0.0	Inf	Inf
GLCDpp	mql8_c	0.0	0.0	0.0	Inf	Inf
GLCDpp	mqn8_c	-0.0	0.0	0.0	Inf	Inf
GLCDpp	mthgxl_c	-0.0	-2.411171625086354	0.0	-0.0	Inf
GLCDpp	hqn_c	0.0	0.0	0.0	Inf	Inf
GLCDpp	mththf_c	-0.0	-999.9996039076851	0.00039609231490006155	-0.0	0.0
GLCDpp	n2o_c	-0.0	-1000.0	0.0	-0.0	Inf
GLCDpp	na1_c	-0.0	0.0	0.0	Inf	Inf
GLCDpp	nac_c	-0.0	0.0	0.0	Inf	Inf
GLCDpp	ncam_c	-0.0	0.0	0.0	Inf	Inf
GLCDpp	ni2_c	-0.0	-0.0002855754859183435	999.9997144245141	-0.0	0.0
GLCDpp	no_c	-0.0	-1000.0	0.0	-0.0	Inf
GLCDpp	indole_c	-0.0	-0.05025686485575578	0.23977385480507782	-0.0	0.0
GLCDpp	no2_c	-0.0	-1000.0	0.0	-0.0	Inf
GLCDpp	no3_c	0.0	0.0	0.0	Inf	Inf
GLCDpp	inost_c	0.0	0.0	0.0	Inf	Inf
GLCDpp	o2_c	-0.0	-21.821040177277723	978.1789598227223	-0.0	0.0
GLCDpp	poaac_c	-0.0	-2.7112889735651087	0.0	-0.0	Inf
GLCDpp	ppal_c	-0.0	0.0	0.0	Inf	Inf
GLCDpp	k_c	-0.0	-0.17257689111745578	35.24675665634641	-0.0	0.0
GLCDpp	psclys_c	-0.0	0.0	0.0	Inf	Inf
GLCDpp	lald__D_c	-0.0	0.0	0.0	Inf	Inf
GLCDpp	lald__L_c	-0.0	-2.411171625086354	0.0	-0.0	Inf
GLCDpp	ura_c	-0.0	-0.2924673154119516	0.0	-0.0	Inf
GLCDpp	pydx_c	-0.0	0.0	0.001240440887181133	Inf	0.0
GLCDpp	uracp_c	-0.0	-2.937229721362201	0.0	-0.0	Inf
GLCDpp	pydxn_c	-0.0	0.0	0.2842480375511807	Inf	0.0
GLCDpp	urate_c	-0.0	-0.001240440887181133	0.0	-0.0	Inf
GLCDpp	q8_c	-0.0	0.0	0.0	Inf	Inf
GLCDpp	q8h2_c	0.0	0.0	0.0	Inf	Inf
GLCDpp	urea_c	-0.0	-1000.0	0.0	-0.0	Inf
GLCDpp	uri_c	-0.0	0.0	0.0	Inf	Inf
GLCDpp	rbflvrd_c	-0.0	0.0	0.0482777294821517	Inf	0.0
GLCDpp	rbl__L_c	-0.0	-2.4111716250863537	0.0	-0.0	Inf
GLCDpp	rdmbzi_c	0.0	0.0	0.0	Inf	Inf
GLCDpp	thptdn_c	0.0	0.0	0.0	Inf	Inf
GLCDpp	xan_c	-0.0	-0.0965554589643034	0.0	-0.0	Inf
GLCDpp	rephaccoa_c	-0.0	-0.0005092615472079565	0.0	-0.0	Inf
GLCDpp	rib__D_c	-0.0	0.0	0.4763075223830596	Inf	0.0
GLCDpp	xtsn_c	-0.0	0.0	0.0	Inf	Inf
GLCDpp	rml_c	-0.0	-1.2680525766596515	0.0	-0.0	Inf
GLCDpp	thym_c	-0.0	-35.24675665634641	0.0	-0.0	Inf
GLCDpp	thymd_c	-0.0	-0.023134266766632758	0.0	-0.0	Inf
GLCDpp	xu5p__L_c	-0.0	-0.8528636736651833	0.0	-0.0	Inf
GLCDpp	rmn_c	-0.0	-1.2680525766596515	0.0	-0.0	Inf
GLCDpp	xyl__D_c	0.0	0.0	0.0	Inf	Inf
GLCDpp	tmao_c	0.0	0.0	0.0	Inf	Inf
GLCDpp	xylu__D_c	-0.0	0.0	0.0	Inf	Inf
GLCDpp	xylu__L_c	-0.0	-2.4111716250863537	0.0	-0.0	Inf
GLCDpp	12ppd__R_e	-0.0	-1000.0	0.0	-0.0	Inf
GLCDpp	12ppd__S_e	-0.0	-1000.0	0.0	-0.0	Inf
GLCDpp	tre_c	-0.0	-1.2055858125431773	0.0	-0.0	Inf
GLCDpp	seln_c	0.0	0.0	0.0	Inf	Inf
GLCDpp	34dhpac_e	-0.0	-1000.0	0.0	-0.0	Inf
GLCDpp	slnt_c	0.0	0.0	0.0	Inf	Inf
GLCDpp	so2_c	0.0	0.0	0.0	Inf	Inf
GLCDpp	so3_c	-0.0	-0.21915221936728813	1.7623378328173207	-0.0	0.0
GLCDpp	so4_c	-0.0	-0.22298759539853563	35.24675665634641	-0.0	0.0
GLCDpp	4hoxpacd_e	-0.0	-1000.0	0.0	-0.0	Inf
GLCDpp	5mtr_e	-0.0	0.0	0.0	Inf	Inf
GLCDpp	LalaDgluMdap_e	-0.0	-1000.0	0.0	-0.0	Inf
GLCDpp	ac_e	-0.0	0.0	0.0	Inf	Inf
GLCDpp	acald_e	-0.0	-1000.0	0.0	-0.0	Inf
GLCDpp	acgal_e	-0.0	-1000.0	0.0	-0.0	Inf
GLCDpp	acgam_e	-0.0	-1000.0	0.0	-0.0	Inf
GLCDpp	acmana_e	-0.0	-1000.0	0.0	-0.0	Inf
GLCDpp	tagur_c	-0.0	0.0	0.0	Inf	Inf
GLCDpp	tartr__L_c	-0.0	-2.411171625086354	0.0	-0.0	Inf
GLCDpp	ade_e	-0.0	-1000.0	0.0	-0.0	Inf
GLCDpp	adn_e	-0.0	-1000.0	0.0	-0.0	Inf
GLCDpp	all__D_e	-0.0	-1000.0	0.0	-0.0	Inf
GLCDpp	cl_e	-0.0	-0.0046019207567269405	999.9953980792433	-0.0	0.0
GLCDpp	alltn_e	-0.0	0.0	0.0	Inf	Inf
GLCDpp	cm_e	-0.0	-1000.0	0.0	-0.0	Inf
GLCDpp	co2_e	-0.0	-976.2922996278446	23.707700372155387	-0.0	0.0
GLCDpp	arab__L_e	-0.0	-1000.0	0.0	-0.0	Inf
GLCDpp	arbt_e	-0.0	-1000.0	0.0	-0.0	Inf
GLCDpp	unagamu_c	-0.0	0.0	0.026089383165319332	Inf	0.0
GLCDpp	crn_e	-0.0	-1000.0	0.0	-0.0	Inf
GLCDpp	csn_e	-0.0	-1000.0	0.0	-0.0	Inf
GLCDpp	cyan_e	-0.0	-1000.0	0.0	-0.0	Inf
GLCDpp	glyb_e	-0.0	-1000.0	0.0	-0.0	Inf
GLCDpp	glyc_e	-0.0	-1000.0	0.0	-0.0	Inf
GLCDpp	cytd_e	-0.0	-1000.0	0.0	-0.0	Inf
GLCDpp	ca2_e	-0.0	-0.0046019207567269405	999.9953980792433	-0.0	0.0
GLCDpp	dad_2_e	-0.0	-1000.0	0.0	-0.0	Inf
GLCDpp	dcyt_e	-0.0	-1000.0	0.0	-0.0	Inf
GLCDpp	chol_e	-0.0	-1000.0	0.0	-0.0	Inf
GLCDpp	dha_e	-0.0	-1000.0	0.0	-0.0	Inf
GLCDpp	ppal_e	-0.0	-1000.0	0.0	-0.0	Inf
GLCDpp	h2_e	-0.0	-1000.0	0.0	-0.0	Inf
GLCDpp	dms_e	-0.0	-1000.0	0.0	-0.0	Inf
GLCDpp	dmso_e	-0.0	-1000.0	0.0	-0.0	Inf
GLCDpp	h2o2_e	-0.0	-1000.0	0.0	-0.0	Inf
GLCDpp	psclys_e	-0.0	-1000.0	0.0	-0.0	Inf
GLCDpp	duri_e	-0.0	-1000.0	0.0	-0.0	Inf
GLCDpp	pydx_e	-0.0	-1000.0	0.0	-0.0	Inf
GLCDpp	pydxn_e	-0.0	-1000.0	0.0	-0.0	Inf
GLCDpp	etoh_e	-0.0	-1000.0	0.0	-0.0	Inf
GLCDpp	fald_e	-0.0	0.0	0.0	Inf	Inf
GLCDpp	rib__D_e	-0.0	-1000.0	0.0	-0.0	Inf
GLCDpp	rmn_e	-0.0	-1000.0	0.0	-0.0	Inf
GLCDpp	indole_e	-0.0	-1000.0	0.0	-0.0	Inf
GLCDpp	inost_e	-0.0	-1000.0	0.0	-0.0	Inf
GLCDpp	sbt__D_e	-0.0	-2.4111716250863546	0.0	-0.0	Inf
GLCDpp	k_e	-0.0	-0.17257689111750096	999.8274231088825	-0.0	0.0
GLCDpp	for_e	-0.0	0.0	3.701349178334226	Inf	0.0
GLCDpp	slnt_e	-0.0	0.0	1000.0	Inf	0.0
GLCDpp	fru_e	-0.0	-1000.0	0.0	-0.0	Inf
GLCDpp	so2_e	-0.0	-1000.0	0.0	-0.0	Inf
GLCDpp	so3_e	-0.0	-1000.0	0.0	-0.0	Inf
GLCDpp	so4_e	-0.0	-0.22298759539853563	999.7770124046015	-0.0	0.0
GLCDpp	lipa_cold_e	-0.0	-1000.0	0.0	-0.0	Inf
GLCDpp	sucr_e	-0.0	-1000.0	0.0	-0.0	Inf
GLCDpp	g3pe_e	-0.0	-1000.0	0.0	-0.0	Inf
GLCDpp	malt_e	-0.0	-1000.0	0.0	-0.0	Inf
GLCDpp	tartr__L_e	-0.0	-1000.0	0.0	-0.0	Inf
GLCDpp	g3pi_e	-0.0	-1000.0	0.0	-0.0	Inf
GLCDpp	malthx_e	-0.0	-1000.0	0.0	-0.0	Inf
GLCDpp	maltpt_e	-0.0	-1000.0	0.0	-0.0	Inf
GLCDpp	gal_e	-0.0	-1000.0	0.0	-0.0	Inf
GLCDpp	gal_bD_e	-0.0	-1000.0	0.0	-0.0	Inf
GLCDpp	malttr_e	-0.0	-1000.0	0.0	-0.0	Inf
GLCDpp	maltttr_e	-0.0	-1000.0	0.0	-0.0	Inf
GLCDpp	man_e	-0.0	-1000.0	0.0	-0.0	Inf
GLCDpp	thym_e	-0.0	-1000.0	0.0	-0.0	Inf
GLCDpp	thymd_e	-0.0	-1000.0	0.0	-0.0	Inf
GLCDpp	galt_e	-0.0	-1.2680525766596515	0.0	-0.0	Inf
GLCDpp	melib_e	-0.0	-1000.0	0.0	-0.0	Inf
GLCDpp	meoh_e	-0.0	-999.9999982317307	1.7682692714515724e-06	-0.0	0.0
GLCDpp	tmao_e	-0.0	-1000.0	0.0	-0.0	Inf
GLCDpp	tre_e	-2.0	-1.2055858125431769	0.0	-1.9999999999999971	Inf
GLCDpp	metsox_S__L_e	-0.0	-1000.0	0.0	-0.0	Inf
GLCDpp	glc__D_e	-1.0	-2.4111716250863537	0.4351451439055113	-1.0000000000000944	-1.0000000000000093
GLCDpp	mg2_e	-0.0	-0.00766986792791613	999.9923301320721	-0.0	0.0
GLCDpp	mnl_e	-0.0	-1000.0	0.0	-0.0	Inf
GLCDpp	mobd_e	-0.0	-0.00011405336749703565	999.9998859466325	-0.0	0.0
GLCDpp	glyald_e	-0.0	-1000.0	0.0	-0.0	Inf
GLCDpp	n2o_e	-0.0	-1000.0	0.0	-0.0	Inf
GLCDpp	na1_e	-0.0	0.0	1000.0	Inf	0.0
GLCDpp	nac_e	-0.0	-1000.0	0.0	-0.0	Inf
GLCDpp	ni2_e	-0.0	-0.0002855754859183435	999.9997144245141	-0.0	0.0
GLCDpp	no_e	-0.0	-1000.0	0.0	-0.0	Inf
GLCDpp	no2_e	-0.0	-1000.0	0.0	-0.0	Inf
GLCDpp	ura_e	-0.0	-1000.0	0.0	-0.0	Inf
GLCDpp	no3_e	-0.0	-1000.0	0.0	-0.0	Inf
GLCDpp	urea_e	-0.0	-1000.0	0.0	-0.0	Inf
GLCDpp	novbcn_e	-0.0	-1000.0	0.0	-0.0	Inf
GLCDpp	uri_e	-0.0	-1000.0	0.0	-0.0	Inf
GLCDpp	o2_e	-0.0	-21.821040177277723	978.1789598227223	-0.0	0.0
GLCDpp	xan_e	-0.0	0.0	0.0	Inf	Inf
GLCDpp	xtsn_e	-0.0	-1000.0	0.0	-0.0	Inf
GLCDpp	xyl__D_e	-0.0	-1000.0	0.0	-0.0	Inf
GLCDpp	xylu__L_e	-0.0	-1000.0	0.0	-0.0	Inf
GLCDpp	pacald_e	-0.0	-1000.0	0.0	-0.0	Inf
GLCDpp	12dgr120_p	-0.0	0.0	0.0	Inf	Inf
GLCDpp	12dgr140_p	-0.0	0.0	0.0	Inf	Inf
GLCDpp	12dgr160_p	-0.0	-0.056420167371623586	0.0	-0.0	Inf
GLCDpp	12dgr180_p	-0.0	0.0	0.0	Inf	Inf
GLCDpp	12ppd__R_p	-0.0	-1000.0	0.0	-0.0	Inf
GLCDpp	12ppd__S_p	-0.0	0.0	0.0	Inf	Inf
GLCDpp	chol_p	-0.0	-1000.0	0.0	-0.0	Inf
GLCDpp	cl_p	-0.0	-0.0046019207567269405	999.9953980792433	-0.0	0.0
GLCDpp	34dhpac_p	-0.0	-1000.0	0.0	-0.0	Inf
GLCDpp	cm_p	-0.0	0.0	0.0	Inf	Inf
GLCDpp	4hoxpacd_p	-0.0	-1000.0	0.0	-0.0	Inf
GLCDpp	co2_p	-0.0	-976.2922996278446	23.707700372155387	-0.0	0.0
GLCDpp	5mtr_p	-0.0	0.0	0.0	Inf	Inf
GLCDpp	LalaDgluMdap_p	-0.0	-0.0245683331388516	0.0	-0.0	Inf
GLCDpp	gal_p	-0.0	-1000.0	0.0	-0.0	Inf
GLCDpp	ac_p	-0.0	-2.411171625086354	0.0	-0.0	Inf
GLCDpp	crn_p	-0.0	-1000.0	0.0	-0.0	Inf
GLCDpp	gal_bD_p	-0.0	-1000.0	0.0	-0.0	Inf
GLCDpp	acald_p	-0.0	-1000.0	0.0	-0.0	Inf
GLCDpp	acgal_p	-0.0	-1000.0	0.0	-0.0	Inf
GLCDpp	csn_p	-0.0	0.0	0.0	Inf	Inf
GLCDpp	acgam_p	-0.0	-1000.0	0.0	-0.0	Inf
GLCDpp	galt_p	-0.0	-1.2680525766596515	0.0	-0.0	Inf
GLCDpp	acmana_p	-0.0	-1000.0	0.0	-0.0	Inf
GLCDpp	cyan_p	-0.0	0.0	0.0	Inf	Inf
GLCDpp	ade_p	-0.0	-1000.0	0.0	-0.0	Inf
GLCDpp	adn_p	-0.0	0.0	0.0005950226069772751	Inf	0.0
GLCDpp	cytd_p	-0.0	0.0	0.0	Inf	Inf
GLCDpp	glc__D_p	-1.0	-2.4111716250863537	0.4351451439055113	-1.0000000000000944	-1.0000000000000093
GLCDpp	dad_2_p	-0.0	-1000.0	0.0	-0.0	Inf
GLCDpp	dcyt_p	-0.0	-1000.0	0.0	-0.0	Inf
GLCDpp	all__D_p	-0.0	0.0	0.0	Inf	Inf
GLCDpp	alltn_p	-0.0	0.0	0.0	Inf	Inf
GLCDpp	dha_p	-0.0	-1000.0	0.0	-0.0	Inf
GLCDpp	glyald_p	-0.0	-1000.0	0.0	-0.0	Inf
GLCDpp	glyb_p	0.0	0.0	0.0	Inf	Inf
GLCDpp	dms_p	-0.0	-1000.0	0.0	-0.0	Inf
GLCDpp	glyc_p	-0.0	-0.12291946954182599	0.0	-0.0	Inf
GLCDpp	dmso_p	-0.0	-1000.0	0.0	-0.0	Inf
GLCDpp	arab__L_p	-0.0	0.0	0.0	Inf	Inf
GLCDpp	arbt_p	0.0	0.0	0.0	Inf	Inf
GLCDpp	ca2_p	-0.0	-0.0046019207567269405	999.9953980792433	-0.0	0.0
GLCDpp	duri_p	-0.0	-1000.0	0.0	-0.0	Inf
GLCDpp	h2_p	-0.0	-1000.0	0.0	-0.0	Inf
GLCDpp	h2o2_p	-0.0	-1000.0	0.0	-0.0	Inf
GLCDpp	etoh_p	-0.0	-1000.0	0.0	-0.0	Inf
GLCDpp	fald_p	-0.0	0.0	0.0	Inf	Inf
GLCDpp	n2o_p	-0.0	-1000.0	0.0	-0.0	Inf
GLCDpp	na1_p	-0.0	0.0	0.0	Inf	Inf
GLCDpp	indole_p	-0.0	0.0	0.24141614148182494	Inf	0.0
GLCDpp	nac_p	-0.0	-1000.0	0.0	-0.0	Inf
GLCDpp	ni2_p	-0.0	-0.0002855754859183435	999.9997144245141	-0.0	0.0
GLCDpp	inost_p	-0.0	-1000.0	0.0	-0.0	Inf
GLCDpp	no_p	-0.0	-1000.0	0.0	-0.0	Inf
GLCDpp	no2_p	-0.0	-1000.0	0.0	-0.0	Inf
GLCDpp	for_p	-0.0	0.0	3.701349178334226	Inf	0.0
GLCDpp	fru_p	-0.0	-1000.0	0.0	-0.0	Inf
GLCDpp	no3_p	-0.0	0.0	0.0	Inf	Inf
GLCDpp	k_p	-0.0	-0.17257689111750096	999.8274231088825	-0.0	0.0
GLCDpp	novbcn_p	-0.0	0.0	0.0	Inf	Inf
GLCDpp	o2_p	-0.0	-21.821040177277723	978.1789598227223	-0.0	0.0
GLCDpp	lipa_cold_p	-0.0	-8.811689164086603	0.0	-0.0	Inf
GLCDpp	g3pe_p	-0.0	0.0	0.0	Inf	Inf
GLCDpp	g3pi_p	-0.0	0.0	0.0	Inf	Inf
GLCDpp	so3_p	-0.0	-1000.0	0.0	-0.0	Inf
GLCDpp	so4_p	-0.0	-0.22298759539853563	999.7770124046015	-0.0	0.0
GLCDpp	malt_p	0.0	0.0	0.0	Inf	Inf
GLCDpp	malthx_p	0.0	0.0	0.0	Inf	Inf
GLCDpp	maltpt_p	0.0	0.0	0.0	Inf	Inf
GLCDpp	sucr_p	-0.0	-1000.0	0.0	-0.0	Inf
GLCDpp	malttr_p	0.0	0.0	0.0	Inf	Inf
GLCDpp	maltttr_p	0.0	0.0	0.0	Inf	Inf
GLCDpp	pacald_p	-0.0	-1000.0	0.0	-0.0	Inf
GLCDpp	man_p	-0.0	-1000.0	0.0	-0.0	Inf
GLCDpp	tartr__L_p	-0.0	-1000.0	0.0	-0.0	Inf
GLCDpp	pe120_p	-0.0	0.0	0.0	Inf	Inf
GLCDpp	melib_p	-0.0	-1000.0	0.0	-0.0	Inf
GLCDpp	meoh_p	-0.0	-999.9999982317307	1.7682692714515724e-06	-0.0	0.0
GLCDpp	thym_p	-0.0	-1000.0	0.0	-0.0	Inf
GLCDpp	thymd_p	-0.0	-0.023134266766632758	0.0	-0.0	Inf
GLCDpp	pg120_p	-0.0	0.0	0.0	Inf	Inf
GLCDpp	metsox_S__L_p	-0.0	-1000.0	0.0	-0.0	Inf
GLCDpp	tmao_p	-0.0	-1000.0	0.0	-0.0	Inf
GLCDpp	mg2_p	-0.0	-0.007669867927865901	999.9923301320721	-0.0	0.0
GLCDpp	tre_p	-2.0	-1.2055858125431769	0.0	-2.0000000000001887	Inf
GLCDpp	mnl_p	-0.0	0.0	0.0	Inf	Inf
GLCDpp	mobd_p	-0.0	-0.00011405336749703565	999.9998859466325	-0.0	0.0
GLCDpp	ura_p	-0.0	-1000.0	0.0	-0.0	Inf
GLCDpp	urea_p	-0.0	-1000.0	0.0	-0.0	Inf
GLCDpp	uri_p	-0.0	0.0	0.0	Inf	Inf
GLCDpp	xan_p	-0.0	-0.0965554589643034	0.0	-0.0	Inf
GLCDpp	xtsn_p	-0.0	0.0	0.0	Inf	Inf
GLCDpp	xyl__D_p	-0.0	0.0	0.0	Inf	Inf
GLCDpp	xylu__L_p	-0.0	-1000.0	0.0	-0.0	Inf
GLCDpp	ppal_p	-0.0	-1000.0	0.0	-0.0	Inf
GLCDpp	psclys_p	-0.0	-1000.0	0.0	-0.0	Inf
GLCDpp	pydx_p	-0.0	0.0	0.0	Inf	Inf
GLCDpp	pydxn_p	-0.0	0.0	0.0	Inf	Inf
GLCDpp	rib__D_p	-0.0	-1000.0	0.0	-0.0	Inf
GLCDpp	rmn_p	-0.0	-1000.0	0.0	-0.0	Inf
GLCDpp	sbt__D_p	-0.0	-2.4111716250863546	0.0	-0.0	Inf
GLCDpp	slnt_p	-0.0	0.0	0.0	Inf	Inf
GLCDpp	so2_p	-0.0	-1000.0	0.0	-0.0	Inf
