Reaction	Metabolite	ShadowPrice	G-	G+	DecrementalShadowPrice	IncrementalShadowPrice
GALCTLO	12dgr120_c	-0.0	0.0	0.0	Inf	Inf
GALCTLO	12dgr140_c	-0.0	0.0	0.0	Inf	Inf
GALCTLO	12dgr160_c	-0.0	-0.056420167371623586	0.0	-0.0	Inf
GALCTLO	12dgr180_c	-0.0	0.0	0.0	Inf	Inf
GALCTLO	12ppd__R_c	-0.0	-1000.0	0.0	-0.0	Inf
GALCTLO	12ppd__S_c	-0.0	0.0	0.0	Inf	Inf
GALCTLO	5drib_c	-0.0	-999.9998010697079	0.00019893029207721357	-0.0	0.0
GALCTLO	5mta_c	-0.0	0.0	0.0	Inf	Inf
GALCTLO	23dhacoa_c	-0.0	-0.0005092615478900775	0.0	-0.0	Inf
GALCTLO	5mtr_c	-0.0	0.0	0.0	Inf	Inf
GALCTLO	3amac_c	-0.0	-8.130537436242859	0.0	-0.0	Inf
GALCTLO	LalaDgluMdap_c	-0.0	-0.0245683331388516	0.0	-0.0	Inf
GALCTLO	ac_c	-0.0	-2.410875882068695	2.6520840380109325	-0.0	0.0
GALCTLO	acald_c	-0.0	-2.410875882068695	2.052990481468185	-0.0	0.0
GALCTLO	acetol_c	-0.0	0.0	1.1620700838499158	Inf	0.0
GALCTLO	acgam_c	-0.0	-0.08354011305686722	0.0	-0.0	Inf
GALCTLO	acgam6p_c	-0.0	-0.08354011305686722	0.0	-0.0	Inf
GALCTLO	acmalt_c	0.0	0.0	0.0	Inf	Inf
GALCTLO	acmana_c	-0.0	-0.08354011305686722	0.0	-0.0	Inf
GALCTLO	2dmmq8_c	-0.0	0.0	0.0	Inf	Inf
GALCTLO	2dmmql8_c	0.0	0.0	0.0	Inf	Inf
GALCTLO	ade_c	-0.0	-0.09655545896844085	0.0005950226069772751	-0.0	0.0
GALCTLO	adn_c	-0.0	0.0	0.0005950226069772751	Inf	0.0
GALCTLO	3sala_c	0.0	0.0	0.0	Inf	Inf
GALCTLO	adphep_DD_c	-0.0	0.0	0.0	Inf	Inf
GALCTLO	adphep_LD_c	-0.0	0.0	0.0	Inf	Inf
GALCTLO	4ahmmp_c	0.0	0.0	0.0	Inf	Inf
GALCTLO	4crsol_c	-0.0	-999.9998028379772	0.000197162022814305	-0.0	0.0
GALCTLO	2ohph_c	-0.0	-0.000197162022814305	0.06701818764313988	-0.0	0.0
GALCTLO	2ombzl_c	-0.0	0.0	0.0	Inf	Inf
GALCTLO	2omhmbl_c	-0.0	0.0	0.0	Inf	Inf
GALCTLO	2ommbl_c	0.0	0.0	0.0	Inf	Inf
GALCTLO	2omph_c	-0.0	0.0	0.06002896144643815	Inf	0.0
GALCTLO	4mhetz_c	0.0	0.0	0.0	Inf	Inf
GALCTLO	2oph_c	-0.0	-0.000197162022814305	0.06701818764313988	-0.0	0.0
GALCTLO	2oxpaccoa_c	-0.0	-0.0005092615478900775	0.0	-0.0	Inf
GALCTLO	all__D_c	-0.0	-2.4108758820686953	0.0	-0.0	Inf
GALCTLO	alltn_c	-0.0	-2.0326343590607148	0.0	-0.0	Inf
GALCTLO	4r5au_c	-0.0	-0.000394324045046383	0.39993321067562043	-0.0	0.0
GALCTLO	56dura_c	0.0	0.0	0.0	Inf	Inf
GALCTLO	arab__L_c	-0.0	-2.4108758820686953	0.0	-0.0	Inf
GALCTLO	etoh_c	-0.0	-1000.0	0.0	-0.0	Inf
GALCTLO	csn_c	-0.0	0.0	0.1599443755034094	Inf	0.0
GALCTLO	fald_c	-0.0	0.0	0.0	Inf	Inf
GALCTLO	fc1p_c	-0.0	0.0	0.0	Inf	Inf
GALCTLO	fcl__L_c	-0.0	0.0	0.0	Inf	Inf
GALCTLO	aso4_c	0.0	0.0	0.0	Inf	Inf
GALCTLO	cyan_c	0.0	0.0	0.0	Inf	Inf
GALCTLO	athtp_c	0.0	0.0	0.0	Inf	Inf
GALCTLO	cytd_c	-0.0	0.0	0.0	Inf	Inf
GALCTLO	dad_2_c	-0.0	0.0	0.0	Inf	Inf
GALCTLO	dad_5_c	-0.0	-0.09655545896844085	0.00019893029207721357	-0.0	0.0
GALCTLO	betald_c	0.0	0.0	0.0	Inf	Inf
GALCTLO	btal_c	-0.0	-529.7752622673191	0.0	-0.0	Inf
GALCTLO	for_c	-0.0	-0.09655545896844085	3.653736760158447	-0.0	0.0
GALCTLO	dcyt_c	-0.0	0.0	0.0	Inf	Inf
GALCTLO	fru_c	-0.0	0.0	0.7332108862386375	Inf	0.0
GALCTLO	ca2_c	-0.0	-0.0046019207567269405	999.9953980792433	-0.0	0.0
GALCTLO	g3pe_c	-0.0	-0.12291946954182599	0.0	-0.0	Inf
GALCTLO	g3pi_c	0.0	0.0	0.0	Inf	Inf
GALCTLO	cbm_c	-0.0	-4.0652687181214295	0.0	-0.0	Inf
GALCTLO	dha_c	-0.0	-88.29587704455322	0.0	-0.0	Inf
GALCTLO	gal_c	-0.0	0.0	0.0	Inf	Inf
GALCTLO	dhgly_c	-0.0	-0.000197162022814305	0.2654729070864032	-0.0	0.0
GALCTLO	dhmptp_c	0.0	0.0	0.0	Inf	Inf
GALCTLO	gcald_c	-0.0	-4.82175176413739	0.0005914860682878498	-0.0	0.0
GALCTLO	dhptd_c	-0.0	-47.05403567142378	0.00039609231490006155	-0.0	0.0
GALCTLO	cechddd_c	-0.0	0.0	0.0	Inf	Inf
GALCTLO	dhptdn_c	0.0	0.0	0.0	Inf	Inf
GALCTLO	chol_c	0.0	0.0	0.0	Inf	Inf
GALCTLO	chtbs6p_c	-0.0	0.0	0.0	Inf	Inf
GALCTLO	dmbzid_c	0.0	0.0	0.0	Inf	Inf
GALCTLO	dms_c	0.0	0.0	0.0	Inf	Inf
GALCTLO	dmso_c	0.0	0.0	0.0	Inf	Inf
GALCTLO	cl_c	-0.0	-0.004601920756719541	999.9953980792433	-0.0	0.0
GALCTLO	glc__D_c	-0.0	-2.4108758820686953	0.7332108862386375	-0.0	0.0
GALCTLO	co2_c	-0.0	-976.2922996279141	23.707700372085924	-0.0	0.0
GALCTLO	dscl_c	-0.0	-0.000197162022814305	0.07926604175552839	-0.0	0.0
GALCTLO	dtdp4aaddg_c	-0.0	0.0	0.0	Inf	Inf
GALCTLO	glyald_c	-0.0	-1000.0	0.0	-0.0	Inf
GALCTLO	crn_c	-0.0	-1000.0	0.0	-0.0	Inf
GALCTLO	duri_c	-0.0	0.0	0.46308055972966583	Inf	0.0
GALCTLO	glyb_c	0.0	0.0	0.0	Inf	Inf
GALCTLO	glyc_c	-0.0	-0.12291946954182599	0.0	-0.0	Inf
GALCTLO	dxyl_c	0.0	0.0	0.0	Inf	Inf
GALCTLO	glycogen_c	-0.0	-2.4108758820686953	0.0	-0.0	Inf
GALCTLO	gmhep1p_c	-0.0	0.0	0.5756048078882762	Inf	0.0
GALCTLO	lipa_cold_c	-0.0	0.0	0.0	Inf	Inf
GALCTLO	lipidA_c	-0.0	-0.01720172338957452	0.05184319397646932	-0.0	0.0
GALCTLO	malt_c	0.0	0.0	0.0	Inf	Inf
GALCTLO	h2_c	-0.0	0.0	0.0	Inf	Inf
GALCTLO	malthx_c	-0.0	0.0	0.0	Inf	Inf
GALCTLO	maltpt_c	-0.0	0.0	0.0	Inf	Inf
GALCTLO	malttr_c	-0.0	0.0	0.0	Inf	Inf
GALCTLO	maltttr_c	-0.0	0.0	0.0	Inf	Inf
GALCTLO	h2o2_c	-0.0	-43.638628692835425	0.002014058691202081	-0.0	0.0
GALCTLO	man_c	-0.0	0.0	0.0	Inf	Inf
GALCTLO	mdhdhf_c	-0.0	-47.05403567142378	0.00039609231490006155	-0.0	0.0
GALCTLO	melib_c	-0.0	0.0	0.0	Inf	Inf
GALCTLO	meoh_c	-0.0	-999.9999982317307	1.7682692714515724e-06	-0.0	0.0
GALCTLO	pacald_c	-0.0	-1000.0	0.0	-0.0	Inf
GALCTLO	metsox_S__L_c	-0.0	-0.09655545896844085	0.0	-0.0	Inf
GALCTLO	mg2_c	-0.0	-0.007669867927865901	999.9923301320721	-0.0	0.0
GALCTLO	hhlipa_c	-0.0	0.0	0.0	Inf	Inf
GALCTLO	pe120_c	-0.0	0.0	0.0	Inf	Inf
GALCTLO	mobd_c	-0.0	-0.00011405336745760245	15.397428611011382	-0.0	0.0
GALCTLO	hlipa_c	-0.0	0.0	0.0	Inf	Inf
GALCTLO	pg120_c	-0.0	0.0	0.0	Inf	Inf
GALCTLO	mql8_c	0.0	0.0	0.0	Inf	Inf
GALCTLO	mqn8_c	-0.0	0.0	0.0	Inf	Inf
GALCTLO	mthgxl_c	-0.0	0.0	1.3389068357401206	Inf	0.0
GALCTLO	hqn_c	0.0	0.0	0.0	Inf	Inf
GALCTLO	mththf_c	-0.0	-999.9996039076851	0.00039609231490006155	-0.0	0.0
GALCTLO	n2o_c	-0.0	-1000.0	0.0	-0.0	Inf
GALCTLO	na1_c	-0.0	0.0	0.0	Inf	Inf
GALCTLO	nac_c	-0.0	0.0	0.0	Inf	Inf
GALCTLO	ncam_c	-0.0	0.0	0.0	Inf	Inf
GALCTLO	ni2_c	-0.0	-0.0002855754859183435	999.9997144245141	-0.0	0.0
GALCTLO	no_c	-0.0	-1000.0	0.0	-0.0	Inf
GALCTLO	indole_c	-0.0	-0.05025686485575578	0.4161467192165239	-0.0	0.0
GALCTLO	no2_c	-0.0	-1000.0	0.0	-0.0	Inf
GALCTLO	no3_c	0.0	0.0	0.0	Inf	Inf
GALCTLO	inost_c	0.0	0.0	0.0	Inf	Inf
GALCTLO	o2_c	-0.0	-21.819314346417713	978.1806856535823	-0.0	0.0
GALCTLO	poaac_c	-0.0	-4.737670341849656	0.0	-0.0	Inf
GALCTLO	ppal_c	-0.0	0.0	0.0	Inf	Inf
GALCTLO	k_c	-0.0	-0.17257689111745578	61.589714444045526	-0.0	0.0
GALCTLO	psclys_c	-0.0	0.0	0.0	Inf	Inf
GALCTLO	lald__D_c	-0.0	0.0	1.1620700838499158	Inf	0.0
GALCTLO	lald__L_c	-0.0	0.0	0.0	Inf	Inf
GALCTLO	ura_c	-0.0	-0.2924673154119516	0.0	-0.0	Inf
GALCTLO	pydx_c	-0.0	0.0	0.5309458141728065	Inf	0.0
GALCTLO	uracp_c	-0.0	-4.774691273322219	0.0	-0.0	Inf
GALCTLO	pydxn_c	-0.0	0.0	0.5007293857239477	Inf	0.0
GALCTLO	urate_c	-0.0	-2.0326343590607148	0.0	-0.0	Inf
GALCTLO	q8_c	-0.0	0.0	0.0	Inf	Inf
GALCTLO	q8h2_c	0.0	0.0	0.0	Inf	Inf
GALCTLO	urea_c	-0.0	0.0	3.3612050923764216	Inf	0.0
GALCTLO	uri_c	-0.0	0.0	0.0	Inf	Inf
GALCTLO	rbflvrd_c	-0.0	0.0	0.048277729484220426	Inf	0.0
GALCTLO	rbl__L_c	-0.0	-2.4108758820686953	0.0	-0.0	Inf
GALCTLO	rdmbzi_c	0.0	0.0	0.0	Inf	Inf
GALCTLO	thptdn_c	0.0	0.0	0.0	Inf	Inf
GALCTLO	xan_c	-0.0	0.0	0.0	Inf	Inf
GALCTLO	rephaccoa_c	-0.0	-0.0005092615478900775	0.0	-0.0	Inf
GALCTLO	rib__D_c	-0.0	-2.4108758820686953	0.0	-0.0	Inf
GALCTLO	xtsn_c	-0.0	0.0	0.0	Inf	Inf
GALCTLO	rml_c	-0.0	0.0	0.0	Inf	Inf
GALCTLO	thym_c	-0.0	-61.589714444045526	0.0	-0.0	Inf
GALCTLO	thymd_c	-0.0	-0.023134266766632754	0.0	-0.0	Inf
GALCTLO	xu5p__L_c	-0.0	-0.8528636736797353	0.0	-0.0	Inf
GALCTLO	rmn_c	-0.0	0.0	0.0	Inf	Inf
GALCTLO	xyl__D_c	0.0	0.0	0.0	Inf	Inf
GALCTLO	tmao_c	0.0	0.0	0.0	Inf	Inf
GALCTLO	xylu__D_c	-0.0	0.0	0.0	Inf	Inf
GALCTLO	xylu__L_c	-0.0	-2.4108758820686953	0.0	-0.0	Inf
GALCTLO	12ppd__R_e	-0.0	-1000.0	0.0	-0.0	Inf
GALCTLO	12ppd__S_e	-0.0	-1000.0	0.0	-0.0	Inf
GALCTLO	tre_c	-0.0	-1.2054379410343476	0.0	-0.0	Inf
GALCTLO	seln_c	0.0	0.0	0.0	Inf	Inf
GALCTLO	34dhpac_e	-0.0	-1000.0	0.0	-0.0	Inf
GALCTLO	slnt_c	0.0	0.0	0.0	Inf	Inf
GALCTLO	so2_c	0.0	0.0	0.0	Inf	Inf
GALCTLO	so3_c	-0.0	-0.21915221936797025	3.0794857222022762	-0.0	0.0
GALCTLO	so4_c	-0.0	-0.22298759539921775	61.589714444045526	-0.0	0.0
GALCTLO	4hoxpacd_e	-0.0	-1000.0	0.0	-0.0	Inf
GALCTLO	5mtr_e	-0.0	0.0	0.0	Inf	Inf
GALCTLO	LalaDgluMdap_e	-0.0	-1000.0	0.0	-0.0	Inf
GALCTLO	ac_e	-0.0	0.0	0.0	Inf	Inf
GALCTLO	acald_e	-0.0	-1000.0	0.0	-0.0	Inf
GALCTLO	acgal_e	-0.0	-1000.0	0.0	-0.0	Inf
GALCTLO	acgam_e	-0.0	-1000.0	0.0	-0.0	Inf
GALCTLO	acmana_e	-0.0	-1000.0	0.0	-0.0	Inf
GALCTLO	tagur_c	-0.0	0.0	0.0	Inf	Inf
GALCTLO	tartr__L_c	-0.0	-2.410875882068695	0.0	-0.0	Inf
GALCTLO	ade_e	-0.0	-1000.0	0.0	-0.0	Inf
GALCTLO	adn_e	-0.0	-1000.0	0.0	-0.0	Inf
GALCTLO	all__D_e	-0.0	-1000.0	0.0	-0.0	Inf
GALCTLO	cl_e	-0.0	-0.0046019207567269405	999.9953980792433	-0.0	0.0
GALCTLO	alltn_e	-0.0	0.0	0.0	Inf	Inf
GALCTLO	cm_e	-0.0	-1000.0	0.0	-0.0	Inf
GALCTLO	co2_e	-0.0	-976.2922996279141	23.707700372085924	-0.0	0.0
GALCTLO	arab__L_e	-0.0	-1000.0	0.0	-0.0	Inf
GALCTLO	arbt_e	-0.0	-1000.0	0.0	-0.0	Inf
GALCTLO	unagamu_c	-0.0	0.0	0.046031176714533294	Inf	0.0
GALCTLO	crn_e	-0.0	-1000.0	0.0	-0.0	Inf
GALCTLO	csn_e	-0.0	-1000.0	0.0	-0.0	Inf
GALCTLO	cyan_e	-0.0	-1000.0	0.0	-0.0	Inf
GALCTLO	glyb_e	-0.0	-1000.0	0.0	-0.0	Inf
GALCTLO	glyc_e	-0.0	-1000.0	0.0	-0.0	Inf
GALCTLO	cytd_e	-0.0	-1000.0	0.0	-0.0	Inf
GALCTLO	ca2_e	-0.0	-0.0046019207567269405	999.9953980792433	-0.0	0.0
GALCTLO	dad_2_e	-0.0	-1000.0	0.0	-0.0	Inf
GALCTLO	dcyt_e	-0.0	-1000.0	0.0	-0.0	Inf
GALCTLO	chol_e	-0.0	-1000.0	0.0	-0.0	Inf
GALCTLO	dha_e	-0.0	-1000.0	0.0	-0.0	Inf
GALCTLO	ppal_e	-0.0	-1000.0	0.0	-0.0	Inf
GALCTLO	h2_e	-0.0	-1000.0	0.0	-0.0	Inf
GALCTLO	dms_e	-0.0	-1000.0	0.0	-0.0	Inf
GALCTLO	dmso_e	-0.0	-1000.0	0.0	-0.0	Inf
GALCTLO	h2o2_e	-0.0	-1000.0	0.0	-0.0	Inf
GALCTLO	psclys_e	-0.0	-1000.0	0.0	-0.0	Inf
GALCTLO	duri_e	-0.0	-1000.0	0.0	-0.0	Inf
GALCTLO	pydx_e	-0.0	-1000.0	0.0	-0.0	Inf
GALCTLO	pydxn_e	-0.0	-1000.0	0.0	-0.0	Inf
GALCTLO	etoh_e	-0.0	-1000.0	0.0	-0.0	Inf
GALCTLO	fald_e	-0.0	0.0	0.0	Inf	Inf
GALCTLO	rib__D_e	-0.0	-1000.0	0.0	-0.0	Inf
GALCTLO	rmn_e	-0.0	-1000.0	0.0	-0.0	Inf
GALCTLO	indole_e	-0.0	-1000.0	0.0	-0.0	Inf
GALCTLO	inost_e	-0.0	-1000.0	0.0	-0.0	Inf
GALCTLO	sbt__D_e	-0.0	-2.4108758820686953	0.0	-0.0	Inf
GALCTLO	k_e	-0.0	-0.17257689111750096	999.8274231088825	-0.0	0.0
GALCTLO	for_e	-0.0	0.0	3.653736760158447	Inf	0.0
GALCTLO	slnt_e	-0.0	0.0	1000.0	Inf	0.0
GALCTLO	fru_e	-0.0	-1000.0	0.0	-0.0	Inf
GALCTLO	so2_e	-0.0	-1000.0	0.0	-0.0	Inf
GALCTLO	so3_e	-0.0	-1000.0	0.0	-0.0	Inf
GALCTLO	so4_e	-0.0	-0.22298759539921775	999.7770124046008	-0.0	0.0
GALCTLO	lipa_cold_e	-0.0	-1000.0	0.0	-0.0	Inf
GALCTLO	sucr_e	-0.0	-1000.0	0.0	-0.0	Inf
GALCTLO	g3pe_e	-0.0	-1000.0	0.0	-0.0	Inf
GALCTLO	malt_e	-0.0	-1000.0	0.0	-0.0	Inf
GALCTLO	tartr__L_e	-0.0	-1000.0	0.0	-0.0	Inf
GALCTLO	g3pi_e	-0.0	-1000.0	0.0	-0.0	Inf
GALCTLO	malthx_e	-0.0	-1000.0	0.0	-0.0	Inf
GALCTLO	maltpt_e	-0.0	-1000.0	0.0	-0.0	Inf
GALCTLO	gal_e	-0.0	-1000.0	0.0	-0.0	Inf
GALCTLO	gal_bD_e	-0.0	-1000.0	0.0	-0.0	Inf
GALCTLO	malttr_e	-0.0	-1000.0	0.0	-0.0	Inf
GALCTLO	maltttr_e	-0.0	-1000.0	0.0	-0.0	Inf
GALCTLO	man_e	-0.0	-1000.0	0.0	-0.0	Inf
GALCTLO	thym_e	-0.0	-1000.0	0.0	-0.0	Inf
GALCTLO	thymd_e	-0.0	-1000.0	0.0	-0.0	Inf
GALCTLO	galt_e	-0.0	-1.2679047051508407	0.0	-0.0	Inf
GALCTLO	melib_e	-0.0	-1000.0	0.0	-0.0	Inf
GALCTLO	meoh_e	-0.0	-999.9999982317307	1.7682692714515724e-06	-0.0	0.0
GALCTLO	tmao_e	-0.0	-1000.0	0.0	-0.0	Inf
GALCTLO	tre_e	-0.0	-1000.0	0.0	-0.0	Inf
GALCTLO	metsox_S__L_e	-0.0	-1000.0	0.0	-0.0	Inf
GALCTLO	glc__D_e	-0.0	-2.4108758820686953	0.7420447523378981	-0.0	0.0
GALCTLO	mg2_e	-0.0	-0.00766986792791613	999.9923301320721	-0.0	0.0
GALCTLO	mnl_e	-0.0	-1000.0	0.0	-0.0	Inf
GALCTLO	mobd_e	-0.0	-0.00011405336749703565	999.9998859466325	-0.0	0.0
GALCTLO	glyald_e	-0.0	-1000.0	0.0	-0.0	Inf
GALCTLO	n2o_e	-0.0	-1000.0	0.0	-0.0	Inf
GALCTLO	na1_e	-0.0	0.0	1000.0	Inf	0.0
GALCTLO	nac_e	-0.0	-1000.0	0.0	-0.0	Inf
GALCTLO	ni2_e	-0.0	-0.0002855754859183435	999.9997144245141	-0.0	0.0
GALCTLO	no_e	-0.0	-1000.0	0.0	-0.0	Inf
GALCTLO	no2_e	-0.0	-1000.0	0.0	-0.0	Inf
GALCTLO	ura_e	-0.0	-1000.0	0.0	-0.0	Inf
GALCTLO	no3_e	-0.0	-1000.0	0.0	-0.0	Inf
GALCTLO	urea_e	-0.0	-1000.0	0.0	-0.0	Inf
GALCTLO	novbcn_e	-0.0	-1000.0	0.0	-0.0	Inf
GALCTLO	uri_e	-0.0	-1000.0	0.0	-0.0	Inf
GALCTLO	o2_e	-0.0	-21.81931434641774	978.1806856535823	-0.0	0.0
GALCTLO	xan_e	-0.0	0.0	0.0	Inf	Inf
GALCTLO	xtsn_e	-0.0	-1000.0	0.0	-0.0	Inf
GALCTLO	xyl__D_e	-0.0	-1000.0	0.0	-0.0	Inf
GALCTLO	xylu__L_e	-0.0	-1000.0	0.0	-0.0	Inf
GALCTLO	pacald_e	-0.0	-1000.0	0.0	-0.0	Inf
GALCTLO	12dgr120_p	-0.0	0.0	0.0	Inf	Inf
GALCTLO	12dgr140_p	-0.0	0.0	0.0	Inf	Inf
GALCTLO	12dgr160_p	-0.0	-0.056420167371623586	0.0	-0.0	Inf
GALCTLO	12dgr180_p	-0.0	0.0	0.0	Inf	Inf
GALCTLO	12ppd__R_p	-0.0	-1000.0	0.0	-0.0	Inf
GALCTLO	12ppd__S_p	-0.0	0.0	0.0	Inf	Inf
GALCTLO	chol_p	-0.0	-1000.0	0.0	-0.0	Inf
GALCTLO	cl_p	-0.0	-0.0046019207567269405	999.9953980792433	-0.0	0.0
GALCTLO	34dhpac_p	-0.0	-1000.0	0.0	-0.0	Inf
GALCTLO	cm_p	-0.0	0.0	0.0	Inf	Inf
GALCTLO	4hoxpacd_p	-0.0	-1000.0	0.0	-0.0	Inf
GALCTLO	co2_p	-0.0	-976.2922996279141	23.707700372085924	-0.0	0.0
GALCTLO	5mtr_p	-0.0	0.0	0.0	Inf	Inf
GALCTLO	LalaDgluMdap_p	-0.0	-0.0245683331388516	0.0	-0.0	Inf
GALCTLO	gal_p	-0.0	-1000.0	0.0	-0.0	Inf
GALCTLO	ac_p	-0.0	-2.410875882068695	0.0	-0.0	Inf
GALCTLO	crn_p	-0.0	-1000.0	0.0	-0.0	Inf
GALCTLO	gal_bD_p	-0.0	-1000.0	0.0	-0.0	Inf
GALCTLO	acald_p	-0.0	-1000.0	0.0	-0.0	Inf
GALCTLO	acgal_p	-0.0	-1000.0	0.0	-0.0	Inf
GALCTLO	csn_p	-0.0	0.0	0.0	Inf	Inf
GALCTLO	acgam_p	-0.0	-1000.0	0.0	-0.0	Inf
GALCTLO	galt_p	-0.0	-1.2679047051508407	0.0	-0.0	Inf
GALCTLO	acmana_p	-0.0	-1000.0	0.0	-0.0	Inf
GALCTLO	cyan_p	-0.0	0.0	0.0	Inf	Inf
GALCTLO	ade_p	-0.0	-1000.0	0.0	-0.0	Inf
GALCTLO	adn_p	-0.0	0.0	0.0005950226069772751	Inf	0.0
GALCTLO	cytd_p	-0.0	0.0	0.0	Inf	Inf
GALCTLO	glc__D_p	-0.0	-2.4108758820686953	0.7420447523378981	-0.0	0.0
GALCTLO	dad_2_p	-0.0	-1000.0	0.0	-0.0	Inf
GALCTLO	dcyt_p	-0.0	-1000.0	0.0	-0.0	Inf
GALCTLO	all__D_p	-0.0	0.0	0.0	Inf	Inf
GALCTLO	alltn_p	-0.0	0.0	0.0	Inf	Inf
GALCTLO	dha_p	-0.0	-1000.0	0.0	-0.0	Inf
GALCTLO	glyald_p	-0.0	-1000.0	0.0	-0.0	Inf
GALCTLO	glyb_p	0.0	0.0	0.0	Inf	Inf
GALCTLO	dms_p	-0.0	-1000.0	0.0	-0.0	Inf
GALCTLO	glyc_p	-0.0	-0.12291946954182599	0.0	-0.0	Inf
GALCTLO	dmso_p	-0.0	-1000.0	0.0	-0.0	Inf
GALCTLO	arab__L_p	-0.0	0.0	0.0	Inf	Inf
GALCTLO	arbt_p	0.0	0.0	0.0	Inf	Inf
GALCTLO	ca2_p	-0.0	-0.0046019207567269405	999.9953980792433	-0.0	0.0
GALCTLO	duri_p	-0.0	-1000.0	0.0	-0.0	Inf
GALCTLO	h2_p	-0.0	-1000.0	0.0	-0.0	Inf
GALCTLO	h2o2_p	-0.0	-1000.0	0.0	-0.0	Inf
GALCTLO	etoh_p	-0.0	-1000.0	0.0	-0.0	Inf
GALCTLO	fald_p	-0.0	0.0	0.0	Inf	Inf
GALCTLO	n2o_p	-0.0	-1000.0	0.0	-0.0	Inf
GALCTLO	na1_p	-0.0	0.0	0.0	Inf	Inf
GALCTLO	indole_p	-0.0	0.0	0.4189776492792214	Inf	0.0
GALCTLO	nac_p	-0.0	-1000.0	0.0	-0.0	Inf
GALCTLO	ni2_p	-0.0	-0.0002855754859183435	999.9997144245141	-0.0	0.0
GALCTLO	inost_p	-0.0	-1000.0	0.0	-0.0	Inf
GALCTLO	no_p	-0.0	-1000.0	0.0	-0.0	Inf
GALCTLO	no2_p	-0.0	-1000.0	0.0	-0.0	Inf
GALCTLO	for_p	-0.0	0.0	3.653736760158447	Inf	0.0
GALCTLO	fru_p	-0.0	-1000.0	0.0	-0.0	Inf
GALCTLO	no3_p	-0.0	0.0	0.0	Inf	Inf
GALCTLO	k_p	-0.0	-0.17257689111750096	999.8274231088825	-0.0	0.0
GALCTLO	novbcn_p	-0.0	0.0	0.0	Inf	Inf
GALCTLO	o2_p	-0.0	-21.81931434641774	978.1806856535823	-0.0	0.0
GALCTLO	lipa_cold_p	-0.0	-15.397428611011382	0.0	-0.0	Inf
GALCTLO	g3pe_p	-0.0	0.0	0.0	Inf	Inf
GALCTLO	g3pi_p	-0.0	0.0	0.0	Inf	Inf
GALCTLO	so3_p	-0.0	-1000.0	0.0	-0.0	Inf
GALCTLO	so4_p	-0.0	-0.22298759539921775	999.7770124046008	-0.0	0.0
GALCTLO	malt_p	0.0	0.0	0.0	Inf	Inf
GALCTLO	malthx_p	0.0	0.0	0.0	Inf	Inf
GALCTLO	maltpt_p	0.0	0.0	0.0	Inf	Inf
GALCTLO	sucr_p	-0.0	-1000.0	0.0	-0.0	Inf
GALCTLO	malttr_p	0.0	0.0	0.0	Inf	Inf
GALCTLO	maltttr_p	0.0	0.0	0.0	Inf	Inf
GALCTLO	pacald_p	-0.0	-1000.0	0.0	-0.0	Inf
GALCTLO	man_p	-0.0	-1000.0	0.0	-0.0	Inf
GALCTLO	tartr__L_p	-0.0	-1000.0	0.0	-0.0	Inf
GALCTLO	pe120_p	-0.0	0.0	0.0	Inf	Inf
GALCTLO	melib_p	-0.0	-1000.0	0.0	-0.0	Inf
GALCTLO	meoh_p	-0.0	-999.9999982317307	1.7682692714515724e-06	-0.0	0.0
GALCTLO	thym_p	-0.0	-1000.0	0.0	-0.0	Inf
GALCTLO	thymd_p	-0.0	-0.023134266766632754	0.0	-0.0	Inf
GALCTLO	pg120_p	-0.0	0.0	0.0	Inf	Inf
GALCTLO	metsox_S__L_p	-0.0	-1000.0	0.0	-0.0	Inf
GALCTLO	tmao_p	-0.0	-1000.0	0.0	-0.0	Inf
GALCTLO	mg2_p	-0.0	-0.007669867927865901	999.9923301320721	-0.0	0.0
GALCTLO	tre_p	-0.0	0.0	0.0	Inf	Inf
GALCTLO	mnl_p	-0.0	0.0	0.0	Inf	Inf
GALCTLO	mobd_p	-0.0	-0.00011405336749703565	999.9998859466325	-0.0	0.0
GALCTLO	ura_p	-0.0	-1000.0	0.0	-0.0	Inf
GALCTLO	urea_p	-0.0	0.0	3.3612050923764216	Inf	0.0
GALCTLO	uri_p	-0.0	0.0	0.0	Inf	Inf
GALCTLO	xan_p	-0.0	0.0	0.0	Inf	Inf
GALCTLO	xtsn_p	-0.0	0.0	0.0	Inf	Inf
GALCTLO	xyl__D_p	-0.0	0.0	0.0	Inf	Inf
GALCTLO	xylu__L_p	-0.0	-1000.0	0.0	-0.0	Inf
GALCTLO	ppal_p	-0.0	-1000.0	0.0	-0.0	Inf
GALCTLO	psclys_p	-0.0	-1000.0	0.0	-0.0	Inf
GALCTLO	pydx_p	-0.0	0.0	0.0	Inf	Inf
GALCTLO	pydxn_p	-0.0	0.0	0.0	Inf	Inf
GALCTLO	rib__D_p	-0.0	-1000.0	0.0	-0.0	Inf
GALCTLO	rmn_p	-0.0	-1000.0	0.0	-0.0	Inf
GALCTLO	sbt__D_p	-0.0	-2.4108758820686953	0.0	-0.0	Inf
GALCTLO	slnt_p	-0.0	0.0	0.0	Inf	Inf
GALCTLO	so2_p	-0.0	-1000.0	0.0	-0.0	Inf
