Reaction	Metabolite	ShadowPrice	G-	G+	DecrementalShadowPrice	IncrementalShadowPrice
GMAND	12dgr120_c	-0.0	0.0	0.0	Inf	Inf
GMAND	12dgr140_c	-0.0	0.0	0.0	Inf	Inf
GMAND	12dgr160_c	-0.0	-0.056420167371623586	0.0	-0.0	Inf
GMAND	12dgr180_c	-0.0	0.0	0.0	Inf	Inf
GMAND	12ppd__R_c	-0.0	-1000.0	0.0	-0.0	Inf
GMAND	12ppd__S_c	-0.0	0.0	0.0	Inf	Inf
GMAND	5drib_c	-0.0	-999.9998010697079	0.00019893029207721357	-0.0	0.0
GMAND	5mta_c	-0.0	0.0	0.0	Inf	Inf
GMAND	23dhacoa_c	-0.0	-0.0005092615478900775	0.0	-0.0	Inf
GMAND	5mtr_c	-0.0	0.0	0.0	Inf	Inf
GMAND	3amac_c	-0.0	-8.130537436242859	0.0	-0.0	Inf
GMAND	LalaDgluMdap_c	-0.0	-0.0245683331388516	0.0	-0.0	Inf
GMAND	ac_c	-0.0	-2.410875882068695	2.6520840380109325	-0.0	0.0
GMAND	acald_c	-0.0	-2.410875882068695	2.052990481468185	-0.0	0.0
GMAND	acetol_c	-0.0	0.0	1.1620700838499158	Inf	0.0
GMAND	acgam_c	-0.0	-0.08354011305686722	0.0	-0.0	Inf
GMAND	acgam6p_c	-0.0	-0.08354011305686722	0.0	-0.0	Inf
GMAND	acmalt_c	0.0	0.0	0.0	Inf	Inf
GMAND	acmana_c	-0.0	-0.08354011305686722	0.0	-0.0	Inf
GMAND	2dmmq8_c	-0.0	0.0	0.0	Inf	Inf
GMAND	2dmmql8_c	0.0	0.0	0.0	Inf	Inf
GMAND	ade_c	-0.0	-0.09655545896844085	0.0005950226069772751	-0.0	0.0
GMAND	adn_c	-0.0	0.0	0.0005950226069772751	Inf	0.0
GMAND	3sala_c	0.0	0.0	0.0	Inf	Inf
GMAND	adphep_DD_c	-0.0	0.0	0.0	Inf	Inf
GMAND	adphep_LD_c	-0.0	0.0	0.0	Inf	Inf
GMAND	4ahmmp_c	0.0	0.0	0.0	Inf	Inf
GMAND	4crsol_c	-0.0	-999.9998028379772	0.000197162022814305	-0.0	0.0
GMAND	2ohph_c	-0.0	-0.000197162022814305	0.06701818764313988	-0.0	0.0
GMAND	2ombzl_c	-0.0	0.0	0.0	Inf	Inf
GMAND	2omhmbl_c	-0.0	0.0	0.0	Inf	Inf
GMAND	2ommbl_c	0.0	0.0	0.0	Inf	Inf
GMAND	2omph_c	-0.0	0.0	0.06002896144643815	Inf	0.0
GMAND	4mhetz_c	0.0	0.0	0.0	Inf	Inf
GMAND	2oph_c	-0.0	-0.000197162022814305	0.06701818764313988	-0.0	0.0
GMAND	2oxpaccoa_c	-0.0	-0.0005092615478900775	0.0	-0.0	Inf
GMAND	all__D_c	-0.0	-2.4108758820686953	0.0	-0.0	Inf
GMAND	alltn_c	-0.0	-2.0326343590607148	0.0	-0.0	Inf
GMAND	4r5au_c	-0.0	-0.000394324045046383	0.39993321067562043	-0.0	0.0
GMAND	56dura_c	0.0	0.0	0.0	Inf	Inf
GMAND	arab__L_c	-0.0	-2.4108758820686953	0.0	-0.0	Inf
GMAND	etoh_c	-0.0	-1000.0	0.0	-0.0	Inf
GMAND	csn_c	-0.0	0.0	0.1599443755034094	Inf	0.0
GMAND	fald_c	-0.0	0.0	0.0	Inf	Inf
GMAND	fc1p_c	-0.0	0.0	0.0	Inf	Inf
GMAND	fcl__L_c	-0.0	0.0	0.0	Inf	Inf
GMAND	aso4_c	0.0	0.0	0.0	Inf	Inf
GMAND	cyan_c	0.0	0.0	0.0	Inf	Inf
GMAND	athtp_c	0.0	0.0	0.0	Inf	Inf
GMAND	cytd_c	-0.0	0.0	0.0	Inf	Inf
GMAND	dad_2_c	-0.0	0.0	0.0	Inf	Inf
GMAND	dad_5_c	-0.0	-0.09655545896844085	0.00019893029207721357	-0.0	0.0
GMAND	betald_c	0.0	0.0	0.0	Inf	Inf
GMAND	btal_c	-0.0	-529.7752622673191	0.0	-0.0	Inf
GMAND	for_c	-0.0	-0.09655545896844085	3.653736760158447	-0.0	0.0
GMAND	dcyt_c	-0.0	0.0	0.0	Inf	Inf
GMAND	fru_c	-0.0	0.0	0.7332108862386375	Inf	0.0
GMAND	ca2_c	-0.0	-0.0046019207567269405	999.9953980792433	-0.0	0.0
GMAND	g3pe_c	-0.0	-0.12291946954182599	0.0	-0.0	Inf
GMAND	g3pi_c	0.0	0.0	0.0	Inf	Inf
GMAND	cbm_c	-0.0	-4.0652687181214295	0.0	-0.0	Inf
GMAND	dha_c	-0.0	-88.29587704455322	0.0	-0.0	Inf
GMAND	gal_c	-0.0	0.0	0.0	Inf	Inf
GMAND	dhgly_c	-0.0	-0.000197162022814305	0.2654729070864032	-0.0	0.0
GMAND	dhmptp_c	0.0	0.0	0.0	Inf	Inf
GMAND	gcald_c	-0.0	-4.82175176413739	0.0005914860682878498	-0.0	0.0
GMAND	dhptd_c	-0.0	-47.05403567142378	0.00039609231490006155	-0.0	0.0
GMAND	cechddd_c	-0.0	0.0	0.0	Inf	Inf
GMAND	dhptdn_c	0.0	0.0	0.0	Inf	Inf
GMAND	chol_c	0.0	0.0	0.0	Inf	Inf
GMAND	chtbs6p_c	-0.0	0.0	0.0	Inf	Inf
GMAND	dmbzid_c	0.0	0.0	0.0	Inf	Inf
GMAND	dms_c	0.0	0.0	0.0	Inf	Inf
GMAND	dmso_c	0.0	0.0	0.0	Inf	Inf
GMAND	cl_c	-0.0	-0.004601920756719541	999.9953980792433	-0.0	0.0
GMAND	glc__D_c	-0.0	-2.4108758820686953	0.7332108862386375	-0.0	0.0
GMAND	co2_c	-0.0	-976.2922996279141	23.707700372085924	-0.0	0.0
GMAND	dscl_c	-0.0	-0.000197162022814305	0.07926604175552839	-0.0	0.0
GMAND	dtdp4aaddg_c	-0.0	0.0	0.0	Inf	Inf
GMAND	glyald_c	-0.0	-1000.0	0.0	-0.0	Inf
GMAND	crn_c	-0.0	-1000.0	0.0	-0.0	Inf
GMAND	duri_c	-0.0	0.0	0.46308055972966583	Inf	0.0
GMAND	glyb_c	0.0	0.0	0.0	Inf	Inf
GMAND	glyc_c	-0.0	-0.12291946954182599	0.0	-0.0	Inf
GMAND	dxyl_c	0.0	0.0	0.0	Inf	Inf
GMAND	glycogen_c	-0.0	-2.4108758820686953	0.0	-0.0	Inf
GMAND	gmhep1p_c	-0.0	0.0	0.5756048078882762	Inf	0.0
GMAND	lipa_cold_c	-0.0	0.0	0.0	Inf	Inf
GMAND	lipidA_c	-0.0	-0.01720172338957452	0.05184319397646932	-0.0	0.0
GMAND	malt_c	0.0	0.0	0.0	Inf	Inf
GMAND	h2_c	-0.0	0.0	0.0	Inf	Inf
GMAND	malthx_c	-0.0	0.0	0.0	Inf	Inf
GMAND	maltpt_c	-0.0	0.0	0.0	Inf	Inf
GMAND	malttr_c	-0.0	0.0	0.0	Inf	Inf
GMAND	maltttr_c	-0.0	0.0	0.0	Inf	Inf
GMAND	h2o2_c	-0.0	-43.638628692835425	0.002014058691202081	-0.0	0.0
GMAND	man_c	-0.0	0.0	0.0	Inf	Inf
GMAND	mdhdhf_c	-0.0	-47.05403567142378	0.00039609231490006155	-0.0	0.0
GMAND	melib_c	-0.0	0.0	0.0	Inf	Inf
GMAND	meoh_c	-0.0	-999.9999982317307	1.7682692714515724e-06	-0.0	0.0
GMAND	pacald_c	-0.0	-1000.0	0.0	-0.0	Inf
GMAND	metsox_S__L_c	-0.0	-0.09655545896844085	0.0	-0.0	Inf
GMAND	mg2_c	-0.0	-0.007669867927865901	999.9923301320721	-0.0	0.0
GMAND	hhlipa_c	-0.0	0.0	0.0	Inf	Inf
GMAND	pe120_c	-0.0	0.0	0.0	Inf	Inf
GMAND	mobd_c	-0.0	-0.00011405336745760245	15.397428611011382	-0.0	0.0
GMAND	hlipa_c	-0.0	0.0	0.0	Inf	Inf
GMAND	pg120_c	-0.0	0.0	0.0	Inf	Inf
GMAND	mql8_c	0.0	0.0	0.0	Inf	Inf
GMAND	mqn8_c	-0.0	0.0	0.0	Inf	Inf
GMAND	mthgxl_c	-0.0	0.0	1.3389068357401206	Inf	0.0
GMAND	hqn_c	0.0	0.0	0.0	Inf	Inf
GMAND	mththf_c	-0.0	-999.9996039076851	0.00039609231490006155	-0.0	0.0
GMAND	n2o_c	-0.0	-1000.0	0.0	-0.0	Inf
GMAND	na1_c	-0.0	0.0	0.0	Inf	Inf
GMAND	nac_c	-0.0	0.0	0.0	Inf	Inf
GMAND	ncam_c	-0.0	0.0	0.0	Inf	Inf
GMAND	ni2_c	-0.0	-0.0002855754859183435	999.9997144245141	-0.0	0.0
GMAND	no_c	-0.0	-1000.0	0.0	-0.0	Inf
GMAND	indole_c	-0.0	-0.05025686485575578	0.4161467192165239	-0.0	0.0
GMAND	no2_c	-0.0	-1000.0	0.0	-0.0	Inf
GMAND	no3_c	0.0	0.0	0.0	Inf	Inf
GMAND	inost_c	0.0	0.0	0.0	Inf	Inf
GMAND	o2_c	-0.0	-21.819314346417713	978.1806856535823	-0.0	0.0
GMAND	poaac_c	-0.0	-4.737670341849656	0.0	-0.0	Inf
GMAND	ppal_c	-0.0	0.0	0.0	Inf	Inf
GMAND	k_c	-0.0	-0.17257689111745578	61.589714444045526	-0.0	0.0
GMAND	psclys_c	-0.0	0.0	0.0	Inf	Inf
GMAND	lald__D_c	-0.0	0.0	1.1620700838499158	Inf	0.0
GMAND	lald__L_c	-0.0	0.0	0.0	Inf	Inf
GMAND	ura_c	-0.0	-0.2924673154119516	0.0	-0.0	Inf
GMAND	pydx_c	-0.0	0.0	0.5309458141728065	Inf	0.0
GMAND	uracp_c	-0.0	-4.774691273322219	0.0	-0.0	Inf
GMAND	pydxn_c	-0.0	0.0	0.5007293857239477	Inf	0.0
GMAND	urate_c	-0.0	-2.0326343590607148	0.0	-0.0	Inf
GMAND	q8_c	-0.0	0.0	0.0	Inf	Inf
GMAND	q8h2_c	0.0	0.0	0.0	Inf	Inf
GMAND	urea_c	-0.0	0.0	3.3612050923764216	Inf	0.0
GMAND	uri_c	-0.0	0.0	0.0	Inf	Inf
GMAND	rbflvrd_c	-0.0	0.0	0.048277729484220426	Inf	0.0
GMAND	rbl__L_c	-0.0	-2.4108758820686953	0.0	-0.0	Inf
GMAND	rdmbzi_c	0.0	0.0	0.0	Inf	Inf
GMAND	thptdn_c	0.0	0.0	0.0	Inf	Inf
GMAND	xan_c	-0.0	0.0	0.0	Inf	Inf
GMAND	rephaccoa_c	-0.0	-0.0005092615478900775	0.0	-0.0	Inf
GMAND	rib__D_c	-0.0	-2.4108758820686953	0.0	-0.0	Inf
GMAND	xtsn_c	-0.0	0.0	0.0	Inf	Inf
GMAND	rml_c	-0.0	0.0	0.0	Inf	Inf
GMAND	thym_c	-0.0	-61.589714444045526	0.0	-0.0	Inf
GMAND	thymd_c	-0.0	-0.023134266766632754	0.0	-0.0	Inf
GMAND	xu5p__L_c	-0.0	-0.8528636736797353	0.0	-0.0	Inf
GMAND	rmn_c	-0.0	0.0	0.0	Inf	Inf
GMAND	xyl__D_c	0.0	0.0	0.0	Inf	Inf
GMAND	tmao_c	0.0	0.0	0.0	Inf	Inf
GMAND	xylu__D_c	-0.0	0.0	0.0	Inf	Inf
GMAND	xylu__L_c	-0.0	-2.4108758820686953	0.0	-0.0	Inf
GMAND	12ppd__R_e	-0.0	-1000.0	0.0	-0.0	Inf
GMAND	12ppd__S_e	-0.0	-1000.0	0.0	-0.0	Inf
GMAND	tre_c	-0.0	-1.2054379410343476	0.0	-0.0	Inf
GMAND	seln_c	0.0	0.0	0.0	Inf	Inf
GMAND	34dhpac_e	-0.0	-1000.0	0.0	-0.0	Inf
GMAND	slnt_c	0.0	0.0	0.0	Inf	Inf
GMAND	so2_c	0.0	0.0	0.0	Inf	Inf
GMAND	so3_c	-0.0	-0.21915221936797025	3.0794857222022762	-0.0	0.0
GMAND	so4_c	-0.0	-0.22298759539921775	61.589714444045526	-0.0	0.0
GMAND	4hoxpacd_e	-0.0	-1000.0	0.0	-0.0	Inf
GMAND	5mtr_e	-0.0	0.0	0.0	Inf	Inf
GMAND	LalaDgluMdap_e	-0.0	-1000.0	0.0	-0.0	Inf
GMAND	ac_e	-0.0	0.0	0.0	Inf	Inf
GMAND	acald_e	-0.0	-1000.0	0.0	-0.0	Inf
GMAND	acgal_e	-0.0	-1000.0	0.0	-0.0	Inf
GMAND	acgam_e	-0.0	-1000.0	0.0	-0.0	Inf
GMAND	acmana_e	-0.0	-1000.0	0.0	-0.0	Inf
GMAND	tagur_c	-0.0	0.0	0.0	Inf	Inf
GMAND	tartr__L_c	-0.0	-2.410875882068695	0.0	-0.0	Inf
GMAND	ade_e	-0.0	-1000.0	0.0	-0.0	Inf
GMAND	adn_e	-0.0	-1000.0	0.0	-0.0	Inf
GMAND	all__D_e	-0.0	-1000.0	0.0	-0.0	Inf
GMAND	cl_e	-0.0	-0.0046019207567269405	999.9953980792433	-0.0	0.0
GMAND	alltn_e	-0.0	0.0	0.0	Inf	Inf
GMAND	cm_e	-0.0	-1000.0	0.0	-0.0	Inf
GMAND	co2_e	-0.0	-976.2922996279141	23.707700372085924	-0.0	0.0
GMAND	arab__L_e	-0.0	-1000.0	0.0	-0.0	Inf
GMAND	arbt_e	-0.0	-1000.0	0.0	-0.0	Inf
GMAND	unagamu_c	-0.0	0.0	0.046031176714533294	Inf	0.0
GMAND	crn_e	-0.0	-1000.0	0.0	-0.0	Inf
GMAND	csn_e	-0.0	-1000.0	0.0	-0.0	Inf
GMAND	cyan_e	-0.0	-1000.0	0.0	-0.0	Inf
GMAND	glyb_e	-0.0	-1000.0	0.0	-0.0	Inf
GMAND	glyc_e	-0.0	-1000.0	0.0	-0.0	Inf
GMAND	cytd_e	-0.0	-1000.0	0.0	-0.0	Inf
GMAND	ca2_e	-0.0	-0.0046019207567269405	999.9953980792433	-0.0	0.0
GMAND	dad_2_e	-0.0	-1000.0	0.0	-0.0	Inf
GMAND	dcyt_e	-0.0	-1000.0	0.0	-0.0	Inf
GMAND	chol_e	-0.0	-1000.0	0.0	-0.0	Inf
GMAND	dha_e	-0.0	-1000.0	0.0	-0.0	Inf
GMAND	ppal_e	-0.0	-1000.0	0.0	-0.0	Inf
GMAND	h2_e	-0.0	-1000.0	0.0	-0.0	Inf
GMAND	dms_e	-0.0	-1000.0	0.0	-0.0	Inf
GMAND	dmso_e	-0.0	-1000.0	0.0	-0.0	Inf
GMAND	h2o2_e	-0.0	-1000.0	0.0	-0.0	Inf
GMAND	psclys_e	-0.0	-1000.0	0.0	-0.0	Inf
GMAND	duri_e	-0.0	-1000.0	0.0	-0.0	Inf
GMAND	pydx_e	-0.0	-1000.0	0.0	-0.0	Inf
GMAND	pydxn_e	-0.0	-1000.0	0.0	-0.0	Inf
GMAND	etoh_e	-0.0	-1000.0	0.0	-0.0	Inf
GMAND	fald_e	-0.0	0.0	0.0	Inf	Inf
GMAND	rib__D_e	-0.0	-1000.0	0.0	-0.0	Inf
GMAND	rmn_e	-0.0	-1000.0	0.0	-0.0	Inf
GMAND	indole_e	-0.0	-1000.0	0.0	-0.0	Inf
GMAND	inost_e	-0.0	-1000.0	0.0	-0.0	Inf
GMAND	sbt__D_e	-0.0	-2.4108758820686953	0.0	-0.0	Inf
GMAND	k_e	-0.0	-0.17257689111750096	999.8274231088825	-0.0	0.0
GMAND	for_e	-0.0	0.0	3.653736760158447	Inf	0.0
GMAND	slnt_e	-0.0	0.0	1000.0	Inf	0.0
GMAND	fru_e	-0.0	-1000.0	0.0	-0.0	Inf
GMAND	so2_e	-0.0	-1000.0	0.0	-0.0	Inf
GMAND	so3_e	-0.0	-1000.0	0.0	-0.0	Inf
GMAND	so4_e	-0.0	-0.22298759539921775	999.7770124046008	-0.0	0.0
GMAND	lipa_cold_e	-0.0	-1000.0	0.0	-0.0	Inf
GMAND	sucr_e	-0.0	-1000.0	0.0	-0.0	Inf
GMAND	g3pe_e	-0.0	-1000.0	0.0	-0.0	Inf
GMAND	malt_e	-0.0	-1000.0	0.0	-0.0	Inf
GMAND	tartr__L_e	-0.0	-1000.0	0.0	-0.0	Inf
GMAND	g3pi_e	-0.0	-1000.0	0.0	-0.0	Inf
GMAND	malthx_e	-0.0	-1000.0	0.0	-0.0	Inf
GMAND	maltpt_e	-0.0	-1000.0	0.0	-0.0	Inf
GMAND	gal_e	-0.0	-1000.0	0.0	-0.0	Inf
GMAND	gal_bD_e	-0.0	-1000.0	0.0	-0.0	Inf
GMAND	malttr_e	-0.0	-1000.0	0.0	-0.0	Inf
GMAND	maltttr_e	-0.0	-1000.0	0.0	-0.0	Inf
GMAND	man_e	-0.0	-1000.0	0.0	-0.0	Inf
GMAND	thym_e	-0.0	-1000.0	0.0	-0.0	Inf
GMAND	thymd_e	-0.0	-1000.0	0.0	-0.0	Inf
GMAND	galt_e	-0.0	-1.2679047051508407	0.0	-0.0	Inf
GMAND	melib_e	-0.0	-1000.0	0.0	-0.0	Inf
GMAND	meoh_e	-0.0	-999.9999982317307	1.7682692714515724e-06	-0.0	0.0
GMAND	tmao_e	-0.0	-1000.0	0.0	-0.0	Inf
GMAND	tre_e	-0.0	-1000.0	0.0	-0.0	Inf
GMAND	metsox_S__L_e	-0.0	-1000.0	0.0	-0.0	Inf
GMAND	glc__D_e	-0.0	-2.4108758820686953	0.7420447523378981	-0.0	0.0
GMAND	mg2_e	-0.0	-0.00766986792791613	999.9923301320721	-0.0	0.0
GMAND	mnl_e	-0.0	-1000.0	0.0	-0.0	Inf
GMAND	mobd_e	-0.0	-0.00011405336749703565	999.9998859466325	-0.0	0.0
GMAND	glyald_e	-0.0	-1000.0	0.0	-0.0	Inf
GMAND	n2o_e	-0.0	-1000.0	0.0	-0.0	Inf
GMAND	na1_e	-0.0	0.0	1000.0	Inf	0.0
GMAND	nac_e	-0.0	-1000.0	0.0	-0.0	Inf
GMAND	ni2_e	-0.0	-0.0002855754859183435	999.9997144245141	-0.0	0.0
GMAND	no_e	-0.0	-1000.0	0.0	-0.0	Inf
GMAND	no2_e	-0.0	-1000.0	0.0	-0.0	Inf
GMAND	ura_e	-0.0	-1000.0	0.0	-0.0	Inf
GMAND	no3_e	-0.0	-1000.0	0.0	-0.0	Inf
GMAND	urea_e	-0.0	-1000.0	0.0	-0.0	Inf
GMAND	novbcn_e	-0.0	-1000.0	0.0	-0.0	Inf
GMAND	uri_e	-0.0	-1000.0	0.0	-0.0	Inf
GMAND	o2_e	-0.0	-21.81931434641774	978.1806856535823	-0.0	0.0
GMAND	xan_e	-0.0	0.0	0.0	Inf	Inf
GMAND	xtsn_e	-0.0	-1000.0	0.0	-0.0	Inf
GMAND	xyl__D_e	-0.0	-1000.0	0.0	-0.0	Inf
GMAND	xylu__L_e	-0.0	-1000.0	0.0	-0.0	Inf
GMAND	pacald_e	-0.0	-1000.0	0.0	-0.0	Inf
GMAND	12dgr120_p	-0.0	0.0	0.0	Inf	Inf
GMAND	12dgr140_p	-0.0	0.0	0.0	Inf	Inf
GMAND	12dgr160_p	-0.0	-0.056420167371623586	0.0	-0.0	Inf
GMAND	12dgr180_p	-0.0	0.0	0.0	Inf	Inf
GMAND	12ppd__R_p	-0.0	-1000.0	0.0	-0.0	Inf
GMAND	12ppd__S_p	-0.0	0.0	0.0	Inf	Inf
GMAND	chol_p	-0.0	-1000.0	0.0	-0.0	Inf
GMAND	cl_p	-0.0	-0.0046019207567269405	999.9953980792433	-0.0	0.0
GMAND	34dhpac_p	-0.0	-1000.0	0.0	-0.0	Inf
GMAND	cm_p	-0.0	0.0	0.0	Inf	Inf
GMAND	4hoxpacd_p	-0.0	-1000.0	0.0	-0.0	Inf
GMAND	co2_p	-0.0	-976.2922996279141	23.707700372085924	-0.0	0.0
GMAND	5mtr_p	-0.0	0.0	0.0	Inf	Inf
GMAND	LalaDgluMdap_p	-0.0	-0.0245683331388516	0.0	-0.0	Inf
GMAND	gal_p	-0.0	-1000.0	0.0	-0.0	Inf
GMAND	ac_p	-0.0	-2.410875882068695	0.0	-0.0	Inf
GMAND	crn_p	-0.0	-1000.0	0.0	-0.0	Inf
GMAND	gal_bD_p	-0.0	-1000.0	0.0	-0.0	Inf
GMAND	acald_p	-0.0	-1000.0	0.0	-0.0	Inf
GMAND	acgal_p	-0.0	-1000.0	0.0	-0.0	Inf
GMAND	csn_p	-0.0	0.0	0.0	Inf	Inf
GMAND	acgam_p	-0.0	-1000.0	0.0	-0.0	Inf
GMAND	galt_p	-0.0	-1.2679047051508407	0.0	-0.0	Inf
GMAND	acmana_p	-0.0	-1000.0	0.0	-0.0	Inf
GMAND	cyan_p	-0.0	0.0	0.0	Inf	Inf
GMAND	ade_p	-0.0	-1000.0	0.0	-0.0	Inf
GMAND	adn_p	-0.0	0.0	0.0005950226069772751	Inf	0.0
GMAND	cytd_p	-0.0	0.0	0.0	Inf	Inf
GMAND	glc__D_p	-0.0	-2.4108758820686953	0.7420447523378981	-0.0	0.0
GMAND	dad_2_p	-0.0	-1000.0	0.0	-0.0	Inf
GMAND	dcyt_p	-0.0	-1000.0	0.0	-0.0	Inf
GMAND	all__D_p	-0.0	0.0	0.0	Inf	Inf
GMAND	alltn_p	-0.0	0.0	0.0	Inf	Inf
GMAND	dha_p	-0.0	-1000.0	0.0	-0.0	Inf
GMAND	glyald_p	-0.0	-1000.0	0.0	-0.0	Inf
GMAND	glyb_p	0.0	0.0	0.0	Inf	Inf
GMAND	dms_p	-0.0	-1000.0	0.0	-0.0	Inf
GMAND	glyc_p	-0.0	-0.12291946954182599	0.0	-0.0	Inf
GMAND	dmso_p	-0.0	-1000.0	0.0	-0.0	Inf
GMAND	arab__L_p	-0.0	0.0	0.0	Inf	Inf
GMAND	arbt_p	0.0	0.0	0.0	Inf	Inf
GMAND	ca2_p	-0.0	-0.0046019207567269405	999.9953980792433	-0.0	0.0
GMAND	duri_p	-0.0	-1000.0	0.0	-0.0	Inf
GMAND	h2_p	-0.0	-1000.0	0.0	-0.0	Inf
GMAND	h2o2_p	-0.0	-1000.0	0.0	-0.0	Inf
GMAND	etoh_p	-0.0	-1000.0	0.0	-0.0	Inf
GMAND	fald_p	-0.0	0.0	0.0	Inf	Inf
GMAND	n2o_p	-0.0	-1000.0	0.0	-0.0	Inf
GMAND	na1_p	-0.0	0.0	0.0	Inf	Inf
GMAND	indole_p	-0.0	0.0	0.4189776492792214	Inf	0.0
GMAND	nac_p	-0.0	-1000.0	0.0	-0.0	Inf
GMAND	ni2_p	-0.0	-0.0002855754859183435	999.9997144245141	-0.0	0.0
GMAND	inost_p	-0.0	-1000.0	0.0	-0.0	Inf
GMAND	no_p	-0.0	-1000.0	0.0	-0.0	Inf
GMAND	no2_p	-0.0	-1000.0	0.0	-0.0	Inf
GMAND	for_p	-0.0	0.0	3.653736760158447	Inf	0.0
GMAND	fru_p	-0.0	-1000.0	0.0	-0.0	Inf
GMAND	no3_p	-0.0	0.0	0.0	Inf	Inf
GMAND	k_p	-0.0	-0.17257689111750096	999.8274231088825	-0.0	0.0
GMAND	novbcn_p	-0.0	0.0	0.0	Inf	Inf
GMAND	o2_p	-0.0	-21.81931434641774	978.1806856535823	-0.0	0.0
GMAND	lipa_cold_p	-0.0	-15.397428611011382	0.0	-0.0	Inf
GMAND	g3pe_p	-0.0	0.0	0.0	Inf	Inf
GMAND	g3pi_p	-0.0	0.0	0.0	Inf	Inf
GMAND	so3_p	-0.0	-1000.0	0.0	-0.0	Inf
GMAND	so4_p	-0.0	-0.22298759539921775	999.7770124046008	-0.0	0.0
GMAND	malt_p	0.0	0.0	0.0	Inf	Inf
GMAND	malthx_p	0.0	0.0	0.0	Inf	Inf
GMAND	maltpt_p	0.0	0.0	0.0	Inf	Inf
GMAND	sucr_p	-0.0	-1000.0	0.0	-0.0	Inf
GMAND	malttr_p	0.0	0.0	0.0	Inf	Inf
GMAND	maltttr_p	0.0	0.0	0.0	Inf	Inf
GMAND	pacald_p	-0.0	-1000.0	0.0	-0.0	Inf
GMAND	man_p	-0.0	-1000.0	0.0	-0.0	Inf
GMAND	tartr__L_p	-0.0	-1000.0	0.0	-0.0	Inf
GMAND	pe120_p	-0.0	0.0	0.0	Inf	Inf
GMAND	melib_p	-0.0	-1000.0	0.0	-0.0	Inf
GMAND	meoh_p	-0.0	-999.9999982317307	1.7682692714515724e-06	-0.0	0.0
GMAND	thym_p	-0.0	-1000.0	0.0	-0.0	Inf
GMAND	thymd_p	-0.0	-0.023134266766632754	0.0	-0.0	Inf
GMAND	pg120_p	-0.0	0.0	0.0	Inf	Inf
GMAND	metsox_S__L_p	-0.0	-1000.0	0.0	-0.0	Inf
GMAND	tmao_p	-0.0	-1000.0	0.0	-0.0	Inf
GMAND	mg2_p	-0.0	-0.007669867927865901	999.9923301320721	-0.0	0.0
GMAND	tre_p	-0.0	0.0	0.0	Inf	Inf
GMAND	mnl_p	-0.0	0.0	0.0	Inf	Inf
GMAND	mobd_p	-0.0	-0.00011405336749703565	999.9998859466325	-0.0	0.0
GMAND	ura_p	-0.0	-1000.0	0.0	-0.0	Inf
GMAND	urea_p	-0.0	0.0	3.3612050923764216	Inf	0.0
GMAND	uri_p	-0.0	0.0	0.0	Inf	Inf
GMAND	xan_p	-0.0	0.0	0.0	Inf	Inf
GMAND	xtsn_p	-0.0	0.0	0.0	Inf	Inf
GMAND	xyl__D_p	-0.0	0.0	0.0	Inf	Inf
GMAND	xylu__L_p	-0.0	-1000.0	0.0	-0.0	Inf
GMAND	ppal_p	-0.0	-1000.0	0.0	-0.0	Inf
GMAND	psclys_p	-0.0	-1000.0	0.0	-0.0	Inf
GMAND	pydx_p	-0.0	0.0	0.0	Inf	Inf
GMAND	pydxn_p	-0.0	0.0	0.0	Inf	Inf
GMAND	rib__D_p	-0.0	-1000.0	0.0	-0.0	Inf
GMAND	rmn_p	-0.0	-1000.0	0.0	-0.0	Inf
GMAND	sbt__D_p	-0.0	-2.4108758820686953	0.0	-0.0	Inf
GMAND	slnt_p	-0.0	0.0	0.0	Inf	Inf
GMAND	so2_p	-0.0	-1000.0	0.0	-0.0	Inf
