Reaction	Metabolite	ShadowPrice	G-	G+	DecrementalShadowPrice	IncrementalShadowPrice
GLYALDtex_f	12dgr120_c	-0.0	0.0	0.0	Inf	Inf
GLYALDtex_f	12dgr140_c	-0.0	0.0	0.0	Inf	Inf
GLYALDtex_f	12dgr160_c	-0.0	0.0	0.0	Inf	Inf
GLYALDtex_f	12dgr180_c	-0.0	0.0	0.0	Inf	Inf
GLYALDtex_f	12ppd__R_c	-0.0	-1000.0	0.0	-0.0	Inf
GLYALDtex_f	12ppd__S_c	-0.0	0.0	0.0	Inf	Inf
GLYALDtex_f	5drib_c	-0.0	-999.9998010699619	0.00019893003812057809	-0.0	0.0
GLYALDtex_f	5mta_c	-0.0	0.0	0.0	Inf	Inf
GLYALDtex_f	23dhacoa_c	-0.0	-0.0005092608967061096	0.0	-0.0	Inf
GLYALDtex_f	5mtr_c	-0.0	0.0	0.0	Inf	Inf
GLYALDtex_f	3amac_c	-0.0	-8.123623742310418	0.0	-0.0	Inf
GLYALDtex_f	LalaDgluMdap_c	-0.0	-0.024568301774642774	0.0	-0.0	Inf
GLYALDtex_f	ac_c	-0.0	-3.7508789167725354	2.051011556651875	-0.0	0.0
GLYALDtex_f	acald_c	-0.0	-3.7508789167725354	1.6405438658541982	-0.0	0.0
GLYALDtex_f	acetol_c	-0.0	0.0	0.0	Inf	Inf
GLYALDtex_f	acgam_c	-0.0	-0.08354000640851063	0.0	-0.0	Inf
GLYALDtex_f	acgam6p_c	-0.0	-0.08354000640851063	0.0	-0.0	Inf
GLYALDtex_f	acmalt_c	0.0	0.0	0.0	Inf	Inf
GLYALDtex_f	acmana_c	-0.0	-0.08354000640851063	0.0	-0.0	Inf
GLYALDtex_f	2dmmq8_c	-0.0	0.0	0.0	Inf	Inf
GLYALDtex_f	2dmmql8_c	0.0	0.0	0.0	Inf	Inf
GLYALDtex_f	ade_c	-0.0	-0.09655533569878116	0.0005950218473484165	-0.0	0.0
GLYALDtex_f	adn_c	-0.0	0.0	0.0005950218473484165	Inf	0.0
GLYALDtex_f	3sala_c	0.0	0.0	0.0	Inf	Inf
GLYALDtex_f	adphep_DD_c	-0.0	0.0	0.0	Inf	Inf
GLYALDtex_f	adphep_LD_c	-0.0	0.0	0.0	Inf	Inf
GLYALDtex_f	4ahmmp_c	0.0	0.0	0.0	Inf	Inf
GLYALDtex_f	4crsol_c	-0.0	-999.9998028382289	0.00019716177111506184	-0.0	0.0
GLYALDtex_f	2ohph_c	-0.0	-0.00019716177111506184	0.06422710884216658	-0.0	0.0
GLYALDtex_f	2ombzl_c	-0.0	0.0	0.0	Inf	Inf
GLYALDtex_f	2omhmbl_c	-0.0	0.0	0.0	Inf	Inf
GLYALDtex_f	2ommbl_c	0.0	0.0	0.0	Inf	Inf
GLYALDtex_f	2omph_c	-0.0	0.0	0.05759181073710824	Inf	0.0
GLYALDtex_f	4mhetz_c	0.0	0.0	0.0	Inf	Inf
GLYALDtex_f	2oph_c	-0.0	-0.00019716177111506184	0.06422710884216658	-0.0	0.0
GLYALDtex_f	2oxpaccoa_c	-0.0	-0.0005092608967061096	0.0	-0.0	Inf
GLYALDtex_f	all__D_c	-0.0	-10.583993990313958	0.0	-0.0	Inf
GLYALDtex_f	alltn_c	-0.0	-2.0309059355776045	0.0	-0.0	Inf
GLYALDtex_f	4r5au_c	-0.0	-0.00039432354242308065	0.3728508786032268	-0.0	0.0
GLYALDtex_f	56dura_c	0.0	0.0	0.0	Inf	Inf
GLYALDtex_f	arab__L_c	-0.0	-10.583993990313958	0.0	-0.0	Inf
GLYALDtex_f	etoh_c	-0.0	-1000.0	0.0	-0.0	Inf
GLYALDtex_f	csn_c	-0.0	0.0	0.159944171315576	Inf	0.0
GLYALDtex_f	fald_c	-0.0	0.0	0.0	Inf	Inf
GLYALDtex_f	fc1p_c	-0.0	-0.8528625848931597	0.0	-0.0	Inf
GLYALDtex_f	fcl__L_c	-0.0	0.0	0.0	Inf	Inf
GLYALDtex_f	aso4_c	0.0	0.0	0.0	Inf	Inf
GLYALDtex_f	cyan_c	0.0	0.0	0.0	Inf	Inf
GLYALDtex_f	athtp_c	0.0	0.0	0.0	Inf	Inf
GLYALDtex_f	cytd_c	-0.0	-0.14192553053025367	0.0	-0.0	Inf
GLYALDtex_f	dad_2_c	-0.0	-0.09655533569878116	0.0	-0.0	Inf
GLYALDtex_f	dad_5_c	-0.0	-0.09655533569878116	0.00019893003812057809	-0.0	0.0
GLYALDtex_f	betald_c	0.0	0.0	0.0	Inf	Inf
GLYALDtex_f	btal_c	-0.0	-528.287380052827	0.0	-0.0	Inf
GLYALDtex_f	for_c	-0.0	-0.09655533569878116	0.0021687794827929263	-0.0	0.0
GLYALDtex_f	dcyt_c	-0.0	-0.023134237233169094	0.0	-0.0	Inf
GLYALDtex_f	fru_c	-0.0	-10.583993990313958	0.0	-0.0	Inf
GLYALDtex_f	ca2_c	-0.0	-0.004601914881845914	999.9953980851182	-0.0	0.0
GLYALDtex_f	g3pe_c	-0.0	-0.8528625848931597	0.0	-0.0	Inf
GLYALDtex_f	g3pi_c	0.0	0.0	0.0	Inf	Inf
GLYALDtex_f	cbm_c	-0.0	-4.061811871155209	0.0	-0.0	Inf
GLYALDtex_f	dha_c	-0.0	-88.04789667547116	1.3671198882118316	-0.0	0.0
GLYALDtex_f	gal_c	-0.0	0.0	0.0	Inf	Inf
GLYALDtex_f	dhgly_c	-0.0	-0.00019716177111506184	0.2474958418314523	-0.0	0.0
GLYALDtex_f	dhmptp_c	0.0	0.0	0.0	Inf	Inf
GLYALDtex_f	gcald_c	-0.0	-2.616467554454582	0.0005914853132935605	-0.0	0.0
GLYALDtex_f	dhptd_c	-0.0	-56.18310385557829	0.0003960918092278385	-0.0	0.0
GLYALDtex_f	cechddd_c	-0.0	0.0	0.0	Inf	Inf
GLYALDtex_f	dhptdn_c	0.0	0.0	0.0	Inf	Inf
GLYALDtex_f	chol_c	0.0	0.0	0.0	Inf	Inf
GLYALDtex_f	chtbs6p_c	-0.0	0.0	0.0	Inf	Inf
GLYALDtex_f	dmbzid_c	0.0	0.0	0.0	Inf	Inf
GLYALDtex_f	dms_c	0.0	0.0	0.0	Inf	Inf
GLYALDtex_f	dmso_c	0.0	0.0	0.0	Inf	Inf
GLYALDtex_f	cl_c	-0.0	-0.004601914881845914	999.9953980851182	-0.0	0.0
GLYALDtex_f	glc__D_c	-0.0	-10.583993990313958	0.0	-0.0	Inf
GLYALDtex_f	co2_c	-0.0	-984.4480532967193	15.551946703280692	-0.0	0.0
GLYALDtex_f	dscl_c	-0.0	-0.00019716177111506184	0.07097532176130647	-0.0	0.0
GLYALDtex_f	dtdp4aaddg_c	-0.0	0.0	0.0	Inf	Inf
GLYALDtex_f	glyald_c	-0.0	-88.04789667547116	0.0	-0.0	Inf
GLYALDtex_f	crn_c	-0.0	-1000.0	0.0	-0.0	Inf
GLYALDtex_f	duri_c	-0.0	-0.023134237233169094	0.0	-0.0	Inf
GLYALDtex_f	glyb_c	0.0	0.0	0.0	Inf	Inf
GLYALDtex_f	glyc_c	-0.0	-75.46962572183243	1.1718170470387128	-0.0	0.0
GLYALDtex_f	dxyl_c	0.0	0.0	0.0	Inf	Inf
GLYALDtex_f	glycogen_c	-0.0	-10.583993990313958	0.0	-0.0	Inf
GLYALDtex_f	gmhep1p_c	-0.0	0.0	0.5366264981766068	Inf	0.0
GLYALDtex_f	lipa_cold_c	-0.0	0.0	0.0	Inf	Inf
GLYALDtex_f	lipidA_c	-0.0	-0.017201701429655714	0.04323722538019348	-0.0	0.0
GLYALDtex_f	malt_c	0.0	0.0	0.0	Inf	Inf
GLYALDtex_f	h2_c	-0.0	0.0	0.0	Inf	Inf
GLYALDtex_f	malthx_c	-0.0	0.0	0.0	Inf	Inf
GLYALDtex_f	maltpt_c	-0.0	0.0	0.0	Inf	Inf
GLYALDtex_f	malttr_c	-0.0	0.0	0.0	Inf	Inf
GLYALDtex_f	maltttr_c	-0.0	0.0	0.0	Inf	Inf
GLYALDtex_f	h2o2_c	-0.0	-0.0014376010747071603	0.9211672027840905	-0.0	0.0
GLYALDtex_f	man_c	-0.0	0.0	0.0	Inf	Inf
GLYALDtex_f	mdhdhf_c	-0.0	-56.18310385557829	0.0003960918092278385	-0.0	0.0
GLYALDtex_f	melib_c	-0.0	0.0	0.0	Inf	Inf
GLYALDtex_f	meoh_c	-0.0	-999.999998231733	1.768266997714818e-06	-0.0	0.0
GLYALDtex_f	pacald_c	-0.0	-1000.0	0.0	-0.0	Inf
GLYALDtex_f	metsox_S__L_c	-0.0	-0.09655533569878116	0.0	-0.0	Inf
GLYALDtex_f	mg2_c	-0.0	-0.007669858136409857	999.9923301418636	-0.0	0.0
GLYALDtex_f	hhlipa_c	-0.0	0.0	0.0	Inf	Inf
GLYALDtex_f	pe120_c	-0.0	0.0	0.0	Inf	Inf
GLYALDtex_f	mobd_c	-0.0	-0.0001140532218557981	14.354758826224229	-0.0	0.0
GLYALDtex_f	hlipa_c	-0.0	0.0	0.0	Inf	Inf
GLYALDtex_f	pg120_c	-0.0	-0.0688068057186483	0.0	-0.0	Inf
GLYALDtex_f	mql8_c	0.0	0.0	0.0	Inf	Inf
GLYALDtex_f	mqn8_c	-0.0	0.0	0.0	Inf	Inf
GLYALDtex_f	mthgxl_c	-0.0	0.0	0.0	Inf	Inf
GLYALDtex_f	hqn_c	0.0	0.0	0.0	Inf	Inf
GLYALDtex_f	mththf_c	-0.0	-999.9996039081908	0.0003960918092278385	-0.0	0.0
GLYALDtex_f	n2o_c	-0.0	-1000.0	0.0	-0.0	Inf
GLYALDtex_f	na1_c	-0.0	0.0	0.0	Inf	Inf
GLYALDtex_f	nac_c	-0.0	0.0	0.0	Inf	Inf
GLYALDtex_f	ncam_c	-0.0	0.0	0.0	Inf	Inf
GLYALDtex_f	ni2_c	-0.0	-0.00028557512139087434	999.9997144248786	-0.0	0.0
GLYALDtex_f	no_c	-0.0	-1000.0	0.0	-0.0	Inf
GLYALDtex_f	indole_c	-0.0	-0.05025680069728009	0.39060568234623766	-0.0	0.0
GLYALDtex_f	no2_c	-0.0	-1000.0	0.0	-0.0	Inf
GLYALDtex_f	no3_c	0.0	0.0	0.0	Inf	Inf
GLYALDtex_f	inost_c	0.0	0.0	0.0	Inf	Inf
GLYALDtex_f	o2_c	-0.0	-22.305988916941033	977.694011083059	-0.0	0.0
GLYALDtex_f	poaac_c	-0.0	-4.416848869607455	0.0	-0.0	Inf
GLYALDtex_f	ppal_c	-0.0	0.0	0.0	Inf	Inf
GLYALDtex_f	k_c	-0.0	-0.17257667080386668	57.419035304896916	-0.0	0.0
GLYALDtex_f	psclys_c	-0.0	0.0	0.0	Inf	Inf
GLYALDtex_f	lald__D_c	-0.0	0.0	0.0	Inf	Inf
GLYALDtex_f	lald__L_c	-0.0	-4.482005601742458	0.0	-0.0	Inf
GLYALDtex_f	ura_c	-0.0	-0.023134237233169094	0.0	-0.0	Inf
GLYALDtex_f	pydx_c	-0.0	0.0	0.4907609855119396	Inf	0.0
GLYALDtex_f	uracp_c	-0.0	-4.774685177890149	0.0	-0.0	Inf
GLYALDtex_f	pydxn_c	-0.0	0.0	0.4630567363298139	Inf	0.0
GLYALDtex_f	urate_c	-0.0	-0.0014376010747071603	0.0	-0.0	Inf
GLYALDtex_f	q8_c	-0.0	0.0	0.0	Inf	Inf
GLYALDtex_f	q8h2_c	0.0	0.0	0.0	Inf	Inf
GLYALDtex_f	urea_c	-0.0	0.0	2.7342397764236646	Inf	0.0
GLYALDtex_f	uri_c	-0.0	0.0	0.0	Inf	Inf
GLYALDtex_f	rbflvrd_c	-0.0	0.0	0.04827766784939058	Inf	0.0
GLYALDtex_f	rbl__L_c	-0.0	-10.583993990313958	0.0	-0.0	Inf
GLYALDtex_f	rdmbzi_c	0.0	0.0	0.0	Inf	Inf
GLYALDtex_f	thptdn_c	0.0	0.0	0.0	Inf	Inf
GLYALDtex_f	xan_c	-0.0	0.0	0.0	Inf	Inf
GLYALDtex_f	rephaccoa_c	-0.0	-0.0005092608967061096	0.0	-0.0	Inf
GLYALDtex_f	rib__D_c	-0.0	0.0	0.0	Inf	Inf
GLYALDtex_f	xtsn_c	-0.0	0.0	0.0	Inf	Inf
GLYALDtex_f	rml_c	-0.0	-4.482005601742458	0.0	-0.0	Inf
GLYALDtex_f	thym_c	-0.0	-57.419035304896916	0.0	-0.0	Inf
GLYALDtex_f	thymd_c	-0.0	-0.023134237233169094	0.0	-0.0	Inf
GLYALDtex_f	xu5p__L_c	-0.0	-0.8528625848931597	0.0	-0.0	Inf
GLYALDtex_f	rmn_c	-0.0	-4.482005601742458	0.0	-0.0	Inf
GLYALDtex_f	xyl__D_c	0.0	0.0	0.0	Inf	Inf
GLYALDtex_f	tmao_c	0.0	0.0	0.0	Inf	Inf
GLYALDtex_f	xylu__D_c	-0.0	0.0	0.0	Inf	Inf
GLYALDtex_f	xylu__L_c	-0.0	-10.583993990313958	0.0	-0.0	Inf
GLYALDtex_f	12ppd__R_e	-0.0	-1000.0	0.0	-0.0	Inf
GLYALDtex_f	12ppd__S_e	-0.0	-1000.0	0.0	-0.0	Inf
GLYALDtex_f	tre_c	-0.0	-5.291996995156979	0.0	-0.0	Inf
GLYALDtex_f	seln_c	0.0	0.0	0.0	Inf	Inf
GLYALDtex_f	34dhpac_e	-0.0	-1000.0	0.0	-0.0	Inf
GLYALDtex_f	slnt_c	0.0	0.0	0.0	Inf	Inf
GLYALDtex_f	so2_c	0.0	0.0	0.0	Inf	Inf
GLYALDtex_f	so3_c	-0.0	-0.2191519395946949	2.870951765244846	-0.0	0.0
GLYALDtex_f	so4_c	-0.0	-0.22298731072964983	57.419035304896916	-0.0	0.0
GLYALDtex_f	4hoxpacd_e	-0.0	-1000.0	0.0	-0.0	Inf
GLYALDtex_f	5mtr_e	-0.0	0.0	0.0	Inf	Inf
GLYALDtex_f	LalaDgluMdap_e	-0.0	-1000.0	0.0	-0.0	Inf
GLYALDtex_f	ac_e	-0.0	0.0	0.0	Inf	Inf
GLYALDtex_f	acald_e	-0.0	-1000.0	0.0	-0.0	Inf
GLYALDtex_f	acgal_e	-0.0	-1000.0	0.0	-0.0	Inf
GLYALDtex_f	acgam_e	-0.0	-1000.0	0.0	-0.0	Inf
GLYALDtex_f	acmana_e	-0.0	-1000.0	0.0	-0.0	Inf
GLYALDtex_f	tagur_c	-0.0	0.0	0.0	Inf	Inf
GLYALDtex_f	tartr__L_c	-0.0	-2.616467554454582	0.0	-0.0	Inf
GLYALDtex_f	ade_e	-0.0	-1000.0	0.0	-0.0	Inf
GLYALDtex_f	adn_e	-0.0	-1000.0	0.0	-0.0	Inf
GLYALDtex_f	all__D_e	-0.0	-1000.0	0.0	-0.0	Inf
GLYALDtex_f	cl_e	-0.0	-0.004601914881845914	999.9953980851182	-0.0	0.0
GLYALDtex_f	alltn_e	-0.0	0.0	0.0	Inf	Inf
GLYALDtex_f	cm_e	-0.0	-1000.0	0.0	-0.0	Inf
GLYALDtex_f	co2_e	-0.0	-984.4480532967193	15.551946703280692	-0.0	0.0
GLYALDtex_f	arab__L_e	-0.0	-1000.0	0.0	-0.0	Inf
GLYALDtex_f	arbt_e	-0.0	-1000.0	0.0	-0.0	Inf
GLYALDtex_f	unagamu_c	-0.0	0.0	0.04366466563110032	Inf	0.0
GLYALDtex_f	crn_e	-0.0	-1000.0	0.0	-0.0	Inf
GLYALDtex_f	csn_e	-0.0	-1000.0	0.0	-0.0	Inf
GLYALDtex_f	cyan_e	-0.0	-1000.0	0.0	-0.0	Inf
GLYALDtex_f	glyb_e	-0.0	-1000.0	0.0	-0.0	Inf
GLYALDtex_f	glyc_e	-0.0	-75.46962572183243	1.1718170470387128	-0.0	0.0
GLYALDtex_f	cytd_e	-0.0	-1000.0	0.0	-0.0	Inf
GLYALDtex_f	ca2_e	-0.0	-0.004601914881845914	999.9953980851182	-0.0	0.0
GLYALDtex_f	dad_2_e	-0.0	-1000.0	0.0	-0.0	Inf
GLYALDtex_f	dcyt_e	-0.0	-1000.0	0.0	-0.0	Inf
GLYALDtex_f	chol_e	-0.0	-1000.0	0.0	-0.0	Inf
GLYALDtex_f	dha_e	-0.0	-1000.0	0.0	-0.0	Inf
GLYALDtex_f	ppal_e	-0.0	-1000.0	0.0	-0.0	Inf
GLYALDtex_f	h2_e	-0.0	-1000.0	0.0	-0.0	Inf
GLYALDtex_f	dms_e	-0.0	-1000.0	0.0	-0.0	Inf
GLYALDtex_f	dmso_e	-0.0	-1000.0	0.0	-0.0	Inf
GLYALDtex_f	h2o2_e	-0.0	-1000.0	0.0	-0.0	Inf
GLYALDtex_f	psclys_e	-0.0	-1000.0	0.0	-0.0	Inf
GLYALDtex_f	duri_e	-0.0	-1000.0	0.0	-0.0	Inf
GLYALDtex_f	pydx_e	-0.0	-1000.0	0.0	-0.0	Inf
GLYALDtex_f	pydxn_e	-0.0	-1000.0	0.0	-0.0	Inf
GLYALDtex_f	etoh_e	-0.0	-1000.0	0.0	-0.0	Inf
GLYALDtex_f	fald_e	-0.0	0.0	0.0	Inf	Inf
GLYALDtex_f	rib__D_e	-0.0	-1000.0	0.0	-0.0	Inf
GLYALDtex_f	rmn_e	-0.0	-1000.0	0.0	-0.0	Inf
GLYALDtex_f	indole_e	-0.0	-1000.0	0.0	-0.0	Inf
GLYALDtex_f	inost_e	-0.0	-1000.0	0.0	-0.0	Inf
GLYALDtex_f	sbt__D_e	-0.0	-4.482005601742458	0.0	-0.0	Inf
GLYALDtex_f	k_e	-0.0	-0.17257667080389183	999.8274233291961	-0.0	0.0
GLYALDtex_f	for_e	-0.0	0.0	0.0021687794827929263	Inf	0.0
GLYALDtex_f	slnt_e	-0.0	0.0	1000.0	Inf	0.0
GLYALDtex_f	fru_e	-0.0	-1000.0	0.0	-0.0	Inf
GLYALDtex_f	so2_e	-0.0	-1000.0	0.0	-0.0	Inf
GLYALDtex_f	so3_e	-0.0	-1000.0	0.0	-0.0	Inf
GLYALDtex_f	so4_e	-0.0	-0.22298731072964983	999.7770126892704	-0.0	0.0
GLYALDtex_f	lipa_cold_e	-0.0	-1000.0	0.0	-0.0	Inf
GLYALDtex_f	sucr_e	-0.0	-1000.0	0.0	-0.0	Inf
GLYALDtex_f	g3pe_e	-0.0	-1000.0	0.0	-0.0	Inf
GLYALDtex_f	malt_e	-0.0	-1000.0	0.0	-0.0	Inf
GLYALDtex_f	tartr__L_e	-0.0	-1000.0	0.0	-0.0	Inf
GLYALDtex_f	g3pi_e	-0.0	-1000.0	0.0	-0.0	Inf
GLYALDtex_f	malthx_e	-0.0	-1000.0	0.0	-0.0	Inf
GLYALDtex_f	maltpt_e	-0.0	-1000.0	0.0	-0.0	Inf
GLYALDtex_f	gal_e	-0.0	-1000.0	0.0	-0.0	Inf
GLYALDtex_f	gal_bD_e	-0.0	-1000.0	0.0	-0.0	Inf
GLYALDtex_f	malttr_e	-0.0	-1000.0	0.0	-0.0	Inf
GLYALDtex_f	maltttr_e	-0.0	-1000.0	0.0	-0.0	Inf
GLYALDtex_f	man_e	-0.0	-1000.0	0.0	-0.0	Inf
GLYALDtex_f	thym_e	-0.0	-1000.0	0.0	-0.0	Inf
GLYALDtex_f	thymd_e	-0.0	-1000.0	0.0	-0.0	Inf
GLYALDtex_f	galt_e	-0.0	-4.482005601742458	0.0	-0.0	Inf
GLYALDtex_f	melib_e	-0.0	-1000.0	0.0	-0.0	Inf
GLYALDtex_f	meoh_e	-0.0	-999.999998231733	1.768266997714818e-06	-0.0	0.0
GLYALDtex_f	tmao_e	-0.0	-1000.0	0.0	-0.0	Inf
GLYALDtex_f	tre_e	-0.0	-1000.0	0.0	-0.0	Inf
GLYALDtex_f	metsox_S__L_e	-0.0	-1000.0	0.0	-0.0	Inf
GLYALDtex_f	glc__D_e	-0.0	-1000.0	0.0	-0.0	Inf
GLYALDtex_f	mg2_e	-0.0	-0.007669858136409857	999.9923301418636	-0.0	0.0
GLYALDtex_f	mnl_e	-0.0	-1000.0	0.0	-0.0	Inf
GLYALDtex_f	mobd_e	-0.0	-0.00011405322186419653	999.9998859467781	-0.0	0.0
GLYALDtex_f	glyald_e	-0.0	-1000.0	0.0	-0.0	Inf
GLYALDtex_f	n2o_e	-0.0	-1000.0	0.0	-0.0	Inf
GLYALDtex_f	na1_e	-0.0	0.0	1000.0	Inf	0.0
GLYALDtex_f	nac_e	-0.0	-1000.0	0.0	-0.0	Inf
GLYALDtex_f	ni2_e	-0.0	-0.00028557512143834174	999.9997144248786	-0.0	0.0
GLYALDtex_f	no_e	-0.0	-1000.0	0.0	-0.0	Inf
GLYALDtex_f	no2_e	-0.0	-1000.0	0.0	-0.0	Inf
GLYALDtex_f	ura_e	-0.0	-1000.0	0.0	-0.0	Inf
GLYALDtex_f	no3_e	-0.0	-1000.0	0.0	-0.0	Inf
GLYALDtex_f	urea_e	-0.0	-1000.0	0.0	-0.0	Inf
GLYALDtex_f	novbcn_e	-0.0	-1000.0	0.0	-0.0	Inf
GLYALDtex_f	uri_e	-0.0	-1000.0	0.0	-0.0	Inf
GLYALDtex_f	o2_e	-0.0	-22.305988916941033	977.694011083059	-0.0	0.0
GLYALDtex_f	xan_e	-0.0	0.0	0.0	Inf	Inf
GLYALDtex_f	xtsn_e	-0.0	-1000.0	0.0	-0.0	Inf
GLYALDtex_f	xyl__D_e	-0.0	-1000.0	0.0	-0.0	Inf
GLYALDtex_f	xylu__L_e	-0.0	-1000.0	0.0	-0.0	Inf
GLYALDtex_f	pacald_e	-0.0	-1000.0	0.0	-0.0	Inf
GLYALDtex_f	12dgr120_p	-0.0	0.0	0.0	Inf	Inf
GLYALDtex_f	12dgr140_p	-0.0	0.0	0.0	Inf	Inf
GLYALDtex_f	12dgr160_p	-0.0	0.0	0.0	Inf	Inf
GLYALDtex_f	12dgr180_p	-0.0	0.0	0.0	Inf	Inf
GLYALDtex_f	12ppd__R_p	-0.0	-1000.0	0.0	-0.0	Inf
GLYALDtex_f	12ppd__S_p	-0.0	0.0	0.0	Inf	Inf
GLYALDtex_f	chol_p	-0.0	-1000.0	0.0	-0.0	Inf
GLYALDtex_f	cl_p	-0.0	-0.004601914881845914	999.9953980851182	-0.0	0.0
GLYALDtex_f	34dhpac_p	-0.0	-1000.0	0.0	-0.0	Inf
GLYALDtex_f	cm_p	-0.0	0.0	0.0	Inf	Inf
GLYALDtex_f	4hoxpacd_p	-0.0	-1000.0	0.0	-0.0	Inf
GLYALDtex_f	co2_p	-0.0	-984.4480532967193	15.551946703280692	-0.0	0.0
GLYALDtex_f	5mtr_p	-0.0	0.0	0.0	Inf	Inf
GLYALDtex_f	LalaDgluMdap_p	-0.0	0.0	0.0	Inf	Inf
GLYALDtex_f	gal_p	-0.0	-1000.0	0.0	-0.0	Inf
GLYALDtex_f	ac_p	-0.0	-3.7508789167725354	0.0	-0.0	Inf
GLYALDtex_f	crn_p	-0.0	-1000.0	0.0	-0.0	Inf
GLYALDtex_f	gal_bD_p	-0.0	-1000.0	0.0	-0.0	Inf
GLYALDtex_f	acald_p	-0.0	-1000.0	0.0	-0.0	Inf
GLYALDtex_f	acgal_p	-0.0	-1000.0	0.0	-0.0	Inf
GLYALDtex_f	csn_p	-0.0	0.0	0.0	Inf	Inf
GLYALDtex_f	acgam_p	-0.0	-1000.0	0.0	-0.0	Inf
GLYALDtex_f	galt_p	-0.0	-4.482005601742458	0.0	-0.0	Inf
GLYALDtex_f	acmana_p	-0.0	-1000.0	0.0	-0.0	Inf
GLYALDtex_f	cyan_p	-0.0	0.0	0.0	Inf	Inf
GLYALDtex_f	ade_p	-0.0	-1000.0	0.0	-0.0	Inf
GLYALDtex_f	adn_p	-0.0	0.0	0.0005950218473484165	Inf	0.0
GLYALDtex_f	cytd_p	-0.0	-0.14192553053025367	0.0	-0.0	Inf
GLYALDtex_f	glc__D_p	-0.0	-1000.0	0.0	-0.0	Inf
GLYALDtex_f	dad_2_p	-0.0	-1000.0	0.0	-0.0	Inf
GLYALDtex_f	dcyt_p	-0.0	-1000.0	0.0	-0.0	Inf
GLYALDtex_f	all__D_p	-0.0	0.0	0.0	Inf	Inf
GLYALDtex_f	alltn_p	-0.0	0.0	0.0	Inf	Inf
GLYALDtex_f	dha_p	-0.0	-1000.0	0.0	-0.0	Inf
GLYALDtex_f	glyald_p	-0.0	-88.04789667547116	0.0	-0.0	Inf
GLYALDtex_f	glyb_p	0.0	0.0	0.0	Inf	Inf
GLYALDtex_f	dms_p	-0.0	-1000.0	0.0	-0.0	Inf
GLYALDtex_f	glyc_p	-0.0	-75.46962572183243	1.1718170470387128	-0.0	0.0
GLYALDtex_f	dmso_p	-0.0	-1000.0	0.0	-0.0	Inf
GLYALDtex_f	arab__L_p	-0.0	0.0	0.0	Inf	Inf
GLYALDtex_f	arbt_p	0.0	0.0	0.0	Inf	Inf
GLYALDtex_f	ca2_p	-0.0	-0.004601914881845914	999.9953980851182	-0.0	0.0
GLYALDtex_f	duri_p	-0.0	-1000.0	0.0	-0.0	Inf
GLYALDtex_f	h2_p	-0.0	-1000.0	0.0	-0.0	Inf
GLYALDtex_f	h2o2_p	-0.0	-1000.0	0.0	-0.0	Inf
GLYALDtex_f	etoh_p	-0.0	-1000.0	0.0	-0.0	Inf
GLYALDtex_f	fald_p	-0.0	0.0	0.0	Inf	Inf
GLYALDtex_f	n2o_p	-0.0	-1000.0	0.0	-0.0	Inf
GLYALDtex_f	na1_p	-0.0	0.0	0.0	Inf	Inf
GLYALDtex_f	indole_p	-0.0	0.0	0.3932810637321708	Inf	0.0
GLYALDtex_f	nac_p	-0.0	-1000.0	0.0	-0.0	Inf
GLYALDtex_f	ni2_p	-0.0	-0.00028557512143834174	999.9997144248786	-0.0	0.0
GLYALDtex_f	inost_p	-0.0	-1000.0	0.0	-0.0	Inf
GLYALDtex_f	no_p	-0.0	-1000.0	0.0	-0.0	Inf
GLYALDtex_f	no2_p	-0.0	-1000.0	0.0	-0.0	Inf
GLYALDtex_f	for_p	-0.0	0.0	0.0021687794827929263	Inf	0.0
GLYALDtex_f	fru_p	-0.0	-1000.0	0.0	-0.0	Inf
GLYALDtex_f	no3_p	-0.0	0.0	0.0	Inf	Inf
GLYALDtex_f	k_p	-0.0	-0.17257667080389183	999.8274233291961	-0.0	0.0
GLYALDtex_f	novbcn_p	-0.0	0.0	0.0	Inf	Inf
GLYALDtex_f	o2_p	-0.0	-22.305988916941033	977.694011083059	-0.0	0.0
GLYALDtex_f	lipa_cold_p	-0.0	-14.354758826224229	0.0	-0.0	Inf
GLYALDtex_f	g3pe_p	-0.0	0.0	0.0	Inf	Inf
GLYALDtex_f	g3pi_p	-0.0	0.0	0.0	Inf	Inf
GLYALDtex_f	so3_p	-0.0	-1000.0	0.0	-0.0	Inf
GLYALDtex_f	so4_p	-0.0	-0.22298731072964983	999.7770126892704	-0.0	0.0
GLYALDtex_f	malt_p	0.0	0.0	0.0	Inf	Inf
GLYALDtex_f	malthx_p	0.0	0.0	0.0	Inf	Inf
GLYALDtex_f	maltpt_p	0.0	0.0	0.0	Inf	Inf
GLYALDtex_f	sucr_p	-0.0	-1000.0	0.0	-0.0	Inf
GLYALDtex_f	malttr_p	0.0	0.0	0.0	Inf	Inf
GLYALDtex_f	maltttr_p	0.0	0.0	0.0	Inf	Inf
GLYALDtex_f	pacald_p	-0.0	-1000.0	0.0	-0.0	Inf
GLYALDtex_f	man_p	-0.0	-1000.0	0.0	-0.0	Inf
GLYALDtex_f	tartr__L_p	-0.0	-1000.0	0.0	-0.0	Inf
GLYALDtex_f	pe120_p	-0.0	-0.0688068057186483	0.0	-0.0	Inf
GLYALDtex_f	melib_p	-0.0	-1000.0	0.0	-0.0	Inf
GLYALDtex_f	meoh_p	-0.0	-999.999998231733	1.768266997714818e-06	-0.0	0.0
GLYALDtex_f	thym_p	-0.0	-1000.0	0.0	-0.0	Inf
GLYALDtex_f	thymd_p	-0.0	-0.023134237233169094	0.0	-0.0	Inf
GLYALDtex_f	pg120_p	-0.0	-0.0688068057186483	0.0	-0.0	Inf
GLYALDtex_f	metsox_S__L_p	-0.0	-1000.0	0.0	-0.0	Inf
GLYALDtex_f	tmao_p	-0.0	-1000.0	0.0	-0.0	Inf
GLYALDtex_f	mg2_p	-0.0	-0.007669858136409857	999.9923301418636	-0.0	0.0
GLYALDtex_f	tre_p	-0.0	0.0	0.0	Inf	Inf
GLYALDtex_f	mnl_p	-0.0	0.0	0.0	Inf	Inf
GLYALDtex_f	mobd_p	-0.0	-0.00011405322186419653	999.9998859467781	-0.0	0.0
GLYALDtex_f	ura_p	-0.0	-1000.0	0.0	-0.0	Inf
GLYALDtex_f	urea_p	-0.0	0.0	2.7342397764236646	Inf	0.0
GLYALDtex_f	uri_p	-0.0	0.0	0.0	Inf	Inf
GLYALDtex_f	xan_p	-0.0	0.0	0.0	Inf	Inf
GLYALDtex_f	xtsn_p	-0.0	0.0	0.0	Inf	Inf
GLYALDtex_f	xyl__D_p	-0.0	0.0	0.0	Inf	Inf
GLYALDtex_f	xylu__L_p	-0.0	-1000.0	0.0	-0.0	Inf
GLYALDtex_f	ppal_p	-0.0	-1000.0	0.0	-0.0	Inf
GLYALDtex_f	psclys_p	-0.0	-1000.0	0.0	-0.0	Inf
GLYALDtex_f	pydx_p	-0.0	0.0	0.0	Inf	Inf
GLYALDtex_f	pydxn_p	-0.0	0.0	0.0	Inf	Inf
GLYALDtex_f	rib__D_p	-0.0	-1000.0	0.0	-0.0	Inf
GLYALDtex_f	rmn_p	-0.0	-1000.0	0.0	-0.0	Inf
GLYALDtex_f	sbt__D_p	-0.0	-4.482005601742458	0.0	-0.0	Inf
GLYALDtex_f	slnt_p	-0.0	0.0	0.0	Inf	Inf
GLYALDtex_f	so2_p	-0.0	-1000.0	0.0	-0.0	Inf
