Reaction	Metabolite	ShadowPrice	G-	G+	DecrementalShadowPrice	IncrementalShadowPrice
FORCT_f	12dgr120_c	-0.0	0.0	0.0	Inf	Inf
FORCT_f	12dgr140_c	-0.0	0.0	0.0	Inf	Inf
FORCT_f	12dgr160_c	-0.0	0.0	0.0004431696709958432	Inf	0.0
FORCT_f	12dgr180_c	-0.0	0.0	0.0	Inf	Inf
FORCT_f	12ppd__R_c	-0.0	-1000.0	0.0	-0.0	Inf
FORCT_f	12ppd__S_c	-0.0	0.0	0.0	Inf	Inf
FORCT_f	5drib_c	-0.0	-999.9998860349733	0.00011396502666837833	-0.0	0.0
FORCT_f	5mta_c	-0.0	0.0	0.0	Inf	Inf
FORCT_f	23dhacoa_c	-0.0	-0.0002917504689321504	0.0	-0.0	Inf
FORCT_f	5mtr_c	-0.0	0.0	0.0	Inf	Inf
FORCT_f	3amac_c	-0.0	-0.07799786209526896	0.0	-0.0	Inf
FORCT_f	LalaDgluMdap_c	-0.0	-0.0014848433144831893	0.0	-0.0	Inf
FORCT_f	ac_c	-0.0	-0.014765941849582891	0.012999643682544826	-0.0	0.0
FORCT_f	acald_c	-0.0	-0.010222575126634315	0.008999753318684885	-0.0	0.0
FORCT_f	acetol_c	-0.0	0.0	0.005318036051950145	Inf	0.0
FORCT_f	acgam_c	-0.0	-0.002888988622744457	0.0	-0.0	Inf
FORCT_f	acgam6p_c	-0.0	-0.0027400716834277278	0.0	-0.0	Inf
FORCT_f	acmalt_c	0.0	0.0	0.0	Inf	Inf
FORCT_f	acmana_c	-0.0	-0.002888988622744457	0.0	-0.0	Inf
FORCT_f	2dmmq8_c	-0.0	0.0	0.0	Inf	Inf
FORCT_f	2dmmql8_c	0.0	0.0	0.0	Inf	Inf
FORCT_f	ade_c	-0.0	-0.00382427270924449	0.0003408820575702618	-0.0	0.0
FORCT_f	adn_c	-0.0	-0.001990913507808921	0.0003408820575702618	-0.0	0.0
FORCT_f	3sala_c	0.0	0.0	0.0	Inf	Inf
FORCT_f	adphep_DD_c	-0.0	0.0	0.0	Inf	Inf
FORCT_f	adphep_LD_c	-0.0	0.0	0.0	Inf	Inf
FORCT_f	4ahmmp_c	0.0	0.0	0.0	Inf	Inf
FORCT_f	4crsol_c	-0.0	-999.9998870479958	0.00011295200420910386	-0.0	0.0
FORCT_f	2ohph_c	-0.0	-0.00011295200420910386	0.0003044148997647057	-0.0	0.0
FORCT_f	2ombzl_c	-0.0	0.0	0.0	Inf	Inf
FORCT_f	2omhmbl_c	-0.0	0.0	0.0	Inf	Inf
FORCT_f	2ommbl_c	0.0	0.0	0.0	Inf	Inf
FORCT_f	2omph_c	-0.0	0.0	0.00027319741539498385	Inf	0.0
FORCT_f	4mhetz_c	0.0	0.0	0.0	Inf	Inf
FORCT_f	2oph_c	-0.0	-0.00011295200420910386	0.0003056076442566004	-0.0	0.0
FORCT_f	2oxpaccoa_c	-0.0	-0.0002917504689321504	0.0	-0.0	Inf
FORCT_f	all__D_c	-0.0	-0.003796956475606974	0.0	-0.0	Inf
FORCT_f	alltn_c	-0.0	-0.014765941849582648	0.0	-0.0	Inf
FORCT_f	4r5au_c	-0.0	-0.00022590400840272196	0.0016793798058789904	-0.0	0.0
FORCT_f	56dura_c	0.0	0.0	0.0	Inf	Inf
FORCT_f	arab__L_c	-0.0	-0.00442978255487485	0.0	-0.0	Inf
FORCT_f	etoh_c	-0.0	-1000.0	0.0	-0.0	Inf
FORCT_f	csn_c	-0.0	0.0	0.004499876659342468	Inf	0.0
FORCT_f	fald_c	-0.0	0.0	0.0	Inf	Inf
FORCT_f	fc1p_c	-0.0	-0.0036409171683902393	0.0	-0.0	Inf
FORCT_f	fcl__L_c	-0.0	0.0	0.0	Inf	Inf
FORCT_f	aso4_c	0.0	0.0	0.0	Inf	Inf
FORCT_f	cyan_c	0.0	0.0	0.0	Inf	Inf
FORCT_f	athtp_c	0.0	0.0	0.0	Inf	Inf
FORCT_f	cytd_c	-0.0	0.0	0.002046591133695095	Inf	0.0
FORCT_f	dad_2_c	-0.0	-0.001976111176895844	0.0	-0.0	Inf
FORCT_f	dad_5_c	-0.0	-0.00382427270924449	0.00011396502666837833	-0.0	0.0
FORCT_f	betald_c	0.0	0.0	0.0	Inf	Inf
FORCT_f	btal_c	-0.0	-0.053157390658497984	0.0	-0.0	Inf
FORCT_f	for_c	-0.0	-0.055315584876098	0.0012424720462304566	-0.0	0.0
FORCT_f	dcyt_c	-0.0	0.0	0.0	Inf	Inf
FORCT_f	fru_c	-0.0	0.0	0.0	Inf	Inf
FORCT_f	ca2_c	-0.0	-0.0026363909502151728	0.2657869532924869	-0.0	0.0
FORCT_f	g3pe_c	-0.0	-0.003796956475606974	0.0	-0.0	Inf
FORCT_f	g3pi_c	0.0	0.0	0.0	Inf	Inf
FORCT_f	cbm_c	-0.0	-0.13289347664624346	0.0	-0.0	Inf
FORCT_f	dha_c	-0.0	-0.007593912951213948	0.006685531036737242	-0.0	0.0
FORCT_f	gal_c	-0.0	0.0	0.0	Inf	Inf
FORCT_f	dhgly_c	-0.0	-0.00011295200420910386	0.0011877847019584015	-0.0	0.0
FORCT_f	dhmptp_c	0.0	0.0	0.0	Inf	Inf
FORCT_f	gcald_c	-0.0	-0.012656521585356725	0.00033885601260408293	-0.0	0.0
FORCT_f	dhptd_c	-0.0	-32.585373570571406	0.00022691703090188347	-0.0	0.0
FORCT_f	cechddd_c	-0.0	0.0	0.0	Inf	Inf
FORCT_f	dhptdn_c	0.0	0.0	0.0	Inf	Inf
FORCT_f	chol_c	0.0	0.0	0.0	Inf	Inf
FORCT_f	chtbs6p_c	-0.0	0.0	0.0	Inf	Inf
FORCT_f	dmbzid_c	0.0	0.0	0.0	Inf	Inf
FORCT_f	dms_c	0.0	0.0	0.0	Inf	Inf
FORCT_f	dmso_c	0.0	0.0	0.0	Inf	Inf
FORCT_f	cl_c	-0.0	-0.0026363909502151728	0.5315739065849738	-0.0	0.0
FORCT_f	glc__D_c	-0.0	-0.003796956475606974	0.0	-0.0	Inf
FORCT_f	co2_c	-0.0	-990.7914684674819	9.208531532518123	-0.0	0.0
FORCT_f	dscl_c	-0.0	-0.00011295200420910386	0.0003509903794287109	-0.0	0.0
FORCT_f	dtdp4aaddg_c	-0.0	0.0	0.0	Inf	Inf
FORCT_f	glyald_c	-0.0	-1000.0	0.0	-0.0	Inf
FORCT_f	crn_c	-0.0	-0.2657869532924869	0.0	-0.0	Inf
FORCT_f	duri_c	-0.0	0.0	0.0	Inf	Inf
FORCT_f	glyb_c	0.0	0.0	0.0	Inf	Inf
FORCT_f	glyc_c	-0.0	-0.006644673832312309	0.0058498396571451785	-0.0	0.0
FORCT_f	dxyl_c	0.0	0.0	0.0	Inf	Inf
FORCT_f	glycogen_c	-0.0	-0.0035917155850336206	0.0	-0.0	Inf
FORCT_f	gmhep1p_c	-0.0	0.0	0.002580811613446391	Inf	0.0
FORCT_f	lipa_cold_c	-0.0	0.0	0.0	Inf	Inf
FORCT_f	lipidA_c	-0.0	-0.0002616013319808005	0.00023030864791910233	-0.0	0.0
FORCT_f	malt_c	0.0	0.0	0.0	Inf	Inf
FORCT_f	h2_c	-0.0	0.0	0.0	Inf	Inf
FORCT_f	malthx_c	-0.0	0.0	0.0	Inf	Inf
FORCT_f	maltpt_c	-0.0	0.0	0.0	Inf	Inf
FORCT_f	malttr_c	-0.0	0.0	0.0	Inf	Inf
FORCT_f	maltttr_c	-0.0	0.0	0.0	Inf	Inf
FORCT_f	h2o2_c	-0.0	-0.0019774198405037736	0.046798717257161004	-0.0	0.0
FORCT_f	man_c	-0.0	0.0	0.0	Inf	Inf
FORCT_f	mdhdhf_c	-0.0	-32.585373570571406	0.00022691703090188347	-0.0	0.0
FORCT_f	melib_c	-0.0	0.0	0.0	Inf	Inf
FORCT_f	meoh_c	-0.0	-999.9999989869775	1.0130224836757407e-06	-0.0	0.0
FORCT_f	pacald_c	-0.0	-0.2657869532924869	0.0	-0.0	Inf
FORCT_f	metsox_S__L_c	-0.0	-0.002519307614146824	0.0	-0.0	Inf
FORCT_f	mg2_c	-0.0	-0.004393984917101079	0.13289347664624346	-0.0	0.0
FORCT_f	hhlipa_c	-0.0	0.0	0.0	Inf	Inf
FORCT_f	pe120_c	-0.0	0.0	0.0	Inf	Inf
FORCT_f	mobd_c	-0.0	-6.533994860546954e-05	0.05849839657145144	-0.0	0.0
FORCT_f	hlipa_c	-0.0	0.0	0.0	Inf	Inf
FORCT_f	pg120_c	-0.0	-0.0006209975544217036	0.0	-0.0	Inf
FORCT_f	mql8_c	0.0	0.0	0.0	Inf	Inf
FORCT_f	mqn8_c	-0.0	0.0	0.0	Inf	Inf
FORCT_f	mthgxl_c	-0.0	0.0	0.005999835545789821	Inf	0.0
FORCT_f	hqn_c	0.0	0.0	0.0	Inf	Inf
FORCT_f	mththf_c	-0.0	-999.9997730829691	0.00022691703090188347	-0.0	0.0
FORCT_f	n2o_c	-0.0	-1000.0	0.0	-0.0	Inf
FORCT_f	na1_c	-0.0	0.0	0.0	Inf	Inf
FORCT_f	nac_c	-0.0	0.0	0.0	Inf	Inf
FORCT_f	ncam_c	-0.0	0.0	0.0	Inf	Inf
FORCT_f	ni2_c	-0.0	-0.0001636031271345928	999.9998363968729	-0.0	0.0
FORCT_f	no_c	-0.0	-1000.0	0.0	-0.0	Inf
FORCT_f	indole_c	-0.0	-0.002109420264226119	0.0018570919546492535	-0.0	0.0
FORCT_f	no2_c	-0.0	-0.2657869532924869	0.0	-0.0	Inf
FORCT_f	no3_c	0.0	0.0	0.0	Inf	Inf
FORCT_f	inost_c	0.0	0.0	0.0	Inf	Inf
FORCT_f	o2_c	-0.0	-13.127684180520532	986.8723158194795	-0.0	0.0
FORCT_f	poaac_c	-0.0	-0.025999287365089652	0.0	-0.0	Inf
FORCT_f	ppal_c	-0.0	0.0	0.0	Inf	Inf
FORCT_f	k_c	-0.0	-0.09886744644654755	0.23399358628580233	-0.0	0.0
FORCT_f	psclys_c	-0.0	0.0	0.0	Inf	Inf
FORCT_f	lald__D_c	-0.0	0.0	0.005318036051950145	Inf	0.0
FORCT_f	lald__L_c	-0.0	-0.008054150099772358	0.0	-0.0	Inf
FORCT_f	ura_c	-0.0	-0.00681505008442276	0.0	-0.0	Inf
FORCT_f	pydx_c	-0.0	0.0	0.0023015762585488976	Inf	0.0
FORCT_f	uracp_c	-0.0	-0.02924919828572529	0.0	-0.0	Inf
FORCT_f	pydxn_c	-0.0	0.0	0.0021936898714294117	Inf	0.0
FORCT_f	urate_c	-0.0	-0.0019774198405037736	0.0	-0.0	Inf
FORCT_f	q8_c	-0.0	0.0	0.0	Inf	Inf
FORCT_f	q8h2_c	0.0	0.0	0.0	Inf	Inf
FORCT_f	urea_c	-0.0	-1000.0	0.0	-0.0	Inf
FORCT_f	uri_c	-0.0	0.0	0.0	Inf	Inf
FORCT_f	rbflvrd_c	-0.0	0.0	0.0008931052911672026	Inf	0.0
FORCT_f	rbl__L_c	-0.0	-0.00442978255487485	0.0	-0.0	Inf
FORCT_f	rdmbzi_c	0.0	0.0	0.0	Inf	Inf
FORCT_f	thptdn_c	0.0	0.0	0.0	Inf	Inf
FORCT_f	xan_c	-0.0	0.0	0.0	Inf	Inf
FORCT_f	rephaccoa_c	-0.0	-0.0002917504689321504	0.0	-0.0	Inf
FORCT_f	rib__D_c	-0.0	0.0	0.0037539078013765588	Inf	0.0
FORCT_f	xtsn_c	-0.0	0.0	0.0018595516790924978	Inf	0.0
FORCT_f	rml_c	-0.0	-0.003908631666066001	0.0	-0.0	Inf
FORCT_f	thym_c	-0.0	-0.23399358628580233	0.0	-0.0	Inf
FORCT_f	thymd_c	-0.0	-0.002052408905733521	0.0	-0.0	Inf
FORCT_f	xu5p__L_c	-0.0	-0.004089030050653694	0.0	-0.0	Inf
FORCT_f	rmn_c	-0.0	-0.003908631666066001	0.0	-0.0	Inf
FORCT_f	xyl__D_c	0.0	0.0	0.0	Inf	Inf
FORCT_f	tmao_c	0.0	0.0	0.0	Inf	Inf
FORCT_f	xylu__D_c	-0.0	0.0	0.0	Inf	Inf
FORCT_f	xylu__L_c	-0.0	-0.00442978255487485	0.0	-0.0	Inf
FORCT_f	12ppd__R_e	-0.0	-1000.0	0.0	-0.0	Inf
FORCT_f	12ppd__S_e	-0.0	-1000.0	0.0	-0.0	Inf
FORCT_f	tre_c	-0.0	-0.001898478237803487	0.0	-0.0	Inf
FORCT_f	seln_c	0.0	0.0	0.0	Inf	Inf
FORCT_f	34dhpac_e	-0.0	-1000.0	0.0	-0.0	Inf
FORCT_f	slnt_c	0.0	0.0	0.0	Inf	Inf
FORCT_f	so2_c	0.0	0.0	0.0	Inf	Inf
FORCT_f	so3_c	-0.0	-0.014765941849582746	0.012999643682544698	-0.0	0.0
FORCT_f	so4_c	-0.0	-0.12774719722744976	0.23399358628580233	-0.0	0.0
FORCT_f	4hoxpacd_e	-0.0	-1000.0	0.0	-0.0	Inf
FORCT_f	5mtr_e	-0.0	0.0	0.0	Inf	Inf
FORCT_f	LalaDgluMdap_e	-0.0	-1000.0	0.0	-0.0	Inf
FORCT_f	ac_e	-0.0	0.0	0.0	Inf	Inf
FORCT_f	acald_e	-0.0	-1000.0	0.0	-0.0	Inf
FORCT_f	acgal_e	-0.0	-1000.0	0.0	-0.0	Inf
FORCT_f	acgam_e	-0.0	-1000.0	0.0	-0.0	Inf
FORCT_f	acmana_e	-0.0	-1000.0	0.0	-0.0	Inf
FORCT_f	tagur_c	-0.0	0.0	0.0	Inf	Inf
FORCT_f	tartr__L_c	-0.0	-0.008305842290390305	0.0	-0.0	Inf
FORCT_f	ade_e	-0.0	-1000.0	0.0	-0.0	Inf
FORCT_f	adn_e	-0.0	-1000.0	0.0	-0.0	Inf
FORCT_f	all__D_e	-0.0	-1000.0	0.0	-0.0	Inf
FORCT_f	cl_e	-0.0	-0.0026363909502151728	999.9973636090498	-0.0	0.0
FORCT_f	alltn_e	-0.0	0.0	0.0	Inf	Inf
FORCT_f	cm_e	-0.0	-1000.0	0.0	-0.0	Inf
FORCT_f	co2_e	-0.0	-990.7914684674819	9.208531532518123	-0.0	0.0
FORCT_f	arab__L_e	-0.0	-1000.0	0.0	-0.0	Inf
FORCT_f	arbt_e	-0.0	-1000.0	0.0	-0.0	Inf
FORCT_f	unagamu_c	-0.0	0.0	0.00020836472509866834	Inf	0.0
FORCT_f	crn_e	-0.0	-1000.0	0.0	-0.0	Inf
FORCT_f	csn_e	-0.0	-1000.0	0.0	-0.0	Inf
FORCT_f	cyan_e	-0.0	-1000.0	0.0	-0.0	Inf
FORCT_f	glyb_e	-0.0	-1000.0	0.0	-0.0	Inf
FORCT_f	glyc_e	-0.0	-0.006644673832312309	0.0058498396571451785	-0.0	0.0
FORCT_f	cytd_e	-0.0	-1000.0	0.0	-0.0	Inf
FORCT_f	ca2_e	-0.0	-0.0026363909502151728	999.9973636090498	-0.0	0.0
FORCT_f	dad_2_e	-0.0	-1000.0	0.0	-0.0	Inf
FORCT_f	dcyt_e	-0.0	-1000.0	0.0	-0.0	Inf
FORCT_f	chol_e	-0.0	-1000.0	0.0	-0.0	Inf
FORCT_f	dha_e	-0.0	-1000.0	0.0	-0.0	Inf
FORCT_f	ppal_e	-0.0	-1000.0	0.0	-0.0	Inf
FORCT_f	h2_e	-0.0	-1000.0	0.0	-0.0	Inf
FORCT_f	dms_e	-0.0	-1000.0	0.0	-0.0	Inf
FORCT_f	dmso_e	-0.0	-1000.0	0.0	-0.0	Inf
FORCT_f	h2o2_e	-0.0	-1000.0	0.0	-0.0	Inf
FORCT_f	psclys_e	-0.0	-1000.0	0.0	-0.0	Inf
FORCT_f	duri_e	-0.0	-1000.0	0.0	-0.0	Inf
FORCT_f	pydx_e	-0.0	-1000.0	0.0	-0.0	Inf
FORCT_f	pydxn_e	-0.0	-1000.0	0.0	-0.0	Inf
FORCT_f	etoh_e	-0.0	-1000.0	0.0	-0.0	Inf
FORCT_f	fald_e	-0.0	0.0	0.0	Inf	Inf
FORCT_f	rib__D_e	-0.0	-1000.0	0.0	-0.0	Inf
FORCT_f	rmn_e	-0.0	-1000.0	0.0	-0.0	Inf
FORCT_f	indole_e	-0.0	-1000.0	0.0	-0.0	Inf
FORCT_f	inost_e	-0.0	-1000.0	0.0	-0.0	Inf
FORCT_f	sbt__D_e	-0.0	-0.0035438260438999166	0.0	-0.0	Inf
FORCT_f	k_e	-0.0	-0.09886744644654755	999.9011325535535	-0.0	0.0
FORCT_f	for_e	-0.0	0.0	0.0012424720462304566	Inf	0.0
FORCT_f	slnt_e	-0.0	0.0	1000.0	Inf	0.0
FORCT_f	fru_e	-0.0	-1000.0	0.0	-0.0	Inf
FORCT_f	so2_e	-0.0	-1000.0	0.0	-0.0	Inf
FORCT_f	so3_e	-0.0	-1000.0	0.0	-0.0	Inf
FORCT_f	so4_e	-0.0	-0.12774719722744976	999.8722528027726	-0.0	0.0
FORCT_f	lipa_cold_e	-0.0	-1000.0	0.0	-0.0	Inf
FORCT_f	sucr_e	-0.0	-1000.0	0.0	-0.0	Inf
FORCT_f	g3pe_e	-0.0	-1000.0	0.0	-0.0	Inf
FORCT_f	malt_e	-0.0	-1000.0	0.0	-0.0	Inf
FORCT_f	tartr__L_e	-0.0	-1000.0	0.0	-0.0	Inf
FORCT_f	g3pi_e	-0.0	-1000.0	0.0	-0.0	Inf
FORCT_f	malthx_e	-0.0	-1000.0	0.0	-0.0	Inf
FORCT_f	maltpt_e	-0.0	-1000.0	0.0	-0.0	Inf
FORCT_f	gal_e	-0.0	-1000.0	0.0	-0.0	Inf
FORCT_f	gal_bD_e	-0.0	-1000.0	0.0	-0.0	Inf
FORCT_f	malttr_e	-0.0	-1000.0	0.0	-0.0	Inf
FORCT_f	maltttr_e	-0.0	-1000.0	0.0	-0.0	Inf
FORCT_f	man_e	-0.0	-1000.0	0.0	-0.0	Inf
FORCT_f	thym_e	-0.0	-1000.0	0.0	-0.0	Inf
FORCT_f	thymd_e	-0.0	-1000.0	0.0	-0.0	Inf
FORCT_f	galt_e	-0.0	-0.0035438260438999166	0.0	-0.0	Inf
FORCT_f	melib_e	-0.0	-1000.0	0.0	-0.0	Inf
FORCT_f	meoh_e	-0.0	-999.9999989869775	1.0130224836757407e-06	-0.0	0.0
FORCT_f	tmao_e	-0.0	-1000.0	0.0	-0.0	Inf
FORCT_f	tre_e	-0.0	-1000.0	0.0	-0.0	Inf
FORCT_f	metsox_S__L_e	-0.0	-1000.0	0.0	-0.0	Inf
FORCT_f	glc__D_e	-0.0	-1000.0	0.0	-0.0	Inf
FORCT_f	mg2_e	-0.0	-0.004393984917101079	999.9956060150829	-0.0	0.0
FORCT_f	mnl_e	-0.0	-1000.0	0.0	-0.0	Inf
FORCT_f	mobd_e	-0.0	-6.533994860546954e-05	999.9999346600514	-0.0	0.0
FORCT_f	glyald_e	-0.0	-1000.0	0.0	-0.0	Inf
FORCT_f	n2o_e	-0.0	-1000.0	0.0	-0.0	Inf
FORCT_f	na1_e	-0.0	0.0	1000.0	Inf	0.0
FORCT_f	nac_e	-0.0	-1000.0	0.0	-0.0	Inf
FORCT_f	ni2_e	-0.0	-0.0001636031271345928	999.9998363968729	-0.0	0.0
FORCT_f	no_e	-0.0	-1000.0	0.0	-0.0	Inf
FORCT_f	no2_e	-0.0	-1000.0	0.0	-0.0	Inf
FORCT_f	ura_e	-0.0	-1000.0	0.0	-0.0	Inf
FORCT_f	no3_e	-0.0	-1000.0	0.0	-0.0	Inf
FORCT_f	urea_e	-0.0	-1000.0	0.0	-0.0	Inf
FORCT_f	novbcn_e	-0.0	-1000.0	0.0	-0.0	Inf
FORCT_f	uri_e	-0.0	-1000.0	0.0	-0.0	Inf
FORCT_f	o2_e	-0.0	-13.127684180520532	986.8723158194795	-0.0	0.0
FORCT_f	xan_e	-0.0	0.0	0.0	Inf	Inf
FORCT_f	xtsn_e	-0.0	-1000.0	0.0	-0.0	Inf
FORCT_f	xyl__D_e	-0.0	-1000.0	0.0	-0.0	Inf
FORCT_f	xylu__L_e	-0.0	-1000.0	0.0	-0.0	Inf
FORCT_f	pacald_e	-0.0	-1000.0	0.0	-0.0	Inf
FORCT_f	12dgr120_p	-0.0	0.0	0.0	Inf	Inf
FORCT_f	12dgr140_p	-0.0	0.0	0.0	Inf	Inf
FORCT_f	12dgr160_p	-0.0	0.0	0.0	Inf	Inf
FORCT_f	12dgr180_p	-0.0	0.0	0.0	Inf	Inf
FORCT_f	12ppd__R_p	-0.0	-1000.0	0.0	-0.0	Inf
FORCT_f	12ppd__S_p	-0.0	0.0	0.0	Inf	Inf
FORCT_f	chol_p	-0.0	-1000.0	0.0	-0.0	Inf
FORCT_f	cl_p	-0.0	-0.0026363909502151728	999.9973636090498	-0.0	0.0
FORCT_f	34dhpac_p	-0.0	-1000.0	0.0	-0.0	Inf
FORCT_f	cm_p	-0.0	0.0	0.0	Inf	Inf
FORCT_f	4hoxpacd_p	-0.0	-1000.0	0.0	-0.0	Inf
FORCT_f	co2_p	-0.0	-990.7914684674819	9.208531532518123	-0.0	0.0
FORCT_f	5mtr_p	-0.0	0.0	0.0	Inf	Inf
FORCT_f	LalaDgluMdap_p	-0.0	-0.001518782590242806	0.0	-0.0	Inf
FORCT_f	gal_p	-0.0	-1000.0	0.0	-0.0	Inf
FORCT_f	ac_p	-0.0	-0.015634526664264306	0.0	-0.0	Inf
FORCT_f	crn_p	-0.0	-1000.0	0.0	-0.0	Inf
FORCT_f	gal_bD_p	-0.0	-1000.0	0.0	-0.0	Inf
FORCT_f	acald_p	-0.0	-1000.0	0.0	-0.0	Inf
FORCT_f	acgal_p	-0.0	-1000.0	0.0	-0.0	Inf
FORCT_f	csn_p	-0.0	0.0	0.0	Inf	Inf
FORCT_f	acgam_p	-0.0	-1000.0	0.0	-0.0	Inf
FORCT_f	galt_p	-0.0	-0.0035438260438999166	0.0	-0.0	Inf
FORCT_f	acmana_p	-0.0	-1000.0	0.0	-0.0	Inf
FORCT_f	cyan_p	-0.0	0.0	0.0	Inf	Inf
FORCT_f	ade_p	-0.0	-1000.0	0.0	-0.0	Inf
FORCT_f	adn_p	-0.0	0.0	0.0003408820575702618	Inf	0.0
FORCT_f	cytd_p	-0.0	0.0	0.0	Inf	Inf
FORCT_f	glc__D_p	-0.0	-1000.0	0.0	-0.0	Inf
FORCT_f	dad_2_p	-0.0	-1000.0	0.0	-0.0	Inf
FORCT_f	dcyt_p	-0.0	-1000.0	0.0	-0.0	Inf
FORCT_f	all__D_p	-0.0	0.0	0.0	Inf	Inf
FORCT_f	alltn_p	-0.0	0.0	0.0	Inf	Inf
FORCT_f	dha_p	-0.0	-1000.0	0.0	-0.0	Inf
FORCT_f	glyald_p	-0.0	-1000.0	0.0	-0.0	Inf
FORCT_f	glyb_p	0.0	0.0	0.0	Inf	Inf
FORCT_f	dms_p	-0.0	-1000.0	0.0	-0.0	Inf
FORCT_f	glyc_p	-0.0	-0.006644673832312309	0.0058498396571451785	-0.0	0.0
FORCT_f	dmso_p	-0.0	-1000.0	0.0	-0.0	Inf
FORCT_f	arab__L_p	-0.0	0.0	0.0	Inf	Inf
FORCT_f	arbt_p	0.0	0.0	0.0	Inf	Inf
FORCT_f	ca2_p	-0.0	-0.0026363909502151728	999.9973636090498	-0.0	0.0
FORCT_f	duri_p	-0.0	-1000.0	0.0	-0.0	Inf
FORCT_f	h2_p	-0.0	-1000.0	0.0	-0.0	Inf
FORCT_f	h2o2_p	-0.0	-1000.0	0.0	-0.0	Inf
FORCT_f	etoh_p	-0.0	-1000.0	0.0	-0.0	Inf
FORCT_f	fald_p	-0.0	0.0	0.0	Inf	Inf
FORCT_f	n2o_p	-0.0	-1000.0	0.0	-0.0	Inf
FORCT_f	na1_p	-0.0	0.0	0.0	Inf	Inf
FORCT_f	indole_p	-0.0	0.0	0.0018719486902864478	Inf	0.0
FORCT_f	nac_p	-0.0	-1000.0	0.0	-0.0	Inf
FORCT_f	ni2_p	-0.0	-0.0001636031271345928	999.9998363968729	-0.0	0.0
FORCT_f	inost_p	-0.0	-1000.0	0.0	-0.0	Inf
FORCT_f	no_p	-0.0	-1000.0	0.0	-0.0	Inf
FORCT_f	no2_p	-0.0	-1000.0	0.0	-0.0	Inf
FORCT_f	for_p	-0.0	0.0	0.0012424720462304566	Inf	0.0
FORCT_f	fru_p	-0.0	-1000.0	0.0	-0.0	Inf
FORCT_f	no3_p	-0.0	0.0	0.0	Inf	Inf
FORCT_f	k_p	-0.0	-0.09886744644654755	999.9011325535535	-0.0	0.0
FORCT_f	novbcn_p	-0.0	0.0	0.0	Inf	Inf
FORCT_f	o2_p	-0.0	-13.127684180520532	986.8723158194795	-0.0	0.0
FORCT_f	lipa_cold_p	-0.0	-0.05849839657145144	0.0	-0.0	Inf
FORCT_f	g3pe_p	-0.0	0.0	0.0	Inf	Inf
FORCT_f	g3pi_p	-0.0	0.0	0.0	Inf	Inf
FORCT_f	so3_p	-0.0	-1000.0	0.0	-0.0	Inf
FORCT_f	so4_p	-0.0	-0.12774719722744976	999.8722528027726	-0.0	0.0
FORCT_f	malt_p	0.0	0.0	0.0	Inf	Inf
FORCT_f	malthx_p	0.0	0.0	0.0	Inf	Inf
FORCT_f	maltpt_p	0.0	0.0	0.0	Inf	Inf
FORCT_f	sucr_p	-0.0	-1000.0	0.0	-0.0	Inf
FORCT_f	malttr_p	0.0	0.0	0.0	Inf	Inf
FORCT_f	maltttr_p	0.0	0.0	0.0	Inf	Inf
FORCT_f	pacald_p	-0.0	-1000.0	0.0	-0.0	Inf
FORCT_f	man_p	-0.0	-1000.0	0.0	-0.0	Inf
FORCT_f	tartr__L_p	-0.0	-1000.0	0.0	-0.0	Inf
FORCT_f	pe120_p	-0.0	-0.0006358539552451906	0.0	-0.0	Inf
FORCT_f	melib_p	-0.0	-1000.0	0.0	-0.0	Inf
FORCT_f	meoh_p	-0.0	-999.9999989869775	1.0130224836757407e-06	-0.0	0.0
FORCT_f	thym_p	-0.0	-1000.0	0.0	-0.0	Inf
FORCT_f	thymd_p	-0.0	-0.002068380959474637	0.0	-0.0	Inf
FORCT_f	pg120_p	-0.0	-0.0006152475770659523	0.0	-0.0	Inf
FORCT_f	metsox_S__L_p	-0.0	-1000.0	0.0	-0.0	Inf
FORCT_f	tmao_p	-0.0	-1000.0	0.0	-0.0	Inf
FORCT_f	mg2_p	-0.0	-0.004393984917101079	999.9956060150829	-0.0	0.0
FORCT_f	tre_p	-0.0	0.0	0.0	Inf	Inf
FORCT_f	mnl_p	-0.0	0.0	0.0	Inf	Inf
FORCT_f	mobd_p	-0.0	-6.533994860546954e-05	999.9999346600514	-0.0	0.0
FORCT_f	ura_p	-0.0	-1000.0	0.0	-0.0	Inf
FORCT_f	urea_p	-0.0	-1000.0	0.0	-0.0	Inf
FORCT_f	uri_p	-0.0	0.0	0.0	Inf	Inf
FORCT_f	xan_p	-0.0	0.0	0.0	Inf	Inf
FORCT_f	xtsn_p	-0.0	0.0	0.0	Inf	Inf
FORCT_f	xyl__D_p	-0.0	0.0	0.0	Inf	Inf
FORCT_f	xylu__L_p	-0.0	-1000.0	0.0	-0.0	Inf
FORCT_f	ppal_p	-0.0	-1000.0	0.0	-0.0	Inf
FORCT_f	psclys_p	-0.0	-1000.0	0.0	-0.0	Inf
FORCT_f	pydx_p	-0.0	0.0	0.0	Inf	Inf
FORCT_f	pydxn_p	-0.0	0.0	0.0	Inf	Inf
FORCT_f	rib__D_p	-0.0	-1000.0	0.0	-0.0	Inf
FORCT_f	rmn_p	-0.0	-1000.0	0.0	-0.0	Inf
FORCT_f	sbt__D_p	-0.0	-0.0035438260438999166	0.0	-0.0	Inf
FORCT_f	slnt_p	-0.0	0.0	0.0	Inf	Inf
FORCT_f	so2_p	-0.0	-1000.0	0.0	-0.0	Inf
