Reaction	Metabolite	ShadowPrice	G-	G+	DecrementalShadowPrice	IncrementalShadowPrice
DURIPP_f	12dgr120_c	-0.0	0.0	0.0	Inf	Inf
DURIPP_f	12dgr140_c	-0.0	0.0	0.0	Inf	Inf
DURIPP_f	12dgr160_c	-0.0	-0.021269710533196297	0.0	-0.0	Inf
DURIPP_f	12dgr180_c	-0.0	0.0	0.0	Inf	Inf
DURIPP_f	12ppd__R_c	-0.0	-1000.0	0.0	-0.0	Inf
DURIPP_f	12ppd__S_c	-0.0	0.0	0.0	Inf	Inf
DURIPP_f	5drib_c	-0.0	-999.9999256723376	7.432766240797904e-05	-0.0	0.0
DURIPP_f	5mta_c	-0.0	-0.0372158272384695	0.0	-0.0	Inf
DURIPP_f	23dhacoa_c	-0.0	-0.00019198535210307455	0.0	-0.0	Inf
DURIPP_f	5mtr_c	-0.0	-1000.0	0.0	-0.0	Inf
DURIPP_f	3amac_c	-0.0	-1.5999953336947783	0.0	-0.0	Inf
DURIPP_f	LalaDgluMdap_c	-0.0	-0.009261960013421172	0.0	-0.0	Inf
DURIPP_f	ac_c	-0.0	-109.90410799954712	0.9374923246532489	-0.0	0.0
DURIPP_f	acald_c	-0.0	0.0	7.613810316690433	Inf	0.0
DURIPP_f	acetol_c	-0.0	0.0	0.0	Inf	Inf
DURIPP_f	acgam_c	-0.0	-0.03149359715517458	0.0	-0.0	Inf
DURIPP_f	acgam6p_c	-0.0	-0.03149359715517458	0.0	-0.0	Inf
DURIPP_f	acmalt_c	0.0	0.0	0.0	Inf	Inf
DURIPP_f	acmana_c	-0.0	-0.03149359715517458	0.0	-0.0	Inf
DURIPP_f	2dmmq8_c	-0.0	0.0	0.0	Inf	Inf
DURIPP_f	2dmmql8_c	0.0	0.0	0.0	Inf	Inf
DURIPP_f	ade_c	-0.0	-0.0372158272384695	0.0002229829872239371	-0.0	0.0
DURIPP_f	adn_c	-0.0	0.0	0.0002229829872239371	Inf	0.0
DURIPP_f	3sala_c	0.0	0.0	0.0	Inf	Inf
DURIPP_f	adphep_DD_c	-0.0	0.0	0.0	Inf	Inf
DURIPP_f	adphep_LD_c	-0.0	0.0	0.0	Inf	Inf
DURIPP_f	4ahmmp_c	0.0	0.0	0.0	Inf	Inf
DURIPP_f	4crsol_c	-0.0	-999.9999256723376	7.432766240797904e-05	-0.0	0.0
DURIPP_f	2ohph_c	-0.0	-7.432766240797904e-05	0.3341340538176679	-0.0	0.0
DURIPP_f	2ombzl_c	-0.0	0.0	0.0	Inf	Inf
DURIPP_f	2omhmbl_c	-0.0	0.0	0.0	Inf	Inf
DURIPP_f	2ommbl_c	-0.0	0.0	0.0	Inf	Inf
DURIPP_f	2omph_c	-0.0	0.0	0.3159085599730678	Inf	0.0
DURIPP_f	4mhetz_c	0.0	0.0	0.0	Inf	Inf
DURIPP_f	2oph_c	-0.0	-7.432766240797904e-05	0.3341340538176679	-0.0	0.0
DURIPP_f	2oxpaccoa_c	-0.0	-0.00019198535210307455	0.0	-0.0	Inf
DURIPP_f	all__D_c	-0.0	-0.3478791988497756	0.0	-0.0	Inf
DURIPP_f	alltn_c	-0.0	-0.3478791988497756	0.0	-0.0	Inf
DURIPP_f	4r5au_c	-0.0	-0.00014865532564998105	0.10000116657630542	-0.0	0.0
DURIPP_f	56dura_c	0.0	0.0	0.0	Inf	Inf
DURIPP_f	arab__L_c	-0.0	-0.3478791988497756	0.0	-0.0	Inf
DURIPP_f	etoh_c	-0.0	-1000.0	0.0	-0.0	Inf
DURIPP_f	csn_c	-0.0	0.0	0.051292086603666576	Inf	0.0
DURIPP_f	fald_c	-0.0	0.0	0.0	Inf	Inf
DURIPP_f	fc1p_c	-0.0	-0.04709840656532803	0.0	-0.0	Inf
DURIPP_f	fcl__L_c	-0.0	0.0	0.0	Inf	Inf
DURIPP_f	aso4_c	0.0	0.0	0.0	Inf	Inf
DURIPP_f	cyan_c	0.0	0.0	0.0	Inf	Inf
DURIPP_f	athtp_c	0.0	0.0	0.0	Inf	Inf
DURIPP_f	cytd_c	-0.0	0.0	0.0	Inf	Inf
DURIPP_f	dad_2_c	-0.0	0.0	0.0	Inf	Inf
DURIPP_f	dad_5_c	-0.0	-0.0372158272384695	7.432766240797904e-05	-0.0	0.0
DURIPP_f	betald_c	0.0	0.0	0.0	Inf	Inf
DURIPP_f	btal_c	-0.0	-0.9374923246532489	0.0	-0.0	Inf
DURIPP_f	for_c	-0.0	-544.2497033282197	0.0008176042891044837	-0.0	0.0
DURIPP_f	dcyt_c	-0.0	-0.00872133459449742	0.0	-0.0	Inf
DURIPP_f	fru_c	-0.0	-0.3478791988497756	7.613810316690433	-0.0	0.0
DURIPP_f	ca2_c	-0.0	-0.0017348676360597892	999.9982651323639	-0.0	0.0
DURIPP_f	g3pe_c	-0.0	0.0	0.0	Inf	Inf
DURIPP_f	g3pi_c	0.0	0.0	0.0	Inf	Inf
DURIPP_f	cbm_c	-0.0	-1.5999953336947783	0.0	-0.0	Inf
DURIPP_f	dha_c	-0.0	-77.7499576183171	0.0	-0.0	Inf
DURIPP_f	gal_c	-0.0	0.0	0.0	Inf	Inf
DURIPP_f	dhgly_c	-0.0	-7.432766240797904e-05	0.4000046663052217	-0.0	0.0
DURIPP_f	dhmptp_c	0.0	0.0	0.0	Inf	Inf
DURIPP_f	gcald_c	-0.0	-0.3478791988497756	0.00022298298733858246	-0.0	0.0
DURIPP_f	dhptd_c	-0.0	-59.12084292828513	0.00014865532481595807	-0.0	0.0
DURIPP_f	cechddd_c	-0.0	0.0	0.0	Inf	Inf
DURIPP_f	dhptdn_c	0.0	0.0	0.0	Inf	Inf
DURIPP_f	chol_c	0.0	0.0	0.0	Inf	Inf
DURIPP_f	chtbs6p_c	-0.0	0.0	0.0	Inf	Inf
DURIPP_f	dmbzid_c	0.0	0.0	0.0	Inf	Inf
DURIPP_f	dms_c	0.0	0.0	0.0	Inf	Inf
DURIPP_f	dmso_c	0.0	0.0	0.0	Inf	Inf
DURIPP_f	cl_c	-0.0	-0.0017348676360248022	999.9982651323639	-0.0	0.0
DURIPP_f	glc__D_c	-0.0	-0.3478791988497756	7.613810316690433	-0.0	0.0
DURIPP_f	co2_c	-0.0	-943.6817274682143	56.31745492749667	-0.0	0.0
DURIPP_f	dscl_c	-0.0	-7.432766240797904e-05	0.08522657496847717	-0.0	0.0
DURIPP_f	dtdp4aaddg_c	-0.0	0.0	0.0	Inf	Inf
DURIPP_f	glyald_c	-0.0	-1000.0	0.0	-0.0	Inf
DURIPP_f	crn_c	-0.0	-1000.0	0.0	-0.0	Inf
DURIPP_f	duri_c	-0.0	-0.00872133459449742	0.0	-0.0	Inf
DURIPP_f	glyb_c	0.0	0.0	0.0	Inf	Inf
DURIPP_f	glyc_c	-0.0	-66.64282081570038	0.0	-0.0	Inf
DURIPP_f	dxyl_c	0.0	0.0	0.0	Inf	Inf
DURIPP_f	glycogen_c	-0.0	-0.3478791988497756	0.0	-0.0	Inf
DURIPP_f	gmhep1p_c	-0.0	0.0	4.758486259935893	Inf	0.0
DURIPP_f	lipa_cold_c	-0.0	0.0	0.0	Inf	Inf
DURIPP_f	lipidA_c	-0.0	-0.00648483856410819	0.20000233315261084	-0.0	0.0
DURIPP_f	malt_c	0.0	0.0	0.0	Inf	Inf
DURIPP_f	h2_c	-0.0	0.0	0.0	Inf	Inf
DURIPP_f	malthx_c	-0.0	0.0	0.0	Inf	Inf
DURIPP_f	maltpt_c	-0.0	0.0	0.0	Inf	Inf
DURIPP_f	malttr_c	-0.0	0.0	0.0	Inf	Inf
DURIPP_f	maltttr_c	-0.0	0.0	0.0	Inf	Inf
DURIPP_f	h2o2_c	-0.0	-0.00046763098884362885	9.60278249140787	-0.0	0.0
DURIPP_f	man_c	-0.0	0.0	0.0	Inf	Inf
DURIPP_f	mdhdhf_c	-0.0	-59.12084292828513	0.00014865532481595807	-0.0	0.0
DURIPP_f	melib_c	-0.0	0.0	0.0	Inf	Inf
DURIPP_f	meoh_c	-0.0	-1000.0	0.0	-0.0	Inf
DURIPP_f	pacald_c	-0.0	-1000.0	0.0	-0.0	Inf
DURIPP_f	metsox_S__L_c	-0.0	-0.0372158272384695	0.0	-0.0	Inf
DURIPP_f	mg2_c	-0.0	-0.0028914460600413367	999.9971085539399	-0.0	0.0
DURIPP_f	hhlipa_c	-0.0	0.0	0.0	Inf	Inf
DURIPP_f	pe120_c	-0.0	0.0	0.0	Inf	Inf
DURIPP_f	mobd_c	-0.0	-4.299671945773298e-05	175.52501415162834	-0.0	0.0
DURIPP_f	hlipa_c	-0.0	0.0	0.0	Inf	Inf
DURIPP_f	pg120_c	-0.0	0.0	0.0	Inf	Inf
DURIPP_f	mql8_c	0.0	0.0	0.0	Inf	Inf
DURIPP_f	mqn8_c	-0.0	0.0	0.0	Inf	Inf
DURIPP_f	mthgxl_c	-0.0	-76.67728465084683	0.0	-0.0	Inf
DURIPP_f	hqn_c	0.0	0.0	0.0	Inf	Inf
DURIPP_f	mththf_c	-0.0	-999.9998513446752	0.00014865532481595807	-0.0	0.0
DURIPP_f	n2o_c	-0.0	-1000.0	0.0	-0.0	Inf
DURIPP_f	na1_c	-0.0	0.0	0.0	Inf	Inf
DURIPP_f	nac_c	-0.0	0.0	0.0	Inf	Inf
DURIPP_f	ncam_c	-0.0	0.0	0.0	Inf	Inf
DURIPP_f	ni2_c	-0.0	-0.00010765845272545842	999.9998923415473	-0.0	0.0
DURIPP_f	no_c	-0.0	-1000.0	0.0	-0.0	Inf
DURIPP_f	indole_c	-0.0	-0.018946221140164806	0.4000046663052217	-0.0	0.0
DURIPP_f	no2_c	-0.0	-1000.0	0.0	-0.0	Inf
DURIPP_f	no3_c	0.0	0.0	0.0	Inf	Inf
DURIPP_f	inost_c	0.0	0.0	0.0	Inf	Inf
DURIPP_f	o2_c	-0.0	-54.60702679720245	945.3929732027975	-0.0	0.0
DURIPP_f	poaac_c	-0.0	-1.5999953336947783	0.0	-0.0	Inf
DURIPP_f	ppal_c	-0.0	0.0	0.0	Inf	Inf
DURIPP_f	k_c	-0.0	-0.06505936954439755	702.1000566065134	-0.0	0.0
DURIPP_f	psclys_c	-0.0	0.0	0.0	Inf	Inf
DURIPP_f	lald__D_c	-0.0	0.0	0.0	Inf	Inf
DURIPP_f	lald__L_c	-0.0	-70.15155829758328	0.0	-0.0	Inf
DURIPP_f	ura_c	-0.0	-0.11025658783066009	0.0	-0.0	Inf
DURIPP_f	pydx_c	-0.0	0.0	0.00046763098884362885	Inf	0.0
DURIPP_f	uracp_c	-0.0	-0.7999976668473892	0.0	-0.0	Inf
DURIPP_f	pydxn_c	-0.0	0.0	0.4000046663052217	Inf	0.0
DURIPP_f	urate_c	-0.0	-0.00046763098884362885	0.0	-0.0	Inf
DURIPP_f	q8_c	-0.0	0.0	0.0	Inf	Inf
DURIPP_f	q8h2_c	0.0	0.0	0.0	Inf	Inf
DURIPP_f	urea_c	-0.0	-1000.0	0.0	-0.0	Inf
DURIPP_f	uri_c	-0.0	0.0	0.0	Inf	Inf
DURIPP_f	rbflvrd_c	-0.0	0.0	0.10000116657630542	Inf	0.0
DURIPP_f	rbl__L_c	-0.0	-0.3478791988497756	0.0	-0.0	Inf
DURIPP_f	rdmbzi_c	0.0	0.0	0.0	Inf	Inf
DURIPP_f	thptdn_c	0.0	0.0	0.0	Inf	Inf
DURIPP_f	xan_c	-0.0	0.0	0.0	Inf	Inf
DURIPP_f	rephaccoa_c	-0.0	-0.00019198535210307455	0.0	-0.0	Inf
DURIPP_f	rib__D_c	-0.0	0.0	7.613810316690433	Inf	0.0
DURIPP_f	xtsn_c	-0.0	0.0	0.10000116657630542	Inf	0.0
DURIPP_f	rml_c	-0.0	-0.04709840656532803	0.0	-0.0	Inf
DURIPP_f	thym_c	-0.0	-702.1000566065134	0.0	-0.0	Inf
DURIPP_f	thymd_c	-0.0	-0.00872133459449742	0.0	-0.0	Inf
DURIPP_f	xu5p__L_c	-0.0	-0.3215191359469145	0.0	-0.0	Inf
DURIPP_f	rmn_c	-0.0	-0.04709840656532803	0.0	-0.0	Inf
DURIPP_f	xyl__D_c	0.0	0.0	0.0	Inf	Inf
DURIPP_f	tmao_c	0.0	0.0	0.0	Inf	Inf
DURIPP_f	xylu__D_c	-0.0	0.0	0.0	Inf	Inf
DURIPP_f	xylu__L_c	-0.0	-0.3478791988497756	0.0	-0.0	Inf
DURIPP_f	12ppd__R_e	-0.0	-1000.0	0.0	-0.0	Inf
DURIPP_f	12ppd__S_e	-0.0	-1000.0	0.0	-0.0	Inf
DURIPP_f	tre_c	-0.0	-0.1739395994248878	0.0	-0.0	Inf
DURIPP_f	seln_c	0.0	0.0	0.0	Inf	Inf
DURIPP_f	34dhpac_e	-0.0	-1000.0	0.0	-0.0	Inf
DURIPP_f	slnt_c	0.0	0.0	0.0	Inf	Inf
DURIPP_f	so2_c	0.0	0.0	0.0	Inf	Inf
DURIPP_f	so3_c	-0.0	-0.08261636334404338	35.10500283032567	-0.0	0.0
DURIPP_f	so4_c	-0.0	-0.08406225302801563	702.1000566065134	-0.0	0.0
DURIPP_f	4hoxpacd_e	-0.0	-1000.0	0.0	-0.0	Inf
DURIPP_f	5mtr_e	-0.0	-1000.0	0.0	-0.0	Inf
DURIPP_f	LalaDgluMdap_e	-0.0	-1000.0	0.0	-0.0	Inf
DURIPP_f	ac_e	-0.0	0.0	0.0	Inf	Inf
DURIPP_f	acald_e	-0.0	-1000.0	0.0	-0.0	Inf
DURIPP_f	acgal_e	-0.0	-1000.0	0.0	-0.0	Inf
DURIPP_f	acgam_e	-0.0	-1000.0	0.0	-0.0	Inf
DURIPP_f	acmana_e	-0.0	-1000.0	0.0	-0.0	Inf
DURIPP_f	tagur_c	-0.0	0.0	0.0	Inf	Inf
DURIPP_f	tartr__L_c	-0.0	-0.3478791988497756	0.0	-0.0	Inf
DURIPP_f	ade_e	-0.0	-1000.0	0.0	-0.0	Inf
DURIPP_f	adn_e	-0.0	-1000.0	0.0	-0.0	Inf
DURIPP_f	all__D_e	-0.0	-1000.0	0.0	-0.0	Inf
DURIPP_f	cl_e	-0.0	-0.0017348676360597892	999.9982651323639	-0.0	0.0
DURIPP_f	alltn_e	-0.0	0.0	0.0	Inf	Inf
DURIPP_f	cm_e	-0.0	-1000.0	0.0	-0.0	Inf
DURIPP_f	co2_e	-0.0	-943.6817274682143	56.31827253178574	-0.0	0.0
DURIPP_f	arab__L_e	-0.0	-1000.0	0.0	-0.0	Inf
DURIPP_f	arbt_e	-0.0	-1000.0	0.0	-0.0	Inf
DURIPP_f	unagamu_c	-0.0	0.0	0.20000233315261084	Inf	0.0
DURIPP_f	crn_e	-0.0	-1000.0	0.0	-0.0	Inf
DURIPP_f	csn_e	-0.0	-1000.0	0.0	-0.0	Inf
DURIPP_f	cyan_e	-0.0	-1000.0	0.0	-0.0	Inf
DURIPP_f	glyb_e	-0.0	-1000.0	0.0	-0.0	Inf
DURIPP_f	glyc_e	-0.0	-1000.0	0.0	-0.0	Inf
DURIPP_f	cytd_e	-0.0	-1000.0	0.0	-0.0	Inf
DURIPP_f	ca2_e	-0.0	-0.0017348676360597892	999.9982651323639	-0.0	0.0
DURIPP_f	dad_2_e	-0.0	-1000.0	0.0	-0.0	Inf
DURIPP_f	dcyt_e	-0.0	-1000.0	0.0	-0.0	Inf
DURIPP_f	chol_e	-0.0	-1000.0	0.0	-0.0	Inf
DURIPP_f	dha_e	-0.0	-1000.0	0.0	-0.0	Inf
DURIPP_f	ppal_e	-0.0	-1000.0	0.0	-0.0	Inf
DURIPP_f	h2_e	-0.0	-1000.0	0.0	-0.0	Inf
DURIPP_f	dms_e	-0.0	-1000.0	0.0	-0.0	Inf
DURIPP_f	dmso_e	-0.0	-1000.0	0.0	-0.0	Inf
DURIPP_f	h2o2_e	-0.0	-1000.0	0.0	-0.0	Inf
DURIPP_f	psclys_e	-0.0	-1000.0	0.0	-0.0	Inf
DURIPP_f	duri_e	-0.0	-1000.0	0.0	-0.0	Inf
DURIPP_f	pydx_e	-0.0	-1000.0	0.0	-0.0	Inf
DURIPP_f	pydxn_e	-0.0	-1000.0	0.0	-0.0	Inf
DURIPP_f	etoh_e	-0.0	-1000.0	0.0	-0.0	Inf
DURIPP_f	fald_e	-0.0	0.0	0.0	Inf	Inf
DURIPP_f	rib__D_e	-0.0	-1000.0	0.0	-0.0	Inf
DURIPP_f	rmn_e	-0.0	-1000.0	0.0	-0.0	Inf
DURIPP_f	indole_e	-0.0	-1000.0	0.0	-0.0	Inf
DURIPP_f	inost_e	-0.0	-1000.0	0.0	-0.0	Inf
DURIPP_f	sbt__D_e	-0.0	-34.34503374985848	0.0	-0.0	Inf
DURIPP_f	k_e	-0.0	-0.06505936954442859	999.9349406304556	-0.0	0.0
DURIPP_f	for_e	-0.0	0.0	0.0008176042891044837	Inf	0.0
DURIPP_f	slnt_e	-0.0	0.0	1000.0	Inf	0.0
DURIPP_f	fru_e	-0.0	-1000.0	0.0	-0.0	Inf
DURIPP_f	so2_e	-0.0	-1000.0	0.0	-0.0	Inf
DURIPP_f	so3_e	-0.0	-1000.0	0.0	-0.0	Inf
DURIPP_f	so4_e	-0.0	-0.08406225302803705	999.915937746972	-0.0	0.0
DURIPP_f	lipa_cold_e	-0.0	-1000.0	0.0	-0.0	Inf
DURIPP_f	sucr_e	-0.0	-1000.0	0.0	-0.0	Inf
DURIPP_f	g3pe_e	-0.0	-1000.0	0.0	-0.0	Inf
DURIPP_f	malt_e	-0.0	-1000.0	0.0	-0.0	Inf
DURIPP_f	tartr__L_e	-0.0	-1000.0	0.0	-0.0	Inf
DURIPP_f	g3pi_e	-0.0	-1000.0	0.0	-0.0	Inf
DURIPP_f	malthx_e	-0.0	-1000.0	0.0	-0.0	Inf
DURIPP_f	maltpt_e	-0.0	-1000.0	0.0	-0.0	Inf
DURIPP_f	gal_e	-0.0	-1000.0	0.0	-0.0	Inf
DURIPP_f	gal_bD_e	-0.0	-1000.0	0.0	-0.0	Inf
DURIPP_f	malttr_e	-0.0	-1000.0	0.0	-0.0	Inf
DURIPP_f	maltttr_e	-0.0	-1000.0	0.0	-0.0	Inf
DURIPP_f	man_e	-0.0	-1000.0	0.0	-0.0	Inf
DURIPP_f	thym_e	-0.0	-1000.0	0.0	-0.0	Inf
DURIPP_f	thymd_e	-0.0	-1000.0	0.0	-0.0	Inf
DURIPP_f	galt_e	-0.0	-0.04709840656532803	0.0	-0.0	Inf
DURIPP_f	melib_e	-0.0	-1000.0	0.0	-0.0	Inf
DURIPP_f	meoh_e	-0.0	-1000.0	0.0	-0.0	Inf
DURIPP_f	tmao_e	-0.0	-1000.0	0.0	-0.0	Inf
DURIPP_f	tre_e	-0.0	-1000.0	0.0	-0.0	Inf
DURIPP_f	metsox_S__L_e	-0.0	-1000.0	0.0	-0.0	Inf
DURIPP_f	glc__D_e	-0.0	-37.04632853917319	7.613810316690433	-0.0	0.0
DURIPP_f	mg2_e	-0.0	-0.002891446060061753	999.9971085539399	-0.0	0.0
DURIPP_f	mnl_e	-0.0	-1000.0	0.0	-0.0	Inf
DURIPP_f	mobd_e	-0.0	-4.299671945773298e-05	999.9999570032805	-0.0	0.0
DURIPP_f	glyald_e	-0.0	-1000.0	0.0	-0.0	Inf
DURIPP_f	n2o_e	-0.0	-1000.0	0.0	-0.0	Inf
DURIPP_f	na1_e	-0.0	0.0	1000.0	Inf	0.0
DURIPP_f	nac_e	-0.0	-1000.0	0.0	-0.0	Inf
DURIPP_f	ni2_e	-0.0	-0.00010765845274818275	999.9998923415473	-0.0	0.0
DURIPP_f	no_e	-0.0	-1000.0	0.0	-0.0	Inf
DURIPP_f	no2_e	-0.0	-1000.0	0.0	-0.0	Inf
DURIPP_f	ura_e	-0.0	-1000.0	0.0	-0.0	Inf
DURIPP_f	no3_e	-0.0	-1000.0	0.0	-0.0	Inf
DURIPP_f	urea_e	-0.0	-1000.0	0.0	-0.0	Inf
DURIPP_f	novbcn_e	-0.0	-1000.0	0.0	-0.0	Inf
DURIPP_f	uri_e	-0.0	-1000.0	0.0	-0.0	Inf
DURIPP_f	o2_e	-0.0	-54.60702679720248	945.3929732027975	-0.0	0.0
DURIPP_f	xan_e	-0.0	0.0	0.0	Inf	Inf
DURIPP_f	xtsn_e	-0.0	-1000.0	0.0	-0.0	Inf
DURIPP_f	xyl__D_e	-0.0	-1000.0	0.0	-0.0	Inf
DURIPP_f	xylu__L_e	-0.0	-1000.0	0.0	-0.0	Inf
DURIPP_f	pacald_e	-0.0	-1000.0	0.0	-0.0	Inf
DURIPP_f	12dgr120_p	-0.0	0.0	0.0	Inf	Inf
DURIPP_f	12dgr140_p	-0.0	0.0	0.0	Inf	Inf
DURIPP_f	12dgr160_p	-0.0	-0.021269710533196297	0.0	-0.0	Inf
DURIPP_f	12dgr180_p	-0.0	0.0	0.0	Inf	Inf
DURIPP_f	12ppd__R_p	-0.0	-1000.0	0.0	-0.0	Inf
DURIPP_f	12ppd__S_p	-0.0	0.0	0.0	Inf	Inf
DURIPP_f	chol_p	-0.0	-1000.0	0.0	-0.0	Inf
DURIPP_f	cl_p	-0.0	-0.0017348676360597892	999.9982651323639	-0.0	0.0
DURIPP_f	34dhpac_p	-0.0	-1000.0	0.0	-0.0	Inf
DURIPP_f	cm_p	-0.0	0.0	0.0	Inf	Inf
DURIPP_f	4hoxpacd_p	-0.0	-1000.0	0.0	-0.0	Inf
DURIPP_f	co2_p	-0.0	-943.6817274682143	56.31827253178574	-0.0	0.0
DURIPP_f	5mtr_p	-0.0	-1000.0	0.0	-0.0	Inf
DURIPP_f	LalaDgluMdap_p	-0.0	0.0	0.0	Inf	Inf
DURIPP_f	gal_p	-0.0	-1000.0	0.0	-0.0	Inf
DURIPP_f	ac_p	-0.0	0.0	0.0	Inf	Inf
DURIPP_f	crn_p	-0.0	-1000.0	0.0	-0.0	Inf
DURIPP_f	gal_bD_p	-0.0	-1000.0	0.0	-0.0	Inf
DURIPP_f	acald_p	-0.0	-1000.0	0.0	-0.0	Inf
DURIPP_f	acgal_p	-0.0	-1000.0	0.0	-0.0	Inf
DURIPP_f	csn_p	-0.0	0.0	0.0	Inf	Inf
DURIPP_f	acgam_p	-0.0	-1000.0	0.0	-0.0	Inf
DURIPP_f	galt_p	-0.0	-0.04709840656532803	0.0	-0.0	Inf
DURIPP_f	acmana_p	-0.0	-1000.0	0.0	-0.0	Inf
DURIPP_f	cyan_p	-0.0	0.0	0.0	Inf	Inf
DURIPP_f	ade_p	-0.0	-1000.0	0.0	-0.0	Inf
DURIPP_f	adn_p	-0.0	0.0	0.0002229829872239371	Inf	0.0
DURIPP_f	cytd_p	-0.0	0.0	0.0	Inf	Inf
DURIPP_f	glc__D_p	-0.0	-37.04632853917319	7.613810316690433	-0.0	0.0
DURIPP_f	dad_2_p	-0.0	-1000.0	0.0	-0.0	Inf
DURIPP_f	dcyt_p	-0.0	-1000.0	0.0	-0.0	Inf
DURIPP_f	all__D_p	-0.0	0.0	0.0	Inf	Inf
DURIPP_f	alltn_p	-0.0	0.0	0.0	Inf	Inf
DURIPP_f	dha_p	-0.0	-1000.0	0.0	-0.0	Inf
DURIPP_f	glyald_p	-0.0	-1000.0	0.0	-0.0	Inf
DURIPP_f	glyb_p	0.0	0.0	0.0	Inf	Inf
DURIPP_f	dms_p	-0.0	-1000.0	0.0	-0.0	Inf
DURIPP_f	glyc_p	-0.0	-66.64282081570038	0.0	-0.0	Inf
DURIPP_f	dmso_p	-0.0	-1000.0	0.0	-0.0	Inf
DURIPP_f	arab__L_p	-0.0	0.0	0.0	Inf	Inf
DURIPP_f	arbt_p	0.0	0.0	0.0	Inf	Inf
DURIPP_f	ca2_p	-0.0	-0.0017348676360597892	999.9982651323639	-0.0	0.0
DURIPP_f	duri_p	-0.0	-1000.0	0.0	-0.0	Inf
DURIPP_f	h2_p	-0.0	-1000.0	0.0	-0.0	Inf
DURIPP_f	h2o2_p	-0.0	-1000.0	0.0	-0.0	Inf
DURIPP_f	etoh_p	-0.0	-1000.0	0.0	-0.0	Inf
DURIPP_f	fald_p	-0.0	0.0	0.0	Inf	Inf
DURIPP_f	n2o_p	-0.0	-1000.0	0.0	-0.0	Inf
DURIPP_f	na1_p	-0.0	0.0	0.0	Inf	Inf
DURIPP_f	indole_p	-0.0	0.0	0.4000046663052217	Inf	0.0
DURIPP_f	nac_p	-0.0	-1000.0	0.0	-0.0	Inf
DURIPP_f	ni2_p	-0.0	-0.00010765845274818275	999.9998923415473	-0.0	0.0
DURIPP_f	inost_p	-0.0	-1000.0	0.0	-0.0	Inf
DURIPP_f	no_p	-0.0	-1000.0	0.0	-0.0	Inf
DURIPP_f	no2_p	-0.0	-1000.0	0.0	-0.0	Inf
DURIPP_f	for_p	-0.0	-544.2497033282197	0.0008176042891044837	-0.0	0.0
DURIPP_f	fru_p	-0.0	-1000.0	0.0	-0.0	Inf
DURIPP_f	no3_p	-0.0	0.0	0.0	Inf	Inf
DURIPP_f	k_p	-0.0	-0.06505936954442859	999.9349406304556	-0.0	0.0
DURIPP_f	novbcn_p	-0.0	0.0	0.0	Inf	Inf
DURIPP_f	o2_p	-0.0	-54.60702679720248	945.3929732027975	-0.0	0.0
DURIPP_f	lipa_cold_p	-0.0	-175.52501415162834	0.0	-0.0	Inf
DURIPP_f	g3pe_p	-0.0	0.0	0.0	Inf	Inf
DURIPP_f	g3pi_p	-0.0	0.0	0.0	Inf	Inf
DURIPP_f	so3_p	-0.0	-1000.0	0.0	-0.0	Inf
DURIPP_f	so4_p	-0.0	-0.08406225302801563	999.915937746972	-0.0	0.0
DURIPP_f	malt_p	0.0	0.0	0.0	Inf	Inf
DURIPP_f	malthx_p	0.0	0.0	0.0	Inf	Inf
DURIPP_f	maltpt_p	0.0	0.0	0.0	Inf	Inf
DURIPP_f	sucr_p	-0.0	-1000.0	0.0	-0.0	Inf
DURIPP_f	malttr_p	0.0	0.0	0.0	Inf	Inf
DURIPP_f	maltttr_p	0.0	0.0	0.0	Inf	Inf
DURIPP_f	pacald_p	-0.0	-1000.0	0.0	-0.0	Inf
DURIPP_f	man_p	-0.0	-1000.0	0.0	-0.0	Inf
DURIPP_f	tartr__L_p	-0.0	-1000.0	0.0	-0.0	Inf
DURIPP_f	pe120_p	-0.0	0.0	0.0	Inf	Inf
DURIPP_f	melib_p	-0.0	-1000.0	0.0	-0.0	Inf
DURIPP_f	meoh_p	-0.0	-1000.0	0.0	-0.0	Inf
DURIPP_f	thym_p	-0.0	-1000.0	0.0	-0.0	Inf
DURIPP_f	thymd_p	-0.0	-0.00872133459449742	0.0	-0.0	Inf
DURIPP_f	pg120_p	-0.0	0.0	0.0	Inf	Inf
DURIPP_f	metsox_S__L_p	-0.0	-1000.0	0.0	-0.0	Inf
DURIPP_f	tmao_p	-0.0	-1000.0	0.0	-0.0	Inf
DURIPP_f	mg2_p	-0.0	-0.0028914460600413367	999.9971085539399	-0.0	0.0
DURIPP_f	tre_p	-0.0	0.0	0.0	Inf	Inf
DURIPP_f	mnl_p	-0.0	0.0	0.0	Inf	Inf
DURIPP_f	mobd_p	-0.0	-4.299671945773298e-05	999.9999570032805	-0.0	0.0
DURIPP_f	ura_p	-0.0	-1000.0	0.0	-0.0	Inf
DURIPP_f	urea_p	-0.0	-1000.0	0.0	-0.0	Inf
DURIPP_f	uri_p	-0.0	0.0	0.0	Inf	Inf
DURIPP_f	xan_p	-0.0	0.0	0.0	Inf	Inf
DURIPP_f	xtsn_p	-0.0	0.0	0.0	Inf	Inf
DURIPP_f	xyl__D_p	-0.0	0.0	0.0	Inf	Inf
DURIPP_f	xylu__L_p	-0.0	-1000.0	0.0	-0.0	Inf
DURIPP_f	ppal_p	-0.0	-1000.0	0.0	-0.0	Inf
DURIPP_f	psclys_p	-0.0	-1000.0	0.0	-0.0	Inf
DURIPP_f	pydx_p	-0.0	0.0	0.0	Inf	Inf
DURIPP_f	pydxn_p	-0.0	0.0	0.0	Inf	Inf
DURIPP_f	rib__D_p	-0.0	-1000.0	0.0	-0.0	Inf
DURIPP_f	rmn_p	-0.0	-1000.0	0.0	-0.0	Inf
DURIPP_f	sbt__D_p	-0.0	-34.34503374985848	0.0	-0.0	Inf
DURIPP_f	slnt_p	-0.0	0.0	0.0	Inf	Inf
DURIPP_f	so2_p	-0.0	-1000.0	0.0	-0.0	Inf
