Reaction	Metabolite	ShadowPrice	G-	G+	DecrementalShadowPrice	IncrementalShadowPrice
ECOAH5_f	12dgr120_c	-0.0	0.0	0.7596406001809991	Inf	0.0
ECOAH5_f	12dgr140_c	-0.0	0.0	0.6541349612669715	Inf	0.0
ECOAH5_f	12dgr160_c	-0.0	-0.021269710533196297	0.0	-0.0	Inf
ECOAH5_f	12dgr180_c	-0.0	0.0	0.0	Inf	Inf
ECOAH5_f	12ppd__R_c	-0.0	-1000.0	0.0	-0.0	Inf
ECOAH5_f	12ppd__S_c	-0.0	0.0	0.0	Inf	Inf
ECOAH5_f	5drib_c	-0.0	-999.9999256723376	7.432766240797904e-05	-0.0	0.0
ECOAH5_f	5mta_c	-0.0	-0.037215827237218946	0.0	-0.0	Inf
ECOAH5_f	23dhacoa_c	-0.0	-0.0001919853516483272	0.0	-0.0	Inf
ECOAH5_f	5mtr_c	-0.0	-1000.0	0.0	-0.0	Inf
ECOAH5_f	3amac_c	-0.0	-18.83908688448878	0.0	-0.0	Inf
ECOAH5_f	LalaDgluMdap_c	-0.0	-0.009261960013421172	0.0	-0.0	Inf
ECOAH5_f	ac_c	-0.0	-191.77386069329933	0.1941758517677501	-0.0	0.0
ECOAH5_f	acald_c	-0.0	-132.76651894151493	11.032999400788412	-0.0	0.0
ECOAH5_f	acetol_c	-0.0	0.0	1.6550275423412586	Inf	0.0
ECOAH5_f	acgam_c	-0.0	-0.03149359715517458	0.0	-0.0	Inf
ECOAH5_f	acgam6p_c	-0.0	-0.03149359715517458	0.0	-0.0	Inf
ECOAH5_f	acmalt_c	0.0	0.0	0.0	Inf	Inf
ECOAH5_f	acmana_c	-0.0	-0.03149359715517458	0.0	-0.0	Inf
ECOAH5_f	2dmmq8_c	-0.0	0.0	0.0	Inf	Inf
ECOAH5_f	2dmmql8_c	0.0	0.0	0.0	Inf	Inf
ECOAH5_f	ade_c	-0.0	-0.037215827237218946	0.08000093326195383	-0.0	0.0
ECOAH5_f	adn_c	-0.0	-0.037215827237218946	0.08000093326195383	-0.0	0.0
ECOAH5_f	3sala_c	0.0	0.0	0.0	Inf	Inf
ECOAH5_f	adphep_DD_c	-0.0	0.0	0.0	Inf	Inf
ECOAH5_f	adphep_LD_c	-0.0	0.0	0.0	Inf	Inf
ECOAH5_f	4ahmmp_c	0.0	0.0	0.0	Inf	Inf
ECOAH5_f	4crsol_c	-0.0	-999.9999256723376	7.432766240797904e-05	-0.0	0.0
ECOAH5_f	2ohph_c	-0.0	-7.432766240797904e-05	0.564044517499664	-0.0	0.0
ECOAH5_f	2ombzl_c	-0.0	0.0	0.0	Inf	Inf
ECOAH5_f	2omhmbl_c	-0.0	0.0	0.0	Inf	Inf
ECOAH5_f	2ommbl_c	0.0	0.0	0.0	Inf	Inf
ECOAH5_f	2omph_c	-0.0	0.0	0.47286501209750215	Inf	0.0
ECOAH5_f	4mhetz_c	0.0	0.0	0.0	Inf	Inf
ECOAH5_f	2oph_c	-0.0	-7.432766240797904e-05	0.564044517499664	-0.0	0.0
ECOAH5_f	2oxpaccoa_c	-0.0	-0.0001919853516483272	0.0	-0.0	Inf
ECOAH5_f	all__D_c	-0.0	-1.3144040491733904	0.0	-0.0	Inf
ECOAH5_f	alltn_c	-0.0	-2.4825413135118883	0.0	-0.0	Inf
ECOAH5_f	4r5au_c	-0.0	-0.00014865532474048635	0.10000116657744229	-0.0	0.0
ECOAH5_f	56dura_c	0.0	0.0	0.0	Inf	Inf
ECOAH5_f	arab__L_c	-0.0	-1.3144040491733904	0.0	-0.0	Inf
ECOAH5_f	etoh_c	-0.0	-1000.0	0.0	-0.0	Inf
ECOAH5_f	csn_c	-0.0	-0.11025658783063888	0.0	-0.0	Inf
ECOAH5_f	fald_c	-0.0	0.0	0.0	Inf	Inf
ECOAH5_f	fc1p_c	-0.0	-0.3215191359517869	0.0	-0.0	Inf
ECOAH5_f	fcl__L_c	-0.0	0.0	0.0	Inf	Inf
ECOAH5_f	aso4_c	0.0	0.0	0.0	Inf	Inf
ECOAH5_f	cyan_c	0.0	0.0	0.0	Inf	Inf
ECOAH5_f	athtp_c	0.0	0.0	0.0	Inf	Inf
ECOAH5_f	cytd_c	-0.0	-0.05350425115695846	0.0	-0.0	Inf
ECOAH5_f	dad_2_c	-0.0	-0.037215827237218946	0.0	-0.0	Inf
ECOAH5_f	dad_5_c	-0.0	-0.037215827237218946	7.432766240797904e-05	-0.0	0.0
ECOAH5_f	betald_c	0.0	0.0	0.0	Inf	Inf
ECOAH5_f	btal_c	-0.0	-0.9348898565496029	0.0	-0.0	Inf
ECOAH5_f	for_c	-0.0	-862.982373119847	0.0008176042863759995	-0.0	0.0
ECOAH5_f	dcyt_c	-0.0	0.0	0.0	Inf	Inf
ECOAH5_f	fru_c	-0.0	-1.3144040491733904	0.0	-0.0	Inf
ECOAH5_f	ca2_c	-0.0	-0.0017348676360597892	999.9982651323639	-0.0	0.0
ECOAH5_f	g3pe_c	-0.0	-0.04633913116258524	0.0	-0.0	Inf
ECOAH5_f	g3pi_c	0.0	0.0	0.0	Inf	Inf
ECOAH5_f	cbm_c	-0.0	-499.5325550717252	0.0	-0.0	Inf
ECOAH5_f	dha_c	-0.0	-15.011639124325406	0.0	-0.0	Inf
ECOAH5_f	gal_c	-0.0	0.0	0.0	Inf	Inf
ECOAH5_f	dhgly_c	-0.0	-7.432766240797904e-05	0.3310055084682517	-0.0	0.0
ECOAH5_f	dhmptp_c	0.0	0.0	0.0	Inf	Inf
ECOAH5_f	gcald_c	-0.0	-2.4825413135118883	0.00022298298733858246	-0.0	0.0
ECOAH5_f	dhptd_c	-0.0	-59.11954169423552	0.00014865532481595807	-0.0	0.0
ECOAH5_f	cechddd_c	-0.0	0.0	0.0	Inf	Inf
ECOAH5_f	dhptdn_c	0.0	0.0	0.0	Inf	Inf
ECOAH5_f	chol_c	0.0	0.0	0.0	Inf	Inf
ECOAH5_f	chtbs6p_c	-0.0	0.0	0.0	Inf	Inf
ECOAH5_f	dmbzid_c	0.0	0.0	0.0	Inf	Inf
ECOAH5_f	dms_c	0.0	0.0	0.0	Inf	Inf
ECOAH5_f	dmso_c	0.0	0.0	0.0	Inf	Inf
ECOAH5_f	cl_c	-0.0	-0.0017348676360248022	999.9982651323639	-0.0	0.0
ECOAH5_f	glc__D_c	-0.0	-1.3144040491733904	0.0	-0.0	Inf
ECOAH5_f	co2_c	-0.0	-943.6817274681943	56.31745492751941	-0.0	0.0
ECOAH5_f	dscl_c	-0.0	-7.432766240797904e-05	0.08498998695905524	-0.0	0.0
ECOAH5_f	dtdp4aaddg_c	-0.0	0.0	0.0	Inf	Inf
ECOAH5_f	glyald_c	-0.0	-1000.0	0.0	-0.0	Inf
ECOAH5_f	crn_c	-0.0	-1000.0	0.0	-0.0	Inf
ECOAH5_f	duri_c	-0.0	0.0	0.0	Inf	Inf
ECOAH5_f	glyb_c	0.0	0.0	0.0	Inf	Inf
ECOAH5_f	glyc_c	-0.0	-0.04633913116258524	0.0	-0.0	Inf
ECOAH5_f	dxyl_c	0.0	0.0	0.0	Inf	Inf
ECOAH5_f	glycogen_c	-0.0	-1.3144040491733904	0.0	-0.0	Inf
ECOAH5_f	gmhep1p_c	-0.0	0.0	0.7092975181462537	Inf	0.0
ECOAH5_f	lipa_cold_c	-0.0	0.0	0.17732437953656344	Inf	0.0
ECOAH5_f	lipidA_c	-0.0	-0.00648483856411592	0.20000233315488458	-0.0	0.0
ECOAH5_f	malt_c	0.0	0.0	0.0	Inf	Inf
ECOAH5_f	h2_c	-0.0	0.0	0.0	Inf	Inf
ECOAH5_f	malthx_c	-0.0	0.0	0.0	Inf	Inf
ECOAH5_f	maltpt_c	-0.0	0.0	0.0	Inf	Inf
ECOAH5_f	malttr_c	-0.0	0.0	0.0	Inf	Inf
ECOAH5_f	maltttr_c	-0.0	0.0	0.0	Inf	Inf
ECOAH5_f	h2o2_c	-0.0	-109.21275236039423	0.0008336030651889814	-0.0	0.0
ECOAH5_f	man_c	-0.0	0.0	0.0	Inf	Inf
ECOAH5_f	mdhdhf_c	-0.0	-59.11954169423552	0.00014865532481595807	-0.0	0.0
ECOAH5_f	melib_c	-0.0	0.0	0.0	Inf	Inf
ECOAH5_f	meoh_c	-0.0	-1000.0	0.0	-0.0	Inf
ECOAH5_f	pacald_c	-0.0	-1000.0	0.0	-0.0	Inf
ECOAH5_f	metsox_S__L_c	-0.0	-0.037215827237218946	0.0	-0.0	Inf
ECOAH5_f	mg2_c	-0.0	-0.0028914460600413367	999.9971085539399	-0.0	0.0
ECOAH5_f	hhlipa_c	-0.0	0.0	0.0	Inf	Inf
ECOAH5_f	pe120_c	-0.0	0.0	0.40000466630976916	Inf	0.0
ECOAH5_f	mobd_c	-0.0	-4.299671945773298e-05	113.78363552541941	-0.0	0.0
ECOAH5_f	hlipa_c	-0.0	0.0	0.0	Inf	Inf
ECOAH5_f	pg120_c	-0.0	0.0	0.6825756117568399	Inf	0.0
ECOAH5_f	mql8_c	0.0	0.0	0.0	Inf	Inf
ECOAH5_f	mqn8_c	-0.0	0.0	0.0	Inf	Inf
ECOAH5_f	mthgxl_c	-0.0	0.0	1.6550275423412586	Inf	0.0
ECOAH5_f	hqn_c	0.0	0.0	0.0	Inf	Inf
ECOAH5_f	mththf_c	-0.0	-999.9998513446752	0.00014865532481595807	-0.0	0.0
ECOAH5_f	n2o_c	-0.0	-1000.0	0.0	-0.0	Inf
ECOAH5_f	na1_c	-0.0	0.0	0.0	Inf	Inf
ECOAH5_f	nac_c	-0.0	0.0	0.0	Inf	Inf
ECOAH5_f	ncam_c	-0.0	0.0	0.0	Inf	Inf
ECOAH5_f	ni2_c	-0.0	-0.00010765845272545842	999.9998923415473	-0.0	0.0
ECOAH5_f	no_c	-0.0	-1000.0	0.0	-0.0	Inf
ECOAH5_f	indole_c	-0.0	-0.018946221140164806	0.3546487590731269	-0.0	0.0
ECOAH5_f	no2_c	-0.0	-1000.0	0.0	-0.0	Inf
ECOAH5_f	no3_c	0.0	0.0	0.0	Inf	Inf
ECOAH5_f	inost_c	0.0	0.0	0.0	Inf	Inf
ECOAH5_f	o2_c	-0.0	-54.60637618019712	945.3936238198029	-0.0	0.0
ECOAH5_f	poaac_c	-0.0	-18.83908688448878	0.0	-0.0	Inf
ECOAH5_f	ppal_c	-0.0	0.0	0.0	Inf	Inf
ECOAH5_f	k_c	-0.0	-0.06505936954439755	455.13454210167765	-0.0	0.0
ECOAH5_f	psclys_c	-0.0	0.0	0.0	Inf	Inf
ECOAH5_f	lald__D_c	-0.0	0.0	1.6550275423412586	Inf	0.0
ECOAH5_f	lald__L_c	-0.0	-2.4825413135118883	0.0	-0.0	Inf
ECOAH5_f	ura_c	-0.0	-0.11025658783063888	0.0	-0.0	Inf
ECOAH5_f	pydx_c	-0.0	0.0	0.40000466630976916	Inf	0.0
ECOAH5_f	uracp_c	-0.0	-18.83908688448878	0.0	-0.0	Inf
ECOAH5_f	pydxn_c	-0.0	0.0	0.40000466630976916	Inf	0.0
ECOAH5_f	urate_c	-0.0	-2.4825413135118883	0.0	-0.0	Inf
ECOAH5_f	q8_c	-0.0	0.0	0.0	Inf	Inf
ECOAH5_f	q8h2_c	0.0	0.0	0.0	Inf	Inf
ECOAH5_f	urea_c	-0.0	-1000.0	0.0	-0.0	Inf
ECOAH5_f	uri_c	-0.0	0.0	0.0	Inf	Inf
ECOAH5_f	rbflvrd_c	-0.0	0.0	0.10000116657744229	Inf	0.0
ECOAH5_f	rbl__L_c	-0.0	-1.3144040491733904	0.0	-0.0	Inf
ECOAH5_f	rdmbzi_c	0.0	0.0	0.0	Inf	Inf
ECOAH5_f	thptdn_c	0.0	0.0	0.0	Inf	Inf
ECOAH5_f	xan_c	-0.0	-0.037215827237218946	0.0	-0.0	Inf
ECOAH5_f	rephaccoa_c	-0.0	-0.0001919853516483272	0.0	-0.0	Inf
ECOAH5_f	rib__D_c	-0.0	0.0	0.9930165254047552	Inf	0.0
ECOAH5_f	xtsn_c	-0.0	0.0	0.0	Inf	Inf
ECOAH5_f	rml_c	-0.0	-1.3615024557386277	0.0	-0.0	Inf
ECOAH5_f	thym_c	-0.0	-455.13454210167765	0.0	-0.0	Inf
ECOAH5_f	thymd_c	-0.0	-0.008721334594471655	0.0	-0.0	Inf
ECOAH5_f	xu5p__L_c	-0.0	-0.32151913595178705	0.0	-0.0	Inf
ECOAH5_f	rmn_c	-0.0	-1.3615024557386277	0.0	-0.0	Inf
ECOAH5_f	xyl__D_c	0.0	0.0	0.0	Inf	Inf
ECOAH5_f	tmao_c	0.0	0.0	0.0	Inf	Inf
ECOAH5_f	xylu__D_c	-0.0	0.0	0.0	Inf	Inf
ECOAH5_f	xylu__L_c	-0.0	-1.3144040491733904	0.0	-0.0	Inf
ECOAH5_f	12ppd__R_e	-0.0	-1000.0	0.0	-0.0	Inf
ECOAH5_f	12ppd__S_e	-0.0	-1000.0	0.0	-0.0	Inf
ECOAH5_f	tre_c	-0.0	-0.6572020245866952	0.0	-0.0	Inf
ECOAH5_f	seln_c	0.0	0.0	0.0	Inf	Inf
ECOAH5_f	34dhpac_e	-0.0	-1000.0	0.0	-0.0	Inf
ECOAH5_f	slnt_c	0.0	0.0	0.0	Inf	Inf
ECOAH5_f	so2_c	0.0	0.0	0.0	Inf	Inf
ECOAH5_f	so3_c	-0.0	-0.08261636334358863	18.83908688448878	-0.0	0.0
ECOAH5_f	so4_c	-0.0	-0.08406225302756089	455.13454210167765	-0.0	0.0
ECOAH5_f	4hoxpacd_e	-0.0	-1000.0	0.0	-0.0	Inf
ECOAH5_f	5mtr_e	-0.0	-1000.0	0.0	-0.0	Inf
ECOAH5_f	LalaDgluMdap_e	-0.0	-1000.0	0.0	-0.0	Inf
ECOAH5_f	ac_e	-0.0	0.0	0.0	Inf	Inf
ECOAH5_f	acald_e	-0.0	-1000.0	0.0	-0.0	Inf
ECOAH5_f	acgal_e	-0.0	-1000.0	0.0	-0.0	Inf
ECOAH5_f	acgam_e	-0.0	-1000.0	0.0	-0.0	Inf
ECOAH5_f	acmana_e	-0.0	-1000.0	0.0	-0.0	Inf
ECOAH5_f	tagur_c	-0.0	0.0	0.0	Inf	Inf
ECOAH5_f	tartr__L_c	-0.0	-2.4825413135118883	0.0	-0.0	Inf
ECOAH5_f	ade_e	-0.0	-1000.0	0.0	-0.0	Inf
ECOAH5_f	adn_e	-0.0	-1000.0	0.0	-0.0	Inf
ECOAH5_f	all__D_e	-0.0	-1000.0	0.0	-0.0	Inf
ECOAH5_f	cl_e	-0.0	-0.0017348676360597892	999.9982651323639	-0.0	0.0
ECOAH5_f	alltn_e	-0.0	0.0	0.0	Inf	Inf
ECOAH5_f	cm_e	-0.0	-1000.0	0.0	-0.0	Inf
ECOAH5_f	co2_e	-0.0	-943.6817274681943	56.318272531805746	-0.0	0.0
ECOAH5_f	arab__L_e	-0.0	-1000.0	0.0	-0.0	Inf
ECOAH5_f	arbt_e	-0.0	-1000.0	0.0	-0.0	Inf
ECOAH5_f	unagamu_c	-0.0	0.0	0.20000233315488458	Inf	0.0
ECOAH5_f	crn_e	-0.0	-1000.0	0.0	-0.0	Inf
ECOAH5_f	csn_e	-0.0	-1000.0	0.0	-0.0	Inf
ECOAH5_f	cyan_e	-0.0	-1000.0	0.0	-0.0	Inf
ECOAH5_f	glyb_e	-0.0	-1000.0	0.0	-0.0	Inf
ECOAH5_f	glyc_e	-0.0	-1000.0	0.0	-0.0	Inf
ECOAH5_f	cytd_e	-0.0	-1000.0	0.0	-0.0	Inf
ECOAH5_f	ca2_e	-0.0	-0.0017348676360597892	999.9982651323639	-0.0	0.0
ECOAH5_f	dad_2_e	-0.0	-1000.0	0.0	-0.0	Inf
ECOAH5_f	dcyt_e	-0.0	-1000.0	0.0	-0.0	Inf
ECOAH5_f	chol_e	-0.0	-1000.0	0.0	-0.0	Inf
ECOAH5_f	dha_e	-0.0	-1000.0	0.0	-0.0	Inf
ECOAH5_f	ppal_e	-0.0	-1000.0	0.0	-0.0	Inf
ECOAH5_f	h2_e	-0.0	-1000.0	0.0	-0.0	Inf
ECOAH5_f	dms_e	-0.0	-1000.0	0.0	-0.0	Inf
ECOAH5_f	dmso_e	-0.0	-1000.0	0.0	-0.0	Inf
ECOAH5_f	h2o2_e	-0.0	-1000.0	0.0	-0.0	Inf
ECOAH5_f	psclys_e	-0.0	-1000.0	0.0	-0.0	Inf
ECOAH5_f	duri_e	-0.0	-1000.0	0.0	-0.0	Inf
ECOAH5_f	pydx_e	-0.0	-1000.0	0.0	-0.0	Inf
ECOAH5_f	pydxn_e	-0.0	-1000.0	0.0	-0.0	Inf
ECOAH5_f	etoh_e	-0.0	-1000.0	0.0	-0.0	Inf
ECOAH5_f	fald_e	-0.0	0.0	0.0	Inf	Inf
ECOAH5_f	rib__D_e	-0.0	-1000.0	0.0	-0.0	Inf
ECOAH5_f	rmn_e	-0.0	-1000.0	0.0	-0.0	Inf
ECOAH5_f	indole_e	-0.0	-1000.0	0.0	-0.0	Inf
ECOAH5_f	inost_e	-0.0	-1000.0	0.0	-0.0	Inf
ECOAH5_f	sbt__D_e	-0.0	-45.03491737297618	0.0	-0.0	Inf
ECOAH5_f	k_e	-0.0	-0.06505936954442859	999.9349406304556	-0.0	0.0
ECOAH5_f	for_e	-0.0	0.0	0.0008176042863759995	Inf	0.0
ECOAH5_f	slnt_e	-0.0	0.0	1000.0	Inf	0.0
ECOAH5_f	fru_e	-0.0	-1000.0	0.0	-0.0	Inf
ECOAH5_f	so2_e	-0.0	-1000.0	0.0	-0.0	Inf
ECOAH5_f	so3_e	-0.0	-1000.0	0.0	-0.0	Inf
ECOAH5_f	so4_e	-0.0	-0.0840622530275823	999.9159377469724	-0.0	0.0
ECOAH5_f	lipa_cold_e	-0.0	-1000.0	0.0	-0.0	Inf
ECOAH5_f	sucr_e	-0.0	-1000.0	0.0	-0.0	Inf
ECOAH5_f	g3pe_e	-0.0	-1000.0	0.0	-0.0	Inf
ECOAH5_f	malt_e	-0.0	-1000.0	0.0	-0.0	Inf
ECOAH5_f	tartr__L_e	-0.0	-1000.0	0.0	-0.0	Inf
ECOAH5_f	g3pi_e	-0.0	-1000.0	0.0	-0.0	Inf
ECOAH5_f	malthx_e	-0.0	-1000.0	0.0	-0.0	Inf
ECOAH5_f	maltpt_e	-0.0	-1000.0	0.0	-0.0	Inf
ECOAH5_f	gal_e	-0.0	-1000.0	0.0	-0.0	Inf
ECOAH5_f	gal_bD_e	-0.0	-1000.0	0.0	-0.0	Inf
ECOAH5_f	malttr_e	-0.0	-1000.0	0.0	-0.0	Inf
ECOAH5_f	maltttr_e	-0.0	-1000.0	0.0	-0.0	Inf
ECOAH5_f	man_e	-0.0	-1000.0	0.0	-0.0	Inf
ECOAH5_f	thym_e	-0.0	-1000.0	0.0	-0.0	Inf
ECOAH5_f	thymd_e	-0.0	-1000.0	0.0	-0.0	Inf
ECOAH5_f	galt_e	-0.0	-1.3615024557386277	0.0	-0.0	Inf
ECOAH5_f	melib_e	-0.0	-1000.0	0.0	-0.0	Inf
ECOAH5_f	meoh_e	-0.0	-1000.0	0.0	-0.0	Inf
ECOAH5_f	tmao_e	-0.0	-1000.0	0.0	-0.0	Inf
ECOAH5_f	tre_e	-0.0	-1000.0	0.0	-0.0	Inf
ECOAH5_f	metsox_S__L_e	-0.0	-1000.0	0.0	-0.0	Inf
ECOAH5_f	glc__D_e	-0.0	-48.482155793249824	4.965082627023771	-0.0	0.0
ECOAH5_f	mg2_e	-0.0	-0.002891446060061753	999.9971085539399	-0.0	0.0
ECOAH5_f	mnl_e	-0.0	-1000.0	0.0	-0.0	Inf
ECOAH5_f	mobd_e	-0.0	-4.299671945773298e-05	999.9999570032805	-0.0	0.0
ECOAH5_f	glyald_e	-0.0	-1000.0	0.0	-0.0	Inf
ECOAH5_f	n2o_e	-0.0	-1000.0	0.0	-0.0	Inf
ECOAH5_f	na1_e	-0.0	0.0	1000.0	Inf	0.0
ECOAH5_f	nac_e	-0.0	-1000.0	0.0	-0.0	Inf
ECOAH5_f	ni2_e	-0.0	-0.00010765845274818275	999.9998923415473	-0.0	0.0
ECOAH5_f	no_e	-0.0	-1000.0	0.0	-0.0	Inf
ECOAH5_f	no2_e	-0.0	-1000.0	0.0	-0.0	Inf
ECOAH5_f	ura_e	-0.0	-1000.0	0.0	-0.0	Inf
ECOAH5_f	no3_e	-0.0	-1000.0	0.0	-0.0	Inf
ECOAH5_f	urea_e	-0.0	-1000.0	0.0	-0.0	Inf
ECOAH5_f	novbcn_e	-0.0	-1000.0	0.0	-0.0	Inf
ECOAH5_f	uri_e	-0.0	-1000.0	0.0	-0.0	Inf
ECOAH5_f	o2_e	-0.0	-54.60637618019712	945.3936238198029	-0.0	0.0
ECOAH5_f	xan_e	-0.0	0.0	0.0	Inf	Inf
ECOAH5_f	xtsn_e	-0.0	-1000.0	0.0	-0.0	Inf
ECOAH5_f	xyl__D_e	-0.0	-1000.0	0.0	-0.0	Inf
ECOAH5_f	xylu__L_e	-0.0	-1000.0	0.0	-0.0	Inf
ECOAH5_f	pacald_e	-0.0	-1000.0	0.0	-0.0	Inf
ECOAH5_f	12dgr120_p	-0.0	0.0	0.0	Inf	Inf
ECOAH5_f	12dgr140_p	-0.0	0.0	0.0	Inf	Inf
ECOAH5_f	12dgr160_p	-0.0	-0.021269710533196297	0.0	-0.0	Inf
ECOAH5_f	12dgr180_p	-0.0	0.0	0.0	Inf	Inf
ECOAH5_f	12ppd__R_p	-0.0	-1000.0	0.0	-0.0	Inf
ECOAH5_f	12ppd__S_p	-0.0	0.0	0.0	Inf	Inf
ECOAH5_f	chol_p	-0.0	-1000.0	0.0	-0.0	Inf
ECOAH5_f	cl_p	-0.0	-0.0017348676360597892	999.9982651323639	-0.0	0.0
ECOAH5_f	34dhpac_p	-0.0	-1000.0	0.0	-0.0	Inf
ECOAH5_f	cm_p	-0.0	0.0	0.0	Inf	Inf
ECOAH5_f	4hoxpacd_p	-0.0	-1000.0	0.0	-0.0	Inf
ECOAH5_f	co2_p	-0.0	-943.6817274681943	56.318272531805746	-0.0	0.0
ECOAH5_f	5mtr_p	-0.0	-1000.0	0.0	-0.0	Inf
ECOAH5_f	LalaDgluMdap_p	-0.0	0.0	0.0	Inf	Inf
ECOAH5_f	gal_p	-0.0	-1000.0	0.0	-0.0	Inf
ECOAH5_f	ac_p	-0.0	0.0	0.0	Inf	Inf
ECOAH5_f	crn_p	-0.0	-1000.0	0.0	-0.0	Inf
ECOAH5_f	gal_bD_p	-0.0	-1000.0	0.0	-0.0	Inf
ECOAH5_f	acald_p	-0.0	-1000.0	0.0	-0.0	Inf
ECOAH5_f	acgal_p	-0.0	-1000.0	0.0	-0.0	Inf
ECOAH5_f	csn_p	-0.0	0.0	0.0	Inf	Inf
ECOAH5_f	acgam_p	-0.0	-1000.0	0.0	-0.0	Inf
ECOAH5_f	galt_p	-0.0	-1.3615024557386277	0.0	-0.0	Inf
ECOAH5_f	acmana_p	-0.0	-1000.0	0.0	-0.0	Inf
ECOAH5_f	cyan_p	-0.0	0.0	0.0	Inf	Inf
ECOAH5_f	ade_p	-0.0	-1000.0	0.0	-0.0	Inf
ECOAH5_f	adn_p	-0.0	0.0	0.08000093326195383	Inf	0.0
ECOAH5_f	cytd_p	-0.0	-0.05350425115695846	0.0	-0.0	Inf
ECOAH5_f	glc__D_p	-0.0	-48.482155793249824	4.965082627023771	-0.0	0.0
ECOAH5_f	dad_2_p	-0.0	-1000.0	0.0	-0.0	Inf
ECOAH5_f	dcyt_p	-0.0	-1000.0	0.0	-0.0	Inf
ECOAH5_f	all__D_p	-0.0	0.0	0.0	Inf	Inf
ECOAH5_f	alltn_p	-0.0	0.0	0.0	Inf	Inf
ECOAH5_f	dha_p	-0.0	-1000.0	0.0	-0.0	Inf
ECOAH5_f	glyald_p	-0.0	-1000.0	0.0	-0.0	Inf
ECOAH5_f	glyb_p	0.0	0.0	0.0	Inf	Inf
ECOAH5_f	dms_p	-0.0	-1000.0	0.0	-0.0	Inf
ECOAH5_f	glyc_p	-0.0	-0.04633913116258524	0.0	-0.0	Inf
ECOAH5_f	dmso_p	-0.0	-1000.0	0.0	-0.0	Inf
ECOAH5_f	arab__L_p	-0.0	0.0	0.0	Inf	Inf
ECOAH5_f	arbt_p	0.0	0.0	0.0	Inf	Inf
ECOAH5_f	ca2_p	-0.0	-0.0017348676360597892	999.9982651323639	-0.0	0.0
ECOAH5_f	duri_p	-0.0	-1000.0	0.0	-0.0	Inf
ECOAH5_f	h2_p	-0.0	-1000.0	0.0	-0.0	Inf
ECOAH5_f	h2o2_p	-0.0	-1000.0	0.0	-0.0	Inf
ECOAH5_f	etoh_p	-0.0	-1000.0	0.0	-0.0	Inf
ECOAH5_f	fald_p	-0.0	0.0	0.0	Inf	Inf
ECOAH5_f	n2o_p	-0.0	-1000.0	0.0	-0.0	Inf
ECOAH5_f	na1_p	-0.0	0.0	0.0	Inf	Inf
ECOAH5_f	indole_p	-0.0	0.0	0.3546487590731269	Inf	0.0
ECOAH5_f	nac_p	-0.0	-1000.0	0.0	-0.0	Inf
ECOAH5_f	ni2_p	-0.0	-0.00010765845274818275	999.9998923415473	-0.0	0.0
ECOAH5_f	inost_p	-0.0	-1000.0	0.0	-0.0	Inf
ECOAH5_f	no_p	-0.0	-1000.0	0.0	-0.0	Inf
ECOAH5_f	no2_p	-0.0	-1000.0	0.0	-0.0	Inf
ECOAH5_f	for_p	-0.0	-862.982373119847	0.0008176042863759995	-0.0	0.0
ECOAH5_f	fru_p	-0.0	-1000.0	0.0	-0.0	Inf
ECOAH5_f	no3_p	-0.0	0.0	0.0	Inf	Inf
ECOAH5_f	k_p	-0.0	-0.06505936954442859	999.9349406304556	-0.0	0.0
ECOAH5_f	novbcn_p	-0.0	0.0	0.0	Inf	Inf
ECOAH5_f	o2_p	-0.0	-54.60637618019712	945.3936238198029	-0.0	0.0
ECOAH5_f	lipa_cold_p	-0.0	-113.78363552541941	0.0	-0.0	Inf
ECOAH5_f	g3pe_p	-0.0	0.0	0.0	Inf	Inf
ECOAH5_f	g3pi_p	-0.0	0.0	0.0	Inf	Inf
ECOAH5_f	so3_p	-0.0	-1000.0	0.0	-0.0	Inf
ECOAH5_f	so4_p	-0.0	-0.08406225302756089	999.9159377469724	-0.0	0.0
ECOAH5_f	malt_p	0.0	0.0	0.0	Inf	Inf
ECOAH5_f	malthx_p	0.0	0.0	0.0	Inf	Inf
ECOAH5_f	maltpt_p	0.0	0.0	0.0	Inf	Inf
ECOAH5_f	sucr_p	-0.0	-1000.0	0.0	-0.0	Inf
ECOAH5_f	malttr_p	0.0	0.0	0.0	Inf	Inf
ECOAH5_f	maltttr_p	0.0	0.0	0.0	Inf	Inf
ECOAH5_f	pacald_p	-0.0	-1000.0	0.0	-0.0	Inf
ECOAH5_f	man_p	-0.0	-1000.0	0.0	-0.0	Inf
ECOAH5_f	tartr__L_p	-0.0	-1000.0	0.0	-0.0	Inf
ECOAH5_f	pe120_p	-0.0	0.0	0.0	Inf	Inf
ECOAH5_f	melib_p	-0.0	-1000.0	0.0	-0.0	Inf
ECOAH5_f	meoh_p	-0.0	-1000.0	0.0	-0.0	Inf
ECOAH5_f	thym_p	-0.0	-1000.0	0.0	-0.0	Inf
ECOAH5_f	thymd_p	-0.0	-0.008721334594471655	0.0	-0.0	Inf
ECOAH5_f	pg120_p	-0.0	0.0	0.0	Inf	Inf
ECOAH5_f	metsox_S__L_p	-0.0	-1000.0	0.0	-0.0	Inf
ECOAH5_f	tmao_p	-0.0	-1000.0	0.0	-0.0	Inf
ECOAH5_f	mg2_p	-0.0	-0.0028914460600413367	999.9971085539399	-0.0	0.0
ECOAH5_f	tre_p	-0.0	0.0	0.0	Inf	Inf
ECOAH5_f	mnl_p	-0.0	0.0	0.0	Inf	Inf
ECOAH5_f	mobd_p	-0.0	-4.299671945773298e-05	999.9999570032805	-0.0	0.0
ECOAH5_f	ura_p	-0.0	-1000.0	0.0	-0.0	Inf
ECOAH5_f	urea_p	-0.0	-1000.0	0.0	-0.0	Inf
ECOAH5_f	uri_p	-0.0	0.0	0.0	Inf	Inf
ECOAH5_f	xan_p	-0.0	-0.037215827237218946	0.0	-0.0	Inf
ECOAH5_f	xtsn_p	-0.0	0.0	0.0	Inf	Inf
ECOAH5_f	xyl__D_p	-0.0	0.0	0.0	Inf	Inf
ECOAH5_f	xylu__L_p	-0.0	-1000.0	0.0	-0.0	Inf
ECOAH5_f	ppal_p	-0.0	-1000.0	0.0	-0.0	Inf
ECOAH5_f	psclys_p	-0.0	-1000.0	0.0	-0.0	Inf
ECOAH5_f	pydx_p	-0.0	0.0	0.0	Inf	Inf
ECOAH5_f	pydxn_p	-0.0	0.0	0.0	Inf	Inf
ECOAH5_f	rib__D_p	-0.0	-1000.0	0.0	-0.0	Inf
ECOAH5_f	rmn_p	-0.0	-1000.0	0.0	-0.0	Inf
ECOAH5_f	sbt__D_p	-0.0	-45.03491737297618	0.0	-0.0	Inf
ECOAH5_f	slnt_p	-0.0	0.0	0.0	Inf	Inf
ECOAH5_f	so2_p	-0.0	-1000.0	0.0	-0.0	Inf
