Reaction	Metabolite	ShadowPrice	G-	G+	DecrementalShadowPrice	IncrementalShadowPrice
ECOAH4_f	12dgr120_c	-0.0	0.0	0.0	Inf	Inf
ECOAH4_f	12dgr140_c	-0.0	0.0	0.0	Inf	Inf
ECOAH4_f	12dgr160_c	-0.0	0.0	0.0	Inf	Inf
ECOAH4_f	12dgr180_c	-0.0	0.0	0.0	Inf	Inf
ECOAH4_f	12ppd__R_c	-0.0	-1000.0	0.0	-0.0	Inf
ECOAH4_f	12ppd__S_c	-0.0	0.0	0.0	Inf	Inf
ECOAH4_f	5drib_c	-0.0	-999.9999256723376	7.432766240797904e-05	-0.0	0.0
ECOAH4_f	5mta_c	-0.0	-0.036398222945422276	0.0	-0.0	Inf
ECOAH4_f	23dhacoa_c	-0.0	-0.00019198535153464036	0.0	-0.0	Inf
ECOAH4_f	5mtr_c	-0.0	-1000.0	0.0	-0.0	Inf
ECOAH4_f	3amac_c	-0.0	-29.560421464138187	0.0	-0.0	Inf
ECOAH4_f	LalaDgluMdap_c	-0.0	-0.009261960013421172	0.0	-0.0	Inf
ECOAH4_f	ac_c	-0.0	-0.7820499250938155	0.13079013231606496	-0.0	0.0
ECOAH4_f	acald_c	-0.0	-0.7820499250938155	0.13079013231606496	-0.0	0.0
ECOAH4_f	acetol_c	-0.0	0.0	0.00046763098884362885	Inf	0.0
ECOAH4_f	acgam_c	-0.0	-0.03149359715517458	0.0	-0.0	Inf
ECOAH4_f	acgam6p_c	-0.0	-0.03149359715517458	0.0	-0.0	Inf
ECOAH4_f	acmalt_c	0.0	0.0	0.0	Inf	Inf
ECOAH4_f	acmana_c	-0.0	-0.03149359715517458	0.0	-0.0	Inf
ECOAH4_f	2dmmq8_c	-0.0	0.0	0.0	Inf	Inf
ECOAH4_f	2dmmql8_c	0.0	0.0	0.0	Inf	Inf
ECOAH4_f	ade_c	-0.0	-0.036398222945422276	0.08000093326494986	-0.0	0.0
ECOAH4_f	adn_c	-0.0	-0.036398222945422276	0.08000093326494986	-0.0	0.0
ECOAH4_f	3sala_c	0.0	0.0	0.0	Inf	Inf
ECOAH4_f	adphep_DD_c	-0.0	0.0	0.0	Inf	Inf
ECOAH4_f	adphep_LD_c	-0.0	0.0	0.0	Inf	Inf
ECOAH4_f	4ahmmp_c	0.0	0.0	0.0	Inf	Inf
ECOAH4_f	4crsol_c	-0.0	-999.9999256723376	7.432766240797904e-05	-0.0	0.0
ECOAH4_f	2ohph_c	-0.0	-7.432766240797904e-05	0.005030389704464037	-0.0	0.0
ECOAH4_f	2ombzl_c	-0.0	0.0	0.0	Inf	Inf
ECOAH4_f	2omhmbl_c	-0.0	0.0	0.0	Inf	Inf
ECOAH4_f	2ommbl_c	0.0	0.0	0.0	Inf	Inf
ECOAH4_f	2omph_c	-0.0	0.0	0.005030389704464037	Inf	0.0
ECOAH4_f	4mhetz_c	0.0	0.0	0.0	Inf	Inf
ECOAH4_f	2oph_c	-0.0	-7.432766240797904e-05	0.005030389704464037	-0.0	0.0
ECOAH4_f	2oxpaccoa_c	-0.0	-0.00019198535153464036	0.0	-0.0	Inf
ECOAH4_f	all__D_c	-0.0	-38.52629372933071	0.0	-0.0	Inf
ECOAH4_f	alltn_c	-0.0	-0.5505122572135406	0.0	-0.0	Inf
ECOAH4_f	4r5au_c	-0.0	-0.00014865532557450933	0.10000116658118734	-0.0	0.0
ECOAH4_f	56dura_c	0.0	0.0	0.0	Inf	Inf
ECOAH4_f	arab__L_c	-0.0	-46.23155247519685	0.0	-0.0	Inf
ECOAH4_f	etoh_c	-0.0	-1000.0	0.0	-0.0	Inf
ECOAH4_f	csn_c	-0.0	0.0	0.05129208660309814	Inf	0.0
ECOAH4_f	fald_c	-0.0	0.0	0.0	Inf	Inf
ECOAH4_f	fc1p_c	-0.0	-0.3215191359388425	0.0	-0.0	Inf
ECOAH4_f	fcl__L_c	-0.0	0.0	0.0	Inf	Inf
ECOAH4_f	aso4_c	0.0	0.0	0.0	Inf	Inf
ECOAH4_f	cyan_c	0.0	0.0	0.0	Inf	Inf
ECOAH4_f	athtp_c	0.0	0.0	0.0	Inf	Inf
ECOAH4_f	cytd_c	-0.0	0.0	0.0	Inf	Inf
ECOAH4_f	dad_2_c	-0.0	0.0	0.0	Inf	Inf
ECOAH4_f	dad_5_c	-0.0	-0.036398222945422276	7.432766240797904e-05	-0.0	0.0
ECOAH4_f	betald_c	0.0	0.0	0.0	Inf	Inf
ECOAH4_f	btal_c	-0.0	-0.9374923246618891	0.0	-0.0	Inf
ECOAH4_f	for_c	-0.0	-0.036398222945422276	0.0008176042888603241	-0.0	0.0
ECOAH4_f	dcyt_c	-0.0	-0.00872133459449742	0.0	-0.0	Inf
ECOAH4_f	fru_c	-0.0	0.0	0.0	Inf	Inf
ECOAH4_f	ca2_c	-0.0	-0.0017348676360597892	999.9982651323639	-0.0	0.0
ECOAH4_f	g3pe_c	-0.0	-0.04633913116258524	0.0	-0.0	Inf
ECOAH4_f	g3pi_c	0.0	0.0	0.0	Inf	Inf
ECOAH4_f	cbm_c	-0.0	-499.53125383766906	0.0	-0.0	Inf
ECOAH4_f	dha_c	-0.0	-77.0525874586614	0.0	-0.0	Inf
ECOAH4_f	gal_c	-0.0	0.0	0.0	Inf	Inf
ECOAH4_f	dhgly_c	-0.0	-7.432766240797904e-05	0.03269753307901624	-0.0	0.0
ECOAH4_f	dhmptp_c	0.0	0.0	0.0	Inf	Inf
ECOAH4_f	gcald_c	-0.0	-0.5505122572135406	0.00022298298732084665	-0.0	0.0
ECOAH4_f	dhptd_c	-0.0	-59.120842928276375	0.00014865532481595807	-0.0	0.0
ECOAH4_f	cechddd_c	-0.0	0.0	0.0	Inf	Inf
ECOAH4_f	dhptdn_c	0.0	0.0	0.0	Inf	Inf
ECOAH4_f	chol_c	0.0	0.0	0.0	Inf	Inf
ECOAH4_f	chtbs6p_c	-0.0	0.0	0.0	Inf	Inf
ECOAH4_f	dmbzid_c	0.0	0.0	0.0	Inf	Inf
ECOAH4_f	dms_c	0.0	0.0	0.0	Inf	Inf
ECOAH4_f	dmso_c	0.0	0.0	0.0	Inf	Inf
ECOAH4_f	cl_c	-0.0	-0.0017348676360248022	999.9982651323639	-0.0	0.0
ECOAH4_f	glc__D_c	-0.0	-38.52629372933071	0.0	-0.0	Inf
ECOAH4_f	co2_c	-0.0	-943.6817274681673	56.31827253183269	-0.0	0.0
ECOAH4_f	dscl_c	-0.0	-7.432766240797904e-05	0.0054495888465027065	-0.0	0.0
ECOAH4_f	dtdp4aaddg_c	-0.0	0.0	0.0	Inf	Inf
ECOAH4_f	glyald_c	-0.0	-1000.0	0.0	-0.0	Inf
ECOAH4_f	crn_c	-0.0	-1000.0	0.0	-0.0	Inf
ECOAH4_f	duri_c	-0.0	-0.00872133459449742	0.0	-0.0	Inf
ECOAH4_f	glyb_c	0.0	0.0	0.0	Inf	Inf
ECOAH4_f	glyc_c	-0.0	-66.04507496456692	0.0	-0.0	Inf
ECOAH4_f	dxyl_c	0.0	0.0	0.0	Inf	Inf
ECOAH4_f	glycogen_c	-0.0	-38.52629372933071	0.0	-0.0	Inf
ECOAH4_f	gmhep1p_c	-0.0	0.0	5.5349878102473955	Inf	0.0
ECOAH4_f	lipa_cold_c	-0.0	0.0	0.0	Inf	Inf
ECOAH4_f	lipidA_c	-0.0	-0.006484838564168789	0.004671076154145177	-0.0	0.0
ECOAH4_f	malt_c	0.0	0.0	0.0	Inf	Inf
ECOAH4_f	h2_c	-0.0	0.0	0.0	Inf	Inf
ECOAH4_f	malthx_c	-0.0	0.0	0.0	Inf	Inf
ECOAH4_f	maltpt_c	-0.0	0.0	0.0	Inf	Inf
ECOAH4_f	malttr_c	-0.0	0.0	0.0	Inf	Inf
ECOAH4_f	maltttr_c	-0.0	0.0	0.0	Inf	Inf
ECOAH4_f	h2o2_c	-0.0	-0.00046763098884362885	59.120842928276375	-0.0	0.0
ECOAH4_f	man_c	-0.0	0.0	0.0	Inf	Inf
ECOAH4_f	mdhdhf_c	-0.0	-59.120842928276375	0.00014865532481595807	-0.0	0.0
ECOAH4_f	melib_c	-0.0	0.0	0.0	Inf	Inf
ECOAH4_f	meoh_c	-0.0	-1000.0	0.0	-0.0	Inf
ECOAH4_f	pacald_c	-0.0	-1000.0	0.0	-0.0	Inf
ECOAH4_f	metsox_S__L_c	-0.0	-0.036398222945422276	0.0	-0.0	Inf
ECOAH4_f	mg2_c	-0.0	-0.0028914460600413367	999.9971085539399	-0.0	0.0
ECOAH4_f	hhlipa_c	-0.0	0.0	0.0	Inf	Inf
ECOAH4_f	pe120_c	-0.0	0.0	0.0	Inf	Inf
ECOAH4_f	mobd_c	-0.0	-4.299671945773298e-05	142.52593611387044	-0.0	0.0
ECOAH4_f	hlipa_c	-0.0	0.0	0.0	Inf	Inf
ECOAH4_f	pg120_c	-0.0	0.0	0.0	Inf	Inf
ECOAH4_f	mql8_c	0.0	0.0	0.0	Inf	Inf
ECOAH4_f	mqn8_c	-0.0	0.0	0.0	Inf	Inf
ECOAH4_f	mthgxl_c	-0.0	0.0	0.00046763098884362885	Inf	0.0
ECOAH4_f	hqn_c	0.0	0.0	0.0	Inf	Inf
ECOAH4_f	mththf_c	-0.0	-999.9998513446752	0.00014865532481595807	-0.0	0.0
ECOAH4_f	n2o_c	-0.0	-1000.0	0.0	-0.0	Inf
ECOAH4_f	na1_c	-0.0	0.0	0.0	Inf	Inf
ECOAH4_f	nac_c	-0.0	0.0	0.0	Inf	Inf
ECOAH4_f	ncam_c	-0.0	0.0	0.0	Inf	Inf
ECOAH4_f	ni2_c	-0.0	-0.00010765845272545842	999.9998923415473	-0.0	0.0
ECOAH4_f	no_c	-0.0	-1000.0	0.0	-0.0	Inf
ECOAH4_f	indole_c	-0.0	-0.018946221140164806	0.06539506615803248	-0.0	0.0
ECOAH4_f	no2_c	-0.0	-1000.0	0.0	-0.0	Inf
ECOAH4_f	no3_c	0.0	0.0	0.0	Inf	Inf
ECOAH4_f	inost_c	0.0	0.0	0.0	Inf	Inf
ECOAH4_f	o2_c	-0.0	-54.60702679724314	945.3929732027568	-0.0	0.0
ECOAH4_f	poaac_c	-0.0	-29.560421464138187	0.0	-0.0	Inf
ECOAH4_f	ppal_c	-0.0	0.0	0.0	Inf	Inf
ECOAH4_f	k_c	-0.0	-0.06505936954439755	570.1037444554818	-0.0	0.0
ECOAH4_f	psclys_c	-0.0	0.0	0.0	Inf	Inf
ECOAH4_f	lald__D_c	-0.0	0.0	0.00046763098884362885	Inf	0.0
ECOAH4_f	lald__L_c	-0.0	-0.5072824073333777	0.0	-0.0	Inf
ECOAH4_f	ura_c	-0.0	0.0	0.0	Inf	Inf
ECOAH4_f	pydx_c	-0.0	0.0	0.00046763098884362885	Inf	0.0
ECOAH4_f	uracp_c	-0.0	-19.70694764275879	0.0	-0.0	Inf
ECOAH4_f	pydxn_c	-0.0	0.0	0.06539506615803248	Inf	0.0
ECOAH4_f	urate_c	-0.0	-0.00046763098884362885	0.0	-0.0	Inf
ECOAH4_f	q8_c	-0.0	0.0	0.0	Inf	Inf
ECOAH4_f	q8h2_c	0.0	0.0	0.0	Inf	Inf
ECOAH4_f	urea_c	-0.0	-1000.0	0.0	-0.0	Inf
ECOAH4_f	uri_c	-0.0	0.0	0.06539506615803248	Inf	0.0
ECOAH4_f	rbflvrd_c	-0.0	0.0	0.018199111472711138	Inf	0.0
ECOAH4_f	rbl__L_c	-0.0	-46.23155247519685	0.0	-0.0	Inf
ECOAH4_f	rdmbzi_c	0.0	0.0	0.0	Inf	Inf
ECOAH4_f	thptdn_c	0.0	0.0	0.0	Inf	Inf
ECOAH4_f	xan_c	-0.0	0.0	0.0	Inf	Inf
ECOAH4_f	rephaccoa_c	-0.0	-0.00019198535153464036	0.0	-0.0	Inf
ECOAH4_f	rib__D_c	-0.0	0.0	7.704104654803808	Inf	0.0
ECOAH4_f	xtsn_c	-0.0	0.0	0.0	Inf	Inf
ECOAH4_f	rml_c	-0.0	-0.5072824073333777	0.0	-0.0	Inf
ECOAH4_f	thym_c	-0.0	-570.1037444554818	0.0	-0.0	Inf
ECOAH4_f	thymd_c	-0.0	-0.00872133459449742	0.0	-0.0	Inf
ECOAH4_f	xu5p__L_c	-0.0	-0.32151913593884274	0.0	-0.0	Inf
ECOAH4_f	rmn_c	-0.0	-0.5072824073333777	0.0	-0.0	Inf
ECOAH4_f	xyl__D_c	0.0	0.0	0.0	Inf	Inf
ECOAH4_f	tmao_c	0.0	0.0	0.0	Inf	Inf
ECOAH4_f	xylu__D_c	-0.0	0.0	0.0	Inf	Inf
ECOAH4_f	xylu__L_c	-0.0	-46.23155247519685	0.0	-0.0	Inf
ECOAH4_f	12ppd__R_e	-0.0	-1000.0	0.0	-0.0	Inf
ECOAH4_f	12ppd__S_e	-0.0	-1000.0	0.0	-0.0	Inf
ECOAH4_f	tre_c	-0.0	-19.263146864665355	0.0	-0.0	Inf
ECOAH4_f	seln_c	0.0	0.0	0.0	Inf	Inf
ECOAH4_f	34dhpac_e	-0.0	-1000.0	0.0	-0.0	Inf
ECOAH4_f	slnt_c	0.0	0.0	0.0	Inf	Inf
ECOAH4_f	so2_c	0.0	0.0	0.0	Inf	Inf
ECOAH4_f	so3_c	-0.0	-0.08261636334347493	28.50518722277409	-0.0	0.0
ECOAH4_f	so4_c	-0.0	-0.08406225302744719	570.1037444554818	-0.0	0.0
ECOAH4_f	4hoxpacd_e	-0.0	-1000.0	0.0	-0.0	Inf
ECOAH4_f	5mtr_e	-0.0	-1000.0	0.0	-0.0	Inf
ECOAH4_f	LalaDgluMdap_e	-0.0	-1000.0	0.0	-0.0	Inf
ECOAH4_f	ac_e	-0.0	0.0	0.0	Inf	Inf
ECOAH4_f	acald_e	-0.0	-1000.0	0.0	-0.0	Inf
ECOAH4_f	acgal_e	-0.0	-1000.0	0.0	-0.0	Inf
ECOAH4_f	acgam_e	-0.0	-1000.0	0.0	-0.0	Inf
ECOAH4_f	acmana_e	-0.0	-1000.0	0.0	-0.0	Inf
ECOAH4_f	tagur_c	-0.0	0.0	0.0	Inf	Inf
ECOAH4_f	tartr__L_c	-0.0	-0.5072824073333777	0.0	-0.0	Inf
ECOAH4_f	ade_e	-0.0	-1000.0	0.0	-0.0	Inf
ECOAH4_f	adn_e	-0.0	-1000.0	0.0	-0.0	Inf
ECOAH4_f	all__D_e	-0.0	-1000.0	0.0	-0.0	Inf
ECOAH4_f	cl_e	-0.0	-0.0017348676360597892	999.9982651323639	-0.0	0.0
ECOAH4_f	alltn_e	-0.0	0.0	0.0	Inf	Inf
ECOAH4_f	cm_e	-0.0	-1000.0	0.0	-0.0	Inf
ECOAH4_f	co2_e	-0.0	-943.6817274681673	56.31827253183269	-0.0	0.0
ECOAH4_f	arab__L_e	-0.0	-1000.0	0.0	-0.0	Inf
ECOAH4_f	arbt_e	-0.0	-1000.0	0.0	-0.0	Inf
ECOAH4_f	unagamu_c	-0.0	0.0	0.0037368609233161417	Inf	0.0
ECOAH4_f	crn_e	-0.0	-1000.0	0.0	-0.0	Inf
ECOAH4_f	csn_e	-0.0	-1000.0	0.0	-0.0	Inf
ECOAH4_f	cyan_e	-0.0	-1000.0	0.0	-0.0	Inf
ECOAH4_f	glyb_e	-0.0	-1000.0	0.0	-0.0	Inf
ECOAH4_f	glyc_e	-0.0	-1000.0	0.0	-0.0	Inf
ECOAH4_f	cytd_e	-0.0	-1000.0	0.0	-0.0	Inf
ECOAH4_f	ca2_e	-0.0	-0.0017348676360597892	999.9982651323639	-0.0	0.0
ECOAH4_f	dad_2_e	-0.0	-1000.0	0.0	-0.0	Inf
ECOAH4_f	dcyt_e	-0.0	-1000.0	0.0	-0.0	Inf
ECOAH4_f	chol_e	-0.0	-1000.0	0.0	-0.0	Inf
ECOAH4_f	dha_e	-0.0	-1000.0	0.0	-0.0	Inf
ECOAH4_f	ppal_e	-0.0	-1000.0	0.0	-0.0	Inf
ECOAH4_f	h2_e	-0.0	-1000.0	0.0	-0.0	Inf
ECOAH4_f	dms_e	-0.0	-1000.0	0.0	-0.0	Inf
ECOAH4_f	dmso_e	-0.0	-1000.0	0.0	-0.0	Inf
ECOAH4_f	h2o2_e	-0.0	-1000.0	0.0	-0.0	Inf
ECOAH4_f	psclys_e	-0.0	-1000.0	0.0	-0.0	Inf
ECOAH4_f	duri_e	-0.0	-1000.0	0.0	-0.0	Inf
ECOAH4_f	pydx_e	-0.0	-1000.0	0.0	-0.0	Inf
ECOAH4_f	pydxn_e	-0.0	-1000.0	0.0	-0.0	Inf
ECOAH4_f	etoh_e	-0.0	-1000.0	0.0	-0.0	Inf
ECOAH4_f	fald_e	-0.0	0.0	0.0	Inf	Inf
ECOAH4_f	rib__D_e	-0.0	-1000.0	0.0	-0.0	Inf
ECOAH4_f	rmn_e	-0.0	-1000.0	0.0	-0.0	Inf
ECOAH4_f	indole_e	-0.0	-1000.0	0.0	-0.0	Inf
ECOAH4_f	inost_e	-0.0	-1000.0	0.0	-0.0	Inf
ECOAH4_f	sbt__D_e	-0.0	-35.562732673228346	0.0	-0.0	Inf
ECOAH4_f	k_e	-0.0	-0.06505936954442859	999.9349406304556	-0.0	0.0
ECOAH4_f	for_e	-0.0	0.0	0.0008176042888603241	Inf	0.0
ECOAH4_f	slnt_e	-0.0	0.0	1000.0	Inf	0.0
ECOAH4_f	fru_e	-0.0	-1000.0	0.0	-0.0	Inf
ECOAH4_f	so2_e	-0.0	-1000.0	0.0	-0.0	Inf
ECOAH4_f	so3_e	-0.0	-1000.0	0.0	-0.0	Inf
ECOAH4_f	so4_e	-0.0	-0.08406225302746861	999.9159377469725	-0.0	0.0
ECOAH4_f	lipa_cold_e	-0.0	-1000.0	0.0	-0.0	Inf
ECOAH4_f	sucr_e	-0.0	-1000.0	0.0	-0.0	Inf
ECOAH4_f	g3pe_e	-0.0	-1000.0	0.0	-0.0	Inf
ECOAH4_f	malt_e	-0.0	-1000.0	0.0	-0.0	Inf
ECOAH4_f	tartr__L_e	-0.0	-1000.0	0.0	-0.0	Inf
ECOAH4_f	g3pi_e	-0.0	-1000.0	0.0	-0.0	Inf
ECOAH4_f	malthx_e	-0.0	-1000.0	0.0	-0.0	Inf
ECOAH4_f	maltpt_e	-0.0	-1000.0	0.0	-0.0	Inf
ECOAH4_f	gal_e	-0.0	-1000.0	0.0	-0.0	Inf
ECOAH4_f	gal_bD_e	-0.0	-1000.0	0.0	-0.0	Inf
ECOAH4_f	malttr_e	-0.0	-1000.0	0.0	-0.0	Inf
ECOAH4_f	maltttr_e	-0.0	-1000.0	0.0	-0.0	Inf
ECOAH4_f	man_e	-0.0	-1000.0	0.0	-0.0	Inf
ECOAH4_f	thym_e	-0.0	-1000.0	0.0	-0.0	Inf
ECOAH4_f	thymd_e	-0.0	-1000.0	0.0	-0.0	Inf
ECOAH4_f	galt_e	-0.0	-35.562732673228346	0.0	-0.0	Inf
ECOAH4_f	melib_e	-0.0	-1000.0	0.0	-0.0	Inf
ECOAH4_f	meoh_e	-0.0	-1000.0	0.0	-0.0	Inf
ECOAH4_f	tmao_e	-0.0	-1000.0	0.0	-0.0	Inf
ECOAH4_f	tre_e	-0.0	-1000.0	0.0	-0.0	Inf
ECOAH4_f	metsox_S__L_e	-0.0	-1000.0	0.0	-0.0	Inf
ECOAH4_f	glc__D_e	-0.0	-38.52629372933071	7.50136505862476	-0.0	0.0
ECOAH4_f	mg2_e	-0.0	-0.002891446060061753	999.9971085539399	-0.0	0.0
ECOAH4_f	mnl_e	-0.0	-1000.0	0.0	-0.0	Inf
ECOAH4_f	mobd_e	-0.0	-4.299671945773298e-05	999.9999570032805	-0.0	0.0
ECOAH4_f	glyald_e	-0.0	-1000.0	0.0	-0.0	Inf
ECOAH4_f	n2o_e	-0.0	-1000.0	0.0	-0.0	Inf
ECOAH4_f	na1_e	-0.0	0.0	1000.0	Inf	0.0
ECOAH4_f	nac_e	-0.0	-1000.0	0.0	-0.0	Inf
ECOAH4_f	ni2_e	-0.0	-0.00010765845274818275	999.9998923415473	-0.0	0.0
ECOAH4_f	no_e	-0.0	-1000.0	0.0	-0.0	Inf
ECOAH4_f	no2_e	-0.0	-1000.0	0.0	-0.0	Inf
ECOAH4_f	ura_e	-0.0	-1000.0	0.0	-0.0	Inf
ECOAH4_f	no3_e	-0.0	-1000.0	0.0	-0.0	Inf
ECOAH4_f	urea_e	-0.0	-1000.0	0.0	-0.0	Inf
ECOAH4_f	novbcn_e	-0.0	-1000.0	0.0	-0.0	Inf
ECOAH4_f	uri_e	-0.0	-1000.0	0.0	-0.0	Inf
ECOAH4_f	o2_e	-0.0	-54.60702679724318	945.3929732027568	-0.0	0.0
ECOAH4_f	xan_e	-0.0	0.0	0.0	Inf	Inf
ECOAH4_f	xtsn_e	-0.0	-1000.0	0.0	-0.0	Inf
ECOAH4_f	xyl__D_e	-0.0	-1000.0	0.0	-0.0	Inf
ECOAH4_f	xylu__L_e	-0.0	-1000.0	0.0	-0.0	Inf
ECOAH4_f	pacald_e	-0.0	-1000.0	0.0	-0.0	Inf
ECOAH4_f	12dgr120_p	-0.0	0.0	0.0	Inf	Inf
ECOAH4_f	12dgr140_p	-0.0	0.0	0.0	Inf	Inf
ECOAH4_f	12dgr160_p	-0.0	0.0	0.0	Inf	Inf
ECOAH4_f	12dgr180_p	-0.0	0.0	0.0	Inf	Inf
ECOAH4_f	12ppd__R_p	-0.0	-1000.0	0.0	-0.0	Inf
ECOAH4_f	12ppd__S_p	-0.0	0.0	0.0	Inf	Inf
ECOAH4_f	chol_p	-0.0	-1000.0	0.0	-0.0	Inf
ECOAH4_f	cl_p	-0.0	-0.0017348676360597892	999.9982651323639	-0.0	0.0
ECOAH4_f	34dhpac_p	-0.0	-1000.0	0.0	-0.0	Inf
ECOAH4_f	cm_p	-0.0	0.0	0.0	Inf	Inf
ECOAH4_f	4hoxpacd_p	-0.0	-1000.0	0.0	-0.0	Inf
ECOAH4_f	co2_p	-0.0	-943.6817274681673	56.31827253183269	-0.0	0.0
ECOAH4_f	5mtr_p	-0.0	-1000.0	0.0	-0.0	Inf
ECOAH4_f	LalaDgluMdap_p	-0.0	0.0	0.0	Inf	Inf
ECOAH4_f	gal_p	-0.0	-1000.0	0.0	-0.0	Inf
ECOAH4_f	ac_p	-0.0	-0.7820499250938155	0.0	-0.0	Inf
ECOAH4_f	crn_p	-0.0	-1000.0	0.0	-0.0	Inf
ECOAH4_f	gal_bD_p	-0.0	-1000.0	0.0	-0.0	Inf
ECOAH4_f	acald_p	-0.0	-1000.0	0.0	-0.0	Inf
ECOAH4_f	acgal_p	-0.0	-1000.0	0.0	-0.0	Inf
ECOAH4_f	csn_p	-0.0	0.0	0.0	Inf	Inf
ECOAH4_f	acgam_p	-0.0	-1000.0	0.0	-0.0	Inf
ECOAH4_f	galt_p	-0.0	-35.562732673228346	0.0	-0.0	Inf
ECOAH4_f	acmana_p	-0.0	-1000.0	0.0	-0.0	Inf
ECOAH4_f	cyan_p	-0.0	0.0	0.0	Inf	Inf
ECOAH4_f	ade_p	-0.0	-1000.0	0.0	-0.0	Inf
ECOAH4_f	adn_p	-0.0	0.0	0.08000093326494986	Inf	0.0
ECOAH4_f	cytd_p	-0.0	0.0	0.0	Inf	Inf
ECOAH4_f	glc__D_p	-0.0	-38.52629372933071	7.50136505862476	-0.0	0.0
ECOAH4_f	dad_2_p	-0.0	-1000.0	0.0	-0.0	Inf
ECOAH4_f	dcyt_p	-0.0	-1000.0	0.0	-0.0	Inf
ECOAH4_f	all__D_p	-0.0	0.0	0.0	Inf	Inf
ECOAH4_f	alltn_p	-0.0	0.0	0.0	Inf	Inf
ECOAH4_f	dha_p	-0.0	-1000.0	0.0	-0.0	Inf
ECOAH4_f	glyald_p	-0.0	-1000.0	0.0	-0.0	Inf
ECOAH4_f	glyb_p	0.0	0.0	0.0	Inf	Inf
ECOAH4_f	dms_p	-0.0	-1000.0	0.0	-0.0	Inf
ECOAH4_f	glyc_p	-0.0	-66.04507496456692	0.0	-0.0	Inf
ECOAH4_f	dmso_p	-0.0	-1000.0	0.0	-0.0	Inf
ECOAH4_f	arab__L_p	-0.0	0.0	0.0	Inf	Inf
ECOAH4_f	arbt_p	0.0	0.0	0.0	Inf	Inf
ECOAH4_f	ca2_p	-0.0	-0.0017348676360597892	999.9982651323639	-0.0	0.0
ECOAH4_f	duri_p	-0.0	-1000.0	0.0	-0.0	Inf
ECOAH4_f	h2_p	-0.0	-1000.0	0.0	-0.0	Inf
ECOAH4_f	h2o2_p	-0.0	-1000.0	0.0	-0.0	Inf
ECOAH4_f	etoh_p	-0.0	-1000.0	0.0	-0.0	Inf
ECOAH4_f	fald_p	-0.0	0.0	0.0	Inf	Inf
ECOAH4_f	n2o_p	-0.0	-1000.0	0.0	-0.0	Inf
ECOAH4_f	na1_p	-0.0	0.0	0.0	Inf	Inf
ECOAH4_f	indole_p	-0.0	0.0	0.06539506615803248	Inf	0.0
ECOAH4_f	nac_p	-0.0	-1000.0	0.0	-0.0	Inf
ECOAH4_f	ni2_p	-0.0	-0.00010765845274818275	999.9998923415473	-0.0	0.0
ECOAH4_f	inost_p	-0.0	-1000.0	0.0	-0.0	Inf
ECOAH4_f	no_p	-0.0	-1000.0	0.0	-0.0	Inf
ECOAH4_f	no2_p	-0.0	-1000.0	0.0	-0.0	Inf
ECOAH4_f	for_p	-0.0	0.0	0.0008176042888603241	Inf	0.0
ECOAH4_f	fru_p	-0.0	-1000.0	0.0	-0.0	Inf
ECOAH4_f	no3_p	-0.0	0.0	0.0	Inf	Inf
ECOAH4_f	k_p	-0.0	-0.06505936954442859	999.9349406304556	-0.0	0.0
ECOAH4_f	novbcn_p	-0.0	0.0	0.0	Inf	Inf
ECOAH4_f	o2_p	-0.0	-54.60702679724318	945.3929732027568	-0.0	0.0
ECOAH4_f	lipa_cold_p	-0.0	-142.52593611387044	0.0	-0.0	Inf
ECOAH4_f	g3pe_p	-0.0	0.0	0.0	Inf	Inf
ECOAH4_f	g3pi_p	-0.0	0.0	0.0	Inf	Inf
ECOAH4_f	so3_p	-0.0	-1000.0	0.0	-0.0	Inf
ECOAH4_f	so4_p	-0.0	-0.08406225302744719	999.9159377469725	-0.0	0.0
ECOAH4_f	malt_p	0.0	0.0	0.0	Inf	Inf
ECOAH4_f	malthx_p	0.0	0.0	0.0	Inf	Inf
ECOAH4_f	maltpt_p	0.0	0.0	0.0	Inf	Inf
ECOAH4_f	sucr_p	-0.0	-1000.0	0.0	-0.0	Inf
ECOAH4_f	malttr_p	0.0	0.0	0.0	Inf	Inf
ECOAH4_f	maltttr_p	0.0	0.0	0.0	Inf	Inf
ECOAH4_f	pacald_p	-0.0	-1000.0	0.0	-0.0	Inf
ECOAH4_f	man_p	-0.0	-1000.0	0.0	-0.0	Inf
ECOAH4_f	tartr__L_p	-0.0	-1000.0	0.0	-0.0	Inf
ECOAH4_f	pe120_p	-0.0	0.0	0.0	Inf	Inf
ECOAH4_f	melib_p	-0.0	-1000.0	0.0	-0.0	Inf
ECOAH4_f	meoh_p	-0.0	-1000.0	0.0	-0.0	Inf
ECOAH4_f	thym_p	-0.0	-1000.0	0.0	-0.0	Inf
ECOAH4_f	thymd_p	-0.0	-0.00872133459449742	0.0	-0.0	Inf
ECOAH4_f	pg120_p	-0.0	0.0	0.0	Inf	Inf
ECOAH4_f	metsox_S__L_p	-0.0	-1000.0	0.0	-0.0	Inf
ECOAH4_f	tmao_p	-0.0	-1000.0	0.0	-0.0	Inf
ECOAH4_f	mg2_p	-0.0	-0.0028914460600413367	999.9971085539399	-0.0	0.0
ECOAH4_f	tre_p	-0.0	0.0	0.0	Inf	Inf
ECOAH4_f	mnl_p	-0.0	0.0	0.0	Inf	Inf
ECOAH4_f	mobd_p	-0.0	-4.299671945773298e-05	999.9999570032805	-0.0	0.0
ECOAH4_f	ura_p	-0.0	-1000.0	0.0	-0.0	Inf
ECOAH4_f	urea_p	-0.0	-1000.0	0.0	-0.0	Inf
ECOAH4_f	uri_p	-0.0	0.0	0.0	Inf	Inf
ECOAH4_f	xan_p	-0.0	0.0	0.0	Inf	Inf
ECOAH4_f	xtsn_p	-0.0	0.0	0.0	Inf	Inf
ECOAH4_f	xyl__D_p	-0.0	0.0	0.0	Inf	Inf
ECOAH4_f	xylu__L_p	-0.0	-1000.0	0.0	-0.0	Inf
ECOAH4_f	ppal_p	-0.0	-1000.0	0.0	-0.0	Inf
ECOAH4_f	psclys_p	-0.0	-1000.0	0.0	-0.0	Inf
ECOAH4_f	pydx_p	-0.0	0.0	0.0	Inf	Inf
ECOAH4_f	pydxn_p	-0.0	0.0	0.0	Inf	Inf
ECOAH4_f	rib__D_p	-0.0	-1000.0	0.0	-0.0	Inf
ECOAH4_f	rmn_p	-0.0	-1000.0	0.0	-0.0	Inf
ECOAH4_f	sbt__D_p	-0.0	-35.562732673228346	0.0	-0.0	Inf
ECOAH4_f	slnt_p	-0.0	0.0	0.0	Inf	Inf
ECOAH4_f	so2_p	-0.0	-1000.0	0.0	-0.0	Inf
