Reaction	Metabolite	ShadowPrice	G-	G+	DecrementalShadowPrice	IncrementalShadowPrice
FACOAL80t2pp	12dgr120_c	-0.0	0.0	0.0	Inf	Inf
FACOAL80t2pp	12dgr140_c	-0.0	0.0	0.0	Inf	Inf
FACOAL80t2pp	12dgr160_c	-0.0	-0.0011182989367313212	0.0	-0.0	Inf
FACOAL80t2pp	12dgr180_c	-0.0	0.0	0.0	Inf	Inf
FACOAL80t2pp	12ppd__R_c	-0.0	-1000.0	0.0	-0.0	Inf
FACOAL80t2pp	12ppd__S_c	-0.0	0.0	0.0	Inf	Inf
FACOAL80t2pp	5drib_c	-0.0	-999.9999256723376	7.432766240797904e-05	-0.0	0.0
FACOAL80t2pp	5mta_c	-0.0	-0.03639822295326668	0.0	-0.0	Inf
FACOAL80t2pp	23dhacoa_c	-0.0	-0.00019198535296625877	0.0	-0.0	Inf
FACOAL80t2pp	5mtr_c	-0.0	-1000.0	0.0	-0.0	Inf
FACOAL80t2pp	3amac_c	-0.0	-1.5999953337146735	0.0	-0.0	Inf
FACOAL80t2pp	LalaDgluMdap_c	-0.0	-0.002556111855385874	0.0	-0.0	Inf
FACOAL80t2pp	ac_c	-0.0	-0.01789278298770114	0.47298135771704136	-0.0	0.0
FACOAL80t2pp	acald_c	-0.0	-0.01789278298770114	0.47298135771704136	-0.0	0.0
FACOAL80t2pp	acetol_c	-0.0	0.0	0.0	Inf	Inf
FACOAL80t2pp	acgam_c	-0.0	-0.01789278298770114	0.0	-0.0	Inf
FACOAL80t2pp	acgam6p_c	-0.0	-0.01789278298770114	0.0	-0.0	Inf
FACOAL80t2pp	acmalt_c	0.0	0.0	0.0	Inf	Inf
FACOAL80t2pp	acmana_c	-0.0	-0.01789278298770114	0.0	-0.0	Inf
FACOAL80t2pp	2dmmq8_c	-0.0	0.0	0.0	Inf	Inf
FACOAL80t2pp	2dmmql8_c	0.0	0.0	0.0	Inf	Inf
FACOAL80t2pp	ade_c	-0.0	-0.03639822295326668	0.0002229829872239371	-0.0	0.0
FACOAL80t2pp	adn_c	-0.0	0.0	0.0002229829872239371	Inf	0.0
FACOAL80t2pp	3sala_c	0.0	0.0	0.0	Inf	Inf
FACOAL80t2pp	adphep_DD_c	-0.0	0.0	0.0	Inf	Inf
FACOAL80t2pp	adphep_LD_c	-0.0	0.0	0.0	Inf	Inf
FACOAL80t2pp	4ahmmp_c	0.0	0.0	0.0	Inf	Inf
FACOAL80t2pp	4crsol_c	-0.0	-999.9999256723376	7.432766240797904e-05	-0.0	0.0
FACOAL80t2pp	2ohph_c	-0.0	-7.432766240797904e-05	0.002065193050657397	-0.0	0.0
FACOAL80t2pp	2ombzl_c	-0.0	0.0	0.0	Inf	Inf
FACOAL80t2pp	2omhmbl_c	-0.0	0.0	0.0	Inf	Inf
FACOAL80t2pp	2ommbl_c	0.0	0.0	0.0	Inf	Inf
FACOAL80t2pp	2omph_c	-0.0	0.0	0.002065193050657397	Inf	0.0
FACOAL80t2pp	4mhetz_c	0.0	0.0	0.0	Inf	Inf
FACOAL80t2pp	2oph_c	-0.0	-7.432766240797904e-05	0.002065193050657397	-0.0	0.0
FACOAL80t2pp	2oxpaccoa_c	-0.0	-0.00019198535296625877	0.0	-0.0	Inf
FACOAL80t2pp	all__D_c	-0.0	-57.79579286081283	0.0	-0.0	Inf
FACOAL80t2pp	alltn_c	-0.0	-0.017892782987701104	0.0	-0.0	Inf
FACOAL80t2pp	4r5au_c	-0.0	-0.00014865532564998105	0.01789278298770117	-0.0	0.0
FACOAL80t2pp	56dura_c	0.0	0.0	0.0	Inf	Inf
FACOAL80t2pp	arab__L_c	-0.0	-69.35495143297538	0.0	-0.0	Inf
FACOAL80t2pp	etoh_c	-0.0	-1000.0	0.0	-0.0	Inf
FACOAL80t2pp	csn_c	-0.0	0.0	0.030977895759860957	Inf	0.0
FACOAL80t2pp	fald_c	-0.0	0.0	0.0	Inf	Inf
FACOAL80t2pp	fc1p_c	-0.0	-0.008946391493850559	0.0	-0.0	Inf
FACOAL80t2pp	fcl__L_c	-0.0	0.0	0.0	Inf	Inf
FACOAL80t2pp	aso4_c	0.0	0.0	0.0	Inf	Inf
FACOAL80t2pp	cyan_c	0.0	0.0	0.0	Inf	Inf
FACOAL80t2pp	athtp_c	0.0	0.0	0.0	Inf	Inf
FACOAL80t2pp	cytd_c	-0.0	0.0	0.030977895759860957	Inf	0.0
FACOAL80t2pp	dad_2_c	-0.0	-0.03639822295326668	0.0	-0.0	Inf
FACOAL80t2pp	dad_5_c	-0.0	-0.03639822295326668	7.432766240797904e-05	-0.0	0.0
FACOAL80t2pp	betald_c	0.0	0.0	0.0	Inf	Inf
FACOAL80t2pp	btal_c	-0.0	-0.9348898565240233	0.0	-0.0	Inf
FACOAL80t2pp	for_c	-0.0	-0.036398222953266716	0.0008176042892181706	-0.0	0.0
FACOAL80t2pp	dcyt_c	-0.0	-0.008946391493850552	0.0	-0.0	Inf
FACOAL80t2pp	fru_c	-0.0	0.0	7.001333392631693	Inf	0.0
FACOAL80t2pp	ca2_c	-0.0	-0.0017348676360597892	999.9982651323639	-0.0	0.0
FACOAL80t2pp	g3pe_c	-0.0	-0.01789278298770114	0.0	-0.0	Inf
FACOAL80t2pp	g3pi_c	0.0	0.0	0.0	Inf	Inf
FACOAL80t2pp	cbm_c	-0.0	-1.5999953337146735	0.0	-0.0	Inf
FACOAL80t2pp	dha_c	-0.0	-115.59158572162566	0.0	-0.0	Inf
FACOAL80t2pp	gal_c	-0.0	0.0	0.0	Inf	Inf
FACOAL80t2pp	dhgly_c	-0.0	-7.432766240797904e-05	0.4000046662853265	-0.0	0.0
FACOAL80t2pp	dhmptp_c	0.0	0.0	0.0	Inf	Inf
FACOAL80t2pp	gcald_c	-0.0	-0.017892782987701104	0.0002229829874522693	-0.0	0.0
FACOAL80t2pp	dhptd_c	-0.0	-59.11954169423598	0.00014865532481595807	-0.0	0.0
FACOAL80t2pp	cechddd_c	-0.0	0.0	0.0	Inf	Inf
FACOAL80t2pp	dhptdn_c	0.0	0.0	0.0	Inf	Inf
FACOAL80t2pp	chol_c	0.0	0.0	0.0	Inf	Inf
FACOAL80t2pp	chtbs6p_c	-0.0	0.0	0.0	Inf	Inf
FACOAL80t2pp	dmbzid_c	0.0	0.0	0.0	Inf	Inf
FACOAL80t2pp	dms_c	0.0	0.0	0.0	Inf	Inf
FACOAL80t2pp	dmso_c	0.0	0.0	0.0	Inf	Inf
FACOAL80t2pp	cl_c	-0.0	-0.0017348676360248022	999.9982651323639	-0.0	0.0
FACOAL80t2pp	glc__D_c	-0.0	-57.79579286081283	7.001333392631693	-0.0	0.0
FACOAL80t2pp	co2_c	-0.0	-943.6817274682587	56.318272531741286	-0.0	0.0
FACOAL80t2pp	dscl_c	-0.0	-7.432766240797904e-05	0.0038722369699826197	-0.0	0.0
FACOAL80t2pp	dtdp4aaddg_c	-0.0	0.0	0.0	Inf	Inf
FACOAL80t2pp	glyald_c	-0.0	-1000.0	0.0	-0.0	Inf
FACOAL80t2pp	crn_c	-0.0	-1000.0	0.0	-0.0	Inf
FACOAL80t2pp	duri_c	-0.0	-0.008946391493850552	0.015488947879930482	-0.0	0.0
FACOAL80t2pp	glyb_c	0.0	0.0	0.0	Inf	Inf
FACOAL80t2pp	glyc_c	-0.0	-99.0785020471077	0.0	-0.0	Inf
FACOAL80t2pp	dxyl_c	0.0	0.0	0.0	Inf	Inf
FACOAL80t2pp	glycogen_c	-0.0	-57.79579286081283	0.0	-0.0	Inf
FACOAL80t2pp	gmhep1p_c	-0.0	0.0	5.22766226649833	Inf	0.0
FACOAL80t2pp	lipa_cold_c	-0.0	0.0	0.0	Inf	Inf
FACOAL80t2pp	lipidA_c	-0.0	-0.0006390279638464692	0.01689219134703719	-0.0	0.0
FACOAL80t2pp	malt_c	0.0	0.0	0.0	Inf	Inf
FACOAL80t2pp	h2_c	-0.0	0.0	0.0	Inf	Inf
FACOAL80t2pp	malthx_c	-0.0	0.0	0.0	Inf	Inf
FACOAL80t2pp	maltpt_c	-0.0	0.0	0.0	Inf	Inf
FACOAL80t2pp	malttr_c	-0.0	0.0	0.0	Inf	Inf
FACOAL80t2pp	maltttr_c	-0.0	0.0	0.0	Inf	Inf
FACOAL80t2pp	h2o2_c	-0.0	0.0	59.11954169423598	Inf	0.0
FACOAL80t2pp	man_c	-0.0	0.0	0.0	Inf	Inf
FACOAL80t2pp	mdhdhf_c	-0.0	-59.11954169423598	0.00014865532481595807	-0.0	0.0
FACOAL80t2pp	melib_c	-0.0	0.0	0.0	Inf	Inf
FACOAL80t2pp	meoh_c	-0.0	-1000.0	0.0	-0.0	Inf
FACOAL80t2pp	pacald_c	-0.0	-1000.0	0.0	-0.0	Inf
FACOAL80t2pp	metsox_S__L_c	-0.0	-0.03639822295326662	0.0	-0.0	Inf
FACOAL80t2pp	mg2_c	-0.0	-0.0028914460600413367	999.9971085539399	-0.0	0.0
FACOAL80t2pp	hhlipa_c	-0.0	0.0	0.0	Inf	Inf
FACOAL80t2pp	pe120_c	-0.0	0.0	0.0	Inf	Inf
FACOAL80t2pp	mobd_c	-0.0	-4.299671945773298e-05	98.0186674968437	-0.0	0.0
FACOAL80t2pp	hlipa_c	-0.0	0.0	0.0	Inf	Inf
FACOAL80t2pp	pg120_c	-0.0	-0.0014910652489750948	0.0	-0.0	Inf
FACOAL80t2pp	mql8_c	0.0	0.0	0.0	Inf	Inf
FACOAL80t2pp	mqn8_c	-0.0	0.0	0.0	Inf	Inf
FACOAL80t2pp	mthgxl_c	-0.0	0.0	0.0	Inf	Inf
FACOAL80t2pp	hqn_c	0.0	0.0	0.0	Inf	Inf
FACOAL80t2pp	mththf_c	-0.0	-999.9998513446752	0.00014865532481595807	-0.0	0.0
FACOAL80t2pp	n2o_c	-0.0	-1000.0	0.0	-0.0	Inf
FACOAL80t2pp	na1_c	-0.0	0.0	0.0	Inf	Inf
FACOAL80t2pp	nac_c	-0.0	0.0	0.0	Inf	Inf
FACOAL80t2pp	ncam_c	-0.0	0.0	0.0	Inf	Inf
FACOAL80t2pp	ni2_c	-0.0	-0.00010765845272545842	999.9998923415473	-0.0	0.0
FACOAL80t2pp	no_c	-0.0	-1000.0	0.0	-0.0	Inf
FACOAL80t2pp	indole_c	-0.0	-0.018946221140164806	0.008946391493850559	-0.0	0.0
FACOAL80t2pp	no2_c	-0.0	-20.373180564745326	0.0	-0.0	Inf
FACOAL80t2pp	no3_c	0.0	0.0	0.0	Inf	Inf
FACOAL80t2pp	inost_c	0.0	0.0	0.0	Inf	Inf
FACOAL80t2pp	o2_c	-0.0	-54.60637618013775	945.3936238198622	-0.0	0.0
FACOAL80t2pp	poaac_c	-0.0	-1.5999953337146735	0.0	-0.0	Inf
FACOAL80t2pp	ppal_c	-0.0	0.0	0.0	Inf	Inf
FACOAL80t2pp	k_c	-0.0	-0.06505936954439755	392.0746699873748	-0.0	0.0
FACOAL80t2pp	psclys_c	-0.0	0.0	0.0	Inf	Inf
FACOAL80t2pp	lald__D_c	-0.0	0.0	0.0	Inf	Inf
FACOAL80t2pp	lald__L_c	-0.0	-0.008946391493850559	0.0	-0.0	Inf
FACOAL80t2pp	ura_c	-0.0	-0.0178927829877011	0.015488947879930486	-0.0	0.0
FACOAL80t2pp	pydx_c	-0.0	0.0	0.030977895759860957	Inf	0.0
FACOAL80t2pp	uracp_c	-0.0	-0.7999976668573368	0.0	-0.0	Inf
FACOAL80t2pp	pydxn_c	-0.0	0.0	0.030977895759860957	Inf	0.0
FACOAL80t2pp	urate_c	-0.0	0.0	0.0	Inf	Inf
FACOAL80t2pp	q8_c	-0.0	0.0	0.0	Inf	Inf
FACOAL80t2pp	q8h2_c	0.0	0.0	0.0	Inf	Inf
FACOAL80t2pp	urea_c	-0.0	-1000.0	0.0	-0.0	Inf
FACOAL80t2pp	uri_c	-0.0	0.0	0.015488947879930486	Inf	0.0
FACOAL80t2pp	rbflvrd_c	-0.0	0.0	0.01789278298770114	Inf	0.0
FACOAL80t2pp	rbl__L_c	-0.0	-69.35495143297538	0.0	-0.0	Inf
FACOAL80t2pp	rdmbzi_c	0.0	0.0	0.0	Inf	Inf
FACOAL80t2pp	thptdn_c	0.0	0.0	0.0	Inf	Inf
FACOAL80t2pp	xan_c	-0.0	0.0	0.017892782987701156	Inf	0.0
FACOAL80t2pp	rephaccoa_c	-0.0	-0.00019198535296625877	0.0	-0.0	Inf
FACOAL80t2pp	rib__D_c	-0.0	0.0	7.260642036803237	Inf	0.0
FACOAL80t2pp	xtsn_c	-0.0	0.0	0.017892782987701156	Inf	0.0
FACOAL80t2pp	rml_c	-0.0	-0.008946391493850559	0.0	-0.0	Inf
FACOAL80t2pp	thym_c	-0.0	-392.0746699873748	0.0	-0.0	Inf
FACOAL80t2pp	thymd_c	-0.0	-0.00872133459449742	0.0	-0.0	Inf
FACOAL80t2pp	xu5p__L_c	-0.0	-0.3215191359581695	0.0	-0.0	Inf
FACOAL80t2pp	rmn_c	-0.0	-0.008946391493850559	0.0	-0.0	Inf
FACOAL80t2pp	xyl__D_c	0.0	0.0	0.0	Inf	Inf
FACOAL80t2pp	tmao_c	0.0	0.0	0.0	Inf	Inf
FACOAL80t2pp	xylu__D_c	-0.0	0.0	0.0	Inf	Inf
FACOAL80t2pp	xylu__L_c	-0.0	-69.35495143297538	0.0	-0.0	Inf
FACOAL80t2pp	12ppd__R_e	-0.0	-1000.0	0.0	-0.0	Inf
FACOAL80t2pp	12ppd__S_e	-0.0	-1000.0	0.0	-0.0	Inf
FACOAL80t2pp	tre_c	-0.0	-28.897896430406416	0.0	-0.0	Inf
FACOAL80t2pp	seln_c	0.0	0.0	0.0	Inf	Inf
FACOAL80t2pp	34dhpac_e	-0.0	-1000.0	0.0	-0.0	Inf
FACOAL80t2pp	slnt_c	0.0	0.0	0.0	Inf	Inf
FACOAL80t2pp	so2_c	0.0	0.0	0.0	Inf	Inf
FACOAL80t2pp	so3_c	-0.0	-0.08261636334490656	21.781926110409714	-0.0	0.0
FACOAL80t2pp	so4_c	-0.0	-0.08406225302883286	392.0746699873748	-0.0	0.0
FACOAL80t2pp	4hoxpacd_e	-0.0	-1000.0	0.0	-0.0	Inf
FACOAL80t2pp	5mtr_e	-0.0	-1000.0	0.0	-0.0	Inf
FACOAL80t2pp	LalaDgluMdap_e	-0.0	-1000.0	0.0	-0.0	Inf
FACOAL80t2pp	ac_e	-0.0	0.0	0.0	Inf	Inf
FACOAL80t2pp	acald_e	-0.0	-1000.0	0.0	-0.0	Inf
FACOAL80t2pp	acgal_e	-0.0	-1000.0	0.0	-0.0	Inf
FACOAL80t2pp	acgam_e	-0.0	-1000.0	0.0	-0.0	Inf
FACOAL80t2pp	acmana_e	-0.0	-1000.0	0.0	-0.0	Inf
FACOAL80t2pp	tagur_c	-0.0	0.0	0.0	Inf	Inf
FACOAL80t2pp	tartr__L_c	-0.0	-0.0178927829877011	0.0	-0.0	Inf
FACOAL80t2pp	ade_e	-0.0	-1000.0	0.0	-0.0	Inf
FACOAL80t2pp	adn_e	-0.0	-1000.0	0.0	-0.0	Inf
FACOAL80t2pp	all__D_e	-0.0	-1000.0	0.0	-0.0	Inf
FACOAL80t2pp	cl_e	-0.0	-0.0017348676360597892	999.9982651323639	-0.0	0.0
FACOAL80t2pp	alltn_e	-0.0	0.0	0.0	Inf	Inf
FACOAL80t2pp	cm_e	-0.0	-1000.0	0.0	-0.0	Inf
FACOAL80t2pp	co2_e	-0.0	-943.6817274682587	56.318272531741286	-0.0	0.0
FACOAL80t2pp	arab__L_e	-0.0	-1000.0	0.0	-0.0	Inf
FACOAL80t2pp	arbt_e	-0.0	-1000.0	0.0	-0.0	Inf
FACOAL80t2pp	unagamu_c	-0.0	0.0	0.001408086170902771	Inf	0.0
FACOAL80t2pp	crn_e	-0.0	-1000.0	0.0	-0.0	Inf
FACOAL80t2pp	csn_e	-0.0	-1000.0	0.0	-0.0	Inf
FACOAL80t2pp	cyan_e	-0.0	-1000.0	0.0	-0.0	Inf
FACOAL80t2pp	glyb_e	-0.0	-1000.0	0.0	-0.0	Inf
FACOAL80t2pp	glyc_e	-0.0	-1000.0	0.0	-0.0	Inf
FACOAL80t2pp	cytd_e	-0.0	-1000.0	0.0	-0.0	Inf
FACOAL80t2pp	ca2_e	-0.0	-0.0017348676360597892	999.9982651323639	-0.0	0.0
FACOAL80t2pp	dad_2_e	-0.0	-1000.0	0.0	-0.0	Inf
FACOAL80t2pp	dcyt_e	-0.0	-1000.0	0.0	-0.0	Inf
FACOAL80t2pp	chol_e	-0.0	-1000.0	0.0	-0.0	Inf
FACOAL80t2pp	dha_e	-0.0	-1000.0	0.0	-0.0	Inf
FACOAL80t2pp	ppal_e	-0.0	-1000.0	0.0	-0.0	Inf
FACOAL80t2pp	h2_e	-0.0	-1000.0	0.0	-0.0	Inf
FACOAL80t2pp	dms_e	-0.0	-1000.0	0.0	-0.0	Inf
FACOAL80t2pp	dmso_e	-0.0	-1000.0	0.0	-0.0	Inf
FACOAL80t2pp	h2o2_e	-0.0	-1000.0	0.0	-0.0	Inf
FACOAL80t2pp	psclys_e	-0.0	-1000.0	0.0	-0.0	Inf
FACOAL80t2pp	duri_e	-0.0	-1000.0	0.0	-0.0	Inf
FACOAL80t2pp	pydx_e	-0.0	-1000.0	0.0	-0.0	Inf
FACOAL80t2pp	pydxn_e	-0.0	-1000.0	0.0	-0.0	Inf
FACOAL80t2pp	etoh_e	-0.0	-1000.0	0.0	-0.0	Inf
FACOAL80t2pp	fald_e	-0.0	0.0	0.0	Inf	Inf
FACOAL80t2pp	rib__D_e	-0.0	-1000.0	0.0	-0.0	Inf
FACOAL80t2pp	rmn_e	-0.0	-1000.0	0.0	-0.0	Inf
FACOAL80t2pp	indole_e	-0.0	-1000.0	0.0	-0.0	Inf
FACOAL80t2pp	inost_e	-0.0	-1000.0	0.0	-0.0	Inf
FACOAL80t2pp	sbt__D_e	-0.0	-0.008946391493850559	0.0	-0.0	Inf
FACOAL80t2pp	k_e	-0.0	-0.06505936954442859	999.9349406304556	-0.0	0.0
FACOAL80t2pp	for_e	-0.0	0.0	0.0008176042892181706	Inf	0.0
FACOAL80t2pp	slnt_e	-0.0	0.0	1000.0	Inf	0.0
FACOAL80t2pp	fru_e	-0.0	-1000.0	0.0	-0.0	Inf
FACOAL80t2pp	so2_e	-0.0	-1000.0	0.0	-0.0	Inf
FACOAL80t2pp	so3_e	-0.0	-1000.0	0.0	-0.0	Inf
FACOAL80t2pp	so4_e	-0.0	-0.08406225302883286	999.9159377469712	-0.0	0.0
FACOAL80t2pp	lipa_cold_e	-0.0	-1000.0	0.0	-0.0	Inf
FACOAL80t2pp	sucr_e	-0.0	-1000.0	0.0	-0.0	Inf
FACOAL80t2pp	g3pe_e	-0.0	-1000.0	0.0	-0.0	Inf
FACOAL80t2pp	malt_e	-0.0	-1000.0	0.0	-0.0	Inf
FACOAL80t2pp	tartr__L_e	-0.0	-1000.0	0.0	-0.0	Inf
FACOAL80t2pp	g3pi_e	-0.0	-1000.0	0.0	-0.0	Inf
FACOAL80t2pp	malthx_e	-0.0	-1000.0	0.0	-0.0	Inf
FACOAL80t2pp	maltpt_e	-0.0	-1000.0	0.0	-0.0	Inf
FACOAL80t2pp	gal_e	-0.0	-1000.0	0.0	-0.0	Inf
FACOAL80t2pp	gal_bD_e	-0.0	-1000.0	0.0	-0.0	Inf
FACOAL80t2pp	malttr_e	-0.0	-1000.0	0.0	-0.0	Inf
FACOAL80t2pp	maltttr_e	-0.0	-1000.0	0.0	-0.0	Inf
FACOAL80t2pp	man_e	-0.0	-1000.0	0.0	-0.0	Inf
FACOAL80t2pp	thym_e	-0.0	-1000.0	0.0	-0.0	Inf
FACOAL80t2pp	thymd_e	-0.0	-1000.0	0.0	-0.0	Inf
FACOAL80t2pp	galt_e	-0.0	-0.008946391493850559	0.0	-0.0	Inf
FACOAL80t2pp	melib_e	-0.0	-1000.0	0.0	-0.0	Inf
FACOAL80t2pp	meoh_e	-0.0	-1000.0	0.0	-0.0	Inf
FACOAL80t2pp	tmao_e	-0.0	-1000.0	0.0	-0.0	Inf
FACOAL80t2pp	tre_e	-0.0	-1000.0	0.0	-0.0	Inf
FACOAL80t2pp	metsox_S__L_e	-0.0	-1000.0	0.0	-0.0	Inf
FACOAL80t2pp	glc__D_e	-0.0	-58.77538257031813	7.128630363406815	-0.0	0.0
FACOAL80t2pp	mg2_e	-0.0	-0.002891446060061753	999.9971085539399	-0.0	0.0
FACOAL80t2pp	mnl_e	-0.0	-1000.0	0.0	-0.0	Inf
FACOAL80t2pp	mobd_e	-0.0	-4.299671945773298e-05	999.9999570032805	-0.0	0.0
FACOAL80t2pp	glyald_e	-0.0	-1000.0	0.0	-0.0	Inf
FACOAL80t2pp	n2o_e	-0.0	-1000.0	0.0	-0.0	Inf
FACOAL80t2pp	na1_e	-0.0	0.0	1000.0	Inf	0.0
FACOAL80t2pp	nac_e	-0.0	-1000.0	0.0	-0.0	Inf
FACOAL80t2pp	ni2_e	-0.0	-0.00010765845274818275	999.9998923415473	-0.0	0.0
FACOAL80t2pp	no_e	-0.0	-1000.0	0.0	-0.0	Inf
FACOAL80t2pp	no2_e	-0.0	-1000.0	0.0	-0.0	Inf
FACOAL80t2pp	ura_e	-0.0	-1000.0	0.0	-0.0	Inf
FACOAL80t2pp	no3_e	-0.0	-1000.0	0.0	-0.0	Inf
FACOAL80t2pp	urea_e	-0.0	-1000.0	0.0	-0.0	Inf
FACOAL80t2pp	novbcn_e	-0.0	-1000.0	0.0	-0.0	Inf
FACOAL80t2pp	uri_e	-0.0	-1000.0	0.0	-0.0	Inf
FACOAL80t2pp	o2_e	-0.0	-54.60637618013777	945.3936238198622	-0.0	0.0
FACOAL80t2pp	xan_e	-0.0	0.0	0.0	Inf	Inf
FACOAL80t2pp	xtsn_e	-0.0	-1000.0	0.0	-0.0	Inf
FACOAL80t2pp	xyl__D_e	-0.0	-1000.0	0.0	-0.0	Inf
FACOAL80t2pp	xylu__L_e	-0.0	-1000.0	0.0	-0.0	Inf
FACOAL80t2pp	pacald_e	-0.0	-1000.0	0.0	-0.0	Inf
FACOAL80t2pp	12dgr120_p	-0.0	0.0	0.0	Inf	Inf
FACOAL80t2pp	12dgr140_p	-0.0	0.0	0.0	Inf	Inf
FACOAL80t2pp	12dgr160_p	-0.0	-0.0011182989367313212	0.0	-0.0	Inf
FACOAL80t2pp	12dgr180_p	-0.0	0.0	0.0	Inf	Inf
FACOAL80t2pp	12ppd__R_p	-0.0	-1000.0	0.0	-0.0	Inf
FACOAL80t2pp	12ppd__S_p	-0.0	0.0	0.0	Inf	Inf
FACOAL80t2pp	chol_p	-0.0	-1000.0	0.0	-0.0	Inf
FACOAL80t2pp	cl_p	-0.0	-0.0017348676360597892	999.9982651323639	-0.0	0.0
FACOAL80t2pp	34dhpac_p	-0.0	-1000.0	0.0	-0.0	Inf
FACOAL80t2pp	cm_p	-0.0	0.0	0.0	Inf	Inf
FACOAL80t2pp	4hoxpacd_p	-0.0	-1000.0	0.0	-0.0	Inf
FACOAL80t2pp	co2_p	-0.0	-943.6817274682587	56.318272531741286	-0.0	0.0
FACOAL80t2pp	5mtr_p	-0.0	-1000.0	0.0	-0.0	Inf
FACOAL80t2pp	LalaDgluMdap_p	-0.0	-0.002556111855385874	0.0	-0.0	Inf
FACOAL80t2pp	gal_p	-0.0	-1000.0	0.0	-0.0	Inf
FACOAL80t2pp	ac_p	-0.0	-0.01789278298770114	0.0	-0.0	Inf
FACOAL80t2pp	crn_p	-0.0	-1000.0	0.0	-0.0	Inf
FACOAL80t2pp	gal_bD_p	-0.0	-1000.0	0.0	-0.0	Inf
FACOAL80t2pp	acald_p	-0.0	-1000.0	0.0	-0.0	Inf
FACOAL80t2pp	acgal_p	-0.0	-1000.0	0.0	-0.0	Inf
FACOAL80t2pp	csn_p	-0.0	0.0	0.0	Inf	Inf
FACOAL80t2pp	acgam_p	-0.0	-1000.0	0.0	-0.0	Inf
FACOAL80t2pp	galt_p	-0.0	-0.008946391493850559	0.0	-0.0	Inf
FACOAL80t2pp	acmana_p	-0.0	-1000.0	0.0	-0.0	Inf
FACOAL80t2pp	cyan_p	-0.0	0.0	0.0	Inf	Inf
FACOAL80t2pp	ade_p	-0.0	-1000.0	0.0	-0.0	Inf
FACOAL80t2pp	adn_p	-0.0	0.0	0.0002229829872239371	Inf	0.0
FACOAL80t2pp	cytd_p	-0.0	0.0	0.0	Inf	Inf
FACOAL80t2pp	glc__D_p	-0.0	-58.77538257031813	7.128630363406815	-0.0	0.0
FACOAL80t2pp	dad_2_p	-0.0	-1000.0	0.0	-0.0	Inf
FACOAL80t2pp	dcyt_p	-0.0	-1000.0	0.0	-0.0	Inf
FACOAL80t2pp	all__D_p	-0.0	0.0	0.0	Inf	Inf
FACOAL80t2pp	alltn_p	-0.0	0.0	0.0	Inf	Inf
FACOAL80t2pp	dha_p	-0.0	-1000.0	0.0	-0.0	Inf
FACOAL80t2pp	glyald_p	-0.0	-1000.0	0.0	-0.0	Inf
FACOAL80t2pp	glyb_p	0.0	0.0	0.0	Inf	Inf
FACOAL80t2pp	dms_p	-0.0	-1000.0	0.0	-0.0	Inf
FACOAL80t2pp	glyc_p	-0.0	-99.0785020471077	0.0	-0.0	Inf
FACOAL80t2pp	dmso_p	-0.0	-1000.0	0.0	-0.0	Inf
FACOAL80t2pp	arab__L_p	-0.0	0.0	0.0	Inf	Inf
FACOAL80t2pp	arbt_p	0.0	0.0	0.0	Inf	Inf
FACOAL80t2pp	ca2_p	-0.0	-0.0017348676360597892	999.9982651323639	-0.0	0.0
FACOAL80t2pp	duri_p	-0.0	-1000.0	0.0	-0.0	Inf
FACOAL80t2pp	h2_p	-0.0	-1000.0	0.0	-0.0	Inf
FACOAL80t2pp	h2o2_p	-0.0	-1000.0	0.0	-0.0	Inf
FACOAL80t2pp	etoh_p	-0.0	-1000.0	0.0	-0.0	Inf
FACOAL80t2pp	fald_p	-0.0	0.0	0.0	Inf	Inf
FACOAL80t2pp	n2o_p	-0.0	-1000.0	0.0	-0.0	Inf
FACOAL80t2pp	na1_p	-0.0	0.0	0.0	Inf	Inf
FACOAL80t2pp	indole_p	-0.0	0.0	0.008946391493850559	Inf	0.0
FACOAL80t2pp	nac_p	-0.0	-1000.0	0.0	-0.0	Inf
FACOAL80t2pp	ni2_p	-0.0	-0.00010765845274818275	999.9998923415473	-0.0	0.0
FACOAL80t2pp	inost_p	-0.0	-1000.0	0.0	-0.0	Inf
FACOAL80t2pp	no_p	-0.0	-1000.0	0.0	-0.0	Inf
FACOAL80t2pp	no2_p	-0.0	-20.373180564745326	0.0	-0.0	Inf
FACOAL80t2pp	for_p	-0.0	0.0	0.0008176042892181706	Inf	0.0
FACOAL80t2pp	fru_p	-0.0	-1000.0	0.0	-0.0	Inf
FACOAL80t2pp	no3_p	-0.0	0.0	0.0	Inf	Inf
FACOAL80t2pp	k_p	-0.0	-0.06505936954442859	999.9349406304556	-0.0	0.0
FACOAL80t2pp	novbcn_p	-0.0	0.0	0.0	Inf	Inf
FACOAL80t2pp	o2_p	-0.0	-54.60637618013777	945.3936238198622	-0.0	0.0
FACOAL80t2pp	lipa_cold_p	-0.0	-98.0186674968437	0.0	-0.0	Inf
FACOAL80t2pp	g3pe_p	-0.0	0.0	0.0	Inf	Inf
FACOAL80t2pp	g3pi_p	-0.0	0.0	0.0	Inf	Inf
FACOAL80t2pp	so3_p	-0.0	-1000.0	0.0	-0.0	Inf
FACOAL80t2pp	so4_p	-0.0	-0.08406225302883286	999.9159377469712	-0.0	0.0
FACOAL80t2pp	malt_p	0.0	0.0	0.0	Inf	Inf
FACOAL80t2pp	malthx_p	0.0	0.0	0.0	Inf	Inf
FACOAL80t2pp	maltpt_p	0.0	0.0	0.0	Inf	Inf
FACOAL80t2pp	sucr_p	-0.0	-1000.0	0.0	-0.0	Inf
FACOAL80t2pp	malttr_p	0.0	0.0	0.0	Inf	Inf
FACOAL80t2pp	maltttr_p	0.0	0.0	0.0	Inf	Inf
FACOAL80t2pp	pacald_p	-0.0	-1000.0	0.0	-0.0	Inf
FACOAL80t2pp	man_p	-0.0	-1000.0	0.0	-0.0	Inf
FACOAL80t2pp	tartr__L_p	-0.0	-1000.0	0.0	-0.0	Inf
FACOAL80t2pp	pe120_p	-0.0	-0.0013763679221308568	0.0	-0.0	Inf
FACOAL80t2pp	melib_p	-0.0	-1000.0	0.0	-0.0	Inf
FACOAL80t2pp	meoh_p	-0.0	-1000.0	0.0	-0.0	Inf
FACOAL80t2pp	thym_p	-0.0	-1000.0	0.0	-0.0	Inf
FACOAL80t2pp	thymd_p	-0.0	-0.00872133459449742	0.0	-0.0	Inf
FACOAL80t2pp	pg120_p	-0.0	-0.0014910652489750948	0.0	-0.0	Inf
FACOAL80t2pp	metsox_S__L_p	-0.0	-1000.0	0.0	-0.0	Inf
FACOAL80t2pp	tmao_p	-0.0	-1000.0	0.0	-0.0	Inf
FACOAL80t2pp	mg2_p	-0.0	-0.0028914460600413367	999.9971085539399	-0.0	0.0
FACOAL80t2pp	tre_p	-0.0	0.0	0.0	Inf	Inf
FACOAL80t2pp	mnl_p	-0.0	0.0	0.0	Inf	Inf
FACOAL80t2pp	mobd_p	-0.0	-4.299671945773298e-05	999.9999570032805	-0.0	0.0
FACOAL80t2pp	ura_p	-0.0	-1000.0	0.0	-0.0	Inf
FACOAL80t2pp	urea_p	-0.0	-1000.0	0.0	-0.0	Inf
FACOAL80t2pp	uri_p	-0.0	0.0	0.0	Inf	Inf
FACOAL80t2pp	xan_p	-0.0	0.0	0.0	Inf	Inf
FACOAL80t2pp	xtsn_p	-0.0	0.0	0.0	Inf	Inf
FACOAL80t2pp	xyl__D_p	-0.0	0.0	0.0	Inf	Inf
FACOAL80t2pp	xylu__L_p	-0.0	-1000.0	0.0	-0.0	Inf
FACOAL80t2pp	ppal_p	-0.0	-1000.0	0.0	-0.0	Inf
FACOAL80t2pp	psclys_p	-0.0	-1000.0	0.0	-0.0	Inf
FACOAL80t2pp	pydx_p	-0.0	0.0	0.0	Inf	Inf
FACOAL80t2pp	pydxn_p	-0.0	0.0	0.0	Inf	Inf
FACOAL80t2pp	rib__D_p	-0.0	-1000.0	0.0	-0.0	Inf
FACOAL80t2pp	rmn_p	-0.0	-1000.0	0.0	-0.0	Inf
FACOAL80t2pp	sbt__D_p	-0.0	-0.008946391493850559	0.0	-0.0	Inf
FACOAL80t2pp	slnt_p	-0.0	0.0	0.0	Inf	Inf
FACOAL80t2pp	so2_p	-0.0	-1000.0	0.0	-0.0	Inf
