Reaction	Metabolite	ShadowPrice	G-	G+	DecrementalShadowPrice	IncrementalShadowPrice
GALCTtex_f	12dgr120_c	-0.0	0.0	0.0	Inf	Inf
GALCTtex_f	12dgr140_c	-0.0	0.0	0.0	Inf	Inf
GALCTtex_f	12dgr160_c	-0.0	-0.0011182989367313212	0.0	-0.0	Inf
GALCTtex_f	12dgr180_c	-0.0	0.0	0.0	Inf	Inf
GALCTtex_f	12ppd__R_c	-0.0	-1000.0	0.0	-0.0	Inf
GALCTtex_f	12ppd__S_c	-0.0	0.0	0.0	Inf	Inf
GALCTtex_f	5drib_c	-0.0	-999.9999256723376	7.432766240797904e-05	-0.0	0.0
GALCTtex_f	5mta_c	-0.0	-0.03639822295326668	0.0	-0.0	Inf
GALCTtex_f	23dhacoa_c	-0.0	-0.00019198535296625877	0.0	-0.0	Inf
GALCTtex_f	5mtr_c	-0.0	-1000.0	0.0	-0.0	Inf
GALCTtex_f	3amac_c	-0.0	-1.5999953337146735	0.0	-0.0	Inf
GALCTtex_f	LalaDgluMdap_c	-0.0	-0.002556111855385874	0.0	-0.0	Inf
GALCTtex_f	ac_c	-0.0	-0.01789278298770114	0.47298135771704136	-0.0	0.0
GALCTtex_f	acald_c	-0.0	-0.01789278298770114	0.47298135771704136	-0.0	0.0
GALCTtex_f	acetol_c	-0.0	0.0	0.0	Inf	Inf
GALCTtex_f	acgam_c	-0.0	-0.01789278298770114	0.0	-0.0	Inf
GALCTtex_f	acgam6p_c	-0.0	-0.01789278298770114	0.0	-0.0	Inf
GALCTtex_f	acmalt_c	0.0	0.0	0.0	Inf	Inf
GALCTtex_f	acmana_c	-0.0	-0.01789278298770114	0.0	-0.0	Inf
GALCTtex_f	2dmmq8_c	-0.0	0.0	0.0	Inf	Inf
GALCTtex_f	2dmmql8_c	0.0	0.0	0.0	Inf	Inf
GALCTtex_f	ade_c	-0.0	-0.03639822295326668	0.0002229829872239371	-0.0	0.0
GALCTtex_f	adn_c	-0.0	0.0	0.0002229829872239371	Inf	0.0
GALCTtex_f	3sala_c	0.0	0.0	0.0	Inf	Inf
GALCTtex_f	adphep_DD_c	-0.0	0.0	0.0	Inf	Inf
GALCTtex_f	adphep_LD_c	-0.0	0.0	0.0	Inf	Inf
GALCTtex_f	4ahmmp_c	0.0	0.0	0.0	Inf	Inf
GALCTtex_f	4crsol_c	-0.0	-999.9999256723376	7.432766240797904e-05	-0.0	0.0
GALCTtex_f	2ohph_c	-0.0	-7.432766240797904e-05	0.002065193050657397	-0.0	0.0
GALCTtex_f	2ombzl_c	-0.0	0.0	0.0	Inf	Inf
GALCTtex_f	2omhmbl_c	-0.0	0.0	0.0	Inf	Inf
GALCTtex_f	2ommbl_c	0.0	0.0	0.0	Inf	Inf
GALCTtex_f	2omph_c	-0.0	0.0	0.002065193050657397	Inf	0.0
GALCTtex_f	4mhetz_c	0.0	0.0	0.0	Inf	Inf
GALCTtex_f	2oph_c	-0.0	-7.432766240797904e-05	0.002065193050657397	-0.0	0.0
GALCTtex_f	2oxpaccoa_c	-0.0	-0.00019198535296625877	0.0	-0.0	Inf
GALCTtex_f	all__D_c	-0.0	-57.79579286081283	0.0	-0.0	Inf
GALCTtex_f	alltn_c	-0.0	-0.017892782987701104	0.0	-0.0	Inf
GALCTtex_f	4r5au_c	-0.0	-0.00014865532564998105	0.01789278298770117	-0.0	0.0
GALCTtex_f	56dura_c	0.0	0.0	0.0	Inf	Inf
GALCTtex_f	arab__L_c	-0.0	-69.35495143297538	0.0	-0.0	Inf
GALCTtex_f	etoh_c	-0.0	-1000.0	0.0	-0.0	Inf
GALCTtex_f	csn_c	-0.0	0.0	0.030977895759860957	Inf	0.0
GALCTtex_f	fald_c	-0.0	0.0	0.0	Inf	Inf
GALCTtex_f	fc1p_c	-0.0	-0.008946391493850559	0.0	-0.0	Inf
GALCTtex_f	fcl__L_c	-0.0	0.0	0.0	Inf	Inf
GALCTtex_f	aso4_c	0.0	0.0	0.0	Inf	Inf
GALCTtex_f	cyan_c	0.0	0.0	0.0	Inf	Inf
GALCTtex_f	athtp_c	0.0	0.0	0.0	Inf	Inf
GALCTtex_f	cytd_c	-0.0	0.0	0.030977895759860957	Inf	0.0
GALCTtex_f	dad_2_c	-0.0	-0.03639822295326668	0.0	-0.0	Inf
GALCTtex_f	dad_5_c	-0.0	-0.03639822295326668	7.432766240797904e-05	-0.0	0.0
GALCTtex_f	betald_c	0.0	0.0	0.0	Inf	Inf
GALCTtex_f	btal_c	-0.0	-0.9348898565240233	0.0	-0.0	Inf
GALCTtex_f	for_c	-0.0	-0.036398222953266716	0.0008176042892181706	-0.0	0.0
GALCTtex_f	dcyt_c	-0.0	-0.008946391493850552	0.0	-0.0	Inf
GALCTtex_f	fru_c	-0.0	0.0	7.001333392631693	Inf	0.0
GALCTtex_f	ca2_c	-0.0	-0.0017348676360597892	999.9982651323639	-0.0	0.0
GALCTtex_f	g3pe_c	-0.0	-0.01789278298770114	0.0	-0.0	Inf
GALCTtex_f	g3pi_c	0.0	0.0	0.0	Inf	Inf
GALCTtex_f	cbm_c	-0.0	-1.5999953337146735	0.0	-0.0	Inf
GALCTtex_f	dha_c	-0.0	-115.59158572162566	0.0	-0.0	Inf
GALCTtex_f	gal_c	-0.0	0.0	0.0	Inf	Inf
GALCTtex_f	dhgly_c	-0.0	-7.432766240797904e-05	0.4000046662853265	-0.0	0.0
GALCTtex_f	dhmptp_c	0.0	0.0	0.0	Inf	Inf
GALCTtex_f	gcald_c	-0.0	-0.017892782987701104	0.0002229829874522693	-0.0	0.0
GALCTtex_f	dhptd_c	-0.0	-59.11954169423598	0.00014865532481595807	-0.0	0.0
GALCTtex_f	cechddd_c	-0.0	0.0	0.0	Inf	Inf
GALCTtex_f	dhptdn_c	0.0	0.0	0.0	Inf	Inf
GALCTtex_f	chol_c	0.0	0.0	0.0	Inf	Inf
GALCTtex_f	chtbs6p_c	-0.0	0.0	0.0	Inf	Inf
GALCTtex_f	dmbzid_c	0.0	0.0	0.0	Inf	Inf
GALCTtex_f	dms_c	0.0	0.0	0.0	Inf	Inf
GALCTtex_f	dmso_c	0.0	0.0	0.0	Inf	Inf
GALCTtex_f	cl_c	-0.0	-0.0017348676360248022	999.9982651323639	-0.0	0.0
GALCTtex_f	glc__D_c	-0.0	-57.79579286081283	7.001333392631693	-0.0	0.0
GALCTtex_f	co2_c	-0.0	-943.6817274682587	56.318272531741286	-0.0	0.0
GALCTtex_f	dscl_c	-0.0	-7.432766240797904e-05	0.0038722369699826197	-0.0	0.0
GALCTtex_f	dtdp4aaddg_c	-0.0	0.0	0.0	Inf	Inf
GALCTtex_f	glyald_c	-0.0	-1000.0	0.0	-0.0	Inf
GALCTtex_f	crn_c	-0.0	-1000.0	0.0	-0.0	Inf
GALCTtex_f	duri_c	-0.0	-0.008946391493850552	0.015488947879930482	-0.0	0.0
GALCTtex_f	glyb_c	0.0	0.0	0.0	Inf	Inf
GALCTtex_f	glyc_c	-0.0	-99.0785020471077	0.0	-0.0	Inf
GALCTtex_f	dxyl_c	0.0	0.0	0.0	Inf	Inf
GALCTtex_f	glycogen_c	-0.0	-57.79579286081283	0.0	-0.0	Inf
GALCTtex_f	gmhep1p_c	-0.0	0.0	5.22766226649833	Inf	0.0
GALCTtex_f	lipa_cold_c	-0.0	0.0	0.0	Inf	Inf
GALCTtex_f	lipidA_c	-0.0	-0.0006390279638464692	0.01689219134703719	-0.0	0.0
GALCTtex_f	malt_c	0.0	0.0	0.0	Inf	Inf
GALCTtex_f	h2_c	-0.0	0.0	0.0	Inf	Inf
GALCTtex_f	malthx_c	-0.0	0.0	0.0	Inf	Inf
GALCTtex_f	maltpt_c	-0.0	0.0	0.0	Inf	Inf
GALCTtex_f	malttr_c	-0.0	0.0	0.0	Inf	Inf
GALCTtex_f	maltttr_c	-0.0	0.0	0.0	Inf	Inf
GALCTtex_f	h2o2_c	-0.0	0.0	59.11954169423598	Inf	0.0
GALCTtex_f	man_c	-0.0	0.0	0.0	Inf	Inf
GALCTtex_f	mdhdhf_c	-0.0	-59.11954169423598	0.00014865532481595807	-0.0	0.0
GALCTtex_f	melib_c	-0.0	0.0	0.0	Inf	Inf
GALCTtex_f	meoh_c	-0.0	-1000.0	0.0	-0.0	Inf
GALCTtex_f	pacald_c	-0.0	-1000.0	0.0	-0.0	Inf
GALCTtex_f	metsox_S__L_c	-0.0	-0.03639822295326662	0.0	-0.0	Inf
GALCTtex_f	mg2_c	-0.0	-0.0028914460600413367	999.9971085539399	-0.0	0.0
GALCTtex_f	hhlipa_c	-0.0	0.0	0.0	Inf	Inf
GALCTtex_f	pe120_c	-0.0	0.0	0.0	Inf	Inf
GALCTtex_f	mobd_c	-0.0	-4.299671945773298e-05	98.0186674968437	-0.0	0.0
GALCTtex_f	hlipa_c	-0.0	0.0	0.0	Inf	Inf
GALCTtex_f	pg120_c	-0.0	-0.0014910652489750948	0.0	-0.0	Inf
GALCTtex_f	mql8_c	0.0	0.0	0.0	Inf	Inf
GALCTtex_f	mqn8_c	-0.0	0.0	0.0	Inf	Inf
GALCTtex_f	mthgxl_c	-0.0	0.0	0.0	Inf	Inf
GALCTtex_f	hqn_c	0.0	0.0	0.0	Inf	Inf
GALCTtex_f	mththf_c	-0.0	-999.9998513446752	0.00014865532481595807	-0.0	0.0
GALCTtex_f	n2o_c	-0.0	-1000.0	0.0	-0.0	Inf
GALCTtex_f	na1_c	-0.0	0.0	0.0	Inf	Inf
GALCTtex_f	nac_c	-0.0	0.0	0.0	Inf	Inf
GALCTtex_f	ncam_c	-0.0	0.0	0.0	Inf	Inf
GALCTtex_f	ni2_c	-0.0	-0.00010765845272545842	999.9998923415473	-0.0	0.0
GALCTtex_f	no_c	-0.0	-1000.0	0.0	-0.0	Inf
GALCTtex_f	indole_c	-0.0	-0.018946221140164806	0.008946391493850559	-0.0	0.0
GALCTtex_f	no2_c	-0.0	-20.373180564745326	0.0	-0.0	Inf
GALCTtex_f	no3_c	0.0	0.0	0.0	Inf	Inf
GALCTtex_f	inost_c	0.0	0.0	0.0	Inf	Inf
GALCTtex_f	o2_c	-0.0	-54.60637618013775	945.3936238198622	-0.0	0.0
GALCTtex_f	poaac_c	-0.0	-1.5999953337146735	0.0	-0.0	Inf
GALCTtex_f	ppal_c	-0.0	0.0	0.0	Inf	Inf
GALCTtex_f	k_c	-0.0	-0.06505936954439755	392.0746699873748	-0.0	0.0
GALCTtex_f	psclys_c	-0.0	0.0	0.0	Inf	Inf
GALCTtex_f	lald__D_c	-0.0	0.0	0.0	Inf	Inf
GALCTtex_f	lald__L_c	-0.0	-0.008946391493850559	0.0	-0.0	Inf
GALCTtex_f	ura_c	-0.0	-0.0178927829877011	0.015488947879930486	-0.0	0.0
GALCTtex_f	pydx_c	-0.0	0.0	0.030977895759860957	Inf	0.0
GALCTtex_f	uracp_c	-0.0	-0.7999976668573368	0.0	-0.0	Inf
GALCTtex_f	pydxn_c	-0.0	0.0	0.030977895759860957	Inf	0.0
GALCTtex_f	urate_c	-0.0	0.0	0.0	Inf	Inf
GALCTtex_f	q8_c	-0.0	0.0	0.0	Inf	Inf
GALCTtex_f	q8h2_c	0.0	0.0	0.0	Inf	Inf
GALCTtex_f	urea_c	-0.0	-1000.0	0.0	-0.0	Inf
GALCTtex_f	uri_c	-0.0	0.0	0.015488947879930486	Inf	0.0
GALCTtex_f	rbflvrd_c	-0.0	0.0	0.01789278298770114	Inf	0.0
GALCTtex_f	rbl__L_c	-0.0	-69.35495143297538	0.0	-0.0	Inf
GALCTtex_f	rdmbzi_c	0.0	0.0	0.0	Inf	Inf
GALCTtex_f	thptdn_c	0.0	0.0	0.0	Inf	Inf
GALCTtex_f	xan_c	-0.0	0.0	0.017892782987701156	Inf	0.0
GALCTtex_f	rephaccoa_c	-0.0	-0.00019198535296625877	0.0	-0.0	Inf
GALCTtex_f	rib__D_c	-0.0	0.0	7.260642036803237	Inf	0.0
GALCTtex_f	xtsn_c	-0.0	0.0	0.017892782987701156	Inf	0.0
GALCTtex_f	rml_c	-0.0	-0.008946391493850559	0.0	-0.0	Inf
GALCTtex_f	thym_c	-0.0	-392.0746699873748	0.0	-0.0	Inf
GALCTtex_f	thymd_c	-0.0	-0.00872133459449742	0.0	-0.0	Inf
GALCTtex_f	xu5p__L_c	-0.0	-0.3215191359581695	0.0	-0.0	Inf
GALCTtex_f	rmn_c	-0.0	-0.008946391493850559	0.0	-0.0	Inf
GALCTtex_f	xyl__D_c	0.0	0.0	0.0	Inf	Inf
GALCTtex_f	tmao_c	0.0	0.0	0.0	Inf	Inf
GALCTtex_f	xylu__D_c	-0.0	0.0	0.0	Inf	Inf
GALCTtex_f	xylu__L_c	-0.0	-69.35495143297538	0.0	-0.0	Inf
GALCTtex_f	12ppd__R_e	-0.0	-1000.0	0.0	-0.0	Inf
GALCTtex_f	12ppd__S_e	-0.0	-1000.0	0.0	-0.0	Inf
GALCTtex_f	tre_c	-0.0	-28.897896430406416	0.0	-0.0	Inf
GALCTtex_f	seln_c	0.0	0.0	0.0	Inf	Inf
GALCTtex_f	34dhpac_e	-0.0	-1000.0	0.0	-0.0	Inf
GALCTtex_f	slnt_c	0.0	0.0	0.0	Inf	Inf
GALCTtex_f	so2_c	0.0	0.0	0.0	Inf	Inf
GALCTtex_f	so3_c	-0.0	-0.08261636334490656	21.781926110409714	-0.0	0.0
GALCTtex_f	so4_c	-0.0	-0.08406225302883286	392.0746699873748	-0.0	0.0
GALCTtex_f	4hoxpacd_e	-0.0	-1000.0	0.0	-0.0	Inf
GALCTtex_f	5mtr_e	-0.0	-1000.0	0.0	-0.0	Inf
GALCTtex_f	LalaDgluMdap_e	-0.0	-1000.0	0.0	-0.0	Inf
GALCTtex_f	ac_e	-0.0	0.0	0.0	Inf	Inf
GALCTtex_f	acald_e	-0.0	-1000.0	0.0	-0.0	Inf
GALCTtex_f	acgal_e	-0.0	-1000.0	0.0	-0.0	Inf
GALCTtex_f	acgam_e	-0.0	-1000.0	0.0	-0.0	Inf
GALCTtex_f	acmana_e	-0.0	-1000.0	0.0	-0.0	Inf
GALCTtex_f	tagur_c	-0.0	0.0	0.0	Inf	Inf
GALCTtex_f	tartr__L_c	-0.0	-0.0178927829877011	0.0	-0.0	Inf
GALCTtex_f	ade_e	-0.0	-1000.0	0.0	-0.0	Inf
GALCTtex_f	adn_e	-0.0	-1000.0	0.0	-0.0	Inf
GALCTtex_f	all__D_e	-0.0	-1000.0	0.0	-0.0	Inf
GALCTtex_f	cl_e	-0.0	-0.0017348676360597892	999.9982651323639	-0.0	0.0
GALCTtex_f	alltn_e	-0.0	0.0	0.0	Inf	Inf
GALCTtex_f	cm_e	-0.0	-1000.0	0.0	-0.0	Inf
GALCTtex_f	co2_e	-0.0	-943.6817274682587	56.318272531741286	-0.0	0.0
GALCTtex_f	arab__L_e	-0.0	-1000.0	0.0	-0.0	Inf
GALCTtex_f	arbt_e	-0.0	-1000.0	0.0	-0.0	Inf
GALCTtex_f	unagamu_c	-0.0	0.0	0.001408086170902771	Inf	0.0
GALCTtex_f	crn_e	-0.0	-1000.0	0.0	-0.0	Inf
GALCTtex_f	csn_e	-0.0	-1000.0	0.0	-0.0	Inf
GALCTtex_f	cyan_e	-0.0	-1000.0	0.0	-0.0	Inf
GALCTtex_f	glyb_e	-0.0	-1000.0	0.0	-0.0	Inf
GALCTtex_f	glyc_e	-0.0	-1000.0	0.0	-0.0	Inf
GALCTtex_f	cytd_e	-0.0	-1000.0	0.0	-0.0	Inf
GALCTtex_f	ca2_e	-0.0	-0.0017348676360597892	999.9982651323639	-0.0	0.0
GALCTtex_f	dad_2_e	-0.0	-1000.0	0.0	-0.0	Inf
GALCTtex_f	dcyt_e	-0.0	-1000.0	0.0	-0.0	Inf
GALCTtex_f	chol_e	-0.0	-1000.0	0.0	-0.0	Inf
GALCTtex_f	dha_e	-0.0	-1000.0	0.0	-0.0	Inf
GALCTtex_f	ppal_e	-0.0	-1000.0	0.0	-0.0	Inf
GALCTtex_f	h2_e	-0.0	-1000.0	0.0	-0.0	Inf
GALCTtex_f	dms_e	-0.0	-1000.0	0.0	-0.0	Inf
GALCTtex_f	dmso_e	-0.0	-1000.0	0.0	-0.0	Inf
GALCTtex_f	h2o2_e	-0.0	-1000.0	0.0	-0.0	Inf
GALCTtex_f	psclys_e	-0.0	-1000.0	0.0	-0.0	Inf
GALCTtex_f	duri_e	-0.0	-1000.0	0.0	-0.0	Inf
GALCTtex_f	pydx_e	-0.0	-1000.0	0.0	-0.0	Inf
GALCTtex_f	pydxn_e	-0.0	-1000.0	0.0	-0.0	Inf
GALCTtex_f	etoh_e	-0.0	-1000.0	0.0	-0.0	Inf
GALCTtex_f	fald_e	-0.0	0.0	0.0	Inf	Inf
GALCTtex_f	rib__D_e	-0.0	-1000.0	0.0	-0.0	Inf
GALCTtex_f	rmn_e	-0.0	-1000.0	0.0	-0.0	Inf
GALCTtex_f	indole_e	-0.0	-1000.0	0.0	-0.0	Inf
GALCTtex_f	inost_e	-0.0	-1000.0	0.0	-0.0	Inf
GALCTtex_f	sbt__D_e	-0.0	-0.008946391493850559	0.0	-0.0	Inf
GALCTtex_f	k_e	-0.0	-0.06505936954442859	999.9349406304556	-0.0	0.0
GALCTtex_f	for_e	-0.0	0.0	0.0008176042892181706	Inf	0.0
GALCTtex_f	slnt_e	-0.0	0.0	1000.0	Inf	0.0
GALCTtex_f	fru_e	-0.0	-1000.0	0.0	-0.0	Inf
GALCTtex_f	so2_e	-0.0	-1000.0	0.0	-0.0	Inf
GALCTtex_f	so3_e	-0.0	-1000.0	0.0	-0.0	Inf
GALCTtex_f	so4_e	-0.0	-0.08406225302883286	999.9159377469712	-0.0	0.0
GALCTtex_f	lipa_cold_e	-0.0	-1000.0	0.0	-0.0	Inf
GALCTtex_f	sucr_e	-0.0	-1000.0	0.0	-0.0	Inf
GALCTtex_f	g3pe_e	-0.0	-1000.0	0.0	-0.0	Inf
GALCTtex_f	malt_e	-0.0	-1000.0	0.0	-0.0	Inf
GALCTtex_f	tartr__L_e	-0.0	-1000.0	0.0	-0.0	Inf
GALCTtex_f	g3pi_e	-0.0	-1000.0	0.0	-0.0	Inf
GALCTtex_f	malthx_e	-0.0	-1000.0	0.0	-0.0	Inf
GALCTtex_f	maltpt_e	-0.0	-1000.0	0.0	-0.0	Inf
GALCTtex_f	gal_e	-0.0	-1000.0	0.0	-0.0	Inf
GALCTtex_f	gal_bD_e	-0.0	-1000.0	0.0	-0.0	Inf
GALCTtex_f	malttr_e	-0.0	-1000.0	0.0	-0.0	Inf
GALCTtex_f	maltttr_e	-0.0	-1000.0	0.0	-0.0	Inf
GALCTtex_f	man_e	-0.0	-1000.0	0.0	-0.0	Inf
GALCTtex_f	thym_e	-0.0	-1000.0	0.0	-0.0	Inf
GALCTtex_f	thymd_e	-0.0	-1000.0	0.0	-0.0	Inf
GALCTtex_f	galt_e	-0.0	-0.008946391493850559	0.0	-0.0	Inf
GALCTtex_f	melib_e	-0.0	-1000.0	0.0	-0.0	Inf
GALCTtex_f	meoh_e	-0.0	-1000.0	0.0	-0.0	Inf
GALCTtex_f	tmao_e	-0.0	-1000.0	0.0	-0.0	Inf
GALCTtex_f	tre_e	-0.0	-1000.0	0.0	-0.0	Inf
GALCTtex_f	metsox_S__L_e	-0.0	-1000.0	0.0	-0.0	Inf
GALCTtex_f	glc__D_e	-0.0	-58.77538257031813	7.128630363406815	-0.0	0.0
GALCTtex_f	mg2_e	-0.0	-0.002891446060061753	999.9971085539399	-0.0	0.0
GALCTtex_f	mnl_e	-0.0	-1000.0	0.0	-0.0	Inf
GALCTtex_f	mobd_e	-0.0	-4.299671945773298e-05	999.9999570032805	-0.0	0.0
GALCTtex_f	glyald_e	-0.0	-1000.0	0.0	-0.0	Inf
GALCTtex_f	n2o_e	-0.0	-1000.0	0.0	-0.0	Inf
GALCTtex_f	na1_e	-0.0	0.0	1000.0	Inf	0.0
GALCTtex_f	nac_e	-0.0	-1000.0	0.0	-0.0	Inf
GALCTtex_f	ni2_e	-0.0	-0.00010765845274818275	999.9998923415473	-0.0	0.0
GALCTtex_f	no_e	-0.0	-1000.0	0.0	-0.0	Inf
GALCTtex_f	no2_e	-0.0	-1000.0	0.0	-0.0	Inf
GALCTtex_f	ura_e	-0.0	-1000.0	0.0	-0.0	Inf
GALCTtex_f	no3_e	-0.0	-1000.0	0.0	-0.0	Inf
GALCTtex_f	urea_e	-0.0	-1000.0	0.0	-0.0	Inf
GALCTtex_f	novbcn_e	-0.0	-1000.0	0.0	-0.0	Inf
GALCTtex_f	uri_e	-0.0	-1000.0	0.0	-0.0	Inf
GALCTtex_f	o2_e	-0.0	-54.60637618013777	945.3936238198622	-0.0	0.0
GALCTtex_f	xan_e	-0.0	0.0	0.0	Inf	Inf
GALCTtex_f	xtsn_e	-0.0	-1000.0	0.0	-0.0	Inf
GALCTtex_f	xyl__D_e	-0.0	-1000.0	0.0	-0.0	Inf
GALCTtex_f	xylu__L_e	-0.0	-1000.0	0.0	-0.0	Inf
GALCTtex_f	pacald_e	-0.0	-1000.0	0.0	-0.0	Inf
GALCTtex_f	12dgr120_p	-0.0	0.0	0.0	Inf	Inf
GALCTtex_f	12dgr140_p	-0.0	0.0	0.0	Inf	Inf
GALCTtex_f	12dgr160_p	-0.0	-0.0011182989367313212	0.0	-0.0	Inf
GALCTtex_f	12dgr180_p	-0.0	0.0	0.0	Inf	Inf
GALCTtex_f	12ppd__R_p	-0.0	-1000.0	0.0	-0.0	Inf
GALCTtex_f	12ppd__S_p	-0.0	0.0	0.0	Inf	Inf
GALCTtex_f	chol_p	-0.0	-1000.0	0.0	-0.0	Inf
GALCTtex_f	cl_p	-0.0	-0.0017348676360597892	999.9982651323639	-0.0	0.0
GALCTtex_f	34dhpac_p	-0.0	-1000.0	0.0	-0.0	Inf
GALCTtex_f	cm_p	-0.0	0.0	0.0	Inf	Inf
GALCTtex_f	4hoxpacd_p	-0.0	-1000.0	0.0	-0.0	Inf
GALCTtex_f	co2_p	-0.0	-943.6817274682587	56.318272531741286	-0.0	0.0
GALCTtex_f	5mtr_p	-0.0	-1000.0	0.0	-0.0	Inf
GALCTtex_f	LalaDgluMdap_p	-0.0	-0.002556111855385874	0.0	-0.0	Inf
GALCTtex_f	gal_p	-0.0	-1000.0	0.0	-0.0	Inf
GALCTtex_f	ac_p	-0.0	-0.01789278298770114	0.0	-0.0	Inf
GALCTtex_f	crn_p	-0.0	-1000.0	0.0	-0.0	Inf
GALCTtex_f	gal_bD_p	-0.0	-1000.0	0.0	-0.0	Inf
GALCTtex_f	acald_p	-0.0	-1000.0	0.0	-0.0	Inf
GALCTtex_f	acgal_p	-0.0	-1000.0	0.0	-0.0	Inf
GALCTtex_f	csn_p	-0.0	0.0	0.0	Inf	Inf
GALCTtex_f	acgam_p	-0.0	-1000.0	0.0	-0.0	Inf
GALCTtex_f	galt_p	-0.0	-0.008946391493850559	0.0	-0.0	Inf
GALCTtex_f	acmana_p	-0.0	-1000.0	0.0	-0.0	Inf
GALCTtex_f	cyan_p	-0.0	0.0	0.0	Inf	Inf
GALCTtex_f	ade_p	-0.0	-1000.0	0.0	-0.0	Inf
GALCTtex_f	adn_p	-0.0	0.0	0.0002229829872239371	Inf	0.0
GALCTtex_f	cytd_p	-0.0	0.0	0.0	Inf	Inf
GALCTtex_f	glc__D_p	-0.0	-58.77538257031813	7.128630363406815	-0.0	0.0
GALCTtex_f	dad_2_p	-0.0	-1000.0	0.0	-0.0	Inf
GALCTtex_f	dcyt_p	-0.0	-1000.0	0.0	-0.0	Inf
GALCTtex_f	all__D_p	-0.0	0.0	0.0	Inf	Inf
GALCTtex_f	alltn_p	-0.0	0.0	0.0	Inf	Inf
GALCTtex_f	dha_p	-0.0	-1000.0	0.0	-0.0	Inf
GALCTtex_f	glyald_p	-0.0	-1000.0	0.0	-0.0	Inf
GALCTtex_f	glyb_p	0.0	0.0	0.0	Inf	Inf
GALCTtex_f	dms_p	-0.0	-1000.0	0.0	-0.0	Inf
GALCTtex_f	glyc_p	-0.0	-99.0785020471077	0.0	-0.0	Inf
GALCTtex_f	dmso_p	-0.0	-1000.0	0.0	-0.0	Inf
GALCTtex_f	arab__L_p	-0.0	0.0	0.0	Inf	Inf
GALCTtex_f	arbt_p	0.0	0.0	0.0	Inf	Inf
GALCTtex_f	ca2_p	-0.0	-0.0017348676360597892	999.9982651323639	-0.0	0.0
GALCTtex_f	duri_p	-0.0	-1000.0	0.0	-0.0	Inf
GALCTtex_f	h2_p	-0.0	-1000.0	0.0	-0.0	Inf
GALCTtex_f	h2o2_p	-0.0	-1000.0	0.0	-0.0	Inf
GALCTtex_f	etoh_p	-0.0	-1000.0	0.0	-0.0	Inf
GALCTtex_f	fald_p	-0.0	0.0	0.0	Inf	Inf
GALCTtex_f	n2o_p	-0.0	-1000.0	0.0	-0.0	Inf
GALCTtex_f	na1_p	-0.0	0.0	0.0	Inf	Inf
GALCTtex_f	indole_p	-0.0	0.0	0.008946391493850559	Inf	0.0
GALCTtex_f	nac_p	-0.0	-1000.0	0.0	-0.0	Inf
GALCTtex_f	ni2_p	-0.0	-0.00010765845274818275	999.9998923415473	-0.0	0.0
GALCTtex_f	inost_p	-0.0	-1000.0	0.0	-0.0	Inf
GALCTtex_f	no_p	-0.0	-1000.0	0.0	-0.0	Inf
GALCTtex_f	no2_p	-0.0	-20.373180564745326	0.0	-0.0	Inf
GALCTtex_f	for_p	-0.0	0.0	0.0008176042892181706	Inf	0.0
GALCTtex_f	fru_p	-0.0	-1000.0	0.0	-0.0	Inf
GALCTtex_f	no3_p	-0.0	0.0	0.0	Inf	Inf
GALCTtex_f	k_p	-0.0	-0.06505936954442859	999.9349406304556	-0.0	0.0
GALCTtex_f	novbcn_p	-0.0	0.0	0.0	Inf	Inf
GALCTtex_f	o2_p	-0.0	-54.60637618013777	945.3936238198622	-0.0	0.0
GALCTtex_f	lipa_cold_p	-0.0	-98.0186674968437	0.0	-0.0	Inf
GALCTtex_f	g3pe_p	-0.0	0.0	0.0	Inf	Inf
GALCTtex_f	g3pi_p	-0.0	0.0	0.0	Inf	Inf
GALCTtex_f	so3_p	-0.0	-1000.0	0.0	-0.0	Inf
GALCTtex_f	so4_p	-0.0	-0.08406225302883286	999.9159377469712	-0.0	0.0
GALCTtex_f	malt_p	0.0	0.0	0.0	Inf	Inf
GALCTtex_f	malthx_p	0.0	0.0	0.0	Inf	Inf
GALCTtex_f	maltpt_p	0.0	0.0	0.0	Inf	Inf
GALCTtex_f	sucr_p	-0.0	-1000.0	0.0	-0.0	Inf
GALCTtex_f	malttr_p	0.0	0.0	0.0	Inf	Inf
GALCTtex_f	maltttr_p	0.0	0.0	0.0	Inf	Inf
GALCTtex_f	pacald_p	-0.0	-1000.0	0.0	-0.0	Inf
GALCTtex_f	man_p	-0.0	-1000.0	0.0	-0.0	Inf
GALCTtex_f	tartr__L_p	-0.0	-1000.0	0.0	-0.0	Inf
GALCTtex_f	pe120_p	-0.0	-0.0013763679221308568	0.0	-0.0	Inf
GALCTtex_f	melib_p	-0.0	-1000.0	0.0	-0.0	Inf
GALCTtex_f	meoh_p	-0.0	-1000.0	0.0	-0.0	Inf
GALCTtex_f	thym_p	-0.0	-1000.0	0.0	-0.0	Inf
GALCTtex_f	thymd_p	-0.0	-0.00872133459449742	0.0	-0.0	Inf
GALCTtex_f	pg120_p	-0.0	-0.0014910652489750948	0.0	-0.0	Inf
GALCTtex_f	metsox_S__L_p	-0.0	-1000.0	0.0	-0.0	Inf
GALCTtex_f	tmao_p	-0.0	-1000.0	0.0	-0.0	Inf
GALCTtex_f	mg2_p	-0.0	-0.0028914460600413367	999.9971085539399	-0.0	0.0
GALCTtex_f	tre_p	-0.0	0.0	0.0	Inf	Inf
GALCTtex_f	mnl_p	-0.0	0.0	0.0	Inf	Inf
GALCTtex_f	mobd_p	-0.0	-4.299671945773298e-05	999.9999570032805	-0.0	0.0
GALCTtex_f	ura_p	-0.0	-1000.0	0.0	-0.0	Inf
GALCTtex_f	urea_p	-0.0	-1000.0	0.0	-0.0	Inf
GALCTtex_f	uri_p	-0.0	0.0	0.0	Inf	Inf
GALCTtex_f	xan_p	-0.0	0.0	0.0	Inf	Inf
GALCTtex_f	xtsn_p	-0.0	0.0	0.0	Inf	Inf
GALCTtex_f	xyl__D_p	-0.0	0.0	0.0	Inf	Inf
GALCTtex_f	xylu__L_p	-0.0	-1000.0	0.0	-0.0	Inf
GALCTtex_f	ppal_p	-0.0	-1000.0	0.0	-0.0	Inf
GALCTtex_f	psclys_p	-0.0	-1000.0	0.0	-0.0	Inf
GALCTtex_f	pydx_p	-0.0	0.0	0.0	Inf	Inf
GALCTtex_f	pydxn_p	-0.0	0.0	0.0	Inf	Inf
GALCTtex_f	rib__D_p	-0.0	-1000.0	0.0	-0.0	Inf
GALCTtex_f	rmn_p	-0.0	-1000.0	0.0	-0.0	Inf
GALCTtex_f	sbt__D_p	-0.0	-0.008946391493850559	0.0	-0.0	Inf
GALCTtex_f	slnt_p	-0.0	0.0	0.0	Inf	Inf
GALCTtex_f	so2_p	-0.0	-1000.0	0.0	-0.0	Inf
