Reaction	Metabolite	ShadowPrice	G-	G+	DecrementalShadowPrice	IncrementalShadowPrice
GLYCLTt2rpp_f	12dgr120_c	-0.0	0.0	0.0	Inf	Inf
GLYCLTt2rpp_f	12dgr140_c	-0.0	0.0	0.0	Inf	Inf
GLYCLTt2rpp_f	12dgr160_c	-0.0	-0.021269710533196297	0.0	-0.0	Inf
GLYCLTt2rpp_f	12dgr180_c	-0.0	0.0	0.0	Inf	Inf
GLYCLTt2rpp_f	12ppd__R_c	-0.0	-1000.0	0.0	-0.0	Inf
GLYCLTt2rpp_f	12ppd__S_c	-0.0	0.0	0.0	Inf	Inf
GLYCLTt2rpp_f	5drib_c	-0.0	-999.9999256723376	7.432766240797904e-05	-0.0	0.0
GLYCLTt2rpp_f	5mta_c	-0.0	-0.03639822294493034	0.0	-0.0	Inf
GLYCLTt2rpp_f	23dhacoa_c	-0.0	-0.00019198535176201403	0.0	-0.0	Inf
GLYCLTt2rpp_f	5mtr_c	-0.0	-1000.0	0.0	-0.0	Inf
GLYCLTt2rpp_f	3amac_c	-0.0	-29.56042146413208	0.0	-0.0	Inf
GLYCLTt2rpp_f	LalaDgluMdap_c	-0.0	-0.009261960013421172	0.0	-0.0	Inf
GLYCLTt2rpp_f	ac_c	-0.0	-87.44960925057809	0.19417585176786378	-0.0	0.0
GLYCLTt2rpp_f	acald_c	-0.0	-63.94945349279745	7.632529721820068	-0.0	0.0
GLYCLTt2rpp_f	acetol_c	-0.0	0.0	7.632529721820086	Inf	0.0
GLYCLTt2rpp_f	acgam_c	-0.0	-0.03149359715517458	0.0	-0.0	Inf
GLYCLTt2rpp_f	acgam6p_c	-0.0	-0.03149359715517458	0.0	-0.0	Inf
GLYCLTt2rpp_f	acmalt_c	0.0	0.0	0.0	Inf	Inf
GLYCLTt2rpp_f	acmana_c	-0.0	-0.03149359715517458	0.0	-0.0	Inf
GLYCLTt2rpp_f	2dmmq8_c	-0.0	0.0	0.0	Inf	Inf
GLYCLTt2rpp_f	2dmmql8_c	0.0	0.0	0.0	Inf	Inf
GLYCLTt2rpp_f	ade_c	-0.0	-0.036398222944930336	0.0002229829872239371	-0.0	0.0
GLYCLTt2rpp_f	adn_c	-0.0	-0.036398222944930385	0.0002229829872239371	-0.0	0.0
GLYCLTt2rpp_f	3sala_c	0.0	0.0	0.0	Inf	Inf
GLYCLTt2rpp_f	adphep_DD_c	-0.0	0.0	0.0	Inf	Inf
GLYCLTt2rpp_f	adphep_LD_c	-0.0	0.0	0.0	Inf	Inf
GLYCLTt2rpp_f	4ahmmp_c	0.0	0.0	0.0	Inf	Inf
GLYCLTt2rpp_f	4crsol_c	-0.0	-999.9999256723376	7.432766240797904e-05	-0.0	0.0
GLYCLTt2rpp_f	2ohph_c	-0.0	-7.432766240797904e-05	0.33308826822348464	-0.0	0.0
GLYCLTt2rpp_f	2ombzl_c	-0.0	0.0	0.0	Inf	Inf
GLYCLTt2rpp_f	2omhmbl_c	-0.0	0.0	0.0	Inf	Inf
GLYCLTt2rpp_f	2ommbl_c	0.0	0.0	0.0	Inf	Inf
GLYCLTt2rpp_f	2omph_c	-0.0	0.0	0.29316229946414296	Inf	0.0
GLYCLTt2rpp_f	4mhetz_c	0.0	0.0	0.0	Inf	Inf
GLYCLTt2rpp_f	2oph_c	-0.0	-7.432766240797904e-05	0.33308826822348486	-0.0	0.0
GLYCLTt2rpp_f	2oxpaccoa_c	-0.0	-0.00019198535176201403	0.0	-0.0	Inf
GLYCLTt2rpp_f	all__D_c	-0.0	-0.3293827767084794	0.0	-0.0	Inf
GLYCLTt2rpp_f	alltn_c	-0.0	-0.6587655534169566	0.0	-0.0	Inf
GLYCLTt2rpp_f	4r5au_c	-0.0	-0.00014865532466501463	0.09680318465157174	-0.0	0.0
GLYCLTt2rpp_f	56dura_c	0.0	0.0	0.0	Inf	Inf
GLYCLTt2rpp_f	arab__L_c	-0.0	-0.3293827767084784	0.0	-0.0	Inf
GLYCLTt2rpp_f	etoh_c	-0.0	-1000.0	0.0	-0.0	Inf
GLYCLTt2rpp_f	csn_c	-0.0	0.0	0.060297066223369424	Inf	0.0
GLYCLTt2rpp_f	fald_c	-0.0	0.0	0.0	Inf	Inf
GLYCLTt2rpp_f	fc1p_c	-0.0	-0.04709840656532803	0.0	-0.0	Inf
GLYCLTt2rpp_f	fcl__L_c	-0.0	0.0	0.0	Inf	Inf
GLYCLTt2rpp_f	aso4_c	0.0	0.0	0.0	Inf	Inf
GLYCLTt2rpp_f	cyan_c	0.0	0.0	0.0	Inf	Inf
GLYCLTt2rpp_f	athtp_c	0.0	0.0	0.0	Inf	Inf
GLYCLTt2rpp_f	cytd_c	-0.0	0.0	0.0	Inf	Inf
GLYCLTt2rpp_f	dad_2_c	-0.0	-0.036398222944930385	0.0	-0.0	Inf
GLYCLTt2rpp_f	dad_5_c	-0.0	-0.036398222944930336	7.432766240797904e-05	-0.0	0.0
GLYCLTt2rpp_f	betald_c	0.0	0.0	0.0	Inf	Inf
GLYCLTt2rpp_f	btal_c	-0.0	-0.9374923246780484	0.0	-0.0	Inf
GLYCLTt2rpp_f	for_c	-0.0	-0.036398222944930274	0.9374923246780277	-0.0	0.0
GLYCLTt2rpp_f	dcyt_c	-0.0	0.0	0.0	Inf	Inf
GLYCLTt2rpp_f	fru_c	-0.0	-0.3293827767084794	0.0	-0.0	Inf
GLYCLTt2rpp_f	ca2_c	-0.0	-0.0017348676360597892	999.9982651323639	-0.0	0.0
GLYCLTt2rpp_f	g3pe_c	-0.0	-0.04633913116258524	0.0	-0.0	Inf
GLYCLTt2rpp_f	g3pi_c	0.0	0.0	0.0	Inf	Inf
GLYCLTt2rpp_f	cbm_c	-0.0	-499.53125383766064	0.0	-0.0	Inf
GLYCLTt2rpp_f	dha_c	-0.0	-54.13547239321483	0.0	-0.0	Inf
GLYCLTt2rpp_f	gal_c	-0.0	0.0	0.0	Inf	Inf
GLYCLTt2rpp_f	dhgly_c	-0.0	-7.432766240797904e-05	0.4000046663395081	-0.0	0.0
GLYCLTt2rpp_f	dhmptp_c	0.0	0.0	0.0	Inf	Inf
GLYCLTt2rpp_f	gcald_c	-0.0	-0.6587655534169566	0.0002229829874522693	-0.0	0.0
GLYCLTt2rpp_f	dhptd_c	-0.0	-59.12084292826421	0.00014865532481595807	-0.0	0.0
GLYCLTt2rpp_f	cechddd_c	-0.0	0.0	0.0	Inf	Inf
GLYCLTt2rpp_f	dhptdn_c	0.0	0.0	0.0	Inf	Inf
GLYCLTt2rpp_f	chol_c	0.0	0.0	0.0	Inf	Inf
GLYCLTt2rpp_f	chtbs6p_c	-0.0	0.0	0.0	Inf	Inf
GLYCLTt2rpp_f	dmbzid_c	0.0	0.0	0.0	Inf	Inf
GLYCLTt2rpp_f	dms_c	0.0	0.0	0.0	Inf	Inf
GLYCLTt2rpp_f	dmso_c	0.0	0.0	0.0	Inf	Inf
GLYCLTt2rpp_f	cl_c	-0.0	-0.0017348676360248022	999.9982651323639	-0.0	0.0
GLYCLTt2rpp_f	glc__D_c	-0.0	-0.3293827767084794	0.0	-0.0	Inf
GLYCLTt2rpp_f	co2_c	-0.0	-943.6817274681368	56.31827253186316	-0.0	0.0
GLYCLTt2rpp_f	dscl_c	-0.0	-7.432766240797904e-05	0.06050199040723214	-0.0	0.0
GLYCLTt2rpp_f	dtdp4aaddg_c	-0.0	0.0	0.0	Inf	Inf
GLYCLTt2rpp_f	glyald_c	-0.0	-1000.0	0.0	-0.0	Inf
GLYCLTt2rpp_f	crn_c	-0.0	-1000.0	0.0	-0.0	Inf
GLYCLTt2rpp_f	duri_c	-0.0	0.0	0.0	Inf	Inf
GLYCLTt2rpp_f	glyb_c	0.0	0.0	0.0	Inf	Inf
GLYCLTt2rpp_f	glyc_c	-0.0	-0.04633913116258524	0.0	-0.0	Inf
GLYCLTt2rpp_f	dxyl_c	0.0	0.0	0.0	Inf	Inf
GLYCLTt2rpp_f	glycogen_c	-0.0	-0.32938277670847893	0.0	-0.0	Inf
GLYCLTt2rpp_f	gmhep1p_c	-0.0	0.0	4.758486259940241	Inf	0.0
GLYCLTt2rpp_f	lipa_cold_c	-0.0	0.0	0.0	Inf	Inf
GLYCLTt2rpp_f	lipidA_c	-0.0	-0.006484838564148276	0.20000233316975405	-0.0	0.0
GLYCLTt2rpp_f	malt_c	0.0	0.0	0.0	Inf	Inf
GLYCLTt2rpp_f	h2_c	-0.0	0.0	0.0	Inf	Inf
GLYCLTt2rpp_f	malthx_c	-0.0	0.0	0.0	Inf	Inf
GLYCLTt2rpp_f	maltpt_c	-0.0	0.0	0.0	Inf	Inf
GLYCLTt2rpp_f	malttr_c	-0.0	0.0	0.0	Inf	Inf
GLYCLTt2rpp_f	maltttr_c	-0.0	0.0	0.0	Inf	Inf
GLYCLTt2rpp_f	h2o2_c	-0.0	-0.00046763098884362885	9.621278913537108	-0.0	0.0
GLYCLTt2rpp_f	man_c	-0.0	0.0	0.0	Inf	Inf
GLYCLTt2rpp_f	mdhdhf_c	-0.0	-59.12084292826421	0.00014865532481595807	-0.0	0.0
GLYCLTt2rpp_f	melib_c	-0.0	0.0	0.0	Inf	Inf
GLYCLTt2rpp_f	meoh_c	-0.0	-1000.0	0.0	-0.0	Inf
GLYCLTt2rpp_f	pacald_c	-0.0	-1000.0	0.0	-0.0	Inf
GLYCLTt2rpp_f	metsox_S__L_c	-0.0	-0.036398222944930274	0.0	-0.0	Inf
GLYCLTt2rpp_f	mg2_c	-0.0	-0.0028914460600413367	999.9971085539399	-0.0	0.0
GLYCLTt2rpp_f	hhlipa_c	-0.0	0.0	0.0	Inf	Inf
GLYCLTt2rpp_f	pe120_c	-0.0	0.0	0.0	Inf	Inf
GLYCLTt2rpp_f	mobd_c	-0.0	-4.299671945773298e-05	174.4549185648235	-0.0	0.0
GLYCLTt2rpp_f	hlipa_c	-0.0	0.0	0.0	Inf	Inf
GLYCLTt2rpp_f	pg120_c	-0.0	0.0	0.0	Inf	Inf
GLYCLTt2rpp_f	mql8_c	0.0	0.0	0.0	Inf	Inf
GLYCLTt2rpp_f	mqn8_c	-0.0	0.0	0.0	Inf	Inf
GLYCLTt2rpp_f	mthgxl_c	-0.0	0.0	7.632529721820089	Inf	0.0
GLYCLTt2rpp_f	hqn_c	0.0	0.0	0.0	Inf	Inf
GLYCLTt2rpp_f	mththf_c	-0.0	-999.9998513446752	0.00014865532481595807	-0.0	0.0
GLYCLTt2rpp_f	n2o_c	-0.0	-1000.0	0.0	-0.0	Inf
GLYCLTt2rpp_f	na1_c	-0.0	0.0	0.0	Inf	Inf
GLYCLTt2rpp_f	nac_c	-0.0	0.0	0.0	Inf	Inf
GLYCLTt2rpp_f	ncam_c	-0.0	0.0	0.0	Inf	Inf
GLYCLTt2rpp_f	ni2_c	-0.0	-0.00010765845272545842	999.9998923415473	-0.0	0.0
GLYCLTt2rpp_f	no_c	-0.0	-1000.0	0.0	-0.0	Inf
GLYCLTt2rpp_f	indole_c	-0.0	-0.018946221140164806	0.4000046663395081	-0.0	0.0
GLYCLTt2rpp_f	no2_c	-0.0	-1000.0	0.0	-0.0	Inf
GLYCLTt2rpp_f	no3_c	0.0	0.0	0.0	Inf	Inf
GLYCLTt2rpp_f	inost_c	0.0	0.0	0.0	Inf	Inf
GLYCLTt2rpp_f	o2_c	-0.0	-54.60702679726637	945.3929732027336	-0.0	0.0
GLYCLTt2rpp_f	poaac_c	-0.0	-29.56042146413209	0.0	-0.0	Inf
GLYCLTt2rpp_f	ppal_c	-0.0	0.0	0.0	Inf	Inf
GLYCLTt2rpp_f	k_c	-0.0	-0.06505936954439755	697.8196742592905	-0.0	0.0
GLYCLTt2rpp_f	psclys_c	-0.0	0.0	0.0	Inf	Inf
GLYCLTt2rpp_f	lald__D_c	-0.0	0.0	7.632529721820086	Inf	0.0
GLYCLTt2rpp_f	lald__L_c	-0.0	-48.98256012214275	0.0	-0.0	Inf
GLYCLTt2rpp_f	ura_c	-0.0	-0.11025658783069048	0.0	-0.0	Inf
GLYCLTt2rpp_f	pydx_c	-0.0	0.0	0.00046763098884362885	Inf	0.0
GLYCLTt2rpp_f	uracp_c	-0.0	-19.706947642754738	0.0	-0.0	Inf
GLYCLTt2rpp_f	pydxn_c	-0.0	0.0	0.4000046663395081	Inf	0.0
GLYCLTt2rpp_f	urate_c	-0.0	-0.00046763098884362885	0.0	-0.0	Inf
GLYCLTt2rpp_f	q8_c	-0.0	0.0	0.0	Inf	Inf
GLYCLTt2rpp_f	q8h2_c	0.0	0.0	0.0	Inf	Inf
GLYCLTt2rpp_f	urea_c	-0.0	-1000.0	0.0	-0.0	Inf
GLYCLTt2rpp_f	uri_c	-0.0	-0.11025658783069048	0.0	-0.0	Inf
GLYCLTt2rpp_f	rbflvrd_c	-0.0	0.0	0.018199111472465078	Inf	0.0
GLYCLTt2rpp_f	rbl__L_c	-0.0	-0.3293827767084784	0.0	-0.0	Inf
GLYCLTt2rpp_f	rdmbzi_c	0.0	0.0	0.0	Inf	Inf
GLYCLTt2rpp_f	thptdn_c	0.0	0.0	0.0	Inf	Inf
GLYCLTt2rpp_f	xan_c	-0.0	-0.036398222944930336	0.0	-0.0	Inf
GLYCLTt2rpp_f	rephaccoa_c	-0.0	-0.00019198535176201403	0.0	-0.0	Inf
GLYCLTt2rpp_f	rib__D_c	-0.0	0.0	7.632529721820088	Inf	0.0
GLYCLTt2rpp_f	xtsn_c	-0.0	0.0	0.0	Inf	Inf
GLYCLTt2rpp_f	rml_c	-0.0	-0.04709840656532803	0.0	-0.0	Inf
GLYCLTt2rpp_f	thym_c	-0.0	-697.8196742592905	0.0	-0.0	Inf
GLYCLTt2rpp_f	thymd_c	-0.0	-0.008721334594471655	0.0	-0.0	Inf
GLYCLTt2rpp_f	xu5p__L_c	-0.0	-0.32151913593209996	0.0	-0.0	Inf
GLYCLTt2rpp_f	rmn_c	-0.0	-0.04709840656532803	0.0	-0.0	Inf
GLYCLTt2rpp_f	xyl__D_c	0.0	0.0	0.0	Inf	Inf
GLYCLTt2rpp_f	tmao_c	0.0	0.0	0.0	Inf	Inf
GLYCLTt2rpp_f	xylu__D_c	-0.0	0.0	0.0	Inf	Inf
GLYCLTt2rpp_f	xylu__L_c	-0.0	-0.3293827767084784	0.0	-0.0	Inf
GLYCLTt2rpp_f	12ppd__R_e	-0.0	-1000.0	0.0	-0.0	Inf
GLYCLTt2rpp_f	12ppd__S_e	-0.0	-1000.0	0.0	-0.0	Inf
GLYCLTt2rpp_f	tre_c	-0.0	-0.1646913883542397	0.0	-0.0	Inf
GLYCLTt2rpp_f	seln_c	0.0	0.0	0.0	Inf	Inf
GLYCLTt2rpp_f	34dhpac_e	-0.0	-1000.0	0.0	-0.0	Inf
GLYCLTt2rpp_f	slnt_c	0.0	0.0	0.0	Inf	Inf
GLYCLTt2rpp_f	so2_c	0.0	0.0	0.0	Inf	Inf
GLYCLTt2rpp_f	so3_c	-0.0	-0.08261636334370231	34.89098371296463	-0.0	0.0
GLYCLTt2rpp_f	so4_c	-0.0	-0.08406225302767457	697.8196742592905	-0.0	0.0
GLYCLTt2rpp_f	4hoxpacd_e	-0.0	-1000.0	0.0	-0.0	Inf
GLYCLTt2rpp_f	5mtr_e	-0.0	-1000.0	0.0	-0.0	Inf
GLYCLTt2rpp_f	LalaDgluMdap_e	-0.0	-1000.0	0.0	-0.0	Inf
GLYCLTt2rpp_f	ac_e	-0.0	0.0	0.0	Inf	Inf
GLYCLTt2rpp_f	acald_e	-0.0	-1000.0	0.0	-0.0	Inf
GLYCLTt2rpp_f	acgal_e	-0.0	-1000.0	0.0	-0.0	Inf
GLYCLTt2rpp_f	acgam_e	-0.0	-1000.0	0.0	-0.0	Inf
GLYCLTt2rpp_f	acmana_e	-0.0	-1000.0	0.0	-0.0	Inf
GLYCLTt2rpp_f	tagur_c	-0.0	0.0	0.0	Inf	Inf
GLYCLTt2rpp_f	tartr__L_c	-0.0	-0.3293827767084785	0.0	-0.0	Inf
GLYCLTt2rpp_f	ade_e	-0.0	-1000.0	0.0	-0.0	Inf
GLYCLTt2rpp_f	adn_e	-0.0	-1000.0	0.0	-0.0	Inf
GLYCLTt2rpp_f	all__D_e	-0.0	-1000.0	0.0	-0.0	Inf
GLYCLTt2rpp_f	cl_e	-0.0	-0.0017348676360597892	999.9982651323639	-0.0	0.0
GLYCLTt2rpp_f	alltn_e	-0.0	0.0	0.0	Inf	Inf
GLYCLTt2rpp_f	cm_e	-0.0	-1000.0	0.0	-0.0	Inf
GLYCLTt2rpp_f	co2_e	-0.0	-943.6817274681368	56.31827253186316	-0.0	0.0
GLYCLTt2rpp_f	arab__L_e	-0.0	-1000.0	0.0	-0.0	Inf
GLYCLTt2rpp_f	arbt_e	-0.0	-1000.0	0.0	-0.0	Inf
GLYCLTt2rpp_f	unagamu_c	-0.0	0.0	0.20000233316975405	Inf	0.0
GLYCLTt2rpp_f	crn_e	-0.0	-1000.0	0.0	-0.0	Inf
GLYCLTt2rpp_f	csn_e	-0.0	-1000.0	0.0	-0.0	Inf
GLYCLTt2rpp_f	cyan_e	-0.0	-1000.0	0.0	-0.0	Inf
GLYCLTt2rpp_f	glyb_e	-0.0	-1000.0	0.0	-0.0	Inf
GLYCLTt2rpp_f	glyc_e	-0.0	-1000.0	0.0	-0.0	Inf
GLYCLTt2rpp_f	cytd_e	-0.0	-1000.0	0.0	-0.0	Inf
GLYCLTt2rpp_f	ca2_e	-0.0	-0.0017348676360597892	999.9982651323639	-0.0	0.0
GLYCLTt2rpp_f	dad_2_e	-0.0	-1000.0	0.0	-0.0	Inf
GLYCLTt2rpp_f	dcyt_e	-0.0	-1000.0	0.0	-0.0	Inf
GLYCLTt2rpp_f	chol_e	-0.0	-1000.0	0.0	-0.0	Inf
GLYCLTt2rpp_f	dha_e	-0.0	-1000.0	0.0	-0.0	Inf
GLYCLTt2rpp_f	ppal_e	-0.0	-1000.0	0.0	-0.0	Inf
GLYCLTt2rpp_f	h2_e	-0.0	-1000.0	0.0	-0.0	Inf
GLYCLTt2rpp_f	dms_e	-0.0	-1000.0	0.0	-0.0	Inf
GLYCLTt2rpp_f	dmso_e	-0.0	-1000.0	0.0	-0.0	Inf
GLYCLTt2rpp_f	h2o2_e	-0.0	-1000.0	0.0	-0.0	Inf
GLYCLTt2rpp_f	psclys_e	-0.0	-1000.0	0.0	-0.0	Inf
GLYCLTt2rpp_f	duri_e	-0.0	-1000.0	0.0	-0.0	Inf
GLYCLTt2rpp_f	pydx_e	-0.0	-1000.0	0.0	-0.0	Inf
GLYCLTt2rpp_f	pydxn_e	-0.0	-1000.0	0.0	-0.0	Inf
GLYCLTt2rpp_f	etoh_e	-0.0	-1000.0	0.0	-0.0	Inf
GLYCLTt2rpp_f	fald_e	-0.0	0.0	0.0	Inf	Inf
GLYCLTt2rpp_f	rib__D_e	-0.0	-1000.0	0.0	-0.0	Inf
GLYCLTt2rpp_f	rmn_e	-0.0	-1000.0	0.0	-0.0	Inf
GLYCLTt2rpp_f	indole_e	-0.0	-1000.0	0.0	-0.0	Inf
GLYCLTt2rpp_f	inost_e	-0.0	-1000.0	0.0	-0.0	Inf
GLYCLTt2rpp_f	sbt__D_e	-0.0	-23.981045059799044	0.0	-0.0	Inf
GLYCLTt2rpp_f	k_e	-0.0	-0.06505936954442859	999.9349406304556	-0.0	0.0
GLYCLTt2rpp_f	for_e	-0.0	0.0	0.9374923246780277	Inf	0.0
GLYCLTt2rpp_f	slnt_e	-0.0	0.0	1000.0	Inf	0.0
GLYCLTt2rpp_f	fru_e	-0.0	-1000.0	0.0	-0.0	Inf
GLYCLTt2rpp_f	so2_e	-0.0	-1000.0	0.0	-0.0	Inf
GLYCLTt2rpp_f	so3_e	-0.0	-1000.0	0.0	-0.0	Inf
GLYCLTt2rpp_f	so4_e	-0.0	-0.08406225302769599	999.9159377469723	-0.0	0.0
GLYCLTt2rpp_f	lipa_cold_e	-0.0	-1000.0	0.0	-0.0	Inf
GLYCLTt2rpp_f	sucr_e	-0.0	-1000.0	0.0	-0.0	Inf
GLYCLTt2rpp_f	g3pe_e	-0.0	-1000.0	0.0	-0.0	Inf
GLYCLTt2rpp_f	malt_e	-0.0	-1000.0	0.0	-0.0	Inf
GLYCLTt2rpp_f	tartr__L_e	-0.0	-1000.0	0.0	-0.0	Inf
GLYCLTt2rpp_f	g3pi_e	-0.0	-1000.0	0.0	-0.0	Inf
GLYCLTt2rpp_f	malthx_e	-0.0	-1000.0	0.0	-0.0	Inf
GLYCLTt2rpp_f	maltpt_e	-0.0	-1000.0	0.0	-0.0	Inf
GLYCLTt2rpp_f	gal_e	-0.0	-1000.0	0.0	-0.0	Inf
GLYCLTt2rpp_f	gal_bD_e	-0.0	-1000.0	0.0	-0.0	Inf
GLYCLTt2rpp_f	malttr_e	-0.0	-1000.0	0.0	-0.0	Inf
GLYCLTt2rpp_f	maltttr_e	-0.0	-1000.0	0.0	-0.0	Inf
GLYCLTt2rpp_f	man_e	-0.0	-1000.0	0.0	-0.0	Inf
GLYCLTt2rpp_f	thym_e	-0.0	-1000.0	0.0	-0.0	Inf
GLYCLTt2rpp_f	thymd_e	-0.0	-1000.0	0.0	-0.0	Inf
GLYCLTt2rpp_f	galt_e	-0.0	-0.04709840656532803	0.0	-0.0	Inf
GLYCLTt2rpp_f	melib_e	-0.0	-1000.0	0.0	-0.0	Inf
GLYCLTt2rpp_f	meoh_e	-0.0	-1000.0	0.0	-0.0	Inf
GLYCLTt2rpp_f	tmao_e	-0.0	-1000.0	0.0	-0.0	Inf
GLYCLTt2rpp_f	tre_e	-0.0	-1000.0	0.0	-0.0	Inf
GLYCLTt2rpp_f	metsox_S__L_e	-0.0	-1000.0	0.0	-0.0	Inf
GLYCLTt2rpp_f	glc__D_e	-0.0	-25.867194671243876	7.632529721820068	-0.0	0.0
GLYCLTt2rpp_f	mg2_e	-0.0	-0.002891446060061753	999.9971085539399	-0.0	0.0
GLYCLTt2rpp_f	mnl_e	-0.0	-1000.0	0.0	-0.0	Inf
GLYCLTt2rpp_f	mobd_e	-0.0	-4.299671945773298e-05	999.9999570032805	-0.0	0.0
GLYCLTt2rpp_f	glyald_e	-0.0	-1000.0	0.0	-0.0	Inf
GLYCLTt2rpp_f	n2o_e	-0.0	-1000.0	0.0	-0.0	Inf
GLYCLTt2rpp_f	na1_e	-0.0	0.0	1000.0	Inf	0.0
GLYCLTt2rpp_f	nac_e	-0.0	-1000.0	0.0	-0.0	Inf
GLYCLTt2rpp_f	ni2_e	-0.0	-0.00010765845274818275	999.9998923415473	-0.0	0.0
GLYCLTt2rpp_f	no_e	-0.0	-1000.0	0.0	-0.0	Inf
GLYCLTt2rpp_f	no2_e	-0.0	-1000.0	0.0	-0.0	Inf
GLYCLTt2rpp_f	ura_e	-0.0	-1000.0	0.0	-0.0	Inf
GLYCLTt2rpp_f	no3_e	-0.0	-1000.0	0.0	-0.0	Inf
GLYCLTt2rpp_f	urea_e	-0.0	-1000.0	0.0	-0.0	Inf
GLYCLTt2rpp_f	novbcn_e	-0.0	-1000.0	0.0	-0.0	Inf
GLYCLTt2rpp_f	uri_e	-0.0	-1000.0	0.0	-0.0	Inf
GLYCLTt2rpp_f	o2_e	-0.0	-54.60702679726637	945.3929732027336	-0.0	0.0
GLYCLTt2rpp_f	xan_e	-0.0	0.0	0.0	Inf	Inf
GLYCLTt2rpp_f	xtsn_e	-0.0	-1000.0	0.0	-0.0	Inf
GLYCLTt2rpp_f	xyl__D_e	-0.0	-1000.0	0.0	-0.0	Inf
GLYCLTt2rpp_f	xylu__L_e	-0.0	-1000.0	0.0	-0.0	Inf
GLYCLTt2rpp_f	pacald_e	-0.0	-1000.0	0.0	-0.0	Inf
GLYCLTt2rpp_f	12dgr120_p	-0.0	0.0	0.0	Inf	Inf
GLYCLTt2rpp_f	12dgr140_p	-0.0	0.0	0.0	Inf	Inf
GLYCLTt2rpp_f	12dgr160_p	-0.0	-0.021269710533196297	0.0	-0.0	Inf
GLYCLTt2rpp_f	12dgr180_p	-0.0	0.0	0.0	Inf	Inf
GLYCLTt2rpp_f	12ppd__R_p	-0.0	-1000.0	0.0	-0.0	Inf
GLYCLTt2rpp_f	12ppd__S_p	-0.0	0.0	0.0	Inf	Inf
GLYCLTt2rpp_f	chol_p	-0.0	-1000.0	0.0	-0.0	Inf
GLYCLTt2rpp_f	cl_p	-0.0	-0.0017348676360597892	999.9982651323639	-0.0	0.0
GLYCLTt2rpp_f	34dhpac_p	-0.0	-1000.0	0.0	-0.0	Inf
GLYCLTt2rpp_f	cm_p	-0.0	0.0	0.0	Inf	Inf
GLYCLTt2rpp_f	4hoxpacd_p	-0.0	-1000.0	0.0	-0.0	Inf
GLYCLTt2rpp_f	co2_p	-0.0	-943.6817274681368	56.31827253186316	-0.0	0.0
GLYCLTt2rpp_f	5mtr_p	-0.0	-1000.0	0.0	-0.0	Inf
GLYCLTt2rpp_f	LalaDgluMdap_p	-0.0	0.0	0.0	Inf	Inf
GLYCLTt2rpp_f	gal_p	-0.0	-1000.0	0.0	-0.0	Inf
GLYCLTt2rpp_f	ac_p	-0.0	-90.9475936206013	0.0	-0.0	Inf
GLYCLTt2rpp_f	crn_p	-0.0	-1000.0	0.0	-0.0	Inf
GLYCLTt2rpp_f	gal_bD_p	-0.0	-1000.0	0.0	-0.0	Inf
GLYCLTt2rpp_f	acald_p	-0.0	-1000.0	0.0	-0.0	Inf
GLYCLTt2rpp_f	acgal_p	-0.0	-1000.0	0.0	-0.0	Inf
GLYCLTt2rpp_f	csn_p	-0.0	0.0	0.0	Inf	Inf
GLYCLTt2rpp_f	acgam_p	-0.0	-1000.0	0.0	-0.0	Inf
GLYCLTt2rpp_f	galt_p	-0.0	-0.04709840656532803	0.0	-0.0	Inf
GLYCLTt2rpp_f	acmana_p	-0.0	-1000.0	0.0	-0.0	Inf
GLYCLTt2rpp_f	cyan_p	-0.0	0.0	0.0	Inf	Inf
GLYCLTt2rpp_f	ade_p	-0.0	-1000.0	0.0	-0.0	Inf
GLYCLTt2rpp_f	adn_p	-0.0	0.0	0.0002229829872239371	Inf	0.0
GLYCLTt2rpp_f	cytd_p	-0.0	0.0	0.0	Inf	Inf
GLYCLTt2rpp_f	glc__D_p	-0.0	-25.867194671243876	7.632529721820068	-0.0	0.0
GLYCLTt2rpp_f	dad_2_p	-0.0	-1000.0	0.0	-0.0	Inf
GLYCLTt2rpp_f	dcyt_p	-0.0	-1000.0	0.0	-0.0	Inf
GLYCLTt2rpp_f	all__D_p	-0.0	0.0	0.0	Inf	Inf
GLYCLTt2rpp_f	alltn_p	-0.0	0.0	0.0	Inf	Inf
GLYCLTt2rpp_f	dha_p	-0.0	-1000.0	0.0	-0.0	Inf
GLYCLTt2rpp_f	glyald_p	-0.0	-1000.0	0.0	-0.0	Inf
GLYCLTt2rpp_f	glyb_p	0.0	0.0	0.0	Inf	Inf
GLYCLTt2rpp_f	dms_p	-0.0	-1000.0	0.0	-0.0	Inf
GLYCLTt2rpp_f	glyc_p	-0.0	-0.04633913116258524	0.0	-0.0	Inf
GLYCLTt2rpp_f	dmso_p	-0.0	-1000.0	0.0	-0.0	Inf
GLYCLTt2rpp_f	arab__L_p	-0.0	0.0	0.0	Inf	Inf
GLYCLTt2rpp_f	arbt_p	0.0	0.0	0.0	Inf	Inf
GLYCLTt2rpp_f	ca2_p	-0.0	-0.0017348676360597892	999.9982651323639	-0.0	0.0
GLYCLTt2rpp_f	duri_p	-0.0	-1000.0	0.0	-0.0	Inf
GLYCLTt2rpp_f	h2_p	-0.0	-1000.0	0.0	-0.0	Inf
GLYCLTt2rpp_f	h2o2_p	-0.0	-1000.0	0.0	-0.0	Inf
GLYCLTt2rpp_f	etoh_p	-0.0	-1000.0	0.0	-0.0	Inf
GLYCLTt2rpp_f	fald_p	-0.0	0.0	0.0	Inf	Inf
GLYCLTt2rpp_f	n2o_p	-0.0	-1000.0	0.0	-0.0	Inf
GLYCLTt2rpp_f	na1_p	-0.0	0.0	0.0	Inf	Inf
GLYCLTt2rpp_f	indole_p	-0.0	0.0	0.4000046663395081	Inf	0.0
GLYCLTt2rpp_f	nac_p	-0.0	-1000.0	0.0	-0.0	Inf
GLYCLTt2rpp_f	ni2_p	-0.0	-0.00010765845274818275	999.9998923415473	-0.0	0.0
GLYCLTt2rpp_f	inost_p	-0.0	-1000.0	0.0	-0.0	Inf
GLYCLTt2rpp_f	no_p	-0.0	-1000.0	0.0	-0.0	Inf
GLYCLTt2rpp_f	no2_p	-0.0	-1000.0	0.0	-0.0	Inf
GLYCLTt2rpp_f	for_p	-0.0	0.0	0.9374923246780277	Inf	0.0
GLYCLTt2rpp_f	fru_p	-0.0	-1000.0	0.0	-0.0	Inf
GLYCLTt2rpp_f	no3_p	-0.0	0.0	0.0	Inf	Inf
GLYCLTt2rpp_f	k_p	-0.0	-0.06505936954442859	999.9349406304556	-0.0	0.0
GLYCLTt2rpp_f	novbcn_p	-0.0	0.0	0.0	Inf	Inf
GLYCLTt2rpp_f	o2_p	-0.0	-54.60702679726637	945.3929732027336	-0.0	0.0
GLYCLTt2rpp_f	lipa_cold_p	-0.0	-174.4549185648235	0.0	-0.0	Inf
GLYCLTt2rpp_f	g3pe_p	-0.0	0.0	0.0	Inf	Inf
GLYCLTt2rpp_f	g3pi_p	-0.0	0.0	0.0	Inf	Inf
GLYCLTt2rpp_f	so3_p	-0.0	-1000.0	0.0	-0.0	Inf
GLYCLTt2rpp_f	so4_p	-0.0	-0.08406225302767457	999.9159377469723	-0.0	0.0
GLYCLTt2rpp_f	malt_p	0.0	0.0	0.0	Inf	Inf
GLYCLTt2rpp_f	malthx_p	0.0	0.0	0.0	Inf	Inf
GLYCLTt2rpp_f	maltpt_p	0.0	0.0	0.0	Inf	Inf
GLYCLTt2rpp_f	sucr_p	-0.0	-1000.0	0.0	-0.0	Inf
GLYCLTt2rpp_f	malttr_p	0.0	0.0	0.0	Inf	Inf
GLYCLTt2rpp_f	maltttr_p	0.0	0.0	0.0	Inf	Inf
GLYCLTt2rpp_f	pacald_p	-0.0	-1000.0	0.0	-0.0	Inf
GLYCLTt2rpp_f	man_p	-0.0	-1000.0	0.0	-0.0	Inf
GLYCLTt2rpp_f	tartr__L_p	-0.0	-1000.0	0.0	-0.0	Inf
GLYCLTt2rpp_f	pe120_p	-0.0	0.0	0.0	Inf	Inf
GLYCLTt2rpp_f	melib_p	-0.0	-1000.0	0.0	-0.0	Inf
GLYCLTt2rpp_f	meoh_p	-0.0	-1000.0	0.0	-0.0	Inf
GLYCLTt2rpp_f	thym_p	-0.0	-1000.0	0.0	-0.0	Inf
GLYCLTt2rpp_f	thymd_p	-0.0	-0.008721334594471655	0.0	-0.0	Inf
GLYCLTt2rpp_f	pg120_p	-0.0	0.0	0.0	Inf	Inf
GLYCLTt2rpp_f	metsox_S__L_p	-0.0	-1000.0	0.0	-0.0	Inf
GLYCLTt2rpp_f	tmao_p	-0.0	-1000.0	0.0	-0.0	Inf
GLYCLTt2rpp_f	mg2_p	-0.0	-0.0028914460600413367	999.9971085539399	-0.0	0.0
GLYCLTt2rpp_f	tre_p	-0.0	0.0	0.0	Inf	Inf
GLYCLTt2rpp_f	mnl_p	-0.0	0.0	0.0	Inf	Inf
GLYCLTt2rpp_f	mobd_p	-0.0	-4.299671945773298e-05	999.9999570032805	-0.0	0.0
GLYCLTt2rpp_f	ura_p	-0.0	-1000.0	0.0	-0.0	Inf
GLYCLTt2rpp_f	urea_p	-0.0	-1000.0	0.0	-0.0	Inf
GLYCLTt2rpp_f	uri_p	-0.0	-0.11025658783069048	0.0	-0.0	Inf
GLYCLTt2rpp_f	xan_p	-0.0	-0.03639822294493032	0.0	-0.0	Inf
GLYCLTt2rpp_f	xtsn_p	-0.0	0.0	0.0	Inf	Inf
GLYCLTt2rpp_f	xyl__D_p	-0.0	0.0	0.0	Inf	Inf
GLYCLTt2rpp_f	xylu__L_p	-0.0	-1000.0	0.0	-0.0	Inf
GLYCLTt2rpp_f	ppal_p	-0.0	-1000.0	0.0	-0.0	Inf
GLYCLTt2rpp_f	psclys_p	-0.0	-1000.0	0.0	-0.0	Inf
GLYCLTt2rpp_f	pydx_p	-0.0	0.0	0.0	Inf	Inf
GLYCLTt2rpp_f	pydxn_p	-0.0	0.0	0.0	Inf	Inf
GLYCLTt2rpp_f	rib__D_p	-0.0	-1000.0	0.0	-0.0	Inf
GLYCLTt2rpp_f	rmn_p	-0.0	-1000.0	0.0	-0.0	Inf
GLYCLTt2rpp_f	sbt__D_p	-0.0	-23.981045059799044	0.0	-0.0	Inf
GLYCLTt2rpp_f	slnt_p	-0.0	0.0	0.0	Inf	Inf
GLYCLTt2rpp_f	so2_p	-0.0	-1000.0	0.0	-0.0	Inf
