Reaction	Metabolite	ShadowPrice	G-	G+	DecrementalShadowPrice	IncrementalShadowPrice
HOMtex_f	12dgr120_c	-0.0	0.0	0.0	Inf	Inf
HOMtex_f	12dgr140_c	-0.0	0.0	0.0	Inf	Inf
HOMtex_f	12dgr160_c	-0.0	-0.021269710533196297	0.0	-0.0	Inf
HOMtex_f	12dgr180_c	-0.0	0.0	0.0	Inf	Inf
HOMtex_f	12ppd__R_c	-0.0	-1000.0	0.0	-0.0	Inf
HOMtex_f	12ppd__S_c	-0.0	0.0	0.0	Inf	Inf
HOMtex_f	5drib_c	-0.0	-999.9999256723376	7.432766240797904e-05	-0.0	0.0
HOMtex_f	5mta_c	-0.0	-0.03639822295110662	0.0	-0.0	Inf
HOMtex_f	23dhacoa_c	-0.0	-0.00019198535301256925	0.0	-0.0	Inf
HOMtex_f	5mtr_c	-0.0	-1000.0	0.0	-0.0	Inf
HOMtex_f	3amac_c	-0.0	-1.599995333688753	0.0	-0.0	Inf
HOMtex_f	LalaDgluMdap_c	-0.0	-0.009261960013421172	0.0	-0.0	Inf
HOMtex_f	ac_c	-0.0	-1.0643864579233195	0.4023042316017609	-0.0	0.0
HOMtex_f	acald_c	-0.0	-1.0643864579233195	0.4023042316017609	-0.0	0.0
HOMtex_f	acetol_c	-0.0	0.0	8.678605576758837	Inf	0.0
HOMtex_f	acgam_c	-0.0	-0.03149359715517458	0.0	-0.0	Inf
HOMtex_f	acgam6p_c	-0.0	-0.03149359715517458	0.0	-0.0	Inf
HOMtex_f	acmalt_c	0.0	0.0	0.0	Inf	Inf
HOMtex_f	acmana_c	-0.0	-0.03149359715517458	0.0	-0.0	Inf
HOMtex_f	2dmmq8_c	-0.0	0.0	0.0	Inf	Inf
HOMtex_f	2dmmql8_c	0.0	0.0	0.0	Inf	Inf
HOMtex_f	ade_c	-0.0	-0.03639822295110662	0.0002229829872239371	-0.0	0.0
HOMtex_f	adn_c	-0.0	0.0	0.0002229829872239371	Inf	0.0
HOMtex_f	3sala_c	0.0	0.0	0.0	Inf	Inf
HOMtex_f	adphep_DD_c	-0.0	0.0	0.0	Inf	Inf
HOMtex_f	adphep_LD_c	-0.0	0.0	0.0	Inf	Inf
HOMtex_f	4ahmmp_c	0.0	0.0	0.0	Inf	Inf
HOMtex_f	4crsol_c	-0.0	-999.9999256723376	7.432766240797904e-05	-0.0	0.0
HOMtex_f	2ohph_c	-0.0	-7.432766240797904e-05	0.13304830724041494	-0.0	0.0
HOMtex_f	2ombzl_c	-0.0	0.0	0.0	Inf	Inf
HOMtex_f	2omhmbl_c	-0.0	0.0	0.0	Inf	Inf
HOMtex_f	2ommbl_c	-0.0	0.0	0.0	Inf	Inf
HOMtex_f	2omph_c	-0.0	0.0	0.13304830724041494	Inf	0.0
HOMtex_f	4mhetz_c	0.0	0.0	0.0	Inf	Inf
HOMtex_f	2oph_c	-0.0	-7.432766240797904e-05	0.13304830724041494	-0.0	0.0
HOMtex_f	2oxpaccoa_c	-0.0	-0.00019198535301256925	0.0	-0.0	Inf
HOMtex_f	all__D_c	-0.0	-74.23228302458023	0.0	-0.0	Inf
HOMtex_f	alltn_c	-0.0	0.0	0.0	Inf	Inf
HOMtex_f	4r5au_c	-0.0	-0.00014865532474048635	0.10000116657781177	-0.0	0.0
HOMtex_f	56dura_c	0.0	0.0	0.0	Inf	Inf
HOMtex_f	arab__L_c	-0.0	-89.07873962949628	0.0	-0.0	Inf
HOMtex_f	etoh_c	-0.0	-1000.0	0.0	-0.0	Inf
HOMtex_f	csn_c	-0.0	0.0	0.06029706622461997	Inf	0.0
HOMtex_f	fald_c	-0.0	0.0	0.0	Inf	Inf
HOMtex_f	fc1p_c	-0.0	-0.23659235628804254	0.0	-0.0	Inf
HOMtex_f	fcl__L_c	-0.0	0.0	0.0	Inf	Inf
HOMtex_f	aso4_c	0.0	0.0	0.0	Inf	Inf
HOMtex_f	cyan_c	0.0	0.0	0.0	Inf	Inf
HOMtex_f	athtp_c	0.0	0.0	0.0	Inf	Inf
HOMtex_f	cytd_c	-0.0	0.0	0.0	Inf	Inf
HOMtex_f	dad_2_c	-0.0	-0.03639822295110662	0.0	-0.0	Inf
HOMtex_f	dad_5_c	-0.0	-0.03639822295110662	7.432766240797904e-05	-0.0	0.0
HOMtex_f	betald_c	0.0	0.0	0.0	Inf	Inf
HOMtex_f	btal_c	-0.0	-0.9348898565507398	0.0	-0.0	Inf
HOMtex_f	for_c	-0.0	-0.03639822295110662	0.0008176042864896865	-0.0	0.0
HOMtex_f	dcyt_c	-0.0	-0.008721334594471655	0.0	-0.0	Inf
HOMtex_f	fru_c	-0.0	-74.23228302458023	6.488152337012089	-0.0	0.0
HOMtex_f	ca2_c	-0.0	-0.0017348676360597892	999.9982651323639	-0.0	0.0
HOMtex_f	g3pe_c	-0.0	0.0	0.0	Inf	Inf
HOMtex_f	g3pi_c	0.0	0.0	0.0	Inf	Inf
HOMtex_f	cbm_c	-0.0	-1.599995333688753	0.0	-0.0	Inf
HOMtex_f	dha_c	-0.0	-148.46456604916045	0.0	-0.0	Inf
HOMtex_f	gal_c	-0.0	0.0	0.0	Inf	Inf
HOMtex_f	dhgly_c	-0.0	-7.432766240797904e-05	0.4000046663112471	-0.0	0.0
HOMtex_f	dhmptp_c	0.0	0.0	0.0	Inf	Inf
HOMtex_f	gcald_c	-0.0	-0.23659235628804254	0.0002229829874522693	-0.0	0.0
HOMtex_f	dhptd_c	-0.0	-59.11954169421938	0.00014865532481595807	-0.0	0.0
HOMtex_f	cechddd_c	-0.0	0.0	0.0	Inf	Inf
HOMtex_f	dhptdn_c	0.0	0.0	0.0	Inf	Inf
HOMtex_f	chol_c	0.0	0.0	0.0	Inf	Inf
HOMtex_f	chtbs6p_c	-0.0	0.0	0.0	Inf	Inf
HOMtex_f	dmbzid_c	0.0	0.0	0.0	Inf	Inf
HOMtex_f	dms_c	0.0	0.0	0.0	Inf	Inf
HOMtex_f	dmso_c	0.0	0.0	0.0	Inf	Inf
HOMtex_f	cl_c	-0.0	-0.0017348676360248022	999.9982651323639	-0.0	0.0
HOMtex_f	glc__D_c	-0.0	-74.23228302458023	6.488152337012089	-0.0	0.0
HOMtex_f	co2_c	-0.0	-943.6817274682016	56.31827253179836	-0.0	0.0
HOMtex_f	dscl_c	-0.0	-7.432766240797904e-05	0.05028802895022011	-0.0	0.0
HOMtex_f	dtdp4aaddg_c	-0.0	0.0	0.0	Inf	Inf
HOMtex_f	glyald_c	-0.0	-1000.0	0.0	-0.0	Inf
HOMtex_f	crn_c	-0.0	-1000.0	0.0	-0.0	Inf
HOMtex_f	duri_c	-0.0	-0.008721334594471655	0.0	-0.0	Inf
HOMtex_f	glyb_c	0.0	0.0	0.0	Inf	Inf
HOMtex_f	glyc_c	-0.0	-127.25534232785182	0.0	-0.0	Inf
HOMtex_f	dxyl_c	0.0	0.0	0.0	Inf	Inf
HOMtex_f	glycogen_c	-0.0	-74.23228302458023	0.0	-0.0	Inf
HOMtex_f	gmhep1p_c	-0.0	0.0	4.679978734893966	Inf	0.0
HOMtex_f	lipa_cold_c	-0.0	0.0	0.0	Inf	Inf
HOMtex_f	lipidA_c	-0.0	-0.0064848385641687895	0.01436800827149146	-0.0	0.0
HOMtex_f	malt_c	0.0	0.0	0.0	Inf	Inf
HOMtex_f	h2_c	-0.0	0.0	0.0	Inf	Inf
HOMtex_f	malthx_c	-0.0	0.0	0.0	Inf	Inf
HOMtex_f	maltpt_c	-0.0	0.0	0.0	Inf	Inf
HOMtex_f	malttr_c	-0.0	0.0	0.0	Inf	Inf
HOMtex_f	maltttr_c	-0.0	0.0	0.0	Inf	Inf
HOMtex_f	h2o2_c	-0.0	-109.2127523603624	0.0007592754027427873	-0.0	0.0
HOMtex_f	man_c	-0.0	0.0	0.0	Inf	Inf
HOMtex_f	mdhdhf_c	-0.0	-59.11954169421938	0.00014865532481595807	-0.0	0.0
HOMtex_f	melib_c	-0.0	0.0	0.0	Inf	Inf
HOMtex_f	meoh_c	-0.0	-1000.0	0.0	-0.0	Inf
HOMtex_f	pacald_c	-0.0	-1000.0	0.0	-0.0	Inf
HOMtex_f	metsox_S__L_c	-0.0	-0.03639822295110662	0.0	-0.0	Inf
HOMtex_f	mg2_c	-0.0	-0.0028914460600413367	999.9971085539399	-0.0	0.0
HOMtex_f	hhlipa_c	-0.0	0.0	0.0	Inf	Inf
HOMtex_f	pe120_c	-0.0	0.0	0.0	Inf	Inf
HOMtex_f	mobd_c	-0.0	-4.299671945773298e-05	71.36967570713296	-0.0	0.0
HOMtex_f	hlipa_c	-0.0	0.0	0.0	Inf	Inf
HOMtex_f	pg120_c	-0.0	0.0	0.0	Inf	Inf
HOMtex_f	mql8_c	0.0	0.0	0.0	Inf	Inf
HOMtex_f	mqn8_c	-0.0	0.0	0.0	Inf	Inf
HOMtex_f	mthgxl_c	-0.0	0.0	8.678605576758837	Inf	0.0
HOMtex_f	hqn_c	0.0	0.0	0.0	Inf	Inf
HOMtex_f	mththf_c	-0.0	-999.9998513446752	0.00014865532481595807	-0.0	0.0
HOMtex_f	n2o_c	-0.0	-1000.0	0.0	-0.0	Inf
HOMtex_f	na1_c	-0.0	0.0	0.0	Inf	Inf
HOMtex_f	nac_c	-0.0	0.0	0.0	Inf	Inf
HOMtex_f	ncam_c	-0.0	0.0	0.0	Inf	Inf
HOMtex_f	ni2_c	-0.0	-0.00010765845272545842	999.9998923415473	-0.0	0.0
HOMtex_f	no_c	-0.0	-1000.0	0.0	-0.0	Inf
HOMtex_f	indole_c	-0.0	-0.018946221140164806	0.4000046663112471	-0.0	0.0
HOMtex_f	no2_c	-0.0	-1000.0	0.0	-0.0	Inf
HOMtex_f	no3_c	0.0	0.0	0.0	Inf	Inf
HOMtex_f	inost_c	0.0	0.0	0.0	Inf	Inf
HOMtex_f	o2_c	-0.0	-54.6063761801812	945.3936238198188	-0.0	0.0
HOMtex_f	poaac_c	-0.0	-1.599995333688753	0.0	-0.0	Inf
HOMtex_f	ppal_c	-0.0	0.0	0.0	Inf	Inf
HOMtex_f	k_c	-0.0	-0.06505936954439755	285.4787028285318	-0.0	0.0
HOMtex_f	psclys_c	-0.0	0.0	0.0	Inf	Inf
HOMtex_f	lald__D_c	-0.0	0.0	8.678605576758837	Inf	0.0
HOMtex_f	lald__L_c	-0.0	-0.23659235628804254	0.0	-0.0	Inf
HOMtex_f	ura_c	-0.0	0.0	0.0	Inf	Inf
HOMtex_f	pydx_c	-0.0	0.0	0.4000046663112471	Inf	0.0
HOMtex_f	uracp_c	-0.0	-0.7999976668443765	0.0	-0.0	Inf
HOMtex_f	pydxn_c	-0.0	0.0	0.4000046663112471	Inf	0.0
HOMtex_f	urate_c	-0.0	0.0	0.0	Inf	Inf
HOMtex_f	q8_c	0.0	0.0	0.0	Inf	Inf
HOMtex_f	q8h2_c	-0.0	0.0	0.0	Inf	Inf
HOMtex_f	urea_c	-0.0	-1000.0	0.0	-0.0	Inf
HOMtex_f	uri_c	-0.0	0.0	0.0	Inf	Inf
HOMtex_f	rbflvrd_c	-0.0	0.0	0.01819911147555331	Inf	0.0
HOMtex_f	rbl__L_c	-0.0	-89.07873962949628	0.0	-0.0	Inf
HOMtex_f	rdmbzi_c	0.0	0.0	0.0	Inf	Inf
HOMtex_f	thptdn_c	0.0	0.0	0.0	Inf	Inf
HOMtex_f	xan_c	-0.0	0.0	0.0	Inf	Inf
HOMtex_f	rephaccoa_c	-0.0	-0.00019198535301256925	0.0	-0.0	Inf
HOMtex_f	rib__D_c	-0.0	0.0	7.136967570713298	Inf	0.0
HOMtex_f	xtsn_c	-0.0	0.0	0.0	Inf	Inf
HOMtex_f	rml_c	-0.0	-0.23659235628804254	0.0	-0.0	Inf
HOMtex_f	thym_c	-0.0	-285.4787028285318	0.0	-0.0	Inf
HOMtex_f	thymd_c	-0.0	-0.008721334594471655	0.0	-0.0	Inf
HOMtex_f	xu5p__L_c	-0.0	-0.32151913594657344	0.0	-0.0	Inf
HOMtex_f	rmn_c	-0.0	-0.23659235628804254	0.0	-0.0	Inf
HOMtex_f	xyl__D_c	0.0	0.0	0.0	Inf	Inf
HOMtex_f	tmao_c	0.0	0.0	0.0	Inf	Inf
HOMtex_f	xylu__D_c	-0.0	0.0	0.0	Inf	Inf
HOMtex_f	xylu__L_c	-0.0	-89.07873962949628	0.0	-0.0	Inf
HOMtex_f	12ppd__R_e	-0.0	-1000.0	0.0	-0.0	Inf
HOMtex_f	12ppd__S_e	-0.0	-1000.0	0.0	-0.0	Inf
HOMtex_f	tre_c	-0.0	-37.11614151229011	0.0	-0.0	Inf
HOMtex_f	seln_c	0.0	0.0	0.0	Inf	Inf
HOMtex_f	34dhpac_e	-0.0	-1000.0	0.0	-0.0	Inf
HOMtex_f	slnt_c	0.0	0.0	0.0	Inf	Inf
HOMtex_f	so2_c	0.0	0.0	0.0	Inf	Inf
HOMtex_f	so3_c	-0.0	-0.08261636334495286	16.792864872266577	-0.0	0.0
HOMtex_f	so4_c	-0.0	-0.08406225302892512	285.4787028285318	-0.0	0.0
HOMtex_f	4hoxpacd_e	-0.0	-1000.0	0.0	-0.0	Inf
HOMtex_f	5mtr_e	-0.0	-1000.0	0.0	-0.0	Inf
HOMtex_f	LalaDgluMdap_e	-0.0	-1000.0	0.0	-0.0	Inf
HOMtex_f	ac_e	-0.0	0.0	0.0	Inf	Inf
HOMtex_f	acald_e	-0.0	-1000.0	0.0	-0.0	Inf
HOMtex_f	acgal_e	-0.0	-1000.0	0.0	-0.0	Inf
HOMtex_f	acgam_e	-0.0	-1000.0	0.0	-0.0	Inf
HOMtex_f	acmana_e	-0.0	-1000.0	0.0	-0.0	Inf
HOMtex_f	tagur_c	-0.0	0.0	0.0	Inf	Inf
HOMtex_f	tartr__L_c	-0.0	-0.23659235628804254	0.0	-0.0	Inf
HOMtex_f	ade_e	-0.0	-1000.0	0.0	-0.0	Inf
HOMtex_f	adn_e	-0.0	-1000.0	0.0	-0.0	Inf
HOMtex_f	all__D_e	-0.0	-1000.0	0.0	-0.0	Inf
HOMtex_f	cl_e	-0.0	-0.0017348676360597892	999.9982651323639	-0.0	0.0
HOMtex_f	alltn_e	-0.0	0.0	0.0	Inf	Inf
HOMtex_f	cm_e	-0.0	-1000.0	0.0	-0.0	Inf
HOMtex_f	co2_e	-0.0	-943.6817274682016	56.31827253179836	-0.0	0.0
HOMtex_f	arab__L_e	-0.0	-1000.0	0.0	-0.0	Inf
HOMtex_f	arbt_e	-0.0	-1000.0	0.0	-0.0	Inf
HOMtex_f	unagamu_c	-0.0	0.0	0.11826516199147995	Inf	0.0
HOMtex_f	crn_e	-0.0	-1000.0	0.0	-0.0	Inf
HOMtex_f	csn_e	-0.0	-1000.0	0.0	-0.0	Inf
HOMtex_f	cyan_e	-0.0	-1000.0	0.0	-0.0	Inf
HOMtex_f	glyb_e	-0.0	-1000.0	0.0	-0.0	Inf
HOMtex_f	glyc_e	-0.0	-1000.0	0.0	-0.0	Inf
HOMtex_f	cytd_e	-0.0	-1000.0	0.0	-0.0	Inf
HOMtex_f	ca2_e	-0.0	-0.0017348676360597892	999.9982651323639	-0.0	0.0
HOMtex_f	dad_2_e	-0.0	-1000.0	0.0	-0.0	Inf
HOMtex_f	dcyt_e	-0.0	-1000.0	0.0	-0.0	Inf
HOMtex_f	chol_e	-0.0	-1000.0	0.0	-0.0	Inf
HOMtex_f	dha_e	-0.0	-1000.0	0.0	-0.0	Inf
HOMtex_f	ppal_e	-0.0	-1000.0	0.0	-0.0	Inf
HOMtex_f	h2_e	-0.0	-1000.0	0.0	-0.0	Inf
HOMtex_f	dms_e	-0.0	-1000.0	0.0	-0.0	Inf
HOMtex_f	dmso_e	-0.0	-1000.0	0.0	-0.0	Inf
HOMtex_f	h2o2_e	-0.0	-1000.0	0.0	-0.0	Inf
HOMtex_f	psclys_e	-0.0	-1000.0	0.0	-0.0	Inf
HOMtex_f	duri_e	-0.0	-1000.0	0.0	-0.0	Inf
HOMtex_f	pydx_e	-0.0	-1000.0	0.0	-0.0	Inf
HOMtex_f	pydxn_e	-0.0	-1000.0	0.0	-0.0	Inf
HOMtex_f	etoh_e	-0.0	-1000.0	0.0	-0.0	Inf
HOMtex_f	fald_e	-0.0	0.0	0.0	Inf	Inf
HOMtex_f	rib__D_e	-0.0	-1000.0	0.0	-0.0	Inf
HOMtex_f	rmn_e	-0.0	-1000.0	0.0	-0.0	Inf
HOMtex_f	indole_e	-0.0	-1000.0	0.0	-0.0	Inf
HOMtex_f	inost_e	-0.0	-1000.0	0.0	-0.0	Inf
HOMtex_f	sbt__D_e	-0.0	-0.9739240265380431	0.0	-0.0	Inf
HOMtex_f	k_e	-0.0	-0.06505936954442859	999.9349406304556	-0.0	0.0
HOMtex_f	for_e	-0.0	0.0	0.0008176042864896865	Inf	0.0
HOMtex_f	slnt_e	-0.0	0.0	1000.0	Inf	0.0
HOMtex_f	fru_e	-0.0	-1000.0	0.0	-0.0	Inf
HOMtex_f	so2_e	-0.0	-1000.0	0.0	-0.0	Inf
HOMtex_f	so3_e	-0.0	-1000.0	0.0	-0.0	Inf
HOMtex_f	so4_e	-0.0	-0.08406225302894654	999.915937746971	-0.0	0.0
HOMtex_f	lipa_cold_e	-0.0	-1000.0	0.0	-0.0	Inf
HOMtex_f	sucr_e	-0.0	-1000.0	0.0	-0.0	Inf
HOMtex_f	g3pe_e	-0.0	-1000.0	0.0	-0.0	Inf
HOMtex_f	malt_e	-0.0	-1000.0	0.0	-0.0	Inf
HOMtex_f	tartr__L_e	-0.0	-1000.0	0.0	-0.0	Inf
HOMtex_f	g3pi_e	-0.0	-1000.0	0.0	-0.0	Inf
HOMtex_f	malthx_e	-0.0	-1000.0	0.0	-0.0	Inf
HOMtex_f	maltpt_e	-0.0	-1000.0	0.0	-0.0	Inf
HOMtex_f	gal_e	-0.0	-1000.0	0.0	-0.0	Inf
HOMtex_f	gal_bD_e	-0.0	-1000.0	0.0	-0.0	Inf
HOMtex_f	malttr_e	-0.0	-1000.0	0.0	-0.0	Inf
HOMtex_f	maltttr_e	-0.0	-1000.0	0.0	-0.0	Inf
HOMtex_f	man_e	-0.0	-1000.0	0.0	-0.0	Inf
HOMtex_f	thym_e	-0.0	-1000.0	0.0	-0.0	Inf
HOMtex_f	thymd_e	-0.0	-1000.0	0.0	-0.0	Inf
HOMtex_f	galt_e	-0.0	-0.9739240265380431	0.0	-0.0	Inf
HOMtex_f	melib_e	-0.0	-1000.0	0.0	-0.0	Inf
HOMtex_f	meoh_e	-0.0	-1000.0	0.0	-0.0	Inf
HOMtex_f	tmao_e	-0.0	-1000.0	0.0	-0.0	Inf
HOMtex_f	tre_e	-0.0	-1000.0	0.0	-0.0	Inf
HOMtex_f	metsox_S__L_e	-0.0	-1000.0	0.0	-0.0	Inf
HOMtex_f	glc__D_e	-0.0	-74.23228302458023	6.639039600663533	-0.0	0.0
HOMtex_f	mg2_e	-0.0	-0.002891446060061753	999.9971085539399	-0.0	0.0
HOMtex_f	mnl_e	-0.0	-1000.0	0.0	-0.0	Inf
HOMtex_f	mobd_e	-0.0	-4.299671945773298e-05	999.9999570032805	-0.0	0.0
HOMtex_f	glyald_e	-0.0	-1000.0	0.0	-0.0	Inf
HOMtex_f	n2o_e	-0.0	-1000.0	0.0	-0.0	Inf
HOMtex_f	na1_e	-0.0	0.0	1000.0	Inf	0.0
HOMtex_f	nac_e	-0.0	-1000.0	0.0	-0.0	Inf
HOMtex_f	ni2_e	-0.0	-0.00010765845274818275	999.9998923415473	-0.0	0.0
HOMtex_f	no_e	-0.0	-1000.0	0.0	-0.0	Inf
HOMtex_f	no2_e	-0.0	-1000.0	0.0	-0.0	Inf
HOMtex_f	ura_e	-0.0	-1000.0	0.0	-0.0	Inf
HOMtex_f	no3_e	-0.0	-1000.0	0.0	-0.0	Inf
HOMtex_f	urea_e	-0.0	-1000.0	0.0	-0.0	Inf
HOMtex_f	novbcn_e	-0.0	-1000.0	0.0	-0.0	Inf
HOMtex_f	uri_e	-0.0	-1000.0	0.0	-0.0	Inf
HOMtex_f	o2_e	-0.0	-54.6063761801812	945.3936238198188	-0.0	0.0
HOMtex_f	xan_e	-0.0	0.0	0.0	Inf	Inf
HOMtex_f	xtsn_e	-0.0	-1000.0	0.0	-0.0	Inf
HOMtex_f	xyl__D_e	-0.0	-1000.0	0.0	-0.0	Inf
HOMtex_f	xylu__L_e	-0.0	-1000.0	0.0	-0.0	Inf
HOMtex_f	pacald_e	-0.0	-1000.0	0.0	-0.0	Inf
HOMtex_f	12dgr120_p	-0.0	0.0	0.0	Inf	Inf
HOMtex_f	12dgr140_p	-0.0	0.0	0.0	Inf	Inf
HOMtex_f	12dgr160_p	-0.0	-0.021269710533196297	0.0	-0.0	Inf
HOMtex_f	12dgr180_p	-0.0	0.0	0.0	Inf	Inf
HOMtex_f	12ppd__R_p	-0.0	-1000.0	0.0	-0.0	Inf
HOMtex_f	12ppd__S_p	-0.0	0.0	0.0	Inf	Inf
HOMtex_f	chol_p	-0.0	-1000.0	0.0	-0.0	Inf
HOMtex_f	cl_p	-0.0	-0.0017348676360597892	999.9982651323639	-0.0	0.0
HOMtex_f	34dhpac_p	-0.0	-1000.0	0.0	-0.0	Inf
HOMtex_f	cm_p	-0.0	0.0	0.0	Inf	Inf
HOMtex_f	4hoxpacd_p	-0.0	-1000.0	0.0	-0.0	Inf
HOMtex_f	co2_p	-0.0	-943.6817274682016	56.31827253179836	-0.0	0.0
HOMtex_f	5mtr_p	-0.0	-1000.0	0.0	-0.0	Inf
HOMtex_f	LalaDgluMdap_p	-0.0	-0.009261960013421172	0.0	-0.0	Inf
HOMtex_f	gal_p	-0.0	-1000.0	0.0	-0.0	Inf
HOMtex_f	ac_p	-0.0	0.0	0.0	Inf	Inf
HOMtex_f	crn_p	-0.0	-1000.0	0.0	-0.0	Inf
HOMtex_f	gal_bD_p	-0.0	-1000.0	0.0	-0.0	Inf
HOMtex_f	acald_p	-0.0	-1000.0	0.0	-0.0	Inf
HOMtex_f	acgal_p	-0.0	-1000.0	0.0	-0.0	Inf
HOMtex_f	csn_p	-0.0	0.0	0.0	Inf	Inf
HOMtex_f	acgam_p	-0.0	-1000.0	0.0	-0.0	Inf
HOMtex_f	galt_p	-0.0	-0.9739240265380431	0.0	-0.0	Inf
HOMtex_f	acmana_p	-0.0	-1000.0	0.0	-0.0	Inf
HOMtex_f	cyan_p	-0.0	0.0	0.0	Inf	Inf
HOMtex_f	ade_p	-0.0	-1000.0	0.0	-0.0	Inf
HOMtex_f	adn_p	-0.0	0.0	0.0002229829872239371	Inf	0.0
HOMtex_f	cytd_p	-0.0	0.0	0.0	Inf	Inf
HOMtex_f	glc__D_p	-0.0	-74.23228302458023	6.639039600663533	-0.0	0.0
HOMtex_f	dad_2_p	-0.0	-1000.0	0.0	-0.0	Inf
HOMtex_f	dcyt_p	-0.0	-1000.0	0.0	-0.0	Inf
HOMtex_f	all__D_p	-0.0	0.0	0.0	Inf	Inf
HOMtex_f	alltn_p	-0.0	0.0	0.0	Inf	Inf
HOMtex_f	dha_p	-0.0	-1000.0	0.0	-0.0	Inf
HOMtex_f	glyald_p	-0.0	-1000.0	0.0	-0.0	Inf
HOMtex_f	glyb_p	0.0	0.0	0.0	Inf	Inf
HOMtex_f	dms_p	-0.0	-1000.0	0.0	-0.0	Inf
HOMtex_f	glyc_p	-0.0	-127.25534232785182	0.0	-0.0	Inf
HOMtex_f	dmso_p	-0.0	-1000.0	0.0	-0.0	Inf
HOMtex_f	arab__L_p	-0.0	0.0	0.0	Inf	Inf
HOMtex_f	arbt_p	0.0	0.0	0.0	Inf	Inf
HOMtex_f	ca2_p	-0.0	-0.0017348676360597892	999.9982651323639	-0.0	0.0
HOMtex_f	duri_p	-0.0	-1000.0	0.0	-0.0	Inf
HOMtex_f	h2_p	-0.0	-1000.0	0.0	-0.0	Inf
HOMtex_f	h2o2_p	-0.0	-1000.0	0.0	-0.0	Inf
HOMtex_f	etoh_p	-0.0	-1000.0	0.0	-0.0	Inf
HOMtex_f	fald_p	-0.0	0.0	0.0	Inf	Inf
HOMtex_f	n2o_p	-0.0	-1000.0	0.0	-0.0	Inf
HOMtex_f	na1_p	-0.0	0.0	0.0	Inf	Inf
HOMtex_f	indole_p	-0.0	0.0	0.4000046663112471	Inf	0.0
HOMtex_f	nac_p	-0.0	-1000.0	0.0	-0.0	Inf
HOMtex_f	ni2_p	-0.0	-0.00010765845274818275	999.9998923415473	-0.0	0.0
HOMtex_f	inost_p	-0.0	-1000.0	0.0	-0.0	Inf
HOMtex_f	no_p	-0.0	-1000.0	0.0	-0.0	Inf
HOMtex_f	no2_p	-0.0	-1000.0	0.0	-0.0	Inf
HOMtex_f	for_p	-0.0	0.0	0.0008176042864896865	Inf	0.0
HOMtex_f	fru_p	-0.0	-1000.0	0.0	-0.0	Inf
HOMtex_f	no3_p	-0.0	0.0	0.0	Inf	Inf
HOMtex_f	k_p	-0.0	-0.06505936954442859	999.9349406304556	-0.0	0.0
HOMtex_f	novbcn_p	-0.0	0.0	0.0	Inf	Inf
HOMtex_f	o2_p	-0.0	-54.6063761801812	945.3936238198188	-0.0	0.0
HOMtex_f	lipa_cold_p	-0.0	-71.36967570713296	0.0	-0.0	Inf
HOMtex_f	g3pe_p	-0.0	0.0	0.0	Inf	Inf
HOMtex_f	g3pi_p	-0.0	0.0	0.0	Inf	Inf
HOMtex_f	so3_p	-0.0	-1000.0	0.0	-0.0	Inf
HOMtex_f	so4_p	-0.0	-0.08406225302892512	999.915937746971	-0.0	0.0
HOMtex_f	malt_p	0.0	0.0	0.0	Inf	Inf
HOMtex_f	malthx_p	0.0	0.0	0.0	Inf	Inf
HOMtex_f	maltpt_p	0.0	0.0	0.0	Inf	Inf
HOMtex_f	sucr_p	-0.0	-1000.0	0.0	-0.0	Inf
HOMtex_f	malttr_p	0.0	0.0	0.0	Inf	Inf
HOMtex_f	maltttr_p	0.0	0.0	0.0	Inf	Inf
HOMtex_f	pacald_p	-0.0	-1000.0	0.0	-0.0	Inf
HOMtex_f	man_p	-0.0	-1000.0	0.0	-0.0	Inf
HOMtex_f	tartr__L_p	-0.0	-1000.0	0.0	-0.0	Inf
HOMtex_f	pe120_p	-0.0	0.0	0.0	Inf	Inf
HOMtex_f	melib_p	-0.0	-1000.0	0.0	-0.0	Inf
HOMtex_f	meoh_p	-0.0	-1000.0	0.0	-0.0	Inf
HOMtex_f	thym_p	-0.0	-1000.0	0.0	-0.0	Inf
HOMtex_f	thymd_p	-0.0	-0.008721334594471655	0.0	-0.0	Inf
HOMtex_f	pg120_p	-0.0	0.0	0.0	Inf	Inf
HOMtex_f	metsox_S__L_p	-0.0	-1000.0	0.0	-0.0	Inf
HOMtex_f	tmao_p	-0.0	-1000.0	0.0	-0.0	Inf
HOMtex_f	mg2_p	-0.0	-0.0028914460600413367	999.9971085539399	-0.0	0.0
HOMtex_f	tre_p	-0.0	0.0	0.0	Inf	Inf
HOMtex_f	mnl_p	-0.0	0.0	0.0	Inf	Inf
HOMtex_f	mobd_p	-0.0	-4.299671945773298e-05	999.9999570032805	-0.0	0.0
HOMtex_f	ura_p	-0.0	-1000.0	0.0	-0.0	Inf
HOMtex_f	urea_p	-0.0	-1000.0	0.0	-0.0	Inf
HOMtex_f	uri_p	-0.0	0.0	0.0	Inf	Inf
HOMtex_f	xan_p	-0.0	0.0	0.0	Inf	Inf
HOMtex_f	xtsn_p	-0.0	0.0	0.0	Inf	Inf
HOMtex_f	xyl__D_p	-0.0	0.0	0.0	Inf	Inf
HOMtex_f	xylu__L_p	-0.0	-1000.0	0.0	-0.0	Inf
HOMtex_f	ppal_p	-0.0	-1000.0	0.0	-0.0	Inf
HOMtex_f	psclys_p	-0.0	-1000.0	0.0	-0.0	Inf
HOMtex_f	pydx_p	-0.0	0.0	0.0	Inf	Inf
HOMtex_f	pydxn_p	-0.0	0.0	0.0	Inf	Inf
HOMtex_f	rib__D_p	-0.0	-1000.0	0.0	-0.0	Inf
HOMtex_f	rmn_p	-0.0	-1000.0	0.0	-0.0	Inf
HOMtex_f	sbt__D_p	-0.0	-0.9739240265380431	0.0	-0.0	Inf
HOMtex_f	slnt_p	-0.0	0.0	0.0	Inf	Inf
HOMtex_f	so2_p	-0.0	-1000.0	0.0	-0.0	Inf
