Reaction	Metabolite	ShadowPrice	G-	G+	DecrementalShadowPrice	IncrementalShadowPrice
GLUt2rpp_f	12dgr120_c	-0.0	0.0	0.0	Inf	Inf
GLUt2rpp_f	12dgr140_c	-0.0	0.0	0.0	Inf	Inf
GLUt2rpp_f	12dgr160_c	-0.0	0.0	0.05297881375168087	Inf	0.0
GLUt2rpp_f	12dgr180_c	-0.0	0.0	0.0	Inf	Inf
GLUt2rpp_f	12ppd__R_c	-0.0	-1000.0	0.0	-0.0	Inf
GLUt2rpp_f	12ppd__S_c	-0.0	0.0	0.0	Inf	Inf
GLUt2rpp_f	5drib_c	-0.0	-999.9998111485068	0.00018885149323859566	-0.0	0.0
GLUt2rpp_f	5mta_c	-0.0	-0.09166347878135428	0.0	-0.0	Inf
GLUt2rpp_f	23dhacoa_c	-0.0	-0.00048345982395403553	0.0	-0.0	Inf
GLUt2rpp_f	5mtr_c	-0.0	-1000.0	0.0	-0.0	Inf
GLUt2rpp_f	3amac_c	-0.0	-7.718603937278544	0.0	-0.0	Inf
GLUt2rpp_f	LalaDgluMdap_c	-0.0	-0.023323579084951543	0.0	-0.0	Inf
GLUt2rpp_f	ac_c	-0.0	-1.266144753354638	1.3311676481640284	-0.0	0.0
GLUt2rpp_f	acald_c	-0.0	-1.266144753354638	1.0624399946958705	-0.0	0.0
GLUt2rpp_f	acetol_c	-0.0	0.0	0.6777634448921932	Inf	0.0
GLUt2rpp_f	acgam_c	-0.0	-0.07930755508055745	0.0	-0.0	Inf
GLUt2rpp_f	acgam6p_c	-0.0	-0.07930755508055745	0.0	-0.0	Inf
GLUt2rpp_f	acmalt_c	0.0	0.0	0.0	Inf	Inf
GLUt2rpp_f	acmana_c	-0.0	-0.07930755508055745	0.0	-0.0	Inf
GLUt2rpp_f	2dmmq8_c	-0.0	0.0	0.0	Inf	Inf
GLUt2rpp_f	2dmmql8_c	0.0	0.0	0.0	Inf	Inf
GLUt2rpp_f	ade_c	-0.0	-0.09166347878135428	0.0005648757997865905	-0.0	0.0
GLUt2rpp_f	adn_c	-0.0	-0.09166347878135428	0.0005648757997865905	-0.0	0.0
GLUt2rpp_f	3sala_c	0.0	0.0	0.0	Inf	Inf
GLUt2rpp_f	adphep_DD_c	-0.0	0.0	0.0	Inf	Inf
GLUt2rpp_f	adphep_LD_c	-0.0	0.0	0.0	Inf	Inf
GLUt2rpp_f	4ahmmp_c	0.0	0.0	0.0	Inf	Inf
GLUt2rpp_f	4crsol_c	-0.0	-999.9998128271867	0.00018717281329869704	-0.0	0.0
GLUt2rpp_f	2ohph_c	-0.0	-0.00018717281329869704	0.03954756519491671	-0.0	0.0
GLUt2rpp_f	2ombzl_c	-0.0	0.0	0.0	Inf	Inf
GLUt2rpp_f	2omhmbl_c	-0.0	0.0	0.0	Inf	Inf
GLUt2rpp_f	2ommbl_c	-0.0	0.0	0.0	Inf	Inf
GLUt2rpp_f	2omph_c	-0.0	0.0	0.03560713750339421	Inf	0.0
GLUt2rpp_f	4mhetz_c	0.0	0.0	0.0	Inf	Inf
GLUt2rpp_f	2oph_c	-0.0	-0.00018717281329869704	0.03958739154455912	-0.0	0.0
GLUt2rpp_f	2oxpaccoa_c	-0.0	-0.00048345982395403553	0.0	-0.0	Inf
GLUt2rpp_f	all__D_c	-0.0	-0.633072376677319	0.0	-0.0	Inf
GLUt2rpp_f	alltn_c	-0.0	-1.266144753354638	0.0	-0.0	Inf
GLUt2rpp_f	4r5au_c	-0.0	-0.00037434562784752754	0.23969682807162931	-0.0	0.0
GLUt2rpp_f	56dura_c	0.0	0.0	0.0	Inf	Inf
GLUt2rpp_f	arab__L_c	-0.0	-0.633072376677319	0.0	-0.0	Inf
GLUt2rpp_f	etoh_c	-0.0	-1000.0	0.0	-0.0	Inf
GLUt2rpp_f	csn_c	-0.0	0.0	0.12916434929684328	Inf	0.0
GLUt2rpp_f	fald_c	-0.0	0.0	0.0	Inf	Inf
GLUt2rpp_f	fc1p_c	-0.0	-0.11860377379300092	0.0	-0.0	Inf
GLUt2rpp_f	fcl__L_c	-0.0	0.0	0.0	Inf	Inf
GLUt2rpp_f	aso4_c	0.0	0.0	0.0	Inf	Inf
GLUt2rpp_f	cyan_c	0.0	0.0	0.0	Inf	Inf
GLUt2rpp_f	athtp_c	0.0	0.0	0.0	Inf	Inf
GLUt2rpp_f	cytd_c	-0.0	0.0	0.0	Inf	Inf
GLUt2rpp_f	dad_2_c	-0.0	-0.09166347878135428	0.0	-0.0	Inf
GLUt2rpp_f	dad_5_c	-0.0	-0.09166347878135428	0.00018885149323859566	-0.0	0.0
GLUt2rpp_f	betald_c	0.0	0.0	0.0	Inf	Inf
GLUt2rpp_f	btal_c	-0.0	-532.149506300406	0.0	-0.0	Inf
GLUt2rpp_f	for_c	-0.0	-0.09166347878135428	3.535782573907454	-0.0	0.0
GLUt2rpp_f	dcyt_c	-0.0	0.0	0.0	Inf	Inf
GLUt2rpp_f	fru_c	-0.0	0.0	0.4416885371207551	Inf	0.0
GLUt2rpp_f	ca2_c	-0.0	-0.004368764543642101	999.9956312354564	-0.0	0.0
GLUt2rpp_f	g3pe_c	-0.0	0.0	0.0	Inf	Inf
GLUt2rpp_f	g3pi_c	0.0	0.0	0.0	Inf	Inf
GLUt2rpp_f	cbm_c	-0.0	-3.859301968639272	0.0	-0.0	Inf
GLUt2rpp_f	dha_c	-0.0	-88.691584383401	0.0	-0.0	Inf
GLUt2rpp_f	gal_c	-0.0	0.0	0.0	Inf	Inf
GLUt2rpp_f	dhgly_c	-0.0	-0.00018717281329869704	0.15599317382439368	-0.0	0.0
GLUt2rpp_f	dhmptp_c	0.0	0.0	0.0	Inf	Inf
GLUt2rpp_f	gcald_c	-0.0	-1.266144753354638	0.0005615184400085127	-0.0	0.0
GLUt2rpp_f	dhptd_c	-0.0	-44.709942667185366	0.00037602430654799486	-0.0	0.0
GLUt2rpp_f	cechddd_c	-0.0	0.0	0.0	Inf	Inf
GLUt2rpp_f	dhptdn_c	0.0	0.0	0.0	Inf	Inf
GLUt2rpp_f	chol_c	0.0	0.0	0.0	Inf	Inf
GLUt2rpp_f	chtbs6p_c	-0.0	0.0	0.0	Inf	Inf
GLUt2rpp_f	dmbzid_c	0.0	0.0	0.0	Inf	Inf
GLUt2rpp_f	dms_c	0.0	0.0	0.0	Inf	Inf
GLUt2rpp_f	dmso_c	0.0	0.0	0.0	Inf	Inf
GLUt2rpp_f	cl_c	-0.0	-0.00436876454358618	999.9956312354564	-0.0	0.0
GLUt2rpp_f	glc__D_c	-0.0	-0.633072376677319	0.4416885371207551	-0.0	0.0
GLUt2rpp_f	co2_c	-0.0	-977.4535510717823	22.54644892821773	-0.0	0.0
GLUt2rpp_f	dscl_c	-0.0	-0.00018717281329869704	0.044721592495730614	-0.0	0.0
GLUt2rpp_f	dtdp4aaddg_c	-0.0	0.0	0.0	Inf	Inf
GLUt2rpp_f	glyald_c	-0.0	-1000.0	0.0	-0.0	Inf
GLUt2rpp_f	crn_c	-0.0	-1000.0	0.0	-0.0	Inf
GLUt2rpp_f	duri_c	-0.0	0.0	0.0	Inf	Inf
GLUt2rpp_f	glyb_c	0.0	0.0	0.0	Inf	Inf
GLUt2rpp_f	glyc_c	-0.0	-0.11669175734211325	0.0	-0.0	Inf
GLUt2rpp_f	dxyl_c	0.0	0.0	0.0	Inf	Inf
GLUt2rpp_f	glycogen_c	-0.0	-0.633072376677319	0.0	-0.0	Inf
GLUt2rpp_f	gmhep1p_c	-0.0	0.0	0.35098464110488575	Inf	0.0
GLUt2rpp_f	lipa_cold_c	-0.0	0.0	0.0	Inf	Inf
GLUt2rpp_f	lipidA_c	-0.0	-0.016330198455307254	0.02819962683195639	-0.0	0.0
GLUt2rpp_f	malt_c	0.0	0.0	0.0	Inf	Inf
GLUt2rpp_f	h2_c	-0.0	0.0	0.0	Inf	Inf
GLUt2rpp_f	malthx_c	-0.0	0.0	0.0	Inf	Inf
GLUt2rpp_f	maltpt_c	-0.0	0.0	0.0	Inf	Inf
GLUt2rpp_f	malttr_c	-0.0	0.0	0.0	Inf	Inf
GLUt2rpp_f	maltttr_c	-0.0	0.0	0.0	Inf	Inf
GLUt2rpp_f	h2o2_c	-0.0	-41.50747587738213	0.002099189264185952	-0.0	0.0
GLUt2rpp_f	man_c	-0.0	0.0	0.0	Inf	Inf
GLUt2rpp_f	mdhdhf_c	-0.0	-44.709942667185366	0.00037602430654799486	-0.0	0.0
GLUt2rpp_f	melib_c	-0.0	0.0	0.0	Inf	Inf
GLUt2rpp_f	meoh_c	-0.0	-999.99999832132	1.678679950600781e-06	-0.0	0.0
GLUt2rpp_f	pacald_c	-0.0	-1000.0	0.0	-0.0	Inf
GLUt2rpp_f	metsox_S__L_c	-0.0	-0.09166347878135428	0.0	-0.0	Inf
GLUt2rpp_f	mg2_c	-0.0	-0.007281274239289814	999.9927187257607	-0.0	0.0
GLUt2rpp_f	hhlipa_c	-0.0	0.0	0.0	Inf	Inf
GLUt2rpp_f	pe120_c	-0.0	0.0	0.0	Inf	Inf
GLUt2rpp_f	mobd_c	-0.0	-0.00010827485607478593	9.827569950936802	-0.0	0.0
GLUt2rpp_f	hlipa_c	-0.0	0.0	0.0	Inf	Inf
GLUt2rpp_f	pg120_c	-0.0	-0.058345878671056624	0.0	-0.0	Inf
GLUt2rpp_f	mql8_c	0.0	0.0	0.0	Inf	Inf
GLUt2rpp_f	mqn8_c	-0.0	0.0	0.0	Inf	Inf
GLUt2rpp_f	mthgxl_c	-0.0	0.0	0.7707898000734746	Inf	0.0
GLUt2rpp_f	hqn_c	0.0	0.0	0.0	Inf	Inf
GLUt2rpp_f	mththf_c	-0.0	-999.9996239756935	0.00037602430654799486	-0.0	0.0
GLUt2rpp_f	n2o_c	-0.0	-1000.0	0.0	-0.0	Inf
GLUt2rpp_f	na1_c	-0.0	0.0	0.0	Inf	Inf
GLUt2rpp_f	nac_c	-0.0	-0.001912016450887677	0.0	-0.0	Inf
GLUt2rpp_f	ncam_c	-0.0	-0.001912016450887677	0.0	-0.0	Inf
GLUt2rpp_f	ni2_c	-0.0	-0.00027110681025988015	999.9997288931897	-0.0	0.0
GLUt2rpp_f	no_c	-0.0	-1000.0	0.0	-0.0	Inf
GLUt2rpp_f	indole_c	-0.0	-0.04771060191182886	0.24879923926422282	-0.0	0.0
GLUt2rpp_f	no2_c	-0.0	-1000.0	0.0	-0.0	Inf
GLUt2rpp_f	no3_c	0.0	0.0	0.0	Inf	Inf
GLUt2rpp_f	inost_c	0.0	0.0	0.0	Inf	Inf
GLUt2rpp_f	o2_c	-0.0	-20.753737938691064	979.2462620613089	-0.0	0.0
GLUt2rpp_f	poaac_c	-0.0	-3.0238676772113235	0.0	-0.0	Inf
GLUt2rpp_f	ppal_c	-0.0	0.0	0.0	Inf	Inf
GLUt2rpp_f	k_c	-0.0	-0.1638332867543113	39.31027980374721	-0.0	0.0
GLUt2rpp_f	psclys_c	-0.0	0.0	0.0	Inf	Inf
GLUt2rpp_f	lald__D_c	-0.0	0.0	0.6777634448921932	Inf	0.0
GLUt2rpp_f	lald__L_c	-0.0	-0.633072376677319	0.0	-0.0	Inf
GLUt2rpp_f	ura_c	-0.0	-0.27764946535930846	0.0	-0.0	Inf
GLUt2rpp_f	pydx_c	-0.0	0.0	0.30007847178432984	Inf	0.0
GLUt2rpp_f	uracp_c	-0.0	-3.2758566503122672	0.0	-0.0	Inf
GLUt2rpp_f	pydxn_c	-0.0	0.0	0.2848571000271537	Inf	0.0
GLUt2rpp_f	urate_c	-0.0	-1.266144753354638	0.0	-0.0	Inf
GLUt2rpp_f	q8_c	0.0	0.0	0.0	Inf	Inf
GLUt2rpp_f	q8h2_c	-0.0	0.0	0.0	Inf	Inf
GLUt2rpp_f	urea_c	-0.0	-1000.0	0.0	-0.0	Inf
GLUt2rpp_f	uri_c	-0.0	-0.27764946535930846	0.0	-0.0	Inf
GLUt2rpp_f	rbflvrd_c	-0.0	0.0	0.04583173939067714	Inf	0.0
GLUt2rpp_f	rbl__L_c	-0.0	-0.633072376677319	0.0	-0.0	Inf
GLUt2rpp_f	rdmbzi_c	0.0	0.0	0.0	Inf	Inf
GLUt2rpp_f	thptdn_c	0.0	0.0	0.0	Inf	Inf
GLUt2rpp_f	xan_c	-0.0	0.0	0.0	Inf	Inf
GLUt2rpp_f	rephaccoa_c	-0.0	-0.00048345982395403553	0.0	-0.0	Inf
GLUt2rpp_f	rib__D_c	-0.0	0.0	0.49759847852844563	Inf	0.0
GLUt2rpp_f	xtsn_c	-0.0	0.0	0.0	Inf	Inf
GLUt2rpp_f	rml_c	-0.0	-0.11860377379300092	0.0	-0.0	Inf
GLUt2rpp_f	thym_c	-0.0	-39.31027980374721	0.0	-0.0	Inf
GLUt2rpp_f	thymd_c	-0.0	0.0	0.23680891448040486	Inf	0.0
GLUt2rpp_f	xu5p__L_c	-0.0	-0.633072376677319	0.0	-0.0	Inf
GLUt2rpp_f	rmn_c	-0.0	-0.11860377379300092	0.0	-0.0	Inf
GLUt2rpp_f	xyl__D_c	0.0	0.0	0.0	Inf	Inf
GLUt2rpp_f	tmao_c	0.0	0.0	0.0	Inf	Inf
GLUt2rpp_f	xylu__D_c	-0.0	0.0	0.0	Inf	Inf
GLUt2rpp_f	xylu__L_c	-0.0	-0.633072376677319	0.0	-0.0	Inf
GLUt2rpp_f	12ppd__R_e	-0.0	-1000.0	0.0	-0.0	Inf
GLUt2rpp_f	12ppd__S_e	-0.0	-1000.0	0.0	-0.0	Inf
GLUt2rpp_f	tre_c	-0.0	-0.3165361883386595	0.0	-0.0	Inf
GLUt2rpp_f	seln_c	0.0	0.0	0.0	Inf	Inf
GLUt2rpp_f	34dhpac_e	-0.0	-1000.0	0.0	-0.0	Inf
GLUt2rpp_f	slnt_c	0.0	0.0	0.0	Inf	Inf
GLUt2rpp_f	so2_c	0.0	0.0	0.0	Inf	Inf
GLUt2rpp_f	so3_c	-0.0	-0.20804887703255937	1.9655139901873604	-0.0	0.0
GLUt2rpp_f	so4_c	-0.0	-0.2116899338221856	39.31027980374721	-0.0	0.0
GLUt2rpp_f	4hoxpacd_e	-0.0	-1000.0	0.0	-0.0	Inf
GLUt2rpp_f	5mtr_e	-0.0	-1000.0	0.0	-0.0	Inf
GLUt2rpp_f	LalaDgluMdap_e	-0.0	-1000.0	0.0	-0.0	Inf
GLUt2rpp_f	ac_e	-0.0	0.0	0.0	Inf	Inf
GLUt2rpp_f	acald_e	-0.0	-1000.0	0.0	-0.0	Inf
GLUt2rpp_f	acgal_e	-0.0	-1000.0	0.0	-0.0	Inf
GLUt2rpp_f	acgam_e	-0.0	-1000.0	0.0	-0.0	Inf
GLUt2rpp_f	acmana_e	-0.0	-1000.0	0.0	-0.0	Inf
GLUt2rpp_f	tagur_c	-0.0	0.0	0.0	Inf	Inf
GLUt2rpp_f	tartr__L_c	-0.0	-0.633072376677319	0.0	-0.0	Inf
GLUt2rpp_f	ade_e	-0.0	-1000.0	0.0	-0.0	Inf
GLUt2rpp_f	adn_e	-0.0	-1000.0	0.0	-0.0	Inf
GLUt2rpp_f	all__D_e	-0.0	-1000.0	0.0	-0.0	Inf
GLUt2rpp_f	cl_e	-0.0	-0.004368764543642101	999.9956312354564	-0.0	0.0
GLUt2rpp_f	alltn_e	-0.0	0.0	0.0	Inf	Inf
GLUt2rpp_f	cm_e	-0.0	-1000.0	0.0	-0.0	Inf
GLUt2rpp_f	co2_e	-0.0	-977.4535510717823	22.54644892821773	-0.0	0.0
GLUt2rpp_f	arab__L_e	-0.0	-1000.0	0.0	-0.0	Inf
GLUt2rpp_f	arbt_e	-0.0	-1000.0	0.0	-0.0	Inf
GLUt2rpp_f	unagamu_c	-0.0	0.0	0.027110537795687728	Inf	0.0
GLUt2rpp_f	crn_e	-0.0	-1000.0	0.0	-0.0	Inf
GLUt2rpp_f	csn_e	-0.0	-1000.0	0.0	-0.0	Inf
GLUt2rpp_f	cyan_e	-0.0	-1000.0	0.0	-0.0	Inf
GLUt2rpp_f	glyb_e	-0.0	-1000.0	0.0	-0.0	Inf
GLUt2rpp_f	glyc_e	-0.0	-1000.0	0.0	-0.0	Inf
GLUt2rpp_f	cytd_e	-0.0	-1000.0	0.0	-0.0	Inf
GLUt2rpp_f	ca2_e	-0.0	-0.004368764543642101	999.9956312354564	-0.0	0.0
GLUt2rpp_f	dad_2_e	-0.0	-1000.0	0.0	-0.0	Inf
GLUt2rpp_f	dcyt_e	-0.0	-1000.0	0.0	-0.0	Inf
GLUt2rpp_f	chol_e	-0.0	-1000.0	0.0	-0.0	Inf
GLUt2rpp_f	dha_e	-0.0	-1000.0	0.0	-0.0	Inf
GLUt2rpp_f	ppal_e	-0.0	-1000.0	0.0	-0.0	Inf
GLUt2rpp_f	h2_e	-0.0	-1000.0	0.0	-0.0	Inf
GLUt2rpp_f	dms_e	-0.0	-1000.0	0.0	-0.0	Inf
GLUt2rpp_f	dmso_e	-0.0	-1000.0	0.0	-0.0	Inf
GLUt2rpp_f	h2o2_e	-0.0	-1000.0	0.0	-0.0	Inf
GLUt2rpp_f	psclys_e	-0.0	-1000.0	0.0	-0.0	Inf
GLUt2rpp_f	duri_e	-0.0	-1000.0	0.0	-0.0	Inf
GLUt2rpp_f	pydx_e	-0.0	-1000.0	0.0	-0.0	Inf
GLUt2rpp_f	pydxn_e	-0.0	-1000.0	0.0	-0.0	Inf
GLUt2rpp_f	etoh_e	-0.0	-1000.0	0.0	-0.0	Inf
GLUt2rpp_f	fald_e	-0.0	0.0	0.0	Inf	Inf
GLUt2rpp_f	rib__D_e	-0.0	-1000.0	0.0	-0.0	Inf
GLUt2rpp_f	rmn_e	-0.0	-1000.0	0.0	-0.0	Inf
GLUt2rpp_f	indole_e	-0.0	-1000.0	0.0	-0.0	Inf
GLUt2rpp_f	inost_e	-0.0	-1000.0	0.0	-0.0	Inf
GLUt2rpp_f	sbt__D_e	-0.0	-0.633072376677319	0.0	-0.0	Inf
GLUt2rpp_f	k_e	-0.0	-0.1638332867543113	999.8361667132457	-0.0	0.0
GLUt2rpp_f	for_e	-0.0	0.0	3.535782573907454	Inf	0.0
GLUt2rpp_f	slnt_e	-0.0	0.0	1000.0	Inf	0.0
GLUt2rpp_f	fru_e	-0.0	-1000.0	0.0	-0.0	Inf
GLUt2rpp_f	so2_e	-0.0	-1000.0	0.0	-0.0	Inf
GLUt2rpp_f	so3_e	-0.0	-1000.0	0.0	-0.0	Inf
GLUt2rpp_f	so4_e	-0.0	-0.2116899338221856	999.7883100661778	-0.0	0.0
GLUt2rpp_f	lipa_cold_e	-0.0	-1000.0	0.0	-0.0	Inf
GLUt2rpp_f	sucr_e	-0.0	-1000.0	0.0	-0.0	Inf
GLUt2rpp_f	g3pe_e	-0.0	-1000.0	0.0	-0.0	Inf
GLUt2rpp_f	malt_e	-0.0	-1000.0	0.0	-0.0	Inf
GLUt2rpp_f	tartr__L_e	-0.0	-1000.0	0.0	-0.0	Inf
GLUt2rpp_f	g3pi_e	-0.0	-1000.0	0.0	-0.0	Inf
GLUt2rpp_f	malthx_e	-0.0	-1000.0	0.0	-0.0	Inf
GLUt2rpp_f	maltpt_e	-0.0	-1000.0	0.0	-0.0	Inf
GLUt2rpp_f	gal_e	-0.0	-1000.0	0.0	-0.0	Inf
GLUt2rpp_f	gal_bD_e	-0.0	-1000.0	0.0	-0.0	Inf
GLUt2rpp_f	malttr_e	-0.0	-1000.0	0.0	-0.0	Inf
GLUt2rpp_f	maltttr_e	-0.0	-1000.0	0.0	-0.0	Inf
GLUt2rpp_f	man_e	-0.0	-1000.0	0.0	-0.0	Inf
GLUt2rpp_f	thym_e	-0.0	-1000.0	0.0	-0.0	Inf
GLUt2rpp_f	thymd_e	-0.0	-1000.0	0.0	-0.0	Inf
GLUt2rpp_f	galt_e	-0.0	-0.11860377379300092	0.0	-0.0	Inf
GLUt2rpp_f	melib_e	-0.0	-1000.0	0.0	-0.0	Inf
GLUt2rpp_f	meoh_e	-0.0	-999.99999832132	1.678679950600781e-06	-0.0	0.0
GLUt2rpp_f	tmao_e	-0.0	-1000.0	0.0	-0.0	Inf
GLUt2rpp_f	tre_e	-0.0	-1000.0	0.0	-0.0	Inf
GLUt2rpp_f	metsox_S__L_e	-0.0	-1000.0	0.0	-0.0	Inf
GLUt2rpp_f	glc__D_e	-0.0	-0.633072376677319	0.4467077250425819	-0.0	0.0
GLUt2rpp_f	mg2_e	-0.0	-0.007281274239289814	999.9927187257607	-0.0	0.0
GLUt2rpp_f	mnl_e	-0.0	-1000.0	0.0	-0.0	Inf
GLUt2rpp_f	mobd_e	-0.0	-0.00010827485607478593	999.9998917251439	-0.0	0.0
GLUt2rpp_f	glyald_e	-0.0	-1000.0	0.0	-0.0	Inf
GLUt2rpp_f	n2o_e	-0.0	-1000.0	0.0	-0.0	Inf
GLUt2rpp_f	na1_e	-0.0	0.0	1000.0	Inf	0.0
GLUt2rpp_f	nac_e	-0.0	-1000.0	0.0	-0.0	Inf
GLUt2rpp_f	ni2_e	-0.0	-0.00027110681025988015	999.9997288931897	-0.0	0.0
GLUt2rpp_f	no_e	-0.0	-1000.0	0.0	-0.0	Inf
GLUt2rpp_f	no2_e	-0.0	-1000.0	0.0	-0.0	Inf
GLUt2rpp_f	ura_e	-0.0	-1000.0	0.0	-0.0	Inf
GLUt2rpp_f	no3_e	-0.0	-1000.0	0.0	-0.0	Inf
GLUt2rpp_f	urea_e	-0.0	-1000.0	0.0	-0.0	Inf
GLUt2rpp_f	novbcn_e	-0.0	-1000.0	0.0	-0.0	Inf
GLUt2rpp_f	uri_e	-0.0	-1000.0	0.0	-0.0	Inf
GLUt2rpp_f	o2_e	-0.0	-20.753737938691074	979.2462620613089	-0.0	0.0
GLUt2rpp_f	xan_e	-0.0	0.0	0.0	Inf	Inf
GLUt2rpp_f	xtsn_e	-0.0	-1000.0	0.0	-0.0	Inf
GLUt2rpp_f	xyl__D_e	-0.0	-1000.0	0.0	-0.0	Inf
GLUt2rpp_f	xylu__L_e	-0.0	-1000.0	0.0	-0.0	Inf
GLUt2rpp_f	pacald_e	-0.0	-1000.0	0.0	-0.0	Inf
GLUt2rpp_f	12dgr120_p	-0.0	0.0	0.0	Inf	Inf
GLUt2rpp_f	12dgr140_p	-0.0	0.0	0.0	Inf	Inf
GLUt2rpp_f	12dgr160_p	-0.0	0.0	0.0	Inf	Inf
GLUt2rpp_f	12dgr180_p	-0.0	0.0	0.0	Inf	Inf
GLUt2rpp_f	12ppd__R_p	-0.0	-1000.0	0.0	-0.0	Inf
GLUt2rpp_f	12ppd__S_p	-0.0	0.0	0.0	Inf	Inf
GLUt2rpp_f	chol_p	-0.0	-1000.0	0.0	-0.0	Inf
GLUt2rpp_f	cl_p	-0.0	-0.004368764543642101	999.9956312354564	-0.0	0.0
GLUt2rpp_f	34dhpac_p	-0.0	-1000.0	0.0	-0.0	Inf
GLUt2rpp_f	cm_p	-0.0	0.0	0.0	Inf	Inf
GLUt2rpp_f	4hoxpacd_p	-0.0	-1000.0	0.0	-0.0	Inf
GLUt2rpp_f	co2_p	-0.0	-977.4535510717823	22.54644892821773	-0.0	0.0
GLUt2rpp_f	5mtr_p	-0.0	-1000.0	0.0	-0.0	Inf
GLUt2rpp_f	LalaDgluMdap_p	-0.0	-0.023323579084951543	0.0	-0.0	Inf
GLUt2rpp_f	gal_p	-0.0	-1000.0	0.0	-0.0	Inf
GLUt2rpp_f	ac_p	-0.0	-1.266144753354638	0.0	-0.0	Inf
GLUt2rpp_f	crn_p	-0.0	-1000.0	0.0	-0.0	Inf
GLUt2rpp_f	gal_bD_p	-0.0	-1000.0	0.0	-0.0	Inf
GLUt2rpp_f	acald_p	-0.0	-1000.0	0.0	-0.0	Inf
GLUt2rpp_f	acgal_p	-0.0	-1000.0	0.0	-0.0	Inf
GLUt2rpp_f	csn_p	-0.0	0.0	0.0	Inf	Inf
GLUt2rpp_f	acgam_p	-0.0	-1000.0	0.0	-0.0	Inf
GLUt2rpp_f	galt_p	-0.0	-0.11860377379300092	0.0	-0.0	Inf
GLUt2rpp_f	acmana_p	-0.0	-1000.0	0.0	-0.0	Inf
GLUt2rpp_f	cyan_p	-0.0	0.0	0.0	Inf	Inf
GLUt2rpp_f	ade_p	-0.0	-1000.0	0.0	-0.0	Inf
GLUt2rpp_f	adn_p	-0.0	0.0	0.0005648757997865905	Inf	0.0
GLUt2rpp_f	cytd_p	-0.0	0.0	0.0	Inf	Inf
GLUt2rpp_f	glc__D_p	-0.0	-0.633072376677319	0.4467077250425819	-0.0	0.0
GLUt2rpp_f	dad_2_p	-0.0	-1000.0	0.0	-0.0	Inf
GLUt2rpp_f	dcyt_p	-0.0	-1000.0	0.0	-0.0	Inf
GLUt2rpp_f	all__D_p	-0.0	0.0	0.0	Inf	Inf
GLUt2rpp_f	alltn_p	-0.0	0.0	0.0	Inf	Inf
GLUt2rpp_f	dha_p	-0.0	-1000.0	0.0	-0.0	Inf
GLUt2rpp_f	glyald_p	-0.0	-1000.0	0.0	-0.0	Inf
GLUt2rpp_f	glyb_p	0.0	0.0	0.0	Inf	Inf
GLUt2rpp_f	dms_p	-0.0	-1000.0	0.0	-0.0	Inf
GLUt2rpp_f	glyc_p	-0.0	-0.11669175734211325	0.0	-0.0	Inf
GLUt2rpp_f	dmso_p	-0.0	-1000.0	0.0	-0.0	Inf
GLUt2rpp_f	arab__L_p	-0.0	0.0	0.0	Inf	Inf
GLUt2rpp_f	arbt_p	0.0	0.0	0.0	Inf	Inf
GLUt2rpp_f	ca2_p	-0.0	-0.004368764543642101	999.9956312354564	-0.0	0.0
GLUt2rpp_f	duri_p	-0.0	-1000.0	0.0	-0.0	Inf
GLUt2rpp_f	h2_p	-0.0	-1000.0	0.0	-0.0	Inf
GLUt2rpp_f	h2o2_p	-0.0	-1000.0	0.0	-0.0	Inf
GLUt2rpp_f	etoh_p	-0.0	-1000.0	0.0	-0.0	Inf
GLUt2rpp_f	fald_p	-0.0	0.0	0.0	Inf	Inf
GLUt2rpp_f	n2o_p	-0.0	-1000.0	0.0	-0.0	Inf
GLUt2rpp_f	na1_p	-0.0	0.0	0.0	Inf	Inf
GLUt2rpp_f	indole_p	-0.0	0.0	0.2503839477945682	Inf	0.0
GLUt2rpp_f	nac_p	-0.0	-1000.0	0.0	-0.0	Inf
GLUt2rpp_f	ni2_p	-0.0	-0.00027110681025988015	999.9997288931897	-0.0	0.0
GLUt2rpp_f	inost_p	-0.0	-1000.0	0.0	-0.0	Inf
GLUt2rpp_f	no_p	-0.0	-1000.0	0.0	-0.0	Inf
GLUt2rpp_f	no2_p	-0.0	-1000.0	0.0	-0.0	Inf
GLUt2rpp_f	for_p	-0.0	0.0	3.535782573907454	Inf	0.0
GLUt2rpp_f	fru_p	-0.0	-1000.0	0.0	-0.0	Inf
GLUt2rpp_f	no3_p	-0.0	0.0	0.0	Inf	Inf
GLUt2rpp_f	k_p	-0.0	-0.1638332867543113	999.8361667132457	-0.0	0.0
GLUt2rpp_f	novbcn_p	-0.0	0.0	0.0	Inf	Inf
GLUt2rpp_f	o2_p	-0.0	-20.753737938691074	979.2462620613089	-0.0	0.0
GLUt2rpp_f	lipa_cold_p	-0.0	-9.827569950936802	0.0	-0.0	Inf
GLUt2rpp_f	g3pe_p	-0.0	0.0	0.0	Inf	Inf
GLUt2rpp_f	g3pi_p	-0.0	0.0	0.0	Inf	Inf
GLUt2rpp_f	so3_p	-0.0	-1000.0	0.0	-0.0	Inf
GLUt2rpp_f	so4_p	-0.0	-0.2116899338221856	999.7883100661778	-0.0	0.0
GLUt2rpp_f	malt_p	0.0	0.0	0.0	Inf	Inf
GLUt2rpp_f	malthx_p	0.0	0.0	0.0	Inf	Inf
GLUt2rpp_f	maltpt_p	0.0	0.0	0.0	Inf	Inf
GLUt2rpp_f	sucr_p	-0.0	-1000.0	0.0	-0.0	Inf
GLUt2rpp_f	malttr_p	0.0	0.0	0.0	Inf	Inf
GLUt2rpp_f	maltttr_p	0.0	0.0	0.0	Inf	Inf
GLUt2rpp_f	pacald_p	-0.0	-1000.0	0.0	-0.0	Inf
GLUt2rpp_f	man_p	-0.0	-1000.0	0.0	-0.0	Inf
GLUt2rpp_f	tartr__L_p	-0.0	-1000.0	0.0	-0.0	Inf
GLUt2rpp_f	pe120_p	-0.0	0.0	0.0	Inf	Inf
GLUt2rpp_f	melib_p	-0.0	-1000.0	0.0	-0.0	Inf
GLUt2rpp_f	meoh_p	-0.0	-999.99999832132	1.678679950600781e-06	-0.0	0.0
GLUt2rpp_f	thym_p	-0.0	-1000.0	0.0	-0.0	Inf
GLUt2rpp_f	thymd_p	-0.0	0.0	0.0	Inf	Inf
GLUt2rpp_f	pg120_p	-0.0	-0.058345878671056624	0.0	-0.0	Inf
GLUt2rpp_f	metsox_S__L_p	-0.0	-1000.0	0.0	-0.0	Inf
GLUt2rpp_f	tmao_p	-0.0	-1000.0	0.0	-0.0	Inf
GLUt2rpp_f	mg2_p	-0.0	-0.007281274239289814	999.9927187257607	-0.0	0.0
GLUt2rpp_f	tre_p	-0.0	0.0	0.0	Inf	Inf
GLUt2rpp_f	mnl_p	-0.0	0.0	0.0	Inf	Inf
GLUt2rpp_f	mobd_p	-0.0	-0.00010827485607478593	999.9998917251439	-0.0	0.0
GLUt2rpp_f	ura_p	-0.0	-1000.0	0.0	-0.0	Inf
GLUt2rpp_f	urea_p	-0.0	-1000.0	0.0	-0.0	Inf
GLUt2rpp_f	uri_p	-0.0	-0.27764946535930846	0.0	-0.0	Inf
GLUt2rpp_f	xan_p	-0.0	0.0	0.0	Inf	Inf
GLUt2rpp_f	xtsn_p	-0.0	0.0	0.0	Inf	Inf
GLUt2rpp_f	xyl__D_p	-0.0	0.0	0.0	Inf	Inf
GLUt2rpp_f	xylu__L_p	-0.0	-1000.0	0.0	-0.0	Inf
GLUt2rpp_f	ppal_p	-0.0	-1000.0	0.0	-0.0	Inf
GLUt2rpp_f	psclys_p	-0.0	-1000.0	0.0	-0.0	Inf
GLUt2rpp_f	pydx_p	-0.0	0.0	0.0	Inf	Inf
GLUt2rpp_f	pydxn_p	-0.0	0.0	0.0	Inf	Inf
GLUt2rpp_f	rib__D_p	-0.0	-1000.0	0.0	-0.0	Inf
GLUt2rpp_f	rmn_p	-0.0	-1000.0	0.0	-0.0	Inf
GLUt2rpp_f	sbt__D_p	-0.0	-0.633072376677319	0.0	-0.0	Inf
GLUt2rpp_f	slnt_p	-0.0	0.0	0.0	Inf	Inf
GLUt2rpp_f	so2_p	-0.0	-1000.0	0.0	-0.0	Inf
