Reaction	Metabolite	ShadowPrice	G-	G+	DecrementalShadowPrice	IncrementalShadowPrice
INStex_f	12dgr120_c	-0.0	0.0	0.0	Inf	Inf
INStex_f	12dgr140_c	-0.0	0.0	0.0	Inf	Inf
INStex_f	12dgr160_c	-0.0	-0.053561640842345534	0.0	-0.0	Inf
INStex_f	12dgr180_c	-0.0	0.0	0.0	Inf	Inf
INStex_f	12ppd__R_c	-0.0	-1000.0	0.0	-0.0	Inf
INStex_f	12ppd__S_c	-0.0	0.0	0.4529300833804124	Inf	0.0
INStex_f	5drib_c	-0.0	-999.9998111485068	0.00018885149323859566	-0.0	0.0
INStex_f	5mta_c	-0.0	0.0	0.0	Inf	Inf
INStex_f	23dhacoa_c	-0.0	-0.0004834598230445408	0.0	-0.0	Inf
INStex_f	5mtr_c	-0.0	0.0	0.0	Inf	Inf
INStex_f	3amac_c	-0.0	-5.435161000564949	0.0	-0.0	Inf
INStex_f	LalaDgluMdap_c	-0.0	-0.023323579084951543	0.0	-0.0	Inf
INStex_f	ac_c	-0.0	-1.0955379930128402	0.4889793223335088	-0.0	0.0
INStex_f	acald_c	-0.0	-1.0955379930128402	0.8235092425098408	-0.0	0.0
INStex_f	acetol_c	-0.0	0.0	0.5127510377891461	Inf	0.0
INStex_f	acgam_c	-0.0	-0.07930755508055745	0.0	-0.0	Inf
INStex_f	acgam6p_c	-0.0	-0.07930755508055745	0.0	-0.0	Inf
INStex_f	acmalt_c	0.0	0.0	0.0	Inf	Inf
INStex_f	acmana_c	-0.0	-0.07930755508055745	0.0	-0.0	Inf
INStex_f	2dmmq8_c	-0.0	0.0	0.0	Inf	Inf
INStex_f	2dmmql8_c	0.0	0.0	0.0	Inf	Inf
INStex_f	ade_c	-0.0	-0.09166347877794494	0.0005648757997865905	-0.0	0.0
INStex_f	adn_c	-0.0	-0.09166347877794494	0.0005648757997865905	-0.0	0.0
INStex_f	3sala_c	0.0	0.0	0.0	Inf	Inf
INStex_f	adphep_DD_c	-0.0	0.0	0.0	Inf	Inf
INStex_f	adphep_LD_c	-0.0	0.0	0.0	Inf	Inf
INStex_f	4ahmmp_c	0.0	0.0	0.0	Inf	Inf
INStex_f	4crsol_c	-0.0	-999.9998128271867	0.00018717281329869704	-0.0	0.0
INStex_f	2ohph_c	-0.0	-0.00018717281329869704	0.03193396592576351	-0.0	0.0
INStex_f	2ombzl_c	-0.0	0.0	0.0	Inf	Inf
INStex_f	2omhmbl_c	-0.0	0.0	0.0	Inf	Inf
INStex_f	2ommbl_c	0.0	0.0	0.0	Inf	Inf
INStex_f	2omph_c	-0.0	0.0	0.028546013658429355	Inf	0.0
INStex_f	4mhetz_c	0.0	0.0	0.0	Inf	Inf
INStex_f	2oph_c	-0.0	-0.00018717281329869704	0.03197153529744088	-0.0	0.0
INStex_f	2oxpaccoa_c	-0.0	-0.0004834598230445408	0.0	-0.0	Inf
INStex_f	all__D_c	-0.0	-0.5477689965064201	0.0	-0.0	Inf
INStex_f	alltn_c	-0.0	-1.0955379930128402	0.0	-0.0	Inf
INStex_f	4r5au_c	-0.0	-0.0003743456272786716	0.17646626625210873	-0.0	0.0
INStex_f	56dura_c	0.0	0.0	0.0	Inf	Inf
INStex_f	arab__L_c	-0.0	-0.5477689965064201	0.0	-0.0	Inf
INStex_f	etoh_c	-0.0	-1000.0	0.0	-0.0	Inf
INStex_f	csn_c	-0.0	-0.27764946535929846	0.0	-0.0	Inf
INStex_f	fald_c	-0.0	0.0	0.0	Inf	Inf
INStex_f	fc1p_c	-0.0	0.0	0.0	Inf	Inf
INStex_f	fcl__L_c	-0.0	0.0	0.0	Inf	Inf
INStex_f	aso4_c	0.0	0.0	0.0	Inf	Inf
INStex_f	cyan_c	0.0	0.0	0.0	Inf	Inf
INStex_f	athtp_c	0.0	0.0	0.0	Inf	Inf
INStex_f	cytd_c	-0.0	-0.134735048676111	0.0	-0.0	Inf
INStex_f	dad_2_c	-0.0	-0.09166347877794494	0.0	-0.0	Inf
INStex_f	dad_5_c	-0.0	-0.09166347877794494	0.00018885149323859566	-0.0	0.0
INStex_f	betald_c	0.0	0.0	0.0	Inf	Inf
INStex_f	btal_c	-0.0	-531.3115619129006	0.0	-0.0	Inf
INStex_f	for_c	-0.0	-0.09166347877794494	3.4691817866350902	-0.0	0.0
INStex_f	dcyt_c	-0.0	0.0	0.0	Inf	Inf
INStex_f	fru_c	-0.0	0.0	0.0	Inf	Inf
INStex_f	ca2_c	-0.0	-0.004368764543642101	999.9956312354564	-0.0	0.0
INStex_f	g3pe_c	-0.0	-0.11669175734211325	0.0	-0.0	Inf
INStex_f	g3pi_c	0.0	0.0	0.0	Inf	Inf
INStex_f	cbm_c	-0.0	-3.8593019686182757	0.0	-0.0	Inf
INStex_f	dha_c	-0.0	-88.55192698548345	0.0	-0.0	Inf
INStex_f	gal_c	-0.0	0.0	0.0	Inf	Inf
INStex_f	dhgly_c	-0.0	-0.00018717281329869704	0.11713709052941701	-0.0	0.0
INStex_f	dhmptp_c	0.0	0.0	0.0	Inf	Inf
INStex_f	gcald_c	-0.0	-1.0955379930128402	0.0005615184400085127	-0.0	0.0
INStex_f	dhptd_c	-0.0	-44.70994266717628	0.00037602430654799486	-0.0	0.0
INStex_f	cechddd_c	-0.0	0.0	0.0	Inf	Inf
INStex_f	dhptdn_c	0.0	0.0	0.0	Inf	Inf
INStex_f	chol_c	0.0	0.0	0.0	Inf	Inf
INStex_f	chtbs6p_c	-0.0	0.0	0.0	Inf	Inf
INStex_f	dmbzid_c	0.0	0.0	0.0	Inf	Inf
INStex_f	dms_c	0.0	0.0	0.0	Inf	Inf
INStex_f	dmso_c	0.0	0.0	0.0	Inf	Inf
INStex_f	cl_c	-0.0	-0.00436876454358618	999.9956312354564	-0.0	0.0
INStex_f	glc__D_c	-0.0	-0.5477689965064201	0.0	-0.0	Inf
INStex_f	co2_c	-0.0	-977.4535510717227	22.5464489282773	-0.0	0.0
INStex_f	dscl_c	-0.0	-0.00018717281329869704	0.034443352348320334	-0.0	0.0
INStex_f	dtdp4aaddg_c	-0.0	0.0	0.0	Inf	Inf
INStex_f	glyald_c	-0.0	-1000.0	0.0	-0.0	Inf
INStex_f	crn_c	-0.0	-1000.0	0.0	-0.0	Inf
INStex_f	duri_c	-0.0	0.0	0.0	Inf	Inf
INStex_f	glyb_c	0.0	0.0	0.0	Inf	Inf
INStex_f	glyc_c	-0.0	-0.11669175734211325	0.0	-0.0	Inf
INStex_f	dxyl_c	0.0	0.0	0.0	Inf	Inf
INStex_f	glycogen_c	-0.0	-0.5477689965064201	0.0	-0.0	Inf
INStex_f	gmhep1p_c	-0.0	0.0	0.2539794860077079	Inf	0.0
INStex_f	lipa_cold_c	-0.0	0.0	0.0	Inf	Inf
INStex_f	lipidA_c	-0.0	-0.016330198455307254	0.021364626574547754	-0.0	0.0
INStex_f	malt_c	0.0	0.0	0.0	Inf	Inf
INStex_f	h2_c	-0.0	0.0	0.0	Inf	Inf
INStex_f	malthx_c	-0.0	0.0	0.0	Inf	Inf
INStex_f	maltpt_c	-0.0	0.0	0.0	Inf	Inf
INStex_f	malttr_c	-0.0	0.0	0.0	Inf	Inf
INStex_f	maltttr_c	-0.0	0.0	0.0	Inf	Inf
INStex_f	h2o2_c	-0.0	-41.507475877485795	0.0019120164506603032	-0.0	0.0
INStex_f	man_c	-0.0	0.0	0.0	Inf	Inf
INStex_f	mdhdhf_c	-0.0	-44.70994266717628	0.00037602430654799486	-0.0	0.0
INStex_f	melib_c	-0.0	0.0	0.0	Inf	Inf
INStex_f	meoh_c	-0.0	-999.99999832132	1.678679950600781e-06	-0.0	0.0
INStex_f	pacald_c	-0.0	-1000.0	0.0	-0.0	Inf
INStex_f	metsox_S__L_c	-0.0	-0.09166347877794494	0.0	-0.0	Inf
INStex_f	mg2_c	-0.0	-0.007281274239289814	999.9927187257607	-0.0	0.0
INStex_f	hhlipa_c	-0.0	0.0	0.0	Inf	Inf
INStex_f	pe120_c	-0.0	-0.06532079382133543	0.0	-0.0	Inf
INStex_f	mobd_c	-0.0	-0.00010827485607478593	6.793951250706186	-0.0	0.0
INStex_f	hlipa_c	-0.0	0.0	0.0	Inf	Inf
INStex_f	pg120_c	-0.0	0.0	0.0	Inf	Inf
INStex_f	mql8_c	0.0	0.0	0.0	Inf	Inf
INStex_f	mqn8_c	-0.0	0.0	0.0	Inf	Inf
INStex_f	mthgxl_c	-0.0	0.0	0.5907783696266249	Inf	0.0
INStex_f	hqn_c	0.0	0.0	0.0	Inf	Inf
INStex_f	mththf_c	-0.0	-999.9996239756935	0.00037602430654799486	-0.0	0.0
INStex_f	n2o_c	-0.0	-1000.0	0.0	-0.0	Inf
INStex_f	na1_c	-0.0	0.0	0.0	Inf	Inf
INStex_f	nac_c	-0.0	0.0	0.0	Inf	Inf
INStex_f	ncam_c	-0.0	0.0	0.0	Inf	Inf
INStex_f	ni2_c	-0.0	-0.00027110681025988015	999.9997288931897	-0.0	0.0
INStex_f	no_c	-0.0	-1000.0	0.0	-0.0	Inf
INStex_f	indole_c	-0.0	-0.04771060191182886	0.17997221856175327	-0.0	0.0
INStex_f	no2_c	-0.0	-1000.0	0.0	-0.0	Inf
INStex_f	no3_c	0.0	0.0	0.0	Inf	Inf
INStex_f	inost_c	0.0	0.0	0.0	Inf	Inf
INStex_f	o2_c	-0.0	-20.753737938742898	979.2462620612571	-0.0	0.0
INStex_f	poaac_c	-0.0	-2.0904465386788265	0.0	-0.0	Inf
INStex_f	ppal_c	-0.0	0.0	0.0	Inf	Inf
INStex_f	k_c	-0.0	-0.1638332867543113	27.175805002824745	-0.0	0.0
INStex_f	psclys_c	-0.0	0.0	0.0	Inf	Inf
INStex_f	lald__D_c	-0.0	0.0	0.5127510377891461	Inf	0.0
INStex_f	lald__L_c	-0.0	0.0	0.5127510377891461	Inf	0.0
INStex_f	ura_c	-0.0	-0.27764946535929846	0.0	-0.0	Inf
INStex_f	pydx_c	-0.0	0.0	0.24049384958251988	Inf	0.0
INStex_f	uracp_c	-0.0	-2.2646504169020623	0.0	-0.0	Inf
INStex_f	pydxn_c	-0.0	0.0	0.2264650416902062	Inf	0.0
INStex_f	urate_c	-0.0	-1.0955379930128402	0.0	-0.0	Inf
INStex_f	q8_c	-0.0	0.0	0.0	Inf	Inf
INStex_f	q8h2_c	0.0	0.0	0.0	Inf	Inf
INStex_f	urea_c	-0.0	-1000.0	0.0	-0.0	Inf
INStex_f	uri_c	-0.0	0.0	0.0	Inf	Inf
INStex_f	rbflvrd_c	-0.0	0.0	0.04583173938897247	Inf	0.0
INStex_f	rbl__L_c	-0.0	-0.5477689965064201	0.0	-0.0	Inf
INStex_f	rdmbzi_c	0.0	0.0	0.0	Inf	Inf
INStex_f	thptdn_c	0.0	0.0	0.0	Inf	Inf
INStex_f	xan_c	-0.0	0.0	0.0	Inf	Inf
INStex_f	rephaccoa_c	-0.0	-0.0004834598230445408	0.0	-0.0	Inf
INStex_f	rib__D_c	-0.0	0.0	0.36724060814628035	Inf	0.0
INStex_f	xtsn_c	-0.0	0.0	0.0	Inf	Inf
INStex_f	rml_c	-0.0	0.0	0.0	Inf	Inf
INStex_f	thym_c	-0.0	-27.175805002824745	0.0	-0.0	Inf
INStex_f	thymd_c	-0.0	-0.021962169653693752	0.0	-0.0	Inf
INStex_f	xu5p__L_c	-0.0	-0.5477689965064201	0.0	-0.0	Inf
INStex_f	rmn_c	-0.0	0.0	0.0	Inf	Inf
INStex_f	xyl__D_c	0.0	0.0	0.0	Inf	Inf
INStex_f	tmao_c	0.0	0.0	0.0	Inf	Inf
INStex_f	xylu__D_c	-0.0	0.0	0.0	Inf	Inf
INStex_f	xylu__L_c	-0.0	-0.5477689965064201	0.0	-0.0	Inf
INStex_f	12ppd__R_e	-0.0	-1000.0	0.0	-0.0	Inf
INStex_f	12ppd__S_e	-0.0	-1000.0	0.0	-0.0	Inf
INStex_f	tre_c	-0.0	-0.27388449825321004	0.0	-0.0	Inf
INStex_f	seln_c	0.0	0.0	0.0	Inf	Inf
INStex_f	34dhpac_e	-0.0	-1000.0	0.0	-0.0	Inf
INStex_f	slnt_c	0.0	0.0	0.0	Inf	Inf
INStex_f	so2_c	0.0	0.0	0.0	Inf	Inf
INStex_f	so3_c	-0.0	-0.20804887703164984	1.3587902501412372	-0.0	0.0
INStex_f	so4_c	-0.0	-0.2116899338212761	27.175805002824745	-0.0	0.0
INStex_f	4hoxpacd_e	-0.0	-1000.0	0.0	-0.0	Inf
INStex_f	5mtr_e	-0.0	0.0	0.0	Inf	Inf
INStex_f	LalaDgluMdap_e	-0.0	-1000.0	0.0	-0.0	Inf
INStex_f	ac_e	-0.0	0.0	0.0	Inf	Inf
INStex_f	acald_e	-0.0	-1000.0	0.0	-0.0	Inf
INStex_f	acgal_e	-0.0	-1000.0	0.0	-0.0	Inf
INStex_f	acgam_e	-0.0	-1000.0	0.0	-0.0	Inf
INStex_f	acmana_e	-0.0	-1000.0	0.0	-0.0	Inf
INStex_f	tagur_c	-0.0	0.0	0.0	Inf	Inf
INStex_f	tartr__L_c	-0.0	-0.5477689965064201	0.0	-0.0	Inf
INStex_f	ade_e	-0.0	-1000.0	0.0	-0.0	Inf
INStex_f	adn_e	-0.0	-1000.0	0.0	-0.0	Inf
INStex_f	all__D_e	-0.0	-1000.0	0.0	-0.0	Inf
INStex_f	cl_e	-0.0	-0.004368764543642101	999.9956312354564	-0.0	0.0
INStex_f	alltn_e	-0.0	0.0	0.0	Inf	Inf
INStex_f	cm_e	-0.0	-1000.0	0.0	-0.0	Inf
INStex_f	co2_e	-0.0	-977.4535510717227	22.5464489282773	-0.0	0.0
INStex_f	arab__L_e	-0.0	-1000.0	0.0	-0.0	Inf
INStex_f	arbt_e	-0.0	-1000.0	0.0	-0.0	Inf
INStex_f	unagamu_c	-0.0	0.0	0.021827955825562045	Inf	0.0
INStex_f	crn_e	-0.0	-1000.0	0.0	-0.0	Inf
INStex_f	csn_e	-0.0	-1000.0	0.0	-0.0	Inf
INStex_f	cyan_e	-0.0	-1000.0	0.0	-0.0	Inf
INStex_f	glyb_e	-0.0	-1000.0	0.0	-0.0	Inf
INStex_f	glyc_e	-0.0	-1000.0	0.0	-0.0	Inf
INStex_f	cytd_e	-0.0	-1000.0	0.0	-0.0	Inf
INStex_f	ca2_e	-0.0	-0.004368764543642101	999.9956312354564	-0.0	0.0
INStex_f	dad_2_e	-0.0	-1000.0	0.0	-0.0	Inf
INStex_f	dcyt_e	-0.0	-1000.0	0.0	-0.0	Inf
INStex_f	chol_e	-0.0	-1000.0	0.0	-0.0	Inf
INStex_f	dha_e	-0.0	-1000.0	0.0	-0.0	Inf
INStex_f	ppal_e	-0.0	-1000.0	0.0	-0.0	Inf
INStex_f	h2_e	-0.0	-1000.0	0.0	-0.0	Inf
INStex_f	dms_e	-0.0	-1000.0	0.0	-0.0	Inf
INStex_f	dmso_e	-0.0	-1000.0	0.0	-0.0	Inf
INStex_f	h2o2_e	-0.0	-1000.0	0.0	-0.0	Inf
INStex_f	psclys_e	-0.0	-1000.0	0.0	-0.0	Inf
INStex_f	duri_e	-0.0	-1000.0	0.0	-0.0	Inf
INStex_f	pydx_e	-0.0	-1000.0	0.0	-0.0	Inf
INStex_f	pydxn_e	-0.0	-1000.0	0.0	-0.0	Inf
INStex_f	etoh_e	-0.0	-1000.0	0.0	-0.0	Inf
INStex_f	fald_e	-0.0	0.0	0.0	Inf	Inf
INStex_f	rib__D_e	-0.0	-1000.0	0.0	-0.0	Inf
INStex_f	rmn_e	-0.0	-1000.0	0.0	-0.0	Inf
INStex_f	indole_e	-0.0	-1000.0	0.0	-0.0	Inf
INStex_f	inost_e	-0.0	-1000.0	0.0	-0.0	Inf
INStex_f	sbt__D_e	-0.0	-0.5477689965064201	0.0	-0.0	Inf
INStex_f	k_e	-0.0	-0.1638332867543113	999.8361667132457	-0.0	0.0
INStex_f	for_e	-0.0	0.0	0.0	Inf	Inf
INStex_f	slnt_e	-0.0	0.0	1000.0	Inf	0.0
INStex_f	fru_e	-0.0	-1000.0	0.0	-0.0	Inf
INStex_f	so2_e	-0.0	-1000.0	0.0	-0.0	Inf
INStex_f	so3_e	-0.0	-1000.0	0.0	-0.0	Inf
INStex_f	so4_e	-0.0	-0.2116899338212761	999.7883100661787	-0.0	0.0
INStex_f	lipa_cold_e	-0.0	-1000.0	0.0	-0.0	Inf
INStex_f	sucr_e	-0.0	-1000.0	0.0	-0.0	Inf
INStex_f	g3pe_e	-0.0	-1000.0	0.0	-0.0	Inf
INStex_f	malt_e	-0.0	-1000.0	0.0	-0.0	Inf
INStex_f	tartr__L_e	-0.0	-1000.0	0.0	-0.0	Inf
INStex_f	g3pi_e	-0.0	-1000.0	0.0	-0.0	Inf
INStex_f	malthx_e	-0.0	-1000.0	0.0	-0.0	Inf
INStex_f	maltpt_e	-0.0	-1000.0	0.0	-0.0	Inf
INStex_f	gal_e	-0.0	-1000.0	0.0	-0.0	Inf
INStex_f	gal_bD_e	-0.0	-1000.0	0.0	-0.0	Inf
INStex_f	malttr_e	-0.0	-1000.0	0.0	-0.0	Inf
INStex_f	maltttr_e	-0.0	-1000.0	0.0	-0.0	Inf
INStex_f	man_e	-0.0	-1000.0	0.0	-0.0	Inf
INStex_f	thym_e	-0.0	-1000.0	0.0	-0.0	Inf
INStex_f	thymd_e	-0.0	-1000.0	0.0	-0.0	Inf
INStex_f	galt_e	-0.0	-0.3331863851495882	0.0	-0.0	Inf
INStex_f	melib_e	-0.0	-1000.0	0.0	-0.0	Inf
INStex_f	meoh_e	-0.0	-999.99999832132	1.678679950600781e-06	-0.0	0.0
INStex_f	tmao_e	-0.0	-1000.0	0.0	-0.0	Inf
INStex_f	tre_e	-0.0	-1000.0	0.0	-0.0	Inf
INStex_f	metsox_S__L_e	-0.0	-1000.0	0.0	-0.0	Inf
INStex_f	glc__D_e	-0.0	-0.5477689965064201	0.3396975625353093	-0.0	0.0
INStex_f	mg2_e	-0.0	-0.007281274239289814	999.9927187257607	-0.0	0.0
INStex_f	mnl_e	-0.0	-1000.0	0.0	-0.0	Inf
INStex_f	mobd_e	-0.0	-0.00010827485607478593	999.9998917251439	-0.0	0.0
INStex_f	glyald_e	-0.0	-1000.0	0.0	-0.0	Inf
INStex_f	n2o_e	-0.0	-1000.0	0.0	-0.0	Inf
INStex_f	na1_e	-0.0	0.0	1000.0	Inf	0.0
INStex_f	nac_e	-0.0	-1000.0	0.0	-0.0	Inf
INStex_f	ni2_e	-0.0	-0.00027110681025988015	999.9997288931897	-0.0	0.0
INStex_f	no_e	-0.0	-1000.0	0.0	-0.0	Inf
INStex_f	no2_e	-0.0	-1000.0	0.0	-0.0	Inf
INStex_f	ura_e	-0.0	-1000.0	0.0	-0.0	Inf
INStex_f	no3_e	-0.0	-1000.0	0.0	-0.0	Inf
INStex_f	urea_e	-0.0	-1000.0	0.0	-0.0	Inf
INStex_f	novbcn_e	-0.0	-1000.0	0.0	-0.0	Inf
INStex_f	uri_e	-0.0	-1000.0	0.0	-0.0	Inf
INStex_f	o2_e	-0.0	-20.753737938742916	979.2462620612571	-0.0	0.0
INStex_f	xan_e	-0.0	0.0	0.0	Inf	Inf
INStex_f	xtsn_e	-0.0	-1000.0	0.0	-0.0	Inf
INStex_f	xyl__D_e	-0.0	-1000.0	0.0	-0.0	Inf
INStex_f	xylu__L_e	-0.0	-1000.0	0.0	-0.0	Inf
INStex_f	pacald_e	-0.0	-1000.0	0.0	-0.0	Inf
INStex_f	12dgr120_p	-0.0	0.0	0.0	Inf	Inf
INStex_f	12dgr140_p	-0.0	0.0	0.0	Inf	Inf
INStex_f	12dgr160_p	-0.0	-0.053561640842345534	0.0	-0.0	Inf
INStex_f	12dgr180_p	-0.0	0.0	0.0	Inf	Inf
INStex_f	12ppd__R_p	-0.0	-1000.0	0.0	-0.0	Inf
INStex_f	12ppd__S_p	-0.0	0.0	0.4529300833804124	Inf	0.0
INStex_f	chol_p	-0.0	-1000.0	0.0	-0.0	Inf
INStex_f	cl_p	-0.0	-0.004368764543642101	999.9956312354564	-0.0	0.0
INStex_f	34dhpac_p	-0.0	-1000.0	0.0	-0.0	Inf
INStex_f	cm_p	-0.0	0.0	0.0	Inf	Inf
INStex_f	4hoxpacd_p	-0.0	-1000.0	0.0	-0.0	Inf
INStex_f	co2_p	-0.0	-977.4535510717227	22.5464489282773	-0.0	0.0
INStex_f	5mtr_p	-0.0	0.0	0.0	Inf	Inf
INStex_f	LalaDgluMdap_p	-0.0	-0.023323579084951543	0.0	-0.0	Inf
INStex_f	gal_p	-0.0	-1000.0	0.0	-0.0	Inf
INStex_f	ac_p	-0.0	-1.0955379930128402	0.0	-0.0	Inf
INStex_f	crn_p	-0.0	-1000.0	0.0	-0.0	Inf
INStex_f	gal_bD_p	-0.0	-1000.0	0.0	-0.0	Inf
INStex_f	acald_p	-0.0	-1000.0	0.0	-0.0	Inf
INStex_f	acgal_p	-0.0	-1000.0	0.0	-0.0	Inf
INStex_f	csn_p	-0.0	0.0	0.0	Inf	Inf
INStex_f	acgam_p	-0.0	-1000.0	0.0	-0.0	Inf
INStex_f	galt_p	-0.0	-0.3331863851495882	0.0	-0.0	Inf
INStex_f	acmana_p	-0.0	-1000.0	0.0	-0.0	Inf
INStex_f	cyan_p	-0.0	0.0	0.0	Inf	Inf
INStex_f	ade_p	-0.0	-1000.0	0.0	-0.0	Inf
INStex_f	adn_p	-0.0	0.0	0.0005648757997865905	Inf	0.0
INStex_f	cytd_p	-0.0	-0.134735048676111	0.0	-0.0	Inf
INStex_f	glc__D_p	-0.0	-0.5477689965064201	0.3396975625353093	-0.0	0.0
INStex_f	dad_2_p	-0.0	-1000.0	0.0	-0.0	Inf
INStex_f	dcyt_p	-0.0	-1000.0	0.0	-0.0	Inf
INStex_f	all__D_p	-0.0	0.0	0.0	Inf	Inf
INStex_f	alltn_p	-0.0	0.0	0.0	Inf	Inf
INStex_f	dha_p	-0.0	-1000.0	0.0	-0.0	Inf
INStex_f	glyald_p	-0.0	-1000.0	0.0	-0.0	Inf
INStex_f	glyb_p	0.0	0.0	0.0	Inf	Inf
INStex_f	dms_p	-0.0	-1000.0	0.0	-0.0	Inf
INStex_f	glyc_p	-0.0	-0.11669175734211325	0.0	-0.0	Inf
INStex_f	dmso_p	-0.0	-1000.0	0.0	-0.0	Inf
INStex_f	arab__L_p	-0.0	0.0	0.0	Inf	Inf
INStex_f	arbt_p	0.0	0.0	0.0	Inf	Inf
INStex_f	ca2_p	-0.0	-0.004368764543642101	999.9956312354564	-0.0	0.0
INStex_f	duri_p	-0.0	-1000.0	0.0	-0.0	Inf
INStex_f	h2_p	-0.0	-1000.0	0.0	-0.0	Inf
INStex_f	h2o2_p	-0.0	-1000.0	0.0	-0.0	Inf
INStex_f	etoh_p	-0.0	-1000.0	0.0	-0.0	Inf
INStex_f	fald_p	-0.0	0.0	0.0	Inf	Inf
INStex_f	n2o_p	-0.0	-1000.0	0.0	-0.0	Inf
INStex_f	na1_p	-0.0	0.0	0.0	Inf	Inf
INStex_f	indole_p	-0.0	0.0	0.18117203335216497	Inf	0.0
INStex_f	nac_p	-0.0	-1000.0	0.0	-0.0	Inf
INStex_f	ni2_p	-0.0	-0.00027110681025988015	999.9997288931897	-0.0	0.0
INStex_f	inost_p	-0.0	-1000.0	0.0	-0.0	Inf
INStex_f	no_p	-0.0	-1000.0	0.0	-0.0	Inf
INStex_f	no2_p	-0.0	-1000.0	0.0	-0.0	Inf
INStex_f	for_p	-0.0	-0.09166347877794494	0.0	-0.0	Inf
INStex_f	fru_p	-0.0	-1000.0	0.0	-0.0	Inf
INStex_f	no3_p	-0.0	0.0	0.0	Inf	Inf
INStex_f	k_p	-0.0	-0.1638332867543113	999.8361667132457	-0.0	0.0
INStex_f	novbcn_p	-0.0	0.0	0.0	Inf	Inf
INStex_f	o2_p	-0.0	-20.753737938742916	979.2462620612571	-0.0	0.0
INStex_f	lipa_cold_p	-0.0	-6.793951250706186	0.0	-0.0	Inf
INStex_f	g3pe_p	-0.0	0.0	0.0	Inf	Inf
INStex_f	g3pi_p	-0.0	0.0	0.0	Inf	Inf
INStex_f	so3_p	-0.0	-1000.0	0.0	-0.0	Inf
INStex_f	so4_p	-0.0	-0.2116899338212761	999.7883100661787	-0.0	0.0
INStex_f	malt_p	0.0	0.0	0.0	Inf	Inf
INStex_f	malthx_p	0.0	0.0	0.0	Inf	Inf
INStex_f	maltpt_p	0.0	0.0	0.0	Inf	Inf
INStex_f	sucr_p	-0.0	-1000.0	0.0	-0.0	Inf
INStex_f	malttr_p	0.0	0.0	0.0	Inf	Inf
INStex_f	maltttr_p	0.0	0.0	0.0	Inf	Inf
INStex_f	pacald_p	-0.0	-1000.0	0.0	-0.0	Inf
INStex_f	man_p	-0.0	-1000.0	0.0	-0.0	Inf
INStex_f	tartr__L_p	-0.0	-1000.0	0.0	-0.0	Inf
INStex_f	pe120_p	-0.0	-0.06532079382133543	0.0	-0.0	Inf
INStex_f	melib_p	-0.0	-1000.0	0.0	-0.0	Inf
INStex_f	meoh_p	-0.0	-999.99999832132	1.678679950600781e-06	-0.0	0.0
INStex_f	thym_p	-0.0	-1000.0	0.0	-0.0	Inf
INStex_f	thymd_p	-0.0	-0.021962169653693752	0.0	-0.0	Inf
INStex_f	pg120_p	-0.0	0.0	0.0	Inf	Inf
INStex_f	metsox_S__L_p	-0.0	-1000.0	0.0	-0.0	Inf
INStex_f	tmao_p	-0.0	-1000.0	0.0	-0.0	Inf
INStex_f	mg2_p	-0.0	-0.007281274239289814	999.9927187257607	-0.0	0.0
INStex_f	tre_p	-0.0	0.0	0.0	Inf	Inf
INStex_f	mnl_p	-0.0	0.0	0.0	Inf	Inf
INStex_f	mobd_p	-0.0	-0.00010827485607478593	999.9998917251439	-0.0	0.0
INStex_f	ura_p	-0.0	-1000.0	0.0	-0.0	Inf
INStex_f	urea_p	-0.0	-1000.0	0.0	-0.0	Inf
INStex_f	uri_p	-0.0	0.0	0.0	Inf	Inf
INStex_f	xan_p	-0.0	0.0	0.0	Inf	Inf
INStex_f	xtsn_p	-0.0	0.0	0.0	Inf	Inf
INStex_f	xyl__D_p	-0.0	0.0	0.0	Inf	Inf
INStex_f	xylu__L_p	-0.0	-1000.0	0.0	-0.0	Inf
INStex_f	ppal_p	-0.0	-1000.0	0.0	-0.0	Inf
INStex_f	psclys_p	-0.0	-1000.0	0.0	-0.0	Inf
INStex_f	pydx_p	-0.0	0.0	0.0	Inf	Inf
INStex_f	pydxn_p	-0.0	0.0	0.0	Inf	Inf
INStex_f	rib__D_p	-0.0	-1000.0	0.0	-0.0	Inf
INStex_f	rmn_p	-0.0	-1000.0	0.0	-0.0	Inf
INStex_f	sbt__D_p	-0.0	-0.5477689965064201	0.0	-0.0	Inf
INStex_f	slnt_p	-0.0	0.0	0.0	Inf	Inf
INStex_f	so2_p	-0.0	-1000.0	0.0	-0.0	Inf
