Reaction	Metabolite	ShadowPrice	G-	G+	DecrementalShadowPrice	IncrementalShadowPrice
HPPPNt2rpp_f	12dgr120_c	-0.0	0.0	0.0	Inf	Inf
HPPPNt2rpp_f	12dgr140_c	-0.0	0.0	0.0	Inf	Inf
HPPPNt2rpp_f	12dgr160_c	-0.0	0.0	0.1685405608045128	Inf	0.0
HPPPNt2rpp_f	12dgr180_c	-0.0	0.0	0.0	Inf	Inf
HPPPNt2rpp_f	12ppd__R_c	-0.0	-1000.0	0.0	-0.0	Inf
HPPPNt2rpp_f	12ppd__S_c	-0.0	0.0	0.0	Inf	Inf
HPPPNt2rpp_f	5drib_c	-0.0	-999.9998050148766	0.0001949851233572521	-0.0	0.0
HPPPNt2rpp_f	5mta_c	-0.0	0.0	0.0	Inf	Inf
HPPPNt2rpp_f	23dhacoa_c	-0.0	-0.0004991619164229355	0.0	-0.0	Inf
HPPPNt2rpp_f	5mtr_c	-0.0	0.0	0.0	Inf	Inf
HPPPNt2rpp_f	3amac_c	-0.0	-0.16252688872052473	0.0	-0.0	Inf
HPPPNt2rpp_f	LalaDgluMdap_c	-0.0	-0.02408109603489476	0.0	-0.0	Inf
HPPPNt2rpp_f	ac_c	-0.0	-0.16252688872052473	1.9167651949522568	-0.0	0.0
HPPPNt2rpp_f	acald_c	-0.0	-1.0764964969340554	2.8651895336767175	-0.0	0.0
HPPPNt2rpp_f	acetol_c	-0.0	0.0	0.0033832085403853874	Inf	0.0
HPPPNt2rpp_f	acgam_c	-0.0	-0.08188335260354446	0.0	-0.0	Inf
HPPPNt2rpp_f	acgam6p_c	-0.0	-0.08188335260354446	0.0	-0.0	Inf
HPPPNt2rpp_f	acmalt_c	0.0	0.0	0.0	Inf	Inf
HPPPNt2rpp_f	acmana_c	-0.0	-0.08188335260354446	0.0	-0.0	Inf
HPPPNt2rpp_f	2dmmq8_c	-0.0	0.0	0.0	Inf	Inf
HPPPNt2rpp_f	2dmmql8_c	0.0	0.0	0.0	Inf	Inf
HPPPNt2rpp_f	ade_c	-0.0	-0.03250537774410497	0.000583222168967166	-0.0	0.0
HPPPNt2rpp_f	adn_c	-0.0	0.0	0.000583222168967166	Inf	0.0
HPPPNt2rpp_f	3sala_c	0.0	0.0	0.0	Inf	Inf
HPPPNt2rpp_f	adphep_DD_c	-0.0	0.0	0.0	Inf	Inf
HPPPNt2rpp_f	adphep_LD_c	-0.0	0.0	0.0	Inf	Inf
HPPPNt2rpp_f	4ahmmp_c	0.0	0.0	0.0	Inf	Inf
HPPPNt2rpp_f	4crsol_c	-0.0	-999.9998067480777	0.0001932519222607432	-0.0	0.0
HPPPNt2rpp_f	2ohph_c	-0.0	-0.0001932519222607432	0.13456206211675692	-0.0	0.0
HPPPNt2rpp_f	2ombzl_c	-0.0	0.0	0.0	Inf	Inf
HPPPNt2rpp_f	2omhmbl_c	-0.0	0.0	0.0	Inf	Inf
HPPPNt2rpp_f	2ommbl_c	0.0	0.0	0.0	Inf	Inf
HPPPNt2rpp_f	2omph_c	-0.0	0.0	0.13456206211675692	Inf	0.0
HPPPNt2rpp_f	4mhetz_c	0.0	0.0	0.0	Inf	Inf
HPPPNt2rpp_f	2oph_c	-0.0	-0.0001932519222607432	0.13456206211675692	-0.0	0.0
HPPPNt2rpp_f	2oxpaccoa_c	-0.0	-0.0004991619164229355	0.0	-0.0	Inf
HPPPNt2rpp_f	all__D_c	-0.0	-41.53098133046964	0.0	-0.0	Inf
HPPPNt2rpp_f	alltn_c	-0.0	-0.04063172218013118	0.0	-0.0	Inf
HPPPNt2rpp_f	4r5au_c	-0.0	-0.0003865038444162117	0.2599999999973174	-0.0	0.0
HPPPNt2rpp_f	56dura_c	0.0	0.0	0.0	Inf	Inf
HPPPNt2rpp_f	arab__L_c	-0.0	-49.83717759656358	0.0	-0.0	Inf
HPPPNt2rpp_f	etoh_c	-0.0	-1000.0	0.0	-0.0	Inf
HPPPNt2rpp_f	csn_c	-0.0	0.0	0.03541873471635881	Inf	0.0
HPPPNt2rpp_f	fald_c	-0.0	0.0	0.0	Inf	Inf
HPPPNt2rpp_f	fc1p_c	-0.0	-0.8359497534647559	0.0	-0.0	Inf
HPPPNt2rpp_f	fcl__L_c	-0.0	0.0	0.0	Inf	Inf
HPPPNt2rpp_f	aso4_c	0.0	0.0	0.0	Inf	Inf
HPPPNt2rpp_f	cyan_c	0.0	0.0	0.0	Inf	Inf
HPPPNt2rpp_f	athtp_c	0.0	0.0	0.0	Inf	Inf
HPPPNt2rpp_f	cytd_c	-0.0	0.0	0.0	Inf	Inf
HPPPNt2rpp_f	dad_2_c	-0.0	0.0	0.0	Inf	Inf
HPPPNt2rpp_f	dad_5_c	-0.0	-0.03250537774410497	0.0001949851233572521	-0.0	0.0
HPPPNt2rpp_f	betald_c	0.0	0.0	0.0	Inf	Inf
HPPPNt2rpp_f	btal_c	-0.0	-498.37177596563555	0.0	-0.0	Inf
HPPPNt2rpp_f	for_c	-0.0	-0.09464057927639402	0.0021257711446912744	-0.0	0.0
HPPPNt2rpp_f	dcyt_c	-0.0	-0.022675469945625082	0.0	-0.0	Inf
HPPPNt2rpp_f	fru_c	-0.0	0.0	0.0	Inf	Inf
HPPPNt2rpp_f	ca2_c	-0.0	-0.0045106558536645025	999.9954893441463	-0.0	0.0
HPPPNt2rpp_f	g3pe_c	-0.0	0.0	0.0	Inf	Inf
HPPPNt2rpp_f	g3pi_c	0.0	0.0	0.0	Inf	Inf
HPPPNt2rpp_f	cbm_c	-0.0	-0.08126344436026237	0.0	-0.0	Inf
HPPPNt2rpp_f	dha_c	-0.0	-83.06196266093929	0.0	-0.0	Inf
HPPPNt2rpp_f	gal_c	-0.0	0.0	0.0	Inf	Inf
HPPPNt2rpp_f	dhgly_c	-0.0	-0.0001932519222607432	0.7162973834191794	-0.0	0.0
HPPPNt2rpp_f	dhmptp_c	0.0	0.0	0.0	Inf	Inf
HPPPNt2rpp_f	gcald_c	-0.0	-139.54409727037796	0.0005797557669211528	-0.0	0.0
HPPPNt2rpp_f	dhptd_c	-0.0	-49.9141621490995	0.00038823704560991384	-0.0	0.0
HPPPNt2rpp_f	cechddd_c	-0.0	0.0	0.0	Inf	Inf
HPPPNt2rpp_f	dhptdn_c	0.0	0.0	0.0	Inf	Inf
HPPPNt2rpp_f	chol_c	0.0	0.0	0.0	Inf	Inf
HPPPNt2rpp_f	chtbs6p_c	-0.0	0.0	0.0	Inf	Inf
HPPPNt2rpp_f	dmbzid_c	0.0	0.0	0.0	Inf	Inf
HPPPNt2rpp_f	dms_c	0.0	0.0	0.0	Inf	Inf
HPPPNt2rpp_f	dmso_c	0.0	0.0	0.0	Inf	Inf
HPPPNt2rpp_f	cl_c	-0.0	-0.004510655853664432	999.9954893441463	-0.0	0.0
HPPPNt2rpp_f	glc__D_c	-0.0	-41.53098133046964	0.0	-0.0	Inf
HPPPNt2rpp_f	co2_c	-0.0	-959.9725538125973	40.02744618740269	-0.0	0.0
HPPPNt2rpp_f	dscl_c	-0.0	-0.0001932519222607432	0.004427341839544852	-0.0	0.0
HPPPNt2rpp_f	dtdp4aaddg_c	-0.0	0.0	0.0	Inf	Inf
HPPPNt2rpp_f	glyald_c	-0.0	-1000.0	0.0	-0.0	Inf
HPPPNt2rpp_f	crn_c	-0.0	-1000.0	0.0	-0.0	Inf
HPPPNt2rpp_f	duri_c	-0.0	-0.022675469945625082	0.0	-0.0	Inf
HPPPNt2rpp_f	glyb_c	0.0	0.0	0.0	Inf	Inf
HPPPNt2rpp_f	glyc_c	-0.0	-71.19596799509081	0.0	-0.0	Inf
HPPPNt2rpp_f	dxyl_c	0.0	0.0	0.0	Inf	Inf
HPPPNt2rpp_f	glycogen_c	-0.0	-41.53098133046964	0.0	-0.0	Inf
HPPPNt2rpp_f	gmhep1p_c	-0.0	0.0	2.199704400073824	Inf	0.0
HPPPNt2rpp_f	lipa_cold_c	-0.0	0.0	0.0	Inf	Inf
HPPPNt2rpp_f	lipidA_c	-0.0	-0.016860580266836678	0.09550631778922393	-0.0	0.0
HPPPNt2rpp_f	malt_c	0.0	0.0	0.0	Inf	Inf
HPPPNt2rpp_f	h2_c	-0.0	0.0	0.0	Inf	Inf
HPPPNt2rpp_f	malthx_c	-0.0	0.0	0.0	Inf	Inf
HPPPNt2rpp_f	maltpt_c	-0.0	0.0	0.0	Inf	Inf
HPPPNt2rpp_f	malttr_c	-0.0	0.0	0.0	Inf	Inf
HPPPNt2rpp_f	maltttr_c	-0.0	0.0	0.0	Inf	Inf
HPPPNt2rpp_f	h2o2_c	-0.0	-0.0033832085403853874	0.6091734852871014	-0.0	0.0
HPPPNt2rpp_f	man_c	-0.0	-41.53098133046964	0.0	-0.0	Inf
HPPPNt2rpp_f	mdhdhf_c	-0.0	-49.9141621490995	0.00038823704560991384	-0.0	0.0
HPPPNt2rpp_f	melib_c	-0.0	0.0	0.0	Inf	Inf
HPPPNt2rpp_f	meoh_c	-0.0	-999.9999982667989	1.7332010884274496e-06	-0.0	0.0
HPPPNt2rpp_f	pacald_c	-0.0	-1000.0	0.0	-0.0	Inf
HPPPNt2rpp_f	metsox_S__L_c	-0.0	-0.09464057927639402	0.0	-0.0	Inf
HPPPNt2rpp_f	mg2_c	-0.0	-0.0075177597561073865	999.9924822402439	-0.0	0.0
HPPPNt2rpp_f	hhlipa_c	-0.0	0.0	0.0	Inf	Inf
HPPPNt2rpp_f	pe120_c	-0.0	0.0	0.0	Inf	Inf
HPPPNt2rpp_f	mobd_c	-0.0	-0.00011179147072482453	56.64238830190095	-0.0	0.0
HPPPNt2rpp_f	hlipa_c	-0.0	0.0	0.0	Inf	Inf
HPPPNt2rpp_f	pg120_c	-0.0	-0.0674423210673546	0.0	-0.0	Inf
HPPPNt2rpp_f	mql8_c	0.0	0.0	0.0	Inf	Inf
HPPPNt2rpp_f	mqn8_c	-0.0	0.0	0.0	Inf	Inf
HPPPNt2rpp_f	mthgxl_c	-0.0	0.0	0.0033832085403853874	Inf	0.0
HPPPNt2rpp_f	hqn_c	0.0	0.0	0.0	Inf	Inf
HPPPNt2rpp_f	mththf_c	-0.0	-999.9996117629544	0.00038823704560991384	-0.0	0.0
HPPPNt2rpp_f	n2o_c	-0.0	-1000.0	0.0	-0.0	Inf
HPPPNt2rpp_f	na1_c	-0.0	0.0	0.0	Inf	Inf
HPPPNt2rpp_f	nac_c	-0.0	0.0	0.0	Inf	Inf
HPPPNt2rpp_f	ncam_c	-0.0	0.0	0.0	Inf	Inf
HPPPNt2rpp_f	ni2_c	-0.0	-0.0002799119770315883	999.999720088023	-0.0	0.0
HPPPNt2rpp_f	no_c	-0.0	-1000.0	0.0	-0.0	Inf
HPPPNt2rpp_f	indole_c	-0.0	-0.049260174964427916	1.0399999999892695	-0.0	0.0
HPPPNt2rpp_f	no2_c	-0.0	-1000.0	0.0	-0.0	Inf
HPPPNt2rpp_f	no3_c	0.0	0.0	0.0	Inf	Inf
HPPPNt2rpp_f	inost_c	0.0	0.0	0.0	Inf	Inf
HPPPNt2rpp_f	o2_c	-0.0	-36.87820207787979	963.1217979221202	-0.0	0.0
HPPPNt2rpp_f	poaac_c	-0.0	-17.428427169815677	0.0	-0.0	Inf
HPPPNt2rpp_f	ppal_c	-0.0	0.0	0.0	Inf	Inf
HPPPNt2rpp_f	k_c	-0.0	-0.1691543608154316	226.5695532076038	-0.0	0.0
HPPPNt2rpp_f	psclys_c	-0.0	0.0	0.0	Inf	Inf
HPPPNt2rpp_f	lald__D_c	-0.0	0.0	0.0033832085403853874	Inf	0.0
HPPPNt2rpp_f	lald__L_c	-0.0	-4.314312093229091	0.0	-0.0	Inf
HPPPNt2rpp_f	ura_c	-0.0	0.0	0.0	Inf	Inf
HPPPNt2rpp_f	pydx_c	-0.0	0.0	0.9550631778922393	Inf	0.0
HPPPNt2rpp_f	uracp_c	-0.0	-0.16252688872052473	0.0	-0.0	Inf
HPPPNt2rpp_f	pydxn_c	-0.0	0.0	0.9550631778922393	Inf	0.0
HPPPNt2rpp_f	urate_c	-0.0	-0.0033832085403853874	0.0	-0.0	Inf
HPPPNt2rpp_f	q8_c	-0.0	0.0	0.0	Inf	Inf
HPPPNt2rpp_f	q8h2_c	0.0	0.0	0.0	Inf	Inf
HPPPNt2rpp_f	urea_c	-0.0	-1000.0	0.0	-0.0	Inf
HPPPNt2rpp_f	uri_c	-0.0	0.0	0.03541873471635881	Inf	0.0
HPPPNt2rpp_f	rbflvrd_c	-0.0	0.0	0.04732028963819701	Inf	0.0
HPPPNt2rpp_f	rbl__L_c	-0.0	-49.83717759656358	0.0	-0.0	Inf
HPPPNt2rpp_f	rdmbzi_c	0.0	0.0	0.0	Inf	Inf
HPPPNt2rpp_f	thptdn_c	0.0	0.0	0.0	Inf	Inf
HPPPNt2rpp_f	xan_c	-0.0	0.0	0.0	Inf	Inf
HPPPNt2rpp_f	rephaccoa_c	-0.0	-0.0004991619164229355	0.0	-0.0	Inf
HPPPNt2rpp_f	rib__D_c	-0.0	0.0	2.865189533676718	Inf	0.0
HPPPNt2rpp_f	xtsn_c	-0.0	0.0	0.0	Inf	Inf
HPPPNt2rpp_f	rml_c	-0.0	-4.314312093229091	0.0	-0.0	Inf
HPPPNt2rpp_f	thym_c	-0.0	-226.5695532076038	0.0	-0.0	Inf
HPPPNt2rpp_f	thymd_c	-0.0	-0.022675469945625082	0.0	-0.0	Inf
HPPPNt2rpp_f	xu5p__L_c	-0.0	-0.8359497534647569	0.0	-0.0	Inf
HPPPNt2rpp_f	rmn_c	-0.0	-4.314312093229091	0.0	-0.0	Inf
HPPPNt2rpp_f	xyl__D_c	0.0	0.0	0.0	Inf	Inf
HPPPNt2rpp_f	tmao_c	0.0	0.0	0.0	Inf	Inf
HPPPNt2rpp_f	xylu__D_c	-0.0	0.0	0.0	Inf	Inf
HPPPNt2rpp_f	xylu__L_c	-0.0	-49.83717759656358	0.0	-0.0	Inf
HPPPNt2rpp_f	12ppd__R_e	-0.0	-1000.0	0.0	-0.0	Inf
HPPPNt2rpp_f	12ppd__S_e	-0.0	-1000.0	0.0	-0.0	Inf
HPPPNt2rpp_f	tre_c	-0.0	-20.76549066523482	0.0	-0.0	Inf
HPPPNt2rpp_f	seln_c	0.0	0.0	0.0	Inf	Inf
HPPPNt2rpp_f	34dhpac_e	-0.0	-1000.0	0.0	-0.0	Inf
HPPPNt2rpp_f	slnt_c	0.0	0.0	0.0	Inf	Inf
HPPPNt2rpp_f	so2_c	0.0	0.0	0.0	Inf	Inf
HPPPNt2rpp_f	so3_c	-0.0	-0.2148060110975738	11.328477660380189	-0.0	0.0
HPPPNt2rpp_f	so4_c	-0.0	-0.2185653242759016	226.5695532076038	-0.0	0.0
HPPPNt2rpp_f	4hoxpacd_e	-0.0	-1000.0	0.0	-0.0	Inf
HPPPNt2rpp_f	5mtr_e	-0.0	0.0	0.0	Inf	Inf
HPPPNt2rpp_f	LalaDgluMdap_e	-0.0	-1000.0	0.0	-0.0	Inf
HPPPNt2rpp_f	ac_e	-0.0	0.0	0.0	Inf	Inf
HPPPNt2rpp_f	acald_e	-0.0	-1000.0	0.0	-0.0	Inf
HPPPNt2rpp_f	acgal_e	-0.0	-1000.0	0.0	-0.0	Inf
HPPPNt2rpp_f	acgam_e	-0.0	-1000.0	0.0	-0.0	Inf
HPPPNt2rpp_f	acmana_e	-0.0	-1000.0	0.0	-0.0	Inf
HPPPNt2rpp_f	tagur_c	-0.0	0.0	0.0	Inf	Inf
HPPPNt2rpp_f	tartr__L_c	-0.0	-0.08126344436026237	0.0	-0.0	Inf
HPPPNt2rpp_f	ade_e	-0.0	-1000.0	0.0	-0.0	Inf
HPPPNt2rpp_f	adn_e	-0.0	-1000.0	0.0	-0.0	Inf
HPPPNt2rpp_f	all__D_e	-0.0	-1000.0	0.0	-0.0	Inf
HPPPNt2rpp_f	cl_e	-0.0	-0.0045106558536645025	999.9954893441463	-0.0	0.0
HPPPNt2rpp_f	alltn_e	-0.0	0.0	0.0	Inf	Inf
HPPPNt2rpp_f	cm_e	-0.0	-1000.0	0.0	-0.0	Inf
HPPPNt2rpp_f	co2_e	-0.0	-959.9725538125973	40.02744618740269	-0.0	0.0
HPPPNt2rpp_f	arab__L_e	-0.0	-1000.0	0.0	-0.0	Inf
HPPPNt2rpp_f	arbt_e	-0.0	-1000.0	0.0	-0.0	Inf
HPPPNt2rpp_f	unagamu_c	-0.0	0.0	0.11019959744910453	Inf	0.0
HPPPNt2rpp_f	crn_e	-0.0	-1000.0	0.0	-0.0	Inf
HPPPNt2rpp_f	csn_e	-0.0	-1000.0	0.0	-0.0	Inf
HPPPNt2rpp_f	cyan_e	-0.0	-1000.0	0.0	-0.0	Inf
HPPPNt2rpp_f	glyb_e	-0.0	-1000.0	0.0	-0.0	Inf
HPPPNt2rpp_f	glyc_e	-0.0	-1000.0	0.0	-0.0	Inf
HPPPNt2rpp_f	cytd_e	-0.0	-1000.0	0.0	-0.0	Inf
HPPPNt2rpp_f	ca2_e	-0.0	-0.0045106558536645025	999.9954893441463	-0.0	0.0
HPPPNt2rpp_f	dad_2_e	-0.0	-1000.0	0.0	-0.0	Inf
HPPPNt2rpp_f	dcyt_e	-0.0	-1000.0	0.0	-0.0	Inf
HPPPNt2rpp_f	chol_e	-0.0	-1000.0	0.0	-0.0	Inf
HPPPNt2rpp_f	dha_e	-0.0	-1000.0	0.0	-0.0	Inf
HPPPNt2rpp_f	ppal_e	-0.0	-1000.0	0.0	-0.0	Inf
HPPPNt2rpp_f	h2_e	-0.0	-1000.0	0.0	-0.0	Inf
HPPPNt2rpp_f	dms_e	-0.0	-1000.0	0.0	-0.0	Inf
HPPPNt2rpp_f	dmso_e	-0.0	-1000.0	0.0	-0.0	Inf
HPPPNt2rpp_f	h2o2_e	-0.0	-1000.0	0.0	-0.0	Inf
HPPPNt2rpp_f	psclys_e	-0.0	-1000.0	0.0	-0.0	Inf
HPPPNt2rpp_f	duri_e	-0.0	-1000.0	0.0	-0.0	Inf
HPPPNt2rpp_f	pydx_e	-0.0	-1000.0	0.0	-0.0	Inf
HPPPNt2rpp_f	pydxn_e	-0.0	-1000.0	0.0	-0.0	Inf
HPPPNt2rpp_f	etoh_e	-0.0	-1000.0	0.0	-0.0	Inf
HPPPNt2rpp_f	fald_e	-0.0	0.0	0.0	Inf	Inf
HPPPNt2rpp_f	rib__D_e	-0.0	-1000.0	0.0	-0.0	Inf
HPPPNt2rpp_f	rmn_e	-0.0	-1000.0	0.0	-0.0	Inf
HPPPNt2rpp_f	indole_e	-0.0	-1000.0	0.0	-0.0	Inf
HPPPNt2rpp_f	inost_e	-0.0	-1000.0	0.0	-0.0	Inf
HPPPNt2rpp_f	sbt__D_e	-0.0	-38.33629045889506	0.0	-0.0	Inf
HPPPNt2rpp_f	k_e	-0.0	-0.16915436081546886	999.8308456391845	-0.0	0.0
HPPPNt2rpp_f	for_e	-0.0	0.0	0.0021257711446912744	Inf	0.0
HPPPNt2rpp_f	slnt_e	-0.0	0.0	1000.0	Inf	0.0
HPPPNt2rpp_f	fru_e	-0.0	-1000.0	0.0	-0.0	Inf
HPPPNt2rpp_f	so2_e	-0.0	-1000.0	0.0	-0.0	Inf
HPPPNt2rpp_f	so3_e	-0.0	-1000.0	0.0	-0.0	Inf
HPPPNt2rpp_f	so4_e	-0.0	-0.2185653242759016	999.7814346757241	-0.0	0.0
HPPPNt2rpp_f	lipa_cold_e	-0.0	-1000.0	0.0	-0.0	Inf
HPPPNt2rpp_f	sucr_e	-0.0	-1000.0	0.0	-0.0	Inf
HPPPNt2rpp_f	g3pe_e	-0.0	-1000.0	0.0	-0.0	Inf
HPPPNt2rpp_f	malt_e	-0.0	-1000.0	0.0	-0.0	Inf
HPPPNt2rpp_f	tartr__L_e	-0.0	-1000.0	0.0	-0.0	Inf
HPPPNt2rpp_f	g3pi_e	-0.0	-1000.0	0.0	-0.0	Inf
HPPPNt2rpp_f	malthx_e	-0.0	-1000.0	0.0	-0.0	Inf
HPPPNt2rpp_f	maltpt_e	-0.0	-1000.0	0.0	-0.0	Inf
HPPPNt2rpp_f	gal_e	-0.0	-1000.0	0.0	-0.0	Inf
HPPPNt2rpp_f	gal_bD_e	-0.0	-1000.0	0.0	-0.0	Inf
HPPPNt2rpp_f	malttr_e	-0.0	-1000.0	0.0	-0.0	Inf
HPPPNt2rpp_f	maltttr_e	-0.0	-1000.0	0.0	-0.0	Inf
HPPPNt2rpp_f	man_e	-0.0	-1000.0	0.0	-0.0	Inf
HPPPNt2rpp_f	thym_e	-0.0	-1000.0	0.0	-0.0	Inf
HPPPNt2rpp_f	thymd_e	-0.0	-1000.0	0.0	-0.0	Inf
HPPPNt2rpp_f	galt_e	-0.0	-38.33629045889506	0.0	-0.0	Inf
HPPPNt2rpp_f	melib_e	-0.0	-1000.0	0.0	-0.0	Inf
HPPPNt2rpp_f	meoh_e	-0.0	-999.9999982667989	1.7332010884274496e-06	-0.0	0.0
HPPPNt2rpp_f	tmao_e	-0.0	-1000.0	0.0	-0.0	Inf
HPPPNt2rpp_f	tre_e	-0.0	-1000.0	0.0	-0.0	Inf
HPPPNt2rpp_f	metsox_S__L_e	-0.0	-1000.0	0.0	-0.0	Inf
HPPPNt2rpp_f	glc__D_e	-0.0	-41.53098133046964	2.8651895336767184	-0.0	0.0
HPPPNt2rpp_f	mg2_e	-0.0	-0.0075177597561073865	999.9924822402439	-0.0	0.0
HPPPNt2rpp_f	mnl_e	-0.0	-1000.0	0.0	-0.0	Inf
HPPPNt2rpp_f	mobd_e	-0.0	-0.00011179147077200469	999.9998882085292	-0.0	0.0
HPPPNt2rpp_f	glyald_e	-0.0	-1000.0	0.0	-0.0	Inf
HPPPNt2rpp_f	n2o_e	-0.0	-1000.0	0.0	-0.0	Inf
HPPPNt2rpp_f	na1_e	-0.0	0.0	1000.0	Inf	0.0
HPPPNt2rpp_f	nac_e	-0.0	-1000.0	0.0	-0.0	Inf
HPPPNt2rpp_f	ni2_e	-0.0	-0.0002799119770315883	999.999720088023	-0.0	0.0
HPPPNt2rpp_f	no_e	-0.0	-1000.0	0.0	-0.0	Inf
HPPPNt2rpp_f	no2_e	-0.0	-1000.0	0.0	-0.0	Inf
HPPPNt2rpp_f	ura_e	-0.0	-1000.0	0.0	-0.0	Inf
HPPPNt2rpp_f	no3_e	-0.0	-1000.0	0.0	-0.0	Inf
HPPPNt2rpp_f	urea_e	-0.0	-1000.0	0.0	-0.0	Inf
HPPPNt2rpp_f	novbcn_e	-0.0	-1000.0	0.0	-0.0	Inf
HPPPNt2rpp_f	uri_e	-0.0	-1000.0	0.0	-0.0	Inf
HPPPNt2rpp_f	o2_e	-0.0	-36.87820207787979	963.1217979221202	-0.0	0.0
HPPPNt2rpp_f	xan_e	-0.0	0.0	0.0	Inf	Inf
HPPPNt2rpp_f	xtsn_e	-0.0	-1000.0	0.0	-0.0	Inf
HPPPNt2rpp_f	xyl__D_e	-0.0	-1000.0	0.0	-0.0	Inf
HPPPNt2rpp_f	xylu__L_e	-0.0	-1000.0	0.0	-0.0	Inf
HPPPNt2rpp_f	pacald_e	-0.0	-1000.0	0.0	-0.0	Inf
HPPPNt2rpp_f	12dgr120_p	-0.0	0.0	0.0	Inf	Inf
HPPPNt2rpp_f	12dgr140_p	-0.0	0.0	0.0	Inf	Inf
HPPPNt2rpp_f	12dgr160_p	-0.0	0.0	0.0	Inf	Inf
HPPPNt2rpp_f	12dgr180_p	-0.0	0.0	0.0	Inf	Inf
HPPPNt2rpp_f	12ppd__R_p	-0.0	-1000.0	0.0	-0.0	Inf
HPPPNt2rpp_f	12ppd__S_p	-0.0	0.0	0.0	Inf	Inf
HPPPNt2rpp_f	chol_p	-0.0	-1000.0	0.0	-0.0	Inf
HPPPNt2rpp_f	cl_p	-0.0	-0.0045106558536645025	999.9954893441463	-0.0	0.0
HPPPNt2rpp_f	34dhpac_p	-0.0	-1000.0	0.0	-0.0	Inf
HPPPNt2rpp_f	cm_p	-0.0	0.0	0.0	Inf	Inf
HPPPNt2rpp_f	4hoxpacd_p	-0.0	-1000.0	0.0	-0.0	Inf
HPPPNt2rpp_f	co2_p	-0.0	-959.9725538125973	40.02744618740269	-0.0	0.0
HPPPNt2rpp_f	5mtr_p	-0.0	0.0	0.0	Inf	Inf
HPPPNt2rpp_f	LalaDgluMdap_p	-0.0	-0.02408109603489476	0.0	-0.0	Inf
HPPPNt2rpp_f	gal_p	-0.0	-1000.0	0.0	-0.0	Inf
HPPPNt2rpp_f	ac_p	-0.0	-0.16252688872052473	0.0	-0.0	Inf
HPPPNt2rpp_f	crn_p	-0.0	-1000.0	0.0	-0.0	Inf
HPPPNt2rpp_f	gal_bD_p	-0.0	-1000.0	0.0	-0.0	Inf
HPPPNt2rpp_f	acald_p	-0.0	-1000.0	0.0	-0.0	Inf
HPPPNt2rpp_f	acgal_p	-0.0	-1000.0	0.0	-0.0	Inf
HPPPNt2rpp_f	csn_p	-0.0	0.0	0.0	Inf	Inf
HPPPNt2rpp_f	acgam_p	-0.0	-1000.0	0.0	-0.0	Inf
HPPPNt2rpp_f	galt_p	-0.0	-38.33629045889506	0.0	-0.0	Inf
HPPPNt2rpp_f	acmana_p	-0.0	-1000.0	0.0	-0.0	Inf
HPPPNt2rpp_f	cyan_p	-0.0	0.0	0.0	Inf	Inf
HPPPNt2rpp_f	ade_p	-0.0	-1000.0	0.0	-0.0	Inf
HPPPNt2rpp_f	adn_p	-0.0	0.0	0.000583222168967166	Inf	0.0
HPPPNt2rpp_f	cytd_p	-0.0	0.0	0.0	Inf	Inf
HPPPNt2rpp_f	glc__D_p	-0.0	-41.53098133046964	2.8651895336767184	-0.0	0.0
HPPPNt2rpp_f	dad_2_p	-0.0	-1000.0	0.0	-0.0	Inf
HPPPNt2rpp_f	dcyt_p	-0.0	-1000.0	0.0	-0.0	Inf
HPPPNt2rpp_f	all__D_p	-0.0	0.0	0.0	Inf	Inf
HPPPNt2rpp_f	alltn_p	-0.0	0.0	0.0	Inf	Inf
HPPPNt2rpp_f	dha_p	-0.0	-1000.0	0.0	-0.0	Inf
HPPPNt2rpp_f	glyald_p	-0.0	-1000.0	0.0	-0.0	Inf
HPPPNt2rpp_f	glyb_p	0.0	0.0	0.0	Inf	Inf
HPPPNt2rpp_f	dms_p	-0.0	-1000.0	0.0	-0.0	Inf
HPPPNt2rpp_f	glyc_p	-0.0	-71.19596799509081	0.0	-0.0	Inf
HPPPNt2rpp_f	dmso_p	-0.0	-1000.0	0.0	-0.0	Inf
HPPPNt2rpp_f	arab__L_p	-0.0	0.0	0.0	Inf	Inf
HPPPNt2rpp_f	arbt_p	0.0	0.0	0.0	Inf	Inf
HPPPNt2rpp_f	ca2_p	-0.0	-0.0045106558536645025	999.9954893441463	-0.0	0.0
HPPPNt2rpp_f	duri_p	-0.0	-1000.0	0.0	-0.0	Inf
HPPPNt2rpp_f	h2_p	-0.0	-1000.0	0.0	-0.0	Inf
HPPPNt2rpp_f	h2o2_p	-0.0	-1000.0	0.0	-0.0	Inf
HPPPNt2rpp_f	etoh_p	-0.0	-1000.0	0.0	-0.0	Inf
HPPPNt2rpp_f	fald_p	-0.0	0.0	0.0	Inf	Inf
HPPPNt2rpp_f	n2o_p	-0.0	-1000.0	0.0	-0.0	Inf
HPPPNt2rpp_f	na1_p	-0.0	0.0	0.0	Inf	Inf
HPPPNt2rpp_f	indole_p	-0.0	0.0	1.0399999999892695	Inf	0.0
HPPPNt2rpp_f	nac_p	-0.0	-1000.0	0.0	-0.0	Inf
HPPPNt2rpp_f	ni2_p	-0.0	-0.0002799119770315883	999.999720088023	-0.0	0.0
HPPPNt2rpp_f	inost_p	-0.0	-1000.0	0.0	-0.0	Inf
HPPPNt2rpp_f	no_p	-0.0	-1000.0	0.0	-0.0	Inf
HPPPNt2rpp_f	no2_p	-0.0	-1000.0	0.0	-0.0	Inf
HPPPNt2rpp_f	for_p	-0.0	0.0	0.0021257711446912744	Inf	0.0
HPPPNt2rpp_f	fru_p	-0.0	-1000.0	0.0	-0.0	Inf
HPPPNt2rpp_f	no3_p	-0.0	0.0	0.0	Inf	Inf
HPPPNt2rpp_f	k_p	-0.0	-0.16915436081546886	999.8308456391845	-0.0	0.0
HPPPNt2rpp_f	novbcn_p	-0.0	0.0	0.0	Inf	Inf
HPPPNt2rpp_f	o2_p	-0.0	-36.87820207787979	963.1217979221202	-0.0	0.0
HPPPNt2rpp_f	lipa_cold_p	-0.0	-56.64238830190095	0.0	-0.0	Inf
HPPPNt2rpp_f	g3pe_p	-0.0	0.0	0.0	Inf	Inf
HPPPNt2rpp_f	g3pi_p	-0.0	0.0	0.0	Inf	Inf
HPPPNt2rpp_f	so3_p	-0.0	-1000.0	0.0	-0.0	Inf
HPPPNt2rpp_f	so4_p	-0.0	-0.2185653242759016	999.7814346757241	-0.0	0.0
HPPPNt2rpp_f	malt_p	0.0	0.0	0.0	Inf	Inf
HPPPNt2rpp_f	malthx_p	0.0	0.0	0.0	Inf	Inf
HPPPNt2rpp_f	maltpt_p	0.0	0.0	0.0	Inf	Inf
HPPPNt2rpp_f	sucr_p	-0.0	-1000.0	0.0	-0.0	Inf
HPPPNt2rpp_f	malttr_p	0.0	0.0	0.0	Inf	Inf
HPPPNt2rpp_f	maltttr_p	0.0	0.0	0.0	Inf	Inf
HPPPNt2rpp_f	pacald_p	-0.0	-1000.0	0.0	-0.0	Inf
HPPPNt2rpp_f	man_p	-0.0	-1000.0	0.0	-0.0	Inf
HPPPNt2rpp_f	tartr__L_p	-0.0	-1000.0	0.0	-0.0	Inf
HPPPNt2rpp_f	pe120_p	-0.0	0.0	0.0	Inf	Inf
HPPPNt2rpp_f	melib_p	-0.0	-1000.0	0.0	-0.0	Inf
HPPPNt2rpp_f	meoh_p	-0.0	-999.9999982667989	1.7332010884274496e-06	-0.0	0.0
HPPPNt2rpp_f	thym_p	-0.0	-1000.0	0.0	-0.0	Inf
HPPPNt2rpp_f	thymd_p	-0.0	-0.022675469945625082	0.0	-0.0	Inf
HPPPNt2rpp_f	pg120_p	-0.0	-0.0674423210673546	0.0	-0.0	Inf
HPPPNt2rpp_f	metsox_S__L_p	-0.0	-1000.0	0.0	-0.0	Inf
HPPPNt2rpp_f	tmao_p	-0.0	-1000.0	0.0	-0.0	Inf
HPPPNt2rpp_f	mg2_p	-0.0	-0.0075177597561073865	999.9924822402439	-0.0	0.0
HPPPNt2rpp_f	tre_p	-0.0	0.0	0.0	Inf	Inf
HPPPNt2rpp_f	mnl_p	-0.0	0.0	0.0	Inf	Inf
HPPPNt2rpp_f	mobd_p	-0.0	-0.00011179147077200469	999.9998882085292	-0.0	0.0
HPPPNt2rpp_f	ura_p	-0.0	-1000.0	0.0	-0.0	Inf
HPPPNt2rpp_f	urea_p	-0.0	-1000.0	0.0	-0.0	Inf
HPPPNt2rpp_f	uri_p	-0.0	0.0	0.0	Inf	Inf
HPPPNt2rpp_f	xan_p	-0.0	0.0	0.0	Inf	Inf
HPPPNt2rpp_f	xtsn_p	-0.0	0.0	0.0	Inf	Inf
HPPPNt2rpp_f	xyl__D_p	-0.0	0.0	0.0	Inf	Inf
HPPPNt2rpp_f	xylu__L_p	-0.0	-1000.0	0.0	-0.0	Inf
HPPPNt2rpp_f	ppal_p	-0.0	-1000.0	0.0	-0.0	Inf
HPPPNt2rpp_f	psclys_p	-0.0	-1000.0	0.0	-0.0	Inf
HPPPNt2rpp_f	pydx_p	-0.0	0.0	0.0	Inf	Inf
HPPPNt2rpp_f	pydxn_p	-0.0	0.0	0.0	Inf	Inf
HPPPNt2rpp_f	rib__D_p	-0.0	-1000.0	0.0	-0.0	Inf
HPPPNt2rpp_f	rmn_p	-0.0	-1000.0	0.0	-0.0	Inf
HPPPNt2rpp_f	sbt__D_p	-0.0	-38.33629045889506	0.0	-0.0	Inf
HPPPNt2rpp_f	slnt_p	-0.0	0.0	0.0	Inf	Inf
HPPPNt2rpp_f	so2_p	-0.0	-1000.0	0.0	-0.0	Inf
