Reaction	Metabolite	ShadowPrice	G-	G+	DecrementalShadowPrice	IncrementalShadowPrice
GALTtex_f	12dgr120_c	-0.0	0.0	0.0	Inf	Inf
GALTtex_f	12dgr140_c	-0.0	0.0	0.0	Inf	Inf
GALTtex_f	12dgr160_c	-0.0	-0.0297692070853941	0.0	-0.0	Inf
GALTtex_f	12dgr180_c	-0.0	0.0	0.0	Inf	Inf
GALTtex_f	12ppd__R_c	-0.0	-1000.0	0.0	-0.0	Inf
GALTtex_f	12ppd__S_c	-0.0	0.0	0.0	Inf	Inf
GALTtex_f	5drib_c	-0.0	-999.9998959705836	0.00010402941642970536	-0.0	0.0
GALTtex_f	5mta_c	-0.0	0.0	0.0	Inf	Inf
GALTtex_f	23dhacoa_c	-0.0	-0.0002687037840587436	0.0	-0.0	Inf
GALTtex_f	5mtr_c	-0.0	0.0	0.0	Inf	Inf
GALTtex_f	3amac_c	-0.0	-4.28994548174621	0.0	-0.0	Inf
GALTtex_f	LalaDgluMdap_c	-0.0	-0.012963091586316828	0.0	-0.0	Inf
GALTtex_f	ac_c	-0.0	-2.0165048085744957	0.27176961967825264	-0.0	0.0
GALTtex_f	acald_c	-0.0	0.0	3.3600596238344913	Inf	0.0
GALTtex_f	acetol_c	-0.0	0.0	0.0	Inf	Inf
GALTtex_f	acgam_c	-0.0	-0.04407861659026016	0.0	-0.0	Inf
GALTtex_f	acgam6p_c	-0.0	-0.04407861659026016	0.0	-0.0	Inf
GALTtex_f	acmalt_c	0.0	0.0	0.0	Inf	Inf
GALTtex_f	acmana_c	-0.0	-0.04407861659026016	0.0	-0.0	Inf
GALTtex_f	2dmmq8_c	-0.0	0.0	0.0	Inf	Inf
GALTtex_f	2dmmql8_c	0.0	0.0	0.0	Inf	Inf
GALTtex_f	ade_c	-0.0	-0.050943158576501446	0.0003120882492891161	-0.0	0.0
GALTtex_f	adn_c	-0.0	-0.050943158576501446	0.0003120882492891161	-0.0	0.0
GALTtex_f	3sala_c	0.0	0.0	0.0	Inf	Inf
GALTtex_f	adphep_DD_c	-0.0	0.0	0.0	Inf	Inf
GALTtex_f	adphep_LD_c	-0.0	0.0	0.0	Inf	Inf
GALTtex_f	4ahmmp_c	0.0	0.0	0.0	Inf	Inf
GALTtex_f	4crsol_c	-0.0	-999.9998959705836	0.00010402941642970536	-0.0	0.0
GALTtex_f	2ohph_c	-0.0	-0.00010402941642970536	0.18666997910191618	-0.0	0.0
GALTtex_f	2ombzl_c	-0.0	0.0	0.0	Inf	Inf
GALTtex_f	2omhmbl_c	-0.0	0.0	0.0	Inf	Inf
GALTtex_f	2ommbl_c	-0.0	0.0	0.0	Inf	Inf
GALTtex_f	2omph_c	-0.0	0.0	0.17231074994023032	Inf	0.0
GALTtex_f	4mhetz_c	0.0	0.0	0.0	Inf	Inf
GALTtex_f	2oph_c	-0.0	-0.00010402941642970536	0.18666997910191618	-0.0	0.0
GALTtex_f	2oxpaccoa_c	-0.0	-0.0002687037840587436	0.0	-0.0	Inf
GALTtex_f	all__D_c	-0.0	-7.4328127306589575	0.0	-0.0	Inf
GALTtex_f	alltn_c	-0.0	-1.0724863704365526	0.0	-0.0	Inf
GALTtex_f	4r5au_c	-0.0	-0.00020805883286376475	1.6800298119172457	-0.0	0.0
GALTtex_f	56dura_c	0.0	0.0	0.0	Inf	Inf
GALTtex_f	arab__L_c	-0.0	-9.009469976556312	0.0	-0.0	Inf
GALTtex_f	etoh_c	-0.0	-1000.0	0.0	-0.0	Inf
GALTtex_f	csn_c	-0.0	0.0	0.071788694329598	Inf	0.0
GALTtex_f	fald_c	-0.0	0.0	0.0	Inf	Inf
GALTtex_f	fc1p_c	-0.0	-0.4500000000007276	0.0	-0.0	Inf
GALTtex_f	fcl__L_c	-0.0	0.0	0.0	Inf	Inf
GALTtex_f	aso4_c	0.0	0.0	0.0	Inf	Inf
GALTtex_f	cyan_c	0.0	0.0	0.0	Inf	Inf
GALTtex_f	athtp_c	0.0	0.0	0.0	Inf	Inf
GALTtex_f	cytd_c	-0.0	0.0	0.0	Inf	Inf
GALTtex_f	dad_2_c	-0.0	0.0	0.0	Inf	Inf
GALTtex_f	dad_5_c	-0.0	-0.050943158576501446	0.00010402941642970536	-0.0	0.0
GALTtex_f	betald_c	0.0	0.0	0.0	Inf	Inf
GALTtex_f	btal_c	-0.0	-84.94643120753095	0.0	-0.0	Inf
GALTtex_f	for_c	-0.0	-0.050943158576501446	0.00114432358086657	-0.0	0.0
GALTtex_f	dcyt_c	-0.0	-0.012206429194168925	0.0	-0.0	Inf
GALTtex_f	fru_c	-0.0	-7.4328127306589575	3.3600596238344913	-0.0	0.0
GALTtex_f	ca2_c	-0.0	-0.002428130549446905	594.6250184527166	-0.0	0.0
GALTtex_f	g3pe_c	-0.0	0.0	0.0	Inf	Inf
GALTtex_f	g3pi_c	0.0	0.0	0.0	Inf	Inf
GALTtex_f	cbm_c	-0.0	-2.144972740873105	0.0	-0.0	Inf
GALTtex_f	dha_c	-0.0	-14.157738534588491	0.0	-0.0	Inf
GALTtex_f	gal_c	-0.0	0.0	0.0	Inf	Inf
GALTtex_f	dhgly_c	-0.0	-0.00010402941642970536	0.8400149059586228	-0.0	0.0
GALTtex_f	dhmptp_c	0.0	0.0	0.0	Inf	Inf
GALTtex_f	gcald_c	-0.0	-1.3805384649670154	0.000312088249415865	-0.0	0.0
GALTtex_f	dhptd_c	-0.0	-53.16928296934843	0.00020805883285941073	-0.0	0.0
GALTtex_f	cechddd_c	-0.0	0.0	0.0	Inf	Inf
GALTtex_f	dhptdn_c	0.0	0.0	0.0	Inf	Inf
GALTtex_f	chol_c	0.0	0.0	0.0	Inf	Inf
GALTtex_f	chtbs6p_c	-0.0	0.0	0.0	Inf	Inf
GALTtex_f	dmbzid_c	0.0	0.0	0.0	Inf	Inf
GALTtex_f	dms_c	0.0	0.0	0.0	Inf	Inf
GALTtex_f	dmso_c	0.0	0.0	0.0	Inf	Inf
GALTtex_f	cl_c	-0.0	-0.0024281305494018674	999.9975718694506	-0.0	0.0
GALTtex_f	glc__D_c	-0.0	-7.4328127306589575	3.3600596238344913	-0.0	0.0
GALTtex_f	co2_c	-0.0	-959.149023097956	40.85097690204395	-0.0	0.0
GALTtex_f	dscl_c	-0.0	-0.00010402941642970536	0.17684524335971008	-0.0	0.0
GALTtex_f	dtdp4aaddg_c	-0.0	0.0	0.0	Inf	Inf
GALTtex_f	glyald_c	-0.0	-1000.0	0.0	-0.0	Inf
GALTtex_f	crn_c	-0.0	-594.6250184527166	0.0	-0.0	Inf
GALTtex_f	duri_c	-0.0	-0.012206429194168925	0.0	-0.0	Inf
GALTtex_f	glyb_c	0.0	0.0	0.0	Inf	Inf
GALTtex_f	glyc_c	-0.0	-12.135204458218707	0.0	-0.0	Inf
GALTtex_f	dxyl_c	0.0	0.0	0.0	Inf	Inf
GALTtex_f	glycogen_c	-0.0	-7.0788692672942455	0.0	-0.0	Inf
GALTtex_f	gmhep1p_c	-0.0	0.0	0.049999999999272404	Inf	0.0
GALTtex_f	lipa_cold_c	-0.0	0.0	0.0	Inf	Inf
GALTtex_f	lipidA_c	-0.0	-0.00907621670876034	0.024999999999636202	-0.0	0.0
GALTtex_f	malt_c	0.0	0.0	0.0	Inf	Inf
GALTtex_f	h2_c	-0.0	0.0	0.0	Inf	Inf
GALTtex_f	malthx_c	-0.0	0.0	0.0	Inf	Inf
GALTtex_f	maltpt_c	-0.0	0.0	0.0	Inf	Inf
GALTtex_f	malttr_c	-0.0	0.0	0.0	Inf	Inf
GALTtex_f	maltttr_c	-0.0	0.0	0.0	Inf	Inf
GALTtex_f	h2o2_c	-0.0	-79.70920548893443	0.00116671556224901	-0.0	0.0
GALTtex_f	man_c	-0.0	0.0	0.0	Inf	Inf
GALTtex_f	mdhdhf_c	-0.0	-53.16928296934843	0.00020805883285941073	-0.0	0.0
GALTtex_f	melib_c	-0.0	0.0	0.0	Inf	Inf
GALTtex_f	meoh_c	-0.0	-1000.0	0.0	-0.0	Inf
GALTtex_f	pacald_c	-0.0	-594.6250184527166	0.0	-0.0	Inf
GALTtex_f	metsox_S__L_c	-0.0	0.0	0.0	Inf	Inf
GALTtex_f	mg2_c	-0.0	-0.0040468842489644885	297.3125092263583	-0.0	0.0
GALTtex_f	hhlipa_c	-0.0	0.0	0.0	Inf	Inf
GALTtex_f	pe120_c	-0.0	0.0	0.0	Inf	Inf
GALTtex_f	mobd_c	-0.0	-6.01784516566457e-05	101.34374538682084	-0.0	0.0
GALTtex_f	hlipa_c	-0.0	0.0	0.0	Inf	Inf
GALTtex_f	pg120_c	-0.0	-0.03630486683509143	0.0	-0.0	Inf
GALTtex_f	mql8_c	0.0	0.0	0.0	Inf	Inf
GALTtex_f	mqn8_c	-0.0	0.0	0.0	Inf	Inf
GALTtex_f	mthgxl_c	-0.0	-3.3544075402924136	0.0	-0.0	Inf
GALTtex_f	hqn_c	0.0	0.0	0.0	Inf	Inf
GALTtex_f	mththf_c	-0.0	-999.9997919411671	0.00020805883285941073	-0.0	0.0
GALTtex_f	n2o_c	-0.0	-1000.0	0.0	-0.0	Inf
GALTtex_f	na1_c	-0.0	0.0	0.0	Inf	Inf
GALTtex_f	nac_c	-0.0	0.0	0.0	Inf	Inf
GALTtex_f	ncam_c	-0.0	0.0	0.0	Inf	Inf
GALTtex_f	ni2_c	-0.0	-0.0001506793789542369	999.999849320621	-0.0	0.0
GALTtex_f	no_c	-0.0	-1000.0	0.0	-0.0	Inf
GALTtex_f	indole_c	-0.0	-0.026517238197819468	1.6800298119172457	-0.0	0.0
GALTtex_f	no2_c	-0.0	-594.6250184527166	0.0	-0.0	Inf
GALTtex_f	no3_c	0.0	0.0	0.0	Inf	Inf
GALTtex_f	inost_c	0.0	0.0	0.0	Inf	Inf
GALTtex_f	o2_c	-0.0	-39.854602744467215	960.1453972555328	-0.0	0.0
GALTtex_f	poaac_c	-0.0	-5.038573817349857	0.0	-0.0	Inf
GALTtex_f	ppal_c	-0.0	0.0	0.0	Inf	Inf
GALTtex_f	k_c	-0.0	-0.09105746135048776	405.37498154728337	-0.0	0.0
GALTtex_f	psclys_c	-0.0	0.0	0.0	Inf	Inf
GALTtex_f	lald__D_c	-0.0	0.0	0.0	Inf	Inf
GALTtex_f	lald__L_c	-0.0	-3.3544075402924136	0.0	-0.0	Inf
GALTtex_f	ura_c	-0.0	0.0	0.0	Inf	Inf
GALTtex_f	pydx_c	-0.0	0.0	1.120019874611497	Inf	0.0
GALTtex_f	uracp_c	-0.0	-2.5192869086749283	0.0	-0.0	Inf
GALTtex_f	pydxn_c	-0.0	0.0	1.120019874611497	Inf	0.0
GALTtex_f	urate_c	-0.0	-1.0724863704365526	0.0	-0.0	Inf
GALTtex_f	q8_c	-0.0	0.0	0.0	Inf	Inf
GALTtex_f	q8h2_c	0.0	0.0	0.0	Inf	Inf
GALTtex_f	urea_c	-0.0	-1000.0	0.0	-0.0	Inf
GALTtex_f	uri_c	-0.0	0.0	1.6800298119172457	Inf	0.0
GALTtex_f	rbflvrd_c	-0.0	0.0	0.025471579288250723	Inf	0.0
GALTtex_f	rbl__L_c	-0.0	-9.009469976556312	0.0	-0.0	Inf
GALTtex_f	rdmbzi_c	0.0	0.0	0.0	Inf	Inf
GALTtex_f	thptdn_c	0.0	0.0	0.0	Inf	Inf
GALTtex_f	xan_c	-0.0	0.0	0.0	Inf	Inf
GALTtex_f	rephaccoa_c	-0.0	-0.0002687037840587436	0.0	-0.0	Inf
GALTtex_f	rib__D_c	-0.0	0.0	3.3600596238344913	Inf	0.0
GALTtex_f	xtsn_c	-0.0	0.0	1.3440238495337966	Inf	0.0
GALTtex_f	rml_c	-0.0	-3.3544075402924136	0.0	-0.0	Inf
GALTtex_f	thym_c	-0.0	-405.37498154728337	0.0	-0.0	Inf
GALTtex_f	thymd_c	-0.0	-0.012206429194168925	0.0	-0.0	Inf
GALTtex_f	xu5p__L_c	-0.0	-0.4500000000007276	0.0	-0.0	Inf
GALTtex_f	rmn_c	-0.0	-3.3544075402924136	0.0	-0.0	Inf
GALTtex_f	xyl__D_c	0.0	0.0	0.0	Inf	Inf
GALTtex_f	tmao_c	0.0	0.0	0.0	Inf	Inf
GALTtex_f	xylu__D_c	-0.0	0.0	0.0	Inf	Inf
GALTtex_f	xylu__L_c	-0.0	-9.009469976556312	0.0	-0.0	Inf
GALTtex_f	12ppd__R_e	-0.0	-1000.0	0.0	-0.0	Inf
GALTtex_f	12ppd__S_e	-0.0	-1000.0	0.0	-0.0	Inf
GALTtex_f	tre_c	-0.0	-3.7164063653294788	0.0	-0.0	Inf
GALTtex_f	seln_c	0.0	0.0	0.0	Inf	Inf
GALTtex_f	34dhpac_e	-0.0	-1000.0	0.0	-0.0	Inf
GALTtex_f	slnt_c	0.0	0.0	0.0	Inf	Inf
GALTtex_f	so2_c	0.0	0.0	0.0	Inf	Inf
GALTtex_f	so3_c	-0.0	-0.11563032911024072	20.26874907736417	-0.0	0.0
GALTtex_f	so4_c	-0.0	-0.11765400448450691	405.37498154728337	-0.0	0.0
GALTtex_f	4hoxpacd_e	-0.0	-1000.0	0.0	-0.0	Inf
GALTtex_f	5mtr_e	-0.0	0.0	0.0	Inf	Inf
GALTtex_f	LalaDgluMdap_e	-0.0	-1000.0	0.0	-0.0	Inf
GALTtex_f	ac_e	-0.0	0.0	0.0	Inf	Inf
GALTtex_f	acald_e	-0.0	-1000.0	0.0	-0.0	Inf
GALTtex_f	acgal_e	-0.0	-1000.0	0.0	-0.0	Inf
GALTtex_f	acgam_e	-0.0	-1000.0	0.0	-0.0	Inf
GALTtex_f	acmana_e	-0.0	-1000.0	0.0	-0.0	Inf
GALTtex_f	tagur_c	-0.0	0.0	0.0	Inf	Inf
GALTtex_f	tartr__L_c	-0.0	-1.3805384649670154	0.0	-0.0	Inf
GALTtex_f	ade_e	-0.0	-1000.0	0.0	-0.0	Inf
GALTtex_f	adn_e	-0.0	-1000.0	0.0	-0.0	Inf
GALTtex_f	all__D_e	-0.0	-1000.0	0.0	-0.0	Inf
GALTtex_f	cl_e	-0.0	-0.002428130549446905	999.9975718694506	-0.0	0.0
GALTtex_f	alltn_e	-0.0	0.0	0.0	Inf	Inf
GALTtex_f	cm_e	-0.0	-1000.0	0.0	-0.0	Inf
GALTtex_f	co2_e	-0.0	-959.149023097956	40.85097690204395	-0.0	0.0
GALTtex_f	arab__L_e	-0.0	-1000.0	0.0	-0.0	Inf
GALTtex_f	arbt_e	-0.0	-1000.0	0.0	-0.0	Inf
GALTtex_f	unagamu_c	-0.0	0.0	0.024999999999636202	Inf	0.0
GALTtex_f	crn_e	-0.0	-1000.0	0.0	-0.0	Inf
GALTtex_f	csn_e	-0.0	-1000.0	0.0	-0.0	Inf
GALTtex_f	cyan_e	-0.0	-1000.0	0.0	-0.0	Inf
GALTtex_f	glyb_e	-0.0	-1000.0	0.0	-0.0	Inf
GALTtex_f	glyc_e	-0.0	-1000.0	0.0	-0.0	Inf
GALTtex_f	cytd_e	-0.0	-1000.0	0.0	-0.0	Inf
GALTtex_f	ca2_e	-0.0	-0.002428130549446905	999.9975718694506	-0.0	0.0
GALTtex_f	dad_2_e	-0.0	-1000.0	0.0	-0.0	Inf
GALTtex_f	dcyt_e	-0.0	-1000.0	0.0	-0.0	Inf
GALTtex_f	chol_e	-0.0	-1000.0	0.0	-0.0	Inf
GALTtex_f	dha_e	-0.0	-1000.0	0.0	-0.0	Inf
GALTtex_f	ppal_e	-0.0	-1000.0	0.0	-0.0	Inf
GALTtex_f	h2_e	-0.0	-1000.0	0.0	-0.0	Inf
GALTtex_f	dms_e	-0.0	-1000.0	0.0	-0.0	Inf
GALTtex_f	dmso_e	-0.0	-1000.0	0.0	-0.0	Inf
GALTtex_f	h2o2_e	-0.0	-1000.0	0.0	-0.0	Inf
GALTtex_f	psclys_e	-0.0	-1000.0	0.0	-0.0	Inf
GALTtex_f	duri_e	-0.0	-1000.0	0.0	-0.0	Inf
GALTtex_f	pydx_e	-0.0	-1000.0	0.0	-0.0	Inf
GALTtex_f	pydxn_e	-0.0	-1000.0	0.0	-0.0	Inf
GALTtex_f	etoh_e	-0.0	-1000.0	0.0	-0.0	Inf
GALTtex_f	fald_e	-0.0	0.0	0.0	Inf	Inf
GALTtex_f	rib__D_e	-0.0	-1000.0	0.0	-0.0	Inf
GALTtex_f	rmn_e	-0.0	-1000.0	0.0	-0.0	Inf
GALTtex_f	indole_e	-0.0	-1000.0	0.0	-0.0	Inf
GALTtex_f	inost_e	-0.0	-1000.0	0.0	-0.0	Inf
GALTtex_f	sbt__D_e	-0.0	-3.3544075402924136	0.0	-0.0	Inf
GALTtex_f	k_e	-0.0	-0.09105746135048776	999.9089425386495	-0.0	0.0
GALTtex_f	for_e	-0.0	0.0	0.00114432358086657	Inf	0.0
GALTtex_f	slnt_e	-0.0	0.0	1000.0	Inf	0.0
GALTtex_f	fru_e	-0.0	-1000.0	0.0	-0.0	Inf
GALTtex_f	so2_e	-0.0	-1000.0	0.0	-0.0	Inf
GALTtex_f	so3_e	-0.0	-1000.0	0.0	-0.0	Inf
GALTtex_f	so4_e	-0.0	-0.11765400448450691	999.8823459955155	-0.0	0.0
GALTtex_f	lipa_cold_e	-0.0	-1000.0	0.0	-0.0	Inf
GALTtex_f	sucr_e	-0.0	-1000.0	0.0	-0.0	Inf
GALTtex_f	g3pe_e	-0.0	-1000.0	0.0	-0.0	Inf
GALTtex_f	malt_e	-0.0	-1000.0	0.0	-0.0	Inf
GALTtex_f	tartr__L_e	-0.0	-1000.0	0.0	-0.0	Inf
GALTtex_f	g3pi_e	-0.0	-1000.0	0.0	-0.0	Inf
GALTtex_f	malthx_e	-0.0	-1000.0	0.0	-0.0	Inf
GALTtex_f	maltpt_e	-0.0	-1000.0	0.0	-0.0	Inf
GALTtex_f	gal_e	-0.0	-1000.0	0.0	-0.0	Inf
GALTtex_f	gal_bD_e	-0.0	-1000.0	0.0	-0.0	Inf
GALTtex_f	malttr_e	-0.0	-1000.0	0.0	-0.0	Inf
GALTtex_f	maltttr_e	-0.0	-1000.0	0.0	-0.0	Inf
GALTtex_f	man_e	-0.0	-1000.0	0.0	-0.0	Inf
GALTtex_f	thym_e	-0.0	-1000.0	0.0	-0.0	Inf
GALTtex_f	thymd_e	-0.0	-1000.0	0.0	-0.0	Inf
GALTtex_f	galt_e	-1.0	0.0	0.0	Inf	Inf
GALTtex_f	melib_e	-0.0	-1000.0	0.0	-0.0	Inf
GALTtex_f	meoh_e	-0.0	-1000.0	0.0	-0.0	Inf
GALTtex_f	tmao_e	-0.0	-1000.0	0.0	-0.0	Inf
GALTtex_f	tre_e	-0.0	-1000.0	0.0	-0.0	Inf
GALTtex_f	metsox_S__L_e	-0.0	-1000.0	0.0	-0.0	Inf
GALTtex_f	glc__D_e	-0.0	-7.526898967755907	3.3600596238344913	-0.0	0.0
GALTtex_f	mg2_e	-0.0	-0.0040468842489644885	999.995953115751	-0.0	0.0
GALTtex_f	mnl_e	-0.0	-1000.0	0.0	-0.0	Inf
GALTtex_f	mobd_e	-0.0	-6.017845169026259e-05	999.9999398215483	-0.0	0.0
GALTtex_f	glyald_e	-0.0	-1000.0	0.0	-0.0	Inf
GALTtex_f	n2o_e	-0.0	-1000.0	0.0	-0.0	Inf
GALTtex_f	na1_e	-0.0	0.0	1000.0	Inf	0.0
GALTtex_f	nac_e	-0.0	-1000.0	0.0	-0.0	Inf
GALTtex_f	ni2_e	-0.0	-0.0001506793789758376	999.999849320621	-0.0	0.0
GALTtex_f	no_e	-0.0	-1000.0	0.0	-0.0	Inf
GALTtex_f	no2_e	-0.0	-1000.0	0.0	-0.0	Inf
GALTtex_f	ura_e	-0.0	-1000.0	0.0	-0.0	Inf
GALTtex_f	no3_e	-0.0	-1000.0	0.0	-0.0	Inf
GALTtex_f	urea_e	-0.0	-1000.0	0.0	-0.0	Inf
GALTtex_f	novbcn_e	-0.0	-1000.0	0.0	-0.0	Inf
GALTtex_f	uri_e	-0.0	-1000.0	0.0	-0.0	Inf
GALTtex_f	o2_e	-0.0	-39.85460274446723	960.1453972555328	-0.0	0.0
GALTtex_f	xan_e	-0.0	0.0	0.0	Inf	Inf
GALTtex_f	xtsn_e	-0.0	-1000.0	0.0	-0.0	Inf
GALTtex_f	xyl__D_e	-0.0	-1000.0	0.0	-0.0	Inf
GALTtex_f	xylu__L_e	-0.0	-1000.0	0.0	-0.0	Inf
GALTtex_f	pacald_e	-0.0	-1000.0	0.0	-0.0	Inf
GALTtex_f	12dgr120_p	-0.0	0.0	0.0	Inf	Inf
GALTtex_f	12dgr140_p	-0.0	0.0	0.0	Inf	Inf
GALTtex_f	12dgr160_p	-0.0	-0.0297692070853941	0.0	-0.0	Inf
GALTtex_f	12dgr180_p	-0.0	0.0	0.0	Inf	Inf
GALTtex_f	12ppd__R_p	-0.0	-1000.0	0.0	-0.0	Inf
GALTtex_f	12ppd__S_p	-0.0	0.0	0.0	Inf	Inf
GALTtex_f	chol_p	-0.0	-1000.0	0.0	-0.0	Inf
GALTtex_f	cl_p	-0.0	-0.002428130549446905	999.9975718694506	-0.0	0.0
GALTtex_f	34dhpac_p	-0.0	-1000.0	0.0	-0.0	Inf
GALTtex_f	cm_p	-0.0	0.0	0.0	Inf	Inf
GALTtex_f	4hoxpacd_p	-0.0	-1000.0	0.0	-0.0	Inf
GALTtex_f	co2_p	-0.0	-959.149023097956	40.85097690204395	-0.0	0.0
GALTtex_f	5mtr_p	-0.0	0.0	0.0	Inf	Inf
GALTtex_f	LalaDgluMdap_p	-0.0	-0.012963091586316828	0.0	-0.0	Inf
GALTtex_f	gal_p	-0.0	-1000.0	0.0	-0.0	Inf
GALTtex_f	ac_p	-0.0	-2.0165048085744957	0.0	-0.0	Inf
GALTtex_f	crn_p	-0.0	-1000.0	0.0	-0.0	Inf
GALTtex_f	gal_bD_p	-0.0	-1000.0	0.0	-0.0	Inf
GALTtex_f	acald_p	-0.0	-1000.0	0.0	-0.0	Inf
GALTtex_f	acgal_p	-0.0	-1000.0	0.0	-0.0	Inf
GALTtex_f	csn_p	-0.0	0.0	0.0	Inf	Inf
GALTtex_f	acgam_p	-0.0	-1000.0	0.0	-0.0	Inf
GALTtex_f	galt_p	-0.0	-3.3544075402924136	0.0	-0.0	Inf
GALTtex_f	acmana_p	-0.0	-1000.0	0.0	-0.0	Inf
GALTtex_f	cyan_p	-0.0	0.0	0.0	Inf	Inf
GALTtex_f	ade_p	-0.0	-1000.0	0.0	-0.0	Inf
GALTtex_f	adn_p	-0.0	0.0	0.0003120882492891161	Inf	0.0
GALTtex_f	cytd_p	-0.0	0.0	0.0	Inf	Inf
GALTtex_f	glc__D_p	-0.0	-7.526898967755907	3.3600596238344913	-0.0	0.0
GALTtex_f	dad_2_p	-0.0	-1000.0	0.0	-0.0	Inf
GALTtex_f	dcyt_p	-0.0	-1000.0	0.0	-0.0	Inf
GALTtex_f	all__D_p	-0.0	0.0	0.0	Inf	Inf
GALTtex_f	alltn_p	-0.0	0.0	0.0	Inf	Inf
GALTtex_f	dha_p	-0.0	-1000.0	0.0	-0.0	Inf
GALTtex_f	glyald_p	-0.0	-1000.0	0.0	-0.0	Inf
GALTtex_f	glyb_p	0.0	0.0	0.0	Inf	Inf
GALTtex_f	dms_p	-0.0	-1000.0	0.0	-0.0	Inf
GALTtex_f	glyc_p	-0.0	-12.135204458218707	0.0	-0.0	Inf
GALTtex_f	dmso_p	-0.0	-1000.0	0.0	-0.0	Inf
GALTtex_f	arab__L_p	-0.0	0.0	0.0	Inf	Inf
GALTtex_f	arbt_p	0.0	0.0	0.0	Inf	Inf
GALTtex_f	ca2_p	-0.0	-0.002428130549446905	999.9975718694506	-0.0	0.0
GALTtex_f	duri_p	-0.0	-1000.0	0.0	-0.0	Inf
GALTtex_f	h2_p	-0.0	-1000.0	0.0	-0.0	Inf
GALTtex_f	h2o2_p	-0.0	-1000.0	0.0	-0.0	Inf
GALTtex_f	etoh_p	-0.0	-1000.0	0.0	-0.0	Inf
GALTtex_f	fald_p	-0.0	0.0	0.0	Inf	Inf
GALTtex_f	n2o_p	-0.0	-1000.0	0.0	-0.0	Inf
GALTtex_f	na1_p	-0.0	0.0	0.0	Inf	Inf
GALTtex_f	indole_p	-0.0	0.0	1.6800298119172457	Inf	0.0
GALTtex_f	nac_p	-0.0	-1000.0	0.0	-0.0	Inf
GALTtex_f	ni2_p	-0.0	-0.0001506793789758376	999.999849320621	-0.0	0.0
GALTtex_f	inost_p	-0.0	-1000.0	0.0	-0.0	Inf
GALTtex_f	no_p	-0.0	-1000.0	0.0	-0.0	Inf
GALTtex_f	no2_p	-0.0	-1000.0	0.0	-0.0	Inf
GALTtex_f	for_p	-0.0	0.0	0.00114432358086657	Inf	0.0
GALTtex_f	fru_p	-0.0	-1000.0	0.0	-0.0	Inf
GALTtex_f	no3_p	-0.0	0.0	0.0	Inf	Inf
GALTtex_f	k_p	-0.0	-0.09105746135048776	999.9089425386495	-0.0	0.0
GALTtex_f	novbcn_p	-0.0	0.0	0.0	Inf	Inf
GALTtex_f	o2_p	-0.0	-39.85460274446723	960.1453972555328	-0.0	0.0
GALTtex_f	lipa_cold_p	-0.0	-101.34374538682084	0.0	-0.0	Inf
GALTtex_f	g3pe_p	-0.0	0.0	0.0	Inf	Inf
GALTtex_f	g3pi_p	-0.0	0.0	0.0	Inf	Inf
GALTtex_f	so3_p	-0.0	-1000.0	0.0	-0.0	Inf
GALTtex_f	so4_p	-0.0	-0.11765400448450691	999.8823459955155	-0.0	0.0
GALTtex_f	malt_p	0.0	0.0	0.0	Inf	Inf
GALTtex_f	malthx_p	0.0	0.0	0.0	Inf	Inf
GALTtex_f	maltpt_p	0.0	0.0	0.0	Inf	Inf
GALTtex_f	sucr_p	-0.0	-1000.0	0.0	-0.0	Inf
GALTtex_f	malttr_p	0.0	0.0	0.0	Inf	Inf
GALTtex_f	maltttr_p	0.0	0.0	0.0	Inf	Inf
GALTtex_f	pacald_p	-0.0	-1000.0	0.0	-0.0	Inf
GALTtex_f	man_p	-0.0	-1000.0	0.0	-0.0	Inf
GALTtex_f	tartr__L_p	-0.0	-1000.0	0.0	-0.0	Inf
GALTtex_f	pe120_p	-0.0	0.0	0.0	Inf	Inf
GALTtex_f	melib_p	-0.0	-1000.0	0.0	-0.0	Inf
GALTtex_f	meoh_p	-0.0	-1000.0	0.0	-0.0	Inf
GALTtex_f	thym_p	-0.0	-1000.0	0.0	-0.0	Inf
GALTtex_f	thymd_p	-0.0	-0.012206429194168925	0.0	-0.0	Inf
GALTtex_f	pg120_p	-0.0	-0.03630486683509143	0.0	-0.0	Inf
GALTtex_f	metsox_S__L_p	-0.0	-1000.0	0.0	-0.0	Inf
GALTtex_f	tmao_p	-0.0	-1000.0	0.0	-0.0	Inf
GALTtex_f	mg2_p	-0.0	-0.0040468842489644885	999.995953115751	-0.0	0.0
GALTtex_f	tre_p	-0.0	0.0	0.0	Inf	Inf
GALTtex_f	mnl_p	-0.0	0.0	0.0	Inf	Inf
GALTtex_f	mobd_p	-0.0	-6.017845169026259e-05	999.9999398215483	-0.0	0.0
GALTtex_f	ura_p	-0.0	-1000.0	0.0	-0.0	Inf
GALTtex_f	urea_p	-0.0	-1000.0	0.0	-0.0	Inf
GALTtex_f	uri_p	-0.0	0.0	0.0	Inf	Inf
GALTtex_f	xan_p	-0.0	0.0	0.0	Inf	Inf
GALTtex_f	xtsn_p	-0.0	0.0	0.0	Inf	Inf
GALTtex_f	xyl__D_p	-0.0	0.0	0.0	Inf	Inf
GALTtex_f	xylu__L_p	-0.0	-1000.0	0.0	-0.0	Inf
GALTtex_f	ppal_p	-0.0	-1000.0	0.0	-0.0	Inf
GALTtex_f	psclys_p	-0.0	-1000.0	0.0	-0.0	Inf
GALTtex_f	pydx_p	-0.0	0.0	0.0	Inf	Inf
GALTtex_f	pydxn_p	-0.0	0.0	0.0	Inf	Inf
GALTtex_f	rib__D_p	-0.0	-1000.0	0.0	-0.0	Inf
GALTtex_f	rmn_p	-0.0	-1000.0	0.0	-0.0	Inf
GALTtex_f	sbt__D_p	-0.0	-3.3544075402924136	0.0	-0.0	Inf
GALTtex_f	slnt_p	-0.0	0.0	0.0	Inf	Inf
GALTtex_f	so2_p	-0.0	-1000.0	0.0	-0.0	Inf
