Reaction	Metabolite	ShadowPrice	G-	G+	DecrementalShadowPrice	IncrementalShadowPrice
GAPD_f	12dgr120_c	-0.0	0.0	0.0	Inf	Inf
GAPD_f	12dgr140_c	-0.0	0.0	0.0	Inf	Inf
GAPD_f	12dgr160_c	-0.0	-0.0297692070853941	0.0	-0.0	Inf
GAPD_f	12dgr180_c	-0.0	0.0	0.0	Inf	Inf
GAPD_f	12ppd__R_c	-0.0	-1000.0	0.0	-0.0	Inf
GAPD_f	12ppd__S_c	-0.0	0.0	0.0	Inf	Inf
GAPD_f	5drib_c	-0.0	-999.9998959705836	0.00010402941642970536	-0.0	0.0
GAPD_f	5mta_c	-0.0	0.0	0.0	Inf	Inf
GAPD_f	23dhacoa_c	-0.0	-0.0002687037849682661	0.0	-0.0	Inf
GAPD_f	5mtr_c	-0.0	0.0	0.0	Inf	Inf
GAPD_f	3amac_c	-0.0	-4.28994548174496	0.0	-0.0	Inf
GAPD_f	LalaDgluMdap_c	-0.0	-0.012963091586316828	0.0	-0.0	Inf
GAPD_f	ac_c	-0.0	-4.28994548174496	1.7346750985527706	-0.0	0.0
GAPD_f	acald_c	-0.0	0.0	1.7346750985527706	Inf	0.0
GAPD_f	acetol_c	-0.0	0.0	0.0	Inf	Inf
GAPD_f	acgam_c	-0.0	-0.04407861659026016	0.0	-0.0	Inf
GAPD_f	acgam6p_c	-0.0	-0.04407861659026016	0.0	-0.0	Inf
GAPD_f	acmalt_c	0.0	0.0	0.0	Inf	Inf
GAPD_f	acmana_c	-0.0	-0.04407861659026016	0.0	-0.0	Inf
GAPD_f	2dmmq8_c	-0.0	0.0	0.0	Inf	Inf
GAPD_f	2dmmql8_c	0.0	0.0	0.0	Inf	Inf
GAPD_f	ade_c	-0.0	-0.05094315857786569	0.0003120882492891161	-0.0	0.0
GAPD_f	adn_c	-0.0	0.0	0.0003120882492891161	Inf	0.0
GAPD_f	3sala_c	0.0	0.0	0.0	Inf	Inf
GAPD_f	adphep_DD_c	-0.0	0.0	0.0	Inf	Inf
GAPD_f	adphep_LD_c	-0.0	0.0	0.0	Inf	Inf
GAPD_f	4ahmmp_c	0.0	0.0	0.0	Inf	Inf
GAPD_f	4crsol_c	-0.0	-999.9998959705836	0.00010402941642970536	-0.0	0.0
GAPD_f	2ohph_c	-0.0	-0.00010402941642970536	0.09637083880848725	-0.0	0.0
GAPD_f	2ombzl_c	-0.0	0.0	0.0	Inf	Inf
GAPD_f	2omhmbl_c	-0.0	0.0	0.0	Inf	Inf
GAPD_f	2ommbl_c	0.0	0.0	0.0	Inf	Inf
GAPD_f	2omph_c	-0.0	0.0	0.08895769736168055	Inf	0.0
GAPD_f	4mhetz_c	0.0	0.0	0.0	Inf	Inf
GAPD_f	2oph_c	-0.0	-0.00010402941642970536	0.09637083880848725	-0.0	0.0
GAPD_f	2oxpaccoa_c	-0.0	-0.0002687037849682661	0.0	-0.0	Inf
GAPD_f	all__D_c	-0.0	-1.904994370909094	0.0	-0.0	Inf
GAPD_f	alltn_c	-0.0	-1.07248637043624	0.0	-0.0	Inf
GAPD_f	4r5au_c	-0.0	-0.00020805883286811877	0.8673375492763853	-0.0	0.0
GAPD_f	56dura_c	0.0	0.0	0.0	Inf	Inf
GAPD_f	arab__L_c	-0.0	-1.904994370909094	0.0	-0.0	Inf
GAPD_f	etoh_c	-0.0	-1000.0	0.0	-0.0	Inf
GAPD_f	csn_c	-0.0	0.0	0.08439211470579266	Inf	0.0
GAPD_f	fald_c	-0.0	0.0	0.0	Inf	Inf
GAPD_f	fc1p_c	-0.0	0.0	0.0	Inf	Inf
GAPD_f	fcl__L_c	-0.0	0.0	0.0	Inf	Inf
GAPD_f	aso4_c	0.0	0.0	0.0	Inf	Inf
GAPD_f	cyan_c	0.0	0.0	0.0	Inf	Inf
GAPD_f	athtp_c	0.0	0.0	0.0	Inf	Inf
GAPD_f	cytd_c	-0.0	-0.0748848523424879	0.0	-0.0	Inf
GAPD_f	dad_2_c	-0.0	0.0	0.0	Inf	Inf
GAPD_f	dad_5_c	-0.0	-0.05094315857786569	0.00010402941642970536	-0.0	0.0
GAPD_f	betald_c	0.0	0.0	0.0	Inf	Inf
GAPD_f	btal_c	-0.0	-494.2043447887287	0.0	-0.0	Inf
GAPD_f	for_c	-0.0	-0.05094315857786569	0.0011443235807659451	-0.0	0.0
GAPD_f	dcyt_c	-0.0	-0.012206429194179691	0.0	-0.0	Inf
GAPD_f	fru_c	-0.0	-1.904994370909094	1.7346750985527706	-0.0	0.0
GAPD_f	ca2_c	-0.0	-0.002428130549446905	999.9975718694506	-0.0	0.0
GAPD_f	g3pe_c	-0.0	0.0	0.0	Inf	Inf
GAPD_f	g3pi_c	0.0	0.0	0.0	Inf	Inf
GAPD_f	cbm_c	-0.0	-2.14497274087248	0.0	-0.0	Inf
GAPD_f	dha_c	-0.0	-82.36739079812145	0.0	-0.0	Inf
GAPD_f	gal_c	-0.0	0.0	0.0	Inf	Inf
GAPD_f	dhgly_c	-0.0	-0.00010402941642970536	0.43366877463819264	-0.0	0.0
GAPD_f	dhmptp_c	0.0	0.0	0.0	Inf	Inf
GAPD_f	gcald_c	-0.0	-1.3805384649681929	0.00031208824930217816	-0.0	0.0
GAPD_f	dhptd_c	-0.0	-53.169282969346774	0.00020805883285941076	-0.0	0.0
GAPD_f	cechddd_c	-0.0	0.0	0.0	Inf	Inf
GAPD_f	dhptdn_c	0.0	0.0	0.0	Inf	Inf
GAPD_f	chol_c	0.0	0.0	0.0	Inf	Inf
GAPD_f	chtbs6p_c	-0.0	0.0	0.0	Inf	Inf
GAPD_f	dmbzid_c	0.0	0.0	0.0	Inf	Inf
GAPD_f	dms_c	0.0	0.0	0.0	Inf	Inf
GAPD_f	dmso_c	0.0	0.0	0.0	Inf	Inf
GAPD_f	cl_c	-0.0	-0.0024281305494018674	999.9975718694506	-0.0	0.0
GAPD_f	glc__D_c	-0.0	-1.904994370909094	1.7346750985527706	-0.0	0.0
GAPD_f	co2_c	-0.0	-959.1490230979745	40.850976902025536	-0.0	0.0
GAPD_f	dscl_c	-0.0	-0.00010402941642970536	0.06424722587232484	-0.0	0.0
GAPD_f	dtdp4aaddg_c	-0.0	0.0	0.0	Inf	Inf
GAPD_f	glyald_c	-0.0	-1000.0	0.0	-0.0	Inf
GAPD_f	crn_c	-0.0	-1000.0	0.0	-0.0	Inf
GAPD_f	duri_c	-0.0	-0.012206429194179691	0.0	-0.0	Inf
GAPD_f	glyb_c	0.0	0.0	0.0	Inf	Inf
GAPD_f	glyc_c	-0.0	0.0	1.7346750985527706	Inf	0.0
GAPD_f	dxyl_c	0.0	0.0	0.0	Inf	Inf
GAPD_f	glycogen_c	-0.0	-1.904994370909094	0.0	-0.0	Inf
GAPD_f	gmhep1p_c	-0.0	0.0	0.0499999999941565	Inf	0.0
GAPD_f	lipa_cold_c	-0.0	0.0	0.0	Inf	Inf
GAPD_f	lipidA_c	-0.0	-0.009076216708734819	0.02499999999707825	-0.0	0.0
GAPD_f	malt_c	0.0	0.0	0.0	Inf	Inf
GAPD_f	h2_c	-0.0	0.0	0.0	Inf	Inf
GAPD_f	malthx_c	-0.0	0.0	0.0	Inf	Inf
GAPD_f	maltpt_c	-0.0	0.0	0.0	Inf	Inf
GAPD_f	malttr_c	-0.0	0.0	0.0	Inf	Inf
GAPD_f	maltttr_c	-0.0	0.0	0.0	Inf	Inf
GAPD_f	h2o2_c	-0.0	-79.70920548889649	0.0010626861458149506	-0.0	0.0
GAPD_f	man_c	-0.0	0.0	0.0	Inf	Inf
GAPD_f	mdhdhf_c	-0.0	-53.169282969346774	0.00020805883285941076	-0.0	0.0
GAPD_f	melib_c	-0.0	0.0	0.0	Inf	Inf
GAPD_f	meoh_c	-0.0	-1000.0	0.0	-0.0	Inf
GAPD_f	pacald_c	-0.0	-1000.0	0.0	-0.0	Inf
GAPD_f	metsox_S__L_c	-0.0	-0.05094315857786569	0.0	-0.0	Inf
GAPD_f	mg2_c	-0.0	-0.0040468842489644885	999.995953115751	-0.0	0.0
GAPD_f	hhlipa_c	-0.0	0.0	0.0	Inf	Inf
GAPD_f	pe120_c	-0.0	0.0	0.0	Inf	Inf
GAPD_f	mobd_c	-0.0	-6.01784516566457e-05	110.0890169335682	-0.0	0.0
GAPD_f	hlipa_c	-0.0	0.0	0.0	Inf	Inf
GAPD_f	pg120_c	-0.0	0.0	0.0	Inf	Inf
GAPD_f	mql8_c	0.0	0.0	0.0	Inf	Inf
GAPD_f	mqn8_c	-0.0	0.0	0.0	Inf	Inf
GAPD_f	mthgxl_c	-0.0	0.0	0.0	Inf	Inf
GAPD_f	hqn_c	0.0	0.0	0.0	Inf	Inf
GAPD_f	mththf_c	-0.0	-999.9997919411671	0.00020805883285941076	-0.0	0.0
GAPD_f	n2o_c	-0.0	-1000.0	0.0	-0.0	Inf
GAPD_f	na1_c	-0.0	0.0	0.0	Inf	Inf
GAPD_f	nac_c	-0.0	0.0	0.0	Inf	Inf
GAPD_f	ncam_c	-0.0	0.0	0.0	Inf	Inf
GAPD_f	ni2_c	-0.0	-0.0001506793789542369	999.999849320621	-0.0	0.0
GAPD_f	no_c	-0.0	-1000.0	0.0	-0.0	Inf
GAPD_f	indole_c	-0.0	-0.026517238197819468	0.8673375492763853	-0.0	0.0
GAPD_f	no2_c	-0.0	-1000.0	0.0	-0.0	Inf
GAPD_f	no3_c	0.0	0.0	0.0	Inf	Inf
GAPD_f	inost_c	0.0	0.0	0.0	Inf	Inf
GAPD_f	o2_c	-0.0	-39.85460274444824	960.1453972555518	-0.0	0.0
GAPD_f	poaac_c	-0.0	-5.038573817355427	0.0	-0.0	Inf
GAPD_f	ppal_c	-0.0	0.0	0.0	Inf	Inf
GAPD_f	k_c	-0.0	-0.09105746135048776	440.3560677342728	-0.0	0.0
GAPD_f	psclys_c	-0.0	0.0	0.0	Inf	Inf
GAPD_f	lald__D_c	-0.0	0.0	0.0	Inf	Inf
GAPD_f	lald__L_c	-0.0	0.0	0.0	Inf	Inf
GAPD_f	ura_c	-0.0	0.0	0.0	Inf	Inf
GAPD_f	pydx_c	-0.0	0.0	0.5782250328509235	Inf	0.0
GAPD_f	uracp_c	-0.0	-2.5192869086777137	0.0	-0.0	Inf
GAPD_f	pydxn_c	-0.0	0.0	0.5782250328509235	Inf	0.0
GAPD_f	urate_c	-0.0	-1.07248637043624	0.0	-0.0	Inf
GAPD_f	q8_c	-0.0	0.0	0.0	Inf	Inf
GAPD_f	q8h2_c	-0.0	0.0	0.0	Inf	Inf
GAPD_f	urea_c	-0.0	-1000.0	0.0	-0.0	Inf
GAPD_f	uri_c	-0.0	0.0	0.0	Inf	Inf
GAPD_f	rbflvrd_c	-0.0	0.0	0.025471579288932844	Inf	0.0
GAPD_f	rbl__L_c	-0.0	-1.904994370909094	0.0	-0.0	Inf
GAPD_f	rdmbzi_c	0.0	0.0	0.0	Inf	Inf
GAPD_f	thptdn_c	0.0	0.0	0.0	Inf	Inf
GAPD_f	xan_c	-0.0	0.0	0.0	Inf	Inf
GAPD_f	rephaccoa_c	-0.0	-0.0002687037849682661	0.0	-0.0	Inf
GAPD_f	rib__D_c	-0.0	0.0	0.0	Inf	Inf
GAPD_f	xtsn_c	-0.0	0.0	0.0	Inf	Inf
GAPD_f	rml_c	-0.0	0.0	0.0	Inf	Inf
GAPD_f	thym_c	-0.0	-440.3560677342728	0.0	-0.0	Inf
GAPD_f	thymd_c	-0.0	0.0	0.49562145672936303	Inf	0.0
GAPD_f	xu5p__L_c	-0.0	-0.4500000000058435	0.0	-0.0	Inf
GAPD_f	rmn_c	-0.0	0.0	0.0	Inf	Inf
GAPD_f	xyl__D_c	0.0	0.0	0.0	Inf	Inf
GAPD_f	tmao_c	0.0	0.0	0.0	Inf	Inf
GAPD_f	xylu__D_c	-0.0	0.0	0.0	Inf	Inf
GAPD_f	xylu__L_c	-0.0	-1.904994370909094	0.0	-0.0	Inf
GAPD_f	12ppd__R_e	-0.0	-1000.0	0.0	-0.0	Inf
GAPD_f	12ppd__S_e	-0.0	-1000.0	0.0	-0.0	Inf
GAPD_f	tre_c	-0.0	-0.952497185454547	0.0	-0.0	Inf
GAPD_f	seln_c	0.0	0.0	0.0	Inf	Inf
GAPD_f	34dhpac_e	-0.0	-1000.0	0.0	-0.0	Inf
GAPD_f	slnt_c	0.0	0.0	0.0	Inf	Inf
GAPD_f	so2_c	0.0	0.0	0.0	Inf	Inf
GAPD_f	so3_c	-0.0	-0.11563032911115023	22.01780338671364	-0.0	0.0
GAPD_f	so4_c	-0.0	-0.11765400448541641	440.3560677342728	-0.0	0.0
GAPD_f	4hoxpacd_e	-0.0	-1000.0	0.0	-0.0	Inf
GAPD_f	5mtr_e	-0.0	0.0	0.0	Inf	Inf
GAPD_f	LalaDgluMdap_e	-0.0	-1000.0	0.0	-0.0	Inf
GAPD_f	ac_e	-0.0	0.0	0.0	Inf	Inf
GAPD_f	acald_e	-0.0	-1000.0	0.0	-0.0	Inf
GAPD_f	acgal_e	-0.0	-1000.0	0.0	-0.0	Inf
GAPD_f	acgam_e	-0.0	-1000.0	0.0	-0.0	Inf
GAPD_f	acmana_e	-0.0	-1000.0	0.0	-0.0	Inf
GAPD_f	tagur_c	-0.0	0.0	0.0	Inf	Inf
GAPD_f	tartr__L_c	-0.0	-1.3805384649681929	0.0	-0.0	Inf
GAPD_f	ade_e	-0.0	-1000.0	0.0	-0.0	Inf
GAPD_f	adn_e	-0.0	-1000.0	0.0	-0.0	Inf
GAPD_f	all__D_e	-0.0	-1000.0	0.0	-0.0	Inf
GAPD_f	cl_e	-0.0	-0.002428130549446905	999.9975718694506	-0.0	0.0
GAPD_f	alltn_e	-0.0	0.0	0.0	Inf	Inf
GAPD_f	cm_e	-0.0	-1000.0	0.0	-0.0	Inf
GAPD_f	co2_e	-0.0	-959.1490230979745	40.850976902025536	-0.0	0.0
GAPD_f	arab__L_e	-0.0	-1000.0	0.0	-0.0	Inf
GAPD_f	arbt_e	-0.0	-1000.0	0.0	-0.0	Inf
GAPD_f	unagamu_c	-0.0	0.0	0.02499999999707825	Inf	0.0
GAPD_f	crn_e	-0.0	-1000.0	0.0	-0.0	Inf
GAPD_f	csn_e	-0.0	-1000.0	0.0	-0.0	Inf
GAPD_f	cyan_e	-0.0	-1000.0	0.0	-0.0	Inf
GAPD_f	glyb_e	-0.0	-1000.0	0.0	-0.0	Inf
GAPD_f	glyc_e	-0.0	-1000.0	0.0	-0.0	Inf
GAPD_f	cytd_e	-0.0	-1000.0	0.0	-0.0	Inf
GAPD_f	ca2_e	-0.0	-0.002428130549446905	999.9975718694506	-0.0	0.0
GAPD_f	dad_2_e	-0.0	-1000.0	0.0	-0.0	Inf
GAPD_f	dcyt_e	-0.0	-1000.0	0.0	-0.0	Inf
GAPD_f	chol_e	-0.0	-1000.0	0.0	-0.0	Inf
GAPD_f	dha_e	-0.0	-1000.0	0.0	-0.0	Inf
GAPD_f	ppal_e	-0.0	-1000.0	0.0	-0.0	Inf
GAPD_f	h2_e	-0.0	-1000.0	0.0	-0.0	Inf
GAPD_f	dms_e	-0.0	-1000.0	0.0	-0.0	Inf
GAPD_f	dmso_e	-0.0	-1000.0	0.0	-0.0	Inf
GAPD_f	h2o2_e	-0.0	-1000.0	0.0	-0.0	Inf
GAPD_f	psclys_e	-0.0	-1000.0	0.0	-0.0	Inf
GAPD_f	duri_e	-0.0	-1000.0	0.0	-0.0	Inf
GAPD_f	pydx_e	-0.0	-1000.0	0.0	-0.0	Inf
GAPD_f	pydxn_e	-0.0	-1000.0	0.0	-0.0	Inf
GAPD_f	etoh_e	-0.0	-1000.0	0.0	-0.0	Inf
GAPD_f	fald_e	-0.0	0.0	0.0	Inf	Inf
GAPD_f	rib__D_e	-0.0	-1000.0	0.0	-0.0	Inf
GAPD_f	rmn_e	-0.0	-1000.0	0.0	-0.0	Inf
GAPD_f	indole_e	-0.0	-1000.0	0.0	-0.0	Inf
GAPD_f	inost_e	-0.0	-1000.0	0.0	-0.0	Inf
GAPD_f	sbt__D_e	-0.0	-37.06830056028136	0.0	-0.0	Inf
GAPD_f	k_e	-0.0	-0.09105746135048776	999.9089425386495	-0.0	0.0
GAPD_f	for_e	-0.0	0.0	0.0011443235807659451	Inf	0.0
GAPD_f	slnt_e	-0.0	0.0	1000.0	Inf	0.0
GAPD_f	fru_e	-0.0	-1000.0	0.0	-0.0	Inf
GAPD_f	so2_e	-0.0	-1000.0	0.0	-0.0	Inf
GAPD_f	so3_e	-0.0	-1000.0	0.0	-0.0	Inf
GAPD_f	so4_e	-0.0	-0.11765400448541641	999.8823459955146	-0.0	0.0
GAPD_f	lipa_cold_e	-0.0	-1000.0	0.0	-0.0	Inf
GAPD_f	sucr_e	-0.0	-1000.0	0.0	-0.0	Inf
GAPD_f	g3pe_e	-0.0	-1000.0	0.0	-0.0	Inf
GAPD_f	malt_e	-0.0	-1000.0	0.0	-0.0	Inf
GAPD_f	tartr__L_e	-0.0	-1000.0	0.0	-0.0	Inf
GAPD_f	g3pi_e	-0.0	-1000.0	0.0	-0.0	Inf
GAPD_f	malthx_e	-0.0	-1000.0	0.0	-0.0	Inf
GAPD_f	maltpt_e	-0.0	-1000.0	0.0	-0.0	Inf
GAPD_f	gal_e	-0.0	-1000.0	0.0	-0.0	Inf
GAPD_f	gal_bD_e	-0.0	-1000.0	0.0	-0.0	Inf
GAPD_f	malttr_e	-0.0	-1000.0	0.0	-0.0	Inf
GAPD_f	maltttr_e	-0.0	-1000.0	0.0	-0.0	Inf
GAPD_f	man_e	-0.0	-1000.0	0.0	-0.0	Inf
GAPD_f	thym_e	-0.0	-1000.0	0.0	-0.0	Inf
GAPD_f	thymd_e	-0.0	-1000.0	0.0	-0.0	Inf
GAPD_f	galt_e	-0.0	-0.06591919604442067	0.0	-0.0	Inf
GAPD_f	melib_e	-0.0	-1000.0	0.0	-0.0	Inf
GAPD_f	meoh_e	-0.0	-1000.0	0.0	-0.0	Inf
GAPD_f	tmao_e	-0.0	-1000.0	0.0	-0.0	Inf
GAPD_f	tre_e	-0.0	-1000.0	0.0	-0.0	Inf
GAPD_f	metsox_S__L_e	-0.0	-1000.0	0.0	-0.0	Inf
GAPD_f	glc__D_e	-0.0	-39.983784874011356	1.7346750985527706	-0.0	0.0
GAPD_f	mg2_e	-0.0	-0.0040468842489644885	999.995953115751	-0.0	0.0
GAPD_f	mnl_e	-0.0	-1000.0	0.0	-0.0	Inf
GAPD_f	mobd_e	-0.0	-6.017845169026259e-05	999.9999398215483	-0.0	0.0
GAPD_f	glyald_e	-0.0	-1000.0	0.0	-0.0	Inf
GAPD_f	n2o_e	-0.0	-1000.0	0.0	-0.0	Inf
GAPD_f	na1_e	-0.0	0.0	1000.0	Inf	0.0
GAPD_f	nac_e	-0.0	-1000.0	0.0	-0.0	Inf
GAPD_f	ni2_e	-0.0	-0.0001506793789758376	999.999849320621	-0.0	0.0
GAPD_f	no_e	-0.0	-1000.0	0.0	-0.0	Inf
GAPD_f	no2_e	-0.0	-1000.0	0.0	-0.0	Inf
GAPD_f	ura_e	-0.0	-1000.0	0.0	-0.0	Inf
GAPD_f	no3_e	-0.0	-1000.0	0.0	-0.0	Inf
GAPD_f	urea_e	-0.0	-1000.0	0.0	-0.0	Inf
GAPD_f	novbcn_e	-0.0	-1000.0	0.0	-0.0	Inf
GAPD_f	uri_e	-0.0	-1000.0	0.0	-0.0	Inf
GAPD_f	o2_e	-0.0	-39.85460274444824	960.1453972555518	-0.0	0.0
GAPD_f	xan_e	-0.0	0.0	0.0	Inf	Inf
GAPD_f	xtsn_e	-0.0	-1000.0	0.0	-0.0	Inf
GAPD_f	xyl__D_e	-0.0	-1000.0	0.0	-0.0	Inf
GAPD_f	xylu__L_e	-0.0	-1000.0	0.0	-0.0	Inf
GAPD_f	pacald_e	-0.0	-1000.0	0.0	-0.0	Inf
GAPD_f	12dgr120_p	-0.0	0.0	0.0	Inf	Inf
GAPD_f	12dgr140_p	-0.0	0.0	0.0	Inf	Inf
GAPD_f	12dgr160_p	-0.0	-0.0297692070853941	0.0	-0.0	Inf
GAPD_f	12dgr180_p	-0.0	0.0	0.0	Inf	Inf
GAPD_f	12ppd__R_p	-0.0	-1000.0	0.0	-0.0	Inf
GAPD_f	12ppd__S_p	-0.0	0.0	0.0	Inf	Inf
GAPD_f	chol_p	-0.0	-1000.0	0.0	-0.0	Inf
GAPD_f	cl_p	-0.0	-0.002428130549446905	999.9975718694506	-0.0	0.0
GAPD_f	34dhpac_p	-0.0	-1000.0	0.0	-0.0	Inf
GAPD_f	cm_p	-0.0	0.0	0.0	Inf	Inf
GAPD_f	4hoxpacd_p	-0.0	-1000.0	0.0	-0.0	Inf
GAPD_f	co2_p	-0.0	-959.1490230979745	40.850976902025536	-0.0	0.0
GAPD_f	5mtr_p	-0.0	0.0	0.0	Inf	Inf
GAPD_f	LalaDgluMdap_p	-0.0	0.0	0.0	Inf	Inf
GAPD_f	gal_p	-0.0	-1000.0	0.0	-0.0	Inf
GAPD_f	ac_p	-0.0	-4.28994548174496	0.0	-0.0	Inf
GAPD_f	crn_p	-0.0	-1000.0	0.0	-0.0	Inf
GAPD_f	gal_bD_p	-0.0	-1000.0	0.0	-0.0	Inf
GAPD_f	acald_p	-0.0	-1000.0	0.0	-0.0	Inf
GAPD_f	acgal_p	-0.0	-1000.0	0.0	-0.0	Inf
GAPD_f	csn_p	-0.0	0.0	0.0	Inf	Inf
GAPD_f	acgam_p	-0.0	-1000.0	0.0	-0.0	Inf
GAPD_f	galt_p	-0.0	-0.06591919604442067	0.0	-0.0	Inf
GAPD_f	acmana_p	-0.0	-1000.0	0.0	-0.0	Inf
GAPD_f	cyan_p	-0.0	0.0	0.0	Inf	Inf
GAPD_f	ade_p	-0.0	-1000.0	0.0	-0.0	Inf
GAPD_f	adn_p	-0.0	0.0	0.0003120882492891161	Inf	0.0
GAPD_f	cytd_p	-0.0	-0.0748848523424879	0.0	-0.0	Inf
GAPD_f	glc__D_p	-0.0	-39.983784874011356	1.7346750985527706	-0.0	0.0
GAPD_f	dad_2_p	-0.0	-1000.0	0.0	-0.0	Inf
GAPD_f	dcyt_p	-0.0	-1000.0	0.0	-0.0	Inf
GAPD_f	all__D_p	-0.0	0.0	0.0	Inf	Inf
GAPD_f	alltn_p	-0.0	0.0	0.0	Inf	Inf
GAPD_f	dha_p	-0.0	-1000.0	0.0	-0.0	Inf
GAPD_f	glyald_p	-0.0	-1000.0	0.0	-0.0	Inf
GAPD_f	glyb_p	0.0	0.0	0.0	Inf	Inf
GAPD_f	dms_p	-0.0	-1000.0	0.0	-0.0	Inf
GAPD_f	glyc_p	-0.0	0.0	0.0	Inf	Inf
GAPD_f	dmso_p	-0.0	-1000.0	0.0	-0.0	Inf
GAPD_f	arab__L_p	-0.0	0.0	0.0	Inf	Inf
GAPD_f	arbt_p	0.0	0.0	0.0	Inf	Inf
GAPD_f	ca2_p	-0.0	-0.002428130549446905	999.9975718694506	-0.0	0.0
GAPD_f	duri_p	-0.0	-1000.0	0.0	-0.0	Inf
GAPD_f	h2_p	-0.0	-1000.0	0.0	-0.0	Inf
GAPD_f	h2o2_p	-0.0	-1000.0	0.0	-0.0	Inf
GAPD_f	etoh_p	-0.0	-1000.0	0.0	-0.0	Inf
GAPD_f	fald_p	-0.0	0.0	0.0	Inf	Inf
GAPD_f	n2o_p	-0.0	-1000.0	0.0	-0.0	Inf
GAPD_f	na1_p	-0.0	0.0	0.0	Inf	Inf
GAPD_f	indole_p	-0.0	0.0	0.8673375492763853	Inf	0.0
GAPD_f	nac_p	-0.0	-1000.0	0.0	-0.0	Inf
GAPD_f	ni2_p	-0.0	-0.0001506793789758376	999.999849320621	-0.0	0.0
GAPD_f	inost_p	-0.0	-1000.0	0.0	-0.0	Inf
GAPD_f	no_p	-0.0	-1000.0	0.0	-0.0	Inf
GAPD_f	no2_p	-0.0	-1000.0	0.0	-0.0	Inf
GAPD_f	for_p	-0.0	0.0	0.0011443235807659451	Inf	0.0
GAPD_f	fru_p	-0.0	-1000.0	0.0	-0.0	Inf
GAPD_f	no3_p	-0.0	0.0	0.0	Inf	Inf
GAPD_f	k_p	-0.0	-0.09105746135048776	999.9089425386495	-0.0	0.0
GAPD_f	novbcn_p	-0.0	0.0	0.0	Inf	Inf
GAPD_f	o2_p	-0.0	-39.85460274444824	960.1453972555518	-0.0	0.0
GAPD_f	lipa_cold_p	-0.0	-110.0890169335682	0.0	-0.0	Inf
GAPD_f	g3pe_p	-0.0	0.0	0.0	Inf	Inf
GAPD_f	g3pi_p	-0.0	0.0	0.0	Inf	Inf
GAPD_f	so3_p	-0.0	-1000.0	0.0	-0.0	Inf
GAPD_f	so4_p	-0.0	-0.11765400448541641	999.8823459955146	-0.0	0.0
GAPD_f	malt_p	0.0	0.0	0.0	Inf	Inf
GAPD_f	malthx_p	0.0	0.0	0.0	Inf	Inf
GAPD_f	maltpt_p	0.0	0.0	0.0	Inf	Inf
GAPD_f	sucr_p	-0.0	-1000.0	0.0	-0.0	Inf
GAPD_f	malttr_p	0.0	0.0	0.0	Inf	Inf
GAPD_f	maltttr_p	0.0	0.0	0.0	Inf	Inf
GAPD_f	pacald_p	-0.0	-1000.0	0.0	-0.0	Inf
GAPD_f	man_p	-0.0	-1000.0	0.0	-0.0	Inf
GAPD_f	tartr__L_p	-0.0	-1000.0	0.0	-0.0	Inf
GAPD_f	pe120_p	-0.0	0.0	0.0	Inf	Inf
GAPD_f	melib_p	-0.0	-1000.0	0.0	-0.0	Inf
GAPD_f	meoh_p	-0.0	-1000.0	0.0	-0.0	Inf
GAPD_f	thym_p	-0.0	-1000.0	0.0	-0.0	Inf
GAPD_f	thymd_p	-0.0	0.0	0.0	Inf	Inf
GAPD_f	pg120_p	-0.0	0.0	0.0	Inf	Inf
GAPD_f	metsox_S__L_p	-0.0	-1000.0	0.0	-0.0	Inf
GAPD_f	tmao_p	-0.0	-1000.0	0.0	-0.0	Inf
GAPD_f	mg2_p	-0.0	-0.0040468842489644885	999.995953115751	-0.0	0.0
GAPD_f	tre_p	-0.0	0.0	0.0	Inf	Inf
GAPD_f	mnl_p	-0.0	0.0	0.0	Inf	Inf
GAPD_f	mobd_p	-0.0	-6.017845169026259e-05	999.9999398215483	-0.0	0.0
GAPD_f	ura_p	-0.0	-1000.0	0.0	-0.0	Inf
GAPD_f	urea_p	-0.0	-1000.0	0.0	-0.0	Inf
GAPD_f	uri_p	-0.0	0.0	0.0	Inf	Inf
GAPD_f	xan_p	-0.0	0.0	0.0	Inf	Inf
GAPD_f	xtsn_p	-0.0	0.0	0.0	Inf	Inf
GAPD_f	xyl__D_p	-0.0	0.0	0.0	Inf	Inf
GAPD_f	xylu__L_p	-0.0	-1000.0	0.0	-0.0	Inf
GAPD_f	ppal_p	-0.0	-1000.0	0.0	-0.0	Inf
GAPD_f	psclys_p	-0.0	-1000.0	0.0	-0.0	Inf
GAPD_f	pydx_p	-0.0	0.0	0.0	Inf	Inf
GAPD_f	pydxn_p	-0.0	0.0	0.0	Inf	Inf
GAPD_f	rib__D_p	-0.0	-1000.0	0.0	-0.0	Inf
GAPD_f	rmn_p	-0.0	-1000.0	0.0	-0.0	Inf
GAPD_f	sbt__D_p	-0.0	-37.06830056028136	0.0	-0.0	Inf
GAPD_f	slnt_p	-0.0	0.0	0.0	Inf	Inf
GAPD_f	so2_p	-0.0	-1000.0	0.0	-0.0	Inf
