Reaction	Metabolite	ShadowPrice	G-	G+	DecrementalShadowPrice	IncrementalShadowPrice
HISTRS	12dgr120_c	-0.0	0.0	0.0	Inf	Inf
HISTRS	12dgr140_c	-0.0	0.0	0.0	Inf	Inf
HISTRS	12dgr160_c	-0.0	-0.0297692070853941	0.0	-0.0	Inf
HISTRS	12dgr180_c	-0.0	0.0	0.0	Inf	Inf
HISTRS	12ppd__R_c	-0.0	-1000.0	0.0	-0.0	Inf
HISTRS	12ppd__S_c	-0.0	0.0	0.0	Inf	Inf
HISTRS	5drib_c	-0.0	-999.9998959705836	0.00010402941642970536	-0.0	0.0
HISTRS	5mta_c	-0.0	0.0	0.0	Inf	Inf
HISTRS	23dhacoa_c	-0.0	-0.0002687037840587436	0.0	-0.0	Inf
HISTRS	5mtr_c	-0.0	0.0	0.0	Inf	Inf
HISTRS	3amac_c	-0.0	-4.289945481750985	0.0	-0.0	Inf
HISTRS	LalaDgluMdap_c	-0.0	-0.012963091586316828	0.0	-0.0	Inf
HISTRS	ac_c	-0.0	-2.0165048085749504	0.27176961967825264	-0.0	0.0
HISTRS	acald_c	-0.0	0.0	3.3600596238308533	Inf	0.0
HISTRS	acetol_c	-0.0	0.0	0.0	Inf	Inf
HISTRS	acgam_c	-0.0	-0.04407861659026016	0.0	-0.0	Inf
HISTRS	acgam6p_c	-0.0	-0.04407861659026016	0.0	-0.0	Inf
HISTRS	acmalt_c	0.0	0.0	0.0	Inf	Inf
HISTRS	acmana_c	-0.0	-0.04407861659026016	0.0	-0.0	Inf
HISTRS	2dmmq8_c	-0.0	0.0	0.0	Inf	Inf
HISTRS	2dmmql8_c	0.0	0.0	0.0	Inf	Inf
HISTRS	ade_c	-0.0	-0.050943158576501446	0.0003120882492891161	-0.0	0.0
HISTRS	adn_c	-0.0	-0.050943158576501446	0.0003120882492891161	-0.0	0.0
HISTRS	3sala_c	0.0	0.0	0.0	Inf	Inf
HISTRS	adphep_DD_c	-0.0	0.0	0.0	Inf	Inf
HISTRS	adphep_LD_c	-0.0	0.0	0.0	Inf	Inf
HISTRS	4ahmmp_c	0.0	0.0	0.0	Inf	Inf
HISTRS	4crsol_c	-0.0	-999.9998959705836	0.00010402941642970536	-0.0	0.0
HISTRS	2ohph_c	-0.0	-0.00010402941642970536	0.18666997910171407	-0.0	0.0
HISTRS	2ombzl_c	-0.0	0.0	0.0	Inf	Inf
HISTRS	2omhmbl_c	-0.0	0.0	0.0	Inf	Inf
HISTRS	2ommbl_c	-0.0	0.0	0.0	Inf	Inf
HISTRS	2omph_c	-0.0	0.0	0.17231074994004375	Inf	0.0
HISTRS	4mhetz_c	0.0	0.0	0.0	Inf	Inf
HISTRS	2oph_c	-0.0	-0.00010402941642970536	0.18666997910171407	-0.0	0.0
HISTRS	2oxpaccoa_c	-0.0	-0.0002687037840587436	0.0	-0.0	Inf
HISTRS	all__D_c	-0.0	-7.432812730661146	0.0	-0.0	Inf
HISTRS	alltn_c	-0.0	-1.0724863704377463	0.0	-0.0	Inf
HISTRS	4r5au_c	-0.0	-0.00020805883286376475	1.6800298119154267	-0.0	0.0
HISTRS	56dura_c	0.0	0.0	0.0	Inf	Inf
HISTRS	arab__L_c	-0.0	-9.009469976558965	0.0	-0.0	Inf
HISTRS	etoh_c	-0.0	-1000.0	0.0	-0.0	Inf
HISTRS	csn_c	-0.0	0.0	0.071788694329598	Inf	0.0
HISTRS	fald_c	-0.0	0.0	0.0	Inf	Inf
HISTRS	fc1p_c	-0.0	-0.4500000000034561	0.0	-0.0	Inf
HISTRS	fcl__L_c	-0.0	0.0	0.0	Inf	Inf
HISTRS	aso4_c	0.0	0.0	0.0	Inf	Inf
HISTRS	cyan_c	0.0	0.0	0.0	Inf	Inf
HISTRS	athtp_c	0.0	0.0	0.0	Inf	Inf
HISTRS	cytd_c	-0.0	0.0	0.0	Inf	Inf
HISTRS	dad_2_c	-0.0	0.0	0.0	Inf	Inf
HISTRS	dad_5_c	-0.0	-0.050943158576501446	0.00010402941642970536	-0.0	0.0
HISTRS	betald_c	0.0	0.0	0.0	Inf	Inf
HISTRS	btal_c	-0.0	-84.94643120755596	0.0	-0.0	Inf
HISTRS	for_c	-0.0	-0.050943158576501446	0.00114432358086657	-0.0	0.0
HISTRS	dcyt_c	-0.0	-0.012206429194168925	0.0	-0.0	Inf
HISTRS	fru_c	-0.0	-7.432812730661146	3.3600596238308533	-0.0	0.0
HISTRS	ca2_c	-0.0	-0.002428130549446905	594.6250184528917	-0.0	0.0
HISTRS	g3pe_c	-0.0	0.0	0.0	Inf	Inf
HISTRS	g3pi_c	0.0	0.0	0.0	Inf	Inf
HISTRS	cbm_c	-0.0	-2.1449727408754926	0.0	-0.0	Inf
HISTRS	dha_c	-0.0	-14.15773853459266	0.0	-0.0	Inf
HISTRS	gal_c	-0.0	0.0	0.0	Inf	Inf
HISTRS	dhgly_c	-0.0	-0.00010402941642970536	0.8400149059577133	-0.0	0.0
HISTRS	dhmptp_c	0.0	0.0	0.0	Inf	Inf
HISTRS	gcald_c	-0.0	-1.3805384649683796	0.000312088249415865	-0.0	0.0
HISTRS	dhptd_c	-0.0	-53.16928296934434	0.00020805883285941073	-0.0	0.0
HISTRS	cechddd_c	-0.0	0.0	0.0	Inf	Inf
HISTRS	dhptdn_c	0.0	0.0	0.0	Inf	Inf
HISTRS	chol_c	0.0	0.0	0.0	Inf	Inf
HISTRS	chtbs6p_c	-0.0	0.0	0.0	Inf	Inf
HISTRS	dmbzid_c	0.0	0.0	0.0	Inf	Inf
HISTRS	dms_c	0.0	0.0	0.0	Inf	Inf
HISTRS	dmso_c	0.0	0.0	0.0	Inf	Inf
HISTRS	cl_c	-0.0	-0.0024281305494018674	999.9975718694506	-0.0	0.0
HISTRS	glc__D_c	-0.0	-7.432812730661146	3.3600596238308533	-0.0	0.0
HISTRS	co2_c	-0.0	-959.1490230979683	40.850976902031675	-0.0	0.0
HISTRS	dscl_c	-0.0	-0.00010402941642970536	0.1768452433595186	-0.0	0.0
HISTRS	dtdp4aaddg_c	-0.0	0.0	0.0	Inf	Inf
HISTRS	glyald_c	-0.0	-1000.0	0.0	-0.0	Inf
HISTRS	crn_c	-0.0	-594.6250184528917	0.0	-0.0	Inf
HISTRS	duri_c	-0.0	-0.012206429194168925	0.0	-0.0	Inf
HISTRS	glyb_c	0.0	0.0	0.0	Inf	Inf
HISTRS	glyc_c	-0.0	-12.13520445822228	0.0	-0.0	Inf
HISTRS	dxyl_c	0.0	0.0	0.0	Inf	Inf
HISTRS	glycogen_c	-0.0	-7.07886926729633	0.0	-0.0	Inf
HISTRS	gmhep1p_c	-0.0	0.0	0.04999999999654392	Inf	0.0
HISTRS	lipa_cold_c	-0.0	0.0	0.0	Inf	Inf
HISTRS	lipidA_c	-0.0	-0.00907621670876034	0.02499999999827196	-0.0	0.0
HISTRS	malt_c	0.0	0.0	0.0	Inf	Inf
HISTRS	h2_c	-0.0	0.0	0.0	Inf	Inf
HISTRS	malthx_c	-0.0	0.0	0.0	Inf	Inf
HISTRS	maltpt_c	-0.0	0.0	0.0	Inf	Inf
HISTRS	malttr_c	-0.0	0.0	0.0	Inf	Inf
HISTRS	maltttr_c	-0.0	0.0	0.0	Inf	Inf
HISTRS	h2o2_c	-0.0	-79.70920548891146	0.0011667155631585047	-0.0	0.0
HISTRS	man_c	-0.0	0.0	0.0	Inf	Inf
HISTRS	mdhdhf_c	-0.0	-53.16928296934434	0.00020805883285941073	-0.0	0.0
HISTRS	melib_c	-0.0	0.0	0.0	Inf	Inf
HISTRS	meoh_c	-0.0	-1000.0	0.0	-0.0	Inf
HISTRS	pacald_c	-0.0	-594.6250184528917	0.0	-0.0	Inf
HISTRS	metsox_S__L_c	-0.0	0.0	0.0	Inf	Inf
HISTRS	mg2_c	-0.0	-0.0040468842489644885	297.31250922644585	-0.0	0.0
HISTRS	hhlipa_c	-0.0	0.0	0.0	Inf	Inf
HISTRS	pe120_c	-0.0	0.0	0.0	Inf	Inf
HISTRS	mobd_c	-0.0	-6.01784516566457e-05	101.34374538677707	-0.0	0.0
HISTRS	hlipa_c	-0.0	0.0	0.0	Inf	Inf
HISTRS	pg120_c	-0.0	-0.03630486683509143	0.0	-0.0	Inf
HISTRS	mql8_c	0.0	0.0	0.0	Inf	Inf
HISTRS	mqn8_c	-0.0	0.0	0.0	Inf	Inf
HISTRS	mthgxl_c	-0.0	-3.3544075402928684	0.0	-0.0	Inf
HISTRS	hqn_c	0.0	0.0	0.0	Inf	Inf
HISTRS	mththf_c	-0.0	-999.9997919411671	0.00020805883285941073	-0.0	0.0
HISTRS	n2o_c	-0.0	-1000.0	0.0	-0.0	Inf
HISTRS	na1_c	-0.0	0.0	0.0	Inf	Inf
HISTRS	nac_c	-0.0	0.0	0.0	Inf	Inf
HISTRS	ncam_c	-0.0	0.0	0.0	Inf	Inf
HISTRS	ni2_c	-0.0	-0.0001506793789542369	999.999849320621	-0.0	0.0
HISTRS	no_c	-0.0	-1000.0	0.0	-0.0	Inf
HISTRS	indole_c	-0.0	-0.026517238197819468	1.6800298119154267	-0.0	0.0
HISTRS	no2_c	-0.0	-594.6250184528917	0.0	-0.0	Inf
HISTRS	no3_c	0.0	0.0	0.0	Inf	Inf
HISTRS	inost_c	0.0	0.0	0.0	Inf	Inf
HISTRS	o2_c	-0.0	-39.85460274445573	960.1453972555443	-0.0	0.0
HISTRS	poaac_c	-0.0	-5.038573817351903	0.0	-0.0	Inf
HISTRS	ppal_c	-0.0	0.0	0.0	Inf	Inf
HISTRS	k_c	-0.0	-0.09105746135048776	405.3749815471083	-0.0	0.0
HISTRS	psclys_c	-0.0	0.0	0.0	Inf	Inf
HISTRS	lald__D_c	-0.0	0.0	0.0	Inf	Inf
HISTRS	lald__L_c	-0.0	-3.3544075402928684	0.0	-0.0	Inf
HISTRS	ura_c	-0.0	0.0	0.0	Inf	Inf
HISTRS	pydx_c	-0.0	0.0	1.1200198746102845	Inf	0.0
HISTRS	uracp_c	-0.0	-2.5192869086759515	0.0	-0.0	Inf
HISTRS	pydxn_c	-0.0	0.0	1.1200198746102845	Inf	0.0
HISTRS	urate_c	-0.0	-1.0724863704377463	0.0	-0.0	Inf
HISTRS	q8_c	-0.0	0.0	0.0	Inf	Inf
HISTRS	q8h2_c	0.0	0.0	0.0	Inf	Inf
HISTRS	urea_c	-0.0	-1000.0	0.0	-0.0	Inf
HISTRS	uri_c	-0.0	0.0	1.6800298119154267	Inf	0.0
HISTRS	rbflvrd_c	-0.0	0.0	0.025471579288250723	Inf	0.0
HISTRS	rbl__L_c	-0.0	-9.009469976558965	0.0	-0.0	Inf
HISTRS	rdmbzi_c	0.0	0.0	0.0	Inf	Inf
HISTRS	thptdn_c	0.0	0.0	0.0	Inf	Inf
HISTRS	xan_c	-0.0	0.0	0.0	Inf	Inf
HISTRS	rephaccoa_c	-0.0	-0.0002687037840587436	0.0	-0.0	Inf
HISTRS	rib__D_c	-0.0	0.0	3.3600596238308533	Inf	0.0
HISTRS	xtsn_c	-0.0	0.0	1.3440238495323413	Inf	0.0
HISTRS	rml_c	-0.0	-3.3544075402928684	0.0	-0.0	Inf
HISTRS	thym_c	-0.0	-405.3749815471083	0.0	-0.0	Inf
HISTRS	thymd_c	-0.0	-0.012206429194168925	0.0	-0.0	Inf
HISTRS	xu5p__L_c	-0.0	-0.4500000000034561	0.0	-0.0	Inf
HISTRS	rmn_c	-0.0	-3.3544075402928684	0.0	-0.0	Inf
HISTRS	xyl__D_c	0.0	0.0	0.0	Inf	Inf
HISTRS	tmao_c	0.0	0.0	0.0	Inf	Inf
HISTRS	xylu__D_c	-0.0	0.0	0.0	Inf	Inf
HISTRS	xylu__L_c	-0.0	-9.009469976558965	0.0	-0.0	Inf
HISTRS	12ppd__R_e	-0.0	-1000.0	0.0	-0.0	Inf
HISTRS	12ppd__S_e	-0.0	-1000.0	0.0	-0.0	Inf
HISTRS	tre_c	-0.0	-3.716406365330573	0.0	-0.0	Inf
HISTRS	seln_c	0.0	0.0	0.0	Inf	Inf
HISTRS	34dhpac_e	-0.0	-1000.0	0.0	-0.0	Inf
HISTRS	slnt_c	0.0	0.0	0.0	Inf	Inf
HISTRS	so2_c	0.0	0.0	0.0	Inf	Inf
HISTRS	so3_c	-0.0	-0.11563032911024072	20.268749077355416	-0.0	0.0
HISTRS	so4_c	-0.0	-0.11765400448450691	405.3749815471083	-0.0	0.0
HISTRS	4hoxpacd_e	-0.0	-1000.0	0.0	-0.0	Inf
HISTRS	5mtr_e	-0.0	0.0	0.0	Inf	Inf
HISTRS	LalaDgluMdap_e	-0.0	-1000.0	0.0	-0.0	Inf
HISTRS	ac_e	-0.0	0.0	0.0	Inf	Inf
HISTRS	acald_e	-0.0	-1000.0	0.0	-0.0	Inf
HISTRS	acgal_e	-0.0	-1000.0	0.0	-0.0	Inf
HISTRS	acgam_e	-0.0	-1000.0	0.0	-0.0	Inf
HISTRS	acmana_e	-0.0	-1000.0	0.0	-0.0	Inf
HISTRS	tagur_c	-0.0	0.0	0.0	Inf	Inf
HISTRS	tartr__L_c	-0.0	-1.3805384649683796	0.0	-0.0	Inf
HISTRS	ade_e	-0.0	-1000.0	0.0	-0.0	Inf
HISTRS	adn_e	-0.0	-1000.0	0.0	-0.0	Inf
HISTRS	all__D_e	-0.0	-1000.0	0.0	-0.0	Inf
HISTRS	cl_e	-0.0	-0.002428130549446905	999.9975718694506	-0.0	0.0
HISTRS	alltn_e	-0.0	0.0	0.0	Inf	Inf
HISTRS	cm_e	-0.0	-1000.0	0.0	-0.0	Inf
HISTRS	co2_e	-0.0	-959.1490230979683	40.850976902031675	-0.0	0.0
HISTRS	arab__L_e	-0.0	-1000.0	0.0	-0.0	Inf
HISTRS	arbt_e	-0.0	-1000.0	0.0	-0.0	Inf
HISTRS	unagamu_c	-0.0	0.0	0.02499999999827196	Inf	0.0
HISTRS	crn_e	-0.0	-1000.0	0.0	-0.0	Inf
HISTRS	csn_e	-0.0	-1000.0	0.0	-0.0	Inf
HISTRS	cyan_e	-0.0	-1000.0	0.0	-0.0	Inf
HISTRS	glyb_e	-0.0	-1000.0	0.0	-0.0	Inf
HISTRS	glyc_e	-0.0	-1000.0	0.0	-0.0	Inf
HISTRS	cytd_e	-0.0	-1000.0	0.0	-0.0	Inf
HISTRS	ca2_e	-0.0	-0.002428130549446905	999.9975718694506	-0.0	0.0
HISTRS	dad_2_e	-0.0	-1000.0	0.0	-0.0	Inf
HISTRS	dcyt_e	-0.0	-1000.0	0.0	-0.0	Inf
HISTRS	chol_e	-0.0	-1000.0	0.0	-0.0	Inf
HISTRS	dha_e	-0.0	-1000.0	0.0	-0.0	Inf
HISTRS	ppal_e	-0.0	-1000.0	0.0	-0.0	Inf
HISTRS	h2_e	-0.0	-1000.0	0.0	-0.0	Inf
HISTRS	dms_e	-0.0	-1000.0	0.0	-0.0	Inf
HISTRS	dmso_e	-0.0	-1000.0	0.0	-0.0	Inf
HISTRS	h2o2_e	-0.0	-1000.0	0.0	-0.0	Inf
HISTRS	psclys_e	-0.0	-1000.0	0.0	-0.0	Inf
HISTRS	duri_e	-0.0	-1000.0	0.0	-0.0	Inf
HISTRS	pydx_e	-0.0	-1000.0	0.0	-0.0	Inf
HISTRS	pydxn_e	-0.0	-1000.0	0.0	-0.0	Inf
HISTRS	etoh_e	-0.0	-1000.0	0.0	-0.0	Inf
HISTRS	fald_e	-0.0	0.0	0.0	Inf	Inf
HISTRS	rib__D_e	-0.0	-1000.0	0.0	-0.0	Inf
HISTRS	rmn_e	-0.0	-1000.0	0.0	-0.0	Inf
HISTRS	indole_e	-0.0	-1000.0	0.0	-0.0	Inf
HISTRS	inost_e	-0.0	-1000.0	0.0	-0.0	Inf
HISTRS	sbt__D_e	-0.0	-3.3544075402928684	0.0	-0.0	Inf
HISTRS	k_e	-0.0	-0.09105746135048776	999.9089425386495	-0.0	0.0
HISTRS	for_e	-0.0	0.0	0.00114432358086657	Inf	0.0
HISTRS	slnt_e	-0.0	0.0	1000.0	Inf	0.0
HISTRS	fru_e	-0.0	-1000.0	0.0	-0.0	Inf
HISTRS	so2_e	-0.0	-1000.0	0.0	-0.0	Inf
HISTRS	so3_e	-0.0	-1000.0	0.0	-0.0	Inf
HISTRS	so4_e	-0.0	-0.11765400448450691	999.8823459955155	-0.0	0.0
HISTRS	lipa_cold_e	-0.0	-1000.0	0.0	-0.0	Inf
HISTRS	sucr_e	-0.0	-1000.0	0.0	-0.0	Inf
HISTRS	g3pe_e	-0.0	-1000.0	0.0	-0.0	Inf
HISTRS	malt_e	-0.0	-1000.0	0.0	-0.0	Inf
HISTRS	tartr__L_e	-0.0	-1000.0	0.0	-0.0	Inf
HISTRS	g3pi_e	-0.0	-1000.0	0.0	-0.0	Inf
HISTRS	malthx_e	-0.0	-1000.0	0.0	-0.0	Inf
HISTRS	maltpt_e	-0.0	-1000.0	0.0	-0.0	Inf
HISTRS	gal_e	-0.0	-1000.0	0.0	-0.0	Inf
HISTRS	gal_bD_e	-0.0	-1000.0	0.0	-0.0	Inf
HISTRS	malttr_e	-0.0	-1000.0	0.0	-0.0	Inf
HISTRS	maltttr_e	-0.0	-1000.0	0.0	-0.0	Inf
HISTRS	man_e	-0.0	-1000.0	0.0	-0.0	Inf
HISTRS	thym_e	-0.0	-1000.0	0.0	-0.0	Inf
HISTRS	thymd_e	-0.0	-1000.0	0.0	-0.0	Inf
HISTRS	galt_e	-0.0	-3.3544075402928684	0.0	-0.0	Inf
HISTRS	melib_e	-0.0	-1000.0	0.0	-0.0	Inf
HISTRS	meoh_e	-0.0	-1000.0	0.0	-0.0	Inf
HISTRS	tmao_e	-0.0	-1000.0	0.0	-0.0	Inf
HISTRS	tre_e	-0.0	-1000.0	0.0	-0.0	Inf
HISTRS	metsox_S__L_e	-0.0	-1000.0	0.0	-0.0	Inf
HISTRS	glc__D_e	-0.0	-7.526898967758123	3.3600596238308533	-0.0	0.0
HISTRS	mg2_e	-0.0	-0.0040468842489644885	999.995953115751	-0.0	0.0
HISTRS	mnl_e	-0.0	-1000.0	0.0	-0.0	Inf
HISTRS	mobd_e	-0.0	-6.017845169026259e-05	999.9999398215483	-0.0	0.0
HISTRS	glyald_e	-0.0	-1000.0	0.0	-0.0	Inf
HISTRS	n2o_e	-0.0	-1000.0	0.0	-0.0	Inf
HISTRS	na1_e	-0.0	0.0	1000.0	Inf	0.0
HISTRS	nac_e	-0.0	-1000.0	0.0	-0.0	Inf
HISTRS	ni2_e	-0.0	-0.0001506793789758376	999.999849320621	-0.0	0.0
HISTRS	no_e	-0.0	-1000.0	0.0	-0.0	Inf
HISTRS	no2_e	-0.0	-1000.0	0.0	-0.0	Inf
HISTRS	ura_e	-0.0	-1000.0	0.0	-0.0	Inf
HISTRS	no3_e	-0.0	-1000.0	0.0	-0.0	Inf
HISTRS	urea_e	-0.0	-1000.0	0.0	-0.0	Inf
HISTRS	novbcn_e	-0.0	-1000.0	0.0	-0.0	Inf
HISTRS	uri_e	-0.0	-1000.0	0.0	-0.0	Inf
HISTRS	o2_e	-0.0	-39.85460274445575	960.1453972555443	-0.0	0.0
HISTRS	xan_e	-0.0	0.0	0.0	Inf	Inf
HISTRS	xtsn_e	-0.0	-1000.0	0.0	-0.0	Inf
HISTRS	xyl__D_e	-0.0	-1000.0	0.0	-0.0	Inf
HISTRS	xylu__L_e	-0.0	-1000.0	0.0	-0.0	Inf
HISTRS	pacald_e	-0.0	-1000.0	0.0	-0.0	Inf
HISTRS	12dgr120_p	-0.0	0.0	0.0	Inf	Inf
HISTRS	12dgr140_p	-0.0	0.0	0.0	Inf	Inf
HISTRS	12dgr160_p	-0.0	-0.0297692070853941	0.0	-0.0	Inf
HISTRS	12dgr180_p	-0.0	0.0	0.0	Inf	Inf
HISTRS	12ppd__R_p	-0.0	-1000.0	0.0	-0.0	Inf
HISTRS	12ppd__S_p	-0.0	0.0	0.0	Inf	Inf
HISTRS	chol_p	-0.0	-1000.0	0.0	-0.0	Inf
HISTRS	cl_p	-0.0	-0.002428130549446905	999.9975718694506	-0.0	0.0
HISTRS	34dhpac_p	-0.0	-1000.0	0.0	-0.0	Inf
HISTRS	cm_p	-0.0	0.0	0.0	Inf	Inf
HISTRS	4hoxpacd_p	-0.0	-1000.0	0.0	-0.0	Inf
HISTRS	co2_p	-0.0	-959.1490230979683	40.850976902031675	-0.0	0.0
HISTRS	5mtr_p	-0.0	0.0	0.0	Inf	Inf
HISTRS	LalaDgluMdap_p	-0.0	-0.012963091586316828	0.0	-0.0	Inf
HISTRS	gal_p	-0.0	-1000.0	0.0	-0.0	Inf
HISTRS	ac_p	-0.0	-2.0165048085749504	0.0	-0.0	Inf
HISTRS	crn_p	-0.0	-1000.0	0.0	-0.0	Inf
HISTRS	gal_bD_p	-0.0	-1000.0	0.0	-0.0	Inf
HISTRS	acald_p	-0.0	-1000.0	0.0	-0.0	Inf
HISTRS	acgal_p	-0.0	-1000.0	0.0	-0.0	Inf
HISTRS	csn_p	-0.0	0.0	0.0	Inf	Inf
HISTRS	acgam_p	-0.0	-1000.0	0.0	-0.0	Inf
HISTRS	galt_p	-0.0	-3.3544075402928684	0.0	-0.0	Inf
HISTRS	acmana_p	-0.0	-1000.0	0.0	-0.0	Inf
HISTRS	cyan_p	-0.0	0.0	0.0	Inf	Inf
HISTRS	ade_p	-0.0	-1000.0	0.0	-0.0	Inf
HISTRS	adn_p	-0.0	0.0	0.0003120882492891161	Inf	0.0
HISTRS	cytd_p	-0.0	0.0	0.0	Inf	Inf
HISTRS	glc__D_p	-0.0	-7.526898967758123	3.3600596238308533	-0.0	0.0
HISTRS	dad_2_p	-0.0	-1000.0	0.0	-0.0	Inf
HISTRS	dcyt_p	-0.0	-1000.0	0.0	-0.0	Inf
HISTRS	all__D_p	-0.0	0.0	0.0	Inf	Inf
HISTRS	alltn_p	-0.0	0.0	0.0	Inf	Inf
HISTRS	dha_p	-0.0	-1000.0	0.0	-0.0	Inf
HISTRS	glyald_p	-0.0	-1000.0	0.0	-0.0	Inf
HISTRS	glyb_p	0.0	0.0	0.0	Inf	Inf
HISTRS	dms_p	-0.0	-1000.0	0.0	-0.0	Inf
HISTRS	glyc_p	-0.0	-12.13520445822228	0.0	-0.0	Inf
HISTRS	dmso_p	-0.0	-1000.0	0.0	-0.0	Inf
HISTRS	arab__L_p	-0.0	0.0	0.0	Inf	Inf
HISTRS	arbt_p	0.0	0.0	0.0	Inf	Inf
HISTRS	ca2_p	-0.0	-0.002428130549446905	999.9975718694506	-0.0	0.0
HISTRS	duri_p	-0.0	-1000.0	0.0	-0.0	Inf
HISTRS	h2_p	-0.0	-1000.0	0.0	-0.0	Inf
HISTRS	h2o2_p	-0.0	-1000.0	0.0	-0.0	Inf
HISTRS	etoh_p	-0.0	-1000.0	0.0	-0.0	Inf
HISTRS	fald_p	-0.0	0.0	0.0	Inf	Inf
HISTRS	n2o_p	-0.0	-1000.0	0.0	-0.0	Inf
HISTRS	na1_p	-0.0	0.0	0.0	Inf	Inf
HISTRS	indole_p	-0.0	0.0	1.6800298119154267	Inf	0.0
HISTRS	nac_p	-0.0	-1000.0	0.0	-0.0	Inf
HISTRS	ni2_p	-0.0	-0.0001506793789758376	999.999849320621	-0.0	0.0
HISTRS	inost_p	-0.0	-1000.0	0.0	-0.0	Inf
HISTRS	no_p	-0.0	-1000.0	0.0	-0.0	Inf
HISTRS	no2_p	-0.0	-1000.0	0.0	-0.0	Inf
HISTRS	for_p	-0.0	0.0	0.00114432358086657	Inf	0.0
HISTRS	fru_p	-0.0	-1000.0	0.0	-0.0	Inf
HISTRS	no3_p	-0.0	0.0	0.0	Inf	Inf
HISTRS	k_p	-0.0	-0.09105746135048776	999.9089425386495	-0.0	0.0
HISTRS	novbcn_p	-0.0	0.0	0.0	Inf	Inf
HISTRS	o2_p	-0.0	-39.85460274445575	960.1453972555443	-0.0	0.0
HISTRS	lipa_cold_p	-0.0	-101.34374538677707	0.0	-0.0	Inf
HISTRS	g3pe_p	-0.0	0.0	0.0	Inf	Inf
HISTRS	g3pi_p	-0.0	0.0	0.0	Inf	Inf
HISTRS	so3_p	-0.0	-1000.0	0.0	-0.0	Inf
HISTRS	so4_p	-0.0	-0.11765400448450691	999.8823459955155	-0.0	0.0
HISTRS	malt_p	0.0	0.0	0.0	Inf	Inf
HISTRS	malthx_p	0.0	0.0	0.0	Inf	Inf
HISTRS	maltpt_p	0.0	0.0	0.0	Inf	Inf
HISTRS	sucr_p	-0.0	-1000.0	0.0	-0.0	Inf
HISTRS	malttr_p	0.0	0.0	0.0	Inf	Inf
HISTRS	maltttr_p	0.0	0.0	0.0	Inf	Inf
HISTRS	pacald_p	-0.0	-1000.0	0.0	-0.0	Inf
HISTRS	man_p	-0.0	-1000.0	0.0	-0.0	Inf
HISTRS	tartr__L_p	-0.0	-1000.0	0.0	-0.0	Inf
HISTRS	pe120_p	-0.0	0.0	0.0	Inf	Inf
HISTRS	melib_p	-0.0	-1000.0	0.0	-0.0	Inf
HISTRS	meoh_p	-0.0	-1000.0	0.0	-0.0	Inf
HISTRS	thym_p	-0.0	-1000.0	0.0	-0.0	Inf
HISTRS	thymd_p	-0.0	-0.012206429194168925	0.0	-0.0	Inf
HISTRS	pg120_p	-0.0	-0.03630486683509143	0.0	-0.0	Inf
HISTRS	metsox_S__L_p	-0.0	-1000.0	0.0	-0.0	Inf
HISTRS	tmao_p	-0.0	-1000.0	0.0	-0.0	Inf
HISTRS	mg2_p	-0.0	-0.0040468842489644885	999.995953115751	-0.0	0.0
HISTRS	tre_p	-0.0	0.0	0.0	Inf	Inf
HISTRS	mnl_p	-0.0	0.0	0.0	Inf	Inf
HISTRS	mobd_p	-0.0	-6.017845169026259e-05	999.9999398215483	-0.0	0.0
HISTRS	ura_p	-0.0	-1000.0	0.0	-0.0	Inf
HISTRS	urea_p	-0.0	-1000.0	0.0	-0.0	Inf
HISTRS	uri_p	-0.0	0.0	0.0	Inf	Inf
HISTRS	xan_p	-0.0	0.0	0.0	Inf	Inf
HISTRS	xtsn_p	-0.0	0.0	0.0	Inf	Inf
HISTRS	xyl__D_p	-0.0	0.0	0.0	Inf	Inf
HISTRS	xylu__L_p	-0.0	-1000.0	0.0	-0.0	Inf
HISTRS	ppal_p	-0.0	-1000.0	0.0	-0.0	Inf
HISTRS	psclys_p	-0.0	-1000.0	0.0	-0.0	Inf
HISTRS	pydx_p	-0.0	0.0	0.0	Inf	Inf
HISTRS	pydxn_p	-0.0	0.0	0.0	Inf	Inf
HISTRS	rib__D_p	-0.0	-1000.0	0.0	-0.0	Inf
HISTRS	rmn_p	-0.0	-1000.0	0.0	-0.0	Inf
HISTRS	sbt__D_p	-0.0	-3.3544075402928684	0.0	-0.0	Inf
HISTRS	slnt_p	-0.0	0.0	0.0	Inf	Inf
HISTRS	so2_p	-0.0	-1000.0	0.0	-0.0	Inf
