Reaction	Metabolite	ShadowPrice	G-	G+	DecrementalShadowPrice	IncrementalShadowPrice
DKGLCNR2y	12dgr120_c	-0.0	0.0	0.0	Inf	Inf
DKGLCNR2y	12dgr140_c	-0.0	0.0	0.0	Inf	Inf
DKGLCNR2y	12dgr160_c	-0.0	-0.01673265190195703	0.0	-0.0	Inf
DKGLCNR2y	12dgr180_c	-0.0	0.0	0.0	Inf	Inf
DKGLCNR2y	12ppd__R_c	-0.0	-1000.0	0.0	-0.0	Inf
DKGLCNR2y	12ppd__S_c	-0.0	0.0	0.0	Inf	Inf
DKGLCNR2y	5drib_c	-0.0	-999.9998068897336	0.0001931102664018967	-0.0	0.0
DKGLCNR2y	5mta_c	-0.0	-0.09373057370419247	0.0	-0.0	Inf
DKGLCNR2y	23dhacoa_c	-0.0	-0.000494362282779548	0.0	-0.0	Inf
DKGLCNR2y	5mtr_c	-0.0	-7.077911754527822	0.0	-0.0	Inf
DKGLCNR2y	3amac_c	-0.0	-3.3835125956359327	0.0	-0.0	Inf
DKGLCNR2y	LalaDgluMdap_c	-0.0	-0.02384954703455958	0.0	-0.0	Inf
DKGLCNR2y	ac_c	-0.0	-0.5898259795439857	0.500006251375675	-0.0	0.0
DKGLCNR2y	acald_c	-0.0	0.0	0.41430766477174696	Inf	0.0
DKGLCNR2y	acetol_c	-0.0	0.0	0.0	Inf	Inf
DKGLCNR2y	acgam_c	-0.0	-0.0810960126746997	0.0	-0.0	Inf
DKGLCNR2y	acgam6p_c	-0.0	-0.0810960126746997	0.0	-0.0	Inf
DKGLCNR2y	acmalt_c	0.0	0.0	0.0	Inf	Inf
DKGLCNR2y	acmana_c	-0.0	-0.0810960126746997	0.0	-0.0	Inf
DKGLCNR2y	2dmmq8_c	-0.0	0.0	0.0	Inf	Inf
DKGLCNR2y	2dmmql8_c	0.0	0.0	0.0	Inf	Inf
DKGLCNR2y	ade_c	-0.0	-0.09373057370419247	0.0005776142635378755	-0.0	0.0
DKGLCNR2y	adn_c	-0.0	0.0	0.0005776142635378755	Inf	0.0
DKGLCNR2y	3sala_c	0.0	0.0	0.0	Inf	Inf
DKGLCNR2y	adphep_DD_c	-0.0	0.0	0.0	Inf	Inf
DKGLCNR2y	adphep_LD_c	-0.0	0.0	0.0	Inf	Inf
DKGLCNR2y	4ahmmp_c	0.0	0.0	0.0	Inf	Inf
DKGLCNR2y	4crsol_c	-0.0	-999.9998086062693	0.0001913937307005465	-0.0	0.0
DKGLCNR2y	2ohph_c	-0.0	-0.0001913937307005465	0.014469761634936283	-0.0	0.0
DKGLCNR2y	2ombzl_c	-0.0	0.0	0.0	Inf	Inf
DKGLCNR2y	2omhmbl_c	-0.0	0.0	0.0	Inf	Inf
DKGLCNR2y	2ommbl_c	-0.0	0.0	0.0	Inf	Inf
DKGLCNR2y	2omph_c	-0.0	0.0	0.013038584183568147	Inf	0.0
DKGLCNR2y	4mhetz_c	0.0	0.0	0.0	Inf	Inf
DKGLCNR2y	2oph_c	-0.0	-0.0001913937307005465	0.014531908070018331	-0.0	0.0
DKGLCNR2y	2oxpaccoa_c	-0.0	-0.000494362282779548	0.0	-0.0	Inf
DKGLCNR2y	all__D_c	-0.0	-0.11796519590879709	0.0	-0.0	Inf
DKGLCNR2y	alltn_c	-0.0	-0.372521671290938	0.0	-0.0	Inf
DKGLCNR2y	4r5au_c	-0.0	-0.0003827874620583316	0.08055982370561747	-0.0	0.0
DKGLCNR2y	56dura_c	0.0	0.0	0.0	Inf	Inf
DKGLCNR2y	arab__L_c	-0.0	-0.14155823509055648	0.0	-0.0	Inf
DKGLCNR2y	etoh_c	-0.0	-1000.0	0.0	-0.0	Inf
DKGLCNR2y	csn_c	-0.0	0.0	0.15526494552716485	Inf	0.0
DKGLCNR2y	fald_c	-0.0	0.0	0.0	Inf	Inf
DKGLCNR2y	fc1p_c	-0.0	-0.1141598670085133	0.0	-0.0	Inf
DKGLCNR2y	fcl__L_c	-0.0	0.0	0.0	Inf	Inf
DKGLCNR2y	aso4_c	0.0	0.0	0.0	Inf	Inf
DKGLCNR2y	cyan_c	0.0	0.0	0.0	Inf	Inf
DKGLCNR2y	athtp_c	0.0	0.0	0.0	Inf	Inf
DKGLCNR2y	cytd_c	-0.0	0.0	0.0	Inf	Inf
DKGLCNR2y	dad_2_c	-0.0	0.0	0.0	Inf	Inf
DKGLCNR2y	dad_5_c	-0.0	-0.09373057370419247	0.0001931102664018967	-0.0	0.0
DKGLCNR2y	betald_c	0.0	0.0	0.0	Inf	Inf
DKGLCNR2y	btal_c	-0.0	-1.4155823509055643	0.0	-0.0	Inf
DKGLCNR2y	for_c	-0.0	-0.09373057370419247	0.0021053310396404036	-0.0	0.0
DKGLCNR2y	dcyt_c	-0.0	0.0	0.0	Inf	Inf
DKGLCNR2y	fru_c	-0.0	-0.11796519590879709	0.15737267886678763	-0.0	0.0
DKGLCNR2y	ca2_c	-0.0	-0.004467284162728902	7.077911754527822	-0.0	0.0
DKGLCNR2y	g3pe_c	-0.0	0.0	0.0	Inf	Inf
DKGLCNR2y	g3pi_c	0.0	0.0	0.0	Inf	Inf
DKGLCNR2y	cbm_c	-0.0	-3.538955877263911	0.0	-0.0	Inf
DKGLCNR2y	dha_c	-0.0	-0.23593039181759418	0.0	-0.0	Inf
DKGLCNR2y	gal_c	-0.0	0.0	0.0	Inf	Inf
DKGLCNR2y	dhgly_c	-0.0	-0.0001913937307005465	0.059014754575045354	-0.0	0.0
DKGLCNR2y	dhmptp_c	0.0	0.0	0.0	Inf	Inf
DKGLCNR2y	gcald_c	-0.0	-0.3217232615694465	0.0005741811920643158	-0.0	0.0
DKGLCNR2y	dhptd_c	-0.0	-47.43614135920785	0.00038450399713597884	-0.0	0.0
DKGLCNR2y	cechddd_c	-0.0	0.0	0.0	Inf	Inf
DKGLCNR2y	dhptdn_c	0.0	0.0	0.0	Inf	Inf
DKGLCNR2y	chol_c	0.0	0.0	0.0	Inf	Inf
DKGLCNR2y	chtbs6p_c	-0.0	0.0	0.0	Inf	Inf
DKGLCNR2y	dmbzid_c	0.0	0.0	0.0	Inf	Inf
DKGLCNR2y	dms_c	0.0	0.0	0.0	Inf	Inf
DKGLCNR2y	dmso_c	0.0	0.0	0.0	Inf	Inf
DKGLCNR2y	cl_c	-0.0	-0.004467284162728902	14.155823509055644	-0.0	0.0
DKGLCNR2y	glc__D_c	-0.0	-0.11796519590879709	0.15737267886678763	-0.0	0.0
DKGLCNR2y	co2_c	-0.0	-975.2305100259239	24.769489974076123	-0.0	0.0
DKGLCNR2y	dscl_c	-0.0	-0.0001913937307005465	0.017117264396134573	-0.0	0.0
DKGLCNR2y	dtdp4aaddg_c	-0.0	0.0	0.0	Inf	Inf
DKGLCNR2y	glyald_c	-0.0	-1000.0	0.0	-0.0	Inf
DKGLCNR2y	crn_c	-0.0	-7.077911754527822	0.0	-0.0	Inf
DKGLCNR2y	duri_c	-0.0	-0.02245743658079391	0.0	-0.0	Inf
DKGLCNR2y	glyb_c	0.0	0.0	0.0	Inf	Inf
DKGLCNR2y	glyc_c	-0.0	-0.1193232627436573	0.0	-0.0	Inf
DKGLCNR2y	dxyl_c	0.0	0.0	0.0	Inf	Inf
DKGLCNR2y	glycogen_c	-0.0	-0.11059237116449724	0.0	-0.0	Inf
DKGLCNR2y	gmhep1p_c	-0.0	0.0	0.12848782008744053	Inf	0.0
DKGLCNR2y	lipa_cold_c	-0.0	0.0	0.0	Inf	Inf
DKGLCNR2y	lipidA_c	-0.0	-0.008548202602086745	0.010639976715836268	-0.0	0.0
DKGLCNR2y	malt_c	0.0	0.0	0.0	Inf	Inf
DKGLCNR2y	h2_c	-0.0	0.0	0.0	Inf	Inf
DKGLCNR2y	malthx_c	-0.0	0.0	0.0	Inf	Inf
DKGLCNR2y	maltpt_c	-0.0	0.0	0.0	Inf	Inf
DKGLCNR2y	malttr_c	-0.0	0.0	0.0	Inf	Inf
DKGLCNR2y	maltttr_c	-0.0	0.0	0.0	Inf	Inf
DKGLCNR2y	h2o2_c	-0.0	-0.001204149794498838	2.0301075573815592	-0.0	0.0
DKGLCNR2y	man_c	-0.0	-0.11796519590879709	0.0	-0.0	Inf
DKGLCNR2y	mdhdhf_c	-0.0	-47.43614135920785	0.00038450399713597884	-0.0	0.0
DKGLCNR2y	melib_c	-0.0	0.0	0.0	Inf	Inf
DKGLCNR2y	meoh_c	-0.0	-999.9999982834643	1.7165357348858379e-06	-0.0	0.0
DKGLCNR2y	pacald_c	-0.0	-7.077911754527822	0.0	-0.0	Inf
DKGLCNR2y	metsox_S__L_c	-0.0	-0.07149405812654366	0.0	-0.0	Inf
DKGLCNR2y	mg2_c	-0.0	-0.0074454736046064614	3.538955877263911	-0.0	0.0
DKGLCNR2y	hhlipa_c	-0.0	0.0	0.0	Inf	Inf
DKGLCNR2y	pe120_c	-0.0	0.0	0.0	Inf	Inf
DKGLCNR2y	mobd_c	-0.0	-0.00011071655273708743	2.53763444672695	-0.0	0.0
DKGLCNR2y	hlipa_c	-0.0	0.0	0.0	Inf	Inf
DKGLCNR2y	pg120_c	-0.0	-0.02045639235412666	0.0	-0.0	Inf
DKGLCNR2y	mql8_c	0.0	0.0	0.0	Inf	Inf
DKGLCNR2y	mqn8_c	-0.0	0.0	0.0	Inf	Inf
DKGLCNR2y	mthgxl_c	-0.0	-0.283116470181113	0.0	-0.0	Inf
DKGLCNR2y	hqn_c	0.0	0.0	0.0	Inf	Inf
DKGLCNR2y	mththf_c	-0.0	-999.9996154960029	0.00038450399713597884	-0.0	0.0
DKGLCNR2y	n2o_c	-0.0	-1000.0	0.0	-0.0	Inf
DKGLCNR2y	na1_c	-0.0	0.0	0.0	Inf	Inf
DKGLCNR2y	nac_c	-0.0	0.0	0.0	Inf	Inf
DKGLCNR2y	ncam_c	-0.0	0.0	0.0	Inf	Inf
DKGLCNR2y	ni2_c	-0.0	-0.0002772205157270946	999.9997227794843	-0.0	0.0
DKGLCNR2y	no_c	-0.0	-1000.0	0.0	-0.0	Inf
DKGLCNR2y	indole_c	-0.0	-0.0487865194359245	0.09442360732007259	-0.0	0.0
DKGLCNR2y	no2_c	-0.0	-7.077911754527822	0.0	-0.0	Inf
DKGLCNR2y	no3_c	0.0	0.0	0.0	Inf	Inf
DKGLCNR2y	inost_c	0.0	0.0	0.0	Inf	Inf
DKGLCNR2y	o2_c	-0.0	-22.938027057911764	977.0619729420882	-0.0	0.0
DKGLCNR2y	poaac_c	-0.0	-1.1278375318786442	0.0	-0.0	Inf
DKGLCNR2y	ppal_c	-0.0	0.0	0.0	Inf	Inf
DKGLCNR2y	k_c	-0.0	-0.16752787657682408	10.1505377869078	-0.0	0.0
DKGLCNR2y	psclys_c	-0.0	0.0	0.0	Inf	Inf
DKGLCNR2y	lald__D_c	-0.0	0.0	0.0	Inf	Inf
DKGLCNR2y	lald__L_c	-0.0	-0.26214487979732687	0.0	-0.0	Inf
DKGLCNR2y	ura_c	-0.0	0.0	0.0	Inf	Inf
DKGLCNR2y	pydx_c	-0.0	0.0	0.001204149794498838	Inf	0.0
DKGLCNR2y	uracp_c	-0.0	-1.2688172233634747	0.0	-0.0	Inf
DKGLCNR2y	pydxn_c	-0.0	0.0	0.10856190146425458	Inf	0.0
DKGLCNR2y	urate_c	-0.0	-0.001204149794498838	0.0	-0.0	Inf
DKGLCNR2y	q8_c	0.0	0.0	0.0	Inf	Inf
DKGLCNR2y	q8h2_c	-0.0	0.0	0.0	Inf	Inf
DKGLCNR2y	urea_c	-0.0	0.0	0.5149999999977357	Inf	0.0
DKGLCNR2y	uri_c	-0.0	0.0	0.0	Inf	Inf
DKGLCNR2y	rbflvrd_c	-0.0	0.0	0.04282927336248017	Inf	0.0
DKGLCNR2y	rbl__L_c	-0.0	-0.14155823509055648	0.0	-0.0	Inf
DKGLCNR2y	rdmbzi_c	0.0	0.0	0.0	Inf	Inf
DKGLCNR2y	thptdn_c	0.0	0.0	0.0	Inf	Inf
DKGLCNR2y	xan_c	-0.0	0.0	0.0	Inf	Inf
DKGLCNR2y	rephaccoa_c	-0.0	-0.000494362282779548	0.0	-0.0	Inf
DKGLCNR2y	rib__D_c	-0.0	0.0	0.18797292197977414	Inf	0.0
DKGLCNR2y	xtsn_c	-0.0	0.0	0.0	Inf	Inf
DKGLCNR2y	rml_c	-0.0	-0.12417389043031272	0.0	-0.0	Inf
DKGLCNR2y	thym_c	-0.0	-10.1505377869078	0.0	-0.0	Inf
DKGLCNR2y	thymd_c	-0.0	-0.02245743658079391	0.0	-0.0	Inf
DKGLCNR2y	xu5p__L_c	-0.0	-0.1286893046277786	0.0	-0.0	Inf
DKGLCNR2y	rmn_c	-0.0	-0.12417389043031272	0.0	-0.0	Inf
DKGLCNR2y	xyl__D_c	0.0	0.0	0.0	Inf	Inf
DKGLCNR2y	tmao_c	0.0	0.0	0.0	Inf	Inf
DKGLCNR2y	xylu__D_c	-0.0	0.0	0.0	Inf	Inf
DKGLCNR2y	xylu__L_c	-0.0	-0.14155823509055648	0.0	-0.0	Inf
DKGLCNR2y	12ppd__R_e	-0.0	-1000.0	0.0	-0.0	Inf
DKGLCNR2y	12ppd__S_e	-0.0	-1000.0	0.0	-0.0	Inf
DKGLCNR2y	tre_c	-0.0	-0.058982597954398544	0.0	-0.0	Inf
DKGLCNR2y	seln_c	0.0	0.0	0.0	Inf	Inf
DKGLCNR2y	34dhpac_e	-0.0	-1000.0	0.0	-0.0	Inf
DKGLCNR2y	slnt_c	0.0	0.0	0.0	Inf	Inf
DKGLCNR2y	so2_c	0.0	0.0	0.0	Inf	Inf
DKGLCNR2y	so3_c	-0.0	-0.21274056868334548	0.5639187659393221	-0.0	0.0
DKGLCNR2y	so4_c	-0.0	-0.21646373461953772	10.1505377869078	-0.0	0.0
DKGLCNR2y	4hoxpacd_e	-0.0	-1000.0	0.0	-0.0	Inf
DKGLCNR2y	5mtr_e	-0.0	-1000.0	0.0	-0.0	Inf
DKGLCNR2y	LalaDgluMdap_e	-0.0	-1000.0	0.0	-0.0	Inf
DKGLCNR2y	ac_e	-0.0	0.0	0.0	Inf	Inf
DKGLCNR2y	acald_e	-0.0	-1000.0	0.0	-0.0	Inf
DKGLCNR2y	acgal_e	-0.0	-1000.0	0.0	-0.0	Inf
DKGLCNR2y	acgam_e	-0.0	-1000.0	0.0	-0.0	Inf
DKGLCNR2y	acmana_e	-0.0	-1000.0	0.0	-0.0	Inf
DKGLCNR2y	tagur_c	-0.0	0.0	0.0	Inf	Inf
DKGLCNR2y	tartr__L_c	-0.0	-0.26214487979732687	0.0	-0.0	Inf
DKGLCNR2y	ade_e	-0.0	-1000.0	0.0	-0.0	Inf
DKGLCNR2y	adn_e	-0.0	-1000.0	0.0	-0.0	Inf
DKGLCNR2y	all__D_e	-0.0	-1000.0	0.0	-0.0	Inf
DKGLCNR2y	cl_e	-0.0	-0.004467284162728902	999.9955327158373	-0.0	0.0
DKGLCNR2y	alltn_e	-0.0	0.0	0.0	Inf	Inf
DKGLCNR2y	cm_e	-0.0	-1000.0	0.0	-0.0	Inf
DKGLCNR2y	co2_e	-0.0	-975.2305100259239	24.769489974076123	-0.0	0.0
DKGLCNR2y	arab__L_e	-0.0	-1000.0	0.0	-0.0	Inf
DKGLCNR2y	arbt_e	-0.0	-1000.0	0.0	-0.0	Inf
DKGLCNR2y	unagamu_c	-0.0	0.0	0.009869263769477686	Inf	0.0
DKGLCNR2y	crn_e	-0.0	-1000.0	0.0	-0.0	Inf
DKGLCNR2y	csn_e	-0.0	-1000.0	0.0	-0.0	Inf
DKGLCNR2y	cyan_e	-0.0	-1000.0	0.0	-0.0	Inf
DKGLCNR2y	glyb_e	-0.0	-1000.0	0.0	-0.0	Inf
DKGLCNR2y	glyc_e	-0.0	-1000.0	0.0	-0.0	Inf
DKGLCNR2y	cytd_e	-0.0	-1000.0	0.0	-0.0	Inf
DKGLCNR2y	ca2_e	-0.0	-0.004467284162728902	999.9955327158373	-0.0	0.0
DKGLCNR2y	dad_2_e	-0.0	-1000.0	0.0	-0.0	Inf
DKGLCNR2y	dcyt_e	-0.0	-1000.0	0.0	-0.0	Inf
DKGLCNR2y	chol_e	-0.0	-1000.0	0.0	-0.0	Inf
DKGLCNR2y	dha_e	-0.0	-1000.0	0.0	-0.0	Inf
DKGLCNR2y	ppal_e	-0.0	-1000.0	0.0	-0.0	Inf
DKGLCNR2y	h2_e	-0.0	-1000.0	0.0	-0.0	Inf
DKGLCNR2y	dms_e	-0.0	-1000.0	0.0	-0.0	Inf
DKGLCNR2y	dmso_e	-0.0	-1000.0	0.0	-0.0	Inf
DKGLCNR2y	h2o2_e	-0.0	-1000.0	0.0	-0.0	Inf
DKGLCNR2y	psclys_e	-0.0	-1000.0	0.0	-0.0	Inf
DKGLCNR2y	duri_e	-0.0	-1000.0	0.0	-0.0	Inf
DKGLCNR2y	pydx_e	-0.0	-1000.0	0.0	-0.0	Inf
DKGLCNR2y	pydxn_e	-0.0	-1000.0	0.0	-0.0	Inf
DKGLCNR2y	etoh_e	-0.0	-1000.0	0.0	-0.0	Inf
DKGLCNR2y	fald_e	-0.0	0.0	0.0	Inf	Inf
DKGLCNR2y	rib__D_e	-0.0	-1000.0	0.0	-0.0	Inf
DKGLCNR2y	rmn_e	-0.0	-1000.0	0.0	-0.0	Inf
DKGLCNR2y	indole_e	-0.0	-1000.0	0.0	-0.0	Inf
DKGLCNR2y	inost_e	-0.0	-1000.0	0.0	-0.0	Inf
DKGLCNR2y	sbt__D_e	-0.0	-0.11059237116449724	0.0	-0.0	Inf
DKGLCNR2y	k_e	-0.0	-0.1675278765768553	999.8324721234231	-0.0	0.0
DKGLCNR2y	for_e	-0.0	0.0	0.0021053310396404036	Inf	0.0
DKGLCNR2y	slnt_e	-0.0	0.0	1000.0	Inf	0.0
DKGLCNR2y	fru_e	-0.0	-1000.0	0.0	-0.0	Inf
DKGLCNR2y	so2_e	-0.0	-1000.0	0.0	-0.0	Inf
DKGLCNR2y	so3_e	-0.0	-1000.0	0.0	-0.0	Inf
DKGLCNR2y	so4_e	-0.0	-0.21646373461953772	999.7835362653805	-0.0	0.0
DKGLCNR2y	lipa_cold_e	-0.0	-1000.0	0.0	-0.0	Inf
DKGLCNR2y	sucr_e	-0.0	-1000.0	0.0	-0.0	Inf
DKGLCNR2y	g3pe_e	-0.0	-1000.0	0.0	-0.0	Inf
DKGLCNR2y	malt_e	-0.0	-1000.0	0.0	-0.0	Inf
DKGLCNR2y	tartr__L_e	-0.0	-1000.0	0.0	-0.0	Inf
DKGLCNR2y	g3pi_e	-0.0	-1000.0	0.0	-0.0	Inf
DKGLCNR2y	malthx_e	-0.0	-1000.0	0.0	-0.0	Inf
DKGLCNR2y	maltpt_e	-0.0	-1000.0	0.0	-0.0	Inf
DKGLCNR2y	gal_e	-0.0	-1000.0	0.0	-0.0	Inf
DKGLCNR2y	gal_bD_e	-0.0	-1000.0	0.0	-0.0	Inf
DKGLCNR2y	malttr_e	-0.0	-1000.0	0.0	-0.0	Inf
DKGLCNR2y	maltttr_e	-0.0	-1000.0	0.0	-0.0	Inf
DKGLCNR2y	man_e	-0.0	-1000.0	0.0	-0.0	Inf
DKGLCNR2y	thym_e	-0.0	-1000.0	0.0	-0.0	Inf
DKGLCNR2y	thymd_e	-0.0	-1000.0	0.0	-0.0	Inf
DKGLCNR2y	galt_e	-0.0	-0.11059237116449724	0.0	-0.0	Inf
DKGLCNR2y	melib_e	-0.0	-1000.0	0.0	-0.0	Inf
DKGLCNR2y	meoh_e	-0.0	-999.9999982834643	1.7165357348858379e-06	-0.0	0.0
DKGLCNR2y	tmao_e	-0.0	-1000.0	0.0	-0.0	Inf
DKGLCNR2y	tre_e	-0.0	-1000.0	0.0	-0.0	Inf
DKGLCNR2y	metsox_S__L_e	-0.0	-1000.0	0.0	-0.0	Inf
DKGLCNR2y	glc__D_e	-0.0	-0.11996460600894616	0.15985098877020157	-0.0	0.0
DKGLCNR2y	mg2_e	-0.0	-0.007445473604661856	999.9925545263953	-0.0	0.0
DKGLCNR2y	mnl_e	-0.0	-1000.0	0.0	-0.0	Inf
DKGLCNR2y	mobd_e	-0.0	-0.00011071655274008663	999.9998892834473	-0.0	0.0
DKGLCNR2y	glyald_e	-0.0	-1000.0	0.0	-0.0	Inf
DKGLCNR2y	n2o_e	-0.0	-1000.0	0.0	-0.0	Inf
DKGLCNR2y	na1_e	-0.0	0.0	1000.0	Inf	0.0
DKGLCNR2y	nac_e	-0.0	-1000.0	0.0	-0.0	Inf
DKGLCNR2y	ni2_e	-0.0	-0.0002772205157270946	999.9997227794843	-0.0	0.0
DKGLCNR2y	no_e	-0.0	-1000.0	0.0	-0.0	Inf
DKGLCNR2y	no2_e	-0.0	-1000.0	0.0	-0.0	Inf
DKGLCNR2y	ura_e	-0.0	-1000.0	0.0	-0.0	Inf
DKGLCNR2y	no3_e	-0.0	-1000.0	0.0	-0.0	Inf
DKGLCNR2y	urea_e	-0.0	-1000.0	0.0	-0.0	Inf
DKGLCNR2y	novbcn_e	-0.0	-1000.0	0.0	-0.0	Inf
DKGLCNR2y	uri_e	-0.0	-1000.0	0.0	-0.0	Inf
DKGLCNR2y	o2_e	-0.0	-22.938027057911768	977.0619729420882	-0.0	0.0
DKGLCNR2y	xan_e	-0.0	0.0	0.0	Inf	Inf
DKGLCNR2y	xtsn_e	-0.0	-1000.0	0.0	-0.0	Inf
DKGLCNR2y	xyl__D_e	-0.0	-1000.0	0.0	-0.0	Inf
DKGLCNR2y	xylu__L_e	-0.0	-1000.0	0.0	-0.0	Inf
DKGLCNR2y	pacald_e	-0.0	-1000.0	0.0	-0.0	Inf
DKGLCNR2y	12dgr120_p	-0.0	0.0	0.0	Inf	Inf
DKGLCNR2y	12dgr140_p	-0.0	0.0	0.0	Inf	Inf
DKGLCNR2y	12dgr160_p	-0.0	-0.01673265190195703	0.0	-0.0	Inf
DKGLCNR2y	12dgr180_p	-0.0	0.0	0.0	Inf	Inf
DKGLCNR2y	12ppd__R_p	-0.0	-1000.0	0.0	-0.0	Inf
DKGLCNR2y	12ppd__S_p	-0.0	0.0	0.0	Inf	Inf
DKGLCNR2y	chol_p	-0.0	-1000.0	0.0	-0.0	Inf
DKGLCNR2y	cl_p	-0.0	-0.004467284162728902	999.9955327158373	-0.0	0.0
DKGLCNR2y	34dhpac_p	-0.0	-1000.0	0.0	-0.0	Inf
DKGLCNR2y	cm_p	-0.0	0.0	0.0	Inf	Inf
DKGLCNR2y	4hoxpacd_p	-0.0	-1000.0	0.0	-0.0	Inf
DKGLCNR2y	co2_p	-0.0	-975.2305100259239	24.769489974076123	-0.0	0.0
DKGLCNR2y	5mtr_p	-0.0	-1000.0	0.0	-0.0	Inf
DKGLCNR2y	LalaDgluMdap_p	-0.0	-0.02384954703455958	0.0	-0.0	Inf
DKGLCNR2y	gal_p	-0.0	-1000.0	0.0	-0.0	Inf
DKGLCNR2y	ac_p	-0.0	-0.6434465231388935	0.0	-0.0	Inf
DKGLCNR2y	crn_p	-0.0	-1000.0	0.0	-0.0	Inf
DKGLCNR2y	gal_bD_p	-0.0	-1000.0	0.0	-0.0	Inf
DKGLCNR2y	acald_p	-0.0	-1000.0	0.0	-0.0	Inf
DKGLCNR2y	acgal_p	-0.0	-1000.0	0.0	-0.0	Inf
DKGLCNR2y	csn_p	-0.0	0.0	0.0	Inf	Inf
DKGLCNR2y	acgam_p	-0.0	-1000.0	0.0	-0.0	Inf
DKGLCNR2y	galt_p	-0.0	-0.11059237116449724	0.0	-0.0	Inf
DKGLCNR2y	acmana_p	-0.0	-1000.0	0.0	-0.0	Inf
DKGLCNR2y	cyan_p	-0.0	0.0	0.0	Inf	Inf
DKGLCNR2y	ade_p	-0.0	-1000.0	0.0	-0.0	Inf
DKGLCNR2y	adn_p	-0.0	0.0	0.0005776142635378755	Inf	0.0
DKGLCNR2y	cytd_p	-0.0	0.0	0.0	Inf	Inf
DKGLCNR2y	glc__D_p	-0.0	-0.11996460600894616	0.15985098877020157	-0.0	0.0
DKGLCNR2y	dad_2_p	-0.0	-1000.0	0.0	-0.0	Inf
DKGLCNR2y	dcyt_p	-0.0	-1000.0	0.0	-0.0	Inf
DKGLCNR2y	all__D_p	-0.0	0.0	0.0	Inf	Inf
DKGLCNR2y	alltn_p	-0.0	0.0	0.0	Inf	Inf
DKGLCNR2y	dha_p	-0.0	-1000.0	0.0	-0.0	Inf
DKGLCNR2y	glyald_p	-0.0	-1000.0	0.0	-0.0	Inf
DKGLCNR2y	glyb_p	0.0	0.0	0.0	Inf	Inf
DKGLCNR2y	dms_p	-0.0	-1000.0	0.0	-0.0	Inf
DKGLCNR2y	glyc_p	-0.0	-0.1193232627436573	0.0	-0.0	Inf
DKGLCNR2y	dmso_p	-0.0	-1000.0	0.0	-0.0	Inf
DKGLCNR2y	arab__L_p	-0.0	0.0	0.0	Inf	Inf
DKGLCNR2y	arbt_p	0.0	0.0	0.0	Inf	Inf
DKGLCNR2y	ca2_p	-0.0	-0.004467284162728902	999.9955327158373	-0.0	0.0
DKGLCNR2y	duri_p	-0.0	-1000.0	0.0	-0.0	Inf
DKGLCNR2y	h2_p	-0.0	-1000.0	0.0	-0.0	Inf
DKGLCNR2y	h2o2_p	-0.0	-1000.0	0.0	-0.0	Inf
DKGLCNR2y	etoh_p	-0.0	-1000.0	0.0	-0.0	Inf
DKGLCNR2y	fald_p	-0.0	0.0	0.0	Inf	Inf
DKGLCNR2y	n2o_p	-0.0	-1000.0	0.0	-0.0	Inf
DKGLCNR2y	na1_p	-0.0	0.0	0.0	Inf	Inf
DKGLCNR2y	indole_p	-0.0	0.0	0.09531021396157563	Inf	0.0
DKGLCNR2y	nac_p	-0.0	-1000.0	0.0	-0.0	Inf
DKGLCNR2y	ni2_p	-0.0	-0.0002772205157270946	999.9997227794843	-0.0	0.0
DKGLCNR2y	inost_p	-0.0	-1000.0	0.0	-0.0	Inf
DKGLCNR2y	no_p	-0.0	-1000.0	0.0	-0.0	Inf
DKGLCNR2y	no2_p	-0.0	-1000.0	0.0	-0.0	Inf
DKGLCNR2y	for_p	-0.0	0.0	0.0021053310396404036	Inf	0.0
DKGLCNR2y	fru_p	-0.0	-1000.0	0.0	-0.0	Inf
DKGLCNR2y	no3_p	-0.0	0.0	0.0	Inf	Inf
DKGLCNR2y	k_p	-0.0	-0.1675278765768553	999.8324721234231	-0.0	0.0
DKGLCNR2y	novbcn_p	-0.0	0.0	0.0	Inf	Inf
DKGLCNR2y	o2_p	-0.0	-22.938027057911768	977.0619729420882	-0.0	0.0
DKGLCNR2y	lipa_cold_p	-0.0	-2.53763444672695	0.0	-0.0	Inf
DKGLCNR2y	g3pe_p	-0.0	0.0	0.0	Inf	Inf
DKGLCNR2y	g3pi_p	-0.0	0.0	0.0	Inf	Inf
DKGLCNR2y	so3_p	-0.0	-1000.0	0.0	-0.0	Inf
DKGLCNR2y	so4_p	-0.0	-0.21646373461953772	999.7835362653805	-0.0	0.0
DKGLCNR2y	malt_p	0.0	0.0	0.0	Inf	Inf
DKGLCNR2y	malthx_p	0.0	0.0	0.0	Inf	Inf
DKGLCNR2y	maltpt_p	0.0	0.0	0.0	Inf	Inf
DKGLCNR2y	sucr_p	-0.0	-1000.0	0.0	-0.0	Inf
DKGLCNR2y	malttr_p	0.0	0.0	0.0	Inf	Inf
DKGLCNR2y	maltttr_p	0.0	0.0	0.0	Inf	Inf
DKGLCNR2y	pacald_p	-0.0	-1000.0	0.0	-0.0	Inf
DKGLCNR2y	man_p	-0.0	-1000.0	0.0	-0.0	Inf
DKGLCNR2y	tartr__L_p	-0.0	-1000.0	0.0	-0.0	Inf
DKGLCNR2y	pe120_p	-0.0	0.0	0.0	Inf	Inf
DKGLCNR2y	melib_p	-0.0	-1000.0	0.0	-0.0	Inf
DKGLCNR2y	meoh_p	-0.0	-999.9999982834643	1.7165357348858379e-06	-0.0	0.0
DKGLCNR2y	thym_p	-0.0	-1000.0	0.0	-0.0	Inf
DKGLCNR2y	thymd_p	-0.0	-0.02245743658079391	0.0	-0.0	Inf
DKGLCNR2y	pg120_p	-0.0	-0.02022260501293664	0.0	-0.0	Inf
DKGLCNR2y	metsox_S__L_p	-0.0	-1000.0	0.0	-0.0	Inf
DKGLCNR2y	tmao_p	-0.0	-1000.0	0.0	-0.0	Inf
DKGLCNR2y	mg2_p	-0.0	-0.0074454736046064614	999.9925545263953	-0.0	0.0
DKGLCNR2y	tre_p	-0.0	0.0	0.0	Inf	Inf
DKGLCNR2y	mnl_p	-0.0	0.0	0.0	Inf	Inf
DKGLCNR2y	mobd_p	-0.0	-0.00011071655274008663	999.9998892834473	-0.0	0.0
DKGLCNR2y	ura_p	-0.0	-1000.0	0.0	-0.0	Inf
DKGLCNR2y	urea_p	-0.0	0.0	0.5149999999977357	Inf	0.0
DKGLCNR2y	uri_p	-0.0	0.0	0.0	Inf	Inf
DKGLCNR2y	xan_p	-0.0	0.0	0.0	Inf	Inf
DKGLCNR2y	xtsn_p	-0.0	0.0	0.0	Inf	Inf
DKGLCNR2y	xyl__D_p	-0.0	0.0	0.0	Inf	Inf
DKGLCNR2y	xylu__L_p	-0.0	-1000.0	0.0	-0.0	Inf
DKGLCNR2y	ppal_p	-0.0	-1000.0	0.0	-0.0	Inf
DKGLCNR2y	psclys_p	-0.0	-1000.0	0.0	-0.0	Inf
DKGLCNR2y	pydx_p	-0.0	0.0	0.0	Inf	Inf
DKGLCNR2y	pydxn_p	-0.0	0.0	0.0	Inf	Inf
DKGLCNR2y	rib__D_p	-0.0	-1000.0	0.0	-0.0	Inf
DKGLCNR2y	rmn_p	-0.0	-1000.0	0.0	-0.0	Inf
DKGLCNR2y	sbt__D_p	-0.0	-0.11059237116449724	0.0	-0.0	Inf
DKGLCNR2y	slnt_p	-0.0	0.0	0.0	Inf	Inf
DKGLCNR2y	so2_p	-0.0	-1000.0	0.0	-0.0	Inf
