Reaction	Metabolite	ShadowPrice	G-	G+	DecrementalShadowPrice	IncrementalShadowPrice
FRUptspp	12dgr120_c	-0.0	0.0	0.0	Inf	Inf
FRUptspp	12dgr140_c	-0.0	0.0	0.0	Inf	Inf
FRUptspp	12dgr160_c	-0.0	-0.01673265190195703	0.0	-0.0	Inf
FRUptspp	12dgr180_c	-0.0	0.0	0.0	Inf	Inf
FRUptspp	12ppd__R_c	-0.0	-1000.0	0.0	-0.0	Inf
FRUptspp	12ppd__S_c	-0.0	0.0	0.0	Inf	Inf
FRUptspp	5drib_c	-0.0	-999.9998068897336	0.0001931102664018967	-0.0	0.0
FRUptspp	5mta_c	-0.0	-0.09373057370419247	0.0	-0.0	Inf
FRUptspp	23dhacoa_c	-0.0	-0.000494362282779548	0.0	-0.0	Inf
FRUptspp	5mtr_c	-0.0	-7.077911754527822	0.0	-0.0	Inf
FRUptspp	3amac_c	-0.0	-3.3835125956359327	0.0	-0.0	Inf
FRUptspp	LalaDgluMdap_c	-0.0	-0.02384954703455958	0.0	-0.0	Inf
FRUptspp	ac_c	-0.0	-0.5898259795439857	0.500006251375675	-0.0	0.0
FRUptspp	acald_c	-0.0	0.0	0.41430766477174696	Inf	0.0
FRUptspp	acetol_c	-0.0	0.0	0.0	Inf	Inf
FRUptspp	acgam_c	-0.0	-0.0810960126746997	0.0	-0.0	Inf
FRUptspp	acgam6p_c	-0.0	-0.0810960126746997	0.0	-0.0	Inf
FRUptspp	acmalt_c	0.0	0.0	0.0	Inf	Inf
FRUptspp	acmana_c	-0.0	-0.0810960126746997	0.0	-0.0	Inf
FRUptspp	2dmmq8_c	-0.0	0.0	0.0	Inf	Inf
FRUptspp	2dmmql8_c	0.0	0.0	0.0	Inf	Inf
FRUptspp	ade_c	-0.0	-0.09373057370419247	0.0005776142635378755	-0.0	0.0
FRUptspp	adn_c	-0.0	0.0	0.0005776142635378755	Inf	0.0
FRUptspp	3sala_c	0.0	0.0	0.0	Inf	Inf
FRUptspp	adphep_DD_c	-0.0	0.0	0.0	Inf	Inf
FRUptspp	adphep_LD_c	-0.0	0.0	0.0	Inf	Inf
FRUptspp	4ahmmp_c	0.0	0.0	0.0	Inf	Inf
FRUptspp	4crsol_c	-0.0	-999.9998086062693	0.0001913937307005465	-0.0	0.0
FRUptspp	2ohph_c	-0.0	-0.0001913937307005465	0.014469761634936283	-0.0	0.0
FRUptspp	2ombzl_c	-0.0	0.0	0.0	Inf	Inf
FRUptspp	2omhmbl_c	-0.0	0.0	0.0	Inf	Inf
FRUptspp	2ommbl_c	-0.0	0.0	0.0	Inf	Inf
FRUptspp	2omph_c	-0.0	0.0	0.013038584183568147	Inf	0.0
FRUptspp	4mhetz_c	0.0	0.0	0.0	Inf	Inf
FRUptspp	2oph_c	-0.0	-0.0001913937307005465	0.014531908070018331	-0.0	0.0
FRUptspp	2oxpaccoa_c	-0.0	-0.000494362282779548	0.0	-0.0	Inf
FRUptspp	all__D_c	-0.0	-0.11796519590879709	0.0	-0.0	Inf
FRUptspp	alltn_c	-0.0	-0.372521671290938	0.0	-0.0	Inf
FRUptspp	4r5au_c	-0.0	-0.0003827874620583316	0.08055982370561747	-0.0	0.0
FRUptspp	56dura_c	0.0	0.0	0.0	Inf	Inf
FRUptspp	arab__L_c	-0.0	-0.14155823509055648	0.0	-0.0	Inf
FRUptspp	etoh_c	-0.0	-1000.0	0.0	-0.0	Inf
FRUptspp	csn_c	-0.0	0.0	0.15526494552716485	Inf	0.0
FRUptspp	fald_c	-0.0	0.0	0.0	Inf	Inf
FRUptspp	fc1p_c	-0.0	-0.1141598670085133	0.0	-0.0	Inf
FRUptspp	fcl__L_c	-0.0	0.0	0.0	Inf	Inf
FRUptspp	aso4_c	0.0	0.0	0.0	Inf	Inf
FRUptspp	cyan_c	0.0	0.0	0.0	Inf	Inf
FRUptspp	athtp_c	0.0	0.0	0.0	Inf	Inf
FRUptspp	cytd_c	-0.0	0.0	0.0	Inf	Inf
FRUptspp	dad_2_c	-0.0	0.0	0.0	Inf	Inf
FRUptspp	dad_5_c	-0.0	-0.09373057370419247	0.0001931102664018967	-0.0	0.0
FRUptspp	betald_c	0.0	0.0	0.0	Inf	Inf
FRUptspp	btal_c	-0.0	-1.4155823509055643	0.0	-0.0	Inf
FRUptspp	for_c	-0.0	-0.09373057370419247	0.0021053310396404036	-0.0	0.0
FRUptspp	dcyt_c	-0.0	0.0	0.0	Inf	Inf
FRUptspp	fru_c	-0.0	-0.11796519590879709	0.15737267886678763	-0.0	0.0
FRUptspp	ca2_c	-0.0	-0.004467284162728902	7.077911754527822	-0.0	0.0
FRUptspp	g3pe_c	-0.0	0.0	0.0	Inf	Inf
FRUptspp	g3pi_c	0.0	0.0	0.0	Inf	Inf
FRUptspp	cbm_c	-0.0	-3.538955877263911	0.0	-0.0	Inf
FRUptspp	dha_c	-0.0	-0.23593039181759418	0.0	-0.0	Inf
FRUptspp	gal_c	-0.0	0.0	0.0	Inf	Inf
FRUptspp	dhgly_c	-0.0	-0.0001913937307005465	0.059014754575045354	-0.0	0.0
FRUptspp	dhmptp_c	0.0	0.0	0.0	Inf	Inf
FRUptspp	gcald_c	-0.0	-0.3217232615694465	0.0005741811920643158	-0.0	0.0
FRUptspp	dhptd_c	-0.0	-47.43614135920785	0.00038450399713597884	-0.0	0.0
FRUptspp	cechddd_c	-0.0	0.0	0.0	Inf	Inf
FRUptspp	dhptdn_c	0.0	0.0	0.0	Inf	Inf
FRUptspp	chol_c	0.0	0.0	0.0	Inf	Inf
FRUptspp	chtbs6p_c	-0.0	0.0	0.0	Inf	Inf
FRUptspp	dmbzid_c	0.0	0.0	0.0	Inf	Inf
FRUptspp	dms_c	0.0	0.0	0.0	Inf	Inf
FRUptspp	dmso_c	0.0	0.0	0.0	Inf	Inf
FRUptspp	cl_c	-0.0	-0.004467284162728902	14.155823509055644	-0.0	0.0
FRUptspp	glc__D_c	-0.0	-0.11796519590879709	0.15737267886678763	-0.0	0.0
FRUptspp	co2_c	-0.0	-975.2305100259239	24.769489974076123	-0.0	0.0
FRUptspp	dscl_c	-0.0	-0.0001913937307005465	0.017117264396134573	-0.0	0.0
FRUptspp	dtdp4aaddg_c	-0.0	0.0	0.0	Inf	Inf
FRUptspp	glyald_c	-0.0	-1000.0	0.0	-0.0	Inf
FRUptspp	crn_c	-0.0	-7.077911754527822	0.0	-0.0	Inf
FRUptspp	duri_c	-0.0	-0.02245743658079391	0.0	-0.0	Inf
FRUptspp	glyb_c	0.0	0.0	0.0	Inf	Inf
FRUptspp	glyc_c	-0.0	-0.1193232627436573	0.0	-0.0	Inf
FRUptspp	dxyl_c	0.0	0.0	0.0	Inf	Inf
FRUptspp	glycogen_c	-0.0	-0.11059237116449724	0.0	-0.0	Inf
FRUptspp	gmhep1p_c	-0.0	0.0	0.12848782008744053	Inf	0.0
FRUptspp	lipa_cold_c	-0.0	0.0	0.0	Inf	Inf
FRUptspp	lipidA_c	-0.0	-0.008548202602086745	0.010639976715836268	-0.0	0.0
FRUptspp	malt_c	0.0	0.0	0.0	Inf	Inf
FRUptspp	h2_c	-0.0	0.0	0.0	Inf	Inf
FRUptspp	malthx_c	-0.0	0.0	0.0	Inf	Inf
FRUptspp	maltpt_c	-0.0	0.0	0.0	Inf	Inf
FRUptspp	malttr_c	-0.0	0.0	0.0	Inf	Inf
FRUptspp	maltttr_c	-0.0	0.0	0.0	Inf	Inf
FRUptspp	h2o2_c	-0.0	-0.001204149794498838	2.0301075573815592	-0.0	0.0
FRUptspp	man_c	-0.0	-0.11796519590879709	0.0	-0.0	Inf
FRUptspp	mdhdhf_c	-0.0	-47.43614135920785	0.00038450399713597884	-0.0	0.0
FRUptspp	melib_c	-0.0	0.0	0.0	Inf	Inf
FRUptspp	meoh_c	-0.0	-999.9999982834643	1.7165357348858379e-06	-0.0	0.0
FRUptspp	pacald_c	-0.0	-7.077911754527822	0.0	-0.0	Inf
FRUptspp	metsox_S__L_c	-0.0	-0.07149405812654366	0.0	-0.0	Inf
FRUptspp	mg2_c	-0.0	-0.0074454736046064614	3.538955877263911	-0.0	0.0
FRUptspp	hhlipa_c	-0.0	0.0	0.0	Inf	Inf
FRUptspp	pe120_c	-0.0	0.0	0.0	Inf	Inf
FRUptspp	mobd_c	-0.0	-0.00011071655273708743	2.53763444672695	-0.0	0.0
FRUptspp	hlipa_c	-0.0	0.0	0.0	Inf	Inf
FRUptspp	pg120_c	-0.0	-0.02045639235412666	0.0	-0.0	Inf
FRUptspp	mql8_c	0.0	0.0	0.0	Inf	Inf
FRUptspp	mqn8_c	-0.0	0.0	0.0	Inf	Inf
FRUptspp	mthgxl_c	-0.0	-0.283116470181113	0.0	-0.0	Inf
FRUptspp	hqn_c	0.0	0.0	0.0	Inf	Inf
FRUptspp	mththf_c	-0.0	-999.9996154960029	0.00038450399713597884	-0.0	0.0
FRUptspp	n2o_c	-0.0	-1000.0	0.0	-0.0	Inf
FRUptspp	na1_c	-0.0	0.0	0.0	Inf	Inf
FRUptspp	nac_c	-0.0	0.0	0.0	Inf	Inf
FRUptspp	ncam_c	-0.0	0.0	0.0	Inf	Inf
FRUptspp	ni2_c	-0.0	-0.0002772205157270946	999.9997227794843	-0.0	0.0
FRUptspp	no_c	-0.0	-1000.0	0.0	-0.0	Inf
FRUptspp	indole_c	-0.0	-0.0487865194359245	0.09442360732007259	-0.0	0.0
FRUptspp	no2_c	-0.0	-7.077911754527822	0.0	-0.0	Inf
FRUptspp	no3_c	0.0	0.0	0.0	Inf	Inf
FRUptspp	inost_c	0.0	0.0	0.0	Inf	Inf
FRUptspp	o2_c	-0.0	-22.938027057911764	977.0619729420882	-0.0	0.0
FRUptspp	poaac_c	-0.0	-1.1278375318786442	0.0	-0.0	Inf
FRUptspp	ppal_c	-0.0	0.0	0.0	Inf	Inf
FRUptspp	k_c	-0.0	-0.16752787657682408	10.1505377869078	-0.0	0.0
FRUptspp	psclys_c	-0.0	0.0	0.0	Inf	Inf
FRUptspp	lald__D_c	-0.0	0.0	0.0	Inf	Inf
FRUptspp	lald__L_c	-0.0	-0.26214487979732687	0.0	-0.0	Inf
FRUptspp	ura_c	-0.0	0.0	0.0	Inf	Inf
FRUptspp	pydx_c	-0.0	0.0	0.001204149794498838	Inf	0.0
FRUptspp	uracp_c	-0.0	-1.2688172233634747	0.0	-0.0	Inf
FRUptspp	pydxn_c	-0.0	0.0	0.10856190146425458	Inf	0.0
FRUptspp	urate_c	-0.0	-0.001204149794498838	0.0	-0.0	Inf
FRUptspp	q8_c	0.0	0.0	0.0	Inf	Inf
FRUptspp	q8h2_c	-0.0	0.0	0.0	Inf	Inf
FRUptspp	urea_c	-0.0	0.0	0.5149999999977357	Inf	0.0
FRUptspp	uri_c	-0.0	0.0	0.0	Inf	Inf
FRUptspp	rbflvrd_c	-0.0	0.0	0.04282927336248017	Inf	0.0
FRUptspp	rbl__L_c	-0.0	-0.14155823509055648	0.0	-0.0	Inf
FRUptspp	rdmbzi_c	0.0	0.0	0.0	Inf	Inf
FRUptspp	thptdn_c	0.0	0.0	0.0	Inf	Inf
FRUptspp	xan_c	-0.0	0.0	0.0	Inf	Inf
FRUptspp	rephaccoa_c	-0.0	-0.000494362282779548	0.0	-0.0	Inf
FRUptspp	rib__D_c	-0.0	0.0	0.18797292197977414	Inf	0.0
FRUptspp	xtsn_c	-0.0	0.0	0.0	Inf	Inf
FRUptspp	rml_c	-0.0	-0.12417389043031272	0.0	-0.0	Inf
FRUptspp	thym_c	-0.0	-10.1505377869078	0.0	-0.0	Inf
FRUptspp	thymd_c	-0.0	-0.02245743658079391	0.0	-0.0	Inf
FRUptspp	xu5p__L_c	-0.0	-0.1286893046277786	0.0	-0.0	Inf
FRUptspp	rmn_c	-0.0	-0.12417389043031272	0.0	-0.0	Inf
FRUptspp	xyl__D_c	0.0	0.0	0.0	Inf	Inf
FRUptspp	tmao_c	0.0	0.0	0.0	Inf	Inf
FRUptspp	xylu__D_c	-0.0	0.0	0.0	Inf	Inf
FRUptspp	xylu__L_c	-0.0	-0.14155823509055648	0.0	-0.0	Inf
FRUptspp	12ppd__R_e	-0.0	-1000.0	0.0	-0.0	Inf
FRUptspp	12ppd__S_e	-0.0	-1000.0	0.0	-0.0	Inf
FRUptspp	tre_c	-0.0	-0.058982597954398544	0.0	-0.0	Inf
FRUptspp	seln_c	0.0	0.0	0.0	Inf	Inf
FRUptspp	34dhpac_e	-0.0	-1000.0	0.0	-0.0	Inf
FRUptspp	slnt_c	0.0	0.0	0.0	Inf	Inf
FRUptspp	so2_c	0.0	0.0	0.0	Inf	Inf
FRUptspp	so3_c	-0.0	-0.21274056868334548	0.5639187659393221	-0.0	0.0
FRUptspp	so4_c	-0.0	-0.21646373461953772	10.1505377869078	-0.0	0.0
FRUptspp	4hoxpacd_e	-0.0	-1000.0	0.0	-0.0	Inf
FRUptspp	5mtr_e	-0.0	-1000.0	0.0	-0.0	Inf
FRUptspp	LalaDgluMdap_e	-0.0	-1000.0	0.0	-0.0	Inf
FRUptspp	ac_e	-0.0	0.0	0.0	Inf	Inf
FRUptspp	acald_e	-0.0	-1000.0	0.0	-0.0	Inf
FRUptspp	acgal_e	-0.0	-1000.0	0.0	-0.0	Inf
FRUptspp	acgam_e	-0.0	-1000.0	0.0	-0.0	Inf
FRUptspp	acmana_e	-0.0	-1000.0	0.0	-0.0	Inf
FRUptspp	tagur_c	-0.0	0.0	0.0	Inf	Inf
FRUptspp	tartr__L_c	-0.0	-0.26214487979732687	0.0	-0.0	Inf
FRUptspp	ade_e	-0.0	-1000.0	0.0	-0.0	Inf
FRUptspp	adn_e	-0.0	-1000.0	0.0	-0.0	Inf
FRUptspp	all__D_e	-0.0	-1000.0	0.0	-0.0	Inf
FRUptspp	cl_e	-0.0	-0.004467284162728902	999.9955327158373	-0.0	0.0
FRUptspp	alltn_e	-0.0	0.0	0.0	Inf	Inf
FRUptspp	cm_e	-0.0	-1000.0	0.0	-0.0	Inf
FRUptspp	co2_e	-0.0	-975.2305100259239	24.769489974076123	-0.0	0.0
FRUptspp	arab__L_e	-0.0	-1000.0	0.0	-0.0	Inf
FRUptspp	arbt_e	-0.0	-1000.0	0.0	-0.0	Inf
FRUptspp	unagamu_c	-0.0	0.0	0.009869263769477686	Inf	0.0
FRUptspp	crn_e	-0.0	-1000.0	0.0	-0.0	Inf
FRUptspp	csn_e	-0.0	-1000.0	0.0	-0.0	Inf
FRUptspp	cyan_e	-0.0	-1000.0	0.0	-0.0	Inf
FRUptspp	glyb_e	-0.0	-1000.0	0.0	-0.0	Inf
FRUptspp	glyc_e	-0.0	-1000.0	0.0	-0.0	Inf
FRUptspp	cytd_e	-0.0	-1000.0	0.0	-0.0	Inf
FRUptspp	ca2_e	-0.0	-0.004467284162728902	999.9955327158373	-0.0	0.0
FRUptspp	dad_2_e	-0.0	-1000.0	0.0	-0.0	Inf
FRUptspp	dcyt_e	-0.0	-1000.0	0.0	-0.0	Inf
FRUptspp	chol_e	-0.0	-1000.0	0.0	-0.0	Inf
FRUptspp	dha_e	-0.0	-1000.0	0.0	-0.0	Inf
FRUptspp	ppal_e	-0.0	-1000.0	0.0	-0.0	Inf
FRUptspp	h2_e	-0.0	-1000.0	0.0	-0.0	Inf
FRUptspp	dms_e	-0.0	-1000.0	0.0	-0.0	Inf
FRUptspp	dmso_e	-0.0	-1000.0	0.0	-0.0	Inf
FRUptspp	h2o2_e	-0.0	-1000.0	0.0	-0.0	Inf
FRUptspp	psclys_e	-0.0	-1000.0	0.0	-0.0	Inf
FRUptspp	duri_e	-0.0	-1000.0	0.0	-0.0	Inf
FRUptspp	pydx_e	-0.0	-1000.0	0.0	-0.0	Inf
FRUptspp	pydxn_e	-0.0	-1000.0	0.0	-0.0	Inf
FRUptspp	etoh_e	-0.0	-1000.0	0.0	-0.0	Inf
FRUptspp	fald_e	-0.0	0.0	0.0	Inf	Inf
FRUptspp	rib__D_e	-0.0	-1000.0	0.0	-0.0	Inf
FRUptspp	rmn_e	-0.0	-1000.0	0.0	-0.0	Inf
FRUptspp	indole_e	-0.0	-1000.0	0.0	-0.0	Inf
FRUptspp	inost_e	-0.0	-1000.0	0.0	-0.0	Inf
FRUptspp	sbt__D_e	-0.0	-0.11059237116449724	0.0	-0.0	Inf
FRUptspp	k_e	-0.0	-0.1675278765768553	999.8324721234231	-0.0	0.0
FRUptspp	for_e	-0.0	0.0	0.0021053310396404036	Inf	0.0
FRUptspp	slnt_e	-0.0	0.0	1000.0	Inf	0.0
FRUptspp	fru_e	-1.0	0.0	0.0	Inf	Inf
FRUptspp	so2_e	-0.0	-1000.0	0.0	-0.0	Inf
FRUptspp	so3_e	-0.0	-1000.0	0.0	-0.0	Inf
FRUptspp	so4_e	-0.0	-0.21646373461953772	999.7835362653805	-0.0	0.0
FRUptspp	lipa_cold_e	-0.0	-1000.0	0.0	-0.0	Inf
FRUptspp	sucr_e	-0.0	-1000.0	0.0	-0.0	Inf
FRUptspp	g3pe_e	-0.0	-1000.0	0.0	-0.0	Inf
FRUptspp	malt_e	-0.0	-1000.0	0.0	-0.0	Inf
FRUptspp	tartr__L_e	-0.0	-1000.0	0.0	-0.0	Inf
FRUptspp	g3pi_e	-0.0	-1000.0	0.0	-0.0	Inf
FRUptspp	malthx_e	-0.0	-1000.0	0.0	-0.0	Inf
FRUptspp	maltpt_e	-0.0	-1000.0	0.0	-0.0	Inf
FRUptspp	gal_e	-0.0	-1000.0	0.0	-0.0	Inf
FRUptspp	gal_bD_e	-0.0	-1000.0	0.0	-0.0	Inf
FRUptspp	malttr_e	-0.0	-1000.0	0.0	-0.0	Inf
FRUptspp	maltttr_e	-0.0	-1000.0	0.0	-0.0	Inf
FRUptspp	man_e	-0.0	-1000.0	0.0	-0.0	Inf
FRUptspp	thym_e	-0.0	-1000.0	0.0	-0.0	Inf
FRUptspp	thymd_e	-0.0	-1000.0	0.0	-0.0	Inf
FRUptspp	galt_e	-0.0	-0.11059237116449724	0.0	-0.0	Inf
FRUptspp	melib_e	-0.0	-1000.0	0.0	-0.0	Inf
FRUptspp	meoh_e	-0.0	-999.9999982834643	1.7165357348858379e-06	-0.0	0.0
FRUptspp	tmao_e	-0.0	-1000.0	0.0	-0.0	Inf
FRUptspp	tre_e	-0.0	-1000.0	0.0	-0.0	Inf
FRUptspp	metsox_S__L_e	-0.0	-1000.0	0.0	-0.0	Inf
FRUptspp	glc__D_e	-0.0	-0.11996460600894616	0.15985098877020157	-0.0	0.0
FRUptspp	mg2_e	-0.0	-0.007445473604661856	999.9925545263953	-0.0	0.0
FRUptspp	mnl_e	-0.0	-1000.0	0.0	-0.0	Inf
FRUptspp	mobd_e	-0.0	-0.00011071655274008663	999.9998892834473	-0.0	0.0
FRUptspp	glyald_e	-0.0	-1000.0	0.0	-0.0	Inf
FRUptspp	n2o_e	-0.0	-1000.0	0.0	-0.0	Inf
FRUptspp	na1_e	-0.0	0.0	1000.0	Inf	0.0
FRUptspp	nac_e	-0.0	-1000.0	0.0	-0.0	Inf
FRUptspp	ni2_e	-0.0	-0.0002772205157270946	999.9997227794843	-0.0	0.0
FRUptspp	no_e	-0.0	-1000.0	0.0	-0.0	Inf
FRUptspp	no2_e	-0.0	-1000.0	0.0	-0.0	Inf
FRUptspp	ura_e	-0.0	-1000.0	0.0	-0.0	Inf
FRUptspp	no3_e	-0.0	-1000.0	0.0	-0.0	Inf
FRUptspp	urea_e	-0.0	-1000.0	0.0	-0.0	Inf
FRUptspp	novbcn_e	-0.0	-1000.0	0.0	-0.0	Inf
FRUptspp	uri_e	-0.0	-1000.0	0.0	-0.0	Inf
FRUptspp	o2_e	-0.0	-22.938027057911768	977.0619729420882	-0.0	0.0
FRUptspp	xan_e	-0.0	0.0	0.0	Inf	Inf
FRUptspp	xtsn_e	-0.0	-1000.0	0.0	-0.0	Inf
FRUptspp	xyl__D_e	-0.0	-1000.0	0.0	-0.0	Inf
FRUptspp	xylu__L_e	-0.0	-1000.0	0.0	-0.0	Inf
FRUptspp	pacald_e	-0.0	-1000.0	0.0	-0.0	Inf
FRUptspp	12dgr120_p	-0.0	0.0	0.0	Inf	Inf
FRUptspp	12dgr140_p	-0.0	0.0	0.0	Inf	Inf
FRUptspp	12dgr160_p	-0.0	-0.01673265190195703	0.0	-0.0	Inf
FRUptspp	12dgr180_p	-0.0	0.0	0.0	Inf	Inf
FRUptspp	12ppd__R_p	-0.0	-1000.0	0.0	-0.0	Inf
FRUptspp	12ppd__S_p	-0.0	0.0	0.0	Inf	Inf
FRUptspp	chol_p	-0.0	-1000.0	0.0	-0.0	Inf
FRUptspp	cl_p	-0.0	-0.004467284162728902	999.9955327158373	-0.0	0.0
FRUptspp	34dhpac_p	-0.0	-1000.0	0.0	-0.0	Inf
FRUptspp	cm_p	-0.0	0.0	0.0	Inf	Inf
FRUptspp	4hoxpacd_p	-0.0	-1000.0	0.0	-0.0	Inf
FRUptspp	co2_p	-0.0	-975.2305100259239	24.769489974076123	-0.0	0.0
FRUptspp	5mtr_p	-0.0	-1000.0	0.0	-0.0	Inf
FRUptspp	LalaDgluMdap_p	-0.0	-0.02384954703455958	0.0	-0.0	Inf
FRUptspp	gal_p	-0.0	-1000.0	0.0	-0.0	Inf
FRUptspp	ac_p	-0.0	-0.6434465231388935	0.0	-0.0	Inf
FRUptspp	crn_p	-0.0	-1000.0	0.0	-0.0	Inf
FRUptspp	gal_bD_p	-0.0	-1000.0	0.0	-0.0	Inf
FRUptspp	acald_p	-0.0	-1000.0	0.0	-0.0	Inf
FRUptspp	acgal_p	-0.0	-1000.0	0.0	-0.0	Inf
FRUptspp	csn_p	-0.0	0.0	0.0	Inf	Inf
FRUptspp	acgam_p	-0.0	-1000.0	0.0	-0.0	Inf
FRUptspp	galt_p	-0.0	-0.11059237116449724	0.0	-0.0	Inf
FRUptspp	acmana_p	-0.0	-1000.0	0.0	-0.0	Inf
FRUptspp	cyan_p	-0.0	0.0	0.0	Inf	Inf
FRUptspp	ade_p	-0.0	-1000.0	0.0	-0.0	Inf
FRUptspp	adn_p	-0.0	0.0	0.0005776142635378755	Inf	0.0
FRUptspp	cytd_p	-0.0	0.0	0.0	Inf	Inf
FRUptspp	glc__D_p	-0.0	-0.11996460600894616	0.15985098877020157	-0.0	0.0
FRUptspp	dad_2_p	-0.0	-1000.0	0.0	-0.0	Inf
FRUptspp	dcyt_p	-0.0	-1000.0	0.0	-0.0	Inf
FRUptspp	all__D_p	-0.0	0.0	0.0	Inf	Inf
FRUptspp	alltn_p	-0.0	0.0	0.0	Inf	Inf
FRUptspp	dha_p	-0.0	-1000.0	0.0	-0.0	Inf
FRUptspp	glyald_p	-0.0	-1000.0	0.0	-0.0	Inf
FRUptspp	glyb_p	0.0	0.0	0.0	Inf	Inf
FRUptspp	dms_p	-0.0	-1000.0	0.0	-0.0	Inf
FRUptspp	glyc_p	-0.0	-0.1193232627436573	0.0	-0.0	Inf
FRUptspp	dmso_p	-0.0	-1000.0	0.0	-0.0	Inf
FRUptspp	arab__L_p	-0.0	0.0	0.0	Inf	Inf
FRUptspp	arbt_p	0.0	0.0	0.0	Inf	Inf
FRUptspp	ca2_p	-0.0	-0.004467284162728902	999.9955327158373	-0.0	0.0
FRUptspp	duri_p	-0.0	-1000.0	0.0	-0.0	Inf
FRUptspp	h2_p	-0.0	-1000.0	0.0	-0.0	Inf
FRUptspp	h2o2_p	-0.0	-1000.0	0.0	-0.0	Inf
FRUptspp	etoh_p	-0.0	-1000.0	0.0	-0.0	Inf
FRUptspp	fald_p	-0.0	0.0	0.0	Inf	Inf
FRUptspp	n2o_p	-0.0	-1000.0	0.0	-0.0	Inf
FRUptspp	na1_p	-0.0	0.0	0.0	Inf	Inf
FRUptspp	indole_p	-0.0	0.0	0.09531021396157563	Inf	0.0
FRUptspp	nac_p	-0.0	-1000.0	0.0	-0.0	Inf
FRUptspp	ni2_p	-0.0	-0.0002772205157270946	999.9997227794843	-0.0	0.0
FRUptspp	inost_p	-0.0	-1000.0	0.0	-0.0	Inf
FRUptspp	no_p	-0.0	-1000.0	0.0	-0.0	Inf
FRUptspp	no2_p	-0.0	-1000.0	0.0	-0.0	Inf
FRUptspp	for_p	-0.0	0.0	0.0021053310396404036	Inf	0.0
FRUptspp	fru_p	-1.0	-0.11996460600894616	0.0	-1.0	Inf
FRUptspp	no3_p	-0.0	0.0	0.0	Inf	Inf
FRUptspp	k_p	-0.0	-0.1675278765768553	999.8324721234231	-0.0	0.0
FRUptspp	novbcn_p	-0.0	0.0	0.0	Inf	Inf
FRUptspp	o2_p	-0.0	-22.938027057911768	977.0619729420882	-0.0	0.0
FRUptspp	lipa_cold_p	-0.0	-2.53763444672695	0.0	-0.0	Inf
FRUptspp	g3pe_p	-0.0	0.0	0.0	Inf	Inf
FRUptspp	g3pi_p	-0.0	0.0	0.0	Inf	Inf
FRUptspp	so3_p	-0.0	-1000.0	0.0	-0.0	Inf
FRUptspp	so4_p	-0.0	-0.21646373461953772	999.7835362653805	-0.0	0.0
FRUptspp	malt_p	0.0	0.0	0.0	Inf	Inf
FRUptspp	malthx_p	0.0	0.0	0.0	Inf	Inf
FRUptspp	maltpt_p	0.0	0.0	0.0	Inf	Inf
FRUptspp	sucr_p	-0.0	-1000.0	0.0	-0.0	Inf
FRUptspp	malttr_p	0.0	0.0	0.0	Inf	Inf
FRUptspp	maltttr_p	0.0	0.0	0.0	Inf	Inf
FRUptspp	pacald_p	-0.0	-1000.0	0.0	-0.0	Inf
FRUptspp	man_p	-0.0	-1000.0	0.0	-0.0	Inf
FRUptspp	tartr__L_p	-0.0	-1000.0	0.0	-0.0	Inf
FRUptspp	pe120_p	-0.0	0.0	0.0	Inf	Inf
FRUptspp	melib_p	-0.0	-1000.0	0.0	-0.0	Inf
FRUptspp	meoh_p	-0.0	-999.9999982834643	1.7165357348858379e-06	-0.0	0.0
FRUptspp	thym_p	-0.0	-1000.0	0.0	-0.0	Inf
FRUptspp	thymd_p	-0.0	-0.02245743658079391	0.0	-0.0	Inf
FRUptspp	pg120_p	-0.0	-0.02022260501293664	0.0	-0.0	Inf
FRUptspp	metsox_S__L_p	-0.0	-1000.0	0.0	-0.0	Inf
FRUptspp	tmao_p	-0.0	-1000.0	0.0	-0.0	Inf
FRUptspp	mg2_p	-0.0	-0.0074454736046064614	999.9925545263953	-0.0	0.0
FRUptspp	tre_p	-0.0	0.0	0.0	Inf	Inf
FRUptspp	mnl_p	-0.0	0.0	0.0	Inf	Inf
FRUptspp	mobd_p	-0.0	-0.00011071655274008663	999.9998892834473	-0.0	0.0
FRUptspp	ura_p	-0.0	-1000.0	0.0	-0.0	Inf
FRUptspp	urea_p	-0.0	0.0	0.5149999999977357	Inf	0.0
FRUptspp	uri_p	-0.0	0.0	0.0	Inf	Inf
FRUptspp	xan_p	-0.0	0.0	0.0	Inf	Inf
FRUptspp	xtsn_p	-0.0	0.0	0.0	Inf	Inf
FRUptspp	xyl__D_p	-0.0	0.0	0.0	Inf	Inf
FRUptspp	xylu__L_p	-0.0	-1000.0	0.0	-0.0	Inf
FRUptspp	ppal_p	-0.0	-1000.0	0.0	-0.0	Inf
FRUptspp	psclys_p	-0.0	-1000.0	0.0	-0.0	Inf
FRUptspp	pydx_p	-0.0	0.0	0.0	Inf	Inf
FRUptspp	pydxn_p	-0.0	0.0	0.0	Inf	Inf
FRUptspp	rib__D_p	-0.0	-1000.0	0.0	-0.0	Inf
FRUptspp	rmn_p	-0.0	-1000.0	0.0	-0.0	Inf
FRUptspp	sbt__D_p	-0.0	-0.11059237116449724	0.0	-0.0	Inf
FRUptspp	slnt_p	-0.0	0.0	0.0	Inf	Inf
FRUptspp	so2_p	-0.0	-1000.0	0.0	-0.0	Inf
