Reaction	Metabolite	ShadowPrice	G-	G+	DecrementalShadowPrice	IncrementalShadowPrice
FALDH2_f	12dgr120_c	-0.0	0.0	0.0	Inf	Inf
FALDH2_f	12dgr140_c	-0.0	0.0	0.0	Inf	Inf
FALDH2_f	12dgr160_c	-0.0	-0.01673265190195703	0.0	-0.0	Inf
FALDH2_f	12dgr180_c	-0.0	0.0	0.0	Inf	Inf
FALDH2_f	12ppd__R_c	-0.0	-1000.0	0.0	-0.0	Inf
FALDH2_f	12ppd__S_c	-0.0	0.0	0.0	Inf	Inf
FALDH2_f	5drib_c	-0.0	-999.9998068897336	0.0001931102664018967	-0.0	0.0
FALDH2_f	5mta_c	-0.0	-0.09373057370419247	0.0	-0.0	Inf
FALDH2_f	23dhacoa_c	-0.0	-0.000494362282779548	0.0	-0.0	Inf
FALDH2_f	5mtr_c	-0.0	-7.077911754527822	0.0	-0.0	Inf
FALDH2_f	3amac_c	-0.0	-3.3835125956359327	0.0	-0.0	Inf
FALDH2_f	LalaDgluMdap_c	-0.0	-0.02384954703455958	0.0	-0.0	Inf
FALDH2_f	ac_c	-0.0	-0.5898259795439857	0.500006251375675	-0.0	0.0
FALDH2_f	acald_c	-0.0	0.0	0.41430766477174696	Inf	0.0
FALDH2_f	acetol_c	-0.0	0.0	0.0	Inf	Inf
FALDH2_f	acgam_c	-0.0	-0.0810960126746997	0.0	-0.0	Inf
FALDH2_f	acgam6p_c	-0.0	-0.0810960126746997	0.0	-0.0	Inf
FALDH2_f	acmalt_c	0.0	0.0	0.0	Inf	Inf
FALDH2_f	acmana_c	-0.0	-0.0810960126746997	0.0	-0.0	Inf
FALDH2_f	2dmmq8_c	-0.0	0.0	0.0	Inf	Inf
FALDH2_f	2dmmql8_c	0.0	0.0	0.0	Inf	Inf
FALDH2_f	ade_c	-0.0	-0.09373057370419247	0.0005776142635378755	-0.0	0.0
FALDH2_f	adn_c	-0.0	0.0	0.0005776142635378755	Inf	0.0
FALDH2_f	3sala_c	0.0	0.0	0.0	Inf	Inf
FALDH2_f	adphep_DD_c	-0.0	0.0	0.0	Inf	Inf
FALDH2_f	adphep_LD_c	-0.0	0.0	0.0	Inf	Inf
FALDH2_f	4ahmmp_c	0.0	0.0	0.0	Inf	Inf
FALDH2_f	4crsol_c	-0.0	-999.9998086062693	0.0001913937307005465	-0.0	0.0
FALDH2_f	2ohph_c	-0.0	-0.0001913937307005465	0.014469761634936283	-0.0	0.0
FALDH2_f	2ombzl_c	-0.0	0.0	0.0	Inf	Inf
FALDH2_f	2omhmbl_c	-0.0	0.0	0.0	Inf	Inf
FALDH2_f	2ommbl_c	-0.0	0.0	0.0	Inf	Inf
FALDH2_f	2omph_c	-0.0	0.0	0.013038584183568147	Inf	0.0
FALDH2_f	4mhetz_c	0.0	0.0	0.0	Inf	Inf
FALDH2_f	2oph_c	-0.0	-0.0001913937307005465	0.014531908070018331	-0.0	0.0
FALDH2_f	2oxpaccoa_c	-0.0	-0.000494362282779548	0.0	-0.0	Inf
FALDH2_f	all__D_c	-0.0	-0.11796519590879709	0.0	-0.0	Inf
FALDH2_f	alltn_c	-0.0	-0.372521671290938	0.0	-0.0	Inf
FALDH2_f	4r5au_c	-0.0	-0.0003827874620583316	0.08055982370561747	-0.0	0.0
FALDH2_f	56dura_c	0.0	0.0	0.0	Inf	Inf
FALDH2_f	arab__L_c	-0.0	-0.14155823509055648	0.0	-0.0	Inf
FALDH2_f	etoh_c	-0.0	-1000.0	0.0	-0.0	Inf
FALDH2_f	csn_c	-0.0	0.0	0.15526494552716485	Inf	0.0
FALDH2_f	fald_c	-0.0	0.0	0.0	Inf	Inf
FALDH2_f	fc1p_c	-0.0	-0.1141598670085133	0.0	-0.0	Inf
FALDH2_f	fcl__L_c	-0.0	0.0	0.0	Inf	Inf
FALDH2_f	aso4_c	0.0	0.0	0.0	Inf	Inf
FALDH2_f	cyan_c	0.0	0.0	0.0	Inf	Inf
FALDH2_f	athtp_c	0.0	0.0	0.0	Inf	Inf
FALDH2_f	cytd_c	-0.0	0.0	0.0	Inf	Inf
FALDH2_f	dad_2_c	-0.0	0.0	0.0	Inf	Inf
FALDH2_f	dad_5_c	-0.0	-0.09373057370419247	0.0001931102664018967	-0.0	0.0
FALDH2_f	betald_c	0.0	0.0	0.0	Inf	Inf
FALDH2_f	btal_c	-0.0	-1.4155823509055643	0.0	-0.0	Inf
FALDH2_f	for_c	-0.0	-0.09373057370419247	0.0021053310396404036	-0.0	0.0
FALDH2_f	dcyt_c	-0.0	0.0	0.0	Inf	Inf
FALDH2_f	fru_c	-0.0	-0.11796519590879709	0.15737267886678763	-0.0	0.0
FALDH2_f	ca2_c	-0.0	-0.004467284162728902	7.077911754527822	-0.0	0.0
FALDH2_f	g3pe_c	-0.0	0.0	0.0	Inf	Inf
FALDH2_f	g3pi_c	0.0	0.0	0.0	Inf	Inf
FALDH2_f	cbm_c	-0.0	-3.538955877263911	0.0	-0.0	Inf
FALDH2_f	dha_c	-0.0	-0.23593039181759418	0.0	-0.0	Inf
FALDH2_f	gal_c	-0.0	0.0	0.0	Inf	Inf
FALDH2_f	dhgly_c	-0.0	-0.0001913937307005465	0.059014754575045354	-0.0	0.0
FALDH2_f	dhmptp_c	0.0	0.0	0.0	Inf	Inf
FALDH2_f	gcald_c	-0.0	-0.3217232615694465	0.0005741811920643158	-0.0	0.0
FALDH2_f	dhptd_c	-0.0	-47.43614135920785	0.00038450399713597884	-0.0	0.0
FALDH2_f	cechddd_c	-0.0	0.0	0.0	Inf	Inf
FALDH2_f	dhptdn_c	0.0	0.0	0.0	Inf	Inf
FALDH2_f	chol_c	0.0	0.0	0.0	Inf	Inf
FALDH2_f	chtbs6p_c	-0.0	0.0	0.0	Inf	Inf
FALDH2_f	dmbzid_c	0.0	0.0	0.0	Inf	Inf
FALDH2_f	dms_c	0.0	0.0	0.0	Inf	Inf
FALDH2_f	dmso_c	0.0	0.0	0.0	Inf	Inf
FALDH2_f	cl_c	-0.0	-0.004467284162728902	14.155823509055644	-0.0	0.0
FALDH2_f	glc__D_c	-0.0	-0.11796519590879709	0.15737267886678763	-0.0	0.0
FALDH2_f	co2_c	-0.0	-975.2305100259239	24.769489974076123	-0.0	0.0
FALDH2_f	dscl_c	-0.0	-0.0001913937307005465	0.017117264396134573	-0.0	0.0
FALDH2_f	dtdp4aaddg_c	-0.0	0.0	0.0	Inf	Inf
FALDH2_f	glyald_c	-0.0	-1000.0	0.0	-0.0	Inf
FALDH2_f	crn_c	-0.0	-7.077911754527822	0.0	-0.0	Inf
FALDH2_f	duri_c	-0.0	-0.02245743658079391	0.0	-0.0	Inf
FALDH2_f	glyb_c	0.0	0.0	0.0	Inf	Inf
FALDH2_f	glyc_c	-0.0	-0.1193232627436573	0.0	-0.0	Inf
FALDH2_f	dxyl_c	0.0	0.0	0.0	Inf	Inf
FALDH2_f	glycogen_c	-0.0	-0.11059237116449724	0.0	-0.0	Inf
FALDH2_f	gmhep1p_c	-0.0	0.0	0.12848782008744053	Inf	0.0
FALDH2_f	lipa_cold_c	-0.0	0.0	0.0	Inf	Inf
FALDH2_f	lipidA_c	-0.0	-0.008548202602086745	0.010639976715836268	-0.0	0.0
FALDH2_f	malt_c	0.0	0.0	0.0	Inf	Inf
FALDH2_f	h2_c	-0.0	0.0	0.0	Inf	Inf
FALDH2_f	malthx_c	-0.0	0.0	0.0	Inf	Inf
FALDH2_f	maltpt_c	-0.0	0.0	0.0	Inf	Inf
FALDH2_f	malttr_c	-0.0	0.0	0.0	Inf	Inf
FALDH2_f	maltttr_c	-0.0	0.0	0.0	Inf	Inf
FALDH2_f	h2o2_c	-0.0	-0.001204149794498838	2.0301075573815592	-0.0	0.0
FALDH2_f	man_c	-0.0	-0.11796519590879709	0.0	-0.0	Inf
FALDH2_f	mdhdhf_c	-0.0	-47.43614135920785	0.00038450399713597884	-0.0	0.0
FALDH2_f	melib_c	-0.0	0.0	0.0	Inf	Inf
FALDH2_f	meoh_c	-0.0	-999.9999982834643	1.7165357348858379e-06	-0.0	0.0
FALDH2_f	pacald_c	-0.0	-7.077911754527822	0.0	-0.0	Inf
FALDH2_f	metsox_S__L_c	-0.0	-0.07149405812654366	0.0	-0.0	Inf
FALDH2_f	mg2_c	-0.0	-0.0074454736046064614	3.538955877263911	-0.0	0.0
FALDH2_f	hhlipa_c	-0.0	0.0	0.0	Inf	Inf
FALDH2_f	pe120_c	-0.0	0.0	0.0	Inf	Inf
FALDH2_f	mobd_c	-0.0	-0.00011071655273708743	2.53763444672695	-0.0	0.0
FALDH2_f	hlipa_c	-0.0	0.0	0.0	Inf	Inf
FALDH2_f	pg120_c	-0.0	-0.02045639235412666	0.0	-0.0	Inf
FALDH2_f	mql8_c	0.0	0.0	0.0	Inf	Inf
FALDH2_f	mqn8_c	-0.0	0.0	0.0	Inf	Inf
FALDH2_f	mthgxl_c	-0.0	-0.283116470181113	0.0	-0.0	Inf
FALDH2_f	hqn_c	0.0	0.0	0.0	Inf	Inf
FALDH2_f	mththf_c	-0.0	-999.9996154960029	0.00038450399713597884	-0.0	0.0
FALDH2_f	n2o_c	-0.0	-1000.0	0.0	-0.0	Inf
FALDH2_f	na1_c	-0.0	0.0	0.0	Inf	Inf
FALDH2_f	nac_c	-0.0	0.0	0.0	Inf	Inf
FALDH2_f	ncam_c	-0.0	0.0	0.0	Inf	Inf
FALDH2_f	ni2_c	-0.0	-0.0002772205157270946	999.9997227794843	-0.0	0.0
FALDH2_f	no_c	-0.0	-1000.0	0.0	-0.0	Inf
FALDH2_f	indole_c	-0.0	-0.0487865194359245	0.09442360732007259	-0.0	0.0
FALDH2_f	no2_c	-0.0	-7.077911754527822	0.0	-0.0	Inf
FALDH2_f	no3_c	0.0	0.0	0.0	Inf	Inf
FALDH2_f	inost_c	0.0	0.0	0.0	Inf	Inf
FALDH2_f	o2_c	-0.0	-22.938027057911764	977.0619729420882	-0.0	0.0
FALDH2_f	poaac_c	-0.0	-1.1278375318786442	0.0	-0.0	Inf
FALDH2_f	ppal_c	-0.0	0.0	0.0	Inf	Inf
FALDH2_f	k_c	-0.0	-0.16752787657682408	10.1505377869078	-0.0	0.0
FALDH2_f	psclys_c	-0.0	0.0	0.0	Inf	Inf
FALDH2_f	lald__D_c	-0.0	0.0	0.0	Inf	Inf
FALDH2_f	lald__L_c	-0.0	-0.26214487979732687	0.0	-0.0	Inf
FALDH2_f	ura_c	-0.0	0.0	0.0	Inf	Inf
FALDH2_f	pydx_c	-0.0	0.0	0.001204149794498838	Inf	0.0
FALDH2_f	uracp_c	-0.0	-1.2688172233634747	0.0	-0.0	Inf
FALDH2_f	pydxn_c	-0.0	0.0	0.10856190146425458	Inf	0.0
FALDH2_f	urate_c	-0.0	-0.001204149794498838	0.0	-0.0	Inf
FALDH2_f	q8_c	0.0	0.0	0.0	Inf	Inf
FALDH2_f	q8h2_c	-0.0	0.0	0.0	Inf	Inf
FALDH2_f	urea_c	-0.0	0.0	0.5149999999977357	Inf	0.0
FALDH2_f	uri_c	-0.0	0.0	0.0	Inf	Inf
FALDH2_f	rbflvrd_c	-0.0	0.0	0.04282927336248017	Inf	0.0
FALDH2_f	rbl__L_c	-0.0	-0.14155823509055648	0.0	-0.0	Inf
FALDH2_f	rdmbzi_c	0.0	0.0	0.0	Inf	Inf
FALDH2_f	thptdn_c	0.0	0.0	0.0	Inf	Inf
FALDH2_f	xan_c	-0.0	0.0	0.0	Inf	Inf
FALDH2_f	rephaccoa_c	-0.0	-0.000494362282779548	0.0	-0.0	Inf
FALDH2_f	rib__D_c	-0.0	0.0	0.18797292197977414	Inf	0.0
FALDH2_f	xtsn_c	-0.0	0.0	0.0	Inf	Inf
FALDH2_f	rml_c	-0.0	-0.12417389043031272	0.0	-0.0	Inf
FALDH2_f	thym_c	-0.0	-10.1505377869078	0.0	-0.0	Inf
FALDH2_f	thymd_c	-0.0	-0.02245743658079391	0.0	-0.0	Inf
FALDH2_f	xu5p__L_c	-0.0	-0.1286893046277786	0.0	-0.0	Inf
FALDH2_f	rmn_c	-0.0	-0.12417389043031272	0.0	-0.0	Inf
FALDH2_f	xyl__D_c	0.0	0.0	0.0	Inf	Inf
FALDH2_f	tmao_c	0.0	0.0	0.0	Inf	Inf
FALDH2_f	xylu__D_c	-0.0	0.0	0.0	Inf	Inf
FALDH2_f	xylu__L_c	-0.0	-0.14155823509055648	0.0	-0.0	Inf
FALDH2_f	12ppd__R_e	-0.0	-1000.0	0.0	-0.0	Inf
FALDH2_f	12ppd__S_e	-0.0	-1000.0	0.0	-0.0	Inf
FALDH2_f	tre_c	-0.0	-0.058982597954398544	0.0	-0.0	Inf
FALDH2_f	seln_c	0.0	0.0	0.0	Inf	Inf
FALDH2_f	34dhpac_e	-0.0	-1000.0	0.0	-0.0	Inf
FALDH2_f	slnt_c	0.0	0.0	0.0	Inf	Inf
FALDH2_f	so2_c	0.0	0.0	0.0	Inf	Inf
FALDH2_f	so3_c	-0.0	-0.21274056868334548	0.5639187659393221	-0.0	0.0
FALDH2_f	so4_c	-0.0	-0.21646373461953772	10.1505377869078	-0.0	0.0
FALDH2_f	4hoxpacd_e	-0.0	-1000.0	0.0	-0.0	Inf
FALDH2_f	5mtr_e	-0.0	-1000.0	0.0	-0.0	Inf
FALDH2_f	LalaDgluMdap_e	-0.0	-1000.0	0.0	-0.0	Inf
FALDH2_f	ac_e	-0.0	0.0	0.0	Inf	Inf
FALDH2_f	acald_e	-0.0	-1000.0	0.0	-0.0	Inf
FALDH2_f	acgal_e	-0.0	-1000.0	0.0	-0.0	Inf
FALDH2_f	acgam_e	-0.0	-1000.0	0.0	-0.0	Inf
FALDH2_f	acmana_e	-0.0	-1000.0	0.0	-0.0	Inf
FALDH2_f	tagur_c	-0.0	0.0	0.0	Inf	Inf
FALDH2_f	tartr__L_c	-0.0	-0.26214487979732687	0.0	-0.0	Inf
FALDH2_f	ade_e	-0.0	-1000.0	0.0	-0.0	Inf
FALDH2_f	adn_e	-0.0	-1000.0	0.0	-0.0	Inf
FALDH2_f	all__D_e	-0.0	-1000.0	0.0	-0.0	Inf
FALDH2_f	cl_e	-0.0	-0.004467284162728902	999.9955327158373	-0.0	0.0
FALDH2_f	alltn_e	-0.0	0.0	0.0	Inf	Inf
FALDH2_f	cm_e	-0.0	-1000.0	0.0	-0.0	Inf
FALDH2_f	co2_e	-0.0	-975.2305100259239	24.769489974076123	-0.0	0.0
FALDH2_f	arab__L_e	-0.0	-1000.0	0.0	-0.0	Inf
FALDH2_f	arbt_e	-0.0	-1000.0	0.0	-0.0	Inf
FALDH2_f	unagamu_c	-0.0	0.0	0.009869263769477686	Inf	0.0
FALDH2_f	crn_e	-0.0	-1000.0	0.0	-0.0	Inf
FALDH2_f	csn_e	-0.0	-1000.0	0.0	-0.0	Inf
FALDH2_f	cyan_e	-0.0	-1000.0	0.0	-0.0	Inf
FALDH2_f	glyb_e	-0.0	-1000.0	0.0	-0.0	Inf
FALDH2_f	glyc_e	-0.0	-1000.0	0.0	-0.0	Inf
FALDH2_f	cytd_e	-0.0	-1000.0	0.0	-0.0	Inf
FALDH2_f	ca2_e	-0.0	-0.004467284162728902	999.9955327158373	-0.0	0.0
FALDH2_f	dad_2_e	-0.0	-1000.0	0.0	-0.0	Inf
FALDH2_f	dcyt_e	-0.0	-1000.0	0.0	-0.0	Inf
FALDH2_f	chol_e	-0.0	-1000.0	0.0	-0.0	Inf
FALDH2_f	dha_e	-0.0	-1000.0	0.0	-0.0	Inf
FALDH2_f	ppal_e	-0.0	-1000.0	0.0	-0.0	Inf
FALDH2_f	h2_e	-0.0	-1000.0	0.0	-0.0	Inf
FALDH2_f	dms_e	-0.0	-1000.0	0.0	-0.0	Inf
FALDH2_f	dmso_e	-0.0	-1000.0	0.0	-0.0	Inf
FALDH2_f	h2o2_e	-0.0	-1000.0	0.0	-0.0	Inf
FALDH2_f	psclys_e	-0.0	-1000.0	0.0	-0.0	Inf
FALDH2_f	duri_e	-0.0	-1000.0	0.0	-0.0	Inf
FALDH2_f	pydx_e	-0.0	-1000.0	0.0	-0.0	Inf
FALDH2_f	pydxn_e	-0.0	-1000.0	0.0	-0.0	Inf
FALDH2_f	etoh_e	-0.0	-1000.0	0.0	-0.0	Inf
FALDH2_f	fald_e	-0.0	0.0	0.0	Inf	Inf
FALDH2_f	rib__D_e	-0.0	-1000.0	0.0	-0.0	Inf
FALDH2_f	rmn_e	-0.0	-1000.0	0.0	-0.0	Inf
FALDH2_f	indole_e	-0.0	-1000.0	0.0	-0.0	Inf
FALDH2_f	inost_e	-0.0	-1000.0	0.0	-0.0	Inf
FALDH2_f	sbt__D_e	-0.0	-0.11059237116449724	0.0	-0.0	Inf
FALDH2_f	k_e	-0.0	-0.1675278765768553	999.8324721234231	-0.0	0.0
FALDH2_f	for_e	-0.0	0.0	0.0021053310396404036	Inf	0.0
FALDH2_f	slnt_e	-0.0	0.0	1000.0	Inf	0.0
FALDH2_f	fru_e	-0.0	-1000.0	0.0	-0.0	Inf
FALDH2_f	so2_e	-0.0	-1000.0	0.0	-0.0	Inf
FALDH2_f	so3_e	-0.0	-1000.0	0.0	-0.0	Inf
FALDH2_f	so4_e	-0.0	-0.21646373461953772	999.7835362653805	-0.0	0.0
FALDH2_f	lipa_cold_e	-0.0	-1000.0	0.0	-0.0	Inf
FALDH2_f	sucr_e	-0.0	-1000.0	0.0	-0.0	Inf
FALDH2_f	g3pe_e	-0.0	-1000.0	0.0	-0.0	Inf
FALDH2_f	malt_e	-0.0	-1000.0	0.0	-0.0	Inf
FALDH2_f	tartr__L_e	-0.0	-1000.0	0.0	-0.0	Inf
FALDH2_f	g3pi_e	-0.0	-1000.0	0.0	-0.0	Inf
FALDH2_f	malthx_e	-0.0	-1000.0	0.0	-0.0	Inf
FALDH2_f	maltpt_e	-0.0	-1000.0	0.0	-0.0	Inf
FALDH2_f	gal_e	-0.0	-1000.0	0.0	-0.0	Inf
FALDH2_f	gal_bD_e	-0.0	-1000.0	0.0	-0.0	Inf
FALDH2_f	malttr_e	-0.0	-1000.0	0.0	-0.0	Inf
FALDH2_f	maltttr_e	-0.0	-1000.0	0.0	-0.0	Inf
FALDH2_f	man_e	-0.0	-1000.0	0.0	-0.0	Inf
FALDH2_f	thym_e	-0.0	-1000.0	0.0	-0.0	Inf
FALDH2_f	thymd_e	-0.0	-1000.0	0.0	-0.0	Inf
FALDH2_f	galt_e	-0.0	-0.11059237116449724	0.0	-0.0	Inf
FALDH2_f	melib_e	-0.0	-1000.0	0.0	-0.0	Inf
FALDH2_f	meoh_e	-0.0	-999.9999982834643	1.7165357348858379e-06	-0.0	0.0
FALDH2_f	tmao_e	-0.0	-1000.0	0.0	-0.0	Inf
FALDH2_f	tre_e	-0.0	-1000.0	0.0	-0.0	Inf
FALDH2_f	metsox_S__L_e	-0.0	-1000.0	0.0	-0.0	Inf
FALDH2_f	glc__D_e	-0.0	-0.11996460600894616	0.15985098877020157	-0.0	0.0
FALDH2_f	mg2_e	-0.0	-0.007445473604661856	999.9925545263953	-0.0	0.0
FALDH2_f	mnl_e	-0.0	-1000.0	0.0	-0.0	Inf
FALDH2_f	mobd_e	-0.0	-0.00011071655274008663	999.9998892834473	-0.0	0.0
FALDH2_f	glyald_e	-0.0	-1000.0	0.0	-0.0	Inf
FALDH2_f	n2o_e	-0.0	-1000.0	0.0	-0.0	Inf
FALDH2_f	na1_e	-0.0	0.0	1000.0	Inf	0.0
FALDH2_f	nac_e	-0.0	-1000.0	0.0	-0.0	Inf
FALDH2_f	ni2_e	-0.0	-0.0002772205157270946	999.9997227794843	-0.0	0.0
FALDH2_f	no_e	-0.0	-1000.0	0.0	-0.0	Inf
FALDH2_f	no2_e	-0.0	-1000.0	0.0	-0.0	Inf
FALDH2_f	ura_e	-0.0	-1000.0	0.0	-0.0	Inf
FALDH2_f	no3_e	-0.0	-1000.0	0.0	-0.0	Inf
FALDH2_f	urea_e	-0.0	-1000.0	0.0	-0.0	Inf
FALDH2_f	novbcn_e	-0.0	-1000.0	0.0	-0.0	Inf
FALDH2_f	uri_e	-0.0	-1000.0	0.0	-0.0	Inf
FALDH2_f	o2_e	-0.0	-22.938027057911768	977.0619729420882	-0.0	0.0
FALDH2_f	xan_e	-0.0	0.0	0.0	Inf	Inf
FALDH2_f	xtsn_e	-0.0	-1000.0	0.0	-0.0	Inf
FALDH2_f	xyl__D_e	-0.0	-1000.0	0.0	-0.0	Inf
FALDH2_f	xylu__L_e	-0.0	-1000.0	0.0	-0.0	Inf
FALDH2_f	pacald_e	-0.0	-1000.0	0.0	-0.0	Inf
FALDH2_f	12dgr120_p	-0.0	0.0	0.0	Inf	Inf
FALDH2_f	12dgr140_p	-0.0	0.0	0.0	Inf	Inf
FALDH2_f	12dgr160_p	-0.0	-0.01673265190195703	0.0	-0.0	Inf
FALDH2_f	12dgr180_p	-0.0	0.0	0.0	Inf	Inf
FALDH2_f	12ppd__R_p	-0.0	-1000.0	0.0	-0.0	Inf
FALDH2_f	12ppd__S_p	-0.0	0.0	0.0	Inf	Inf
FALDH2_f	chol_p	-0.0	-1000.0	0.0	-0.0	Inf
FALDH2_f	cl_p	-0.0	-0.004467284162728902	999.9955327158373	-0.0	0.0
FALDH2_f	34dhpac_p	-0.0	-1000.0	0.0	-0.0	Inf
FALDH2_f	cm_p	-0.0	0.0	0.0	Inf	Inf
FALDH2_f	4hoxpacd_p	-0.0	-1000.0	0.0	-0.0	Inf
FALDH2_f	co2_p	-0.0	-975.2305100259239	24.769489974076123	-0.0	0.0
FALDH2_f	5mtr_p	-0.0	-1000.0	0.0	-0.0	Inf
FALDH2_f	LalaDgluMdap_p	-0.0	-0.02384954703455958	0.0	-0.0	Inf
FALDH2_f	gal_p	-0.0	-1000.0	0.0	-0.0	Inf
FALDH2_f	ac_p	-0.0	-0.6434465231388935	0.0	-0.0	Inf
FALDH2_f	crn_p	-0.0	-1000.0	0.0	-0.0	Inf
FALDH2_f	gal_bD_p	-0.0	-1000.0	0.0	-0.0	Inf
FALDH2_f	acald_p	-0.0	-1000.0	0.0	-0.0	Inf
FALDH2_f	acgal_p	-0.0	-1000.0	0.0	-0.0	Inf
FALDH2_f	csn_p	-0.0	0.0	0.0	Inf	Inf
FALDH2_f	acgam_p	-0.0	-1000.0	0.0	-0.0	Inf
FALDH2_f	galt_p	-0.0	-0.11059237116449724	0.0	-0.0	Inf
FALDH2_f	acmana_p	-0.0	-1000.0	0.0	-0.0	Inf
FALDH2_f	cyan_p	-0.0	0.0	0.0	Inf	Inf
FALDH2_f	ade_p	-0.0	-1000.0	0.0	-0.0	Inf
FALDH2_f	adn_p	-0.0	0.0	0.0005776142635378755	Inf	0.0
FALDH2_f	cytd_p	-0.0	0.0	0.0	Inf	Inf
FALDH2_f	glc__D_p	-0.0	-0.11996460600894616	0.15985098877020157	-0.0	0.0
FALDH2_f	dad_2_p	-0.0	-1000.0	0.0	-0.0	Inf
FALDH2_f	dcyt_p	-0.0	-1000.0	0.0	-0.0	Inf
FALDH2_f	all__D_p	-0.0	0.0	0.0	Inf	Inf
FALDH2_f	alltn_p	-0.0	0.0	0.0	Inf	Inf
FALDH2_f	dha_p	-0.0	-1000.0	0.0	-0.0	Inf
FALDH2_f	glyald_p	-0.0	-1000.0	0.0	-0.0	Inf
FALDH2_f	glyb_p	0.0	0.0	0.0	Inf	Inf
FALDH2_f	dms_p	-0.0	-1000.0	0.0	-0.0	Inf
FALDH2_f	glyc_p	-0.0	-0.1193232627436573	0.0	-0.0	Inf
FALDH2_f	dmso_p	-0.0	-1000.0	0.0	-0.0	Inf
FALDH2_f	arab__L_p	-0.0	0.0	0.0	Inf	Inf
FALDH2_f	arbt_p	0.0	0.0	0.0	Inf	Inf
FALDH2_f	ca2_p	-0.0	-0.004467284162728902	999.9955327158373	-0.0	0.0
FALDH2_f	duri_p	-0.0	-1000.0	0.0	-0.0	Inf
FALDH2_f	h2_p	-0.0	-1000.0	0.0	-0.0	Inf
FALDH2_f	h2o2_p	-0.0	-1000.0	0.0	-0.0	Inf
FALDH2_f	etoh_p	-0.0	-1000.0	0.0	-0.0	Inf
FALDH2_f	fald_p	-0.0	0.0	0.0	Inf	Inf
FALDH2_f	n2o_p	-0.0	-1000.0	0.0	-0.0	Inf
FALDH2_f	na1_p	-0.0	0.0	0.0	Inf	Inf
FALDH2_f	indole_p	-0.0	0.0	0.09531021396157563	Inf	0.0
FALDH2_f	nac_p	-0.0	-1000.0	0.0	-0.0	Inf
FALDH2_f	ni2_p	-0.0	-0.0002772205157270946	999.9997227794843	-0.0	0.0
FALDH2_f	inost_p	-0.0	-1000.0	0.0	-0.0	Inf
FALDH2_f	no_p	-0.0	-1000.0	0.0	-0.0	Inf
FALDH2_f	no2_p	-0.0	-1000.0	0.0	-0.0	Inf
FALDH2_f	for_p	-0.0	0.0	0.0021053310396404036	Inf	0.0
FALDH2_f	fru_p	-0.0	-1000.0	0.0	-0.0	Inf
FALDH2_f	no3_p	-0.0	0.0	0.0	Inf	Inf
FALDH2_f	k_p	-0.0	-0.1675278765768553	999.8324721234231	-0.0	0.0
FALDH2_f	novbcn_p	-0.0	0.0	0.0	Inf	Inf
FALDH2_f	o2_p	-0.0	-22.938027057911768	977.0619729420882	-0.0	0.0
FALDH2_f	lipa_cold_p	-0.0	-2.53763444672695	0.0	-0.0	Inf
FALDH2_f	g3pe_p	-0.0	0.0	0.0	Inf	Inf
FALDH2_f	g3pi_p	-0.0	0.0	0.0	Inf	Inf
FALDH2_f	so3_p	-0.0	-1000.0	0.0	-0.0	Inf
FALDH2_f	so4_p	-0.0	-0.21646373461953772	999.7835362653805	-0.0	0.0
FALDH2_f	malt_p	0.0	0.0	0.0	Inf	Inf
FALDH2_f	malthx_p	0.0	0.0	0.0	Inf	Inf
FALDH2_f	maltpt_p	0.0	0.0	0.0	Inf	Inf
FALDH2_f	sucr_p	-0.0	-1000.0	0.0	-0.0	Inf
FALDH2_f	malttr_p	0.0	0.0	0.0	Inf	Inf
FALDH2_f	maltttr_p	0.0	0.0	0.0	Inf	Inf
FALDH2_f	pacald_p	-0.0	-1000.0	0.0	-0.0	Inf
FALDH2_f	man_p	-0.0	-1000.0	0.0	-0.0	Inf
FALDH2_f	tartr__L_p	-0.0	-1000.0	0.0	-0.0	Inf
FALDH2_f	pe120_p	-0.0	0.0	0.0	Inf	Inf
FALDH2_f	melib_p	-0.0	-1000.0	0.0	-0.0	Inf
FALDH2_f	meoh_p	-0.0	-999.9999982834643	1.7165357348858379e-06	-0.0	0.0
FALDH2_f	thym_p	-0.0	-1000.0	0.0	-0.0	Inf
FALDH2_f	thymd_p	-0.0	-0.02245743658079391	0.0	-0.0	Inf
FALDH2_f	pg120_p	-0.0	-0.02022260501293664	0.0	-0.0	Inf
FALDH2_f	metsox_S__L_p	-0.0	-1000.0	0.0	-0.0	Inf
FALDH2_f	tmao_p	-0.0	-1000.0	0.0	-0.0	Inf
FALDH2_f	mg2_p	-0.0	-0.0074454736046064614	999.9925545263953	-0.0	0.0
FALDH2_f	tre_p	-0.0	0.0	0.0	Inf	Inf
FALDH2_f	mnl_p	-0.0	0.0	0.0	Inf	Inf
FALDH2_f	mobd_p	-0.0	-0.00011071655274008663	999.9998892834473	-0.0	0.0
FALDH2_f	ura_p	-0.0	-1000.0	0.0	-0.0	Inf
FALDH2_f	urea_p	-0.0	0.0	0.5149999999977357	Inf	0.0
FALDH2_f	uri_p	-0.0	0.0	0.0	Inf	Inf
FALDH2_f	xan_p	-0.0	0.0	0.0	Inf	Inf
FALDH2_f	xtsn_p	-0.0	0.0	0.0	Inf	Inf
FALDH2_f	xyl__D_p	-0.0	0.0	0.0	Inf	Inf
FALDH2_f	xylu__L_p	-0.0	-1000.0	0.0	-0.0	Inf
FALDH2_f	ppal_p	-0.0	-1000.0	0.0	-0.0	Inf
FALDH2_f	psclys_p	-0.0	-1000.0	0.0	-0.0	Inf
FALDH2_f	pydx_p	-0.0	0.0	0.0	Inf	Inf
FALDH2_f	pydxn_p	-0.0	0.0	0.0	Inf	Inf
FALDH2_f	rib__D_p	-0.0	-1000.0	0.0	-0.0	Inf
FALDH2_f	rmn_p	-0.0	-1000.0	0.0	-0.0	Inf
FALDH2_f	sbt__D_p	-0.0	-0.11059237116449724	0.0	-0.0	Inf
FALDH2_f	slnt_p	-0.0	0.0	0.0	Inf	Inf
FALDH2_f	so2_p	-0.0	-1000.0	0.0	-0.0	Inf
