Reaction	Metabolite	ShadowPrice	G-	G+	DecrementalShadowPrice	IncrementalShadowPrice
GLBRAN2	12dgr120_c	-0.0	0.0	0.0	Inf	Inf
GLBRAN2	12dgr140_c	-0.0	0.0	0.0	Inf	Inf
GLBRAN2	12dgr160_c	-0.0	-0.01673265190195703	0.0	-0.0	Inf
GLBRAN2	12dgr180_c	-0.0	0.0	0.0	Inf	Inf
GLBRAN2	12ppd__R_c	-0.0	-1000.0	0.0	-0.0	Inf
GLBRAN2	12ppd__S_c	-0.0	0.0	0.0	Inf	Inf
GLBRAN2	5drib_c	-0.0	-999.9998068897336	0.0001931102664018967	-0.0	0.0
GLBRAN2	5mta_c	-0.0	-0.09373057370419247	0.0	-0.0	Inf
GLBRAN2	23dhacoa_c	-0.0	-0.000494362282779548	0.0	-0.0	Inf
GLBRAN2	5mtr_c	-0.0	-7.077911754527822	0.0	-0.0	Inf
GLBRAN2	3amac_c	-0.0	-3.3835125956359327	0.0	-0.0	Inf
GLBRAN2	LalaDgluMdap_c	-0.0	-0.02384954703455958	0.0	-0.0	Inf
GLBRAN2	ac_c	-0.0	-0.5898259795439857	0.500006251375675	-0.0	0.0
GLBRAN2	acald_c	-0.0	0.0	0.41430766477174696	Inf	0.0
GLBRAN2	acetol_c	-0.0	0.0	0.0	Inf	Inf
GLBRAN2	acgam_c	-0.0	-0.0810960126746997	0.0	-0.0	Inf
GLBRAN2	acgam6p_c	-0.0	-0.0810960126746997	0.0	-0.0	Inf
GLBRAN2	acmalt_c	0.0	0.0	0.0	Inf	Inf
GLBRAN2	acmana_c	-0.0	-0.0810960126746997	0.0	-0.0	Inf
GLBRAN2	2dmmq8_c	-0.0	0.0	0.0	Inf	Inf
GLBRAN2	2dmmql8_c	0.0	0.0	0.0	Inf	Inf
GLBRAN2	ade_c	-0.0	-0.09373057370419247	0.0005776142635378755	-0.0	0.0
GLBRAN2	adn_c	-0.0	0.0	0.0005776142635378755	Inf	0.0
GLBRAN2	3sala_c	0.0	0.0	0.0	Inf	Inf
GLBRAN2	adphep_DD_c	-0.0	0.0	0.0	Inf	Inf
GLBRAN2	adphep_LD_c	-0.0	0.0	0.0	Inf	Inf
GLBRAN2	4ahmmp_c	0.0	0.0	0.0	Inf	Inf
GLBRAN2	4crsol_c	-0.0	-999.9998086062693	0.0001913937307005465	-0.0	0.0
GLBRAN2	2ohph_c	-0.0	-0.0001913937307005465	0.014469761634936283	-0.0	0.0
GLBRAN2	2ombzl_c	-0.0	0.0	0.0	Inf	Inf
GLBRAN2	2omhmbl_c	-0.0	0.0	0.0	Inf	Inf
GLBRAN2	2ommbl_c	-0.0	0.0	0.0	Inf	Inf
GLBRAN2	2omph_c	-0.0	0.0	0.013038584183568147	Inf	0.0
GLBRAN2	4mhetz_c	0.0	0.0	0.0	Inf	Inf
GLBRAN2	2oph_c	-0.0	-0.0001913937307005465	0.014531908070018331	-0.0	0.0
GLBRAN2	2oxpaccoa_c	-0.0	-0.000494362282779548	0.0	-0.0	Inf
GLBRAN2	all__D_c	-0.0	-0.11796519590879709	0.0	-0.0	Inf
GLBRAN2	alltn_c	-0.0	-0.372521671290938	0.0	-0.0	Inf
GLBRAN2	4r5au_c	-0.0	-0.0003827874620583316	0.08055982370561747	-0.0	0.0
GLBRAN2	56dura_c	0.0	0.0	0.0	Inf	Inf
GLBRAN2	arab__L_c	-0.0	-0.14155823509055648	0.0	-0.0	Inf
GLBRAN2	etoh_c	-0.0	-1000.0	0.0	-0.0	Inf
GLBRAN2	csn_c	-0.0	0.0	0.15526494552716485	Inf	0.0
GLBRAN2	fald_c	-0.0	0.0	0.0	Inf	Inf
GLBRAN2	fc1p_c	-0.0	-0.1141598670085133	0.0	-0.0	Inf
GLBRAN2	fcl__L_c	-0.0	0.0	0.0	Inf	Inf
GLBRAN2	aso4_c	0.0	0.0	0.0	Inf	Inf
GLBRAN2	cyan_c	0.0	0.0	0.0	Inf	Inf
GLBRAN2	athtp_c	0.0	0.0	0.0	Inf	Inf
GLBRAN2	cytd_c	-0.0	0.0	0.0	Inf	Inf
GLBRAN2	dad_2_c	-0.0	0.0	0.0	Inf	Inf
GLBRAN2	dad_5_c	-0.0	-0.09373057370419247	0.0001931102664018967	-0.0	0.0
GLBRAN2	betald_c	0.0	0.0	0.0	Inf	Inf
GLBRAN2	btal_c	-0.0	-1.4155823509055643	0.0	-0.0	Inf
GLBRAN2	for_c	-0.0	-0.09373057370419247	0.0021053310396404036	-0.0	0.0
GLBRAN2	dcyt_c	-0.0	0.0	0.0	Inf	Inf
GLBRAN2	fru_c	-0.0	-0.11796519590879709	0.15737267886678763	-0.0	0.0
GLBRAN2	ca2_c	-0.0	-0.004467284162728902	7.077911754527822	-0.0	0.0
GLBRAN2	g3pe_c	-0.0	0.0	0.0	Inf	Inf
GLBRAN2	g3pi_c	0.0	0.0	0.0	Inf	Inf
GLBRAN2	cbm_c	-0.0	-3.538955877263911	0.0	-0.0	Inf
GLBRAN2	dha_c	-0.0	-0.23593039181759418	0.0	-0.0	Inf
GLBRAN2	gal_c	-0.0	0.0	0.0	Inf	Inf
GLBRAN2	dhgly_c	-0.0	-0.0001913937307005465	0.059014754575045354	-0.0	0.0
GLBRAN2	dhmptp_c	0.0	0.0	0.0	Inf	Inf
GLBRAN2	gcald_c	-0.0	-0.3217232615694465	0.0005741811920643158	-0.0	0.0
GLBRAN2	dhptd_c	-0.0	-47.43614135920785	0.00038450399713597884	-0.0	0.0
GLBRAN2	cechddd_c	-0.0	0.0	0.0	Inf	Inf
GLBRAN2	dhptdn_c	0.0	0.0	0.0	Inf	Inf
GLBRAN2	chol_c	0.0	0.0	0.0	Inf	Inf
GLBRAN2	chtbs6p_c	-0.0	0.0	0.0	Inf	Inf
GLBRAN2	dmbzid_c	0.0	0.0	0.0	Inf	Inf
GLBRAN2	dms_c	0.0	0.0	0.0	Inf	Inf
GLBRAN2	dmso_c	0.0	0.0	0.0	Inf	Inf
GLBRAN2	cl_c	-0.0	-0.004467284162728902	14.155823509055644	-0.0	0.0
GLBRAN2	glc__D_c	-0.0	-0.11796519590879709	0.15737267886678763	-0.0	0.0
GLBRAN2	co2_c	-0.0	-975.2305100259239	24.769489974076123	-0.0	0.0
GLBRAN2	dscl_c	-0.0	-0.0001913937307005465	0.017117264396134573	-0.0	0.0
GLBRAN2	dtdp4aaddg_c	-0.0	0.0	0.0	Inf	Inf
GLBRAN2	glyald_c	-0.0	-1000.0	0.0	-0.0	Inf
GLBRAN2	crn_c	-0.0	-7.077911754527822	0.0	-0.0	Inf
GLBRAN2	duri_c	-0.0	-0.02245743658079391	0.0	-0.0	Inf
GLBRAN2	glyb_c	0.0	0.0	0.0	Inf	Inf
GLBRAN2	glyc_c	-0.0	-0.1193232627436573	0.0	-0.0	Inf
GLBRAN2	dxyl_c	0.0	0.0	0.0	Inf	Inf
GLBRAN2	glycogen_c	-0.0	-0.11059237116449724	0.0	-0.0	Inf
GLBRAN2	gmhep1p_c	-0.0	0.0	0.12848782008744053	Inf	0.0
GLBRAN2	lipa_cold_c	-0.0	0.0	0.0	Inf	Inf
GLBRAN2	lipidA_c	-0.0	-0.008548202602086745	0.010639976715836268	-0.0	0.0
GLBRAN2	malt_c	0.0	0.0	0.0	Inf	Inf
GLBRAN2	h2_c	-0.0	0.0	0.0	Inf	Inf
GLBRAN2	malthx_c	-0.0	0.0	0.0	Inf	Inf
GLBRAN2	maltpt_c	-0.0	0.0	0.0	Inf	Inf
GLBRAN2	malttr_c	-0.0	0.0	0.0	Inf	Inf
GLBRAN2	maltttr_c	-0.0	0.0	0.0	Inf	Inf
GLBRAN2	h2o2_c	-0.0	-0.001204149794498838	2.0301075573815592	-0.0	0.0
GLBRAN2	man_c	-0.0	-0.11796519590879709	0.0	-0.0	Inf
GLBRAN2	mdhdhf_c	-0.0	-47.43614135920785	0.00038450399713597884	-0.0	0.0
GLBRAN2	melib_c	-0.0	0.0	0.0	Inf	Inf
GLBRAN2	meoh_c	-0.0	-999.9999982834643	1.7165357348858379e-06	-0.0	0.0
GLBRAN2	pacald_c	-0.0	-7.077911754527822	0.0	-0.0	Inf
GLBRAN2	metsox_S__L_c	-0.0	-0.07149405812654366	0.0	-0.0	Inf
GLBRAN2	mg2_c	-0.0	-0.0074454736046064614	3.538955877263911	-0.0	0.0
GLBRAN2	hhlipa_c	-0.0	0.0	0.0	Inf	Inf
GLBRAN2	pe120_c	-0.0	0.0	0.0	Inf	Inf
GLBRAN2	mobd_c	-0.0	-0.00011071655273708743	2.53763444672695	-0.0	0.0
GLBRAN2	hlipa_c	-0.0	0.0	0.0	Inf	Inf
GLBRAN2	pg120_c	-0.0	-0.02045639235412666	0.0	-0.0	Inf
GLBRAN2	mql8_c	0.0	0.0	0.0	Inf	Inf
GLBRAN2	mqn8_c	-0.0	0.0	0.0	Inf	Inf
GLBRAN2	mthgxl_c	-0.0	-0.283116470181113	0.0	-0.0	Inf
GLBRAN2	hqn_c	0.0	0.0	0.0	Inf	Inf
GLBRAN2	mththf_c	-0.0	-999.9996154960029	0.00038450399713597884	-0.0	0.0
GLBRAN2	n2o_c	-0.0	-1000.0	0.0	-0.0	Inf
GLBRAN2	na1_c	-0.0	0.0	0.0	Inf	Inf
GLBRAN2	nac_c	-0.0	0.0	0.0	Inf	Inf
GLBRAN2	ncam_c	-0.0	0.0	0.0	Inf	Inf
GLBRAN2	ni2_c	-0.0	-0.0002772205157270946	999.9997227794843	-0.0	0.0
GLBRAN2	no_c	-0.0	-1000.0	0.0	-0.0	Inf
GLBRAN2	indole_c	-0.0	-0.0487865194359245	0.09442360732007259	-0.0	0.0
GLBRAN2	no2_c	-0.0	-7.077911754527822	0.0	-0.0	Inf
GLBRAN2	no3_c	0.0	0.0	0.0	Inf	Inf
GLBRAN2	inost_c	0.0	0.0	0.0	Inf	Inf
GLBRAN2	o2_c	-0.0	-22.938027057911764	977.0619729420882	-0.0	0.0
GLBRAN2	poaac_c	-0.0	-1.1278375318786442	0.0	-0.0	Inf
GLBRAN2	ppal_c	-0.0	0.0	0.0	Inf	Inf
GLBRAN2	k_c	-0.0	-0.16752787657682408	10.1505377869078	-0.0	0.0
GLBRAN2	psclys_c	-0.0	0.0	0.0	Inf	Inf
GLBRAN2	lald__D_c	-0.0	0.0	0.0	Inf	Inf
GLBRAN2	lald__L_c	-0.0	-0.26214487979732687	0.0	-0.0	Inf
GLBRAN2	ura_c	-0.0	0.0	0.0	Inf	Inf
GLBRAN2	pydx_c	-0.0	0.0	0.001204149794498838	Inf	0.0
GLBRAN2	uracp_c	-0.0	-1.2688172233634747	0.0	-0.0	Inf
GLBRAN2	pydxn_c	-0.0	0.0	0.10856190146425458	Inf	0.0
GLBRAN2	urate_c	-0.0	-0.001204149794498838	0.0	-0.0	Inf
GLBRAN2	q8_c	0.0	0.0	0.0	Inf	Inf
GLBRAN2	q8h2_c	-0.0	0.0	0.0	Inf	Inf
GLBRAN2	urea_c	-0.0	0.0	0.5149999999977357	Inf	0.0
GLBRAN2	uri_c	-0.0	0.0	0.0	Inf	Inf
GLBRAN2	rbflvrd_c	-0.0	0.0	0.04282927336248017	Inf	0.0
GLBRAN2	rbl__L_c	-0.0	-0.14155823509055648	0.0	-0.0	Inf
GLBRAN2	rdmbzi_c	0.0	0.0	0.0	Inf	Inf
GLBRAN2	thptdn_c	0.0	0.0	0.0	Inf	Inf
GLBRAN2	xan_c	-0.0	0.0	0.0	Inf	Inf
GLBRAN2	rephaccoa_c	-0.0	-0.000494362282779548	0.0	-0.0	Inf
GLBRAN2	rib__D_c	-0.0	0.0	0.18797292197977414	Inf	0.0
GLBRAN2	xtsn_c	-0.0	0.0	0.0	Inf	Inf
GLBRAN2	rml_c	-0.0	-0.12417389043031272	0.0	-0.0	Inf
GLBRAN2	thym_c	-0.0	-10.1505377869078	0.0	-0.0	Inf
GLBRAN2	thymd_c	-0.0	-0.02245743658079391	0.0	-0.0	Inf
GLBRAN2	xu5p__L_c	-0.0	-0.1286893046277786	0.0	-0.0	Inf
GLBRAN2	rmn_c	-0.0	-0.12417389043031272	0.0	-0.0	Inf
GLBRAN2	xyl__D_c	0.0	0.0	0.0	Inf	Inf
GLBRAN2	tmao_c	0.0	0.0	0.0	Inf	Inf
GLBRAN2	xylu__D_c	-0.0	0.0	0.0	Inf	Inf
GLBRAN2	xylu__L_c	-0.0	-0.14155823509055648	0.0	-0.0	Inf
GLBRAN2	12ppd__R_e	-0.0	-1000.0	0.0	-0.0	Inf
GLBRAN2	12ppd__S_e	-0.0	-1000.0	0.0	-0.0	Inf
GLBRAN2	tre_c	-0.0	-0.058982597954398544	0.0	-0.0	Inf
GLBRAN2	seln_c	0.0	0.0	0.0	Inf	Inf
GLBRAN2	34dhpac_e	-0.0	-1000.0	0.0	-0.0	Inf
GLBRAN2	slnt_c	0.0	0.0	0.0	Inf	Inf
GLBRAN2	so2_c	0.0	0.0	0.0	Inf	Inf
GLBRAN2	so3_c	-0.0	-0.21274056868334548	0.5639187659393221	-0.0	0.0
GLBRAN2	so4_c	-0.0	-0.21646373461953772	10.1505377869078	-0.0	0.0
GLBRAN2	4hoxpacd_e	-0.0	-1000.0	0.0	-0.0	Inf
GLBRAN2	5mtr_e	-0.0	-1000.0	0.0	-0.0	Inf
GLBRAN2	LalaDgluMdap_e	-0.0	-1000.0	0.0	-0.0	Inf
GLBRAN2	ac_e	-0.0	0.0	0.0	Inf	Inf
GLBRAN2	acald_e	-0.0	-1000.0	0.0	-0.0	Inf
GLBRAN2	acgal_e	-0.0	-1000.0	0.0	-0.0	Inf
GLBRAN2	acgam_e	-0.0	-1000.0	0.0	-0.0	Inf
GLBRAN2	acmana_e	-0.0	-1000.0	0.0	-0.0	Inf
GLBRAN2	tagur_c	-0.0	0.0	0.0	Inf	Inf
GLBRAN2	tartr__L_c	-0.0	-0.26214487979732687	0.0	-0.0	Inf
GLBRAN2	ade_e	-0.0	-1000.0	0.0	-0.0	Inf
GLBRAN2	adn_e	-0.0	-1000.0	0.0	-0.0	Inf
GLBRAN2	all__D_e	-0.0	-1000.0	0.0	-0.0	Inf
GLBRAN2	cl_e	-0.0	-0.004467284162728902	999.9955327158373	-0.0	0.0
GLBRAN2	alltn_e	-0.0	0.0	0.0	Inf	Inf
GLBRAN2	cm_e	-0.0	-1000.0	0.0	-0.0	Inf
GLBRAN2	co2_e	-0.0	-975.2305100259239	24.769489974076123	-0.0	0.0
GLBRAN2	arab__L_e	-0.0	-1000.0	0.0	-0.0	Inf
GLBRAN2	arbt_e	-0.0	-1000.0	0.0	-0.0	Inf
GLBRAN2	unagamu_c	-0.0	0.0	0.009869263769477686	Inf	0.0
GLBRAN2	crn_e	-0.0	-1000.0	0.0	-0.0	Inf
GLBRAN2	csn_e	-0.0	-1000.0	0.0	-0.0	Inf
GLBRAN2	cyan_e	-0.0	-1000.0	0.0	-0.0	Inf
GLBRAN2	glyb_e	-0.0	-1000.0	0.0	-0.0	Inf
GLBRAN2	glyc_e	-0.0	-1000.0	0.0	-0.0	Inf
GLBRAN2	cytd_e	-0.0	-1000.0	0.0	-0.0	Inf
GLBRAN2	ca2_e	-0.0	-0.004467284162728902	999.9955327158373	-0.0	0.0
GLBRAN2	dad_2_e	-0.0	-1000.0	0.0	-0.0	Inf
GLBRAN2	dcyt_e	-0.0	-1000.0	0.0	-0.0	Inf
GLBRAN2	chol_e	-0.0	-1000.0	0.0	-0.0	Inf
GLBRAN2	dha_e	-0.0	-1000.0	0.0	-0.0	Inf
GLBRAN2	ppal_e	-0.0	-1000.0	0.0	-0.0	Inf
GLBRAN2	h2_e	-0.0	-1000.0	0.0	-0.0	Inf
GLBRAN2	dms_e	-0.0	-1000.0	0.0	-0.0	Inf
GLBRAN2	dmso_e	-0.0	-1000.0	0.0	-0.0	Inf
GLBRAN2	h2o2_e	-0.0	-1000.0	0.0	-0.0	Inf
GLBRAN2	psclys_e	-0.0	-1000.0	0.0	-0.0	Inf
GLBRAN2	duri_e	-0.0	-1000.0	0.0	-0.0	Inf
GLBRAN2	pydx_e	-0.0	-1000.0	0.0	-0.0	Inf
GLBRAN2	pydxn_e	-0.0	-1000.0	0.0	-0.0	Inf
GLBRAN2	etoh_e	-0.0	-1000.0	0.0	-0.0	Inf
GLBRAN2	fald_e	-0.0	0.0	0.0	Inf	Inf
GLBRAN2	rib__D_e	-0.0	-1000.0	0.0	-0.0	Inf
GLBRAN2	rmn_e	-0.0	-1000.0	0.0	-0.0	Inf
GLBRAN2	indole_e	-0.0	-1000.0	0.0	-0.0	Inf
GLBRAN2	inost_e	-0.0	-1000.0	0.0	-0.0	Inf
GLBRAN2	sbt__D_e	-0.0	-0.11059237116449724	0.0	-0.0	Inf
GLBRAN2	k_e	-0.0	-0.1675278765768553	999.8324721234231	-0.0	0.0
GLBRAN2	for_e	-0.0	0.0	0.0021053310396404036	Inf	0.0
GLBRAN2	slnt_e	-0.0	0.0	1000.0	Inf	0.0
GLBRAN2	fru_e	-0.0	-1000.0	0.0	-0.0	Inf
GLBRAN2	so2_e	-0.0	-1000.0	0.0	-0.0	Inf
GLBRAN2	so3_e	-0.0	-1000.0	0.0	-0.0	Inf
GLBRAN2	so4_e	-0.0	-0.21646373461953772	999.7835362653805	-0.0	0.0
GLBRAN2	lipa_cold_e	-0.0	-1000.0	0.0	-0.0	Inf
GLBRAN2	sucr_e	-0.0	-1000.0	0.0	-0.0	Inf
GLBRAN2	g3pe_e	-0.0	-1000.0	0.0	-0.0	Inf
GLBRAN2	malt_e	-0.0	-1000.0	0.0	-0.0	Inf
GLBRAN2	tartr__L_e	-0.0	-1000.0	0.0	-0.0	Inf
GLBRAN2	g3pi_e	-0.0	-1000.0	0.0	-0.0	Inf
GLBRAN2	malthx_e	-0.0	-1000.0	0.0	-0.0	Inf
GLBRAN2	maltpt_e	-0.0	-1000.0	0.0	-0.0	Inf
GLBRAN2	gal_e	-0.0	-1000.0	0.0	-0.0	Inf
GLBRAN2	gal_bD_e	-0.0	-1000.0	0.0	-0.0	Inf
GLBRAN2	malttr_e	-0.0	-1000.0	0.0	-0.0	Inf
GLBRAN2	maltttr_e	-0.0	-1000.0	0.0	-0.0	Inf
GLBRAN2	man_e	-0.0	-1000.0	0.0	-0.0	Inf
GLBRAN2	thym_e	-0.0	-1000.0	0.0	-0.0	Inf
GLBRAN2	thymd_e	-0.0	-1000.0	0.0	-0.0	Inf
GLBRAN2	galt_e	-0.0	-0.11059237116449724	0.0	-0.0	Inf
GLBRAN2	melib_e	-0.0	-1000.0	0.0	-0.0	Inf
GLBRAN2	meoh_e	-0.0	-999.9999982834643	1.7165357348858379e-06	-0.0	0.0
GLBRAN2	tmao_e	-0.0	-1000.0	0.0	-0.0	Inf
GLBRAN2	tre_e	-0.0	-1000.0	0.0	-0.0	Inf
GLBRAN2	metsox_S__L_e	-0.0	-1000.0	0.0	-0.0	Inf
GLBRAN2	glc__D_e	-0.0	-0.11996460600894616	0.15985098877020157	-0.0	0.0
GLBRAN2	mg2_e	-0.0	-0.007445473604661856	999.9925545263953	-0.0	0.0
GLBRAN2	mnl_e	-0.0	-1000.0	0.0	-0.0	Inf
GLBRAN2	mobd_e	-0.0	-0.00011071655274008663	999.9998892834473	-0.0	0.0
GLBRAN2	glyald_e	-0.0	-1000.0	0.0	-0.0	Inf
GLBRAN2	n2o_e	-0.0	-1000.0	0.0	-0.0	Inf
GLBRAN2	na1_e	-0.0	0.0	1000.0	Inf	0.0
GLBRAN2	nac_e	-0.0	-1000.0	0.0	-0.0	Inf
GLBRAN2	ni2_e	-0.0	-0.0002772205157270946	999.9997227794843	-0.0	0.0
GLBRAN2	no_e	-0.0	-1000.0	0.0	-0.0	Inf
GLBRAN2	no2_e	-0.0	-1000.0	0.0	-0.0	Inf
GLBRAN2	ura_e	-0.0	-1000.0	0.0	-0.0	Inf
GLBRAN2	no3_e	-0.0	-1000.0	0.0	-0.0	Inf
GLBRAN2	urea_e	-0.0	-1000.0	0.0	-0.0	Inf
GLBRAN2	novbcn_e	-0.0	-1000.0	0.0	-0.0	Inf
GLBRAN2	uri_e	-0.0	-1000.0	0.0	-0.0	Inf
GLBRAN2	o2_e	-0.0	-22.938027057911768	977.0619729420882	-0.0	0.0
GLBRAN2	xan_e	-0.0	0.0	0.0	Inf	Inf
GLBRAN2	xtsn_e	-0.0	-1000.0	0.0	-0.0	Inf
GLBRAN2	xyl__D_e	-0.0	-1000.0	0.0	-0.0	Inf
GLBRAN2	xylu__L_e	-0.0	-1000.0	0.0	-0.0	Inf
GLBRAN2	pacald_e	-0.0	-1000.0	0.0	-0.0	Inf
GLBRAN2	12dgr120_p	-0.0	0.0	0.0	Inf	Inf
GLBRAN2	12dgr140_p	-0.0	0.0	0.0	Inf	Inf
GLBRAN2	12dgr160_p	-0.0	-0.01673265190195703	0.0	-0.0	Inf
GLBRAN2	12dgr180_p	-0.0	0.0	0.0	Inf	Inf
GLBRAN2	12ppd__R_p	-0.0	-1000.0	0.0	-0.0	Inf
GLBRAN2	12ppd__S_p	-0.0	0.0	0.0	Inf	Inf
GLBRAN2	chol_p	-0.0	-1000.0	0.0	-0.0	Inf
GLBRAN2	cl_p	-0.0	-0.004467284162728902	999.9955327158373	-0.0	0.0
GLBRAN2	34dhpac_p	-0.0	-1000.0	0.0	-0.0	Inf
GLBRAN2	cm_p	-0.0	0.0	0.0	Inf	Inf
GLBRAN2	4hoxpacd_p	-0.0	-1000.0	0.0	-0.0	Inf
GLBRAN2	co2_p	-0.0	-975.2305100259239	24.769489974076123	-0.0	0.0
GLBRAN2	5mtr_p	-0.0	-1000.0	0.0	-0.0	Inf
GLBRAN2	LalaDgluMdap_p	-0.0	-0.02384954703455958	0.0	-0.0	Inf
GLBRAN2	gal_p	-0.0	-1000.0	0.0	-0.0	Inf
GLBRAN2	ac_p	-0.0	-0.6434465231388935	0.0	-0.0	Inf
GLBRAN2	crn_p	-0.0	-1000.0	0.0	-0.0	Inf
GLBRAN2	gal_bD_p	-0.0	-1000.0	0.0	-0.0	Inf
GLBRAN2	acald_p	-0.0	-1000.0	0.0	-0.0	Inf
GLBRAN2	acgal_p	-0.0	-1000.0	0.0	-0.0	Inf
GLBRAN2	csn_p	-0.0	0.0	0.0	Inf	Inf
GLBRAN2	acgam_p	-0.0	-1000.0	0.0	-0.0	Inf
GLBRAN2	galt_p	-0.0	-0.11059237116449724	0.0	-0.0	Inf
GLBRAN2	acmana_p	-0.0	-1000.0	0.0	-0.0	Inf
GLBRAN2	cyan_p	-0.0	0.0	0.0	Inf	Inf
GLBRAN2	ade_p	-0.0	-1000.0	0.0	-0.0	Inf
GLBRAN2	adn_p	-0.0	0.0	0.0005776142635378755	Inf	0.0
GLBRAN2	cytd_p	-0.0	0.0	0.0	Inf	Inf
GLBRAN2	glc__D_p	-0.0	-0.11996460600894616	0.15985098877020157	-0.0	0.0
GLBRAN2	dad_2_p	-0.0	-1000.0	0.0	-0.0	Inf
GLBRAN2	dcyt_p	-0.0	-1000.0	0.0	-0.0	Inf
GLBRAN2	all__D_p	-0.0	0.0	0.0	Inf	Inf
GLBRAN2	alltn_p	-0.0	0.0	0.0	Inf	Inf
GLBRAN2	dha_p	-0.0	-1000.0	0.0	-0.0	Inf
GLBRAN2	glyald_p	-0.0	-1000.0	0.0	-0.0	Inf
GLBRAN2	glyb_p	0.0	0.0	0.0	Inf	Inf
GLBRAN2	dms_p	-0.0	-1000.0	0.0	-0.0	Inf
GLBRAN2	glyc_p	-0.0	-0.1193232627436573	0.0	-0.0	Inf
GLBRAN2	dmso_p	-0.0	-1000.0	0.0	-0.0	Inf
GLBRAN2	arab__L_p	-0.0	0.0	0.0	Inf	Inf
GLBRAN2	arbt_p	0.0	0.0	0.0	Inf	Inf
GLBRAN2	ca2_p	-0.0	-0.004467284162728902	999.9955327158373	-0.0	0.0
GLBRAN2	duri_p	-0.0	-1000.0	0.0	-0.0	Inf
GLBRAN2	h2_p	-0.0	-1000.0	0.0	-0.0	Inf
GLBRAN2	h2o2_p	-0.0	-1000.0	0.0	-0.0	Inf
GLBRAN2	etoh_p	-0.0	-1000.0	0.0	-0.0	Inf
GLBRAN2	fald_p	-0.0	0.0	0.0	Inf	Inf
GLBRAN2	n2o_p	-0.0	-1000.0	0.0	-0.0	Inf
GLBRAN2	na1_p	-0.0	0.0	0.0	Inf	Inf
GLBRAN2	indole_p	-0.0	0.0	0.09531021396157563	Inf	0.0
GLBRAN2	nac_p	-0.0	-1000.0	0.0	-0.0	Inf
GLBRAN2	ni2_p	-0.0	-0.0002772205157270946	999.9997227794843	-0.0	0.0
GLBRAN2	inost_p	-0.0	-1000.0	0.0	-0.0	Inf
GLBRAN2	no_p	-0.0	-1000.0	0.0	-0.0	Inf
GLBRAN2	no2_p	-0.0	-1000.0	0.0	-0.0	Inf
GLBRAN2	for_p	-0.0	0.0	0.0021053310396404036	Inf	0.0
GLBRAN2	fru_p	-0.0	-1000.0	0.0	-0.0	Inf
GLBRAN2	no3_p	-0.0	0.0	0.0	Inf	Inf
GLBRAN2	k_p	-0.0	-0.1675278765768553	999.8324721234231	-0.0	0.0
GLBRAN2	novbcn_p	-0.0	0.0	0.0	Inf	Inf
GLBRAN2	o2_p	-0.0	-22.938027057911768	977.0619729420882	-0.0	0.0
GLBRAN2	lipa_cold_p	-0.0	-2.53763444672695	0.0	-0.0	Inf
GLBRAN2	g3pe_p	-0.0	0.0	0.0	Inf	Inf
GLBRAN2	g3pi_p	-0.0	0.0	0.0	Inf	Inf
GLBRAN2	so3_p	-0.0	-1000.0	0.0	-0.0	Inf
GLBRAN2	so4_p	-0.0	-0.21646373461953772	999.7835362653805	-0.0	0.0
GLBRAN2	malt_p	0.0	0.0	0.0	Inf	Inf
GLBRAN2	malthx_p	0.0	0.0	0.0	Inf	Inf
GLBRAN2	maltpt_p	0.0	0.0	0.0	Inf	Inf
GLBRAN2	sucr_p	-0.0	-1000.0	0.0	-0.0	Inf
GLBRAN2	malttr_p	0.0	0.0	0.0	Inf	Inf
GLBRAN2	maltttr_p	0.0	0.0	0.0	Inf	Inf
GLBRAN2	pacald_p	-0.0	-1000.0	0.0	-0.0	Inf
GLBRAN2	man_p	-0.0	-1000.0	0.0	-0.0	Inf
GLBRAN2	tartr__L_p	-0.0	-1000.0	0.0	-0.0	Inf
GLBRAN2	pe120_p	-0.0	0.0	0.0	Inf	Inf
GLBRAN2	melib_p	-0.0	-1000.0	0.0	-0.0	Inf
GLBRAN2	meoh_p	-0.0	-999.9999982834643	1.7165357348858379e-06	-0.0	0.0
GLBRAN2	thym_p	-0.0	-1000.0	0.0	-0.0	Inf
GLBRAN2	thymd_p	-0.0	-0.02245743658079391	0.0	-0.0	Inf
GLBRAN2	pg120_p	-0.0	-0.02022260501293664	0.0	-0.0	Inf
GLBRAN2	metsox_S__L_p	-0.0	-1000.0	0.0	-0.0	Inf
GLBRAN2	tmao_p	-0.0	-1000.0	0.0	-0.0	Inf
GLBRAN2	mg2_p	-0.0	-0.0074454736046064614	999.9925545263953	-0.0	0.0
GLBRAN2	tre_p	-0.0	0.0	0.0	Inf	Inf
GLBRAN2	mnl_p	-0.0	0.0	0.0	Inf	Inf
GLBRAN2	mobd_p	-0.0	-0.00011071655274008663	999.9998892834473	-0.0	0.0
GLBRAN2	ura_p	-0.0	-1000.0	0.0	-0.0	Inf
GLBRAN2	urea_p	-0.0	0.0	0.5149999999977357	Inf	0.0
GLBRAN2	uri_p	-0.0	0.0	0.0	Inf	Inf
GLBRAN2	xan_p	-0.0	0.0	0.0	Inf	Inf
GLBRAN2	xtsn_p	-0.0	0.0	0.0	Inf	Inf
GLBRAN2	xyl__D_p	-0.0	0.0	0.0	Inf	Inf
GLBRAN2	xylu__L_p	-0.0	-1000.0	0.0	-0.0	Inf
GLBRAN2	ppal_p	-0.0	-1000.0	0.0	-0.0	Inf
GLBRAN2	psclys_p	-0.0	-1000.0	0.0	-0.0	Inf
GLBRAN2	pydx_p	-0.0	0.0	0.0	Inf	Inf
GLBRAN2	pydxn_p	-0.0	0.0	0.0	Inf	Inf
GLBRAN2	rib__D_p	-0.0	-1000.0	0.0	-0.0	Inf
GLBRAN2	rmn_p	-0.0	-1000.0	0.0	-0.0	Inf
GLBRAN2	sbt__D_p	-0.0	-0.11059237116449724	0.0	-0.0	Inf
GLBRAN2	slnt_p	-0.0	0.0	0.0	Inf	Inf
GLBRAN2	so2_p	-0.0	-1000.0	0.0	-0.0	Inf
