Reaction	Metabolite	ShadowPrice	G-	G+	DecrementalShadowPrice	IncrementalShadowPrice
GLCNtex_f	12dgr120_c	-0.0	0.0	0.0	Inf	Inf
GLCNtex_f	12dgr140_c	-0.0	0.0	0.0	Inf	Inf
GLCNtex_f	12dgr160_c	-0.0	-0.04395930388710036	0.0	-0.0	Inf
GLCNtex_f	12dgr180_c	-0.0	0.0	0.0	Inf	Inf
GLCNtex_f	12ppd__R_c	-0.0	-1000.0	0.0	-0.0	Inf
GLCNtex_f	12ppd__S_c	-0.0	0.0	0.0	Inf	Inf
GLCNtex_f	5drib_c	-0.0	-999.9998068897336	0.0001931102664018967	-0.0	0.0
GLCNtex_f	5mta_c	-0.0	-0.0937305737004408	0.0	-0.0	Inf
GLCNtex_f	23dhacoa_c	-0.0	-0.0004943622823092297	0.0	-0.0	Inf
GLCNtex_f	5mtr_c	-0.0	-452.4165699531956	0.0	-0.0	Inf
GLCNtex_f	3amac_c	-0.0	-7.892665485515636	0.0	-0.0	Inf
GLCNtex_f	LalaDgluMdap_c	-0.0	-0.02384954703455958	0.0	-0.0	Inf
GLCNtex_f	ac_c	-0.0	-0.7912674699678064	0.5000062513752047	-0.0	0.0
GLCNtex_f	acald_c	-0.0	-0.7912674699678064	1.2860386499136318	-0.0	0.0
GLCNtex_f	acetol_c	-0.0	0.0	0.7800562302754817	Inf	0.0
GLCNtex_f	acgam_c	-0.0	-0.0810960126746997	0.0	-0.0	Inf
GLCNtex_f	acgam6p_c	-0.0	-0.0810960126746997	0.0	-0.0	Inf
GLCNtex_f	acmalt_c	0.0	0.0	0.0	Inf	Inf
GLCNtex_f	acmana_c	-0.0	-0.0810960126746997	0.0	-0.0	Inf
GLCNtex_f	2dmmq8_c	-0.0	0.0	0.0	Inf	Inf
GLCNtex_f	2dmmql8_c	0.0	0.0	0.0	Inf	Inf
GLCNtex_f	ade_c	-0.0	-0.0937305737004408	0.0005776142635378755	-0.0	0.0
GLCNtex_f	adn_c	-0.0	-0.0937305737004408	0.0005776142635378755	-0.0	0.0
GLCNtex_f	3sala_c	0.0	0.0	0.0	Inf	Inf
GLCNtex_f	adphep_DD_c	-0.0	0.0	0.0	Inf	Inf
GLCNtex_f	adphep_LD_c	-0.0	0.0	0.0	Inf	Inf
GLCNtex_f	4ahmmp_c	0.0	0.0	0.0	Inf	Inf
GLCNtex_f	4crsol_c	-0.0	-999.9998086062693	0.0001913937307005465	-0.0	0.0
GLCNtex_f	2ohph_c	-0.0	-0.0001913937307005465	0.04633245379435675	-0.0	0.0
GLCNtex_f	2ombzl_c	-0.0	0.0	0.0	Inf	Inf
GLCNtex_f	2omhmbl_c	-0.0	0.0	0.0	Inf	Inf
GLCNtex_f	2ommbl_c	0.0	0.0	0.0	Inf	Inf
GLCNtex_f	2omph_c	-0.0	0.0	0.041666751354469685	Inf	0.0
GLCNtex_f	4mhetz_c	0.0	0.0	0.0	Inf	Inf
GLCNtex_f	2oph_c	-0.0	-0.0001913937307005465	0.04637761213138829	-0.0	0.0
GLCNtex_f	2oxpaccoa_c	-0.0	-0.0004943622823092297	0.0	-0.0	Inf
GLCNtex_f	all__D_c	-0.0	-0.3956337349839032	0.0	-0.0	Inf
GLCNtex_f	alltn_c	-0.0	-0.7912674699678064	0.0	-0.0	Inf
GLCNtex_f	4r5au_c	-0.0	-0.00038278746286658067	0.25750000000017526	-0.0	0.0
GLCNtex_f	56dura_c	0.0	0.0	0.0	Inf	Inf
GLCNtex_f	arab__L_c	-0.0	-0.3956337349839032	0.0	-0.0	Inf
GLCNtex_f	etoh_c	-0.0	-1000.0	0.0	-0.0	Inf
GLCNtex_f	csn_c	-0.0	0.0	0.0	Inf	Inf
GLCNtex_f	fald_c	-0.0	0.0	0.0	Inf	Inf
GLCNtex_f	fc1p_c	-0.0	-0.1212783969074935	0.0	-0.0	Inf
GLCNtex_f	fcl__L_c	-0.0	0.0	0.0	Inf	Inf
GLCNtex_f	aso4_c	0.0	0.0	0.0	Inf	Inf
GLCNtex_f	cyan_c	0.0	0.0	0.0	Inf	Inf
GLCNtex_f	athtp_c	0.0	0.0	0.0	Inf	Inf
GLCNtex_f	cytd_c	-0.0	-0.13777344672971378	0.0	-0.0	Inf
GLCNtex_f	dad_2_c	-0.0	-0.0937305737004408	0.0	-0.0	Inf
GLCNtex_f	dad_5_c	-0.0	-0.0937305737004408	0.0001931102664018967	-0.0	0.0
GLCNtex_f	betald_c	0.0	0.0	0.0	Inf	Inf
GLCNtex_f	btal_c	-0.0	-64.63093856474224	0.0	-0.0	Inf
GLCNtex_f	for_c	-0.0	-0.0937305737004408	0.002105331042065151	-0.0	0.0
GLCNtex_f	dcyt_c	-0.0	0.0	0.0	Inf	Inf
GLCNtex_f	fru_c	-0.0	0.0	0.0	Inf	Inf
GLCNtex_f	ca2_c	-0.0	-0.004467284162728902	452.4165699531956	-0.0	0.0
GLCNtex_f	g3pe_c	-0.0	-0.1193232627436573	0.0	-0.0	Inf
GLCNtex_f	g3pi_c	0.0	0.0	0.0	Inf	Inf
GLCNtex_f	cbm_c	-0.0	-3.946332742757818	0.0	-0.0	Inf
GLCNtex_f	dha_c	-0.0	-10.771823094123706	0.0	-0.0	Inf
GLCNtex_f	gal_c	-0.0	0.0	0.0	Inf	Inf
GLCNtex_f	dhgly_c	-0.0	-0.0001913937307005465	0.18024026532880447	-0.0	0.0
GLCNtex_f	dhmptp_c	0.0	0.0	0.0	Inf	Inf
GLCNtex_f	gcald_c	-0.0	-0.7912674699678064	0.0005741811920643158	-0.0	0.0
GLCNtex_f	dhptd_c	-0.0	-47.43279068151495	0.00038450399713597884	-0.0	0.0
GLCNtex_f	cechddd_c	-0.0	0.0	0.0	Inf	Inf
GLCNtex_f	dhptdn_c	0.0	0.0	0.0	Inf	Inf
GLCNtex_f	chol_c	0.0	0.0	0.0	Inf	Inf
GLCNtex_f	chtbs6p_c	-0.0	0.0	0.0	Inf	Inf
GLCNtex_f	dmbzid_c	0.0	0.0	0.0	Inf	Inf
GLCNtex_f	dms_c	0.0	0.0	0.0	Inf	Inf
GLCNtex_f	dmso_c	0.0	0.0	0.0	Inf	Inf
GLCNtex_f	cl_c	-0.0	-0.004467284162728902	904.8331399063912	-0.0	0.0
GLCNtex_f	glc__D_c	-0.0	-0.3956337349839032	0.0	-0.0	Inf
GLCNtex_f	co2_c	-0.0	-975.2305100259159	24.76948997408408	-0.0	0.0
GLCNtex_f	dscl_c	-0.0	-0.0001913937307005465	0.0521176670830278	-0.0	0.0
GLCNtex_f	dtdp4aaddg_c	-0.0	0.0	0.0	Inf	Inf
GLCNtex_f	glyald_c	-0.0	-1000.0	0.0	-0.0	Inf
GLCNtex_f	crn_c	-0.0	-452.4165699531956	0.0	-0.0	Inf
GLCNtex_f	duri_c	-0.0	0.0	0.0	Inf	Inf
GLCNtex_f	glyb_c	0.0	0.0	0.0	Inf	Inf
GLCNtex_f	glyc_c	-0.0	-0.1193232627436573	0.0	-0.0	Inf
GLCNtex_f	dxyl_c	0.0	0.0	0.0	Inf	Inf
GLCNtex_f	glycogen_c	-0.0	-0.3956337349839032	0.0	-0.0	Inf
GLCNtex_f	gmhep1p_c	-0.0	0.0	0.4137689569287337	Inf	0.0
GLCNtex_f	lipa_cold_c	-0.0	0.0	0.0	Inf	Inf
GLCNtex_f	lipidA_c	-0.0	-0.016698459302734676	0.03398816431914599	-0.0	0.0
GLCNtex_f	malt_c	0.0	0.0	0.0	Inf	Inf
GLCNtex_f	h2_c	-0.0	0.0	0.0	Inf	Inf
GLCNtex_f	malthx_c	-0.0	0.0	0.0	Inf	Inf
GLCNtex_f	maltpt_c	-0.0	0.0	0.0	Inf	Inf
GLCNtex_f	malttr_c	-0.0	0.0	0.0	Inf	Inf
GLCNtex_f	maltttr_c	-0.0	0.0	0.0	Inf	Inf
GLCNtex_f	h2o2_c	-0.0	-45.87270343814768	0.001955134163836192	-0.0	0.0
GLCNtex_f	man_c	-0.0	-0.3956337349839032	0.0	-0.0	Inf
GLCNtex_f	mdhdhf_c	-0.0	-47.43279068151495	0.00038450399713597884	-0.0	0.0
GLCNtex_f	melib_c	-0.0	0.0	0.0	Inf	Inf
GLCNtex_f	meoh_c	-0.0	-999.9999982834643	1.7165357348858379e-06	-0.0	0.0
GLCNtex_f	pacald_c	-0.0	-452.4165699531956	0.0	-0.0	Inf
GLCNtex_f	metsox_S__L_c	-0.0	-0.0937305737004408	0.0	-0.0	Inf
GLCNtex_f	mg2_c	-0.0	-0.0074454736046064614	226.2082849765978	-0.0	0.0
GLCNtex_f	hhlipa_c	-0.0	0.0	0.0	Inf	Inf
GLCNtex_f	pe120_c	-0.0	0.0	0.0	Inf	Inf
GLCNtex_f	mobd_c	-0.0	-0.00011071655273708743	11.895857511701095	-0.0	0.0
GLCNtex_f	hlipa_c	-0.0	0.0	0.0	Inf	Inf
GLCNtex_f	pg120_c	-0.0	0.0	0.0	Inf	Inf
GLCNtex_f	mql8_c	0.0	0.0	0.0	Inf	Inf
GLCNtex_f	mqn8_c	-0.0	0.0	0.0	Inf	Inf
GLCNtex_f	mthgxl_c	-0.0	0.0	0.8811746304963775	Inf	0.0
GLCNtex_f	hqn_c	0.0	0.0	0.0	Inf	Inf
GLCNtex_f	mththf_c	-0.0	-999.9996154960029	0.00038450399713597884	-0.0	0.0
GLCNtex_f	n2o_c	-0.0	-1000.0	0.0	-0.0	Inf
GLCNtex_f	na1_c	-0.0	0.0	0.0	Inf	Inf
GLCNtex_f	nac_c	-0.0	0.0	0.0	Inf	Inf
GLCNtex_f	ncam_c	-0.0	0.0	0.0	Inf	Inf
GLCNtex_f	ni2_c	-0.0	-0.0002772205157270946	999.9997227794843	-0.0	0.0
GLCNtex_f	no_c	-0.0	-1000.0	0.0	-0.0	Inf
GLCNtex_f	indole_c	-0.0	-0.0487865194359245	0.28493071884314003	-0.0	0.0
GLCNtex_f	no2_c	-0.0	-452.4165699531956	0.0	-0.0	Inf
GLCNtex_f	no3_c	0.0	0.0	0.0	Inf	Inf
GLCNtex_f	inost_c	0.0	0.0	0.0	Inf	Inf
GLCNtex_f	o2_c	-0.0	-22.93635171907384	977.0636482809261	-0.0	0.0
GLCNtex_f	poaac_c	-0.0	-3.660263849754183	0.0	-0.0	Inf
GLCNtex_f	ppal_c	-0.0	0.0	0.0	Inf	Inf
GLCNtex_f	k_c	-0.0	-0.16752787657682408	47.58343004680438	-0.0	0.0
GLCNtex_f	psclys_c	-0.0	0.0	0.0	Inf	Inf
GLCNtex_f	lald__D_c	-0.0	0.0	0.7800562302754817	Inf	0.0
GLCNtex_f	lald__L_c	-0.0	-0.3956337349839032	0.0	-0.0	Inf
GLCNtex_f	ura_c	-0.0	-0.28391071366432485	0.0	-0.0	Inf
GLCNtex_f	pydx_c	-0.0	0.0	0.3473243069109809	Inf	0.0
GLCNtex_f	uracp_c	-0.0	-3.9652858372336985	0.0	-0.0	Inf
GLCNtex_f	pydxn_c	-0.0	0.0	0.33044048643614155	Inf	0.0
GLCNtex_f	urate_c	-0.0	-0.7912674699678064	0.0	-0.0	Inf
GLCNtex_f	q8_c	-0.0	0.0	0.0	Inf	Inf
GLCNtex_f	q8h2_c	0.0	0.0	0.0	Inf	Inf
GLCNtex_f	urea_c	-0.0	-1000.0	0.0	-0.0	Inf
GLCNtex_f	uri_c	-0.0	-0.1978168674919516	0.0	-0.0	Inf
GLCNtex_f	rbflvrd_c	-0.0	0.0	0.0468652868502204	Inf	0.0
GLCNtex_f	rbl__L_c	-0.0	-0.3956337349839032	0.0	-0.0	Inf
GLCNtex_f	rdmbzi_c	0.0	0.0	0.0	Inf	Inf
GLCNtex_f	thptdn_c	0.0	0.0	0.0	Inf	Inf
GLCNtex_f	xan_c	-0.0	0.0	0.0	Inf	Inf
GLCNtex_f	rephaccoa_c	-0.0	-0.0004943622823092297	0.0	-0.0	Inf
GLCNtex_f	rib__D_c	-0.0	-0.3956337349839032	0.0	-0.0	Inf
GLCNtex_f	xtsn_c	-0.0	0.0	0.0	Inf	Inf
GLCNtex_f	rml_c	-0.0	-0.1212783969074935	0.0	-0.0	Inf
GLCNtex_f	thym_c	-0.0	-47.58343004680438	0.0	-0.0	Inf
GLCNtex_f	thymd_c	-0.0	-0.02245743658079391	0.0	-0.0	Inf
GLCNtex_f	xu5p__L_c	-0.0	-0.3956337349839032	0.0	-0.0	Inf
GLCNtex_f	rmn_c	-0.0	-0.1212783969074935	0.0	-0.0	Inf
GLCNtex_f	xyl__D_c	0.0	0.0	0.0	Inf	Inf
GLCNtex_f	tmao_c	0.0	0.0	0.0	Inf	Inf
GLCNtex_f	xylu__D_c	-0.0	0.0	0.0	Inf	Inf
GLCNtex_f	xylu__L_c	-0.0	-0.3956337349839032	0.0	-0.0	Inf
GLCNtex_f	12ppd__R_e	-0.0	-1000.0	0.0	-0.0	Inf
GLCNtex_f	12ppd__S_e	-0.0	-1000.0	0.0	-0.0	Inf
GLCNtex_f	tre_c	-0.0	-0.1978168674919516	0.0	-0.0	Inf
GLCNtex_f	seln_c	0.0	0.0	0.0	Inf	Inf
GLCNtex_f	34dhpac_e	-0.0	-1000.0	0.0	-0.0	Inf
GLCNtex_f	slnt_c	0.0	0.0	0.0	Inf	Inf
GLCNtex_f	so2_c	0.0	0.0	0.0	Inf	Inf
GLCNtex_f	so3_c	-0.0	-0.21274056868287516	2.379171502340219	-0.0	0.0
GLCNtex_f	so4_c	-0.0	-0.21646373461908297	47.58343004680438	-0.0	0.0
GLCNtex_f	4hoxpacd_e	-0.0	-1000.0	0.0	-0.0	Inf
GLCNtex_f	5mtr_e	-0.0	-1000.0	0.0	-0.0	Inf
GLCNtex_f	LalaDgluMdap_e	-0.0	-1000.0	0.0	-0.0	Inf
GLCNtex_f	ac_e	-0.0	0.0	0.0	Inf	Inf
GLCNtex_f	acald_e	-0.0	-1000.0	0.0	-0.0	Inf
GLCNtex_f	acgal_e	-0.0	-1000.0	0.0	-0.0	Inf
GLCNtex_f	acgam_e	-0.0	-1000.0	0.0	-0.0	Inf
GLCNtex_f	acmana_e	-0.0	-1000.0	0.0	-0.0	Inf
GLCNtex_f	tagur_c	-0.0	0.0	0.0	Inf	Inf
GLCNtex_f	tartr__L_c	-0.0	-0.3956337349839032	0.0	-0.0	Inf
GLCNtex_f	ade_e	-0.0	-1000.0	0.0	-0.0	Inf
GLCNtex_f	adn_e	-0.0	-1000.0	0.0	-0.0	Inf
GLCNtex_f	all__D_e	-0.0	-1000.0	0.0	-0.0	Inf
GLCNtex_f	cl_e	-0.0	-0.004467284162728902	999.9955327158373	-0.0	0.0
GLCNtex_f	alltn_e	-0.0	0.0	0.0	Inf	Inf
GLCNtex_f	cm_e	-0.0	-1000.0	0.0	-0.0	Inf
GLCNtex_f	co2_e	-0.0	-975.2305100259159	24.76948997408408	-0.0	0.0
GLCNtex_f	arab__L_e	-0.0	-1000.0	0.0	-0.0	Inf
GLCNtex_f	arbt_e	-0.0	-1000.0	0.0	-0.0	Inf
GLCNtex_f	unagamu_c	-0.0	0.0	0.03195663535715539	Inf	0.0
GLCNtex_f	crn_e	-0.0	-1000.0	0.0	-0.0	Inf
GLCNtex_f	csn_e	-0.0	-1000.0	0.0	-0.0	Inf
GLCNtex_f	cyan_e	-0.0	-1000.0	0.0	-0.0	Inf
GLCNtex_f	glyb_e	-0.0	-1000.0	0.0	-0.0	Inf
GLCNtex_f	glyc_e	-0.0	-1000.0	0.0	-0.0	Inf
GLCNtex_f	cytd_e	-0.0	-1000.0	0.0	-0.0	Inf
GLCNtex_f	ca2_e	-0.0	-0.004467284162728902	999.9955327158373	-0.0	0.0
GLCNtex_f	dad_2_e	-0.0	-1000.0	0.0	-0.0	Inf
GLCNtex_f	dcyt_e	-0.0	-1000.0	0.0	-0.0	Inf
GLCNtex_f	chol_e	-0.0	-1000.0	0.0	-0.0	Inf
GLCNtex_f	dha_e	-0.0	-1000.0	0.0	-0.0	Inf
GLCNtex_f	ppal_e	-0.0	-1000.0	0.0	-0.0	Inf
GLCNtex_f	h2_e	-0.0	-1000.0	0.0	-0.0	Inf
GLCNtex_f	dms_e	-0.0	-1000.0	0.0	-0.0	Inf
GLCNtex_f	dmso_e	-0.0	-1000.0	0.0	-0.0	Inf
GLCNtex_f	h2o2_e	-0.0	-1000.0	0.0	-0.0	Inf
GLCNtex_f	psclys_e	-0.0	-1000.0	0.0	-0.0	Inf
GLCNtex_f	duri_e	-0.0	-1000.0	0.0	-0.0	Inf
GLCNtex_f	pydx_e	-0.0	-1000.0	0.0	-0.0	Inf
GLCNtex_f	pydxn_e	-0.0	-1000.0	0.0	-0.0	Inf
GLCNtex_f	etoh_e	-0.0	-1000.0	0.0	-0.0	Inf
GLCNtex_f	fald_e	-0.0	0.0	0.0	Inf	Inf
GLCNtex_f	rib__D_e	-0.0	-1000.0	0.0	-0.0	Inf
GLCNtex_f	rmn_e	-0.0	-1000.0	0.0	-0.0	Inf
GLCNtex_f	indole_e	-0.0	-1000.0	0.0	-0.0	Inf
GLCNtex_f	inost_e	-0.0	-1000.0	0.0	-0.0	Inf
GLCNtex_f	sbt__D_e	-0.0	-0.3956337349839032	0.0	-0.0	Inf
GLCNtex_f	k_e	-0.0	-0.1675278765768553	999.8324721234231	-0.0	0.0
GLCNtex_f	for_e	-0.0	0.0	0.002105331042065151	Inf	0.0
GLCNtex_f	slnt_e	-0.0	0.0	1000.0	Inf	0.0
GLCNtex_f	fru_e	-0.0	-1000.0	0.0	-0.0	Inf
GLCNtex_f	so2_e	-0.0	-1000.0	0.0	-0.0	Inf
GLCNtex_f	so3_e	-0.0	-1000.0	0.0	-0.0	Inf
GLCNtex_f	so4_e	-0.0	-0.21646373461908297	999.7835362653809	-0.0	0.0
GLCNtex_f	lipa_cold_e	-0.0	-1000.0	0.0	-0.0	Inf
GLCNtex_f	sucr_e	-0.0	-1000.0	0.0	-0.0	Inf
GLCNtex_f	g3pe_e	-0.0	-1000.0	0.0	-0.0	Inf
GLCNtex_f	malt_e	-0.0	-1000.0	0.0	-0.0	Inf
GLCNtex_f	tartr__L_e	-0.0	-1000.0	0.0	-0.0	Inf
GLCNtex_f	g3pi_e	-0.0	-1000.0	0.0	-0.0	Inf
GLCNtex_f	malthx_e	-0.0	-1000.0	0.0	-0.0	Inf
GLCNtex_f	maltpt_e	-0.0	-1000.0	0.0	-0.0	Inf
GLCNtex_f	gal_e	-0.0	-1000.0	0.0	-0.0	Inf
GLCNtex_f	gal_bD_e	-0.0	-1000.0	0.0	-0.0	Inf
GLCNtex_f	malttr_e	-0.0	-1000.0	0.0	-0.0	Inf
GLCNtex_f	maltttr_e	-0.0	-1000.0	0.0	-0.0	Inf
GLCNtex_f	man_e	-0.0	-1000.0	0.0	-0.0	Inf
GLCNtex_f	thym_e	-0.0	-1000.0	0.0	-0.0	Inf
GLCNtex_f	thymd_e	-0.0	-1000.0	0.0	-0.0	Inf
GLCNtex_f	galt_e	-0.0	-0.1212783969074935	0.0	-0.0	Inf
GLCNtex_f	melib_e	-0.0	-1000.0	0.0	-0.0	Inf
GLCNtex_f	meoh_e	-0.0	-999.9999982834643	1.7165357348858379e-06	-0.0	0.0
GLCNtex_f	tmao_e	-0.0	-1000.0	0.0	-0.0	Inf
GLCNtex_f	tre_e	-0.0	-1000.0	0.0	-0.0	Inf
GLCNtex_f	metsox_S__L_e	-0.0	-1000.0	0.0	-0.0	Inf
GLCNtex_f	glc__D_e	-0.0	-0.3956337349839032	0.5407207959864134	-0.0	0.0
GLCNtex_f	mg2_e	-0.0	-0.007445473604661856	999.9925545263953	-0.0	0.0
GLCNtex_f	mnl_e	-0.0	-1000.0	0.0	-0.0	Inf
GLCNtex_f	mobd_e	-0.0	-0.00011071655274008663	999.9998892834473	-0.0	0.0
GLCNtex_f	glyald_e	-0.0	-1000.0	0.0	-0.0	Inf
GLCNtex_f	n2o_e	-0.0	-1000.0	0.0	-0.0	Inf
GLCNtex_f	na1_e	-0.0	0.0	1000.0	Inf	0.0
GLCNtex_f	nac_e	-0.0	-1000.0	0.0	-0.0	Inf
GLCNtex_f	ni2_e	-0.0	-0.0002772205157270946	999.9997227794843	-0.0	0.0
GLCNtex_f	no_e	-0.0	-1000.0	0.0	-0.0	Inf
GLCNtex_f	no2_e	-0.0	-1000.0	0.0	-0.0	Inf
GLCNtex_f	ura_e	-0.0	-1000.0	0.0	-0.0	Inf
GLCNtex_f	no3_e	-0.0	-1000.0	0.0	-0.0	Inf
GLCNtex_f	urea_e	-0.0	-1000.0	0.0	-0.0	Inf
GLCNtex_f	novbcn_e	-0.0	-1000.0	0.0	-0.0	Inf
GLCNtex_f	uri_e	-0.0	-1000.0	0.0	-0.0	Inf
GLCNtex_f	o2_e	-0.0	-22.936351719073855	977.0636482809261	-0.0	0.0
GLCNtex_f	xan_e	-0.0	0.0	0.0	Inf	Inf
GLCNtex_f	xtsn_e	-0.0	-1000.0	0.0	-0.0	Inf
GLCNtex_f	xyl__D_e	-0.0	-1000.0	0.0	-0.0	Inf
GLCNtex_f	xylu__L_e	-0.0	-1000.0	0.0	-0.0	Inf
GLCNtex_f	pacald_e	-0.0	-1000.0	0.0	-0.0	Inf
GLCNtex_f	12dgr120_p	-0.0	0.0	0.0	Inf	Inf
GLCNtex_f	12dgr140_p	-0.0	0.0	0.0	Inf	Inf
GLCNtex_f	12dgr160_p	-0.0	-0.04395930388710036	0.0	-0.0	Inf
GLCNtex_f	12dgr180_p	-0.0	0.0	0.0	Inf	Inf
GLCNtex_f	12ppd__R_p	-0.0	-1000.0	0.0	-0.0	Inf
GLCNtex_f	12ppd__S_p	-0.0	0.0	0.0	Inf	Inf
GLCNtex_f	chol_p	-0.0	-1000.0	0.0	-0.0	Inf
GLCNtex_f	cl_p	-0.0	-0.004467284162728902	999.9955327158373	-0.0	0.0
GLCNtex_f	34dhpac_p	-0.0	-1000.0	0.0	-0.0	Inf
GLCNtex_f	cm_p	-0.0	0.0	0.0	Inf	Inf
GLCNtex_f	4hoxpacd_p	-0.0	-1000.0	0.0	-0.0	Inf
GLCNtex_f	co2_p	-0.0	-975.2305100259159	24.76948997408408	-0.0	0.0
GLCNtex_f	5mtr_p	-0.0	-1000.0	0.0	-0.0	Inf
GLCNtex_f	LalaDgluMdap_p	-0.0	-0.02384954703455958	0.0	-0.0	Inf
GLCNtex_f	gal_p	-0.0	-1000.0	0.0	-0.0	Inf
GLCNtex_f	ac_p	-0.0	-0.7912674699678064	0.0	-0.0	Inf
GLCNtex_f	crn_p	-0.0	-1000.0	0.0	-0.0	Inf
GLCNtex_f	gal_bD_p	-0.0	-1000.0	0.0	-0.0	Inf
GLCNtex_f	acald_p	-0.0	-1000.0	0.0	-0.0	Inf
GLCNtex_f	acgal_p	-0.0	-1000.0	0.0	-0.0	Inf
GLCNtex_f	csn_p	-0.0	0.0	0.0	Inf	Inf
GLCNtex_f	acgam_p	-0.0	-1000.0	0.0	-0.0	Inf
GLCNtex_f	galt_p	-0.0	-0.1212783969074935	0.0	-0.0	Inf
GLCNtex_f	acmana_p	-0.0	-1000.0	0.0	-0.0	Inf
GLCNtex_f	cyan_p	-0.0	0.0	0.0	Inf	Inf
GLCNtex_f	ade_p	-0.0	-1000.0	0.0	-0.0	Inf
GLCNtex_f	adn_p	-0.0	0.0	0.0005776142635378755	Inf	0.0
GLCNtex_f	cytd_p	-0.0	-0.13777344672971378	0.0	-0.0	Inf
GLCNtex_f	glc__D_p	-0.0	-0.3956337349839032	0.5407207959864134	-0.0	0.0
GLCNtex_f	dad_2_p	-0.0	-1000.0	0.0	-0.0	Inf
GLCNtex_f	dcyt_p	-0.0	-1000.0	0.0	-0.0	Inf
GLCNtex_f	all__D_p	-0.0	0.0	0.0	Inf	Inf
GLCNtex_f	alltn_p	-0.0	0.0	0.0	Inf	Inf
GLCNtex_f	dha_p	-0.0	-1000.0	0.0	-0.0	Inf
GLCNtex_f	glyald_p	-0.0	-1000.0	0.0	-0.0	Inf
GLCNtex_f	glyb_p	0.0	0.0	0.0	Inf	Inf
GLCNtex_f	dms_p	-0.0	-1000.0	0.0	-0.0	Inf
GLCNtex_f	glyc_p	-0.0	-0.1193232627436573	0.0	-0.0	Inf
GLCNtex_f	dmso_p	-0.0	-1000.0	0.0	-0.0	Inf
GLCNtex_f	arab__L_p	-0.0	0.0	0.0	Inf	Inf
GLCNtex_f	arbt_p	0.0	0.0	0.0	Inf	Inf
GLCNtex_f	ca2_p	-0.0	-0.004467284162728902	999.9955327158373	-0.0	0.0
GLCNtex_f	duri_p	-0.0	-1000.0	0.0	-0.0	Inf
GLCNtex_f	h2_p	-0.0	-1000.0	0.0	-0.0	Inf
GLCNtex_f	h2o2_p	-0.0	-1000.0	0.0	-0.0	Inf
GLCNtex_f	etoh_p	-0.0	-1000.0	0.0	-0.0	Inf
GLCNtex_f	fald_p	-0.0	0.0	0.0	Inf	Inf
GLCNtex_f	n2o_p	-0.0	-1000.0	0.0	-0.0	Inf
GLCNtex_f	na1_p	-0.0	0.0	0.0	Inf	Inf
GLCNtex_f	indole_p	-0.0	0.0	0.2866471689566529	Inf	0.0
GLCNtex_f	nac_p	-0.0	-1000.0	0.0	-0.0	Inf
GLCNtex_f	ni2_p	-0.0	-0.0002772205157270946	999.9997227794843	-0.0	0.0
GLCNtex_f	inost_p	-0.0	-1000.0	0.0	-0.0	Inf
GLCNtex_f	no_p	-0.0	-1000.0	0.0	-0.0	Inf
GLCNtex_f	no2_p	-0.0	-1000.0	0.0	-0.0	Inf
GLCNtex_f	for_p	-0.0	0.0	0.002105331042065151	Inf	0.0
GLCNtex_f	fru_p	-0.0	-1000.0	0.0	-0.0	Inf
GLCNtex_f	no3_p	-0.0	0.0	0.0	Inf	Inf
GLCNtex_f	k_p	-0.0	-0.1675278765768553	999.8324721234231	-0.0	0.0
GLCNtex_f	novbcn_p	-0.0	0.0	0.0	Inf	Inf
GLCNtex_f	o2_p	-0.0	-22.936351719073855	977.0636482809261	-0.0	0.0
GLCNtex_f	lipa_cold_p	-0.0	-11.895857511701095	0.0	-0.0	Inf
GLCNtex_f	g3pe_p	-0.0	0.0	0.0	Inf	Inf
GLCNtex_f	g3pi_p	-0.0	0.0	0.0	Inf	Inf
GLCNtex_f	so3_p	-0.0	-1000.0	0.0	-0.0	Inf
GLCNtex_f	so4_p	-0.0	-0.21646373461908297	999.7835362653809	-0.0	0.0
GLCNtex_f	malt_p	0.0	0.0	0.0	Inf	Inf
GLCNtex_f	malthx_p	0.0	0.0	0.0	Inf	Inf
GLCNtex_f	maltpt_p	0.0	0.0	0.0	Inf	Inf
GLCNtex_f	sucr_p	-0.0	-1000.0	0.0	-0.0	Inf
GLCNtex_f	malttr_p	0.0	0.0	0.0	Inf	Inf
GLCNtex_f	maltttr_p	0.0	0.0	0.0	Inf	Inf
GLCNtex_f	pacald_p	-0.0	-1000.0	0.0	-0.0	Inf
GLCNtex_f	man_p	-0.0	-1000.0	0.0	-0.0	Inf
GLCNtex_f	tartr__L_p	-0.0	-1000.0	0.0	-0.0	Inf
GLCNtex_f	pe120_p	-0.0	0.0	0.0	Inf	Inf
GLCNtex_f	melib_p	-0.0	-1000.0	0.0	-0.0	Inf
GLCNtex_f	meoh_p	-0.0	-999.9999982834643	1.7165357348858379e-06	-0.0	0.0
GLCNtex_f	thym_p	-0.0	-1000.0	0.0	-0.0	Inf
GLCNtex_f	thymd_p	-0.0	-0.02245743658079391	0.0	-0.0	Inf
GLCNtex_f	pg120_p	-0.0	0.0	0.0	Inf	Inf
GLCNtex_f	metsox_S__L_p	-0.0	-1000.0	0.0	-0.0	Inf
GLCNtex_f	tmao_p	-0.0	-1000.0	0.0	-0.0	Inf
GLCNtex_f	mg2_p	-0.0	-0.0074454736046064614	999.9925545263953	-0.0	0.0
GLCNtex_f	tre_p	-0.0	0.0	0.0	Inf	Inf
GLCNtex_f	mnl_p	-0.0	0.0	0.0	Inf	Inf
GLCNtex_f	mobd_p	-0.0	-0.00011071655274008663	999.9998892834473	-0.0	0.0
GLCNtex_f	ura_p	-0.0	-1000.0	0.0	-0.0	Inf
GLCNtex_f	urea_p	-0.0	-1000.0	0.0	-0.0	Inf
GLCNtex_f	uri_p	-0.0	-0.1978168674919516	0.0	-0.0	Inf
GLCNtex_f	xan_p	-0.0	0.0	0.0	Inf	Inf
GLCNtex_f	xtsn_p	-0.0	0.0	0.0	Inf	Inf
GLCNtex_f	xyl__D_p	-0.0	0.0	0.0	Inf	Inf
GLCNtex_f	xylu__L_p	-0.0	-1000.0	0.0	-0.0	Inf
GLCNtex_f	ppal_p	-0.0	-1000.0	0.0	-0.0	Inf
GLCNtex_f	psclys_p	-0.0	-1000.0	0.0	-0.0	Inf
GLCNtex_f	pydx_p	-0.0	0.0	0.0	Inf	Inf
GLCNtex_f	pydxn_p	-0.0	0.0	0.0	Inf	Inf
GLCNtex_f	rib__D_p	-0.0	-1000.0	0.0	-0.0	Inf
GLCNtex_f	rmn_p	-0.0	-1000.0	0.0	-0.0	Inf
GLCNtex_f	sbt__D_p	-0.0	-0.3956337349839032	0.0	-0.0	Inf
GLCNtex_f	slnt_p	-0.0	0.0	0.0	Inf	Inf
GLCNtex_f	so2_p	-0.0	-1000.0	0.0	-0.0	Inf
