Reaction	Metabolite	ShadowPrice	G-	G+	DecrementalShadowPrice	IncrementalShadowPrice
GLYCLTt4pp	12dgr120_c	-0.0	0.0	0.0	Inf	Inf
GLYCLTt4pp	12dgr140_c	-0.0	0.0	0.0	Inf	Inf
GLYCLTt4pp	12dgr160_c	-0.0	-0.05206450734699524	0.0	-0.0	Inf
GLYCLTt4pp	12dgr180_c	-0.0	0.0	0.0	Inf	Inf
GLYCLTt4pp	12ppd__R_c	-0.0	-1000.0	0.0	-0.0	Inf
GLYCLTt4pp	12ppd__S_c	-0.0	0.0	0.0	Inf	Inf
GLYCLTt4pp	5drib_c	-0.0	-999.9998068897336	0.0001931102664018967	-0.0	0.0
GLYCLTt4pp	5mta_c	-0.0	-0.09373057370453353	0.0	-0.0	Inf
GLYCLTt4pp	23dhacoa_c	-0.0	-0.0004943622830069216	0.0	-0.0	Inf
GLYCLTt4pp	5mtr_c	-0.0	-19.524190255123216	0.0	-0.0	Inf
GLYCLTt4pp	3amac_c	-0.0	-7.892665485509227	0.0	-0.0	Inf
GLYCLTt4pp	LalaDgluMdap_c	-0.0	-0.02384954703455958	0.0	-0.0	Inf
GLYCLTt4pp	ac_c	-0.0	-2.048062835767837	0.5000062513759024	-0.0	0.0
GLYCLTt4pp	acald_c	-0.0	-1.1484817797131304	2.674831520230367	-0.0	0.0
GLYCLTt4pp	acetol_c	-0.0	0.0	0.0	Inf	Inf
GLYCLTt4pp	acgam_c	-0.0	-0.0810960126746997	0.0	-0.0	Inf
GLYCLTt4pp	acgam6p_c	-0.0	-0.0810960126746997	0.0	-0.0	Inf
GLYCLTt4pp	acmalt_c	0.0	0.0	0.0	Inf	Inf
GLYCLTt4pp	acmana_c	-0.0	-0.0810960126746997	0.0	-0.0	Inf
GLYCLTt4pp	2dmmq8_c	-0.0	0.0	0.0	Inf	Inf
GLYCLTt4pp	2dmmql8_c	0.0	0.0	0.0	Inf	Inf
GLYCLTt4pp	ade_c	-0.0	-0.09373057370453353	0.0005776142635378755	-0.0	0.0
GLYCLTt4pp	adn_c	-0.0	0.0	0.0005776142635378755	Inf	0.0
GLYCLTt4pp	3sala_c	0.0	0.0	0.0	Inf	Inf
GLYCLTt4pp	adphep_DD_c	-0.0	0.0	0.0	Inf	Inf
GLYCLTt4pp	adphep_LD_c	-0.0	0.0	0.0	Inf	Inf
GLYCLTt4pp	4ahmmp_c	0.0	0.0	0.0	Inf	Inf
GLYCLTt4pp	4crsol_c	-0.0	-999.9998086062693	0.0001913937307005465	-0.0	0.0
GLYCLTt4pp	2ohph_c	-0.0	-0.0001913937307005465	0.08033420583561725	-0.0	0.0
GLYCLTt4pp	2ombzl_c	-0.0	0.0	0.0	Inf	Inf
GLYCLTt4pp	2omhmbl_c	-0.0	0.0	0.0	Inf	Inf
GLYCLTt4pp	2ommbl_c	0.0	0.0	0.0	Inf	Inf
GLYCLTt4pp	2omph_c	-0.0	0.0	0.07178971276960229	Inf	0.0
GLYCLTt4pp	4mhetz_c	0.0	0.0	0.0	Inf	Inf
GLYCLTt4pp	2oph_c	-0.0	-0.0001913937307005465	0.08042366486216025	-0.0	0.0
GLYCLTt4pp	2oxpaccoa_c	-0.0	-0.0004943622830069216	0.0	-0.0	Inf
GLYCLTt4pp	all__D_c	-0.0	-0.3254031709187203	0.0	-0.0	Inf
GLYCLTt4pp	alltn_c	-0.0	-0.8874631934146916	0.0	-0.0	Inf
GLYCLTt4pp	4r5au_c	-0.0	-0.00038278746195708597	0.2574999999989247	-0.0	0.0
GLYCLTt4pp	56dura_c	0.0	0.0	0.0	Inf	Inf
GLYCLTt4pp	arab__L_c	-0.0	-0.39048380510246433	0.0	-0.0	Inf
GLYCLTt4pp	etoh_c	-0.0	-1000.0	0.0	-0.0	Inf
GLYCLTt4pp	csn_c	-0.0	0.0	0.0	Inf	Inf
GLYCLTt4pp	fald_c	-0.0	0.0	0.0	Inf	Inf
GLYCLTt4pp	fc1p_c	-0.0	0.0	0.0	Inf	Inf
GLYCLTt4pp	fcl__L_c	-0.0	0.0	0.0	Inf	Inf
GLYCLTt4pp	aso4_c	0.0	0.0	0.0	Inf	Inf
GLYCLTt4pp	cyan_c	0.0	0.0	0.0	Inf	Inf
GLYCLTt4pp	athtp_c	0.0	0.0	0.0	Inf	Inf
GLYCLTt4pp	cytd_c	-0.0	-0.137773446729625	0.0	-0.0	Inf
GLYCLTt4pp	dad_2_c	-0.0	-0.09373057370453353	0.0	-0.0	Inf
GLYCLTt4pp	dad_5_c	-0.0	-0.09373057370453353	0.0001931102664018967	-0.0	0.0
GLYCLTt4pp	betald_c	0.0	0.0	0.0	Inf	Inf
GLYCLTt4pp	btal_c	-0.0	-3.904838051024643	0.0	-0.0	Inf
GLYCLTt4pp	for_c	-0.0	-0.09373057370453353	3.5706028178962357	-0.0	0.0
GLYCLTt4pp	dcyt_c	-0.0	-0.02245743658079391	0.0	-0.0	Inf
GLYCLTt4pp	fru_c	-0.0	0.0	0.8597672743597607	Inf	0.0
GLYCLTt4pp	ca2_c	-0.0	-0.004467284162728902	19.524190255123216	-0.0	0.0
GLYCLTt4pp	g3pe_c	-0.0	-0.1193232627436573	0.0	-0.0	Inf
GLYCLTt4pp	g3pi_c	0.0	0.0	0.0	Inf	Inf
GLYCLTt4pp	cbm_c	-0.0	-3.9463327427546133	0.0	-0.0	Inf
GLYCLTt4pp	dha_c	-0.0	-0.6508063418374406	0.0	-0.0	Inf
GLYCLTt4pp	gal_c	-0.0	0.0	0.0	Inf	Inf
GLYCLTt4pp	dhgly_c	-0.0	-0.0001913937307005465	0.31129504761301685	-0.0	0.0
GLYCLTt4pp	dhmptp_c	0.0	0.0	0.0	Inf	Inf
GLYCLTt4pp	gcald_c	-0.0	-0.7809676102049287	0.0005741811920643158	-0.0	0.0
GLYCLTt4pp	dhptd_c	-0.0	-47.43279068151933	0.00038450399713597884	-0.0	0.0
GLYCLTt4pp	cechddd_c	-0.0	0.0	0.0	Inf	Inf
GLYCLTt4pp	dhptdn_c	0.0	0.0	0.0	Inf	Inf
GLYCLTt4pp	chol_c	0.0	0.0	0.0	Inf	Inf
GLYCLTt4pp	chtbs6p_c	-0.0	0.0	0.0	Inf	Inf
GLYCLTt4pp	dmbzid_c	0.0	0.0	0.0	Inf	Inf
GLYCLTt4pp	dms_c	0.0	0.0	0.0	Inf	Inf
GLYCLTt4pp	dmso_c	0.0	0.0	0.0	Inf	Inf
GLYCLTt4pp	cl_c	-0.0	-0.004467284162728902	39.04838051024643	-0.0	0.0
GLYCLTt4pp	glc__D_c	-0.0	-0.3254031709187203	0.8597672743597607	-0.0	0.0
GLYCLTt4pp	co2_c	-0.0	-975.2305100259238	24.769489974076237	-0.0	0.0
GLYCLTt4pp	dscl_c	-0.0	-0.0001913937307005465	0.0959102935540769	-0.0	0.0
GLYCLTt4pp	dtdp4aaddg_c	-0.0	0.0	0.0	Inf	Inf
GLYCLTt4pp	glyald_c	-0.0	-1000.0	0.0	-0.0	Inf
GLYCLTt4pp	crn_c	-0.0	-19.524190255123216	0.0	-0.0	Inf
GLYCLTt4pp	duri_c	-0.0	-0.02245743658079391	0.0	-0.0	Inf
GLYCLTt4pp	glyb_c	0.0	0.0	0.0	Inf	Inf
GLYCLTt4pp	glyc_c	-0.0	-0.1193232627436573	0.0	-0.0	Inf
GLYCLTt4pp	dxyl_c	0.0	0.0	0.0	Inf	Inf
GLYCLTt4pp	glycogen_c	-0.0	-0.30506547273630025	0.0	-0.0	Inf
GLYCLTt4pp	gmhep1p_c	-0.0	0.0	0.6749574864132701	Inf	0.0
GLYCLTt4pp	lipa_cold_c	-0.0	0.0	0.0	Inf	Inf
GLYCLTt4pp	lipidA_c	-0.0	-0.016698459302730152	0.06541707522302528	-0.0	0.0
GLYCLTt4pp	malt_c	0.0	0.0	0.0	Inf	Inf
GLYCLTt4pp	h2_c	-0.0	0.0	0.0	Inf	Inf
GLYCLTt4pp	malthx_c	-0.0	0.0	0.0	Inf	Inf
GLYCLTt4pp	maltpt_c	-0.0	0.0	0.0	Inf	Inf
GLYCLTt4pp	malttr_c	-0.0	0.0	0.0	Inf	Inf
GLYCLTt4pp	maltttr_c	-0.0	0.0	0.0	Inf	Inf
GLYCLTt4pp	h2o2_c	-0.0	-3.904838051024643	0.002146527894524297	-0.0	0.0
GLYCLTt4pp	man_c	-0.0	0.0	0.0	Inf	Inf
GLYCLTt4pp	mdhdhf_c	-0.0	-47.43279068151933	0.00038450399713597884	-0.0	0.0
GLYCLTt4pp	melib_c	-0.0	0.0	0.0	Inf	Inf
GLYCLTt4pp	meoh_c	-0.0	-999.9999982834643	1.7165357348858379e-06	-0.0	0.0
GLYCLTt4pp	pacald_c	-0.0	-19.524190255123216	0.0	-0.0	Inf
GLYCLTt4pp	metsox_S__L_c	-0.0	-0.09373057370453353	0.0	-0.0	Inf
GLYCLTt4pp	mg2_c	-0.0	-0.0074454736046064614	9.762095127561608	-0.0	0.0
GLYCLTt4pp	hhlipa_c	-0.0	0.0	0.0	Inf	Inf
GLYCLTt4pp	pe120_c	-0.0	0.0	0.0	Inf	Inf
GLYCLTt4pp	mobd_c	-0.0	-0.00011071655273708743	18.055112761554977	-0.0	0.0
GLYCLTt4pp	hlipa_c	-0.0	0.0	0.0	Inf	Inf
GLYCLTt4pp	pg120_c	-0.0	0.0	0.0	Inf	Inf
GLYCLTt4pp	mql8_c	0.0	0.0	0.0	Inf	Inf
GLYCLTt4pp	mqn8_c	-0.0	0.0	0.0	Inf	Inf
GLYCLTt4pp	mthgxl_c	-0.0	-0.8874631934146916	0.0	-0.0	Inf
GLYCLTt4pp	hqn_c	0.0	0.0	0.0	Inf	Inf
GLYCLTt4pp	mththf_c	-0.0	-999.9996154960029	0.00038450399713597884	-0.0	0.0
GLYCLTt4pp	n2o_c	-0.0	-1000.0	0.0	-0.0	Inf
GLYCLTt4pp	na1_c	-0.0	0.0	0.0	Inf	Inf
GLYCLTt4pp	nac_c	-0.0	0.0	0.0	Inf	Inf
GLYCLTt4pp	ncam_c	-0.0	0.0	0.0	Inf	Inf
GLYCLTt4pp	ni2_c	-0.0	-0.0002772205157270946	999.9997227794843	-0.0	0.0
GLYCLTt4pp	no_c	-0.0	-1000.0	0.0	-0.0	Inf
GLYCLTt4pp	indole_c	-0.0	-0.0487865194359245	0.4782811327564232	-0.0	0.0
GLYCLTt4pp	no2_c	-0.0	-19.524190255123216	0.0	-0.0	Inf
GLYCLTt4pp	no3_c	0.0	0.0	0.0	Inf	Inf
GLYCLTt4pp	inost_c	0.0	0.0	0.0	Inf	Inf
GLYCLTt4pp	o2_c	-0.0	-22.936351719066465	977.0636482809335	-0.0	0.0
GLYCLTt4pp	poaac_c	-0.0	-5.555419311247685	0.0	-0.0	Inf
GLYCLTt4pp	ppal_c	-0.0	0.0	0.0	Inf	Inf
GLYCLTt4pp	k_c	-0.0	-0.16752787657682408	72.2204510462199	-0.0	0.0
GLYCLTt4pp	psclys_c	-0.0	0.0	0.0	Inf	Inf
GLYCLTt4pp	lald__D_c	-0.0	0.0	0.0	Inf	Inf
GLYCLTt4pp	lald__L_c	-0.0	0.0	0.0	Inf	Inf
GLYCLTt4pp	ura_c	-0.0	0.0	0.0	Inf	Inf
GLYCLTt4pp	pydx_c	-0.0	0.0	0.6391190358072558	Inf	0.0
GLYCLTt4pp	uracp_c	-0.0	-4.635000000002151	0.0	-0.0	Inf
GLYCLTt4pp	pydxn_c	-0.0	0.0	0.6018370920518326	Inf	0.0
GLYCLTt4pp	urate_c	-0.0	-0.7231181575971561	0.0	-0.0	Inf
GLYCLTt4pp	q8_c	-0.0	0.0	0.0	Inf	Inf
GLYCLTt4pp	q8h2_c	0.0	0.0	0.0	Inf	Inf
GLYCLTt4pp	urea_c	-0.0	-1000.0	0.0	-0.0	Inf
GLYCLTt4pp	uri_c	-0.0	0.0	0.0	Inf	Inf
GLYCLTt4pp	rbflvrd_c	-0.0	0.0	0.04686528685226676	Inf	0.0
GLYCLTt4pp	rbl__L_c	-0.0	-0.39048380510246433	0.0	-0.0	Inf
GLYCLTt4pp	rdmbzi_c	0.0	0.0	0.0	Inf	Inf
GLYCLTt4pp	thptdn_c	0.0	0.0	0.0	Inf	Inf
GLYCLTt4pp	xan_c	-0.0	0.0	0.0	Inf	Inf
GLYCLTt4pp	rephaccoa_c	-0.0	-0.0004943622830069216	0.0	-0.0	Inf
GLYCLTt4pp	rib__D_c	-0.0	0.0	0.9759520411651339	Inf	0.0
GLYCLTt4pp	xtsn_c	-0.0	0.0	0.0	Inf	Inf
GLYCLTt4pp	rml_c	-0.0	0.0	0.0	Inf	Inf
GLYCLTt4pp	thym_c	-0.0	-72.2204510462199	0.0	-0.0	Inf
GLYCLTt4pp	thymd_c	-0.0	-0.02245743658079391	0.0	-0.0	Inf
GLYCLTt4pp	xu5p__L_c	-0.0	-0.35498527736587665	0.0	-0.0	Inf
GLYCLTt4pp	rmn_c	-0.0	0.0	0.0	Inf	Inf
GLYCLTt4pp	xyl__D_c	0.0	0.0	0.0	Inf	Inf
GLYCLTt4pp	tmao_c	0.0	0.0	0.0	Inf	Inf
GLYCLTt4pp	xylu__D_c	-0.0	0.0	0.0	Inf	Inf
GLYCLTt4pp	xylu__L_c	-0.0	-0.39048380510246433	0.0	-0.0	Inf
GLYCLTt4pp	12ppd__R_e	-0.0	-1000.0	0.0	-0.0	Inf
GLYCLTt4pp	12ppd__S_e	-0.0	-1000.0	0.0	-0.0	Inf
GLYCLTt4pp	tre_c	-0.0	-0.16270158545936014	0.0	-0.0	Inf
GLYCLTt4pp	seln_c	0.0	0.0	0.0	Inf	Inf
GLYCLTt4pp	34dhpac_e	-0.0	-1000.0	0.0	-0.0	Inf
GLYCLTt4pp	slnt_c	0.0	0.0	0.0	Inf	Inf
GLYCLTt4pp	so2_c	0.0	0.0	0.0	Inf	Inf
GLYCLTt4pp	so3_c	-0.0	-0.21274056868357286	3.6110225523109953	-0.0	0.0
GLYCLTt4pp	so4_c	-0.0	-0.2164637346197651	72.2204510462199	-0.0	0.0
GLYCLTt4pp	4hoxpacd_e	-0.0	-1000.0	0.0	-0.0	Inf
GLYCLTt4pp	5mtr_e	-0.0	-1000.0	0.0	-0.0	Inf
GLYCLTt4pp	LalaDgluMdap_e	-0.0	-1000.0	0.0	-0.0	Inf
GLYCLTt4pp	ac_e	-0.0	0.0	0.0	Inf	Inf
GLYCLTt4pp	acald_e	-0.0	-1000.0	0.0	-0.0	Inf
GLYCLTt4pp	acgal_e	-0.0	-1000.0	0.0	-0.0	Inf
GLYCLTt4pp	acgam_e	-0.0	-1000.0	0.0	-0.0	Inf
GLYCLTt4pp	acmana_e	-0.0	-1000.0	0.0	-0.0	Inf
GLYCLTt4pp	tagur_c	-0.0	0.0	0.0	Inf	Inf
GLYCLTt4pp	tartr__L_c	-0.0	-0.7231181575971561	0.0	-0.0	Inf
GLYCLTt4pp	ade_e	-0.0	-1000.0	0.0	-0.0	Inf
GLYCLTt4pp	adn_e	-0.0	-1000.0	0.0	-0.0	Inf
GLYCLTt4pp	all__D_e	-0.0	-1000.0	0.0	-0.0	Inf
GLYCLTt4pp	cl_e	-0.0	-0.004467284162728902	999.9955327158373	-0.0	0.0
GLYCLTt4pp	alltn_e	-0.0	0.0	0.0	Inf	Inf
GLYCLTt4pp	cm_e	-0.0	-1000.0	0.0	-0.0	Inf
GLYCLTt4pp	co2_e	-0.0	-975.2305100259238	24.769489974076237	-0.0	0.0
GLYCLTt4pp	arab__L_e	-0.0	-1000.0	0.0	-0.0	Inf
GLYCLTt4pp	arbt_e	-0.0	-1000.0	0.0	-0.0	Inf
GLYCLTt4pp	unagamu_c	-0.0	0.0	0.055596960004788226	Inf	0.0
GLYCLTt4pp	crn_e	-0.0	-1000.0	0.0	-0.0	Inf
GLYCLTt4pp	csn_e	-0.0	-1000.0	0.0	-0.0	Inf
GLYCLTt4pp	cyan_e	-0.0	-1000.0	0.0	-0.0	Inf
GLYCLTt4pp	glyb_e	-0.0	-1000.0	0.0	-0.0	Inf
GLYCLTt4pp	glyc_e	-0.0	-1000.0	0.0	-0.0	Inf
GLYCLTt4pp	cytd_e	-0.0	-1000.0	0.0	-0.0	Inf
GLYCLTt4pp	ca2_e	-0.0	-0.004467284162728902	999.9955327158373	-0.0	0.0
GLYCLTt4pp	dad_2_e	-0.0	-1000.0	0.0	-0.0	Inf
GLYCLTt4pp	dcyt_e	-0.0	-1000.0	0.0	-0.0	Inf
GLYCLTt4pp	chol_e	-0.0	-1000.0	0.0	-0.0	Inf
GLYCLTt4pp	dha_e	-0.0	-1000.0	0.0	-0.0	Inf
GLYCLTt4pp	ppal_e	-0.0	-1000.0	0.0	-0.0	Inf
GLYCLTt4pp	h2_e	-0.0	-1000.0	0.0	-0.0	Inf
GLYCLTt4pp	dms_e	-0.0	-1000.0	0.0	-0.0	Inf
GLYCLTt4pp	dmso_e	-0.0	-1000.0	0.0	-0.0	Inf
GLYCLTt4pp	h2o2_e	-0.0	-1000.0	0.0	-0.0	Inf
GLYCLTt4pp	psclys_e	-0.0	-1000.0	0.0	-0.0	Inf
GLYCLTt4pp	duri_e	-0.0	-1000.0	0.0	-0.0	Inf
GLYCLTt4pp	pydx_e	-0.0	-1000.0	0.0	-0.0	Inf
GLYCLTt4pp	pydxn_e	-0.0	-1000.0	0.0	-0.0	Inf
GLYCLTt4pp	etoh_e	-0.0	-1000.0	0.0	-0.0	Inf
GLYCLTt4pp	fald_e	-0.0	0.0	0.0	Inf	Inf
GLYCLTt4pp	rib__D_e	-0.0	-1000.0	0.0	-0.0	Inf
GLYCLTt4pp	rmn_e	-0.0	-1000.0	0.0	-0.0	Inf
GLYCLTt4pp	indole_e	-0.0	-1000.0	0.0	-0.0	Inf
GLYCLTt4pp	inost_e	-0.0	-1000.0	0.0	-0.0	Inf
GLYCLTt4pp	sbt__D_e	-0.0	-0.32006869270693794	0.0	-0.0	Inf
GLYCLTt4pp	k_e	-0.0	-0.1675278765768553	999.8324721234231	-0.0	0.0
GLYCLTt4pp	for_e	-0.0	0.0	3.5706028178962357	Inf	0.0
GLYCLTt4pp	slnt_e	-0.0	0.0	1000.0	Inf	0.0
GLYCLTt4pp	fru_e	-0.0	-1000.0	0.0	-0.0	Inf
GLYCLTt4pp	so2_e	-0.0	-1000.0	0.0	-0.0	Inf
GLYCLTt4pp	so3_e	-0.0	-1000.0	0.0	-0.0	Inf
GLYCLTt4pp	so4_e	-0.0	-0.2164637346197651	999.7835362653802	-0.0	0.0
GLYCLTt4pp	lipa_cold_e	-0.0	-1000.0	0.0	-0.0	Inf
GLYCLTt4pp	sucr_e	-0.0	-1000.0	0.0	-0.0	Inf
GLYCLTt4pp	g3pe_e	-0.0	-1000.0	0.0	-0.0	Inf
GLYCLTt4pp	malt_e	-0.0	-1000.0	0.0	-0.0	Inf
GLYCLTt4pp	tartr__L_e	-0.0	-1000.0	0.0	-0.0	Inf
GLYCLTt4pp	g3pi_e	-0.0	-1000.0	0.0	-0.0	Inf
GLYCLTt4pp	malthx_e	-0.0	-1000.0	0.0	-0.0	Inf
GLYCLTt4pp	maltpt_e	-0.0	-1000.0	0.0	-0.0	Inf
GLYCLTt4pp	gal_e	-0.0	-1000.0	0.0	-0.0	Inf
GLYCLTt4pp	gal_bD_e	-0.0	-1000.0	0.0	-0.0	Inf
GLYCLTt4pp	malttr_e	-0.0	-1000.0	0.0	-0.0	Inf
GLYCLTt4pp	maltttr_e	-0.0	-1000.0	0.0	-0.0	Inf
GLYCLTt4pp	man_e	-0.0	-1000.0	0.0	-0.0	Inf
GLYCLTt4pp	thym_e	-0.0	-1000.0	0.0	-0.0	Inf
GLYCLTt4pp	thymd_e	-0.0	-1000.0	0.0	-0.0	Inf
GLYCLTt4pp	galt_e	-0.0	-0.32006869270693794	0.0	-0.0	Inf
GLYCLTt4pp	melib_e	-0.0	-1000.0	0.0	-0.0	Inf
GLYCLTt4pp	meoh_e	-0.0	-999.9999982834643	1.7165357348858379e-06	-0.0	0.0
GLYCLTt4pp	tmao_e	-0.0	-1000.0	0.0	-0.0	Inf
GLYCLTt4pp	tre_e	-0.0	-1000.0	0.0	-0.0	Inf
GLYCLTt4pp	metsox_S__L_e	-0.0	-1000.0	0.0	-0.0	Inf
GLYCLTt4pp	glc__D_e	-0.0	-0.3486462545557717	0.9027556380777488	-0.0	0.0
GLYCLTt4pp	mg2_e	-0.0	-0.007445473604661856	999.9925545263953	-0.0	0.0
GLYCLTt4pp	mnl_e	-0.0	-1000.0	0.0	-0.0	Inf
GLYCLTt4pp	mobd_e	-0.0	-0.00011071655274008663	999.9998892834473	-0.0	0.0
GLYCLTt4pp	glyald_e	-0.0	-1000.0	0.0	-0.0	Inf
GLYCLTt4pp	n2o_e	-0.0	-1000.0	0.0	-0.0	Inf
GLYCLTt4pp	na1_e	-0.0	0.0	1000.0	Inf	0.0
GLYCLTt4pp	nac_e	-0.0	-1000.0	0.0	-0.0	Inf
GLYCLTt4pp	ni2_e	-0.0	-0.0002772205157270946	999.9997227794843	-0.0	0.0
GLYCLTt4pp	no_e	-0.0	-1000.0	0.0	-0.0	Inf
GLYCLTt4pp	no2_e	-0.0	-1000.0	0.0	-0.0	Inf
GLYCLTt4pp	ura_e	-0.0	-1000.0	0.0	-0.0	Inf
GLYCLTt4pp	no3_e	-0.0	-1000.0	0.0	-0.0	Inf
GLYCLTt4pp	urea_e	-0.0	-1000.0	0.0	-0.0	Inf
GLYCLTt4pp	novbcn_e	-0.0	-1000.0	0.0	-0.0	Inf
GLYCLTt4pp	uri_e	-0.0	-1000.0	0.0	-0.0	Inf
GLYCLTt4pp	o2_e	-0.0	-22.936351719066465	977.0636482809335	-0.0	0.0
GLYCLTt4pp	xan_e	-0.0	0.0	0.0	Inf	Inf
GLYCLTt4pp	xtsn_e	-0.0	-1000.0	0.0	-0.0	Inf
GLYCLTt4pp	xyl__D_e	-0.0	-1000.0	0.0	-0.0	Inf
GLYCLTt4pp	xylu__L_e	-0.0	-1000.0	0.0	-0.0	Inf
GLYCLTt4pp	pacald_e	-0.0	-1000.0	0.0	-0.0	Inf
GLYCLTt4pp	12dgr120_p	-0.0	0.0	0.0	Inf	Inf
GLYCLTt4pp	12dgr140_p	-0.0	0.0	0.0	Inf	Inf
GLYCLTt4pp	12dgr160_p	-0.0	-0.05206450734699524	0.0	-0.0	Inf
GLYCLTt4pp	12dgr180_p	-0.0	0.0	0.0	Inf	Inf
GLYCLTt4pp	12ppd__R_p	-0.0	-1000.0	0.0	-0.0	Inf
GLYCLTt4pp	12ppd__S_p	-0.0	0.0	0.0	Inf	Inf
GLYCLTt4pp	chol_p	-0.0	-1000.0	0.0	-0.0	Inf
GLYCLTt4pp	cl_p	-0.0	-0.004467284162728902	999.9955327158373	-0.0	0.0
GLYCLTt4pp	34dhpac_p	-0.0	-1000.0	0.0	-0.0	Inf
GLYCLTt4pp	cm_p	-0.0	0.0	0.0	Inf	Inf
GLYCLTt4pp	4hoxpacd_p	-0.0	-1000.0	0.0	-0.0	Inf
GLYCLTt4pp	co2_p	-0.0	-975.2305100259238	24.769489974076237	-0.0	0.0
GLYCLTt4pp	5mtr_p	-0.0	-1000.0	0.0	-0.0	Inf
GLYCLTt4pp	LalaDgluMdap_p	-0.0	0.0	0.0	Inf	Inf
GLYCLTt4pp	gal_p	-0.0	-1000.0	0.0	-0.0	Inf
GLYCLTt4pp	ac_p	-0.0	-2.048062835767837	0.0	-0.0	Inf
GLYCLTt4pp	crn_p	-0.0	-1000.0	0.0	-0.0	Inf
GLYCLTt4pp	gal_bD_p	-0.0	-1000.0	0.0	-0.0	Inf
GLYCLTt4pp	acald_p	-0.0	-1000.0	0.0	-0.0	Inf
GLYCLTt4pp	acgal_p	-0.0	-1000.0	0.0	-0.0	Inf
GLYCLTt4pp	csn_p	-0.0	0.0	0.0	Inf	Inf
GLYCLTt4pp	acgam_p	-0.0	-1000.0	0.0	-0.0	Inf
GLYCLTt4pp	galt_p	-0.0	-0.32006869270693794	0.0	-0.0	Inf
GLYCLTt4pp	acmana_p	-0.0	-1000.0	0.0	-0.0	Inf
GLYCLTt4pp	cyan_p	-0.0	0.0	0.0	Inf	Inf
GLYCLTt4pp	ade_p	-0.0	-1000.0	0.0	-0.0	Inf
GLYCLTt4pp	adn_p	-0.0	0.0	0.0005776142635378755	Inf	0.0
GLYCLTt4pp	cytd_p	-0.0	-0.137773446729625	0.0	-0.0	Inf
GLYCLTt4pp	glc__D_p	-0.0	-0.3486462545557717	0.9027556380777488	-0.0	0.0
GLYCLTt4pp	dad_2_p	-0.0	-1000.0	0.0	-0.0	Inf
GLYCLTt4pp	dcyt_p	-0.0	-1000.0	0.0	-0.0	Inf
GLYCLTt4pp	all__D_p	-0.0	0.0	0.0	Inf	Inf
GLYCLTt4pp	alltn_p	-0.0	0.0	0.0	Inf	Inf
GLYCLTt4pp	dha_p	-0.0	-1000.0	0.0	-0.0	Inf
GLYCLTt4pp	glyald_p	-0.0	-1000.0	0.0	-0.0	Inf
GLYCLTt4pp	glyb_p	0.0	0.0	0.0	Inf	Inf
GLYCLTt4pp	dms_p	-0.0	-1000.0	0.0	-0.0	Inf
GLYCLTt4pp	glyc_p	-0.0	-0.1193232627436573	0.0	-0.0	Inf
GLYCLTt4pp	dmso_p	-0.0	-1000.0	0.0	-0.0	Inf
GLYCLTt4pp	arab__L_p	-0.0	0.0	0.0	Inf	Inf
GLYCLTt4pp	arbt_p	0.0	0.0	0.0	Inf	Inf
GLYCLTt4pp	ca2_p	-0.0	-0.004467284162728902	999.9955327158373	-0.0	0.0
GLYCLTt4pp	duri_p	-0.0	-1000.0	0.0	-0.0	Inf
GLYCLTt4pp	h2_p	-0.0	-1000.0	0.0	-0.0	Inf
GLYCLTt4pp	h2o2_p	-0.0	-1000.0	0.0	-0.0	Inf
GLYCLTt4pp	etoh_p	-0.0	-1000.0	0.0	-0.0	Inf
GLYCLTt4pp	fald_p	-0.0	0.0	0.0	Inf	Inf
GLYCLTt4pp	n2o_p	-0.0	-1000.0	0.0	-0.0	Inf
GLYCLTt4pp	na1_p	-0.0	0.0	0.0	Inf	Inf
GLYCLTt4pp	indole_p	-0.0	0.0	0.48146967364146603	Inf	0.0
GLYCLTt4pp	nac_p	-0.0	-1000.0	0.0	-0.0	Inf
GLYCLTt4pp	ni2_p	-0.0	-0.0002772205157270946	999.9997227794843	-0.0	0.0
GLYCLTt4pp	inost_p	-0.0	-1000.0	0.0	-0.0	Inf
GLYCLTt4pp	no_p	-0.0	-1000.0	0.0	-0.0	Inf
GLYCLTt4pp	no2_p	-0.0	-1000.0	0.0	-0.0	Inf
GLYCLTt4pp	for_p	-0.0	0.0	3.5706028178962357	Inf	0.0
GLYCLTt4pp	fru_p	-0.0	-1000.0	0.0	-0.0	Inf
GLYCLTt4pp	no3_p	-0.0	0.0	0.0	Inf	Inf
GLYCLTt4pp	k_p	-0.0	-0.1675278765768553	999.8324721234231	-0.0	0.0
GLYCLTt4pp	novbcn_p	-0.0	0.0	0.0	Inf	Inf
GLYCLTt4pp	o2_p	-0.0	-22.936351719066465	977.0636482809335	-0.0	0.0
GLYCLTt4pp	lipa_cold_p	-0.0	-18.055112761554977	0.0	-0.0	Inf
GLYCLTt4pp	g3pe_p	-0.0	0.0	0.0	Inf	Inf
GLYCLTt4pp	g3pi_p	-0.0	0.0	0.0	Inf	Inf
GLYCLTt4pp	so3_p	-0.0	-1000.0	0.0	-0.0	Inf
GLYCLTt4pp	so4_p	-0.0	-0.2164637346197651	999.7835362653802	-0.0	0.0
GLYCLTt4pp	malt_p	0.0	0.0	0.0	Inf	Inf
GLYCLTt4pp	malthx_p	0.0	0.0	0.0	Inf	Inf
GLYCLTt4pp	maltpt_p	0.0	0.0	0.0	Inf	Inf
GLYCLTt4pp	sucr_p	-0.0	-1000.0	0.0	-0.0	Inf
GLYCLTt4pp	malttr_p	0.0	0.0	0.0	Inf	Inf
GLYCLTt4pp	maltttr_p	0.0	0.0	0.0	Inf	Inf
GLYCLTt4pp	pacald_p	-0.0	-1000.0	0.0	-0.0	Inf
GLYCLTt4pp	man_p	-0.0	-1000.0	0.0	-0.0	Inf
GLYCLTt4pp	tartr__L_p	-0.0	-1000.0	0.0	-0.0	Inf
GLYCLTt4pp	pe120_p	-0.0	0.0	0.0	Inf	Inf
GLYCLTt4pp	melib_p	-0.0	-1000.0	0.0	-0.0	Inf
GLYCLTt4pp	meoh_p	-0.0	-999.9999982834643	1.7165357348858379e-06	-0.0	0.0
GLYCLTt4pp	thym_p	-0.0	-1000.0	0.0	-0.0	Inf
GLYCLTt4pp	thymd_p	-0.0	-0.02245743658079391	0.0	-0.0	Inf
GLYCLTt4pp	pg120_p	-0.0	0.0	0.0	Inf	Inf
GLYCLTt4pp	metsox_S__L_p	-0.0	-1000.0	0.0	-0.0	Inf
GLYCLTt4pp	tmao_p	-0.0	-1000.0	0.0	-0.0	Inf
GLYCLTt4pp	mg2_p	-0.0	-0.0074454736046064614	999.9925545263953	-0.0	0.0
GLYCLTt4pp	tre_p	-0.0	0.0	0.0	Inf	Inf
GLYCLTt4pp	mnl_p	-0.0	0.0	0.0	Inf	Inf
GLYCLTt4pp	mobd_p	-0.0	-0.00011071655274008663	999.9998892834473	-0.0	0.0
GLYCLTt4pp	ura_p	-0.0	-1000.0	0.0	-0.0	Inf
GLYCLTt4pp	urea_p	-0.0	-1000.0	0.0	-0.0	Inf
GLYCLTt4pp	uri_p	-0.0	0.0	0.0	Inf	Inf
GLYCLTt4pp	xan_p	-0.0	0.0	0.0	Inf	Inf
GLYCLTt4pp	xtsn_p	-0.0	0.0	0.0	Inf	Inf
GLYCLTt4pp	xyl__D_p	-0.0	0.0	0.0	Inf	Inf
GLYCLTt4pp	xylu__L_p	-0.0	-1000.0	0.0	-0.0	Inf
GLYCLTt4pp	ppal_p	-0.0	-1000.0	0.0	-0.0	Inf
GLYCLTt4pp	psclys_p	-0.0	-1000.0	0.0	-0.0	Inf
GLYCLTt4pp	pydx_p	-0.0	0.0	0.0	Inf	Inf
GLYCLTt4pp	pydxn_p	-0.0	0.0	0.0	Inf	Inf
GLYCLTt4pp	rib__D_p	-0.0	-1000.0	0.0	-0.0	Inf
GLYCLTt4pp	rmn_p	-0.0	-1000.0	0.0	-0.0	Inf
GLYCLTt4pp	sbt__D_p	-0.0	-0.32006869270693794	0.0	-0.0	Inf
GLYCLTt4pp	slnt_p	-0.0	0.0	0.0	Inf	Inf
GLYCLTt4pp	so2_p	-0.0	-1000.0	0.0	-0.0	Inf
