Reaction	Metabolite	ShadowPrice	G-	G+	DecrementalShadowPrice	IncrementalShadowPrice
HG2abcpp	12dgr120_c	-0.0	0.0	0.0	Inf	Inf
HG2abcpp	12dgr140_c	-0.0	0.0	0.0	Inf	Inf
HG2abcpp	12dgr160_c	-0.0	-0.01673265190195703	0.0	-0.0	Inf
HG2abcpp	12dgr180_c	-0.0	0.0	0.0	Inf	Inf
HG2abcpp	12ppd__R_c	-0.0	-1000.0	0.0	-0.0	Inf
HG2abcpp	12ppd__S_c	-0.0	0.0	0.0	Inf	Inf
HG2abcpp	5drib_c	-0.0	-999.9998068897336	0.0001931102664018967	-0.0	0.0
HG2abcpp	5mta_c	-0.0	-0.09373057370419247	0.0	-0.0	Inf
HG2abcpp	23dhacoa_c	-0.0	-0.000494362282779548	0.0	-0.0	Inf
HG2abcpp	5mtr_c	-0.0	-7.077911754527822	0.0	-0.0	Inf
HG2abcpp	3amac_c	-0.0	-3.3835125956359327	0.0	-0.0	Inf
HG2abcpp	LalaDgluMdap_c	-0.0	-0.02384954703455958	0.0	-0.0	Inf
HG2abcpp	ac_c	-0.0	-0.5898259795439857	0.500006251375675	-0.0	0.0
HG2abcpp	acald_c	-0.0	0.0	0.41430766477174696	Inf	0.0
HG2abcpp	acetol_c	-0.0	0.0	0.0	Inf	Inf
HG2abcpp	acgam_c	-0.0	-0.0810960126746997	0.0	-0.0	Inf
HG2abcpp	acgam6p_c	-0.0	-0.0810960126746997	0.0	-0.0	Inf
HG2abcpp	acmalt_c	0.0	0.0	0.0	Inf	Inf
HG2abcpp	acmana_c	-0.0	-0.0810960126746997	0.0	-0.0	Inf
HG2abcpp	2dmmq8_c	-0.0	0.0	0.0	Inf	Inf
HG2abcpp	2dmmql8_c	0.0	0.0	0.0	Inf	Inf
HG2abcpp	ade_c	-0.0	-0.09373057370419247	0.0005776142635378755	-0.0	0.0
HG2abcpp	adn_c	-0.0	0.0	0.0005776142635378755	Inf	0.0
HG2abcpp	3sala_c	0.0	0.0	0.0	Inf	Inf
HG2abcpp	adphep_DD_c	-0.0	0.0	0.0	Inf	Inf
HG2abcpp	adphep_LD_c	-0.0	0.0	0.0	Inf	Inf
HG2abcpp	4ahmmp_c	0.0	0.0	0.0	Inf	Inf
HG2abcpp	4crsol_c	-0.0	-999.9998086062693	0.0001913937307005465	-0.0	0.0
HG2abcpp	2ohph_c	-0.0	-0.0001913937307005465	0.014469761634936283	-0.0	0.0
HG2abcpp	2ombzl_c	-0.0	0.0	0.0	Inf	Inf
HG2abcpp	2omhmbl_c	-0.0	0.0	0.0	Inf	Inf
HG2abcpp	2ommbl_c	-0.0	0.0	0.0	Inf	Inf
HG2abcpp	2omph_c	-0.0	0.0	0.013038584183568147	Inf	0.0
HG2abcpp	4mhetz_c	0.0	0.0	0.0	Inf	Inf
HG2abcpp	2oph_c	-0.0	-0.0001913937307005465	0.014531908070018331	-0.0	0.0
HG2abcpp	2oxpaccoa_c	-0.0	-0.000494362282779548	0.0	-0.0	Inf
HG2abcpp	all__D_c	-0.0	-0.11796519590879709	0.0	-0.0	Inf
HG2abcpp	alltn_c	-0.0	-0.372521671290938	0.0	-0.0	Inf
HG2abcpp	4r5au_c	-0.0	-0.0003827874620583316	0.08055982370561747	-0.0	0.0
HG2abcpp	56dura_c	0.0	0.0	0.0	Inf	Inf
HG2abcpp	arab__L_c	-0.0	-0.14155823509055648	0.0	-0.0	Inf
HG2abcpp	etoh_c	-0.0	-1000.0	0.0	-0.0	Inf
HG2abcpp	csn_c	-0.0	0.0	0.15526494552716485	Inf	0.0
HG2abcpp	fald_c	-0.0	0.0	0.0	Inf	Inf
HG2abcpp	fc1p_c	-0.0	-0.1141598670085133	0.0	-0.0	Inf
HG2abcpp	fcl__L_c	-0.0	0.0	0.0	Inf	Inf
HG2abcpp	aso4_c	0.0	0.0	0.0	Inf	Inf
HG2abcpp	cyan_c	0.0	0.0	0.0	Inf	Inf
HG2abcpp	athtp_c	0.0	0.0	0.0	Inf	Inf
HG2abcpp	cytd_c	-0.0	0.0	0.0	Inf	Inf
HG2abcpp	dad_2_c	-0.0	0.0	0.0	Inf	Inf
HG2abcpp	dad_5_c	-0.0	-0.09373057370419247	0.0001931102664018967	-0.0	0.0
HG2abcpp	betald_c	0.0	0.0	0.0	Inf	Inf
HG2abcpp	btal_c	-0.0	-1.4155823509055643	0.0	-0.0	Inf
HG2abcpp	for_c	-0.0	-0.09373057370419247	0.0021053310396404036	-0.0	0.0
HG2abcpp	dcyt_c	-0.0	0.0	0.0	Inf	Inf
HG2abcpp	fru_c	-0.0	-0.11796519590879709	0.15737267886678763	-0.0	0.0
HG2abcpp	ca2_c	-0.0	-0.004467284162728902	7.077911754527822	-0.0	0.0
HG2abcpp	g3pe_c	-0.0	0.0	0.0	Inf	Inf
HG2abcpp	g3pi_c	0.0	0.0	0.0	Inf	Inf
HG2abcpp	cbm_c	-0.0	-3.538955877263911	0.0	-0.0	Inf
HG2abcpp	dha_c	-0.0	-0.23593039181759418	0.0	-0.0	Inf
HG2abcpp	gal_c	-0.0	0.0	0.0	Inf	Inf
HG2abcpp	dhgly_c	-0.0	-0.0001913937307005465	0.059014754575045354	-0.0	0.0
HG2abcpp	dhmptp_c	0.0	0.0	0.0	Inf	Inf
HG2abcpp	gcald_c	-0.0	-0.3217232615694465	0.0005741811920643158	-0.0	0.0
HG2abcpp	dhptd_c	-0.0	-47.43614135920785	0.00038450399713597884	-0.0	0.0
HG2abcpp	cechddd_c	-0.0	0.0	0.0	Inf	Inf
HG2abcpp	dhptdn_c	0.0	0.0	0.0	Inf	Inf
HG2abcpp	chol_c	0.0	0.0	0.0	Inf	Inf
HG2abcpp	chtbs6p_c	-0.0	0.0	0.0	Inf	Inf
HG2abcpp	dmbzid_c	0.0	0.0	0.0	Inf	Inf
HG2abcpp	dms_c	0.0	0.0	0.0	Inf	Inf
HG2abcpp	dmso_c	0.0	0.0	0.0	Inf	Inf
HG2abcpp	cl_c	-0.0	-0.004467284162728902	14.155823509055644	-0.0	0.0
HG2abcpp	glc__D_c	-0.0	-0.11796519590879709	0.15737267886678763	-0.0	0.0
HG2abcpp	co2_c	-0.0	-975.2305100259239	24.769489974076123	-0.0	0.0
HG2abcpp	dscl_c	-0.0	-0.0001913937307005465	0.017117264396134573	-0.0	0.0
HG2abcpp	dtdp4aaddg_c	-0.0	0.0	0.0	Inf	Inf
HG2abcpp	glyald_c	-0.0	-1000.0	0.0	-0.0	Inf
HG2abcpp	crn_c	-0.0	-7.077911754527822	0.0	-0.0	Inf
HG2abcpp	duri_c	-0.0	-0.02245743658079391	0.0	-0.0	Inf
HG2abcpp	glyb_c	0.0	0.0	0.0	Inf	Inf
HG2abcpp	glyc_c	-0.0	-0.1193232627436573	0.0	-0.0	Inf
HG2abcpp	dxyl_c	0.0	0.0	0.0	Inf	Inf
HG2abcpp	glycogen_c	-0.0	-0.11059237116449724	0.0	-0.0	Inf
HG2abcpp	gmhep1p_c	-0.0	0.0	0.12848782008744053	Inf	0.0
HG2abcpp	lipa_cold_c	-0.0	0.0	0.0	Inf	Inf
HG2abcpp	lipidA_c	-0.0	-0.008548202602086745	0.010639976715836268	-0.0	0.0
HG2abcpp	malt_c	0.0	0.0	0.0	Inf	Inf
HG2abcpp	h2_c	-0.0	0.0	0.0	Inf	Inf
HG2abcpp	malthx_c	-0.0	0.0	0.0	Inf	Inf
HG2abcpp	maltpt_c	-0.0	0.0	0.0	Inf	Inf
HG2abcpp	malttr_c	-0.0	0.0	0.0	Inf	Inf
HG2abcpp	maltttr_c	-0.0	0.0	0.0	Inf	Inf
HG2abcpp	h2o2_c	-0.0	-0.001204149794498838	2.0301075573815592	-0.0	0.0
HG2abcpp	man_c	-0.0	-0.11796519590879709	0.0	-0.0	Inf
HG2abcpp	mdhdhf_c	-0.0	-47.43614135920785	0.00038450399713597884	-0.0	0.0
HG2abcpp	melib_c	-0.0	0.0	0.0	Inf	Inf
HG2abcpp	meoh_c	-0.0	-999.9999982834643	1.7165357348858379e-06	-0.0	0.0
HG2abcpp	pacald_c	-0.0	-7.077911754527822	0.0	-0.0	Inf
HG2abcpp	metsox_S__L_c	-0.0	-0.07149405812654366	0.0	-0.0	Inf
HG2abcpp	mg2_c	-0.0	-0.0074454736046064614	3.538955877263911	-0.0	0.0
HG2abcpp	hhlipa_c	-0.0	0.0	0.0	Inf	Inf
HG2abcpp	pe120_c	-0.0	0.0	0.0	Inf	Inf
HG2abcpp	mobd_c	-0.0	-0.00011071655273708743	2.53763444672695	-0.0	0.0
HG2abcpp	hlipa_c	-0.0	0.0	0.0	Inf	Inf
HG2abcpp	pg120_c	-0.0	-0.02045639235412666	0.0	-0.0	Inf
HG2abcpp	mql8_c	0.0	0.0	0.0	Inf	Inf
HG2abcpp	mqn8_c	-0.0	0.0	0.0	Inf	Inf
HG2abcpp	mthgxl_c	-0.0	-0.283116470181113	0.0	-0.0	Inf
HG2abcpp	hqn_c	0.0	0.0	0.0	Inf	Inf
HG2abcpp	mththf_c	-0.0	-999.9996154960029	0.00038450399713597884	-0.0	0.0
HG2abcpp	n2o_c	-0.0	-1000.0	0.0	-0.0	Inf
HG2abcpp	na1_c	-0.0	0.0	0.0	Inf	Inf
HG2abcpp	nac_c	-0.0	0.0	0.0	Inf	Inf
HG2abcpp	ncam_c	-0.0	0.0	0.0	Inf	Inf
HG2abcpp	ni2_c	-0.0	-0.0002772205157270946	999.9997227794843	-0.0	0.0
HG2abcpp	no_c	-0.0	-1000.0	0.0	-0.0	Inf
HG2abcpp	indole_c	-0.0	-0.0487865194359245	0.09442360732007259	-0.0	0.0
HG2abcpp	no2_c	-0.0	-7.077911754527822	0.0	-0.0	Inf
HG2abcpp	no3_c	0.0	0.0	0.0	Inf	Inf
HG2abcpp	inost_c	0.0	0.0	0.0	Inf	Inf
HG2abcpp	o2_c	-0.0	-22.938027057911764	977.0619729420882	-0.0	0.0
HG2abcpp	poaac_c	-0.0	-1.1278375318786442	0.0	-0.0	Inf
HG2abcpp	ppal_c	-0.0	0.0	0.0	Inf	Inf
HG2abcpp	k_c	-0.0	-0.16752787657682408	10.1505377869078	-0.0	0.0
HG2abcpp	psclys_c	-0.0	0.0	0.0	Inf	Inf
HG2abcpp	lald__D_c	-0.0	0.0	0.0	Inf	Inf
HG2abcpp	lald__L_c	-0.0	-0.26214487979732687	0.0	-0.0	Inf
HG2abcpp	ura_c	-0.0	0.0	0.0	Inf	Inf
HG2abcpp	pydx_c	-0.0	0.0	0.001204149794498838	Inf	0.0
HG2abcpp	uracp_c	-0.0	-1.2688172233634747	0.0	-0.0	Inf
HG2abcpp	pydxn_c	-0.0	0.0	0.10856190146425458	Inf	0.0
HG2abcpp	urate_c	-0.0	-0.001204149794498838	0.0	-0.0	Inf
HG2abcpp	q8_c	0.0	0.0	0.0	Inf	Inf
HG2abcpp	q8h2_c	-0.0	0.0	0.0	Inf	Inf
HG2abcpp	urea_c	-0.0	0.0	0.5149999999977357	Inf	0.0
HG2abcpp	uri_c	-0.0	0.0	0.0	Inf	Inf
HG2abcpp	rbflvrd_c	-0.0	0.0	0.04282927336248017	Inf	0.0
HG2abcpp	rbl__L_c	-0.0	-0.14155823509055648	0.0	-0.0	Inf
HG2abcpp	rdmbzi_c	0.0	0.0	0.0	Inf	Inf
HG2abcpp	thptdn_c	0.0	0.0	0.0	Inf	Inf
HG2abcpp	xan_c	-0.0	0.0	0.0	Inf	Inf
HG2abcpp	rephaccoa_c	-0.0	-0.000494362282779548	0.0	-0.0	Inf
HG2abcpp	rib__D_c	-0.0	0.0	0.18797292197977414	Inf	0.0
HG2abcpp	xtsn_c	-0.0	0.0	0.0	Inf	Inf
HG2abcpp	rml_c	-0.0	-0.12417389043031272	0.0	-0.0	Inf
HG2abcpp	thym_c	-0.0	-10.1505377869078	0.0	-0.0	Inf
HG2abcpp	thymd_c	-0.0	-0.02245743658079391	0.0	-0.0	Inf
HG2abcpp	xu5p__L_c	-0.0	-0.1286893046277786	0.0	-0.0	Inf
HG2abcpp	rmn_c	-0.0	-0.12417389043031272	0.0	-0.0	Inf
HG2abcpp	xyl__D_c	0.0	0.0	0.0	Inf	Inf
HG2abcpp	tmao_c	0.0	0.0	0.0	Inf	Inf
HG2abcpp	xylu__D_c	-0.0	0.0	0.0	Inf	Inf
HG2abcpp	xylu__L_c	-0.0	-0.14155823509055648	0.0	-0.0	Inf
HG2abcpp	12ppd__R_e	-0.0	-1000.0	0.0	-0.0	Inf
HG2abcpp	12ppd__S_e	-0.0	-1000.0	0.0	-0.0	Inf
HG2abcpp	tre_c	-0.0	-0.058982597954398544	0.0	-0.0	Inf
HG2abcpp	seln_c	0.0	0.0	0.0	Inf	Inf
HG2abcpp	34dhpac_e	-0.0	-1000.0	0.0	-0.0	Inf
HG2abcpp	slnt_c	0.0	0.0	0.0	Inf	Inf
HG2abcpp	so2_c	0.0	0.0	0.0	Inf	Inf
HG2abcpp	so3_c	-0.0	-0.21274056868334548	0.5639187659393221	-0.0	0.0
HG2abcpp	so4_c	-0.0	-0.21646373461953772	10.1505377869078	-0.0	0.0
HG2abcpp	4hoxpacd_e	-0.0	-1000.0	0.0	-0.0	Inf
HG2abcpp	5mtr_e	-0.0	-1000.0	0.0	-0.0	Inf
HG2abcpp	LalaDgluMdap_e	-0.0	-1000.0	0.0	-0.0	Inf
HG2abcpp	ac_e	-0.0	0.0	0.0	Inf	Inf
HG2abcpp	acald_e	-0.0	-1000.0	0.0	-0.0	Inf
HG2abcpp	acgal_e	-0.0	-1000.0	0.0	-0.0	Inf
HG2abcpp	acgam_e	-0.0	-1000.0	0.0	-0.0	Inf
HG2abcpp	acmana_e	-0.0	-1000.0	0.0	-0.0	Inf
HG2abcpp	tagur_c	-0.0	0.0	0.0	Inf	Inf
HG2abcpp	tartr__L_c	-0.0	-0.26214487979732687	0.0	-0.0	Inf
HG2abcpp	ade_e	-0.0	-1000.0	0.0	-0.0	Inf
HG2abcpp	adn_e	-0.0	-1000.0	0.0	-0.0	Inf
HG2abcpp	all__D_e	-0.0	-1000.0	0.0	-0.0	Inf
HG2abcpp	cl_e	-0.0	-0.004467284162728902	999.9955327158373	-0.0	0.0
HG2abcpp	alltn_e	-0.0	0.0	0.0	Inf	Inf
HG2abcpp	cm_e	-0.0	-1000.0	0.0	-0.0	Inf
HG2abcpp	co2_e	-0.0	-975.2305100259239	24.769489974076123	-0.0	0.0
HG2abcpp	arab__L_e	-0.0	-1000.0	0.0	-0.0	Inf
HG2abcpp	arbt_e	-0.0	-1000.0	0.0	-0.0	Inf
HG2abcpp	unagamu_c	-0.0	0.0	0.009869263769477686	Inf	0.0
HG2abcpp	crn_e	-0.0	-1000.0	0.0	-0.0	Inf
HG2abcpp	csn_e	-0.0	-1000.0	0.0	-0.0	Inf
HG2abcpp	cyan_e	-0.0	-1000.0	0.0	-0.0	Inf
HG2abcpp	glyb_e	-0.0	-1000.0	0.0	-0.0	Inf
HG2abcpp	glyc_e	-0.0	-1000.0	0.0	-0.0	Inf
HG2abcpp	cytd_e	-0.0	-1000.0	0.0	-0.0	Inf
HG2abcpp	ca2_e	-0.0	-0.004467284162728902	999.9955327158373	-0.0	0.0
HG2abcpp	dad_2_e	-0.0	-1000.0	0.0	-0.0	Inf
HG2abcpp	dcyt_e	-0.0	-1000.0	0.0	-0.0	Inf
HG2abcpp	chol_e	-0.0	-1000.0	0.0	-0.0	Inf
HG2abcpp	dha_e	-0.0	-1000.0	0.0	-0.0	Inf
HG2abcpp	ppal_e	-0.0	-1000.0	0.0	-0.0	Inf
HG2abcpp	h2_e	-0.0	-1000.0	0.0	-0.0	Inf
HG2abcpp	dms_e	-0.0	-1000.0	0.0	-0.0	Inf
HG2abcpp	dmso_e	-0.0	-1000.0	0.0	-0.0	Inf
HG2abcpp	h2o2_e	-0.0	-1000.0	0.0	-0.0	Inf
HG2abcpp	psclys_e	-0.0	-1000.0	0.0	-0.0	Inf
HG2abcpp	duri_e	-0.0	-1000.0	0.0	-0.0	Inf
HG2abcpp	pydx_e	-0.0	-1000.0	0.0	-0.0	Inf
HG2abcpp	pydxn_e	-0.0	-1000.0	0.0	-0.0	Inf
HG2abcpp	etoh_e	-0.0	-1000.0	0.0	-0.0	Inf
HG2abcpp	fald_e	-0.0	0.0	0.0	Inf	Inf
HG2abcpp	rib__D_e	-0.0	-1000.0	0.0	-0.0	Inf
HG2abcpp	rmn_e	-0.0	-1000.0	0.0	-0.0	Inf
HG2abcpp	indole_e	-0.0	-1000.0	0.0	-0.0	Inf
HG2abcpp	inost_e	-0.0	-1000.0	0.0	-0.0	Inf
HG2abcpp	sbt__D_e	-0.0	-0.11059237116449724	0.0	-0.0	Inf
HG2abcpp	k_e	-0.0	-0.1675278765768553	999.8324721234231	-0.0	0.0
HG2abcpp	for_e	-0.0	0.0	0.0021053310396404036	Inf	0.0
HG2abcpp	slnt_e	-0.0	0.0	1000.0	Inf	0.0
HG2abcpp	fru_e	-0.0	-1000.0	0.0	-0.0	Inf
HG2abcpp	so2_e	-0.0	-1000.0	0.0	-0.0	Inf
HG2abcpp	so3_e	-0.0	-1000.0	0.0	-0.0	Inf
HG2abcpp	so4_e	-0.0	-0.21646373461953772	999.7835362653805	-0.0	0.0
HG2abcpp	lipa_cold_e	-0.0	-1000.0	0.0	-0.0	Inf
HG2abcpp	sucr_e	-0.0	-1000.0	0.0	-0.0	Inf
HG2abcpp	g3pe_e	-0.0	-1000.0	0.0	-0.0	Inf
HG2abcpp	malt_e	-0.0	-1000.0	0.0	-0.0	Inf
HG2abcpp	tartr__L_e	-0.0	-1000.0	0.0	-0.0	Inf
HG2abcpp	g3pi_e	-0.0	-1000.0	0.0	-0.0	Inf
HG2abcpp	malthx_e	-0.0	-1000.0	0.0	-0.0	Inf
HG2abcpp	maltpt_e	-0.0	-1000.0	0.0	-0.0	Inf
HG2abcpp	gal_e	-0.0	-1000.0	0.0	-0.0	Inf
HG2abcpp	gal_bD_e	-0.0	-1000.0	0.0	-0.0	Inf
HG2abcpp	malttr_e	-0.0	-1000.0	0.0	-0.0	Inf
HG2abcpp	maltttr_e	-0.0	-1000.0	0.0	-0.0	Inf
HG2abcpp	man_e	-0.0	-1000.0	0.0	-0.0	Inf
HG2abcpp	thym_e	-0.0	-1000.0	0.0	-0.0	Inf
HG2abcpp	thymd_e	-0.0	-1000.0	0.0	-0.0	Inf
HG2abcpp	galt_e	-0.0	-0.11059237116449724	0.0	-0.0	Inf
HG2abcpp	melib_e	-0.0	-1000.0	0.0	-0.0	Inf
HG2abcpp	meoh_e	-0.0	-999.9999982834643	1.7165357348858379e-06	-0.0	0.0
HG2abcpp	tmao_e	-0.0	-1000.0	0.0	-0.0	Inf
HG2abcpp	tre_e	-0.0	-1000.0	0.0	-0.0	Inf
HG2abcpp	metsox_S__L_e	-0.0	-1000.0	0.0	-0.0	Inf
HG2abcpp	glc__D_e	-0.0	-0.11996460600894616	0.15985098877020157	-0.0	0.0
HG2abcpp	mg2_e	-0.0	-0.007445473604661856	999.9925545263953	-0.0	0.0
HG2abcpp	mnl_e	-0.0	-1000.0	0.0	-0.0	Inf
HG2abcpp	mobd_e	-0.0	-0.00011071655274008663	999.9998892834473	-0.0	0.0
HG2abcpp	glyald_e	-0.0	-1000.0	0.0	-0.0	Inf
HG2abcpp	n2o_e	-0.0	-1000.0	0.0	-0.0	Inf
HG2abcpp	na1_e	-0.0	0.0	1000.0	Inf	0.0
HG2abcpp	nac_e	-0.0	-1000.0	0.0	-0.0	Inf
HG2abcpp	ni2_e	-0.0	-0.0002772205157270946	999.9997227794843	-0.0	0.0
HG2abcpp	no_e	-0.0	-1000.0	0.0	-0.0	Inf
HG2abcpp	no2_e	-0.0	-1000.0	0.0	-0.0	Inf
HG2abcpp	ura_e	-0.0	-1000.0	0.0	-0.0	Inf
HG2abcpp	no3_e	-0.0	-1000.0	0.0	-0.0	Inf
HG2abcpp	urea_e	-0.0	-1000.0	0.0	-0.0	Inf
HG2abcpp	novbcn_e	-0.0	-1000.0	0.0	-0.0	Inf
HG2abcpp	uri_e	-0.0	-1000.0	0.0	-0.0	Inf
HG2abcpp	o2_e	-0.0	-22.938027057911768	977.0619729420882	-0.0	0.0
HG2abcpp	xan_e	-0.0	0.0	0.0	Inf	Inf
HG2abcpp	xtsn_e	-0.0	-1000.0	0.0	-0.0	Inf
HG2abcpp	xyl__D_e	-0.0	-1000.0	0.0	-0.0	Inf
HG2abcpp	xylu__L_e	-0.0	-1000.0	0.0	-0.0	Inf
HG2abcpp	pacald_e	-0.0	-1000.0	0.0	-0.0	Inf
HG2abcpp	12dgr120_p	-0.0	0.0	0.0	Inf	Inf
HG2abcpp	12dgr140_p	-0.0	0.0	0.0	Inf	Inf
HG2abcpp	12dgr160_p	-0.0	-0.01673265190195703	0.0	-0.0	Inf
HG2abcpp	12dgr180_p	-0.0	0.0	0.0	Inf	Inf
HG2abcpp	12ppd__R_p	-0.0	-1000.0	0.0	-0.0	Inf
HG2abcpp	12ppd__S_p	-0.0	0.0	0.0	Inf	Inf
HG2abcpp	chol_p	-0.0	-1000.0	0.0	-0.0	Inf
HG2abcpp	cl_p	-0.0	-0.004467284162728902	999.9955327158373	-0.0	0.0
HG2abcpp	34dhpac_p	-0.0	-1000.0	0.0	-0.0	Inf
HG2abcpp	cm_p	-0.0	0.0	0.0	Inf	Inf
HG2abcpp	4hoxpacd_p	-0.0	-1000.0	0.0	-0.0	Inf
HG2abcpp	co2_p	-0.0	-975.2305100259239	24.769489974076123	-0.0	0.0
HG2abcpp	5mtr_p	-0.0	-1000.0	0.0	-0.0	Inf
HG2abcpp	LalaDgluMdap_p	-0.0	-0.02384954703455958	0.0	-0.0	Inf
HG2abcpp	gal_p	-0.0	-1000.0	0.0	-0.0	Inf
HG2abcpp	ac_p	-0.0	-0.6434465231388935	0.0	-0.0	Inf
HG2abcpp	crn_p	-0.0	-1000.0	0.0	-0.0	Inf
HG2abcpp	gal_bD_p	-0.0	-1000.0	0.0	-0.0	Inf
HG2abcpp	acald_p	-0.0	-1000.0	0.0	-0.0	Inf
HG2abcpp	acgal_p	-0.0	-1000.0	0.0	-0.0	Inf
HG2abcpp	csn_p	-0.0	0.0	0.0	Inf	Inf
HG2abcpp	acgam_p	-0.0	-1000.0	0.0	-0.0	Inf
HG2abcpp	galt_p	-0.0	-0.11059237116449724	0.0	-0.0	Inf
HG2abcpp	acmana_p	-0.0	-1000.0	0.0	-0.0	Inf
HG2abcpp	cyan_p	-0.0	0.0	0.0	Inf	Inf
HG2abcpp	ade_p	-0.0	-1000.0	0.0	-0.0	Inf
HG2abcpp	adn_p	-0.0	0.0	0.0005776142635378755	Inf	0.0
HG2abcpp	cytd_p	-0.0	0.0	0.0	Inf	Inf
HG2abcpp	glc__D_p	-0.0	-0.11996460600894616	0.15985098877020157	-0.0	0.0
HG2abcpp	dad_2_p	-0.0	-1000.0	0.0	-0.0	Inf
HG2abcpp	dcyt_p	-0.0	-1000.0	0.0	-0.0	Inf
HG2abcpp	all__D_p	-0.0	0.0	0.0	Inf	Inf
HG2abcpp	alltn_p	-0.0	0.0	0.0	Inf	Inf
HG2abcpp	dha_p	-0.0	-1000.0	0.0	-0.0	Inf
HG2abcpp	glyald_p	-0.0	-1000.0	0.0	-0.0	Inf
HG2abcpp	glyb_p	0.0	0.0	0.0	Inf	Inf
HG2abcpp	dms_p	-0.0	-1000.0	0.0	-0.0	Inf
HG2abcpp	glyc_p	-0.0	-0.1193232627436573	0.0	-0.0	Inf
HG2abcpp	dmso_p	-0.0	-1000.0	0.0	-0.0	Inf
HG2abcpp	arab__L_p	-0.0	0.0	0.0	Inf	Inf
HG2abcpp	arbt_p	0.0	0.0	0.0	Inf	Inf
HG2abcpp	ca2_p	-0.0	-0.004467284162728902	999.9955327158373	-0.0	0.0
HG2abcpp	duri_p	-0.0	-1000.0	0.0	-0.0	Inf
HG2abcpp	h2_p	-0.0	-1000.0	0.0	-0.0	Inf
HG2abcpp	h2o2_p	-0.0	-1000.0	0.0	-0.0	Inf
HG2abcpp	etoh_p	-0.0	-1000.0	0.0	-0.0	Inf
HG2abcpp	fald_p	-0.0	0.0	0.0	Inf	Inf
HG2abcpp	n2o_p	-0.0	-1000.0	0.0	-0.0	Inf
HG2abcpp	na1_p	-0.0	0.0	0.0	Inf	Inf
HG2abcpp	indole_p	-0.0	0.0	0.09531021396157563	Inf	0.0
HG2abcpp	nac_p	-0.0	-1000.0	0.0	-0.0	Inf
HG2abcpp	ni2_p	-0.0	-0.0002772205157270946	999.9997227794843	-0.0	0.0
HG2abcpp	inost_p	-0.0	-1000.0	0.0	-0.0	Inf
HG2abcpp	no_p	-0.0	-1000.0	0.0	-0.0	Inf
HG2abcpp	no2_p	-0.0	-1000.0	0.0	-0.0	Inf
HG2abcpp	for_p	-0.0	0.0	0.0021053310396404036	Inf	0.0
HG2abcpp	fru_p	-0.0	-1000.0	0.0	-0.0	Inf
HG2abcpp	no3_p	-0.0	0.0	0.0	Inf	Inf
HG2abcpp	k_p	-0.0	-0.1675278765768553	999.8324721234231	-0.0	0.0
HG2abcpp	novbcn_p	-0.0	0.0	0.0	Inf	Inf
HG2abcpp	o2_p	-0.0	-22.938027057911768	977.0619729420882	-0.0	0.0
HG2abcpp	lipa_cold_p	-0.0	-2.53763444672695	0.0	-0.0	Inf
HG2abcpp	g3pe_p	-0.0	0.0	0.0	Inf	Inf
HG2abcpp	g3pi_p	-0.0	0.0	0.0	Inf	Inf
HG2abcpp	so3_p	-0.0	-1000.0	0.0	-0.0	Inf
HG2abcpp	so4_p	-0.0	-0.21646373461953772	999.7835362653805	-0.0	0.0
HG2abcpp	malt_p	0.0	0.0	0.0	Inf	Inf
HG2abcpp	malthx_p	0.0	0.0	0.0	Inf	Inf
HG2abcpp	maltpt_p	0.0	0.0	0.0	Inf	Inf
HG2abcpp	sucr_p	-0.0	-1000.0	0.0	-0.0	Inf
HG2abcpp	malttr_p	0.0	0.0	0.0	Inf	Inf
HG2abcpp	maltttr_p	0.0	0.0	0.0	Inf	Inf
HG2abcpp	pacald_p	-0.0	-1000.0	0.0	-0.0	Inf
HG2abcpp	man_p	-0.0	-1000.0	0.0	-0.0	Inf
HG2abcpp	tartr__L_p	-0.0	-1000.0	0.0	-0.0	Inf
HG2abcpp	pe120_p	-0.0	0.0	0.0	Inf	Inf
HG2abcpp	melib_p	-0.0	-1000.0	0.0	-0.0	Inf
HG2abcpp	meoh_p	-0.0	-999.9999982834643	1.7165357348858379e-06	-0.0	0.0
HG2abcpp	thym_p	-0.0	-1000.0	0.0	-0.0	Inf
HG2abcpp	thymd_p	-0.0	-0.02245743658079391	0.0	-0.0	Inf
HG2abcpp	pg120_p	-0.0	-0.02022260501293664	0.0	-0.0	Inf
HG2abcpp	metsox_S__L_p	-0.0	-1000.0	0.0	-0.0	Inf
HG2abcpp	tmao_p	-0.0	-1000.0	0.0	-0.0	Inf
HG2abcpp	mg2_p	-0.0	-0.0074454736046064614	999.9925545263953	-0.0	0.0
HG2abcpp	tre_p	-0.0	0.0	0.0	Inf	Inf
HG2abcpp	mnl_p	-0.0	0.0	0.0	Inf	Inf
HG2abcpp	mobd_p	-0.0	-0.00011071655274008663	999.9998892834473	-0.0	0.0
HG2abcpp	ura_p	-0.0	-1000.0	0.0	-0.0	Inf
HG2abcpp	urea_p	-0.0	0.0	0.5149999999977357	Inf	0.0
HG2abcpp	uri_p	-0.0	0.0	0.0	Inf	Inf
HG2abcpp	xan_p	-0.0	0.0	0.0	Inf	Inf
HG2abcpp	xtsn_p	-0.0	0.0	0.0	Inf	Inf
HG2abcpp	xyl__D_p	-0.0	0.0	0.0	Inf	Inf
HG2abcpp	xylu__L_p	-0.0	-1000.0	0.0	-0.0	Inf
HG2abcpp	ppal_p	-0.0	-1000.0	0.0	-0.0	Inf
HG2abcpp	psclys_p	-0.0	-1000.0	0.0	-0.0	Inf
HG2abcpp	pydx_p	-0.0	0.0	0.0	Inf	Inf
HG2abcpp	pydxn_p	-0.0	0.0	0.0	Inf	Inf
HG2abcpp	rib__D_p	-0.0	-1000.0	0.0	-0.0	Inf
HG2abcpp	rmn_p	-0.0	-1000.0	0.0	-0.0	Inf
HG2abcpp	sbt__D_p	-0.0	-0.11059237116449724	0.0	-0.0	Inf
HG2abcpp	slnt_p	-0.0	0.0	0.0	Inf	Inf
HG2abcpp	so2_p	-0.0	-1000.0	0.0	-0.0	Inf
