Reaction	Metabolite	ShadowPrice	G-	G+	DecrementalShadowPrice	IncrementalShadowPrice
FUCtex_f	12dgr120_c	-0.0	0.0	0.0	Inf	Inf
FUCtex_f	12dgr140_c	-0.0	0.0	0.0	Inf	Inf
FUCtex_f	12dgr160_c	-0.0	0.0	0.06282275564615188	Inf	0.0
FUCtex_f	12dgr180_c	-0.0	0.0	0.0	Inf	Inf
FUCtex_f	12ppd__R_c	-0.0	-1000.0	0.0	-0.0	Inf
FUCtex_f	12ppd__S_c	-0.0	-1000.0	0.0	-0.0	Inf
FUCtex_f	5drib_c	-0.0	-999.9999027300723	9.726992765822901e-05	-0.0	0.0
FUCtex_f	5mta_c	-0.0	0.0	0.0	Inf	Inf
FUCtex_f	23dhacoa_c	-0.0	-0.000251244298851816	0.0	-0.0	Inf
FUCtex_f	5mtr_c	-0.0	0.0	0.0	Inf	Inf
FUCtex_f	3amac_c	-0.0	-4.007793200857812	0.0	-0.0	Inf
FUCtex_f	LalaDgluMdap_c	-0.0	-0.012120792599851426	0.0	-0.0	Inf
FUCtex_f	ac_c	-0.0	-0.638939775513207	0.2541109250943069	-0.0	0.0
FUCtex_f	acald_c	-0.0	0.0	1.2632467621820802	Inf	0.0
FUCtex_f	acetol_c	-0.0	0.0	0.0	Inf	Inf
FUCtex_f	acgam_c	-0.0	-0.04121453329399749	0.0	-0.0	Inf
FUCtex_f	acgam6p_c	-0.0	-0.04121453329399749	0.0	-0.0	Inf
FUCtex_f	acmalt_c	0.0	0.0	0.0	Inf	Inf
FUCtex_f	acmana_c	-0.0	-0.04121453329399749	0.0	-0.0	Inf
FUCtex_f	2dmmq8_c	-0.0	0.0	0.0	Inf	Inf
FUCtex_f	2dmmql8_c	0.0	0.0	0.0	Inf	Inf
FUCtex_f	ade_c	-0.0	-0.048703009165365095	0.000291809782974687	-0.0	0.0
FUCtex_f	adn_c	-0.0	0.0	0.000291809782974687	Inf	0.0
FUCtex_f	3sala_c	0.0	0.0	0.0	Inf	Inf
FUCtex_f	adphep_DD_c	-0.0	0.0	0.0	Inf	Inf
FUCtex_f	adphep_LD_c	-0.0	0.0	0.0	Inf	Inf
FUCtex_f	4ahmmp_c	0.0	0.0	0.0	Inf	Inf
FUCtex_f	4crsol_c	-0.0	-999.9999027300723	9.726992765822901e-05	-0.0	0.0
FUCtex_f	2ohph_c	-0.0	-9.726992765822901e-05	0.04472739732127939	-0.0	0.0
FUCtex_f	2ombzl_c	-0.0	0.0	0.0	Inf	Inf
FUCtex_f	2omhmbl_c	-0.0	0.0	0.0	Inf	Inf
FUCtex_f	2ommbl_c	0.0	0.0	0.0	Inf	Inf
FUCtex_f	2omph_c	-0.0	0.0	0.04024117968208091	Inf	0.0
FUCtex_f	4mhetz_c	0.0	0.0	0.0	Inf	Inf
FUCtex_f	2oph_c	-0.0	-9.726992765822901e-05	0.04472739732127939	-0.0	0.0
FUCtex_f	2oxpaccoa_c	-0.0	-0.000251244298851816	0.0	-0.0	Inf
FUCtex_f	all__D_c	-0.0	-0.3194698877566035	0.0	-0.0	Inf
FUCtex_f	alltn_c	-0.0	-0.5725847204751062	0.0	-0.0	Inf
FUCtex_f	4r5au_c	-0.0	-0.00019453985577743256	0.27095727652601115	-0.0	0.0
FUCtex_f	56dura_c	0.0	0.0	0.0	Inf	Inf
FUCtex_f	arab__L_c	-0.0	-0.421912720757291	0.0	-0.0	Inf
FUCtex_f	etoh_c	-0.0	-1000.0	0.0	-0.0	Inf
FUCtex_f	csn_c	-0.0	0.0	0.07890859310907672	Inf	0.0
FUCtex_f	fald_c	-0.0	0.0	0.0	Inf	Inf
FUCtex_f	fc1p_c	-0.0	-0.4207604824644564	0.0	-0.0	Inf
FUCtex_f	fcl__L_c	-0.0	-0.572584720475107	0.0	-0.0	Inf
FUCtex_f	aso4_c	0.0	0.0	0.0	Inf	Inf
FUCtex_f	cyan_c	0.0	0.0	0.0	Inf	Inf
FUCtex_f	athtp_c	0.0	0.0	0.0	Inf	Inf
FUCtex_f	cytd_c	-0.0	0.0	0.07890859310907672	Inf	0.0
FUCtex_f	dad_2_c	-0.0	0.0	0.0	Inf	Inf
FUCtex_f	dad_5_c	-0.0	-0.048703009165365095	9.726992765822901e-05	-0.0	0.0
FUCtex_f	betald_c	0.0	0.0	0.0	Inf	Inf
FUCtex_f	btal_c	-0.0	-136.17998139989473	0.0	-0.0	Inf
FUCtex_f	for_c	-0.0	-4.007793200857815	0.001069969205755811	-0.0	0.0
FUCtex_f	dcyt_c	-0.0	0.0	0.0	Inf	Inf
FUCtex_f	fru_c	-0.0	-0.3194698877566035	0.48687635625767656	-0.0	0.0
FUCtex_f	ca2_c	-0.0	-0.002270358625423796	953.2598697992631	-0.0	0.0
FUCtex_f	g3pe_c	-0.0	0.0	0.0	Inf	Inf
FUCtex_f	g3pi_c	0.0	0.0	0.0	Inf	Inf
FUCtex_f	cbm_c	-0.0	-2.0038966004289076	0.0	-0.0	Inf
FUCtex_f	dha_c	-0.0	-0.638939775513207	0.9737527125153529	-0.0	0.0
FUCtex_f	gal_c	-0.0	0.0	0.0	Inf	Inf
FUCtex_f	dhgly_c	-0.0	-9.726992765822901e-05	0.1763778498141018	-0.0	0.0
FUCtex_f	dhmptp_c	0.0	0.0	0.0	Inf	Inf
FUCtex_f	gcald_c	-0.0	-0.5725847204751062	0.0002918097831070554	-0.0	0.0
FUCtex_f	dhptd_c	-0.0	-21.11482333732213	0.00019453985531645802	-0.0	0.0
FUCtex_f	cechddd_c	-0.0	0.0	0.0	Inf	Inf
FUCtex_f	dhptdn_c	0.0	0.0	0.0	Inf	Inf
FUCtex_f	chol_c	0.0	0.0	0.0	Inf	Inf
FUCtex_f	chtbs6p_c	-0.0	0.0	0.0	Inf	Inf
FUCtex_f	dmbzid_c	0.0	0.0	0.0	Inf	Inf
FUCtex_f	dms_c	0.0	0.0	0.0	Inf	Inf
FUCtex_f	dmso_c	0.0	0.0	0.0	Inf	Inf
FUCtex_f	cl_c	-0.0	-0.0022703586253860182	999.9977296413746	-0.0	0.0
FUCtex_f	glc__D_c	-0.0	-0.3194698877566035	0.48687635625767656	-0.0	0.0
FUCtex_f	co2_c	-0.0	-987.9047826604872	12.094147370307041	-0.0	0.0
FUCtex_f	dscl_c	-0.0	-9.726992765822901e-05	0.05147591431799225	-0.0	0.0
FUCtex_f	dtdp4aaddg_c	-0.0	0.0	0.0	Inf	Inf
FUCtex_f	glyald_c	-0.0	-1000.0	0.0	-0.0	Inf
FUCtex_f	crn_c	-0.0	-953.2598697992631	0.0	-0.0	Inf
FUCtex_f	duri_c	-0.0	0.0	0.0	Inf	Inf
FUCtex_f	glyb_c	0.0	0.0	0.0	Inf	Inf
FUCtex_f	glyc_c	-0.0	-0.060642347544700735	0.0	-0.0	Inf
FUCtex_f	dxyl_c	0.0	0.0	0.0	Inf	Inf
FUCtex_f	glycogen_c	-0.0	-0.3194698877566035	0.0	-0.0	Inf
FUCtex_f	gmhep1p_c	-0.0	0.0	0.3862820677746853	Inf	0.0
FUCtex_f	lipa_cold_c	-0.0	0.0	0.0	Inf	Inf
FUCtex_f	lipidA_c	-0.0	-0.008486474047140265	0.033102075212986526	-0.0	0.0
FUCtex_f	malt_c	0.0	0.0	0.0	Inf	Inf
FUCtex_f	h2_c	-0.0	0.0	0.0	Inf	Inf
FUCtex_f	malthx_c	-0.0	0.0	0.0	Inf	Inf
FUCtex_f	maltpt_c	-0.0	0.0	0.0	Inf	Inf
FUCtex_f	malttr_c	-0.0	0.0	0.0	Inf	Inf
FUCtex_f	maltttr_c	-0.0	0.0	0.0	Inf	Inf
FUCtex_f	h2o2_c	-0.0	-0.0006119717865645197	3.4856116645077093	-0.0	0.0
FUCtex_f	man_c	-0.0	0.0	0.0	Inf	Inf
FUCtex_f	mdhdhf_c	-0.0	-21.11482333732213	0.00019453985531645802	-0.0	0.0
FUCtex_f	melib_c	-0.0	0.0	0.0	Inf	Inf
FUCtex_f	meoh_c	-0.0	-1000.0	0.0	-0.0	Inf
FUCtex_f	pacald_c	-0.0	-953.2598697992631	0.0	-0.0	Inf
FUCtex_f	metsox_S__L_c	-0.0	-0.048703009165365074	0.0	-0.0	Inf
FUCtex_f	mg2_c	-0.0	-0.00378393104231003	476.62993489963156	-0.0	0.0
FUCtex_f	hhlipa_c	-0.0	0.0	0.0	Inf	Inf
FUCtex_f	pe120_c	-0.0	0.0	0.0	Inf	Inf
FUCtex_f	mobd_c	-0.0	-5.62682540703463e-05	11.685032550184214	-0.0	0.0
FUCtex_f	hlipa_c	-0.0	0.0	0.0	Inf	Inf
FUCtex_f	pg120_c	-0.0	0.0	0.0	Inf	Inf
FUCtex_f	mql8_c	0.0	0.0	0.0	Inf	Inf
FUCtex_f	mqn8_c	-0.0	0.0	0.0	Inf	Inf
FUCtex_f	mthgxl_c	-0.0	0.0	0.0	Inf	Inf
FUCtex_f	hqn_c	0.0	0.0	0.0	Inf	Inf
FUCtex_f	mththf_c	-0.0	-999.9998054601447	0.00019453985531645802	-0.0	0.0
FUCtex_f	n2o_c	-0.0	-1000.0	0.0	-0.0	Inf
FUCtex_f	na1_c	-0.0	-46.74013020073686	0.0	-0.0	Inf
FUCtex_f	nac_c	-0.0	0.0	0.0	Inf	Inf
FUCtex_f	ncam_c	-0.0	0.0	0.0	Inf	Inf
FUCtex_f	ni2_c	-0.0	-0.00014088872929869046	999.9998591112707	-0.0	0.0
FUCtex_f	no_c	-0.0	-1000.0	0.0	-0.0	Inf
FUCtex_f	indole_c	-0.0	-0.024794235416487495	0.2815670494020299	-0.0	0.0
FUCtex_f	no2_c	-0.0	-953.2598697992631	0.0	-0.0	Inf
FUCtex_f	no3_c	0.0	0.0	0.0	Inf	Inf
FUCtex_f	inost_c	0.0	0.0	0.0	Inf	Inf
FUCtex_f	o2_c	-0.0	-11.164435731313802	988.8355642686862	-0.0	0.0
FUCtex_f	poaac_c	-0.0	-3.3385807286240645	0.0	-0.0	Inf
FUCtex_f	ppal_c	-0.0	0.0	0.0	Inf	Inf
FUCtex_f	k_c	-0.0	-0.0851408474860591	46.74013020073686	-0.0	0.0
FUCtex_f	psclys_c	-0.0	0.0	0.0	Inf	Inf
FUCtex_f	lald__D_c	-0.0	0.0	0.0	Inf	Inf
FUCtex_f	lald__L_c	-0.0	-6.677161457248123	0.0	-0.0	Inf
FUCtex_f	ura_c	-0.0	-0.1442888148867496	0.0	-0.0	Inf
FUCtex_f	pydx_c	-0.0	0.0	0.0006119717865645197	Inf	0.0
FUCtex_f	uracp_c	-0.0	-2.3555919447442193	0.0	-0.0	Inf
FUCtex_f	pydxn_c	-0.0	0.0	0.3223457255223241	Inf	0.0
FUCtex_f	urate_c	-0.0	-0.0006119717865645197	0.0	-0.0	Inf
FUCtex_f	q8_c	-0.0	0.0	0.0	Inf	Inf
FUCtex_f	q8h2_c	0.0	0.0	0.0	Inf	Inf
FUCtex_f	urea_c	-0.0	-1000.0	0.0	-0.0	Inf
FUCtex_f	uri_c	-0.0	0.0	0.0	Inf	Inf
FUCtex_f	rbflvrd_c	-0.0	0.0	0.13808014830350643	Inf	0.0
FUCtex_f	rbl__L_c	-0.0	-0.421912720757291	0.0	-0.0	Inf
FUCtex_f	rdmbzi_c	0.0	0.0	0.0	Inf	Inf
FUCtex_f	thptdn_c	0.0	0.0	0.0	Inf	Inf
FUCtex_f	xan_c	-0.0	0.0	0.0	Inf	Inf
FUCtex_f	rephaccoa_c	-0.0	-0.000251244298851816	0.0	-0.0	Inf
FUCtex_f	rib__D_c	-0.0	0.0	0.556430121437345	Inf	0.0
FUCtex_f	xtsn_c	-0.0	0.0	0.0	Inf	Inf
FUCtex_f	rml_c	-0.0	-0.572584720475107	0.0	-0.0	Inf
FUCtex_f	thym_c	-0.0	-46.74013020073686	0.0	-0.0	Inf
FUCtex_f	thymd_c	-0.0	-0.011413295637225929	0.0	-0.0	Inf
FUCtex_f	xu5p__L_c	-0.0	-0.4207604824644573	0.0	-0.0	Inf
FUCtex_f	rmn_c	-0.0	-0.572584720475107	0.0	-0.0	Inf
FUCtex_f	xyl__D_c	0.0	0.0	0.0	Inf	Inf
FUCtex_f	tmao_c	0.0	0.0	0.0	Inf	Inf
FUCtex_f	xylu__D_c	-0.0	0.0	0.0	Inf	Inf
FUCtex_f	xylu__L_c	-0.0	-0.421912720757291	0.0	-0.0	Inf
FUCtex_f	12ppd__R_e	-0.0	-1000.0	0.0	-0.0	Inf
FUCtex_f	12ppd__S_e	-0.0	-1000.0	0.0	-0.0	Inf
FUCtex_f	tre_c	-0.0	-0.15973494387830176	0.0	-0.0	Inf
FUCtex_f	seln_c	0.0	0.0	0.0	Inf	Inf
FUCtex_f	34dhpac_e	-0.0	-1000.0	0.0	-0.0	Inf
FUCtex_f	slnt_c	0.0	0.0	0.0	Inf	Inf
FUCtex_f	so2_c	0.0	0.0	0.0	Inf	Inf
FUCtex_f	so3_c	-0.0	-0.10811705125160662	2.2257204857493753	-0.0	0.0
FUCtex_f	so4_c	-0.0	-0.11000923486676983	46.74013020073686	-0.0	0.0
FUCtex_f	4hoxpacd_e	-0.0	-1000.0	0.0	-0.0	Inf
FUCtex_f	5mtr_e	-0.0	0.0	0.0	Inf	Inf
FUCtex_f	LalaDgluMdap_e	-0.0	-1000.0	0.0	-0.0	Inf
FUCtex_f	ac_e	-0.0	0.0	0.0	Inf	Inf
FUCtex_f	acald_e	-0.0	-1000.0	0.0	-0.0	Inf
FUCtex_f	acgal_e	-0.0	-1000.0	0.0	-0.0	Inf
FUCtex_f	acgam_e	-0.0	-1000.0	0.0	-0.0	Inf
FUCtex_f	acmana_e	-0.0	-1000.0	0.0	-0.0	Inf
FUCtex_f	tagur_c	-0.0	0.0	0.0	Inf	Inf
FUCtex_f	tartr__L_c	-0.0	-0.572584720475107	0.0	-0.0	Inf
FUCtex_f	ade_e	-0.0	-1000.0	0.0	-0.0	Inf
FUCtex_f	adn_e	-0.0	-1000.0	0.0	-0.0	Inf
FUCtex_f	all__D_e	-0.0	-1000.0	0.0	-0.0	Inf
FUCtex_f	cl_e	-0.0	-0.002270358625423796	999.9977296413746	-0.0	0.0
FUCtex_f	alltn_e	-0.0	0.0	0.0	Inf	Inf
FUCtex_f	cm_e	-0.0	-1000.0	0.0	-0.0	Inf
FUCtex_f	co2_e	-0.0	-987.9047826604872	12.095217339512828	-0.0	0.0
FUCtex_f	arab__L_e	-0.0	-1000.0	0.0	-0.0	Inf
FUCtex_f	arbt_e	-0.0	-1000.0	0.0	-0.0	Inf
FUCtex_f	unagamu_c	-0.0	0.0	0.030549104706364023	Inf	0.0
FUCtex_f	crn_e	-0.0	-1000.0	0.0	-0.0	Inf
FUCtex_f	csn_e	-0.0	-1000.0	0.0	-0.0	Inf
FUCtex_f	cyan_e	-0.0	-1000.0	0.0	-0.0	Inf
FUCtex_f	glyb_e	-0.0	-1000.0	0.0	-0.0	Inf
FUCtex_f	glyc_e	-0.0	-1000.0	0.0	-0.0	Inf
FUCtex_f	cytd_e	-0.0	-1000.0	0.0	-0.0	Inf
FUCtex_f	ca2_e	-0.0	-0.002270358625423796	999.9977296413746	-0.0	0.0
FUCtex_f	dad_2_e	-0.0	-1000.0	0.0	-0.0	Inf
FUCtex_f	dcyt_e	-0.0	-1000.0	0.0	-0.0	Inf
FUCtex_f	chol_e	-0.0	-1000.0	0.0	-0.0	Inf
FUCtex_f	dha_e	-0.0	-1000.0	0.0	-0.0	Inf
FUCtex_f	ppal_e	-0.0	-1000.0	0.0	-0.0	Inf
FUCtex_f	h2_e	-0.0	-1000.0	0.0	-0.0	Inf
FUCtex_f	dms_e	-0.0	-1000.0	0.0	-0.0	Inf
FUCtex_f	dmso_e	-0.0	-1000.0	0.0	-0.0	Inf
FUCtex_f	h2o2_e	-0.0	-1000.0	0.0	-0.0	Inf
FUCtex_f	psclys_e	-0.0	-1000.0	0.0	-0.0	Inf
FUCtex_f	duri_e	-0.0	-1000.0	0.0	-0.0	Inf
FUCtex_f	pydx_e	-0.0	-1000.0	0.0	-0.0	Inf
FUCtex_f	pydxn_e	-0.0	-1000.0	0.0	-0.0	Inf
FUCtex_f	etoh_e	-0.0	-1000.0	0.0	-0.0	Inf
FUCtex_f	fald_e	-0.0	0.0	0.0	Inf	Inf
FUCtex_f	rib__D_e	-0.0	-1000.0	0.0	-0.0	Inf
FUCtex_f	rmn_e	-0.0	-1000.0	0.0	-0.0	Inf
FUCtex_f	indole_e	-0.0	-1000.0	0.0	-0.0	Inf
FUCtex_f	inost_e	-0.0	-1000.0	0.0	-0.0	Inf
FUCtex_f	sbt__D_e	-0.0	-0.3194698877566035	0.0	-0.0	Inf
FUCtex_f	k_e	-0.0	-0.0851408474860591	999.9148591525139	-0.0	0.0
FUCtex_f	for_e	-0.0	0.0	0.001069969205755811	Inf	0.0
FUCtex_f	slnt_e	-0.0	-1000.0	0.0	-0.0	Inf
FUCtex_f	fru_e	-0.0	-1000.0	0.0	-0.0	Inf
FUCtex_f	so2_e	-0.0	-1000.0	0.0	-0.0	Inf
FUCtex_f	so3_e	-0.0	-1000.0	0.0	-0.0	Inf
FUCtex_f	so4_e	-0.0	-0.11000923486676983	999.8899907651332	-0.0	0.0
FUCtex_f	lipa_cold_e	-0.0	-1000.0	0.0	-0.0	Inf
FUCtex_f	sucr_e	-0.0	-0.15973494387830176	0.24343817812883828	-0.0	0.0
FUCtex_f	g3pe_e	-0.0	-1000.0	0.0	-0.0	Inf
FUCtex_f	malt_e	-0.0	-1000.0	0.0	-0.0	Inf
FUCtex_f	tartr__L_e	-0.0	-1000.0	0.0	-0.0	Inf
FUCtex_f	g3pi_e	-0.0	-1000.0	0.0	-0.0	Inf
FUCtex_f	malthx_e	-0.0	-1000.0	0.0	-0.0	Inf
FUCtex_f	maltpt_e	-0.0	-1000.0	0.0	-0.0	Inf
FUCtex_f	gal_e	-0.0	-1000.0	0.0	-0.0	Inf
FUCtex_f	gal_bD_e	-0.0	-1000.0	0.0	-0.0	Inf
FUCtex_f	malttr_e	-0.0	-1000.0	0.0	-0.0	Inf
FUCtex_f	maltttr_e	-0.0	-1000.0	0.0	-0.0	Inf
FUCtex_f	man_e	-0.0	-1000.0	0.0	-0.0	Inf
FUCtex_f	thym_e	-0.0	-1000.0	0.0	-0.0	Inf
FUCtex_f	thymd_e	-0.0	-1000.0	0.0	-0.0	Inf
FUCtex_f	galt_e	-0.0	-0.3194698877566035	0.0	-0.0	Inf
FUCtex_f	melib_e	-0.0	-1000.0	0.0	-0.0	Inf
FUCtex_f	meoh_e	-0.0	-1000.0	0.0	-0.0	Inf
FUCtex_f	tmao_e	-0.0	-1000.0	0.0	-0.0	Inf
FUCtex_f	tre_e	-0.0	-1000.0	0.0	-0.0	Inf
FUCtex_f	metsox_S__L_e	-0.0	-1000.0	0.0	-0.0	Inf
FUCtex_f	glc__D_e	-0.0	-1000.0	0.0	-0.0	Inf
FUCtex_f	mg2_e	-0.0	-0.003783931042335098	999.9962160689577	-0.0	0.0
FUCtex_f	mnl_e	-0.0	-1000.0	0.0	-0.0	Inf
FUCtex_f	mobd_e	-0.0	-5.62682540703463e-05	999.9999437317459	-0.0	0.0
FUCtex_f	glyald_e	-0.0	-1000.0	0.0	-0.0	Inf
FUCtex_f	n2o_e	-0.0	-1000.0	0.0	-0.0	Inf
FUCtex_f	na1_e	-0.0	-1000.0	0.0	-0.0	Inf
FUCtex_f	nac_e	-0.0	-1000.0	0.0	-0.0	Inf
FUCtex_f	ni2_e	-0.0	-0.00014088872933371022	999.9998591112707	-0.0	0.0
FUCtex_f	no_e	-0.0	-1000.0	0.0	-0.0	Inf
FUCtex_f	no2_e	-0.0	-1000.0	0.0	-0.0	Inf
FUCtex_f	ura_e	-0.0	-1000.0	0.0	-0.0	Inf
FUCtex_f	no3_e	-0.0	-1000.0	0.0	-0.0	Inf
FUCtex_f	urea_e	-0.0	-1000.0	0.0	-0.0	Inf
FUCtex_f	novbcn_e	-0.0	-1000.0	0.0	-0.0	Inf
FUCtex_f	uri_e	-0.0	-1000.0	0.0	-0.0	Inf
FUCtex_f	o2_e	-0.0	-11.164435731313802	988.8355642686862	-0.0	0.0
FUCtex_f	xan_e	-0.0	0.0	0.0	Inf	Inf
FUCtex_f	xtsn_e	-0.0	-1000.0	0.0	-0.0	Inf
FUCtex_f	xyl__D_e	-0.0	-1000.0	0.0	-0.0	Inf
FUCtex_f	xylu__L_e	-0.0	-1000.0	0.0	-0.0	Inf
FUCtex_f	pacald_e	-0.0	-1000.0	0.0	-0.0	Inf
FUCtex_f	12dgr120_p	-0.0	0.0	0.0	Inf	Inf
FUCtex_f	12dgr140_p	-0.0	0.0	0.0	Inf	Inf
FUCtex_f	12dgr160_p	-0.0	0.0	0.0	Inf	Inf
FUCtex_f	12dgr180_p	-0.0	0.0	0.0	Inf	Inf
FUCtex_f	12ppd__R_p	-0.0	-1000.0	0.0	-0.0	Inf
FUCtex_f	12ppd__S_p	-0.0	-1000.0	0.0	-0.0	Inf
FUCtex_f	chol_p	-0.0	-1000.0	0.0	-0.0	Inf
FUCtex_f	cl_p	-0.0	-0.002270358625423796	999.9977296413746	-0.0	0.0
FUCtex_f	34dhpac_p	-0.0	-1000.0	0.0	-0.0	Inf
FUCtex_f	cm_p	-0.0	0.0	0.0	Inf	Inf
FUCtex_f	4hoxpacd_p	-0.0	-1000.0	0.0	-0.0	Inf
FUCtex_f	co2_p	-0.0	-987.9047826604872	12.095217339512828	-0.0	0.0
FUCtex_f	5mtr_p	-0.0	0.0	0.0	Inf	Inf
FUCtex_f	LalaDgluMdap_p	-0.0	0.0	0.0	Inf	Inf
FUCtex_f	gal_p	-0.0	-1000.0	0.0	-0.0	Inf
FUCtex_f	ac_p	-0.0	-0.638939775513207	0.0	-0.0	Inf
FUCtex_f	crn_p	-0.0	-1000.0	0.0	-0.0	Inf
FUCtex_f	gal_bD_p	-0.0	-1000.0	0.0	-0.0	Inf
FUCtex_f	acald_p	-0.0	-1000.0	0.0	-0.0	Inf
FUCtex_f	acgal_p	-0.0	-1000.0	0.0	-0.0	Inf
FUCtex_f	csn_p	-0.0	0.0	0.0	Inf	Inf
FUCtex_f	acgam_p	-0.0	-1000.0	0.0	-0.0	Inf
FUCtex_f	galt_p	-0.0	-0.3194698877566035	0.0	-0.0	Inf
FUCtex_f	acmana_p	-0.0	-1000.0	0.0	-0.0	Inf
FUCtex_f	cyan_p	-0.0	0.0	0.0	Inf	Inf
FUCtex_f	ade_p	-0.0	-1000.0	0.0	-0.0	Inf
FUCtex_f	adn_p	-0.0	0.0	0.000291809782974687	Inf	0.0
FUCtex_f	cytd_p	-0.0	0.0	0.0	Inf	Inf
FUCtex_f	glc__D_p	-0.0	-1000.0	0.0	-0.0	Inf
FUCtex_f	dad_2_p	-0.0	-1000.0	0.0	-0.0	Inf
FUCtex_f	dcyt_p	-0.0	-1000.0	0.0	-0.0	Inf
FUCtex_f	all__D_p	-0.0	0.0	0.0	Inf	Inf
FUCtex_f	alltn_p	-0.0	0.0	0.0	Inf	Inf
FUCtex_f	dha_p	-0.0	-1000.0	0.0	-0.0	Inf
FUCtex_f	glyald_p	-0.0	-1000.0	0.0	-0.0	Inf
FUCtex_f	glyb_p	0.0	0.0	0.0	Inf	Inf
FUCtex_f	dms_p	-0.0	-1000.0	0.0	-0.0	Inf
FUCtex_f	glyc_p	-0.0	-0.060642347544700735	0.0	-0.0	Inf
FUCtex_f	dmso_p	-0.0	-1000.0	0.0	-0.0	Inf
FUCtex_f	arab__L_p	-0.0	0.0	0.0	Inf	Inf
FUCtex_f	arbt_p	0.0	0.0	0.0	Inf	Inf
FUCtex_f	ca2_p	-0.0	-0.002270358625423796	999.9977296413746	-0.0	0.0
FUCtex_f	duri_p	-0.0	-1000.0	0.0	-0.0	Inf
FUCtex_f	h2_p	-0.0	-1000.0	0.0	-0.0	Inf
FUCtex_f	h2o2_p	-0.0	-1000.0	0.0	-0.0	Inf
FUCtex_f	etoh_p	-0.0	-1000.0	0.0	-0.0	Inf
FUCtex_f	fald_p	-0.0	0.0	0.0	Inf	Inf
FUCtex_f	n2o_p	-0.0	-1000.0	0.0	-0.0	Inf
FUCtex_f	na1_p	-0.0	-1000.0	0.0	-0.0	Inf
FUCtex_f	indole_p	-0.0	0.0	0.28327351636810283	Inf	0.0
FUCtex_f	nac_p	-0.0	-1000.0	0.0	-0.0	Inf
FUCtex_f	ni2_p	-0.0	-0.00014088872933371022	999.9998591112707	-0.0	0.0
FUCtex_f	inost_p	-0.0	-1000.0	0.0	-0.0	Inf
FUCtex_f	no_p	-0.0	-1000.0	0.0	-0.0	Inf
FUCtex_f	no2_p	-0.0	-1000.0	0.0	-0.0	Inf
FUCtex_f	for_p	-0.0	-4.007793200857815	0.001069969205755811	-0.0	0.0
FUCtex_f	fru_p	-0.0	-1000.0	0.0	-0.0	Inf
FUCtex_f	no3_p	-0.0	0.0	0.0	Inf	Inf
FUCtex_f	k_p	-0.0	-0.0851408474860591	999.9148591525139	-0.0	0.0
FUCtex_f	novbcn_p	-0.0	0.0	0.0	Inf	Inf
FUCtex_f	o2_p	-0.0	-11.164435731313802	988.8355642686862	-0.0	0.0
FUCtex_f	lipa_cold_p	-0.0	-11.685032550184214	0.0	-0.0	Inf
FUCtex_f	g3pe_p	-0.0	0.0	0.0	Inf	Inf
FUCtex_f	g3pi_p	-0.0	0.0	0.0	Inf	Inf
FUCtex_f	so3_p	-0.0	-1000.0	0.0	-0.0	Inf
FUCtex_f	so4_p	-0.0	-0.11000923486676983	999.8899907651332	-0.0	0.0
FUCtex_f	malt_p	0.0	0.0	0.0	Inf	Inf
FUCtex_f	malthx_p	0.0	0.0	0.0	Inf	Inf
FUCtex_f	maltpt_p	0.0	0.0	0.0	Inf	Inf
FUCtex_f	sucr_p	-0.0	-0.15973494387830176	0.24343817812883828	-0.0	0.0
FUCtex_f	malttr_p	0.0	0.0	0.0	Inf	Inf
FUCtex_f	maltttr_p	0.0	0.0	0.0	Inf	Inf
FUCtex_f	pacald_p	-0.0	-1000.0	0.0	-0.0	Inf
FUCtex_f	man_p	-0.0	-1000.0	0.0	-0.0	Inf
FUCtex_f	tartr__L_p	-0.0	-1000.0	0.0	-0.0	Inf
FUCtex_f	pe120_p	-0.0	0.0	0.0	Inf	Inf
FUCtex_f	melib_p	-0.0	-1000.0	0.0	-0.0	Inf
FUCtex_f	meoh_p	-0.0	-1000.0	0.0	-0.0	Inf
FUCtex_f	thym_p	-0.0	-1000.0	0.0	-0.0	Inf
FUCtex_f	thymd_p	-0.0	-0.011413295637225929	0.0	-0.0	Inf
FUCtex_f	pg120_p	-0.0	0.0	0.0	Inf	Inf
FUCtex_f	metsox_S__L_p	-0.0	-1000.0	0.0	-0.0	Inf
FUCtex_f	tmao_p	-0.0	-1000.0	0.0	-0.0	Inf
FUCtex_f	mg2_p	-0.0	-0.00378393104231003	999.9962160689577	-0.0	0.0
FUCtex_f	tre_p	-0.0	0.0	0.0	Inf	Inf
FUCtex_f	mnl_p	-0.0	0.0	0.0	Inf	Inf
FUCtex_f	mobd_p	-0.0	-5.62682540703463e-05	999.9999437317459	-0.0	0.0
FUCtex_f	ura_p	-0.0	-1000.0	0.0	-0.0	Inf
FUCtex_f	urea_p	-0.0	-1000.0	0.0	-0.0	Inf
FUCtex_f	uri_p	-0.0	0.0	0.0	Inf	Inf
FUCtex_f	xan_p	-0.0	0.0	0.0	Inf	Inf
FUCtex_f	xtsn_p	-0.0	0.0	0.0	Inf	Inf
FUCtex_f	xyl__D_p	-0.0	-1000.0	0.0	-0.0	Inf
FUCtex_f	xylu__L_p	-0.0	0.0	0.0	Inf	Inf
FUCtex_f	ppal_p	-0.0	0.0	0.0	Inf	Inf
FUCtex_f	psclys_p	-0.0	-1000.0	0.0	-0.0	Inf
FUCtex_f	pydx_p	-0.0	0.0	0.0	Inf	Inf
FUCtex_f	pydxn_p	-0.0	0.0	0.0	Inf	Inf
FUCtex_f	rib__D_p	-0.0	-1000.0	0.0	-0.0	Inf
FUCtex_f	rmn_p	-0.0	-1000.0	0.0	-0.0	Inf
FUCtex_f	sbt__D_p	-0.0	-0.3194698877566035	0.0	-0.0	Inf
FUCtex_f	slnt_p	-0.0	-1000.0	0.0	-0.0	Inf
FUCtex_f	so2_p	-0.0	-1000.0	0.0	-0.0	Inf
