Reaction	Metabolite	ShadowPrice	G-	G+	DecrementalShadowPrice	IncrementalShadowPrice
GALTptspp	12dgr120_c	-0.0	0.0	0.0	Inf	Inf
GALTptspp	12dgr140_c	-0.0	0.0	0.0	Inf	Inf
GALTptspp	12dgr160_c	-0.0	0.0	0.06282275564615188	Inf	0.0
GALTptspp	12dgr180_c	-0.0	0.0	0.0	Inf	Inf
GALTptspp	12ppd__R_c	-0.0	-1000.0	0.0	-0.0	Inf
GALTptspp	12ppd__S_c	-0.0	0.0	0.0	Inf	Inf
GALTptspp	5drib_c	-0.0	-999.9999027300723	9.726992765822901e-05	-0.0	0.0
GALTptspp	5mta_c	-0.0	0.0	0.0	Inf	Inf
GALTptspp	23dhacoa_c	-0.0	-0.000251244298851816	0.0	-0.0	Inf
GALTptspp	5mtr_c	-0.0	0.0	0.0	Inf	Inf
GALTptspp	3amac_c	-0.0	-4.007793200857357	0.0	-0.0	Inf
GALTptspp	LalaDgluMdap_c	-0.0	-0.012120792599851426	0.0	-0.0	Inf
GALTptspp	ac_c	-0.0	-0.638939775513207	0.2541109250943069	-0.0	0.0
GALTptspp	acald_c	-0.0	0.0	1.2632467621820802	Inf	0.0
GALTptspp	acetol_c	-0.0	0.0	0.0	Inf	Inf
GALTptspp	acgam_c	-0.0	-0.04121453329399749	0.0	-0.0	Inf
GALTptspp	acgam6p_c	-0.0	-0.04121453329399749	0.0	-0.0	Inf
GALTptspp	acmalt_c	0.0	0.0	0.0	Inf	Inf
GALTptspp	acmana_c	-0.0	-0.04121453329399749	0.0	-0.0	Inf
GALTptspp	2dmmq8_c	-0.0	0.0	0.0	Inf	Inf
GALTptspp	2dmmql8_c	0.0	0.0	0.0	Inf	Inf
GALTptspp	ade_c	-0.0	-0.048703009165365095	0.000291809782974687	-0.0	0.0
GALTptspp	adn_c	-0.0	0.0	0.000291809782974687	Inf	0.0
GALTptspp	3sala_c	0.0	0.0	0.0	Inf	Inf
GALTptspp	adphep_DD_c	-0.0	0.0	0.0	Inf	Inf
GALTptspp	adphep_LD_c	-0.0	0.0	0.0	Inf	Inf
GALTptspp	4ahmmp_c	0.0	0.0	0.0	Inf	Inf
GALTptspp	4crsol_c	-0.0	-999.9999027300723	9.726992765822901e-05	-0.0	0.0
GALTptspp	2ohph_c	-0.0	-9.726992765822901e-05	0.04472739732127939	-0.0	0.0
GALTptspp	2ombzl_c	-0.0	0.0	0.0	Inf	Inf
GALTptspp	2omhmbl_c	-0.0	0.0	0.0	Inf	Inf
GALTptspp	2ommbl_c	0.0	0.0	0.0	Inf	Inf
GALTptspp	2omph_c	-0.0	0.0	0.04024117968208091	Inf	0.0
GALTptspp	4mhetz_c	0.0	0.0	0.0	Inf	Inf
GALTptspp	2oph_c	-0.0	-9.726992765822901e-05	0.04472739732127939	-0.0	0.0
GALTptspp	2oxpaccoa_c	-0.0	-0.000251244298851816	0.0	-0.0	Inf
GALTptspp	all__D_c	-0.0	-0.3194698877566035	0.0	-0.0	Inf
GALTptspp	alltn_c	-0.0	-0.5725847204751062	0.0	-0.0	Inf
GALTptspp	4r5au_c	-0.0	-0.00019453985577743256	0.27095727652601115	-0.0	0.0
GALTptspp	56dura_c	0.0	0.0	0.0	Inf	Inf
GALTptspp	arab__L_c	-0.0	-0.421912720757291	0.0	-0.0	Inf
GALTptspp	etoh_c	-0.0	-1000.0	0.0	-0.0	Inf
GALTptspp	csn_c	-0.0	0.0	0.07890859310907672	Inf	0.0
GALTptspp	fald_c	-0.0	0.0	0.0	Inf	Inf
GALTptspp	fc1p_c	-0.0	0.0	0.0	Inf	Inf
GALTptspp	fcl__L_c	-0.0	0.0	0.0	Inf	Inf
GALTptspp	aso4_c	0.0	0.0	0.0	Inf	Inf
GALTptspp	cyan_c	0.0	0.0	0.0	Inf	Inf
GALTptspp	athtp_c	0.0	0.0	0.0	Inf	Inf
GALTptspp	cytd_c	-0.0	0.0	0.07890859310907672	Inf	0.0
GALTptspp	dad_2_c	-0.0	0.0	0.0	Inf	Inf
GALTptspp	dad_5_c	-0.0	-0.048703009165365095	9.726992765822901e-05	-0.0	0.0
GALTptspp	betald_c	0.0	0.0	0.0	Inf	Inf
GALTptspp	btal_c	-0.0	-136.17998139989473	0.0	-0.0	Inf
GALTptspp	for_c	-0.0	-4.0077932008573605	0.001069969205755811	-0.0	0.0
GALTptspp	dcyt_c	-0.0	0.0	0.0	Inf	Inf
GALTptspp	fru_c	-0.0	-0.3194698877566035	0.48687635625767656	-0.0	0.0
GALTptspp	ca2_c	-0.0	-0.002270358625423796	953.2598697992631	-0.0	0.0
GALTptspp	g3pe_c	-0.0	0.0	0.0	Inf	Inf
GALTptspp	g3pi_c	0.0	0.0	0.0	Inf	Inf
GALTptspp	cbm_c	-0.0	-2.0038966004286802	0.0	-0.0	Inf
GALTptspp	dha_c	-0.0	-0.638939775513207	0.9737527125153529	-0.0	0.0
GALTptspp	gal_c	-0.0	0.0	0.0	Inf	Inf
GALTptspp	dhgly_c	-0.0	-9.726992765822901e-05	0.1763778498141018	-0.0	0.0
GALTptspp	dhmptp_c	0.0	0.0	0.0	Inf	Inf
GALTptspp	gcald_c	-0.0	-0.5725847204751062	0.0002918097831070554	-0.0	0.0
GALTptspp	dhptd_c	-0.0	-21.11482333732213	0.00019453985531645802	-0.0	0.0
GALTptspp	cechddd_c	-0.0	0.0	0.0	Inf	Inf
GALTptspp	dhptdn_c	0.0	0.0	0.0	Inf	Inf
GALTptspp	chol_c	0.0	0.0	0.0	Inf	Inf
GALTptspp	chtbs6p_c	-0.0	0.0	0.0	Inf	Inf
GALTptspp	dmbzid_c	0.0	0.0	0.0	Inf	Inf
GALTptspp	dms_c	0.0	0.0	0.0	Inf	Inf
GALTptspp	dmso_c	0.0	0.0	0.0	Inf	Inf
GALTptspp	cl_c	-0.0	-0.0022703586253860182	999.9977296413746	-0.0	0.0
GALTptspp	glc__D_c	-0.0	-0.3194698877566035	0.48687635625767656	-0.0	0.0
GALTptspp	co2_c	-0.0	-987.9047826604872	12.094147370307041	-0.0	0.0
GALTptspp	dscl_c	-0.0	-9.726992765822901e-05	0.05147591431799225	-0.0	0.0
GALTptspp	dtdp4aaddg_c	-0.0	0.0	0.0	Inf	Inf
GALTptspp	glyald_c	-0.0	-1000.0	0.0	-0.0	Inf
GALTptspp	crn_c	-0.0	-953.2598697992631	0.0	-0.0	Inf
GALTptspp	duri_c	-0.0	0.0	0.0	Inf	Inf
GALTptspp	glyb_c	0.0	0.0	0.0	Inf	Inf
GALTptspp	glyc_c	-0.0	-0.060642347544700735	0.0	-0.0	Inf
GALTptspp	dxyl_c	0.0	0.0	0.0	Inf	Inf
GALTptspp	glycogen_c	-0.0	-0.3194698877566035	0.0	-0.0	Inf
GALTptspp	gmhep1p_c	-0.0	0.0	0.3862820677746853	Inf	0.0
GALTptspp	lipa_cold_c	-0.0	0.0	0.0	Inf	Inf
GALTptspp	lipidA_c	-0.0	-0.008486474047140265	0.033102075212986526	-0.0	0.0
GALTptspp	malt_c	0.0	0.0	0.0	Inf	Inf
GALTptspp	h2_c	-0.0	0.0	0.0	Inf	Inf
GALTptspp	malthx_c	-0.0	0.0	0.0	Inf	Inf
GALTptspp	maltpt_c	-0.0	0.0	0.0	Inf	Inf
GALTptspp	malttr_c	-0.0	0.0	0.0	Inf	Inf
GALTptspp	maltttr_c	-0.0	0.0	0.0	Inf	Inf
GALTptspp	h2o2_c	-0.0	-0.0006119717865645197	3.4856116645077093	-0.0	0.0
GALTptspp	man_c	-0.0	0.0	0.0	Inf	Inf
GALTptspp	mdhdhf_c	-0.0	-21.11482333732213	0.00019453985531645802	-0.0	0.0
GALTptspp	melib_c	-0.0	0.0	0.0	Inf	Inf
GALTptspp	meoh_c	-0.0	-1000.0	0.0	-0.0	Inf
GALTptspp	pacald_c	-0.0	-953.2598697992631	0.0	-0.0	Inf
GALTptspp	metsox_S__L_c	-0.0	-0.048703009165365074	0.0	-0.0	Inf
GALTptspp	mg2_c	-0.0	-0.00378393104231003	476.62993489963156	-0.0	0.0
GALTptspp	hhlipa_c	-0.0	0.0	0.0	Inf	Inf
GALTptspp	pe120_c	-0.0	0.0	0.0	Inf	Inf
GALTptspp	mobd_c	-0.0	-5.62682540703463e-05	11.685032550184214	-0.0	0.0
GALTptspp	hlipa_c	-0.0	0.0	0.0	Inf	Inf
GALTptspp	pg120_c	-0.0	0.0	0.0	Inf	Inf
GALTptspp	mql8_c	0.0	0.0	0.0	Inf	Inf
GALTptspp	mqn8_c	-0.0	0.0	0.0	Inf	Inf
GALTptspp	mthgxl_c	-0.0	0.0	0.0	Inf	Inf
GALTptspp	hqn_c	0.0	0.0	0.0	Inf	Inf
GALTptspp	mththf_c	-0.0	-999.9998054601447	0.00019453985531645802	-0.0	0.0
GALTptspp	n2o_c	-0.0	-1000.0	0.0	-0.0	Inf
GALTptspp	na1_c	-0.0	-46.74013020073686	0.0	-0.0	Inf
GALTptspp	nac_c	-0.0	0.0	0.0	Inf	Inf
GALTptspp	ncam_c	-0.0	0.0	0.0	Inf	Inf
GALTptspp	ni2_c	-0.0	-0.00014088872929869046	999.9998591112707	-0.0	0.0
GALTptspp	no_c	-0.0	-1000.0	0.0	-0.0	Inf
GALTptspp	indole_c	-0.0	-0.024794235416487495	0.2815670494020299	-0.0	0.0
GALTptspp	no2_c	-0.0	-953.2598697992631	0.0	-0.0	Inf
GALTptspp	no3_c	0.0	0.0	0.0	Inf	Inf
GALTptspp	inost_c	0.0	0.0	0.0	Inf	Inf
GALTptspp	o2_c	-0.0	-11.164435731313802	988.8355642686862	-0.0	0.0
GALTptspp	poaac_c	-0.0	-3.3385807286240645	0.0	-0.0	Inf
GALTptspp	ppal_c	-0.0	0.0	0.0	Inf	Inf
GALTptspp	k_c	-0.0	-0.0851408474860591	46.74013020073686	-0.0	0.0
GALTptspp	psclys_c	-0.0	0.0	0.0	Inf	Inf
GALTptspp	lald__D_c	-0.0	0.0	0.0	Inf	Inf
GALTptspp	lald__L_c	-0.0	0.0	0.0	Inf	Inf
GALTptspp	ura_c	-0.0	-0.1442888148867496	0.0	-0.0	Inf
GALTptspp	pydx_c	-0.0	0.0	0.0006119717865645197	Inf	0.0
GALTptspp	uracp_c	-0.0	-2.3555919447442193	0.0	-0.0	Inf
GALTptspp	pydxn_c	-0.0	0.0	0.3223457255223241	Inf	0.0
GALTptspp	urate_c	-0.0	-0.0006119717865645197	0.0	-0.0	Inf
GALTptspp	q8_c	-0.0	0.0	0.0	Inf	Inf
GALTptspp	q8h2_c	0.0	0.0	0.0	Inf	Inf
GALTptspp	urea_c	-0.0	-1000.0	0.0	-0.0	Inf
GALTptspp	uri_c	-0.0	0.0	0.0	Inf	Inf
GALTptspp	rbflvrd_c	-0.0	0.0	0.13808014830350643	Inf	0.0
GALTptspp	rbl__L_c	-0.0	-0.421912720757291	0.0	-0.0	Inf
GALTptspp	rdmbzi_c	0.0	0.0	0.0	Inf	Inf
GALTptspp	thptdn_c	0.0	0.0	0.0	Inf	Inf
GALTptspp	xan_c	-0.0	0.0	0.0	Inf	Inf
GALTptspp	rephaccoa_c	-0.0	-0.000251244298851816	0.0	-0.0	Inf
GALTptspp	rib__D_c	-0.0	0.0	0.556430121437345	Inf	0.0
GALTptspp	xtsn_c	-0.0	0.0	0.0	Inf	Inf
GALTptspp	rml_c	-0.0	0.0	0.0	Inf	Inf
GALTptspp	thym_c	-0.0	-46.74013020073686	0.0	-0.0	Inf
GALTptspp	thymd_c	-0.0	-0.011413295637225929	0.0	-0.0	Inf
GALTptspp	xu5p__L_c	-0.0	-0.4207604824644573	0.0	-0.0	Inf
GALTptspp	rmn_c	-0.0	0.0	0.0	Inf	Inf
GALTptspp	xyl__D_c	0.0	0.0	0.0	Inf	Inf
GALTptspp	tmao_c	0.0	0.0	0.0	Inf	Inf
GALTptspp	xylu__D_c	-0.0	0.0	0.0	Inf	Inf
GALTptspp	xylu__L_c	-0.0	-0.421912720757291	0.0	-0.0	Inf
GALTptspp	12ppd__R_e	-0.0	-1000.0	0.0	-0.0	Inf
GALTptspp	12ppd__S_e	-0.0	-1000.0	0.0	-0.0	Inf
GALTptspp	tre_c	-0.0	-0.15973494387830176	0.0	-0.0	Inf
GALTptspp	seln_c	0.0	0.0	0.0	Inf	Inf
GALTptspp	34dhpac_e	-0.0	-1000.0	0.0	-0.0	Inf
GALTptspp	slnt_c	0.0	0.0	0.0	Inf	Inf
GALTptspp	so2_c	0.0	0.0	0.0	Inf	Inf
GALTptspp	so3_c	-0.0	-0.10811705125160662	2.2257204857493753	-0.0	0.0
GALTptspp	so4_c	-0.0	-0.11000923486676983	46.74013020073686	-0.0	0.0
GALTptspp	4hoxpacd_e	-0.0	-1000.0	0.0	-0.0	Inf
GALTptspp	5mtr_e	-0.0	0.0	0.0	Inf	Inf
GALTptspp	LalaDgluMdap_e	-0.0	-1000.0	0.0	-0.0	Inf
GALTptspp	ac_e	-0.0	0.0	0.0	Inf	Inf
GALTptspp	acald_e	-0.0	-1000.0	0.0	-0.0	Inf
GALTptspp	acgal_e	-0.0	-1000.0	0.0	-0.0	Inf
GALTptspp	acgam_e	-0.0	-1000.0	0.0	-0.0	Inf
GALTptspp	acmana_e	-0.0	-1000.0	0.0	-0.0	Inf
GALTptspp	tagur_c	-0.0	0.0	0.0	Inf	Inf
GALTptspp	tartr__L_c	-0.0	-0.572584720475107	0.0	-0.0	Inf
GALTptspp	ade_e	-0.0	-1000.0	0.0	-0.0	Inf
GALTptspp	adn_e	-0.0	-1000.0	0.0	-0.0	Inf
GALTptspp	all__D_e	-0.0	-1000.0	0.0	-0.0	Inf
GALTptspp	cl_e	-0.0	-0.002270358625423796	999.9977296413746	-0.0	0.0
GALTptspp	alltn_e	-0.0	0.0	0.0	Inf	Inf
GALTptspp	cm_e	-0.0	-1000.0	0.0	-0.0	Inf
GALTptspp	co2_e	-0.0	-987.9047826604872	12.095217339512828	-0.0	0.0
GALTptspp	arab__L_e	-0.0	-1000.0	0.0	-0.0	Inf
GALTptspp	arbt_e	-0.0	-1000.0	0.0	-0.0	Inf
GALTptspp	unagamu_c	-0.0	0.0	0.030549104706364023	Inf	0.0
GALTptspp	crn_e	-0.0	-1000.0	0.0	-0.0	Inf
GALTptspp	csn_e	-0.0	-1000.0	0.0	-0.0	Inf
GALTptspp	cyan_e	-0.0	-1000.0	0.0	-0.0	Inf
GALTptspp	glyb_e	-0.0	-1000.0	0.0	-0.0	Inf
GALTptspp	glyc_e	-0.0	-1000.0	0.0	-0.0	Inf
GALTptspp	cytd_e	-0.0	-1000.0	0.0	-0.0	Inf
GALTptspp	ca2_e	-0.0	-0.002270358625423796	999.9977296413746	-0.0	0.0
GALTptspp	dad_2_e	-0.0	-1000.0	0.0	-0.0	Inf
GALTptspp	dcyt_e	-0.0	-1000.0	0.0	-0.0	Inf
GALTptspp	chol_e	-0.0	-1000.0	0.0	-0.0	Inf
GALTptspp	dha_e	-0.0	-1000.0	0.0	-0.0	Inf
GALTptspp	ppal_e	-0.0	-1000.0	0.0	-0.0	Inf
GALTptspp	h2_e	-0.0	-1000.0	0.0	-0.0	Inf
GALTptspp	dms_e	-0.0	-1000.0	0.0	-0.0	Inf
GALTptspp	dmso_e	-0.0	-1000.0	0.0	-0.0	Inf
GALTptspp	h2o2_e	-0.0	-1000.0	0.0	-0.0	Inf
GALTptspp	psclys_e	-0.0	-1000.0	0.0	-0.0	Inf
GALTptspp	duri_e	-0.0	-1000.0	0.0	-0.0	Inf
GALTptspp	pydx_e	-0.0	-1000.0	0.0	-0.0	Inf
GALTptspp	pydxn_e	-0.0	-1000.0	0.0	-0.0	Inf
GALTptspp	etoh_e	-0.0	-1000.0	0.0	-0.0	Inf
GALTptspp	fald_e	-0.0	0.0	0.0	Inf	Inf
GALTptspp	rib__D_e	-0.0	-1000.0	0.0	-0.0	Inf
GALTptspp	rmn_e	-0.0	-1000.0	0.0	-0.0	Inf
GALTptspp	indole_e	-0.0	-1000.0	0.0	-0.0	Inf
GALTptspp	inost_e	-0.0	-1000.0	0.0	-0.0	Inf
GALTptspp	sbt__D_e	-0.0	-0.3194698877566035	0.0	-0.0	Inf
GALTptspp	k_e	-0.0	-0.0851408474860591	999.9148591525139	-0.0	0.0
GALTptspp	for_e	-0.0	0.0	0.001069969205755811	Inf	0.0
GALTptspp	slnt_e	-0.0	-1000.0	0.0	-0.0	Inf
GALTptspp	fru_e	-0.0	-1000.0	0.0	-0.0	Inf
GALTptspp	so2_e	-0.0	-1000.0	0.0	-0.0	Inf
GALTptspp	so3_e	-0.0	-1000.0	0.0	-0.0	Inf
GALTptspp	so4_e	-0.0	-0.11000923486676983	999.8899907651332	-0.0	0.0
GALTptspp	lipa_cold_e	-0.0	-1000.0	0.0	-0.0	Inf
GALTptspp	sucr_e	-0.0	-0.15973494387830176	0.24343817812883828	-0.0	0.0
GALTptspp	g3pe_e	-0.0	-1000.0	0.0	-0.0	Inf
GALTptspp	malt_e	-0.0	-1000.0	0.0	-0.0	Inf
GALTptspp	tartr__L_e	-0.0	-1000.0	0.0	-0.0	Inf
GALTptspp	g3pi_e	-0.0	-1000.0	0.0	-0.0	Inf
GALTptspp	malthx_e	-0.0	-1000.0	0.0	-0.0	Inf
GALTptspp	maltpt_e	-0.0	-1000.0	0.0	-0.0	Inf
GALTptspp	gal_e	-0.0	-1000.0	0.0	-0.0	Inf
GALTptspp	gal_bD_e	-0.0	-1000.0	0.0	-0.0	Inf
GALTptspp	malttr_e	-0.0	-1000.0	0.0	-0.0	Inf
GALTptspp	maltttr_e	-0.0	-1000.0	0.0	-0.0	Inf
GALTptspp	man_e	-0.0	-1000.0	0.0	-0.0	Inf
GALTptspp	thym_e	-0.0	-1000.0	0.0	-0.0	Inf
GALTptspp	thymd_e	-0.0	-1000.0	0.0	-0.0	Inf
GALTptspp	galt_e	-1.0	-0.3194698877566035	0.0	-0.99999999999949	Inf
GALTptspp	melib_e	-0.0	-1000.0	0.0	-0.0	Inf
GALTptspp	meoh_e	-0.0	-1000.0	0.0	-0.0	Inf
GALTptspp	tmao_e	-0.0	-1000.0	0.0	-0.0	Inf
GALTptspp	tre_e	-0.0	-1000.0	0.0	-0.0	Inf
GALTptspp	metsox_S__L_e	-0.0	-1000.0	0.0	-0.0	Inf
GALTptspp	glc__D_e	-0.0	-1000.0	0.0	-0.0	Inf
GALTptspp	mg2_e	-0.0	-0.003783931042335098	999.9962160689577	-0.0	0.0
GALTptspp	mnl_e	-0.0	-1000.0	0.0	-0.0	Inf
GALTptspp	mobd_e	-0.0	-5.62682540703463e-05	999.9999437317459	-0.0	0.0
GALTptspp	glyald_e	-0.0	-1000.0	0.0	-0.0	Inf
GALTptspp	n2o_e	-0.0	-1000.0	0.0	-0.0	Inf
GALTptspp	na1_e	-0.0	-1000.0	0.0	-0.0	Inf
GALTptspp	nac_e	-0.0	-1000.0	0.0	-0.0	Inf
GALTptspp	ni2_e	-0.0	-0.00014088872933371022	999.9998591112707	-0.0	0.0
GALTptspp	no_e	-0.0	-1000.0	0.0	-0.0	Inf
GALTptspp	no2_e	-0.0	-1000.0	0.0	-0.0	Inf
GALTptspp	ura_e	-0.0	-1000.0	0.0	-0.0	Inf
GALTptspp	no3_e	-0.0	-1000.0	0.0	-0.0	Inf
GALTptspp	urea_e	-0.0	-1000.0	0.0	-0.0	Inf
GALTptspp	novbcn_e	-0.0	-1000.0	0.0	-0.0	Inf
GALTptspp	uri_e	-0.0	-1000.0	0.0	-0.0	Inf
GALTptspp	o2_e	-0.0	-11.164435731313802	988.8355642686862	-0.0	0.0
GALTptspp	xan_e	-0.0	0.0	0.0	Inf	Inf
GALTptspp	xtsn_e	-0.0	-1000.0	0.0	-0.0	Inf
GALTptspp	xyl__D_e	-0.0	-1000.0	0.0	-0.0	Inf
GALTptspp	xylu__L_e	-0.0	-1000.0	0.0	-0.0	Inf
GALTptspp	pacald_e	-0.0	-1000.0	0.0	-0.0	Inf
GALTptspp	12dgr120_p	-0.0	0.0	0.0	Inf	Inf
GALTptspp	12dgr140_p	-0.0	0.0	0.0	Inf	Inf
GALTptspp	12dgr160_p	-0.0	0.0	0.0	Inf	Inf
GALTptspp	12dgr180_p	-0.0	0.0	0.0	Inf	Inf
GALTptspp	12ppd__R_p	-0.0	-1000.0	0.0	-0.0	Inf
GALTptspp	12ppd__S_p	-0.0	0.0	0.0	Inf	Inf
GALTptspp	chol_p	-0.0	-1000.0	0.0	-0.0	Inf
GALTptspp	cl_p	-0.0	-0.002270358625423796	999.9977296413746	-0.0	0.0
GALTptspp	34dhpac_p	-0.0	-1000.0	0.0	-0.0	Inf
GALTptspp	cm_p	-0.0	0.0	0.0	Inf	Inf
GALTptspp	4hoxpacd_p	-0.0	-1000.0	0.0	-0.0	Inf
GALTptspp	co2_p	-0.0	-987.9047826604872	12.095217339512828	-0.0	0.0
GALTptspp	5mtr_p	-0.0	0.0	0.0	Inf	Inf
GALTptspp	LalaDgluMdap_p	-0.0	0.0	0.0	Inf	Inf
GALTptspp	gal_p	-0.0	-1000.0	0.0	-0.0	Inf
GALTptspp	ac_p	-0.0	-0.638939775513207	0.0	-0.0	Inf
GALTptspp	crn_p	-0.0	-1000.0	0.0	-0.0	Inf
GALTptspp	gal_bD_p	-0.0	-1000.0	0.0	-0.0	Inf
GALTptspp	acald_p	-0.0	-1000.0	0.0	-0.0	Inf
GALTptspp	acgal_p	-0.0	-1000.0	0.0	-0.0	Inf
GALTptspp	csn_p	-0.0	0.0	0.0	Inf	Inf
GALTptspp	acgam_p	-0.0	-1000.0	0.0	-0.0	Inf
GALTptspp	galt_p	-1.0	-0.3194698877566035	0.0	-0.99999999999949	Inf
GALTptspp	acmana_p	-0.0	-1000.0	0.0	-0.0	Inf
GALTptspp	cyan_p	-0.0	0.0	0.0	Inf	Inf
GALTptspp	ade_p	-0.0	-1000.0	0.0	-0.0	Inf
GALTptspp	adn_p	-0.0	0.0	0.000291809782974687	Inf	0.0
GALTptspp	cytd_p	-0.0	0.0	0.0	Inf	Inf
GALTptspp	glc__D_p	-0.0	-1000.0	0.0	-0.0	Inf
GALTptspp	dad_2_p	-0.0	-1000.0	0.0	-0.0	Inf
GALTptspp	dcyt_p	-0.0	-1000.0	0.0	-0.0	Inf
GALTptspp	all__D_p	-0.0	0.0	0.0	Inf	Inf
GALTptspp	alltn_p	-0.0	0.0	0.0	Inf	Inf
GALTptspp	dha_p	-0.0	-1000.0	0.0	-0.0	Inf
GALTptspp	glyald_p	-0.0	-1000.0	0.0	-0.0	Inf
GALTptspp	glyb_p	0.0	0.0	0.0	Inf	Inf
GALTptspp	dms_p	-0.0	-1000.0	0.0	-0.0	Inf
GALTptspp	glyc_p	-0.0	-0.060642347544700735	0.0	-0.0	Inf
GALTptspp	dmso_p	-0.0	-1000.0	0.0	-0.0	Inf
GALTptspp	arab__L_p	-0.0	0.0	0.0	Inf	Inf
GALTptspp	arbt_p	0.0	0.0	0.0	Inf	Inf
GALTptspp	ca2_p	-0.0	-0.002270358625423796	999.9977296413746	-0.0	0.0
GALTptspp	duri_p	-0.0	-1000.0	0.0	-0.0	Inf
GALTptspp	h2_p	-0.0	-1000.0	0.0	-0.0	Inf
GALTptspp	h2o2_p	-0.0	-1000.0	0.0	-0.0	Inf
GALTptspp	etoh_p	-0.0	-1000.0	0.0	-0.0	Inf
GALTptspp	fald_p	-0.0	0.0	0.0	Inf	Inf
GALTptspp	n2o_p	-0.0	-1000.0	0.0	-0.0	Inf
GALTptspp	na1_p	-0.0	-1000.0	0.0	-0.0	Inf
GALTptspp	indole_p	-0.0	0.0	0.28327351636810283	Inf	0.0
GALTptspp	nac_p	-0.0	-1000.0	0.0	-0.0	Inf
GALTptspp	ni2_p	-0.0	-0.00014088872933371022	999.9998591112707	-0.0	0.0
GALTptspp	inost_p	-0.0	-1000.0	0.0	-0.0	Inf
GALTptspp	no_p	-0.0	-1000.0	0.0	-0.0	Inf
GALTptspp	no2_p	-0.0	-1000.0	0.0	-0.0	Inf
GALTptspp	for_p	-0.0	-4.0077932008573605	0.001069969205755811	-0.0	0.0
GALTptspp	fru_p	-0.0	-1000.0	0.0	-0.0	Inf
GALTptspp	no3_p	-0.0	0.0	0.0	Inf	Inf
GALTptspp	k_p	-0.0	-0.0851408474860591	999.9148591525139	-0.0	0.0
GALTptspp	novbcn_p	-0.0	0.0	0.0	Inf	Inf
GALTptspp	o2_p	-0.0	-11.164435731313802	988.8355642686862	-0.0	0.0
GALTptspp	lipa_cold_p	-0.0	-11.685032550184214	0.0	-0.0	Inf
GALTptspp	g3pe_p	-0.0	0.0	0.0	Inf	Inf
GALTptspp	g3pi_p	-0.0	0.0	0.0	Inf	Inf
GALTptspp	so3_p	-0.0	-1000.0	0.0	-0.0	Inf
GALTptspp	so4_p	-0.0	-0.11000923486676983	999.8899907651332	-0.0	0.0
GALTptspp	malt_p	0.0	0.0	0.0	Inf	Inf
GALTptspp	malthx_p	0.0	0.0	0.0	Inf	Inf
GALTptspp	maltpt_p	0.0	0.0	0.0	Inf	Inf
GALTptspp	sucr_p	-0.0	-0.15973494387830176	0.24343817812883828	-0.0	0.0
GALTptspp	malttr_p	0.0	0.0	0.0	Inf	Inf
GALTptspp	maltttr_p	0.0	0.0	0.0	Inf	Inf
GALTptspp	pacald_p	-0.0	-1000.0	0.0	-0.0	Inf
GALTptspp	man_p	-0.0	-1000.0	0.0	-0.0	Inf
GALTptspp	tartr__L_p	-0.0	-1000.0	0.0	-0.0	Inf
GALTptspp	pe120_p	-0.0	0.0	0.0	Inf	Inf
GALTptspp	melib_p	-0.0	-1000.0	0.0	-0.0	Inf
GALTptspp	meoh_p	-0.0	-1000.0	0.0	-0.0	Inf
GALTptspp	thym_p	-0.0	-1000.0	0.0	-0.0	Inf
GALTptspp	thymd_p	-0.0	-0.011413295637225929	0.0	-0.0	Inf
GALTptspp	pg120_p	-0.0	0.0	0.0	Inf	Inf
GALTptspp	metsox_S__L_p	-0.0	-1000.0	0.0	-0.0	Inf
GALTptspp	tmao_p	-0.0	-1000.0	0.0	-0.0	Inf
GALTptspp	mg2_p	-0.0	-0.00378393104231003	999.9962160689577	-0.0	0.0
GALTptspp	tre_p	-0.0	0.0	0.0	Inf	Inf
GALTptspp	mnl_p	-0.0	0.0	0.0	Inf	Inf
GALTptspp	mobd_p	-0.0	-5.62682540703463e-05	999.9999437317459	-0.0	0.0
GALTptspp	ura_p	-0.0	-1000.0	0.0	-0.0	Inf
GALTptspp	urea_p	-0.0	-1000.0	0.0	-0.0	Inf
GALTptspp	uri_p	-0.0	0.0	0.0	Inf	Inf
GALTptspp	xan_p	-0.0	0.0	0.0	Inf	Inf
GALTptspp	xtsn_p	-0.0	0.0	0.0	Inf	Inf
GALTptspp	xyl__D_p	-0.0	-1000.0	0.0	-0.0	Inf
GALTptspp	xylu__L_p	-0.0	0.0	0.0	Inf	Inf
GALTptspp	ppal_p	-0.0	0.0	0.0	Inf	Inf
GALTptspp	psclys_p	-0.0	-1000.0	0.0	-0.0	Inf
GALTptspp	pydx_p	-0.0	0.0	0.0	Inf	Inf
GALTptspp	pydxn_p	-0.0	0.0	0.0	Inf	Inf
GALTptspp	rib__D_p	-0.0	-1000.0	0.0	-0.0	Inf
GALTptspp	rmn_p	-0.0	-1000.0	0.0	-0.0	Inf
GALTptspp	sbt__D_p	-0.0	-0.3194698877566035	0.0	-0.0	Inf
GALTptspp	slnt_p	-0.0	-1000.0	0.0	-0.0	Inf
GALTptspp	so2_p	-0.0	-1000.0	0.0	-0.0	Inf
