Reaction	Metabolite	ShadowPrice	G-	G+	DecrementalShadowPrice	IncrementalShadowPrice
GLUDy_f	12dgr120_c	-0.0	0.0	0.0	Inf	Inf
GLUDy_f	12dgr140_c	-0.0	0.0	0.0	Inf	Inf
GLUDy_f	12dgr160_c	-0.0	-0.027834902078836876	0.0	-0.0	Inf
GLUDy_f	12dgr180_c	-0.0	0.0	0.0	Inf	Inf
GLUDy_f	12ppd__R_c	-0.0	-1000.0	0.0	-0.0	Inf
GLUDy_f	12ppd__S_c	-0.0	0.0	0.0	Inf	Inf
GLUDy_f	5drib_c	-0.0	-999.9999027300723	9.726992765822901e-05	-0.0	0.0
GLUDy_f	5mta_c	-0.0	0.0	0.0	Inf	Inf
GLUDy_f	23dhacoa_c	-0.0	-0.0002512442977149476	0.0	-0.0	Inf
GLUDy_f	5mtr_c	-0.0	0.0	0.0	Inf	Inf
GLUDy_f	3amac_c	-0.0	-4.00779320085012	0.0	-0.0	Inf
GLUDy_f	LalaDgluMdap_c	-0.0	-0.012120792599851426	0.0	-0.0	Inf
GLUDy_f	ac_c	-0.0	-1.59239879867438	0.25411092509317	-0.0	0.0
GLUDy_f	acald_c	-0.0	0.0	0.8348767440177741	Inf	0.0
GLUDy_f	acetol_c	-0.0	0.0	0.5148406588109606	Inf	0.0
GLUDy_f	acgam_c	-0.0	-0.04121453329399749	0.0	-0.0	Inf
GLUDy_f	acgam6p_c	-0.0	-0.04121453329399749	0.0	-0.0	Inf
GLUDy_f	acmalt_c	0.0	0.0	0.0	Inf	Inf
GLUDy_f	acmana_c	-0.0	-0.04121453329399749	0.0	-0.0	Inf
GLUDy_f	2dmmq8_c	-0.0	0.0	0.0	Inf	Inf
GLUDy_f	2dmmql8_c	0.0	0.0	0.0	Inf	Inf
GLUDy_f	ade_c	-0.0	-0.047633039957433426	0.000291809782974687	-0.0	0.0
GLUDy_f	adn_c	-0.0	0.0	0.000291809782974687	Inf	0.0
GLUDy_f	3sala_c	0.0	0.0	0.0	Inf	Inf
GLUDy_f	adphep_DD_c	-0.0	0.0	0.0	Inf	Inf
GLUDy_f	adphep_LD_c	-0.0	0.0	0.0	Inf	Inf
GLUDy_f	4ahmmp_c	0.0	0.0	0.0	Inf	Inf
GLUDy_f	4crsol_c	-0.0	-999.9999027300723	9.726992765822901e-05	-0.0	0.0
GLUDy_f	2ohph_c	-0.0	-9.726992765822901e-05	0.029560229214026457	-0.0	0.0
GLUDy_f	2ombzl_c	-0.0	0.0	0.0	Inf	Inf
GLUDy_f	2omhmbl_c	-0.0	0.0	0.0	Inf	Inf
GLUDy_f	2ommbl_c	0.0	0.0	0.0	Inf	Inf
GLUDy_f	2omph_c	-0.0	0.0	0.02656099701518284	Inf	0.0
GLUDy_f	4mhetz_c	0.0	0.0	0.0	Inf	Inf
GLUDy_f	2oph_c	-0.0	-9.726992765822901e-05	0.029560229214026457	-0.0	0.0
GLUDy_f	2oxpaccoa_c	-0.0	-0.0002512442977149476	0.0	-0.0	Inf
GLUDy_f	all__D_c	-0.0	-0.5482332158885007	0.0	-0.0	Inf
GLUDy_f	alltn_c	-0.0	-0.5482332158885015	0.0	-0.0	Inf
GLUDy_f	4r5au_c	-0.0	-0.00019453985577743256	0.17161355293698696	-0.0	0.0
GLUDy_f	56dura_c	0.0	0.0	0.0	Inf	Inf
GLUDy_f	arab__L_c	-0.0	-0.5482332158885015	0.0	-0.0	Inf
GLUDy_f	etoh_c	-0.0	-1000.0	0.0	-0.0	Inf
GLUDy_f	csn_c	-0.0	0.0	0.0	Inf	Inf
GLUDy_f	fald_c	-0.0	0.0	0.0	Inf	Inf
GLUDy_f	fc1p_c	-0.0	-0.4207604824631513	0.0	-0.0	Inf
GLUDy_f	fcl__L_c	-0.0	0.0	0.0	Inf	Inf
GLUDy_f	aso4_c	0.0	0.0	0.0	Inf	Inf
GLUDy_f	cyan_c	0.0	0.0	0.0	Inf	Inf
GLUDy_f	athtp_c	0.0	0.0	0.0	Inf	Inf
GLUDy_f	cytd_c	-0.0	-0.07001908133346449	0.0	-0.0	Inf
GLUDy_f	dad_2_c	-0.0	0.0	0.0	Inf	Inf
GLUDy_f	dad_5_c	-0.0	-0.047633039957433426	9.726992765822901e-05	-0.0	0.0
GLUDy_f	betald_c	0.0	0.0	0.0	Inf	Inf
GLUDy_f	btal_c	-0.0	-138.4442229244775	0.0	-0.0	Inf
GLUDy_f	for_c	-0.0	-0.04763303995743345	3.86130494108221	-0.0	0.0
GLUDy_f	dcyt_c	-0.0	0.0	0.0	Inf	Inf
GLUDy_f	fru_c	-0.0	-0.5482332158885007	0.32177541175685054	-0.0	0.0
GLUDy_f	ca2_c	-0.0	-0.002270358625423796	969.1095604713423	-0.0	0.0
GLUDy_f	g3pe_c	-0.0	0.0	0.0	Inf	Inf
GLUDy_f	g3pi_c	0.0	0.0	0.0	Inf	Inf
GLUDy_f	cbm_c	-0.0	-2.0038966004250582	0.0	-0.0	Inf
GLUDy_f	dha_c	-0.0	-1.59239879867438	0.6435508235137011	-0.0	0.0
GLUDy_f	gal_c	-0.0	0.0	0.0	Inf	Inf
GLUDy_f	dhgly_c	-0.0	-9.726992765822901e-05	0.1148343476901771	-0.0	0.0
GLUDy_f	dhmptp_c	0.0	0.0	0.0	Inf	Inf
GLUDy_f	gcald_c	-0.0	-0.5482332158885015	0.00029180978322074225	-0.0	0.0
GLUDy_f	dhptd_c	-0.0	-21.114823337326563	0.00019453985531645802	-0.0	0.0
GLUDy_f	cechddd_c	-0.0	0.0	0.0	Inf	Inf
GLUDy_f	dhptdn_c	0.0	0.0	0.0	Inf	Inf
GLUDy_f	chol_c	0.0	0.0	0.0	Inf	Inf
GLUDy_f	chtbs6p_c	-0.0	0.0	0.0	Inf	Inf
GLUDy_f	dmbzid_c	0.0	0.0	0.0	Inf	Inf
GLUDy_f	dms_c	0.0	0.0	0.0	Inf	Inf
GLUDy_f	dmso_c	0.0	0.0	0.0	Inf	Inf
GLUDy_f	cl_c	-0.0	-0.0022703586253860182	999.9977296413746	-0.0	0.0
GLUDy_f	glc__D_c	-0.0	-0.5482332158885007	0.32177541175685054	-0.0	0.0
GLUDy_f	co2_c	-0.0	-987.904782660465	12.095217339534997	-0.0	0.0
GLUDy_f	dscl_c	-0.0	-9.726992765822901e-05	0.032757624102500126	-0.0	0.0
GLUDy_f	dtdp4aaddg_c	-0.0	0.0	0.0	Inf	Inf
GLUDy_f	glyald_c	-0.0	-1000.0	0.0	-0.0	Inf
GLUDy_f	crn_c	-0.0	-969.1095604713423	0.0	-0.0	Inf
GLUDy_f	duri_c	-0.0	0.0	0.0	Inf	Inf
GLUDy_f	glyb_c	0.0	0.0	0.0	Inf	Inf
GLUDy_f	glyc_c	-0.0	-0.060642347544700735	0.0	-0.0	Inf
GLUDy_f	dxyl_c	0.0	0.0	0.0	Inf	Inf
GLUDy_f	glycogen_c	-0.0	-0.5482332158885007	0.0	-0.0	Inf
GLUDy_f	gmhep1p_c	-0.0	0.0	0.25529288866659217	Inf	0.0
GLUDy_f	lipa_cold_c	-0.0	0.0	0.0	Inf	Inf
GLUDy_f	lipidA_c	-0.0	-0.008486474047168178	0.02157153598369946	-0.0	0.0
GLUDy_f	malt_c	0.0	0.0	0.0	Inf	Inf
GLUDy_f	h2_c	-0.0	0.0	0.0	Inf	Inf
GLUDy_f	malthx_c	-0.0	0.0	0.0	Inf	Inf
GLUDy_f	maltpt_c	-0.0	0.0	0.0	Inf	Inf
GLUDy_f	malttr_c	-0.0	0.0	0.0	Inf	Inf
GLUDy_f	maltttr_c	-0.0	0.0	0.0	Inf	Inf
GLUDy_f	h2o2_c	-0.0	-0.0007092417143589175	3.319174094535935	-0.0	0.0
GLUDy_f	man_c	-0.0	0.0	0.0	Inf	Inf
GLUDy_f	mdhdhf_c	-0.0	-21.114823337326563	0.00019453985531645802	-0.0	0.0
GLUDy_f	melib_c	-0.0	0.0	0.0	Inf	Inf
GLUDy_f	meoh_c	-0.0	-1000.0	0.0	-0.0	Inf
GLUDy_f	pacald_c	-0.0	-969.1095604713423	0.0	-0.0	Inf
GLUDy_f	metsox_S__L_c	-0.0	-0.04763303995743345	0.0	-0.0	Inf
GLUDy_f	mg2_c	-0.0	-0.00378393104231003	484.55478023567116	-0.0	0.0
GLUDy_f	hhlipa_c	-0.0	0.0	0.0	Inf	Inf
GLUDy_f	pe120_c	-0.0	0.0	0.0	Inf	Inf
GLUDy_f	mobd_c	-0.0	-5.62682540703463e-05	7.72260988216442	-0.0	0.0
GLUDy_f	hlipa_c	-0.0	0.0	0.0	Inf	Inf
GLUDy_f	pg120_c	-0.0	-0.030321173772350368	0.0	-0.0	Inf
GLUDy_f	mql8_c	0.0	0.0	0.0	Inf	Inf
GLUDy_f	mqn8_c	-0.0	0.0	0.0	Inf	Inf
GLUDy_f	mthgxl_c	-0.0	0.0	0.5940469140126472	Inf	0.0
GLUDy_f	hqn_c	0.0	0.0	0.0	Inf	Inf
GLUDy_f	mththf_c	-0.0	-999.9998054601447	0.00019453985531645802	-0.0	0.0
GLUDy_f	n2o_c	-0.0	-1000.0	0.0	-0.0	Inf
GLUDy_f	na1_c	-0.0	-30.89043952865768	0.0	-0.0	Inf
GLUDy_f	nac_c	-0.0	0.0	0.0	Inf	Inf
GLUDy_f	ncam_c	-0.0	0.0	0.0	Inf	Inf
GLUDy_f	ni2_c	-0.0	-0.00014088872929869046	999.9998591112707	-0.0	0.0
GLUDy_f	no_c	-0.0	-1000.0	0.0	-0.0	Inf
GLUDy_f	indole_c	-0.0	-0.024794235416487495	0.1860869851123956	-0.0	0.0
GLUDy_f	no2_c	-0.0	-969.1095604713423	0.0	-0.0	Inf
GLUDy_f	no3_c	0.0	0.0	0.0	Inf	Inf
GLUDy_f	inost_c	0.0	0.0	0.0	Inf	Inf
GLUDy_f	o2_c	-0.0	-11.164435731338092	988.8355642686619	-0.0	0.0
GLUDy_f	poaac_c	-0.0	-2.2064599663326847	0.0	-0.0	Inf
GLUDy_f	ppal_c	-0.0	0.0	0.0	Inf	Inf
GLUDy_f	k_c	-0.0	-0.0851408474860591	30.89043952865768	-0.0	0.0
GLUDy_f	psclys_c	-0.0	0.0	0.0	Inf	Inf
GLUDy_f	lald__D_c	-0.0	0.0	0.5235667716721637	Inf	0.0
GLUDy_f	lald__L_c	-0.0	-1.59239879867438	0.0	-0.0	Inf
GLUDy_f	ura_c	-0.0	-0.1442888148867496	0.0	-0.0	Inf
GLUDy_f	pydx_c	-0.0	0.0	0.21753830653984263	Inf	0.0
GLUDy_f	uracp_c	-0.0	-2.355591944741036	0.0	-0.0	Inf
GLUDy_f	pydxn_c	-0.0	0.0	0.20731838609837352	Inf	0.0
GLUDy_f	urate_c	-0.0	-0.0007092417143589175	0.0	-0.0	Inf
GLUDy_f	q8_c	-0.0	0.0	0.0	Inf	Inf
GLUDy_f	q8h2_c	-0.0	0.0	0.0	Inf	Inf
GLUDy_f	urea_c	-0.0	0.0	1.1440903529132465	Inf	0.0
GLUDy_f	uri_c	-0.0	0.0	0.0	Inf	Inf
GLUDy_f	rbflvrd_c	-0.0	0.0	0.023816519978716734	Inf	0.0
GLUDy_f	rbl__L_c	-0.0	-0.5482332158885015	0.0	-0.0	Inf
GLUDy_f	rdmbzi_c	0.0	0.0	0.0	Inf	Inf
GLUDy_f	thptdn_c	0.0	0.0	0.0	Inf	Inf
GLUDy_f	xan_c	-0.0	0.0	0.0	Inf	Inf
GLUDy_f	rephaccoa_c	-0.0	-0.0002512442977149476	0.0	-0.0	Inf
GLUDy_f	rib__D_c	-0.0	0.0	0.36774332772211527	Inf	0.0
GLUDy_f	xtsn_c	-0.0	0.0	0.18497269178836928	Inf	0.0
GLUDy_f	rml_c	-0.0	-0.5482332158885007	0.0	-0.0	Inf
GLUDy_f	thym_c	-0.0	-30.89043952865768	0.0	-0.0	Inf
GLUDy_f	thymd_c	-0.0	-0.011413295637225929	0.0	-0.0	Inf
GLUDy_f	xu5p__L_c	-0.0	-0.4207604824631517	0.0	-0.0	Inf
GLUDy_f	rmn_c	-0.0	-0.5482332158885007	0.0	-0.0	Inf
GLUDy_f	xyl__D_c	0.0	0.0	0.0	Inf	Inf
GLUDy_f	tmao_c	0.0	0.0	0.0	Inf	Inf
GLUDy_f	xylu__D_c	-0.0	0.0	0.0	Inf	Inf
GLUDy_f	xylu__L_c	-0.0	-0.5482332158885015	0.0	-0.0	Inf
GLUDy_f	12ppd__R_e	-0.0	-1000.0	0.0	-0.0	Inf
GLUDy_f	12ppd__S_e	-0.0	-1000.0	0.0	-0.0	Inf
GLUDy_f	tre_c	-0.0	-0.27411660794425036	0.0	-0.0	Inf
GLUDy_f	seln_c	0.0	0.0	0.0	Inf	Inf
GLUDy_f	34dhpac_e	-0.0	-1000.0	0.0	-0.0	Inf
GLUDy_f	slnt_c	0.0	0.0	0.0	Inf	Inf
GLUDy_f	so2_c	0.0	0.0	0.0	Inf	Inf
GLUDy_f	so3_c	-0.0	-0.10811705125046975	1.470973310888458	-0.0	0.0
GLUDy_f	so4_c	-0.0	-0.11000923486563297	30.89043952865768	-0.0	0.0
GLUDy_f	4hoxpacd_e	-0.0	-1000.0	0.0	-0.0	Inf
GLUDy_f	5mtr_e	-0.0	0.0	0.0	Inf	Inf
GLUDy_f	LalaDgluMdap_e	-0.0	-1000.0	0.0	-0.0	Inf
GLUDy_f	ac_e	-0.0	0.0	0.0	Inf	Inf
GLUDy_f	acald_e	-0.0	-1000.0	0.0	-0.0	Inf
GLUDy_f	acgal_e	-0.0	-1000.0	0.0	-0.0	Inf
GLUDy_f	acgam_e	-0.0	-1000.0	0.0	-0.0	Inf
GLUDy_f	acmana_e	-0.0	-1000.0	0.0	-0.0	Inf
GLUDy_f	tagur_c	-0.0	0.0	0.0	Inf	Inf
GLUDy_f	tartr__L_c	-0.0	-0.5482332158885012	0.0	-0.0	Inf
GLUDy_f	ade_e	-0.0	-1000.0	0.0	-0.0	Inf
GLUDy_f	adn_e	-0.0	-1000.0	0.0	-0.0	Inf
GLUDy_f	all__D_e	-0.0	-1000.0	0.0	-0.0	Inf
GLUDy_f	cl_e	-0.0	-0.002270358625423796	999.9977296413746	-0.0	0.0
GLUDy_f	alltn_e	-0.0	0.0	0.0	Inf	Inf
GLUDy_f	cm_e	-0.0	-1000.0	0.0	-0.0	Inf
GLUDy_f	co2_e	-0.0	-987.904782660465	12.095217339534997	-0.0	0.0
GLUDy_f	arab__L_e	-0.0	-1000.0	0.0	-0.0	Inf
GLUDy_f	arbt_e	-0.0	-1000.0	0.0	-0.0	Inf
GLUDy_f	unagamu_c	-0.0	0.0	0.02018982975729258	Inf	0.0
GLUDy_f	crn_e	-0.0	-1000.0	0.0	-0.0	Inf
GLUDy_f	csn_e	-0.0	-1000.0	0.0	-0.0	Inf
GLUDy_f	cyan_e	-0.0	-1000.0	0.0	-0.0	Inf
GLUDy_f	glyb_e	-0.0	-1000.0	0.0	-0.0	Inf
GLUDy_f	glyc_e	-0.0	-1000.0	0.0	-0.0	Inf
GLUDy_f	cytd_e	-0.0	-1000.0	0.0	-0.0	Inf
GLUDy_f	ca2_e	-0.0	-0.002270358625423796	999.9977296413746	-0.0	0.0
GLUDy_f	dad_2_e	-0.0	-1000.0	0.0	-0.0	Inf
GLUDy_f	dcyt_e	-0.0	-1000.0	0.0	-0.0	Inf
GLUDy_f	chol_e	-0.0	-1000.0	0.0	-0.0	Inf
GLUDy_f	dha_e	-0.0	-1000.0	0.0	-0.0	Inf
GLUDy_f	ppal_e	-0.0	-1000.0	0.0	-0.0	Inf
GLUDy_f	h2_e	-0.0	-1000.0	0.0	-0.0	Inf
GLUDy_f	dms_e	-0.0	-1000.0	0.0	-0.0	Inf
GLUDy_f	dmso_e	-0.0	-1000.0	0.0	-0.0	Inf
GLUDy_f	h2o2_e	-0.0	-1000.0	0.0	-0.0	Inf
GLUDy_f	psclys_e	-0.0	-1000.0	0.0	-0.0	Inf
GLUDy_f	duri_e	-0.0	-1000.0	0.0	-0.0	Inf
GLUDy_f	pydx_e	-0.0	-1000.0	0.0	-0.0	Inf
GLUDy_f	pydxn_e	-0.0	-1000.0	0.0	-0.0	Inf
GLUDy_f	etoh_e	-0.0	-1000.0	0.0	-0.0	Inf
GLUDy_f	fald_e	-0.0	0.0	0.0	Inf	Inf
GLUDy_f	rib__D_e	-0.0	-1000.0	0.0	-0.0	Inf
GLUDy_f	rmn_e	-0.0	-1000.0	0.0	-0.0	Inf
GLUDy_f	indole_e	-0.0	-1000.0	0.0	-0.0	Inf
GLUDy_f	inost_e	-0.0	-1000.0	0.0	-0.0	Inf
GLUDy_f	sbt__D_e	-0.0	-0.79619939933719	0.0	-0.0	Inf
GLUDy_f	k_e	-0.0	-0.0851408474860591	999.9148591525139	-0.0	0.0
GLUDy_f	for_e	-0.0	0.0	3.86130494108221	Inf	0.0
GLUDy_f	slnt_e	-0.0	-1000.0	0.0	-0.0	Inf
GLUDy_f	fru_e	-0.0	-1000.0	0.0	-0.0	Inf
GLUDy_f	so2_e	-0.0	-1000.0	0.0	-0.0	Inf
GLUDy_f	so3_e	-0.0	-1000.0	0.0	-0.0	Inf
GLUDy_f	so4_e	-0.0	-0.11000923486563297	999.8899907651344	-0.0	0.0
GLUDy_f	lipa_cold_e	-0.0	-1000.0	0.0	-0.0	Inf
GLUDy_f	sucr_e	-0.0	-0.398099699668595	0.16088770587842527	-0.0	0.0
GLUDy_f	g3pe_e	-0.0	-1000.0	0.0	-0.0	Inf
GLUDy_f	malt_e	-0.0	-1000.0	0.0	-0.0	Inf
GLUDy_f	tartr__L_e	-0.0	-1000.0	0.0	-0.0	Inf
GLUDy_f	g3pi_e	-0.0	-1000.0	0.0	-0.0	Inf
GLUDy_f	malthx_e	-0.0	-1000.0	0.0	-0.0	Inf
GLUDy_f	maltpt_e	-0.0	-1000.0	0.0	-0.0	Inf
GLUDy_f	gal_e	-0.0	-1000.0	0.0	-0.0	Inf
GLUDy_f	gal_bD_e	-0.0	-1000.0	0.0	-0.0	Inf
GLUDy_f	malttr_e	-0.0	-1000.0	0.0	-0.0	Inf
GLUDy_f	maltttr_e	-0.0	-1000.0	0.0	-0.0	Inf
GLUDy_f	man_e	-0.0	-1000.0	0.0	-0.0	Inf
GLUDy_f	thym_e	-0.0	-1000.0	0.0	-0.0	Inf
GLUDy_f	thymd_e	-0.0	-1000.0	0.0	-0.0	Inf
GLUDy_f	galt_e	-0.0	-0.5482332158885007	0.0	-0.0	Inf
GLUDy_f	melib_e	-0.0	-1000.0	0.0	-0.0	Inf
GLUDy_f	meoh_e	-0.0	-1000.0	0.0	-0.0	Inf
GLUDy_f	tmao_e	-0.0	-1000.0	0.0	-0.0	Inf
GLUDy_f	tre_e	-0.0	-1000.0	0.0	-0.0	Inf
GLUDy_f	metsox_S__L_e	-0.0	-1000.0	0.0	-0.0	Inf
GLUDy_f	glc__D_e	-0.0	-1000.0	0.0	-0.0	Inf
GLUDy_f	mg2_e	-0.0	-0.003783931042335098	999.9962160689577	-0.0	0.0
GLUDy_f	mnl_e	-0.0	-1000.0	0.0	-0.0	Inf
GLUDy_f	mobd_e	-0.0	-5.62682540703463e-05	999.9999437317459	-0.0	0.0
GLUDy_f	glyald_e	-0.0	-1000.0	0.0	-0.0	Inf
GLUDy_f	n2o_e	-0.0	-1000.0	0.0	-0.0	Inf
GLUDy_f	na1_e	-0.0	-1000.0	0.0	-0.0	Inf
GLUDy_f	nac_e	-0.0	-1000.0	0.0	-0.0	Inf
GLUDy_f	ni2_e	-0.0	-0.00014088872933371022	999.9998591112707	-0.0	0.0
GLUDy_f	no_e	-0.0	-1000.0	0.0	-0.0	Inf
GLUDy_f	no2_e	-0.0	-1000.0	0.0	-0.0	Inf
GLUDy_f	ura_e	-0.0	-1000.0	0.0	-0.0	Inf
GLUDy_f	no3_e	-0.0	-1000.0	0.0	-0.0	Inf
GLUDy_f	urea_e	-0.0	-1000.0	0.0	-0.0	Inf
GLUDy_f	novbcn_e	-0.0	-1000.0	0.0	-0.0	Inf
GLUDy_f	uri_e	-0.0	-1000.0	0.0	-0.0	Inf
GLUDy_f	o2_e	-0.0	-11.16443573133813	988.8355642686619	-0.0	0.0
GLUDy_f	xan_e	-0.0	0.0	0.0	Inf	Inf
GLUDy_f	xtsn_e	-0.0	-1000.0	0.0	-0.0	Inf
GLUDy_f	xyl__D_e	-0.0	-1000.0	0.0	-0.0	Inf
GLUDy_f	xylu__L_e	-0.0	-1000.0	0.0	-0.0	Inf
GLUDy_f	pacald_e	-0.0	-1000.0	0.0	-0.0	Inf
GLUDy_f	12dgr120_p	-0.0	0.0	0.0	Inf	Inf
GLUDy_f	12dgr140_p	-0.0	0.0	0.0	Inf	Inf
GLUDy_f	12dgr160_p	-0.0	-0.027834902078836876	0.0	-0.0	Inf
GLUDy_f	12dgr180_p	-0.0	0.0	0.0	Inf	Inf
GLUDy_f	12ppd__R_p	-0.0	-1000.0	0.0	-0.0	Inf
GLUDy_f	12ppd__S_p	-0.0	0.0	0.0	Inf	Inf
GLUDy_f	chol_p	-0.0	-1000.0	0.0	-0.0	Inf
GLUDy_f	cl_p	-0.0	-0.002270358625423796	999.9977296413746	-0.0	0.0
GLUDy_f	34dhpac_p	-0.0	-1000.0	0.0	-0.0	Inf
GLUDy_f	cm_p	-0.0	0.0	0.0	Inf	Inf
GLUDy_f	4hoxpacd_p	-0.0	-1000.0	0.0	-0.0	Inf
GLUDy_f	co2_p	-0.0	-987.904782660465	12.095217339534997	-0.0	0.0
GLUDy_f	5mtr_p	-0.0	0.0	0.0	Inf	Inf
GLUDy_f	LalaDgluMdap_p	-0.0	0.0	0.0	Inf	Inf
GLUDy_f	gal_p	-0.0	-1000.0	0.0	-0.0	Inf
GLUDy_f	ac_p	-0.0	-1.59239879867438	0.0	-0.0	Inf
GLUDy_f	crn_p	-0.0	-1000.0	0.0	-0.0	Inf
GLUDy_f	gal_bD_p	-0.0	-1000.0	0.0	-0.0	Inf
GLUDy_f	acald_p	-0.0	-1000.0	0.0	-0.0	Inf
GLUDy_f	acgal_p	-0.0	-1000.0	0.0	-0.0	Inf
GLUDy_f	csn_p	-0.0	0.0	0.0	Inf	Inf
GLUDy_f	acgam_p	-0.0	-1000.0	0.0	-0.0	Inf
GLUDy_f	galt_p	-0.0	-0.5482332158885007	0.0	-0.0	Inf
GLUDy_f	acmana_p	-0.0	-1000.0	0.0	-0.0	Inf
GLUDy_f	cyan_p	-0.0	0.0	0.0	Inf	Inf
GLUDy_f	ade_p	-0.0	-1000.0	0.0	-0.0	Inf
GLUDy_f	adn_p	-0.0	0.0	0.000291809782974687	Inf	0.0
GLUDy_f	cytd_p	-0.0	-0.07001908133346449	0.0	-0.0	Inf
GLUDy_f	glc__D_p	-0.0	-1000.0	0.0	-0.0	Inf
GLUDy_f	dad_2_p	-0.0	-1000.0	0.0	-0.0	Inf
GLUDy_f	dcyt_p	-0.0	-1000.0	0.0	-0.0	Inf
GLUDy_f	all__D_p	-0.0	0.0	0.0	Inf	Inf
GLUDy_f	alltn_p	-0.0	0.0	0.0	Inf	Inf
GLUDy_f	dha_p	-0.0	-1000.0	0.0	-0.0	Inf
GLUDy_f	glyald_p	-0.0	-1000.0	0.0	-0.0	Inf
GLUDy_f	glyb_p	0.0	0.0	0.0	Inf	Inf
GLUDy_f	dms_p	-0.0	-1000.0	0.0	-0.0	Inf
GLUDy_f	glyc_p	-0.0	-0.060642347544700735	0.0	-0.0	Inf
GLUDy_f	dmso_p	-0.0	-1000.0	0.0	-0.0	Inf
GLUDy_f	arab__L_p	-0.0	0.0	0.0	Inf	Inf
GLUDy_f	arbt_p	0.0	0.0	0.0	Inf	Inf
GLUDy_f	ca2_p	-0.0	-0.002270358625423796	999.9977296413746	-0.0	0.0
GLUDy_f	duri_p	-0.0	-1000.0	0.0	-0.0	Inf
GLUDy_f	h2_p	-0.0	-1000.0	0.0	-0.0	Inf
GLUDy_f	h2o2_p	-0.0	-1000.0	0.0	-0.0	Inf
GLUDy_f	etoh_p	-0.0	-1000.0	0.0	-0.0	Inf
GLUDy_f	fald_p	-0.0	0.0	0.0	Inf	Inf
GLUDy_f	n2o_p	-0.0	-1000.0	0.0	-0.0	Inf
GLUDy_f	na1_p	-0.0	-1000.0	0.0	-0.0	Inf
GLUDy_f	indole_p	-0.0	0.0	0.1872147850221677	Inf	0.0
GLUDy_f	nac_p	-0.0	-1000.0	0.0	-0.0	Inf
GLUDy_f	ni2_p	-0.0	-0.00014088872933371022	999.9998591112707	-0.0	0.0
GLUDy_f	inost_p	-0.0	-1000.0	0.0	-0.0	Inf
GLUDy_f	no_p	-0.0	-1000.0	0.0	-0.0	Inf
GLUDy_f	no2_p	-0.0	-1000.0	0.0	-0.0	Inf
GLUDy_f	for_p	-0.0	0.0	3.86130494108221	Inf	0.0
GLUDy_f	fru_p	-0.0	-1000.0	0.0	-0.0	Inf
GLUDy_f	no3_p	-0.0	0.0	0.0	Inf	Inf
GLUDy_f	k_p	-0.0	-0.0851408474860591	999.9148591525139	-0.0	0.0
GLUDy_f	novbcn_p	-0.0	0.0	0.0	Inf	Inf
GLUDy_f	o2_p	-0.0	-11.16443573133813	988.8355642686619	-0.0	0.0
GLUDy_f	lipa_cold_p	-0.0	-7.72260988216442	0.0	-0.0	Inf
GLUDy_f	g3pe_p	-0.0	0.0	0.0	Inf	Inf
GLUDy_f	g3pi_p	-0.0	0.0	0.0	Inf	Inf
GLUDy_f	so3_p	-0.0	-1000.0	0.0	-0.0	Inf
GLUDy_f	so4_p	-0.0	-0.11000923486563297	999.8899907651344	-0.0	0.0
GLUDy_f	malt_p	0.0	0.0	0.0	Inf	Inf
GLUDy_f	malthx_p	0.0	0.0	0.0	Inf	Inf
GLUDy_f	maltpt_p	0.0	0.0	0.0	Inf	Inf
GLUDy_f	sucr_p	-0.0	-0.398099699668595	0.16088770587842527	-0.0	0.0
GLUDy_f	malttr_p	0.0	0.0	0.0	Inf	Inf
GLUDy_f	maltttr_p	0.0	0.0	0.0	Inf	Inf
GLUDy_f	pacald_p	-0.0	-1000.0	0.0	-0.0	Inf
GLUDy_f	man_p	-0.0	-1000.0	0.0	-0.0	Inf
GLUDy_f	tartr__L_p	-0.0	-1000.0	0.0	-0.0	Inf
GLUDy_f	pe120_p	-0.0	0.0	0.0	Inf	Inf
GLUDy_f	melib_p	-0.0	-1000.0	0.0	-0.0	Inf
GLUDy_f	meoh_p	-0.0	-1000.0	0.0	-0.0	Inf
GLUDy_f	thym_p	-0.0	-1000.0	0.0	-0.0	Inf
GLUDy_f	thymd_p	-0.0	-0.011413295637225929	0.0	-0.0	Inf
GLUDy_f	pg120_p	-0.0	-0.030321173772350368	0.0	-0.0	Inf
GLUDy_f	metsox_S__L_p	-0.0	-1000.0	0.0	-0.0	Inf
GLUDy_f	tmao_p	-0.0	-1000.0	0.0	-0.0	Inf
GLUDy_f	mg2_p	-0.0	-0.00378393104231003	999.9962160689577	-0.0	0.0
GLUDy_f	tre_p	-0.0	0.0	0.0	Inf	Inf
GLUDy_f	mnl_p	-0.0	0.0	0.0	Inf	Inf
GLUDy_f	mobd_p	-0.0	-5.62682540703463e-05	999.9999437317459	-0.0	0.0
GLUDy_f	ura_p	-0.0	-1000.0	0.0	-0.0	Inf
GLUDy_f	urea_p	-0.0	0.0	1.1440903529132465	Inf	0.0
GLUDy_f	uri_p	-0.0	0.0	0.0	Inf	Inf
GLUDy_f	xan_p	-0.0	0.0	0.0	Inf	Inf
GLUDy_f	xtsn_p	-0.0	0.0	0.0	Inf	Inf
GLUDy_f	xyl__D_p	-0.0	-1000.0	0.0	-0.0	Inf
GLUDy_f	xylu__L_p	-0.0	0.0	0.0	Inf	Inf
GLUDy_f	ppal_p	-0.0	0.0	0.0	Inf	Inf
GLUDy_f	psclys_p	-0.0	-1000.0	0.0	-0.0	Inf
GLUDy_f	pydx_p	-0.0	0.0	0.0	Inf	Inf
GLUDy_f	pydxn_p	-0.0	0.0	0.0	Inf	Inf
GLUDy_f	rib__D_p	-0.0	-1000.0	0.0	-0.0	Inf
GLUDy_f	rmn_p	-0.0	-1000.0	0.0	-0.0	Inf
GLUDy_f	sbt__D_p	-0.0	-0.79619939933719	0.0	-0.0	Inf
GLUDy_f	slnt_p	-0.0	-1000.0	0.0	-0.0	Inf
GLUDy_f	so2_p	-0.0	-1000.0	0.0	-0.0	Inf
