Reaction	Metabolite	ShadowPrice	G-	G+	DecrementalShadowPrice	IncrementalShadowPrice
DTARTD	12dgr120_c	-0.0	0.0	0.0	Inf	Inf
DTARTD	12dgr140_c	-0.0	0.0	0.0	Inf	Inf
DTARTD	12dgr160_c	-0.0	-0.05482691563553356	0.0	-0.0	Inf
DTARTD	12dgr180_c	-0.0	0.0	0.0	Inf	Inf
DTARTD	12ppd__R_c	-0.0	-1000.0	0.0	-0.0	Inf
DTARTD	12ppd__S_c	-0.0	0.0	0.0	Inf	Inf
DTARTD	5drib_c	-0.0	-999.9998066873097	0.00019331269028732018	-0.0	0.0
DTARTD	5mta_c	-0.0	0.0	0.0	Inf	Inf
DTARTD	23dhacoa_c	-0.0	-0.0004948804884268576	0.0	-0.0	Inf
DTARTD	5mtr_c	-0.0	0.0	0.0	Inf	Inf
DTARTD	3amac_c	-0.0	-7.89423043069162	0.0	-0.0	Inf
DTARTD	LalaDgluMdap_c	-0.0	-0.02387454683424024	0.0	-0.0	Inf
DTARTD	ac_c	-0.0	-3.644962325419556	1.9919594863788226	-0.0	0.0
DTARTD	acald_c	-0.0	-3.644962325419556	1.593277246119791	-0.0	0.0
DTARTD	acetol_c	-0.0	0.0	0.0	Inf	Inf
DTARTD	acgam_c	-0.0	-0.08118101991051704	0.0	-0.0	Inf
DTARTD	acgam6p_c	-0.0	-0.08118101991051704	0.0	-0.0	Inf
DTARTD	acmalt_c	0.0	0.0	0.0	Inf	Inf
DTARTD	acmana_c	-0.0	-0.08118101991051704	0.0	-0.0	Inf
DTARTD	2dmmq8_c	-0.0	0.0	0.0	Inf	Inf
DTARTD	2dmmql8_c	0.0	0.0	0.0	Inf	Inf
DTARTD	ade_c	-0.0	-0.09382882486249855	0.0005782197358688747	-0.0	0.0
DTARTD	adn_c	-0.0	0.0	0.0005782197358688747	Inf	0.0
DTARTD	3sala_c	0.0	0.0	0.0	Inf	Inf
DTARTD	adphep_DD_c	-0.0	0.0	0.0	Inf	Inf
DTARTD	adphep_LD_c	-0.0	0.0	0.0	Inf	Inf
DTARTD	4ahmmp_c	0.0	0.0	0.0	Inf	Inf
DTARTD	4crsol_c	-0.0	-999.9998084056448	0.000191594355262544	-0.0	0.0
DTARTD	2ohph_c	-0.0	-0.000191594355262544	0.06237662596665848	-0.0	0.0
DTARTD	2ombzl_c	-0.0	0.0	0.0	Inf	Inf
DTARTD	2omhmbl_c	-0.0	0.0	0.0	Inf	Inf
DTARTD	2ommbl_c	0.0	0.0	0.0	Inf	Inf
DTARTD	2omph_c	-0.0	0.0	0.055932501117545316	Inf	0.0
DTARTD	4mhetz_c	0.0	0.0	0.0	Inf	Inf
DTARTD	2oph_c	-0.0	-0.000191594355262544	0.06237662596665848	-0.0	0.0
DTARTD	2oxpaccoa_c	-0.0	-0.0004948804884268576	0.0	-0.0	Inf
DTARTD	all__D_c	-0.0	-10.285125220842815	0.0	-0.0	Inf
DTARTD	alltn_c	-0.0	-1.973557607672905	0.0	-0.0	Inf
DTARTD	4r5au_c	-0.0	-0.00038318871104585286	0.3621084650272252	-0.0	0.0
DTARTD	56dura_c	0.0	0.0	0.0	Inf	Inf
DTARTD	arab__L_c	-0.0	-10.285125220842815	0.0	-0.0	Inf
DTARTD	etoh_c	-0.0	-1000.0	0.0	-0.0	Inf
DTARTD	csn_c	-0.0	0.0	0.15542769882983976	Inf	0.0
DTARTD	fald_c	-0.0	0.0	0.0	Inf	Inf
DTARTD	fc1p_c	-0.0	0.0	0.0	Inf	Inf
DTARTD	fcl__L_c	-0.0	0.0	0.0	Inf	Inf
DTARTD	aso4_c	0.0	0.0	0.0	Inf	Inf
DTARTD	cyan_c	0.0	0.0	0.0	Inf	Inf
DTARTD	athtp_c	0.0	0.0	0.0	Inf	Inf
DTARTD	cytd_c	-0.0	-0.13791786492612795	0.0	-0.0	Inf
DTARTD	dad_2_c	-0.0	-0.09382882486249855	0.0	-0.0	Inf
DTARTD	dad_5_c	-0.0	-0.09382882486249855	0.00019331269028732018	-0.0	0.0
DTARTD	betald_c	0.0	0.0	0.0	Inf	Inf
DTARTD	btal_c	-0.0	-529.4594708977854	0.0	-0.0	Inf
DTARTD	for_c	-0.0	-0.09382882486249855	0.0021075379093072706	-0.0	0.0
DTARTD	dcyt_c	-0.0	-0.022480977129146755	0.0	-0.0	Inf
DTARTD	fru_c	-0.0	-10.285125220842815	0.0	-0.0	Inf
DTARTD	ca2_c	-0.0	-0.004471966901974156	999.995528033098	-0.0	0.0
DTARTD	g3pe_c	-0.0	-0.8287796166477959	0.0	-0.0	Inf
DTARTD	g3pi_c	0.0	0.0	0.0	Inf	Inf
DTARTD	cbm_c	-0.0	-3.94711521534581	0.0	-0.0	Inf
DTARTD	dha_c	-0.0	-88.24324514963091	1.327731038433159	-0.0	0.0
DTARTD	gal_c	-0.0	0.0	0.0	Inf	Inf
DTARTD	dhgly_c	-0.0	-0.000191594355262544	0.24036510178531328	-0.0	0.0
DTARTD	dhmptp_c	0.0	0.0	0.0	Inf	Inf
DTARTD	gcald_c	-0.0	-2.542584251128358	0.000574783065644624	-0.0	0.0
DTARTD	dhptd_c	-0.0	-54.622971551465405	0.00038490704558155446	-0.0	0.0
DTARTD	cechddd_c	-0.0	0.0	0.0	Inf	Inf
DTARTD	dhptdn_c	0.0	0.0	0.0	Inf	Inf
DTARTD	chol_c	0.0	0.0	0.0	Inf	Inf
DTARTD	chtbs6p_c	-0.0	0.0	0.0	Inf	Inf
DTARTD	dmbzid_c	0.0	0.0	0.0	Inf	Inf
DTARTD	dms_c	0.0	0.0	0.0	Inf	Inf
DTARTD	dmso_c	0.0	0.0	0.0	Inf	Inf
DTARTD	cl_c	-0.0	-0.004471966901974156	999.995528033098	-0.0	0.0
DTARTD	glc__D_c	-0.0	-10.285125220842815	0.0	-0.0	Inf
DTARTD	co2_c	-0.0	-984.8674396872188	15.132560312781152	-0.0	0.0
DTARTD	dscl_c	-0.0	-0.000191594355262544	0.06893041237848292	-0.0	0.0
DTARTD	dtdp4aaddg_c	-0.0	0.0	0.0	Inf	Inf
DTARTD	glyald_c	-0.0	-1000.0	0.0	-0.0	Inf
DTARTD	crn_c	-0.0	-1000.0	0.0	-0.0	Inf
DTARTD	duri_c	-0.0	-0.022480977129146755	0.0	-0.0	Inf
DTARTD	glyb_c	0.0	0.0	0.0	Inf	Inf
DTARTD	glyc_c	-0.0	-75.6370672711122	1.1380551757998507	-0.0	0.0
DTARTD	dxyl_c	0.0	0.0	0.0	Inf	Inf
DTARTD	glycogen_c	-0.0	-10.285125220842815	0.0	-0.0	Inf
DTARTD	gmhep1p_c	-0.0	0.0	0.5211654543382493	Inf	0.0
DTARTD	lipa_cold_c	-0.0	0.0	0.0	Inf	Inf
DTARTD	lipidA_c	-0.0	-0.01671596312101542	0.04199149368538606	-0.0	0.0
DTARTD	malt_c	0.0	0.0	0.0	Inf	Inf
DTARTD	h2_c	-0.0	0.0	0.0	Inf	Inf
DTARTD	malthx_c	-0.0	0.0	0.0	Inf	Inf
DTARTD	maltpt_c	-0.0	0.0	0.0	Inf	Inf
DTARTD	malttr_c	-0.0	0.0	0.0	Inf	Inf
DTARTD	maltttr_c	-0.0	0.0	0.0	Inf	Inf
DTARTD	h2o2_c	-0.0	-0.001397006374631787	0.8951554619840181	-0.0	0.0
DTARTD	man_c	-0.0	0.0	0.0	Inf	Inf
DTARTD	mdhdhf_c	-0.0	-54.622971551465405	0.00038490704558155446	-0.0	0.0
DTARTD	melib_c	-0.0	0.0	0.0	Inf	Inf
DTARTD	meoh_c	-0.0	-999.999998281665	1.718335056466458e-06	-0.0	0.0
DTARTD	pacald_c	-0.0	-1000.0	0.0	-0.0	Inf
DTARTD	metsox_S__L_c	-0.0	-0.09382882486249855	0.0	-0.0	Inf
DTARTD	mg2_c	-0.0	-0.007453278169919031	999.9925467218301	-0.0	0.0
DTARTD	hhlipa_c	-0.0	0.0	0.0	Inf	Inf
DTARTD	pe120_c	-0.0	-0.0668638524840907	0.0	-0.0	Inf
DTARTD	mobd_c	-0.0	-0.00011083260909806358	13.94117590354817	-0.0	0.0
DTARTD	hlipa_c	-0.0	0.0	0.0	Inf	Inf
DTARTD	pg120_c	-0.0	-0.0668638524840907	0.0	-0.0	Inf
DTARTD	mql8_c	0.0	0.0	0.0	Inf	Inf
DTARTD	mqn8_c	-0.0	0.0	0.0	Inf	Inf
DTARTD	mthgxl_c	-0.0	0.0	0.0	Inf	Inf
DTARTD	hqn_c	0.0	0.0	0.0	Inf	Inf
DTARTD	mththf_c	-0.0	-999.9996150929544	0.00038490704558155446	-0.0	0.0
DTARTD	n2o_c	-0.0	-1000.0	0.0	-0.0	Inf
DTARTD	na1_c	-0.0	0.0	0.0	Inf	Inf
DTARTD	nac_c	-0.0	0.0	0.0	Inf	Inf
DTARTD	ncam_c	-0.0	0.0	0.0	Inf	Inf
DTARTD	ni2_c	-0.0	-0.00027751110644658183	999.9997224888936	-0.0	0.0
DTARTD	no_c	-0.0	-1000.0	0.0	-0.0	Inf
DTARTD	indole_c	-0.0	-0.048837658906676185	0.37935172526661687	-0.0	0.0
DTARTD	no2_c	-0.0	-1000.0	0.0	-0.0	Inf
DTARTD	no3_c	0.0	0.0	0.0	Inf	Inf
DTARTD	inost_c	0.0	0.0	0.0	Inf	Inf
DTARTD	o2_c	-0.0	-21.69917760309316	978.3008223969068	-0.0	0.0
DTARTD	poaac_c	-0.0	-4.28959258570713	0.0	-0.0	Inf
DTARTD	ppal_c	-0.0	0.0	0.0	Inf	Inf
DTARTD	k_c	-0.0	-0.1677034842455214	55.76470361419268	-0.0	0.0
DTARTD	psclys_c	-0.0	0.0	0.0	Inf	Inf
DTARTD	lald__D_c	-0.0	0.0	0.0	Inf	Inf
DTARTD	lald__L_c	-0.0	0.0	0.0	Inf	Inf
DTARTD	ura_c	-0.0	-0.022480977129146755	0.0	-0.0	Inf
DTARTD	pydx_c	-0.0	0.0	0.47662139841190326	Inf	0.0
DTARTD	uracp_c	-0.0	-4.639858543918081	0.0	-0.0	Inf
DTARTD	pydxn_c	-0.0	0.0	0.4497153517273603	Inf	0.0
DTARTD	urate_c	-0.0	-0.001397006374631787	0.0	-0.0	Inf
DTARTD	q8_c	-0.0	0.0	0.0	Inf	Inf
DTARTD	q8h2_c	0.0	0.0	0.0	Inf	Inf
DTARTD	urea_c	-0.0	0.0	2.655462076866318	Inf	0.0
DTARTD	uri_c	-0.0	0.0	0.0	Inf	Inf
DTARTD	rbflvrd_c	-0.0	0.0	0.046914412431249275	Inf	0.0
DTARTD	rbl__L_c	-0.0	-10.285125220842815	0.0	-0.0	Inf
DTARTD	rdmbzi_c	0.0	0.0	0.0	Inf	Inf
DTARTD	thptdn_c	0.0	0.0	0.0	Inf	Inf
DTARTD	xan_c	-0.0	-0.09382882486249855	0.0	-0.0	Inf
DTARTD	rephaccoa_c	-0.0	-0.0004948804884268576	0.0	-0.0	Inf
DTARTD	rib__D_c	-0.0	0.0	0.0	Inf	Inf
DTARTD	xtsn_c	-0.0	0.0	0.0	Inf	Inf
DTARTD	rml_c	-0.0	0.0	0.0	Inf	Inf
DTARTD	thym_c	-0.0	-55.76470361419268	0.0	-0.0	Inf
DTARTD	thymd_c	-0.0	0.0	0.37176469076128454	Inf	0.0
DTARTD	xu5p__L_c	-0.0	-0.8287796166477959	0.0	-0.0	Inf
DTARTD	rmn_c	-0.0	0.0	0.0	Inf	Inf
DTARTD	xyl__D_c	0.0	0.0	0.0	Inf	Inf
DTARTD	tmao_c	0.0	0.0	0.0	Inf	Inf
DTARTD	xylu__D_c	-0.0	0.0	0.0	Inf	Inf
DTARTD	xylu__L_c	-0.0	-10.285125220842815	0.0	-0.0	Inf
DTARTD	12ppd__R_e	-0.0	-1000.0	0.0	-0.0	Inf
DTARTD	12ppd__S_e	-0.0	-1000.0	0.0	-0.0	Inf
DTARTD	tre_c	-0.0	-5.1425626104214075	0.0	-0.0	Inf
DTARTD	seln_c	0.0	0.0	0.0	Inf	Inf
DTARTD	34dhpac_e	-0.0	-1000.0	0.0	-0.0	Inf
DTARTD	slnt_c	0.0	0.0	0.0	Inf	Inf
DTARTD	so2_c	0.0	0.0	0.0	Inf	Inf
DTARTD	so3_c	-0.0	-0.2129635696319383	2.788235180709634	-0.0	0.0
DTARTD	so4_c	-0.0	-0.2166906383006335	55.76470361419268	-0.0	0.0
DTARTD	4hoxpacd_e	-0.0	-1000.0	0.0	-0.0	Inf
DTARTD	5mtr_e	-0.0	0.0	0.0	Inf	Inf
DTARTD	LalaDgluMdap_e	-0.0	-1000.0	0.0	-0.0	Inf
DTARTD	ac_e	-0.0	0.0	0.0	Inf	Inf
DTARTD	acald_e	-0.0	-1000.0	0.0	-0.0	Inf
DTARTD	acgal_e	-0.0	-1000.0	0.0	-0.0	Inf
DTARTD	acgam_e	-0.0	-1000.0	0.0	-0.0	Inf
DTARTD	acmana_e	-0.0	-1000.0	0.0	-0.0	Inf
DTARTD	tagur_c	-0.0	0.0	0.0	Inf	Inf
DTARTD	tartr__L_c	-0.0	-2.542584251128358	0.0	-0.0	Inf
DTARTD	ade_e	-0.0	-1000.0	0.0	-0.0	Inf
DTARTD	adn_e	-0.0	-1000.0	0.0	-0.0	Inf
DTARTD	all__D_e	-0.0	-1000.0	0.0	-0.0	Inf
DTARTD	cl_e	-0.0	-0.004471966901974156	999.995528033098	-0.0	0.0
DTARTD	alltn_e	-0.0	0.0	0.0	Inf	Inf
DTARTD	cm_e	-0.0	-1000.0	0.0	-0.0	Inf
DTARTD	co2_e	-0.0	-984.8674396872188	15.132560312781152	-0.0	0.0
DTARTD	arab__L_e	-0.0	-1000.0	0.0	-0.0	Inf
DTARTD	arbt_e	-0.0	-1000.0	0.0	-0.0	Inf
DTARTD	unagamu_c	-0.0	0.0	0.04240661871801725	Inf	0.0
DTARTD	crn_e	-0.0	-1000.0	0.0	-0.0	Inf
DTARTD	csn_e	-0.0	-1000.0	0.0	-0.0	Inf
DTARTD	cyan_e	-0.0	-1000.0	0.0	-0.0	Inf
DTARTD	glyb_e	-0.0	-1000.0	0.0	-0.0	Inf
DTARTD	glyc_e	-0.0	-75.6370672711122	1.1380551757998507	-0.0	0.0
DTARTD	cytd_e	-0.0	-1000.0	0.0	-0.0	Inf
DTARTD	ca2_e	-0.0	-0.004471966901974156	999.995528033098	-0.0	0.0
DTARTD	dad_2_e	-0.0	-1000.0	0.0	-0.0	Inf
DTARTD	dcyt_e	-0.0	-1000.0	0.0	-0.0	Inf
DTARTD	chol_e	-0.0	-1000.0	0.0	-0.0	Inf
DTARTD	dha_e	-0.0	-1000.0	0.0	-0.0	Inf
DTARTD	ppal_e	-0.0	-1000.0	0.0	-0.0	Inf
DTARTD	h2_e	-0.0	-1000.0	0.0	-0.0	Inf
DTARTD	dms_e	-0.0	-1000.0	0.0	-0.0	Inf
DTARTD	dmso_e	-0.0	-1000.0	0.0	-0.0	Inf
DTARTD	h2o2_e	-0.0	-1000.0	0.0	-0.0	Inf
DTARTD	psclys_e	-0.0	-1000.0	0.0	-0.0	Inf
DTARTD	duri_e	-0.0	-1000.0	0.0	-0.0	Inf
DTARTD	pydx_e	-0.0	-1000.0	0.0	-0.0	Inf
DTARTD	pydxn_e	-0.0	-1000.0	0.0	-0.0	Inf
DTARTD	etoh_e	-0.0	-1000.0	0.0	-0.0	Inf
DTARTD	fald_e	-0.0	0.0	0.0	Inf	Inf
DTARTD	rib__D_e	-0.0	-1000.0	0.0	-0.0	Inf
DTARTD	rmn_e	-0.0	-1000.0	0.0	-0.0	Inf
DTARTD	indole_e	-0.0	-1000.0	0.0	-0.0	Inf
DTARTD	inost_e	-0.0	-1000.0	0.0	-0.0	Inf
DTARTD	sbt__D_e	-0.0	-4.355443596867531	0.0	-0.0	Inf
DTARTD	k_e	-0.0	-0.1677034842455214	999.8322965157545	-0.0	0.0
DTARTD	for_e	-0.0	0.0	0.0021075379093072706	Inf	0.0
DTARTD	slnt_e	-0.0	0.0	1000.0	Inf	0.0
DTARTD	fru_e	-0.0	-1000.0	0.0	-0.0	Inf
DTARTD	so2_e	-0.0	-1000.0	0.0	-0.0	Inf
DTARTD	so3_e	-0.0	-1000.0	0.0	-0.0	Inf
DTARTD	so4_e	-0.0	-0.2166906383006335	999.7833093616994	-0.0	0.0
DTARTD	lipa_cold_e	-0.0	-1000.0	0.0	-0.0	Inf
DTARTD	sucr_e	-0.0	-1000.0	0.0	-0.0	Inf
DTARTD	g3pe_e	-0.0	-1000.0	0.0	-0.0	Inf
DTARTD	malt_e	-0.0	-1000.0	0.0	-0.0	Inf
DTARTD	tartr__L_e	-0.0	-1000.0	0.0	-0.0	Inf
DTARTD	g3pi_e	-0.0	-1000.0	0.0	-0.0	Inf
DTARTD	malthx_e	-0.0	-1000.0	0.0	-0.0	Inf
DTARTD	maltpt_e	-0.0	-1000.0	0.0	-0.0	Inf
DTARTD	gal_e	-0.0	-1000.0	0.0	-0.0	Inf
DTARTD	gal_bD_e	-0.0	-1000.0	0.0	-0.0	Inf
DTARTD	malttr_e	-0.0	-1000.0	0.0	-0.0	Inf
DTARTD	maltttr_e	-0.0	-1000.0	0.0	-0.0	Inf
DTARTD	man_e	-0.0	-1000.0	0.0	-0.0	Inf
DTARTD	thym_e	-0.0	-1000.0	0.0	-0.0	Inf
DTARTD	thymd_e	-0.0	-1000.0	0.0	-0.0	Inf
DTARTD	galt_e	-0.0	-4.355443596867531	0.0	-0.0	Inf
DTARTD	melib_e	-0.0	-1000.0	0.0	-0.0	Inf
DTARTD	meoh_e	-0.0	-999.999998281665	1.718335056466458e-06	-0.0	0.0
DTARTD	tmao_e	-0.0	-1000.0	0.0	-0.0	Inf
DTARTD	tre_e	-0.0	-1000.0	0.0	-0.0	Inf
DTARTD	metsox_S__L_e	-0.0	-1000.0	0.0	-0.0	Inf
DTARTD	glc__D_e	-0.0	-1000.0	0.0	-0.0	Inf
DTARTD	mg2_e	-0.0	-0.007453278169919031	999.9925467218301	-0.0	0.0
DTARTD	mnl_e	-0.0	-1000.0	0.0	-0.0	Inf
DTARTD	mobd_e	-0.0	-0.00011083260915256687	999.9998891673908	-0.0	0.0
DTARTD	glyald_e	-0.0	-1000.0	0.0	-0.0	Inf
DTARTD	n2o_e	-0.0	-1000.0	0.0	-0.0	Inf
DTARTD	na1_e	-0.0	0.0	1000.0	Inf	0.0
DTARTD	nac_e	-0.0	-1000.0	0.0	-0.0	Inf
DTARTD	ni2_e	-0.0	-0.00027751110644658183	999.9997224888936	-0.0	0.0
DTARTD	no_e	-0.0	-1000.0	0.0	-0.0	Inf
DTARTD	no2_e	-0.0	-1000.0	0.0	-0.0	Inf
DTARTD	ura_e	-0.0	-1000.0	0.0	-0.0	Inf
DTARTD	no3_e	-0.0	-1000.0	0.0	-0.0	Inf
DTARTD	urea_e	-0.0	-1000.0	0.0	-0.0	Inf
DTARTD	novbcn_e	-0.0	-1000.0	0.0	-0.0	Inf
DTARTD	uri_e	-0.0	-1000.0	0.0	-0.0	Inf
DTARTD	o2_e	-0.0	-21.699177603093176	978.3008223969068	-0.0	0.0
DTARTD	xan_e	-0.0	0.0	0.0	Inf	Inf
DTARTD	xtsn_e	-0.0	-1000.0	0.0	-0.0	Inf
DTARTD	xyl__D_e	-0.0	-1000.0	0.0	-0.0	Inf
DTARTD	xylu__L_e	-0.0	-1000.0	0.0	-0.0	Inf
DTARTD	pacald_e	-0.0	-1000.0	0.0	-0.0	Inf
DTARTD	12dgr120_p	-0.0	0.0	0.0	Inf	Inf
DTARTD	12dgr140_p	-0.0	0.0	0.0	Inf	Inf
DTARTD	12dgr160_p	-0.0	-0.05482691563553356	0.0	-0.0	Inf
DTARTD	12dgr180_p	-0.0	0.0	0.0	Inf	Inf
DTARTD	12ppd__R_p	-0.0	-1000.0	0.0	-0.0	Inf
DTARTD	12ppd__S_p	-0.0	0.0	0.0	Inf	Inf
DTARTD	chol_p	-0.0	-1000.0	0.0	-0.0	Inf
DTARTD	cl_p	-0.0	-0.004471966901974156	999.995528033098	-0.0	0.0
DTARTD	34dhpac_p	-0.0	-1000.0	0.0	-0.0	Inf
DTARTD	cm_p	-0.0	0.0	0.0	Inf	Inf
DTARTD	4hoxpacd_p	-0.0	-1000.0	0.0	-0.0	Inf
DTARTD	co2_p	-0.0	-984.8674396872188	15.132560312781152	-0.0	0.0
DTARTD	5mtr_p	-0.0	0.0	0.0	Inf	Inf
DTARTD	LalaDgluMdap_p	-0.0	0.0	0.0	Inf	Inf
DTARTD	gal_p	-0.0	-1000.0	0.0	-0.0	Inf
DTARTD	ac_p	-0.0	-3.644962325419556	0.0	-0.0	Inf
DTARTD	crn_p	-0.0	-1000.0	0.0	-0.0	Inf
DTARTD	gal_bD_p	-0.0	-1000.0	0.0	-0.0	Inf
DTARTD	acald_p	-0.0	-1000.0	0.0	-0.0	Inf
DTARTD	acgal_p	-0.0	-1000.0	0.0	-0.0	Inf
DTARTD	csn_p	-0.0	0.0	0.0	Inf	Inf
DTARTD	acgam_p	-0.0	-1000.0	0.0	-0.0	Inf
DTARTD	galt_p	-0.0	-4.355443596867531	0.0	-0.0	Inf
DTARTD	acmana_p	-0.0	-1000.0	0.0	-0.0	Inf
DTARTD	cyan_p	-0.0	0.0	0.0	Inf	Inf
DTARTD	ade_p	-0.0	-1000.0	0.0	-0.0	Inf
DTARTD	adn_p	-0.0	0.0	0.0005782197358688747	Inf	0.0
DTARTD	cytd_p	-0.0	-0.13791786492612795	0.0	-0.0	Inf
DTARTD	glc__D_p	-0.0	-1000.0	0.0	-0.0	Inf
DTARTD	dad_2_p	-0.0	-1000.0	0.0	-0.0	Inf
DTARTD	dcyt_p	-0.0	-1000.0	0.0	-0.0	Inf
DTARTD	all__D_p	-0.0	0.0	0.0	Inf	Inf
DTARTD	alltn_p	-0.0	0.0	0.0	Inf	Inf
DTARTD	dha_p	-0.0	-1000.0	0.0	-0.0	Inf
DTARTD	glyald_p	-0.0	-1000.0	0.0	-0.0	Inf
DTARTD	glyb_p	0.0	0.0	0.0	Inf	Inf
DTARTD	dms_p	-0.0	-1000.0	0.0	-0.0	Inf
DTARTD	glyc_p	-0.0	-75.6370672711122	1.1380551757998507	-0.0	0.0
DTARTD	dmso_p	-0.0	-1000.0	0.0	-0.0	Inf
DTARTD	arab__L_p	-0.0	0.0	0.0	Inf	Inf
DTARTD	arbt_p	0.0	0.0	0.0	Inf	Inf
DTARTD	ca2_p	-0.0	-0.004471966901974156	999.995528033098	-0.0	0.0
DTARTD	duri_p	-0.0	-1000.0	0.0	-0.0	Inf
DTARTD	h2_p	-0.0	-1000.0	0.0	-0.0	Inf
DTARTD	h2o2_p	-0.0	-1000.0	0.0	-0.0	Inf
DTARTD	etoh_p	-0.0	-1000.0	0.0	-0.0	Inf
DTARTD	fald_p	-0.0	0.0	0.0	Inf	Inf
DTARTD	n2o_p	-0.0	-1000.0	0.0	-0.0	Inf
DTARTD	na1_p	-0.0	0.0	0.0	Inf	Inf
DTARTD	indole_p	-0.0	0.0	0.38195002475474443	Inf	0.0
DTARTD	nac_p	-0.0	-1000.0	0.0	-0.0	Inf
DTARTD	ni2_p	-0.0	-0.00027751110644658183	999.9997224888936	-0.0	0.0
DTARTD	inost_p	-0.0	-1000.0	0.0	-0.0	Inf
DTARTD	no_p	-0.0	-1000.0	0.0	-0.0	Inf
DTARTD	no2_p	-0.0	-1000.0	0.0	-0.0	Inf
DTARTD	for_p	-0.0	0.0	0.0021075379093072706	Inf	0.0
DTARTD	fru_p	-0.0	-1000.0	0.0	-0.0	Inf
DTARTD	no3_p	-0.0	0.0	0.0	Inf	Inf
DTARTD	k_p	-0.0	-0.1677034842455214	999.8322965157545	-0.0	0.0
DTARTD	novbcn_p	-0.0	0.0	0.0	Inf	Inf
DTARTD	o2_p	-0.0	-21.699177603093176	978.3008223969068	-0.0	0.0
DTARTD	lipa_cold_p	-0.0	-13.94117590354817	0.0	-0.0	Inf
DTARTD	g3pe_p	-0.0	0.0	0.0	Inf	Inf
DTARTD	g3pi_p	-0.0	0.0	0.0	Inf	Inf
DTARTD	so3_p	-0.0	-1000.0	0.0	-0.0	Inf
DTARTD	so4_p	-0.0	-0.2166906383006335	999.7833093616994	-0.0	0.0
DTARTD	malt_p	0.0	0.0	0.0	Inf	Inf
DTARTD	malthx_p	0.0	0.0	0.0	Inf	Inf
DTARTD	maltpt_p	0.0	0.0	0.0	Inf	Inf
DTARTD	sucr_p	-0.0	-1000.0	0.0	-0.0	Inf
DTARTD	malttr_p	0.0	0.0	0.0	Inf	Inf
DTARTD	maltttr_p	0.0	0.0	0.0	Inf	Inf
DTARTD	pacald_p	-0.0	-1000.0	0.0	-0.0	Inf
DTARTD	man_p	-0.0	-1000.0	0.0	-0.0	Inf
DTARTD	tartr__L_p	-0.0	-1000.0	0.0	-0.0	Inf
DTARTD	pe120_p	-0.0	-0.0668638524840907	0.0	-0.0	Inf
DTARTD	melib_p	-0.0	-1000.0	0.0	-0.0	Inf
DTARTD	meoh_p	-0.0	-999.999998281665	1.718335056466458e-06	-0.0	0.0
DTARTD	thym_p	-0.0	-1000.0	0.0	-0.0	Inf
DTARTD	thymd_p	-0.0	0.0	0.0	Inf	Inf
DTARTD	pg120_p	-0.0	-0.0668638524840907	0.0	-0.0	Inf
DTARTD	metsox_S__L_p	-0.0	-1000.0	0.0	-0.0	Inf
DTARTD	tmao_p	-0.0	-1000.0	0.0	-0.0	Inf
DTARTD	mg2_p	-0.0	-0.007453278169919031	999.9925467218301	-0.0	0.0
DTARTD	tre_p	-0.0	0.0	0.0	Inf	Inf
DTARTD	mnl_p	-0.0	0.0	0.0	Inf	Inf
DTARTD	mobd_p	-0.0	-0.00011083260915256687	999.9998891673908	-0.0	0.0
DTARTD	ura_p	-0.0	-1000.0	0.0	-0.0	Inf
DTARTD	urea_p	-0.0	0.0	2.655462076866318	Inf	0.0
DTARTD	uri_p	-0.0	0.0	0.0	Inf	Inf
DTARTD	xan_p	-0.0	-0.09382882486249855	0.0	-0.0	Inf
DTARTD	xtsn_p	-0.0	0.0	0.0	Inf	Inf
DTARTD	xyl__D_p	-0.0	0.0	0.0	Inf	Inf
DTARTD	xylu__L_p	-0.0	-1000.0	0.0	-0.0	Inf
DTARTD	ppal_p	-0.0	-1000.0	0.0	-0.0	Inf
DTARTD	psclys_p	-0.0	-1000.0	0.0	-0.0	Inf
DTARTD	pydx_p	-0.0	0.0	0.0	Inf	Inf
DTARTD	pydxn_p	-0.0	0.0	0.0	Inf	Inf
DTARTD	rib__D_p	-0.0	-1000.0	0.0	-0.0	Inf
DTARTD	rmn_p	-0.0	-1000.0	0.0	-0.0	Inf
DTARTD	sbt__D_p	-0.0	-4.355443596867531	0.0	-0.0	Inf
DTARTD	slnt_p	-0.0	0.0	0.0	Inf	Inf
DTARTD	so2_p	-0.0	-1000.0	0.0	-0.0	Inf
