Reaction	Metabolite	ShadowPrice	G-	G+	DecrementalShadowPrice	IncrementalShadowPrice
GLCATr_f	12dgr120_c	-0.0	0.0	0.0	Inf	Inf
GLCATr_f	12dgr140_c	-0.0	0.0	0.0	Inf	Inf
GLCATr_f	12dgr160_c	-0.0	-0.05482691563553356	0.0	-0.0	Inf
GLCATr_f	12dgr180_c	-0.0	0.0	0.0	Inf	Inf
GLCATr_f	12ppd__R_c	-0.0	-1000.0	0.0	-0.0	Inf
GLCATr_f	12ppd__S_c	-0.0	0.0	0.0	Inf	Inf
GLCATr_f	5drib_c	-0.0	-999.9998066873097	0.00019331269028732018	-0.0	0.0
GLCATr_f	5mta_c	-0.0	0.0	0.0	Inf	Inf
GLCATr_f	23dhacoa_c	-0.0	-0.0004948804871673929	0.0	-0.0	Inf
GLCATr_f	5mtr_c	-0.0	0.0	0.0	Inf	Inf
GLCATr_f	3amac_c	-0.0	-7.894230430684274	0.0	-0.0	Inf
GLCATr_f	LalaDgluMdap_c	-0.0	-0.02387454683424024	0.0	-0.0	Inf
GLCATr_f	ac_c	-0.0	-3.64496232541811	0.5005303726970339	-0.0	0.0
GLCATr_f	acald_c	-0.0	-3.64496232541811	2.269128795758013	-0.0	0.0
GLCATr_f	acetol_c	-0.0	0.0	0.0033541899683631024	Inf	0.0
GLCATr_f	acgam_c	-0.0	-0.08118101991051704	0.0	-0.0	Inf
GLCATr_f	acgam6p_c	-0.0	-0.08118101991051704	0.0	-0.0	Inf
GLCATr_f	acmalt_c	0.0	0.0	0.0	Inf	Inf
GLCATr_f	acmana_c	-0.0	-0.08118101991051704	0.0	-0.0	Inf
GLCATr_f	2dmmq8_c	-0.0	0.0	0.0	Inf	Inf
GLCATr_f	2dmmql8_c	0.0	0.0	0.0	Inf	Inf
GLCATr_f	ade_c	-0.0	-0.09593636276781581	0.0005782197358688747	-0.0	0.0
GLCATr_f	adn_c	-0.0	0.0	0.0005782197358688747	Inf	0.0
GLCATr_f	3sala_c	0.0	0.0	0.0	Inf	Inf
GLCATr_f	adphep_DD_c	-0.0	0.0	0.0	Inf	Inf
GLCATr_f	adphep_LD_c	-0.0	0.0	0.0	Inf	Inf
GLCATr_f	4ahmmp_c	0.0	0.0	0.0	Inf	Inf
GLCATr_f	4crsol_c	-0.0	-999.9998084056448	0.000191594355262544	-0.0	0.0
GLCATr_f	2ohph_c	-0.0	-0.000191594355262544	0.07596435493358339	-0.0	0.0
GLCATr_f	2ombzl_c	-0.0	0.0	0.0	Inf	Inf
GLCATr_f	2omhmbl_c	-0.0	0.0	0.0	Inf	Inf
GLCATr_f	2ommbl_c	0.0	0.0	0.0	Inf	Inf
GLCATr_f	2omph_c	-0.0	0.0	0.06836053709280701	Inf	0.0
GLCATr_f	4mhetz_c	0.0	0.0	0.0	Inf	Inf
GLCATr_f	2oph_c	-0.0	-0.000191594355262544	0.07596435493358339	-0.0	0.0
GLCATr_f	2oxpaccoa_c	-0.0	-0.0004948804871673929	0.0	-0.0	Inf
GLCATr_f	all__D_c	-0.0	-12.108660152491753	0.0	-0.0	Inf
GLCATr_f	alltn_c	-0.0	-1.9735576076710686	0.0	-0.0	Inf
GLCATr_f	4r5au_c	-0.0	-0.00038318871104585286	0.4627828465032794	-0.0	0.0
GLCATr_f	56dura_c	0.0	0.0	0.0	Inf	Inf
GLCATr_f	arab__L_c	-0.0	-12.10866015249176	0.0	-0.0	Inf
GLCATr_f	etoh_c	-0.0	-1000.0	0.0	-0.0	Inf
GLCATr_f	csn_c	-0.0	0.0	0.0	Inf	Inf
GLCATr_f	fald_c	-0.0	0.0	0.0	Inf	Inf
GLCATr_f	fc1p_c	-0.0	-0.8287796166406628	0.0	-0.0	Inf
GLCATr_f	fcl__L_c	-0.0	0.0	0.0	Inf	Inf
GLCATr_f	aso4_c	0.0	0.0	0.0	Inf	Inf
GLCATr_f	cyan_c	0.0	0.0	0.0	Inf	Inf
GLCATr_f	athtp_c	0.0	0.0	0.0	Inf	Inf
GLCATr_f	cytd_c	-0.0	-0.13791786492602526	0.0	-0.0	Inf
GLCATr_f	dad_2_c	-0.0	-0.09593636276781581	0.0	-0.0	Inf
GLCATr_f	dad_5_c	-0.0	-0.09593636276781581	0.00019331269028732018	-0.0	0.0
GLCATr_f	betald_c	0.0	0.0	0.0	Inf	Inf
GLCATr_f	btal_c	-0.0	-394.58343414509875	0.0	-0.0	Inf
GLCATr_f	for_c	-0.0	-7.894230430684176	0.0021075379091935837	-0.0	0.0
GLCATr_f	dcyt_c	-0.0	0.0	0.0	Inf	Inf
GLCATr_f	fru_c	-0.0	-12.108660152491753	0.0	-0.0	Inf
GLCATr_f	ca2_c	-0.0	-0.004471966901974156	999.995528033098	-0.0	0.0
GLCATr_f	g3pe_c	-0.0	0.0	0.0	Inf	Inf
GLCATr_f	g3pi_c	0.0	0.0	0.0	Inf	Inf
GLCATr_f	cbm_c	-0.0	-3.947115215342137	0.0	-0.0	Inf
GLCATr_f	dha_c	-0.0	-65.76390569084973	1.6748331587737706	-0.0	0.0
GLCATr_f	gal_c	-0.0	0.0	0.0	Inf	Inf
GLCATr_f	dhgly_c	-0.0	-0.000191594355262544	0.3032025546055958	-0.0	0.0
GLCATr_f	dhmptp_c	0.0	0.0	0.0	Inf	Inf
GLCATr_f	gcald_c	-0.0	-2.5425842511267294	0.0005747830655309372	-0.0	0.0
GLCATr_f	dhptd_c	-0.0	-54.622971551465064	0.00038490704558155446	-0.0	0.0
GLCATr_f	cechddd_c	-0.0	0.0	0.0	Inf	Inf
GLCATr_f	dhptdn_c	0.0	0.0	0.0	Inf	Inf
GLCATr_f	chol_c	0.0	0.0	0.0	Inf	Inf
GLCATr_f	chtbs6p_c	-0.0	0.0	0.0	Inf	Inf
GLCATr_f	dmbzid_c	0.0	0.0	0.0	Inf	Inf
GLCATr_f	dms_c	0.0	0.0	0.0	Inf	Inf
GLCATr_f	dmso_c	0.0	0.0	0.0	Inf	Inf
GLCATr_f	cl_c	-0.0	-0.004471966901974156	999.995528033098	-0.0	0.0
GLCATr_f	glc__D_c	-0.0	-12.108660152491753	0.0	-0.0	Inf
GLCATr_f	co2_c	-0.0	-984.8674396871685	15.130452774922333	-0.0	0.0
GLCATr_f	dscl_c	-0.0	-0.000191594355262544	0.09053152209587954	-0.0	0.0
GLCATr_f	dtdp4aaddg_c	-0.0	0.0	0.0	Inf	Inf
GLCATr_f	glyald_c	-0.0	-1000.0	0.0	-0.0	Inf
GLCATr_f	crn_c	-0.0	-1000.0	0.0	-0.0	Inf
GLCATr_f	duri_c	-0.0	0.0	0.0	Inf	Inf
GLCATr_f	glyb_c	0.0	0.0	0.0	Inf	Inf
GLCATr_f	glyc_c	-0.0	-56.36906202072842	1.4355712789489496	-0.0	0.0
GLCATr_f	dxyl_c	0.0	0.0	0.0	Inf	Inf
GLCATr_f	glycogen_c	-0.0	-3.010747206130418	0.0	-0.0	Inf
GLCATr_f	gmhep1p_c	-0.0	0.0	0.6574111464345633	Inf	0.0
GLCATr_f	lipa_cold_c	-0.0	0.0	0.0	Inf	Inf
GLCATr_f	lipidA_c	-0.0	-0.01671596312101542	0.057847855812909826	-0.0	0.0
GLCATr_f	malt_c	0.0	0.0	0.0	Inf	Inf
GLCATr_f	h2_c	-0.0	0.0	0.0	Inf	Inf
GLCATr_f	malthx_c	-0.0	0.0	0.0	Inf	Inf
GLCATr_f	maltpt_c	-0.0	0.0	0.0	Inf	Inf
GLCATr_f	malttr_c	-0.0	0.0	0.0	Inf	Inf
GLCATr_f	maltttr_c	-0.0	0.0	0.0	Inf	Inf
GLCATr_f	h2o2_c	-0.0	-0.0033541899683631024	0.8931982783849435	-0.0	0.0
GLCATr_f	man_c	-0.0	-12.108660152491753	0.0	-0.0	Inf
GLCATr_f	mdhdhf_c	-0.0	-54.622971551465064	0.00038490704558155446	-0.0	0.0
GLCATr_f	melib_c	-0.0	0.0	0.0	Inf	Inf
GLCATr_f	meoh_c	-0.0	-999.999998281665	1.718335056466458e-06	-0.0	0.0
GLCATr_f	pacald_c	-0.0	-1000.0	0.0	-0.0	Inf
GLCATr_f	metsox_S__L_c	-0.0	-0.09593636276781581	0.0	-0.0	Inf
GLCATr_f	mg2_c	-0.0	-0.007453278169919031	999.9925467218301	-0.0	0.0
GLCATr_f	hhlipa_c	-0.0	0.0	0.0	Inf	Inf
GLCATr_f	pe120_c	-0.0	0.0	0.0	Inf	Inf
GLCATr_f	mobd_c	-0.0	-0.00011083260909806358	17.5857481671247	-0.0	0.0
GLCATr_f	hlipa_c	-0.0	0.0	0.0	Inf	Inf
GLCATr_f	pg120_c	-0.0	-0.06686385248409071	0.0	-0.0	Inf
GLCATr_f	mql8_c	0.0	0.0	0.0	Inf	Inf
GLCATr_f	mqn8_c	-0.0	0.0	0.0	Inf	Inf
GLCATr_f	mthgxl_c	-0.0	0.0	0.0033541899683631024	Inf	0.0
GLCATr_f	hqn_c	0.0	0.0	0.0	Inf	Inf
GLCATr_f	mththf_c	-0.0	-999.9996150929544	0.00038490704558155446	-0.0	0.0
GLCATr_f	n2o_c	-0.0	-1000.0	0.0	-0.0	Inf
GLCATr_f	na1_c	-0.0	0.0	0.0	Inf	Inf
GLCATr_f	nac_c	-0.0	0.0	0.0	Inf	Inf
GLCATr_f	ncam_c	-0.0	0.0	0.0	Inf	Inf
GLCATr_f	ni2_c	-0.0	-0.00027751110644658183	999.9997224888936	-0.0	0.0
GLCATr_f	no_c	-0.0	-1000.0	0.0	-0.0	Inf
GLCATr_f	indole_c	-0.0	-0.048837658906676185	0.478523759649649	-0.0	0.0
GLCATr_f	no2_c	-0.0	-1000.0	0.0	-0.0	Inf
GLCATr_f	no3_c	0.0	0.0	0.0	Inf	Inf
GLCATr_f	inost_c	0.0	0.0	0.0	Inf	Inf
GLCATr_f	o2_c	-0.0	-21.699177603140324	978.3008223968596	-0.0	0.0
GLCATr_f	poaac_c	-0.0	-5.410999436038345	0.0	-0.0	Inf
GLCATr_f	ppal_c	-0.0	0.0	0.0	Inf	Inf
GLCATr_f	k_c	-0.0	-0.1677034842455214	70.34299266849848	-0.0	0.0
GLCATr_f	psclys_c	-0.0	0.0	0.0	Inf	Inf
GLCATr_f	lald__D_c	-0.0	0.0	0.0033541899683631024	Inf	0.0
GLCATr_f	lald__L_c	-0.0	-6.177924759572907	0.0	-0.0	Inf
GLCATr_f	ura_c	-0.0	-0.2842083172602088	0.0	-0.0	Inf
GLCATr_f	pydx_c	-0.0	0.0	0.6012221595598155	Inf	0.0
GLCATr_f	uracp_c	-0.0	-4.639858543909895	0.0	-0.0	Inf
GLCATr_f	pydxn_c	-0.0	0.0	0.5672821989395033	Inf	0.0
GLCATr_f	urate_c	-0.0	-0.0033541899683631024	0.0	-0.0	Inf
GLCATr_f	q8_c	-0.0	0.0	0.0	Inf	Inf
GLCATr_f	q8h2_c	0.0	0.0	0.0	Inf	Inf
GLCATr_f	urea_c	-0.0	-1000.0	0.0	-0.0	Inf
GLCATr_f	uri_c	-0.0	-0.2842083172602088	0.0	-0.0	Inf
GLCATr_f	rbflvrd_c	-0.0	0.0	0.23684509315992736	Inf	0.0
GLCATr_f	rbl__L_c	-0.0	-12.10866015249176	0.0	-0.0	Inf
GLCATr_f	rdmbzi_c	0.0	0.0	0.0	Inf	Inf
GLCATr_f	thptdn_c	0.0	0.0	0.0	Inf	Inf
GLCATr_f	xan_c	-0.0	0.0	0.0	Inf	Inf
GLCATr_f	rephaccoa_c	-0.0	-0.0004948804871673929	0.0	-0.0	Inf
GLCATr_f	rib__D_c	-0.0	0.0	0.9505809820067354	Inf	0.0
GLCATr_f	xtsn_c	-0.0	0.0	0.0	Inf	Inf
GLCATr_f	rml_c	-0.0	-6.0553086680427475	0.0	-0.0	Inf
GLCATr_f	thym_c	-0.0	-70.34299266849848	0.0	-0.0	Inf
GLCATr_f	thymd_c	-0.0	-0.02248097712913477	0.0	-0.0	Inf
GLCATr_f	xu5p__L_c	-0.0	-0.8287796166406451	0.0	-0.0	Inf
GLCATr_f	rmn_c	-0.0	-6.0553086680427475	0.0	-0.0	Inf
GLCATr_f	xyl__D_c	0.0	0.0	0.0	Inf	Inf
GLCATr_f	tmao_c	0.0	0.0	0.0	Inf	Inf
GLCATr_f	xylu__D_c	-0.0	0.0	0.0	Inf	Inf
GLCATr_f	xylu__L_c	-0.0	-12.10866015249176	0.0	-0.0	Inf
GLCATr_f	12ppd__R_e	-0.0	-1000.0	0.0	-0.0	Inf
GLCATr_f	12ppd__S_e	-0.0	-1000.0	0.0	-0.0	Inf
GLCATr_f	tre_c	-0.0	-6.0543300762458765	0.0	-0.0	Inf
GLCATr_f	seln_c	0.0	0.0	0.0	Inf	Inf
GLCATr_f	34dhpac_e	-0.0	-1000.0	0.0	-0.0	Inf
GLCATr_f	slnt_c	0.0	0.0	0.0	Inf	Inf
GLCATr_f	so2_c	0.0	0.0	0.0	Inf	Inf
GLCATr_f	so3_c	-0.0	-0.21296356963067886	3.517149633424937	-0.0	0.0
GLCATr_f	so4_c	-0.0	-0.21669063829938295	70.34299266849848	-0.0	0.0
GLCATr_f	4hoxpacd_e	-0.0	-1000.0	0.0	-0.0	Inf
GLCATr_f	5mtr_e	-0.0	0.0	0.0	Inf	Inf
GLCATr_f	LalaDgluMdap_e	-0.0	-1000.0	0.0	-0.0	Inf
GLCATr_f	ac_e	-0.0	0.0	0.0	Inf	Inf
GLCATr_f	acald_e	-0.0	-1000.0	0.0	-0.0	Inf
GLCATr_f	acgal_e	-0.0	-1000.0	0.0	-0.0	Inf
GLCATr_f	acgam_e	-0.0	-1000.0	0.0	-0.0	Inf
GLCATr_f	acmana_e	-0.0	-1000.0	0.0	-0.0	Inf
GLCATr_f	tagur_c	-0.0	0.0	0.0	Inf	Inf
GLCATr_f	tartr__L_c	-0.0	-2.5425842511267294	0.0	-0.0	Inf
GLCATr_f	ade_e	-0.0	-1000.0	0.0	-0.0	Inf
GLCATr_f	adn_e	-0.0	-1000.0	0.0	-0.0	Inf
GLCATr_f	all__D_e	-0.0	-1000.0	0.0	-0.0	Inf
GLCATr_f	cl_e	-0.0	-0.004471966901974156	999.995528033098	-0.0	0.0
GLCATr_f	alltn_e	-0.0	0.0	0.0	Inf	Inf
GLCATr_f	cm_e	-0.0	-1000.0	0.0	-0.0	Inf
GLCATr_f	co2_e	-0.0	-984.8674396871685	15.132560312831515	-0.0	0.0
GLCATr_f	arab__L_e	-0.0	-1000.0	0.0	-0.0	Inf
GLCATr_f	arbt_e	-0.0	-1000.0	0.0	-0.0	Inf
GLCATr_f	unagamu_c	-0.0	0.0	0.05206735208623117	Inf	0.0
GLCATr_f	crn_e	-0.0	-1000.0	0.0	-0.0	Inf
GLCATr_f	csn_e	-0.0	-1000.0	0.0	-0.0	Inf
GLCATr_f	cyan_e	-0.0	-1000.0	0.0	-0.0	Inf
GLCATr_f	glyb_e	-0.0	-1000.0	0.0	-0.0	Inf
GLCATr_f	glyc_e	-0.0	-56.36906202072842	1.4355712789489496	-0.0	0.0
GLCATr_f	cytd_e	-0.0	-1000.0	0.0	-0.0	Inf
GLCATr_f	ca2_e	-0.0	-0.004471966901980007	999.995528033098	-0.0	0.0
GLCATr_f	dad_2_e	-0.0	-1000.0	0.0	-0.0	Inf
GLCATr_f	dcyt_e	-0.0	-1000.0	0.0	-0.0	Inf
GLCATr_f	chol_e	-0.0	-1000.0	0.0	-0.0	Inf
GLCATr_f	dha_e	-0.0	-1000.0	0.0	-0.0	Inf
GLCATr_f	ppal_e	-0.0	-1000.0	0.0	-0.0	Inf
GLCATr_f	h2_e	-0.0	-1000.0	0.0	-0.0	Inf
GLCATr_f	dms_e	-0.0	-1000.0	0.0	-0.0	Inf
GLCATr_f	dmso_e	-0.0	-1000.0	0.0	-0.0	Inf
GLCATr_f	h2o2_e	-0.0	-1000.0	0.0	-0.0	Inf
GLCATr_f	psclys_e	-0.0	-1000.0	0.0	-0.0	Inf
GLCATr_f	duri_e	-0.0	-1000.0	0.0	-0.0	Inf
GLCATr_f	pydx_e	-0.0	-1000.0	0.0	-0.0	Inf
GLCATr_f	pydxn_e	-0.0	-1000.0	0.0	-0.0	Inf
GLCATr_f	etoh_e	-0.0	-1000.0	0.0	-0.0	Inf
GLCATr_f	fald_e	-0.0	0.0	0.0	Inf	Inf
GLCATr_f	rib__D_e	-0.0	-1000.0	0.0	-0.0	Inf
GLCATr_f	rmn_e	-0.0	-1000.0	0.0	-0.0	Inf
GLCATr_f	indole_e	-0.0	-1000.0	0.0	-0.0	Inf
GLCATr_f	inost_e	-0.0	-1000.0	0.0	-0.0	Inf
GLCATr_f	sbt__D_e	-0.0	-6.177924759572907	0.0	-0.0	Inf
GLCATr_f	k_e	-0.0	-0.1677034842455214	999.8322965157545	-0.0	0.0
GLCATr_f	for_e	-0.0	0.0	0.0021075379091935837	Inf	0.0
GLCATr_f	slnt_e	-0.0	0.0	1000.0	Inf	0.0
GLCATr_f	fru_e	-0.0	-1000.0	0.0	-0.0	Inf
GLCATr_f	so2_e	-0.0	-1000.0	0.0	-0.0	Inf
GLCATr_f	so3_e	-0.0	-1000.0	0.0	-0.0	Inf
GLCATr_f	so4_e	-0.0	-0.21669063829938295	999.7833093617006	-0.0	0.0
GLCATr_f	lipa_cold_e	-0.0	-1000.0	0.0	-0.0	Inf
GLCATr_f	sucr_e	-0.0	-1000.0	0.0	-0.0	Inf
GLCATr_f	g3pe_e	-0.0	-1000.0	0.0	-0.0	Inf
GLCATr_f	malt_e	-0.0	-1000.0	0.0	-0.0	Inf
GLCATr_f	tartr__L_e	-0.0	-1000.0	0.0	-0.0	Inf
GLCATr_f	g3pi_e	-0.0	-1000.0	0.0	-0.0	Inf
GLCATr_f	malthx_e	-0.0	-1000.0	0.0	-0.0	Inf
GLCATr_f	maltpt_e	-0.0	-1000.0	0.0	-0.0	Inf
GLCATr_f	gal_e	-0.0	-1000.0	0.0	-0.0	Inf
GLCATr_f	gal_bD_e	-0.0	-1000.0	0.0	-0.0	Inf
GLCATr_f	malttr_e	-0.0	-1000.0	0.0	-0.0	Inf
GLCATr_f	maltttr_e	-0.0	-1000.0	0.0	-0.0	Inf
GLCATr_f	man_e	-0.0	-1000.0	0.0	-0.0	Inf
GLCATr_f	thym_e	-0.0	-1000.0	0.0	-0.0	Inf
GLCATr_f	thymd_e	-0.0	-1000.0	0.0	-0.0	Inf
GLCATr_f	galt_e	-0.0	-6.055308668042746	0.0	-0.0	Inf
GLCATr_f	melib_e	-0.0	-1000.0	0.0	-0.0	Inf
GLCATr_f	meoh_e	-0.0	-999.999998281665	1.718335056466458e-06	-0.0	0.0
GLCATr_f	tmao_e	-0.0	-1000.0	0.0	-0.0	Inf
GLCATr_f	tre_e	-0.0	-1000.0	0.0	-0.0	Inf
GLCATr_f	metsox_S__L_e	-0.0	-1000.0	0.0	-0.0	Inf
GLCATr_f	glc__D_e	-0.0	-1000.0	0.0	-0.0	Inf
GLCATr_f	mg2_e	-0.0	-0.007453278169919031	999.9925467218301	-0.0	0.0
GLCATr_f	mnl_e	-0.0	-1000.0	0.0	-0.0	Inf
GLCATr_f	mobd_e	-0.0	-0.00011083260915256687	999.9998891673908	-0.0	0.0
GLCATr_f	glyald_e	-0.0	-1000.0	0.0	-0.0	Inf
GLCATr_f	n2o_e	-0.0	-1000.0	0.0	-0.0	Inf
GLCATr_f	na1_e	-0.0	0.0	1000.0	Inf	0.0
GLCATr_f	nac_e	-0.0	-1000.0	0.0	-0.0	Inf
GLCATr_f	ni2_e	-0.0	-0.00027751110644658183	999.9997224888936	-0.0	0.0
GLCATr_f	no_e	-0.0	-1000.0	0.0	-0.0	Inf
GLCATr_f	no2_e	-0.0	-1000.0	0.0	-0.0	Inf
GLCATr_f	ura_e	-0.0	-1000.0	0.0	-0.0	Inf
GLCATr_f	no3_e	-0.0	-1000.0	0.0	-0.0	Inf
GLCATr_f	urea_e	-0.0	-1000.0	0.0	-0.0	Inf
GLCATr_f	novbcn_e	-0.0	-1000.0	0.0	-0.0	Inf
GLCATr_f	uri_e	-0.0	-1000.0	0.0	-0.0	Inf
GLCATr_f	o2_e	-0.0	-21.699177603140356	978.3008223968596	-0.0	0.0
GLCATr_f	xan_e	-0.0	0.0	0.0	Inf	Inf
GLCATr_f	xtsn_e	-0.0	-1000.0	0.0	-0.0	Inf
GLCATr_f	xyl__D_e	-0.0	-1000.0	0.0	-0.0	Inf
GLCATr_f	xylu__L_e	-0.0	-1000.0	0.0	-0.0	Inf
GLCATr_f	pacald_e	-0.0	-1000.0	0.0	-0.0	Inf
GLCATr_f	12dgr120_p	-0.0	0.0	0.0	Inf	Inf
GLCATr_f	12dgr140_p	-0.0	0.0	0.0	Inf	Inf
GLCATr_f	12dgr160_p	-0.0	-0.05482691563553356	0.0	-0.0	Inf
GLCATr_f	12dgr180_p	-0.0	0.0	0.0	Inf	Inf
GLCATr_f	12ppd__R_p	-0.0	-1000.0	0.0	-0.0	Inf
GLCATr_f	12ppd__S_p	-0.0	0.0	0.0	Inf	Inf
GLCATr_f	chol_p	-0.0	-1000.0	0.0	-0.0	Inf
GLCATr_f	cl_p	-0.0	-0.004471966901974156	999.995528033098	-0.0	0.0
GLCATr_f	34dhpac_p	-0.0	-1000.0	0.0	-0.0	Inf
GLCATr_f	cm_p	-0.0	0.0	0.0	Inf	Inf
GLCATr_f	4hoxpacd_p	-0.0	-1000.0	0.0	-0.0	Inf
GLCATr_f	co2_p	-0.0	-984.8674396871685	15.132560312831515	-0.0	0.0
GLCATr_f	5mtr_p	-0.0	0.0	0.0	Inf	Inf
GLCATr_f	LalaDgluMdap_p	-0.0	-0.02387454683424024	0.0	-0.0	Inf
GLCATr_f	gal_p	-0.0	-1000.0	0.0	-0.0	Inf
GLCATr_f	ac_p	-0.0	-0.004471966901974156	0.0	-0.0	Inf
GLCATr_f	crn_p	-0.0	-1000.0	0.0	-0.0	Inf
GLCATr_f	gal_bD_p	-0.0	-1000.0	0.0	-0.0	Inf
GLCATr_f	acald_p	-0.0	-1000.0	0.0	-0.0	Inf
GLCATr_f	acgal_p	-0.0	-1000.0	0.0	-0.0	Inf
GLCATr_f	csn_p	-0.0	0.0	0.0	Inf	Inf
GLCATr_f	acgam_p	-0.0	-1000.0	0.0	-0.0	Inf
GLCATr_f	galt_p	-0.0	-6.055308668042746	0.0	-0.0	Inf
GLCATr_f	acmana_p	-0.0	-1000.0	0.0	-0.0	Inf
GLCATr_f	cyan_p	-0.0	0.0	0.0	Inf	Inf
GLCATr_f	ade_p	-0.0	-1000.0	0.0	-0.0	Inf
GLCATr_f	adn_p	-0.0	0.0	0.0005782197358688747	Inf	0.0
GLCATr_f	cytd_p	-0.0	-0.13791786492602526	0.0	-0.0	Inf
GLCATr_f	glc__D_p	-0.0	-1000.0	0.0	-0.0	Inf
GLCATr_f	dad_2_p	-0.0	-1000.0	0.0	-0.0	Inf
GLCATr_f	dcyt_p	-0.0	-1000.0	0.0	-0.0	Inf
GLCATr_f	all__D_p	-0.0	0.0	0.0	Inf	Inf
GLCATr_f	alltn_p	-0.0	0.0	0.0	Inf	Inf
GLCATr_f	dha_p	-0.0	-1000.0	0.0	-0.0	Inf
GLCATr_f	glyald_p	-0.0	-1000.0	0.0	-0.0	Inf
GLCATr_f	glyb_p	0.0	0.0	0.0	Inf	Inf
GLCATr_f	dms_p	-0.0	-1000.0	0.0	-0.0	Inf
GLCATr_f	glyc_p	-0.0	-56.36906202072842	1.4355712789489496	-0.0	0.0
GLCATr_f	dmso_p	-0.0	-1000.0	0.0	-0.0	Inf
GLCATr_f	arab__L_p	-0.0	0.0	0.0	Inf	Inf
GLCATr_f	arbt_p	0.0	0.0	0.0	Inf	Inf
GLCATr_f	ca2_p	-0.0	-0.004471966901980007	999.995528033098	-0.0	0.0
GLCATr_f	duri_p	-0.0	-1000.0	0.0	-0.0	Inf
GLCATr_f	h2_p	-0.0	-1000.0	0.0	-0.0	Inf
GLCATr_f	h2o2_p	-0.0	-1000.0	0.0	-0.0	Inf
GLCATr_f	etoh_p	-0.0	-1000.0	0.0	-0.0	Inf
GLCATr_f	fald_p	-0.0	0.0	0.0	Inf	Inf
GLCATr_f	n2o_p	-0.0	-1000.0	0.0	-0.0	Inf
GLCATr_f	na1_p	-0.0	0.0	0.0	Inf	Inf
GLCATr_f	indole_p	-0.0	0.0	0.4818013196472492	Inf	0.0
GLCATr_f	nac_p	-0.0	-1000.0	0.0	-0.0	Inf
GLCATr_f	ni2_p	-0.0	-0.00027751110644658183	999.9997224888936	-0.0	0.0
GLCATr_f	inost_p	-0.0	-1000.0	0.0	-0.0	Inf
GLCATr_f	no_p	-0.0	-1000.0	0.0	-0.0	Inf
GLCATr_f	no2_p	-0.0	-1000.0	0.0	-0.0	Inf
GLCATr_f	for_p	-0.0	-7.894230430684176	0.0021075379091935837	-0.0	0.0
GLCATr_f	fru_p	-0.0	-1000.0	0.0	-0.0	Inf
GLCATr_f	no3_p	-0.0	0.0	0.0	Inf	Inf
GLCATr_f	k_p	-0.0	-0.1677034842455214	999.8322965157545	-0.0	0.0
GLCATr_f	novbcn_p	-0.0	0.0	0.0	Inf	Inf
GLCATr_f	o2_p	-0.0	-21.699177603140356	978.3008223968596	-0.0	0.0
GLCATr_f	lipa_cold_p	-0.0	-17.5857481671247	0.0	-0.0	Inf
GLCATr_f	g3pe_p	-0.0	0.0	0.0	Inf	Inf
GLCATr_f	g3pi_p	-0.0	0.0	0.0	Inf	Inf
GLCATr_f	so3_p	-0.0	-1000.0	0.0	-0.0	Inf
GLCATr_f	so4_p	-0.0	-0.21669063829938295	999.7833093617006	-0.0	0.0
GLCATr_f	malt_p	0.0	0.0	0.0	Inf	Inf
GLCATr_f	malthx_p	0.0	0.0	0.0	Inf	Inf
GLCATr_f	maltpt_p	0.0	0.0	0.0	Inf	Inf
GLCATr_f	sucr_p	-0.0	-1000.0	0.0	-0.0	Inf
GLCATr_f	malttr_p	0.0	0.0	0.0	Inf	Inf
GLCATr_f	maltttr_p	0.0	0.0	0.0	Inf	Inf
GLCATr_f	pacald_p	-0.0	-1000.0	0.0	-0.0	Inf
GLCATr_f	man_p	-0.0	-1000.0	0.0	-0.0	Inf
GLCATr_f	tartr__L_p	-0.0	-1000.0	0.0	-0.0	Inf
GLCATr_f	pe120_p	-0.0	0.0	0.0	Inf	Inf
GLCATr_f	melib_p	-0.0	-1000.0	0.0	-0.0	Inf
GLCATr_f	meoh_p	-0.0	-999.999998281665	1.718335056466458e-06	-0.0	0.0
GLCATr_f	thym_p	-0.0	-1000.0	0.0	-0.0	Inf
GLCATr_f	thymd_p	-0.0	-0.02248097712913477	0.0	-0.0	Inf
GLCATr_f	pg120_p	-0.0	-0.06686385248409071	0.0	-0.0	Inf
GLCATr_f	metsox_S__L_p	-0.0	-1000.0	0.0	-0.0	Inf
GLCATr_f	tmao_p	-0.0	-1000.0	0.0	-0.0	Inf
GLCATr_f	mg2_p	-0.0	-0.007453278169919031	999.9925467218301	-0.0	0.0
GLCATr_f	tre_p	-0.0	0.0	0.0	Inf	Inf
GLCATr_f	mnl_p	-0.0	0.0	0.0	Inf	Inf
GLCATr_f	mobd_p	-0.0	-0.00011083260915256687	999.9998891673908	-0.0	0.0
GLCATr_f	ura_p	-0.0	-1000.0	0.0	-0.0	Inf
GLCATr_f	urea_p	-0.0	-1000.0	0.0	-0.0	Inf
GLCATr_f	uri_p	-0.0	-0.2842083172602088	0.0	-0.0	Inf
GLCATr_f	xan_p	-0.0	0.0	0.0	Inf	Inf
GLCATr_f	xtsn_p	-0.0	0.0	0.0	Inf	Inf
GLCATr_f	xyl__D_p	-0.0	0.0	0.0	Inf	Inf
GLCATr_f	xylu__L_p	-0.0	-1000.0	0.0	-0.0	Inf
GLCATr_f	ppal_p	-0.0	-1000.0	0.0	-0.0	Inf
GLCATr_f	psclys_p	-0.0	-1000.0	0.0	-0.0	Inf
GLCATr_f	pydx_p	-0.0	0.0	0.0	Inf	Inf
GLCATr_f	pydxn_p	-0.0	0.0	0.0	Inf	Inf
GLCATr_f	rib__D_p	-0.0	-1000.0	0.0	-0.0	Inf
GLCATr_f	rmn_p	-0.0	-1000.0	0.0	-0.0	Inf
GLCATr_f	sbt__D_p	-0.0	-6.177924759572907	0.0	-0.0	Inf
GLCATr_f	slnt_p	-0.0	0.0	0.0	Inf	Inf
GLCATr_f	so2_p	-0.0	-1000.0	0.0	-0.0	Inf
