Reaction	Metabolite	ShadowPrice	G-	G+	DecrementalShadowPrice	IncrementalShadowPrice
GLCRAL	12dgr120_c	-0.0	0.0	0.0	Inf	Inf
GLCRAL	12dgr140_c	-0.0	0.0	0.0	Inf	Inf
GLCRAL	12dgr160_c	-0.0	-0.05482691563553356	0.0	-0.0	Inf
GLCRAL	12dgr180_c	-0.0	0.0	0.0	Inf	Inf
GLCRAL	12ppd__R_c	-0.0	-1000.0	0.0	-0.0	Inf
GLCRAL	12ppd__S_c	-0.0	0.0	0.0	Inf	Inf
GLCRAL	5drib_c	-0.0	-999.9998066873097	0.00019331269028732018	-0.0	0.0
GLCRAL	5mta_c	-0.0	0.0	0.0	Inf	Inf
GLCRAL	23dhacoa_c	-0.0	-0.0004948804884268576	0.0	-0.0	Inf
GLCRAL	5mtr_c	-0.0	0.0	0.0	Inf	Inf
GLCRAL	3amac_c	-0.0	-7.894230430689801	0.0	-0.0	Inf
GLCRAL	LalaDgluMdap_c	-0.0	-0.02387454683424024	0.0	-0.0	Inf
GLCRAL	ac_c	-0.0	-3.644962325419556	1.9919594863788854	-0.0	0.0
GLCRAL	acald_c	-0.0	-3.644962325419556	1.593277246119843	-0.0	0.0
GLCRAL	acetol_c	-0.0	0.0	0.0	Inf	Inf
GLCRAL	acgam_c	-0.0	-0.08118101991051704	0.0	-0.0	Inf
GLCRAL	acgam6p_c	-0.0	-0.08118101991051704	0.0	-0.0	Inf
GLCRAL	acmalt_c	0.0	0.0	0.0	Inf	Inf
GLCRAL	acmana_c	-0.0	-0.08118101991051704	0.0	-0.0	Inf
GLCRAL	2dmmq8_c	-0.0	0.0	0.0	Inf	Inf
GLCRAL	2dmmql8_c	0.0	0.0	0.0	Inf	Inf
GLCRAL	ade_c	-0.0	-0.09382882486249855	0.0005782197358688747	-0.0	0.0
GLCRAL	adn_c	-0.0	0.0	0.0005782197358688747	Inf	0.0
GLCRAL	3sala_c	0.0	0.0	0.0	Inf	Inf
GLCRAL	adphep_DD_c	-0.0	0.0	0.0	Inf	Inf
GLCRAL	adphep_LD_c	-0.0	0.0	0.0	Inf	Inf
GLCRAL	4ahmmp_c	0.0	0.0	0.0	Inf	Inf
GLCRAL	4crsol_c	-0.0	-999.9998084056448	0.000191594355262544	-0.0	0.0
GLCRAL	2ohph_c	-0.0	-0.000191594355262544	0.06237662596666052	-0.0	0.0
GLCRAL	2ombzl_c	-0.0	0.0	0.0	Inf	Inf
GLCRAL	2omhmbl_c	-0.0	0.0	0.0	Inf	Inf
GLCRAL	2ommbl_c	0.0	0.0	0.0	Inf	Inf
GLCRAL	2omph_c	-0.0	0.0	0.05593250111754714	Inf	0.0
GLCRAL	4mhetz_c	0.0	0.0	0.0	Inf	Inf
GLCRAL	2oph_c	-0.0	-0.000191594355262544	0.06237662596666052	-0.0	0.0
GLCRAL	2oxpaccoa_c	-0.0	-0.0004948804884268576	0.0	-0.0	Inf
GLCRAL	all__D_c	-0.0	-10.285125220842815	0.0	-0.0	Inf
GLCRAL	alltn_c	-0.0	-1.9735576076724501	0.0	-0.0	Inf
GLCRAL	4r5au_c	-0.0	-0.00038318871104585286	0.36210846502723704	-0.0	0.0
GLCRAL	56dura_c	0.0	0.0	0.0	Inf	Inf
GLCRAL	arab__L_c	-0.0	-10.285125220842815	0.0	-0.0	Inf
GLCRAL	etoh_c	-0.0	-1000.0	0.0	-0.0	Inf
GLCRAL	csn_c	-0.0	0.0	0.15542769882983976	Inf	0.0
GLCRAL	fald_c	-0.0	0.0	0.0	Inf	Inf
GLCRAL	fc1p_c	-0.0	0.0	0.0	Inf	Inf
GLCRAL	fcl__L_c	-0.0	0.0	0.0	Inf	Inf
GLCRAL	aso4_c	0.0	0.0	0.0	Inf	Inf
GLCRAL	cyan_c	0.0	0.0	0.0	Inf	Inf
GLCRAL	athtp_c	0.0	0.0	0.0	Inf	Inf
GLCRAL	cytd_c	-0.0	-0.13791786492612795	0.0	-0.0	Inf
GLCRAL	dad_2_c	-0.0	-0.09382882486249855	0.0	-0.0	Inf
GLCRAL	dad_5_c	-0.0	-0.09382882486249855	0.00019331269028732018	-0.0	0.0
GLCRAL	betald_c	0.0	0.0	0.0	Inf	Inf
GLCRAL	btal_c	-0.0	-529.4594708977852	0.0	-0.0	Inf
GLCRAL	for_c	-0.0	-0.09382882486249855	0.0021075379093072706	-0.0	0.0
GLCRAL	dcyt_c	-0.0	-0.022480977129146755	0.0	-0.0	Inf
GLCRAL	fru_c	-0.0	-10.285125220842815	0.0	-0.0	Inf
GLCRAL	ca2_c	-0.0	-0.004471966901974156	999.995528033098	-0.0	0.0
GLCRAL	g3pe_c	-0.0	-0.8287796166477959	0.0	-0.0	Inf
GLCRAL	g3pi_c	0.0	0.0	0.0	Inf	Inf
GLCRAL	cbm_c	-0.0	-3.9471152153449003	0.0	-0.0	Inf
GLCRAL	dha_c	-0.0	-88.24324514963087	1.3277310384332024	-0.0	0.0
GLCRAL	gal_c	-0.0	0.0	0.0	Inf	Inf
GLCRAL	dhgly_c	-0.0	-0.000191594355262544	0.24036510178532114	-0.0	0.0
GLCRAL	dhmptp_c	0.0	0.0	0.0	Inf	Inf
GLCRAL	gcald_c	-0.0	-2.542584251128358	0.000574783065644624	-0.0	0.0
GLCRAL	dhptd_c	-0.0	-54.622971551467224	0.00038490704558155446	-0.0	0.0
GLCRAL	cechddd_c	-0.0	0.0	0.0	Inf	Inf
GLCRAL	dhptdn_c	0.0	0.0	0.0	Inf	Inf
GLCRAL	chol_c	0.0	0.0	0.0	Inf	Inf
GLCRAL	chtbs6p_c	-0.0	0.0	0.0	Inf	Inf
GLCRAL	dmbzid_c	0.0	0.0	0.0	Inf	Inf
GLCRAL	dms_c	0.0	0.0	0.0	Inf	Inf
GLCRAL	dmso_c	0.0	0.0	0.0	Inf	Inf
GLCRAL	cl_c	-0.0	-0.004471966901974156	999.995528033098	-0.0	0.0
GLCRAL	glc__D_c	-0.0	-10.285125220842815	0.0	-0.0	Inf
GLCRAL	co2_c	-0.0	-984.8674396872188	15.132560312781152	-0.0	0.0
GLCRAL	dscl_c	-0.0	-0.000191594355262544	0.06893041237848517	-0.0	0.0
GLCRAL	dtdp4aaddg_c	-0.0	0.0	0.0	Inf	Inf
GLCRAL	glyald_c	-0.0	-1000.0	0.0	-0.0	Inf
GLCRAL	crn_c	-0.0	-1000.0	0.0	-0.0	Inf
GLCRAL	duri_c	-0.0	-0.022480977129146755	0.0	-0.0	Inf
GLCRAL	glyb_c	0.0	0.0	0.0	Inf	Inf
GLCRAL	glyc_c	-0.0	-75.63706727111217	1.1380551757998878	-0.0	0.0
GLCRAL	dxyl_c	0.0	0.0	0.0	Inf	Inf
GLCRAL	glycogen_c	-0.0	-10.285125220842815	0.0	-0.0	Inf
GLCRAL	gmhep1p_c	-0.0	0.0	0.5211654543382663	Inf	0.0
GLCRAL	lipa_cold_c	-0.0	0.0	0.0	Inf	Inf
GLCRAL	lipidA_c	-0.0	-0.01671596312101542	0.041991493685387425	-0.0	0.0
GLCRAL	malt_c	0.0	0.0	0.0	Inf	Inf
GLCRAL	h2_c	-0.0	0.0	0.0	Inf	Inf
GLCRAL	malthx_c	-0.0	0.0	0.0	Inf	Inf
GLCRAL	maltpt_c	-0.0	0.0	0.0	Inf	Inf
GLCRAL	malttr_c	-0.0	0.0	0.0	Inf	Inf
GLCRAL	maltttr_c	-0.0	0.0	0.0	Inf	Inf
GLCRAL	h2o2_c	-0.0	-0.001397006374631787	0.8951554619840181	-0.0	0.0
GLCRAL	man_c	-0.0	0.0	0.0	Inf	Inf
GLCRAL	mdhdhf_c	-0.0	-54.622971551467224	0.00038490704558155446	-0.0	0.0
GLCRAL	melib_c	-0.0	0.0	0.0	Inf	Inf
GLCRAL	meoh_c	-0.0	-999.999998281665	1.718335056466458e-06	-0.0	0.0
GLCRAL	pacald_c	-0.0	-1000.0	0.0	-0.0	Inf
GLCRAL	metsox_S__L_c	-0.0	-0.09382882486249855	0.0	-0.0	Inf
GLCRAL	mg2_c	-0.0	-0.007453278169919031	999.9925467218301	-0.0	0.0
GLCRAL	hhlipa_c	-0.0	0.0	0.0	Inf	Inf
GLCRAL	pe120_c	-0.0	-0.0668638524840907	0.0	-0.0	Inf
GLCRAL	mobd_c	-0.0	-0.00011083260909806358	13.941175903548626	-0.0	0.0
GLCRAL	hlipa_c	-0.0	0.0	0.0	Inf	Inf
GLCRAL	pg120_c	-0.0	-0.0668638524840907	0.0	-0.0	Inf
GLCRAL	mql8_c	0.0	0.0	0.0	Inf	Inf
GLCRAL	mqn8_c	-0.0	0.0	0.0	Inf	Inf
GLCRAL	mthgxl_c	-0.0	0.0	0.0	Inf	Inf
GLCRAL	hqn_c	0.0	0.0	0.0	Inf	Inf
GLCRAL	mththf_c	-0.0	-999.9996150929544	0.00038490704558155446	-0.0	0.0
GLCRAL	n2o_c	-0.0	-1000.0	0.0	-0.0	Inf
GLCRAL	na1_c	-0.0	0.0	0.0	Inf	Inf
GLCRAL	nac_c	-0.0	0.0	0.0	Inf	Inf
GLCRAL	ncam_c	-0.0	0.0	0.0	Inf	Inf
GLCRAL	ni2_c	-0.0	-0.00027751110644658183	999.9997224888936	-0.0	0.0
GLCRAL	no_c	-0.0	-1000.0	0.0	-0.0	Inf
GLCRAL	indole_c	-0.0	-0.048837658906676185	0.37935172526662925	-0.0	0.0
GLCRAL	no2_c	-0.0	-1000.0	0.0	-0.0	Inf
GLCRAL	no3_c	0.0	0.0	0.0	Inf	Inf
GLCRAL	inost_c	0.0	0.0	0.0	Inf	Inf
GLCRAL	o2_c	-0.0	-21.69917760309316	978.3008223969068	-0.0	0.0
GLCRAL	poaac_c	-0.0	-4.289592585707269	0.0	-0.0	Inf
GLCRAL	ppal_c	-0.0	0.0	0.0	Inf	Inf
GLCRAL	k_c	-0.0	-0.1677034842455214	55.7647036141945	-0.0	0.0
GLCRAL	psclys_c	-0.0	0.0	0.0	Inf	Inf
GLCRAL	lald__D_c	-0.0	0.0	0.0	Inf	Inf
GLCRAL	lald__L_c	-0.0	0.0	0.0	Inf	Inf
GLCRAL	ura_c	-0.0	-0.022480977129146755	0.0	-0.0	Inf
GLCRAL	pydx_c	-0.0	0.0	0.4766213984119188	Inf	0.0
GLCRAL	uracp_c	-0.0	-4.639858543918081	0.0	-0.0	Inf
GLCRAL	pydxn_c	-0.0	0.0	0.44971535172737503	Inf	0.0
GLCRAL	urate_c	-0.0	-0.001397006374631787	0.0	-0.0	Inf
GLCRAL	q8_c	-0.0	0.0	0.0	Inf	Inf
GLCRAL	q8h2_c	0.0	0.0	0.0	Inf	Inf
GLCRAL	urea_c	-0.0	0.0	2.655462076866405	Inf	0.0
GLCRAL	uri_c	-0.0	0.0	0.0	Inf	Inf
GLCRAL	rbflvrd_c	-0.0	0.0	0.046914412431249275	Inf	0.0
GLCRAL	rbl__L_c	-0.0	-10.285125220842815	0.0	-0.0	Inf
GLCRAL	rdmbzi_c	0.0	0.0	0.0	Inf	Inf
GLCRAL	thptdn_c	0.0	0.0	0.0	Inf	Inf
GLCRAL	xan_c	-0.0	-0.09382882486249855	0.0	-0.0	Inf
GLCRAL	rephaccoa_c	-0.0	-0.0004948804884268576	0.0	-0.0	Inf
GLCRAL	rib__D_c	-0.0	0.0	0.0	Inf	Inf
GLCRAL	xtsn_c	-0.0	0.0	0.0	Inf	Inf
GLCRAL	rml_c	-0.0	0.0	0.0	Inf	Inf
GLCRAL	thym_c	-0.0	-55.7647036141945	0.0	-0.0	Inf
GLCRAL	thymd_c	-0.0	0.0	0.3717646907612967	Inf	0.0
GLCRAL	xu5p__L_c	-0.0	-0.8287796166477959	0.0	-0.0	Inf
GLCRAL	rmn_c	-0.0	0.0	0.0	Inf	Inf
GLCRAL	xyl__D_c	0.0	0.0	0.0	Inf	Inf
GLCRAL	tmao_c	0.0	0.0	0.0	Inf	Inf
GLCRAL	xylu__D_c	-0.0	0.0	0.0	Inf	Inf
GLCRAL	xylu__L_c	-0.0	-10.285125220842815	0.0	-0.0	Inf
GLCRAL	12ppd__R_e	-0.0	-1000.0	0.0	-0.0	Inf
GLCRAL	12ppd__S_e	-0.0	-1000.0	0.0	-0.0	Inf
GLCRAL	tre_c	-0.0	-5.1425626104214075	0.0	-0.0	Inf
GLCRAL	seln_c	0.0	0.0	0.0	Inf	Inf
GLCRAL	34dhpac_e	-0.0	-1000.0	0.0	-0.0	Inf
GLCRAL	slnt_c	0.0	0.0	0.0	Inf	Inf
GLCRAL	so2_c	0.0	0.0	0.0	Inf	Inf
GLCRAL	so3_c	-0.0	-0.2129635696319383	2.788235180709725	-0.0	0.0
GLCRAL	so4_c	-0.0	-0.2166906383006335	55.7647036141945	-0.0	0.0
GLCRAL	4hoxpacd_e	-0.0	-1000.0	0.0	-0.0	Inf
GLCRAL	5mtr_e	-0.0	0.0	0.0	Inf	Inf
GLCRAL	LalaDgluMdap_e	-0.0	-1000.0	0.0	-0.0	Inf
GLCRAL	ac_e	-0.0	0.0	0.0	Inf	Inf
GLCRAL	acald_e	-0.0	-1000.0	0.0	-0.0	Inf
GLCRAL	acgal_e	-0.0	-1000.0	0.0	-0.0	Inf
GLCRAL	acgam_e	-0.0	-1000.0	0.0	-0.0	Inf
GLCRAL	acmana_e	-0.0	-1000.0	0.0	-0.0	Inf
GLCRAL	tagur_c	-0.0	0.0	0.0	Inf	Inf
GLCRAL	tartr__L_c	-0.0	-2.542584251128358	0.0	-0.0	Inf
GLCRAL	ade_e	-0.0	-1000.0	0.0	-0.0	Inf
GLCRAL	adn_e	-0.0	-1000.0	0.0	-0.0	Inf
GLCRAL	all__D_e	-0.0	-1000.0	0.0	-0.0	Inf
GLCRAL	cl_e	-0.0	-0.004471966901974156	999.995528033098	-0.0	0.0
GLCRAL	alltn_e	-0.0	0.0	0.0	Inf	Inf
GLCRAL	cm_e	-0.0	-1000.0	0.0	-0.0	Inf
GLCRAL	co2_e	-0.0	-984.8674396872188	15.132560312781152	-0.0	0.0
GLCRAL	arab__L_e	-0.0	-1000.0	0.0	-0.0	Inf
GLCRAL	arbt_e	-0.0	-1000.0	0.0	-0.0	Inf
GLCRAL	unagamu_c	-0.0	0.0	0.04240661871801863	Inf	0.0
GLCRAL	crn_e	-0.0	-1000.0	0.0	-0.0	Inf
GLCRAL	csn_e	-0.0	-1000.0	0.0	-0.0	Inf
GLCRAL	cyan_e	-0.0	-1000.0	0.0	-0.0	Inf
GLCRAL	glyb_e	-0.0	-1000.0	0.0	-0.0	Inf
GLCRAL	glyc_e	-0.0	-75.63706727111217	1.1380551757998878	-0.0	0.0
GLCRAL	cytd_e	-0.0	-1000.0	0.0	-0.0	Inf
GLCRAL	ca2_e	-0.0	-0.004471966901974156	999.995528033098	-0.0	0.0
GLCRAL	dad_2_e	-0.0	-1000.0	0.0	-0.0	Inf
GLCRAL	dcyt_e	-0.0	-1000.0	0.0	-0.0	Inf
GLCRAL	chol_e	-0.0	-1000.0	0.0	-0.0	Inf
GLCRAL	dha_e	-0.0	-1000.0	0.0	-0.0	Inf
GLCRAL	ppal_e	-0.0	-1000.0	0.0	-0.0	Inf
GLCRAL	h2_e	-0.0	-1000.0	0.0	-0.0	Inf
GLCRAL	dms_e	-0.0	-1000.0	0.0	-0.0	Inf
GLCRAL	dmso_e	-0.0	-1000.0	0.0	-0.0	Inf
GLCRAL	h2o2_e	-0.0	-1000.0	0.0	-0.0	Inf
GLCRAL	psclys_e	-0.0	-1000.0	0.0	-0.0	Inf
GLCRAL	duri_e	-0.0	-1000.0	0.0	-0.0	Inf
GLCRAL	pydx_e	-0.0	-1000.0	0.0	-0.0	Inf
GLCRAL	pydxn_e	-0.0	-1000.0	0.0	-0.0	Inf
GLCRAL	etoh_e	-0.0	-1000.0	0.0	-0.0	Inf
GLCRAL	fald_e	-0.0	0.0	0.0	Inf	Inf
GLCRAL	rib__D_e	-0.0	-1000.0	0.0	-0.0	Inf
GLCRAL	rmn_e	-0.0	-1000.0	0.0	-0.0	Inf
GLCRAL	indole_e	-0.0	-1000.0	0.0	-0.0	Inf
GLCRAL	inost_e	-0.0	-1000.0	0.0	-0.0	Inf
GLCRAL	sbt__D_e	-0.0	-4.355443596867531	0.0	-0.0	Inf
GLCRAL	k_e	-0.0	-0.1677034842455214	999.8322965157545	-0.0	0.0
GLCRAL	for_e	-0.0	0.0	0.0021075379093072706	Inf	0.0
GLCRAL	slnt_e	-0.0	0.0	1000.0	Inf	0.0
GLCRAL	fru_e	-0.0	-1000.0	0.0	-0.0	Inf
GLCRAL	so2_e	-0.0	-1000.0	0.0	-0.0	Inf
GLCRAL	so3_e	-0.0	-1000.0	0.0	-0.0	Inf
GLCRAL	so4_e	-0.0	-0.2166906383006335	999.7833093616994	-0.0	0.0
GLCRAL	lipa_cold_e	-0.0	-1000.0	0.0	-0.0	Inf
GLCRAL	sucr_e	-0.0	-1000.0	0.0	-0.0	Inf
GLCRAL	g3pe_e	-0.0	-1000.0	0.0	-0.0	Inf
GLCRAL	malt_e	-0.0	-1000.0	0.0	-0.0	Inf
GLCRAL	tartr__L_e	-0.0	-1000.0	0.0	-0.0	Inf
GLCRAL	g3pi_e	-0.0	-1000.0	0.0	-0.0	Inf
GLCRAL	malthx_e	-0.0	-1000.0	0.0	-0.0	Inf
GLCRAL	maltpt_e	-0.0	-1000.0	0.0	-0.0	Inf
GLCRAL	gal_e	-0.0	-1000.0	0.0	-0.0	Inf
GLCRAL	gal_bD_e	-0.0	-1000.0	0.0	-0.0	Inf
GLCRAL	malttr_e	-0.0	-1000.0	0.0	-0.0	Inf
GLCRAL	maltttr_e	-0.0	-1000.0	0.0	-0.0	Inf
GLCRAL	man_e	-0.0	-1000.0	0.0	-0.0	Inf
GLCRAL	thym_e	-0.0	-1000.0	0.0	-0.0	Inf
GLCRAL	thymd_e	-0.0	-1000.0	0.0	-0.0	Inf
GLCRAL	galt_e	-0.0	-4.355443596867531	0.0	-0.0	Inf
GLCRAL	melib_e	-0.0	-1000.0	0.0	-0.0	Inf
GLCRAL	meoh_e	-0.0	-999.999998281665	1.718335056466458e-06	-0.0	0.0
GLCRAL	tmao_e	-0.0	-1000.0	0.0	-0.0	Inf
GLCRAL	tre_e	-0.0	-1000.0	0.0	-0.0	Inf
GLCRAL	metsox_S__L_e	-0.0	-1000.0	0.0	-0.0	Inf
GLCRAL	glc__D_e	-0.0	-1000.0	0.0	-0.0	Inf
GLCRAL	mg2_e	-0.0	-0.007453278169919031	999.9925467218301	-0.0	0.0
GLCRAL	mnl_e	-0.0	-1000.0	0.0	-0.0	Inf
GLCRAL	mobd_e	-0.0	-0.00011083260915256687	999.9998891673908	-0.0	0.0
GLCRAL	glyald_e	-0.0	-1000.0	0.0	-0.0	Inf
GLCRAL	n2o_e	-0.0	-1000.0	0.0	-0.0	Inf
GLCRAL	na1_e	-0.0	0.0	1000.0	Inf	0.0
GLCRAL	nac_e	-0.0	-1000.0	0.0	-0.0	Inf
GLCRAL	ni2_e	-0.0	-0.00027751110644658183	999.9997224888936	-0.0	0.0
GLCRAL	no_e	-0.0	-1000.0	0.0	-0.0	Inf
GLCRAL	no2_e	-0.0	-1000.0	0.0	-0.0	Inf
GLCRAL	ura_e	-0.0	-1000.0	0.0	-0.0	Inf
GLCRAL	no3_e	-0.0	-1000.0	0.0	-0.0	Inf
GLCRAL	urea_e	-0.0	-1000.0	0.0	-0.0	Inf
GLCRAL	novbcn_e	-0.0	-1000.0	0.0	-0.0	Inf
GLCRAL	uri_e	-0.0	-1000.0	0.0	-0.0	Inf
GLCRAL	o2_e	-0.0	-21.699177603093176	978.3008223969068	-0.0	0.0
GLCRAL	xan_e	-0.0	0.0	0.0	Inf	Inf
GLCRAL	xtsn_e	-0.0	-1000.0	0.0	-0.0	Inf
GLCRAL	xyl__D_e	-0.0	-1000.0	0.0	-0.0	Inf
GLCRAL	xylu__L_e	-0.0	-1000.0	0.0	-0.0	Inf
GLCRAL	pacald_e	-0.0	-1000.0	0.0	-0.0	Inf
GLCRAL	12dgr120_p	-0.0	0.0	0.0	Inf	Inf
GLCRAL	12dgr140_p	-0.0	0.0	0.0	Inf	Inf
GLCRAL	12dgr160_p	-0.0	-0.05482691563553356	0.0	-0.0	Inf
GLCRAL	12dgr180_p	-0.0	0.0	0.0	Inf	Inf
GLCRAL	12ppd__R_p	-0.0	-1000.0	0.0	-0.0	Inf
GLCRAL	12ppd__S_p	-0.0	0.0	0.0	Inf	Inf
GLCRAL	chol_p	-0.0	-1000.0	0.0	-0.0	Inf
GLCRAL	cl_p	-0.0	-0.004471966901974156	999.995528033098	-0.0	0.0
GLCRAL	34dhpac_p	-0.0	-1000.0	0.0	-0.0	Inf
GLCRAL	cm_p	-0.0	0.0	0.0	Inf	Inf
GLCRAL	4hoxpacd_p	-0.0	-1000.0	0.0	-0.0	Inf
GLCRAL	co2_p	-0.0	-984.8674396872188	15.132560312781152	-0.0	0.0
GLCRAL	5mtr_p	-0.0	0.0	0.0	Inf	Inf
GLCRAL	LalaDgluMdap_p	-0.0	0.0	0.0	Inf	Inf
GLCRAL	gal_p	-0.0	-1000.0	0.0	-0.0	Inf
GLCRAL	ac_p	-0.0	-3.644962325419556	0.0	-0.0	Inf
GLCRAL	crn_p	-0.0	-1000.0	0.0	-0.0	Inf
GLCRAL	gal_bD_p	-0.0	-1000.0	0.0	-0.0	Inf
GLCRAL	acald_p	-0.0	-1000.0	0.0	-0.0	Inf
GLCRAL	acgal_p	-0.0	-1000.0	0.0	-0.0	Inf
GLCRAL	csn_p	-0.0	0.0	0.0	Inf	Inf
GLCRAL	acgam_p	-0.0	-1000.0	0.0	-0.0	Inf
GLCRAL	galt_p	-0.0	-4.355443596867531	0.0	-0.0	Inf
GLCRAL	acmana_p	-0.0	-1000.0	0.0	-0.0	Inf
GLCRAL	cyan_p	-0.0	0.0	0.0	Inf	Inf
GLCRAL	ade_p	-0.0	-1000.0	0.0	-0.0	Inf
GLCRAL	adn_p	-0.0	0.0	0.0005782197358688747	Inf	0.0
GLCRAL	cytd_p	-0.0	-0.13791786492612795	0.0	-0.0	Inf
GLCRAL	glc__D_p	-0.0	-1000.0	0.0	-0.0	Inf
GLCRAL	dad_2_p	-0.0	-1000.0	0.0	-0.0	Inf
GLCRAL	dcyt_p	-0.0	-1000.0	0.0	-0.0	Inf
GLCRAL	all__D_p	-0.0	0.0	0.0	Inf	Inf
GLCRAL	alltn_p	-0.0	0.0	0.0	Inf	Inf
GLCRAL	dha_p	-0.0	-1000.0	0.0	-0.0	Inf
GLCRAL	glyald_p	-0.0	-1000.0	0.0	-0.0	Inf
GLCRAL	glyb_p	0.0	0.0	0.0	Inf	Inf
GLCRAL	dms_p	-0.0	-1000.0	0.0	-0.0	Inf
GLCRAL	glyc_p	-0.0	-75.63706727111217	1.1380551757998878	-0.0	0.0
GLCRAL	dmso_p	-0.0	-1000.0	0.0	-0.0	Inf
GLCRAL	arab__L_p	-0.0	0.0	0.0	Inf	Inf
GLCRAL	arbt_p	0.0	0.0	0.0	Inf	Inf
GLCRAL	ca2_p	-0.0	-0.004471966901974156	999.995528033098	-0.0	0.0
GLCRAL	duri_p	-0.0	-1000.0	0.0	-0.0	Inf
GLCRAL	h2_p	-0.0	-1000.0	0.0	-0.0	Inf
GLCRAL	h2o2_p	-0.0	-1000.0	0.0	-0.0	Inf
GLCRAL	etoh_p	-0.0	-1000.0	0.0	-0.0	Inf
GLCRAL	fald_p	-0.0	0.0	0.0	Inf	Inf
GLCRAL	n2o_p	-0.0	-1000.0	0.0	-0.0	Inf
GLCRAL	na1_p	-0.0	0.0	0.0	Inf	Inf
GLCRAL	indole_p	-0.0	0.0	0.38195002475475687	Inf	0.0
GLCRAL	nac_p	-0.0	-1000.0	0.0	-0.0	Inf
GLCRAL	ni2_p	-0.0	-0.00027751110644658183	999.9997224888936	-0.0	0.0
GLCRAL	inost_p	-0.0	-1000.0	0.0	-0.0	Inf
GLCRAL	no_p	-0.0	-1000.0	0.0	-0.0	Inf
GLCRAL	no2_p	-0.0	-1000.0	0.0	-0.0	Inf
GLCRAL	for_p	-0.0	0.0	0.0021075379093072706	Inf	0.0
GLCRAL	fru_p	-0.0	-1000.0	0.0	-0.0	Inf
GLCRAL	no3_p	-0.0	0.0	0.0	Inf	Inf
GLCRAL	k_p	-0.0	-0.1677034842455214	999.8322965157545	-0.0	0.0
GLCRAL	novbcn_p	-0.0	0.0	0.0	Inf	Inf
GLCRAL	o2_p	-0.0	-21.699177603093176	978.3008223969068	-0.0	0.0
GLCRAL	lipa_cold_p	-0.0	-13.941175903548626	0.0	-0.0	Inf
GLCRAL	g3pe_p	-0.0	0.0	0.0	Inf	Inf
GLCRAL	g3pi_p	-0.0	0.0	0.0	Inf	Inf
GLCRAL	so3_p	-0.0	-1000.0	0.0	-0.0	Inf
GLCRAL	so4_p	-0.0	-0.2166906383006335	999.7833093616994	-0.0	0.0
GLCRAL	malt_p	0.0	0.0	0.0	Inf	Inf
GLCRAL	malthx_p	0.0	0.0	0.0	Inf	Inf
GLCRAL	maltpt_p	0.0	0.0	0.0	Inf	Inf
GLCRAL	sucr_p	-0.0	-1000.0	0.0	-0.0	Inf
GLCRAL	malttr_p	0.0	0.0	0.0	Inf	Inf
GLCRAL	maltttr_p	0.0	0.0	0.0	Inf	Inf
GLCRAL	pacald_p	-0.0	-1000.0	0.0	-0.0	Inf
GLCRAL	man_p	-0.0	-1000.0	0.0	-0.0	Inf
GLCRAL	tartr__L_p	-0.0	-1000.0	0.0	-0.0	Inf
GLCRAL	pe120_p	-0.0	-0.0668638524840907	0.0	-0.0	Inf
GLCRAL	melib_p	-0.0	-1000.0	0.0	-0.0	Inf
GLCRAL	meoh_p	-0.0	-999.999998281665	1.718335056466458e-06	-0.0	0.0
GLCRAL	thym_p	-0.0	-1000.0	0.0	-0.0	Inf
GLCRAL	thymd_p	-0.0	0.0	0.0	Inf	Inf
GLCRAL	pg120_p	-0.0	-0.0668638524840907	0.0	-0.0	Inf
GLCRAL	metsox_S__L_p	-0.0	-1000.0	0.0	-0.0	Inf
GLCRAL	tmao_p	-0.0	-1000.0	0.0	-0.0	Inf
GLCRAL	mg2_p	-0.0	-0.007453278169919031	999.9925467218301	-0.0	0.0
GLCRAL	tre_p	-0.0	0.0	0.0	Inf	Inf
GLCRAL	mnl_p	-0.0	0.0	0.0	Inf	Inf
GLCRAL	mobd_p	-0.0	-0.00011083260915256687	999.9998891673908	-0.0	0.0
GLCRAL	ura_p	-0.0	-1000.0	0.0	-0.0	Inf
GLCRAL	urea_p	-0.0	0.0	2.655462076866405	Inf	0.0
GLCRAL	uri_p	-0.0	0.0	0.0	Inf	Inf
GLCRAL	xan_p	-0.0	-0.09382882486249855	0.0	-0.0	Inf
GLCRAL	xtsn_p	-0.0	0.0	0.0	Inf	Inf
GLCRAL	xyl__D_p	-0.0	0.0	0.0	Inf	Inf
GLCRAL	xylu__L_p	-0.0	-1000.0	0.0	-0.0	Inf
GLCRAL	ppal_p	-0.0	-1000.0	0.0	-0.0	Inf
GLCRAL	psclys_p	-0.0	-1000.0	0.0	-0.0	Inf
GLCRAL	pydx_p	-0.0	0.0	0.0	Inf	Inf
GLCRAL	pydxn_p	-0.0	0.0	0.0	Inf	Inf
GLCRAL	rib__D_p	-0.0	-1000.0	0.0	-0.0	Inf
GLCRAL	rmn_p	-0.0	-1000.0	0.0	-0.0	Inf
GLCRAL	sbt__D_p	-0.0	-4.355443596867531	0.0	-0.0	Inf
GLCRAL	slnt_p	-0.0	0.0	0.0	Inf	Inf
GLCRAL	so2_p	-0.0	-1000.0	0.0	-0.0	Inf
