Reaction	Metabolite	ShadowPrice	G-	G+	DecrementalShadowPrice	IncrementalShadowPrice
GLCabcpp	12dgr120_c	-0.0	0.0	0.0	Inf	Inf
GLCabcpp	12dgr140_c	-0.0	0.0	0.0	Inf	Inf
GLCabcpp	12dgr160_c	-0.0	-0.05482691563553356	0.0	-0.0	Inf
GLCabcpp	12dgr180_c	-0.0	0.0	0.0	Inf	Inf
GLCabcpp	12ppd__R_c	-0.0	-1000.0	0.0	-0.0	Inf
GLCabcpp	12ppd__S_c	-0.0	0.0	0.0	Inf	Inf
GLCabcpp	5drib_c	-0.0	-999.9998066873097	0.00019331269028732018	-0.0	0.0
GLCabcpp	5mta_c	-0.0	0.0	0.0	Inf	Inf
GLCabcpp	23dhacoa_c	-0.0	-0.0004948804884268576	0.0	-0.0	Inf
GLCabcpp	5mtr_c	-0.0	0.0	0.0	Inf	Inf
GLCabcpp	3amac_c	-0.0	-7.89423043069162	0.0	-0.0	Inf
GLCabcpp	LalaDgluMdap_c	-0.0	-0.02387454683424024	0.0	-0.0	Inf
GLCabcpp	ac_c	-0.0	-3.644962325419556	1.9919594863788226	-0.0	0.0
GLCabcpp	acald_c	-0.0	-3.644962325419556	1.593277246119791	-0.0	0.0
GLCabcpp	acetol_c	-0.0	0.0	0.0	Inf	Inf
GLCabcpp	acgam_c	-0.0	-0.08118101991051704	0.0	-0.0	Inf
GLCabcpp	acgam6p_c	-0.0	-0.08118101991051704	0.0	-0.0	Inf
GLCabcpp	acmalt_c	0.0	0.0	0.0	Inf	Inf
GLCabcpp	acmana_c	-0.0	-0.08118101991051704	0.0	-0.0	Inf
GLCabcpp	2dmmq8_c	-0.0	0.0	0.0	Inf	Inf
GLCabcpp	2dmmql8_c	0.0	0.0	0.0	Inf	Inf
GLCabcpp	ade_c	-0.0	-0.09382882486249855	0.0005782197358688747	-0.0	0.0
GLCabcpp	adn_c	-0.0	0.0	0.0005782197358688747	Inf	0.0
GLCabcpp	3sala_c	0.0	0.0	0.0	Inf	Inf
GLCabcpp	adphep_DD_c	-0.0	0.0	0.0	Inf	Inf
GLCabcpp	adphep_LD_c	-0.0	0.0	0.0	Inf	Inf
GLCabcpp	4ahmmp_c	0.0	0.0	0.0	Inf	Inf
GLCabcpp	4crsol_c	-0.0	-999.9998084056448	0.000191594355262544	-0.0	0.0
GLCabcpp	2ohph_c	-0.0	-0.000191594355262544	0.06237662596665848	-0.0	0.0
GLCabcpp	2ombzl_c	-0.0	0.0	0.0	Inf	Inf
GLCabcpp	2omhmbl_c	-0.0	0.0	0.0	Inf	Inf
GLCabcpp	2ommbl_c	0.0	0.0	0.0	Inf	Inf
GLCabcpp	2omph_c	-0.0	0.0	0.055932501117545316	Inf	0.0
GLCabcpp	4mhetz_c	0.0	0.0	0.0	Inf	Inf
GLCabcpp	2oph_c	-0.0	-0.000191594355262544	0.06237662596665848	-0.0	0.0
GLCabcpp	2oxpaccoa_c	-0.0	-0.0004948804884268576	0.0	-0.0	Inf
GLCabcpp	all__D_c	-0.0	-10.285125220842815	0.0	-0.0	Inf
GLCabcpp	alltn_c	-0.0	-1.973557607672905	0.0	-0.0	Inf
GLCabcpp	4r5au_c	-0.0	-0.00038318871104585286	0.3621084650272252	-0.0	0.0
GLCabcpp	56dura_c	0.0	0.0	0.0	Inf	Inf
GLCabcpp	arab__L_c	-0.0	-10.285125220842815	0.0	-0.0	Inf
GLCabcpp	etoh_c	-0.0	-1000.0	0.0	-0.0	Inf
GLCabcpp	csn_c	-0.0	0.0	0.15542769882983976	Inf	0.0
GLCabcpp	fald_c	-0.0	0.0	0.0	Inf	Inf
GLCabcpp	fc1p_c	-0.0	0.0	0.0	Inf	Inf
GLCabcpp	fcl__L_c	-0.0	0.0	0.0	Inf	Inf
GLCabcpp	aso4_c	0.0	0.0	0.0	Inf	Inf
GLCabcpp	cyan_c	0.0	0.0	0.0	Inf	Inf
GLCabcpp	athtp_c	0.0	0.0	0.0	Inf	Inf
GLCabcpp	cytd_c	-0.0	-0.13791786492612795	0.0	-0.0	Inf
GLCabcpp	dad_2_c	-0.0	-0.09382882486249855	0.0	-0.0	Inf
GLCabcpp	dad_5_c	-0.0	-0.09382882486249855	0.00019331269028732018	-0.0	0.0
GLCabcpp	betald_c	0.0	0.0	0.0	Inf	Inf
GLCabcpp	btal_c	-0.0	-529.4594708977854	0.0	-0.0	Inf
GLCabcpp	for_c	-0.0	-0.09382882486249855	0.0021075379093072706	-0.0	0.0
GLCabcpp	dcyt_c	-0.0	-0.022480977129146755	0.0	-0.0	Inf
GLCabcpp	fru_c	-0.0	-10.285125220842815	0.0	-0.0	Inf
GLCabcpp	ca2_c	-0.0	-0.004471966901974156	999.995528033098	-0.0	0.0
GLCabcpp	g3pe_c	-0.0	-0.8287796166477959	0.0	-0.0	Inf
GLCabcpp	g3pi_c	0.0	0.0	0.0	Inf	Inf
GLCabcpp	cbm_c	-0.0	-3.94711521534581	0.0	-0.0	Inf
GLCabcpp	dha_c	-0.0	-88.24324514963091	1.327731038433159	-0.0	0.0
GLCabcpp	gal_c	-0.0	0.0	0.0	Inf	Inf
GLCabcpp	dhgly_c	-0.0	-0.000191594355262544	0.24036510178531328	-0.0	0.0
GLCabcpp	dhmptp_c	0.0	0.0	0.0	Inf	Inf
GLCabcpp	gcald_c	-0.0	-2.542584251128358	0.000574783065644624	-0.0	0.0
GLCabcpp	dhptd_c	-0.0	-54.622971551465405	0.00038490704558155446	-0.0	0.0
GLCabcpp	cechddd_c	-0.0	0.0	0.0	Inf	Inf
GLCabcpp	dhptdn_c	0.0	0.0	0.0	Inf	Inf
GLCabcpp	chol_c	0.0	0.0	0.0	Inf	Inf
GLCabcpp	chtbs6p_c	-0.0	0.0	0.0	Inf	Inf
GLCabcpp	dmbzid_c	0.0	0.0	0.0	Inf	Inf
GLCabcpp	dms_c	0.0	0.0	0.0	Inf	Inf
GLCabcpp	dmso_c	0.0	0.0	0.0	Inf	Inf
GLCabcpp	cl_c	-0.0	-0.004471966901974156	999.995528033098	-0.0	0.0
GLCabcpp	glc__D_c	-0.0	-10.285125220842815	0.0	-0.0	Inf
GLCabcpp	co2_c	-0.0	-984.8674396872188	15.132560312781152	-0.0	0.0
GLCabcpp	dscl_c	-0.0	-0.000191594355262544	0.06893041237848292	-0.0	0.0
GLCabcpp	dtdp4aaddg_c	-0.0	0.0	0.0	Inf	Inf
GLCabcpp	glyald_c	-0.0	-1000.0	0.0	-0.0	Inf
GLCabcpp	crn_c	-0.0	-1000.0	0.0	-0.0	Inf
GLCabcpp	duri_c	-0.0	-0.022480977129146755	0.0	-0.0	Inf
GLCabcpp	glyb_c	0.0	0.0	0.0	Inf	Inf
GLCabcpp	glyc_c	-0.0	-75.6370672711122	1.1380551757998507	-0.0	0.0
GLCabcpp	dxyl_c	0.0	0.0	0.0	Inf	Inf
GLCabcpp	glycogen_c	-0.0	-10.285125220842815	0.0	-0.0	Inf
GLCabcpp	gmhep1p_c	-0.0	0.0	0.5211654543382493	Inf	0.0
GLCabcpp	lipa_cold_c	-0.0	0.0	0.0	Inf	Inf
GLCabcpp	lipidA_c	-0.0	-0.01671596312101542	0.04199149368538606	-0.0	0.0
GLCabcpp	malt_c	0.0	0.0	0.0	Inf	Inf
GLCabcpp	h2_c	-0.0	0.0	0.0	Inf	Inf
GLCabcpp	malthx_c	-0.0	0.0	0.0	Inf	Inf
GLCabcpp	maltpt_c	-0.0	0.0	0.0	Inf	Inf
GLCabcpp	malttr_c	-0.0	0.0	0.0	Inf	Inf
GLCabcpp	maltttr_c	-0.0	0.0	0.0	Inf	Inf
GLCabcpp	h2o2_c	-0.0	-0.001397006374631787	0.8951554619840181	-0.0	0.0
GLCabcpp	man_c	-0.0	0.0	0.0	Inf	Inf
GLCabcpp	mdhdhf_c	-0.0	-54.622971551465405	0.00038490704558155446	-0.0	0.0
GLCabcpp	melib_c	-0.0	0.0	0.0	Inf	Inf
GLCabcpp	meoh_c	-0.0	-999.999998281665	1.718335056466458e-06	-0.0	0.0
GLCabcpp	pacald_c	-0.0	-1000.0	0.0	-0.0	Inf
GLCabcpp	metsox_S__L_c	-0.0	-0.09382882486249855	0.0	-0.0	Inf
GLCabcpp	mg2_c	-0.0	-0.007453278169919031	999.9925467218301	-0.0	0.0
GLCabcpp	hhlipa_c	-0.0	0.0	0.0	Inf	Inf
GLCabcpp	pe120_c	-0.0	-0.0668638524840907	0.0	-0.0	Inf
GLCabcpp	mobd_c	-0.0	-0.00011083260909806358	13.94117590354817	-0.0	0.0
GLCabcpp	hlipa_c	-0.0	0.0	0.0	Inf	Inf
GLCabcpp	pg120_c	-0.0	-0.0668638524840907	0.0	-0.0	Inf
GLCabcpp	mql8_c	0.0	0.0	0.0	Inf	Inf
GLCabcpp	mqn8_c	-0.0	0.0	0.0	Inf	Inf
GLCabcpp	mthgxl_c	-0.0	0.0	0.0	Inf	Inf
GLCabcpp	hqn_c	0.0	0.0	0.0	Inf	Inf
GLCabcpp	mththf_c	-0.0	-999.9996150929544	0.00038490704558155446	-0.0	0.0
GLCabcpp	n2o_c	-0.0	-1000.0	0.0	-0.0	Inf
GLCabcpp	na1_c	-0.0	0.0	0.0	Inf	Inf
GLCabcpp	nac_c	-0.0	0.0	0.0	Inf	Inf
GLCabcpp	ncam_c	-0.0	0.0	0.0	Inf	Inf
GLCabcpp	ni2_c	-0.0	-0.00027751110644658183	999.9997224888936	-0.0	0.0
GLCabcpp	no_c	-0.0	-1000.0	0.0	-0.0	Inf
GLCabcpp	indole_c	-0.0	-0.048837658906676185	0.37935172526661687	-0.0	0.0
GLCabcpp	no2_c	-0.0	-1000.0	0.0	-0.0	Inf
GLCabcpp	no3_c	0.0	0.0	0.0	Inf	Inf
GLCabcpp	inost_c	0.0	0.0	0.0	Inf	Inf
GLCabcpp	o2_c	-0.0	-21.69917760309316	978.3008223969068	-0.0	0.0
GLCabcpp	poaac_c	-0.0	-4.28959258570713	0.0	-0.0	Inf
GLCabcpp	ppal_c	-0.0	0.0	0.0	Inf	Inf
GLCabcpp	k_c	-0.0	-0.1677034842455214	55.76470361419268	-0.0	0.0
GLCabcpp	psclys_c	-0.0	0.0	0.0	Inf	Inf
GLCabcpp	lald__D_c	-0.0	0.0	0.0	Inf	Inf
GLCabcpp	lald__L_c	-0.0	0.0	0.0	Inf	Inf
GLCabcpp	ura_c	-0.0	-0.022480977129146755	0.0	-0.0	Inf
GLCabcpp	pydx_c	-0.0	0.0	0.47662139841190326	Inf	0.0
GLCabcpp	uracp_c	-0.0	-4.639858543918081	0.0	-0.0	Inf
GLCabcpp	pydxn_c	-0.0	0.0	0.4497153517273603	Inf	0.0
GLCabcpp	urate_c	-0.0	-0.001397006374631787	0.0	-0.0	Inf
GLCabcpp	q8_c	-0.0	0.0	0.0	Inf	Inf
GLCabcpp	q8h2_c	0.0	0.0	0.0	Inf	Inf
GLCabcpp	urea_c	-0.0	0.0	2.655462076866318	Inf	0.0
GLCabcpp	uri_c	-0.0	0.0	0.0	Inf	Inf
GLCabcpp	rbflvrd_c	-0.0	0.0	0.046914412431249275	Inf	0.0
GLCabcpp	rbl__L_c	-0.0	-10.285125220842815	0.0	-0.0	Inf
GLCabcpp	rdmbzi_c	0.0	0.0	0.0	Inf	Inf
GLCabcpp	thptdn_c	0.0	0.0	0.0	Inf	Inf
GLCabcpp	xan_c	-0.0	-0.09382882486249855	0.0	-0.0	Inf
GLCabcpp	rephaccoa_c	-0.0	-0.0004948804884268576	0.0	-0.0	Inf
GLCabcpp	rib__D_c	-0.0	0.0	0.0	Inf	Inf
GLCabcpp	xtsn_c	-0.0	0.0	0.0	Inf	Inf
GLCabcpp	rml_c	-0.0	0.0	0.0	Inf	Inf
GLCabcpp	thym_c	-0.0	-55.76470361419268	0.0	-0.0	Inf
GLCabcpp	thymd_c	-0.0	0.0	0.37176469076128454	Inf	0.0
GLCabcpp	xu5p__L_c	-0.0	-0.8287796166477959	0.0	-0.0	Inf
GLCabcpp	rmn_c	-0.0	0.0	0.0	Inf	Inf
GLCabcpp	xyl__D_c	0.0	0.0	0.0	Inf	Inf
GLCabcpp	tmao_c	0.0	0.0	0.0	Inf	Inf
GLCabcpp	xylu__D_c	-0.0	0.0	0.0	Inf	Inf
GLCabcpp	xylu__L_c	-0.0	-10.285125220842815	0.0	-0.0	Inf
GLCabcpp	12ppd__R_e	-0.0	-1000.0	0.0	-0.0	Inf
GLCabcpp	12ppd__S_e	-0.0	-1000.0	0.0	-0.0	Inf
GLCabcpp	tre_c	-0.0	-5.1425626104214075	0.0	-0.0	Inf
GLCabcpp	seln_c	0.0	0.0	0.0	Inf	Inf
GLCabcpp	34dhpac_e	-0.0	-1000.0	0.0	-0.0	Inf
GLCabcpp	slnt_c	0.0	0.0	0.0	Inf	Inf
GLCabcpp	so2_c	0.0	0.0	0.0	Inf	Inf
GLCabcpp	so3_c	-0.0	-0.2129635696319383	2.788235180709634	-0.0	0.0
GLCabcpp	so4_c	-0.0	-0.2166906383006335	55.76470361419268	-0.0	0.0
GLCabcpp	4hoxpacd_e	-0.0	-1000.0	0.0	-0.0	Inf
GLCabcpp	5mtr_e	-0.0	0.0	0.0	Inf	Inf
GLCabcpp	LalaDgluMdap_e	-0.0	-1000.0	0.0	-0.0	Inf
GLCabcpp	ac_e	-0.0	0.0	0.0	Inf	Inf
GLCabcpp	acald_e	-0.0	-1000.0	0.0	-0.0	Inf
GLCabcpp	acgal_e	-0.0	-1000.0	0.0	-0.0	Inf
GLCabcpp	acgam_e	-0.0	-1000.0	0.0	-0.0	Inf
GLCabcpp	acmana_e	-0.0	-1000.0	0.0	-0.0	Inf
GLCabcpp	tagur_c	-0.0	0.0	0.0	Inf	Inf
GLCabcpp	tartr__L_c	-0.0	-2.542584251128358	0.0	-0.0	Inf
GLCabcpp	ade_e	-0.0	-1000.0	0.0	-0.0	Inf
GLCabcpp	adn_e	-0.0	-1000.0	0.0	-0.0	Inf
GLCabcpp	all__D_e	-0.0	-1000.0	0.0	-0.0	Inf
GLCabcpp	cl_e	-0.0	-0.004471966901974156	999.995528033098	-0.0	0.0
GLCabcpp	alltn_e	-0.0	0.0	0.0	Inf	Inf
GLCabcpp	cm_e	-0.0	-1000.0	0.0	-0.0	Inf
GLCabcpp	co2_e	-0.0	-984.8674396872188	15.132560312781152	-0.0	0.0
GLCabcpp	arab__L_e	-0.0	-1000.0	0.0	-0.0	Inf
GLCabcpp	arbt_e	-0.0	-1000.0	0.0	-0.0	Inf
GLCabcpp	unagamu_c	-0.0	0.0	0.04240661871801725	Inf	0.0
GLCabcpp	crn_e	-0.0	-1000.0	0.0	-0.0	Inf
GLCabcpp	csn_e	-0.0	-1000.0	0.0	-0.0	Inf
GLCabcpp	cyan_e	-0.0	-1000.0	0.0	-0.0	Inf
GLCabcpp	glyb_e	-0.0	-1000.0	0.0	-0.0	Inf
GLCabcpp	glyc_e	-0.0	-75.6370672711122	1.1380551757998507	-0.0	0.0
GLCabcpp	cytd_e	-0.0	-1000.0	0.0	-0.0	Inf
GLCabcpp	ca2_e	-0.0	-0.004471966901974156	999.995528033098	-0.0	0.0
GLCabcpp	dad_2_e	-0.0	-1000.0	0.0	-0.0	Inf
GLCabcpp	dcyt_e	-0.0	-1000.0	0.0	-0.0	Inf
GLCabcpp	chol_e	-0.0	-1000.0	0.0	-0.0	Inf
GLCabcpp	dha_e	-0.0	-1000.0	0.0	-0.0	Inf
GLCabcpp	ppal_e	-0.0	-1000.0	0.0	-0.0	Inf
GLCabcpp	h2_e	-0.0	-1000.0	0.0	-0.0	Inf
GLCabcpp	dms_e	-0.0	-1000.0	0.0	-0.0	Inf
GLCabcpp	dmso_e	-0.0	-1000.0	0.0	-0.0	Inf
GLCabcpp	h2o2_e	-0.0	-1000.0	0.0	-0.0	Inf
GLCabcpp	psclys_e	-0.0	-1000.0	0.0	-0.0	Inf
GLCabcpp	duri_e	-0.0	-1000.0	0.0	-0.0	Inf
GLCabcpp	pydx_e	-0.0	-1000.0	0.0	-0.0	Inf
GLCabcpp	pydxn_e	-0.0	-1000.0	0.0	-0.0	Inf
GLCabcpp	etoh_e	-0.0	-1000.0	0.0	-0.0	Inf
GLCabcpp	fald_e	-0.0	0.0	0.0	Inf	Inf
GLCabcpp	rib__D_e	-0.0	-1000.0	0.0	-0.0	Inf
GLCabcpp	rmn_e	-0.0	-1000.0	0.0	-0.0	Inf
GLCabcpp	indole_e	-0.0	-1000.0	0.0	-0.0	Inf
GLCabcpp	inost_e	-0.0	-1000.0	0.0	-0.0	Inf
GLCabcpp	sbt__D_e	-0.0	-4.355443596867531	0.0	-0.0	Inf
GLCabcpp	k_e	-0.0	-0.1677034842455214	999.8322965157545	-0.0	0.0
GLCabcpp	for_e	-0.0	0.0	0.0021075379093072706	Inf	0.0
GLCabcpp	slnt_e	-0.0	0.0	1000.0	Inf	0.0
GLCabcpp	fru_e	-0.0	-1000.0	0.0	-0.0	Inf
GLCabcpp	so2_e	-0.0	-1000.0	0.0	-0.0	Inf
GLCabcpp	so3_e	-0.0	-1000.0	0.0	-0.0	Inf
GLCabcpp	so4_e	-0.0	-0.2166906383006335	999.7833093616994	-0.0	0.0
GLCabcpp	lipa_cold_e	-0.0	-1000.0	0.0	-0.0	Inf
GLCabcpp	sucr_e	-0.0	-1000.0	0.0	-0.0	Inf
GLCabcpp	g3pe_e	-0.0	-1000.0	0.0	-0.0	Inf
GLCabcpp	malt_e	-0.0	-1000.0	0.0	-0.0	Inf
GLCabcpp	tartr__L_e	-0.0	-1000.0	0.0	-0.0	Inf
GLCabcpp	g3pi_e	-0.0	-1000.0	0.0	-0.0	Inf
GLCabcpp	malthx_e	-0.0	-1000.0	0.0	-0.0	Inf
GLCabcpp	maltpt_e	-0.0	-1000.0	0.0	-0.0	Inf
GLCabcpp	gal_e	-0.0	-1000.0	0.0	-0.0	Inf
GLCabcpp	gal_bD_e	-0.0	-1000.0	0.0	-0.0	Inf
GLCabcpp	malttr_e	-0.0	-1000.0	0.0	-0.0	Inf
GLCabcpp	maltttr_e	-0.0	-1000.0	0.0	-0.0	Inf
GLCabcpp	man_e	-0.0	-1000.0	0.0	-0.0	Inf
GLCabcpp	thym_e	-0.0	-1000.0	0.0	-0.0	Inf
GLCabcpp	thymd_e	-0.0	-1000.0	0.0	-0.0	Inf
GLCabcpp	galt_e	-0.0	-4.355443596867531	0.0	-0.0	Inf
GLCabcpp	melib_e	-0.0	-1000.0	0.0	-0.0	Inf
GLCabcpp	meoh_e	-0.0	-999.999998281665	1.718335056466458e-06	-0.0	0.0
GLCabcpp	tmao_e	-0.0	-1000.0	0.0	-0.0	Inf
GLCabcpp	tre_e	-2.0	-5.1425626104214075	0.0	-2.0	Inf
GLCabcpp	metsox_S__L_e	-0.0	-1000.0	0.0	-0.0	Inf
GLCabcpp	glc__D_e	-1.0	-10.285125220842815	0.0	-0.999999999999989	Inf
GLCabcpp	mg2_e	-0.0	-0.007453278169919031	999.9925467218301	-0.0	0.0
GLCabcpp	mnl_e	-0.0	-1000.0	0.0	-0.0	Inf
GLCabcpp	mobd_e	-0.0	-0.00011083260915256687	999.9998891673908	-0.0	0.0
GLCabcpp	glyald_e	-0.0	-1000.0	0.0	-0.0	Inf
GLCabcpp	n2o_e	-0.0	-1000.0	0.0	-0.0	Inf
GLCabcpp	na1_e	-0.0	0.0	1000.0	Inf	0.0
GLCabcpp	nac_e	-0.0	-1000.0	0.0	-0.0	Inf
GLCabcpp	ni2_e	-0.0	-0.00027751110644658183	999.9997224888936	-0.0	0.0
GLCabcpp	no_e	-0.0	-1000.0	0.0	-0.0	Inf
GLCabcpp	no2_e	-0.0	-1000.0	0.0	-0.0	Inf
GLCabcpp	ura_e	-0.0	-1000.0	0.0	-0.0	Inf
GLCabcpp	no3_e	-0.0	-1000.0	0.0	-0.0	Inf
GLCabcpp	urea_e	-0.0	-1000.0	0.0	-0.0	Inf
GLCabcpp	novbcn_e	-0.0	-1000.0	0.0	-0.0	Inf
GLCabcpp	uri_e	-0.0	-1000.0	0.0	-0.0	Inf
GLCabcpp	o2_e	-0.0	-21.699177603093176	978.3008223969068	-0.0	0.0
GLCabcpp	xan_e	-0.0	0.0	0.0	Inf	Inf
GLCabcpp	xtsn_e	-0.0	-1000.0	0.0	-0.0	Inf
GLCabcpp	xyl__D_e	-0.0	-1000.0	0.0	-0.0	Inf
GLCabcpp	xylu__L_e	-0.0	-1000.0	0.0	-0.0	Inf
GLCabcpp	pacald_e	-0.0	-1000.0	0.0	-0.0	Inf
GLCabcpp	12dgr120_p	-0.0	0.0	0.0	Inf	Inf
GLCabcpp	12dgr140_p	-0.0	0.0	0.0	Inf	Inf
GLCabcpp	12dgr160_p	-0.0	-0.05482691563553356	0.0	-0.0	Inf
GLCabcpp	12dgr180_p	-0.0	0.0	0.0	Inf	Inf
GLCabcpp	12ppd__R_p	-0.0	-1000.0	0.0	-0.0	Inf
GLCabcpp	12ppd__S_p	-0.0	0.0	0.0	Inf	Inf
GLCabcpp	chol_p	-0.0	-1000.0	0.0	-0.0	Inf
GLCabcpp	cl_p	-0.0	-0.004471966901974156	999.995528033098	-0.0	0.0
GLCabcpp	34dhpac_p	-0.0	-1000.0	0.0	-0.0	Inf
GLCabcpp	cm_p	-0.0	0.0	0.0	Inf	Inf
GLCabcpp	4hoxpacd_p	-0.0	-1000.0	0.0	-0.0	Inf
GLCabcpp	co2_p	-0.0	-984.8674396872188	15.132560312781152	-0.0	0.0
GLCabcpp	5mtr_p	-0.0	0.0	0.0	Inf	Inf
GLCabcpp	LalaDgluMdap_p	-0.0	0.0	0.0	Inf	Inf
GLCabcpp	gal_p	-0.0	-1000.0	0.0	-0.0	Inf
GLCabcpp	ac_p	-0.0	-3.644962325419556	0.0	-0.0	Inf
GLCabcpp	crn_p	-0.0	-1000.0	0.0	-0.0	Inf
GLCabcpp	gal_bD_p	-0.0	-1000.0	0.0	-0.0	Inf
GLCabcpp	acald_p	-0.0	-1000.0	0.0	-0.0	Inf
GLCabcpp	acgal_p	-0.0	-1000.0	0.0	-0.0	Inf
GLCabcpp	csn_p	-0.0	0.0	0.0	Inf	Inf
GLCabcpp	acgam_p	-0.0	-1000.0	0.0	-0.0	Inf
GLCabcpp	galt_p	-0.0	-4.355443596867531	0.0	-0.0	Inf
GLCabcpp	acmana_p	-0.0	-1000.0	0.0	-0.0	Inf
GLCabcpp	cyan_p	-0.0	0.0	0.0	Inf	Inf
GLCabcpp	ade_p	-0.0	-1000.0	0.0	-0.0	Inf
GLCabcpp	adn_p	-0.0	0.0	0.0005782197358688747	Inf	0.0
GLCabcpp	cytd_p	-0.0	-0.13791786492612795	0.0	-0.0	Inf
GLCabcpp	glc__D_p	-1.0	-10.285125220842815	0.0	-0.999999999999989	Inf
GLCabcpp	dad_2_p	-0.0	-1000.0	0.0	-0.0	Inf
GLCabcpp	dcyt_p	-0.0	-1000.0	0.0	-0.0	Inf
GLCabcpp	all__D_p	-0.0	0.0	0.0	Inf	Inf
GLCabcpp	alltn_p	-0.0	0.0	0.0	Inf	Inf
GLCabcpp	dha_p	-0.0	-1000.0	0.0	-0.0	Inf
GLCabcpp	glyald_p	-0.0	-1000.0	0.0	-0.0	Inf
GLCabcpp	glyb_p	0.0	0.0	0.0	Inf	Inf
GLCabcpp	dms_p	-0.0	-1000.0	0.0	-0.0	Inf
GLCabcpp	glyc_p	-0.0	-75.6370672711122	1.1380551757998507	-0.0	0.0
GLCabcpp	dmso_p	-0.0	-1000.0	0.0	-0.0	Inf
GLCabcpp	arab__L_p	-0.0	0.0	0.0	Inf	Inf
GLCabcpp	arbt_p	0.0	0.0	0.0	Inf	Inf
GLCabcpp	ca2_p	-0.0	-0.004471966901974156	999.995528033098	-0.0	0.0
GLCabcpp	duri_p	-0.0	-1000.0	0.0	-0.0	Inf
GLCabcpp	h2_p	-0.0	-1000.0	0.0	-0.0	Inf
GLCabcpp	h2o2_p	-0.0	-1000.0	0.0	-0.0	Inf
GLCabcpp	etoh_p	-0.0	-1000.0	0.0	-0.0	Inf
GLCabcpp	fald_p	-0.0	0.0	0.0	Inf	Inf
GLCabcpp	n2o_p	-0.0	-1000.0	0.0	-0.0	Inf
GLCabcpp	na1_p	-0.0	0.0	0.0	Inf	Inf
GLCabcpp	indole_p	-0.0	0.0	0.38195002475474443	Inf	0.0
GLCabcpp	nac_p	-0.0	-1000.0	0.0	-0.0	Inf
GLCabcpp	ni2_p	-0.0	-0.00027751110644658183	999.9997224888936	-0.0	0.0
GLCabcpp	inost_p	-0.0	-1000.0	0.0	-0.0	Inf
GLCabcpp	no_p	-0.0	-1000.0	0.0	-0.0	Inf
GLCabcpp	no2_p	-0.0	-1000.0	0.0	-0.0	Inf
GLCabcpp	for_p	-0.0	0.0	0.0021075379093072706	Inf	0.0
GLCabcpp	fru_p	-0.0	-1000.0	0.0	-0.0	Inf
GLCabcpp	no3_p	-0.0	0.0	0.0	Inf	Inf
GLCabcpp	k_p	-0.0	-0.1677034842455214	999.8322965157545	-0.0	0.0
GLCabcpp	novbcn_p	-0.0	0.0	0.0	Inf	Inf
GLCabcpp	o2_p	-0.0	-21.699177603093176	978.3008223969068	-0.0	0.0
GLCabcpp	lipa_cold_p	-0.0	-13.94117590354817	0.0	-0.0	Inf
GLCabcpp	g3pe_p	-0.0	0.0	0.0	Inf	Inf
GLCabcpp	g3pi_p	-0.0	0.0	0.0	Inf	Inf
GLCabcpp	so3_p	-0.0	-1000.0	0.0	-0.0	Inf
GLCabcpp	so4_p	-0.0	-0.2166906383006335	999.7833093616994	-0.0	0.0
GLCabcpp	malt_p	0.0	0.0	0.0	Inf	Inf
GLCabcpp	malthx_p	0.0	0.0	0.0	Inf	Inf
GLCabcpp	maltpt_p	0.0	0.0	0.0	Inf	Inf
GLCabcpp	sucr_p	-0.0	-1000.0	0.0	-0.0	Inf
GLCabcpp	malttr_p	0.0	0.0	0.0	Inf	Inf
GLCabcpp	maltttr_p	0.0	0.0	0.0	Inf	Inf
GLCabcpp	pacald_p	-0.0	-1000.0	0.0	-0.0	Inf
GLCabcpp	man_p	-0.0	-1000.0	0.0	-0.0	Inf
GLCabcpp	tartr__L_p	-0.0	-1000.0	0.0	-0.0	Inf
GLCabcpp	pe120_p	-0.0	-0.0668638524840907	0.0	-0.0	Inf
GLCabcpp	melib_p	-0.0	-1000.0	0.0	-0.0	Inf
GLCabcpp	meoh_p	-0.0	-999.999998281665	1.718335056466458e-06	-0.0	0.0
GLCabcpp	thym_p	-0.0	-1000.0	0.0	-0.0	Inf
GLCabcpp	thymd_p	-0.0	0.0	0.0	Inf	Inf
GLCabcpp	pg120_p	-0.0	-0.0668638524840907	0.0	-0.0	Inf
GLCabcpp	metsox_S__L_p	-0.0	-1000.0	0.0	-0.0	Inf
GLCabcpp	tmao_p	-0.0	-1000.0	0.0	-0.0	Inf
GLCabcpp	mg2_p	-0.0	-0.007453278169919031	999.9925467218301	-0.0	0.0
GLCabcpp	tre_p	-2.0	-5.1425626104214075	0.0	-1.999999999999978	Inf
GLCabcpp	mnl_p	-0.0	0.0	0.0	Inf	Inf
GLCabcpp	mobd_p	-0.0	-0.00011083260915256687	999.9998891673908	-0.0	0.0
GLCabcpp	ura_p	-0.0	-1000.0	0.0	-0.0	Inf
GLCabcpp	urea_p	-0.0	0.0	2.655462076866318	Inf	0.0
GLCabcpp	uri_p	-0.0	0.0	0.0	Inf	Inf
GLCabcpp	xan_p	-0.0	-0.09382882486249855	0.0	-0.0	Inf
GLCabcpp	xtsn_p	-0.0	0.0	0.0	Inf	Inf
GLCabcpp	xyl__D_p	-0.0	0.0	0.0	Inf	Inf
GLCabcpp	xylu__L_p	-0.0	-1000.0	0.0	-0.0	Inf
GLCabcpp	ppal_p	-0.0	-1000.0	0.0	-0.0	Inf
GLCabcpp	psclys_p	-0.0	-1000.0	0.0	-0.0	Inf
GLCabcpp	pydx_p	-0.0	0.0	0.0	Inf	Inf
GLCabcpp	pydxn_p	-0.0	0.0	0.0	Inf	Inf
GLCabcpp	rib__D_p	-0.0	-1000.0	0.0	-0.0	Inf
GLCabcpp	rmn_p	-0.0	-1000.0	0.0	-0.0	Inf
GLCabcpp	sbt__D_p	-0.0	-4.355443596867531	0.0	-0.0	Inf
GLCabcpp	slnt_p	-0.0	0.0	0.0	Inf	Inf
GLCabcpp	so2_p	-0.0	-1000.0	0.0	-0.0	Inf
