Reaction	Metabolite	ShadowPrice	G-	G+	DecrementalShadowPrice	IncrementalShadowPrice
GAMAN6Ptex_f	12dgr120_c	-0.0	0.0	0.0	Inf	Inf
GAMAN6Ptex_f	12dgr140_c	-0.0	0.0	0.0	Inf	Inf
GAMAN6Ptex_f	12dgr160_c	-0.0	-0.05482691563553356	0.0	-0.0	Inf
GAMAN6Ptex_f	12dgr180_c	-0.0	0.0	0.0	Inf	Inf
GAMAN6Ptex_f	12ppd__R_c	-0.0	-1000.0	0.0	-0.0	Inf
GAMAN6Ptex_f	12ppd__S_c	-0.0	0.0	0.0	Inf	Inf
GAMAN6Ptex_f	5drib_c	-0.0	-999.9998066873097	0.00019331269028732018	-0.0	0.0
GAMAN6Ptex_f	5mta_c	-0.0	0.0	0.0	Inf	Inf
GAMAN6Ptex_f	23dhacoa_c	-0.0	-0.0004948804884268576	0.0	-0.0	Inf
GAMAN6Ptex_f	5mtr_c	-0.0	0.0	0.0	Inf	Inf
GAMAN6Ptex_f	3amac_c	-0.0	-7.89423043069162	0.0	-0.0	Inf
GAMAN6Ptex_f	LalaDgluMdap_c	-0.0	-0.02387454683424024	0.0	-0.0	Inf
GAMAN6Ptex_f	ac_c	-0.0	-3.644962325419556	1.9919594863788226	-0.0	0.0
GAMAN6Ptex_f	acald_c	-0.0	-3.644962325419556	1.593277246119791	-0.0	0.0
GAMAN6Ptex_f	acetol_c	-0.0	0.0	0.0	Inf	Inf
GAMAN6Ptex_f	acgam_c	-0.0	-0.08118101991051704	0.0	-0.0	Inf
GAMAN6Ptex_f	acgam6p_c	-0.0	-0.08118101991051704	0.0	-0.0	Inf
GAMAN6Ptex_f	acmalt_c	0.0	0.0	0.0	Inf	Inf
GAMAN6Ptex_f	acmana_c	-0.0	-0.08118101991051704	0.0	-0.0	Inf
GAMAN6Ptex_f	2dmmq8_c	-0.0	0.0	0.0	Inf	Inf
GAMAN6Ptex_f	2dmmql8_c	0.0	0.0	0.0	Inf	Inf
GAMAN6Ptex_f	ade_c	-0.0	-0.09382882486249855	0.0005782197358688747	-0.0	0.0
GAMAN6Ptex_f	adn_c	-0.0	0.0	0.0005782197358688747	Inf	0.0
GAMAN6Ptex_f	3sala_c	0.0	0.0	0.0	Inf	Inf
GAMAN6Ptex_f	adphep_DD_c	-0.0	0.0	0.0	Inf	Inf
GAMAN6Ptex_f	adphep_LD_c	-0.0	0.0	0.0	Inf	Inf
GAMAN6Ptex_f	4ahmmp_c	0.0	0.0	0.0	Inf	Inf
GAMAN6Ptex_f	4crsol_c	-0.0	-999.9998084056448	0.000191594355262544	-0.0	0.0
GAMAN6Ptex_f	2ohph_c	-0.0	-0.000191594355262544	0.06237662596665848	-0.0	0.0
GAMAN6Ptex_f	2ombzl_c	-0.0	0.0	0.0	Inf	Inf
GAMAN6Ptex_f	2omhmbl_c	-0.0	0.0	0.0	Inf	Inf
GAMAN6Ptex_f	2ommbl_c	0.0	0.0	0.0	Inf	Inf
GAMAN6Ptex_f	2omph_c	-0.0	0.0	0.055932501117545316	Inf	0.0
GAMAN6Ptex_f	4mhetz_c	0.0	0.0	0.0	Inf	Inf
GAMAN6Ptex_f	2oph_c	-0.0	-0.000191594355262544	0.06237662596665848	-0.0	0.0
GAMAN6Ptex_f	2oxpaccoa_c	-0.0	-0.0004948804884268576	0.0	-0.0	Inf
GAMAN6Ptex_f	all__D_c	-0.0	-10.285125220842815	0.0	-0.0	Inf
GAMAN6Ptex_f	alltn_c	-0.0	-1.973557607672905	0.0	-0.0	Inf
GAMAN6Ptex_f	4r5au_c	-0.0	-0.00038318871104585286	0.3621084650272252	-0.0	0.0
GAMAN6Ptex_f	56dura_c	0.0	0.0	0.0	Inf	Inf
GAMAN6Ptex_f	arab__L_c	-0.0	-10.285125220842815	0.0	-0.0	Inf
GAMAN6Ptex_f	etoh_c	-0.0	-1000.0	0.0	-0.0	Inf
GAMAN6Ptex_f	csn_c	-0.0	0.0	0.15542769882983976	Inf	0.0
GAMAN6Ptex_f	fald_c	-0.0	0.0	0.0	Inf	Inf
GAMAN6Ptex_f	fc1p_c	-0.0	0.0	0.0	Inf	Inf
GAMAN6Ptex_f	fcl__L_c	-0.0	0.0	0.0	Inf	Inf
GAMAN6Ptex_f	aso4_c	0.0	0.0	0.0	Inf	Inf
GAMAN6Ptex_f	cyan_c	0.0	0.0	0.0	Inf	Inf
GAMAN6Ptex_f	athtp_c	0.0	0.0	0.0	Inf	Inf
GAMAN6Ptex_f	cytd_c	-0.0	-0.13791786492612795	0.0	-0.0	Inf
GAMAN6Ptex_f	dad_2_c	-0.0	-0.09382882486249855	0.0	-0.0	Inf
GAMAN6Ptex_f	dad_5_c	-0.0	-0.09382882486249855	0.00019331269028732018	-0.0	0.0
GAMAN6Ptex_f	betald_c	0.0	0.0	0.0	Inf	Inf
GAMAN6Ptex_f	btal_c	-0.0	-529.4594708977854	0.0	-0.0	Inf
GAMAN6Ptex_f	for_c	-0.0	-0.09382882486249855	0.0021075379093072706	-0.0	0.0
GAMAN6Ptex_f	dcyt_c	-0.0	-0.022480977129146755	0.0	-0.0	Inf
GAMAN6Ptex_f	fru_c	-0.0	-10.285125220842815	0.0	-0.0	Inf
GAMAN6Ptex_f	ca2_c	-0.0	-0.004471966901974156	999.995528033098	-0.0	0.0
GAMAN6Ptex_f	g3pe_c	-0.0	-0.8287796166477959	0.0	-0.0	Inf
GAMAN6Ptex_f	g3pi_c	0.0	0.0	0.0	Inf	Inf
GAMAN6Ptex_f	cbm_c	-0.0	-3.94711521534581	0.0	-0.0	Inf
GAMAN6Ptex_f	dha_c	-0.0	-88.24324514963091	1.327731038433159	-0.0	0.0
GAMAN6Ptex_f	gal_c	-0.0	0.0	0.0	Inf	Inf
GAMAN6Ptex_f	dhgly_c	-0.0	-0.000191594355262544	0.24036510178531328	-0.0	0.0
GAMAN6Ptex_f	dhmptp_c	0.0	0.0	0.0	Inf	Inf
GAMAN6Ptex_f	gcald_c	-0.0	-2.542584251128358	0.000574783065644624	-0.0	0.0
GAMAN6Ptex_f	dhptd_c	-0.0	-54.622971551465405	0.00038490704558155446	-0.0	0.0
GAMAN6Ptex_f	cechddd_c	-0.0	0.0	0.0	Inf	Inf
GAMAN6Ptex_f	dhptdn_c	0.0	0.0	0.0	Inf	Inf
GAMAN6Ptex_f	chol_c	0.0	0.0	0.0	Inf	Inf
GAMAN6Ptex_f	chtbs6p_c	-0.0	0.0	0.0	Inf	Inf
GAMAN6Ptex_f	dmbzid_c	0.0	0.0	0.0	Inf	Inf
GAMAN6Ptex_f	dms_c	0.0	0.0	0.0	Inf	Inf
GAMAN6Ptex_f	dmso_c	0.0	0.0	0.0	Inf	Inf
GAMAN6Ptex_f	cl_c	-0.0	-0.004471966901974156	999.995528033098	-0.0	0.0
GAMAN6Ptex_f	glc__D_c	-0.0	-10.285125220842815	0.0	-0.0	Inf
GAMAN6Ptex_f	co2_c	-0.0	-984.8674396872188	15.132560312781152	-0.0	0.0
GAMAN6Ptex_f	dscl_c	-0.0	-0.000191594355262544	0.06893041237848292	-0.0	0.0
GAMAN6Ptex_f	dtdp4aaddg_c	-0.0	0.0	0.0	Inf	Inf
GAMAN6Ptex_f	glyald_c	-0.0	-1000.0	0.0	-0.0	Inf
GAMAN6Ptex_f	crn_c	-0.0	-1000.0	0.0	-0.0	Inf
GAMAN6Ptex_f	duri_c	-0.0	-0.022480977129146755	0.0	-0.0	Inf
GAMAN6Ptex_f	glyb_c	0.0	0.0	0.0	Inf	Inf
GAMAN6Ptex_f	glyc_c	-0.0	-75.6370672711122	1.1380551757998507	-0.0	0.0
GAMAN6Ptex_f	dxyl_c	0.0	0.0	0.0	Inf	Inf
GAMAN6Ptex_f	glycogen_c	-0.0	-10.285125220842815	0.0	-0.0	Inf
GAMAN6Ptex_f	gmhep1p_c	-0.0	0.0	0.5211654543382493	Inf	0.0
GAMAN6Ptex_f	lipa_cold_c	-0.0	0.0	0.0	Inf	Inf
GAMAN6Ptex_f	lipidA_c	-0.0	-0.01671596312101542	0.04199149368538606	-0.0	0.0
GAMAN6Ptex_f	malt_c	0.0	0.0	0.0	Inf	Inf
GAMAN6Ptex_f	h2_c	-0.0	0.0	0.0	Inf	Inf
GAMAN6Ptex_f	malthx_c	-0.0	0.0	0.0	Inf	Inf
GAMAN6Ptex_f	maltpt_c	-0.0	0.0	0.0	Inf	Inf
GAMAN6Ptex_f	malttr_c	-0.0	0.0	0.0	Inf	Inf
GAMAN6Ptex_f	maltttr_c	-0.0	0.0	0.0	Inf	Inf
GAMAN6Ptex_f	h2o2_c	-0.0	-0.001397006374631787	0.8951554619840181	-0.0	0.0
GAMAN6Ptex_f	man_c	-0.0	0.0	0.0	Inf	Inf
GAMAN6Ptex_f	mdhdhf_c	-0.0	-54.622971551465405	0.00038490704558155446	-0.0	0.0
GAMAN6Ptex_f	melib_c	-0.0	0.0	0.0	Inf	Inf
GAMAN6Ptex_f	meoh_c	-0.0	-999.999998281665	1.718335056466458e-06	-0.0	0.0
GAMAN6Ptex_f	pacald_c	-0.0	-1000.0	0.0	-0.0	Inf
GAMAN6Ptex_f	metsox_S__L_c	-0.0	-0.09382882486249855	0.0	-0.0	Inf
GAMAN6Ptex_f	mg2_c	-0.0	-0.007453278169919031	999.9925467218301	-0.0	0.0
GAMAN6Ptex_f	hhlipa_c	-0.0	0.0	0.0	Inf	Inf
GAMAN6Ptex_f	pe120_c	-0.0	-0.0668638524840907	0.0	-0.0	Inf
GAMAN6Ptex_f	mobd_c	-0.0	-0.00011083260909806358	13.94117590354817	-0.0	0.0
GAMAN6Ptex_f	hlipa_c	-0.0	0.0	0.0	Inf	Inf
GAMAN6Ptex_f	pg120_c	-0.0	-0.0668638524840907	0.0	-0.0	Inf
GAMAN6Ptex_f	mql8_c	0.0	0.0	0.0	Inf	Inf
GAMAN6Ptex_f	mqn8_c	-0.0	0.0	0.0	Inf	Inf
GAMAN6Ptex_f	mthgxl_c	-0.0	0.0	0.0	Inf	Inf
GAMAN6Ptex_f	hqn_c	0.0	0.0	0.0	Inf	Inf
GAMAN6Ptex_f	mththf_c	-0.0	-999.9996150929544	0.00038490704558155446	-0.0	0.0
GAMAN6Ptex_f	n2o_c	-0.0	-1000.0	0.0	-0.0	Inf
GAMAN6Ptex_f	na1_c	-0.0	0.0	0.0	Inf	Inf
GAMAN6Ptex_f	nac_c	-0.0	0.0	0.0	Inf	Inf
GAMAN6Ptex_f	ncam_c	-0.0	0.0	0.0	Inf	Inf
GAMAN6Ptex_f	ni2_c	-0.0	-0.00027751110644658183	999.9997224888936	-0.0	0.0
GAMAN6Ptex_f	no_c	-0.0	-1000.0	0.0	-0.0	Inf
GAMAN6Ptex_f	indole_c	-0.0	-0.048837658906676185	0.37935172526661687	-0.0	0.0
GAMAN6Ptex_f	no2_c	-0.0	-1000.0	0.0	-0.0	Inf
GAMAN6Ptex_f	no3_c	0.0	0.0	0.0	Inf	Inf
GAMAN6Ptex_f	inost_c	0.0	0.0	0.0	Inf	Inf
GAMAN6Ptex_f	o2_c	-0.0	-21.69917760309316	978.3008223969068	-0.0	0.0
GAMAN6Ptex_f	poaac_c	-0.0	-4.28959258570713	0.0	-0.0	Inf
GAMAN6Ptex_f	ppal_c	-0.0	0.0	0.0	Inf	Inf
GAMAN6Ptex_f	k_c	-0.0	-0.1677034842455214	55.76470361419268	-0.0	0.0
GAMAN6Ptex_f	psclys_c	-0.0	0.0	0.0	Inf	Inf
GAMAN6Ptex_f	lald__D_c	-0.0	0.0	0.0	Inf	Inf
GAMAN6Ptex_f	lald__L_c	-0.0	0.0	0.0	Inf	Inf
GAMAN6Ptex_f	ura_c	-0.0	-0.022480977129146755	0.0	-0.0	Inf
GAMAN6Ptex_f	pydx_c	-0.0	0.0	0.47662139841190326	Inf	0.0
GAMAN6Ptex_f	uracp_c	-0.0	-4.639858543918081	0.0	-0.0	Inf
GAMAN6Ptex_f	pydxn_c	-0.0	0.0	0.4497153517273603	Inf	0.0
GAMAN6Ptex_f	urate_c	-0.0	-0.001397006374631787	0.0	-0.0	Inf
GAMAN6Ptex_f	q8_c	-0.0	0.0	0.0	Inf	Inf
GAMAN6Ptex_f	q8h2_c	0.0	0.0	0.0	Inf	Inf
GAMAN6Ptex_f	urea_c	-0.0	0.0	2.655462076866318	Inf	0.0
GAMAN6Ptex_f	uri_c	-0.0	0.0	0.0	Inf	Inf
GAMAN6Ptex_f	rbflvrd_c	-0.0	0.0	0.046914412431249275	Inf	0.0
GAMAN6Ptex_f	rbl__L_c	-0.0	-10.285125220842815	0.0	-0.0	Inf
GAMAN6Ptex_f	rdmbzi_c	0.0	0.0	0.0	Inf	Inf
GAMAN6Ptex_f	thptdn_c	0.0	0.0	0.0	Inf	Inf
GAMAN6Ptex_f	xan_c	-0.0	-0.09382882486249855	0.0	-0.0	Inf
GAMAN6Ptex_f	rephaccoa_c	-0.0	-0.0004948804884268576	0.0	-0.0	Inf
GAMAN6Ptex_f	rib__D_c	-0.0	0.0	0.0	Inf	Inf
GAMAN6Ptex_f	xtsn_c	-0.0	0.0	0.0	Inf	Inf
GAMAN6Ptex_f	rml_c	-0.0	0.0	0.0	Inf	Inf
GAMAN6Ptex_f	thym_c	-0.0	-55.76470361419268	0.0	-0.0	Inf
GAMAN6Ptex_f	thymd_c	-0.0	0.0	0.37176469076128454	Inf	0.0
GAMAN6Ptex_f	xu5p__L_c	-0.0	-0.8287796166477959	0.0	-0.0	Inf
GAMAN6Ptex_f	rmn_c	-0.0	0.0	0.0	Inf	Inf
GAMAN6Ptex_f	xyl__D_c	0.0	0.0	0.0	Inf	Inf
GAMAN6Ptex_f	tmao_c	0.0	0.0	0.0	Inf	Inf
GAMAN6Ptex_f	xylu__D_c	-0.0	0.0	0.0	Inf	Inf
GAMAN6Ptex_f	xylu__L_c	-0.0	-10.285125220842815	0.0	-0.0	Inf
GAMAN6Ptex_f	12ppd__R_e	-0.0	-1000.0	0.0	-0.0	Inf
GAMAN6Ptex_f	12ppd__S_e	-0.0	-1000.0	0.0	-0.0	Inf
GAMAN6Ptex_f	tre_c	-0.0	-5.1425626104214075	0.0	-0.0	Inf
GAMAN6Ptex_f	seln_c	0.0	0.0	0.0	Inf	Inf
GAMAN6Ptex_f	34dhpac_e	-0.0	-1000.0	0.0	-0.0	Inf
GAMAN6Ptex_f	slnt_c	0.0	0.0	0.0	Inf	Inf
GAMAN6Ptex_f	so2_c	0.0	0.0	0.0	Inf	Inf
GAMAN6Ptex_f	so3_c	-0.0	-0.2129635696319383	2.788235180709634	-0.0	0.0
GAMAN6Ptex_f	so4_c	-0.0	-0.2166906383006335	55.76470361419268	-0.0	0.0
GAMAN6Ptex_f	4hoxpacd_e	-0.0	-1000.0	0.0	-0.0	Inf
GAMAN6Ptex_f	5mtr_e	-0.0	0.0	0.0	Inf	Inf
GAMAN6Ptex_f	LalaDgluMdap_e	-0.0	-1000.0	0.0	-0.0	Inf
GAMAN6Ptex_f	ac_e	-0.0	0.0	0.0	Inf	Inf
GAMAN6Ptex_f	acald_e	-0.0	-1000.0	0.0	-0.0	Inf
GAMAN6Ptex_f	acgal_e	-0.0	-1000.0	0.0	-0.0	Inf
GAMAN6Ptex_f	acgam_e	-0.0	-1000.0	0.0	-0.0	Inf
GAMAN6Ptex_f	acmana_e	-0.0	-1000.0	0.0	-0.0	Inf
GAMAN6Ptex_f	tagur_c	-0.0	0.0	0.0	Inf	Inf
GAMAN6Ptex_f	tartr__L_c	-0.0	-2.542584251128358	0.0	-0.0	Inf
GAMAN6Ptex_f	ade_e	-0.0	-1000.0	0.0	-0.0	Inf
GAMAN6Ptex_f	adn_e	-0.0	-1000.0	0.0	-0.0	Inf
GAMAN6Ptex_f	all__D_e	-0.0	-1000.0	0.0	-0.0	Inf
GAMAN6Ptex_f	cl_e	-0.0	-0.004471966901974156	999.995528033098	-0.0	0.0
GAMAN6Ptex_f	alltn_e	-0.0	0.0	0.0	Inf	Inf
GAMAN6Ptex_f	cm_e	-0.0	-1000.0	0.0	-0.0	Inf
GAMAN6Ptex_f	co2_e	-0.0	-984.8674396872188	15.132560312781152	-0.0	0.0
GAMAN6Ptex_f	arab__L_e	-0.0	-1000.0	0.0	-0.0	Inf
GAMAN6Ptex_f	arbt_e	-0.0	-1000.0	0.0	-0.0	Inf
GAMAN6Ptex_f	unagamu_c	-0.0	0.0	0.04240661871801725	Inf	0.0
GAMAN6Ptex_f	crn_e	-0.0	-1000.0	0.0	-0.0	Inf
GAMAN6Ptex_f	csn_e	-0.0	-1000.0	0.0	-0.0	Inf
GAMAN6Ptex_f	cyan_e	-0.0	-1000.0	0.0	-0.0	Inf
GAMAN6Ptex_f	glyb_e	-0.0	-1000.0	0.0	-0.0	Inf
GAMAN6Ptex_f	glyc_e	-0.0	-75.6370672711122	1.1380551757998507	-0.0	0.0
GAMAN6Ptex_f	cytd_e	-0.0	-1000.0	0.0	-0.0	Inf
GAMAN6Ptex_f	ca2_e	-0.0	-0.004471966901974156	999.995528033098	-0.0	0.0
GAMAN6Ptex_f	dad_2_e	-0.0	-1000.0	0.0	-0.0	Inf
GAMAN6Ptex_f	dcyt_e	-0.0	-1000.0	0.0	-0.0	Inf
GAMAN6Ptex_f	chol_e	-0.0	-1000.0	0.0	-0.0	Inf
GAMAN6Ptex_f	dha_e	-0.0	-1000.0	0.0	-0.0	Inf
GAMAN6Ptex_f	ppal_e	-0.0	-1000.0	0.0	-0.0	Inf
GAMAN6Ptex_f	h2_e	-0.0	-1000.0	0.0	-0.0	Inf
GAMAN6Ptex_f	dms_e	-0.0	-1000.0	0.0	-0.0	Inf
GAMAN6Ptex_f	dmso_e	-0.0	-1000.0	0.0	-0.0	Inf
GAMAN6Ptex_f	h2o2_e	-0.0	-1000.0	0.0	-0.0	Inf
GAMAN6Ptex_f	psclys_e	-0.0	-1000.0	0.0	-0.0	Inf
GAMAN6Ptex_f	duri_e	-0.0	-1000.0	0.0	-0.0	Inf
GAMAN6Ptex_f	pydx_e	-0.0	-1000.0	0.0	-0.0	Inf
GAMAN6Ptex_f	pydxn_e	-0.0	-1000.0	0.0	-0.0	Inf
GAMAN6Ptex_f	etoh_e	-0.0	-1000.0	0.0	-0.0	Inf
GAMAN6Ptex_f	fald_e	-0.0	0.0	0.0	Inf	Inf
GAMAN6Ptex_f	rib__D_e	-0.0	-1000.0	0.0	-0.0	Inf
GAMAN6Ptex_f	rmn_e	-0.0	-1000.0	0.0	-0.0	Inf
GAMAN6Ptex_f	indole_e	-0.0	-1000.0	0.0	-0.0	Inf
GAMAN6Ptex_f	inost_e	-0.0	-1000.0	0.0	-0.0	Inf
GAMAN6Ptex_f	sbt__D_e	-0.0	-4.355443596867531	0.0	-0.0	Inf
GAMAN6Ptex_f	k_e	-0.0	-0.1677034842455214	999.8322965157545	-0.0	0.0
GAMAN6Ptex_f	for_e	-0.0	0.0	0.0021075379093072706	Inf	0.0
GAMAN6Ptex_f	slnt_e	-0.0	0.0	1000.0	Inf	0.0
GAMAN6Ptex_f	fru_e	-0.0	-1000.0	0.0	-0.0	Inf
GAMAN6Ptex_f	so2_e	-0.0	-1000.0	0.0	-0.0	Inf
GAMAN6Ptex_f	so3_e	-0.0	-1000.0	0.0	-0.0	Inf
GAMAN6Ptex_f	so4_e	-0.0	-0.2166906383006335	999.7833093616994	-0.0	0.0
GAMAN6Ptex_f	lipa_cold_e	-0.0	-1000.0	0.0	-0.0	Inf
GAMAN6Ptex_f	sucr_e	-0.0	-1000.0	0.0	-0.0	Inf
GAMAN6Ptex_f	g3pe_e	-0.0	-1000.0	0.0	-0.0	Inf
GAMAN6Ptex_f	malt_e	-0.0	-1000.0	0.0	-0.0	Inf
GAMAN6Ptex_f	tartr__L_e	-0.0	-1000.0	0.0	-0.0	Inf
GAMAN6Ptex_f	g3pi_e	-0.0	-1000.0	0.0	-0.0	Inf
GAMAN6Ptex_f	malthx_e	-0.0	-1000.0	0.0	-0.0	Inf
GAMAN6Ptex_f	maltpt_e	-0.0	-1000.0	0.0	-0.0	Inf
GAMAN6Ptex_f	gal_e	-0.0	-1000.0	0.0	-0.0	Inf
GAMAN6Ptex_f	gal_bD_e	-0.0	-1000.0	0.0	-0.0	Inf
GAMAN6Ptex_f	malttr_e	-0.0	-1000.0	0.0	-0.0	Inf
GAMAN6Ptex_f	maltttr_e	-0.0	-1000.0	0.0	-0.0	Inf
GAMAN6Ptex_f	man_e	-0.0	-1000.0	0.0	-0.0	Inf
GAMAN6Ptex_f	thym_e	-0.0	-1000.0	0.0	-0.0	Inf
GAMAN6Ptex_f	thymd_e	-0.0	-1000.0	0.0	-0.0	Inf
GAMAN6Ptex_f	galt_e	-0.0	-4.355443596867531	0.0	-0.0	Inf
GAMAN6Ptex_f	melib_e	-0.0	-1000.0	0.0	-0.0	Inf
GAMAN6Ptex_f	meoh_e	-0.0	-999.999998281665	1.718335056466458e-06	-0.0	0.0
GAMAN6Ptex_f	tmao_e	-0.0	-1000.0	0.0	-0.0	Inf
GAMAN6Ptex_f	tre_e	-0.0	-1000.0	0.0	-0.0	Inf
GAMAN6Ptex_f	metsox_S__L_e	-0.0	-1000.0	0.0	-0.0	Inf
GAMAN6Ptex_f	glc__D_e	-0.0	-1000.0	0.0	-0.0	Inf
GAMAN6Ptex_f	mg2_e	-0.0	-0.007453278169919031	999.9925467218301	-0.0	0.0
GAMAN6Ptex_f	mnl_e	-0.0	-1000.0	0.0	-0.0	Inf
GAMAN6Ptex_f	mobd_e	-0.0	-0.00011083260915256687	999.9998891673908	-0.0	0.0
GAMAN6Ptex_f	glyald_e	-0.0	-1000.0	0.0	-0.0	Inf
GAMAN6Ptex_f	n2o_e	-0.0	-1000.0	0.0	-0.0	Inf
GAMAN6Ptex_f	na1_e	-0.0	0.0	1000.0	Inf	0.0
GAMAN6Ptex_f	nac_e	-0.0	-1000.0	0.0	-0.0	Inf
GAMAN6Ptex_f	ni2_e	-0.0	-0.00027751110644658183	999.9997224888936	-0.0	0.0
GAMAN6Ptex_f	no_e	-0.0	-1000.0	0.0	-0.0	Inf
GAMAN6Ptex_f	no2_e	-0.0	-1000.0	0.0	-0.0	Inf
GAMAN6Ptex_f	ura_e	-0.0	-1000.0	0.0	-0.0	Inf
GAMAN6Ptex_f	no3_e	-0.0	-1000.0	0.0	-0.0	Inf
GAMAN6Ptex_f	urea_e	-0.0	-1000.0	0.0	-0.0	Inf
GAMAN6Ptex_f	novbcn_e	-0.0	-1000.0	0.0	-0.0	Inf
GAMAN6Ptex_f	uri_e	-0.0	-1000.0	0.0	-0.0	Inf
GAMAN6Ptex_f	o2_e	-0.0	-21.699177603093176	978.3008223969068	-0.0	0.0
GAMAN6Ptex_f	xan_e	-0.0	0.0	0.0	Inf	Inf
GAMAN6Ptex_f	xtsn_e	-0.0	-1000.0	0.0	-0.0	Inf
GAMAN6Ptex_f	xyl__D_e	-0.0	-1000.0	0.0	-0.0	Inf
GAMAN6Ptex_f	xylu__L_e	-0.0	-1000.0	0.0	-0.0	Inf
GAMAN6Ptex_f	pacald_e	-0.0	-1000.0	0.0	-0.0	Inf
GAMAN6Ptex_f	12dgr120_p	-0.0	0.0	0.0	Inf	Inf
GAMAN6Ptex_f	12dgr140_p	-0.0	0.0	0.0	Inf	Inf
GAMAN6Ptex_f	12dgr160_p	-0.0	-0.05482691563553356	0.0	-0.0	Inf
GAMAN6Ptex_f	12dgr180_p	-0.0	0.0	0.0	Inf	Inf
GAMAN6Ptex_f	12ppd__R_p	-0.0	-1000.0	0.0	-0.0	Inf
GAMAN6Ptex_f	12ppd__S_p	-0.0	0.0	0.0	Inf	Inf
GAMAN6Ptex_f	chol_p	-0.0	-1000.0	0.0	-0.0	Inf
GAMAN6Ptex_f	cl_p	-0.0	-0.004471966901974156	999.995528033098	-0.0	0.0
GAMAN6Ptex_f	34dhpac_p	-0.0	-1000.0	0.0	-0.0	Inf
GAMAN6Ptex_f	cm_p	-0.0	0.0	0.0	Inf	Inf
GAMAN6Ptex_f	4hoxpacd_p	-0.0	-1000.0	0.0	-0.0	Inf
GAMAN6Ptex_f	co2_p	-0.0	-984.8674396872188	15.132560312781152	-0.0	0.0
GAMAN6Ptex_f	5mtr_p	-0.0	0.0	0.0	Inf	Inf
GAMAN6Ptex_f	LalaDgluMdap_p	-0.0	0.0	0.0	Inf	Inf
GAMAN6Ptex_f	gal_p	-0.0	-1000.0	0.0	-0.0	Inf
GAMAN6Ptex_f	ac_p	-0.0	-3.644962325419556	0.0	-0.0	Inf
GAMAN6Ptex_f	crn_p	-0.0	-1000.0	0.0	-0.0	Inf
GAMAN6Ptex_f	gal_bD_p	-0.0	-1000.0	0.0	-0.0	Inf
GAMAN6Ptex_f	acald_p	-0.0	-1000.0	0.0	-0.0	Inf
GAMAN6Ptex_f	acgal_p	-0.0	-1000.0	0.0	-0.0	Inf
GAMAN6Ptex_f	csn_p	-0.0	0.0	0.0	Inf	Inf
GAMAN6Ptex_f	acgam_p	-0.0	-1000.0	0.0	-0.0	Inf
GAMAN6Ptex_f	galt_p	-0.0	-4.355443596867531	0.0	-0.0	Inf
GAMAN6Ptex_f	acmana_p	-0.0	-1000.0	0.0	-0.0	Inf
GAMAN6Ptex_f	cyan_p	-0.0	0.0	0.0	Inf	Inf
GAMAN6Ptex_f	ade_p	-0.0	-1000.0	0.0	-0.0	Inf
GAMAN6Ptex_f	adn_p	-0.0	0.0	0.0005782197358688747	Inf	0.0
GAMAN6Ptex_f	cytd_p	-0.0	-0.13791786492612795	0.0	-0.0	Inf
GAMAN6Ptex_f	glc__D_p	-0.0	-1000.0	0.0	-0.0	Inf
GAMAN6Ptex_f	dad_2_p	-0.0	-1000.0	0.0	-0.0	Inf
GAMAN6Ptex_f	dcyt_p	-0.0	-1000.0	0.0	-0.0	Inf
GAMAN6Ptex_f	all__D_p	-0.0	0.0	0.0	Inf	Inf
GAMAN6Ptex_f	alltn_p	-0.0	0.0	0.0	Inf	Inf
GAMAN6Ptex_f	dha_p	-0.0	-1000.0	0.0	-0.0	Inf
GAMAN6Ptex_f	glyald_p	-0.0	-1000.0	0.0	-0.0	Inf
GAMAN6Ptex_f	glyb_p	0.0	0.0	0.0	Inf	Inf
GAMAN6Ptex_f	dms_p	-0.0	-1000.0	0.0	-0.0	Inf
GAMAN6Ptex_f	glyc_p	-0.0	-75.6370672711122	1.1380551757998507	-0.0	0.0
GAMAN6Ptex_f	dmso_p	-0.0	-1000.0	0.0	-0.0	Inf
GAMAN6Ptex_f	arab__L_p	-0.0	0.0	0.0	Inf	Inf
GAMAN6Ptex_f	arbt_p	0.0	0.0	0.0	Inf	Inf
GAMAN6Ptex_f	ca2_p	-0.0	-0.004471966901974156	999.995528033098	-0.0	0.0
GAMAN6Ptex_f	duri_p	-0.0	-1000.0	0.0	-0.0	Inf
GAMAN6Ptex_f	h2_p	-0.0	-1000.0	0.0	-0.0	Inf
GAMAN6Ptex_f	h2o2_p	-0.0	-1000.0	0.0	-0.0	Inf
GAMAN6Ptex_f	etoh_p	-0.0	-1000.0	0.0	-0.0	Inf
GAMAN6Ptex_f	fald_p	-0.0	0.0	0.0	Inf	Inf
GAMAN6Ptex_f	n2o_p	-0.0	-1000.0	0.0	-0.0	Inf
GAMAN6Ptex_f	na1_p	-0.0	0.0	0.0	Inf	Inf
GAMAN6Ptex_f	indole_p	-0.0	0.0	0.38195002475474443	Inf	0.0
GAMAN6Ptex_f	nac_p	-0.0	-1000.0	0.0	-0.0	Inf
GAMAN6Ptex_f	ni2_p	-0.0	-0.00027751110644658183	999.9997224888936	-0.0	0.0
GAMAN6Ptex_f	inost_p	-0.0	-1000.0	0.0	-0.0	Inf
GAMAN6Ptex_f	no_p	-0.0	-1000.0	0.0	-0.0	Inf
GAMAN6Ptex_f	no2_p	-0.0	-1000.0	0.0	-0.0	Inf
GAMAN6Ptex_f	for_p	-0.0	0.0	0.0021075379093072706	Inf	0.0
GAMAN6Ptex_f	fru_p	-0.0	-1000.0	0.0	-0.0	Inf
GAMAN6Ptex_f	no3_p	-0.0	0.0	0.0	Inf	Inf
GAMAN6Ptex_f	k_p	-0.0	-0.1677034842455214	999.8322965157545	-0.0	0.0
GAMAN6Ptex_f	novbcn_p	-0.0	0.0	0.0	Inf	Inf
GAMAN6Ptex_f	o2_p	-0.0	-21.699177603093176	978.3008223969068	-0.0	0.0
GAMAN6Ptex_f	lipa_cold_p	-0.0	-13.94117590354817	0.0	-0.0	Inf
GAMAN6Ptex_f	g3pe_p	-0.0	0.0	0.0	Inf	Inf
GAMAN6Ptex_f	g3pi_p	-0.0	0.0	0.0	Inf	Inf
GAMAN6Ptex_f	so3_p	-0.0	-1000.0	0.0	-0.0	Inf
GAMAN6Ptex_f	so4_p	-0.0	-0.2166906383006335	999.7833093616994	-0.0	0.0
GAMAN6Ptex_f	malt_p	0.0	0.0	0.0	Inf	Inf
GAMAN6Ptex_f	malthx_p	0.0	0.0	0.0	Inf	Inf
GAMAN6Ptex_f	maltpt_p	0.0	0.0	0.0	Inf	Inf
GAMAN6Ptex_f	sucr_p	-0.0	-1000.0	0.0	-0.0	Inf
GAMAN6Ptex_f	malttr_p	0.0	0.0	0.0	Inf	Inf
GAMAN6Ptex_f	maltttr_p	0.0	0.0	0.0	Inf	Inf
GAMAN6Ptex_f	pacald_p	-0.0	-1000.0	0.0	-0.0	Inf
GAMAN6Ptex_f	man_p	-0.0	-1000.0	0.0	-0.0	Inf
GAMAN6Ptex_f	tartr__L_p	-0.0	-1000.0	0.0	-0.0	Inf
GAMAN6Ptex_f	pe120_p	-0.0	-0.0668638524840907	0.0	-0.0	Inf
GAMAN6Ptex_f	melib_p	-0.0	-1000.0	0.0	-0.0	Inf
GAMAN6Ptex_f	meoh_p	-0.0	-999.999998281665	1.718335056466458e-06	-0.0	0.0
GAMAN6Ptex_f	thym_p	-0.0	-1000.0	0.0	-0.0	Inf
GAMAN6Ptex_f	thymd_p	-0.0	0.0	0.0	Inf	Inf
GAMAN6Ptex_f	pg120_p	-0.0	-0.0668638524840907	0.0	-0.0	Inf
GAMAN6Ptex_f	metsox_S__L_p	-0.0	-1000.0	0.0	-0.0	Inf
GAMAN6Ptex_f	tmao_p	-0.0	-1000.0	0.0	-0.0	Inf
GAMAN6Ptex_f	mg2_p	-0.0	-0.007453278169919031	999.9925467218301	-0.0	0.0
GAMAN6Ptex_f	tre_p	-0.0	0.0	0.0	Inf	Inf
GAMAN6Ptex_f	mnl_p	-0.0	0.0	0.0	Inf	Inf
GAMAN6Ptex_f	mobd_p	-0.0	-0.00011083260915256687	999.9998891673908	-0.0	0.0
GAMAN6Ptex_f	ura_p	-0.0	-1000.0	0.0	-0.0	Inf
GAMAN6Ptex_f	urea_p	-0.0	0.0	2.655462076866318	Inf	0.0
GAMAN6Ptex_f	uri_p	-0.0	0.0	0.0	Inf	Inf
GAMAN6Ptex_f	xan_p	-0.0	-0.09382882486249855	0.0	-0.0	Inf
GAMAN6Ptex_f	xtsn_p	-0.0	0.0	0.0	Inf	Inf
GAMAN6Ptex_f	xyl__D_p	-0.0	0.0	0.0	Inf	Inf
GAMAN6Ptex_f	xylu__L_p	-0.0	-1000.0	0.0	-0.0	Inf
GAMAN6Ptex_f	ppal_p	-0.0	-1000.0	0.0	-0.0	Inf
GAMAN6Ptex_f	psclys_p	-0.0	-1000.0	0.0	-0.0	Inf
GAMAN6Ptex_f	pydx_p	-0.0	0.0	0.0	Inf	Inf
GAMAN6Ptex_f	pydxn_p	-0.0	0.0	0.0	Inf	Inf
GAMAN6Ptex_f	rib__D_p	-0.0	-1000.0	0.0	-0.0	Inf
GAMAN6Ptex_f	rmn_p	-0.0	-1000.0	0.0	-0.0	Inf
GAMAN6Ptex_f	sbt__D_p	-0.0	-4.355443596867531	0.0	-0.0	Inf
GAMAN6Ptex_f	slnt_p	-0.0	0.0	0.0	Inf	Inf
GAMAN6Ptex_f	so2_p	-0.0	-1000.0	0.0	-0.0	Inf
