Reaction	Metabolite	ShadowPrice	G-	G+	DecrementalShadowPrice	IncrementalShadowPrice
GLUtex_f	12dgr120_c	-0.0	0.0	0.0	Inf	Inf
GLUtex_f	12dgr140_c	-0.0	0.0	0.0	Inf	Inf
GLUtex_f	12dgr160_c	-0.0	-0.05482691563553356	0.0	-0.0	Inf
GLUtex_f	12dgr180_c	-0.0	0.0	0.0	Inf	Inf
GLUtex_f	12ppd__R_c	-0.0	-1000.0	0.0	-0.0	Inf
GLUtex_f	12ppd__S_c	-0.0	0.0	0.0	Inf	Inf
GLUtex_f	5drib_c	-0.0	-999.9998066873097	0.00019331269028732018	-0.0	0.0
GLUtex_f	5mta_c	-0.0	0.0	0.0	Inf	Inf
GLUtex_f	23dhacoa_c	-0.0	-0.0004948804850073429	0.0	-0.0	Inf
GLUtex_f	5mtr_c	-0.0	0.0	0.0	Inf	Inf
GLUtex_f	3amac_c	-0.0	-7.900938810614626	0.0	-0.0	Inf
GLUtex_f	LalaDgluMdap_c	-0.0	-0.02387454683424024	0.0	-0.0	Inf
GLUtex_f	ac_c	-0.0	-3.7138675599107023	0.5005303726948739	-0.0	0.0
GLUtex_f	acald_c	-0.0	0.0	2.2688576314240425	Inf	0.0
GLUtex_f	acetol_c	-0.0	0.0	0.0	Inf	Inf
GLUtex_f	acgam_c	-0.0	-0.08118101991051704	0.0	-0.0	Inf
GLUtex_f	acgam6p_c	-0.0	-0.08118101991051704	0.0	-0.0	Inf
GLUtex_f	acmalt_c	0.0	0.0	0.0	Inf	Inf
GLUtex_f	acmana_c	-0.0	-0.08118101991051704	0.0	-0.0	Inf
GLUtex_f	2dmmq8_c	-0.0	0.0	0.0	Inf	Inf
GLUtex_f	2dmmql8_c	0.0	0.0	0.0	Inf	Inf
GLUtex_f	ade_c	-0.0	-0.0938288248551089	0.0005782197358688747	-0.0	0.0
GLUtex_f	adn_c	-0.0	0.0	0.0005782197358688747	Inf	0.0
GLUtex_f	3sala_c	0.0	0.0	0.0	Inf	Inf
GLUtex_f	adphep_DD_c	-0.0	0.0	0.0	Inf	Inf
GLUtex_f	adphep_LD_c	-0.0	0.0	0.0	Inf	Inf
GLUtex_f	4ahmmp_c	0.0	0.0	0.0	Inf	Inf
GLUtex_f	4crsol_c	-0.0	-999.9998084056448	0.000191594355262544	-0.0	0.0
GLUtex_f	2ohph_c	-0.0	-0.000191594355262544	0.0759552770779107	-0.0	0.0
GLUtex_f	2ombzl_c	-0.0	0.0	0.0	Inf	Inf
GLUtex_f	2omhmbl_c	-0.0	0.0	0.0	Inf	Inf
GLUtex_f	2ommbl_c	0.0	0.0	0.0	Inf	Inf
GLUtex_f	2omph_c	-0.0	0.0	0.06835236790490312	Inf	0.0
GLUtex_f	4mhetz_c	0.0	0.0	0.0	Inf	Inf
GLUtex_f	2oph_c	-0.0	-0.000191594355262544	0.0759552770779107	-0.0	0.0
GLUtex_f	2oxpaccoa_c	-0.0	-0.0004948804850073429	0.0	-0.0	Inf
GLUtex_f	all__D_c	-0.0	-11.067445397926843	0.0	-0.0	Inf
GLUtex_f	alltn_c	-0.0	-1.9752347026536565	0.0	-0.0	Inf
GLUtex_f	4r5au_c	-0.0	-0.00038318871111187036	0.45671809463730717	-0.0	0.0
GLUtex_f	56dura_c	0.0	0.0	0.0	Inf	Inf
GLUtex_f	arab__L_c	-0.0	-12.107606383525084	0.0	-0.0	Inf
GLUtex_f	etoh_c	-0.0	-1000.0	0.0	-0.0	Inf
GLUtex_f	csn_c	-0.0	0.0	0.13221557014435348	Inf	0.0
GLUtex_f	fald_c	-0.0	0.0	0.0	Inf	Inf
GLUtex_f	fc1p_c	-0.0	-0.8287796166375512	0.0	-0.0	Inf
GLUtex_f	fcl__L_c	-0.0	0.0	0.0	Inf	Inf
GLUtex_f	aso4_c	0.0	0.0	0.0	Inf	Inf
GLUtex_f	cyan_c	0.0	0.0	0.0	Inf	Inf
GLUtex_f	athtp_c	0.0	0.0	0.0	Inf	Inf
GLUtex_f	cytd_c	-0.0	0.0	0.0	Inf	Inf
GLUtex_f	dad_2_c	-0.0	0.0	0.0	Inf	Inf
GLUtex_f	dad_5_c	-0.0	-0.0938288248551089	0.00019331269028732018	-0.0	0.0
GLUtex_f	betald_c	0.0	0.0	0.0	Inf	Inf
GLUtex_f	btal_c	-0.0	-132.8093447751221	0.0	-0.0	Inf
GLUtex_f	for_c	-0.0	-0.0938288248551089	0.002107537909505323	-0.0	0.0
GLUtex_f	dcyt_c	-0.0	-0.02248097712913477	0.0	-0.0	Inf
GLUtex_f	fru_c	-0.0	0.0	0.0	Inf	Inf
GLUtex_f	ca2_c	-0.0	-0.004471966901974156	929.6654134258547	-0.0	0.0
GLUtex_f	g3pe_c	-0.0	0.0	0.0	Inf	Inf
GLUtex_f	g3pi_c	0.0	0.0	0.0	Inf	Inf
GLUtex_f	cbm_c	-0.0	-3.950469405307313	0.0	-0.0	Inf
GLUtex_f	dha_c	-0.0	-22.134890795853686	1.6746330136701266	-0.0	0.0
GLUtex_f	gal_c	-0.0	0.0	0.0	Inf	Inf
GLUtex_f	dhgly_c	-0.0	-0.000191594355262544	0.3031663214402815	-0.0	0.0
GLUtex_f	dhmptp_c	0.0	0.0	0.0	Inf	Inf
GLUtex_f	gcald_c	-0.0	-2.5425842511247083	0.000574783065644624	-0.0	0.0
GLUtex_f	dhptd_c	-0.0	-54.619617361501575	0.00038490704558155446	-0.0	0.0
GLUtex_f	cechddd_c	-0.0	0.0	0.0	Inf	Inf
GLUtex_f	dhptdn_c	0.0	0.0	0.0	Inf	Inf
GLUtex_f	chol_c	0.0	0.0	0.0	Inf	Inf
GLUtex_f	chtbs6p_c	-0.0	0.0	0.0	Inf	Inf
GLUtex_f	dmbzid_c	0.0	0.0	0.0	Inf	Inf
GLUtex_f	dms_c	0.0	0.0	0.0	Inf	Inf
GLUtex_f	dmso_c	0.0	0.0	0.0	Inf	Inf
GLUtex_f	cl_c	-0.0	-0.004471966901974156	999.995528033098	-0.0	0.0
GLUtex_f	glc__D_c	-0.0	-11.067445397926843	0.0	-0.0	Inf
GLUtex_f	co2_c	-0.0	-984.8674396871379	15.132560312862097	-0.0	0.0
GLUtex_f	dscl_c	-0.0	-0.000191594355262544	0.09052070344162846	-0.0	0.0
GLUtex_f	dtdp4aaddg_c	-0.0	0.0	0.0	Inf	Inf
GLUtex_f	glyald_c	-0.0	-1000.0	0.0	-0.0	Inf
GLUtex_f	crn_c	-0.0	-929.6654134258547	0.0	-0.0	Inf
GLUtex_f	duri_c	-0.0	-0.02248097712913477	0.0	-0.0	Inf
GLUtex_f	glyb_c	0.0	0.0	0.0	Inf	Inf
GLUtex_f	glyc_c	-0.0	-18.97276353930316	1.4353997260029656	-0.0	0.0
GLUtex_f	dxyl_c	0.0	0.0	0.0	Inf	Inf
GLUtex_f	glycogen_c	-0.0	-10.564379698021078	0.0	-0.0	Inf
GLUtex_f	gmhep1p_c	-0.0	0.0	0.6573325848050965	Inf	0.0
GLUtex_f	lipa_cold_c	-0.0	0.0	0.0	Inf	Inf
GLUtex_f	lipidA_c	-0.0	-0.01671596312101542	0.05784094290636951	-0.0	0.0
GLUtex_f	malt_c	0.0	0.0	0.0	Inf	Inf
GLUtex_f	h2_c	-0.0	0.0	0.0	Inf	Inf
GLUtex_f	malthx_c	-0.0	0.0	0.0	Inf	Inf
GLUtex_f	maltpt_c	-0.0	0.0	0.0	Inf	Inf
GLUtex_f	malttr_c	-0.0	0.0	0.0	Inf	Inf
GLUtex_f	maltttr_c	-0.0	0.0	0.0	Inf	Inf
GLUtex_f	h2o2_c	-0.0	-43.39500101638305	0.00214877794894619	-0.0	0.0
GLUtex_f	man_c	-0.0	0.0	0.0	Inf	Inf
GLUtex_f	mdhdhf_c	-0.0	-54.619617361501575	0.00038490704558155446	-0.0	0.0
GLUtex_f	melib_c	-0.0	0.0	0.0	Inf	Inf
GLUtex_f	meoh_c	-0.0	-999.999998281665	1.718335056466458e-06	-0.0	0.0
GLUtex_f	pacald_c	-0.0	-929.6654134258547	0.0	-0.0	Inf
GLUtex_f	metsox_S__L_c	-0.0	-0.0938288248551089	0.0	-0.0	Inf
GLUtex_f	mg2_c	-0.0	-0.007453278169919031	464.83270671292735	-0.0	0.0
GLUtex_f	hhlipa_c	-0.0	0.0	0.0	Inf	Inf
GLUtex_f	pe120_c	-0.0	0.0	0.0	Inf	Inf
GLUtex_f	mobd_c	-0.0	-0.00011083260909806358	17.583646643536326	-0.0	0.0
GLUtex_f	hlipa_c	-0.0	0.0	0.0	Inf	Inf
GLUtex_f	pg120_c	-0.0	0.0	0.0	Inf	Inf
GLUtex_f	mql8_c	0.0	0.0	0.0	Inf	Inf
GLUtex_f	mqn8_c	-0.0	0.0	0.0	Inf	Inf
GLUtex_f	mthgxl_c	-0.0	0.0	0.0	Inf	Inf
GLUtex_f	hqn_c	0.0	0.0	0.0	Inf	Inf
GLUtex_f	mththf_c	-0.0	-999.9996150929544	0.00038490704558155446	-0.0	0.0
GLUtex_f	n2o_c	-0.0	-1000.0	0.0	-0.0	Inf
GLUtex_f	na1_c	-0.0	0.0	0.0	Inf	Inf
GLUtex_f	nac_c	-0.0	0.0	0.7403640692015296	Inf	0.0
GLUtex_f	ncam_c	-0.0	0.0	0.7403640692015296	Inf	0.0
GLUtex_f	ni2_c	-0.0	-0.00027751110644658183	999.9997224888936	-0.0	0.0
GLUtex_f	no_c	-0.0	-1000.0	0.0	-0.0	Inf
GLUtex_f	indole_c	-0.0	-0.048837658906676185	0.4784665753343219	-0.0	0.0
GLUtex_f	no2_c	-0.0	-929.6654134258547	0.0	-0.0	Inf
GLUtex_f	no3_c	0.0	0.0	0.0	Inf	Inf
GLUtex_f	inost_c	0.0	0.0	0.0	Inf	Inf
GLUtex_f	o2_c	-0.0	-21.697500508191524	978.3024994918085	-0.0	0.0
GLUtex_f	poaac_c	-0.0	-5.410352813395793	0.0	-0.0	Inf
GLUtex_f	ppal_c	-0.0	0.0	0.0	Inf	Inf
GLUtex_f	k_c	-0.0	-0.1677034842455214	70.3345865741453	-0.0	0.0
GLUtex_f	psclys_c	-0.0	0.0	0.0	Inf	Inf
GLUtex_f	lald__D_c	-0.0	0.0	0.0	Inf	Inf
GLUtex_f	lald__L_c	-0.0	-6.17792475956778	0.0	-0.0	Inf
GLUtex_f	ura_c	-0.0	0.0	0.0	Inf	Inf
GLUtex_f	pydx_c	-0.0	0.0	0.6011503125995327	Inf	0.0
GLUtex_f	uracp_c	-0.0	-4.639858543905575	0.0	-0.0	Inf
GLUtex_f	pydxn_c	-0.0	0.0	0.5672144078560106	Inf	0.0
GLUtex_f	urate_c	-0.0	-1.9752347026536565	0.0	-0.0	Inf
GLUtex_f	q8_c	-0.0	0.0	0.0	Inf	Inf
GLUtex_f	q8h2_c	0.0	0.0	0.0	Inf	Inf
GLUtex_f	urea_c	-0.0	-1000.0	0.0	-0.0	Inf
GLUtex_f	uri_c	-0.0	0.0	0.0	Inf	Inf
GLUtex_f	rbflvrd_c	-0.0	0.0	0.04691441242755445	Inf	0.0
GLUtex_f	rbl__L_c	-0.0	-12.107606383525084	0.0	-0.0	Inf
GLUtex_f	rdmbzi_c	0.0	0.0	0.0	Inf	Inf
GLUtex_f	thptdn_c	0.0	0.0	0.0	Inf	Inf
GLUtex_f	xan_c	-0.0	0.0	0.0	Inf	Inf
GLUtex_f	rephaccoa_c	-0.0	-0.0004948804850073429	0.0	-0.0	Inf
GLUtex_f	rib__D_c	-0.0	0.0	0.9504673861370989	Inf	0.0
GLUtex_f	xtsn_c	-0.0	0.0	0.0	Inf	Inf
GLUtex_f	rml_c	-0.0	-6.054781783559406	0.0	-0.0	Inf
GLUtex_f	thym_c	-0.0	-70.3345865741453	0.0	-0.0	Inf
GLUtex_f	thymd_c	-0.0	-0.02248097712913477	0.0	-0.0	Inf
GLUtex_f	xu5p__L_c	-0.0	-0.8287796166375514	0.0	-0.0	Inf
GLUtex_f	rmn_c	-0.0	-6.054781783559406	0.0	-0.0	Inf
GLUtex_f	xyl__D_c	0.0	0.0	0.0	Inf	Inf
GLUtex_f	tmao_c	0.0	0.0	0.0	Inf	Inf
GLUtex_f	xylu__D_c	-0.0	0.0	0.0	Inf	Inf
GLUtex_f	xylu__L_c	-0.0	-12.107606383525084	0.0	-0.0	Inf
GLUtex_f	12ppd__R_e	-0.0	-1000.0	0.0	-0.0	Inf
GLUtex_f	12ppd__S_e	-0.0	-1000.0	0.0	-0.0	Inf
GLUtex_f	tre_c	-0.0	-5.533722698963421	0.0	-0.0	Inf
GLUtex_f	seln_c	0.0	0.0	0.0	Inf	Inf
GLUtex_f	34dhpac_e	-0.0	-1000.0	0.0	-0.0	Inf
GLUtex_f	slnt_c	0.0	0.0	0.0	Inf	Inf
GLUtex_f	so2_c	0.0	0.0	0.0	Inf	Inf
GLUtex_f	so3_c	-0.0	-0.21296356962851878	3.516729328707265	-0.0	0.0
GLUtex_f	so4_c	-0.0	-0.2166906382972229	70.3345865741453	-0.0	0.0
GLUtex_f	4hoxpacd_e	-0.0	-1000.0	0.0	-0.0	Inf
GLUtex_f	5mtr_e	-0.0	0.0	0.0	Inf	Inf
GLUtex_f	LalaDgluMdap_e	-0.0	-1000.0	0.0	-0.0	Inf
GLUtex_f	ac_e	-0.0	0.0	0.0	Inf	Inf
GLUtex_f	acald_e	-0.0	-1000.0	0.0	-0.0	Inf
GLUtex_f	acgal_e	-0.0	-1000.0	0.0	-0.0	Inf
GLUtex_f	acgam_e	-0.0	-1000.0	0.0	-0.0	Inf
GLUtex_f	acmana_e	-0.0	-1000.0	0.0	-0.0	Inf
GLUtex_f	tagur_c	-0.0	0.0	0.0	Inf	Inf
GLUtex_f	tartr__L_c	-0.0	-2.5425842511247083	0.0	-0.0	Inf
GLUtex_f	ade_e	-0.0	-1000.0	0.0	-0.0	Inf
GLUtex_f	adn_e	-0.0	-1000.0	0.0	-0.0	Inf
GLUtex_f	all__D_e	-0.0	-1000.0	0.0	-0.0	Inf
GLUtex_f	cl_e	-0.0	-0.004471966901974156	999.995528033098	-0.0	0.0
GLUtex_f	alltn_e	-0.0	0.0	0.0	Inf	Inf
GLUtex_f	cm_e	-0.0	-1000.0	0.0	-0.0	Inf
GLUtex_f	co2_e	-0.0	-984.8674396871379	15.132560312862097	-0.0	0.0
GLUtex_f	arab__L_e	-0.0	-1000.0	0.0	-0.0	Inf
GLUtex_f	arbt_e	-0.0	-1000.0	0.0	-0.0	Inf
GLUtex_f	unagamu_c	-0.0	0.0	0.052061129958656784	Inf	0.0
GLUtex_f	crn_e	-0.0	-1000.0	0.0	-0.0	Inf
GLUtex_f	csn_e	-0.0	-1000.0	0.0	-0.0	Inf
GLUtex_f	cyan_e	-0.0	-1000.0	0.0	-0.0	Inf
GLUtex_f	glyb_e	-0.0	-1000.0	0.0	-0.0	Inf
GLUtex_f	glyc_e	-0.0	-18.97276353930316	1.4353997260029656	-0.0	0.0
GLUtex_f	cytd_e	-0.0	-1000.0	0.0	-0.0	Inf
GLUtex_f	ca2_e	-0.0	-0.004471966901974156	999.995528033098	-0.0	0.0
GLUtex_f	dad_2_e	-0.0	-1000.0	0.0	-0.0	Inf
GLUtex_f	dcyt_e	-0.0	-1000.0	0.0	-0.0	Inf
GLUtex_f	chol_e	-0.0	-1000.0	0.0	-0.0	Inf
GLUtex_f	dha_e	-0.0	-1000.0	0.0	-0.0	Inf
GLUtex_f	ppal_e	-0.0	-1000.0	0.0	-0.0	Inf
GLUtex_f	h2_e	-0.0	-1000.0	0.0	-0.0	Inf
GLUtex_f	dms_e	-0.0	-1000.0	0.0	-0.0	Inf
GLUtex_f	dmso_e	-0.0	-1000.0	0.0	-0.0	Inf
GLUtex_f	h2o2_e	-0.0	-1000.0	0.0	-0.0	Inf
GLUtex_f	psclys_e	-0.0	-1000.0	0.0	-0.0	Inf
GLUtex_f	duri_e	-0.0	-1000.0	0.0	-0.0	Inf
GLUtex_f	pydx_e	-0.0	-1000.0	0.0	-0.0	Inf
GLUtex_f	pydxn_e	-0.0	-1000.0	0.0	-0.0	Inf
GLUtex_f	etoh_e	-0.0	-1000.0	0.0	-0.0	Inf
GLUtex_f	fald_e	-0.0	0.0	0.0	Inf	Inf
GLUtex_f	rib__D_e	-0.0	-1000.0	0.0	-0.0	Inf
GLUtex_f	rmn_e	-0.0	-1000.0	0.0	-0.0	Inf
GLUtex_f	indole_e	-0.0	-1000.0	0.0	-0.0	Inf
GLUtex_f	inost_e	-0.0	-1000.0	0.0	-0.0	Inf
GLUtex_f	sbt__D_e	-0.0	-6.17792475956778	0.0	-0.0	Inf
GLUtex_f	k_e	-0.0	-0.1677034842455214	999.8322965157545	-0.0	0.0
GLUtex_f	for_e	-0.0	0.0	0.002107537909505323	Inf	0.0
GLUtex_f	slnt_e	-0.0	0.0	1000.0	Inf	0.0
GLUtex_f	fru_e	-0.0	-1000.0	0.0	-0.0	Inf
GLUtex_f	so2_e	-0.0	-1000.0	0.0	-0.0	Inf
GLUtex_f	so3_e	-0.0	-1000.0	0.0	-0.0	Inf
GLUtex_f	so4_e	-0.0	-0.2166906382972229	999.7833093617028	-0.0	0.0
GLUtex_f	lipa_cold_e	-0.0	-1000.0	0.0	-0.0	Inf
GLUtex_f	sucr_e	-0.0	-1000.0	0.0	-0.0	Inf
GLUtex_f	g3pe_e	-0.0	-1000.0	0.0	-0.0	Inf
GLUtex_f	malt_e	-0.0	-1000.0	0.0	-0.0	Inf
GLUtex_f	tartr__L_e	-0.0	-1000.0	0.0	-0.0	Inf
GLUtex_f	g3pi_e	-0.0	-1000.0	0.0	-0.0	Inf
GLUtex_f	malthx_e	-0.0	-1000.0	0.0	-0.0	Inf
GLUtex_f	maltpt_e	-0.0	-1000.0	0.0	-0.0	Inf
GLUtex_f	gal_e	-0.0	-1000.0	0.0	-0.0	Inf
GLUtex_f	gal_bD_e	-0.0	-1000.0	0.0	-0.0	Inf
GLUtex_f	malttr_e	-0.0	-1000.0	0.0	-0.0	Inf
GLUtex_f	maltttr_e	-0.0	-1000.0	0.0	-0.0	Inf
GLUtex_f	man_e	-0.0	-1000.0	0.0	-0.0	Inf
GLUtex_f	thym_e	-0.0	-1000.0	0.0	-0.0	Inf
GLUtex_f	thymd_e	-0.0	-1000.0	0.0	-0.0	Inf
GLUtex_f	galt_e	-0.0	-6.054781783559406	0.0	-0.0	Inf
GLUtex_f	melib_e	-0.0	-1000.0	0.0	-0.0	Inf
GLUtex_f	meoh_e	-0.0	-999.999998281665	1.718335056466458e-06	-0.0	0.0
GLUtex_f	tmao_e	-0.0	-1000.0	0.0	-0.0	Inf
GLUtex_f	tre_e	-0.0	-1000.0	0.0	-0.0	Inf
GLUtex_f	metsox_S__L_e	-0.0	-1000.0	0.0	-0.0	Inf
GLUtex_f	glc__D_e	-0.0	-1000.0	0.0	-0.0	Inf
GLUtex_f	mg2_e	-0.0	-0.007453278169919031	999.9925467218301	-0.0	0.0
GLUtex_f	mnl_e	-0.0	-1000.0	0.0	-0.0	Inf
GLUtex_f	mobd_e	-0.0	-0.00011083260915256687	999.9998891673908	-0.0	0.0
GLUtex_f	glyald_e	-0.0	-1000.0	0.0	-0.0	Inf
GLUtex_f	n2o_e	-0.0	-1000.0	0.0	-0.0	Inf
GLUtex_f	na1_e	-0.0	0.0	1000.0	Inf	0.0
GLUtex_f	nac_e	-0.0	-1000.0	0.0	-0.0	Inf
GLUtex_f	ni2_e	-0.0	-0.00027751110644658183	999.9997224888936	-0.0	0.0
GLUtex_f	no_e	-0.0	-1000.0	0.0	-0.0	Inf
GLUtex_f	no2_e	-0.0	-1000.0	0.0	-0.0	Inf
GLUtex_f	ura_e	-0.0	-1000.0	0.0	-0.0	Inf
GLUtex_f	no3_e	-0.0	-1000.0	0.0	-0.0	Inf
GLUtex_f	urea_e	-0.0	-1000.0	0.0	-0.0	Inf
GLUtex_f	novbcn_e	-0.0	-1000.0	0.0	-0.0	Inf
GLUtex_f	uri_e	-0.0	-1000.0	0.0	-0.0	Inf
GLUtex_f	o2_e	-0.0	-21.697500508191524	978.3024994918085	-0.0	0.0
GLUtex_f	xan_e	-0.0	0.0	0.0	Inf	Inf
GLUtex_f	xtsn_e	-0.0	-1000.0	0.0	-0.0	Inf
GLUtex_f	xyl__D_e	-0.0	-1000.0	0.0	-0.0	Inf
GLUtex_f	xylu__L_e	-0.0	-1000.0	0.0	-0.0	Inf
GLUtex_f	pacald_e	-0.0	-1000.0	0.0	-0.0	Inf
GLUtex_f	12dgr120_p	-0.0	0.0	0.0	Inf	Inf
GLUtex_f	12dgr140_p	-0.0	0.0	0.0	Inf	Inf
GLUtex_f	12dgr160_p	-0.0	-0.05482691563553356	0.0	-0.0	Inf
GLUtex_f	12dgr180_p	-0.0	0.0	0.0	Inf	Inf
GLUtex_f	12ppd__R_p	-0.0	-1000.0	0.0	-0.0	Inf
GLUtex_f	12ppd__S_p	-0.0	0.0	0.0	Inf	Inf
GLUtex_f	chol_p	-0.0	-1000.0	0.0	-0.0	Inf
GLUtex_f	cl_p	-0.0	-0.004471966901974156	999.995528033098	-0.0	0.0
GLUtex_f	34dhpac_p	-0.0	-1000.0	0.0	-0.0	Inf
GLUtex_f	cm_p	-0.0	0.0	0.0	Inf	Inf
GLUtex_f	4hoxpacd_p	-0.0	-1000.0	0.0	-0.0	Inf
GLUtex_f	co2_p	-0.0	-984.8674396871379	15.132560312862097	-0.0	0.0
GLUtex_f	5mtr_p	-0.0	0.0	0.0	Inf	Inf
GLUtex_f	LalaDgluMdap_p	-0.0	-0.02387454683424024	0.0	-0.0	Inf
GLUtex_f	gal_p	-0.0	-1000.0	0.0	-0.0	Inf
GLUtex_f	ac_p	-0.0	-3.7138675599107023	0.0	-0.0	Inf
GLUtex_f	crn_p	-0.0	-1000.0	0.0	-0.0	Inf
GLUtex_f	gal_bD_p	-0.0	-1000.0	0.0	-0.0	Inf
GLUtex_f	acald_p	-0.0	-1000.0	0.0	-0.0	Inf
GLUtex_f	acgal_p	-0.0	-1000.0	0.0	-0.0	Inf
GLUtex_f	csn_p	-0.0	0.0	0.0	Inf	Inf
GLUtex_f	acgam_p	-0.0	-1000.0	0.0	-0.0	Inf
GLUtex_f	galt_p	-0.0	-6.054781783559406	0.0	-0.0	Inf
GLUtex_f	acmana_p	-0.0	-1000.0	0.0	-0.0	Inf
GLUtex_f	cyan_p	-0.0	0.0	0.0	Inf	Inf
GLUtex_f	ade_p	-0.0	-1000.0	0.0	-0.0	Inf
GLUtex_f	adn_p	-0.0	0.0	0.0005782197358688747	Inf	0.0
GLUtex_f	cytd_p	-0.0	0.0	0.0	Inf	Inf
GLUtex_f	glc__D_p	-0.0	-1000.0	0.0	-0.0	Inf
GLUtex_f	dad_2_p	-0.0	-1000.0	0.0	-0.0	Inf
GLUtex_f	dcyt_p	-0.0	-1000.0	0.0	-0.0	Inf
GLUtex_f	all__D_p	-0.0	0.0	0.0	Inf	Inf
GLUtex_f	alltn_p	-0.0	0.0	0.0	Inf	Inf
GLUtex_f	dha_p	-0.0	-1000.0	0.0	-0.0	Inf
GLUtex_f	glyald_p	-0.0	-1000.0	0.0	-0.0	Inf
GLUtex_f	glyb_p	0.0	0.0	0.0	Inf	Inf
GLUtex_f	dms_p	-0.0	-1000.0	0.0	-0.0	Inf
GLUtex_f	glyc_p	-0.0	-18.97276353930316	1.4353997260029656	-0.0	0.0
GLUtex_f	dmso_p	-0.0	-1000.0	0.0	-0.0	Inf
GLUtex_f	arab__L_p	-0.0	0.0	0.0	Inf	Inf
GLUtex_f	arbt_p	0.0	0.0	0.0	Inf	Inf
GLUtex_f	ca2_p	-0.0	-0.004471966901974156	999.995528033098	-0.0	0.0
GLUtex_f	duri_p	-0.0	-1000.0	0.0	-0.0	Inf
GLUtex_f	h2_p	-0.0	-1000.0	0.0	-0.0	Inf
GLUtex_f	h2o2_p	-0.0	-1000.0	0.0	-0.0	Inf
GLUtex_f	etoh_p	-0.0	-1000.0	0.0	-0.0	Inf
GLUtex_f	fald_p	-0.0	0.0	0.0	Inf	Inf
GLUtex_f	n2o_p	-0.0	-1000.0	0.0	-0.0	Inf
GLUtex_f	na1_p	-0.0	0.0	0.0	Inf	Inf
GLUtex_f	indole_p	-0.0	0.0	0.48174374365852957	Inf	0.0
GLUtex_f	nac_p	-0.0	-1000.0	0.0	-0.0	Inf
GLUtex_f	ni2_p	-0.0	-0.00027751110644658183	999.9997224888936	-0.0	0.0
GLUtex_f	inost_p	-0.0	-1000.0	0.0	-0.0	Inf
GLUtex_f	no_p	-0.0	-1000.0	0.0	-0.0	Inf
GLUtex_f	no2_p	-0.0	-1000.0	0.0	-0.0	Inf
GLUtex_f	for_p	-0.0	0.0	0.002107537909505323	Inf	0.0
GLUtex_f	fru_p	-0.0	-1000.0	0.0	-0.0	Inf
GLUtex_f	no3_p	-0.0	0.0	0.0	Inf	Inf
GLUtex_f	k_p	-0.0	-0.1677034842455214	999.8322965157545	-0.0	0.0
GLUtex_f	novbcn_p	-0.0	0.0	0.0	Inf	Inf
GLUtex_f	o2_p	-0.0	-21.697500508191524	978.3024994918085	-0.0	0.0
GLUtex_f	lipa_cold_p	-0.0	-17.583646643536326	0.0	-0.0	Inf
GLUtex_f	g3pe_p	-0.0	0.0	0.0	Inf	Inf
GLUtex_f	g3pi_p	-0.0	0.0	0.0	Inf	Inf
GLUtex_f	so3_p	-0.0	-1000.0	0.0	-0.0	Inf
GLUtex_f	so4_p	-0.0	-0.2166906382972229	999.7833093617028	-0.0	0.0
GLUtex_f	malt_p	0.0	0.0	0.0	Inf	Inf
GLUtex_f	malthx_p	0.0	0.0	0.0	Inf	Inf
GLUtex_f	maltpt_p	0.0	0.0	0.0	Inf	Inf
GLUtex_f	sucr_p	-0.0	-1000.0	0.0	-0.0	Inf
GLUtex_f	malttr_p	0.0	0.0	0.0	Inf	Inf
GLUtex_f	maltttr_p	0.0	0.0	0.0	Inf	Inf
GLUtex_f	pacald_p	-0.0	-1000.0	0.0	-0.0	Inf
GLUtex_f	man_p	-0.0	-1000.0	0.0	-0.0	Inf
GLUtex_f	tartr__L_p	-0.0	-1000.0	0.0	-0.0	Inf
GLUtex_f	pe120_p	-0.0	0.0	0.0	Inf	Inf
GLUtex_f	melib_p	-0.0	-1000.0	0.0	-0.0	Inf
GLUtex_f	meoh_p	-0.0	-999.999998281665	1.718335056466458e-06	-0.0	0.0
GLUtex_f	thym_p	-0.0	-1000.0	0.0	-0.0	Inf
GLUtex_f	thymd_p	-0.0	-0.02248097712913477	0.0	-0.0	Inf
GLUtex_f	pg120_p	-0.0	0.0	0.0	Inf	Inf
GLUtex_f	metsox_S__L_p	-0.0	-1000.0	0.0	-0.0	Inf
GLUtex_f	tmao_p	-0.0	-1000.0	0.0	-0.0	Inf
GLUtex_f	mg2_p	-0.0	-0.007453278169919031	999.9925467218301	-0.0	0.0
GLUtex_f	tre_p	-0.0	0.0	0.0	Inf	Inf
GLUtex_f	mnl_p	-0.0	0.0	0.0	Inf	Inf
GLUtex_f	mobd_p	-0.0	-0.00011083260915256687	999.9998891673908	-0.0	0.0
GLUtex_f	ura_p	-0.0	-1000.0	0.0	-0.0	Inf
GLUtex_f	urea_p	-0.0	-1000.0	0.0	-0.0	Inf
GLUtex_f	uri_p	-0.0	0.0	0.0	Inf	Inf
GLUtex_f	xan_p	-0.0	0.0	0.0	Inf	Inf
GLUtex_f	xtsn_p	-0.0	0.0	0.0	Inf	Inf
GLUtex_f	xyl__D_p	-0.0	0.0	0.0	Inf	Inf
GLUtex_f	xylu__L_p	-0.0	-1000.0	0.0	-0.0	Inf
GLUtex_f	ppal_p	-0.0	-1000.0	0.0	-0.0	Inf
GLUtex_f	psclys_p	-0.0	-1000.0	0.0	-0.0	Inf
GLUtex_f	pydx_p	-0.0	0.0	0.0	Inf	Inf
GLUtex_f	pydxn_p	-0.0	0.0	0.0	Inf	Inf
GLUtex_f	rib__D_p	-0.0	-1000.0	0.0	-0.0	Inf
GLUtex_f	rmn_p	-0.0	-1000.0	0.0	-0.0	Inf
GLUtex_f	sbt__D_p	-0.0	-6.17792475956778	0.0	-0.0	Inf
GLUtex_f	slnt_p	-0.0	0.0	0.0	Inf	Inf
GLUtex_f	so2_p	-0.0	-1000.0	0.0	-0.0	Inf
