Reaction	Metabolite	ShadowPrice	G-	G+	DecrementalShadowPrice	IncrementalShadowPrice
GLYCAt2rpp_f	12dgr120_c	-0.0	0.0	0.0	Inf	Inf
GLYCAt2rpp_f	12dgr140_c	-0.0	0.0	0.0	Inf	Inf
GLYCAt2rpp_f	12dgr160_c	-0.0	-0.05482691563553356	0.0	-0.0	Inf
GLYCAt2rpp_f	12dgr180_c	-0.0	0.0	0.0	Inf	Inf
GLYCAt2rpp_f	12ppd__R_c	-0.0	-1000.0	0.0	-0.0	Inf
GLYCAt2rpp_f	12ppd__S_c	-0.0	0.0	0.6380338858803151	Inf	0.0
GLYCAt2rpp_f	5drib_c	-0.0	-999.9998066873097	0.00019331269028732018	-0.0	0.0
GLYCAt2rpp_f	5mta_c	-0.0	0.0	0.0	Inf	Inf
GLYCAt2rpp_f	23dhacoa_c	-0.0	-0.0004948804870626156	0.0	-0.0	Inf
GLYCAt2rpp_f	5mtr_c	-0.0	0.0	0.0	Inf	Inf
GLYCAt2rpp_f	3amac_c	-0.0	-7.656406630563777	0.0	-0.0	Inf
GLYCAt2rpp_f	LalaDgluMdap_c	-0.0	-0.02387454683424024	0.0	-0.0	Inf
GLYCAt2rpp_f	ac_c	-0.0	-3.666868519482705	1.2994888594711813	-0.0	0.0
GLYCAt2rpp_f	acald_c	-0.0	-3.666868519482705	1.0346495446707813	-0.0	0.0
GLYCAt2rpp_f	acetol_c	-0.0	0.0	0.7223025123173377	Inf	0.0
GLYCAt2rpp_f	acgam_c	-0.0	-0.08118101991051704	0.0	-0.0	Inf
GLYCAt2rpp_f	acgam6p_c	-0.0	-0.08118101991051704	0.0	-0.0	Inf
GLYCAt2rpp_f	acmalt_c	0.0	0.0	0.0	Inf	Inf
GLYCAt2rpp_f	acmana_c	-0.0	-0.08118101991051704	0.0	-0.0	Inf
GLYCAt2rpp_f	2dmmq8_c	-0.0	0.0	0.0	Inf	Inf
GLYCAt2rpp_f	2dmmql8_c	0.0	0.0	0.0	Inf	Inf
GLYCAt2rpp_f	ade_c	-0.0	-0.09382882485928723	0.5316949049002622	-0.0	0.0
GLYCAt2rpp_f	adn_c	-0.0	0.0	0.2622057065261567	Inf	0.0
GLYCAt2rpp_f	3sala_c	0.0	0.0	0.0	Inf	Inf
GLYCAt2rpp_f	adphep_DD_c	-0.0	0.0	0.0	Inf	Inf
GLYCAt2rpp_f	adphep_LD_c	-0.0	0.0	0.0	Inf	Inf
GLYCAt2rpp_f	4ahmmp_c	0.0	0.0	0.0	Inf	Inf
GLYCAt2rpp_f	4crsol_c	-0.0	-999.9998084056448	0.000191594355262544	-0.0	0.0
GLYCAt2rpp_f	2ohph_c	-0.0	-0.000191594355262544	0.04081240208189648	-0.0	0.0
GLYCAt2rpp_f	2ombzl_c	-0.0	0.0	0.0	Inf	Inf
GLYCAt2rpp_f	2omhmbl_c	-0.0	0.0	0.0	Inf	Inf
GLYCAt2rpp_f	2ommbl_c	-0.0	0.0	0.0	Inf	Inf
GLYCAt2rpp_f	2omph_c	-0.0	0.0	0.03677428737062334	Inf	0.0
GLYCAt2rpp_f	4mhetz_c	0.0	0.0	0.0	Inf	Inf
GLYCAt2rpp_f	2oph_c	-0.0	-0.000191594355262544	0.04081240208189648	-0.0	0.0
GLYCAt2rpp_f	2oxpaccoa_c	-0.0	-0.0004948804870626156	0.0	-0.0	Inf
GLYCAt2rpp_f	all__D_c	-0.0	-5.929969015494866	0.0	-0.0	Inf
GLYCAt2rpp_f	alltn_c	-0.0	-1.975234702654371	0.0	-0.0	Inf
GLYCAt2rpp_f	4r5au_c	-0.0	-0.000383188710657123	0.24858463086246027	-0.0	0.0
GLYCAt2rpp_f	56dura_c	0.0	0.0	0.0	Inf	Inf
GLYCAt2rpp_f	arab__L_c	-0.0	-5.929969015494866	0.0	-0.0	Inf
GLYCAt2rpp_f	etoh_c	-0.0	-1000.0	0.0	-0.0	Inf
GLYCAt2rpp_f	csn_c	-0.0	0.0	0.0	Inf	Inf
GLYCAt2rpp_f	fald_c	-0.0	0.0	0.0	Inf	Inf
GLYCAt2rpp_f	fc1p_c	-0.0	0.0	0.0	Inf	Inf
GLYCAt2rpp_f	fcl__L_c	-0.0	0.0	0.0	Inf	Inf
GLYCAt2rpp_f	aso4_c	0.0	0.0	0.0	Inf	Inf
GLYCAt2rpp_f	cyan_c	0.0	0.0	0.0	Inf	Inf
GLYCAt2rpp_f	athtp_c	0.0	0.0	0.0	Inf	Inf
GLYCAt2rpp_f	cytd_c	-0.0	-0.1379178649260252	0.0	-0.0	Inf
GLYCAt2rpp_f	dad_2_c	-0.0	-0.09382882485928723	0.2469808590504445	-0.0	0.0
GLYCAt2rpp_f	dad_5_c	-0.0	-0.09382882485928723	0.00019331269028732018	-0.0	0.0
GLYCAt2rpp_f	betald_c	0.0	0.0	0.0	Inf	Inf
GLYCAt2rpp_f	btal_c	-0.0	-529.4579138406574	0.0	-0.0	Inf
GLYCAt2rpp_f	for_c	-0.0	-0.09382882485928723	0.002107537908141081	-0.0	0.0
GLYCAt2rpp_f	dcyt_c	-0.0	0.0	0.0	Inf	Inf
GLYCAt2rpp_f	fru_c	-0.0	-5.929969015494866	0.0	-0.0	Inf
GLYCAt2rpp_f	ca2_c	-0.0	-0.004471966901974156	999.995528033098	-0.0	0.0
GLYCAt2rpp_f	g3pe_c	-0.0	-0.8287796166407588	0.0	-0.0	Inf
GLYCAt2rpp_f	g3pi_c	0.0	0.0	0.0	Inf	Inf
GLYCAt2rpp_f	cbm_c	-0.0	-3.950469405308744	0.0	-0.0	Inf
GLYCAt2rpp_f	dha_c	-0.0	-88.24298564010961	0.9114769798290215	-0.0	0.0
GLYCAt2rpp_f	gal_c	-0.0	0.0	0.0	Inf	Inf
GLYCAt2rpp_f	dhgly_c	-0.0	-0.000191594355262544	0.1650087635897366	-0.0	0.0
GLYCAt2rpp_f	dhmptp_c	0.0	0.0	0.0	Inf	Inf
GLYCAt2rpp_f	gcald_c	-0.0	-9.46253246943968	0.0005747830655309372	-0.0	0.0
GLYCAt2rpp_f	dhptd_c	-0.0	-54.619617361499756	0.00038490704558155446	-0.0	0.0
GLYCAt2rpp_f	cechddd_c	-0.0	0.0	0.0	Inf	Inf
GLYCAt2rpp_f	dhptdn_c	0.0	0.0	0.0	Inf	Inf
GLYCAt2rpp_f	chol_c	0.0	0.0	0.0	Inf	Inf
GLYCAt2rpp_f	chtbs6p_c	-0.0	0.0	0.0	Inf	Inf
GLYCAt2rpp_f	dmbzid_c	0.0	0.0	0.0	Inf	Inf
GLYCAt2rpp_f	dms_c	0.0	0.0	0.0	Inf	Inf
GLYCAt2rpp_f	dmso_c	0.0	0.0	0.0	Inf	Inf
GLYCAt2rpp_f	cl_c	-0.0	-0.004471966901974156	999.995528033098	-0.0	0.0
GLYCAt2rpp_f	glc__D_c	-0.0	-5.929969015494866	0.0	-0.0	Inf
GLYCAt2rpp_f	co2_c	-0.0	-984.8674396871576	15.132560312842429	-0.0	0.0
GLYCAt2rpp_f	dscl_c	-0.0	-0.000191594355262544	0.04640246442765926	-0.0	0.0
GLYCAt2rpp_f	dtdp4aaddg_c	-0.0	0.0	0.0	Inf	Inf
GLYCAt2rpp_f	glyald_c	-0.0	-1000.0	0.0	-0.0	Inf
GLYCAt2rpp_f	crn_c	-0.0	-1000.0	0.0	-0.0	Inf
GLYCAt2rpp_f	duri_c	-0.0	0.0	0.0	Inf	Inf
GLYCAt2rpp_f	glyb_c	0.0	0.0	0.0	Inf	Inf
GLYCAt2rpp_f	glyc_c	-0.0	-75.63684483437966	0.7812659827105898	-0.0	0.0
GLYCAt2rpp_f	dxyl_c	0.0	0.0	0.0	Inf	Inf
GLYCAt2rpp_f	glycogen_c	-0.0	-5.929969015494866	0.0	-0.0	Inf
GLYCAt2rpp_f	gmhep1p_c	-0.0	0.0	0.35777601077400845	Inf	0.0
GLYCAt2rpp_f	lipa_cold_c	-0.0	0.0	0.0	Inf	Inf
GLYCAt2rpp_f	lipidA_c	-0.0	-0.01671596312101542	0.02766042857862638	-0.0	0.0
GLYCAt2rpp_f	malt_c	0.0	0.0	0.0	Inf	Inf
GLYCAt2rpp_f	h2_c	-0.0	0.0	0.0	Inf	Inf
GLYCAt2rpp_f	malthx_c	-0.0	0.0	0.0	Inf	Inf
GLYCAt2rpp_f	maltpt_c	-0.0	0.0	0.0	Inf	Inf
GLYCAt2rpp_f	malttr_c	-0.0	0.0	0.0	Inf	Inf
GLYCAt2rpp_f	maltttr_c	-0.0	0.0	0.0	Inf	Inf
GLYCAt2rpp_f	h2o2_c	-0.0	0.0	0.8959776852873922	Inf	0.0
GLYCAt2rpp_f	man_c	-0.0	0.0	0.0	Inf	Inf
GLYCAt2rpp_f	mdhdhf_c	-0.0	-54.619617361499756	0.00038490704558155446	-0.0	0.0
GLYCAt2rpp_f	melib_c	-0.0	0.0	0.0	Inf	Inf
GLYCAt2rpp_f	meoh_c	-0.0	-999.999998281665	1.718335056466458e-06	-0.0	0.0
GLYCAt2rpp_f	pacald_c	-0.0	-1000.0	0.0	-0.0	Inf
GLYCAt2rpp_f	metsox_S__L_c	-0.0	-0.09382882485928723	0.0	-0.0	Inf
GLYCAt2rpp_f	mg2_c	-0.0	-0.007453278169919031	999.9925467218301	-0.0	0.0
GLYCAt2rpp_f	hhlipa_c	-0.0	0.0	0.0	Inf	Inf
GLYCAt2rpp_f	pe120_c	-0.0	0.0	0.0	Inf	Inf
GLYCAt2rpp_f	mobd_c	-0.0	-0.00011083260909806358	9.57050828820472	-0.0	0.0
GLYCAt2rpp_f	hlipa_c	-0.0	0.0	0.0	Inf	Inf
GLYCAt2rpp_f	pg120_c	-0.0	-0.06686385248409071	0.0	-0.0	Inf
GLYCAt2rpp_f	mql8_c	0.0	0.0	0.0	Inf	Inf
GLYCAt2rpp_f	mqn8_c	-0.0	0.0	0.0	Inf	Inf
GLYCAt2rpp_f	mthgxl_c	-0.0	0.0	0.8322181120178022	Inf	0.0
GLYCAt2rpp_f	hqn_c	0.0	0.0	0.0	Inf	Inf
GLYCAt2rpp_f	mththf_c	-0.0	-999.9996150929544	0.00038490704558155446	-0.0	0.0
GLYCAt2rpp_f	n2o_c	-0.0	-1000.0	0.0	-0.0	Inf
GLYCAt2rpp_f	na1_c	-0.0	0.0	0.0	Inf	Inf
GLYCAt2rpp_f	nac_c	-0.0	0.0	0.0	Inf	Inf
GLYCAt2rpp_f	ncam_c	-0.0	0.0	0.0	Inf	Inf
GLYCAt2rpp_f	ni2_c	-0.0	-0.00027751110644658183	999.9997224888936	-0.0	0.0
GLYCAt2rpp_f	no_c	-0.0	-1000.0	0.0	-0.0	Inf
GLYCAt2rpp_f	indole_c	-0.0	-0.048837658906676185	0.267706525544188	-0.0	0.0
GLYCAt2rpp_f	no2_c	-0.0	-1000.0	0.0	-0.0	Inf
GLYCAt2rpp_f	no3_c	0.0	0.0	0.0	Inf	Inf
GLYCAt2rpp_f	inost_c	0.0	0.0	0.0	Inf	Inf
GLYCAt2rpp_f	o2_c	-0.0	-21.697500508167174	978.3024994918328	-0.0	0.0
GLYCAt2rpp_f	poaac_c	-0.0	-2.944771780986068	0.0	-0.0	Inf
GLYCAt2rpp_f	ppal_c	-0.0	0.0	0.0	Inf	Inf
GLYCAt2rpp_f	k_c	-0.0	-0.1677034842455214	38.28203315281888	-0.0	0.0
GLYCAt2rpp_f	psclys_c	-0.0	0.0	0.0	Inf	Inf
GLYCAt2rpp_f	lald__D_c	-0.0	0.0	0.7223025123173378	Inf	0.0
GLYCAt2rpp_f	lald__L_c	-0.0	0.0	0.7223025123173377	Inf	0.0
GLYCAt2rpp_f	ura_c	-0.0	-0.28420831726050977	0.0	-0.0	Inf
GLYCAt2rpp_f	pydx_c	-0.0	0.0	0.3163804392794951	Inf	0.0
GLYCAt2rpp_f	uracp_c	-0.0	-3.1901694294015734	0.0	-0.0	Inf
GLYCAt2rpp_f	pydxn_c	-0.0	0.0	0.2990783840063977	Inf	0.0
GLYCAt2rpp_f	urate_c	-0.0	0.0	0.0	Inf	Inf
GLYCAt2rpp_f	q8_c	-0.0	0.0	0.0	Inf	Inf
GLYCAt2rpp_f	q8h2_c	0.0	0.0	0.0	Inf	Inf
GLYCAt2rpp_f	urea_c	-0.0	0.0	1.664436224035605	Inf	0.0
GLYCAt2rpp_f	uri_c	-0.0	-0.28420831726050977	0.0	-0.0	Inf
GLYCAt2rpp_f	rbflvrd_c	-0.0	0.0	0.046914412429643615	Inf	0.0
GLYCAt2rpp_f	rbl__L_c	-0.0	-5.929969015494866	0.0	-0.0	Inf
GLYCAt2rpp_f	rdmbzi_c	0.0	0.0	0.0	Inf	Inf
GLYCAt2rpp_f	thptdn_c	0.0	0.0	0.0	Inf	Inf
GLYCAt2rpp_f	xan_c	-0.0	0.0	0.0	Inf	Inf
GLYCAt2rpp_f	rephaccoa_c	-0.0	-0.0004948804870626156	0.0	-0.0	Inf
GLYCAt2rpp_f	rib__D_c	-0.0	0.0	0.5173247723353906	Inf	0.0
GLYCAt2rpp_f	xtsn_c	-0.0	0.0	0.2774060373392673	Inf	0.0
GLYCAt2rpp_f	rml_c	-0.0	0.0	0.0	Inf	Inf
GLYCAt2rpp_f	thym_c	-0.0	-38.28203315281888	0.0	-0.0	Inf
GLYCAt2rpp_f	thymd_c	-0.0	0.0	0.24858463086246027	Inf	0.0
GLYCAt2rpp_f	xu5p__L_c	-0.0	-0.8287796166407588	0.0	-0.0	Inf
GLYCAt2rpp_f	rmn_c	-0.0	0.0	0.0	Inf	Inf
GLYCAt2rpp_f	xyl__D_c	0.0	0.0	0.0	Inf	Inf
GLYCAt2rpp_f	tmao_c	0.0	0.0	0.0	Inf	Inf
GLYCAt2rpp_f	xylu__D_c	-0.0	0.0	0.0	Inf	Inf
GLYCAt2rpp_f	xylu__L_c	-0.0	-5.929969015494866	0.0	-0.0	Inf
GLYCAt2rpp_f	12ppd__R_e	-0.0	-1000.0	0.0	-0.0	Inf
GLYCAt2rpp_f	12ppd__S_e	-0.0	-1000.0	0.0	-0.0	Inf
GLYCAt2rpp_f	tre_c	-0.0	-2.964984507747433	0.0	-0.0	Inf
GLYCAt2rpp_f	seln_c	0.0	0.0	0.0	Inf	Inf
GLYCAt2rpp_f	34dhpac_e	-0.0	-1000.0	0.0	-0.0	Inf
GLYCAt2rpp_f	slnt_c	0.0	0.0	0.0	Inf	Inf
GLYCAt2rpp_f	so2_c	0.0	0.0	0.0	Inf	Inf
GLYCAt2rpp_f	so3_c	-0.0	-0.21296356963057406	1.9141016576409442	-0.0	0.0
GLYCAt2rpp_f	so4_c	-0.0	-0.21669063829926927	38.28203315281888	-0.0	0.0
GLYCAt2rpp_f	4hoxpacd_e	-0.0	-1000.0	0.0	-0.0	Inf
GLYCAt2rpp_f	5mtr_e	-0.0	0.0	0.0	Inf	Inf
GLYCAt2rpp_f	LalaDgluMdap_e	-0.0	-1000.0	0.0	-0.0	Inf
GLYCAt2rpp_f	ac_e	-0.0	0.0	0.0	Inf	Inf
GLYCAt2rpp_f	acald_e	-0.0	-1000.0	0.0	-0.0	Inf
GLYCAt2rpp_f	acgal_e	-0.0	-1000.0	0.0	-0.0	Inf
GLYCAt2rpp_f	acgam_e	-0.0	-1000.0	0.0	-0.0	Inf
GLYCAt2rpp_f	acmana_e	-0.0	-1000.0	0.0	-0.0	Inf
GLYCAt2rpp_f	tagur_c	-0.0	0.0	0.0	Inf	Inf
GLYCAt2rpp_f	tartr__L_c	-0.0	-2.543159034191852	0.0	-0.0	Inf
GLYCAt2rpp_f	ade_e	-0.0	-1000.0	0.0	-0.0	Inf
GLYCAt2rpp_f	adn_e	-0.0	-1000.0	0.0	-0.0	Inf
GLYCAt2rpp_f	all__D_e	-0.0	-1000.0	0.0	-0.0	Inf
GLYCAt2rpp_f	cl_e	-0.0	-0.004471966901974156	999.995528033098	-0.0	0.0
GLYCAt2rpp_f	alltn_e	-0.0	0.0	0.0	Inf	Inf
GLYCAt2rpp_f	cm_e	-0.0	-1000.0	0.0	-0.0	Inf
GLYCAt2rpp_f	co2_e	-0.0	-984.8674396871576	15.132560312842429	-0.0	0.0
GLYCAt2rpp_f	arab__L_e	-0.0	-1000.0	0.0	-0.0	Inf
GLYCAt2rpp_f	arbt_e	-0.0	-1000.0	0.0	-0.0	Inf
GLYCAt2rpp_f	unagamu_c	-0.0	0.0	0.027640457150049747	Inf	0.0
GLYCAt2rpp_f	crn_e	-0.0	-1000.0	0.0	-0.0	Inf
GLYCAt2rpp_f	csn_e	-0.0	-1000.0	0.0	-0.0	Inf
GLYCAt2rpp_f	cyan_e	-0.0	-1000.0	0.0	-0.0	Inf
GLYCAt2rpp_f	glyb_e	-0.0	-1000.0	0.0	-0.0	Inf
GLYCAt2rpp_f	glyc_e	-0.0	-75.63684483437966	0.7812659827105898	-0.0	0.0
GLYCAt2rpp_f	cytd_e	-0.0	-1000.0	0.0	-0.0	Inf
GLYCAt2rpp_f	ca2_e	-0.0	-0.004471966901974156	999.995528033098	-0.0	0.0
GLYCAt2rpp_f	dad_2_e	-0.0	-1000.0	0.0	-0.0	Inf
GLYCAt2rpp_f	dcyt_e	-0.0	-1000.0	0.0	-0.0	Inf
GLYCAt2rpp_f	chol_e	-0.0	-1000.0	0.0	-0.0	Inf
GLYCAt2rpp_f	dha_e	-0.0	-1000.0	0.0	-0.0	Inf
GLYCAt2rpp_f	ppal_e	-0.0	-1000.0	0.0	-0.0	Inf
GLYCAt2rpp_f	h2_e	-0.0	-1000.0	0.0	-0.0	Inf
GLYCAt2rpp_f	dms_e	-0.0	-1000.0	0.0	-0.0	Inf
GLYCAt2rpp_f	dmso_e	-0.0	-1000.0	0.0	-0.0	Inf
GLYCAt2rpp_f	h2o2_e	-0.0	-1000.0	0.0	-0.0	Inf
GLYCAt2rpp_f	psclys_e	-0.0	-1000.0	0.0	-0.0	Inf
GLYCAt2rpp_f	duri_e	-0.0	-1000.0	0.0	-0.0	Inf
GLYCAt2rpp_f	pydx_e	-0.0	-1000.0	0.0	-0.0	Inf
GLYCAt2rpp_f	pydxn_e	-0.0	-1000.0	0.0	-0.0	Inf
GLYCAt2rpp_f	etoh_e	-0.0	-1000.0	0.0	-0.0	Inf
GLYCAt2rpp_f	fald_e	-0.0	0.0	0.0	Inf	Inf
GLYCAt2rpp_f	rib__D_e	-0.0	-1000.0	0.0	-0.0	Inf
GLYCAt2rpp_f	rmn_e	-0.0	-1000.0	0.0	-0.0	Inf
GLYCAt2rpp_f	indole_e	-0.0	-1000.0	0.0	-0.0	Inf
GLYCAt2rpp_f	inost_e	-0.0	-1000.0	0.0	-0.0	Inf
GLYCAt2rpp_f	sbt__D_e	-0.0	-4.343915716767128	0.0	-0.0	Inf
GLYCAt2rpp_f	k_e	-0.0	-0.1677034842455214	999.8322965157545	-0.0	0.0
GLYCAt2rpp_f	for_e	-0.0	0.0	0.002107537908141081	Inf	0.0
GLYCAt2rpp_f	slnt_e	-0.0	0.0	1000.0	Inf	0.0
GLYCAt2rpp_f	fru_e	-0.0	-1000.0	0.0	-0.0	Inf
GLYCAt2rpp_f	so2_e	-0.0	-1000.0	0.0	-0.0	Inf
GLYCAt2rpp_f	so3_e	-0.0	-1000.0	0.0	-0.0	Inf
GLYCAt2rpp_f	so4_e	-0.0	-0.21669063829926927	999.7833093617007	-0.0	0.0
GLYCAt2rpp_f	lipa_cold_e	-0.0	-1000.0	0.0	-0.0	Inf
GLYCAt2rpp_f	sucr_e	-0.0	-1000.0	0.0	-0.0	Inf
GLYCAt2rpp_f	g3pe_e	-0.0	-1000.0	0.0	-0.0	Inf
GLYCAt2rpp_f	malt_e	-0.0	-1000.0	0.0	-0.0	Inf
GLYCAt2rpp_f	tartr__L_e	-0.0	-1000.0	0.0	-0.0	Inf
GLYCAt2rpp_f	g3pi_e	-0.0	-1000.0	0.0	-0.0	Inf
GLYCAt2rpp_f	malthx_e	-0.0	-1000.0	0.0	-0.0	Inf
GLYCAt2rpp_f	maltpt_e	-0.0	-1000.0	0.0	-0.0	Inf
GLYCAt2rpp_f	gal_e	-0.0	-1000.0	0.0	-0.0	Inf
GLYCAt2rpp_f	gal_bD_e	-0.0	-1000.0	0.0	-0.0	Inf
GLYCAt2rpp_f	malttr_e	-0.0	-1000.0	0.0	-0.0	Inf
GLYCAt2rpp_f	maltttr_e	-0.0	-1000.0	0.0	-0.0	Inf
GLYCAt2rpp_f	man_e	-0.0	-1000.0	0.0	-0.0	Inf
GLYCAt2rpp_f	thym_e	-0.0	-1000.0	0.0	-0.0	Inf
GLYCAt2rpp_f	thymd_e	-0.0	-1000.0	0.0	-0.0	Inf
GLYCAt2rpp_f	galt_e	-0.0	-4.343915716767128	0.0	-0.0	Inf
GLYCAt2rpp_f	melib_e	-0.0	-1000.0	0.0	-0.0	Inf
GLYCAt2rpp_f	meoh_e	-0.0	-999.999998281665	1.718335056466458e-06	-0.0	0.0
GLYCAt2rpp_f	tmao_e	-0.0	-1000.0	0.0	-0.0	Inf
GLYCAt2rpp_f	tre_e	-0.0	-1000.0	0.0	-0.0	Inf
GLYCAt2rpp_f	metsox_S__L_e	-0.0	-1000.0	0.0	-0.0	Inf
GLYCAt2rpp_f	glc__D_e	-0.0	-1000.0	0.0	-0.0	Inf
GLYCAt2rpp_f	mg2_e	-0.0	-0.007453278169919031	999.9925467218301	-0.0	0.0
GLYCAt2rpp_f	mnl_e	-0.0	-1000.0	0.0	-0.0	Inf
GLYCAt2rpp_f	mobd_e	-0.0	-0.00011083260915256687	999.9998891673908	-0.0	0.0
GLYCAt2rpp_f	glyald_e	-0.0	-1000.0	0.0	-0.0	Inf
GLYCAt2rpp_f	n2o_e	-0.0	-1000.0	0.0	-0.0	Inf
GLYCAt2rpp_f	na1_e	-0.0	0.0	1000.0	Inf	0.0
GLYCAt2rpp_f	nac_e	-0.0	-1000.0	0.0	-0.0	Inf
GLYCAt2rpp_f	ni2_e	-0.0	-0.00027751110644658183	999.9997224888936	-0.0	0.0
GLYCAt2rpp_f	no_e	-0.0	-1000.0	0.0	-0.0	Inf
GLYCAt2rpp_f	no2_e	-0.0	-1000.0	0.0	-0.0	Inf
GLYCAt2rpp_f	ura_e	-0.0	-1000.0	0.0	-0.0	Inf
GLYCAt2rpp_f	no3_e	-0.0	-1000.0	0.0	-0.0	Inf
GLYCAt2rpp_f	urea_e	-0.0	-1000.0	0.0	-0.0	Inf
GLYCAt2rpp_f	novbcn_e	-0.0	-1000.0	0.0	-0.0	Inf
GLYCAt2rpp_f	uri_e	-0.0	-1000.0	0.0	-0.0	Inf
GLYCAt2rpp_f	o2_e	-0.0	-21.697500508167195	978.3024994918328	-0.0	0.0
GLYCAt2rpp_f	xan_e	-0.0	0.0	0.0	Inf	Inf
GLYCAt2rpp_f	xtsn_e	-0.0	-1000.0	0.0	-0.0	Inf
GLYCAt2rpp_f	xyl__D_e	-0.0	-1000.0	0.0	-0.0	Inf
GLYCAt2rpp_f	xylu__L_e	-0.0	-1000.0	0.0	-0.0	Inf
GLYCAt2rpp_f	pacald_e	-0.0	-1000.0	0.0	-0.0	Inf
GLYCAt2rpp_f	12dgr120_p	-0.0	0.0	0.0	Inf	Inf
GLYCAt2rpp_f	12dgr140_p	-0.0	0.0	0.0	Inf	Inf
GLYCAt2rpp_f	12dgr160_p	-0.0	-0.05482691563553356	0.0	-0.0	Inf
GLYCAt2rpp_f	12dgr180_p	-0.0	0.0	0.0	Inf	Inf
GLYCAt2rpp_f	12ppd__R_p	-0.0	-1000.0	0.0	-0.0	Inf
GLYCAt2rpp_f	12ppd__S_p	-0.0	0.0	0.6380338858803151	Inf	0.0
GLYCAt2rpp_f	chol_p	-0.0	-1000.0	0.0	-0.0	Inf
GLYCAt2rpp_f	cl_p	-0.0	-0.004471966901974156	999.995528033098	-0.0	0.0
GLYCAt2rpp_f	34dhpac_p	-0.0	-1000.0	0.0	-0.0	Inf
GLYCAt2rpp_f	cm_p	-0.0	0.0	0.0	Inf	Inf
GLYCAt2rpp_f	4hoxpacd_p	-0.0	-1000.0	0.0	-0.0	Inf
GLYCAt2rpp_f	co2_p	-0.0	-984.8674396871576	15.132560312842429	-0.0	0.0
GLYCAt2rpp_f	5mtr_p	-0.0	0.0	0.0	Inf	Inf
GLYCAt2rpp_f	LalaDgluMdap_p	-0.0	-0.02387454683424024	0.0	-0.0	Inf
GLYCAt2rpp_f	gal_p	-0.0	-1000.0	0.0	-0.0	Inf
GLYCAt2rpp_f	ac_p	-0.0	-3.666868519482705	0.0	-0.0	Inf
GLYCAt2rpp_f	crn_p	-0.0	-1000.0	0.0	-0.0	Inf
GLYCAt2rpp_f	gal_bD_p	-0.0	-1000.0	0.0	-0.0	Inf
GLYCAt2rpp_f	acald_p	-0.0	-1000.0	0.0	-0.0	Inf
GLYCAt2rpp_f	acgal_p	-0.0	-1000.0	0.0	-0.0	Inf
GLYCAt2rpp_f	csn_p	-0.0	0.0	0.0	Inf	Inf
GLYCAt2rpp_f	acgam_p	-0.0	-1000.0	0.0	-0.0	Inf
GLYCAt2rpp_f	galt_p	-0.0	-4.343915716767128	0.0	-0.0	Inf
GLYCAt2rpp_f	acmana_p	-0.0	-1000.0	0.0	-0.0	Inf
GLYCAt2rpp_f	cyan_p	-0.0	0.0	0.0	Inf	Inf
GLYCAt2rpp_f	ade_p	-0.0	-1000.0	0.0	-0.0	Inf
GLYCAt2rpp_f	adn_p	-0.0	0.0	0.2640140217435785	Inf	0.0
GLYCAt2rpp_f	cytd_p	-0.0	-0.1379178649260252	0.0	-0.0	Inf
GLYCAt2rpp_f	glc__D_p	-0.0	-1000.0	0.0	-0.0	Inf
GLYCAt2rpp_f	dad_2_p	-0.0	-1000.0	0.0	-0.0	Inf
GLYCAt2rpp_f	dcyt_p	-0.0	-1000.0	0.0	-0.0	Inf
GLYCAt2rpp_f	all__D_p	-0.0	0.0	0.0	Inf	Inf
GLYCAt2rpp_f	alltn_p	-0.0	0.0	0.0	Inf	Inf
GLYCAt2rpp_f	dha_p	-0.0	-1000.0	0.0	-0.0	Inf
GLYCAt2rpp_f	glyald_p	-0.0	-1000.0	0.0	-0.0	Inf
GLYCAt2rpp_f	glyb_p	0.0	0.0	0.0	Inf	Inf
GLYCAt2rpp_f	dms_p	-0.0	-1000.0	0.0	-0.0	Inf
GLYCAt2rpp_f	glyc_p	-0.0	-75.63684483437966	0.7812659827105898	-0.0	0.0
GLYCAt2rpp_f	dmso_p	-0.0	-1000.0	0.0	-0.0	Inf
GLYCAt2rpp_f	arab__L_p	-0.0	0.0	0.0	Inf	Inf
GLYCAt2rpp_f	arbt_p	0.0	0.0	0.0	Inf	Inf
GLYCAt2rpp_f	ca2_p	-0.0	-0.004471966901974156	999.995528033098	-0.0	0.0
GLYCAt2rpp_f	duri_p	-0.0	-1000.0	0.0	-0.0	Inf
GLYCAt2rpp_f	h2_p	-0.0	-1000.0	0.0	-0.0	Inf
GLYCAt2rpp_f	h2o2_p	-0.0	-1000.0	0.0	-0.0	Inf
GLYCAt2rpp_f	etoh_p	-0.0	-1000.0	0.0	-0.0	Inf
GLYCAt2rpp_f	fald_p	-0.0	0.0	0.0	Inf	Inf
GLYCAt2rpp_f	n2o_p	-0.0	-1000.0	0.0	-0.0	Inf
GLYCAt2rpp_f	na1_p	-0.0	0.0	0.0	Inf	Inf
GLYCAt2rpp_f	indole_p	-0.0	0.0	0.26959178276633017	Inf	0.0
GLYCAt2rpp_f	nac_p	-0.0	-1000.0	0.0	-0.0	Inf
GLYCAt2rpp_f	ni2_p	-0.0	-0.00027751110644658183	999.9997224888936	-0.0	0.0
GLYCAt2rpp_f	inost_p	-0.0	-1000.0	0.0	-0.0	Inf
GLYCAt2rpp_f	no_p	-0.0	-1000.0	0.0	-0.0	Inf
GLYCAt2rpp_f	no2_p	-0.0	-1000.0	0.0	-0.0	Inf
GLYCAt2rpp_f	for_p	-0.0	0.0	0.002107537908141081	Inf	0.0
GLYCAt2rpp_f	fru_p	-0.0	-1000.0	0.0	-0.0	Inf
GLYCAt2rpp_f	no3_p	-0.0	0.0	0.0	Inf	Inf
GLYCAt2rpp_f	k_p	-0.0	-0.1677034842455214	999.8322965157545	-0.0	0.0
GLYCAt2rpp_f	novbcn_p	-0.0	0.0	0.0	Inf	Inf
GLYCAt2rpp_f	o2_p	-0.0	-21.697500508167195	978.3024994918328	-0.0	0.0
GLYCAt2rpp_f	lipa_cold_p	-0.0	-9.57050828820472	0.0	-0.0	Inf
GLYCAt2rpp_f	g3pe_p	-0.0	0.0	0.0	Inf	Inf
GLYCAt2rpp_f	g3pi_p	-0.0	0.0	0.0	Inf	Inf
GLYCAt2rpp_f	so3_p	-0.0	-1000.0	0.0	-0.0	Inf
GLYCAt2rpp_f	so4_p	-0.0	-0.21669063829926927	999.7833093617007	-0.0	0.0
GLYCAt2rpp_f	malt_p	0.0	0.0	0.0	Inf	Inf
GLYCAt2rpp_f	malthx_p	0.0	0.0	0.0	Inf	Inf
GLYCAt2rpp_f	maltpt_p	0.0	0.0	0.0	Inf	Inf
GLYCAt2rpp_f	sucr_p	-0.0	-1000.0	0.0	-0.0	Inf
GLYCAt2rpp_f	malttr_p	0.0	0.0	0.0	Inf	Inf
GLYCAt2rpp_f	maltttr_p	0.0	0.0	0.0	Inf	Inf
GLYCAt2rpp_f	pacald_p	-0.0	-1000.0	0.0	-0.0	Inf
GLYCAt2rpp_f	man_p	-0.0	-1000.0	0.0	-0.0	Inf
GLYCAt2rpp_f	tartr__L_p	-0.0	-1000.0	0.0	-0.0	Inf
GLYCAt2rpp_f	pe120_p	-0.0	-0.06686385248409071	0.0	-0.0	Inf
GLYCAt2rpp_f	melib_p	-0.0	-1000.0	0.0	-0.0	Inf
GLYCAt2rpp_f	meoh_p	-0.0	-999.999998281665	1.718335056466458e-06	-0.0	0.0
GLYCAt2rpp_f	thym_p	-0.0	-1000.0	0.0	-0.0	Inf
GLYCAt2rpp_f	thymd_p	-0.0	0.0	0.0	Inf	Inf
GLYCAt2rpp_f	pg120_p	-0.0	-0.06686385248409071	0.0	-0.0	Inf
GLYCAt2rpp_f	metsox_S__L_p	-0.0	-1000.0	0.0	-0.0	Inf
GLYCAt2rpp_f	tmao_p	-0.0	-1000.0	0.0	-0.0	Inf
GLYCAt2rpp_f	mg2_p	-0.0	-0.007453278169919031	999.9925467218301	-0.0	0.0
GLYCAt2rpp_f	tre_p	-0.0	0.0	0.0	Inf	Inf
GLYCAt2rpp_f	mnl_p	-0.0	0.0	0.0	Inf	Inf
GLYCAt2rpp_f	mobd_p	-0.0	-0.00011083260915256687	999.9998891673908	-0.0	0.0
GLYCAt2rpp_f	ura_p	-0.0	-1000.0	0.0	-0.0	Inf
GLYCAt2rpp_f	urea_p	-0.0	0.0	1.664436224035605	Inf	0.0
GLYCAt2rpp_f	uri_p	-0.0	-0.28420831726050977	0.0	-0.0	Inf
GLYCAt2rpp_f	xan_p	-0.0	0.0	0.0	Inf	Inf
GLYCAt2rpp_f	xtsn_p	-0.0	0.0	0.0	Inf	Inf
GLYCAt2rpp_f	xyl__D_p	-0.0	0.0	0.0	Inf	Inf
GLYCAt2rpp_f	xylu__L_p	-0.0	-1000.0	0.0	-0.0	Inf
GLYCAt2rpp_f	ppal_p	-0.0	-1000.0	0.0	-0.0	Inf
GLYCAt2rpp_f	psclys_p	-0.0	-1000.0	0.0	-0.0	Inf
GLYCAt2rpp_f	pydx_p	-0.0	0.0	0.0	Inf	Inf
GLYCAt2rpp_f	pydxn_p	-0.0	0.0	0.0	Inf	Inf
GLYCAt2rpp_f	rib__D_p	-0.0	-1000.0	0.0	-0.0	Inf
GLYCAt2rpp_f	rmn_p	-0.0	-1000.0	0.0	-0.0	Inf
GLYCAt2rpp_f	sbt__D_p	-0.0	-4.343915716767128	0.0	-0.0	Inf
GLYCAt2rpp_f	slnt_p	-0.0	0.0	0.0	Inf	Inf
GLYCAt2rpp_f	so2_p	-0.0	-1000.0	0.0	-0.0	Inf
