Reaction	Metabolite	ShadowPrice	G-	G+	DecrementalShadowPrice	IncrementalShadowPrice
HOMtex_f	12dgr120_c	-0.0	0.0	0.0	Inf	Inf
HOMtex_f	12dgr140_c	-0.0	0.0	0.0	Inf	Inf
HOMtex_f	12dgr160_c	-0.0	-0.05482691563553356	0.0	-0.0	Inf
HOMtex_f	12dgr180_c	-0.0	0.0	0.0	Inf	Inf
HOMtex_f	12ppd__R_c	-0.0	-1000.0	0.0	-0.0	Inf
HOMtex_f	12ppd__S_c	-0.0	0.0	0.0	Inf	Inf
HOMtex_f	5drib_c	-0.0	-999.9998066873097	0.00019331269028732018	-0.0	0.0
HOMtex_f	5mta_c	-0.0	0.0	0.0	Inf	Inf
HOMtex_f	23dhacoa_c	-0.0	-0.0004948804871673929	0.0	-0.0	Inf
HOMtex_f	5mtr_c	-0.0	0.0	0.0	Inf	Inf
HOMtex_f	3amac_c	-0.0	-7.894230430700986	0.0	-0.0	Inf
HOMtex_f	LalaDgluMdap_c	-0.0	-0.02387454683424024	0.0	-0.0	Inf
HOMtex_f	ac_c	-0.0	-3.5505587174887916	1.6296071286020257	-0.0	0.0
HOMtex_f	acald_c	-0.0	-3.5505587174887916	1.2930424353905887	-0.0	0.0
HOMtex_f	acetol_c	-0.0	0.0	0.8538959478994453	Inf	0.0
HOMtex_f	acgam_c	-0.0	-0.08118101991051704	0.0	-0.0	Inf
HOMtex_f	acgam6p_c	-0.0	-0.08118101991051704	0.0	-0.0	Inf
HOMtex_f	acmalt_c	0.0	0.0	0.0	Inf	Inf
HOMtex_f	acmana_c	-0.0	-0.08118101991051704	0.0	-0.0	Inf
HOMtex_f	2dmmq8_c	-0.0	0.0	0.0	Inf	Inf
HOMtex_f	2dmmql8_c	0.0	0.0	0.0	Inf	Inf
HOMtex_f	ade_c	-0.0	-0.0938288248631697	0.0005782197358688747	-0.0	0.0
HOMtex_f	adn_c	-0.0	0.0	0.0005782197358688747	Inf	0.0
HOMtex_f	3sala_c	0.0	0.0	0.0	Inf	Inf
HOMtex_f	adphep_DD_c	-0.0	0.0	0.0	Inf	Inf
HOMtex_f	adphep_LD_c	-0.0	0.0	0.0	Inf	Inf
HOMtex_f	4ahmmp_c	0.0	0.0	0.0	Inf	Inf
HOMtex_f	4crsol_c	-0.0	-999.9998084056448	0.000191594355262544	-0.0	0.0
HOMtex_f	2ohph_c	-0.0	-0.000191594355262544	0.047438663772191414	-0.0	0.0
HOMtex_f	2ombzl_c	-0.0	0.0	0.0	Inf	Inf
HOMtex_f	2omhmbl_c	-0.0	0.0	0.0	Inf	Inf
HOMtex_f	2ommbl_c	0.0	0.0	0.0	Inf	Inf
HOMtex_f	2omph_c	-0.0	0.0	0.04265455724662639	Inf	0.0
HOMtex_f	4mhetz_c	0.0	0.0	0.0	Inf	Inf
HOMtex_f	2oph_c	-0.0	-0.000191594355262544	0.047438663772191414	-0.0	0.0
HOMtex_f	2oxpaccoa_c	-0.0	-0.0004948804871673929	0.0	-0.0	Inf
HOMtex_f	all__D_c	-0.0	-12.060404579586363	0.0	-0.0	Inf
HOMtex_f	alltn_c	-0.0	-1.9735576076752466	0.0	-0.0	Inf
HOMtex_f	4r5au_c	-0.0	-0.00038318871104585286	0.29387328077058833	-0.0	0.0
HOMtex_f	56dura_c	0.0	0.0	0.0	Inf	Inf
HOMtex_f	arab__L_c	-0.0	-12.060404579586365	0.0	-0.0	Inf
HOMtex_f	etoh_c	-0.0	-1000.0	0.0	-0.0	Inf
HOMtex_f	csn_c	-0.0	0.0	0.1554276988285892	Inf	0.0
HOMtex_f	fald_c	-0.0	0.0	0.0	Inf	Inf
HOMtex_f	fc1p_c	-0.0	-0.8287796166522415	0.0	-0.0	Inf
HOMtex_f	fcl__L_c	-0.0	0.0	0.0	Inf	Inf
HOMtex_f	aso4_c	0.0	0.0	0.0	Inf	Inf
HOMtex_f	cyan_c	0.0	0.0	0.0	Inf	Inf
HOMtex_f	athtp_c	0.0	0.0	0.0	Inf	Inf
HOMtex_f	cytd_c	-0.0	0.0	0.1554276988285892	Inf	0.0
HOMtex_f	dad_2_c	-0.0	0.0	0.0	Inf	Inf
HOMtex_f	dad_5_c	-0.0	-0.0938288248631697	0.00019331269028732018	-0.0	0.0
HOMtex_f	betald_c	0.0	0.0	0.0	Inf	Inf
HOMtex_f	btal_c	-0.0	-529.4594708977859	0.0	-0.0	Inf
HOMtex_f	for_c	-0.0	-0.0938288248631697	3.5505587174887916	-0.0	0.0
HOMtex_f	dcyt_c	-0.0	0.0	0.0	Inf	Inf
HOMtex_f	fru_c	-0.0	-12.060404579586363	0.0	-0.0	Inf
HOMtex_f	ca2_c	-0.0	-0.004471966901974156	999.995528033098	-0.0	0.0
HOMtex_f	g3pe_c	-0.0	-0.8287796166522415	0.0	-0.0	Inf
HOMtex_f	g3pi_c	0.0	0.0	0.0	Inf	Inf
HOMtex_f	cbm_c	-0.0	-3.947115215350493	0.0	-0.0	Inf
HOMtex_f	dha_c	-0.0	-88.243245149631	1.0775353628254907	-0.0	0.0
HOMtex_f	gal_c	-0.0	0.0	0.0	Inf	Inf
HOMtex_f	dhgly_c	-0.0	-0.000191594355262544	0.19507105706323535	-0.0	0.0
HOMtex_f	dhmptp_c	0.0	0.0	0.0	Inf	Inf
HOMtex_f	gcald_c	-0.0	-21.7234035976071	0.0005747830655309372	-0.0	0.0
HOMtex_f	dhptd_c	-0.0	-54.62297155147962	0.00038490704558155446	-0.0	0.0
HOMtex_f	cechddd_c	-0.0	0.0	0.0	Inf	Inf
HOMtex_f	dhptdn_c	0.0	0.0	0.0	Inf	Inf
HOMtex_f	chol_c	0.0	0.0	0.0	Inf	Inf
HOMtex_f	chtbs6p_c	-0.0	0.0	0.0	Inf	Inf
HOMtex_f	dmbzid_c	0.0	0.0	0.0	Inf	Inf
HOMtex_f	dms_c	0.0	0.0	0.0	Inf	Inf
HOMtex_f	dmso_c	0.0	0.0	0.0	Inf	Inf
HOMtex_f	cl_c	-0.0	-0.004471966901974156	999.995528033098	-0.0	0.0
HOMtex_f	glc__D_c	-0.0	-12.060404579586363	0.0	-0.0	Inf
HOMtex_f	co2_c	-0.0	-984.8674396872274	15.132560312772625	-0.0	0.0
HOMtex_f	dscl_c	-0.0	-0.000191594355262544	0.05539349478417455	-0.0	0.0
HOMtex_f	dtdp4aaddg_c	-0.0	0.0	0.0	Inf	Inf
HOMtex_f	glyald_c	-0.0	-1000.0	0.0	-0.0	Inf
HOMtex_f	crn_c	-0.0	-1000.0	0.0	-0.0	Inf
HOMtex_f	duri_c	-0.0	0.0	0.34027432510278655	Inf	0.0
HOMtex_f	glyb_c	0.0	0.0	0.0	Inf	Inf
HOMtex_f	glyc_c	-0.0	-75.63706727111227	0.9236017395647063	-0.0	0.0
HOMtex_f	dxyl_c	0.0	0.0	0.0	Inf	Inf
HOMtex_f	glycogen_c	-0.0	-12.060404579586363	0.0	-0.0	Inf
HOMtex_f	gmhep1p_c	-0.0	0.0	0.4229578059688842	Inf	0.0
HOMtex_f	lipa_cold_c	-0.0	0.0	0.0	Inf	Inf
HOMtex_f	lipidA_c	-0.0	-0.01671596312101542	0.03407867864357726	-0.0	0.0
HOMtex_f	malt_c	0.0	0.0	0.0	Inf	Inf
HOMtex_f	h2_c	-0.0	0.0	0.0	Inf	Inf
HOMtex_f	malthx_c	-0.0	0.0	0.0	Inf	Inf
HOMtex_f	maltpt_c	-0.0	0.0	0.0	Inf	Inf
HOMtex_f	malttr_c	-0.0	0.0	0.0	Inf	Inf
HOMtex_f	maltttr_c	-0.0	0.0	0.0	Inf	Inf
HOMtex_f	h2o2_c	-0.0	-0.0013970063736086055	6.465212176952943	-0.0	0.0
HOMtex_f	man_c	-0.0	0.0	0.0	Inf	Inf
HOMtex_f	mdhdhf_c	-0.0	-54.62297155147962	0.00038490704558155446	-0.0	0.0
HOMtex_f	melib_c	-0.0	0.0	0.0	Inf	Inf
HOMtex_f	meoh_c	-0.0	-999.999998281665	1.718335056466458e-06	-0.0	0.0
HOMtex_f	pacald_c	-0.0	-1000.0	0.0	-0.0	Inf
HOMtex_f	metsox_S__L_c	-0.0	-0.0938288248631697	0.0	-0.0	Inf
HOMtex_f	mg2_c	-0.0	-0.007453278169919031	999.9925467218301	-0.0	0.0
HOMtex_f	hhlipa_c	-0.0	0.0	0.0	Inf	Inf
HOMtex_f	pe120_c	-0.0	0.0	0.0	Inf	Inf
HOMtex_f	mobd_c	-0.0	-0.00011083260909806358	11.31412130966765	-0.0	0.0
HOMtex_f	hlipa_c	-0.0	0.0	0.0	Inf	Inf
HOMtex_f	pg120_c	-0.0	-0.0668638524840907	0.0	-0.0	Inf
HOMtex_f	mql8_c	0.0	0.0	0.0	Inf	Inf
HOMtex_f	mqn8_c	-0.0	0.0	0.0	Inf	Inf
HOMtex_f	mthgxl_c	-0.0	0.0	0.9838366356232741	Inf	0.0
HOMtex_f	hqn_c	0.0	0.0	0.0	Inf	Inf
HOMtex_f	mththf_c	-0.0	-999.9996150929544	0.00038490704558155446	-0.0	0.0
HOMtex_f	n2o_c	-0.0	-1000.0	0.0	-0.0	Inf
HOMtex_f	na1_c	-0.0	0.0	0.0	Inf	Inf
HOMtex_f	nac_c	-0.0	0.0	0.0	Inf	Inf
HOMtex_f	ncam_c	-0.0	0.0	0.0	Inf	Inf
HOMtex_f	ni2_c	-0.0	-0.00027751110644658183	999.9997224888936	-0.0	0.0
HOMtex_f	no_c	-0.0	-1000.0	0.0	-0.0	Inf
HOMtex_f	indole_c	-0.0	-0.048837658906676185	0.3164789177529413	-0.0	0.0
HOMtex_f	no2_c	-0.0	-1000.0	0.0	-0.0	Inf
HOMtex_f	no3_c	0.0	0.0	0.0	Inf	Inf
HOMtex_f	inost_c	0.0	0.0	0.0	Inf	Inf
HOMtex_f	o2_c	-0.0	-21.699177603093858	978.3008223969061	-0.0	0.0
HOMtex_f	poaac_c	-0.0	-3.4812680952823536	0.0	-0.0	Inf
HOMtex_f	ppal_c	-0.0	0.0	0.0	Inf	Inf
HOMtex_f	k_c	-0.0	-0.1677034842455214	45.2564852386706	-0.0	0.0
HOMtex_f	psclys_c	-0.0	0.0	0.0	Inf	Inf
HOMtex_f	lald__D_c	-0.0	0.0	0.8538959478994453	Inf	0.0
HOMtex_f	lald__L_c	-0.0	-5.282769297583741	0.0	-0.0	Inf
HOMtex_f	ura_c	-0.0	-0.2842083172603961	0.0	-0.0	Inf
HOMtex_f	pydx_c	-0.0	0.0	0.374020539162567	Inf	0.0
HOMtex_f	uracp_c	-0.0	-3.7713737698892165	0.0	-0.0	Inf
HOMtex_f	pydxn_c	-0.0	0.0	0.3535662909271141	Inf	0.0
HOMtex_f	urate_c	-0.0	-0.0013970063736086055	0.0	-0.0	Inf
HOMtex_f	q8_c	-0.0	0.0	0.0	Inf	Inf
HOMtex_f	q8h2_c	0.0	0.0	0.0	Inf	Inf
HOMtex_f	urea_c	-0.0	-1000.0	0.0	-0.0	Inf
HOMtex_f	uri_c	-0.0	-0.2842083172603961	0.0	-0.0	Inf
HOMtex_f	rbflvrd_c	-0.0	0.0	0.04691441243158485	Inf	0.0
HOMtex_f	rbl__L_c	-0.0	-12.060404579586365	0.0	-0.0	Inf
HOMtex_f	rdmbzi_c	0.0	0.0	0.0	Inf	Inf
HOMtex_f	thptdn_c	0.0	0.0	0.0	Inf	Inf
HOMtex_f	xan_c	-0.0	-0.0938288248631697	0.0	-0.0	Inf
HOMtex_f	rephaccoa_c	-0.0	-0.0004948804871673929	0.0	-0.0	Inf
HOMtex_f	rib__D_c	-0.0	0.0	0.6115741248469001	Inf	0.0
HOMtex_f	xtsn_c	-0.0	0.0	0.0	Inf	Inf
HOMtex_f	rml_c	-0.0	-5.282769297583741	0.0	-0.0	Inf
HOMtex_f	thym_c	-0.0	-45.2564852386706	0.0	-0.0	Inf
HOMtex_f	thymd_c	-0.0	-0.022480977129146755	0.0	-0.0	Inf
HOMtex_f	xu5p__L_c	-0.0	-0.8287796166522412	0.0	-0.0	Inf
HOMtex_f	rmn_c	-0.0	-5.282769297583741	0.0	-0.0	Inf
HOMtex_f	xyl__D_c	0.0	0.0	0.0	Inf	Inf
HOMtex_f	tmao_c	0.0	0.0	0.0	Inf	Inf
HOMtex_f	xylu__D_c	-0.0	0.0	0.0	Inf	Inf
HOMtex_f	xylu__L_c	-0.0	-12.060404579586365	0.0	-0.0	Inf
HOMtex_f	12ppd__R_e	-0.0	-1000.0	0.0	-0.0	Inf
HOMtex_f	12ppd__S_e	-0.0	-1000.0	0.0	-0.0	Inf
HOMtex_f	tre_c	-0.0	-6.0302022897931815	0.0	-0.0	Inf
HOMtex_f	seln_c	0.0	0.0	0.0	Inf	Inf
HOMtex_f	34dhpac_e	-0.0	-1000.0	0.0	-0.0	Inf
HOMtex_f	slnt_c	0.0	0.0	0.0	Inf	Inf
HOMtex_f	so2_c	0.0	0.0	0.0	Inf	Inf
HOMtex_f	so3_c	-0.0	-0.21296356963067886	2.26282426193353	-0.0	0.0
HOMtex_f	so4_c	-0.0	-0.21669063829938295	45.2564852386706	-0.0	0.0
HOMtex_f	4hoxpacd_e	-0.0	-1000.0	0.0	-0.0	Inf
HOMtex_f	5mtr_e	-0.0	0.0	0.0	Inf	Inf
HOMtex_f	LalaDgluMdap_e	-0.0	-1000.0	0.0	-0.0	Inf
HOMtex_f	ac_e	-0.0	0.0	0.0	Inf	Inf
HOMtex_f	acald_e	-0.0	-1000.0	0.0	-0.0	Inf
HOMtex_f	acgal_e	-0.0	-1000.0	0.0	-0.0	Inf
HOMtex_f	acgam_e	-0.0	-1000.0	0.0	-0.0	Inf
HOMtex_f	acmana_e	-0.0	-1000.0	0.0	-0.0	Inf
HOMtex_f	tagur_c	-0.0	0.0	0.0	Inf	Inf
HOMtex_f	tartr__L_c	-0.0	-3.947115215350493	0.0	-0.0	Inf
HOMtex_f	ade_e	-0.0	-1000.0	0.0	-0.0	Inf
HOMtex_f	adn_e	-0.0	-1000.0	0.0	-0.0	Inf
HOMtex_f	all__D_e	-0.0	-1000.0	0.0	-0.0	Inf
HOMtex_f	cl_e	-0.0	-0.004471966901974156	999.995528033098	-0.0	0.0
HOMtex_f	alltn_e	-0.0	0.0	0.0	Inf	Inf
HOMtex_f	cm_e	-0.0	-1000.0	0.0	-0.0	Inf
HOMtex_f	co2_e	-0.0	-984.8674396872274	15.132560312772625	-0.0	0.0
HOMtex_f	arab__L_e	-0.0	-1000.0	0.0	-0.0	Inf
HOMtex_f	arbt_e	-0.0	-1000.0	0.0	-0.0	Inf
HOMtex_f	unagamu_c	-0.0	0.0	0.03225693887289423	Inf	0.0
HOMtex_f	crn_e	-0.0	-1000.0	0.0	-0.0	Inf
HOMtex_f	csn_e	-0.0	-1000.0	0.0	-0.0	Inf
HOMtex_f	cyan_e	-0.0	-1000.0	0.0	-0.0	Inf
HOMtex_f	glyb_e	-0.0	-1000.0	0.0	-0.0	Inf
HOMtex_f	glyc_e	-0.0	-75.63706727111227	0.9236017395647063	-0.0	0.0
HOMtex_f	cytd_e	-0.0	-1000.0	0.0	-0.0	Inf
HOMtex_f	ca2_e	-0.0	-0.004471966901974156	999.995528033098	-0.0	0.0
HOMtex_f	dad_2_e	-0.0	-1000.0	0.0	-0.0	Inf
HOMtex_f	dcyt_e	-0.0	-1000.0	0.0	-0.0	Inf
HOMtex_f	chol_e	-0.0	-1000.0	0.0	-0.0	Inf
HOMtex_f	dha_e	-0.0	-1000.0	0.0	-0.0	Inf
HOMtex_f	ppal_e	-0.0	-1000.0	0.0	-0.0	Inf
HOMtex_f	h2_e	-0.0	-1000.0	0.0	-0.0	Inf
HOMtex_f	dms_e	-0.0	-1000.0	0.0	-0.0	Inf
HOMtex_f	dmso_e	-0.0	-1000.0	0.0	-0.0	Inf
HOMtex_f	h2o2_e	-0.0	-1000.0	0.0	-0.0	Inf
HOMtex_f	psclys_e	-0.0	-1000.0	0.0	-0.0	Inf
HOMtex_f	duri_e	-0.0	-1000.0	0.0	-0.0	Inf
HOMtex_f	pydx_e	-0.0	-1000.0	0.0	-0.0	Inf
HOMtex_f	pydxn_e	-0.0	-1000.0	0.0	-0.0	Inf
HOMtex_f	etoh_e	-0.0	-1000.0	0.0	-0.0	Inf
HOMtex_f	fald_e	-0.0	0.0	0.0	Inf	Inf
HOMtex_f	rib__D_e	-0.0	-1000.0	0.0	-0.0	Inf
HOMtex_f	rmn_e	-0.0	-1000.0	0.0	-0.0	Inf
HOMtex_f	indole_e	-0.0	-1000.0	0.0	-0.0	Inf
HOMtex_f	inost_e	-0.0	-1000.0	0.0	-0.0	Inf
HOMtex_f	sbt__D_e	-0.0	-5.282769297583741	0.0	-0.0	Inf
HOMtex_f	k_e	-0.0	-0.1677034842455214	999.8322965157545	-0.0	0.0
HOMtex_f	for_e	-0.0	0.0	3.5505587174887916	Inf	0.0
HOMtex_f	slnt_e	-0.0	0.0	1000.0	Inf	0.0
HOMtex_f	fru_e	-0.0	-1000.0	0.0	-0.0	Inf
HOMtex_f	so2_e	-0.0	-1000.0	0.0	-0.0	Inf
HOMtex_f	so3_e	-0.0	-1000.0	0.0	-0.0	Inf
HOMtex_f	so4_e	-0.0	-0.21669063829938295	999.7833093617006	-0.0	0.0
HOMtex_f	lipa_cold_e	-0.0	-1000.0	0.0	-0.0	Inf
HOMtex_f	sucr_e	-0.0	-1000.0	0.0	-0.0	Inf
HOMtex_f	g3pe_e	-0.0	-1000.0	0.0	-0.0	Inf
HOMtex_f	malt_e	-0.0	-1000.0	0.0	-0.0	Inf
HOMtex_f	tartr__L_e	-0.0	-1000.0	0.0	-0.0	Inf
HOMtex_f	g3pi_e	-0.0	-1000.0	0.0	-0.0	Inf
HOMtex_f	malthx_e	-0.0	-1000.0	0.0	-0.0	Inf
HOMtex_f	maltpt_e	-0.0	-1000.0	0.0	-0.0	Inf
HOMtex_f	gal_e	-0.0	-1000.0	0.0	-0.0	Inf
HOMtex_f	gal_bD_e	-0.0	-1000.0	0.0	-0.0	Inf
HOMtex_f	malttr_e	-0.0	-1000.0	0.0	-0.0	Inf
HOMtex_f	maltttr_e	-0.0	-1000.0	0.0	-0.0	Inf
HOMtex_f	man_e	-0.0	-1000.0	0.0	-0.0	Inf
HOMtex_f	thym_e	-0.0	-1000.0	0.0	-0.0	Inf
HOMtex_f	thymd_e	-0.0	-1000.0	0.0	-0.0	Inf
HOMtex_f	galt_e	-0.0	-5.282769297583741	0.0	-0.0	Inf
HOMtex_f	melib_e	-0.0	-1000.0	0.0	-0.0	Inf
HOMtex_f	meoh_e	-0.0	-999.999998281665	1.718335056466458e-06	-0.0	0.0
HOMtex_f	tmao_e	-0.0	-1000.0	0.0	-0.0	Inf
HOMtex_f	tre_e	-0.0	-1000.0	0.0	-0.0	Inf
HOMtex_f	metsox_S__L_e	-0.0	-1000.0	0.0	-0.0	Inf
HOMtex_f	glc__D_e	-0.0	-1000.0	0.0	-0.0	Inf
HOMtex_f	mg2_e	-0.0	-0.007453278169919031	999.9925467218301	-0.0	0.0
HOMtex_f	mnl_e	-0.0	-1000.0	0.0	-0.0	Inf
HOMtex_f	mobd_e	-0.0	-0.00011083260915256687	999.9998891673908	-0.0	0.0
HOMtex_f	glyald_e	-0.0	-1000.0	0.0	-0.0	Inf
HOMtex_f	n2o_e	-0.0	-1000.0	0.0	-0.0	Inf
HOMtex_f	na1_e	-0.0	0.0	1000.0	Inf	0.0
HOMtex_f	nac_e	-0.0	-1000.0	0.0	-0.0	Inf
HOMtex_f	ni2_e	-0.0	-0.00027751110644658183	999.9997224888936	-0.0	0.0
HOMtex_f	no_e	-0.0	-1000.0	0.0	-0.0	Inf
HOMtex_f	no2_e	-0.0	-1000.0	0.0	-0.0	Inf
HOMtex_f	ura_e	-0.0	-1000.0	0.0	-0.0	Inf
HOMtex_f	no3_e	-0.0	-1000.0	0.0	-0.0	Inf
HOMtex_f	urea_e	-0.0	-1000.0	0.0	-0.0	Inf
HOMtex_f	novbcn_e	-0.0	-1000.0	0.0	-0.0	Inf
HOMtex_f	uri_e	-0.0	-1000.0	0.0	-0.0	Inf
HOMtex_f	o2_e	-0.0	-21.699177603093858	978.3008223969061	-0.0	0.0
HOMtex_f	xan_e	-0.0	0.0	0.0	Inf	Inf
HOMtex_f	xtsn_e	-0.0	-1000.0	0.0	-0.0	Inf
HOMtex_f	xyl__D_e	-0.0	-1000.0	0.0	-0.0	Inf
HOMtex_f	xylu__L_e	-0.0	-1000.0	0.0	-0.0	Inf
HOMtex_f	pacald_e	-0.0	-1000.0	0.0	-0.0	Inf
HOMtex_f	12dgr120_p	-0.0	0.0	0.0	Inf	Inf
HOMtex_f	12dgr140_p	-0.0	0.0	0.0	Inf	Inf
HOMtex_f	12dgr160_p	-0.0	-0.05482691563553356	0.0	-0.0	Inf
HOMtex_f	12dgr180_p	-0.0	0.0	0.0	Inf	Inf
HOMtex_f	12ppd__R_p	-0.0	-1000.0	0.0	-0.0	Inf
HOMtex_f	12ppd__S_p	-0.0	0.0	0.0	Inf	Inf
HOMtex_f	chol_p	-0.0	-1000.0	0.0	-0.0	Inf
HOMtex_f	cl_p	-0.0	-0.004471966901974156	999.995528033098	-0.0	0.0
HOMtex_f	34dhpac_p	-0.0	-1000.0	0.0	-0.0	Inf
HOMtex_f	cm_p	-0.0	0.0	0.0	Inf	Inf
HOMtex_f	4hoxpacd_p	-0.0	-1000.0	0.0	-0.0	Inf
HOMtex_f	co2_p	-0.0	-984.8674396872274	15.132560312772625	-0.0	0.0
HOMtex_f	5mtr_p	-0.0	0.0	0.0	Inf	Inf
HOMtex_f	LalaDgluMdap_p	-0.0	-0.02387454683424024	0.0	-0.0	Inf
HOMtex_f	gal_p	-0.0	-1000.0	0.0	-0.0	Inf
HOMtex_f	ac_p	-0.0	-3.5505587174887916	0.0	-0.0	Inf
HOMtex_f	crn_p	-0.0	-1000.0	0.0	-0.0	Inf
HOMtex_f	gal_bD_p	-0.0	-1000.0	0.0	-0.0	Inf
HOMtex_f	acald_p	-0.0	-1000.0	0.0	-0.0	Inf
HOMtex_f	acgal_p	-0.0	-1000.0	0.0	-0.0	Inf
HOMtex_f	csn_p	-0.0	0.0	0.0	Inf	Inf
HOMtex_f	acgam_p	-0.0	-1000.0	0.0	-0.0	Inf
HOMtex_f	galt_p	-0.0	-5.282769297583741	0.0	-0.0	Inf
HOMtex_f	acmana_p	-0.0	-1000.0	0.0	-0.0	Inf
HOMtex_f	cyan_p	-0.0	0.0	0.0	Inf	Inf
HOMtex_f	ade_p	-0.0	-1000.0	0.0	-0.0	Inf
HOMtex_f	adn_p	-0.0	0.0	0.0005782197358688747	Inf	0.0
HOMtex_f	cytd_p	-0.0	0.0	0.0	Inf	Inf
HOMtex_f	glc__D_p	-0.0	-1000.0	0.0	-0.0	Inf
HOMtex_f	dad_2_p	-0.0	-1000.0	0.0	-0.0	Inf
HOMtex_f	dcyt_p	-0.0	-1000.0	0.0	-0.0	Inf
HOMtex_f	all__D_p	-0.0	0.0	0.0	Inf	Inf
HOMtex_f	alltn_p	-0.0	0.0	0.0	Inf	Inf
HOMtex_f	dha_p	-0.0	-1000.0	0.0	-0.0	Inf
HOMtex_f	glyald_p	-0.0	-1000.0	0.0	-0.0	Inf
HOMtex_f	glyb_p	0.0	0.0	0.0	Inf	Inf
HOMtex_f	dms_p	-0.0	-1000.0	0.0	-0.0	Inf
HOMtex_f	glyc_p	-0.0	-75.63706727111227	0.9236017395647063	-0.0	0.0
HOMtex_f	dmso_p	-0.0	-1000.0	0.0	-0.0	Inf
HOMtex_f	arab__L_p	-0.0	0.0	0.0	Inf	Inf
HOMtex_f	arbt_p	0.0	0.0	0.0	Inf	Inf
HOMtex_f	ca2_p	-0.0	-0.004471966901974156	999.995528033098	-0.0	0.0
HOMtex_f	duri_p	-0.0	-1000.0	0.0	-0.0	Inf
HOMtex_f	h2_p	-0.0	-1000.0	0.0	-0.0	Inf
HOMtex_f	h2o2_p	-0.0	-1000.0	0.0	-0.0	Inf
HOMtex_f	etoh_p	-0.0	-1000.0	0.0	-0.0	Inf
HOMtex_f	fald_p	-0.0	0.0	0.0	Inf	Inf
HOMtex_f	n2o_p	-0.0	-1000.0	0.0	-0.0	Inf
HOMtex_f	na1_p	-0.0	0.0	0.0	Inf	Inf
HOMtex_f	indole_p	-0.0	0.0	0.3187076425258494	Inf	0.0
HOMtex_f	nac_p	-0.0	-1000.0	0.0	-0.0	Inf
HOMtex_f	ni2_p	-0.0	-0.00027751110644658183	999.9997224888936	-0.0	0.0
HOMtex_f	inost_p	-0.0	-1000.0	0.0	-0.0	Inf
HOMtex_f	no_p	-0.0	-1000.0	0.0	-0.0	Inf
HOMtex_f	no2_p	-0.0	-1000.0	0.0	-0.0	Inf
HOMtex_f	for_p	-0.0	0.0	3.5505587174887916	Inf	0.0
HOMtex_f	fru_p	-0.0	-1000.0	0.0	-0.0	Inf
HOMtex_f	no3_p	-0.0	0.0	0.0	Inf	Inf
HOMtex_f	k_p	-0.0	-0.1677034842455214	999.8322965157545	-0.0	0.0
HOMtex_f	novbcn_p	-0.0	0.0	0.0	Inf	Inf
HOMtex_f	o2_p	-0.0	-21.699177603093858	978.3008223969061	-0.0	0.0
HOMtex_f	lipa_cold_p	-0.0	-11.31412130966765	0.0	-0.0	Inf
HOMtex_f	g3pe_p	-0.0	-0.8287796166522412	0.0	-0.0	Inf
HOMtex_f	g3pi_p	-0.0	0.0	0.0	Inf	Inf
HOMtex_f	so3_p	-0.0	-1000.0	0.0	-0.0	Inf
HOMtex_f	so4_p	-0.0	-0.21669063829938295	999.7833093617006	-0.0	0.0
HOMtex_f	malt_p	0.0	0.0	0.0	Inf	Inf
HOMtex_f	malthx_p	0.0	0.0	0.0	Inf	Inf
HOMtex_f	maltpt_p	0.0	0.0	0.0	Inf	Inf
HOMtex_f	sucr_p	-0.0	-1000.0	0.0	-0.0	Inf
HOMtex_f	malttr_p	0.0	0.0	0.0	Inf	Inf
HOMtex_f	maltttr_p	0.0	0.0	0.0	Inf	Inf
HOMtex_f	pacald_p	-0.0	-1000.0	0.0	-0.0	Inf
HOMtex_f	man_p	-0.0	-1000.0	0.0	-0.0	Inf
HOMtex_f	tartr__L_p	-0.0	-1000.0	0.0	-0.0	Inf
HOMtex_f	pe120_p	-0.0	-0.0668638524840907	0.0	-0.0	Inf
HOMtex_f	melib_p	-0.0	-1000.0	0.0	-0.0	Inf
HOMtex_f	meoh_p	-0.0	-999.999998281665	1.718335056466458e-06	-0.0	0.0
HOMtex_f	thym_p	-0.0	-1000.0	0.0	-0.0	Inf
HOMtex_f	thymd_p	-0.0	-0.022480977129146755	0.0	-0.0	Inf
HOMtex_f	pg120_p	-0.0	-0.0668638524840907	0.0	-0.0	Inf
HOMtex_f	metsox_S__L_p	-0.0	-1000.0	0.0	-0.0	Inf
HOMtex_f	tmao_p	-0.0	-1000.0	0.0	-0.0	Inf
HOMtex_f	mg2_p	-0.0	-0.007453278169919031	999.9925467218301	-0.0	0.0
HOMtex_f	tre_p	-0.0	0.0	0.0	Inf	Inf
HOMtex_f	mnl_p	-0.0	0.0	0.0	Inf	Inf
HOMtex_f	mobd_p	-0.0	-0.00011083260915256687	999.9998891673908	-0.0	0.0
HOMtex_f	ura_p	-0.0	-1000.0	0.0	-0.0	Inf
HOMtex_f	urea_p	-0.0	-1000.0	0.0	-0.0	Inf
HOMtex_f	uri_p	-0.0	-0.2842083172603961	0.0	-0.0	Inf
HOMtex_f	xan_p	-0.0	-0.0938288248631697	0.0	-0.0	Inf
HOMtex_f	xtsn_p	-0.0	0.0	0.0	Inf	Inf
HOMtex_f	xyl__D_p	-0.0	0.0	0.0	Inf	Inf
HOMtex_f	xylu__L_p	-0.0	-1000.0	0.0	-0.0	Inf
HOMtex_f	ppal_p	-0.0	-1000.0	0.0	-0.0	Inf
HOMtex_f	psclys_p	-0.0	-1000.0	0.0	-0.0	Inf
HOMtex_f	pydx_p	-0.0	0.0	0.0	Inf	Inf
HOMtex_f	pydxn_p	-0.0	0.0	0.0	Inf	Inf
HOMtex_f	rib__D_p	-0.0	-1000.0	0.0	-0.0	Inf
HOMtex_f	rmn_p	-0.0	-1000.0	0.0	-0.0	Inf
HOMtex_f	sbt__D_p	-0.0	-5.282769297583741	0.0	-0.0	Inf
HOMtex_f	slnt_p	-0.0	0.0	0.0	Inf	Inf
HOMtex_f	so2_p	-0.0	-1000.0	0.0	-0.0	Inf
