Reaction	Metabolite	ShadowPrice	G-	G+	DecrementalShadowPrice	IncrementalShadowPrice
HPPPNDO	12dgr120_c	-0.0	0.0	0.0	Inf	Inf
HPPPNDO	12dgr140_c	-0.0	0.0	0.0	Inf	Inf
HPPPNDO	12dgr160_c	-0.0	-0.05482691563553356	0.0	-0.0	Inf
HPPPNDO	12dgr180_c	-0.0	0.0	0.0	Inf	Inf
HPPPNDO	12ppd__R_c	-0.0	-1000.0	0.0	-0.0	Inf
HPPPNDO	12ppd__S_c	-0.0	0.0	0.0	Inf	Inf
HPPPNDO	5drib_c	-0.0	-999.9998066873097	0.00019331269028732018	-0.0	0.0
HPPPNDO	5mta_c	-0.0	0.0	0.0	Inf	Inf
HPPPNDO	23dhacoa_c	-0.0	-0.0004948804884268576	0.0	-0.0	Inf
HPPPNDO	5mtr_c	-0.0	0.0	0.0	Inf	Inf
HPPPNDO	3amac_c	-0.0	-7.89423043069162	0.0	-0.0	Inf
HPPPNDO	LalaDgluMdap_c	-0.0	-0.02387454683424024	0.0	-0.0	Inf
HPPPNDO	ac_c	-0.0	-3.644962325419556	1.9919594863788226	-0.0	0.0
HPPPNDO	acald_c	-0.0	-3.644962325419556	1.593277246119791	-0.0	0.0
HPPPNDO	acetol_c	-0.0	0.0	0.0	Inf	Inf
HPPPNDO	acgam_c	-0.0	-0.08118101991051704	0.0	-0.0	Inf
HPPPNDO	acgam6p_c	-0.0	-0.08118101991051704	0.0	-0.0	Inf
HPPPNDO	acmalt_c	0.0	0.0	0.0	Inf	Inf
HPPPNDO	acmana_c	-0.0	-0.08118101991051704	0.0	-0.0	Inf
HPPPNDO	2dmmq8_c	-0.0	0.0	0.0	Inf	Inf
HPPPNDO	2dmmql8_c	0.0	0.0	0.0	Inf	Inf
HPPPNDO	ade_c	-0.0	-0.09382882486249855	0.0005782197358688747	-0.0	0.0
HPPPNDO	adn_c	-0.0	0.0	0.0005782197358688747	Inf	0.0
HPPPNDO	3sala_c	0.0	0.0	0.0	Inf	Inf
HPPPNDO	adphep_DD_c	-0.0	0.0	0.0	Inf	Inf
HPPPNDO	adphep_LD_c	-0.0	0.0	0.0	Inf	Inf
HPPPNDO	4ahmmp_c	0.0	0.0	0.0	Inf	Inf
HPPPNDO	4crsol_c	-0.0	-999.9998084056448	0.000191594355262544	-0.0	0.0
HPPPNDO	2ohph_c	-0.0	-0.000191594355262544	0.06237662596665848	-0.0	0.0
HPPPNDO	2ombzl_c	-0.0	0.0	0.0	Inf	Inf
HPPPNDO	2omhmbl_c	-0.0	0.0	0.0	Inf	Inf
HPPPNDO	2ommbl_c	0.0	0.0	0.0	Inf	Inf
HPPPNDO	2omph_c	-0.0	0.0	0.055932501117545316	Inf	0.0
HPPPNDO	4mhetz_c	0.0	0.0	0.0	Inf	Inf
HPPPNDO	2oph_c	-0.0	-0.000191594355262544	0.06237662596665848	-0.0	0.0
HPPPNDO	2oxpaccoa_c	-0.0	-0.0004948804884268576	0.0	-0.0	Inf
HPPPNDO	all__D_c	-0.0	-10.285125220842815	0.0	-0.0	Inf
HPPPNDO	alltn_c	-0.0	-1.973557607672905	0.0	-0.0	Inf
HPPPNDO	4r5au_c	-0.0	-0.00038318871104585286	0.3621084650272252	-0.0	0.0
HPPPNDO	56dura_c	0.0	0.0	0.0	Inf	Inf
HPPPNDO	arab__L_c	-0.0	-10.285125220842815	0.0	-0.0	Inf
HPPPNDO	etoh_c	-0.0	-1000.0	0.0	-0.0	Inf
HPPPNDO	csn_c	-0.0	0.0	0.15542769882983976	Inf	0.0
HPPPNDO	fald_c	-0.0	0.0	0.0	Inf	Inf
HPPPNDO	fc1p_c	-0.0	0.0	0.0	Inf	Inf
HPPPNDO	fcl__L_c	-0.0	0.0	0.0	Inf	Inf
HPPPNDO	aso4_c	0.0	0.0	0.0	Inf	Inf
HPPPNDO	cyan_c	0.0	0.0	0.0	Inf	Inf
HPPPNDO	athtp_c	0.0	0.0	0.0	Inf	Inf
HPPPNDO	cytd_c	-0.0	-0.13791786492612795	0.0	-0.0	Inf
HPPPNDO	dad_2_c	-0.0	-0.09382882486249855	0.0	-0.0	Inf
HPPPNDO	dad_5_c	-0.0	-0.09382882486249855	0.00019331269028732018	-0.0	0.0
HPPPNDO	betald_c	0.0	0.0	0.0	Inf	Inf
HPPPNDO	btal_c	-0.0	-529.4594708977854	0.0	-0.0	Inf
HPPPNDO	for_c	-0.0	-0.09382882486249855	0.0021075379093072706	-0.0	0.0
HPPPNDO	dcyt_c	-0.0	-0.022480977129146755	0.0	-0.0	Inf
HPPPNDO	fru_c	-0.0	-10.285125220842815	0.0	-0.0	Inf
HPPPNDO	ca2_c	-0.0	-0.004471966901974156	999.995528033098	-0.0	0.0
HPPPNDO	g3pe_c	-0.0	-0.8287796166477959	0.0	-0.0	Inf
HPPPNDO	g3pi_c	0.0	0.0	0.0	Inf	Inf
HPPPNDO	cbm_c	-0.0	-3.94711521534581	0.0	-0.0	Inf
HPPPNDO	dha_c	-0.0	-88.24324514963091	1.327731038433159	-0.0	0.0
HPPPNDO	gal_c	-0.0	0.0	0.0	Inf	Inf
HPPPNDO	dhgly_c	-0.0	-0.000191594355262544	0.24036510178531328	-0.0	0.0
HPPPNDO	dhmptp_c	0.0	0.0	0.0	Inf	Inf
HPPPNDO	gcald_c	-0.0	-2.542584251128358	0.000574783065644624	-0.0	0.0
HPPPNDO	dhptd_c	-0.0	-54.622971551465405	0.00038490704558155446	-0.0	0.0
HPPPNDO	cechddd_c	-1.0	-2.542584251128358	0.0	-1.0	Inf
HPPPNDO	dhptdn_c	0.0	0.0	0.0	Inf	Inf
HPPPNDO	chol_c	0.0	0.0	0.0	Inf	Inf
HPPPNDO	chtbs6p_c	-0.0	0.0	0.0	Inf	Inf
HPPPNDO	dmbzid_c	0.0	0.0	0.0	Inf	Inf
HPPPNDO	dms_c	0.0	0.0	0.0	Inf	Inf
HPPPNDO	dmso_c	0.0	0.0	0.0	Inf	Inf
HPPPNDO	cl_c	-0.0	-0.004471966901974156	999.995528033098	-0.0	0.0
HPPPNDO	glc__D_c	-0.0	-10.285125220842815	0.0	-0.0	Inf
HPPPNDO	co2_c	-0.0	-984.8674396872188	15.132560312781152	-0.0	0.0
HPPPNDO	dscl_c	-0.0	-0.000191594355262544	0.06893041237848292	-0.0	0.0
HPPPNDO	dtdp4aaddg_c	-0.0	0.0	0.0	Inf	Inf
HPPPNDO	glyald_c	-0.0	-1000.0	0.0	-0.0	Inf
HPPPNDO	crn_c	-0.0	-1000.0	0.0	-0.0	Inf
HPPPNDO	duri_c	-0.0	-0.022480977129146755	0.0	-0.0	Inf
HPPPNDO	glyb_c	0.0	0.0	0.0	Inf	Inf
HPPPNDO	glyc_c	-0.0	-75.6370672711122	1.1380551757998507	-0.0	0.0
HPPPNDO	dxyl_c	0.0	0.0	0.0	Inf	Inf
HPPPNDO	glycogen_c	-0.0	-10.285125220842815	0.0	-0.0	Inf
HPPPNDO	gmhep1p_c	-0.0	0.0	0.5211654543382493	Inf	0.0
HPPPNDO	lipa_cold_c	-0.0	0.0	0.0	Inf	Inf
HPPPNDO	lipidA_c	-0.0	-0.01671596312101542	0.04199149368538606	-0.0	0.0
HPPPNDO	malt_c	0.0	0.0	0.0	Inf	Inf
HPPPNDO	h2_c	-0.0	0.0	0.0	Inf	Inf
HPPPNDO	malthx_c	-0.0	0.0	0.0	Inf	Inf
HPPPNDO	maltpt_c	-0.0	0.0	0.0	Inf	Inf
HPPPNDO	malttr_c	-0.0	0.0	0.0	Inf	Inf
HPPPNDO	maltttr_c	-0.0	0.0	0.0	Inf	Inf
HPPPNDO	h2o2_c	-0.0	-0.001397006374631787	0.8951554619840181	-0.0	0.0
HPPPNDO	man_c	-0.0	0.0	0.0	Inf	Inf
HPPPNDO	mdhdhf_c	-0.0	-54.622971551465405	0.00038490704558155446	-0.0	0.0
HPPPNDO	melib_c	-0.0	0.0	0.0	Inf	Inf
HPPPNDO	meoh_c	-0.0	-999.999998281665	1.718335056466458e-06	-0.0	0.0
HPPPNDO	pacald_c	-0.0	-1000.0	0.0	-0.0	Inf
HPPPNDO	metsox_S__L_c	-0.0	-0.09382882486249855	0.0	-0.0	Inf
HPPPNDO	mg2_c	-0.0	-0.007453278169919031	999.9925467218301	-0.0	0.0
HPPPNDO	hhlipa_c	-0.0	0.0	0.0	Inf	Inf
HPPPNDO	pe120_c	-0.0	-0.0668638524840907	0.0	-0.0	Inf
HPPPNDO	mobd_c	-0.0	-0.00011083260909806358	13.94117590354817	-0.0	0.0
HPPPNDO	hlipa_c	-0.0	0.0	0.0	Inf	Inf
HPPPNDO	pg120_c	-0.0	-0.0668638524840907	0.0	-0.0	Inf
HPPPNDO	mql8_c	0.0	0.0	0.0	Inf	Inf
HPPPNDO	mqn8_c	-0.0	0.0	0.0	Inf	Inf
HPPPNDO	mthgxl_c	-0.0	0.0	0.0	Inf	Inf
HPPPNDO	hqn_c	0.0	0.0	0.0	Inf	Inf
HPPPNDO	mththf_c	-0.0	-999.9996150929544	0.00038490704558155446	-0.0	0.0
HPPPNDO	n2o_c	-0.0	-1000.0	0.0	-0.0	Inf
HPPPNDO	na1_c	-0.0	0.0	0.0	Inf	Inf
HPPPNDO	nac_c	-0.0	0.0	0.0	Inf	Inf
HPPPNDO	ncam_c	-0.0	0.0	0.0	Inf	Inf
HPPPNDO	ni2_c	-0.0	-0.00027751110644658183	999.9997224888936	-0.0	0.0
HPPPNDO	no_c	-0.0	-1000.0	0.0	-0.0	Inf
HPPPNDO	indole_c	-0.0	-0.048837658906676185	0.37935172526661687	-0.0	0.0
HPPPNDO	no2_c	-0.0	-1000.0	0.0	-0.0	Inf
HPPPNDO	no3_c	0.0	0.0	0.0	Inf	Inf
HPPPNDO	inost_c	0.0	0.0	0.0	Inf	Inf
HPPPNDO	o2_c	-0.0	-21.69917760309316	978.3008223969068	-0.0	0.0
HPPPNDO	poaac_c	-0.0	-4.28959258570713	0.0	-0.0	Inf
HPPPNDO	ppal_c	-0.0	0.0	0.0	Inf	Inf
HPPPNDO	k_c	-0.0	-0.1677034842455214	55.76470361419268	-0.0	0.0
HPPPNDO	psclys_c	-0.0	0.0	0.0	Inf	Inf
HPPPNDO	lald__D_c	-0.0	0.0	0.0	Inf	Inf
HPPPNDO	lald__L_c	-0.0	0.0	0.0	Inf	Inf
HPPPNDO	ura_c	-0.0	-0.022480977129146755	0.0	-0.0	Inf
HPPPNDO	pydx_c	-0.0	0.0	0.47662139841190326	Inf	0.0
HPPPNDO	uracp_c	-0.0	-4.639858543918081	0.0	-0.0	Inf
HPPPNDO	pydxn_c	-0.0	0.0	0.4497153517273603	Inf	0.0
HPPPNDO	urate_c	-0.0	-0.001397006374631787	0.0	-0.0	Inf
HPPPNDO	q8_c	-0.0	0.0	0.0	Inf	Inf
HPPPNDO	q8h2_c	0.0	0.0	0.0	Inf	Inf
HPPPNDO	urea_c	-0.0	0.0	2.655462076866318	Inf	0.0
HPPPNDO	uri_c	-0.0	0.0	0.0	Inf	Inf
HPPPNDO	rbflvrd_c	-0.0	0.0	0.046914412431249275	Inf	0.0
HPPPNDO	rbl__L_c	-0.0	-10.285125220842815	0.0	-0.0	Inf
HPPPNDO	rdmbzi_c	0.0	0.0	0.0	Inf	Inf
HPPPNDO	thptdn_c	0.0	0.0	0.0	Inf	Inf
HPPPNDO	xan_c	-0.0	-0.09382882486249855	0.0	-0.0	Inf
HPPPNDO	rephaccoa_c	-0.0	-0.0004948804884268576	0.0	-0.0	Inf
HPPPNDO	rib__D_c	-0.0	0.0	0.0	Inf	Inf
HPPPNDO	xtsn_c	-0.0	0.0	0.0	Inf	Inf
HPPPNDO	rml_c	-0.0	0.0	0.0	Inf	Inf
HPPPNDO	thym_c	-0.0	-55.76470361419268	0.0	-0.0	Inf
HPPPNDO	thymd_c	-0.0	0.0	0.37176469076128454	Inf	0.0
HPPPNDO	xu5p__L_c	-0.0	-0.8287796166477959	0.0	-0.0	Inf
HPPPNDO	rmn_c	-0.0	0.0	0.0	Inf	Inf
HPPPNDO	xyl__D_c	0.0	0.0	0.0	Inf	Inf
HPPPNDO	tmao_c	0.0	0.0	0.0	Inf	Inf
HPPPNDO	xylu__D_c	-0.0	0.0	0.0	Inf	Inf
HPPPNDO	xylu__L_c	-0.0	-10.285125220842815	0.0	-0.0	Inf
HPPPNDO	12ppd__R_e	-0.0	-1000.0	0.0	-0.0	Inf
HPPPNDO	12ppd__S_e	-0.0	-1000.0	0.0	-0.0	Inf
HPPPNDO	tre_c	-0.0	-5.1425626104214075	0.0	-0.0	Inf
HPPPNDO	seln_c	0.0	0.0	0.0	Inf	Inf
HPPPNDO	34dhpac_e	-0.0	-1000.0	0.0	-0.0	Inf
HPPPNDO	slnt_c	0.0	0.0	0.0	Inf	Inf
HPPPNDO	so2_c	0.0	0.0	0.0	Inf	Inf
HPPPNDO	so3_c	-0.0	-0.2129635696319383	2.788235180709634	-0.0	0.0
HPPPNDO	so4_c	-0.0	-0.2166906383006335	55.76470361419268	-0.0	0.0
HPPPNDO	4hoxpacd_e	-0.0	-1000.0	0.0	-0.0	Inf
HPPPNDO	5mtr_e	-0.0	0.0	0.0	Inf	Inf
HPPPNDO	LalaDgluMdap_e	-0.0	-1000.0	0.0	-0.0	Inf
HPPPNDO	ac_e	-0.0	0.0	0.0	Inf	Inf
HPPPNDO	acald_e	-0.0	-1000.0	0.0	-0.0	Inf
HPPPNDO	acgal_e	-0.0	-1000.0	0.0	-0.0	Inf
HPPPNDO	acgam_e	-0.0	-1000.0	0.0	-0.0	Inf
HPPPNDO	acmana_e	-0.0	-1000.0	0.0	-0.0	Inf
HPPPNDO	tagur_c	-0.0	0.0	0.0	Inf	Inf
HPPPNDO	tartr__L_c	-0.0	-2.542584251128358	0.0	-0.0	Inf
HPPPNDO	ade_e	-0.0	-1000.0	0.0	-0.0	Inf
HPPPNDO	adn_e	-0.0	-1000.0	0.0	-0.0	Inf
HPPPNDO	all__D_e	-0.0	-1000.0	0.0	-0.0	Inf
HPPPNDO	cl_e	-0.0	-0.004471966901974156	999.995528033098	-0.0	0.0
HPPPNDO	alltn_e	-0.0	0.0	0.0	Inf	Inf
HPPPNDO	cm_e	-0.0	-1000.0	0.0	-0.0	Inf
HPPPNDO	co2_e	-0.0	-984.8674396872188	15.132560312781152	-0.0	0.0
HPPPNDO	arab__L_e	-0.0	-1000.0	0.0	-0.0	Inf
HPPPNDO	arbt_e	-0.0	-1000.0	0.0	-0.0	Inf
HPPPNDO	unagamu_c	-0.0	0.0	0.04240661871801725	Inf	0.0
HPPPNDO	crn_e	-0.0	-1000.0	0.0	-0.0	Inf
HPPPNDO	csn_e	-0.0	-1000.0	0.0	-0.0	Inf
HPPPNDO	cyan_e	-0.0	-1000.0	0.0	-0.0	Inf
HPPPNDO	glyb_e	-0.0	-1000.0	0.0	-0.0	Inf
HPPPNDO	glyc_e	-0.0	-75.6370672711122	1.1380551757998507	-0.0	0.0
HPPPNDO	cytd_e	-0.0	-1000.0	0.0	-0.0	Inf
HPPPNDO	ca2_e	-0.0	-0.004471966901974156	999.995528033098	-0.0	0.0
HPPPNDO	dad_2_e	-0.0	-1000.0	0.0	-0.0	Inf
HPPPNDO	dcyt_e	-0.0	-1000.0	0.0	-0.0	Inf
HPPPNDO	chol_e	-0.0	-1000.0	0.0	-0.0	Inf
HPPPNDO	dha_e	-0.0	-1000.0	0.0	-0.0	Inf
HPPPNDO	ppal_e	-0.0	-1000.0	0.0	-0.0	Inf
HPPPNDO	h2_e	-0.0	-1000.0	0.0	-0.0	Inf
HPPPNDO	dms_e	-0.0	-1000.0	0.0	-0.0	Inf
HPPPNDO	dmso_e	-0.0	-1000.0	0.0	-0.0	Inf
HPPPNDO	h2o2_e	-0.0	-1000.0	0.0	-0.0	Inf
HPPPNDO	psclys_e	-0.0	-1000.0	0.0	-0.0	Inf
HPPPNDO	duri_e	-0.0	-1000.0	0.0	-0.0	Inf
HPPPNDO	pydx_e	-0.0	-1000.0	0.0	-0.0	Inf
HPPPNDO	pydxn_e	-0.0	-1000.0	0.0	-0.0	Inf
HPPPNDO	etoh_e	-0.0	-1000.0	0.0	-0.0	Inf
HPPPNDO	fald_e	-0.0	0.0	0.0	Inf	Inf
HPPPNDO	rib__D_e	-0.0	-1000.0	0.0	-0.0	Inf
HPPPNDO	rmn_e	-0.0	-1000.0	0.0	-0.0	Inf
HPPPNDO	indole_e	-0.0	-1000.0	0.0	-0.0	Inf
HPPPNDO	inost_e	-0.0	-1000.0	0.0	-0.0	Inf
HPPPNDO	sbt__D_e	-0.0	-4.355443596867531	0.0	-0.0	Inf
HPPPNDO	k_e	-0.0	-0.1677034842455214	999.8322965157545	-0.0	0.0
HPPPNDO	for_e	-0.0	0.0	0.0021075379093072706	Inf	0.0
HPPPNDO	slnt_e	-0.0	0.0	1000.0	Inf	0.0
HPPPNDO	fru_e	-0.0	-1000.0	0.0	-0.0	Inf
HPPPNDO	so2_e	-0.0	-1000.0	0.0	-0.0	Inf
HPPPNDO	so3_e	-0.0	-1000.0	0.0	-0.0	Inf
HPPPNDO	so4_e	-0.0	-0.2166906383006335	999.7833093616994	-0.0	0.0
HPPPNDO	lipa_cold_e	-0.0	-1000.0	0.0	-0.0	Inf
HPPPNDO	sucr_e	-0.0	-1000.0	0.0	-0.0	Inf
HPPPNDO	g3pe_e	-0.0	-1000.0	0.0	-0.0	Inf
HPPPNDO	malt_e	-0.0	-1000.0	0.0	-0.0	Inf
HPPPNDO	tartr__L_e	-0.0	-1000.0	0.0	-0.0	Inf
HPPPNDO	g3pi_e	-0.0	-1000.0	0.0	-0.0	Inf
HPPPNDO	malthx_e	-0.0	-1000.0	0.0	-0.0	Inf
HPPPNDO	maltpt_e	-0.0	-1000.0	0.0	-0.0	Inf
HPPPNDO	gal_e	-0.0	-1000.0	0.0	-0.0	Inf
HPPPNDO	gal_bD_e	-0.0	-1000.0	0.0	-0.0	Inf
HPPPNDO	malttr_e	-0.0	-1000.0	0.0	-0.0	Inf
HPPPNDO	maltttr_e	-0.0	-1000.0	0.0	-0.0	Inf
HPPPNDO	man_e	-0.0	-1000.0	0.0	-0.0	Inf
HPPPNDO	thym_e	-0.0	-1000.0	0.0	-0.0	Inf
HPPPNDO	thymd_e	-0.0	-1000.0	0.0	-0.0	Inf
HPPPNDO	galt_e	-0.0	-4.355443596867531	0.0	-0.0	Inf
HPPPNDO	melib_e	-0.0	-1000.0	0.0	-0.0	Inf
HPPPNDO	meoh_e	-0.0	-999.999998281665	1.718335056466458e-06	-0.0	0.0
HPPPNDO	tmao_e	-0.0	-1000.0	0.0	-0.0	Inf
HPPPNDO	tre_e	-0.0	-1000.0	0.0	-0.0	Inf
HPPPNDO	metsox_S__L_e	-0.0	-1000.0	0.0	-0.0	Inf
HPPPNDO	glc__D_e	-0.0	-1000.0	0.0	-0.0	Inf
HPPPNDO	mg2_e	-0.0	-0.007453278169919031	999.9925467218301	-0.0	0.0
HPPPNDO	mnl_e	-0.0	-1000.0	0.0	-0.0	Inf
HPPPNDO	mobd_e	-0.0	-0.00011083260915256687	999.9998891673908	-0.0	0.0
HPPPNDO	glyald_e	-0.0	-1000.0	0.0	-0.0	Inf
HPPPNDO	n2o_e	-0.0	-1000.0	0.0	-0.0	Inf
HPPPNDO	na1_e	-0.0	0.0	1000.0	Inf	0.0
HPPPNDO	nac_e	-0.0	-1000.0	0.0	-0.0	Inf
HPPPNDO	ni2_e	-0.0	-0.00027751110644658183	999.9997224888936	-0.0	0.0
HPPPNDO	no_e	-0.0	-1000.0	0.0	-0.0	Inf
HPPPNDO	no2_e	-0.0	-1000.0	0.0	-0.0	Inf
HPPPNDO	ura_e	-0.0	-1000.0	0.0	-0.0	Inf
HPPPNDO	no3_e	-0.0	-1000.0	0.0	-0.0	Inf
HPPPNDO	urea_e	-0.0	-1000.0	0.0	-0.0	Inf
HPPPNDO	novbcn_e	-0.0	-1000.0	0.0	-0.0	Inf
HPPPNDO	uri_e	-0.0	-1000.0	0.0	-0.0	Inf
HPPPNDO	o2_e	-0.0	-21.699177603093176	978.3008223969068	-0.0	0.0
HPPPNDO	xan_e	-0.0	0.0	0.0	Inf	Inf
HPPPNDO	xtsn_e	-0.0	-1000.0	0.0	-0.0	Inf
HPPPNDO	xyl__D_e	-0.0	-1000.0	0.0	-0.0	Inf
HPPPNDO	xylu__L_e	-0.0	-1000.0	0.0	-0.0	Inf
HPPPNDO	pacald_e	-0.0	-1000.0	0.0	-0.0	Inf
HPPPNDO	12dgr120_p	-0.0	0.0	0.0	Inf	Inf
HPPPNDO	12dgr140_p	-0.0	0.0	0.0	Inf	Inf
HPPPNDO	12dgr160_p	-0.0	-0.05482691563553356	0.0	-0.0	Inf
HPPPNDO	12dgr180_p	-0.0	0.0	0.0	Inf	Inf
HPPPNDO	12ppd__R_p	-0.0	-1000.0	0.0	-0.0	Inf
HPPPNDO	12ppd__S_p	-0.0	0.0	0.0	Inf	Inf
HPPPNDO	chol_p	-0.0	-1000.0	0.0	-0.0	Inf
HPPPNDO	cl_p	-0.0	-0.004471966901974156	999.995528033098	-0.0	0.0
HPPPNDO	34dhpac_p	-0.0	-1000.0	0.0	-0.0	Inf
HPPPNDO	cm_p	-0.0	0.0	0.0	Inf	Inf
HPPPNDO	4hoxpacd_p	-0.0	-1000.0	0.0	-0.0	Inf
HPPPNDO	co2_p	-0.0	-984.8674396872188	15.132560312781152	-0.0	0.0
HPPPNDO	5mtr_p	-0.0	0.0	0.0	Inf	Inf
HPPPNDO	LalaDgluMdap_p	-0.0	0.0	0.0	Inf	Inf
HPPPNDO	gal_p	-0.0	-1000.0	0.0	-0.0	Inf
HPPPNDO	ac_p	-0.0	-3.644962325419556	0.0	-0.0	Inf
HPPPNDO	crn_p	-0.0	-1000.0	0.0	-0.0	Inf
HPPPNDO	gal_bD_p	-0.0	-1000.0	0.0	-0.0	Inf
HPPPNDO	acald_p	-0.0	-1000.0	0.0	-0.0	Inf
HPPPNDO	acgal_p	-0.0	-1000.0	0.0	-0.0	Inf
HPPPNDO	csn_p	-0.0	0.0	0.0	Inf	Inf
HPPPNDO	acgam_p	-0.0	-1000.0	0.0	-0.0	Inf
HPPPNDO	galt_p	-0.0	-4.355443596867531	0.0	-0.0	Inf
HPPPNDO	acmana_p	-0.0	-1000.0	0.0	-0.0	Inf
HPPPNDO	cyan_p	-0.0	0.0	0.0	Inf	Inf
HPPPNDO	ade_p	-0.0	-1000.0	0.0	-0.0	Inf
HPPPNDO	adn_p	-0.0	0.0	0.0005782197358688747	Inf	0.0
HPPPNDO	cytd_p	-0.0	-0.13791786492612795	0.0	-0.0	Inf
HPPPNDO	glc__D_p	-0.0	-1000.0	0.0	-0.0	Inf
HPPPNDO	dad_2_p	-0.0	-1000.0	0.0	-0.0	Inf
HPPPNDO	dcyt_p	-0.0	-1000.0	0.0	-0.0	Inf
HPPPNDO	all__D_p	-0.0	0.0	0.0	Inf	Inf
HPPPNDO	alltn_p	-0.0	0.0	0.0	Inf	Inf
HPPPNDO	dha_p	-0.0	-1000.0	0.0	-0.0	Inf
HPPPNDO	glyald_p	-0.0	-1000.0	0.0	-0.0	Inf
HPPPNDO	glyb_p	0.0	0.0	0.0	Inf	Inf
HPPPNDO	dms_p	-0.0	-1000.0	0.0	-0.0	Inf
HPPPNDO	glyc_p	-0.0	-75.6370672711122	1.1380551757998507	-0.0	0.0
HPPPNDO	dmso_p	-0.0	-1000.0	0.0	-0.0	Inf
HPPPNDO	arab__L_p	-0.0	0.0	0.0	Inf	Inf
HPPPNDO	arbt_p	0.0	0.0	0.0	Inf	Inf
HPPPNDO	ca2_p	-0.0	-0.004471966901974156	999.995528033098	-0.0	0.0
HPPPNDO	duri_p	-0.0	-1000.0	0.0	-0.0	Inf
HPPPNDO	h2_p	-0.0	-1000.0	0.0	-0.0	Inf
HPPPNDO	h2o2_p	-0.0	-1000.0	0.0	-0.0	Inf
HPPPNDO	etoh_p	-0.0	-1000.0	0.0	-0.0	Inf
HPPPNDO	fald_p	-0.0	0.0	0.0	Inf	Inf
HPPPNDO	n2o_p	-0.0	-1000.0	0.0	-0.0	Inf
HPPPNDO	na1_p	-0.0	0.0	0.0	Inf	Inf
HPPPNDO	indole_p	-0.0	0.0	0.38195002475474443	Inf	0.0
HPPPNDO	nac_p	-0.0	-1000.0	0.0	-0.0	Inf
HPPPNDO	ni2_p	-0.0	-0.00027751110644658183	999.9997224888936	-0.0	0.0
HPPPNDO	inost_p	-0.0	-1000.0	0.0	-0.0	Inf
HPPPNDO	no_p	-0.0	-1000.0	0.0	-0.0	Inf
HPPPNDO	no2_p	-0.0	-1000.0	0.0	-0.0	Inf
HPPPNDO	for_p	-0.0	0.0	0.0021075379093072706	Inf	0.0
HPPPNDO	fru_p	-0.0	-1000.0	0.0	-0.0	Inf
HPPPNDO	no3_p	-0.0	0.0	0.0	Inf	Inf
HPPPNDO	k_p	-0.0	-0.1677034842455214	999.8322965157545	-0.0	0.0
HPPPNDO	novbcn_p	-0.0	0.0	0.0	Inf	Inf
HPPPNDO	o2_p	-0.0	-21.699177603093176	978.3008223969068	-0.0	0.0
HPPPNDO	lipa_cold_p	-0.0	-13.94117590354817	0.0	-0.0	Inf
HPPPNDO	g3pe_p	-0.0	0.0	0.0	Inf	Inf
HPPPNDO	g3pi_p	-0.0	0.0	0.0	Inf	Inf
HPPPNDO	so3_p	-0.0	-1000.0	0.0	-0.0	Inf
HPPPNDO	so4_p	-0.0	-0.2166906383006335	999.7833093616994	-0.0	0.0
HPPPNDO	malt_p	0.0	0.0	0.0	Inf	Inf
HPPPNDO	malthx_p	0.0	0.0	0.0	Inf	Inf
HPPPNDO	maltpt_p	0.0	0.0	0.0	Inf	Inf
HPPPNDO	sucr_p	-0.0	-1000.0	0.0	-0.0	Inf
HPPPNDO	malttr_p	0.0	0.0	0.0	Inf	Inf
HPPPNDO	maltttr_p	0.0	0.0	0.0	Inf	Inf
HPPPNDO	pacald_p	-0.0	-1000.0	0.0	-0.0	Inf
HPPPNDO	man_p	-0.0	-1000.0	0.0	-0.0	Inf
HPPPNDO	tartr__L_p	-0.0	-1000.0	0.0	-0.0	Inf
HPPPNDO	pe120_p	-0.0	-0.0668638524840907	0.0	-0.0	Inf
HPPPNDO	melib_p	-0.0	-1000.0	0.0	-0.0	Inf
HPPPNDO	meoh_p	-0.0	-999.999998281665	1.718335056466458e-06	-0.0	0.0
HPPPNDO	thym_p	-0.0	-1000.0	0.0	-0.0	Inf
HPPPNDO	thymd_p	-0.0	0.0	0.0	Inf	Inf
HPPPNDO	pg120_p	-0.0	-0.0668638524840907	0.0	-0.0	Inf
HPPPNDO	metsox_S__L_p	-0.0	-1000.0	0.0	-0.0	Inf
HPPPNDO	tmao_p	-0.0	-1000.0	0.0	-0.0	Inf
HPPPNDO	mg2_p	-0.0	-0.007453278169919031	999.9925467218301	-0.0	0.0
HPPPNDO	tre_p	-0.0	0.0	0.0	Inf	Inf
HPPPNDO	mnl_p	-0.0	0.0	0.0	Inf	Inf
HPPPNDO	mobd_p	-0.0	-0.00011083260915256687	999.9998891673908	-0.0	0.0
HPPPNDO	ura_p	-0.0	-1000.0	0.0	-0.0	Inf
HPPPNDO	urea_p	-0.0	0.0	2.655462076866318	Inf	0.0
HPPPNDO	uri_p	-0.0	0.0	0.0	Inf	Inf
HPPPNDO	xan_p	-0.0	-0.09382882486249855	0.0	-0.0	Inf
HPPPNDO	xtsn_p	-0.0	0.0	0.0	Inf	Inf
HPPPNDO	xyl__D_p	-0.0	0.0	0.0	Inf	Inf
HPPPNDO	xylu__L_p	-0.0	-1000.0	0.0	-0.0	Inf
HPPPNDO	ppal_p	-0.0	-1000.0	0.0	-0.0	Inf
HPPPNDO	psclys_p	-0.0	-1000.0	0.0	-0.0	Inf
HPPPNDO	pydx_p	-0.0	0.0	0.0	Inf	Inf
HPPPNDO	pydxn_p	-0.0	0.0	0.0	Inf	Inf
HPPPNDO	rib__D_p	-0.0	-1000.0	0.0	-0.0	Inf
HPPPNDO	rmn_p	-0.0	-1000.0	0.0	-0.0	Inf
HPPPNDO	sbt__D_p	-0.0	-4.355443596867531	0.0	-0.0	Inf
HPPPNDO	slnt_p	-0.0	0.0	0.0	Inf	Inf
HPPPNDO	so2_p	-0.0	-1000.0	0.0	-0.0	Inf
