Reaction	Metabolite	ShadowPrice	G-	G+	DecrementalShadowPrice	IncrementalShadowPrice
DSBCGT	12dgr120_c	-0.0	0.0	0.0	Inf	Inf
DSBCGT	12dgr140_c	-0.0	0.0	0.0	Inf	Inf
DSBCGT	12dgr160_c	-0.0	-0.014884603542700919	0.0	-0.0	Inf
DSBCGT	12dgr180_c	-0.0	0.0	0.0	Inf	Inf
DSBCGT	12ppd__R_c	-0.0	-1000.0	0.0	-0.0	Inf
DSBCGT	12ppd__S_c	-0.0	0.0	0.0	Inf	Inf
DSBCGT	5drib_c	-0.0	-999.9999479852918	5.201470821484792e-05	-0.0	0.0
DSBCGT	5mta_c	-0.0	0.0	0.0	Inf	Inf
DSBCGT	23dhacoa_c	-0.0	-0.00013435189157462446	0.0	-0.0	Inf
DSBCGT	5mtr_c	-0.0	0.0	0.0	Inf	Inf
DSBCGT	3amac_c	-0.0	-2.1449727408407706	0.0	-0.0	Inf
DSBCGT	LalaDgluMdap_c	-0.0	-0.006481545793157821	0.0	-0.0	Inf
DSBCGT	ac_c	-0.0	-2.144972740839959	0.13588480983867157	-0.0	0.0
DSBCGT	acald_c	-0.0	0.0	8.200373199700607	Inf	0.0
DSBCGT	acetol_c	-0.0	0.0	0.0	Inf	Inf
DSBCGT	acgam_c	-0.0	-0.022039308295015565	0.0	-0.0	Inf
DSBCGT	acgam6p_c	-0.0	-0.022039308295015565	0.0	-0.0	Inf
DSBCGT	acmalt_c	0.0	0.0	0.0	Inf	Inf
DSBCGT	acmana_c	-0.0	-0.022039308295015565	0.0	-0.0	Inf
DSBCGT	2dmmq8_c	-0.0	0.0	0.0	Inf	Inf
DSBCGT	2dmmql8_c	0.0	0.0	0.0	Inf	Inf
DSBCGT	ade_c	-0.0	-0.025471579290751743	0.00015604412464454375	-0.0	0.0
DSBCGT	adn_c	-0.0	0.0	0.00015604412464454375	Inf	0.0
DSBCGT	3sala_c	0.0	0.0	0.0	Inf	Inf
DSBCGT	adphep_DD_c	-0.0	0.0	0.0	Inf	Inf
DSBCGT	adphep_LD_c	-0.0	0.0	0.0	Inf	Inf
DSBCGT	4ahmmp_c	0.0	0.0	0.0	Inf	Inf
DSBCGT	4crsol_c	-0.0	-999.9999479852918	5.201470821484792e-05	-0.0	0.0
DSBCGT	2ohph_c	-0.0	-5.201470821484792e-05	0.2938814144757797	-0.0	0.0
DSBCGT	2ombzl_c	-0.0	0.0	0.0	Inf	Inf
DSBCGT	2omhmbl_c	-0.0	0.0	0.0	Inf	Inf
DSBCGT	2ommbl_c	0.0	0.0	0.0	Inf	Inf
DSBCGT	2omph_c	-0.0	0.0	0.24866888917181357	Inf	0.0
DSBCGT	4mhetz_c	0.0	0.0	0.0	Inf	Inf
DSBCGT	2oph_c	-0.0	-5.201470821484792e-05	0.2938814144757797	-0.0	0.0
DSBCGT	2oxpaccoa_c	-0.0	-0.00013435189157462446	0.0	-0.0	Inf
DSBCGT	all__D_c	-0.0	-1.6098068199141835	0.0	-0.0	Inf
DSBCGT	alltn_c	-0.0	-0.5362431852101679	0.0	-0.0	Inf
DSBCGT	4r5au_c	-0.0	-0.00010402941552456468	1.2930782236934253	-0.0	0.0
DSBCGT	56dura_c	0.0	0.0	0.0	Inf	Inf
DSBCGT	arab__L_c	-0.0	-1.6098068199141835	0.0	-0.0	Inf
DSBCGT	etoh_c	-0.0	-1000.0	0.0	-0.0	Inf
DSBCGT	csn_c	-0.0	0.0	0.0	Inf	Inf
DSBCGT	fald_c	-0.0	0.0	0.0	Inf	Inf
DSBCGT	fc1p_c	-0.0	-0.22500000000701698	0.0	-0.0	Inf
DSBCGT	fcl__L_c	-0.0	0.0	0.0	Inf	Inf
DSBCGT	aso4_c	0.0	0.0	0.0	Inf	Inf
DSBCGT	cyan_c	0.0	0.0	0.0	Inf	Inf
DSBCGT	athtp_c	0.0	0.0	0.0	Inf	Inf
DSBCGT	cytd_c	-0.0	-0.037442426171236054	0.0	-0.0	Inf
DSBCGT	dad_2_c	-0.0	0.0	0.0	Inf	Inf
DSBCGT	dad_5_c	-0.0	-0.025471579290751743	5.201470821484792e-05	-0.0	0.0
DSBCGT	betald_c	0.0	0.0	0.0	Inf	Inf
DSBCGT	btal_c	-0.0	-475.3337289466007	0.0	-0.0	Inf
DSBCGT	for_c	-0.0	-0.025471579290751833	0.0005721617877681659	-0.0	0.0
DSBCGT	dcyt_c	-0.0	-0.006103214597033002	0.0	-0.0	Inf
DSBCGT	fru_c	-0.0	-1.6098068199141835	0.0	-0.0	Inf
DSBCGT	ca2_c	-0.0	-0.0012140652746666092	999.9987859347253	-0.0	0.0
DSBCGT	g3pe_c	-0.0	0.0	0.0	Inf	Inf
DSBCGT	g3pi_c	0.0	0.0	0.0	Inf	Inf
DSBCGT	cbm_c	-0.0	-1.0724863704203838	0.0	-0.0	Inf
DSBCGT	dha_c	-0.0	-79.22228815776656	0.0	-0.0	Inf
DSBCGT	gal_c	-0.0	0.0	0.0	Inf	Inf
DSBCGT	dhgly_c	-0.0	-5.201470821484792e-05	0.7183767909407948	-0.0	0.0
DSBCGT	dhmptp_c	0.0	0.0	0.0	Inf	Inf
DSBCGT	gcald_c	-0.0	-0.6902692324833879	0.00015604412476477592	-0.0	0.0
DSBCGT	dhptd_c	-0.0	-56.58464148468584	0.00010402941642969584	-0.0	0.0
DSBCGT	cechddd_c	-0.0	0.0	0.0	Inf	Inf
DSBCGT	dhptdn_c	0.0	0.0	0.0	Inf	Inf
DSBCGT	chol_c	0.0	0.0	0.0	Inf	Inf
DSBCGT	chtbs6p_c	-0.0	0.0	0.0	Inf	Inf
DSBCGT	dmbzid_c	0.0	0.0	0.0	Inf	Inf
DSBCGT	dms_c	0.0	0.0	0.0	Inf	Inf
DSBCGT	dmso_c	0.0	0.0	0.0	Inf	Inf
DSBCGT	cl_c	-0.0	-0.0012140652746666092	999.9987859347253	-0.0	0.0
DSBCGT	glc__D_c	-0.0	-1.6098068199141835	0.0	-0.0	Inf
DSBCGT	co2_c	-0.0	-949.5745115489766	50.4254884510234	-0.0	0.0
DSBCGT	dscl_c	-0.0	-5.201470821484792e-05	0.26939129660279804	-0.0	0.0
DSBCGT	dtdp4aaddg_c	-0.0	0.0	0.0	Inf	Inf
DSBCGT	glyald_c	-0.0	-1000.0	0.0	-0.0	Inf
DSBCGT	crn_c	-0.0	-1000.0	0.0	-0.0	Inf
DSBCGT	duri_c	-0.0	-0.006103214597033002	0.0	-0.0	Inf
DSBCGT	glyb_c	0.0	0.0	0.0	Inf	Inf
DSBCGT	glyc_c	-0.0	-0.03242825494929989	0.0	-0.0	Inf
DSBCGT	dxyl_c	0.0	0.0	0.0	Inf	Inf
DSBCGT	glycogen_c	-0.0	-1.6098068199141835	0.0	-0.0	Inf
DSBCGT	gmhep1p_c	-0.0	0.0	0.024999999992932766	Inf	0.0
DSBCGT	lipa_cold_c	-0.0	0.0	0.0	Inf	Inf
DSBCGT	lipidA_c	-0.0	-0.00453810835438162	0.012499999996450128	-0.0	0.0
DSBCGT	malt_c	0.0	0.0	0.0	Inf	Inf
DSBCGT	h2_c	-0.0	-554.5560171043675	0.22500000000707132	-0.0	0.0
DSBCGT	malthx_c	-0.0	0.0	0.0	Inf	Inf
DSBCGT	maltpt_c	-0.0	0.0	0.0	Inf	Inf
DSBCGT	malttr_c	-0.0	0.0	0.0	Inf	Inf
DSBCGT	maltttr_c	-0.0	0.0	0.0	Inf	Inf
DSBCGT	h2o2_c	-0.0	-100.07960274448305	0.0005833577820339997	-0.0	0.0
DSBCGT	man_c	-0.0	0.0	0.0	Inf	Inf
DSBCGT	mdhdhf_c	-0.0	-56.58464148468584	0.00010402941642969584	-0.0	0.0
DSBCGT	melib_c	-0.0	0.0	0.0	Inf	Inf
DSBCGT	meoh_c	-0.0	-1000.0	0.0	-0.0	Inf
DSBCGT	pacald_c	-0.0	-1000.0	0.0	-0.0	Inf
DSBCGT	metsox_S__L_c	-0.0	-0.025471579290751833	0.0	-0.0	Inf
DSBCGT	mg2_c	-0.0	-0.002023442124501371	999.9979765578755	-0.0	0.0
DSBCGT	hhlipa_c	-0.0	0.0	0.0	Inf	Inf
DSBCGT	pe120_c	-0.0	0.0	0.0	Inf	Inf
DSBCGT	mobd_c	-0.0	-3.0089225788287877e-05	167.34860985381624	-0.0	0.0
DSBCGT	hlipa_c	-0.0	0.0	0.0	Inf	Inf
DSBCGT	pg120_c	-0.0	-0.016214127474649946	0.0	-0.0	Inf
DSBCGT	mql8_c	0.0	0.0	0.0	Inf	Inf
DSBCGT	mqn8_c	-0.0	0.0	0.0	Inf	Inf
DSBCGT	mthgxl_c	-0.0	0.0	0.0	Inf	Inf
DSBCGT	hqn_c	0.0	0.0	0.0	Inf	Inf
DSBCGT	mththf_c	-0.0	-999.9998959705836	0.00010402941642969584	-0.0	0.0
DSBCGT	n2o_c	-0.0	-1000.0	0.0	-0.0	Inf
DSBCGT	na1_c	-0.0	-669.394439415265	0.0	-0.0	Inf
DSBCGT	nac_c	-0.0	0.0	0.0	Inf	Inf
DSBCGT	ncam_c	-0.0	0.0	0.0	Inf	Inf
DSBCGT	ni2_c	-0.0	-7.533968947711156e-05	999.9999246603105	-0.0	0.0
DSBCGT	no_c	-0.0	-1000.0	0.0	-0.0	Inf
DSBCGT	indole_c	-0.0	-0.013258619098908521	0.9236273026381647	-0.0	0.0
DSBCGT	no2_c	-0.0	-1000.0	0.0	-0.0	Inf
DSBCGT	no3_c	0.0	0.0	0.0	Inf	Inf
DSBCGT	inost_c	0.0	0.0	0.0	Inf	Inf
DSBCGT	o2_c	-0.0	-50.03980137224153	949.9601986277585	-0.0	0.0
DSBCGT	poaac_c	-0.0	-2.5192869086770315	0.0	-0.0	Inf
DSBCGT	ppal_c	-0.0	0.0	0.0	Inf	Inf
DSBCGT	k_c	-0.0	-0.04552873067525027	669.394439415265	-0.0	0.0
DSBCGT	psclys_c	-0.0	0.0	0.0	Inf	Inf
DSBCGT	lald__D_c	-0.0	0.0	0.0	Inf	Inf
DSBCGT	lald__L_c	-0.0	-70.79438516225977	0.0	-0.0	Inf
DSBCGT	ura_c	-0.0	0.0	0.0	Inf	Inf
DSBCGT	pydx_c	-0.0	0.0	1.6163477796167882	Inf	0.0
DSBCGT	uracp_c	-0.0	-1.2596434543385158	0.0	-0.0	Inf
DSBCGT	pydxn_c	-0.0	0.0	1.6163477796167882	Inf	0.0
DSBCGT	urate_c	-0.0	-0.5362431852101917	0.0	-0.0	Inf
DSBCGT	q8_c	-0.0	0.0	0.0	Inf	Inf
DSBCGT	q8h2_c	0.0	0.0	0.0	Inf	Inf
DSBCGT	urea_c	-0.0	-1000.0	0.0	-0.0	Inf
DSBCGT	uri_c	-0.0	0.0	0.0	Inf	Inf
DSBCGT	rbflvrd_c	-0.0	0.0	0.012735789645375953	Inf	0.0
DSBCGT	rbl__L_c	-0.0	-1.6098068199141835	0.0	-0.0	Inf
DSBCGT	rdmbzi_c	0.0	0.0	0.0	Inf	Inf
DSBCGT	thptdn_c	0.0	0.0	0.0	Inf	Inf
DSBCGT	xan_c	-0.0	0.0	0.0	Inf	Inf
DSBCGT	rephaccoa_c	-0.0	-0.00013435189157462446	0.0	-0.0	Inf
DSBCGT	rib__D_c	-0.0	0.0	2.1551303728223843	Inf	0.0
DSBCGT	xtsn_c	-0.0	0.0	0.0	Inf	Inf
DSBCGT	rml_c	-0.0	-1.6427664179373096	0.0	-0.0	Inf
DSBCGT	thym_c	-0.0	-669.394439415265	0.0	-0.0	Inf
DSBCGT	thymd_c	-0.0	-0.006103214597033002	0.0	-0.0	Inf
DSBCGT	xu5p__L_c	-0.0	-0.2250000000071041	0.0	-0.0	Inf
DSBCGT	rmn_c	-0.0	-1.6427664179373096	0.0	-0.0	Inf
DSBCGT	xyl__D_c	0.0	0.0	0.0	Inf	Inf
DSBCGT	tmao_c	0.0	0.0	0.0	Inf	Inf
DSBCGT	xylu__D_c	-0.0	0.0	0.0	Inf	Inf
DSBCGT	xylu__L_c	-0.0	-1.6098068199141835	0.0	-0.0	Inf
DSBCGT	12ppd__R_e	-0.0	-1000.0	0.0	-0.0	Inf
DSBCGT	12ppd__S_e	-0.0	-1000.0	0.0	-0.0	Inf
DSBCGT	tre_c	-0.0	-0.8049034099570918	0.0	-0.0	Inf
DSBCGT	seln_c	0.0	0.0	0.0	Inf	Inf
DSBCGT	34dhpac_e	-0.0	-1000.0	0.0	-0.0	Inf
DSBCGT	slnt_c	0.0	0.0	0.0	Inf	Inf
DSBCGT	so2_c	0.0	0.0	0.0	Inf	Inf
DSBCGT	so3_c	-0.0	-0.057815164554660355	33.46972197076314	-0.0	0.0
DSBCGT	so4_c	-0.0	-0.058827002241817354	669.394439415265	-0.0	0.0
DSBCGT	4hoxpacd_e	-0.0	-1000.0	0.0	-0.0	Inf
DSBCGT	5mtr_e	-0.0	0.0	0.0	Inf	Inf
DSBCGT	LalaDgluMdap_e	-0.0	-1000.0	0.0	-0.0	Inf
DSBCGT	ac_e	-0.0	0.0	0.0	Inf	Inf
DSBCGT	acald_e	-0.0	-1000.0	0.0	-0.0	Inf
DSBCGT	acgal_e	-0.0	-1000.0	0.0	-0.0	Inf
DSBCGT	acgam_e	-0.0	-1000.0	0.0	-0.0	Inf
DSBCGT	acmana_e	-0.0	-1000.0	0.0	-0.0	Inf
DSBCGT	tagur_c	-0.0	0.0	0.0	Inf	Inf
DSBCGT	tartr__L_c	-0.0	-0.6902692324833879	0.0	-0.0	Inf
DSBCGT	ade_e	-0.0	-1000.0	0.0	-0.0	Inf
DSBCGT	adn_e	-0.0	-1000.0	0.0	-0.0	Inf
DSBCGT	all__D_e	-0.0	-1000.0	0.0	-0.0	Inf
DSBCGT	cl_e	-0.0	-0.0012140652746666092	999.9987859347253	-0.0	0.0
DSBCGT	alltn_e	-0.0	0.0	0.0	Inf	Inf
DSBCGT	cm_e	-0.0	-1000.0	0.0	-0.0	Inf
DSBCGT	co2_e	-0.0	-949.5745115489766	50.4254884510234	-0.0	0.0
DSBCGT	arab__L_e	-0.0	-1000.0	0.0	-0.0	Inf
DSBCGT	arbt_e	-0.0	-1000.0	0.0	-0.0	Inf
DSBCGT	unagamu_c	-0.0	0.0	0.01249999999647251	Inf	0.0
DSBCGT	crn_e	-0.0	-1000.0	0.0	-0.0	Inf
DSBCGT	csn_e	-0.0	-1000.0	0.0	-0.0	Inf
DSBCGT	cyan_e	-0.0	-1000.0	0.0	-0.0	Inf
DSBCGT	glyb_e	-0.0	-1000.0	0.0	-0.0	Inf
DSBCGT	glyc_e	-0.0	-1000.0	0.0	-0.0	Inf
DSBCGT	cytd_e	-0.0	-1000.0	0.0	-0.0	Inf
DSBCGT	ca2_e	-0.0	-0.0012140652746666092	999.9987859347253	-0.0	0.0
DSBCGT	dad_2_e	-0.0	-1000.0	0.0	-0.0	Inf
DSBCGT	dcyt_e	-0.0	-1000.0	0.0	-0.0	Inf
DSBCGT	chol_e	-0.0	-1000.0	0.0	-0.0	Inf
DSBCGT	dha_e	-0.0	-1000.0	0.0	-0.0	Inf
DSBCGT	ppal_e	-0.0	-1000.0	0.0	-0.0	Inf
DSBCGT	h2_e	-0.0	0.0	0.22500000000707132	Inf	0.0
DSBCGT	dms_e	-0.0	-1000.0	0.0	-0.0	Inf
DSBCGT	dmso_e	-0.0	-1000.0	0.0	-0.0	Inf
DSBCGT	h2o2_e	-0.0	-1000.0	0.0	-0.0	Inf
DSBCGT	psclys_e	-0.0	-1000.0	0.0	-0.0	Inf
DSBCGT	duri_e	-0.0	-1000.0	0.0	-0.0	Inf
DSBCGT	pydx_e	-0.0	-1000.0	0.0	-0.0	Inf
DSBCGT	pydxn_e	-0.0	-1000.0	0.0	-0.0	Inf
DSBCGT	etoh_e	-0.0	-1000.0	0.0	-0.0	Inf
DSBCGT	fald_e	-0.0	0.0	0.0	Inf	Inf
DSBCGT	rib__D_e	-0.0	-1000.0	0.0	-0.0	Inf
DSBCGT	rmn_e	-0.0	-1000.0	0.0	-0.0	Inf
DSBCGT	indole_e	-0.0	-1000.0	0.0	-0.0	Inf
DSBCGT	inost_e	-0.0	-1000.0	0.0	-0.0	Inf
DSBCGT	sbt__D_e	-0.0	-34.65975106902297	0.0	-0.0	Inf
DSBCGT	k_e	-0.0	-0.04552873067530072	999.9544712693247	-0.0	0.0
DSBCGT	for_e	-0.0	0.0	0.0005721617877681659	Inf	0.0
DSBCGT	slnt_e	-0.0	0.0	1000.0	Inf	0.0
DSBCGT	fru_e	-0.0	-1000.0	0.0	-0.0	Inf
DSBCGT	so2_e	-0.0	-1000.0	0.0	-0.0	Inf
DSBCGT	so3_e	-0.0	-1000.0	0.0	-0.0	Inf
DSBCGT	so4_e	-0.0	-0.05882700224185555	999.9411729977581	-0.0	0.0
DSBCGT	lipa_cold_e	-0.0	-1000.0	0.0	-0.0	Inf
DSBCGT	sucr_e	-0.0	-1000.0	0.0	-0.0	Inf
DSBCGT	g3pe_e	-0.0	-1000.0	0.0	-0.0	Inf
DSBCGT	malt_e	-0.0	-1000.0	0.0	-0.0	Inf
DSBCGT	tartr__L_e	-0.0	-1000.0	0.0	-0.0	Inf
DSBCGT	g3pi_e	-0.0	-1000.0	0.0	-0.0	Inf
DSBCGT	malthx_e	-0.0	-1000.0	0.0	-0.0	Inf
DSBCGT	maltpt_e	-0.0	-1000.0	0.0	-0.0	Inf
DSBCGT	gal_e	-0.0	-1000.0	0.0	-0.0	Inf
DSBCGT	gal_bD_e	-0.0	-1000.0	0.0	-0.0	Inf
DSBCGT	malttr_e	-0.0	-1000.0	0.0	-0.0	Inf
DSBCGT	maltttr_e	-0.0	-1000.0	0.0	-0.0	Inf
DSBCGT	man_e	-0.0	-1000.0	0.0	-0.0	Inf
DSBCGT	thym_e	-0.0	-1000.0	0.0	-0.0	Inf
DSBCGT	thymd_e	-0.0	-1000.0	0.0	-0.0	Inf
DSBCGT	galt_e	-0.0	-1.6427664179373096	0.0	-0.0	Inf
DSBCGT	melib_e	-0.0	-1000.0	0.0	-0.0	Inf
DSBCGT	meoh_e	-0.0	-1000.0	0.0	-0.0	Inf
DSBCGT	tmao_e	-0.0	-1000.0	0.0	-0.0	Inf
DSBCGT	tre_e	-0.0	-1000.0	0.0	-0.0	Inf
DSBCGT	metsox_S__L_e	-0.0	-1000.0	0.0	-0.0	Inf
DSBCGT	glc__D_e	-0.0	-37.3857989059126	6.465391118467153	-0.0	0.0
DSBCGT	mg2_e	-0.0	-0.002023442124501371	999.9979765578755	-0.0	0.0
DSBCGT	mnl_e	-0.0	-1000.0	0.0	-0.0	Inf
DSBCGT	mobd_e	-0.0	-3.0089225788287877e-05	999.9999699107742	-0.0	0.0
DSBCGT	glyald_e	-0.0	-1000.0	0.0	-0.0	Inf
DSBCGT	n2o_e	-0.0	-1000.0	0.0	-0.0	Inf
DSBCGT	na1_e	-0.0	-1000.0	0.0	-0.0	Inf
DSBCGT	nac_e	-0.0	-1000.0	0.0	-0.0	Inf
DSBCGT	ni2_e	-0.0	-7.53396894879188e-05	999.9999246603105	-0.0	0.0
DSBCGT	no_e	-0.0	-1000.0	0.0	-0.0	Inf
DSBCGT	no2_e	-0.0	-1000.0	0.0	-0.0	Inf
DSBCGT	ura_e	-0.0	-1000.0	0.0	-0.0	Inf
DSBCGT	no3_e	-0.0	-1000.0	0.0	-0.0	Inf
DSBCGT	urea_e	-0.0	-1000.0	0.0	-0.0	Inf
DSBCGT	novbcn_e	-0.0	-1000.0	0.0	-0.0	Inf
DSBCGT	uri_e	-0.0	-1000.0	0.0	-0.0	Inf
DSBCGT	o2_e	-0.0	-50.03980137224153	949.9601986277585	-0.0	0.0
DSBCGT	xan_e	-0.0	0.0	0.0	Inf	Inf
DSBCGT	xtsn_e	-0.0	-1000.0	0.0	-0.0	Inf
DSBCGT	xyl__D_e	-0.0	-1000.0	0.0	-0.0	Inf
DSBCGT	xylu__L_e	-0.0	-1000.0	0.0	-0.0	Inf
DSBCGT	pacald_e	-0.0	-1000.0	0.0	-0.0	Inf
DSBCGT	12dgr120_p	-0.0	0.0	0.0	Inf	Inf
DSBCGT	12dgr140_p	-0.0	0.0	0.0	Inf	Inf
DSBCGT	12dgr160_p	-0.0	-0.014884603542700919	0.0	-0.0	Inf
DSBCGT	12dgr180_p	-0.0	0.0	0.0	Inf	Inf
DSBCGT	12ppd__R_p	-0.0	-1000.0	0.0	-0.0	Inf
DSBCGT	12ppd__S_p	-0.0	0.0	0.0	Inf	Inf
DSBCGT	chol_p	-0.0	-1000.0	0.0	-0.0	Inf
DSBCGT	cl_p	-0.0	-0.0012140652746666092	999.9987859347253	-0.0	0.0
DSBCGT	34dhpac_p	-0.0	-1000.0	0.0	-0.0	Inf
DSBCGT	cm_p	-0.0	0.0	0.0	Inf	Inf
DSBCGT	4hoxpacd_p	-0.0	-1000.0	0.0	-0.0	Inf
DSBCGT	co2_p	-0.0	-949.5745115489766	50.4254884510234	-0.0	0.0
DSBCGT	5mtr_p	-0.0	0.0	0.0	Inf	Inf
DSBCGT	LalaDgluMdap_p	-0.0	-0.006481545793157821	0.0	-0.0	Inf
DSBCGT	gal_p	-0.0	-1000.0	0.0	-0.0	Inf
DSBCGT	ac_p	-0.0	-2.1449727408404007	0.0	-0.0	Inf
DSBCGT	crn_p	-0.0	-1000.0	0.0	-0.0	Inf
DSBCGT	gal_bD_p	-0.0	-1000.0	0.0	-0.0	Inf
DSBCGT	acald_p	-0.0	-1000.0	0.0	-0.0	Inf
DSBCGT	acgal_p	-0.0	-1000.0	0.0	-0.0	Inf
DSBCGT	csn_p	-0.0	0.0	0.0	Inf	Inf
DSBCGT	acgam_p	-0.0	-1000.0	0.0	-0.0	Inf
DSBCGT	galt_p	-0.0	-1.6427664179373096	0.0	-0.0	Inf
DSBCGT	acmana_p	-0.0	-1000.0	0.0	-0.0	Inf
DSBCGT	cyan_p	-0.0	0.0	0.0	Inf	Inf
DSBCGT	ade_p	-0.0	-1000.0	0.0	-0.0	Inf
DSBCGT	adn_p	-0.0	0.0	0.00015604412464454375	Inf	0.0
DSBCGT	cytd_p	-0.0	-0.037442426171236054	0.0	-0.0	Inf
DSBCGT	glc__D_p	-0.0	-37.3857989059126	6.465391118467153	-0.0	0.0
DSBCGT	dad_2_p	-0.0	-1000.0	0.0	-0.0	Inf
DSBCGT	dcyt_p	-0.0	-1000.0	0.0	-0.0	Inf
DSBCGT	all__D_p	-0.0	0.0	0.0	Inf	Inf
DSBCGT	alltn_p	-0.0	0.0	0.0	Inf	Inf
DSBCGT	dha_p	-0.0	-1000.0	0.0	-0.0	Inf
DSBCGT	glyald_p	-0.0	-1000.0	0.0	-0.0	Inf
DSBCGT	glyb_p	0.0	0.0	0.0	Inf	Inf
DSBCGT	dms_p	-0.0	-1000.0	0.0	-0.0	Inf
DSBCGT	glyc_p	-0.0	-0.03242825494929989	0.0	-0.0	Inf
DSBCGT	dmso_p	-0.0	-1000.0	0.0	-0.0	Inf
DSBCGT	arab__L_p	-0.0	0.0	0.0	Inf	Inf
DSBCGT	arbt_p	0.0	0.0	0.0	Inf	Inf
DSBCGT	ca2_p	-0.0	-0.0012140652746666092	999.9987859347253	-0.0	0.0
DSBCGT	duri_p	-0.0	-1000.0	0.0	-0.0	Inf
DSBCGT	h2_p	-0.0	-554.5560171043675	0.22500000000707132	-0.0	0.0
DSBCGT	h2o2_p	-0.0	-1000.0	0.0	-0.0	Inf
DSBCGT	etoh_p	-0.0	-1000.0	0.0	-0.0	Inf
DSBCGT	fald_p	-0.0	0.0	0.0	Inf	Inf
DSBCGT	n2o_p	-0.0	-1000.0	0.0	-0.0	Inf
DSBCGT	na1_p	-0.0	-1000.0	0.0	-0.0	Inf
DSBCGT	indole_p	-0.0	0.0	0.9236273026381647	Inf	0.0
DSBCGT	nac_p	-0.0	-1000.0	0.0	-0.0	Inf
DSBCGT	ni2_p	-0.0	-7.53396894879188e-05	999.9999246603105	-0.0	0.0
DSBCGT	inost_p	-0.0	-1000.0	0.0	-0.0	Inf
DSBCGT	no_p	-0.0	-1000.0	0.0	-0.0	Inf
DSBCGT	no2_p	-0.0	-1000.0	0.0	-0.0	Inf
DSBCGT	for_p	-0.0	0.0	0.0005721617877681659	Inf	0.0
DSBCGT	fru_p	-0.0	-1000.0	0.0	-0.0	Inf
DSBCGT	no3_p	-0.0	0.0	0.0	Inf	Inf
DSBCGT	k_p	-0.0	-0.04552873067530072	999.9544712693247	-0.0	0.0
DSBCGT	novbcn_p	-0.0	0.0	0.0	Inf	Inf
DSBCGT	o2_p	-0.0	-50.03980137224153	949.9601986277585	-0.0	0.0
DSBCGT	lipa_cold_p	-0.0	-167.34860985381624	0.0	-0.0	Inf
DSBCGT	g3pe_p	-0.0	0.0	0.0	Inf	Inf
DSBCGT	g3pi_p	-0.0	0.0	0.0	Inf	Inf
DSBCGT	so3_p	-0.0	-1000.0	0.0	-0.0	Inf
DSBCGT	so4_p	-0.0	-0.058827002241817354	999.9411729977581	-0.0	0.0
DSBCGT	malt_p	0.0	0.0	0.0	Inf	Inf
DSBCGT	malthx_p	0.0	0.0	0.0	Inf	Inf
DSBCGT	maltpt_p	0.0	0.0	0.0	Inf	Inf
DSBCGT	sucr_p	-0.0	-1000.0	0.0	-0.0	Inf
DSBCGT	malttr_p	0.0	0.0	0.0	Inf	Inf
DSBCGT	maltttr_p	0.0	0.0	0.0	Inf	Inf
DSBCGT	pacald_p	-0.0	-1000.0	0.0	-0.0	Inf
DSBCGT	man_p	-0.0	-1000.0	0.0	-0.0	Inf
DSBCGT	tartr__L_p	-0.0	-1000.0	0.0	-0.0	Inf
DSBCGT	pe120_p	-0.0	0.0	0.0	Inf	Inf
DSBCGT	melib_p	-0.0	-1000.0	0.0	-0.0	Inf
DSBCGT	meoh_p	-0.0	-1000.0	0.0	-0.0	Inf
DSBCGT	thym_p	-0.0	-1000.0	0.0	-0.0	Inf
DSBCGT	thymd_p	-0.0	-0.006103214597033002	0.0	-0.0	Inf
DSBCGT	pg120_p	-0.0	-0.016214127474649946	0.0	-0.0	Inf
DSBCGT	metsox_S__L_p	-0.0	-1000.0	0.0	-0.0	Inf
DSBCGT	tmao_p	-0.0	-1000.0	0.0	-0.0	Inf
DSBCGT	mg2_p	-0.0	-0.002023442124501371	999.9979765578755	-0.0	0.0
DSBCGT	tre_p	-0.0	0.0	0.0	Inf	Inf
DSBCGT	mnl_p	-0.0	0.0	0.0	Inf	Inf
DSBCGT	mobd_p	-0.0	-3.0089225788287877e-05	999.9999699107742	-0.0	0.0
DSBCGT	ura_p	-0.0	-1000.0	0.0	-0.0	Inf
DSBCGT	urea_p	-0.0	-1000.0	0.0	-0.0	Inf
DSBCGT	uri_p	-0.0	0.0	0.0	Inf	Inf
DSBCGT	xan_p	-0.0	0.0	0.0	Inf	Inf
DSBCGT	xtsn_p	-0.0	0.0	0.0	Inf	Inf
DSBCGT	xyl__D_p	-0.0	0.0	0.0	Inf	Inf
DSBCGT	xylu__L_p	-0.0	-1000.0	0.0	-0.0	Inf
DSBCGT	ppal_p	-0.0	-1000.0	0.0	-0.0	Inf
DSBCGT	psclys_p	-0.0	-1000.0	0.0	-0.0	Inf
DSBCGT	pydx_p	-0.0	0.0	0.0	Inf	Inf
DSBCGT	pydxn_p	-0.0	0.0	0.0	Inf	Inf
DSBCGT	rib__D_p	-0.0	-1000.0	0.0	-0.0	Inf
DSBCGT	rmn_p	-0.0	-1000.0	0.0	-0.0	Inf
DSBCGT	sbt__D_p	-0.0	-34.65975106902297	0.0	-0.0	Inf
DSBCGT	slnt_p	-0.0	0.0	0.0	Inf	Inf
DSBCGT	so2_p	-0.0	-1000.0	0.0	-0.0	Inf
