Reaction	Metabolite	ShadowPrice	G-	G+	DecrementalShadowPrice	IncrementalShadowPrice
HCINNMt2rpp_f	12dgr120_c	-0.0	0.0	0.0	Inf	Inf
HCINNMt2rpp_f	12dgr140_c	-0.0	0.0	0.0	Inf	Inf
HCINNMt2rpp_f	12dgr160_c	-0.0	-0.014884603542700919	0.0	-0.0	Inf
HCINNMt2rpp_f	12dgr180_c	-0.0	0.0	0.0	Inf	Inf
HCINNMt2rpp_f	12ppd__R_c	-0.0	-1000.0	0.0	-0.0	Inf
HCINNMt2rpp_f	12ppd__S_c	-0.0	0.0	0.0	Inf	Inf
HCINNMt2rpp_f	5drib_c	-0.0	-999.9999479852918	5.201470821484792e-05	-0.0	0.0
HCINNMt2rpp_f	5mta_c	-0.0	0.0	0.0	Inf	Inf
HCINNMt2rpp_f	23dhacoa_c	-0.0	-0.00013435189157462446	0.0	-0.0	Inf
HCINNMt2rpp_f	5mtr_c	-0.0	0.0	0.0	Inf	Inf
HCINNMt2rpp_f	3amac_c	-0.0	-2.1449727408412254	0.0	-0.0	Inf
HCINNMt2rpp_f	LalaDgluMdap_c	-0.0	-0.006481545793157821	0.0	-0.0	Inf
HCINNMt2rpp_f	ac_c	-0.0	-2.1449727408404136	0.13588480983867157	-0.0	0.0
HCINNMt2rpp_f	acald_c	-0.0	0.0	8.200373199700607	Inf	0.0
HCINNMt2rpp_f	acetol_c	-0.0	0.0	0.0	Inf	Inf
HCINNMt2rpp_f	acgam_c	-0.0	-0.022039308295015565	0.0	-0.0	Inf
HCINNMt2rpp_f	acgam6p_c	-0.0	-0.022039308295015565	0.0	-0.0	Inf
HCINNMt2rpp_f	acmalt_c	0.0	0.0	0.0	Inf	Inf
HCINNMt2rpp_f	acmana_c	-0.0	-0.022039308295015565	0.0	-0.0	Inf
HCINNMt2rpp_f	2dmmq8_c	-0.0	0.0	0.0	Inf	Inf
HCINNMt2rpp_f	2dmmql8_c	0.0	0.0	0.0	Inf	Inf
HCINNMt2rpp_f	ade_c	-0.0	-0.025471579290751743	0.00015604412464454375	-0.0	0.0
HCINNMt2rpp_f	adn_c	-0.0	0.0	0.00015604412464454375	Inf	0.0
HCINNMt2rpp_f	3sala_c	0.0	0.0	0.0	Inf	Inf
HCINNMt2rpp_f	adphep_DD_c	-0.0	0.0	0.0	Inf	Inf
HCINNMt2rpp_f	adphep_LD_c	-0.0	0.0	0.0	Inf	Inf
HCINNMt2rpp_f	4ahmmp_c	0.0	0.0	0.0	Inf	Inf
HCINNMt2rpp_f	4crsol_c	-0.0	-999.9999479852918	5.201470821484792e-05	-0.0	0.0
HCINNMt2rpp_f	2ohph_c	-0.0	-5.201470821484792e-05	0.2938814144757797	-0.0	0.0
HCINNMt2rpp_f	2ombzl_c	-0.0	0.0	0.0	Inf	Inf
HCINNMt2rpp_f	2omhmbl_c	-0.0	0.0	0.0	Inf	Inf
HCINNMt2rpp_f	2ommbl_c	0.0	0.0	0.0	Inf	Inf
HCINNMt2rpp_f	2omph_c	-0.0	0.0	0.24866888917181357	Inf	0.0
HCINNMt2rpp_f	4mhetz_c	0.0	0.0	0.0	Inf	Inf
HCINNMt2rpp_f	2oph_c	-0.0	-5.201470821484792e-05	0.2938814144757797	-0.0	0.0
HCINNMt2rpp_f	2oxpaccoa_c	-0.0	-0.00013435189157462446	0.0	-0.0	Inf
HCINNMt2rpp_f	all__D_c	-0.0	-1.6098068199141835	0.0	-0.0	Inf
HCINNMt2rpp_f	alltn_c	-0.0	-0.5362431852102816	0.0	-0.0	Inf
HCINNMt2rpp_f	4r5au_c	-0.0	-0.00010402941552456468	1.2930782236934253	-0.0	0.0
HCINNMt2rpp_f	56dura_c	0.0	0.0	0.0	Inf	Inf
HCINNMt2rpp_f	arab__L_c	-0.0	-1.6098068199141835	0.0	-0.0	Inf
HCINNMt2rpp_f	etoh_c	-0.0	-1000.0	0.0	-0.0	Inf
HCINNMt2rpp_f	csn_c	-0.0	0.0	0.0	Inf	Inf
HCINNMt2rpp_f	fald_c	-0.0	0.0	0.0	Inf	Inf
HCINNMt2rpp_f	fc1p_c	-0.0	-0.22500000000701698	0.0	-0.0	Inf
HCINNMt2rpp_f	fcl__L_c	-0.0	0.0	0.0	Inf	Inf
HCINNMt2rpp_f	aso4_c	0.0	0.0	0.0	Inf	Inf
HCINNMt2rpp_f	cyan_c	0.0	0.0	0.0	Inf	Inf
HCINNMt2rpp_f	athtp_c	0.0	0.0	0.0	Inf	Inf
HCINNMt2rpp_f	cytd_c	-0.0	-0.037442426171236054	0.0	-0.0	Inf
HCINNMt2rpp_f	dad_2_c	-0.0	0.0	0.0	Inf	Inf
HCINNMt2rpp_f	dad_5_c	-0.0	-0.025471579290751743	5.201470821484792e-05	-0.0	0.0
HCINNMt2rpp_f	betald_c	0.0	0.0	0.0	Inf	Inf
HCINNMt2rpp_f	btal_c	-0.0	-475.3337289466007	0.0	-0.0	Inf
HCINNMt2rpp_f	for_c	-0.0	-0.025471579290751833	0.0005721617877681659	-0.0	0.0
HCINNMt2rpp_f	dcyt_c	-0.0	-0.006103214597033002	0.0	-0.0	Inf
HCINNMt2rpp_f	fru_c	-0.0	-1.6098068199141835	0.0	-0.0	Inf
HCINNMt2rpp_f	ca2_c	-0.0	-0.0012140652746666092	999.9987859347253	-0.0	0.0
HCINNMt2rpp_f	g3pe_c	-0.0	0.0	0.0	Inf	Inf
HCINNMt2rpp_f	g3pi_c	0.0	0.0	0.0	Inf	Inf
HCINNMt2rpp_f	cbm_c	-0.0	-1.0724863704206111	0.0	-0.0	Inf
HCINNMt2rpp_f	dha_c	-0.0	-79.22228815776656	0.0	-0.0	Inf
HCINNMt2rpp_f	gal_c	-0.0	0.0	0.0	Inf	Inf
HCINNMt2rpp_f	dhgly_c	-0.0	-5.201470821484792e-05	0.7183767909407948	-0.0	0.0
HCINNMt2rpp_f	dhmptp_c	0.0	0.0	0.0	Inf	Inf
HCINNMt2rpp_f	gcald_c	-0.0	-0.6902692324833879	0.00015604412476477592	-0.0	0.0
HCINNMt2rpp_f	dhptd_c	-0.0	-56.58464148468584	0.00010402941642969584	-0.0	0.0
HCINNMt2rpp_f	cechddd_c	-0.0	0.0	0.0	Inf	Inf
HCINNMt2rpp_f	dhptdn_c	0.0	0.0	0.0	Inf	Inf
HCINNMt2rpp_f	chol_c	0.0	0.0	0.0	Inf	Inf
HCINNMt2rpp_f	chtbs6p_c	-0.0	0.0	0.0	Inf	Inf
HCINNMt2rpp_f	dmbzid_c	0.0	0.0	0.0	Inf	Inf
HCINNMt2rpp_f	dms_c	0.0	0.0	0.0	Inf	Inf
HCINNMt2rpp_f	dmso_c	0.0	0.0	0.0	Inf	Inf
HCINNMt2rpp_f	cl_c	-0.0	-0.0012140652746666092	999.9987859347253	-0.0	0.0
HCINNMt2rpp_f	glc__D_c	-0.0	-1.6098068199141835	0.0	-0.0	Inf
HCINNMt2rpp_f	co2_c	-0.0	-949.5745115489766	50.4254884510234	-0.0	0.0
HCINNMt2rpp_f	dscl_c	-0.0	-5.201470821484792e-05	0.26939129660279804	-0.0	0.0
HCINNMt2rpp_f	dtdp4aaddg_c	-0.0	0.0	0.0	Inf	Inf
HCINNMt2rpp_f	glyald_c	-0.0	-1000.0	0.0	-0.0	Inf
HCINNMt2rpp_f	crn_c	-0.0	-1000.0	0.0	-0.0	Inf
HCINNMt2rpp_f	duri_c	-0.0	-0.006103214597033002	0.0	-0.0	Inf
HCINNMt2rpp_f	glyb_c	0.0	0.0	0.0	Inf	Inf
HCINNMt2rpp_f	glyc_c	-0.0	-0.03242825494929989	0.0	-0.0	Inf
HCINNMt2rpp_f	dxyl_c	0.0	0.0	0.0	Inf	Inf
HCINNMt2rpp_f	glycogen_c	-0.0	-1.6098068199141835	0.0	-0.0	Inf
HCINNMt2rpp_f	gmhep1p_c	-0.0	0.0	0.024999999992932766	Inf	0.0
HCINNMt2rpp_f	lipa_cold_c	-0.0	0.0	0.0	Inf	Inf
HCINNMt2rpp_f	lipidA_c	-0.0	-0.00453810835438162	0.012499999996450128	-0.0	0.0
HCINNMt2rpp_f	malt_c	0.0	0.0	0.0	Inf	Inf
HCINNMt2rpp_f	h2_c	-0.0	-554.5560171043675	0.22500000000707132	-0.0	0.0
HCINNMt2rpp_f	malthx_c	-0.0	0.0	0.0	Inf	Inf
HCINNMt2rpp_f	maltpt_c	-0.0	0.0	0.0	Inf	Inf
HCINNMt2rpp_f	malttr_c	-0.0	0.0	0.0	Inf	Inf
HCINNMt2rpp_f	maltttr_c	-0.0	0.0	0.0	Inf	Inf
HCINNMt2rpp_f	h2o2_c	-0.0	-100.07960274448305	0.0005833577820339997	-0.0	0.0
HCINNMt2rpp_f	man_c	-0.0	0.0	0.0	Inf	Inf
HCINNMt2rpp_f	mdhdhf_c	-0.0	-56.58464148468584	0.00010402941642969584	-0.0	0.0
HCINNMt2rpp_f	melib_c	-0.0	0.0	0.0	Inf	Inf
HCINNMt2rpp_f	meoh_c	-0.0	-1000.0	0.0	-0.0	Inf
HCINNMt2rpp_f	pacald_c	-0.0	-1000.0	0.0	-0.0	Inf
HCINNMt2rpp_f	metsox_S__L_c	-0.0	-0.025471579290751833	0.0	-0.0	Inf
HCINNMt2rpp_f	mg2_c	-0.0	-0.002023442124501371	999.9979765578755	-0.0	0.0
HCINNMt2rpp_f	hhlipa_c	-0.0	0.0	0.0	Inf	Inf
HCINNMt2rpp_f	pe120_c	-0.0	0.0	0.0	Inf	Inf
HCINNMt2rpp_f	mobd_c	-0.0	-3.0089225788287877e-05	167.34860985381624	-0.0	0.0
HCINNMt2rpp_f	hlipa_c	-0.0	0.0	0.0	Inf	Inf
HCINNMt2rpp_f	pg120_c	-0.0	-0.016214127474649946	0.0	-0.0	Inf
HCINNMt2rpp_f	mql8_c	0.0	0.0	0.0	Inf	Inf
HCINNMt2rpp_f	mqn8_c	-0.0	0.0	0.0	Inf	Inf
HCINNMt2rpp_f	mthgxl_c	-0.0	0.0	0.0	Inf	Inf
HCINNMt2rpp_f	hqn_c	0.0	0.0	0.0	Inf	Inf
HCINNMt2rpp_f	mththf_c	-0.0	-999.9998959705836	0.00010402941642969584	-0.0	0.0
HCINNMt2rpp_f	n2o_c	-0.0	-1000.0	0.0	-0.0	Inf
HCINNMt2rpp_f	na1_c	-0.0	-669.394439415265	0.0	-0.0	Inf
HCINNMt2rpp_f	nac_c	-0.0	0.0	0.0	Inf	Inf
HCINNMt2rpp_f	ncam_c	-0.0	0.0	0.0	Inf	Inf
HCINNMt2rpp_f	ni2_c	-0.0	-7.533968947711156e-05	999.9999246603105	-0.0	0.0
HCINNMt2rpp_f	no_c	-0.0	-1000.0	0.0	-0.0	Inf
HCINNMt2rpp_f	indole_c	-0.0	-0.013258619098908521	0.9236273026381647	-0.0	0.0
HCINNMt2rpp_f	no2_c	-0.0	-1000.0	0.0	-0.0	Inf
HCINNMt2rpp_f	no3_c	0.0	0.0	0.0	Inf	Inf
HCINNMt2rpp_f	inost_c	0.0	0.0	0.0	Inf	Inf
HCINNMt2rpp_f	o2_c	-0.0	-50.03980137224153	949.9601986277585	-0.0	0.0
HCINNMt2rpp_f	poaac_c	-0.0	-2.5192869086770315	0.0	-0.0	Inf
HCINNMt2rpp_f	ppal_c	-0.0	0.0	0.0	Inf	Inf
HCINNMt2rpp_f	k_c	-0.0	-0.04552873067525027	669.394439415265	-0.0	0.0
HCINNMt2rpp_f	psclys_c	-0.0	0.0	0.0	Inf	Inf
HCINNMt2rpp_f	lald__D_c	-0.0	0.0	0.0	Inf	Inf
HCINNMt2rpp_f	lald__L_c	-0.0	-70.79438516225977	0.0	-0.0	Inf
HCINNMt2rpp_f	ura_c	-0.0	0.0	0.0	Inf	Inf
HCINNMt2rpp_f	pydx_c	-0.0	0.0	1.6163477796167882	Inf	0.0
HCINNMt2rpp_f	uracp_c	-0.0	-1.2596434543385158	0.0	-0.0	Inf
HCINNMt2rpp_f	pydxn_c	-0.0	0.0	1.6163477796167882	Inf	0.0
HCINNMt2rpp_f	urate_c	-0.0	-0.5362431852103053	0.0	-0.0	Inf
HCINNMt2rpp_f	q8_c	-0.0	0.0	0.0	Inf	Inf
HCINNMt2rpp_f	q8h2_c	0.0	0.0	0.0	Inf	Inf
HCINNMt2rpp_f	urea_c	-0.0	-1000.0	0.0	-0.0	Inf
HCINNMt2rpp_f	uri_c	-0.0	0.0	0.0	Inf	Inf
HCINNMt2rpp_f	rbflvrd_c	-0.0	0.0	0.012735789645375953	Inf	0.0
HCINNMt2rpp_f	rbl__L_c	-0.0	-1.6098068199141835	0.0	-0.0	Inf
HCINNMt2rpp_f	rdmbzi_c	0.0	0.0	0.0	Inf	Inf
HCINNMt2rpp_f	thptdn_c	0.0	0.0	0.0	Inf	Inf
HCINNMt2rpp_f	xan_c	-0.0	0.0	0.0	Inf	Inf
HCINNMt2rpp_f	rephaccoa_c	-0.0	-0.00013435189157462446	0.0	-0.0	Inf
HCINNMt2rpp_f	rib__D_c	-0.0	0.0	2.1551303728223843	Inf	0.0
HCINNMt2rpp_f	xtsn_c	-0.0	0.0	0.0	Inf	Inf
HCINNMt2rpp_f	rml_c	-0.0	-1.6427664179373096	0.0	-0.0	Inf
HCINNMt2rpp_f	thym_c	-0.0	-669.394439415265	0.0	-0.0	Inf
HCINNMt2rpp_f	thymd_c	-0.0	-0.006103214597033002	0.0	-0.0	Inf
HCINNMt2rpp_f	xu5p__L_c	-0.0	-0.2250000000071041	0.0	-0.0	Inf
HCINNMt2rpp_f	rmn_c	-0.0	-1.6427664179373096	0.0	-0.0	Inf
HCINNMt2rpp_f	xyl__D_c	0.0	0.0	0.0	Inf	Inf
HCINNMt2rpp_f	tmao_c	0.0	0.0	0.0	Inf	Inf
HCINNMt2rpp_f	xylu__D_c	-0.0	0.0	0.0	Inf	Inf
HCINNMt2rpp_f	xylu__L_c	-0.0	-1.6098068199141835	0.0	-0.0	Inf
HCINNMt2rpp_f	12ppd__R_e	-0.0	-1000.0	0.0	-0.0	Inf
HCINNMt2rpp_f	12ppd__S_e	-0.0	-1000.0	0.0	-0.0	Inf
HCINNMt2rpp_f	tre_c	-0.0	-0.8049034099570918	0.0	-0.0	Inf
HCINNMt2rpp_f	seln_c	0.0	0.0	0.0	Inf	Inf
HCINNMt2rpp_f	34dhpac_e	-0.0	-1000.0	0.0	-0.0	Inf
HCINNMt2rpp_f	slnt_c	0.0	0.0	0.0	Inf	Inf
HCINNMt2rpp_f	so2_c	0.0	0.0	0.0	Inf	Inf
HCINNMt2rpp_f	so3_c	-0.0	-0.057815164554660355	33.46972197076314	-0.0	0.0
HCINNMt2rpp_f	so4_c	-0.0	-0.058827002241817354	669.394439415265	-0.0	0.0
HCINNMt2rpp_f	4hoxpacd_e	-0.0	-1000.0	0.0	-0.0	Inf
HCINNMt2rpp_f	5mtr_e	-0.0	0.0	0.0	Inf	Inf
HCINNMt2rpp_f	LalaDgluMdap_e	-0.0	-1000.0	0.0	-0.0	Inf
HCINNMt2rpp_f	ac_e	-0.0	0.0	0.0	Inf	Inf
HCINNMt2rpp_f	acald_e	-0.0	-1000.0	0.0	-0.0	Inf
HCINNMt2rpp_f	acgal_e	-0.0	-1000.0	0.0	-0.0	Inf
HCINNMt2rpp_f	acgam_e	-0.0	-1000.0	0.0	-0.0	Inf
HCINNMt2rpp_f	acmana_e	-0.0	-1000.0	0.0	-0.0	Inf
HCINNMt2rpp_f	tagur_c	-0.0	0.0	0.0	Inf	Inf
HCINNMt2rpp_f	tartr__L_c	-0.0	-0.6902692324833879	0.0	-0.0	Inf
HCINNMt2rpp_f	ade_e	-0.0	-1000.0	0.0	-0.0	Inf
HCINNMt2rpp_f	adn_e	-0.0	-1000.0	0.0	-0.0	Inf
HCINNMt2rpp_f	all__D_e	-0.0	-1000.0	0.0	-0.0	Inf
HCINNMt2rpp_f	cl_e	-0.0	-0.0012140652746666092	999.9987859347253	-0.0	0.0
HCINNMt2rpp_f	alltn_e	-0.0	0.0	0.0	Inf	Inf
HCINNMt2rpp_f	cm_e	-0.0	-1000.0	0.0	-0.0	Inf
HCINNMt2rpp_f	co2_e	-0.0	-949.5745115489766	50.4254884510234	-0.0	0.0
HCINNMt2rpp_f	arab__L_e	-0.0	-1000.0	0.0	-0.0	Inf
HCINNMt2rpp_f	arbt_e	-0.0	-1000.0	0.0	-0.0	Inf
HCINNMt2rpp_f	unagamu_c	-0.0	0.0	0.01249999999647251	Inf	0.0
HCINNMt2rpp_f	crn_e	-0.0	-1000.0	0.0	-0.0	Inf
HCINNMt2rpp_f	csn_e	-0.0	-1000.0	0.0	-0.0	Inf
HCINNMt2rpp_f	cyan_e	-0.0	-1000.0	0.0	-0.0	Inf
HCINNMt2rpp_f	glyb_e	-0.0	-1000.0	0.0	-0.0	Inf
HCINNMt2rpp_f	glyc_e	-0.0	-1000.0	0.0	-0.0	Inf
HCINNMt2rpp_f	cytd_e	-0.0	-1000.0	0.0	-0.0	Inf
HCINNMt2rpp_f	ca2_e	-0.0	-0.0012140652746666092	999.9987859347253	-0.0	0.0
HCINNMt2rpp_f	dad_2_e	-0.0	-1000.0	0.0	-0.0	Inf
HCINNMt2rpp_f	dcyt_e	-0.0	-1000.0	0.0	-0.0	Inf
HCINNMt2rpp_f	chol_e	-0.0	-1000.0	0.0	-0.0	Inf
HCINNMt2rpp_f	dha_e	-0.0	-1000.0	0.0	-0.0	Inf
HCINNMt2rpp_f	ppal_e	-0.0	-1000.0	0.0	-0.0	Inf
HCINNMt2rpp_f	h2_e	-0.0	0.0	0.22500000000707132	Inf	0.0
HCINNMt2rpp_f	dms_e	-0.0	-1000.0	0.0	-0.0	Inf
HCINNMt2rpp_f	dmso_e	-0.0	-1000.0	0.0	-0.0	Inf
HCINNMt2rpp_f	h2o2_e	-0.0	-1000.0	0.0	-0.0	Inf
HCINNMt2rpp_f	psclys_e	-0.0	-1000.0	0.0	-0.0	Inf
HCINNMt2rpp_f	duri_e	-0.0	-1000.0	0.0	-0.0	Inf
HCINNMt2rpp_f	pydx_e	-0.0	-1000.0	0.0	-0.0	Inf
HCINNMt2rpp_f	pydxn_e	-0.0	-1000.0	0.0	-0.0	Inf
HCINNMt2rpp_f	etoh_e	-0.0	-1000.0	0.0	-0.0	Inf
HCINNMt2rpp_f	fald_e	-0.0	0.0	0.0	Inf	Inf
HCINNMt2rpp_f	rib__D_e	-0.0	-1000.0	0.0	-0.0	Inf
HCINNMt2rpp_f	rmn_e	-0.0	-1000.0	0.0	-0.0	Inf
HCINNMt2rpp_f	indole_e	-0.0	-1000.0	0.0	-0.0	Inf
HCINNMt2rpp_f	inost_e	-0.0	-1000.0	0.0	-0.0	Inf
HCINNMt2rpp_f	sbt__D_e	-0.0	-34.65975106902297	0.0	-0.0	Inf
HCINNMt2rpp_f	k_e	-0.0	-0.04552873067530072	999.9544712693247	-0.0	0.0
HCINNMt2rpp_f	for_e	-0.0	0.0	0.0005721617877681659	Inf	0.0
HCINNMt2rpp_f	slnt_e	-0.0	0.0	1000.0	Inf	0.0
HCINNMt2rpp_f	fru_e	-0.0	-1000.0	0.0	-0.0	Inf
HCINNMt2rpp_f	so2_e	-0.0	-1000.0	0.0	-0.0	Inf
HCINNMt2rpp_f	so3_e	-0.0	-1000.0	0.0	-0.0	Inf
HCINNMt2rpp_f	so4_e	-0.0	-0.05882700224185555	999.9411729977581	-0.0	0.0
HCINNMt2rpp_f	lipa_cold_e	-0.0	-1000.0	0.0	-0.0	Inf
HCINNMt2rpp_f	sucr_e	-0.0	-1000.0	0.0	-0.0	Inf
HCINNMt2rpp_f	g3pe_e	-0.0	-1000.0	0.0	-0.0	Inf
HCINNMt2rpp_f	malt_e	-0.0	-1000.0	0.0	-0.0	Inf
HCINNMt2rpp_f	tartr__L_e	-0.0	-1000.0	0.0	-0.0	Inf
HCINNMt2rpp_f	g3pi_e	-0.0	-1000.0	0.0	-0.0	Inf
HCINNMt2rpp_f	malthx_e	-0.0	-1000.0	0.0	-0.0	Inf
HCINNMt2rpp_f	maltpt_e	-0.0	-1000.0	0.0	-0.0	Inf
HCINNMt2rpp_f	gal_e	-0.0	-1000.0	0.0	-0.0	Inf
HCINNMt2rpp_f	gal_bD_e	-0.0	-1000.0	0.0	-0.0	Inf
HCINNMt2rpp_f	malttr_e	-0.0	-1000.0	0.0	-0.0	Inf
HCINNMt2rpp_f	maltttr_e	-0.0	-1000.0	0.0	-0.0	Inf
HCINNMt2rpp_f	man_e	-0.0	-1000.0	0.0	-0.0	Inf
HCINNMt2rpp_f	thym_e	-0.0	-1000.0	0.0	-0.0	Inf
HCINNMt2rpp_f	thymd_e	-0.0	-1000.0	0.0	-0.0	Inf
HCINNMt2rpp_f	galt_e	-0.0	-1.6427664179373096	0.0	-0.0	Inf
HCINNMt2rpp_f	melib_e	-0.0	-1000.0	0.0	-0.0	Inf
HCINNMt2rpp_f	meoh_e	-0.0	-1000.0	0.0	-0.0	Inf
HCINNMt2rpp_f	tmao_e	-0.0	-1000.0	0.0	-0.0	Inf
HCINNMt2rpp_f	tre_e	-0.0	-1000.0	0.0	-0.0	Inf
HCINNMt2rpp_f	metsox_S__L_e	-0.0	-1000.0	0.0	-0.0	Inf
HCINNMt2rpp_f	glc__D_e	-0.0	-37.3857989059126	6.465391118467153	-0.0	0.0
HCINNMt2rpp_f	mg2_e	-0.0	-0.002023442124501371	999.9979765578755	-0.0	0.0
HCINNMt2rpp_f	mnl_e	-0.0	-1000.0	0.0	-0.0	Inf
HCINNMt2rpp_f	mobd_e	-0.0	-3.0089225788287877e-05	999.9999699107742	-0.0	0.0
HCINNMt2rpp_f	glyald_e	-0.0	-1000.0	0.0	-0.0	Inf
HCINNMt2rpp_f	n2o_e	-0.0	-1000.0	0.0	-0.0	Inf
HCINNMt2rpp_f	na1_e	-0.0	-1000.0	0.0	-0.0	Inf
HCINNMt2rpp_f	nac_e	-0.0	-1000.0	0.0	-0.0	Inf
HCINNMt2rpp_f	ni2_e	-0.0	-7.53396894879188e-05	999.9999246603105	-0.0	0.0
HCINNMt2rpp_f	no_e	-0.0	-1000.0	0.0	-0.0	Inf
HCINNMt2rpp_f	no2_e	-0.0	-1000.0	0.0	-0.0	Inf
HCINNMt2rpp_f	ura_e	-0.0	-1000.0	0.0	-0.0	Inf
HCINNMt2rpp_f	no3_e	-0.0	-1000.0	0.0	-0.0	Inf
HCINNMt2rpp_f	urea_e	-0.0	-1000.0	0.0	-0.0	Inf
HCINNMt2rpp_f	novbcn_e	-0.0	-1000.0	0.0	-0.0	Inf
HCINNMt2rpp_f	uri_e	-0.0	-1000.0	0.0	-0.0	Inf
HCINNMt2rpp_f	o2_e	-0.0	-50.03980137224153	949.9601986277585	-0.0	0.0
HCINNMt2rpp_f	xan_e	-0.0	0.0	0.0	Inf	Inf
HCINNMt2rpp_f	xtsn_e	-0.0	-1000.0	0.0	-0.0	Inf
HCINNMt2rpp_f	xyl__D_e	-0.0	-1000.0	0.0	-0.0	Inf
HCINNMt2rpp_f	xylu__L_e	-0.0	-1000.0	0.0	-0.0	Inf
HCINNMt2rpp_f	pacald_e	-0.0	-1000.0	0.0	-0.0	Inf
HCINNMt2rpp_f	12dgr120_p	-0.0	0.0	0.0	Inf	Inf
HCINNMt2rpp_f	12dgr140_p	-0.0	0.0	0.0	Inf	Inf
HCINNMt2rpp_f	12dgr160_p	-0.0	-0.014884603542700919	0.0	-0.0	Inf
HCINNMt2rpp_f	12dgr180_p	-0.0	0.0	0.0	Inf	Inf
HCINNMt2rpp_f	12ppd__R_p	-0.0	-1000.0	0.0	-0.0	Inf
HCINNMt2rpp_f	12ppd__S_p	-0.0	0.0	0.0	Inf	Inf
HCINNMt2rpp_f	chol_p	-0.0	-1000.0	0.0	-0.0	Inf
HCINNMt2rpp_f	cl_p	-0.0	-0.0012140652746666092	999.9987859347253	-0.0	0.0
HCINNMt2rpp_f	34dhpac_p	-0.0	-1000.0	0.0	-0.0	Inf
HCINNMt2rpp_f	cm_p	-0.0	0.0	0.0	Inf	Inf
HCINNMt2rpp_f	4hoxpacd_p	-0.0	-1000.0	0.0	-0.0	Inf
HCINNMt2rpp_f	co2_p	-0.0	-949.5745115489766	50.4254884510234	-0.0	0.0
HCINNMt2rpp_f	5mtr_p	-0.0	0.0	0.0	Inf	Inf
HCINNMt2rpp_f	LalaDgluMdap_p	-0.0	-0.006481545793157821	0.0	-0.0	Inf
HCINNMt2rpp_f	gal_p	-0.0	-1000.0	0.0	-0.0	Inf
HCINNMt2rpp_f	ac_p	-0.0	-2.1449727408408554	0.0	-0.0	Inf
HCINNMt2rpp_f	crn_p	-0.0	-1000.0	0.0	-0.0	Inf
HCINNMt2rpp_f	gal_bD_p	-0.0	-1000.0	0.0	-0.0	Inf
HCINNMt2rpp_f	acald_p	-0.0	-1000.0	0.0	-0.0	Inf
HCINNMt2rpp_f	acgal_p	-0.0	-1000.0	0.0	-0.0	Inf
HCINNMt2rpp_f	csn_p	-0.0	0.0	0.0	Inf	Inf
HCINNMt2rpp_f	acgam_p	-0.0	-1000.0	0.0	-0.0	Inf
HCINNMt2rpp_f	galt_p	-0.0	-1.6427664179373096	0.0	-0.0	Inf
HCINNMt2rpp_f	acmana_p	-0.0	-1000.0	0.0	-0.0	Inf
HCINNMt2rpp_f	cyan_p	-0.0	0.0	0.0	Inf	Inf
HCINNMt2rpp_f	ade_p	-0.0	-1000.0	0.0	-0.0	Inf
HCINNMt2rpp_f	adn_p	-0.0	0.0	0.00015604412464454375	Inf	0.0
HCINNMt2rpp_f	cytd_p	-0.0	-0.037442426171236054	0.0	-0.0	Inf
HCINNMt2rpp_f	glc__D_p	-0.0	-37.3857989059126	6.465391118467153	-0.0	0.0
HCINNMt2rpp_f	dad_2_p	-0.0	-1000.0	0.0	-0.0	Inf
HCINNMt2rpp_f	dcyt_p	-0.0	-1000.0	0.0	-0.0	Inf
HCINNMt2rpp_f	all__D_p	-0.0	0.0	0.0	Inf	Inf
HCINNMt2rpp_f	alltn_p	-0.0	0.0	0.0	Inf	Inf
HCINNMt2rpp_f	dha_p	-0.0	-1000.0	0.0	-0.0	Inf
HCINNMt2rpp_f	glyald_p	-0.0	-1000.0	0.0	-0.0	Inf
HCINNMt2rpp_f	glyb_p	0.0	0.0	0.0	Inf	Inf
HCINNMt2rpp_f	dms_p	-0.0	-1000.0	0.0	-0.0	Inf
HCINNMt2rpp_f	glyc_p	-0.0	-0.03242825494929989	0.0	-0.0	Inf
HCINNMt2rpp_f	dmso_p	-0.0	-1000.0	0.0	-0.0	Inf
HCINNMt2rpp_f	arab__L_p	-0.0	0.0	0.0	Inf	Inf
HCINNMt2rpp_f	arbt_p	0.0	0.0	0.0	Inf	Inf
HCINNMt2rpp_f	ca2_p	-0.0	-0.0012140652746666092	999.9987859347253	-0.0	0.0
HCINNMt2rpp_f	duri_p	-0.0	-1000.0	0.0	-0.0	Inf
HCINNMt2rpp_f	h2_p	-0.0	-554.5560171043675	0.22500000000707132	-0.0	0.0
HCINNMt2rpp_f	h2o2_p	-0.0	-1000.0	0.0	-0.0	Inf
HCINNMt2rpp_f	etoh_p	-0.0	-1000.0	0.0	-0.0	Inf
HCINNMt2rpp_f	fald_p	-0.0	0.0	0.0	Inf	Inf
HCINNMt2rpp_f	n2o_p	-0.0	-1000.0	0.0	-0.0	Inf
HCINNMt2rpp_f	na1_p	-0.0	-1000.0	0.0	-0.0	Inf
HCINNMt2rpp_f	indole_p	-0.0	0.0	0.9236273026381647	Inf	0.0
HCINNMt2rpp_f	nac_p	-0.0	-1000.0	0.0	-0.0	Inf
HCINNMt2rpp_f	ni2_p	-0.0	-7.53396894879188e-05	999.9999246603105	-0.0	0.0
HCINNMt2rpp_f	inost_p	-0.0	-1000.0	0.0	-0.0	Inf
HCINNMt2rpp_f	no_p	-0.0	-1000.0	0.0	-0.0	Inf
HCINNMt2rpp_f	no2_p	-0.0	-1000.0	0.0	-0.0	Inf
HCINNMt2rpp_f	for_p	-0.0	0.0	0.0005721617877681659	Inf	0.0
HCINNMt2rpp_f	fru_p	-0.0	-1000.0	0.0	-0.0	Inf
HCINNMt2rpp_f	no3_p	-0.0	0.0	0.0	Inf	Inf
HCINNMt2rpp_f	k_p	-0.0	-0.04552873067530072	999.9544712693247	-0.0	0.0
HCINNMt2rpp_f	novbcn_p	-0.0	0.0	0.0	Inf	Inf
HCINNMt2rpp_f	o2_p	-0.0	-50.03980137224153	949.9601986277585	-0.0	0.0
HCINNMt2rpp_f	lipa_cold_p	-0.0	-167.34860985381624	0.0	-0.0	Inf
HCINNMt2rpp_f	g3pe_p	-0.0	0.0	0.0	Inf	Inf
HCINNMt2rpp_f	g3pi_p	-0.0	0.0	0.0	Inf	Inf
HCINNMt2rpp_f	so3_p	-0.0	-1000.0	0.0	-0.0	Inf
HCINNMt2rpp_f	so4_p	-0.0	-0.058827002241817354	999.9411729977581	-0.0	0.0
HCINNMt2rpp_f	malt_p	0.0	0.0	0.0	Inf	Inf
HCINNMt2rpp_f	malthx_p	0.0	0.0	0.0	Inf	Inf
HCINNMt2rpp_f	maltpt_p	0.0	0.0	0.0	Inf	Inf
HCINNMt2rpp_f	sucr_p	-0.0	-1000.0	0.0	-0.0	Inf
HCINNMt2rpp_f	malttr_p	0.0	0.0	0.0	Inf	Inf
HCINNMt2rpp_f	maltttr_p	0.0	0.0	0.0	Inf	Inf
HCINNMt2rpp_f	pacald_p	-0.0	-1000.0	0.0	-0.0	Inf
HCINNMt2rpp_f	man_p	-0.0	-1000.0	0.0	-0.0	Inf
HCINNMt2rpp_f	tartr__L_p	-0.0	-1000.0	0.0	-0.0	Inf
HCINNMt2rpp_f	pe120_p	-0.0	0.0	0.0	Inf	Inf
HCINNMt2rpp_f	melib_p	-0.0	-1000.0	0.0	-0.0	Inf
HCINNMt2rpp_f	meoh_p	-0.0	-1000.0	0.0	-0.0	Inf
HCINNMt2rpp_f	thym_p	-0.0	-1000.0	0.0	-0.0	Inf
HCINNMt2rpp_f	thymd_p	-0.0	-0.006103214597033002	0.0	-0.0	Inf
HCINNMt2rpp_f	pg120_p	-0.0	-0.016214127474649946	0.0	-0.0	Inf
HCINNMt2rpp_f	metsox_S__L_p	-0.0	-1000.0	0.0	-0.0	Inf
HCINNMt2rpp_f	tmao_p	-0.0	-1000.0	0.0	-0.0	Inf
HCINNMt2rpp_f	mg2_p	-0.0	-0.002023442124501371	999.9979765578755	-0.0	0.0
HCINNMt2rpp_f	tre_p	-0.0	0.0	0.0	Inf	Inf
HCINNMt2rpp_f	mnl_p	-0.0	0.0	0.0	Inf	Inf
HCINNMt2rpp_f	mobd_p	-0.0	-3.0089225788287877e-05	999.9999699107742	-0.0	0.0
HCINNMt2rpp_f	ura_p	-0.0	-1000.0	0.0	-0.0	Inf
HCINNMt2rpp_f	urea_p	-0.0	-1000.0	0.0	-0.0	Inf
HCINNMt2rpp_f	uri_p	-0.0	0.0	0.0	Inf	Inf
HCINNMt2rpp_f	xan_p	-0.0	0.0	0.0	Inf	Inf
HCINNMt2rpp_f	xtsn_p	-0.0	0.0	0.0	Inf	Inf
HCINNMt2rpp_f	xyl__D_p	-0.0	0.0	0.0	Inf	Inf
HCINNMt2rpp_f	xylu__L_p	-0.0	-1000.0	0.0	-0.0	Inf
HCINNMt2rpp_f	ppal_p	-0.0	-1000.0	0.0	-0.0	Inf
HCINNMt2rpp_f	psclys_p	-0.0	-1000.0	0.0	-0.0	Inf
HCINNMt2rpp_f	pydx_p	-0.0	0.0	0.0	Inf	Inf
HCINNMt2rpp_f	pydxn_p	-0.0	0.0	0.0	Inf	Inf
HCINNMt2rpp_f	rib__D_p	-0.0	-1000.0	0.0	-0.0	Inf
HCINNMt2rpp_f	rmn_p	-0.0	-1000.0	0.0	-0.0	Inf
HCINNMt2rpp_f	sbt__D_p	-0.0	-34.65975106902297	0.0	-0.0	Inf
HCINNMt2rpp_f	slnt_p	-0.0	0.0	0.0	Inf	Inf
HCINNMt2rpp_f	so2_p	-0.0	-1000.0	0.0	-0.0	Inf
