id,ChEBI,CID
s_0001[ce],CHEBI:37671,64689
s_0002[c],CHEBI:37671,64689
s_0003[e],CHEBI:37671,64689
s_0004[ce],CHEBI:27380,64689
s_0006[m],CHEBI:57602,135398611
s_0007[c],CHEBI:57470,23615417
s_0008[m],CHEBI:49258,21145376
s_0009[c],CHEBI:35121,6857402
s_0010[c],CHEBI:17214,6419705
s_0011[m],CHEBI:17214,6419705
s_0012[m],CHEBI:57429,23615311
s_0013[c],CHEBI:53026,5283161
s_0014[n],CHEBI:53026,5283161
s_0015[c],CHEBI:57472,46878376
s_0016[m],CHEBI:49072,23615351
s_0017[c],CHEBI:15905,41635
s_0018[c],CHEBI:57557,24916915
s_0019[c],CHEBI:58146,25244548
s_0020[c],CHEBI:15686,439314
s_0021[c],CHEBI:16347,10917
s_0022[e],CHEBI:16347,10917
s_0023[m],CHEBI:16347,10917
s_0024[p],CHEBI:16347,10917
s_0025[c],CHEBI:16004,5460179
s_0026[e],CHEBI:16004,5460179
s_0027[m],CHEBI:16004,5460179
s_0028[c],CHEBI:36464,5288798
s_0029[e],CHEBI:36464,5288798
s_0030[c],CHEBI:15980,5289105
s_0031[c],CHEBI:29032,167945
s_0032[e],CHEBI:29032,167945
s_0033[c],CHEBI:57474,46878377
s_0034[m],CHEBI:57474,46878377
s_0035[c],CHEBI:16982,225936
s_0036[e],CHEBI:16982,225936
s_0037[c],CHEBI:15441,5459811
s_0038[er],CHEBI:15441,5459811
s_0039[m],CHEBI:49256,21145135
s_0042[p],CHEBI:28325,11966158
s_0045[p],CHEBI:52976,25271601
s_0048[p],CHEBI:27668,11966173
s_0051[p],CHEBI:27402,11966179
s_0054[p],CHEBI:27466,11966177
s_0056[c],CHEBI:35146,6857401
s_0058[e],CHEBI:35146,6857401
s_0060[m],CHEBI:35146,6857401
s_0061[c],CHEBI:30864,5460289
s_0062[c],CHEBI:18041,439231
s_0063[c],CHEBI:16651,5460161
s_0064[e],CHEBI:16651,5460161
s_0065[m],CHEBI:16651,5460161
s_0066[c],CHEBI:15589,5459792
s_0067[e],CHEBI:15589,5459792
s_0068[m],CHEBI:15589,5459792
s_0069[p],CHEBI:15589,5459792
s_0075[c],CHEBI:57604,46878409
s_0076[c],CHEBI:58613,45266701
s_0077[c],CHEBI:58435,71464470
s_0078[c],CHEBI:59457,45480652
s_0079[c],CHEBI:58444,45480544
s_0080[e],CHEBI:58444,45480544
s_0084[e],CHEBI:11230,
s_0086[c],CHEBI:60820,25246146
s_0087[c],CHEBI:16797,457
s_0089[c],CHEBI:57880,
s_0116[c],CHEBI:58509,23615442
s_0117[m],CHEBI:58509,23615442
s_0118[c],CHEBI:15893,11966213
s_0119[m],CHEBI:15893,11966213
s_0120[c],CHEBI:57454,135398555
s_0121[m],CHEBI:57454,135398555
s_0122[c],CHEBI:18364,165609
s_0123[n],CHEBI:57895,24742076
s_0124[n],CHEBI:57627,25201642
s_0125[n],CHEBI:203600,21761708
s_0126[c],CHEBI:58433,5288642
s_0127[er],CHEBI:58433,5288642
s_0129[m],CHEBI:58401,5288700
s_0131[c],CHEBI:60879,6992262
s_0132[c],CHEBI:17256,13730
s_0133[e],CHEBI:17256,13730
s_0134[c],CHEBI:17172,135398592
s_0135[e],CHEBI:17172,135398592
s_0136[c],CHEBI:28997,135398593
s_0137[e],CHEBI:28997,135398593
s_0138[c],CHEBI:16450,13712
s_0139[e],CHEBI:16450,13712
s_0140[c],CHEBI:58248,25200383
s_0141[c],CHEBI:58614,135398600
s_0142[c],CHEBI:52957,135911928
s_0143[c],CHEBI:17144,440342
s_0144[c],CHEBI:57784,25203042
s_0145[m],CHEBI:29123,6857435
s_0146[m],CHEBI:57774,13999769
s_0147[c],CHEBI:29044,9548579
s_0148[m],CHEBI:17083,135398568
s_0149[c],CHEBI:11561,16755619
s_0150[m],CHEBI:11561,16755619
s_0152[c],CHEBI:28816,5460005
s_0153[c],CHEBI:57651,23615346
s_0154[m],CHEBI:28753,135398717
s_0155[m],CHEBI:27752,5280826
s_0156[m],CHEBI:28711,5280827
s_0157[m],CHEBI:1109,5280825
s_0158[c],CHEBI:50606,669
s_0161[er],CHEBI:50626,18987871
s_0162[c],CHEBI:28107,6419726
s_0163[e],CHEBI:28107,6419726
s_0164[m],CHEBI:28107,6419726
s_0165[c],CHEBI:58085,21954611
s_0166[c],CHEBI:16182,7284
s_0167[e],CHEBI:16182,7284
s_0168[m],CHEBI:16182,7284
s_0169[c],CHEBI:48945,8723
s_0170[e],CHEBI:48945,8723
s_0171[m],CHEBI:48945,8723
s_0172[c],CHEBI:50585,12209
s_0173[e],CHEBI:50585,12209
s_0174[m],CHEBI:15598,5460420
s_0176[c],CHEBI:57499,23615192
s_0177[m],CHEBI:57499,23615192
s_0178[c],CHEBI:16763,3593277
s_0179[m],CHEBI:16763,3593277
s_0180[c],CHEBI:16810,164533
s_0181[e],CHEBI:16810,164533
s_0182[m],CHEBI:16810,164533
s_0183[n],CHEBI:16810,164533
s_0184[p],CHEBI:16810,164533
s_0185[c],CHEBI:49000,6054
s_0186[e],CHEBI:49000,6054
s_0187[m],CHEBI:49000,6054
s_0188[c],CHEBI:58289,40467846
s_0189[c],CHEBI:58756,5497105
s_0190[c],CHEBI:175763,15983959
s_0191[m],CHEBI:175763,15983959
s_0192[c],CHEBI:58165,7059571
s_0193[c],CHEBI:58003,25200362
s_0194[c],CHEBI:28074,188955
s_0195[c],CHEBI:57746,135398569
s_0196[c],CHEBI:27541,135398663
s_0197[c],CHEBI:57328,45266562
s_0200[m],CHEBI:57328,45266562
s_0201[c],CHEBI:58339,46926099
s_0204[c],CHEBI:36242,6971070
s_0206[p],CHEBI:36242,6971070
s_0207[c],CHEBI:57766,25244516
s_0208[c],CHEBI:58374,21286229
s_0209[c],CHEBI:50593,24906328
s_0210[c],CHEBI:32364,5460271
s_0211[c],CHEBI:16630,5460360
s_0212[c],CHEBI:58373,54692919
s_0213[m],CHEBI:58373,54692919
s_0214[m],CHEBI:57916,54692918
s_0215[c],CHEBI:31116,11954011
s_0216[m],CHEBI:31116,11954011
s_0217[c],CHEBI:52960,44176395
s_0218[c],CHEBI:11814,91506
s_0221[m],CHEBI:11814,91506
s_0222[c],CHEBI:17380,11811
s_0224[c],CHEBI:36559,54675871
s_0229[p],CHEBI:50583,24906329
s_0231[er],CHEBI:58299,49852310
s_0232[c],CHEBI:11851,5204641
s_0233[m],CHEBI:11851,5204641
s_0234[c],CHEBI:16638,11552
s_0235[e],CHEBI:16638,11552
s_0236[m],CHEBI:16638,11552
s_0239[p],CHEBI:28528,11966155
s_0243[p],CHEBI:52977,25271602
s_0247[p],CHEBI:27868,11966169
s_0250[p],CHEBI:50571,22833664
s_0253[p],CHEBI:57349,25244191
s_0257[p],CHEBI:28726,11966197
s_0258[c],CHEBI:18110,5460375
s_0259[c],CHEBI:57524,7059387
s_0260[c],CHEBI:58272,25245548
s_0261[c],CHEBI:145989,14506806
s_0262[c],CHEBI:17813,443212
s_0263[c],CHEBI:53066,44224022
s_0264[c],CHEBI:58452,45480653
s_0267[c],CHEBI:57841,25245586
s_0268[c],CHEBI:58354,25244846
s_0269[c],CHEBI:35181,6857399
s_0270[c],CHEBI:16892,777
s_0271[c],CHEBI:17836,4876
s_0272[e],CHEBI:17836,4876
s_0273[m],CHEBI:17836,4876
s_0274[c],CHEBI:58264,25245200
s_0275[m],CHEBI:58264,25245200
s_0279[c],CHEBI:53064,16752671
s_0280[c],CHEBI:58365,25243936
s_0281[c],CHEBI:15728,500
s_0282[c],CHEBI:17742,5459960
s_0283[m],CHEBI:17742,5459960
s_0284[p],CHEBI:17742,5459960
s_0285[c],CHEBI:28330,193577
s_0286[c],CHEBI:17879,54675830
s_0287[m],CHEBI:17879,54675830
s_0290[m],CHEBI:57356,45266585
s_0291[c],CHEBI:17865,3527278
s_0292[m],CHEBI:17865,3527278
s_0293[c],CHEBI:58296,25245616
s_0294[c],CHEBI:16723,4584184
s_0295[c],CHEBI:30407,5460236
s_0296[c],CHEBI:1949,22212495
s_0297[c],CHEBI:50591,22298938
s_0298[c],CHEBI:58243,49852317
s_0299[c],CHEBI:58443,86289088
s_0300[c],CHEBI:58592,45266696
s_0301[c],CHEBI:58426,45266641
s_0302[c],CHEBI:58478,45266658
s_0303[c],CHEBI:17509,439176
s_0304[c],CHEBI:57455,135926594
s_0305[m],CHEBI:57455,135926594
s_0306[c],CHEBI:12071,135510647
s_0307[m],CHEBI:12071,135510647
s_0308[c],CHEBI:27650,135860812
s_0309[c],CHEBI:52965,25245165
s_0310[c],CHEBI:17957,1136
s_0311[c],CHEBI:58828,25244990
s_0312[c],CHEBI:58525,45266672
s_0313[c],CHEBI:58421,45266638
s_0314[c],CHEBI:15934,193516
s_0315[c],CHEBI:17549,137
s_0316[e],CHEBI:17549,137
s_0317[m],CHEBI:17549,137
s_0318[c],CHEBI:58628,25201153
s_0319[c],CHEBI:57457,135398558
s_0320[e],CHEBI:57457,135398558
s_0321[m],CHEBI:57457,135398558
s_0322[c],CHEBI:18608,135398560
s_0323[c],CHEBI:58207,135398573
s_0324[c],CHEBI:57701,14506801
s_0325[c],CHEBI:58457,45266651
s_0326[c],CHEBI:58424,45266640
s_0327[c],CHEBI:58681,45266724
s_0328[c],CHEBI:58201,46931117
s_0329[er],CHEBI:17049,
s_0330[er],CHEBI:53055,
s_0331[er],CHEBI:57265,
s_0332[er],CHEBI:53060,
s_0333[c],CHEBI:53065,16752673
s_0334[er],CHEBI:53056,
s_0335[c],CHEBI:57955,46926335
s_0337[er],CHEBI:53057,
s_0338[er],CHEBI:53059,
s_0339[er],CHEBI:53058,
s_0340[c],CHEBI:58759,36688186
s_0341[c],CHEBI:17830,5460128
s_0342[e],CHEBI:17830,5460128
s_0343[c],CHEBI:17001,135398602
s_0344[m],CHEBI:17001,135398602
s_0345[c],CHEBI:58762,135398607
s_0346[c],CHEBI:58462,135398609
s_0347[c],CHEBI:17839,135476773
s_0348[m],CHEBI:17839,135476773
s_0349[c],CHEBI:58394,5460215
s_0350[m],CHEBI:58394,5460215
s_0352[c],CHEBI:15830,173
s_0354[e],CHEBI:15830,173
s_0357[c],CHEBI:17712,1188
s_0358[e],CHEBI:17712,1188
s_0359[c],CHEBI:15343,177
s_0360[e],CHEBI:15343,177
s_0361[m],CHEBI:15343,177
s_0362[c],CHEBI:30089,175
s_0363[er],CHEBI:30089,175
s_0364[e],CHEBI:30089,175
s_0365[m],CHEBI:30089,175
s_0366[n],CHEBI:30089,175
s_0367[c],CHEBI:57286,45266540
s_0370[m],CHEBI:57286,45266540
s_0372[m],CHEBI:17093,
s_0373[c],CHEBI:57288,45266541
s_0376[m],CHEBI:57288,45266541
s_0377[n],CHEBI:57288,45266541
s_0378[p],CHEBI:57288,45266541
s_0383[c],CHEBI:16708,190
s_0384[e],CHEBI:16708,190
s_0385[m],CHEBI:16708,190
s_0386[c],CHEBI:16335,60961
s_0387[e],CHEBI:16335,60961
s_0389[c],CHEBI:28223,94136
s_0390[c],CHEBI:58343,23615194
s_0391[e],CHEBI:58343,23615194
s_0392[m],CHEBI:58343,23615194
s_0393[c],CHEBI:57567,46878398
s_0394[c],CHEBI:456216,7058055
s_0395[er],CHEBI:456216,7058055
s_0397[m],CHEBI:456216,7058055
s_0398[n],CHEBI:456216,7058055
s_0399[p],CHEBI:456216,7058055
s_0402[n],CHEBI:57967,49791958
s_0403[c],CHEBI:58475,45266657
s_0404[c],CHEBI:17732,
s_0405[c],CHEBI:17536,5287444
s_0406[e],CHEBI:17536,5287444
s_0407[c],CHEBI:15676,204
s_0408[e],CHEBI:15676,204
s_0409[c],CHEBI:58429,25246105
s_0410[c],CHEBI:58336,7098639
s_0411[c],CHEBI:58516,25243931
s_0412[c],CHEBI:15873,439217
s_0413[e],CHEBI:15873,439217
s_0414[g],CHEBI:28067,45259177
s_0415[c],CHEBI:57720,23615443
s_0416[m],CHEBI:57720,23615443
s_0417[c],CHEBI:58213,18706033
s_0418[c],CHEBI:58320,3692773
s_0419[c],CHEBI:28938,223
s_0420[e],CHEBI:28938,223
s_0421[m],CHEBI:28938,223
s_0423[c],CHEBI:456215,15938965
s_0424[m],CHEBI:456215,15938965
s_0425[n],CHEBI:456215,15938965
s_0426[p],CHEBI:456215,15938965
s_0427[c],CHEBI:16567,5459842
s_0428[c],CHEBI:18366,
s_0429[m],CHEBI:18366,
s_0430[c],CHEBI:29265,
s_0431[m],CHEBI:29265,
s_0432[c],CHEBI:29158,
s_0433[m],CHEBI:29158,
s_0434[c],CHEBI:30616,5461108
s_0435[er],CHEBI:30616,5461108
s_0437[m],CHEBI:30616,5461108
s_0438[n],CHEBI:30616,5461108
s_0439[p],CHEBI:30616,5461108
s_0441[c],CHEBI:16958,239
s_0442[c],CHEBI:58579,21117974
s_0443[c],CHEBI:18396,45259170
s_0444[g],CHEBI:18396,45259170
s_0445[c],CHEBI:17544,769
s_0446[e],CHEBI:17544,769
s_0447[m],CHEBI:17544,769
s_0448[n],CHEBI:17544,769
s_0450[c],,
s_0451[c],CHEBI:57586,6560210
s_0452[e],CHEBI:57586,6560210
s_0453[c],CHEBI:62414,53239798
s_0454[m],CHEBI:58174,21158450
s_0455[c],CHEBI:58228,3423467
s_0456[c],CHEBI:16526,280
s_0457[er],CHEBI:16526,280
s_0458[e],CHEBI:16526,280
s_0460[m],CHEBI:16526,280
s_0461[n],CHEBI:16526,280
s_0462[p],CHEBI:16526,280
s_0465[m],CHEBI:17330,
s_0467[c],CHEBI:58069,20056867
s_0468[n],CHEBI:58069,20056867
s_0469[c],CHEBI:16436,13804
s_0474[c],CHEBI:57876,25202847
s_0475[er],CHEBI:52961,5283577
s_0476[g],CHEBI:52961,5283577
s_0477[m],CHEBI:52961,5283577
s_0478[er],CHEBI:52962,644245
s_0479[g],CHEBI:52962,644245
s_0480[m],CHEBI:52962,644245
s_0481[er],CHEBI:52979,10462091
s_0482[g],CHEBI:52979,10462091
s_0483[m],CHEBI:52979,10462091
s_0484[er],CHEBI:52980,10417280
s_0485[g],CHEBI:52980,10417280
s_0486[m],CHEBI:52980,10417280
s_0487[er],CHEBI:52371,53262287
s_0488[g],CHEBI:52371,53262287
s_0489[m],CHEBI:52371,53262287
s_0490[er],CHEBI:52372,53262288
s_0491[g],CHEBI:52372,53262288
s_0492[m],CHEBI:52372,53262288
s_0493[er],CHEBI:52373,52931127
s_0494[g],CHEBI:52373,52931127
s_0495[m],CHEBI:52373,52931127
s_0496[er],CHEBI:52374,52931128
s_0497[g],CHEBI:52374,52931128
s_0498[m],CHEBI:52374,52931128
s_0499[er],CHEBI:60256,53356672
s_0500[g],CHEBI:60256,53356672
s_0501[m],CHEBI:60256,53356672
s_0502[er],CHEBI:60384,53356671
s_0503[g],CHEBI:60384,53356671
s_0504[m],CHEBI:60384,53356671
s_0507[er],CHEBI:31013,5461023
s_0509[c],CHEBI:17029,24139
s_0510[ce],CHEBI:16261,441477
s_0511[ce],CHEBI:15354,305
s_0512[c],CHEBI:15354,305
s_0513[e],CHEBI:15354,305
s_0514[c],CHEBI:295975,3330960
s_0515[c],CHEBI:29748,5460312
s_0516[c],CHEBI:16383,5459816
s_0517[m],CHEBI:16383,5459816
s_0522[c],CHEBI:16947,31348
s_0523[e],CHEBI:16947,31348
s_0524[m],CHEBI:16947,31348
s_0525[p],CHEBI:16947,31348
s_0526[c],CHEBI:60377,7058165
s_0528[m],CHEBI:60377,7058165
s_0529[c],CHEBI:57287,25113190
s_0530[er],CHEBI:57287,25113190
s_0531[lp],CHEBI:57287,25113190
s_0532[m],CHEBI:57287,25113190
s_0533[n],CHEBI:57287,25113190
s_0534[p],CHEBI:57287,25113190
s_0538[c],CHEBI:57309,20849114
s_0539[c],CHEBI:37563,7058166
s_0541[m],CHEBI:37563,7058166
s_0542[c],CHEBI:29152,
s_0543[c],CHEBI:17562,6175
s_0544[e],CHEBI:17562,6175
s_0545[c],CHEBI:16040,597
s_0546[e],CHEBI:16040,597
s_0547[c],CHEBI:16292,17723
s_0548[c],CHEBI:17108,
s_0549[e],CHEBI:17108,
s_0550[c],CHEBI:58278,5459954
s_0551[c],CHEBI:16897,5459862
s_0552[m],CHEBI:16897,5459862
s_0553[c],CHEBI:15824,
s_0554[e],CHEBI:15824,
s_0555[c],CHEBI:16905,84951
s_0556[c],CHEBI:18105,65246
s_0557[c],CHEBI:57579,21114947
s_0558[c],CHEBI:12936,
s_0559[e],CHEBI:12936,
s_0560[e],CHEBI:12952,1593918
s_0561[c],CHEBI:17924,5780
s_0562[e],CHEBI:17924,5780
s_0563[c],CHEBI:4167,5793
s_0565[e],CHEBI:4167,5793
s_0566[v],CHEBI:4167,5793
s_0567[c],CHEBI:57629,23421198
s_0568[c],CHEBI:14314,
s_0570[c],CHEBI:17378,79014
s_0571[c],CHEBI:16024,
s_0572[e],CHEBI:16024,
s_0573[c],CHEBI:35374,644175
s_0574[c],CHEBI:17369,
s_0575[c],CHEBI:16988,
s_0576[e],CHEBI:16988,
s_0577[c],CHEBI:58121,21144996
s_0578[c],CHEBI:15936,644160
s_0579[e],CHEBI:15936,644160
s_0580[c],CHEBI:17140,5289590
s_0581[c],CHEBI:57737,5459820
s_0582[c],CHEBI:57667,21125569
s_0583[n],CHEBI:57667,21125569
s_0584[c],CHEBI:58245,22848660
s_0585[m],CHEBI:58245,22848660
s_0586[c],CHEBI:61404,25320183
s_0587[c],CHEBI:58593,21122964
s_0588[n],CHEBI:58593,21122964
s_0589[c],CHEBI:57566,7058169
s_0590[c],CHEBI:57724,42609815
s_0591[c],CHEBI:18304,165491
s_0593[n],CHEBI:18304,165491
s_0595[c],CHEBI:27689,4678093
s_0597[e],CHEBI:27689,4678093
s_0600[p],CHEBI:27689,4678093
s_0605[p],CHEBI:61430,25244140
s_0606[lp],CHEBI:53043,5462210
s_0607[c],CHEBI:58277,54730539
s_0608[c],CHEBI:53027,9949656
s_0609[n],CHEBI:53027,9949656
s_0610[c],CHEBI:15698,13711
s_0611[e],CHEBI:15698,13711
s_0612[c],CHEBI:57861,25244917
s_0613[c],CHEBI:58595,135398594
s_0614[n],CHEBI:58595,135398594
s_0615[c],CHEBI:57673,135398596
s_0616[m],CHEBI:57673,135398596
s_0617[c],CHEBI:57794,135912259
s_0618[c],CHEBI:28823,135398667
s_0620[er],CHEBI:18035,
s_0625[c],CHEBI:57451,135398603
s_0626[m],CHEBI:57451,135398603
s_0627[m],CHEBI:17694,663
s_0628[m],CHEBI:16194,
s_0629[c],CHEBI:57642,4643300
s_0631[lp],CHEBI:57642,4643300
s_0632[m],CHEBI:57642,4643300
s_0633[c],CHEBI:33019,4097574
s_0635[lp],CHEBI:33019,4097574
s_0636[m],CHEBI:33019,4097574
s_0637[n],CHEBI:33019,4097574
s_0638[p],CHEBI:33019,4097574
s_0639[c],CHEBI:61382,135398615
s_0640[lp],CHEBI:53031,44224039
s_0641[lp],CHEBI:53041,25246061
s_0642[c],CHEBI:16091,24892719
s_0644[er],CHEBI:15809,45259167
s_0645[c],CHEBI:16214,24892715
s_0646[er],CHEBI:16214,24892715
s_0647[c],CHEBI:58369,21124327
s_0649[c],CHEBI:17013,9700
s_0650[c],CHEBI:58370,42609788
s_0651[e],CHEBI:58370,42609788
s_0652[c],CHEBI:60471,25246037
s_0653[n],CHEBI:60471,25246037
s_0654[c],CHEBI:246422,18601100
s_0655[n],CHEBI:246422,18601100
s_0656[c],CHEBI:58212,49852308
s_0657[c],CHEBI:23929,5283662
s_0659[e],CHEBI:23929,5283662
s_0662[c],CHEBI:18249,11090531
s_0663[er],CHEBI:18249,11090531
s_0664[c],CHEBI:52972,10894570
s_0665[ce],CHEBI:16933,444679
s_0666[c],CHEBI:16933,444679
s_0667[er],CHEBI:16933,444679
s_0668[e],CHEBI:16933,444679
s_0669[lp],CHEBI:16933,444679
s_0670[c],CHEBI:52973,44176397
s_0672[c],CHEBI:52320,
s_0677[c],CHEBI:21285,440854
s_0678[m],CHEBI:21285,440854
s_0679[p],CHEBI:21285,440854
s_0680[c],CHEBI:16236,702
s_0681[e],CHEBI:16236,702
s_0682[m],CHEBI:16236,702
s_0683[c],CHEBI:57603,444693
s_0684[e],CHEBI:57603,444693
s_0685[c],CHEBI:27750,8857
s_0686[e],CHEBI:27750,8857
s_0687[c],CHEBI:57692,46906035
s_0688[m],CHEBI:57692,46906035
s_0689[c],CHEBI:58307,46931118
s_0690[m],CHEBI:58307,46931118
s_0692[lp],CHEBI:175763,15983959
s_0694[c],CHEBI:35366,
s_0699[ce],CHEBI:17038,440371
s_0700[c],CHEBI:17038,440371
s_0702[e],CHEBI:17038,440371
s_0703[lp],CHEBI:17038,440371
s_0709[m],CHEBI:15991,
s_0710[m],CHEBI:16928,
s_0712[m],CHEBI:60344,53356674
s_0713[m],CHEBI:17119,
s_0714[c],CHEBI:58210,44229199
s_0715[e],CHEBI:58210,44229199
s_0716[m],CHEBI:58210,44229199
s_0717[c],CHEBI:57618,44229161
s_0719[c],CHEBI:62501,135761165
s_0720[e],CHEBI:62501,135761165
s_0721[c],CHEBI:16842,712
s_0722[c],CHEBI:15740,283
s_0723[e],CHEBI:15740,283
s_0724[m],CHEBI:15740,283
s_0725[c],CHEBI:29806,5460307
s_0726[e],CHEBI:29806,5460307
s_0727[m],CHEBI:29806,5460307
s_0734[c],CHEBI:16865,119
s_0736[e],CHEBI:16865,119
s_0738[m],CHEBI:16865,119
s_0739[c],CHEBI:58189,135398618
s_0740[g],CHEBI:58189,135398618
s_0741[m],CHEBI:58189,135398618
s_0742[n],CHEBI:58189,135398618
s_0743[c],CHEBI:57527,135398626
s_0744[g],CHEBI:57527,135398626
s_0745[c],CHEBI:58057,19379894
s_0746[lp],CHEBI:58756,5497105
s_0747[c],CHEBI:29166,
s_0748[c],CHEBI:29157,
s_0749[m],CHEBI:29157,
s_0750[c],CHEBI:57925,7048684
s_0751[e],CHEBI:57925,7048684
s_0752[m],CHEBI:57925,7048684
s_0753[v],CHEBI:57925,7048684
s_0754[c],CHEBI:58297,40467895
s_0755[e],CHEBI:58297,40467895
s_0756[m],CHEBI:58297,40467895
s_0757[c],CHEBI:29156,
s_0764[c],CHEBI:58027,643984
s_0765[c],CHEBI:17754,753
s_0766[e],CHEBI:17754,753
s_0767[c],CHEBI:57597,7048686
s_0769[lp],CHEBI:57597,7048686
s_0770[m],CHEBI:57597,7048686
s_0771[c],CHEBI:16016,670
s_0773[c],CHEBI:28087,
s_0774[v],CHEBI:28087,
s_0775[c],CHEBI:17071,756
s_0776[e],CHEBI:17071,756
s_0777[m],CHEBI:17071,756
s_0779[c],CHEBI:36655,3614358
s_0780[e],CHEBI:36655,3614358
s_0781[p],CHEBI:36655,3614358
s_0782[c],CHEBI:58115,135398630
s_0783[g],CHEBI:58115,135398630
s_0785[c],CHEBI:57600,135873450
s_0786[m],CHEBI:57600,135873450
s_0787[c],CHEBI:16235,135398634
s_0788[e],CHEBI:16235,135398634
s_0789[m],CHEBI:16235,135398634
s_0790[c],CHEBI:16750,135398635
s_0791[e],CHEBI:16750,135398635
s_0792[m],CHEBI:16750,135398635
s_0793[ce],CHEBI:24636,5460653
s_0794[c],CHEBI:24636,5460653
s_0795[er],CHEBI:24636,5460653
s_0796[e],CHEBI:24636,5460653
s_0797[g],CHEBI:24636,5460653
s_0798[lp],CHEBI:24636,5460653
s_0799[m],CHEBI:24636,5460653
s_0800[n],CHEBI:24636,5460653
s_0801[p],CHEBI:24636,5460653
s_0802[v],CHEBI:24636,5460653
s_0803[c],CHEBI:15377,962
s_0804[er],CHEBI:15377,962
s_0805[e],CHEBI:15377,962
s_0806[g],CHEBI:15377,962
s_0807[m],CHEBI:15377,962
s_0808[n],CHEBI:15377,962
s_0809[p],CHEBI:15377,962
s_0810[v],CHEBI:15377,962
s_0811[m],CHEBI:24479,
s_0812[m],CHEBI:24480,15719509
s_0813[lp],CHEBI:53032,44224040
s_0814[lp],CHEBI:53036,44224044
s_0815[lp],CHEBI:53046,5280658
s_0816[c],CHEBI:52966,25246198
s_0817[er],CHEBI:52966,25246198
s_0819[p],CHEBI:52966,25246198
s_0823[p],,
s_0825[er],CHEBI:17600,984
s_0826[e],CHEBI:17600,984
s_0829[lp],CHEBI:53037,44224045
s_0830[lp],CHEBI:53047,5280413
s_0831[m],CHEBI:53047,5280413
s_0832[c],CHEBI:29155,
s_0833[m],CHEBI:29155,
s_0834[m],CHEBI:36457,9548584
s_0835[n],CHEBI:36457,9548584
s_0836[m],CHEBI:30904,5460285
s_0837[c],CHEBI:16240,784
s_0838[m],CHEBI:16240,784
s_0839[n],CHEBI:16240,784
s_0840[p],CHEBI:16240,784
s_0841[c],CHEBI:29919,5047209
s_0843[c],CHEBI:17368,135398638
s_0844[e],CHEBI:17368,135398638
s_0845[lp],CHEBI:53033,44224041
s_0846[c],CHEBI:58280,135573953
s_0847[c],CHEBI:29160,
s_0848[m],CHEBI:29160,
s_0849[c],CHEBI:58053,135398639
s_0850[c],CHEBI:18086,800
s_0851[e],CHEBI:18086,800
s_0852[m],CHEBI:18086,800
s_0853[c],CHEBI:30854,801
s_0854[m],CHEBI:30854,801
s_0855[c],CHEBI:17640,5460337
s_0856[c],CHEBI:17596,135398641
s_0857[e],CHEBI:17596,135398641
s_0859[g],CHEBI:62682,
s_0861[er],CHEBI:60439,70678601
s_0862[g],CHEBI:60439,70678601
s_0863[m],CHEBI:60439,70678601
s_0864[er],CHEBI:62715,53356755
s_0865[g],CHEBI:62715,53356755
s_0866[m],CHEBI:62715,53356755
s_0867[er],CHEBI:60443,70678599
s_0868[g],CHEBI:60443,70678599
s_0869[m],CHEBI:60443,70678599
s_0870[er],CHEBI:62719,53356737
s_0871[g],CHEBI:62719,53356737
s_0872[m],CHEBI:62719,53356737
s_0873[er],CHEBI:60441,70678600
s_0874[g],CHEBI:60441,70678600
s_0875[m],CHEBI:60441,70678600
s_0876[er],CHEBI:62717,53356757
s_0877[g],CHEBI:62717,53356757
s_0878[m],CHEBI:62717,53356757
s_0879[er],CHEBI:60445,70678591
s_0880[g],CHEBI:60445,70678591
s_0881[m],CHEBI:60445,70678591
s_0882[er],CHEBI:53005,53262290
s_0883[g],CHEBI:53005,53262290
s_0884[m],CHEBI:53005,53262290
s_0885[er],CHEBI:60446,70678595
s_0886[g],CHEBI:60446,70678595
s_0887[m],CHEBI:60446,70678595
s_0888[er],CHEBI:62684,53356720
s_0889[g],CHEBI:62684,53356720
s_0890[m],CHEBI:62684,53356720
s_0892[g],CHEBI:60245,
s_0894[er],CHEBI:60402,46931180
s_0895[g],CHEBI:60402,46931180
s_0896[m],CHEBI:60402,46931180
s_0897[er],CHEBI:60405,46931181
s_0898[g],CHEBI:60405,46931181
s_0899[m],CHEBI:60405,46931181
s_0900[er],CHEBI:60410,56951728
s_0901[g],CHEBI:60410,56951728
s_0902[m],CHEBI:60410,56951728
s_0903[er],CHEBI:60412,56951733
s_0904[g],CHEBI:60412,56951733
s_0905[m],CHEBI:60412,56951733
s_0906[er],CHEBI:60406,56951731
s_0907[g],CHEBI:60406,56951731
s_0908[m],CHEBI:60406,56951731
s_0909[er],CHEBI:60409,56951732
s_0910[g],CHEBI:60409,56951732
s_0911[m],CHEBI:60409,56951732
s_0912[er],CHEBI:60413,56951730
s_0913[g],CHEBI:60413,56951730
s_0914[m],CHEBI:60413,56951730
s_0915[er],CHEBI:53004,53630484
s_0916[g],CHEBI:53004,53630484
s_0917[m],CHEBI:53004,53630484
s_0918[er],CHEBI:60414,90657281
s_0919[g],CHEBI:60414,90657281
s_0920[m],CHEBI:60414,90657281
s_0921[er],CHEBI:60415,90658278
s_0922[g],CHEBI:60415,90658278
s_0923[m],CHEBI:60415,90658278
s_0924[c],CHEBI:29033,27284
s_0925[e],CHEBI:29033,27284
s_0926[m],CHEBI:29033,27284
s_0927[c],CHEBI:31725,31276
s_0928[e],CHEBI:31725,31276
s_0929[c],CHEBI:15837,31260
s_0930[e],CHEBI:15837,31260
s_0931[m],CHEBI:15837,31260
s_0932[c],CHEBI:46645,6560
s_0933[e],CHEBI:46645,6560
s_0934[m],CHEBI:46645,6560
s_0935[c],CHEBI:50569,8038
s_0936[e],CHEBI:50569,8038
s_0937[c],CHEBI:48943,6561
s_0938[e],CHEBI:48943,6561
s_0939[m],CHEBI:48943,6561
s_0940[c],CHEBI:16087,5460172
s_0941[m],CHEBI:16087,5460172
s_0942[p],CHEBI:16087,5460172
s_0943[c],CHEBI:128769,15983957
s_0944[lp],CHEBI:128769,15983957
s_0945[m],CHEBI:128769,15983957
s_0946[m],CHEBI:17240,5459996
s_0949[m],CHEBI:57381,45266606
s_0950[c],CHEBI:61402,135398642
s_0951[c],CHEBI:18005,4592697
s_0952[c],CHEBI:40673,440033
s_0953[c],CHEBI:58672,6992111
s_0954[m],CHEBI:27809,440851
s_0955[c],CHEBI:16977,5950
s_0956[e],CHEBI:16977,5950
s_0957[m],CHEBI:16977,5950
s_0958[c],CHEBI:28718,99289
s_0959[c],CHEBI:17917,160603
s_0960[c],CHEBI:58671,25244138
s_0961[c],CHEBI:18403,439255
s_0962[e],CHEBI:18403,439255
s_0963[c],CHEBI:30849,
s_0964[e],CHEBI:30849,
s_0965[c],CHEBI:32682,1549073
s_0966[e],CHEBI:32682,1549073
s_0967[m],CHEBI:32682,1549073
s_0968[v],CHEBI:32682,1549073
s_0969[c],CHEBI:17196,6267
s_0970[e],CHEBI:17196,6267
s_0971[m],CHEBI:17196,6267
s_0972[v],CHEBI:17196,6267
s_0973[c],CHEBI:29991,5460294
s_0974[e],CHEBI:29991,5460294
s_0975[m],CHEBI:29991,5460294
s_0976[p],CHEBI:29991,5460294
s_0977[v],CHEBI:29991,5460294
s_0978[c],CHEBI:18051,439235
s_0979[c],CHEBI:16349,9750
s_0980[c],CHEBI:17482,439258
s_0981[c],CHEBI:17561,5862
s_0982[e],CHEBI:17561,5862
s_0983[c],CHEBI:4047,439498
s_0984[c],CHEBI:16283,67678
s_0985[v],CHEBI:16283,67678
s_0986[c],CHEBI:58274,44457531
s_0987[c],CHEBI:50619,440103
s_0988[c],CHEBI:58173,7059430
s_0989[c],CHEBI:28789,82170
s_0990[e],CHEBI:28789,82170
s_0991[c],CHEBI:29985,5460299
s_0992[e],CHEBI:29985,5460299
s_0993[m],CHEBI:29985,5460299
s_0994[n],CHEBI:29985,5460299
s_0995[p],CHEBI:29985,5460299
s_0996[v],CHEBI:29985,5460299
s_0997[c],CHEBI:17232,193305
s_0999[c],CHEBI:18050,5961
s_1000[e],CHEBI:18050,5961
s_1001[n],CHEBI:18050,5961
s_1002[v],CHEBI:18050,5961
s_1003[c],CHEBI:15428,750
s_1004[e],CHEBI:15428,750
s_1005[m],CHEBI:15428,750
s_1006[c],CHEBI:15971,6274
s_1007[e],CHEBI:15971,6274
s_1008[m],CHEBI:15971,6274
s_1009[v],CHEBI:15971,6274
s_1010[c],CHEBI:57699,6950298
s_1011[c],CHEBI:57980,49791964
s_1012[c],CHEBI:17588,91552
s_1014[c],CHEBI:15699,12647
s_1015[e],CHEBI:15699,12647
s_1016[c],CHEBI:17191,6306
s_1017[e],CHEBI:17191,6306
s_1018[m],CHEBI:17191,6306
s_1019[v],CHEBI:17191,6306
s_1020[c],CHEBI:16946,161166
s_1021[c],CHEBI:15603,6106
s_1022[e],CHEBI:15603,6106
s_1023[m],CHEBI:15603,6106
s_1024[v],CHEBI:15603,6106
s_1025[c],CHEBI:32551,5460926
s_1026[e],CHEBI:32551,5460926
s_1027[m],CHEBI:32551,5460926
s_1028[v],CHEBI:32551,5460926
s_1029[c],CHEBI:16643,6137
s_1030[e],CHEBI:16643,6137
s_1031[m],CHEBI:16643,6137
s_1032[c],CHEBI:17295,6140
s_1033[e],CHEBI:17295,6140
s_1034[m],CHEBI:17295,6140
s_1035[c],CHEBI:17203,145742
s_1036[e],CHEBI:17203,145742
s_1037[m],CHEBI:17203,145742
s_1038[c],CHEBI:57951,49791954
s_1039[c],CHEBI:17115,5951
s_1040[er],CHEBI:17115,5951
s_1041[e],CHEBI:17115,5951
s_1042[m],CHEBI:17115,5951
s_1043[c],CHEBI:17266,
s_1044[e],CHEBI:17266,
s_1045[c],CHEBI:16857,6288
s_1046[e],CHEBI:16857,6288
s_1047[m],CHEBI:16857,6288
s_1048[c],CHEBI:16828,6305
s_1049[e],CHEBI:16828,6305
s_1050[m],CHEBI:16828,6305
s_1051[c],CHEBI:17895,6057
s_1052[e],CHEBI:17895,6057
s_1053[m],CHEBI:17895,6057
s_1054[p],CHEBI:17895,6057
s_1055[v],CHEBI:17895,6057
s_1056[c],CHEBI:16414,6287
s_1057[e],CHEBI:16414,6287
s_1058[m],CHEBI:16414,6287
s_1059[c],CHEBI:16521,246983
s_1061[e],CHEBI:16521,246983
s_1065[c],CHEBI:18262,4149208
s_1067[e],CHEBI:18262,4149208
s_1070[p],CHEBI:18262,4149208
s_1073[c],CHEBI:57375,25113193
s_1076[p],CHEBI:57375,25113193
s_1077[c],CHEBI:16624,
s_1078[m],CHEBI:16624,
s_1079[c],CHEBI:57463,21158437
s_1080[n],CHEBI:57463,21158437
s_1081[c],CHEBI:57461,23615214
s_1082[n],CHEBI:57461,23615214
s_1085[er],CHEBI:31014,5461021
s_1096[c],CHEBI:18059,
s_1097[m],CHEBI:17460,863
s_1098[m],CHEBI:15804,
s_1099[c],CHEBI:16047,
s_1100[m],CHEBI:16047,
s_1101[c],CHEBI:57384,45266608
s_1104[m],CHEBI:57384,45266608
s_1105[c],CHEBI:17306,439186
s_1106[e],CHEBI:17306,439186
s_1107[c],CHEBI:28808,
s_1108[er],CHEBI:28808,
s_1109[er],CHEBI:60449,49792039
s_1110[m],CHEBI:60449,49792039
s_1111[er],CHEBI:60448,49792038
s_1112[m],CHEBI:60448,49792038
s_1114[g],CHEBI:25168,
s_1116[er],CHEBI:60416,70678598
s_1117[g],CHEBI:60416,70678598
s_1118[m],CHEBI:60416,70678598
s_1119[er],CHEBI:62706,71627147
s_1120[g],CHEBI:62706,71627147
s_1121[m],CHEBI:62706,71627147
s_1122[er],CHEBI:60420,70678592
s_1123[g],CHEBI:60420,70678592
s_1124[m],CHEBI:60420,70678592
s_1125[er],CHEBI:62710,53356752
s_1126[g],CHEBI:62710,53356752
s_1127[m],CHEBI:62710,53356752
s_1128[er],CHEBI:60418,70678594
s_1129[g],CHEBI:60418,70678594
s_1130[m],CHEBI:60418,70678594
s_1131[er],CHEBI:62708,53356750
s_1132[g],CHEBI:62708,53356750
s_1133[m],CHEBI:62708,53356750
s_1134[er],CHEBI:60422,70678597
s_1135[g],CHEBI:60422,70678597
s_1136[m],CHEBI:60422,70678597
s_1137[er],CHEBI:62712,53356753
s_1138[g],CHEBI:62712,53356753
s_1139[m],CHEBI:62712,53356753
s_1140[er],CHEBI:60435,70678593
s_1141[g],CHEBI:60435,70678593
s_1142[m],CHEBI:60435,70678593
s_1143[er],CHEBI:62683,53356719
s_1144[g],CHEBI:62683,53356719
s_1145[m],CHEBI:62683,53356719
s_1148[c],CHEBI:16635,
s_1149[m],CHEBI:16635,
s_1150[c],CHEBI:16007,878
s_1151[c],CHEBI:17158,880
s_1153[c],CHEBI:17268,892
s_1154[e],CHEBI:17268,892
s_1156[c],CHEBI:57733,23615305
s_1157[n],CHEBI:57733,23615305
s_1158[c],CHEBI:58130,21584050
s_1159[n],CHEBI:58130,21584050
s_1161[c],CHEBI:30807,4075158
s_1163[e],CHEBI:30807,4075158
s_1166[p],CHEBI:30807,4075158
s_1176[c],CHEBI:57385,25244582
s_1179[p],CHEBI:57385,25244582
s_1180[c],CHEBI:58324,25203502
s_1181[c],CHEBI:58101,25201943
s_1182[m],CHEBI:16543,439232
s_1183[c],CHEBI:27596,64969
s_1184[c],CHEBI:12427,24892751
s_1185[c],CHEBI:50611,14554236
s_1186[e],CHEBI:50611,14554236
s_1187[c],CHEBI:18277,9548600
s_1188[c],CHEBI:59458,25245609
s_1189[c],CHEBI:16446,440364
s_1190[c],CHEBI:57513,25243963
s_1191[m],CHEBI:57936,49791951
s_1192[m],CHEBI:44337,1549099
s_1193[c],CHEBI:58263,25243990
s_1194[c],CHEBI:32814,5460257
s_1195[c],CHEBI:30249,439788
s_1196[c],CHEBI:50603,13025455
s_1198[c],CHEBI:57540,15938971
s_1199[er],CHEBI:57540,15938971
s_1200[m],CHEBI:57540,15938971
s_1201[n],CHEBI:57540,15938971
s_1202[p],CHEBI:57540,15938971
s_1203[c],CHEBI:57945,21604869
s_1204[er],CHEBI:57945,21604869
s_1205[m],CHEBI:57945,21604869
s_1206[p],CHEBI:57945,21604869
s_1207[c],CHEBI:58349,15938972
s_1208[er],CHEBI:58349,15938972
s_1210[m],CHEBI:58349,15938972
s_1211[p],CHEBI:58349,15938972
s_1212[c],CHEBI:57783,15983949
s_1213[er],CHEBI:57783,15983949
s_1214[m],CHEBI:57783,15983949
s_1215[p],CHEBI:57783,15983949
s_1216[c],CHEBI:17154,936
s_1217[n],CHEBI:17154,936
s_1218[c],CHEBI:15927,439924
s_1219[c],CHEBI:32544,937
s_1220[e],CHEBI:32544,937
s_1221[m],CHEBI:32544,937
s_1222[c],CHEBI:57502,46878382
s_1223[m],CHEBI:57502,46878382
s_1224[c],CHEBI:14649,23617374
s_1225[e],CHEBI:14649,23617374
s_1227[n],CHEBI:14649,23617374
s_1228[p],CHEBI:14649,23617374
s_1229[lp],CHEBI:53034,44224042
s_1230[c],CHEBI:18162,5280630
s_1231[c],CHEBI:53044,5280650
s_1232[lp],CHEBI:53044,5280650
s_1233[c],CHEBI:16288,439389
s_1234[c],CHEBI:17981,99478
s_1235[c],CHEBI:57589,7045767
s_1236[m],CHEBI:57589,7045767
s_1237[p],CHEBI:57589,7045767
s_1238[c],CHEBI:57590,46878406
s_1239[c],CHEBI:58190,7059434
s_1240[er],CHEBI:58190,7059434
s_1241[c],CHEBI:57661,46878420
s_1246[lp],CHEBI:53035,44224043
s_1248[c],CHEBI:25646,119389
s_1250[e],CHEBI:25646,119389
s_1253[p],CHEBI:25646,119389
s_1254[m],CHEBI:7725,
s_1258[p],CHEBI:15533,445344
s_1259[lp],CHEBI:53045,5280651
s_1260[c],CHEBI:30823,5460221
s_1262[c],CHEBI:57387,25245426
s_1265[p],CHEBI:57387,25245426
s_1266[c],CHEBI:46912,16755646
s_1267[e],CHEBI:46912,16755646
s_1268[m],CHEBI:46912,16755646
s_1269[c],CHEBI:30839,1492348
s_1270[c],CHEBI:57538,46878393
s_1271[c],CHEBI:16452,164550
s_1272[e],CHEBI:16452,164550
s_1273[m],CHEBI:16452,164550
s_1274[p],CHEBI:16452,164550
s_1275[c],CHEBI:15379,977
s_1276[er],CHEBI:15379,977
s_1277[e],CHEBI:15379,977
s_1278[m],CHEBI:15379,977
s_1279[p],CHEBI:15379,977
s_1282[c],CHEBI:58141,25243905
s_1283[c],CHEBI:57553,135398584
s_1284[c],CHEBI:52968,135548351
s_1286[c],CHEBI:7896,504166
s_1288[e],CHEBI:7896,504166
s_1291[p],CHEBI:7896,504166
s_1293[c],CHEBI:32372,5461012
s_1295[e],CHEBI:32372,5461012
s_1298[p],CHEBI:32372,5461012
s_1302[c],CHEBI:57379,45266605
s_1303[er],CHEBI:57379,45266605
s_1305[p],CHEBI:57379,45266605
s_1307[c],CHEBI:47942,23657845
s_1308[m],CHEBI:47942,23657845
s_1309[e],CHEBI:17309,445929
s_1310[lp],CHEBI:53038,44224046
s_1311[c],CHEBI:53048,5280659
s_1312[lp],CHEBI:53048,5280659
s_1313[m],CHEBI:53048,5280659
s_1314[c],CHEBI:29153,
s_1315[m],CHEBI:29153,
s_1316[c],CHEBI:31988,7654
s_1317[e],CHEBI:31988,7654
s_1318[c],CHEBI:16424,998
s_1319[e],CHEBI:16424,998
s_1320[m],CHEBI:16424,998
s_1321[c],CHEBI:18401,4409936
s_1322[c],CHEBI:43474,3681305
s_1323[er],CHEBI:43474,3681305
s_1324[e],CHEBI:43474,3681305
s_1325[g],CHEBI:43474,3681305
s_1326[m],CHEBI:43474,3681305
s_1329[v],CHEBI:43474,3681305
s_1337[c],CHEBI:18303,
s_1346[c],CHEBI:49183,
s_1351[c],CHEBI:16038,
s_1352[er],CHEBI:16038,
s_1360[c],CHEBI:58702,3674425
s_1361[m],CHEBI:58702,3674425
s_1364[c],CHEBI:58564,24916886
s_1365[c],CHEBI:58467,45266654
s_1366[er],CHEBI:46961,122121
s_1367[er],CHEBI:46970,10883829
s_1368[c],CHEBI:57360,45266589
s_1371[c],CHEBI:17909,139340
s_1372[c],CHEBI:58126,6921588
s_1373[c],CHEBI:26216,5462222
s_1374[e],CHEBI:26216,5462222
s_1375[c],CHEBI:58827,25245987
s_1376[c],CHEBI:57623,15983958
s_1377[c],CHEBI:29934,5460303
s_1378[c],CHEBI:57845,46931104
s_1379[c],CHEBI:29154,
s_1382[m],CHEBI:57386,25245711
s_1383[m],CHEBI:36159,9548816
s_1384[c],CHEBI:57307,20849104
s_1385[m],CHEBI:57307,20849104
s_1386[c],CHEBI:58017,20848918
s_1387[m],CHEBI:58017,20848918
s_1388[c],CHEBI:58380,25245232
s_1389[c],CHEBI:326268,3452892
s_1390[e],CHEBI:326268,3452892
s_1391[v],CHEBI:326268,3452892
s_1392[c],CHEBI:17310,1050
s_1393[c],CHEBI:597326,644168
s_1394[c],CHEBI:57761,25245492
s_1395[c],CHEBI:58451,25246271
s_1396[c],CHEBI:16709,1054
s_1397[e],CHEBI:16709,1054
s_1398[c],CHEBI:58589,24794348
s_1399[c],CHEBI:15361,107735
s_1400[e],CHEBI:15361,107735
s_1401[m],CHEBI:15361,107735
s_1403[c],CHEBI:29959,5460301
s_1404[m],CHEBI:29959,5460301
s_1405[c],CHEBI:57986,45480541
s_1406[e],CHEBI:57986,45480541
s_1407[m],CHEBI:57986,45480541
s_1408[c],CHEBI:18189,440101
s_1409[m],CHEBI:50622,24906333
s_1410[m],CHEBI:16882,
s_1411[m],CHEBI:17432,11953795
s_1412[c],CHEBI:16490,5459852
s_1413[c],CHEBI:16680,439155
s_1415[m],CHEBI:16680,439155
s_1416[c],CHEBI:15414,34756
s_1418[e],CHEBI:15414,34756
s_1419[m],CHEBI:15414,34756
s_1420[c],CHEBI:57443,25203490
s_1421[c],CHEBI:57688,25246250
s_1422[c],CHEBI:58533,45266677
s_1423[c],CHEBI:58548,23615271
s_1424[c],CHEBI:17728,145692
s_1425[e],CHEBI:17728,145692
s_1426[c],CHEBI:58335,46878435
s_1427[c],CHEBI:57483,46878379
s_1428[c],CHEBI:29162,
s_1429[c],CHEBI:36208,7057976
s_1430[c],CHEBI:60052,70678579
s_1431[c],CHEBI:58351,25245154
s_1432[ce],CHEBI:16870,657272
s_1433[c],CHEBI:16870,657272
s_1435[e],CHEBI:16870,657272
s_1437[c],CHEBI:26708,5360545
s_1438[e],CHEBI:26708,5360545
s_1439[c],CHEBI:57834,6992097
s_1440[e],CHEBI:57834,6992097
s_1441[v],CHEBI:57834,6992097
s_1442[c],CHEBI:45725,446718
s_1443[e],CHEBI:45725,446718
s_1444[v],CHEBI:45725,446718
s_1445[er],CHEBI:57817,46878428
s_1446[er],CHEBI:57939,46878432
s_1447[c],CHEBI:15440,638072
s_1448[er],CHEBI:15440,638072
s_1449[c],CHEBI:25629,3033836
s_1450[e],CHEBI:25629,3033836
s_1451[p],CHEBI:25629,3033836
s_1454[c],CHEBI:57394,45266614
s_1457[p],CHEBI:57394,45266614
s_1458[c],CHEBI:30031,160419
s_1459[e],CHEBI:30031,160419
s_1460[m],CHEBI:30031,160419
s_1461[c],CHEBI:57706,9543238
s_1464[m],CHEBI:57292,45266545
s_1466[e],CHEBI:17992,5988
s_1467[c],CHEBI:16189,1117
s_1468[e],CHEBI:16189,1117
s_1469[c],CHEBI:17137,104748
s_1470[e],CHEBI:17137,104748
s_1471[c],CHEBI:15891,1123
s_1472[e],CHEBI:15891,1123
s_1473[c],CHEBI:36257,9548794
s_1474[v],CHEBI:36257,9548794
s_1475[c],CHEBI:45931,5431
s_1476[e],CHEBI:45931,5431
s_1477[m],CHEBI:45931,5431
s_1479[c],CHEBI:52974,3082227
s_1480[er],CHEBI:52974,3082227
s_1482[p],CHEBI:52974,3082227
s_1483[lp],CHEBI:53039,44224047
s_1486[c],CHEBI:58140,135398571
s_1487[c],CHEBI:20506,135444742
s_1488[m],CHEBI:20506,135444742
s_1489[c],CHEBI:18385,1130
s_1490[e],CHEBI:18385,1130
s_1491[c],CHEBI:29163,
s_1492[m],CHEBI:29163,
s_1493[c],CHEBI:17748,5789
s_1494[e],CHEBI:17748,5789
s_1497[c],CHEBI:9533,1131
s_1498[e],CHEBI:9533,1131
s_1503[c],CHEBI:15708,5289496
s_1504[m],CHEBI:15708,5289496
s_1507[p],CHEBI:61406,50909850
s_1510[p],CHEBI:57330,45266564
s_1513[p],CHEBI:52975,44176398
s_1516[p],CHEBI:50570,24906330
s_1519[p],CHEBI:61405,46173185
s_1520[c],CHEBI:16551,7427
s_1521[e],CHEBI:16551,7427
s_1522[v],CHEBI:16551,7427
s_1523[lp],CHEBI:53040,25246092
s_1524[c],CHEBI:17855,
s_1526[c],CHEBI:57484,4030255
s_1527[c],CHEBI:29159,
s_1528[m],CHEBI:29159,
s_1529[c],CHEBI:17890,10685
s_1530[e],CHEBI:17890,10685
s_1531[m],CHEBI:17890,10685
s_1532[c],CHEBI:58938,15938964
s_1533[c],CHEBI:29161,
s_1534[m],CHEBI:29161,
s_1535[m],CHEBI:52970,5813154
s_1537[m],CHEBI:52971,5283544
s_1538[c],CHEBI:58223,20056717
s_1539[g],CHEBI:58223,20056717
s_1540[n],CHEBI:58223,20056717
s_1541[c],CHEBI:58439,44229096
s_1542[g],CHEBI:58439,44229096
s_1543[c],CHEBI:58367,44229134
s_1544[c],CHEBI:57705,16667373
s_1545[c],CHEBI:57865,1778309
s_1546[g],CHEBI:57865,1778309
s_1547[m],CHEBI:57865,1778309
s_1548[n],CHEBI:57865,1778309
s_1549[lp],CHEBI:53042,5280604
s_1550[c],CHEBI:17568,1174
s_1551[e],CHEBI:17568,1174
s_1552[c],CHEBI:16199,1176
s_1553[e],CHEBI:16199,1176
s_1554[c],CHEBI:15832,9543250
s_1555[c],CHEBI:49050,336
s_1556[c],CHEBI:16704,6029
s_1557[e],CHEBI:16704,6029
s_1558[c],CHEBI:57308,25202645
s_1559[c],CHEBI:46398,7058168
s_1560[m],CHEBI:46398,7058168
s_1561[c],CHEBI:29164,
s_1562[m],CHEBI:29164,
s_1563[c],CHEBI:18107,64959
s_1564[e],CHEBI:18107,64959
s_1565[c],CHEBI:57464,23421208
s_1566[c],CHEBI:17151,6912
s_1567[e],CHEBI:17151,6912
s_1568[ce],CHEBI:18252,92746
s_1569[c],CHEBI:18252,92746
s_1571[e],CHEBI:18252,92746
s_1572[lp],CHEBI:18252,92746
s_1576[c],CHEBI:52388,25271595
s_1577[c],CHEBI:52615,42626458
s_1578[c],CHEBI:52389,25271596
s_1579[c],CHEBI:52386,22298942
s_1582[c],CHEBI:29170,
s_1583[c],CHEBI:29171,
s_1584[m],CHEBI:29171,
s_1585[c],CHEBI:29172,
s_1586[m],CHEBI:29172,
s_1587[c],CHEBI:29186,
s_1588[m],CHEBI:29186,
s_1589[c],CHEBI:29167,
s_1590[c],CHEBI:29168,
s_1591[c],CHEBI:29175,
s_1592[m],CHEBI:29175,
s_1593[c],CHEBI:29176,
s_1594[c],CHEBI:29178,
s_1595[m],CHEBI:29178,
s_1596[c],CHEBI:29174,
s_1597[m],CHEBI:29174,
s_1598[c],CHEBI:29169,
s_1599[m],CHEBI:29169,
s_1600[c],CHEBI:29185,
s_1601[m],CHEBI:29185,
s_1602[c],CHEBI:29173,
s_1603[m],CHEBI:29173,
s_1604[c],CHEBI:29184,
s_1605[m],CHEBI:29184,
s_1606[c],CHEBI:29177,
s_1607[c],CHEBI:29179,
s_1608[c],CHEBI:29180,
s_1609[m],CHEBI:29180,
s_1610[c],CHEBI:29181,
s_1611[m],CHEBI:29181,
s_1612[c],CHEBI:29182,
s_1613[m],CHEBI:29182,
s_1614[c],CHEBI:29183,
s_1615[m],CHEBI:29183,
s_1616[c],CHEBI:15033,
s_1617[m],CHEBI:15033,
s_1618[n],CHEBI:15033,
s_1619[p],CHEBI:15033,
s_1620[c],CHEBI:18191,
s_1621[m],CHEBI:18191,
s_1622[n],CHEBI:18191,
s_1623[p],CHEBI:18191,
s_2763[c],CHEBI:18344,3845
s_2764[c],CHEBI:18386,7124
s_1845[m],CHEBI:18359,
s_2766[e],CHEBI:18364,165609
s_2768[e],CHEBI:18249,11090531
s_2770[m],CHEBI:2393,
s_2771[m],CHEBI:3247,
s_2772[m],CHEBI:1642,
s_2773[m],CHEBI:5704,
s_2774[m],CHEBI:1646,
s_2775[m],,
s_2776[m],CHEBI:326,
s_2777[m],CHEBI:80387,
s_2778[m],CHEBI:132146,
s_2779[m],CHEBI:10727,
s_2780[m],,
s_2781[erm],CHEBI:57375,25113193
s_2782[erm],CHEBI:57384,45266608
s_2783[erm],CHEBI:24636,5460653
s_2784[erm],CHEBI:16526,280
s_2785[erm],CHEBI:57287,25113190
s_2786[erm],CHEBI:28726,11966197
s_2787[erm],CHEBI:57385,25244582
s_2788[erm],CHEBI:57349,25244191
s_2789[erm],CHEBI:57379,45266605
s_2790[erm],CHEBI:50571,22833664
s_2791[erm],CHEBI:57394,45266614
s_2792[erm],CHEBI:52327,25229571
s_2793[erm],CHEBI:15527,3081439
s_2794[erm],CHEBI:52328,25229584
s_2795[erm],CHEBI:65088,168166
s_2796[erm],CHEBI:52329,25229583
s_2797[erm],CHEBI:52974,3082227
s_2798[erm],CHEBI:52977,25271602
s_2799[erm],CHEBI:57783,15983949
s_2800[erm],CHEBI:58349,15938972
s_2801[erm],CHEBI:27466,11966177
s_2802[erm],CHEBI:27402,11966179
s_2803[erm],CHEBI:50583,24906329
s_2804[erm],CHEBI:52324,25229587
s_2805[erm],CHEBI:52325,25229586
s_2806[erm],CHEBI:52326,25229585
s_2807[erm],CHEBI:52976,25271601
s_2808[erm],CHEBI:15377,962
s_2809[erm],CHEBI:61405,46173185
s_2810[erm],,
s_2811[erm],CHEBI:50570,24906330
s_2812[erm],,
s_2813[erm],,
s_2814[erm],CHEBI:75068,71627273
s_2815[erm],CHEBI:52975,44176398
s_2816[erm],CHEBI:52966,25246198
s_2817[erm],CHEBI:15379,977
s_2818[erm],CHEBI:57945,21604869
s_2819[erm],CHEBI:61540,25244393
s_2820[erm],CHEBI:57540,15938971
s_2821[erm],CHEBI:57387,25245426
s_2822[e],CHEBI:17968,104775
s_2824[e],CHEBI:17120,4398339
s_2826[e],CHEBI:30823,5460221
s_2828[c],CHEBI:17968,104775
s_2829[c],CHEBI:17120,4398339
s_2831[erm],CHEBI:30616,5461108
s_2832[erm],CHEBI:18262,4149208
s_2833[erm],CHEBI:456215,15938965
s_2834[erm],CHEBI:33019,4097574
s_2835[erm],CHEBI:30807,4075158
s_2836[erm],CHEBI:7896,504166
s_2837[erm],CHEBI:32372,5461012
s_2838[erm],CHEBI:25629,3033836
s_2839[erm],CHEBI:30823,5460221
s_2840[lp],CHEBI:30616,5461108
s_2841[lp],CHEBI:18262,4149208
s_2842[lp],CHEBI:456215,15938965
s_2843[lp],CHEBI:57375,25113193
s_2844[lp],CHEBI:30807,4075158
s_2845[lp],CHEBI:57385,25244582
s_2846[lp],CHEBI:7896,504166
s_2847[lp],CHEBI:57379,45266605
s_2848[lp],CHEBI:32372,5461012
s_2849[lp],CHEBI:61540,25244393
s_2850[lp],CHEBI:25629,3033836
s_2851[lp],CHEBI:57394,45266614
s_2852[lp],CHEBI:30823,5460221
s_2853[lp],CHEBI:57387,25245426
s_2854[p],CHEBI:61540,25244393
s_2855[p],CHEBI:30823,5460221
s_2856[ce],CHEBI:30616,5461108
s_2857[ce],CHEBI:57287,25113190
s_2858[ce],CHEBI:32360,5461017
s_2859[ce],CHEBI:456215,15938965
s_2860[ce],CHEBI:33019,4097574
s_2861[ce],CHEBI:15527,3081439
s_2862[ce],CHEBI:23858,5460660
s_2863[ce],CHEBI:65088,168166
s_2864[ce],CHEBI:31014,5461021
s_2865[ce],CHEBI:52974,3082227
s_2866[ce],CHEBI:31013,5461023
s_2867[ce],CHEBI:52966,25246198
s_2868[erm],CHEBI:23858,5460660
s_2869[erm],CHEBI:31014,5461021
s_2870[erm],CHEBI:31013,5461023
s_2871[lp],CHEBI:23858,5460660
s_2872[lp],CHEBI:65088,168166
s_2873[lp],CHEBI:31014,5461021
s_2874[lp],CHEBI:52974,3082227
s_2875[lp],CHEBI:31013,5461023
s_2876[lp],CHEBI:52966,25246198
s_2877[c],CHEBI:61540,25244393
s_2878[c],CHEBI:15527,3081439
s_2879[p],CHEBI:15527,3081439
s_2880[c],CHEBI:65088,168166
s_2881[p],CHEBI:65088,168166
s_2882[p],CHEBI:17968,104775
s_2883[p],CHEBI:17120,4398339
s_2884[p],CHEBI:57371,45266598
s_2885[p],CHEBI:27540,449118
s_2886[p],CHEBI:36926,5497143
s_2887[p],CHEBI:28706,11966204
s_2888[p],CHEBI:27537,11966175
s_2889[p],,
s_2890[p],,
s_2891[p],CHEBI:75068,71627273
s_2892[p],CHEBI:78178,86289269
s_2893[p],,
s_2894[p],CHEBI:88067,25244135
s_2895[p],,
s_2896[p],,
s_2897[p],CHEBI:15530,5497112
s_2898[p],CHEBI:88008,91828289
s_2899[p],CHEBI:88086,91828300
s_2900[p],CHEBI:70712,70679011
s_2901[p],,
s_2902[p],CHEBI:15452,11966146
s_2903[p],CHEBI:74474,71581147
s_2904[p],CHEBI:28573,11966193
s_2905[p],CHEBI:76453,72193814
s_2906[p],CHEBI:76375,72193817
s_2907[p],CHEBI:76463,72193810
s_2908[p],,
s_2909[p],,
s_2910[p],,
s_2911[p],CHEBI:87781,91828285
s_2912[p],CHEBI:88087,91828302
s_2913[p],CHEBI:88072,91828295
s_2914[p],CHEBI:57286,45266540
s_2915[p],CHEBI:27648,3082152
s_2916[p],CHEBI:28264,11966162
s_2917[p],CHEBI:52327,25229571
s_2918[p],CHEBI:52328,25229584
s_2919[p],CHEBI:52329,25229583
s_2920[p],CHEBI:53152,25244394
s_2921[p],,
s_2922[p],,
s_2923[p],CHEBI:78146,6538274
s_2924[p],CHEBI:88090,91828304
s_2925[p],CHEBI:88080,90659296
s_2926[p],,
s_2927[p],CHEBI:27989,11966217
s_2928[p],CHEBI:139121,129900406
s_2929[p],,
s_2930[p],CHEBI:72001,25245148
s_2931[p],CHEBI:88083,90658577
s_2932[p],CHEBI:28002,11966165
s_2933[p],CHEBI:88084,90659085
s_2934[erm],CHEBI:57597,7048686
s_2935[erm],CHEBI:15799,6419701
s_2936[erm],CHEBI:75070,52929751
s_2937[erm],CHEBI:74850,9547179
s_2938[erm],CHEBI:62837,5311263
s_2939[erm],CHEBI:57642,4643300
s_2940[erm],CHEBI:17868,167650
s_2941[erm],,
s_2942[erm],CHEBI:36476,440127
s_2943[erm],CHEBI:36475,5280612
s_2944[lp],CHEBI:15799,6419701
s_2945[lp],CHEBI:75070,52929751
s_2946[lp],CHEBI:74850,9547179
s_2947[lp],CHEBI:62837,5311263
s_2948[lp],CHEBI:17868,167650
s_2949[lp],,
s_2950[lp],CHEBI:36476,440127
s_2951[lp],CHEBI:36475,5280612
s_2952[lp],CHEBI:57783,15983949
s_2953[lp],CHEBI:58349,15938972
s_2954[erm],CHEBI:73998,71581034
s_2955[erm],CHEBI:64844,5283523
s_2956[erm],CHEBI:75071,52929555
s_2957[erm],,
s_2958[erm],CHEBI:75073,52929479
s_2959[erm],CHEBI:74847,24779560
s_2960[erm],CHEBI:75074,52929473
s_2961[erm],CHEBI:83775,14057128
s_2962[lp],CHEBI:64844,5283523
s_2963[lp],,
s_2964[lp],CHEBI:74847,24779560
s_2965[lp],CHEBI:83775,14057128
s_2966[erm],CHEBI:43474,3681305
s_2967[erm],CHEBI:84394,9543678
s_2968[erm],CHEBI:88454,9543972
s_2969[erm],CHEBI:84417,9543679
s_2970[erm],CHEBI:88500,9543694
s_2971[erm],CHEBI:88527,53478048
s_2972[erm],CHEBI:75468,6443547
s_2973[erm],CHEBI:89229,53478089
s_2974[erm],CHEBI:52333,9543716
s_2975[vm],CHEBI:73998,71581034
s_2976[vm],CHEBI:15377,962
s_2977[vm],CHEBI:43474,3681305
s_2978[vm],CHEBI:84394,9543678
s_2979[vm],CHEBI:64844,5283523
s_2980[vm],CHEBI:88454,9543972
s_2981[vm],CHEBI:75071,52929555
s_2982[vm],CHEBI:84417,9543679
s_2983[vm],,
s_2984[vm],CHEBI:88500,9543694
s_2985[vm],CHEBI:75073,52929479
s_2986[vm],CHEBI:88527,53478048
s_2987[vm],CHEBI:74847,24779560
s_2988[vm],CHEBI:75468,6443547
s_2989[vm],CHEBI:75074,52929473
s_2990[vm],CHEBI:89229,53478089
s_2991[vm],CHEBI:83775,14057128
s_2992[vm],CHEBI:52333,9543716
s_2993[gm],CHEBI:73998,71581034
s_2994[gm],CHEBI:15377,962
s_2995[gm],CHEBI:43474,3681305
s_2996[gm],CHEBI:84394,9543678
s_2997[gm],CHEBI:64844,5283523
s_2998[gm],CHEBI:88454,9543972
s_2999[gm],CHEBI:75071,52929555
s_3000[gm],CHEBI:84417,9543679
s_3001[gm],,
s_3002[gm],CHEBI:88500,9543694
s_3003[gm],CHEBI:75073,52929479
s_3004[gm],CHEBI:88527,53478048
s_3005[gm],CHEBI:74847,24779560
s_3006[gm],CHEBI:75468,6443547
s_3007[gm],CHEBI:75074,52929473
s_3008[gm],CHEBI:89229,53478089
s_3009[gm],CHEBI:83775,14057128
s_3010[gm],CHEBI:52333,9543716
s_3011[erm],CHEBI:85427,9543986
s_3012[erm],CHEBI:89759,25240460
s_3013[erm],,
s_3014[erm],,
s_3015[erm],,
s_3016[erm],CHEBI:89755,25240360
s_3017[erm],,
s_3018[erm],CHEBI:88999,53480502
s_3019[erm],CHEBI:89765,9543987
s_3020[erm],,
s_3021[erm],CHEBI:75841,9543989
s_3022[erm],,
s_3023[erm],CHEBI:90053,9544010
s_3024[erm],,
s_3025[erm],,
s_3026[erm],,
s_3027[erm],CHEBI:89763,9544004
s_3028[erm],CHEBI:88998,53480495
s_3029[erm],,
s_3030[erm],,
s_3031[erm],CHEBI:89958,9544049
s_3032[erm],CHEBI:90305,
s_3033[erm],,
s_3034[erm],,
s_3035[erm],,
s_3036[erm],,
s_3037[erm],CHEBI:90051,25240357
s_3038[erm],CHEBI:90048,9544083
s_3039[erm],,
s_3040[erm],,
s_3041[erm],CHEBI:88984,53480507
s_3042[erm],CHEBI:88970,53480521
s_3043[lp],CHEBI:84394,9543678
s_3044[lp],CHEBI:85427,9543986
s_3045[lp],CHEBI:88454,9543972
s_3046[lp],CHEBI:89759,25240460
s_3047[lp],CHEBI:84417,9543679
s_3048[lp],,
s_3049[lp],CHEBI:88500,9543694
s_3050[lp],,
s_3051[lp],CHEBI:88527,53478048
s_3052[lp],,
s_3053[lp],CHEBI:75468,6443547
s_3054[lp],CHEBI:89755,25240360
s_3055[lp],CHEBI:89229,53478089
s_3056[lp],,
s_3057[lp],CHEBI:52333,9543716
s_3058[lp],CHEBI:88999,53480502
s_3059[lp],CHEBI:89765,9543987
s_3060[lp],,
s_3061[lp],CHEBI:75841,9543989
s_3062[lp],,
s_3063[lp],CHEBI:90053,9544010
s_3064[lp],,
s_3065[lp],,
s_3066[lp],,
s_3067[lp],CHEBI:89763,9544004
s_3068[lp],CHEBI:88998,53480495
s_3069[lp],,
s_3070[lp],,
s_3071[lp],CHEBI:89958,9544049
s_3072[lp],CHEBI:90305,
s_3073[lp],,
s_3074[lp],,
s_3075[lp],,
s_3076[lp],,
s_3077[lp],CHEBI:90051,25240357
s_3078[lp],CHEBI:90048,9544083
s_3079[lp],,
s_3080[lp],,
s_3081[lp],CHEBI:88984,53480507
s_3082[lp],CHEBI:88970,53480521
s_3083[erm],CHEBI:37563,7058166
s_3084[erm],,
s_3085[erm],CHEBI:104012,118987295
s_3086[erm],,
s_3087[erm],,
s_3088[erm],CHEBI:34077,5282298
s_3089[erm],,
s_3090[erm],,
s_3091[erm],CHEBI:104362,118987296
s_3092[mm],CHEBI:73998,71581034
s_3093[mm],CHEBI:37563,7058166
s_3094[mm],CHEBI:24636,5460653
s_3095[mm],CHEBI:33019,4097574
s_3096[mm],,
s_3097[mm],CHEBI:75071,52929555
s_3098[mm],CHEBI:104012,118987295
s_3099[mm],CHEBI:75073,52929479
s_3100[mm],,
s_3101[mm],CHEBI:75074,52929473
s_3102[mm],,
s_3103[mm],CHEBI:64844,5283523
s_3104[mm],CHEBI:34077,5282298
s_3105[mm],,
s_3106[mm],,
s_3107[erm],CHEBI:17115,5951
s_3108[erm],CHEBI:60377,7058165
s_3109[erm],CHEBI:89824,52926017
s_3110[erm],,
s_3111[erm],CHEBI:90036,52925996
s_3112[erm],CHEBI:75101,52925990
s_3113[erm],CHEBI:34086,5283499
s_3114[erm],CHEBI:90032,52926009
s_3115[erm],CHEBI:79096,9547087
s_3116[erm],CHEBI:60568,6438639
s_3117[erm],CHEBI:17268,892
s_3118[erm],CHEBI:88396,52928334
s_3119[erm],,
s_3120[erm],CHEBI:88557,52928310
s_3121[erm],CHEBI:88626,52928304
s_3122[erm],CHEBI:73215,71296232
s_3123[erm],CHEBI:88562,52928326
s_3124[erm],CHEBI:77346,49866673
s_3125[erm],CHEBI:88612,5771759
s_3126[erm],CHEBI:138108,129626716
s_3127[erm],,
s_3128[mm],CHEBI:89824,52926017
s_3129[mm],CHEBI:16526,280
s_3130[mm],CHEBI:136147,
s_3131[mm],,
s_3132[mm],CHEBI:138792,
s_3133[mm],CHEBI:90036,52925996
s_3134[mm],CHEBI:136155,
s_3135[mm],CHEBI:75101,52925990
s_3136[mm],CHEBI:82837,52924899
s_3137[mm],CHEBI:34086,5283499
s_3138[mm],CHEBI:136148,
s_3139[mm],CHEBI:90032,52926009
s_3140[mm],CHEBI:90464,
s_3141[mm],CHEBI:79096,9547087
s_3142[mm],CHEBI:136162,
s_3143[mm],CHEBI:60568,6438639
s_3144[mm],CHEBI:136170,
s_3145[gm],CHEBI:89824,52926017
s_3146[gm],CHEBI:24636,5460653
s_3147[gm],CHEBI:16526,280
s_3148[gm],CHEBI:136147,
s_3149[gm],,
s_3150[gm],CHEBI:138792,
s_3151[gm],CHEBI:90036,52925996
s_3152[gm],CHEBI:136155,
s_3153[gm],CHEBI:75101,52925990
s_3154[gm],CHEBI:82837,52924899
s_3155[gm],CHEBI:34086,5283499
s_3156[gm],CHEBI:136148,
s_3157[gm],CHEBI:90032,52926009
s_3158[gm],CHEBI:90464,
s_3159[gm],CHEBI:79096,9547087
s_3160[gm],CHEBI:136162,
s_3161[gm],CHEBI:60568,6438639
s_3162[gm],CHEBI:136170,
s_3163[vm],CHEBI:89824,52926017
s_3164[vm],CHEBI:24636,5460653
s_3165[vm],CHEBI:16526,280
s_3166[vm],CHEBI:136147,
s_3167[vm],,
s_3168[vm],CHEBI:138792,
s_3169[vm],CHEBI:90036,52925996
s_3170[vm],CHEBI:136155,
s_3171[vm],CHEBI:75101,52925990
s_3172[vm],CHEBI:82837,52924899
s_3173[vm],CHEBI:34086,5283499
s_3174[vm],CHEBI:136148,
s_3175[vm],CHEBI:90032,52926009
s_3176[vm],CHEBI:90464,
s_3177[vm],CHEBI:79096,9547087
s_3178[vm],CHEBI:136162,
s_3179[vm],CHEBI:60568,6438639
s_3180[vm],CHEBI:136170,
s_3181[erm],CHEBI:136147,
s_3182[erm],CHEBI:15414,34756
s_3183[erm],CHEBI:16680,439155
s_3184[erm],,
s_3185[erm],CHEBI:138792,
s_3186[erm],,
s_3187[erm],CHEBI:136155,
s_3188[erm],,
s_3189[erm],CHEBI:82837,52924899
s_3190[erm],,
s_3191[erm],CHEBI:136148,
s_3192[erm],,
s_3193[erm],CHEBI:90464,
s_3194[erm],,
s_3195[erm],CHEBI:136162,
s_3196[erm],,
s_3197[erm],CHEBI:136170,
s_3198[erm],CHEBI:85962,9547032
s_3199[erm],,
s_3200[erm],,
s_3201[erm],,
s_3202[erm],,
s_3203[erm],,
s_3204[erm],,
s_3205[erm],,
s_3206[erm],CHEBI:85963,9547022
s_3207[erm],CHEBI:134592,
s_3208[erm],CHEBI:83717,24778764
s_3209[erm],CHEBI:86097,24778811
s_3210[erm],CHEBI:86100,24778935
s_3211[erm],CHEBI:134594,
s_3212[erm],CHEBI:84811,24778767
s_3213[erm],CHEBI:75034,24778825
s_3214[erm],CHEBI:74669,10350317
s_3215[erm],CHEBI:58069,20056867
s_3216[erm],CHEBI:57876,25202847
s_3217[erm],CHEBI:16436,13804
s_3218[mm],CHEBI:57597,7048686
s_3219[mm],CHEBI:60377,7058165
s_3220[mm],,
s_3221[mm],,
s_3222[mm],,
s_3223[mm],,
s_3224[mm],,
s_3225[mm],,
s_3226[mm],CHEBI:15377,962
s_3227[mm],CHEBI:136224,
s_3228[mm],CHEBI:43474,3681305
s_3229[mm],,
s_3230[mm],CHEBI:89270,52927152
s_3231[mm],CHEBI:89093,52927167
s_3232[mm],CHEBI:34080,5283509
s_3233[mm],CHEBI:89398,52927146
s_3234[mm],,
s_3235[mm],,
s_3236[mm],,
s_3237[mm],,
s_3238[mm],,
s_3239[mm],,
s_3240[mm],,
s_3241[mm],CHEBI:104873,118987297
s_3242[mm],,
s_3243[mm],,
s_3244[mm],,
s_3245[mm],,
s_3246[mm],,
s_3247[mm],,
s_3248[mm],,
s_3249[mm],,
s_3250[mm],,
s_3251[mm],,
s_3252[mm],,
s_3253[mm],,
s_3254[mm],,
s_3255[mm],,
s_3256[mm],,
s_3257[mm],,
s_3258[mm],,
s_3259[mm],,
s_3260[mm],,
s_3261[mm],,
s_3262[mm],,
s_3263[mm],,
s_3264[mm],,
s_3265[mm],,
s_3266[mm],,
s_3267[mm],,
s_3268[mm],,
s_3269[mm],,
s_3270[mm],,
s_3271[mm],CHEBI:7896,504166
s_3272[mm],,
s_3273[mm],,
s_3274[mm],,
s_3275[mm],,
s_3276[mm],,
s_3277[mm],CHEBI:25629,3033836
s_3278[mm],,
s_3279[mm],,
s_3280[mm],,
s_3281[mm],,
s_3282[mm],,
s_3283[mm],,
s_3284[mm],,
s_3285[mm],,
s_3286[mm],,
s_3287[mm],,
s_3288[mm],,
s_3289[mm],,
s_3290[mm],,
s_3291[mm],,
s_3292[mm],,
s_3293[mm],,
s_3294[mm],,
s_3295[mm],,
s_3296[mm],CHEBI:134592,
s_3297[mm],CHEBI:72998,460602
s_3298[mm],CHEBI:83717,24778764
s_3299[mm],CHEBI:73851,24779461
s_3300[mm],CHEBI:86097,24778811
s_3301[mm],CHEBI:73858,497299
s_3302[mm],CHEBI:86100,24778935
s_3303[mm],CHEBI:28610,16081932
s_3304[mm],CHEBI:134594,
s_3305[mm],CHEBI:84811,24778767
s_3306[mm],CHEBI:75034,24778825
s_3307[mm],CHEBI:74669,10350317
s_3308[mm],,
s_3309[mm],,
s_3310[mm],,
s_3311[mm],,
s_3312[mm],,
s_3313[mm],,
s_3314[mm],,
s_3315[mm],,
s_3316[mm],,
s_3317[mm],,
s_3318[mm],,
s_3319[mm],,
s_3320[mm],CHEBI:61540,25244393
s_3321[mm],CHEBI:57287,25113190
s_3322[mm],CHEBI:57387,25245426
s_3323[ce],CHEBI:88396,52928334
s_3324[ce],CHEBI:456216,7058055
s_3325[ce],,
s_3326[ce],,
s_3327[ce],,
s_3328[ce],CHEBI:88557,52928310
s_3329[ce],,
s_3330[ce],CHEBI:88626,52928304
s_3331[ce],,
s_3332[ce],CHEBI:73215,71296232
s_3333[ce],,
s_3334[ce],CHEBI:88562,52928326
s_3335[ce],,
s_3336[ce],CHEBI:77346,49866673
s_3337[ce],CHEBI:77277,86289129
s_3338[ce],CHEBI:88612,5771759
s_3339[ce],,
s_3340[vm],CHEBI:88396,52928334
s_3341[vm],CHEBI:30616,5461108
s_3342[vm],CHEBI:456216,7058055
s_3343[vm],,
s_3344[vm],,
s_3345[vm],,
s_3346[vm],CHEBI:88557,52928310
s_3347[vm],,
s_3348[vm],CHEBI:88626,52928304
s_3349[vm],,
s_3350[vm],CHEBI:73215,71296232
s_3351[vm],,
s_3352[vm],CHEBI:88562,52928326
s_3353[vm],,
s_3354[vm],CHEBI:77346,49866673
s_3355[vm],CHEBI:77277,86289129
s_3356[vm],CHEBI:88612,5771759
s_3357[vm],,
s_3358[gm],CHEBI:88396,52928334
s_3359[gm],CHEBI:30616,5461108
s_3360[gm],CHEBI:456216,7058055
s_3361[gm],,
s_3362[gm],,
s_3363[gm],,
s_3364[gm],CHEBI:88557,52928310
s_3365[gm],,
s_3366[gm],CHEBI:88626,52928304
s_3367[gm],,
s_3368[gm],CHEBI:73215,71296232
s_3369[gm],,
s_3370[gm],CHEBI:88562,52928326
s_3371[gm],,
s_3372[gm],CHEBI:77346,49866673
s_3373[gm],CHEBI:77277,86289129
s_3374[gm],CHEBI:88612,5771759
s_3375[gm],,
s_3376[n],CHEBI:88396,52928334
s_3377[n],,
s_3378[n],,
s_3379[n],,
s_3380[n],CHEBI:88557,52928310
s_3381[n],,
s_3382[n],CHEBI:88626,52928304
s_3383[n],,
s_3384[n],CHEBI:73215,71296232
s_3385[n],,
s_3386[n],CHEBI:88562,52928326
s_3387[n],,
s_3388[n],CHEBI:77346,49866673
s_3389[n],CHEBI:77277,86289129
s_3390[n],CHEBI:88612,5771759
s_3391[n],,
s_3392[vm],,
s_3393[vm],,
s_3394[vm],,
s_3395[vm],,
s_3396[vm],,
s_3397[vm],,
s_3398[vm],CHEBI:77347,86289149
s_3399[vm],CHEBI:77344,86289144
s_3400[n],,
s_3401[n],,
s_3402[n],,
s_3403[n],,
s_3404[n],,
s_3405[n],,
s_3406[n],CHEBI:77279,86289131
s_3407[n],,
s_3408[ce],,
s_3409[ce],,
s_3410[ce],,
s_3411[ce],,
s_3412[ce],,
s_3413[ce],,
s_3414[ce],CHEBI:77279,86289131
s_3415[ce],,
s_3416[vm],,
s_3417[vm],,
s_3418[vm],,
s_3419[vm],,
s_3420[vm],,
s_3421[vm],,
s_3422[vm],,
s_3423[vm],,
s_3424[erm],CHEBI:90452,
s_3425[erm],,
s_3426[erm],CHEBI:64576,
s_3427[erm],CHEBI:64575,
s_3428[erm],CHEBI:72998,460602
s_3429[erm],CHEBI:73851,24779461
s_3430[erm],CHEBI:73858,497299
s_3431[erm],CHEBI:28610,16081932
s_3432[erm],CHEBI:23929,5283662
s_3433[erm],CHEBI:52375,25271605
s_3434[erm],CHEBI:52376,44263329
s_3435[erm],CHEBI:17038,440371
s_3436[erm],CHEBI:52379,25271607
s_3437[erm],CHEBI:52380,25271608
s_3438[erm],CHEBI:16521,246983
s_3439[erm],CHEBI:52382,25271609
s_3440[erm],CHEBI:52383,25271592
s_3441[erm],CHEBI:16933,444679
s_3442[erm],CHEBI:52377,25271616
s_3443[erm],CHEBI:52378,25271606
s_3444[erm],CHEBI:18252,92746
s_3445[erm],CHEBI:52384,25271593
s_3446[erm],CHEBI:52385,25271594
s_3447[erm],CHEBI:16870,657272
s_3448[ce],CHEBI:134592,
s_3449[ce],CHEBI:15377,962
s_3450[ce],CHEBI:72998,460602
s_3451[ce],CHEBI:32372,5461012
s_3452[ce],CHEBI:83717,24778764
s_3453[ce],CHEBI:73851,24779461
s_3454[ce],CHEBI:86097,24778811
s_3455[ce],CHEBI:73858,497299
s_3456[ce],CHEBI:86100,24778935
s_3457[ce],CHEBI:28610,16081932
s_3458[ce],CHEBI:134594,
s_3459[ce],CHEBI:30823,5460221
s_3460[ce],CHEBI:84811,24778767
s_3461[ce],CHEBI:75034,24778825
s_3462[ce],CHEBI:74669,10350317
s_3463[ce],CHEBI:7896,504166
s_3464[ce],CHEBI:25629,3033836
s_3465[ce],CHEBI:136147,
s_3466[ce],CHEBI:90452,
s_3467[ce],CHEBI:138792,
s_3468[ce],,
s_3469[ce],CHEBI:136155,
s_3470[ce],CHEBI:64576,
s_3471[ce],CHEBI:82837,52924899
s_3472[ce],CHEBI:64575,
s_3473[ce],CHEBI:136148,
s_3474[ce],CHEBI:90464,
s_3475[ce],CHEBI:136162,
s_3476[ce],CHEBI:136170,
s_3477[ce],CHEBI:16929,5459861
s_3478[ce],CHEBI:89824,52926017
s_3479[ce],,
s_3480[ce],,
s_3481[ce],,
s_3482[ce],CHEBI:90036,52925996
s_3483[ce],CHEBI:85403,42607474
s_3484[ce],CHEBI:75101,52925990
s_3485[ce],CHEBI:52649,9547099
s_3486[ce],CHEBI:34086,5283499
s_3487[ce],CHEBI:90032,52926009
s_3488[ce],CHEBI:79096,9547087
s_3489[ce],CHEBI:60568,6438639
s_3490[ce],CHEBI:64945,444182
s_3491[ce],CHEBI:73218,71296207
s_3492[ce],CHEBI:138108,129626716
s_3493[ce],CHEBI:83054,71581135
s_3494[ce],CHEBI:82753,86289645
s_3495[ce],CHEBI:58444,45480544
s_3496[c],,
s_3497[c],CHEBI:84394,9543678
s_3498[c],CHEBI:203600,21761708
s_3499[c],,
s_3500[c],CHEBI:84417,9543679
s_3501[c],,
s_3502[c],CHEBI:88527,53478048
s_3503[c],,
s_3504[c],CHEBI:89229,53478089
s_3505[c],,
s_3506[c],CHEBI:88454,9543972
s_3507[c],,
s_3508[c],CHEBI:88500,9543694
s_3509[c],CHEBI:77279,86289131
s_3510[c],CHEBI:75468,6443547
s_3511[c],,
s_3512[c],CHEBI:52333,9543716
s_3513[n],CHEBI:84394,9543678
s_3514[n],CHEBI:84417,9543679
s_3515[n],CHEBI:88527,53478048
s_3516[n],CHEBI:89229,53478089
s_3517[n],CHEBI:88454,9543972
s_3518[n],CHEBI:88500,9543694
s_3519[n],CHEBI:75468,6443547
s_3520[n],CHEBI:52333,9543716
s_3521[mm],CHEBI:84394,9543678
s_3522[mm],CHEBI:84417,9543679
s_3523[mm],CHEBI:88527,53478048
s_3524[mm],CHEBI:89229,53478089
s_3525[mm],CHEBI:88454,9543972
s_3526[mm],CHEBI:88500,9543694
s_3527[ce],CHEBI:73998,71581034
s_3528[ce],CHEBI:75071,52929555
s_3529[ce],CHEBI:75073,52929479
s_3530[ce],CHEBI:75074,52929473
s_3531[ce],CHEBI:64844,5283523
s_3532[ce],,
s_3533[ce],CHEBI:74847,24779560
s_3534[ce],CHEBI:83775,14057128
s_3535[ce],,
s_3536[ce],CHEBI:43474,3681305
s_3537[ce],,
s_3538[ce],,
s_3539[ce],,
s_3540[ce],,
s_3541[ce],,
s_3542[ce],CHEBI:77347,86289149
s_3543[ce],CHEBI:77344,86289144
s_3544[c],,
s_3545[c],CHEBI:88396,52928334
s_3546[c],,
s_3547[c],,
s_3548[c],,
s_3549[c],CHEBI:88557,52928310
s_3550[c],,
s_3551[c],CHEBI:88626,52928304
s_3552[c],,
s_3553[c],CHEBI:73215,71296232
s_3554[c],,
s_3555[c],CHEBI:88562,52928326
s_3556[c],CHEBI:77347,86289149
s_3557[c],CHEBI:77346,49866673
s_3558[c],CHEBI:77344,86289144
s_3559[c],CHEBI:88612,5771759
s_3560[erm],,
s_3561[erm],,
s_3562[erm],,
s_3563[erm],,
s_3564[erm],,
s_3565[erm],,
s_3566[erm],CHEBI:77347,86289149
s_3567[erm],CHEBI:77344,86289144
s_3568[gm],,
s_3569[gm],,
s_3570[gm],,
s_3571[gm],,
s_3572[gm],,
s_3573[gm],,
s_3574[gm],CHEBI:77347,86289149
s_3575[gm],CHEBI:77344,86289144
s_3576[c],,
s_3577[c],,
s_3578[c],,
s_3579[c],,
s_3580[c],,
s_3581[c],,
s_3582[c],CHEBI:77277,86289129
s_3583[c],,
s_3584[erm],,
s_3585[erm],,
s_3586[erm],,
s_3587[erm],,
s_3588[erm],,
s_3589[erm],,
s_3590[erm],CHEBI:77277,86289129
s_3591[erm],,
s_3592[ce],,
s_3593[ce],,
s_3594[ce],,
s_3595[ce],,
s_3596[ce],,
s_3597[ce],,
s_3598[ce],,
s_3599[ce],,
s_3600[c],,
s_3601[c],,
s_3602[c],,
s_3603[c],,
s_3604[c],,
s_3605[c],,
s_3606[c],,
s_3607[c],,
s_3608[erm],,
s_3609[erm],,
s_3610[erm],,
s_3611[erm],,
s_3612[erm],,
s_3613[erm],,
s_3614[erm],CHEBI:77279,86289131
s_3615[erm],,
s_3616[vm],,
s_3617[vm],,
s_3618[vm],,
s_3619[vm],,
s_3620[vm],CHEBI:34087,5283538
s_3621[vm],,
s_3622[vm],,
s_3623[vm],,
s_3624[gm],,
s_3625[gm],,
s_3626[gm],,
s_3627[gm],,
s_3628[gm],CHEBI:34087,5283538
s_3629[gm],,
s_3630[gm],,
s_3631[gm],,
s_3632[c],CHEBI:15799,6419701
s_3633[c],CHEBI:134127,
s_3634[c],CHEBI:75070,52929751
s_3635[c],CHEBI:134128,
s_3636[c],CHEBI:74850,9547179
s_3637[c],CHEBI:134129,
s_3638[c],CHEBI:62837,5311263
s_3639[c],CHEBI:134130,
s_3640[vm],CHEBI:15799,6419701
s_3641[vm],CHEBI:134127,
s_3642[vm],CHEBI:75070,52929751
s_3643[vm],CHEBI:134128,
s_3644[vm],CHEBI:74850,9547179
s_3645[vm],CHEBI:134129,
s_3646[vm],CHEBI:62837,5311263
s_3647[vm],CHEBI:134130,
s_3648[gm],CHEBI:15799,6419701
s_3649[gm],CHEBI:134127,
s_3650[gm],CHEBI:75070,52929751
s_3651[gm],CHEBI:134128,
s_3652[gm],CHEBI:74850,9547179
s_3653[gm],CHEBI:134129,
s_3654[gm],CHEBI:62837,5311263
s_3655[gm],CHEBI:134130,
s_3656[lp],CHEBI:52378,25271606
s_3657[lp],CHEBI:15377,962
s_3658[lp],CHEBI:52377,25271616
s_3659[lp],CHEBI:52376,44263329
s_3660[lp],CHEBI:23929,5283662
s_3661[lp],CHEBI:52375,25271605
s_3662[lp],CHEBI:52380,25271608
s_3663[lp],CHEBI:52379,25271607
s_3664[lp],CHEBI:52383,25271592
s_3665[lp],CHEBI:16521,246983
s_3666[lp],CHEBI:52382,25271609
s_3667[lp],CHEBI:52385,25271594
s_3668[lp],CHEBI:52384,25271593
s_3669[ce],CHEBI:52385,25271594
s_3670[ce],CHEBI:52384,25271593
s_3671[lp],CHEBI:134127,
s_3672[lp],CHEBI:134128,
s_3673[lp],CHEBI:134129,
s_3674[lp],CHEBI:134130,
s_3675[m],CHEBI:88454,9543972
s_3676[m],CHEBI:134127,
s_3677[m],CHEBI:30823,5460221
s_3678[m],CHEBI:88500,9543694
s_3679[m],CHEBI:134128,
s_3680[m],CHEBI:75468,6443547
s_3681[m],CHEBI:134129,
s_3682[m],CHEBI:52333,9543716
s_3683[m],CHEBI:134130,
s_3684[lp],CHEBI:17754,753
s_3685[lp],CHEBI:90452,
s_3686[lp],CHEBI:136148,
s_3687[lp],,
s_3688[lp],CHEBI:90464,
s_3689[lp],CHEBI:64576,
s_3690[lp],CHEBI:136162,
s_3691[lp],CHEBI:64575,
s_3692[lp],CHEBI:136170,
s_3693[lp],CHEBI:134592,
s_3694[lp],CHEBI:72998,460602
s_3695[lp],CHEBI:83717,24778764
s_3696[lp],CHEBI:73851,24779461
s_3697[lp],CHEBI:86097,24778811
s_3698[lp],CHEBI:73858,497299
s_3699[lp],CHEBI:86100,24778935
s_3700[lp],CHEBI:28610,16081932
s_3701[lp],CHEBI:134594,
s_3702[lp],CHEBI:84811,24778767
s_3703[lp],CHEBI:75034,24778825
s_3704[lp],CHEBI:74669,10350317
s_3705[lp],CHEBI:136147,
s_3706[lp],CHEBI:138792,
s_3707[lp],CHEBI:136155,
s_3708[lp],CHEBI:82837,52924899
s_3709[erm],,
s_3710[erm],,
s_3711[erm],,
s_3712[erm],,
s_3713[erm],,
s_3714[c],CHEBI:24479,
s_3715[e],CHEBI:16634,439242
s_3716[e],CHEBI:28053,440658
s_3717[c],,
s_3718[c],,
s_3719[c],,
s_3720[c],,
s_3721[g],,
s_3722[c],,
s_3723[c],,
s_3724[c],,
s_3725[c],,
s_3726[er],,
s_3727[c],,
s_3728[er],,
s_3729[c],,
s_3730[erm],,
s_3731[c],,
s_3732[erm],,
s_3733[c],,
s_3734[erm],,
s_3735[c],,
s_3736[mm],,
s_3737[c],,
s_3738[mm],,
s_3739[c],,
s_3740[c],,
s_3741[c],,
s_3742[c],,
s_3743[c],,
s_3744[c],,
s_3745[c],,
s_3746[c],,
s_3747[c],,
s_3748[m],CHEBI:83739,
s_3749[m],CHEBI:15697,
s_3750[c],CHEBI:16583,650
s_3751[n],CHEBI:15686,439314
s_3752[n],CHEBI:16583,650
s_3753[n],CHEBI:57945,21604869
s_3754[m],CHEBI:29165,
s_3755[m],CHEBI:18050,5961
s_3756[m],CHEBI:29166,
s_3757[v],CHEBI:73610,7009581
s_3758[v],CHEBI:16643,6137
s_3759[v],CHEBI:16977,5950
s_3760[c],CHEBI:58753,45266755
s_3761[c],CHEBI:57967,49791958
s_3762[c],CHEBI:16509,4650
s_3763[c],CHEBI:17977,46173720
s_3764[er],CHEBI:57705,16667373
s_3765[er],CHEBI:18278,24892748
s_3766[er],CHEBI:58223,20056717
s_3767[er],,
s_3768[c],CHEBI:78346,24794349
s_3769[p],CHEBI:30623,71081
s_3770[p],CHEBI:57388,45266609
s_3771[er],,
s_3772[er],CHEBI:4167,5793
s_3773[er],,
s_3774[er],,
s_3775[v],CHEBI:29101,923
s_3776[v],CHEBI:29103,813
s_3777[v],CHEBI:17996,312
s_3778[c],CHEBI:17996,312
s_3779[v],CHEBI:15824,
s_3780[v],CHEBI:4139,6036
s_3781[er],CHEBI:57865,1778309
s_3782[c],CHEBI:48775,31193
s_3783[e],CHEBI:48775,31193
s_3784[m],,
s_3785[m],CHEBI:17561,5862
s_3786[m],,
s_3787[er],CHEBI:16113,5997
s_3788[erm],CHEBI:16113,5997
s_3789[c],,
s_3790[c],,
s_3791[c],CHEBI:17069,102
s_3792[c],CHEBI:16207,101
s_3793[c],CHEBI:27995,11476
s_3794[c],CHEBI:28476,12105
s_3795[c],CHEBI:27628,325
s_3796[c],CHEBI:28671,326
s_3797[c],CHEBI:1895,11505
s_3798[c],CHEBI:28617,7725
s_3799[c],CHEBI:17987,244
s_3800[c],CHEBI:17169,240
s_3801[c],CHEBI:29035,27854
s_3802[er],CHEBI:29035,27854
s_3805[c],CHEBI:16899,6251
s_3806[c],CHEBI:58276,18706098
s_3807[c],CHEBI:49031,10909908
s_3808[m],CHEBI:29177,
s_3809[m],CHEBI:29154,
s_3810[c],CHEBI:58402,5289118
s_3811[m],CHEBI:15642,135476770
s_3812[m],CHEBI:20680,135476784
s_3813[m],CHEBI:18421,5359597
s_3814[c],CHEBI:84760,90659879
s_3815[c],CHEBI:84755,439268
s_3816[c],CHEBI:29969,
s_3817[c],CHEBI:61929,
s_3818[n],CHEBI:67040,34755
s_3819[n],CHEBI:29969,
s_3820[n],CHEBI:16680,439155
s_3821[n],CHEBI:61929,
s_3822[c],CHEBI:29105,32051
s_3823[er],CHEBI:29105,32051
s_3826[m],CHEBI:18097,
s_3827[m],,
s_3828[c],,
s_3829[c],CHEBI:51507,8651
s_3830[er],CHEBI:17792,
s_3831[er],CHEBI:57925,7048684
s_3832[er],CHEBI:16042,
s_3833[er],CHEBI:17021,
s_3834[c],CHEBI:17792,
s_3835[c],CHEBI:16042,
s_3836[c],CHEBI:17021,
s_3837[c],CHEBI:17016,158980
s_3838[v],CHEBI:73757,6998029
s_3839[v],CHEBI:15428,750
s_3840[v],CHEBI:73770,96801
s_3841[c],CHEBI:57251,25201926
s_3842[p],CHEBI:17792,
s_3843[p],CHEBI:57925,7048684
s_3844[p],CHEBI:16042,
s_3845[p],CHEBI:17021,
s_3846[c],CHEBI:27956,440667
s_3847[c],CHEBI:38290,54679076
s_3848[p],CHEBI:27956,440667
s_3849[p],CHEBI:58297,40467895
s_3850[p],CHEBI:38290,54679076
s_3851[c],CHEBI:16698,9864
s_3852[c],CHEBI:58273,21115541
s_3853[c],CHEBI:8744,
s_3854[c],CHEBI:47910,
s_3855[m],CHEBI:29034,29936
s_3856[c],,
s_3857[c],,
s_3858[c],CHEBI:28479,71098
s_3859[c],CHEBI:61146,4686862
s_3860[c],CHEBI:57917,644235
s_3861[c],CHEBI:18202,5460044
s_3862[c],CHEBI:28061,439357
s_3863[m],CHEBI:57340,45266571
s_3864[m],CHEBI:11805,11966314
s_3865[e],CHEBI:15889,
s_3866[c],CHEBI:15889,
s_3867[c],CHEBI:16562,7680
s_3868[c],CHEBI:16031,397
s_3871[c],CHEBI:37080,25188
s_3872[c],CHEBI:28619,6579
s_3873[c],CHEBI:28179,2331
s_3874[c],CHEBI:16150,242
s_3875[c],CHEBI:18391,6419706
s_3876[c],CHEBI:17171,
s_3877[c],CHEBI:15818,
s_3878[er],CHEBI:57880,
s_3879[er],CHEBI:57265,
s_3880[c],CHEBI:29108,271
s_3881[v],CHEBI:30616,5461108
s_3882[v],CHEBI:29108,271
s_3883[v],CHEBI:456216,7058055
s_3884[c],,
s_3885[c],CHEBI:17518,
s_3886[er],CHEBI:50347,
s_3887[er],,
s_3888[er],CHEBI:57497,46878381
s_3889[er],CHEBI:132537,
s_3890[er],CHEBI:57527,135398626
s_3891[er],,
s_3892[er],CHEBI:58189,135398618
s_3893[er],,
s_3894[er],,
s_3895[er],,
s_3896[er],,
s_3897[v],CHEBI:60331,46906104
s_3898[v],CHEBI:17369,
s_3899[v],CHEBI:16659,5460358
s_3900[v],CHEBI:27535,
s_3901[v],CHEBI:28729,185698
s_3902[v],,
s_3903[c],,
s_3904[c],CHEBI:16523,71077
s_3905[m],CHEBI:17981,99478
s_3906[m],CHEBI:29919,5047209
s_3907[m],CHEBI:16337,
s_3908[m],CHEBI:17962,
s_3909[c],CHEBI:80867,
s_3910[c],CHEBI:134399,656929
s_3911[er],CHEBI:57525,46878388
s_3912[er],,
s_3913[c],CHEBI:16480,145068
s_3914[c],CHEBI:17632,943
s_3915[c],CHEBI:83088,1549144
s_3916[c],CHEBI:83091,25245420
s_3917[c],CHEBI:13850,
s_3918[c],CHEBI:80399,
s_3923[c],CHEBI:138256,129320325
s_3924[m],CHEBI:138256,129320325
s_3925[m],CHEBI:4047,439498
s_3926[g],CHEBI:17996,312
s_3927[c],CHEBI:61557,
s_3928[c],CHEBI:58043,
s_3929[c],CHEBI:61560,
s_3930[c],CHEBI:65317,
s_3931[c],CHEBI:18421,5359597
s_3932[er],,
s_3933[er],CHEBI:4208,18950
s_3934[c],CHEBI:16268,6587
s_3935[c],CHEBI:16301,946
s_3936[e],,
s_3937[er],CHEBI:58342,
s_3938[er],CHEBI:57970,
s_3939[er],CHEBI:58608,
s_3940[c],CHEBI:18054,11080426
s_3941[c],CHEBI:82696,
s_3942[p],,
s_3943[p],,
s_3944[m],CHEBI:13850,
s_3945[m],CHEBI:80398,
s_3946[m],CHEBI:80400,
s_3947[m],CHEBI:80399,
s_3948[c],CHEBI:57634,21604863
s_3949[c],CHEBI:15903,64689
s_3950[c],CHEBI:58247,21604865
s_3951[c],CHEBI:17925,79025
s_3952[c],CHEBI:58225,21604864
s_3953[c],CHEBI:47977,439213
s_3954[c],CHEBI:28645,439709
s_3958[c],CHEBI:16659,5460358
s_3959[c],CHEBI:27976,12222
s_3960[c],CHEBI:15364,5459765
s_3961[c],CHEBI:18268,92283
s_3962[c],CHEBI:30612,5288393
s_3963[c],CHEBI:18020,133
s_3964[c],CHEBI:1941,134
s_3965[c],CHEBI:62413,46173457
s_3966[c],CHEBI:17453,5459982
s_3967[c],CHEBI:27398,150841
s_3968[c],CHEBI:16974,96215
s_3969[c],CHEBI:27428,5460041
s_3970[c],CHEBI:16577,5284239
s_3971[c],CHEBI:50157,74688
s_3972[c],CHEBI:27823,1826
s_3973[c],CHEBI:7386,440850
s_3974[c],CHEBI:11951,6991994
s_3975[c],CHEBI:28452,
s_3976[c],CHEBI:19982,638124
s_3977[c],CHEBI:80465,9543055
s_3978[c],CHEBI:27397,
s_3979[c],CHEBI:27871,33
s_3980[c],CHEBI:27869,300
s_3981[c],CHEBI:15421,16441
s_3982[c],CHEBI:36999,1256
s_3983[c],CHEBI:15894,5280598
s_3984[c],CHEBI:84162,5275507
s_3985[erm],CHEBI:16247,
s_3986[gm],CHEBI:16247,
s_3987[erm],CHEBI:456216,7058055
s_3988[c],CHEBI:75757,12178130
s_3989[er],CHEBI:132511,121232694
s_3990[er],CHEBI:132515,121232696
s_3991[c],CHEBI:15727,439224
s_3992[c],CHEBI:18323,112072
s_3993[er],,
s_3994[er],,
s_3995[er],,
s_3996[er],,
s_3997[c],CHEBI:29805,5460308
s_3998[c],CHEBI:17992,5988
s_3999[c],CHEBI:28189,439193
s_4000[c],CHEBI:28675,
s_4001[er],,
s_4002[er],,
s_4003[er],,
s_4004[m],CHEBI:80867,
s_4005[m],CHEBI:17319,439182
s_4006[m],,
s_4007[m],,
s_4008[m],,
s_4009[m],CHEBI:18407,768
s_4010[m],CHEBI:33541,
s_4011[m],CHEBI:17359,1099
s_4012[m],CHEBI:29200,781
s_4013[c],CHEBI:18420,888
s_4014[m],CHEBI:18420,888
s_4015[er],CHEBI:58367,44229134
s_4016[er],CHEBI:16189,1117
s_4017[c],CHEBI:506227,439174
s_4018[c],CHEBI:16838,3681305
s_4019[c],CHEBI:29036,27099
s_4020[g],CHEBI:29036,27099
s_4021[c],CHEBI:16769,152239
s_4022[m],CHEBI:8337,66868
s_4023[c],CHEBI:8337,66868
s_4024[c],,
s_4025[g],CHEBI:57705,16667373
s_4026[m],CHEBI:29105,32051
s_4027[v],CHEBI:29105,32051
s_4028[m],CHEBI:17792,
s_4029[m],CHEBI:16042,
s_4030[m],CHEBI:17021,
s_4031[v],CHEBI:29034,29936
s_4032[c],CHEBI:29969,
s_4033[c],CHEBI:61930,
s_4034[e],CHEBI:73788,123935
s_4035[c],CHEBI:73788,123935
s_4036[v],CHEBI:73788,123935
s_4037[e],CHEBI:61396,7006474
s_4038[c],CHEBI:61396,7006474
s_4039[v],CHEBI:61396,7006474
s_4040[e],CHEBI:73762,6427004
s_4041[c],CHEBI:73762,6427004
s_4042[v],CHEBI:73762,6427004
s_4043[v],CHEBI:16857,6288
s_4044[c],CHEBI:77843,25202056
s_4045[e],CHEBI:77843,25202056
s_4046[c],CHEBI:15245,
s_4047[e],CHEBI:15245,
s_4048[c],CHEBI:231935,3707990
s_4049[e],CHEBI:231935,3707990
s_4050[e],CHEBI:73771,9837455
s_4051[c],CHEBI:73771,9837455
s_4052[v],CHEBI:73771,9837455
s_4053[e],CHEBI:73888,99282
s_4054[c],CHEBI:73888,99282
s_4055[v],CHEBI:73888,99282
s_4056[e],CHEBI:73898,123913
s_4057[c],CHEBI:73898,123913
s_4058[v],CHEBI:73898,123913
s_4059[e],CHEBI:73784,7020885
s_4060[c],CHEBI:73784,7020885
s_4061[v],CHEBI:73784,7020885
s_4062[c],CHEBI:58083,3611397
s_4063[e],CHEBI:58083,3611397
s_4064[c],CHEBI:58675,36688171
s_4065[e],CHEBI:58675,36688171
s_4066[c],CHEBI:74604,135774241
s_4067[e],CHEBI:74604,135774241
s_4068[c],CHEBI:60732,135823809
s_4069[e],CHEBI:60732,135823809
s_4070[e],CHEBI:58033,24916760
s_4071[c],CHEBI:58033,24916760
s_4072[c],CHEBI:74631,25201178
s_4073[c],CHEBI:58029,3799953
s_4074[e],CHEBI:58029,3799953
s_4075[e],CHEBI:74631,25201178
s_4076[c],CHEBI:16668,107812
s_4077[c],CHEBI:58680,7059388
s_4078[e],CHEBI:58680,7059388
s_4079[c],CHEBI:35621,6657
s_4080[e],CHEBI:35621,6657
s_4081[c],CHEBI:77802,21117616
s_4082[e],CHEBI:77802,21117616
s_4083[c],CHEBI:60784,23421206
s_4084[e],CHEBI:60784,23421206
s_4085[e],CHEBI:74393,6992293
s_4086[c],CHEBI:74393,6992293
s_4087[v],CHEBI:74393,6992293
s_4088[c],CHEBI:58092,7048563
s_4089[c],CHEBI:16737,588
s_4090[e],CHEBI:58092,7048563
s_4091[e],CHEBI:16737,588
s_4092[c],CHEBI:58477,25201356
s_4093[e],CHEBI:58477,25201356
s_4094[c],CHEBI:60837,135755291
s_4095[e],CHEBI:60837,135755291
s_4096[c],CHEBI:62338,25202084
s_4097[e],CHEBI:62338,25202084
s_4098[c],CHEBI:18036,3440921
s_4099[e],CHEBI:18036,3440921
s_4100[c],CHEBI:77766,23421207
s_4101[e],CHEBI:77766,23421207
s_4102[c],CHEBI:60873,23421171
s_4103[e],CHEBI:60873,23421171
s_4104[c],CHEBI:61085,1549097
s_4105[e],CHEBI:61085,1549097
s_4106[c],CHEBI:60880,15938966
s_4107[e],CHEBI:60880,15938966
s_4108[c],CHEBI:18394,439559
s_4109[e],CHEBI:18394,439559
s_4110[c],CHEBI:78236,7043949
s_4111[e],CHEBI:78236,7043949
s_4112[c],CHEBI:15226,4657547
s_4113[c],CHEBI:33542,439208
s_4114[e],CHEBI:15226,4657547
s_4115[c],CHEBI:61904,3955599
s_4116[e],CHEBI:61904,3955599
s_4117[c],CHEBI:58143,24802254
s_4118[e],CHEBI:58143,24802254
s_4119[e],CHEBI:74363,6995001
s_4120[c],CHEBI:74363,6995001
s_4121[v],CHEBI:74363,6995001
s_4122[c],CHEBI:320061,64947
s_4123[c],CHEBI:17790,887
s_4124[e],CHEBI:17790,887
s_4125[e],CHEBI:320061,64947
s_4126[c],CHEBI:60877,23421172
s_4127[e],CHEBI:60877,23421172
s_4128[c],CHEBI:4249,439312
s_4129[c],CHEBI:58695,25245410
s_4130[e],CHEBI:4249,439312
s_4131[e],CHEBI:32528,5460935
s_4132[c],CHEBI:13705,6971017
s_4133[e],CHEBI:13705,6971017
s_4134[c],CHEBI:132957,20438136
s_4135[e],CHEBI:132957,20438136
s_4136[c],CHEBI:15593,5459790
s_4137[e],CHEBI:15593,5459790
s_4138[c],CHEBI:58090,7140381
s_4139[e],CHEBI:58090,7140381
s_4140[e],CHEBI:61993,92146
s_4141[e],CHEBI:58289,40467846
s_4142[e],CHEBI:58272,25245548
s_4143[e],CHEBI:73610,7009581
s_4144[c],CHEBI:73610,7009581
s_4145[e],CHEBI:57629,23421198
s_4146[e],CHEBI:58228,3423467
s_4147[e],CHEBI:57524,7059387
s_4148[e],CHEBI:58115,135398630
s_4149[e],CHEBI:58130,21584050
s_4150[e],CHEBI:61548,23421199
s_4151[e],CHEBI:57865,1778309
s_4152[e],CHEBI:58702,3674425
s_4153[e],CHEBI:58735,23421200
s_4154[e],CHEBI:58190,7059434
s_4155[e],CHEBI:58759,36688186
s_4156[e],CHEBI:58409,25245607
s_4157[e],CHEBI:33019,4097574
s_4158[e],CHEBI:295975,3330960
s_4159[e],CHEBI:33542,439208
s_4160[e],CHEBI:456215,15938965
s_4161[e],CHEBI:60879,6992262
s_4162[e],CHEBI:77740,23421209
s_4163[e],CHEBI:60377,7058165
s_4164[e],CHEBI:58723,45266741
s_4165[e],CHEBI:28816,5460005
s_4166[e],CHEBI:16349,9750
s_4167[e],CHEBI:16016,670
s_4168[e],CHEBI:73770,96801
s_4169[c],CHEBI:73770,96801
s_4170[e],CHEBI:73757,6998029
s_4171[c],CHEBI:73757,6998029
s_4172[e],CHEBI:44337,1549099
s_4173[c],CHEBI:44337,1549099
s_4174[e],CHEBI:17460,863
s_4175[c],CHEBI:17460,863
s_4176[e],CHEBI:17016,158980
s_4177[c],CHEBI:16169,5460389
s_4178[c],CHEBI:17105,5460066
s_4179[c],CHEBI:18034,5459934
s_4180[c],CHEBI:17140,5289590
s_4181[c],CHEBI:18333,94154
s_4182[c],CHEBI:11596,4609868
s_4183[c],CHEBI:57392,45266613
s_4184[c],CHEBI:33190,9543142
s_4185[c],CHEBI:49072,23615351
s_4186[c],CHEBI:11812,6419735
s_4187[c],CHEBI:57774,13999769
s_4188[c],CHEBI:58476,13999770
s_4189[c],CHEBI:58511,45266666
s_4190[c],CHEBI:57383,25245440
s_4191[c],CHEBI:30245,5460332
s_4192[c],CHEBI:17164,439531
s_4193[c],CHEBI:16634,439242
s_4194[c],CHEBI:18101,127
s_4195[c],CHEBI:17594,785
s_4196[g],CHEBI:30616,5461108
s_4197[g],CHEBI:29108,271
s_4198[g],CHEBI:456216,7058055
s_4199[e],CHEBI:29108,271
s_4200[e],CHEBI:17996,312
s_4201[e],CHEBI:29036,27099
s_4202[e],CHEBI:29035,27854
s_4203[e],CHEBI:29105,32051
s_4204[e],CHEBI:18420,888
s_4205[c],,
s_4206[c],,
s_4207[c],CHEBI:18072,250388
s_4208[c],CHEBI:11424,21933884
s_4209[erm],,
s_4210[erm],,
s_4211[m],,
s_4212[m],CHEBI:86055,31265
s_4213[m],CHEBI:15533,445344
s_4214[m],CHEBI:87426,7799
s_4215[m],CHEBI:57371,45266598
s_4216[m],CHEBI:88764,7762
s_4217[m],CHEBI:87393,8103
s_4218[m],CHEBI:87510,8908
s_4219[m],CHEBI:61430,25244140
s_4220[m],CHEBI:87430,8048
s_4221[c],CHEBI:86055,31265
s_4222[c],CHEBI:87426,7799
s_4223[c],CHEBI:88764,7762
s_4224[c],CHEBI:87510,8908
s_4225[c],CHEBI:87430,8048
s_4226[e],CHEBI:86055,31265
s_4227[e],CHEBI:87426,7799
s_4228[e],CHEBI:88764,7762
s_4229[e],CHEBI:87510,8908
s_4230[e],CHEBI:87430,8048
s_4231[m],CHEBI:27750,8857
s_4232[c],CHEBI:17153,527
s_4233[c],CHEBI:28831,1031
s_4234[m],CHEBI:17153,527
s_4235[m],CHEBI:28831,1031
s_4236[e],CHEBI:17153,527
s_4237[e],CHEBI:28831,1031
s_4238[c],CHEBI:49017,18635
s_4239[c],CHEBI:49019,10448
s_4240[m],CHEBI:49017,18635
s_4241[m],CHEBI:49019,10448
s_4242[e],CHEBI:49017,18635
s_4243[e],CHEBI:49019,10448
s_4244[c],CHEBI:15621,440113
s_4245[c],CHEBI:1879,10393
s_4246[m],CHEBI:15621,440113
s_4247[m],CHEBI:1879,10393
s_4248[e],CHEBI:15621,440113
s_4249[e],CHEBI:1879,10393
s_4250[c],CHEBI:30768,1032
s_4251[p],CHEBI:30768,1032
s_4252[p],CHEBI:57386,25245711
s_4253[m],CHEBI:41330,7749
s_4254[c],,
s_4255[e],,
s_4256[c],,
s_4257[e],,
s_4258[c],CHEBI:40116,7997
s_4259[e],CHEBI:40116,7997
s_4261[c],CHEBI:41330,7749
s_4262[e],CHEBI:41330,7749
