Reaction	Metabolite	ShadowPrice	G-	G+	DecrementalShadowPrice	IncrementalShadowPrice
FOMETRi	12dgr120_c	-0.0	0.0	0.0	Inf	Inf
FOMETRi	12dgr140_c	-0.0	0.0	0.0	Inf	Inf
FOMETRi	12dgr160_c	-0.0	-0.05370601909629613	0.0	-0.0	Inf
FOMETRi	12dgr180_c	-0.0	0.0	0.0	Inf	Inf
FOMETRi	12ppd__R_c	-0.0	-1000.0	0.0	-0.0	Inf
FOMETRi	12ppd__S_c	-0.0	0.0	0.0	Inf	Inf
FOMETRi	5drib_c	-0.0	-999.9998106394476	0.0001893605524911778	-0.0	0.0
FOMETRi	5mta_c	-0.0	0.0	0.0	Inf	Inf
FOMETRi	23dhacoa_c	-0.0	-0.00048476301424216217	0.0	-0.0	Inf
FOMETRi	5mtr_c	-0.0	0.0	0.0	Inf	Inf
FOMETRi	3amac_c	-0.0	-0.1578386130807985	0.0	-0.0	Inf
FOMETRi	LalaDgluMdap_c	-0.0	-0.02338644903388822	0.0	-0.0	Inf
FOMETRi	ac_c	-0.0	-0.1578386130807985	1.8614738912505118	-0.0	0.0
FOMETRi	acald_c	-0.0	-1.0454437133694228	3.0710013740439694	-0.0	0.0
FOMETRi	acetol_c	-0.0	0.0	0.003285615986335814	Inf	0.0
FOMETRi	acgam_c	-0.0	-0.07952133281678138	0.0	-0.0	Inf
FOMETRi	acgam6p_c	-0.0	-0.07952133281678138	0.0	-0.0	Inf
FOMETRi	acmalt_c	0.0	0.0	0.0	Inf	Inf
FOMETRi	acmana_c	-0.0	-0.07952133281678138	0.0	-0.0	Inf
FOMETRi	2dmmq8_c	-0.0	0.0	0.0	Inf	Inf
FOMETRi	2dmmql8_c	-0.0	0.0	0.0	Inf	Inf
FOMETRi	ade_c	-0.0	-0.03156772261615981	0.0005663984525655838	-0.0	0.0
FOMETRi	adn_c	-0.0	0.0	0.0005663984525655838	Inf	0.0
FOMETRi	3sala_c	0.0	0.0	0.0	Inf	Inf
FOMETRi	adphep_DD_c	-0.0	0.0	0.0	Inf	Inf
FOMETRi	adphep_LD_c	-0.0	0.0	0.0	Inf	Inf
FOMETRi	4ahmmp_c	0.0	0.0	0.0	Inf	Inf
FOMETRi	4crsol_c	-0.0	-999.9998123226525	0.0001876773475801451	-0.0	0.0
FOMETRi	2ohph_c	-0.0	-0.0001876773475801451	0.13068046417117785	-0.0	0.0
FOMETRi	2ombzl_c	-0.0	0.0	0.0	Inf	Inf
FOMETRi	2omhmbl_c	-0.0	0.0	0.0	Inf	Inf
FOMETRi	2ommbl_c	0.0	0.0	0.0	Inf	Inf
FOMETRi	2omph_c	-0.0	0.0	0.13068046417117785	Inf	0.0
FOMETRi	4mhetz_c	0.0	0.0	0.0	Inf	Inf
FOMETRi	2oph_c	-0.0	-0.0001876773475801451	0.13068046417117785	-0.0	0.0
FOMETRi	2oxpaccoa_c	-0.0	-0.00048476301424216217	0.0	-0.0	Inf
FOMETRi	all__D_c	-0.0	-41.41813708879741	0.0	-0.0	Inf
FOMETRi	alltn_c	-0.0	-0.039459653270199624	0.0	-0.0	Inf
FOMETRi	4r5au_c	-0.0	-0.00037535469527938403	0.2524999999928923	-0.0	0.0
FOMETRi	56dura_c	0.0	0.0	0.0	Inf	Inf
FOMETRi	arab__L_c	-0.0	-49.7017645065569	0.0	-0.0	Inf
FOMETRi	etoh_c	-0.0	-1000.0	0.0	-0.0	Inf
FOMETRi	csn_c	-0.0	0.0	0.03439704044603786	Inf	0.0
FOMETRi	fald_c	-0.0	0.0	0.0	Inf	Inf
FOMETRi	fc1p_c	-0.0	-0.811835818285507	0.0	-0.0	Inf
FOMETRi	fcl__L_c	-0.0	0.0	0.0	Inf	Inf
FOMETRi	aso4_c	0.0	0.0	0.0	Inf	Inf
FOMETRi	cyan_c	0.0	0.0	0.0	Inf	Inf
FOMETRi	athtp_c	0.0	0.0	0.0	Inf	Inf
FOMETRi	cytd_c	-0.0	0.0	0.0	Inf	Inf
FOMETRi	dad_2_c	-0.0	0.0	0.0	Inf	Inf
FOMETRi	dad_5_c	-0.0	-0.03156772261615981	0.0001893605524911778	-0.0	0.0
FOMETRi	betald_c	0.0	0.0	0.0	Inf	Inf
FOMETRi	btal_c	-0.0	-497.01764506556873	0.0	-0.0	Inf
FOMETRi	for_c	-0.0	-0.09191056256895536	0.0020644508236901445	-0.0	0.0
FOMETRi	dcyt_c	-0.0	-0.022021369851040702	0.0	-0.0	Inf
FOMETRi	fru_c	-0.0	0.0	0.0	Inf	Inf
FOMETRi	ca2_c	-0.0	-0.004380540780971387	999.995619459219	-0.0	0.0
FOMETRi	g3pe_c	-0.0	-0.11700630618552652	0.0	-0.0	Inf
FOMETRi	g3pi_c	0.0	0.0	0.0	Inf	Inf
FOMETRi	cbm_c	-0.0	-0.07891930654039925	0.0	-0.0	Inf
FOMETRi	dha_c	-0.0	-82.83627417759482	0.0	-0.0	Inf
FOMETRi	gal_c	-0.0	0.0	0.0	Inf	Inf
FOMETRi	dhgly_c	-0.0	-0.0001876773475801451	0.7677503435109923	-0.0	0.0
FOMETRi	dhmptp_c	0.0	0.0	0.0	Inf	Inf
FOMETRi	gcald_c	-0.0	-139.16494061835922	0.0005630320426917024	-0.0	0.0
FOMETRi	dhptd_c	-0.0	-50.205099779439124	0.000377037900074406	-0.0	0.0
FOMETRi	cechddd_c	-0.0	0.0	0.0	Inf	Inf
FOMETRi	dhptdn_c	0.0	0.0	0.0	Inf	Inf
FOMETRi	chol_c	0.0	0.0	0.0	Inf	Inf
FOMETRi	chtbs6p_c	-0.0	0.0	0.0	Inf	Inf
FOMETRi	dmbzid_c	0.0	0.0	0.0	Inf	Inf
FOMETRi	dms_c	0.0	0.0	0.0	Inf	Inf
FOMETRi	dmso_c	0.0	0.0	0.0	Inf	Inf
FOMETRi	cl_c	-0.0	-0.004380540780962581	999.995619459219	-0.0	0.0
FOMETRi	glc__D_c	-0.0	-41.41813708879741	0.0	-0.0	Inf
FOMETRi	co2_c	-0.0	-959.3964224526527	40.6035775473473	-0.0	0.0
FOMETRi	dscl_c	-0.0	-0.0001876773475801451	0.004299630055754733	-0.0	0.0
FOMETRi	dtdp4aaddg_c	-0.0	0.0	0.0	Inf	Inf
FOMETRi	glyald_c	-0.0	-1000.0	0.0	-0.0	Inf
FOMETRi	crn_c	-0.0	-1000.0	0.0	-0.0	Inf
FOMETRi	duri_c	-0.0	-0.022021369851040702	0.0	-0.0	Inf
FOMETRi	glyb_c	0.0	0.0	0.0	Inf	Inf
FOMETRi	glyc_c	-0.0	-71.0025207236527	0.0	-0.0	Inf
FOMETRi	dxyl_c	0.0	0.0	0.0	Inf	Inf
FOMETRi	glycogen_c	-0.0	-41.41813708879741	0.0	-0.0	Inf
FOMETRi	gmhep1p_c	-0.0	0.0	2.3455680427485786	Inf	0.0
FOMETRi	lipa_cold_c	-0.0	0.0	0.0	Inf	Inf
FOMETRi	lipidA_c	-0.0	-0.01637421737450495	0.10236671246813231	-0.0	0.0
FOMETRi	malt_c	0.0	0.0	0.0	Inf	Inf
FOMETRi	h2_c	-0.0	0.0	0.0	Inf	Inf
FOMETRi	malthx_c	-0.0	0.0	0.0	Inf	Inf
FOMETRi	maltpt_c	-0.0	0.0	0.0	Inf	Inf
FOMETRi	malttr_c	-0.0	0.0	0.0	Inf	Inf
FOMETRi	maltttr_c	-0.0	0.0	0.0	Inf	Inf
FOMETRi	h2o2_c	-0.0	-0.003285615986335814	0.5916011732188053	-0.0	0.0
FOMETRi	man_c	-0.0	-41.41813708879741	0.0	-0.0	Inf
FOMETRi	mdhdhf_c	-0.0	-50.205099779439124	0.000377037900074406	-0.0	0.0
FOMETRi	melib_c	-0.0	0.0	0.0	Inf	Inf
FOMETRi	meoh_c	-0.0	-999.9999983167951	1.6832049141157768e-06	-0.0	0.0
FOMETRi	pacald_c	-0.0	-1000.0	0.0	-0.0	Inf
FOMETRi	metsox_S__L_c	-0.0	-0.09191056256895536	0.0	-0.0	Inf
FOMETRi	mg2_c	-0.0	-0.007300901301604301	999.9926990986984	-0.0	0.0
FOMETRi	hhlipa_c	-0.0	0.0	0.0	Inf	Inf
FOMETRi	pe120_c	-0.0	0.0	0.0	Inf	Inf
FOMETRi	mobd_c	-0.0	-0.00010856671676160862	60.39837710077586	-0.0	0.0
FOMETRi	hlipa_c	-0.0	0.0	0.0	Inf	Inf
FOMETRi	pg120_c	-0.0	0.0	0.0	Inf	Inf
FOMETRi	mql8_c	0.0	0.0	0.0	Inf	Inf
FOMETRi	mqn8_c	-0.0	0.0	0.0	Inf	Inf
FOMETRi	mthgxl_c	-0.0	0.0	0.003285615986335814	Inf	0.0
FOMETRi	hqn_c	0.0	0.0	0.0	Inf	Inf
FOMETRi	mththf_c	-0.0	-999.9996229620999	0.000377037900074406	-0.0	0.0
FOMETRi	n2o_c	-0.0	-1000.0	0.0	-0.0	Inf
FOMETRi	na1_c	-0.0	0.0	0.0	Inf	Inf
FOMETRi	nac_c	-0.0	0.0	0.0	Inf	Inf
FOMETRi	ncam_c	-0.0	0.0	0.0	Inf	Inf
FOMETRi	ni2_c	-0.0	-0.0002718375931181072	999.9997281624069	-0.0	0.0
FOMETRi	no_c	-0.0	-1000.0	0.0	-0.0	Inf
FOMETRi	indole_c	-0.0	-0.04783920837891564	1.0099999999715692	-0.0	0.0
FOMETRi	no2_c	-0.0	-1000.0	0.0	-0.0	Inf
FOMETRi	no3_c	0.0	0.0	0.0	Inf	Inf
FOMETRi	inost_c	0.0	0.0	0.0	Inf	Inf
FOMETRi	o2_c	-0.0	-37.5451770179214	962.4548229820786	-0.0	0.0
FOMETRi	poaac_c	-0.0	-18.584116031007987	0.0	-0.0	Inf
FOMETRi	ppal_c	-0.0	0.0	0.0	Inf	Inf
FOMETRi	k_c	-0.0	-0.1642749080996021	241.59350840310344	-0.0	0.0
FOMETRi	psclys_c	-0.0	0.0	0.0	Inf	Inf
FOMETRi	lald__D_c	-0.0	0.0	0.003285615986335814	Inf	0.0
FOMETRi	lald__L_c	-0.0	-4.189860782846381	0.0	-0.0	Inf
FOMETRi	ura_c	-0.0	0.0	0.0	Inf	Inf
FOMETRi	pydx_c	-0.0	0.0	1.0099999999715692	Inf	0.0
FOMETRi	uracp_c	-0.0	-0.1578386130807985	0.0	-0.0	Inf
FOMETRi	pydxn_c	-0.0	0.0	1.0099999999715692	Inf	0.0
FOMETRi	urate_c	-0.0	-0.003285615986335814	0.0	-0.0	Inf
FOMETRi	q8_c	-0.0	0.0	0.0	Inf	Inf
FOMETRi	q8h2_c	0.0	0.0	0.0	Inf	Inf
FOMETRi	urea_c	-0.0	0.0	0.5049999999857846	Inf	0.0
FOMETRi	uri_c	-0.0	0.0	0.03439704044603786	Inf	0.0
FOMETRi	rbflvrd_c	-0.0	0.0	0.04595528128447778	Inf	0.0
FOMETRi	rbl__L_c	-0.0	-49.7017645065569	0.0	-0.0	Inf
FOMETRi	rdmbzi_c	0.0	0.0	0.0	Inf	Inf
FOMETRi	thptdn_c	0.0	0.0	0.0	Inf	Inf
FOMETRi	xan_c	-0.0	0.0	0.0	Inf	Inf
FOMETRi	rephaccoa_c	-0.0	-0.00048476301424216217	0.0	-0.0	Inf
FOMETRi	rib__D_c	-0.0	0.0	3.0710013740439694	Inf	0.0
FOMETRi	xtsn_c	-0.0	0.0	0.0	Inf	Inf
FOMETRi	rml_c	-0.0	-4.189860782846381	0.0	-0.0	Inf
FOMETRi	thym_c	-0.0	-241.59350840310344	0.0	-0.0	Inf
FOMETRi	thymd_c	-0.0	-0.022021369851040702	0.0	-0.0	Inf
FOMETRi	xu5p__L_c	-0.0	-0.8118358182854618	0.0	-0.0	Inf
FOMETRi	rmn_c	-0.0	-4.189860782846381	0.0	-0.0	Inf
FOMETRi	xyl__D_c	0.0	0.0	0.0	Inf	Inf
FOMETRi	tmao_c	0.0	0.0	0.0	Inf	Inf
FOMETRi	xylu__D_c	-0.0	0.0	0.0	Inf	Inf
FOMETRi	xylu__L_c	-0.0	-49.7017645065569	0.0	-0.0	Inf
FOMETRi	12ppd__R_e	-0.0	-1000.0	0.0	-0.0	Inf
FOMETRi	12ppd__S_e	-0.0	-1000.0	0.0	-0.0	Inf
FOMETRi	tre_c	-0.0	-20.709068544398704	0.0	-0.0	Inf
FOMETRi	seln_c	0.0	0.0	0.0	Inf	Inf
FOMETRi	34dhpac_e	-0.0	-1000.0	0.0	-0.0	Inf
FOMETRi	slnt_c	0.0	0.0	0.0	Inf	Inf
FOMETRi	so2_c	0.0	0.0	0.0	Inf	Inf
FOMETRi	so3_c	-0.0	-0.2086096838535157	12.07967542015521	-0.0	0.0
FOMETRi	so4_c	-0.0	-0.2122605553055456	241.59350840310344	-0.0	0.0
FOMETRi	4hoxpacd_e	-0.0	-1000.0	0.0	-0.0	Inf
FOMETRi	5mtr_e	-0.0	0.0	0.0	Inf	Inf
FOMETRi	LalaDgluMdap_e	-0.0	-1000.0	0.0	-0.0	Inf
FOMETRi	ac_e	-0.0	0.0	0.0	Inf	Inf
FOMETRi	acald_e	-0.0	-1000.0	0.0	-0.0	Inf
FOMETRi	acgal_e	-0.0	-1000.0	0.0	-0.0	Inf
FOMETRi	acgam_e	-0.0	-1000.0	0.0	-0.0	Inf
FOMETRi	acmana_e	-0.0	-1000.0	0.0	-0.0	Inf
FOMETRi	tagur_c	-0.0	0.0	0.0	Inf	Inf
FOMETRi	tartr__L_c	-0.0	-0.07891930654039925	0.0	-0.0	Inf
FOMETRi	ade_e	-0.0	-1000.0	0.0	-0.0	Inf
FOMETRi	adn_e	-0.0	-1000.0	0.0	-0.0	Inf
FOMETRi	all__D_e	-0.0	-1000.0	0.0	-0.0	Inf
FOMETRi	cl_e	-0.0	-0.004380540780971387	999.995619459219	-0.0	0.0
FOMETRi	alltn_e	-0.0	0.0	0.0	Inf	Inf
FOMETRi	cm_e	-0.0	-1000.0	0.0	-0.0	Inf
FOMETRi	co2_e	-0.0	-959.3964224526527	40.6035775473473	-0.0	0.0
FOMETRi	arab__L_e	-0.0	-1000.0	0.0	-0.0	Inf
FOMETRi	arbt_e	-0.0	-1000.0	0.0	-0.0	Inf
FOMETRi	unagamu_c	-0.0	0.0	0.11616041259660254	Inf	0.0
FOMETRi	crn_e	-0.0	-1000.0	0.0	-0.0	Inf
FOMETRi	csn_e	-0.0	-1000.0	0.0	-0.0	Inf
FOMETRi	cyan_e	-0.0	-1000.0	0.0	-0.0	Inf
FOMETRi	glyb_e	-0.0	-1000.0	0.0	-0.0	Inf
FOMETRi	glyc_e	-0.0	-1000.0	0.0	-0.0	Inf
FOMETRi	cytd_e	-0.0	-1000.0	0.0	-0.0	Inf
FOMETRi	ca2_e	-0.0	-0.004380540780971387	999.995619459219	-0.0	0.0
FOMETRi	dad_2_e	-0.0	-1000.0	0.0	-0.0	Inf
FOMETRi	dcyt_e	-0.0	-1000.0	0.0	-0.0	Inf
FOMETRi	chol_e	-0.0	-1000.0	0.0	-0.0	Inf
FOMETRi	dha_e	-0.0	-1000.0	0.0	-0.0	Inf
FOMETRi	ppal_e	-0.0	-1000.0	0.0	-0.0	Inf
FOMETRi	h2_e	-0.0	-1000.0	0.0	-0.0	Inf
FOMETRi	dms_e	-0.0	-1000.0	0.0	-0.0	Inf
FOMETRi	dmso_e	-0.0	-1000.0	0.0	-0.0	Inf
FOMETRi	h2o2_e	-0.0	-1000.0	0.0	-0.0	Inf
FOMETRi	psclys_e	-0.0	-1000.0	0.0	-0.0	Inf
FOMETRi	duri_e	-0.0	-1000.0	0.0	-0.0	Inf
FOMETRi	pydx_e	-0.0	-1000.0	0.0	-0.0	Inf
FOMETRi	pydxn_e	-0.0	-1000.0	0.0	-0.0	Inf
FOMETRi	etoh_e	-0.0	-1000.0	0.0	-0.0	Inf
FOMETRi	fald_e	-0.0	0.0	0.0	Inf	Inf
FOMETRi	rib__D_e	-0.0	-1000.0	0.0	-0.0	Inf
FOMETRi	rmn_e	-0.0	-1000.0	0.0	-0.0	Inf
FOMETRi	indole_e	-0.0	-1000.0	0.0	-0.0	Inf
FOMETRi	inost_e	-0.0	-1000.0	0.0	-0.0	Inf
FOMETRi	sbt__D_e	-0.0	-38.2321265435053	0.0	-0.0	Inf
FOMETRi	k_e	-0.0	-0.1642749080996282	999.8357250919004	-0.0	0.0
FOMETRi	for_e	-0.0	0.0	0.0020644508236901445	Inf	0.0
FOMETRi	slnt_e	-0.0	0.0	1000.0	Inf	0.0
FOMETRi	fru_e	-0.0	-1000.0	0.0	-0.0	Inf
FOMETRi	so2_e	-0.0	-1000.0	0.0	-0.0	Inf
FOMETRi	so3_e	-0.0	-1000.0	0.0	-0.0	Inf
FOMETRi	so4_e	-0.0	-0.2122605553055456	999.7877394446945	-0.0	0.0
FOMETRi	lipa_cold_e	-0.0	-1000.0	0.0	-0.0	Inf
FOMETRi	sucr_e	-0.0	-1000.0	0.0	-0.0	Inf
FOMETRi	g3pe_e	-0.0	-1000.0	0.0	-0.0	Inf
FOMETRi	malt_e	-0.0	-1000.0	0.0	-0.0	Inf
FOMETRi	tartr__L_e	-0.0	-1000.0	0.0	-0.0	Inf
FOMETRi	g3pi_e	-0.0	-1000.0	0.0	-0.0	Inf
FOMETRi	malthx_e	-0.0	-1000.0	0.0	-0.0	Inf
FOMETRi	maltpt_e	-0.0	-1000.0	0.0	-0.0	Inf
FOMETRi	gal_e	-0.0	-1000.0	0.0	-0.0	Inf
FOMETRi	gal_bD_e	-0.0	-1000.0	0.0	-0.0	Inf
FOMETRi	malttr_e	-0.0	-1000.0	0.0	-0.0	Inf
FOMETRi	maltttr_e	-0.0	-1000.0	0.0	-0.0	Inf
FOMETRi	man_e	-0.0	-1000.0	0.0	-0.0	Inf
FOMETRi	thym_e	-0.0	-1000.0	0.0	-0.0	Inf
FOMETRi	thymd_e	-0.0	-1000.0	0.0	-0.0	Inf
FOMETRi	galt_e	-0.0	-38.2321265435053	0.0	-0.0	Inf
FOMETRi	melib_e	-0.0	-1000.0	0.0	-0.0	Inf
FOMETRi	meoh_e	-0.0	-999.9999983167951	1.6832049141157768e-06	-0.0	0.0
FOMETRi	tmao_e	-0.0	-1000.0	0.0	-0.0	Inf
FOMETRi	tre_e	-0.0	-1000.0	0.0	-0.0	Inf
FOMETRi	metsox_S__L_e	-0.0	-1000.0	0.0	-0.0	Inf
FOMETRi	glc__D_e	-0.0	-41.41813708879741	3.07100137404397	-0.0	0.0
FOMETRi	mg2_e	-0.0	-0.007300901301604301	999.9926990986984	-0.0	0.0
FOMETRi	mnl_e	-0.0	-1000.0	0.0	-0.0	Inf
FOMETRi	mobd_e	-0.0	-0.00010856671678993735	999.9998914332832	-0.0	0.0
FOMETRi	glyald_e	-0.0	-1000.0	0.0	-0.0	Inf
FOMETRi	n2o_e	-0.0	-1000.0	0.0	-0.0	Inf
FOMETRi	na1_e	-0.0	0.0	1000.0	Inf	0.0
FOMETRi	nac_e	-0.0	-1000.0	0.0	-0.0	Inf
FOMETRi	ni2_e	-0.0	-0.0002718375931181072	999.9997281624069	-0.0	0.0
FOMETRi	no_e	-0.0	-1000.0	0.0	-0.0	Inf
FOMETRi	no2_e	-0.0	-1000.0	0.0	-0.0	Inf
FOMETRi	ura_e	-0.0	-1000.0	0.0	-0.0	Inf
FOMETRi	no3_e	-0.0	-1000.0	0.0	-0.0	Inf
FOMETRi	urea_e	-0.0	-1000.0	0.0	-0.0	Inf
FOMETRi	novbcn_e	-0.0	-1000.0	0.0	-0.0	Inf
FOMETRi	uri_e	-0.0	-1000.0	0.0	-0.0	Inf
FOMETRi	o2_e	-0.0	-37.545177017921446	962.4548229820786	-0.0	0.0
FOMETRi	xan_e	-0.0	0.0	0.0	Inf	Inf
FOMETRi	xtsn_e	-0.0	-1000.0	0.0	-0.0	Inf
FOMETRi	xyl__D_e	-0.0	-1000.0	0.0	-0.0	Inf
FOMETRi	xylu__L_e	-0.0	-1000.0	0.0	-0.0	Inf
FOMETRi	pacald_e	-0.0	-1000.0	0.0	-0.0	Inf
FOMETRi	12dgr120_p	-0.0	0.0	0.0	Inf	Inf
FOMETRi	12dgr140_p	-0.0	0.0	0.0	Inf	Inf
FOMETRi	12dgr160_p	-0.0	-0.05370601909629613	0.0	-0.0	Inf
FOMETRi	12dgr180_p	-0.0	0.0	0.0	Inf	Inf
FOMETRi	12ppd__R_p	-0.0	-1000.0	0.0	-0.0	Inf
FOMETRi	12ppd__S_p	-0.0	0.0	0.0	Inf	Inf
FOMETRi	chol_p	-0.0	-1000.0	0.0	-0.0	Inf
FOMETRi	cl_p	-0.0	-0.004380540780971387	999.995619459219	-0.0	0.0
FOMETRi	34dhpac_p	-0.0	-1000.0	0.0	-0.0	Inf
FOMETRi	cm_p	-0.0	0.0	0.0	Inf	Inf
FOMETRi	4hoxpacd_p	-0.0	-1000.0	0.0	-0.0	Inf
FOMETRi	co2_p	-0.0	-959.3964224526527	40.6035775473473	-0.0	0.0
FOMETRi	5mtr_p	-0.0	0.0	0.0	Inf	Inf
FOMETRi	LalaDgluMdap_p	-0.0	0.0	0.0	Inf	Inf
FOMETRi	gal_p	-0.0	-1000.0	0.0	-0.0	Inf
FOMETRi	ac_p	-0.0	-0.1578386130807985	0.0	-0.0	Inf
FOMETRi	crn_p	-0.0	-1000.0	0.0	-0.0	Inf
FOMETRi	gal_bD_p	-0.0	-1000.0	0.0	-0.0	Inf
FOMETRi	acald_p	-0.0	-1000.0	0.0	-0.0	Inf
FOMETRi	acgal_p	-0.0	-1000.0	0.0	-0.0	Inf
FOMETRi	csn_p	-0.0	0.0	0.0	Inf	Inf
FOMETRi	acgam_p	-0.0	-1000.0	0.0	-0.0	Inf
FOMETRi	galt_p	-0.0	-38.2321265435053	0.0	-0.0	Inf
FOMETRi	acmana_p	-0.0	-1000.0	0.0	-0.0	Inf
FOMETRi	cyan_p	-0.0	0.0	0.0	Inf	Inf
FOMETRi	ade_p	-0.0	-1000.0	0.0	-0.0	Inf
FOMETRi	adn_p	-0.0	0.0	0.0005663984525655838	Inf	0.0
FOMETRi	cytd_p	-0.0	0.0	0.0	Inf	Inf
FOMETRi	glc__D_p	-0.0	-41.41813708879741	3.07100137404397	-0.0	0.0
FOMETRi	dad_2_p	-0.0	-1000.0	0.0	-0.0	Inf
FOMETRi	dcyt_p	-0.0	-1000.0	0.0	-0.0	Inf
FOMETRi	all__D_p	-0.0	0.0	0.0	Inf	Inf
FOMETRi	alltn_p	-0.0	0.0	0.0	Inf	Inf
FOMETRi	dha_p	-0.0	-1000.0	0.0	-0.0	Inf
FOMETRi	glyald_p	-0.0	-1000.0	0.0	-0.0	Inf
FOMETRi	glyb_p	0.0	0.0	0.0	Inf	Inf
FOMETRi	dms_p	-0.0	-1000.0	0.0	-0.0	Inf
FOMETRi	glyc_p	-0.0	-71.0025207236527	0.0	-0.0	Inf
FOMETRi	dmso_p	-0.0	-1000.0	0.0	-0.0	Inf
FOMETRi	arab__L_p	-0.0	0.0	0.0	Inf	Inf
FOMETRi	arbt_p	0.0	0.0	0.0	Inf	Inf
FOMETRi	ca2_p	-0.0	-0.004380540780971387	999.995619459219	-0.0	0.0
FOMETRi	duri_p	-0.0	-1000.0	0.0	-0.0	Inf
FOMETRi	h2_p	-0.0	-1000.0	0.0	-0.0	Inf
FOMETRi	h2o2_p	-0.0	-1000.0	0.0	-0.0	Inf
FOMETRi	etoh_p	-0.0	-1000.0	0.0	-0.0	Inf
FOMETRi	fald_p	-0.0	0.0	0.0	Inf	Inf
FOMETRi	n2o_p	-0.0	-1000.0	0.0	-0.0	Inf
FOMETRi	na1_p	-0.0	0.0	0.0	Inf	Inf
FOMETRi	indole_p	-0.0	0.0	1.0099999999715692	Inf	0.0
FOMETRi	nac_p	-0.0	-1000.0	0.0	-0.0	Inf
FOMETRi	ni2_p	-0.0	-0.0002718375931181072	999.9997281624069	-0.0	0.0
FOMETRi	inost_p	-0.0	-1000.0	0.0	-0.0	Inf
FOMETRi	no_p	-0.0	-1000.0	0.0	-0.0	Inf
FOMETRi	no2_p	-0.0	-1000.0	0.0	-0.0	Inf
FOMETRi	for_p	-0.0	0.0	0.0020644508236901445	Inf	0.0
FOMETRi	fru_p	-0.0	-1000.0	0.0	-0.0	Inf
FOMETRi	no3_p	-0.0	0.0	0.0	Inf	Inf
FOMETRi	k_p	-0.0	-0.1642749080996282	999.8357250919004	-0.0	0.0
FOMETRi	novbcn_p	-0.0	0.0	0.0	Inf	Inf
FOMETRi	o2_p	-0.0	-37.545177017921446	962.4548229820786	-0.0	0.0
FOMETRi	lipa_cold_p	-0.0	-60.39837710077586	0.0	-0.0	Inf
FOMETRi	g3pe_p	-0.0	0.0	0.0	Inf	Inf
FOMETRi	g3pi_p	-0.0	0.0	0.0	Inf	Inf
FOMETRi	so3_p	-0.0	-1000.0	0.0	-0.0	Inf
FOMETRi	so4_p	-0.0	-0.2122605553055456	999.7877394446945	-0.0	0.0
FOMETRi	malt_p	0.0	0.0	0.0	Inf	Inf
FOMETRi	malthx_p	0.0	0.0	0.0	Inf	Inf
FOMETRi	maltpt_p	0.0	0.0	0.0	Inf	Inf
FOMETRi	sucr_p	-0.0	-1000.0	0.0	-0.0	Inf
FOMETRi	malttr_p	0.0	0.0	0.0	Inf	Inf
FOMETRi	maltttr_p	0.0	0.0	0.0	Inf	Inf
FOMETRi	pacald_p	-0.0	-1000.0	0.0	-0.0	Inf
FOMETRi	man_p	-0.0	-1000.0	0.0	-0.0	Inf
FOMETRi	tartr__L_p	-0.0	-1000.0	0.0	-0.0	Inf
FOMETRi	pe120_p	-0.0	0.0	0.0	Inf	Inf
FOMETRi	melib_p	-0.0	-1000.0	0.0	-0.0	Inf
FOMETRi	meoh_p	-0.0	-999.9999983167951	1.6832049141157768e-06	-0.0	0.0
FOMETRi	thym_p	-0.0	-1000.0	0.0	-0.0	Inf
FOMETRi	thymd_p	-0.0	-0.022021369851040702	0.0	-0.0	Inf
FOMETRi	pg120_p	-0.0	-0.0654968694981041	0.0	-0.0	Inf
FOMETRi	metsox_S__L_p	-0.0	-1000.0	0.0	-0.0	Inf
FOMETRi	tmao_p	-0.0	-1000.0	0.0	-0.0	Inf
FOMETRi	mg2_p	-0.0	-0.007300901301604301	999.9926990986984	-0.0	0.0
FOMETRi	tre_p	-0.0	0.0	0.0	Inf	Inf
FOMETRi	mnl_p	-0.0	0.0	0.0	Inf	Inf
FOMETRi	mobd_p	-0.0	-0.00010856671678993735	999.9998914332832	-0.0	0.0
FOMETRi	ura_p	-0.0	-1000.0	0.0	-0.0	Inf
FOMETRi	urea_p	-0.0	0.0	0.5049999999857846	Inf	0.0
FOMETRi	uri_p	-0.0	0.0	0.0	Inf	Inf
FOMETRi	xan_p	-0.0	0.0	0.0	Inf	Inf
FOMETRi	xtsn_p	-0.0	0.0	0.0	Inf	Inf
FOMETRi	xyl__D_p	-0.0	0.0	0.0	Inf	Inf
FOMETRi	xylu__L_p	-0.0	-1000.0	0.0	-0.0	Inf
FOMETRi	ppal_p	-0.0	-1000.0	0.0	-0.0	Inf
FOMETRi	psclys_p	-0.0	-1000.0	0.0	-0.0	Inf
FOMETRi	pydx_p	-0.0	0.0	0.0	Inf	Inf
FOMETRi	pydxn_p	-0.0	0.0	0.0	Inf	Inf
FOMETRi	rib__D_p	-0.0	-1000.0	0.0	-0.0	Inf
FOMETRi	rmn_p	-0.0	-1000.0	0.0	-0.0	Inf
FOMETRi	sbt__D_p	-0.0	-38.2321265435053	0.0	-0.0	Inf
FOMETRi	slnt_p	-0.0	0.0	0.0	Inf	Inf
FOMETRi	so2_p	-0.0	-1000.0	0.0	-0.0	Inf
