Reaction	Metabolite	ShadowPrice	G-	G+	DecrementalShadowPrice	IncrementalShadowPrice
GLCNtex_f	12dgr120_c	-0.0	0.0	0.0	Inf	Inf
GLCNtex_f	12dgr140_c	-0.0	0.0	0.0	Inf	Inf
GLCNtex_f	12dgr160_c	-0.0	0.0	0.0	Inf	Inf
GLCNtex_f	12dgr180_c	-0.0	0.0	0.0	Inf	Inf
GLCNtex_f	12ppd__R_c	-0.0	-1000.0	0.0	-0.0	Inf
GLCNtex_f	12ppd__S_c	-0.0	0.0	0.0	Inf	Inf
GLCNtex_f	5drib_c	-0.0	-999.9998162640184	0.00018373598162510596	-0.0	0.0
GLCNtex_f	5mta_c	-0.0	0.0	0.0	Inf	Inf
GLCNtex_f	23dhacoa_c	-0.0	-0.0004703641127434821	0.0	-0.0	Inf
GLCNtex_f	5mtr_c	-0.0	0.0	0.0	Inf	Inf
GLCNtex_f	3amac_c	-0.0	-0.15315033741433057	0.0	-0.0	Inf
GLCNtex_f	LalaDgluMdap_c	-0.0	-0.022691802032881975	0.0	-0.0	Inf
GLCNtex_f	ac_c	-0.0	-0.15315033741433615	1.8061825875506656	-0.0	0.0
GLCNtex_f	acald_c	-0.0	-0.9246640756286979	7.568017358673472	-0.0	0.0
GLCNtex_f	acetol_c	-0.0	0.0	3.78400867933677	Inf	0.0
GLCNtex_f	acgam_c	-0.0	-0.07715931303024609	0.0	-0.0	Inf
GLCNtex_f	acgam6p_c	-0.0	-0.07715931303024609	0.0	-0.0	Inf
GLCNtex_f	acmalt_c	0.0	0.0	0.0	Inf	Inf
GLCNtex_f	acmana_c	-0.0	-0.07715931303024609	0.0	-0.0	Inf
GLCNtex_f	2dmmq8_c	-0.0	0.0	0.0	Inf	Inf
GLCNtex_f	2dmmql8_c	0.0	0.0	0.0	Inf	Inf
GLCNtex_f	ade_c	-0.0	-0.030630067482866164	0.000549574736164009	-0.0	0.0
GLCNtex_f	adn_c	-0.0	-0.03063006748286647	0.000549574736164009	-0.0	0.0
GLCNtex_f	3sala_c	0.0	0.0	0.0	Inf	Inf
GLCNtex_f	adphep_DD_c	-0.0	0.0	0.0	Inf	Inf
GLCNtex_f	adphep_LD_c	-0.0	0.0	0.0	Inf	Inf
GLCNtex_f	4ahmmp_c	0.0	0.0	0.0	Inf	Inf
GLCNtex_f	4crsol_c	-0.0	-999.9998178972271	0.00018210277289954947	-0.0	0.0
GLCNtex_f	2ohph_c	-0.0	-0.00018210277289954947	0.11558300945358724	-0.0	0.0
GLCNtex_f	2ombzl_c	-0.0	0.0	0.0	Inf	Inf
GLCNtex_f	2omhmbl_c	-0.0	0.0	0.0	Inf	Inf
GLCNtex_f	2ommbl_c	0.0	0.0	0.0	Inf	Inf
GLCNtex_f	2omph_c	-0.0	0.0	0.10274045284763207	Inf	0.0
GLCNtex_f	4mhetz_c	0.0	0.0	0.0	Inf	Inf
GLCNtex_f	2oph_c	-0.0	-0.00018210277289954947	0.11558300945358724	-0.0	0.0
GLCNtex_f	2oxpaccoa_c	-0.0	-0.0004703641127434821	0.0	-0.0	Inf
GLCNtex_f	all__D_c	-0.0	-30.602702638968257	0.0	-0.0	Inf
GLCNtex_f	alltn_c	-0.0	-0.03828758435358297	0.0	-0.0	Inf
GLCNtex_f	4r5au_c	-0.0	-0.00036420554579308373	0.24499999999866584	-0.0	0.0
GLCNtex_f	56dura_c	0.0	0.0	0.0	Inf	Inf
GLCNtex_f	arab__L_c	-0.0	-36.81194665267199	0.0	-0.0	Inf
GLCNtex_f	etoh_c	-0.0	-1000.0	0.0	-0.0	Inf
GLCNtex_f	csn_c	-0.0	0.0	0.03282903785918734	Inf	0.0
GLCNtex_f	fald_c	-0.0	0.0	0.0	Inf	Inf
GLCNtex_f	fc1p_c	-0.0	0.0	0.0	Inf	Inf
GLCNtex_f	fcl__L_c	-0.0	0.0	0.0	Inf	Inf
GLCNtex_f	aso4_c	0.0	0.0	0.0	Inf	Inf
GLCNtex_f	cyan_c	0.0	0.0	0.0	Inf	Inf
GLCNtex_f	athtp_c	0.0	0.0	0.0	Inf	Inf
GLCNtex_f	cytd_c	-0.0	0.0	0.0	Inf	Inf
GLCNtex_f	dad_2_c	-0.0	-0.030630067482866077	0.0	-0.0	Inf
GLCNtex_f	dad_5_c	-0.0	-0.030630067482866164	0.00018373598162510596	-0.0	0.0
GLCNtex_f	betald_c	0.0	0.0	0.0	Inf	Inf
GLCNtex_f	btal_c	-0.0	-362.86061700490916	0.0	-0.0	Inf
GLCNtex_f	for_c	-0.0	-0.0891805458558293	0.9246640756286979	-0.0	0.0
GLCNtex_f	dcyt_c	-0.0	0.0	0.0	Inf	Inf
GLCNtex_f	fru_c	-0.0	-30.602702638968257	0.0	-0.0	Inf
GLCNtex_f	ca2_c	-0.0	-0.0042504257082782715	999.9957495742917	-0.0	0.0
GLCNtex_f	g3pe_c	-0.0	-0.11353087134833437	0.0	-0.0	Inf
GLCNtex_f	g3pi_c	0.0	0.0	0.0	Inf	Inf
GLCNtex_f	cbm_c	-0.0	-0.0765751687071657	0.0	-0.0	Inf
GLCNtex_f	dha_c	-0.0	-60.476769500818264	0.0	-0.0	Inf
GLCNtex_f	gal_c	-0.0	0.0	0.0	Inf	Inf
GLCNtex_f	dhgly_c	-0.0	-0.00018210277289954947	0.9460021698341851	-0.0	0.0
GLCNtex_f	dhmptp_c	0.0	0.0	0.0	Inf	Inf
GLCNtex_f	gcald_c	-0.0	-9.92256233413365	0.0005463083186896256	-0.0	0.0
GLCNtex_f	dhptd_c	-0.0	-50.496037409748624	0.00036583875453890304	-0.0	0.0
GLCNtex_f	cechddd_c	-0.0	0.0	0.0	Inf	Inf
GLCNtex_f	dhptdn_c	0.0	0.0	0.0	Inf	Inf
GLCNtex_f	chol_c	0.0	0.0	0.0	Inf	Inf
GLCNtex_f	chtbs6p_c	-0.0	0.0	0.0	Inf	Inf
GLCNtex_f	dmbzid_c	0.0	0.0	0.0	Inf	Inf
GLCNtex_f	dms_c	0.0	0.0	0.0	Inf	Inf
GLCNtex_f	dmso_c	0.0	0.0	0.0	Inf	Inf
GLCNtex_f	cl_c	-0.0	-0.0042504257082607855	999.9957495742917	-0.0	0.0
GLCNtex_f	glc__D_c	-0.0	-30.602702638968257	0.0	-0.0	Inf
GLCNtex_f	co2_c	-0.0	-958.8202910926119	41.17970890738809	-0.0	0.0
GLCNtex_f	dscl_c	-0.0	-0.00018210277289954947	0.004103629732398417	-0.0	0.0
GLCNtex_f	dtdp4aaddg_c	-0.0	0.0	0.0	Inf	Inf
GLCNtex_f	glyald_c	-0.0	-1000.0	0.0	-0.0	Inf
GLCNtex_f	crn_c	-0.0	-1000.0	0.0	-0.0	Inf
GLCNtex_f	duri_c	-0.0	0.0	0.0	Inf	Inf
GLCNtex_f	glyb_c	0.0	0.0	0.0	Inf	Inf
GLCNtex_f	glyc_c	-0.0	-0.11353087134833437	0.0	-0.0	Inf
GLCNtex_f	dxyl_c	0.0	0.0	0.0	Inf	Inf
GLCNtex_f	glycogen_c	-0.0	-30.238384750409132	0.0	-0.0	Inf
GLCNtex_f	gmhep1p_c	-0.0	0.0	2.3250623930463856	Inf	0.0
GLCNtex_f	lipa_cold_c	-0.0	0.0	0.0	Inf	Inf
GLCNtex_f	lipidA_c	-0.0	-0.015887854482201647	0.20301203761361283	-0.0	0.0
GLCNtex_f	malt_c	0.0	0.0	0.0	Inf	Inf
GLCNtex_f	h2_c	-0.0	0.0	0.0	Inf	Inf
GLCNtex_f	malthx_c	-0.0	0.0	0.0	Inf	Inf
GLCNtex_f	maltpt_c	-0.0	0.0	0.0	Inf	Inf
GLCNtex_f	malttr_c	-0.0	0.0	0.0	Inf	Inf
GLCNtex_f	maltttr_c	-0.0	0.0	0.0	Inf	Inf
GLCNtex_f	h2o2_c	-0.0	-0.0011456959211207638	0.6089002265038062	-0.0	0.0
GLCNtex_f	man_c	-0.0	-30.602702638968257	0.0	-0.0	Inf
GLCNtex_f	mdhdhf_c	-0.0	-50.496037409748624	0.00036583875453890304	-0.0	0.0
GLCNtex_f	melib_c	-0.0	0.0	0.0	Inf	Inf
GLCNtex_f	meoh_c	-0.0	-999.9999983667913	1.633208739804104e-06	-0.0	0.0
GLCNtex_f	pacald_c	-0.0	-1000.0	0.0	-0.0	Inf
GLCNtex_f	metsox_S__L_c	-0.0	-0.08918054585582835	0.0	-0.0	Inf
GLCNtex_f	mg2_c	-0.0	-0.007084042847101309	999.992915957153	-0.0	0.0
GLCNtex_f	hhlipa_c	-0.0	0.0	0.0	Inf	Inf
GLCNtex_f	pe120_c	-0.0	0.0	0.0	Inf	Inf
GLCNtex_f	mobd_c	-0.0	-0.00010534196279839409	61.614153415731025	-0.0	0.0
GLCNtex_f	hlipa_c	-0.0	0.0	0.0	Inf	Inf
GLCNtex_f	pg120_c	-0.0	-0.05676543567416718	0.0	-0.0	Inf
GLCNtex_f	mql8_c	0.0	0.0	0.0	Inf	Inf
GLCNtex_f	mqn8_c	-0.0	0.0	0.0	Inf	Inf
GLCNtex_f	mthgxl_c	-0.0	0.0	3.78400867933677	Inf	0.0
GLCNtex_f	hqn_c	0.0	0.0	0.0	Inf	Inf
GLCNtex_f	mththf_c	-0.0	-999.9996341612455	0.00036583875453890304	-0.0	0.0
GLCNtex_f	n2o_c	-0.0	-1000.0	0.0	-0.0	Inf
GLCNtex_f	na1_c	-0.0	0.0	0.0	Inf	Inf
GLCNtex_f	nac_c	-0.0	0.0	0.0	Inf	Inf
GLCNtex_f	ncam_c	-0.0	0.0	0.0	Inf	Inf
GLCNtex_f	ni2_c	-0.0	-0.00026376320917737434	999.9997362367908	-0.0	0.0
GLCNtex_f	no_c	-0.0	-1000.0	0.0	-0.0	Inf
GLCNtex_f	indole_c	-0.0	-0.046418241793403994	0.9799999999946749	-0.0	0.0
GLCNtex_f	no2_c	-0.0	-1000.0	0.0	-0.0	Inf
GLCNtex_f	no3_c	0.0	0.0	0.0	Inf	Inf
GLCNtex_f	inost_c	0.0	0.0	0.0	Inf	Inf
GLCNtex_f	o2_c	-0.0	-38.212151958033765	961.7878480419662	-0.0	0.0
GLCNtex_f	poaac_c	-0.0	-18.958201050993555	0.0	-0.0	Inf
GLCNtex_f	ppal_c	-0.0	0.0	0.0	Inf	Inf
GLCNtex_f	k_c	-0.0	-0.15939545538377473	246.45661366291714	-0.0	0.0
GLCNtex_f	psclys_c	-0.0	0.0	0.0	Inf	Inf
GLCNtex_f	lald__D_c	-0.0	0.0	3.78400867933677	Inf	0.0
GLCNtex_f	lald__L_c	-0.0	0.0	0.0	Inf	Inf
GLCNtex_f	ura_c	-0.0	-0.07657516870716685	0.0	-0.0	Inf
GLCNtex_f	pydx_c	-0.0	0.0	0.0011456959211207638	Inf	0.0
GLCNtex_f	uracp_c	-0.0	-0.15315033741432962	0.0	-0.0	Inf
GLCNtex_f	pydxn_c	-0.0	0.0	0.9799999999946749	Inf	0.0
GLCNtex_f	urate_c	-0.0	-0.0011456959211207638	0.0	-0.0	Inf
GLCNtex_f	q8_c	-0.0	0.0	0.0	Inf	Inf
GLCNtex_f	q8h2_c	-0.0	0.0	0.0	Inf	Inf
GLCNtex_f	urea_c	-0.0	-1000.0	0.0	-0.0	Inf
GLCNtex_f	uri_c	-0.0	0.0	0.0	Inf	Inf
GLCNtex_f	rbflvrd_c	-0.0	0.0	0.04459027292791465	Inf	0.0
GLCNtex_f	rbl__L_c	-0.0	-36.81194665267199	0.0	-0.0	Inf
GLCNtex_f	rdmbzi_c	0.0	0.0	0.0	Inf	Inf
GLCNtex_f	thptdn_c	0.0	0.0	0.0	Inf	Inf
GLCNtex_f	xan_c	-0.0	-0.038287584353582746	0.0	-0.0	Inf
GLCNtex_f	rephaccoa_c	-0.0	-0.0004703641127434821	0.0	-0.0	Inf
GLCNtex_f	rib__D_c	-0.0	0.0	3.5208087666131034	Inf	0.0
GLCNtex_f	xtsn_c	-0.0	0.0	0.0	Inf	Inf
GLCNtex_f	rml_c	-0.0	0.0	0.0	Inf	Inf
GLCNtex_f	thym_c	-0.0	-246.45661366291714	0.0	-0.0	Inf
GLCNtex_f	thymd_c	-0.0	-0.021367269756455656	0.0	-0.0	Inf
GLCNtex_f	xu5p__L_c	-0.0	-0.7877218830704337	0.0	-0.0	Inf
GLCNtex_f	rmn_c	-0.0	0.0	0.0	Inf	Inf
GLCNtex_f	xyl__D_c	0.0	0.0	0.0	Inf	Inf
GLCNtex_f	tmao_c	0.0	0.0	0.0	Inf	Inf
GLCNtex_f	xylu__D_c	-0.0	0.0	0.0	Inf	Inf
GLCNtex_f	xylu__L_c	-0.0	-36.81194665267199	0.0	-0.0	Inf
GLCNtex_f	12ppd__R_e	-0.0	-1000.0	0.0	-0.0	Inf
GLCNtex_f	12ppd__S_e	-0.0	-1000.0	0.0	-0.0	Inf
GLCNtex_f	tre_c	-0.0	-15.301351319484128	0.0	-0.0	Inf
GLCNtex_f	seln_c	0.0	0.0	0.0	Inf	Inf
GLCNtex_f	34dhpac_e	-0.0	-1000.0	0.0	-0.0	Inf
GLCNtex_f	slnt_c	0.0	0.0	0.0	Inf	Inf
GLCNtex_f	so2_c	0.0	0.0	0.0	Inf	Inf
GLCNtex_f	so3_c	-0.0	-0.2024133566103501	12.3228306831461	-0.0	0.0
GLCNtex_f	so4_c	-0.0	-0.20595578633608214	246.45661366291714	-0.0	0.0
GLCNtex_f	4hoxpacd_e	-0.0	-1000.0	0.0	-0.0	Inf
GLCNtex_f	5mtr_e	-0.0	0.0	0.0	Inf	Inf
GLCNtex_f	LalaDgluMdap_e	-0.0	-1000.0	0.0	-0.0	Inf
GLCNtex_f	ac_e	-0.0	0.0	0.0	Inf	Inf
GLCNtex_f	acald_e	-0.0	-1000.0	0.0	-0.0	Inf
GLCNtex_f	acgal_e	-0.0	-1000.0	0.0	-0.0	Inf
GLCNtex_f	acgam_e	-0.0	-1000.0	0.0	-0.0	Inf
GLCNtex_f	acmana_e	-0.0	-1000.0	0.0	-0.0	Inf
GLCNtex_f	tagur_c	-0.0	0.0	0.0	Inf	Inf
GLCNtex_f	tartr__L_c	-0.0	-0.07657516870716671	0.0	-0.0	Inf
GLCNtex_f	ade_e	-0.0	-1000.0	0.0	-0.0	Inf
GLCNtex_f	adn_e	-0.0	-1000.0	0.0	-0.0	Inf
GLCNtex_f	all__D_e	-0.0	-1000.0	0.0	-0.0	Inf
GLCNtex_f	cl_e	-0.0	-0.0042504257082782715	999.9957495742917	-0.0	0.0
GLCNtex_f	alltn_e	-0.0	0.0	0.0	Inf	Inf
GLCNtex_f	cm_e	-0.0	-1000.0	0.0	-0.0	Inf
GLCNtex_f	co2_e	-0.0	-958.8202910926119	41.17970890738809	-0.0	0.0
GLCNtex_f	arab__L_e	-0.0	-1000.0	0.0	-0.0	Inf
GLCNtex_f	arbt_e	-0.0	-1000.0	0.0	-0.0	Inf
GLCNtex_f	unagamu_c	-0.0	0.0	0.1027404528476313	Inf	0.0
GLCNtex_f	crn_e	-0.0	-1000.0	0.0	-0.0	Inf
GLCNtex_f	csn_e	-0.0	-1000.0	0.0	-0.0	Inf
GLCNtex_f	cyan_e	-0.0	-1000.0	0.0	-0.0	Inf
GLCNtex_f	glyb_e	-0.0	-1000.0	0.0	-0.0	Inf
GLCNtex_f	glyc_e	-0.0	-1000.0	0.0	-0.0	Inf
GLCNtex_f	cytd_e	-0.0	-1000.0	0.0	-0.0	Inf
GLCNtex_f	ca2_e	-0.0	-0.0042504257082782715	999.9957495742917	-0.0	0.0
GLCNtex_f	dad_2_e	-0.0	-1000.0	0.0	-0.0	Inf
GLCNtex_f	dcyt_e	-0.0	-1000.0	0.0	-0.0	Inf
GLCNtex_f	chol_e	-0.0	-1000.0	0.0	-0.0	Inf
GLCNtex_f	dha_e	-0.0	-1000.0	0.0	-0.0	Inf
GLCNtex_f	ppal_e	-0.0	-1000.0	0.0	-0.0	Inf
GLCNtex_f	h2_e	-0.0	-1000.0	0.0	-0.0	Inf
GLCNtex_f	dms_e	-0.0	-1000.0	0.0	-0.0	Inf
GLCNtex_f	dmso_e	-0.0	-1000.0	0.0	-0.0	Inf
GLCNtex_f	h2o2_e	-0.0	-1000.0	0.0	-0.0	Inf
GLCNtex_f	psclys_e	-0.0	-1000.0	0.0	-0.0	Inf
GLCNtex_f	duri_e	-0.0	-1000.0	0.0	-0.0	Inf
GLCNtex_f	pydx_e	-0.0	-1000.0	0.0	-0.0	Inf
GLCNtex_f	pydxn_e	-0.0	-1000.0	0.0	-0.0	Inf
GLCNtex_f	etoh_e	-0.0	-1000.0	0.0	-0.0	Inf
GLCNtex_f	fald_e	-0.0	0.0	0.0	Inf	Inf
GLCNtex_f	rib__D_e	-0.0	-1000.0	0.0	-0.0	Inf
GLCNtex_f	rmn_e	-0.0	-1000.0	0.0	-0.0	Inf
GLCNtex_f	indole_e	-0.0	-1000.0	0.0	-0.0	Inf
GLCNtex_f	inost_e	-0.0	-1000.0	0.0	-0.0	Inf
GLCNtex_f	sbt__D_e	-0.0	-28.53959909027381	0.0	-0.0	Inf
GLCNtex_f	k_e	-0.0	-0.15939545538378752	999.8406045446162	-0.0	0.0
GLCNtex_f	for_e	-0.0	0.0	0.9246640756286979	Inf	0.0
GLCNtex_f	slnt_e	-0.0	0.0	1000.0	Inf	0.0
GLCNtex_f	fru_e	-0.0	-1000.0	0.0	-0.0	Inf
GLCNtex_f	so2_e	-0.0	-1000.0	0.0	-0.0	Inf
GLCNtex_f	so3_e	-0.0	-1000.0	0.0	-0.0	Inf
GLCNtex_f	so4_e	-0.0	-0.20595578633608214	999.7940442136639	-0.0	0.0
GLCNtex_f	lipa_cold_e	-0.0	-1000.0	0.0	-0.0	Inf
GLCNtex_f	sucr_e	-0.0	-1000.0	0.0	-0.0	Inf
GLCNtex_f	g3pe_e	-0.0	-1000.0	0.0	-0.0	Inf
GLCNtex_f	malt_e	-0.0	-1000.0	0.0	-0.0	Inf
GLCNtex_f	tartr__L_e	-0.0	-1000.0	0.0	-0.0	Inf
GLCNtex_f	g3pi_e	-0.0	-1000.0	0.0	-0.0	Inf
GLCNtex_f	malthx_e	-0.0	-1000.0	0.0	-0.0	Inf
GLCNtex_f	maltpt_e	-0.0	-1000.0	0.0	-0.0	Inf
GLCNtex_f	gal_e	-0.0	-1000.0	0.0	-0.0	Inf
GLCNtex_f	gal_bD_e	-0.0	-1000.0	0.0	-0.0	Inf
GLCNtex_f	malttr_e	-0.0	-1000.0	0.0	-0.0	Inf
GLCNtex_f	maltttr_e	-0.0	-1000.0	0.0	-0.0	Inf
GLCNtex_f	man_e	-0.0	-1000.0	0.0	-0.0	Inf
GLCNtex_f	thym_e	-0.0	-1000.0	0.0	-0.0	Inf
GLCNtex_f	thymd_e	-0.0	-1000.0	0.0	-0.0	Inf
GLCNtex_f	galt_e	-0.0	-28.86391271629963	0.0	-0.0	Inf
GLCNtex_f	melib_e	-0.0	-1000.0	0.0	-0.0	Inf
GLCNtex_f	meoh_e	-0.0	-999.9999983667913	1.633208739804104e-06	-0.0	0.0
GLCNtex_f	tmao_e	-0.0	-1000.0	0.0	-0.0	Inf
GLCNtex_f	tre_e	-0.0	-1000.0	0.0	-0.0	Inf
GLCNtex_f	metsox_S__L_e	-0.0	-1000.0	0.0	-0.0	Inf
GLCNtex_f	glc__D_e	-0.0	-30.97590632968744	3.24285017977524	-0.0	0.0
GLCNtex_f	mg2_e	-0.0	-0.007084042847101309	999.992915957153	-0.0	0.0
GLCNtex_f	mnl_e	-0.0	-1000.0	0.0	-0.0	Inf
GLCNtex_f	mobd_e	-0.0	-0.00010534196280787	999.9998946580372	-0.0	0.0
GLCNtex_f	glyald_e	-0.0	-1000.0	0.0	-0.0	Inf
GLCNtex_f	n2o_e	-0.0	-1000.0	0.0	-0.0	Inf
GLCNtex_f	na1_e	-0.0	0.0	1000.0	Inf	0.0
GLCNtex_f	nac_e	-0.0	-1000.0	0.0	-0.0	Inf
GLCNtex_f	ni2_e	-0.0	-0.00026376320920462604	999.9997362367908	-0.0	0.0
GLCNtex_f	no_e	-0.0	-1000.0	0.0	-0.0	Inf
GLCNtex_f	no2_e	-0.0	-1000.0	0.0	-0.0	Inf
GLCNtex_f	ura_e	-0.0	-1000.0	0.0	-0.0	Inf
GLCNtex_f	no3_e	-0.0	-1000.0	0.0	-0.0	Inf
GLCNtex_f	urea_e	-0.0	-1000.0	0.0	-0.0	Inf
GLCNtex_f	novbcn_e	-0.0	-1000.0	0.0	-0.0	Inf
GLCNtex_f	uri_e	-0.0	-1000.0	0.0	-0.0	Inf
GLCNtex_f	o2_e	-0.0	-38.212151958033814	961.7878480419662	-0.0	0.0
GLCNtex_f	xan_e	-0.0	0.0	0.0	Inf	Inf
GLCNtex_f	xtsn_e	-0.0	-1000.0	0.0	-0.0	Inf
GLCNtex_f	xyl__D_e	-0.0	-1000.0	0.0	-0.0	Inf
GLCNtex_f	xylu__L_e	-0.0	-1000.0	0.0	-0.0	Inf
GLCNtex_f	pacald_e	-0.0	-1000.0	0.0	-0.0	Inf
GLCNtex_f	12dgr120_p	-0.0	0.0	0.0	Inf	Inf
GLCNtex_f	12dgr140_p	-0.0	0.0	0.0	Inf	Inf
GLCNtex_f	12dgr160_p	-0.0	0.0	0.0	Inf	Inf
GLCNtex_f	12dgr180_p	-0.0	0.0	0.0	Inf	Inf
GLCNtex_f	12ppd__R_p	-0.0	-1000.0	0.0	-0.0	Inf
GLCNtex_f	12ppd__S_p	-0.0	0.0	0.0	Inf	Inf
GLCNtex_f	chol_p	-0.0	-1000.0	0.0	-0.0	Inf
GLCNtex_f	cl_p	-0.0	-0.0042504257082782715	999.9957495742917	-0.0	0.0
GLCNtex_f	34dhpac_p	-0.0	-1000.0	0.0	-0.0	Inf
GLCNtex_f	cm_p	-0.0	0.0	0.0	Inf	Inf
GLCNtex_f	4hoxpacd_p	-0.0	-1000.0	0.0	-0.0	Inf
GLCNtex_f	co2_p	-0.0	-958.8202910926119	41.17970890738809	-0.0	0.0
GLCNtex_f	5mtr_p	-0.0	0.0	0.0	Inf	Inf
GLCNtex_f	LalaDgluMdap_p	-0.0	0.0	0.0	Inf	Inf
GLCNtex_f	gal_p	-0.0	-1000.0	0.0	-0.0	Inf
GLCNtex_f	ac_p	-0.0	-0.1531503374143367	0.0	-0.0	Inf
GLCNtex_f	crn_p	-0.0	-1000.0	0.0	-0.0	Inf
GLCNtex_f	gal_bD_p	-0.0	-1000.0	0.0	-0.0	Inf
GLCNtex_f	acald_p	-0.0	-1000.0	0.0	-0.0	Inf
GLCNtex_f	acgal_p	-0.0	-1000.0	0.0	-0.0	Inf
GLCNtex_f	csn_p	-0.0	0.0	0.0	Inf	Inf
GLCNtex_f	acgam_p	-0.0	-1000.0	0.0	-0.0	Inf
GLCNtex_f	galt_p	-0.0	-28.86391271629963	0.0	-0.0	Inf
GLCNtex_f	acmana_p	-0.0	-1000.0	0.0	-0.0	Inf
GLCNtex_f	cyan_p	-0.0	0.0	0.0	Inf	Inf
GLCNtex_f	ade_p	-0.0	-1000.0	0.0	-0.0	Inf
GLCNtex_f	adn_p	-0.0	0.0	0.000549574736164009	Inf	0.0
GLCNtex_f	cytd_p	-0.0	0.0	0.0	Inf	Inf
GLCNtex_f	glc__D_p	-0.0	-30.97590632968744	3.24285017977524	-0.0	0.0
GLCNtex_f	dad_2_p	-0.0	-1000.0	0.0	-0.0	Inf
GLCNtex_f	dcyt_p	-0.0	-1000.0	0.0	-0.0	Inf
GLCNtex_f	all__D_p	-0.0	0.0	0.0	Inf	Inf
GLCNtex_f	alltn_p	-0.0	0.0	0.0	Inf	Inf
GLCNtex_f	dha_p	-0.0	-1000.0	0.0	-0.0	Inf
GLCNtex_f	glyald_p	-0.0	-1000.0	0.0	-0.0	Inf
GLCNtex_f	glyb_p	0.0	0.0	0.0	Inf	Inf
GLCNtex_f	dms_p	-0.0	-1000.0	0.0	-0.0	Inf
GLCNtex_f	glyc_p	-0.0	-0.11353087134833437	0.0	-0.0	Inf
GLCNtex_f	dmso_p	-0.0	-1000.0	0.0	-0.0	Inf
GLCNtex_f	arab__L_p	-0.0	0.0	0.0	Inf	Inf
GLCNtex_f	arbt_p	0.0	0.0	0.0	Inf	Inf
GLCNtex_f	ca2_p	-0.0	-0.0042504257082782715	999.9957495742917	-0.0	0.0
GLCNtex_f	duri_p	-0.0	-1000.0	0.0	-0.0	Inf
GLCNtex_f	h2_p	-0.0	-1000.0	0.0	-0.0	Inf
GLCNtex_f	h2o2_p	-0.0	-1000.0	0.0	-0.0	Inf
GLCNtex_f	etoh_p	-0.0	-1000.0	0.0	-0.0	Inf
GLCNtex_f	fald_p	-0.0	0.0	0.0	Inf	Inf
GLCNtex_f	n2o_p	-0.0	-1000.0	0.0	-0.0	Inf
GLCNtex_f	na1_p	-0.0	0.0	0.0	Inf	Inf
GLCNtex_f	indole_p	-0.0	0.0	0.9799999999946749	Inf	0.0
GLCNtex_f	nac_p	-0.0	-1000.0	0.0	-0.0	Inf
GLCNtex_f	ni2_p	-0.0	-0.00026376320920462604	999.9997362367908	-0.0	0.0
GLCNtex_f	inost_p	-0.0	-1000.0	0.0	-0.0	Inf
GLCNtex_f	no_p	-0.0	-1000.0	0.0	-0.0	Inf
GLCNtex_f	no2_p	-0.0	-1000.0	0.0	-0.0	Inf
GLCNtex_f	for_p	-0.0	0.0	0.9246640756286979	Inf	0.0
GLCNtex_f	fru_p	-0.0	-1000.0	0.0	-0.0	Inf
GLCNtex_f	no3_p	-0.0	0.0	0.0	Inf	Inf
GLCNtex_f	k_p	-0.0	-0.15939545538378752	999.8406045446162	-0.0	0.0
GLCNtex_f	novbcn_p	-0.0	0.0	0.0	Inf	Inf
GLCNtex_f	o2_p	-0.0	-38.212151958033814	961.7878480419662	-0.0	0.0
GLCNtex_f	lipa_cold_p	-0.0	-61.614153415731025	0.0	-0.0	Inf
GLCNtex_f	g3pe_p	-0.0	0.0	0.0	Inf	Inf
GLCNtex_f	g3pi_p	-0.0	0.0	0.0	Inf	Inf
GLCNtex_f	so3_p	-0.0	-1000.0	0.0	-0.0	Inf
GLCNtex_f	so4_p	-0.0	-0.20595578633608214	999.7940442136639	-0.0	0.0
GLCNtex_f	malt_p	0.0	0.0	0.0	Inf	Inf
GLCNtex_f	malthx_p	0.0	0.0	0.0	Inf	Inf
GLCNtex_f	maltpt_p	0.0	0.0	0.0	Inf	Inf
GLCNtex_f	sucr_p	-0.0	-1000.0	0.0	-0.0	Inf
GLCNtex_f	malttr_p	0.0	0.0	0.0	Inf	Inf
GLCNtex_f	maltttr_p	0.0	0.0	0.0	Inf	Inf
GLCNtex_f	pacald_p	-0.0	-1000.0	0.0	-0.0	Inf
GLCNtex_f	man_p	-0.0	-1000.0	0.0	-0.0	Inf
GLCNtex_f	tartr__L_p	-0.0	-1000.0	0.0	-0.0	Inf
GLCNtex_f	pe120_p	-0.0	0.0	0.0	Inf	Inf
GLCNtex_f	melib_p	-0.0	-1000.0	0.0	-0.0	Inf
GLCNtex_f	meoh_p	-0.0	-999.9999983667913	1.633208739804104e-06	-0.0	0.0
GLCNtex_f	thym_p	-0.0	-1000.0	0.0	-0.0	Inf
GLCNtex_f	thymd_p	-0.0	-0.021367269756455656	0.0	-0.0	Inf
GLCNtex_f	pg120_p	-0.0	-0.05676543567416718	0.0	-0.0	Inf
GLCNtex_f	metsox_S__L_p	-0.0	-1000.0	0.0	-0.0	Inf
GLCNtex_f	tmao_p	-0.0	-1000.0	0.0	-0.0	Inf
GLCNtex_f	mg2_p	-0.0	-0.007084042847101309	999.992915957153	-0.0	0.0
GLCNtex_f	tre_p	-0.0	0.0	0.0	Inf	Inf
GLCNtex_f	mnl_p	-0.0	0.0	0.0	Inf	Inf
GLCNtex_f	mobd_p	-0.0	-0.00010534196280787	999.9998946580372	-0.0	0.0
GLCNtex_f	ura_p	-0.0	-1000.0	0.0	-0.0	Inf
GLCNtex_f	urea_p	-0.0	-1000.0	0.0	-0.0	Inf
GLCNtex_f	uri_p	-0.0	0.0	0.0	Inf	Inf
GLCNtex_f	xan_p	-0.0	-0.038287584353582614	0.0	-0.0	Inf
GLCNtex_f	xtsn_p	-0.0	0.0	0.0	Inf	Inf
GLCNtex_f	xyl__D_p	-0.0	0.0	0.0	Inf	Inf
GLCNtex_f	xylu__L_p	-0.0	-1000.0	0.0	-0.0	Inf
GLCNtex_f	ppal_p	-0.0	-1000.0	0.0	-0.0	Inf
GLCNtex_f	psclys_p	-0.0	-1000.0	0.0	-0.0	Inf
GLCNtex_f	pydx_p	-0.0	0.0	0.0	Inf	Inf
GLCNtex_f	pydxn_p	-0.0	0.0	0.0	Inf	Inf
GLCNtex_f	rib__D_p	-0.0	-1000.0	0.0	-0.0	Inf
GLCNtex_f	rmn_p	-0.0	-1000.0	0.0	-0.0	Inf
GLCNtex_f	sbt__D_p	-0.0	-28.53959909027381	0.0	-0.0	Inf
GLCNtex_f	slnt_p	-0.0	0.0	0.0	Inf	Inf
GLCNtex_f	so2_p	-0.0	-1000.0	0.0	-0.0	Inf
