Reaction	Metabolite	ShadowPrice	G-	G+	DecrementalShadowPrice	IncrementalShadowPrice
FE3DHBZStonex	12dgr120_c	-0.0	0.0	0.0	Inf	Inf
FE3DHBZStonex	12dgr140_c	-0.0	0.0	0.0	Inf	Inf
FE3DHBZStonex	12dgr160_c	-0.0	0.0	0.19275371849556347	Inf	0.0
FE3DHBZStonex	12dgr180_c	-0.0	0.0	0.0	Inf	Inf
FE3DHBZStonex	12ppd__R_c	-0.0	-1000.0	0.0	-0.0	Inf
FE3DHBZStonex	12ppd__S_c	-0.0	0.0	0.0	Inf	Inf
FE3DHBZStonex	5drib_c	-0.0	-999.9998162640184	0.00018373598162510596	-0.0	0.0
FE3DHBZStonex	5mta_c	-0.0	0.0	0.0	Inf	Inf
FE3DHBZStonex	23dhacoa_c	-0.0	-0.00047036411297074476	0.0	-0.0	Inf
FE3DHBZStonex	5mtr_c	-0.0	0.0	0.0	Inf	Inf
FE3DHBZStonex	3amac_c	-0.0	-0.15315033743831918	0.0	-0.0	Inf
FE3DHBZStonex	LalaDgluMdap_c	-0.0	-0.022691802032881975	0.0	-0.0	Inf
FE3DHBZStonex	ac_c	-0.0	-0.15315033743831918	1.8061825875510067	-0.0	0.0
FE3DHBZStonex	acald_c	-0.0	-1.0143909298028082	3.276813214424579	-0.0	0.0
FE3DHBZStonex	acetol_c	-0.0	0.0	0.003188023432286283	Inf	0.0
FE3DHBZStonex	acgam_c	-0.0	-0.07715931303024609	0.0	-0.0	Inf
FE3DHBZStonex	acgam6p_c	-0.0	-0.07715931303024609	0.0	-0.0	Inf
FE3DHBZStonex	acmalt_c	0.0	0.0	0.0	Inf	Inf
FE3DHBZStonex	acmana_c	-0.0	-0.07715931303024609	0.0	-0.0	Inf
FE3DHBZStonex	2dmmq8_c	-0.0	0.0	0.0	Inf	Inf
FE3DHBZStonex	2dmmql8_c	0.0	0.0	0.0	Inf	Inf
FE3DHBZStonex	ade_c	-0.0	-0.030630067487663944	0.000549574736164009	-0.0	0.0
FE3DHBZStonex	adn_c	-0.0	0.0	0.000549574736164009	Inf	0.0
FE3DHBZStonex	3sala_c	0.0	0.0	0.0	Inf	Inf
FE3DHBZStonex	adphep_DD_c	-0.0	0.0	0.0	Inf	Inf
FE3DHBZStonex	adphep_LD_c	-0.0	0.0	0.0	Inf	Inf
FE3DHBZStonex	4ahmmp_c	0.0	0.0	0.0	Inf	Inf
FE3DHBZStonex	4crsol_c	-0.0	-999.9998178972271	0.00018210277289954947	-0.0	0.0
FE3DHBZStonex	2ohph_c	-0.0	-0.00018210277289954947	0.12679886622535103	-0.0	0.0
FE3DHBZStonex	2ombzl_c	-0.0	0.0	0.0	Inf	Inf
FE3DHBZStonex	2omhmbl_c	-0.0	0.0	0.0	Inf	Inf
FE3DHBZStonex	2ommbl_c	0.0	0.0	0.0	Inf	Inf
FE3DHBZStonex	2omph_c	-0.0	0.0	0.12679886622535103	Inf	0.0
FE3DHBZStonex	4mhetz_c	0.0	0.0	0.0	Inf	Inf
FE3DHBZStonex	2oph_c	-0.0	-0.00018210277289954947	0.12679886622535103	-0.0	0.0
FE3DHBZStonex	2oxpaccoa_c	-0.0	-0.00047036411297074476	0.0	-0.0	Inf
FE3DHBZStonex	all__D_c	-0.0	-41.30529284711868	0.0	-0.0	Inf
FE3DHBZStonex	alltn_c	-0.0	-0.038287584359579796	0.0	-0.0	Inf
FE3DHBZStonex	4r5au_c	-0.0	-0.00036420554556871763	0.24499999999559918	-0.0	0.0
FE3DHBZStonex	56dura_c	0.0	0.0	0.0	Inf	Inf
FE3DHBZStonex	arab__L_c	-0.0	-49.56635141654242	0.0	-0.0	Inf
FE3DHBZStonex	etoh_c	-0.0	-1000.0	0.0	-0.0	Inf
FE3DHBZStonex	csn_c	-0.0	0.0	0.033375346175432696	Inf	0.0
FE3DHBZStonex	fald_c	-0.0	0.0	0.0	Inf	Inf
FE3DHBZStonex	fc1p_c	-0.0	-0.7877218830733458	0.0	-0.0	Inf
FE3DHBZStonex	fcl__L_c	-0.0	0.0	0.0	Inf	Inf
FE3DHBZStonex	aso4_c	0.0	0.0	0.0	Inf	Inf
FE3DHBZStonex	cyan_c	0.0	0.0	0.0	Inf	Inf
FE3DHBZStonex	athtp_c	0.0	0.0	0.0	Inf	Inf
FE3DHBZStonex	cytd_c	-0.0	0.0	0.0	Inf	Inf
FE3DHBZStonex	dad_2_c	-0.0	0.0	0.0	Inf	Inf
FE3DHBZStonex	dad_5_c	-0.0	-0.030630067487663944	0.00018373598162510596	-0.0	0.0
FE3DHBZStonex	betald_c	0.0	0.0	0.0	Inf	Inf
FE3DHBZStonex	btal_c	-0.0	-495.6635141654239	0.0	-0.0	Inf
FE3DHBZStonex	for_c	-0.0	-0.08918054585827662	0.0020031305011948774	-0.0	0.0
FE3DHBZStonex	dcyt_c	-0.0	-0.021367269756455656	0.0	-0.0	Inf
FE3DHBZStonex	fru_c	-0.0	0.0	0.0	Inf	Inf
FE3DHBZStonex	ca2_c	-0.0	-0.0042504257082782715	999.9957495742917	-0.0	0.0
FE3DHBZStonex	g3pe_c	-0.0	-0.11353087134833437	0.0	-0.0	Inf
FE3DHBZStonex	g3pi_c	0.0	0.0	0.0	Inf	Inf
FE3DHBZStonex	cbm_c	-0.0	-0.07657516871915959	0.0	-0.0	Inf
FE3DHBZStonex	dha_c	-0.0	-82.61058569423736	0.0	-0.0	Inf
FE3DHBZStonex	gal_c	-0.0	0.0	0.0	Inf	Inf
FE3DHBZStonex	dhgly_c	-0.0	-0.00018210277289954947	0.8192033036061447	-0.0	0.0
FE3DHBZStonex	dhmptp_c	0.0	0.0	0.0	Inf	Inf
FE3DHBZStonex	gcald_c	-0.0	-138.78578396631872	0.0005463083186896256	-0.0	0.0
FE3DHBZStonex	dhptd_c	-0.0	-50.49603740974521	0.00036583875453890304	-0.0	0.0
FE3DHBZStonex	cechddd_c	-0.0	0.0	0.0	Inf	Inf
FE3DHBZStonex	dhptdn_c	0.0	0.0	0.0	Inf	Inf
FE3DHBZStonex	chol_c	0.0	0.0	0.0	Inf	Inf
FE3DHBZStonex	chtbs6p_c	-0.0	0.0	0.0	Inf	Inf
FE3DHBZStonex	dmbzid_c	0.0	0.0	0.0	Inf	Inf
FE3DHBZStonex	dms_c	0.0	0.0	0.0	Inf	Inf
FE3DHBZStonex	dmso_c	0.0	0.0	0.0	Inf	Inf
FE3DHBZStonex	cl_c	-0.0	-0.0042504257082607855	999.9957495742917	-0.0	0.0
FE3DHBZStonex	glc__D_c	-0.0	-41.30529284711868	0.0	-0.0	Inf
FE3DHBZStonex	co2_c	-0.0	-958.8202910926506	41.179708907349436	-0.0	0.0
FE3DHBZStonex	dscl_c	-0.0	-0.00018210277289954947	0.004171918271929087	-0.0	0.0
FE3DHBZStonex	dtdp4aaddg_c	-0.0	0.0	0.0	Inf	Inf
FE3DHBZStonex	glyald_c	-0.0	-1000.0	0.0	-0.0	Inf
FE3DHBZStonex	crn_c	-0.0	-1000.0	0.0	-0.0	Inf
FE3DHBZStonex	duri_c	-0.0	-0.021367269756455656	0.0	-0.0	Inf
FE3DHBZStonex	glyb_c	0.0	0.0	0.0	Inf	Inf
FE3DHBZStonex	glyc_c	-0.0	-70.80907345220344	0.0	-0.0	Inf
FE3DHBZStonex	dxyl_c	0.0	0.0	0.0	Inf	Inf
FE3DHBZStonex	glycogen_c	-0.0	-41.30529284711868	0.0	-0.0	Inf
FE3DHBZStonex	gmhep1p_c	-0.0	0.0	2.4914316854309484	Inf	0.0
FE3DHBZStonex	lipa_cold_c	-0.0	0.0	0.0	Inf	Inf
FE3DHBZStonex	lipidA_c	-0.0	-0.015887854482201647	0.10922710714748597	-0.0	0.0
FE3DHBZStonex	malt_c	0.0	0.0	0.0	Inf	Inf
FE3DHBZStonex	h2_c	-0.0	0.0	0.0	Inf	Inf
FE3DHBZStonex	malthx_c	-0.0	0.0	0.0	Inf	Inf
FE3DHBZStonex	maltpt_c	-0.0	0.0	0.0	Inf	Inf
FE3DHBZStonex	malttr_c	-0.0	0.0	0.0	Inf	Inf
FE3DHBZStonex	maltttr_c	-0.0	0.0	0.0	Inf	Inf
FE3DHBZStonex	h2o2_c	-0.0	-0.003188023432286283	0.5740288611389701	-0.0	0.0
FE3DHBZStonex	man_c	-0.0	-41.30529284711868	0.0	-0.0	Inf
FE3DHBZStonex	mdhdhf_c	-0.0	-50.49603740974521	0.00036583875453890304	-0.0	0.0
FE3DHBZStonex	melib_c	-0.0	0.0	0.0	Inf	Inf
FE3DHBZStonex	meoh_c	-0.0	-999.9999983667913	1.633208739804104e-06	-0.0	0.0
FE3DHBZStonex	pacald_c	-0.0	-1000.0	0.0	-0.0	Inf
FE3DHBZStonex	metsox_S__L_c	-0.0	-0.08918054585827662	0.0	-0.0	Inf
FE3DHBZStonex	mg2_c	-0.0	-0.007084042847101309	999.992915957153	-0.0	0.0
FE3DHBZStonex	hhlipa_c	-0.0	0.0	0.0	Inf	Inf
FE3DHBZStonex	pe120_c	-0.0	0.0	0.0	Inf	Inf
FE3DHBZStonex	mobd_c	-0.0	-0.00010534196279839409	64.15436589984688	-0.0	0.0
FE3DHBZStonex	hlipa_c	-0.0	0.0	0.0	Inf	Inf
FE3DHBZStonex	pg120_c	-0.0	-0.06355141792885444	0.0	-0.0	Inf
FE3DHBZStonex	mql8_c	0.0	0.0	0.0	Inf	Inf
FE3DHBZStonex	mqn8_c	-0.0	0.0	0.0	Inf	Inf
FE3DHBZStonex	mthgxl_c	-0.0	0.0	0.003188023432286283	Inf	0.0
FE3DHBZStonex	hqn_c	0.0	0.0	0.0	Inf	Inf
FE3DHBZStonex	mththf_c	-0.0	-999.9996341612455	0.00036583875453890304	-0.0	0.0
FE3DHBZStonex	n2o_c	-0.0	-1000.0	0.0	-0.0	Inf
FE3DHBZStonex	na1_c	-0.0	0.0	0.0	Inf	Inf
FE3DHBZStonex	nac_c	-0.0	0.0	0.0	Inf	Inf
FE3DHBZStonex	ncam_c	-0.0	0.0	0.0	Inf	Inf
FE3DHBZStonex	ni2_c	-0.0	-0.00026376320917737434	999.9997362367908	-0.0	0.0
FE3DHBZStonex	no_c	-0.0	-1000.0	0.0	-0.0	Inf
FE3DHBZStonex	indole_c	-0.0	-0.046418241793403994	0.9799999999823967	-0.0	0.0
FE3DHBZStonex	no2_c	-0.0	-1000.0	0.0	-0.0	Inf
FE3DHBZStonex	no3_c	0.0	0.0	0.0	Inf	Inf
FE3DHBZStonex	inost_c	0.0	0.0	0.0	Inf	Inf
FE3DHBZStonex	o2_c	-0.0	-38.21215195799966	961.7878480420003	-0.0	0.0
FE3DHBZStonex	poaac_c	-0.0	-19.73980489226061	0.0	-0.0	Inf
FE3DHBZStonex	ppal_c	-0.0	0.0	0.0	Inf	Inf
FE3DHBZStonex	k_c	-0.0	-0.15939545538377473	256.6174635993875	-0.0	0.0
FE3DHBZStonex	psclys_c	-0.0	0.0	0.0	Inf	Inf
FE3DHBZStonex	lald__D_c	-0.0	0.0	0.003188023432286283	Inf	0.0
FE3DHBZStonex	lald__L_c	-0.0	-4.065409472463898	0.0	-0.0	Inf
FE3DHBZStonex	ura_c	-0.0	0.0	0.0	Inf	Inf
FE3DHBZStonex	pydx_c	-0.0	0.0	0.9799999999823967	Inf	0.0
FE3DHBZStonex	uracp_c	-0.0	-0.15315033743831918	0.0	-0.0	Inf
FE3DHBZStonex	pydxn_c	-0.0	0.0	0.9799999999823967	Inf	0.0
FE3DHBZStonex	urate_c	-0.0	-0.003188023432286283	0.0	-0.0	Inf
FE3DHBZStonex	q8_c	-0.0	0.0	0.0	Inf	Inf
FE3DHBZStonex	q8h2_c	0.0	0.0	0.0	Inf	Inf
FE3DHBZStonex	urea_c	-0.0	-1000.0	0.0	-0.0	Inf
FE3DHBZStonex	uri_c	-0.0	0.0	0.033375346175432696	Inf	0.0
FE3DHBZStonex	rbflvrd_c	-0.0	0.0	0.044590272929138405	Inf	0.0
FE3DHBZStonex	rbl__L_c	-0.0	-49.56635141654242	0.0	-0.0	Inf
FE3DHBZStonex	rdmbzi_c	0.0	0.0	0.0	Inf	Inf
FE3DHBZStonex	thptdn_c	0.0	0.0	0.0	Inf	Inf
FE3DHBZStonex	xan_c	-0.0	0.0	0.0	Inf	Inf
FE3DHBZStonex	rephaccoa_c	-0.0	-0.00047036411297074476	0.0	-0.0	Inf
FE3DHBZStonex	rib__D_c	-0.0	0.0	3.276813214424579	Inf	0.0
FE3DHBZStonex	xtsn_c	-0.0	0.0	0.0	Inf	Inf
FE3DHBZStonex	rml_c	-0.0	-4.065409472463898	0.0	-0.0	Inf
FE3DHBZStonex	thym_c	-0.0	-256.6174635993875	0.0	-0.0	Inf
FE3DHBZStonex	thymd_c	-0.0	-0.021367269756455656	0.0	-0.0	Inf
FE3DHBZStonex	xu5p__L_c	-0.0	-0.7877218830733019	0.0	-0.0	Inf
FE3DHBZStonex	rmn_c	-0.0	-4.065409472463898	0.0	-0.0	Inf
FE3DHBZStonex	xyl__D_c	0.0	0.0	0.0	Inf	Inf
FE3DHBZStonex	tmao_c	0.0	0.0	0.0	Inf	Inf
FE3DHBZStonex	xylu__D_c	-0.0	0.0	0.0	Inf	Inf
FE3DHBZStonex	xylu__L_c	-0.0	-49.56635141654242	0.0	-0.0	Inf
FE3DHBZStonex	12ppd__R_e	-0.0	-1000.0	0.0	-0.0	Inf
FE3DHBZStonex	12ppd__S_e	-0.0	-1000.0	0.0	-0.0	Inf
FE3DHBZStonex	tre_c	-0.0	-20.65264642355934	0.0	-0.0	Inf
FE3DHBZStonex	seln_c	0.0	0.0	0.0	Inf	Inf
FE3DHBZStonex	34dhpac_e	-0.0	-1000.0	0.0	-0.0	Inf
FE3DHBZStonex	slnt_c	0.0	0.0	0.0	Inf	Inf
FE3DHBZStonex	so2_c	0.0	0.0	0.0	Inf	Inf
FE3DHBZStonex	so3_c	-0.0	-0.202413356610597	12.830873179969418	-0.0	0.0
FE3DHBZStonex	so4_c	-0.0	-0.20595578633632905	256.6174635993875	-0.0	0.0
FE3DHBZStonex	4hoxpacd_e	-0.0	-1000.0	0.0	-0.0	Inf
FE3DHBZStonex	5mtr_e	-0.0	0.0	0.0	Inf	Inf
FE3DHBZStonex	LalaDgluMdap_e	-0.0	-1000.0	0.0	-0.0	Inf
FE3DHBZStonex	ac_e	-0.0	0.0	0.0	Inf	Inf
FE3DHBZStonex	acald_e	-0.0	-1000.0	0.0	-0.0	Inf
FE3DHBZStonex	acgal_e	-0.0	-1000.0	0.0	-0.0	Inf
FE3DHBZStonex	acgam_e	-0.0	-1000.0	0.0	-0.0	Inf
FE3DHBZStonex	acmana_e	-0.0	-1000.0	0.0	-0.0	Inf
FE3DHBZStonex	tagur_c	-0.0	0.0	0.0	Inf	Inf
FE3DHBZStonex	tartr__L_c	-0.0	-0.07657516871915959	0.0	-0.0	Inf
FE3DHBZStonex	ade_e	-0.0	-1000.0	0.0	-0.0	Inf
FE3DHBZStonex	adn_e	-0.0	-1000.0	0.0	-0.0	Inf
FE3DHBZStonex	all__D_e	-0.0	-1000.0	0.0	-0.0	Inf
FE3DHBZStonex	cl_e	-0.0	-0.0042504257082782715	999.9957495742917	-0.0	0.0
FE3DHBZStonex	alltn_e	-0.0	0.0	0.0	Inf	Inf
FE3DHBZStonex	cm_e	-0.0	-1000.0	0.0	-0.0	Inf
FE3DHBZStonex	co2_e	-0.0	-958.8202910926506	41.179708907349436	-0.0	0.0
FE3DHBZStonex	arab__L_e	-0.0	-1000.0	0.0	-0.0	Inf
FE3DHBZStonex	arbt_e	-0.0	-1000.0	0.0	-0.0	Inf
FE3DHBZStonex	unagamu_c	-0.0	0.0	0.11271010331142313	Inf	0.0
FE3DHBZStonex	crn_e	-0.0	-1000.0	0.0	-0.0	Inf
FE3DHBZStonex	csn_e	-0.0	-1000.0	0.0	-0.0	Inf
FE3DHBZStonex	cyan_e	-0.0	-1000.0	0.0	-0.0	Inf
FE3DHBZStonex	glyb_e	-0.0	-1000.0	0.0	-0.0	Inf
FE3DHBZStonex	glyc_e	-0.0	-1000.0	0.0	-0.0	Inf
FE3DHBZStonex	cytd_e	-0.0	-1000.0	0.0	-0.0	Inf
FE3DHBZStonex	ca2_e	-0.0	-0.0042504257082782715	999.9957495742917	-0.0	0.0
FE3DHBZStonex	dad_2_e	-0.0	-1000.0	0.0	-0.0	Inf
FE3DHBZStonex	dcyt_e	-0.0	-1000.0	0.0	-0.0	Inf
FE3DHBZStonex	chol_e	-0.0	-1000.0	0.0	-0.0	Inf
FE3DHBZStonex	dha_e	-0.0	-1000.0	0.0	-0.0	Inf
FE3DHBZStonex	ppal_e	-0.0	-1000.0	0.0	-0.0	Inf
FE3DHBZStonex	h2_e	-0.0	-1000.0	0.0	-0.0	Inf
FE3DHBZStonex	dms_e	-0.0	-1000.0	0.0	-0.0	Inf
FE3DHBZStonex	dmso_e	-0.0	-1000.0	0.0	-0.0	Inf
FE3DHBZStonex	h2o2_e	-0.0	-1000.0	0.0	-0.0	Inf
FE3DHBZStonex	psclys_e	-0.0	-1000.0	0.0	-0.0	Inf
FE3DHBZStonex	duri_e	-0.0	-1000.0	0.0	-0.0	Inf
FE3DHBZStonex	pydx_e	-0.0	-1000.0	0.0	-0.0	Inf
FE3DHBZStonex	pydxn_e	-0.0	-1000.0	0.0	-0.0	Inf
FE3DHBZStonex	etoh_e	-0.0	-1000.0	0.0	-0.0	Inf
FE3DHBZStonex	fald_e	-0.0	0.0	0.0	Inf	Inf
FE3DHBZStonex	rib__D_e	-0.0	-1000.0	0.0	-0.0	Inf
FE3DHBZStonex	rmn_e	-0.0	-1000.0	0.0	-0.0	Inf
FE3DHBZStonex	indole_e	-0.0	-1000.0	0.0	-0.0	Inf
FE3DHBZStonex	inost_e	-0.0	-1000.0	0.0	-0.0	Inf
FE3DHBZStonex	sbt__D_e	-0.0	-38.12796262810954	0.0	-0.0	Inf
FE3DHBZStonex	k_e	-0.0	-0.15939545538378752	999.8406045446162	-0.0	0.0
FE3DHBZStonex	for_e	-0.0	0.0	0.0020031305011948774	Inf	0.0
FE3DHBZStonex	slnt_e	-0.0	0.0	1000.0	Inf	0.0
FE3DHBZStonex	fru_e	-0.0	-1000.0	0.0	-0.0	Inf
FE3DHBZStonex	so2_e	-0.0	-1000.0	0.0	-0.0	Inf
FE3DHBZStonex	so3_e	-0.0	-1000.0	0.0	-0.0	Inf
FE3DHBZStonex	so4_e	-0.0	-0.20595578633632905	999.7940442136637	-0.0	0.0
FE3DHBZStonex	lipa_cold_e	-0.0	-1000.0	0.0	-0.0	Inf
FE3DHBZStonex	sucr_e	-0.0	-1000.0	0.0	-0.0	Inf
FE3DHBZStonex	g3pe_e	-0.0	-1000.0	0.0	-0.0	Inf
FE3DHBZStonex	malt_e	-0.0	-1000.0	0.0	-0.0	Inf
FE3DHBZStonex	tartr__L_e	-0.0	-1000.0	0.0	-0.0	Inf
FE3DHBZStonex	g3pi_e	-0.0	-1000.0	0.0	-0.0	Inf
FE3DHBZStonex	malthx_e	-0.0	-1000.0	0.0	-0.0	Inf
FE3DHBZStonex	maltpt_e	-0.0	-1000.0	0.0	-0.0	Inf
FE3DHBZStonex	gal_e	-0.0	-1000.0	0.0	-0.0	Inf
FE3DHBZStonex	gal_bD_e	-0.0	-1000.0	0.0	-0.0	Inf
FE3DHBZStonex	malttr_e	-0.0	-1000.0	0.0	-0.0	Inf
FE3DHBZStonex	maltttr_e	-0.0	-1000.0	0.0	-0.0	Inf
FE3DHBZStonex	man_e	-0.0	-1000.0	0.0	-0.0	Inf
FE3DHBZStonex	thym_e	-0.0	-1000.0	0.0	-0.0	Inf
FE3DHBZStonex	thymd_e	-0.0	-1000.0	0.0	-0.0	Inf
FE3DHBZStonex	galt_e	-0.0	-38.12796262810954	0.0	-0.0	Inf
FE3DHBZStonex	melib_e	-0.0	-1000.0	0.0	-0.0	Inf
FE3DHBZStonex	meoh_e	-0.0	-999.9999983667913	1.633208739804104e-06	-0.0	0.0
FE3DHBZStonex	tmao_e	-0.0	-1000.0	0.0	-0.0	Inf
FE3DHBZStonex	tre_e	-0.0	-1000.0	0.0	-0.0	Inf
FE3DHBZStonex	metsox_S__L_e	-0.0	-1000.0	0.0	-0.0	Inf
FE3DHBZStonex	glc__D_e	-0.0	-41.30529284711868	3.2768132144245796	-0.0	0.0
FE3DHBZStonex	mg2_e	-0.0	-0.007084042847101309	999.992915957153	-0.0	0.0
FE3DHBZStonex	mnl_e	-0.0	-1000.0	0.0	-0.0	Inf
FE3DHBZStonex	mobd_e	-0.0	-0.00010534196280787	999.9998946580372	-0.0	0.0
FE3DHBZStonex	glyald_e	-0.0	-1000.0	0.0	-0.0	Inf
FE3DHBZStonex	n2o_e	-0.0	-1000.0	0.0	-0.0	Inf
FE3DHBZStonex	na1_e	-0.0	0.0	1000.0	Inf	0.0
FE3DHBZStonex	nac_e	-0.0	-1000.0	0.0	-0.0	Inf
FE3DHBZStonex	ni2_e	-0.0	-0.00026376320920462604	999.9997362367908	-0.0	0.0
FE3DHBZStonex	no_e	-0.0	-1000.0	0.0	-0.0	Inf
FE3DHBZStonex	no2_e	-0.0	-1000.0	0.0	-0.0	Inf
FE3DHBZStonex	ura_e	-0.0	-1000.0	0.0	-0.0	Inf
FE3DHBZStonex	no3_e	-0.0	-1000.0	0.0	-0.0	Inf
FE3DHBZStonex	urea_e	-0.0	-1000.0	0.0	-0.0	Inf
FE3DHBZStonex	novbcn_e	-0.0	-1000.0	0.0	-0.0	Inf
FE3DHBZStonex	uri_e	-0.0	-1000.0	0.0	-0.0	Inf
FE3DHBZStonex	o2_e	-0.0	-38.21215195799971	961.7878480420003	-0.0	0.0
FE3DHBZStonex	xan_e	-0.0	0.0	0.0	Inf	Inf
FE3DHBZStonex	xtsn_e	-0.0	-1000.0	0.0	-0.0	Inf
FE3DHBZStonex	xyl__D_e	-0.0	-1000.0	0.0	-0.0	Inf
FE3DHBZStonex	xylu__L_e	-0.0	-1000.0	0.0	-0.0	Inf
FE3DHBZStonex	pacald_e	-0.0	-1000.0	0.0	-0.0	Inf
FE3DHBZStonex	12dgr120_p	-0.0	0.0	0.0	Inf	Inf
FE3DHBZStonex	12dgr140_p	-0.0	0.0	0.0	Inf	Inf
FE3DHBZStonex	12dgr160_p	-0.0	0.0	0.0	Inf	Inf
FE3DHBZStonex	12dgr180_p	-0.0	0.0	0.0	Inf	Inf
FE3DHBZStonex	12ppd__R_p	-0.0	-1000.0	0.0	-0.0	Inf
FE3DHBZStonex	12ppd__S_p	-0.0	0.0	0.0	Inf	Inf
FE3DHBZStonex	chol_p	-0.0	-1000.0	0.0	-0.0	Inf
FE3DHBZStonex	cl_p	-0.0	-0.0042504257082782715	999.9957495742917	-0.0	0.0
FE3DHBZStonex	34dhpac_p	-0.0	-1000.0	0.0	-0.0	Inf
FE3DHBZStonex	cm_p	-0.0	0.0	0.0	Inf	Inf
FE3DHBZStonex	4hoxpacd_p	-0.0	-1000.0	0.0	-0.0	Inf
FE3DHBZStonex	co2_p	-0.0	-958.8202910926506	41.179708907349436	-0.0	0.0
FE3DHBZStonex	5mtr_p	-0.0	0.0	0.0	Inf	Inf
FE3DHBZStonex	LalaDgluMdap_p	-0.0	-0.022691802032881975	0.0	-0.0	Inf
FE3DHBZStonex	gal_p	-0.0	-1000.0	0.0	-0.0	Inf
FE3DHBZStonex	ac_p	-0.0	-0.15315033743831918	0.0	-0.0	Inf
FE3DHBZStonex	crn_p	-0.0	-1000.0	0.0	-0.0	Inf
FE3DHBZStonex	gal_bD_p	-0.0	-1000.0	0.0	-0.0	Inf
FE3DHBZStonex	acald_p	-0.0	-1000.0	0.0	-0.0	Inf
FE3DHBZStonex	acgal_p	-0.0	-1000.0	0.0	-0.0	Inf
FE3DHBZStonex	csn_p	-0.0	0.0	0.0	Inf	Inf
FE3DHBZStonex	acgam_p	-0.0	-1000.0	0.0	-0.0	Inf
FE3DHBZStonex	galt_p	-0.0	-38.12796262810954	0.0	-0.0	Inf
FE3DHBZStonex	acmana_p	-0.0	-1000.0	0.0	-0.0	Inf
FE3DHBZStonex	cyan_p	-0.0	0.0	0.0	Inf	Inf
FE3DHBZStonex	ade_p	-0.0	-1000.0	0.0	-0.0	Inf
FE3DHBZStonex	adn_p	-0.0	0.0	0.000549574736164009	Inf	0.0
FE3DHBZStonex	cytd_p	-0.0	0.0	0.0	Inf	Inf
FE3DHBZStonex	glc__D_p	-0.0	-41.30529284711868	3.2768132144245796	-0.0	0.0
FE3DHBZStonex	dad_2_p	-0.0	-1000.0	0.0	-0.0	Inf
FE3DHBZStonex	dcyt_p	-0.0	-1000.0	0.0	-0.0	Inf
FE3DHBZStonex	all__D_p	-0.0	0.0	0.0	Inf	Inf
FE3DHBZStonex	alltn_p	-0.0	0.0	0.0	Inf	Inf
FE3DHBZStonex	dha_p	-0.0	-1000.0	0.0	-0.0	Inf
FE3DHBZStonex	glyald_p	-0.0	-1000.0	0.0	-0.0	Inf
FE3DHBZStonex	glyb_p	0.0	0.0	0.0	Inf	Inf
FE3DHBZStonex	dms_p	-0.0	-1000.0	0.0	-0.0	Inf
FE3DHBZStonex	glyc_p	-0.0	-70.80907345220344	0.0	-0.0	Inf
FE3DHBZStonex	dmso_p	-0.0	-1000.0	0.0	-0.0	Inf
FE3DHBZStonex	arab__L_p	-0.0	0.0	0.0	Inf	Inf
FE3DHBZStonex	arbt_p	0.0	0.0	0.0	Inf	Inf
FE3DHBZStonex	ca2_p	-0.0	-0.0042504257082782715	999.9957495742917	-0.0	0.0
FE3DHBZStonex	duri_p	-0.0	-1000.0	0.0	-0.0	Inf
FE3DHBZStonex	h2_p	-0.0	-1000.0	0.0	-0.0	Inf
FE3DHBZStonex	h2o2_p	-0.0	-1000.0	0.0	-0.0	Inf
FE3DHBZStonex	etoh_p	-0.0	-1000.0	0.0	-0.0	Inf
FE3DHBZStonex	fald_p	-0.0	0.0	0.0	Inf	Inf
FE3DHBZStonex	n2o_p	-0.0	-1000.0	0.0	-0.0	Inf
FE3DHBZStonex	na1_p	-0.0	0.0	0.0	Inf	Inf
FE3DHBZStonex	indole_p	-0.0	0.0	0.9799999999823967	Inf	0.0
FE3DHBZStonex	nac_p	-0.0	-1000.0	0.0	-0.0	Inf
FE3DHBZStonex	ni2_p	-0.0	-0.00026376320920462604	999.9997362367908	-0.0	0.0
FE3DHBZStonex	inost_p	-0.0	-1000.0	0.0	-0.0	Inf
FE3DHBZStonex	no_p	-0.0	-1000.0	0.0	-0.0	Inf
FE3DHBZStonex	no2_p	-0.0	-1000.0	0.0	-0.0	Inf
FE3DHBZStonex	for_p	-0.0	0.0	0.0020031305011948774	Inf	0.0
FE3DHBZStonex	fru_p	-0.0	-1000.0	0.0	-0.0	Inf
FE3DHBZStonex	no3_p	-0.0	0.0	0.0	Inf	Inf
FE3DHBZStonex	k_p	-0.0	-0.15939545538378752	999.8406045446162	-0.0	0.0
FE3DHBZStonex	novbcn_p	-0.0	0.0	0.0	Inf	Inf
FE3DHBZStonex	o2_p	-0.0	-38.21215195799971	961.7878480420003	-0.0	0.0
FE3DHBZStonex	lipa_cold_p	-0.0	-64.15436589984688	0.0	-0.0	Inf
FE3DHBZStonex	g3pe_p	-0.0	0.0	0.0	Inf	Inf
FE3DHBZStonex	g3pi_p	-0.0	0.0	0.0	Inf	Inf
FE3DHBZStonex	so3_p	-0.0	-1000.0	0.0	-0.0	Inf
FE3DHBZStonex	so4_p	-0.0	-0.20595578633632905	999.7940442136637	-0.0	0.0
FE3DHBZStonex	malt_p	0.0	0.0	0.0	Inf	Inf
FE3DHBZStonex	malthx_p	0.0	0.0	0.0	Inf	Inf
FE3DHBZStonex	maltpt_p	0.0	0.0	0.0	Inf	Inf
FE3DHBZStonex	sucr_p	-0.0	-1000.0	0.0	-0.0	Inf
FE3DHBZStonex	malttr_p	0.0	0.0	0.0	Inf	Inf
FE3DHBZStonex	maltttr_p	0.0	0.0	0.0	Inf	Inf
FE3DHBZStonex	pacald_p	-0.0	-1000.0	0.0	-0.0	Inf
FE3DHBZStonex	man_p	-0.0	-1000.0	0.0	-0.0	Inf
FE3DHBZStonex	tartr__L_p	-0.0	-1000.0	0.0	-0.0	Inf
FE3DHBZStonex	pe120_p	-0.0	0.0	0.0	Inf	Inf
FE3DHBZStonex	melib_p	-0.0	-1000.0	0.0	-0.0	Inf
FE3DHBZStonex	meoh_p	-0.0	-999.9999983667913	1.633208739804104e-06	-0.0	0.0
FE3DHBZStonex	thym_p	-0.0	-1000.0	0.0	-0.0	Inf
FE3DHBZStonex	thymd_p	-0.0	-0.021367269756455656	0.0	-0.0	Inf
FE3DHBZStonex	pg120_p	-0.0	-0.06355141792885444	0.0	-0.0	Inf
FE3DHBZStonex	metsox_S__L_p	-0.0	-1000.0	0.0	-0.0	Inf
FE3DHBZStonex	tmao_p	-0.0	-1000.0	0.0	-0.0	Inf
FE3DHBZStonex	mg2_p	-0.0	-0.007084042847101309	999.992915957153	-0.0	0.0
FE3DHBZStonex	tre_p	-0.0	0.0	0.0	Inf	Inf
FE3DHBZStonex	mnl_p	-0.0	0.0	0.0	Inf	Inf
FE3DHBZStonex	mobd_p	-0.0	-0.00010534196280787	999.9998946580372	-0.0	0.0
FE3DHBZStonex	ura_p	-0.0	-1000.0	0.0	-0.0	Inf
FE3DHBZStonex	urea_p	-0.0	-1000.0	0.0	-0.0	Inf
FE3DHBZStonex	uri_p	-0.0	0.0	0.0	Inf	Inf
FE3DHBZStonex	xan_p	-0.0	0.0	0.0	Inf	Inf
FE3DHBZStonex	xtsn_p	-0.0	0.0	0.0	Inf	Inf
FE3DHBZStonex	xyl__D_p	-0.0	0.0	0.0	Inf	Inf
FE3DHBZStonex	xylu__L_p	-0.0	-1000.0	0.0	-0.0	Inf
FE3DHBZStonex	ppal_p	-0.0	-1000.0	0.0	-0.0	Inf
FE3DHBZStonex	psclys_p	-0.0	-1000.0	0.0	-0.0	Inf
FE3DHBZStonex	pydx_p	-0.0	0.0	0.0	Inf	Inf
FE3DHBZStonex	pydxn_p	-0.0	0.0	0.0	Inf	Inf
FE3DHBZStonex	rib__D_p	-0.0	-1000.0	0.0	-0.0	Inf
FE3DHBZStonex	rmn_p	-0.0	-1000.0	0.0	-0.0	Inf
FE3DHBZStonex	sbt__D_p	-0.0	-38.12796262810954	0.0	-0.0	Inf
FE3DHBZStonex	slnt_p	-0.0	0.0	0.0	Inf	Inf
FE3DHBZStonex	so2_p	-0.0	-1000.0	0.0	-0.0	Inf
