Reaction	Metabolite	ShadowPrice	G-	G+	DecrementalShadowPrice	IncrementalShadowPrice
GALt2pp	12dgr120_c	-0.0	0.0	0.0	Inf	Inf
GALt2pp	12dgr140_c	-0.0	0.0	0.0	Inf	Inf
GALt2pp	12dgr160_c	-0.0	0.0	0.19275371849556347	Inf	0.0
GALt2pp	12dgr180_c	-0.0	0.0	0.0	Inf	Inf
GALt2pp	12ppd__R_c	-0.0	-1000.0	0.0	-0.0	Inf
GALt2pp	12ppd__S_c	-0.0	0.0	0.0	Inf	Inf
GALt2pp	5drib_c	-0.0	-999.9998162640184	0.00018373598162510596	-0.0	0.0
GALt2pp	5mta_c	-0.0	0.0	0.0	Inf	Inf
GALt2pp	23dhacoa_c	-0.0	-0.00047036411297074476	0.0	-0.0	Inf
GALt2pp	5mtr_c	-0.0	0.0	0.0	Inf	Inf
GALt2pp	3amac_c	-0.0	-0.15315033743831918	0.0	-0.0	Inf
GALt2pp	LalaDgluMdap_c	-0.0	-0.022691802032881975	0.0	-0.0	Inf
GALt2pp	ac_c	-0.0	-0.15315033743831918	1.8061825875510067	-0.0	0.0
GALt2pp	acald_c	-0.0	-1.0143909298028082	3.276813214424579	-0.0	0.0
GALt2pp	acetol_c	-0.0	0.0	0.003188023432286283	Inf	0.0
GALt2pp	acgam_c	-0.0	-0.07715931303024609	0.0	-0.0	Inf
GALt2pp	acgam6p_c	-0.0	-0.07715931303024609	0.0	-0.0	Inf
GALt2pp	acmalt_c	0.0	0.0	0.0	Inf	Inf
GALt2pp	acmana_c	-0.0	-0.07715931303024609	0.0	-0.0	Inf
GALt2pp	2dmmq8_c	-0.0	0.0	0.0	Inf	Inf
GALt2pp	2dmmql8_c	0.0	0.0	0.0	Inf	Inf
GALt2pp	ade_c	-0.0	-0.030630067487663944	0.000549574736164009	-0.0	0.0
GALt2pp	adn_c	-0.0	0.0	0.000549574736164009	Inf	0.0
GALt2pp	3sala_c	0.0	0.0	0.0	Inf	Inf
GALt2pp	adphep_DD_c	-0.0	0.0	0.0	Inf	Inf
GALt2pp	adphep_LD_c	-0.0	0.0	0.0	Inf	Inf
GALt2pp	4ahmmp_c	0.0	0.0	0.0	Inf	Inf
GALt2pp	4crsol_c	-0.0	-999.9998178972271	0.00018210277289954947	-0.0	0.0
GALt2pp	2ohph_c	-0.0	-0.00018210277289954947	0.12679886622535103	-0.0	0.0
GALt2pp	2ombzl_c	-0.0	0.0	0.0	Inf	Inf
GALt2pp	2omhmbl_c	-0.0	0.0	0.0	Inf	Inf
GALt2pp	2ommbl_c	0.0	0.0	0.0	Inf	Inf
GALt2pp	2omph_c	-0.0	0.0	0.12679886622535103	Inf	0.0
GALt2pp	4mhetz_c	0.0	0.0	0.0	Inf	Inf
GALt2pp	2oph_c	-0.0	-0.00018210277289954947	0.12679886622535103	-0.0	0.0
GALt2pp	2oxpaccoa_c	-0.0	-0.00047036411297074476	0.0	-0.0	Inf
GALt2pp	all__D_c	-0.0	-41.30529284711868	0.0	-0.0	Inf
GALt2pp	alltn_c	-0.0	-0.038287584359579796	0.0	-0.0	Inf
GALt2pp	4r5au_c	-0.0	-0.00036420554556871763	0.24499999999559918	-0.0	0.0
GALt2pp	56dura_c	0.0	0.0	0.0	Inf	Inf
GALt2pp	arab__L_c	-0.0	-49.56635141654242	0.0	-0.0	Inf
GALt2pp	etoh_c	-0.0	-1000.0	0.0	-0.0	Inf
GALt2pp	csn_c	-0.0	0.0	0.033375346175432696	Inf	0.0
GALt2pp	fald_c	-0.0	0.0	0.0	Inf	Inf
GALt2pp	fc1p_c	-0.0	-0.7877218830733458	0.0	-0.0	Inf
GALt2pp	fcl__L_c	-0.0	0.0	0.0	Inf	Inf
GALt2pp	aso4_c	0.0	0.0	0.0	Inf	Inf
GALt2pp	cyan_c	0.0	0.0	0.0	Inf	Inf
GALt2pp	athtp_c	0.0	0.0	0.0	Inf	Inf
GALt2pp	cytd_c	-0.0	0.0	0.0	Inf	Inf
GALt2pp	dad_2_c	-0.0	0.0	0.0	Inf	Inf
GALt2pp	dad_5_c	-0.0	-0.030630067487663944	0.00018373598162510596	-0.0	0.0
GALt2pp	betald_c	0.0	0.0	0.0	Inf	Inf
GALt2pp	btal_c	-0.0	-495.6635141654239	0.0	-0.0	Inf
GALt2pp	for_c	-0.0	-0.08918054585827662	0.0020031305011948774	-0.0	0.0
GALt2pp	dcyt_c	-0.0	-0.021367269756455656	0.0	-0.0	Inf
GALt2pp	fru_c	-0.0	0.0	0.0	Inf	Inf
GALt2pp	ca2_c	-0.0	-0.0042504257082782715	999.9957495742917	-0.0	0.0
GALt2pp	g3pe_c	-0.0	-0.11353087134833437	0.0	-0.0	Inf
GALt2pp	g3pi_c	0.0	0.0	0.0	Inf	Inf
GALt2pp	cbm_c	-0.0	-0.07657516871915959	0.0	-0.0	Inf
GALt2pp	dha_c	-0.0	-82.61058569423736	0.0	-0.0	Inf
GALt2pp	gal_c	-0.0	-41.30529284711868	0.0	-0.0	Inf
GALt2pp	dhgly_c	-0.0	-0.00018210277289954947	0.8192033036061447	-0.0	0.0
GALt2pp	dhmptp_c	0.0	0.0	0.0	Inf	Inf
GALt2pp	gcald_c	-0.0	-138.78578396631872	0.0005463083186896256	-0.0	0.0
GALt2pp	dhptd_c	-0.0	-50.49603740974521	0.00036583875453890304	-0.0	0.0
GALt2pp	cechddd_c	-0.0	0.0	0.0	Inf	Inf
GALt2pp	dhptdn_c	0.0	0.0	0.0	Inf	Inf
GALt2pp	chol_c	0.0	0.0	0.0	Inf	Inf
GALt2pp	chtbs6p_c	-0.0	0.0	0.0	Inf	Inf
GALt2pp	dmbzid_c	0.0	0.0	0.0	Inf	Inf
GALt2pp	dms_c	0.0	0.0	0.0	Inf	Inf
GALt2pp	dmso_c	0.0	0.0	0.0	Inf	Inf
GALt2pp	cl_c	-0.0	-0.0042504257082607855	999.9957495742917	-0.0	0.0
GALt2pp	glc__D_c	-0.0	-41.30529284711868	0.0	-0.0	Inf
GALt2pp	co2_c	-0.0	-958.8202910926506	41.179708907349436	-0.0	0.0
GALt2pp	dscl_c	-0.0	-0.00018210277289954947	0.004171918271929087	-0.0	0.0
GALt2pp	dtdp4aaddg_c	-0.0	0.0	0.0	Inf	Inf
GALt2pp	glyald_c	-0.0	-1000.0	0.0	-0.0	Inf
GALt2pp	crn_c	-0.0	-1000.0	0.0	-0.0	Inf
GALt2pp	duri_c	-0.0	-0.021367269756455656	0.0	-0.0	Inf
GALt2pp	glyb_c	0.0	0.0	0.0	Inf	Inf
GALt2pp	glyc_c	-0.0	-70.80907345220344	0.0	-0.0	Inf
GALt2pp	dxyl_c	0.0	0.0	0.0	Inf	Inf
GALt2pp	glycogen_c	-0.0	-41.30529284711868	0.0	-0.0	Inf
GALt2pp	gmhep1p_c	-0.0	0.0	2.4914316854309484	Inf	0.0
GALt2pp	lipa_cold_c	-0.0	0.0	0.0	Inf	Inf
GALt2pp	lipidA_c	-0.0	-0.015887854482201647	0.10922710714748597	-0.0	0.0
GALt2pp	malt_c	0.0	0.0	0.0	Inf	Inf
GALt2pp	h2_c	-0.0	0.0	0.0	Inf	Inf
GALt2pp	malthx_c	-0.0	0.0	0.0	Inf	Inf
GALt2pp	maltpt_c	-0.0	0.0	0.0	Inf	Inf
GALt2pp	malttr_c	-0.0	0.0	0.0	Inf	Inf
GALt2pp	maltttr_c	-0.0	0.0	0.0	Inf	Inf
GALt2pp	h2o2_c	-0.0	-0.003188023432286283	0.5740288611389701	-0.0	0.0
GALt2pp	man_c	-0.0	-41.30529284711868	0.0	-0.0	Inf
GALt2pp	mdhdhf_c	-0.0	-50.49603740974521	0.00036583875453890304	-0.0	0.0
GALt2pp	melib_c	-0.0	0.0	0.0	Inf	Inf
GALt2pp	meoh_c	-0.0	-999.9999983667913	1.633208739804104e-06	-0.0	0.0
GALt2pp	pacald_c	-0.0	-1000.0	0.0	-0.0	Inf
GALt2pp	metsox_S__L_c	-0.0	-0.08918054585827662	0.0	-0.0	Inf
GALt2pp	mg2_c	-0.0	-0.007084042847101309	999.992915957153	-0.0	0.0
GALt2pp	hhlipa_c	-0.0	0.0	0.0	Inf	Inf
GALt2pp	pe120_c	-0.0	0.0	0.0	Inf	Inf
GALt2pp	mobd_c	-0.0	-0.00010534196279839409	64.15436589984688	-0.0	0.0
GALt2pp	hlipa_c	-0.0	0.0	0.0	Inf	Inf
GALt2pp	pg120_c	-0.0	-0.06355141792885444	0.0	-0.0	Inf
GALt2pp	mql8_c	0.0	0.0	0.0	Inf	Inf
GALt2pp	mqn8_c	-0.0	0.0	0.0	Inf	Inf
GALt2pp	mthgxl_c	-0.0	0.0	0.003188023432286283	Inf	0.0
GALt2pp	hqn_c	0.0	0.0	0.0	Inf	Inf
GALt2pp	mththf_c	-0.0	-999.9996341612455	0.00036583875453890304	-0.0	0.0
GALt2pp	n2o_c	-0.0	-1000.0	0.0	-0.0	Inf
GALt2pp	na1_c	-0.0	0.0	0.0	Inf	Inf
GALt2pp	nac_c	-0.0	0.0	0.0	Inf	Inf
GALt2pp	ncam_c	-0.0	0.0	0.0	Inf	Inf
GALt2pp	ni2_c	-0.0	-0.00026376320917737434	999.9997362367908	-0.0	0.0
GALt2pp	no_c	-0.0	-1000.0	0.0	-0.0	Inf
GALt2pp	indole_c	-0.0	-0.046418241793403994	0.9799999999823967	-0.0	0.0
GALt2pp	no2_c	-0.0	-1000.0	0.0	-0.0	Inf
GALt2pp	no3_c	0.0	0.0	0.0	Inf	Inf
GALt2pp	inost_c	0.0	0.0	0.0	Inf	Inf
GALt2pp	o2_c	-0.0	-38.21215195799966	961.7878480420003	-0.0	0.0
GALt2pp	poaac_c	-0.0	-19.73980489226061	0.0	-0.0	Inf
GALt2pp	ppal_c	-0.0	0.0	0.0	Inf	Inf
GALt2pp	k_c	-0.0	-0.15939545538377473	256.6174635993875	-0.0	0.0
GALt2pp	psclys_c	-0.0	0.0	0.0	Inf	Inf
GALt2pp	lald__D_c	-0.0	0.0	0.003188023432286283	Inf	0.0
GALt2pp	lald__L_c	-0.0	-4.065409472463898	0.0	-0.0	Inf
GALt2pp	ura_c	-0.0	0.0	0.0	Inf	Inf
GALt2pp	pydx_c	-0.0	0.0	0.9799999999823967	Inf	0.0
GALt2pp	uracp_c	-0.0	-0.15315033743831918	0.0	-0.0	Inf
GALt2pp	pydxn_c	-0.0	0.0	0.9799999999823967	Inf	0.0
GALt2pp	urate_c	-0.0	-0.003188023432286283	0.0	-0.0	Inf
GALt2pp	q8_c	-0.0	0.0	0.0	Inf	Inf
GALt2pp	q8h2_c	0.0	0.0	0.0	Inf	Inf
GALt2pp	urea_c	-0.0	-1000.0	0.0	-0.0	Inf
GALt2pp	uri_c	-0.0	0.0	0.033375346175432696	Inf	0.0
GALt2pp	rbflvrd_c	-0.0	0.0	0.044590272929138405	Inf	0.0
GALt2pp	rbl__L_c	-0.0	-49.56635141654242	0.0	-0.0	Inf
GALt2pp	rdmbzi_c	0.0	0.0	0.0	Inf	Inf
GALt2pp	thptdn_c	0.0	0.0	0.0	Inf	Inf
GALt2pp	xan_c	-0.0	0.0	0.0	Inf	Inf
GALt2pp	rephaccoa_c	-0.0	-0.00047036411297074476	0.0	-0.0	Inf
GALt2pp	rib__D_c	-0.0	0.0	3.276813214424579	Inf	0.0
GALt2pp	xtsn_c	-0.0	0.0	0.0	Inf	Inf
GALt2pp	rml_c	-0.0	-4.065409472463898	0.0	-0.0	Inf
GALt2pp	thym_c	-0.0	-256.6174635993875	0.0	-0.0	Inf
GALt2pp	thymd_c	-0.0	-0.021367269756455656	0.0	-0.0	Inf
GALt2pp	xu5p__L_c	-0.0	-0.7877218830733019	0.0	-0.0	Inf
GALt2pp	rmn_c	-0.0	-4.065409472463898	0.0	-0.0	Inf
GALt2pp	xyl__D_c	0.0	0.0	0.0	Inf	Inf
GALt2pp	tmao_c	0.0	0.0	0.0	Inf	Inf
GALt2pp	xylu__D_c	-0.0	0.0	0.0	Inf	Inf
GALt2pp	xylu__L_c	-0.0	-49.56635141654242	0.0	-0.0	Inf
GALt2pp	12ppd__R_e	-0.0	-1000.0	0.0	-0.0	Inf
GALt2pp	12ppd__S_e	-0.0	-1000.0	0.0	-0.0	Inf
GALt2pp	tre_c	-0.0	-20.65264642355934	0.0	-0.0	Inf
GALt2pp	seln_c	0.0	0.0	0.0	Inf	Inf
GALt2pp	34dhpac_e	-0.0	-1000.0	0.0	-0.0	Inf
GALt2pp	slnt_c	0.0	0.0	0.0	Inf	Inf
GALt2pp	so2_c	0.0	0.0	0.0	Inf	Inf
GALt2pp	so3_c	-0.0	-0.202413356610597	12.830873179969418	-0.0	0.0
GALt2pp	so4_c	-0.0	-0.20595578633632905	256.6174635993875	-0.0	0.0
GALt2pp	4hoxpacd_e	-0.0	-1000.0	0.0	-0.0	Inf
GALt2pp	5mtr_e	-0.0	0.0	0.0	Inf	Inf
GALt2pp	LalaDgluMdap_e	-0.0	-1000.0	0.0	-0.0	Inf
GALt2pp	ac_e	-0.0	0.0	0.0	Inf	Inf
GALt2pp	acald_e	-0.0	-1000.0	0.0	-0.0	Inf
GALt2pp	acgal_e	-0.0	-1000.0	0.0	-0.0	Inf
GALt2pp	acgam_e	-0.0	-1000.0	0.0	-0.0	Inf
GALt2pp	acmana_e	-0.0	-1000.0	0.0	-0.0	Inf
GALt2pp	tagur_c	-0.0	0.0	0.0	Inf	Inf
GALt2pp	tartr__L_c	-0.0	-0.07657516871915959	0.0	-0.0	Inf
GALt2pp	ade_e	-0.0	-1000.0	0.0	-0.0	Inf
GALt2pp	adn_e	-0.0	-1000.0	0.0	-0.0	Inf
GALt2pp	all__D_e	-0.0	-1000.0	0.0	-0.0	Inf
GALt2pp	cl_e	-0.0	-0.0042504257082782715	999.9957495742917	-0.0	0.0
GALt2pp	alltn_e	-0.0	0.0	0.0	Inf	Inf
GALt2pp	cm_e	-0.0	-1000.0	0.0	-0.0	Inf
GALt2pp	co2_e	-0.0	-958.8202910926506	41.179708907349436	-0.0	0.0
GALt2pp	arab__L_e	-0.0	-1000.0	0.0	-0.0	Inf
GALt2pp	arbt_e	-0.0	-1000.0	0.0	-0.0	Inf
GALt2pp	unagamu_c	-0.0	0.0	0.11271010331142313	Inf	0.0
GALt2pp	crn_e	-0.0	-1000.0	0.0	-0.0	Inf
GALt2pp	csn_e	-0.0	-1000.0	0.0	-0.0	Inf
GALt2pp	cyan_e	-0.0	-1000.0	0.0	-0.0	Inf
GALt2pp	glyb_e	-0.0	-1000.0	0.0	-0.0	Inf
GALt2pp	glyc_e	-0.0	-1000.0	0.0	-0.0	Inf
GALt2pp	cytd_e	-0.0	-1000.0	0.0	-0.0	Inf
GALt2pp	ca2_e	-0.0	-0.0042504257082782715	999.9957495742917	-0.0	0.0
GALt2pp	dad_2_e	-0.0	-1000.0	0.0	-0.0	Inf
GALt2pp	dcyt_e	-0.0	-1000.0	0.0	-0.0	Inf
GALt2pp	chol_e	-0.0	-1000.0	0.0	-0.0	Inf
GALt2pp	dha_e	-0.0	-1000.0	0.0	-0.0	Inf
GALt2pp	ppal_e	-0.0	-1000.0	0.0	-0.0	Inf
GALt2pp	h2_e	-0.0	-1000.0	0.0	-0.0	Inf
GALt2pp	dms_e	-0.0	-1000.0	0.0	-0.0	Inf
GALt2pp	dmso_e	-0.0	-1000.0	0.0	-0.0	Inf
GALt2pp	h2o2_e	-0.0	-1000.0	0.0	-0.0	Inf
GALt2pp	psclys_e	-0.0	-1000.0	0.0	-0.0	Inf
GALt2pp	duri_e	-0.0	-1000.0	0.0	-0.0	Inf
GALt2pp	pydx_e	-0.0	-1000.0	0.0	-0.0	Inf
GALt2pp	pydxn_e	-0.0	-1000.0	0.0	-0.0	Inf
GALt2pp	etoh_e	-0.0	-1000.0	0.0	-0.0	Inf
GALt2pp	fald_e	-0.0	0.0	0.0	Inf	Inf
GALt2pp	rib__D_e	-0.0	-1000.0	0.0	-0.0	Inf
GALt2pp	rmn_e	-0.0	-1000.0	0.0	-0.0	Inf
GALt2pp	indole_e	-0.0	-1000.0	0.0	-0.0	Inf
GALt2pp	inost_e	-0.0	-1000.0	0.0	-0.0	Inf
GALt2pp	sbt__D_e	-0.0	-38.12796262810954	0.0	-0.0	Inf
GALt2pp	k_e	-0.0	-0.15939545538378752	999.8406045446162	-0.0	0.0
GALt2pp	for_e	-0.0	0.0	0.0020031305011948774	Inf	0.0
GALt2pp	slnt_e	-0.0	0.0	1000.0	Inf	0.0
GALt2pp	fru_e	-0.0	-1000.0	0.0	-0.0	Inf
GALt2pp	so2_e	-0.0	-1000.0	0.0	-0.0	Inf
GALt2pp	so3_e	-0.0	-1000.0	0.0	-0.0	Inf
GALt2pp	so4_e	-0.0	-0.20595578633632905	999.7940442136637	-0.0	0.0
GALt2pp	lipa_cold_e	-0.0	-1000.0	0.0	-0.0	Inf
GALt2pp	sucr_e	-0.0	-1000.0	0.0	-0.0	Inf
GALt2pp	g3pe_e	-0.0	-1000.0	0.0	-0.0	Inf
GALt2pp	malt_e	-0.0	-1000.0	0.0	-0.0	Inf
GALt2pp	tartr__L_e	-0.0	-1000.0	0.0	-0.0	Inf
GALt2pp	g3pi_e	-0.0	-1000.0	0.0	-0.0	Inf
GALt2pp	malthx_e	-0.0	-1000.0	0.0	-0.0	Inf
GALt2pp	maltpt_e	-0.0	-1000.0	0.0	-0.0	Inf
GALt2pp	gal_e	-1.0	-41.802946977806855	0.0	-1.0	Inf
GALt2pp	gal_bD_e	-1.0	0.0	0.0	Inf	Inf
GALt2pp	malttr_e	-0.0	-1000.0	0.0	-0.0	Inf
GALt2pp	maltttr_e	-0.0	-1000.0	0.0	-0.0	Inf
GALt2pp	man_e	-0.0	-1000.0	0.0	-0.0	Inf
GALt2pp	thym_e	-0.0	-1000.0	0.0	-0.0	Inf
GALt2pp	thymd_e	-0.0	-1000.0	0.0	-0.0	Inf
GALt2pp	galt_e	-0.0	-38.12796262810954	0.0	-0.0	Inf
GALt2pp	melib_e	-0.0	-1000.0	0.0	-0.0	Inf
GALt2pp	meoh_e	-0.0	-999.9999983667913	1.633208739804104e-06	-0.0	0.0
GALt2pp	tmao_e	-0.0	-1000.0	0.0	-0.0	Inf
GALt2pp	tre_e	-0.0	-1000.0	0.0	-0.0	Inf
GALt2pp	metsox_S__L_e	-0.0	-1000.0	0.0	-0.0	Inf
GALt2pp	glc__D_e	-0.0	-41.30529284711868	3.2768132144245796	-0.0	0.0
GALt2pp	mg2_e	-0.0	-0.007084042847101309	999.992915957153	-0.0	0.0
GALt2pp	mnl_e	-0.0	-1000.0	0.0	-0.0	Inf
GALt2pp	mobd_e	-0.0	-0.00010534196280787	999.9998946580372	-0.0	0.0
GALt2pp	glyald_e	-0.0	-1000.0	0.0	-0.0	Inf
GALt2pp	n2o_e	-0.0	-1000.0	0.0	-0.0	Inf
GALt2pp	na1_e	-0.0	0.0	1000.0	Inf	0.0
GALt2pp	nac_e	-0.0	-1000.0	0.0	-0.0	Inf
GALt2pp	ni2_e	-0.0	-0.00026376320920462604	999.9997362367908	-0.0	0.0
GALt2pp	no_e	-0.0	-1000.0	0.0	-0.0	Inf
GALt2pp	no2_e	-0.0	-1000.0	0.0	-0.0	Inf
GALt2pp	ura_e	-0.0	-1000.0	0.0	-0.0	Inf
GALt2pp	no3_e	-0.0	-1000.0	0.0	-0.0	Inf
GALt2pp	urea_e	-0.0	-1000.0	0.0	-0.0	Inf
GALt2pp	novbcn_e	-0.0	-1000.0	0.0	-0.0	Inf
GALt2pp	uri_e	-0.0	-1000.0	0.0	-0.0	Inf
GALt2pp	o2_e	-0.0	-38.21215195799971	961.7878480420003	-0.0	0.0
GALt2pp	xan_e	-0.0	0.0	0.0	Inf	Inf
GALt2pp	xtsn_e	-0.0	-1000.0	0.0	-0.0	Inf
GALt2pp	xyl__D_e	-0.0	-1000.0	0.0	-0.0	Inf
GALt2pp	xylu__L_e	-0.0	-1000.0	0.0	-0.0	Inf
GALt2pp	pacald_e	-0.0	-1000.0	0.0	-0.0	Inf
GALt2pp	12dgr120_p	-0.0	0.0	0.0	Inf	Inf
GALt2pp	12dgr140_p	-0.0	0.0	0.0	Inf	Inf
GALt2pp	12dgr160_p	-0.0	0.0	0.0	Inf	Inf
GALt2pp	12dgr180_p	-0.0	0.0	0.0	Inf	Inf
GALt2pp	12ppd__R_p	-0.0	-1000.0	0.0	-0.0	Inf
GALt2pp	12ppd__S_p	-0.0	0.0	0.0	Inf	Inf
GALt2pp	chol_p	-0.0	-1000.0	0.0	-0.0	Inf
GALt2pp	cl_p	-0.0	-0.0042504257082782715	999.9957495742917	-0.0	0.0
GALt2pp	34dhpac_p	-0.0	-1000.0	0.0	-0.0	Inf
GALt2pp	cm_p	-0.0	0.0	0.0	Inf	Inf
GALt2pp	4hoxpacd_p	-0.0	-1000.0	0.0	-0.0	Inf
GALt2pp	co2_p	-0.0	-958.8202910926506	41.179708907349436	-0.0	0.0
GALt2pp	5mtr_p	-0.0	0.0	0.0	Inf	Inf
GALt2pp	LalaDgluMdap_p	-0.0	-0.022691802032881975	0.0	-0.0	Inf
GALt2pp	gal_p	-1.0	-41.802946977806855	0.0	-1.0000000000000058	Inf
GALt2pp	ac_p	-0.0	-0.15315033743831918	0.0	-0.0	Inf
GALt2pp	crn_p	-0.0	-1000.0	0.0	-0.0	Inf
GALt2pp	gal_bD_p	-1.0	-41.802946977806855	0.0	-1.0000000000000058	Inf
GALt2pp	acald_p	-0.0	-1000.0	0.0	-0.0	Inf
GALt2pp	acgal_p	-0.0	-1000.0	0.0	-0.0	Inf
GALt2pp	csn_p	-0.0	0.0	0.0	Inf	Inf
GALt2pp	acgam_p	-0.0	-1000.0	0.0	-0.0	Inf
GALt2pp	galt_p	-0.0	-38.12796262810954	0.0	-0.0	Inf
GALt2pp	acmana_p	-0.0	-1000.0	0.0	-0.0	Inf
GALt2pp	cyan_p	-0.0	0.0	0.0	Inf	Inf
GALt2pp	ade_p	-0.0	-1000.0	0.0	-0.0	Inf
GALt2pp	adn_p	-0.0	0.0	0.000549574736164009	Inf	0.0
GALt2pp	cytd_p	-0.0	0.0	0.0	Inf	Inf
GALt2pp	glc__D_p	-0.0	-41.30529284711868	3.2768132144245796	-0.0	0.0
GALt2pp	dad_2_p	-0.0	-1000.0	0.0	-0.0	Inf
GALt2pp	dcyt_p	-0.0	-1000.0	0.0	-0.0	Inf
GALt2pp	all__D_p	-0.0	0.0	0.0	Inf	Inf
GALt2pp	alltn_p	-0.0	0.0	0.0	Inf	Inf
GALt2pp	dha_p	-0.0	-1000.0	0.0	-0.0	Inf
GALt2pp	glyald_p	-0.0	-1000.0	0.0	-0.0	Inf
GALt2pp	glyb_p	0.0	0.0	0.0	Inf	Inf
GALt2pp	dms_p	-0.0	-1000.0	0.0	-0.0	Inf
GALt2pp	glyc_p	-0.0	-70.80907345220344	0.0	-0.0	Inf
GALt2pp	dmso_p	-0.0	-1000.0	0.0	-0.0	Inf
GALt2pp	arab__L_p	-0.0	0.0	0.0	Inf	Inf
GALt2pp	arbt_p	0.0	0.0	0.0	Inf	Inf
GALt2pp	ca2_p	-0.0	-0.0042504257082782715	999.9957495742917	-0.0	0.0
GALt2pp	duri_p	-0.0	-1000.0	0.0	-0.0	Inf
GALt2pp	h2_p	-0.0	-1000.0	0.0	-0.0	Inf
GALt2pp	h2o2_p	-0.0	-1000.0	0.0	-0.0	Inf
GALt2pp	etoh_p	-0.0	-1000.0	0.0	-0.0	Inf
GALt2pp	fald_p	-0.0	0.0	0.0	Inf	Inf
GALt2pp	n2o_p	-0.0	-1000.0	0.0	-0.0	Inf
GALt2pp	na1_p	-0.0	0.0	0.0	Inf	Inf
GALt2pp	indole_p	-0.0	0.0	0.9799999999823967	Inf	0.0
GALt2pp	nac_p	-0.0	-1000.0	0.0	-0.0	Inf
GALt2pp	ni2_p	-0.0	-0.00026376320920462604	999.9997362367908	-0.0	0.0
GALt2pp	inost_p	-0.0	-1000.0	0.0	-0.0	Inf
GALt2pp	no_p	-0.0	-1000.0	0.0	-0.0	Inf
GALt2pp	no2_p	-0.0	-1000.0	0.0	-0.0	Inf
GALt2pp	for_p	-0.0	0.0	0.0020031305011948774	Inf	0.0
GALt2pp	fru_p	-0.0	-1000.0	0.0	-0.0	Inf
GALt2pp	no3_p	-0.0	0.0	0.0	Inf	Inf
GALt2pp	k_p	-0.0	-0.15939545538378752	999.8406045446162	-0.0	0.0
GALt2pp	novbcn_p	-0.0	0.0	0.0	Inf	Inf
GALt2pp	o2_p	-0.0	-38.21215195799971	961.7878480420003	-0.0	0.0
GALt2pp	lipa_cold_p	-0.0	-64.15436589984688	0.0	-0.0	Inf
GALt2pp	g3pe_p	-0.0	0.0	0.0	Inf	Inf
GALt2pp	g3pi_p	-0.0	0.0	0.0	Inf	Inf
GALt2pp	so3_p	-0.0	-1000.0	0.0	-0.0	Inf
GALt2pp	so4_p	-0.0	-0.20595578633632905	999.7940442136637	-0.0	0.0
GALt2pp	malt_p	0.0	0.0	0.0	Inf	Inf
GALt2pp	malthx_p	0.0	0.0	0.0	Inf	Inf
GALt2pp	maltpt_p	0.0	0.0	0.0	Inf	Inf
GALt2pp	sucr_p	-0.0	-1000.0	0.0	-0.0	Inf
GALt2pp	malttr_p	0.0	0.0	0.0	Inf	Inf
GALt2pp	maltttr_p	0.0	0.0	0.0	Inf	Inf
GALt2pp	pacald_p	-0.0	-1000.0	0.0	-0.0	Inf
GALt2pp	man_p	-0.0	-1000.0	0.0	-0.0	Inf
GALt2pp	tartr__L_p	-0.0	-1000.0	0.0	-0.0	Inf
GALt2pp	pe120_p	-0.0	0.0	0.0	Inf	Inf
GALt2pp	melib_p	-0.0	-1000.0	0.0	-0.0	Inf
GALt2pp	meoh_p	-0.0	-999.9999983667913	1.633208739804104e-06	-0.0	0.0
GALt2pp	thym_p	-0.0	-1000.0	0.0	-0.0	Inf
GALt2pp	thymd_p	-0.0	-0.021367269756455656	0.0	-0.0	Inf
GALt2pp	pg120_p	-0.0	-0.06355141792885444	0.0	-0.0	Inf
GALt2pp	metsox_S__L_p	-0.0	-1000.0	0.0	-0.0	Inf
GALt2pp	tmao_p	-0.0	-1000.0	0.0	-0.0	Inf
GALt2pp	mg2_p	-0.0	-0.007084042847101309	999.992915957153	-0.0	0.0
GALt2pp	tre_p	-0.0	0.0	0.0	Inf	Inf
GALt2pp	mnl_p	-0.0	0.0	0.0	Inf	Inf
GALt2pp	mobd_p	-0.0	-0.00010534196280787	999.9998946580372	-0.0	0.0
GALt2pp	ura_p	-0.0	-1000.0	0.0	-0.0	Inf
GALt2pp	urea_p	-0.0	-1000.0	0.0	-0.0	Inf
GALt2pp	uri_p	-0.0	0.0	0.0	Inf	Inf
GALt2pp	xan_p	-0.0	0.0	0.0	Inf	Inf
GALt2pp	xtsn_p	-0.0	0.0	0.0	Inf	Inf
GALt2pp	xyl__D_p	-0.0	0.0	0.0	Inf	Inf
GALt2pp	xylu__L_p	-0.0	-1000.0	0.0	-0.0	Inf
GALt2pp	ppal_p	-0.0	-1000.0	0.0	-0.0	Inf
GALt2pp	psclys_p	-0.0	-1000.0	0.0	-0.0	Inf
GALt2pp	pydx_p	-0.0	0.0	0.0	Inf	Inf
GALt2pp	pydxn_p	-0.0	0.0	0.0	Inf	Inf
GALt2pp	rib__D_p	-0.0	-1000.0	0.0	-0.0	Inf
GALt2pp	rmn_p	-0.0	-1000.0	0.0	-0.0	Inf
GALt2pp	sbt__D_p	-0.0	-38.12796262810954	0.0	-0.0	Inf
GALt2pp	slnt_p	-0.0	0.0	0.0	Inf	Inf
GALt2pp	so2_p	-0.0	-1000.0	0.0	-0.0	Inf
