Reaction	Metabolite	ShadowPrice	G-	G+	DecrementalShadowPrice	IncrementalShadowPrice
HPPPNtex_f	12dgr120_c	-0.0	0.0	0.0	Inf	Inf
HPPPNtex_f	12dgr140_c	-0.0	0.0	0.0	Inf	Inf
HPPPNtex_f	12dgr160_c	-0.0	0.0	0.19275371849556347	Inf	0.0
HPPPNtex_f	12dgr180_c	-0.0	0.0	0.0	Inf	Inf
HPPPNtex_f	12ppd__R_c	-0.0	-1000.0	0.0	-0.0	Inf
HPPPNtex_f	12ppd__S_c	-0.0	0.0	0.0	Inf	Inf
HPPPNtex_f	5drib_c	-0.0	-999.9998162640184	0.00018373598162510596	-0.0	0.0
HPPPNtex_f	5mta_c	-0.0	0.0	0.0	Inf	Inf
HPPPNtex_f	23dhacoa_c	-0.0	-0.00047036411297074476	0.0	-0.0	Inf
HPPPNtex_f	5mtr_c	-0.0	0.0	0.0	Inf	Inf
HPPPNtex_f	3amac_c	-0.0	-0.15315033743831918	0.0	-0.0	Inf
HPPPNtex_f	LalaDgluMdap_c	-0.0	-0.022691802032881975	0.0	-0.0	Inf
HPPPNtex_f	ac_c	-0.0	-0.15315033743831918	1.8061825875510067	-0.0	0.0
HPPPNtex_f	acald_c	-0.0	-1.0143909298028082	3.276813214424579	-0.0	0.0
HPPPNtex_f	acetol_c	-0.0	0.0	0.003188023432286283	Inf	0.0
HPPPNtex_f	acgam_c	-0.0	-0.07715931303024609	0.0	-0.0	Inf
HPPPNtex_f	acgam6p_c	-0.0	-0.07715931303024609	0.0	-0.0	Inf
HPPPNtex_f	acmalt_c	0.0	0.0	0.0	Inf	Inf
HPPPNtex_f	acmana_c	-0.0	-0.07715931303024609	0.0	-0.0	Inf
HPPPNtex_f	2dmmq8_c	-0.0	0.0	0.0	Inf	Inf
HPPPNtex_f	2dmmql8_c	0.0	0.0	0.0	Inf	Inf
HPPPNtex_f	ade_c	-0.0	-0.030630067487663944	0.000549574736164009	-0.0	0.0
HPPPNtex_f	adn_c	-0.0	0.0	0.000549574736164009	Inf	0.0
HPPPNtex_f	3sala_c	0.0	0.0	0.0	Inf	Inf
HPPPNtex_f	adphep_DD_c	-0.0	0.0	0.0	Inf	Inf
HPPPNtex_f	adphep_LD_c	-0.0	0.0	0.0	Inf	Inf
HPPPNtex_f	4ahmmp_c	0.0	0.0	0.0	Inf	Inf
HPPPNtex_f	4crsol_c	-0.0	-999.9998178972271	0.00018210277289954947	-0.0	0.0
HPPPNtex_f	2ohph_c	-0.0	-0.00018210277289954947	0.12679886622535103	-0.0	0.0
HPPPNtex_f	2ombzl_c	-0.0	0.0	0.0	Inf	Inf
HPPPNtex_f	2omhmbl_c	-0.0	0.0	0.0	Inf	Inf
HPPPNtex_f	2ommbl_c	0.0	0.0	0.0	Inf	Inf
HPPPNtex_f	2omph_c	-0.0	0.0	0.12679886622535103	Inf	0.0
HPPPNtex_f	4mhetz_c	0.0	0.0	0.0	Inf	Inf
HPPPNtex_f	2oph_c	-0.0	-0.00018210277289954947	0.12679886622535103	-0.0	0.0
HPPPNtex_f	2oxpaccoa_c	-0.0	-0.00047036411297074476	0.0	-0.0	Inf
HPPPNtex_f	all__D_c	-0.0	-41.30529284711868	0.0	-0.0	Inf
HPPPNtex_f	alltn_c	-0.0	-0.038287584359579796	0.0	-0.0	Inf
HPPPNtex_f	4r5au_c	-0.0	-0.00036420554556871763	0.24499999999559918	-0.0	0.0
HPPPNtex_f	56dura_c	0.0	0.0	0.0	Inf	Inf
HPPPNtex_f	arab__L_c	-0.0	-49.56635141654242	0.0	-0.0	Inf
HPPPNtex_f	etoh_c	-0.0	-1000.0	0.0	-0.0	Inf
HPPPNtex_f	csn_c	-0.0	0.0	0.033375346175432696	Inf	0.0
HPPPNtex_f	fald_c	-0.0	0.0	0.0	Inf	Inf
HPPPNtex_f	fc1p_c	-0.0	-0.7877218830733458	0.0	-0.0	Inf
HPPPNtex_f	fcl__L_c	-0.0	0.0	0.0	Inf	Inf
HPPPNtex_f	aso4_c	0.0	0.0	0.0	Inf	Inf
HPPPNtex_f	cyan_c	0.0	0.0	0.0	Inf	Inf
HPPPNtex_f	athtp_c	0.0	0.0	0.0	Inf	Inf
HPPPNtex_f	cytd_c	-0.0	0.0	0.0	Inf	Inf
HPPPNtex_f	dad_2_c	-0.0	0.0	0.0	Inf	Inf
HPPPNtex_f	dad_5_c	-0.0	-0.030630067487663944	0.00018373598162510596	-0.0	0.0
HPPPNtex_f	betald_c	0.0	0.0	0.0	Inf	Inf
HPPPNtex_f	btal_c	-0.0	-495.6635141654239	0.0	-0.0	Inf
HPPPNtex_f	for_c	-0.0	-0.08918054585827662	0.0020031305011948774	-0.0	0.0
HPPPNtex_f	dcyt_c	-0.0	-0.021367269756455656	0.0	-0.0	Inf
HPPPNtex_f	fru_c	-0.0	0.0	0.0	Inf	Inf
HPPPNtex_f	ca2_c	-0.0	-0.0042504257082782715	999.9957495742917	-0.0	0.0
HPPPNtex_f	g3pe_c	-0.0	-0.11353087134833437	0.0	-0.0	Inf
HPPPNtex_f	g3pi_c	0.0	0.0	0.0	Inf	Inf
HPPPNtex_f	cbm_c	-0.0	-0.07657516871915959	0.0	-0.0	Inf
HPPPNtex_f	dha_c	-0.0	-82.61058569423736	0.0	-0.0	Inf
HPPPNtex_f	gal_c	-0.0	0.0	0.0	Inf	Inf
HPPPNtex_f	dhgly_c	-0.0	-0.00018210277289954947	0.8192033036061447	-0.0	0.0
HPPPNtex_f	dhmptp_c	0.0	0.0	0.0	Inf	Inf
HPPPNtex_f	gcald_c	-0.0	-138.78578396631872	0.0005463083186896256	-0.0	0.0
HPPPNtex_f	dhptd_c	-0.0	-50.49603740974521	0.00036583875453890304	-0.0	0.0
HPPPNtex_f	cechddd_c	-0.0	0.0	0.0	Inf	Inf
HPPPNtex_f	dhptdn_c	0.0	0.0	0.0	Inf	Inf
HPPPNtex_f	chol_c	0.0	0.0	0.0	Inf	Inf
HPPPNtex_f	chtbs6p_c	-0.0	0.0	0.0	Inf	Inf
HPPPNtex_f	dmbzid_c	0.0	0.0	0.0	Inf	Inf
HPPPNtex_f	dms_c	0.0	0.0	0.0	Inf	Inf
HPPPNtex_f	dmso_c	0.0	0.0	0.0	Inf	Inf
HPPPNtex_f	cl_c	-0.0	-0.0042504257082607855	999.9957495742917	-0.0	0.0
HPPPNtex_f	glc__D_c	-0.0	-41.30529284711868	0.0	-0.0	Inf
HPPPNtex_f	co2_c	-0.0	-958.8202910926506	41.179708907349436	-0.0	0.0
HPPPNtex_f	dscl_c	-0.0	-0.00018210277289954947	0.004171918271929087	-0.0	0.0
HPPPNtex_f	dtdp4aaddg_c	-0.0	0.0	0.0	Inf	Inf
HPPPNtex_f	glyald_c	-0.0	-1000.0	0.0	-0.0	Inf
HPPPNtex_f	crn_c	-0.0	-1000.0	0.0	-0.0	Inf
HPPPNtex_f	duri_c	-0.0	-0.021367269756455656	0.0	-0.0	Inf
HPPPNtex_f	glyb_c	0.0	0.0	0.0	Inf	Inf
HPPPNtex_f	glyc_c	-0.0	-70.80907345220344	0.0	-0.0	Inf
HPPPNtex_f	dxyl_c	0.0	0.0	0.0	Inf	Inf
HPPPNtex_f	glycogen_c	-0.0	-41.30529284711868	0.0	-0.0	Inf
HPPPNtex_f	gmhep1p_c	-0.0	0.0	2.4914316854309484	Inf	0.0
HPPPNtex_f	lipa_cold_c	-0.0	0.0	0.0	Inf	Inf
HPPPNtex_f	lipidA_c	-0.0	-0.015887854482201647	0.10922710714748597	-0.0	0.0
HPPPNtex_f	malt_c	0.0	0.0	0.0	Inf	Inf
HPPPNtex_f	h2_c	-0.0	0.0	0.0	Inf	Inf
HPPPNtex_f	malthx_c	-0.0	0.0	0.0	Inf	Inf
HPPPNtex_f	maltpt_c	-0.0	0.0	0.0	Inf	Inf
HPPPNtex_f	malttr_c	-0.0	0.0	0.0	Inf	Inf
HPPPNtex_f	maltttr_c	-0.0	0.0	0.0	Inf	Inf
HPPPNtex_f	h2o2_c	-0.0	-0.003188023432286283	0.5740288611389701	-0.0	0.0
HPPPNtex_f	man_c	-0.0	-41.30529284711868	0.0	-0.0	Inf
HPPPNtex_f	mdhdhf_c	-0.0	-50.49603740974521	0.00036583875453890304	-0.0	0.0
HPPPNtex_f	melib_c	-0.0	0.0	0.0	Inf	Inf
HPPPNtex_f	meoh_c	-0.0	-999.9999983667913	1.633208739804104e-06	-0.0	0.0
HPPPNtex_f	pacald_c	-0.0	-1000.0	0.0	-0.0	Inf
HPPPNtex_f	metsox_S__L_c	-0.0	-0.08918054585827662	0.0	-0.0	Inf
HPPPNtex_f	mg2_c	-0.0	-0.007084042847101309	999.992915957153	-0.0	0.0
HPPPNtex_f	hhlipa_c	-0.0	0.0	0.0	Inf	Inf
HPPPNtex_f	pe120_c	-0.0	0.0	0.0	Inf	Inf
HPPPNtex_f	mobd_c	-0.0	-0.00010534196279839409	64.15436589984688	-0.0	0.0
HPPPNtex_f	hlipa_c	-0.0	0.0	0.0	Inf	Inf
HPPPNtex_f	pg120_c	-0.0	-0.06355141792885444	0.0	-0.0	Inf
HPPPNtex_f	mql8_c	0.0	0.0	0.0	Inf	Inf
HPPPNtex_f	mqn8_c	-0.0	0.0	0.0	Inf	Inf
HPPPNtex_f	mthgxl_c	-0.0	0.0	0.003188023432286283	Inf	0.0
HPPPNtex_f	hqn_c	0.0	0.0	0.0	Inf	Inf
HPPPNtex_f	mththf_c	-0.0	-999.9996341612455	0.00036583875453890304	-0.0	0.0
HPPPNtex_f	n2o_c	-0.0	-1000.0	0.0	-0.0	Inf
HPPPNtex_f	na1_c	-0.0	0.0	0.0	Inf	Inf
HPPPNtex_f	nac_c	-0.0	0.0	0.0	Inf	Inf
HPPPNtex_f	ncam_c	-0.0	0.0	0.0	Inf	Inf
HPPPNtex_f	ni2_c	-0.0	-0.00026376320917737434	999.9997362367908	-0.0	0.0
HPPPNtex_f	no_c	-0.0	-1000.0	0.0	-0.0	Inf
HPPPNtex_f	indole_c	-0.0	-0.046418241793403994	0.9799999999823967	-0.0	0.0
HPPPNtex_f	no2_c	-0.0	-1000.0	0.0	-0.0	Inf
HPPPNtex_f	no3_c	0.0	0.0	0.0	Inf	Inf
HPPPNtex_f	inost_c	0.0	0.0	0.0	Inf	Inf
HPPPNtex_f	o2_c	-0.0	-38.21215195799966	961.7878480420003	-0.0	0.0
HPPPNtex_f	poaac_c	-0.0	-19.73980489226061	0.0	-0.0	Inf
HPPPNtex_f	ppal_c	-0.0	0.0	0.0	Inf	Inf
HPPPNtex_f	k_c	-0.0	-0.15939545538377473	256.6174635993875	-0.0	0.0
HPPPNtex_f	psclys_c	-0.0	0.0	0.0	Inf	Inf
HPPPNtex_f	lald__D_c	-0.0	0.0	0.003188023432286283	Inf	0.0
HPPPNtex_f	lald__L_c	-0.0	-4.065409472463898	0.0	-0.0	Inf
HPPPNtex_f	ura_c	-0.0	0.0	0.0	Inf	Inf
HPPPNtex_f	pydx_c	-0.0	0.0	0.9799999999823967	Inf	0.0
HPPPNtex_f	uracp_c	-0.0	-0.15315033743831918	0.0	-0.0	Inf
HPPPNtex_f	pydxn_c	-0.0	0.0	0.9799999999823967	Inf	0.0
HPPPNtex_f	urate_c	-0.0	-0.003188023432286283	0.0	-0.0	Inf
HPPPNtex_f	q8_c	-0.0	0.0	0.0	Inf	Inf
HPPPNtex_f	q8h2_c	0.0	0.0	0.0	Inf	Inf
HPPPNtex_f	urea_c	-0.0	-1000.0	0.0	-0.0	Inf
HPPPNtex_f	uri_c	-0.0	0.0	0.033375346175432696	Inf	0.0
HPPPNtex_f	rbflvrd_c	-0.0	0.0	0.044590272929138405	Inf	0.0
HPPPNtex_f	rbl__L_c	-0.0	-49.56635141654242	0.0	-0.0	Inf
HPPPNtex_f	rdmbzi_c	0.0	0.0	0.0	Inf	Inf
HPPPNtex_f	thptdn_c	0.0	0.0	0.0	Inf	Inf
HPPPNtex_f	xan_c	-0.0	0.0	0.0	Inf	Inf
HPPPNtex_f	rephaccoa_c	-0.0	-0.00047036411297074476	0.0	-0.0	Inf
HPPPNtex_f	rib__D_c	-0.0	0.0	3.276813214424579	Inf	0.0
HPPPNtex_f	xtsn_c	-0.0	0.0	0.0	Inf	Inf
HPPPNtex_f	rml_c	-0.0	-4.065409472463898	0.0	-0.0	Inf
HPPPNtex_f	thym_c	-0.0	-256.6174635993875	0.0	-0.0	Inf
HPPPNtex_f	thymd_c	-0.0	-0.021367269756455656	0.0	-0.0	Inf
HPPPNtex_f	xu5p__L_c	-0.0	-0.7877218830733019	0.0	-0.0	Inf
HPPPNtex_f	rmn_c	-0.0	-4.065409472463898	0.0	-0.0	Inf
HPPPNtex_f	xyl__D_c	0.0	0.0	0.0	Inf	Inf
HPPPNtex_f	tmao_c	0.0	0.0	0.0	Inf	Inf
HPPPNtex_f	xylu__D_c	-0.0	0.0	0.0	Inf	Inf
HPPPNtex_f	xylu__L_c	-0.0	-49.56635141654242	0.0	-0.0	Inf
HPPPNtex_f	12ppd__R_e	-0.0	-1000.0	0.0	-0.0	Inf
HPPPNtex_f	12ppd__S_e	-0.0	-1000.0	0.0	-0.0	Inf
HPPPNtex_f	tre_c	-0.0	-20.65264642355934	0.0	-0.0	Inf
HPPPNtex_f	seln_c	0.0	0.0	0.0	Inf	Inf
HPPPNtex_f	34dhpac_e	-0.0	-1000.0	0.0	-0.0	Inf
HPPPNtex_f	slnt_c	0.0	0.0	0.0	Inf	Inf
HPPPNtex_f	so2_c	0.0	0.0	0.0	Inf	Inf
HPPPNtex_f	so3_c	-0.0	-0.202413356610597	12.830873179969418	-0.0	0.0
HPPPNtex_f	so4_c	-0.0	-0.20595578633632905	256.6174635993875	-0.0	0.0
HPPPNtex_f	4hoxpacd_e	-0.0	-1000.0	0.0	-0.0	Inf
HPPPNtex_f	5mtr_e	-0.0	0.0	0.0	Inf	Inf
HPPPNtex_f	LalaDgluMdap_e	-0.0	-1000.0	0.0	-0.0	Inf
HPPPNtex_f	ac_e	-0.0	0.0	0.0	Inf	Inf
HPPPNtex_f	acald_e	-0.0	-1000.0	0.0	-0.0	Inf
HPPPNtex_f	acgal_e	-0.0	-1000.0	0.0	-0.0	Inf
HPPPNtex_f	acgam_e	-0.0	-1000.0	0.0	-0.0	Inf
HPPPNtex_f	acmana_e	-0.0	-1000.0	0.0	-0.0	Inf
HPPPNtex_f	tagur_c	-0.0	0.0	0.0	Inf	Inf
HPPPNtex_f	tartr__L_c	-0.0	-0.07657516871915959	0.0	-0.0	Inf
HPPPNtex_f	ade_e	-0.0	-1000.0	0.0	-0.0	Inf
HPPPNtex_f	adn_e	-0.0	-1000.0	0.0	-0.0	Inf
HPPPNtex_f	all__D_e	-0.0	-1000.0	0.0	-0.0	Inf
HPPPNtex_f	cl_e	-0.0	-0.0042504257082782715	999.9957495742917	-0.0	0.0
HPPPNtex_f	alltn_e	-0.0	0.0	0.0	Inf	Inf
HPPPNtex_f	cm_e	-0.0	-1000.0	0.0	-0.0	Inf
HPPPNtex_f	co2_e	-0.0	-958.8202910926506	41.179708907349436	-0.0	0.0
HPPPNtex_f	arab__L_e	-0.0	-1000.0	0.0	-0.0	Inf
HPPPNtex_f	arbt_e	-0.0	-1000.0	0.0	-0.0	Inf
HPPPNtex_f	unagamu_c	-0.0	0.0	0.11271010331142313	Inf	0.0
HPPPNtex_f	crn_e	-0.0	-1000.0	0.0	-0.0	Inf
HPPPNtex_f	csn_e	-0.0	-1000.0	0.0	-0.0	Inf
HPPPNtex_f	cyan_e	-0.0	-1000.0	0.0	-0.0	Inf
HPPPNtex_f	glyb_e	-0.0	-1000.0	0.0	-0.0	Inf
HPPPNtex_f	glyc_e	-0.0	-1000.0	0.0	-0.0	Inf
HPPPNtex_f	cytd_e	-0.0	-1000.0	0.0	-0.0	Inf
HPPPNtex_f	ca2_e	-0.0	-0.0042504257082782715	999.9957495742917	-0.0	0.0
HPPPNtex_f	dad_2_e	-0.0	-1000.0	0.0	-0.0	Inf
HPPPNtex_f	dcyt_e	-0.0	-1000.0	0.0	-0.0	Inf
HPPPNtex_f	chol_e	-0.0	-1000.0	0.0	-0.0	Inf
HPPPNtex_f	dha_e	-0.0	-1000.0	0.0	-0.0	Inf
HPPPNtex_f	ppal_e	-0.0	-1000.0	0.0	-0.0	Inf
HPPPNtex_f	h2_e	-0.0	-1000.0	0.0	-0.0	Inf
HPPPNtex_f	dms_e	-0.0	-1000.0	0.0	-0.0	Inf
HPPPNtex_f	dmso_e	-0.0	-1000.0	0.0	-0.0	Inf
HPPPNtex_f	h2o2_e	-0.0	-1000.0	0.0	-0.0	Inf
HPPPNtex_f	psclys_e	-0.0	-1000.0	0.0	-0.0	Inf
HPPPNtex_f	duri_e	-0.0	-1000.0	0.0	-0.0	Inf
HPPPNtex_f	pydx_e	-0.0	-1000.0	0.0	-0.0	Inf
HPPPNtex_f	pydxn_e	-0.0	-1000.0	0.0	-0.0	Inf
HPPPNtex_f	etoh_e	-0.0	-1000.0	0.0	-0.0	Inf
HPPPNtex_f	fald_e	-0.0	0.0	0.0	Inf	Inf
HPPPNtex_f	rib__D_e	-0.0	-1000.0	0.0	-0.0	Inf
HPPPNtex_f	rmn_e	-0.0	-1000.0	0.0	-0.0	Inf
HPPPNtex_f	indole_e	-0.0	-1000.0	0.0	-0.0	Inf
HPPPNtex_f	inost_e	-0.0	-1000.0	0.0	-0.0	Inf
HPPPNtex_f	sbt__D_e	-0.0	-38.12796262810954	0.0	-0.0	Inf
HPPPNtex_f	k_e	-0.0	-0.15939545538378752	999.8406045446162	-0.0	0.0
HPPPNtex_f	for_e	-0.0	0.0	0.0020031305011948774	Inf	0.0
HPPPNtex_f	slnt_e	-0.0	0.0	1000.0	Inf	0.0
HPPPNtex_f	fru_e	-0.0	-1000.0	0.0	-0.0	Inf
HPPPNtex_f	so2_e	-0.0	-1000.0	0.0	-0.0	Inf
HPPPNtex_f	so3_e	-0.0	-1000.0	0.0	-0.0	Inf
HPPPNtex_f	so4_e	-0.0	-0.20595578633632905	999.7940442136637	-0.0	0.0
HPPPNtex_f	lipa_cold_e	-0.0	-1000.0	0.0	-0.0	Inf
HPPPNtex_f	sucr_e	-0.0	-1000.0	0.0	-0.0	Inf
HPPPNtex_f	g3pe_e	-0.0	-1000.0	0.0	-0.0	Inf
HPPPNtex_f	malt_e	-0.0	-1000.0	0.0	-0.0	Inf
HPPPNtex_f	tartr__L_e	-0.0	-1000.0	0.0	-0.0	Inf
HPPPNtex_f	g3pi_e	-0.0	-1000.0	0.0	-0.0	Inf
HPPPNtex_f	malthx_e	-0.0	-1000.0	0.0	-0.0	Inf
HPPPNtex_f	maltpt_e	-0.0	-1000.0	0.0	-0.0	Inf
HPPPNtex_f	gal_e	-0.0	-1000.0	0.0	-0.0	Inf
HPPPNtex_f	gal_bD_e	-0.0	-1000.0	0.0	-0.0	Inf
HPPPNtex_f	malttr_e	-0.0	-1000.0	0.0	-0.0	Inf
HPPPNtex_f	maltttr_e	-0.0	-1000.0	0.0	-0.0	Inf
HPPPNtex_f	man_e	-0.0	-1000.0	0.0	-0.0	Inf
HPPPNtex_f	thym_e	-0.0	-1000.0	0.0	-0.0	Inf
HPPPNtex_f	thymd_e	-0.0	-1000.0	0.0	-0.0	Inf
HPPPNtex_f	galt_e	-0.0	-38.12796262810954	0.0	-0.0	Inf
HPPPNtex_f	melib_e	-0.0	-1000.0	0.0	-0.0	Inf
HPPPNtex_f	meoh_e	-0.0	-999.9999983667913	1.633208739804104e-06	-0.0	0.0
HPPPNtex_f	tmao_e	-0.0	-1000.0	0.0	-0.0	Inf
HPPPNtex_f	tre_e	-0.0	-1000.0	0.0	-0.0	Inf
HPPPNtex_f	metsox_S__L_e	-0.0	-1000.0	0.0	-0.0	Inf
HPPPNtex_f	glc__D_e	-0.0	-41.30529284711868	3.2768132144245796	-0.0	0.0
HPPPNtex_f	mg2_e	-0.0	-0.007084042847101309	999.992915957153	-0.0	0.0
HPPPNtex_f	mnl_e	-0.0	-1000.0	0.0	-0.0	Inf
HPPPNtex_f	mobd_e	-0.0	-0.00010534196280787	999.9998946580372	-0.0	0.0
HPPPNtex_f	glyald_e	-0.0	-1000.0	0.0	-0.0	Inf
HPPPNtex_f	n2o_e	-0.0	-1000.0	0.0	-0.0	Inf
HPPPNtex_f	na1_e	-0.0	0.0	1000.0	Inf	0.0
HPPPNtex_f	nac_e	-0.0	-1000.0	0.0	-0.0	Inf
HPPPNtex_f	ni2_e	-0.0	-0.00026376320920462604	999.9997362367908	-0.0	0.0
HPPPNtex_f	no_e	-0.0	-1000.0	0.0	-0.0	Inf
HPPPNtex_f	no2_e	-0.0	-1000.0	0.0	-0.0	Inf
HPPPNtex_f	ura_e	-0.0	-1000.0	0.0	-0.0	Inf
HPPPNtex_f	no3_e	-0.0	-1000.0	0.0	-0.0	Inf
HPPPNtex_f	urea_e	-0.0	-1000.0	0.0	-0.0	Inf
HPPPNtex_f	novbcn_e	-0.0	-1000.0	0.0	-0.0	Inf
HPPPNtex_f	uri_e	-0.0	-1000.0	0.0	-0.0	Inf
HPPPNtex_f	o2_e	-0.0	-38.21215195799971	961.7878480420003	-0.0	0.0
HPPPNtex_f	xan_e	-0.0	0.0	0.0	Inf	Inf
HPPPNtex_f	xtsn_e	-0.0	-1000.0	0.0	-0.0	Inf
HPPPNtex_f	xyl__D_e	-0.0	-1000.0	0.0	-0.0	Inf
HPPPNtex_f	xylu__L_e	-0.0	-1000.0	0.0	-0.0	Inf
HPPPNtex_f	pacald_e	-0.0	-1000.0	0.0	-0.0	Inf
HPPPNtex_f	12dgr120_p	-0.0	0.0	0.0	Inf	Inf
HPPPNtex_f	12dgr140_p	-0.0	0.0	0.0	Inf	Inf
HPPPNtex_f	12dgr160_p	-0.0	0.0	0.0	Inf	Inf
HPPPNtex_f	12dgr180_p	-0.0	0.0	0.0	Inf	Inf
HPPPNtex_f	12ppd__R_p	-0.0	-1000.0	0.0	-0.0	Inf
HPPPNtex_f	12ppd__S_p	-0.0	0.0	0.0	Inf	Inf
HPPPNtex_f	chol_p	-0.0	-1000.0	0.0	-0.0	Inf
HPPPNtex_f	cl_p	-0.0	-0.0042504257082782715	999.9957495742917	-0.0	0.0
HPPPNtex_f	34dhpac_p	-0.0	-1000.0	0.0	-0.0	Inf
HPPPNtex_f	cm_p	-0.0	0.0	0.0	Inf	Inf
HPPPNtex_f	4hoxpacd_p	-0.0	-1000.0	0.0	-0.0	Inf
HPPPNtex_f	co2_p	-0.0	-958.8202910926506	41.179708907349436	-0.0	0.0
HPPPNtex_f	5mtr_p	-0.0	0.0	0.0	Inf	Inf
HPPPNtex_f	LalaDgluMdap_p	-0.0	-0.022691802032881975	0.0	-0.0	Inf
HPPPNtex_f	gal_p	-0.0	-1000.0	0.0	-0.0	Inf
HPPPNtex_f	ac_p	-0.0	-0.15315033743831918	0.0	-0.0	Inf
HPPPNtex_f	crn_p	-0.0	-1000.0	0.0	-0.0	Inf
HPPPNtex_f	gal_bD_p	-0.0	-1000.0	0.0	-0.0	Inf
HPPPNtex_f	acald_p	-0.0	-1000.0	0.0	-0.0	Inf
HPPPNtex_f	acgal_p	-0.0	-1000.0	0.0	-0.0	Inf
HPPPNtex_f	csn_p	-0.0	0.0	0.0	Inf	Inf
HPPPNtex_f	acgam_p	-0.0	-1000.0	0.0	-0.0	Inf
HPPPNtex_f	galt_p	-0.0	-38.12796262810954	0.0	-0.0	Inf
HPPPNtex_f	acmana_p	-0.0	-1000.0	0.0	-0.0	Inf
HPPPNtex_f	cyan_p	-0.0	0.0	0.0	Inf	Inf
HPPPNtex_f	ade_p	-0.0	-1000.0	0.0	-0.0	Inf
HPPPNtex_f	adn_p	-0.0	0.0	0.000549574736164009	Inf	0.0
HPPPNtex_f	cytd_p	-0.0	0.0	0.0	Inf	Inf
HPPPNtex_f	glc__D_p	-0.0	-41.30529284711868	3.2768132144245796	-0.0	0.0
HPPPNtex_f	dad_2_p	-0.0	-1000.0	0.0	-0.0	Inf
HPPPNtex_f	dcyt_p	-0.0	-1000.0	0.0	-0.0	Inf
HPPPNtex_f	all__D_p	-0.0	0.0	0.0	Inf	Inf
HPPPNtex_f	alltn_p	-0.0	0.0	0.0	Inf	Inf
HPPPNtex_f	dha_p	-0.0	-1000.0	0.0	-0.0	Inf
HPPPNtex_f	glyald_p	-0.0	-1000.0	0.0	-0.0	Inf
HPPPNtex_f	glyb_p	0.0	0.0	0.0	Inf	Inf
HPPPNtex_f	dms_p	-0.0	-1000.0	0.0	-0.0	Inf
HPPPNtex_f	glyc_p	-0.0	-70.80907345220344	0.0	-0.0	Inf
HPPPNtex_f	dmso_p	-0.0	-1000.0	0.0	-0.0	Inf
HPPPNtex_f	arab__L_p	-0.0	0.0	0.0	Inf	Inf
HPPPNtex_f	arbt_p	0.0	0.0	0.0	Inf	Inf
HPPPNtex_f	ca2_p	-0.0	-0.0042504257082782715	999.9957495742917	-0.0	0.0
HPPPNtex_f	duri_p	-0.0	-1000.0	0.0	-0.0	Inf
HPPPNtex_f	h2_p	-0.0	-1000.0	0.0	-0.0	Inf
HPPPNtex_f	h2o2_p	-0.0	-1000.0	0.0	-0.0	Inf
HPPPNtex_f	etoh_p	-0.0	-1000.0	0.0	-0.0	Inf
HPPPNtex_f	fald_p	-0.0	0.0	0.0	Inf	Inf
HPPPNtex_f	n2o_p	-0.0	-1000.0	0.0	-0.0	Inf
HPPPNtex_f	na1_p	-0.0	0.0	0.0	Inf	Inf
HPPPNtex_f	indole_p	-0.0	0.0	0.9799999999823967	Inf	0.0
HPPPNtex_f	nac_p	-0.0	-1000.0	0.0	-0.0	Inf
HPPPNtex_f	ni2_p	-0.0	-0.00026376320920462604	999.9997362367908	-0.0	0.0
HPPPNtex_f	inost_p	-0.0	-1000.0	0.0	-0.0	Inf
HPPPNtex_f	no_p	-0.0	-1000.0	0.0	-0.0	Inf
HPPPNtex_f	no2_p	-0.0	-1000.0	0.0	-0.0	Inf
HPPPNtex_f	for_p	-0.0	0.0	0.0020031305011948774	Inf	0.0
HPPPNtex_f	fru_p	-0.0	-1000.0	0.0	-0.0	Inf
HPPPNtex_f	no3_p	-0.0	0.0	0.0	Inf	Inf
HPPPNtex_f	k_p	-0.0	-0.15939545538378752	999.8406045446162	-0.0	0.0
HPPPNtex_f	novbcn_p	-0.0	0.0	0.0	Inf	Inf
HPPPNtex_f	o2_p	-0.0	-38.21215195799971	961.7878480420003	-0.0	0.0
HPPPNtex_f	lipa_cold_p	-0.0	-64.15436589984688	0.0	-0.0	Inf
HPPPNtex_f	g3pe_p	-0.0	0.0	0.0	Inf	Inf
HPPPNtex_f	g3pi_p	-0.0	0.0	0.0	Inf	Inf
HPPPNtex_f	so3_p	-0.0	-1000.0	0.0	-0.0	Inf
HPPPNtex_f	so4_p	-0.0	-0.20595578633632905	999.7940442136637	-0.0	0.0
HPPPNtex_f	malt_p	0.0	0.0	0.0	Inf	Inf
HPPPNtex_f	malthx_p	0.0	0.0	0.0	Inf	Inf
HPPPNtex_f	maltpt_p	0.0	0.0	0.0	Inf	Inf
HPPPNtex_f	sucr_p	-0.0	-1000.0	0.0	-0.0	Inf
HPPPNtex_f	malttr_p	0.0	0.0	0.0	Inf	Inf
HPPPNtex_f	maltttr_p	0.0	0.0	0.0	Inf	Inf
HPPPNtex_f	pacald_p	-0.0	-1000.0	0.0	-0.0	Inf
HPPPNtex_f	man_p	-0.0	-1000.0	0.0	-0.0	Inf
HPPPNtex_f	tartr__L_p	-0.0	-1000.0	0.0	-0.0	Inf
HPPPNtex_f	pe120_p	-0.0	0.0	0.0	Inf	Inf
HPPPNtex_f	melib_p	-0.0	-1000.0	0.0	-0.0	Inf
HPPPNtex_f	meoh_p	-0.0	-999.9999983667913	1.633208739804104e-06	-0.0	0.0
HPPPNtex_f	thym_p	-0.0	-1000.0	0.0	-0.0	Inf
HPPPNtex_f	thymd_p	-0.0	-0.021367269756455656	0.0	-0.0	Inf
HPPPNtex_f	pg120_p	-0.0	-0.06355141792885444	0.0	-0.0	Inf
HPPPNtex_f	metsox_S__L_p	-0.0	-1000.0	0.0	-0.0	Inf
HPPPNtex_f	tmao_p	-0.0	-1000.0	0.0	-0.0	Inf
HPPPNtex_f	mg2_p	-0.0	-0.007084042847101309	999.992915957153	-0.0	0.0
HPPPNtex_f	tre_p	-0.0	0.0	0.0	Inf	Inf
HPPPNtex_f	mnl_p	-0.0	0.0	0.0	Inf	Inf
HPPPNtex_f	mobd_p	-0.0	-0.00010534196280787	999.9998946580372	-0.0	0.0
HPPPNtex_f	ura_p	-0.0	-1000.0	0.0	-0.0	Inf
HPPPNtex_f	urea_p	-0.0	-1000.0	0.0	-0.0	Inf
HPPPNtex_f	uri_p	-0.0	0.0	0.0	Inf	Inf
HPPPNtex_f	xan_p	-0.0	0.0	0.0	Inf	Inf
HPPPNtex_f	xtsn_p	-0.0	0.0	0.0	Inf	Inf
HPPPNtex_f	xyl__D_p	-0.0	0.0	0.0	Inf	Inf
HPPPNtex_f	xylu__L_p	-0.0	-1000.0	0.0	-0.0	Inf
HPPPNtex_f	ppal_p	-0.0	-1000.0	0.0	-0.0	Inf
HPPPNtex_f	psclys_p	-0.0	-1000.0	0.0	-0.0	Inf
HPPPNtex_f	pydx_p	-0.0	0.0	0.0	Inf	Inf
HPPPNtex_f	pydxn_p	-0.0	0.0	0.0	Inf	Inf
HPPPNtex_f	rib__D_p	-0.0	-1000.0	0.0	-0.0	Inf
HPPPNtex_f	rmn_p	-0.0	-1000.0	0.0	-0.0	Inf
HPPPNtex_f	sbt__D_p	-0.0	-38.12796262810954	0.0	-0.0	Inf
HPPPNtex_f	slnt_p	-0.0	0.0	0.0	Inf	Inf
HPPPNtex_f	so2_p	-0.0	-1000.0	0.0	-0.0	Inf
