Reaction	Metabolite	ShadowPrice	G-	G+	DecrementalShadowPrice	IncrementalShadowPrice
DMStex_f	12dgr120_c	-0.0	0.0	0.0	Inf	Inf
DMStex_f	12dgr140_c	-0.0	0.0	0.0	Inf	Inf
DMStex_f	12dgr160_c	-0.0	-0.044653810628106236	0.0	-0.0	Inf
DMStex_f	12dgr180_c	-0.0	0.0	0.0	Inf	Inf
DMStex_f	12ppd__R_c	-0.0	-1000.0	0.0	-0.0	Inf
DMStex_f	12ppd__S_c	-0.0	0.0	0.0	Inf	Inf
DMStex_f	5drib_c	-0.0	-999.9998425563765	0.00015744362352029185	-0.0	0.0
DMStex_f	5mta_c	-0.0	0.0	0.0	Inf	Inf
DMStex_f	23dhacoa_c	-0.0	-0.0004030556756333681	0.0	-0.0	Inf
DMStex_f	5mtr_c	-0.0	0.0	0.0	Inf	Inf
DMStex_f	3amac_c	-0.0	-6.440698852712744	0.0	-0.0	Inf
DMStex_f	LalaDgluMdap_c	-0.0	-0.019444637379474976	0.0	-0.0	Inf
DMStex_f	ac_c	-0.0	-2.030734355930007	0.04007474101999464	-0.0	0.0
DMStex_f	acald_c	-0.0	-2.030734355930007	0.04007474101999464	-0.0	0.0
DMStex_f	acetol_c	-0.0	0.0	0.0	Inf	Inf
DMStex_f	acgam_c	-0.0	-0.06611792488527618	0.0	-0.0	Inf
DMStex_f	acgam6p_c	-0.0	-0.06611792488527618	0.0	-0.0	Inf
DMStex_f	acmalt_c	0.0	0.0	0.0	Inf	Inf
DMStex_f	acmana_c	-0.0	-0.06611792488527618	0.0	-0.0	Inf
DMStex_f	2dmmq8_c	-0.0	0.0	0.0	Inf	Inf
DMStex_f	2dmmql8_c	0.0	0.0	0.0	Inf	Inf
DMStex_f	ade_c	-0.0	-0.07641893636036912	0.00047093137165155096	-0.0	0.0
DMStex_f	adn_c	-0.0	0.0	0.00047093137165155096	Inf	0.0
DMStex_f	3sala_c	0.0	0.0	0.0	Inf	Inf
DMStex_f	adphep_DD_c	-0.0	0.0	0.0	Inf	Inf
DMStex_f	adphep_LD_c	-0.0	0.0	0.0	Inf	Inf
DMStex_f	4ahmmp_c	0.0	0.0	0.0	Inf	Inf
DMStex_f	4crsol_c	-0.0	-999.9998439558753	0.00015604412464455592	-0.0	0.0
DMStex_f	2ohph_c	-0.0	-0.00015604412464455592	0.0022263745011108136	-0.0	0.0
DMStex_f	2ombzl_c	-0.0	0.0	0.0	Inf	Inf
DMStex_f	2omhmbl_c	-0.0	0.0	0.0	Inf	Inf
DMStex_f	2ommbl_c	0.0	0.0	0.0	Inf	Inf
DMStex_f	2omph_c	-0.0	0.0	0.0020551149241022893	Inf	0.0
DMStex_f	4mhetz_c	0.0	0.0	0.0	Inf	Inf
DMStex_f	2oph_c	-0.0	-0.00015604412464455592	0.0022263745011108136	-0.0	0.0
DMStex_f	2oxpaccoa_c	-0.0	-0.0004030556756333681	0.0	-0.0	Inf
DMStex_f	all__D_c	-0.0	-2.030734355930007	0.0	-0.0	Inf
DMStex_f	alltn_c	-0.0	-1.610174713178186	0.0	-0.0	Inf
DMStex_f	4r5au_c	-0.0	-0.00031208824839268345	0.02003737050999732	-0.0	0.0
DMStex_f	56dura_c	0.0	0.0	0.0	Inf	Inf
DMStex_f	arab__L_c	-0.0	-2.030734355930007	0.0	-0.0	Inf
DMStex_f	etoh_c	-0.0	-1000.0	0.0	-0.0	Inf
DMStex_f	csn_c	-0.0	-0.2314736152994783	0.0	-0.0	Inf
DMStex_f	fald_c	-0.0	0.0	0.0	Inf	Inf
DMStex_f	fc1p_c	-0.0	-0.09887879406753919	0.0	-0.0	Inf
DMStex_f	fcl__L_c	-0.0	0.0	0.0	Inf	Inf
DMStex_f	aso4_c	0.0	0.0	0.0	Inf	Inf
DMStex_f	cyan_c	0.0	0.0	0.0	Inf	Inf
DMStex_f	athtp_c	0.0	0.0	0.0	Inf	Inf
DMStex_f	cytd_c	-0.0	-0.1123272785137332	0.0	-0.0	Inf
DMStex_f	dad_2_c	-0.0	0.0	0.0	Inf	Inf
DMStex_f	dad_5_c	-0.0	-0.07641893636036912	0.00015744362352029185	-0.0	0.0
DMStex_f	betald_c	0.0	0.0	0.0	Inf	Inf
DMStex_f	btal_c	-0.0	-513.7416921414481	0.0	-0.0	Inf
DMStex_f	for_c	-0.0	-0.07641893636036912	0.0017164853684204294	-0.0	0.0
DMStex_f	dcyt_c	-0.0	-0.018309643791212693	0.0	-0.0	Inf
DMStex_f	fru_c	-0.0	0.0	0.04007474101999464	Inf	0.0
DMStex_f	ca2_c	-0.0	-0.0036421958241135144	999.9963578041759	-0.0	0.0
DMStex_f	g3pe_c	-0.0	0.0	0.0	Inf	Inf
DMStex_f	g3pi_c	0.0	0.0	0.0	Inf	Inf
DMStex_f	cbm_c	-0.0	-3.220349426356372	0.0	-0.0	Inf
DMStex_f	dha_c	-0.0	-85.62361535690802	0.0	-0.0	Inf
DMStex_f	gal_c	-0.0	0.0	0.0	Inf	Inf
DMStex_f	dhgly_c	-0.0	-0.00015604412464455592	0.01001868525499866	-0.0	0.0
DMStex_f	dhmptp_c	0.0	0.0	0.0	Inf	Inf
DMStex_f	gcald_c	-0.0	-2.030734355930007	0.00046813237395326723	-0.0	0.0
DMStex_f	dhptd_c	-0.0	-49.7566324843416	0.00031348774813125913	-0.0	0.0
DMStex_f	cechddd_c	-0.0	0.0	0.0	Inf	Inf
DMStex_f	dhptdn_c	0.0	0.0	0.0	Inf	Inf
DMStex_f	chol_c	0.0	0.0	0.0	Inf	Inf
DMStex_f	chtbs6p_c	-0.0	0.0	0.0	Inf	Inf
DMStex_f	dmbzid_c	0.0	0.0	0.0	Inf	Inf
DMStex_f	dms_c	0.0	0.0	0.0	Inf	Inf
DMStex_f	dmso_c	0.0	0.0	0.0	Inf	Inf
DMStex_f	cl_c	-0.0	-0.0036421958241027513	999.9963578041759	-0.0	0.0
DMStex_f	glc__D_c	-0.0	-2.030734355930007	0.04007474101999464	-0.0	0.0
DMStex_f	co2_c	-0.0	-968.7235850288631	31.276414971136887	-0.0	0.0
DMStex_f	dscl_c	-0.0	-0.00015604412464455592	0.0021091968957891918	-0.0	0.0
DMStex_f	dtdp4aaddg_c	-0.0	0.0	0.0	Inf	Inf
DMStex_f	glyald_c	-0.0	-1000.0	0.0	-0.0	Inf
DMStex_f	crn_c	-0.0	-1000.0	0.0	-0.0	Inf
DMStex_f	duri_c	-0.0	-0.018309643791212693	0.0	-0.0	Inf
DMStex_f	glyb_c	0.0	0.0	0.0	Inf	Inf
DMStex_f	glyc_c	-0.0	-73.39167030592115	0.0	-0.0	Inf
DMStex_f	dxyl_c	0.0	0.0	0.0	Inf	Inf
DMStex_f	glycogen_c	-0.0	-2.030734355930007	0.0	-0.0	Inf
DMStex_f	gmhep1p_c	-0.0	0.0	0.04007474101999464	Inf	0.0
DMStex_f	lipa_cold_c	-0.0	0.0	0.0	Inf	Inf
DMStex_f	lipidA_c	-0.0	-0.013614325063144861	0.0013358247006664881	-0.0	0.0
DMStex_f	malt_c	0.0	0.0	0.0	Inf	Inf
DMStex_f	h2_c	-0.0	0.0	0.0	Inf	Inf
DMStex_f	malthx_c	-0.0	0.0	0.0	Inf	Inf
DMStex_f	maltpt_c	-0.0	0.0	0.0	Inf	Inf
DMStex_f	malttr_c	-0.0	0.0	0.0	Inf	Inf
DMStex_f	maltttr_c	-0.0	0.0	0.0	Inf	Inf
DMStex_f	h2o2_c	-0.0	-0.0009817484611600535	0.8093653687343476	-0.0	0.0
DMStex_f	man_c	-0.0	0.0	0.0	Inf	Inf
DMStex_f	mdhdhf_c	-0.0	-49.7566324843416	0.00031348774813125913	-0.0	0.0
DMStex_f	melib_c	-0.0	0.0	0.0	Inf	Inf
DMStex_f	meoh_c	-0.0	-999.9999986005012	1.3994988421472954e-06	-0.0	0.0
DMStex_f	pacald_c	-0.0	-1000.0	0.0	-0.0	Inf
DMStex_f	metsox_S__L_c	-0.0	-0.07641893636036912	0.0	-0.0	Inf
DMStex_f	mg2_c	-0.0	-0.006070326373504586	999.9939296736264	-0.0	0.0
DMStex_f	hhlipa_c	-0.0	0.0	0.0	Inf	Inf
DMStex_f	pe120_c	-0.0	0.0	0.0	Inf	Inf
DMStex_f	mobd_c	-0.0	-9.026767747855047e-05	54.952693173729294	-0.0	0.0
DMStex_f	hlipa_c	-0.0	0.0	0.0	Inf	Inf
DMStex_f	pg120_c	-0.0	0.0	0.0	Inf	Inf
DMStex_f	mql8_c	0.0	0.0	0.0	Inf	Inf
DMStex_f	mqn8_c	-0.0	0.0	0.0	Inf	Inf
DMStex_f	mthgxl_c	-0.0	-2.030734355930007	0.0	-0.0	Inf
DMStex_f	hqn_c	0.0	0.0	0.0	Inf	Inf
DMStex_f	mththf_c	-0.0	-999.9996865122519	0.00031348774813125913	-0.0	0.0
DMStex_f	n2o_c	-0.0	-1000.0	0.0	-0.0	Inf
DMStex_f	na1_c	-0.0	0.0	0.0	Inf	Inf
DMStex_f	nac_c	-0.0	0.0	0.0	Inf	Inf
DMStex_f	ncam_c	-0.0	0.0	0.0	Inf	Inf
DMStex_f	ni2_c	-0.0	-0.00022601906843135227	999.9997739809315	-0.0	0.0
DMStex_f	no_c	-0.0	-1000.0	0.0	-0.0	Inf
DMStex_f	indole_c	-0.0	-0.03977585729672866	0.02003737050999732	-0.0	0.0
DMStex_f	no2_c	-0.0	-1000.0	0.0	-0.0	Inf
DMStex_f	no3_c	0.0	0.0	0.0	Inf	Inf
DMStex_f	inost_c	0.0	0.0	0.0	Inf	Inf
DMStex_f	o2_c	-0.0	-29.783215447173415	720.219594221757	-0.0	0.0
DMStex_f	poaac_c	-0.0	-7.557870522501844	0.0	-0.0	Inf
DMStex_f	ppal_c	-0.0	0.0	0.0	Inf	Inf
DMStex_f	k_c	-0.0	-0.13658619202576144	219.81077269491718	-0.0	0.0
DMStex_f	psclys_c	-0.0	0.0	0.0	Inf	Inf
DMStex_f	lald__D_c	-0.0	0.0	0.0	Inf	Inf
DMStex_f	lald__L_c	-0.0	-2.030734355930007	0.0	-0.0	Inf
DMStex_f	ura_c	-0.0	-0.2314736152994783	0.0	-0.0	Inf
DMStex_f	pydx_c	-0.0	0.0	0.0009817484611600535	Inf	0.0
DMStex_f	uracp_c	-0.0	-3.778935261250922	0.0	-0.0	Inf
DMStex_f	pydxn_c	-0.0	0.0	0.01335824700666488	Inf	0.0
DMStex_f	urate_c	-0.0	-0.0009817484611600535	0.0	-0.0	Inf
DMStex_f	q8_c	-0.0	0.0	0.0	Inf	Inf
DMStex_f	q8h2_c	0.0	0.0	0.0	Inf	Inf
DMStex_f	urea_c	-0.0	-1000.0	0.0	-0.0	Inf
DMStex_f	uri_c	-0.0	0.0	0.0	Inf	Inf
DMStex_f	rbflvrd_c	-0.0	0.0	0.01335824700666488	Inf	0.0
DMStex_f	rbl__L_c	-0.0	-2.030734355930007	0.0	-0.0	Inf
DMStex_f	rdmbzi_c	0.0	0.0	0.0	Inf	Inf
DMStex_f	thptdn_c	0.0	0.0	0.0	Inf	Inf
DMStex_f	xan_c	-0.0	-0.07641893636036912	0.0	-0.0	Inf
DMStex_f	rephaccoa_c	-0.0	-0.0004030556756333681	0.0	-0.0	Inf
DMStex_f	rib__D_c	-0.0	0.0	0.04007474101999464	Inf	0.0
DMStex_f	xtsn_c	-0.0	0.0	0.0	Inf	Inf
DMStex_f	rml_c	-0.0	-0.09887879406753919	0.0	-0.0	Inf
DMStex_f	thym_c	-0.0	-219.81077269491718	0.0	-0.0	Inf
DMStex_f	thymd_c	-0.0	-0.018309643791212693	0.0	-0.0	Inf
DMStex_f	xu5p__L_c	-0.0	-0.6749999999981355	0.0	-0.0	Inf
DMStex_f	rmn_c	-0.0	-0.09887879406753919	0.0	-0.0	Inf
DMStex_f	xyl__D_c	0.0	0.0	0.0	Inf	Inf
DMStex_f	tmao_c	0.0	0.0	0.0	Inf	Inf
DMStex_f	xylu__D_c	-0.0	0.0	0.0	Inf	Inf
DMStex_f	xylu__L_c	-0.0	-2.030734355930007	0.0	-0.0	Inf
DMStex_f	12ppd__R_e	-0.0	-1000.0	0.0	-0.0	Inf
DMStex_f	12ppd__S_e	-0.0	-1000.0	0.0	-0.0	Inf
DMStex_f	tre_c	-0.0	-1.0153671779650035	0.0	-0.0	Inf
DMStex_f	seln_c	0.0	0.0	0.0	Inf	Inf
DMStex_f	34dhpac_e	-0.0	-1000.0	0.0	-0.0	Inf
DMStex_f	slnt_c	0.0	0.0	0.0	Inf	Inf
DMStex_f	so2_c	0.0	0.0	0.0	Inf	Inf
DMStex_f	so3_c	-0.0	-0.17344829266258827	10.990538634745858	-0.0	0.0
DMStex_f	so4_c	-0.0	-0.17648380572404676	219.81077269491718	-0.0	0.0
DMStex_f	4hoxpacd_e	-0.0	-1000.0	0.0	-0.0	Inf
DMStex_f	5mtr_e	-0.0	0.0	0.0	Inf	Inf
DMStex_f	LalaDgluMdap_e	-0.0	-1000.0	0.0	-0.0	Inf
DMStex_f	ac_e	-0.0	0.0	0.0	Inf	Inf
DMStex_f	acald_e	-0.0	-1000.0	0.0	-0.0	Inf
DMStex_f	acgal_e	-0.0	-1000.0	0.0	-0.0	Inf
DMStex_f	acgam_e	-0.0	-1000.0	0.0	-0.0	Inf
DMStex_f	acmana_e	-0.0	-1000.0	0.0	-0.0	Inf
DMStex_f	tagur_c	-0.0	0.0	0.0	Inf	Inf
DMStex_f	tartr__L_c	-0.0	-1.0153671779650035	0.0	-0.0	Inf
DMStex_f	ade_e	-0.0	-1000.0	0.0	-0.0	Inf
DMStex_f	adn_e	-0.0	-1000.0	0.0	-0.0	Inf
DMStex_f	all__D_e	-0.0	-1000.0	0.0	-0.0	Inf
DMStex_f	cl_e	-0.0	-0.0036421958241135144	999.9963578041759	-0.0	0.0
DMStex_f	alltn_e	-0.0	0.0	0.0	Inf	Inf
DMStex_f	cm_e	-0.0	-1000.0	0.0	-0.0	Inf
DMStex_f	co2_e	-0.0	-968.7235850288631	31.276414971136887	-0.0	0.0
DMStex_f	arab__L_e	-0.0	-1000.0	0.0	-0.0	Inf
DMStex_f	arbt_e	-0.0	-1000.0	0.0	-0.0	Inf
DMStex_f	unagamu_c	-0.0	0.0	0.001541336193076717	Inf	0.0
DMStex_f	crn_e	-0.0	-1000.0	0.0	-0.0	Inf
DMStex_f	csn_e	-0.0	-1000.0	0.0	-0.0	Inf
DMStex_f	cyan_e	-0.0	-1000.0	0.0	-0.0	Inf
DMStex_f	glyb_e	-0.0	-1000.0	0.0	-0.0	Inf
DMStex_f	glyc_e	-0.0	-1000.0	0.0	-0.0	Inf
DMStex_f	cytd_e	-0.0	-1000.0	0.0	-0.0	Inf
DMStex_f	ca2_e	-0.0	-0.0036421958241135144	999.9963578041759	-0.0	0.0
DMStex_f	dad_2_e	-0.0	-1000.0	0.0	-0.0	Inf
DMStex_f	dcyt_e	-0.0	-1000.0	0.0	-0.0	Inf
DMStex_f	chol_e	-0.0	-1000.0	0.0	-0.0	Inf
DMStex_f	dha_e	-0.0	-1000.0	0.0	-0.0	Inf
DMStex_f	ppal_e	-0.0	-1000.0	0.0	-0.0	Inf
DMStex_f	h2_e	-0.0	-1000.0	0.0	-0.0	Inf
DMStex_f	dms_e	-0.0	-1000.0	0.0	-0.0	Inf
DMStex_f	dmso_e	-0.0	-1000.0	0.0	-0.0	Inf
DMStex_f	h2o2_e	-0.0	-1000.0	0.0	-0.0	Inf
DMStex_f	psclys_e	-0.0	-1000.0	0.0	-0.0	Inf
DMStex_f	duri_e	-0.0	-1000.0	0.0	-0.0	Inf
DMStex_f	pydx_e	-0.0	-1000.0	0.0	-0.0	Inf
DMStex_f	pydxn_e	-0.0	-1000.0	0.0	-0.0	Inf
DMStex_f	etoh_e	-0.0	-1000.0	0.0	-0.0	Inf
DMStex_f	fald_e	-0.0	0.0	0.0	Inf	Inf
DMStex_f	rib__D_e	-0.0	-1000.0	0.0	-0.0	Inf
DMStex_f	rmn_e	-0.0	-1000.0	0.0	-0.0	Inf
DMStex_f	indole_e	-0.0	-1000.0	0.0	-0.0	Inf
DMStex_f	inost_e	-0.0	-1000.0	0.0	-0.0	Inf
DMStex_f	sbt__D_e	-0.0	-2.030734355930007	0.0	-0.0	Inf
DMStex_f	k_e	-0.0	-0.13658619202578848	999.8634138079742	-0.0	0.0
DMStex_f	for_e	-0.0	0.0	0.0017164853684204294	Inf	0.0
DMStex_f	slnt_e	-0.0	0.0	1000.0	Inf	0.0
DMStex_f	fru_e	-0.0	-1000.0	0.0	-0.0	Inf
DMStex_f	so2_e	-0.0	-1000.0	0.0	-0.0	Inf
DMStex_f	so3_e	-0.0	-1000.0	0.0	-0.0	Inf
DMStex_f	so4_e	-0.0	-0.17648380572404676	999.823516194276	-0.0	0.0
DMStex_f	lipa_cold_e	-0.0	-1000.0	0.0	-0.0	Inf
DMStex_f	sucr_e	-0.0	-1000.0	0.0	-0.0	Inf
DMStex_f	g3pe_e	-0.0	-1000.0	0.0	-0.0	Inf
DMStex_f	malt_e	-0.0	-1000.0	0.0	-0.0	Inf
DMStex_f	tartr__L_e	-0.0	-1000.0	0.0	-0.0	Inf
DMStex_f	g3pi_e	-0.0	-1000.0	0.0	-0.0	Inf
DMStex_f	malthx_e	-0.0	-1000.0	0.0	-0.0	Inf
DMStex_f	maltpt_e	-0.0	-1000.0	0.0	-0.0	Inf
DMStex_f	gal_e	-0.0	-1000.0	0.0	-0.0	Inf
DMStex_f	gal_bD_e	-0.0	-1000.0	0.0	-0.0	Inf
DMStex_f	malttr_e	-0.0	-1000.0	0.0	-0.0	Inf
DMStex_f	maltttr_e	-0.0	-1000.0	0.0	-0.0	Inf
DMStex_f	man_e	-0.0	-1000.0	0.0	-0.0	Inf
DMStex_f	thym_e	-0.0	-1000.0	0.0	-0.0	Inf
DMStex_f	thymd_e	-0.0	-1000.0	0.0	-0.0	Inf
DMStex_f	galt_e	-0.0	-0.09887879406753919	0.0	-0.0	Inf
DMStex_f	melib_e	-0.0	-1000.0	0.0	-0.0	Inf
DMStex_f	meoh_e	-0.0	-999.9999986005012	1.3994988421472954e-06	-0.0	0.0
DMStex_f	tmao_e	-0.0	-1000.0	0.0	-0.0	Inf
DMStex_f	tre_e	-0.0	-1000.0	0.0	-0.0	Inf
DMStex_f	metsox_S__L_e	-0.0	-1000.0	0.0	-0.0	Inf
DMStex_f	glc__D_e	-0.0	-2.030734355930007	0.04007474101999464	-0.0	0.0
DMStex_f	mg2_e	-0.0	-0.00607032637356042	999.9939296736264	-0.0	0.0
DMStex_f	mnl_e	-0.0	-1000.0	0.0	-0.0	Inf
DMStex_f	mobd_e	-0.0	-9.026767747855047e-05	999.9999097323225	-0.0	0.0
DMStex_f	glyald_e	-0.0	-1000.0	0.0	-0.0	Inf
DMStex_f	n2o_e	-0.0	-1000.0	0.0	-0.0	Inf
DMStex_f	na1_e	-0.0	0.0	1000.0	Inf	0.0
DMStex_f	nac_e	-0.0	-1000.0	0.0	-0.0	Inf
DMStex_f	ni2_e	-0.0	-0.0002260190684637564	999.9997739809315	-0.0	0.0
DMStex_f	no_e	-0.0	-1000.0	0.0	-0.0	Inf
DMStex_f	no2_e	-0.0	-1000.0	0.0	-0.0	Inf
DMStex_f	ura_e	-0.0	-1000.0	0.0	-0.0	Inf
DMStex_f	no3_e	-0.0	-1000.0	0.0	-0.0	Inf
DMStex_f	urea_e	-0.0	-1000.0	0.0	-0.0	Inf
DMStex_f	novbcn_e	-0.0	-1000.0	0.0	-0.0	Inf
DMStex_f	uri_e	-0.0	-1000.0	0.0	-0.0	Inf
DMStex_f	o2_e	-0.0	-279.780405778243	720.219594221757	-0.0	0.0
DMStex_f	xan_e	-0.0	0.0	0.0	Inf	Inf
DMStex_f	xtsn_e	-0.0	-1000.0	0.0	-0.0	Inf
DMStex_f	xyl__D_e	-0.0	-1000.0	0.0	-0.0	Inf
DMStex_f	xylu__L_e	-0.0	-1000.0	0.0	-0.0	Inf
DMStex_f	pacald_e	-0.0	-1000.0	0.0	-0.0	Inf
DMStex_f	12dgr120_p	-0.0	0.0	0.0	Inf	Inf
DMStex_f	12dgr140_p	-0.0	0.0	0.0	Inf	Inf
DMStex_f	12dgr160_p	-0.0	-0.044653810628106236	0.0	-0.0	Inf
DMStex_f	12dgr180_p	-0.0	0.0	0.0	Inf	Inf
DMStex_f	12ppd__R_p	-0.0	-1000.0	0.0	-0.0	Inf
DMStex_f	12ppd__S_p	-0.0	0.0	0.0	Inf	Inf
DMStex_f	chol_p	-0.0	-1000.0	0.0	-0.0	Inf
DMStex_f	cl_p	-0.0	-0.0036421958241135144	999.9963578041759	-0.0	0.0
DMStex_f	34dhpac_p	-0.0	-1000.0	0.0	-0.0	Inf
DMStex_f	cm_p	-0.0	0.0	0.0	Inf	Inf
DMStex_f	4hoxpacd_p	-0.0	-1000.0	0.0	-0.0	Inf
DMStex_f	co2_p	-0.0	-968.7235850288631	31.276414971136887	-0.0	0.0
DMStex_f	5mtr_p	-0.0	0.0	0.0	Inf	Inf
DMStex_f	LalaDgluMdap_p	-0.0	0.0	0.0	Inf	Inf
DMStex_f	gal_p	-0.0	-1000.0	0.0	-0.0	Inf
DMStex_f	ac_p	-0.0	-2.030734355930007	0.0	-0.0	Inf
DMStex_f	crn_p	-0.0	-1000.0	0.0	-0.0	Inf
DMStex_f	gal_bD_p	-0.0	-1000.0	0.0	-0.0	Inf
DMStex_f	acald_p	-0.0	-1000.0	0.0	-0.0	Inf
DMStex_f	acgal_p	-0.0	-1000.0	0.0	-0.0	Inf
DMStex_f	csn_p	-0.0	0.0	0.0	Inf	Inf
DMStex_f	acgam_p	-0.0	-1000.0	0.0	-0.0	Inf
DMStex_f	galt_p	-0.0	-0.09887879406753919	0.0	-0.0	Inf
DMStex_f	acmana_p	-0.0	-1000.0	0.0	-0.0	Inf
DMStex_f	cyan_p	-0.0	0.0	0.0	Inf	Inf
DMStex_f	ade_p	-0.0	-1000.0	0.0	-0.0	Inf
DMStex_f	adn_p	-0.0	0.0	0.00047093137165155096	Inf	0.0
DMStex_f	cytd_p	-0.0	-0.1123272785137332	0.0	-0.0	Inf
DMStex_f	glc__D_p	-0.0	-2.030734355930007	0.04007474101999464	-0.0	0.0
DMStex_f	dad_2_p	-0.0	-1000.0	0.0	-0.0	Inf
DMStex_f	dcyt_p	-0.0	-1000.0	0.0	-0.0	Inf
DMStex_f	all__D_p	-0.0	0.0	0.0	Inf	Inf
DMStex_f	alltn_p	-0.0	0.0	0.0	Inf	Inf
DMStex_f	dha_p	-0.0	-1000.0	0.0	-0.0	Inf
DMStex_f	glyald_p	-0.0	-1000.0	0.0	-0.0	Inf
DMStex_f	glyb_p	0.0	0.0	0.0	Inf	Inf
DMStex_f	dms_p	1.0	-1000.0	0.0	1.0	Inf
DMStex_f	glyc_p	-0.0	-73.39167030592115	0.0	-0.0	Inf
DMStex_f	dmso_p	-0.0	-1000.0	0.0	-0.0	Inf
DMStex_f	arab__L_p	-0.0	0.0	0.0	Inf	Inf
DMStex_f	arbt_p	0.0	0.0	0.0	Inf	Inf
DMStex_f	ca2_p	-0.0	-0.0036421958241135144	999.9963578041759	-0.0	0.0
DMStex_f	duri_p	-0.0	-1000.0	0.0	-0.0	Inf
DMStex_f	h2_p	-0.0	-1000.0	0.0	-0.0	Inf
DMStex_f	h2o2_p	-0.0	-1000.0	0.0	-0.0	Inf
DMStex_f	etoh_p	-0.0	-1000.0	0.0	-0.0	Inf
DMStex_f	fald_p	-0.0	0.0	0.0	Inf	Inf
DMStex_f	n2o_p	-0.0	-1000.0	0.0	-0.0	Inf
DMStex_f	na1_p	-0.0	0.0	0.0	Inf	Inf
DMStex_f	indole_p	-0.0	0.0	0.02003737050999732	Inf	0.0
DMStex_f	nac_p	-0.0	-1000.0	0.0	-0.0	Inf
DMStex_f	ni2_p	-0.0	-0.0002260190684637564	999.9997739809315	-0.0	0.0
DMStex_f	inost_p	-0.0	-1000.0	0.0	-0.0	Inf
DMStex_f	no_p	-0.0	-1000.0	0.0	-0.0	Inf
DMStex_f	no2_p	-0.0	-1000.0	0.0	-0.0	Inf
DMStex_f	for_p	-0.0	0.0	0.0017164853684204294	Inf	0.0
DMStex_f	fru_p	-0.0	-1000.0	0.0	-0.0	Inf
DMStex_f	no3_p	-0.0	0.0	0.0	Inf	Inf
DMStex_f	k_p	-0.0	-0.13658619202578848	999.8634138079742	-0.0	0.0
DMStex_f	novbcn_p	-0.0	0.0	0.0	Inf	Inf
DMStex_f	o2_p	-0.0	-279.780405778243	720.219594221757	-0.0	0.0
DMStex_f	lipa_cold_p	-0.0	-54.952693173729294	0.0	-0.0	Inf
DMStex_f	g3pe_p	-0.0	0.0	0.0	Inf	Inf
DMStex_f	g3pi_p	-0.0	0.0	0.0	Inf	Inf
DMStex_f	so3_p	-0.0	-1000.0	0.0	-0.0	Inf
DMStex_f	so4_p	-0.0	-0.17648380572404676	999.823516194276	-0.0	0.0
DMStex_f	malt_p	0.0	0.0	0.0	Inf	Inf
DMStex_f	malthx_p	0.0	0.0	0.0	Inf	Inf
DMStex_f	maltpt_p	0.0	0.0	0.0	Inf	Inf
DMStex_f	sucr_p	-0.0	-1000.0	0.0	-0.0	Inf
DMStex_f	malttr_p	0.0	0.0	0.0	Inf	Inf
DMStex_f	maltttr_p	0.0	0.0	0.0	Inf	Inf
DMStex_f	pacald_p	-0.0	-1000.0	0.0	-0.0	Inf
DMStex_f	man_p	-0.0	-1000.0	0.0	-0.0	Inf
DMStex_f	tartr__L_p	-0.0	-1000.0	0.0	-0.0	Inf
DMStex_f	pe120_p	-0.0	0.0	0.0	Inf	Inf
DMStex_f	melib_p	-0.0	-1000.0	0.0	-0.0	Inf
DMStex_f	meoh_p	-0.0	-999.9999986005012	1.3994988421472954e-06	-0.0	0.0
DMStex_f	thym_p	-0.0	-1000.0	0.0	-0.0	Inf
DMStex_f	thymd_p	-0.0	-0.018309643791212693	0.0	-0.0	Inf
DMStex_f	pg120_p	-0.0	0.0	0.0	Inf	Inf
DMStex_f	metsox_S__L_p	-0.0	-1000.0	0.0	-0.0	Inf
DMStex_f	tmao_p	-0.0	-1000.0	0.0	-0.0	Inf
DMStex_f	mg2_p	-0.0	-0.006070326373504586	999.9939296736264	-0.0	0.0
DMStex_f	tre_p	-0.0	0.0	0.0	Inf	Inf
DMStex_f	mnl_p	-0.0	0.0	0.0	Inf	Inf
DMStex_f	mobd_p	-0.0	-9.026767747855047e-05	999.9999097323225	-0.0	0.0
DMStex_f	ura_p	-0.0	-1000.0	0.0	-0.0	Inf
DMStex_f	urea_p	-0.0	-1000.0	0.0	-0.0	Inf
DMStex_f	uri_p	-0.0	0.0	0.0	Inf	Inf
DMStex_f	xan_p	-0.0	-0.07641893636036912	0.0	-0.0	Inf
DMStex_f	xtsn_p	-0.0	0.0	0.0	Inf	Inf
DMStex_f	xyl__D_p	-0.0	0.0	0.0	Inf	Inf
DMStex_f	xylu__L_p	-0.0	-1000.0	0.0	-0.0	Inf
DMStex_f	ppal_p	-0.0	-1000.0	0.0	-0.0	Inf
DMStex_f	psclys_p	-0.0	-1000.0	0.0	-0.0	Inf
DMStex_f	pydx_p	-0.0	0.0	0.0	Inf	Inf
DMStex_f	pydxn_p	-0.0	0.0	0.0	Inf	Inf
DMStex_f	rib__D_p	-0.0	-1000.0	0.0	-0.0	Inf
DMStex_f	rmn_p	-0.0	-1000.0	0.0	-0.0	Inf
DMStex_f	sbt__D_p	-0.0	-2.030734355930007	0.0	-0.0	Inf
DMStex_f	slnt_p	-0.0	0.0	0.0	Inf	Inf
DMStex_f	so2_p	-0.0	-1000.0	0.0	-0.0	Inf
