Reaction	Metabolite	ShadowPrice	G-	G+	DecrementalShadowPrice	IncrementalShadowPrice
FACOAL100t2pp	12dgr120_c	-0.0	0.0	0.0	Inf	Inf
FACOAL100t2pp	12dgr140_c	-0.0	0.0	0.0	Inf	Inf
FACOAL100t2pp	12dgr160_c	-0.0	-0.044653810628106236	0.0	-0.0	Inf
FACOAL100t2pp	12dgr180_c	-0.0	0.0	0.0	Inf	Inf
FACOAL100t2pp	12ppd__R_c	-0.0	-1000.0	0.0	-0.0	Inf
FACOAL100t2pp	12ppd__S_c	-0.0	0.0	0.0	Inf	Inf
FACOAL100t2pp	5drib_c	-0.0	-999.9998425563765	0.00015744362352029185	-0.0	0.0
FACOAL100t2pp	5mta_c	-0.0	0.0	0.0	Inf	Inf
FACOAL100t2pp	23dhacoa_c	-0.0	-0.0004030556756333681	0.0	-0.0	Inf
FACOAL100t2pp	5mtr_c	-0.0	0.0	0.0	Inf	Inf
FACOAL100t2pp	3amac_c	-0.0	-6.440698852712744	0.0	-0.0	Inf
FACOAL100t2pp	LalaDgluMdap_c	-0.0	-0.019444637379474976	0.0	-0.0	Inf
FACOAL100t2pp	ac_c	-0.0	-2.030734355930007	0.04007474101999464	-0.0	0.0
FACOAL100t2pp	acald_c	-0.0	-2.030734355930007	0.04007474101999464	-0.0	0.0
FACOAL100t2pp	acetol_c	-0.0	0.0	0.0	Inf	Inf
FACOAL100t2pp	acgam_c	-0.0	-0.06611792488527618	0.0	-0.0	Inf
FACOAL100t2pp	acgam6p_c	-0.0	-0.06611792488527618	0.0	-0.0	Inf
FACOAL100t2pp	acmalt_c	0.0	0.0	0.0	Inf	Inf
FACOAL100t2pp	acmana_c	-0.0	-0.06611792488527618	0.0	-0.0	Inf
FACOAL100t2pp	2dmmq8_c	-0.0	0.0	0.0	Inf	Inf
FACOAL100t2pp	2dmmql8_c	0.0	0.0	0.0	Inf	Inf
FACOAL100t2pp	ade_c	-0.0	-0.07641893636036912	0.00047093137165155096	-0.0	0.0
FACOAL100t2pp	adn_c	-0.0	0.0	0.00047093137165155096	Inf	0.0
FACOAL100t2pp	3sala_c	0.0	0.0	0.0	Inf	Inf
FACOAL100t2pp	adphep_DD_c	-0.0	0.0	0.0	Inf	Inf
FACOAL100t2pp	adphep_LD_c	-0.0	0.0	0.0	Inf	Inf
FACOAL100t2pp	4ahmmp_c	0.0	0.0	0.0	Inf	Inf
FACOAL100t2pp	4crsol_c	-0.0	-999.9998439558753	0.00015604412464455592	-0.0	0.0
FACOAL100t2pp	2ohph_c	-0.0	-0.00015604412464455592	0.0022263745011108136	-0.0	0.0
FACOAL100t2pp	2ombzl_c	-0.0	0.0	0.0	Inf	Inf
FACOAL100t2pp	2omhmbl_c	-0.0	0.0	0.0	Inf	Inf
FACOAL100t2pp	2ommbl_c	0.0	0.0	0.0	Inf	Inf
FACOAL100t2pp	2omph_c	-0.0	0.0	0.0020551149241022893	Inf	0.0
FACOAL100t2pp	4mhetz_c	0.0	0.0	0.0	Inf	Inf
FACOAL100t2pp	2oph_c	-0.0	-0.00015604412464455592	0.0022263745011108136	-0.0	0.0
FACOAL100t2pp	2oxpaccoa_c	-0.0	-0.0004030556756333681	0.0	-0.0	Inf
FACOAL100t2pp	all__D_c	-0.0	-2.030734355930007	0.0	-0.0	Inf
FACOAL100t2pp	alltn_c	-0.0	-1.610174713178186	0.0	-0.0	Inf
FACOAL100t2pp	4r5au_c	-0.0	-0.00031208824839268345	0.02003737050999732	-0.0	0.0
FACOAL100t2pp	56dura_c	0.0	0.0	0.0	Inf	Inf
FACOAL100t2pp	arab__L_c	-0.0	-2.030734355930007	0.0	-0.0	Inf
FACOAL100t2pp	etoh_c	-0.0	-1000.0	0.0	-0.0	Inf
FACOAL100t2pp	csn_c	-0.0	-0.2314736152994783	0.0	-0.0	Inf
FACOAL100t2pp	fald_c	-0.0	0.0	0.0	Inf	Inf
FACOAL100t2pp	fc1p_c	-0.0	-0.09887879406753919	0.0	-0.0	Inf
FACOAL100t2pp	fcl__L_c	-0.0	0.0	0.0	Inf	Inf
FACOAL100t2pp	aso4_c	0.0	0.0	0.0	Inf	Inf
FACOAL100t2pp	cyan_c	0.0	0.0	0.0	Inf	Inf
FACOAL100t2pp	athtp_c	0.0	0.0	0.0	Inf	Inf
FACOAL100t2pp	cytd_c	-0.0	-0.1123272785137332	0.0	-0.0	Inf
FACOAL100t2pp	dad_2_c	-0.0	0.0	0.0	Inf	Inf
FACOAL100t2pp	dad_5_c	-0.0	-0.07641893636036912	0.00015744362352029185	-0.0	0.0
FACOAL100t2pp	betald_c	0.0	0.0	0.0	Inf	Inf
FACOAL100t2pp	btal_c	-0.0	-513.7416921414481	0.0	-0.0	Inf
FACOAL100t2pp	for_c	-0.0	-0.07641893636036912	0.0017164853684204294	-0.0	0.0
FACOAL100t2pp	dcyt_c	-0.0	-0.018309643791212693	0.0	-0.0	Inf
FACOAL100t2pp	fru_c	-0.0	0.0	0.04007474101999464	Inf	0.0
FACOAL100t2pp	ca2_c	-0.0	-0.0036421958241135144	999.9963578041759	-0.0	0.0
FACOAL100t2pp	g3pe_c	-0.0	0.0	0.0	Inf	Inf
FACOAL100t2pp	g3pi_c	0.0	0.0	0.0	Inf	Inf
FACOAL100t2pp	cbm_c	-0.0	-3.220349426356372	0.0	-0.0	Inf
FACOAL100t2pp	dha_c	-0.0	-85.62361535690802	0.0	-0.0	Inf
FACOAL100t2pp	gal_c	-0.0	0.0	0.0	Inf	Inf
FACOAL100t2pp	dhgly_c	-0.0	-0.00015604412464455592	0.01001868525499866	-0.0	0.0
FACOAL100t2pp	dhmptp_c	0.0	0.0	0.0	Inf	Inf
FACOAL100t2pp	gcald_c	-0.0	-2.030734355930007	0.00046813237395326723	-0.0	0.0
FACOAL100t2pp	dhptd_c	-0.0	-49.7566324843416	0.00031348774813125913	-0.0	0.0
FACOAL100t2pp	cechddd_c	-0.0	0.0	0.0	Inf	Inf
FACOAL100t2pp	dhptdn_c	0.0	0.0	0.0	Inf	Inf
FACOAL100t2pp	chol_c	0.0	0.0	0.0	Inf	Inf
FACOAL100t2pp	chtbs6p_c	-0.0	0.0	0.0	Inf	Inf
FACOAL100t2pp	dmbzid_c	0.0	0.0	0.0	Inf	Inf
FACOAL100t2pp	dms_c	0.0	0.0	0.0	Inf	Inf
FACOAL100t2pp	dmso_c	0.0	0.0	0.0	Inf	Inf
FACOAL100t2pp	cl_c	-0.0	-0.0036421958241027513	999.9963578041759	-0.0	0.0
FACOAL100t2pp	glc__D_c	-0.0	-2.030734355930007	0.04007474101999464	-0.0	0.0
FACOAL100t2pp	co2_c	-0.0	-968.7235850288631	31.276414971136887	-0.0	0.0
FACOAL100t2pp	dscl_c	-0.0	-0.00015604412464455592	0.0021091968957891918	-0.0	0.0
FACOAL100t2pp	dtdp4aaddg_c	-0.0	0.0	0.0	Inf	Inf
FACOAL100t2pp	glyald_c	-0.0	-1000.0	0.0	-0.0	Inf
FACOAL100t2pp	crn_c	-0.0	-1000.0	0.0	-0.0	Inf
FACOAL100t2pp	duri_c	-0.0	-0.018309643791212693	0.0	-0.0	Inf
FACOAL100t2pp	glyb_c	0.0	0.0	0.0	Inf	Inf
FACOAL100t2pp	glyc_c	-0.0	-73.39167030592115	0.0	-0.0	Inf
FACOAL100t2pp	dxyl_c	0.0	0.0	0.0	Inf	Inf
FACOAL100t2pp	glycogen_c	-0.0	-2.030734355930007	0.0	-0.0	Inf
FACOAL100t2pp	gmhep1p_c	-0.0	0.0	0.04007474101999464	Inf	0.0
FACOAL100t2pp	lipa_cold_c	-0.0	0.0	0.0	Inf	Inf
FACOAL100t2pp	lipidA_c	-0.0	-0.013614325063144861	0.0013358247006664881	-0.0	0.0
FACOAL100t2pp	malt_c	0.0	0.0	0.0	Inf	Inf
FACOAL100t2pp	h2_c	-0.0	0.0	0.0	Inf	Inf
FACOAL100t2pp	malthx_c	-0.0	0.0	0.0	Inf	Inf
FACOAL100t2pp	maltpt_c	-0.0	0.0	0.0	Inf	Inf
FACOAL100t2pp	malttr_c	-0.0	0.0	0.0	Inf	Inf
FACOAL100t2pp	maltttr_c	-0.0	0.0	0.0	Inf	Inf
FACOAL100t2pp	h2o2_c	-0.0	-0.0009817484611600535	0.8093653687343476	-0.0	0.0
FACOAL100t2pp	man_c	-0.0	0.0	0.0	Inf	Inf
FACOAL100t2pp	mdhdhf_c	-0.0	-49.7566324843416	0.00031348774813125913	-0.0	0.0
FACOAL100t2pp	melib_c	-0.0	0.0	0.0	Inf	Inf
FACOAL100t2pp	meoh_c	-0.0	-999.9999986005012	1.3994988421472954e-06	-0.0	0.0
FACOAL100t2pp	pacald_c	-0.0	-1000.0	0.0	-0.0	Inf
FACOAL100t2pp	metsox_S__L_c	-0.0	-0.07641893636036912	0.0	-0.0	Inf
FACOAL100t2pp	mg2_c	-0.0	-0.006070326373504586	999.9939296736264	-0.0	0.0
FACOAL100t2pp	hhlipa_c	-0.0	0.0	0.0	Inf	Inf
FACOAL100t2pp	pe120_c	-0.0	0.0	0.0	Inf	Inf
FACOAL100t2pp	mobd_c	-0.0	-9.026767747855047e-05	54.952693173729294	-0.0	0.0
FACOAL100t2pp	hlipa_c	-0.0	0.0	0.0	Inf	Inf
FACOAL100t2pp	pg120_c	-0.0	0.0	0.0	Inf	Inf
FACOAL100t2pp	mql8_c	0.0	0.0	0.0	Inf	Inf
FACOAL100t2pp	mqn8_c	-0.0	0.0	0.0	Inf	Inf
FACOAL100t2pp	mthgxl_c	-0.0	-2.030734355930007	0.0	-0.0	Inf
FACOAL100t2pp	hqn_c	0.0	0.0	0.0	Inf	Inf
FACOAL100t2pp	mththf_c	-0.0	-999.9996865122519	0.00031348774813125913	-0.0	0.0
FACOAL100t2pp	n2o_c	-0.0	-1000.0	0.0	-0.0	Inf
FACOAL100t2pp	na1_c	-0.0	0.0	0.0	Inf	Inf
FACOAL100t2pp	nac_c	-0.0	0.0	0.0	Inf	Inf
FACOAL100t2pp	ncam_c	-0.0	0.0	0.0	Inf	Inf
FACOAL100t2pp	ni2_c	-0.0	-0.00022601906843135227	999.9997739809315	-0.0	0.0
FACOAL100t2pp	no_c	-0.0	-1000.0	0.0	-0.0	Inf
FACOAL100t2pp	indole_c	-0.0	-0.03977585729672866	0.02003737050999732	-0.0	0.0
FACOAL100t2pp	no2_c	-0.0	-1000.0	0.0	-0.0	Inf
FACOAL100t2pp	no3_c	0.0	0.0	0.0	Inf	Inf
FACOAL100t2pp	inost_c	0.0	0.0	0.0	Inf	Inf
FACOAL100t2pp	o2_c	-0.0	-29.783215447173415	720.219594221757	-0.0	0.0
FACOAL100t2pp	poaac_c	-0.0	-7.557870522501844	0.0	-0.0	Inf
FACOAL100t2pp	ppal_c	-0.0	0.0	0.0	Inf	Inf
FACOAL100t2pp	k_c	-0.0	-0.13658619202576144	219.81077269491718	-0.0	0.0
FACOAL100t2pp	psclys_c	-0.0	0.0	0.0	Inf	Inf
FACOAL100t2pp	lald__D_c	-0.0	0.0	0.0	Inf	Inf
FACOAL100t2pp	lald__L_c	-0.0	-2.030734355930007	0.0	-0.0	Inf
FACOAL100t2pp	ura_c	-0.0	-0.2314736152994783	0.0	-0.0	Inf
FACOAL100t2pp	pydx_c	-0.0	0.0	0.0009817484611600535	Inf	0.0
FACOAL100t2pp	uracp_c	-0.0	-3.778935261250922	0.0	-0.0	Inf
FACOAL100t2pp	pydxn_c	-0.0	0.0	0.01335824700666488	Inf	0.0
FACOAL100t2pp	urate_c	-0.0	-0.0009817484611600535	0.0	-0.0	Inf
FACOAL100t2pp	q8_c	-0.0	0.0	0.0	Inf	Inf
FACOAL100t2pp	q8h2_c	0.0	0.0	0.0	Inf	Inf
FACOAL100t2pp	urea_c	-0.0	-1000.0	0.0	-0.0	Inf
FACOAL100t2pp	uri_c	-0.0	0.0	0.0	Inf	Inf
FACOAL100t2pp	rbflvrd_c	-0.0	0.0	0.01335824700666488	Inf	0.0
FACOAL100t2pp	rbl__L_c	-0.0	-2.030734355930007	0.0	-0.0	Inf
FACOAL100t2pp	rdmbzi_c	0.0	0.0	0.0	Inf	Inf
FACOAL100t2pp	thptdn_c	0.0	0.0	0.0	Inf	Inf
FACOAL100t2pp	xan_c	-0.0	-0.07641893636036912	0.0	-0.0	Inf
FACOAL100t2pp	rephaccoa_c	-0.0	-0.0004030556756333681	0.0	-0.0	Inf
FACOAL100t2pp	rib__D_c	-0.0	0.0	0.04007474101999464	Inf	0.0
FACOAL100t2pp	xtsn_c	-0.0	0.0	0.0	Inf	Inf
FACOAL100t2pp	rml_c	-0.0	-0.09887879406753919	0.0	-0.0	Inf
FACOAL100t2pp	thym_c	-0.0	-219.81077269491718	0.0	-0.0	Inf
FACOAL100t2pp	thymd_c	-0.0	-0.018309643791212693	0.0	-0.0	Inf
FACOAL100t2pp	xu5p__L_c	-0.0	-0.6749999999981355	0.0	-0.0	Inf
FACOAL100t2pp	rmn_c	-0.0	-0.09887879406753919	0.0	-0.0	Inf
FACOAL100t2pp	xyl__D_c	0.0	0.0	0.0	Inf	Inf
FACOAL100t2pp	tmao_c	0.0	0.0	0.0	Inf	Inf
FACOAL100t2pp	xylu__D_c	-0.0	0.0	0.0	Inf	Inf
FACOAL100t2pp	xylu__L_c	-0.0	-2.030734355930007	0.0	-0.0	Inf
FACOAL100t2pp	12ppd__R_e	-0.0	-1000.0	0.0	-0.0	Inf
FACOAL100t2pp	12ppd__S_e	-0.0	-1000.0	0.0	-0.0	Inf
FACOAL100t2pp	tre_c	-0.0	-1.0153671779650035	0.0	-0.0	Inf
FACOAL100t2pp	seln_c	0.0	0.0	0.0	Inf	Inf
FACOAL100t2pp	34dhpac_e	-0.0	-1000.0	0.0	-0.0	Inf
FACOAL100t2pp	slnt_c	0.0	0.0	0.0	Inf	Inf
FACOAL100t2pp	so2_c	0.0	0.0	0.0	Inf	Inf
FACOAL100t2pp	so3_c	-0.0	-0.17344829266258827	10.990538634745858	-0.0	0.0
FACOAL100t2pp	so4_c	-0.0	-0.17648380572404676	219.81077269491718	-0.0	0.0
FACOAL100t2pp	4hoxpacd_e	-0.0	-1000.0	0.0	-0.0	Inf
FACOAL100t2pp	5mtr_e	-0.0	0.0	0.0	Inf	Inf
FACOAL100t2pp	LalaDgluMdap_e	-0.0	-1000.0	0.0	-0.0	Inf
FACOAL100t2pp	ac_e	-0.0	0.0	0.0	Inf	Inf
FACOAL100t2pp	acald_e	-0.0	-1000.0	0.0	-0.0	Inf
FACOAL100t2pp	acgal_e	-0.0	-1000.0	0.0	-0.0	Inf
FACOAL100t2pp	acgam_e	-0.0	-1000.0	0.0	-0.0	Inf
FACOAL100t2pp	acmana_e	-0.0	-1000.0	0.0	-0.0	Inf
FACOAL100t2pp	tagur_c	-0.0	0.0	0.0	Inf	Inf
FACOAL100t2pp	tartr__L_c	-0.0	-1.0153671779650035	0.0	-0.0	Inf
FACOAL100t2pp	ade_e	-0.0	-1000.0	0.0	-0.0	Inf
FACOAL100t2pp	adn_e	-0.0	-1000.0	0.0	-0.0	Inf
FACOAL100t2pp	all__D_e	-0.0	-1000.0	0.0	-0.0	Inf
FACOAL100t2pp	cl_e	-0.0	-0.0036421958241135144	999.9963578041759	-0.0	0.0
FACOAL100t2pp	alltn_e	-0.0	0.0	0.0	Inf	Inf
FACOAL100t2pp	cm_e	-0.0	-1000.0	0.0	-0.0	Inf
FACOAL100t2pp	co2_e	-0.0	-968.7235850288631	31.276414971136887	-0.0	0.0
FACOAL100t2pp	arab__L_e	-0.0	-1000.0	0.0	-0.0	Inf
FACOAL100t2pp	arbt_e	-0.0	-1000.0	0.0	-0.0	Inf
FACOAL100t2pp	unagamu_c	-0.0	0.0	0.001541336193076717	Inf	0.0
FACOAL100t2pp	crn_e	-0.0	-1000.0	0.0	-0.0	Inf
FACOAL100t2pp	csn_e	-0.0	-1000.0	0.0	-0.0	Inf
FACOAL100t2pp	cyan_e	-0.0	-1000.0	0.0	-0.0	Inf
FACOAL100t2pp	glyb_e	-0.0	-1000.0	0.0	-0.0	Inf
FACOAL100t2pp	glyc_e	-0.0	-1000.0	0.0	-0.0	Inf
FACOAL100t2pp	cytd_e	-0.0	-1000.0	0.0	-0.0	Inf
FACOAL100t2pp	ca2_e	-0.0	-0.0036421958241135144	999.9963578041759	-0.0	0.0
FACOAL100t2pp	dad_2_e	-0.0	-1000.0	0.0	-0.0	Inf
FACOAL100t2pp	dcyt_e	-0.0	-1000.0	0.0	-0.0	Inf
FACOAL100t2pp	chol_e	-0.0	-1000.0	0.0	-0.0	Inf
FACOAL100t2pp	dha_e	-0.0	-1000.0	0.0	-0.0	Inf
FACOAL100t2pp	ppal_e	-0.0	-1000.0	0.0	-0.0	Inf
FACOAL100t2pp	h2_e	-0.0	-1000.0	0.0	-0.0	Inf
FACOAL100t2pp	dms_e	-0.0	-1000.0	0.0	-0.0	Inf
FACOAL100t2pp	dmso_e	-0.0	-1000.0	0.0	-0.0	Inf
FACOAL100t2pp	h2o2_e	-0.0	-1000.0	0.0	-0.0	Inf
FACOAL100t2pp	psclys_e	-0.0	-1000.0	0.0	-0.0	Inf
FACOAL100t2pp	duri_e	-0.0	-1000.0	0.0	-0.0	Inf
FACOAL100t2pp	pydx_e	-0.0	-1000.0	0.0	-0.0	Inf
FACOAL100t2pp	pydxn_e	-0.0	-1000.0	0.0	-0.0	Inf
FACOAL100t2pp	etoh_e	-0.0	-1000.0	0.0	-0.0	Inf
FACOAL100t2pp	fald_e	-0.0	0.0	0.0	Inf	Inf
FACOAL100t2pp	rib__D_e	-0.0	-1000.0	0.0	-0.0	Inf
FACOAL100t2pp	rmn_e	-0.0	-1000.0	0.0	-0.0	Inf
FACOAL100t2pp	indole_e	-0.0	-1000.0	0.0	-0.0	Inf
FACOAL100t2pp	inost_e	-0.0	-1000.0	0.0	-0.0	Inf
FACOAL100t2pp	sbt__D_e	-0.0	-2.030734355930007	0.0	-0.0	Inf
FACOAL100t2pp	k_e	-0.0	-0.13658619202578848	999.8634138079742	-0.0	0.0
FACOAL100t2pp	for_e	-0.0	0.0	0.0017164853684204294	Inf	0.0
FACOAL100t2pp	slnt_e	-0.0	0.0	1000.0	Inf	0.0
FACOAL100t2pp	fru_e	-0.0	-1000.0	0.0	-0.0	Inf
FACOAL100t2pp	so2_e	-0.0	-1000.0	0.0	-0.0	Inf
FACOAL100t2pp	so3_e	-0.0	-1000.0	0.0	-0.0	Inf
FACOAL100t2pp	so4_e	-0.0	-0.17648380572404676	999.823516194276	-0.0	0.0
FACOAL100t2pp	lipa_cold_e	-0.0	-1000.0	0.0	-0.0	Inf
FACOAL100t2pp	sucr_e	-0.0	-1000.0	0.0	-0.0	Inf
FACOAL100t2pp	g3pe_e	-0.0	-1000.0	0.0	-0.0	Inf
FACOAL100t2pp	malt_e	-0.0	-1000.0	0.0	-0.0	Inf
FACOAL100t2pp	tartr__L_e	-0.0	-1000.0	0.0	-0.0	Inf
FACOAL100t2pp	g3pi_e	-0.0	-1000.0	0.0	-0.0	Inf
FACOAL100t2pp	malthx_e	-0.0	-1000.0	0.0	-0.0	Inf
FACOAL100t2pp	maltpt_e	-0.0	-1000.0	0.0	-0.0	Inf
FACOAL100t2pp	gal_e	-0.0	-1000.0	0.0	-0.0	Inf
FACOAL100t2pp	gal_bD_e	-0.0	-1000.0	0.0	-0.0	Inf
FACOAL100t2pp	malttr_e	-0.0	-1000.0	0.0	-0.0	Inf
FACOAL100t2pp	maltttr_e	-0.0	-1000.0	0.0	-0.0	Inf
FACOAL100t2pp	man_e	-0.0	-1000.0	0.0	-0.0	Inf
FACOAL100t2pp	thym_e	-0.0	-1000.0	0.0	-0.0	Inf
FACOAL100t2pp	thymd_e	-0.0	-1000.0	0.0	-0.0	Inf
FACOAL100t2pp	galt_e	-0.0	-0.09887879406753919	0.0	-0.0	Inf
FACOAL100t2pp	melib_e	-0.0	-1000.0	0.0	-0.0	Inf
FACOAL100t2pp	meoh_e	-0.0	-999.9999986005012	1.3994988421472954e-06	-0.0	0.0
FACOAL100t2pp	tmao_e	-0.0	-1000.0	0.0	-0.0	Inf
FACOAL100t2pp	tre_e	-0.0	-1000.0	0.0	-0.0	Inf
FACOAL100t2pp	metsox_S__L_e	-0.0	-1000.0	0.0	-0.0	Inf
FACOAL100t2pp	glc__D_e	-0.0	-2.030734355930007	0.04007474101999464	-0.0	0.0
FACOAL100t2pp	mg2_e	-0.0	-0.00607032637356042	999.9939296736264	-0.0	0.0
FACOAL100t2pp	mnl_e	-0.0	-1000.0	0.0	-0.0	Inf
FACOAL100t2pp	mobd_e	-0.0	-9.026767747855047e-05	999.9999097323225	-0.0	0.0
FACOAL100t2pp	glyald_e	-0.0	-1000.0	0.0	-0.0	Inf
FACOAL100t2pp	n2o_e	-0.0	-1000.0	0.0	-0.0	Inf
FACOAL100t2pp	na1_e	-0.0	0.0	1000.0	Inf	0.0
FACOAL100t2pp	nac_e	-0.0	-1000.0	0.0	-0.0	Inf
FACOAL100t2pp	ni2_e	-0.0	-0.0002260190684637564	999.9997739809315	-0.0	0.0
FACOAL100t2pp	no_e	-0.0	-1000.0	0.0	-0.0	Inf
FACOAL100t2pp	no2_e	-0.0	-1000.0	0.0	-0.0	Inf
FACOAL100t2pp	ura_e	-0.0	-1000.0	0.0	-0.0	Inf
FACOAL100t2pp	no3_e	-0.0	-1000.0	0.0	-0.0	Inf
FACOAL100t2pp	urea_e	-0.0	-1000.0	0.0	-0.0	Inf
FACOAL100t2pp	novbcn_e	-0.0	-1000.0	0.0	-0.0	Inf
FACOAL100t2pp	uri_e	-0.0	-1000.0	0.0	-0.0	Inf
FACOAL100t2pp	o2_e	-0.0	-279.780405778243	720.219594221757	-0.0	0.0
FACOAL100t2pp	xan_e	-0.0	0.0	0.0	Inf	Inf
FACOAL100t2pp	xtsn_e	-0.0	-1000.0	0.0	-0.0	Inf
FACOAL100t2pp	xyl__D_e	-0.0	-1000.0	0.0	-0.0	Inf
FACOAL100t2pp	xylu__L_e	-0.0	-1000.0	0.0	-0.0	Inf
FACOAL100t2pp	pacald_e	-0.0	-1000.0	0.0	-0.0	Inf
FACOAL100t2pp	12dgr120_p	-0.0	0.0	0.0	Inf	Inf
FACOAL100t2pp	12dgr140_p	-0.0	0.0	0.0	Inf	Inf
FACOAL100t2pp	12dgr160_p	-0.0	-0.044653810628106236	0.0	-0.0	Inf
FACOAL100t2pp	12dgr180_p	-0.0	0.0	0.0	Inf	Inf
FACOAL100t2pp	12ppd__R_p	-0.0	-1000.0	0.0	-0.0	Inf
FACOAL100t2pp	12ppd__S_p	-0.0	0.0	0.0	Inf	Inf
FACOAL100t2pp	chol_p	-0.0	-1000.0	0.0	-0.0	Inf
FACOAL100t2pp	cl_p	-0.0	-0.0036421958241135144	999.9963578041759	-0.0	0.0
FACOAL100t2pp	34dhpac_p	-0.0	-1000.0	0.0	-0.0	Inf
FACOAL100t2pp	cm_p	-0.0	0.0	0.0	Inf	Inf
FACOAL100t2pp	4hoxpacd_p	-0.0	-1000.0	0.0	-0.0	Inf
FACOAL100t2pp	co2_p	-0.0	-968.7235850288631	31.276414971136887	-0.0	0.0
FACOAL100t2pp	5mtr_p	-0.0	0.0	0.0	Inf	Inf
FACOAL100t2pp	LalaDgluMdap_p	-0.0	0.0	0.0	Inf	Inf
FACOAL100t2pp	gal_p	-0.0	-1000.0	0.0	-0.0	Inf
FACOAL100t2pp	ac_p	-0.0	-2.030734355930007	0.0	-0.0	Inf
FACOAL100t2pp	crn_p	-0.0	-1000.0	0.0	-0.0	Inf
FACOAL100t2pp	gal_bD_p	-0.0	-1000.0	0.0	-0.0	Inf
FACOAL100t2pp	acald_p	-0.0	-1000.0	0.0	-0.0	Inf
FACOAL100t2pp	acgal_p	-0.0	-1000.0	0.0	-0.0	Inf
FACOAL100t2pp	csn_p	-0.0	0.0	0.0	Inf	Inf
FACOAL100t2pp	acgam_p	-0.0	-1000.0	0.0	-0.0	Inf
FACOAL100t2pp	galt_p	-0.0	-0.09887879406753919	0.0	-0.0	Inf
FACOAL100t2pp	acmana_p	-0.0	-1000.0	0.0	-0.0	Inf
FACOAL100t2pp	cyan_p	-0.0	0.0	0.0	Inf	Inf
FACOAL100t2pp	ade_p	-0.0	-1000.0	0.0	-0.0	Inf
FACOAL100t2pp	adn_p	-0.0	0.0	0.00047093137165155096	Inf	0.0
FACOAL100t2pp	cytd_p	-0.0	-0.1123272785137332	0.0	-0.0	Inf
FACOAL100t2pp	glc__D_p	-0.0	-2.030734355930007	0.04007474101999464	-0.0	0.0
FACOAL100t2pp	dad_2_p	-0.0	-1000.0	0.0	-0.0	Inf
FACOAL100t2pp	dcyt_p	-0.0	-1000.0	0.0	-0.0	Inf
FACOAL100t2pp	all__D_p	-0.0	0.0	0.0	Inf	Inf
FACOAL100t2pp	alltn_p	-0.0	0.0	0.0	Inf	Inf
FACOAL100t2pp	dha_p	-0.0	-1000.0	0.0	-0.0	Inf
FACOAL100t2pp	glyald_p	-0.0	-1000.0	0.0	-0.0	Inf
FACOAL100t2pp	glyb_p	0.0	0.0	0.0	Inf	Inf
FACOAL100t2pp	dms_p	-0.0	-1000.0	0.0	-0.0	Inf
FACOAL100t2pp	glyc_p	-0.0	-73.39167030592115	0.0	-0.0	Inf
FACOAL100t2pp	dmso_p	-0.0	-1000.0	0.0	-0.0	Inf
FACOAL100t2pp	arab__L_p	-0.0	0.0	0.0	Inf	Inf
FACOAL100t2pp	arbt_p	0.0	0.0	0.0	Inf	Inf
FACOAL100t2pp	ca2_p	-0.0	-0.0036421958241135144	999.9963578041759	-0.0	0.0
FACOAL100t2pp	duri_p	-0.0	-1000.0	0.0	-0.0	Inf
FACOAL100t2pp	h2_p	-0.0	-1000.0	0.0	-0.0	Inf
FACOAL100t2pp	h2o2_p	-0.0	-1000.0	0.0	-0.0	Inf
FACOAL100t2pp	etoh_p	-0.0	-1000.0	0.0	-0.0	Inf
FACOAL100t2pp	fald_p	-0.0	0.0	0.0	Inf	Inf
FACOAL100t2pp	n2o_p	-0.0	-1000.0	0.0	-0.0	Inf
FACOAL100t2pp	na1_p	-0.0	0.0	0.0	Inf	Inf
FACOAL100t2pp	indole_p	-0.0	0.0	0.02003737050999732	Inf	0.0
FACOAL100t2pp	nac_p	-0.0	-1000.0	0.0	-0.0	Inf
FACOAL100t2pp	ni2_p	-0.0	-0.0002260190684637564	999.9997739809315	-0.0	0.0
FACOAL100t2pp	inost_p	-0.0	-1000.0	0.0	-0.0	Inf
FACOAL100t2pp	no_p	-0.0	-1000.0	0.0	-0.0	Inf
FACOAL100t2pp	no2_p	-0.0	-1000.0	0.0	-0.0	Inf
FACOAL100t2pp	for_p	-0.0	0.0	0.0017164853684204294	Inf	0.0
FACOAL100t2pp	fru_p	-0.0	-1000.0	0.0	-0.0	Inf
FACOAL100t2pp	no3_p	-0.0	0.0	0.0	Inf	Inf
FACOAL100t2pp	k_p	-0.0	-0.13658619202578848	999.8634138079742	-0.0	0.0
FACOAL100t2pp	novbcn_p	-0.0	0.0	0.0	Inf	Inf
FACOAL100t2pp	o2_p	-0.0	-279.780405778243	720.219594221757	-0.0	0.0
FACOAL100t2pp	lipa_cold_p	-0.0	-54.952693173729294	0.0	-0.0	Inf
FACOAL100t2pp	g3pe_p	-0.0	0.0	0.0	Inf	Inf
FACOAL100t2pp	g3pi_p	-0.0	0.0	0.0	Inf	Inf
FACOAL100t2pp	so3_p	-0.0	-1000.0	0.0	-0.0	Inf
FACOAL100t2pp	so4_p	-0.0	-0.17648380572404676	999.823516194276	-0.0	0.0
FACOAL100t2pp	malt_p	0.0	0.0	0.0	Inf	Inf
FACOAL100t2pp	malthx_p	0.0	0.0	0.0	Inf	Inf
FACOAL100t2pp	maltpt_p	0.0	0.0	0.0	Inf	Inf
FACOAL100t2pp	sucr_p	-0.0	-1000.0	0.0	-0.0	Inf
FACOAL100t2pp	malttr_p	0.0	0.0	0.0	Inf	Inf
FACOAL100t2pp	maltttr_p	0.0	0.0	0.0	Inf	Inf
FACOAL100t2pp	pacald_p	-0.0	-1000.0	0.0	-0.0	Inf
FACOAL100t2pp	man_p	-0.0	-1000.0	0.0	-0.0	Inf
FACOAL100t2pp	tartr__L_p	-0.0	-1000.0	0.0	-0.0	Inf
FACOAL100t2pp	pe120_p	-0.0	0.0	0.0	Inf	Inf
FACOAL100t2pp	melib_p	-0.0	-1000.0	0.0	-0.0	Inf
FACOAL100t2pp	meoh_p	-0.0	-999.9999986005012	1.3994988421472954e-06	-0.0	0.0
FACOAL100t2pp	thym_p	-0.0	-1000.0	0.0	-0.0	Inf
FACOAL100t2pp	thymd_p	-0.0	-0.018309643791212693	0.0	-0.0	Inf
FACOAL100t2pp	pg120_p	-0.0	0.0	0.0	Inf	Inf
FACOAL100t2pp	metsox_S__L_p	-0.0	-1000.0	0.0	-0.0	Inf
FACOAL100t2pp	tmao_p	-0.0	-1000.0	0.0	-0.0	Inf
FACOAL100t2pp	mg2_p	-0.0	-0.006070326373504586	999.9939296736264	-0.0	0.0
FACOAL100t2pp	tre_p	-0.0	0.0	0.0	Inf	Inf
FACOAL100t2pp	mnl_p	-0.0	0.0	0.0	Inf	Inf
FACOAL100t2pp	mobd_p	-0.0	-9.026767747855047e-05	999.9999097323225	-0.0	0.0
FACOAL100t2pp	ura_p	-0.0	-1000.0	0.0	-0.0	Inf
FACOAL100t2pp	urea_p	-0.0	-1000.0	0.0	-0.0	Inf
FACOAL100t2pp	uri_p	-0.0	0.0	0.0	Inf	Inf
FACOAL100t2pp	xan_p	-0.0	-0.07641893636036912	0.0	-0.0	Inf
FACOAL100t2pp	xtsn_p	-0.0	0.0	0.0	Inf	Inf
FACOAL100t2pp	xyl__D_p	-0.0	0.0	0.0	Inf	Inf
FACOAL100t2pp	xylu__L_p	-0.0	-1000.0	0.0	-0.0	Inf
FACOAL100t2pp	ppal_p	-0.0	-1000.0	0.0	-0.0	Inf
FACOAL100t2pp	psclys_p	-0.0	-1000.0	0.0	-0.0	Inf
FACOAL100t2pp	pydx_p	-0.0	0.0	0.0	Inf	Inf
FACOAL100t2pp	pydxn_p	-0.0	0.0	0.0	Inf	Inf
FACOAL100t2pp	rib__D_p	-0.0	-1000.0	0.0	-0.0	Inf
FACOAL100t2pp	rmn_p	-0.0	-1000.0	0.0	-0.0	Inf
FACOAL100t2pp	sbt__D_p	-0.0	-2.030734355930007	0.0	-0.0	Inf
FACOAL100t2pp	slnt_p	-0.0	0.0	0.0	Inf	Inf
FACOAL100t2pp	so2_p	-0.0	-1000.0	0.0	-0.0	Inf
