Reaction	Metabolite	ShadowPrice	G-	G+	DecrementalShadowPrice	IncrementalShadowPrice
GLYAT_f	12dgr120_c	-0.0	0.0	0.0	Inf	Inf
GLYAT_f	12dgr140_c	-0.0	0.0	0.0	Inf	Inf
GLYAT_f	12dgr160_c	-0.0	-0.02086921222974303	0.0	-0.0	Inf
GLYAT_f	12dgr180_c	-0.0	0.0	0.0	Inf	Inf
GLYAT_f	12ppd__R_c	-0.0	-1000.0	0.0	-0.0	Inf
GLYAT_f	12ppd__S_c	-0.0	0.0	0.0	Inf	Inf
GLYAT_f	5drib_c	-0.0	-999.9998425563765	0.00015744362352029185	-0.0	0.0
GLYAT_f	5mta_c	-0.0	-0.07813542173107635	0.0	-0.0	Inf
GLYAT_f	23dhacoa_c	-0.0	-0.0004030556757470549	0.0	-0.0	Inf
GLYAT_f	5mtr_c	-0.0	-1000.0	0.0	-0.0	Inf
GLYAT_f	3amac_c	-0.0	-6.429460176999164	0.0	-0.0	Inf
GLYAT_f	LalaDgluMdap_c	-0.0	-0.019444637379474976	0.0	-0.0	Inf
GLYAT_f	ac_c	-0.0	-0.6678147913517752	0.4076572285148966	-0.0	0.0
GLYAT_f	acald_c	-0.0	0.0	5.3779148062811855	Inf	0.0
GLYAT_f	acetol_c	-0.0	0.0	0.0	Inf	Inf
GLYAT_f	acgam_c	-0.0	-0.06611792488527618	0.0	-0.0	Inf
GLYAT_f	acgam6p_c	-0.0	-0.06611792488527618	0.0	-0.0	Inf
GLYAT_f	acmalt_c	0.0	0.0	0.0	Inf	Inf
GLYAT_f	acmana_c	-0.0	-0.06611792488527618	0.0	-0.0	Inf
GLYAT_f	2dmmq8_c	-0.0	0.0	0.0	Inf	Inf
GLYAT_f	2dmmql8_c	0.0	0.0	0.0	Inf	Inf
GLYAT_f	ade_c	-0.0	-0.07813542173107635	0.00047093137165155096	-0.0	0.0
GLYAT_f	adn_c	-0.0	0.0	0.00047093137165155096	Inf	0.0
GLYAT_f	3sala_c	0.0	0.0	0.0	Inf	Inf
GLYAT_f	adphep_DD_c	-0.0	0.0	0.0	Inf	Inf
GLYAT_f	adphep_LD_c	-0.0	0.0	0.0	Inf	Inf
GLYAT_f	4ahmmp_c	0.0	0.0	0.0	Inf	Inf
GLYAT_f	4crsol_c	-0.0	-999.9998439558753	0.00015604412464455592	-0.0	0.0
GLYAT_f	2ohph_c	-0.0	-0.00015604412464455592	0.2573778725060436	-0.0	0.0
GLYAT_f	2ombzl_c	-0.0	0.0	0.0	Inf	Inf
GLYAT_f	2omhmbl_c	-0.0	0.0	0.0	Inf	Inf
GLYAT_f	2ommbl_c	0.0	0.0	0.0	Inf	Inf
GLYAT_f	2omph_c	-0.0	0.0	0.23156252842773617	Inf	0.0
GLYAT_f	4mhetz_c	0.0	0.0	0.0	Inf	Inf
GLYAT_f	2oph_c	-0.0	-0.00015604412464455592	0.2573778725060436	-0.0	0.0
GLYAT_f	2oxpaccoa_c	-0.0	-0.0004030556757470549	0.0	-0.0	Inf
GLYAT_f	all__D_c	-0.0	-0.3339073956758882	0.0	-0.0	Inf
GLYAT_f	alltn_c	-0.0	0.0	0.0	Inf	Inf
GLYAT_f	4r5au_c	-0.0	-0.00031208825021167286	1.4619513563007287	-0.0	0.0
GLYAT_f	56dura_c	0.0	0.0	0.0	Inf	Inf
GLYAT_f	arab__L_c	-0.0	-0.5339697666757957	0.0	-0.0	Inf
GLYAT_f	etoh_c	-0.0	-1000.0	0.0	-0.0	Inf
GLYAT_f	csn_c	-0.0	0.0	0.1265881720570391	Inf	0.0
GLYAT_f	fald_c	-0.0	0.0	0.0	Inf	Inf
GLYAT_f	fc1p_c	-0.0	0.0	0.0	Inf	Inf
GLYAT_f	fcl__L_c	-0.0	0.0	0.0	Inf	Inf
GLYAT_f	aso4_c	0.0	0.0	0.0	Inf	Inf
GLYAT_f	cyan_c	0.0	0.0	0.0	Inf	Inf
GLYAT_f	athtp_c	0.0	0.0	0.0	Inf	Inf
GLYAT_f	cytd_c	-0.0	-0.11232727851373321	0.0	-0.0	Inf
GLYAT_f	dad_2_c	-0.0	0.0	0.0	Inf	Inf
GLYAT_f	dad_5_c	-0.0	-0.07813542173107635	0.00015744362352029185	-0.0	0.0
GLYAT_f	betald_c	0.0	0.0	0.0	Inf	Inf
GLYAT_f	btal_c	-0.0	-246.59084484305654	0.0	-0.0	Inf
GLYAT_f	for_c	-0.0	-6.429460176999173	0.0017164853734226502	-0.0	0.0
GLYAT_f	dcyt_c	-0.0	0.0	0.0	Inf	Inf
GLYAT_f	fru_c	-0.0	-0.33390739567588823	0.0	-0.0	Inf
GLYAT_f	ca2_c	-0.0	-0.0036421958241135144	999.9963578041759	-0.0	0.0
GLYAT_f	g3pe_c	-0.0	0.0	0.0	Inf	Inf
GLYAT_f	g3pi_c	0.0	0.0	0.0	Inf	Inf
GLYAT_f	cbm_c	-0.0	-3.2147300884995866	0.0	-0.0	Inf
GLYAT_f	dha_c	-0.0	-0.667814791351774	4.995000467360863	-0.0	0.0
GLYAT_f	gal_c	-0.0	0.0	0.0	Inf	Inf
GLYAT_f	dhgly_c	-0.0	-0.00015604412464455592	0.9081819031565134	-0.0	0.0
GLYAT_f	dhmptp_c	0.0	0.0	0.0	Inf	Inf
GLYAT_f	gcald_c	-0.0	-0.6678147913517753	0.0004681323734985199	-0.0	0.0
GLYAT_f	dhptd_c	-0.0	-49.75663248434093	0.00031348774813125913	-0.0	0.0
GLYAT_f	cechddd_c	-0.0	0.0	0.0	Inf	Inf
GLYAT_f	dhptdn_c	0.0	0.0	0.0	Inf	Inf
GLYAT_f	chol_c	0.0	0.0	0.0	Inf	Inf
GLYAT_f	chtbs6p_c	-0.0	0.0	0.0	Inf	Inf
GLYAT_f	dmbzid_c	0.0	0.0	0.0	Inf	Inf
GLYAT_f	dms_c	0.0	0.0	0.0	Inf	Inf
GLYAT_f	dmso_c	0.0	0.0	0.0	Inf	Inf
GLYAT_f	cl_c	-0.0	-0.0036421958241027513	999.9963578041759	-0.0	0.0
GLYAT_f	glc__D_c	-0.0	-0.33390739567588823	0.0	-0.0	Inf
GLYAT_f	co2_c	-0.0	-968.723585028895	31.27469848573162	-0.0	0.0
GLYAT_f	dscl_c	-0.0	-0.00015604412464455592	0.18026530076920194	-0.0	0.0
GLYAT_f	dtdp4aaddg_c	-0.0	0.0	0.0	Inf	Inf
GLYAT_f	glyald_c	-0.0	-1000.0	0.0	-0.0	Inf
GLYAT_f	crn_c	-0.0	-1000.0	0.0	-0.0	Inf
GLYAT_f	duri_c	-0.0	0.0	1.402934297290745	Inf	0.0
GLYAT_f	glyb_c	0.0	0.0	0.0	Inf	Inf
GLYAT_f	glyc_c	-0.0	-0.09728476484790727	0.0	-0.0	Inf
GLYAT_f	dxyl_c	0.0	0.0	0.0	Inf	Inf
GLYAT_f	glycogen_c	-0.0	-0.3339073956758882	0.0	-0.0	Inf
GLYAT_f	gmhep1p_c	-0.0	0.0	0.07500000000118127	Inf	0.0
GLYAT_f	lipa_cold_c	-0.0	0.0	0.0	Inf	Inf
GLYAT_f	lipidA_c	-0.0	-0.011925264131281747	0.03750000000059117	-0.0	0.0
GLYAT_f	malt_c	0.0	0.0	0.0	Inf	Inf
GLYAT_f	h2_c	-0.0	0.0	0.0	Inf	Inf
GLYAT_f	malthx_c	-0.0	0.0	0.0	Inf	Inf
GLYAT_f	maltpt_c	-0.0	0.0	0.0	Inf	Inf
GLYAT_f	malttr_c	-0.0	0.0	0.0	Inf	Inf
GLYAT_f	maltttr_c	-0.0	0.0	0.0	Inf	Inf
GLYAT_f	h2o2_c	-0.0	-0.0011377925858046096	11.691446293969875	-0.0	0.0
GLYAT_f	man_c	-0.0	0.0	0.0	Inf	Inf
GLYAT_f	mdhdhf_c	-0.0	-49.75663248434093	0.00031348774813125913	-0.0	0.0
GLYAT_f	melib_c	-0.0	0.0	0.0	Inf	Inf
GLYAT_f	meoh_c	-0.0	-999.9999986005012	1.3994988421472954e-06	-0.0	0.0
GLYAT_f	pacald_c	-0.0	-1000.0	0.0	-0.0	Inf
GLYAT_f	metsox_S__L_c	-0.0	-0.06678147913517775	0.0	-0.0	Inf
GLYAT_f	mg2_c	-0.0	-0.006070326373504586	863.0679569506979	-0.0	0.0
GLYAT_f	hhlipa_c	-0.0	0.0	0.0	Inf	Inf
GLYAT_f	pe120_c	-0.0	0.0	0.0	Inf	Inf
GLYAT_f	mobd_c	-0.0	-9.026767747855047e-05	67.23996919220406	-0.0	0.0
GLYAT_f	hlipa_c	-0.0	0.0	0.0	Inf	Inf
GLYAT_f	pg120_c	-0.0	0.0	0.0	Inf	Inf
GLYAT_f	mql8_c	0.0	0.0	0.0	Inf	Inf
GLYAT_f	mqn8_c	-0.0	0.0	0.0	Inf	Inf
GLYAT_f	mthgxl_c	-0.0	-0.667814791351774	0.0	-0.0	Inf
GLYAT_f	hqn_c	0.0	0.0	0.0	Inf	Inf
GLYAT_f	mththf_c	-0.0	-999.9996865122519	0.00031348774813125913	-0.0	0.0
GLYAT_f	n2o_c	-0.0	-1000.0	0.0	-0.0	Inf
GLYAT_f	na1_c	-0.0	0.0	0.0	Inf	Inf
GLYAT_f	nac_c	-0.0	0.0	0.0	Inf	Inf
GLYAT_f	ncam_c	-0.0	0.0	0.0	Inf	Inf
GLYAT_f	ni2_c	-0.0	-0.00022601906843135227	999.9997739809315	-0.0	0.0
GLYAT_f	no_c	-0.0	-1000.0	0.0	-0.0	Inf
GLYAT_f	indole_c	-0.0	-0.03977585729672866	0.6678147913517819	-0.0	0.0
GLYAT_f	no2_c	-0.0	-1000.0	0.0	-0.0	Inf
GLYAT_f	no3_c	0.0	0.0	0.0	Inf	Inf
GLYAT_f	inost_c	0.0	0.0	0.0	Inf	Inf
GLYAT_f	o2_c	-0.0	-29.78321544714454	970.2167845528554	-0.0	0.0
GLYAT_f	poaac_c	-0.0	-7.557870522513554	0.0	-0.0	Inf
GLYAT_f	ppal_c	-0.0	0.0	0.0	Inf	Inf
GLYAT_f	k_c	-0.0	-0.13658619202576144	268.95987676881623	-0.0	0.0
GLYAT_f	psclys_c	-0.0	0.0	0.0	Inf	Inf
GLYAT_f	lald__D_c	-0.0	0.0	0.0	Inf	Inf
GLYAT_f	lald__L_c	-0.0	0.0	0.0	Inf	Inf
GLYAT_f	ura_c	-0.0	-0.22260493045059163	0.0	-0.0	Inf
GLYAT_f	pydx_c	-0.0	0.0	1.5365470875089098	Inf	0.0
GLYAT_f	uracp_c	-0.0	-3.778935261256777	0.0	-0.0	Inf
GLYAT_f	pydxn_c	-0.0	0.0	1.5365470875089098	Inf	0.0
GLYAT_f	urate_c	-0.0	0.0	0.0	Inf	Inf
GLYAT_f	q8_c	-0.0	0.0	0.0	Inf	Inf
GLYAT_f	q8h2_c	0.0	0.0	0.0	Inf	Inf
GLYAT_f	urea_c	-0.0	-1000.0	0.0	-0.0	Inf
GLYAT_f	uri_c	-0.0	0.0	0.0	Inf	Inf
GLYAT_f	rbflvrd_c	-0.0	0.0	0.7221687422690347	Inf	0.0
GLYAT_f	rbl__L_c	-0.0	-0.5339697666757957	0.0	-0.0	Inf
GLYAT_f	rdmbzi_c	0.0	0.0	0.0	Inf	Inf
GLYAT_f	thptdn_c	0.0	0.0	0.0	Inf	Inf
GLYAT_f	xan_c	-0.0	0.0	0.0	Inf	Inf
GLYAT_f	rephaccoa_c	-0.0	-0.0004030556757470549	0.0	-0.0	Inf
GLYAT_f	rib__D_c	-0.0	0.0	0.0	Inf	Inf
GLYAT_f	xtsn_c	-0.0	0.0	0.0	Inf	Inf
GLYAT_f	rml_c	-0.0	0.0	0.0	Inf	Inf
GLYAT_f	thym_c	-0.0	-268.95987676881623	0.0	-0.0	Inf
GLYAT_f	thymd_c	-0.0	-0.018309643791212693	0.0	-0.0	Inf
GLYAT_f	xu5p__L_c	-0.0	-0.5339697666757957	0.0	-0.0	Inf
GLYAT_f	rmn_c	-0.0	0.0	0.0	Inf	Inf
GLYAT_f	xyl__D_c	0.0	0.0	0.0	Inf	Inf
GLYAT_f	tmao_c	0.0	0.0	0.0	Inf	Inf
GLYAT_f	xylu__D_c	-0.0	0.0	0.0	Inf	Inf
GLYAT_f	xylu__L_c	-0.0	-0.5339697666757957	0.0	-0.0	Inf
GLYAT_f	12ppd__R_e	-0.0	-1000.0	0.0	-0.0	Inf
GLYAT_f	12ppd__S_e	-0.0	-1000.0	0.0	-0.0	Inf
GLYAT_f	tre_c	-0.0	-0.16695369783794412	0.0	-0.0	Inf
GLYAT_f	seln_c	0.0	0.0	0.0	Inf	Inf
GLYAT_f	34dhpac_e	-0.0	-1000.0	0.0	-0.0	Inf
GLYAT_f	slnt_c	0.0	0.0	0.0	Inf	Inf
GLYAT_f	so2_c	0.0	0.0	0.0	Inf	Inf
GLYAT_f	so3_c	-0.0	-0.17344829266270195	12.289767434401679	-0.0	0.0
GLYAT_f	so4_c	-0.0	-0.17648380572416045	268.95987676881623	-0.0	0.0
GLYAT_f	4hoxpacd_e	-0.0	-1000.0	0.0	-0.0	Inf
GLYAT_f	5mtr_e	-0.0	-1000.0	0.0	-0.0	Inf
GLYAT_f	LalaDgluMdap_e	-0.0	-1000.0	0.0	-0.0	Inf
GLYAT_f	ac_e	-0.0	0.0	0.0	Inf	Inf
GLYAT_f	acald_e	-0.0	-1000.0	0.0	-0.0	Inf
GLYAT_f	acgal_e	-0.0	-1000.0	0.0	-0.0	Inf
GLYAT_f	acgam_e	-0.0	-1000.0	0.0	-0.0	Inf
GLYAT_f	acmana_e	-0.0	-1000.0	0.0	-0.0	Inf
GLYAT_f	tagur_c	-0.0	0.0	0.0	Inf	Inf
GLYAT_f	tartr__L_c	-0.0	-0.3339073956758876	0.0	-0.0	Inf
GLYAT_f	ade_e	-0.0	-1000.0	0.0	-0.0	Inf
GLYAT_f	adn_e	-0.0	-1000.0	0.0	-0.0	Inf
GLYAT_f	all__D_e	-0.0	-1000.0	0.0	-0.0	Inf
GLYAT_f	cl_e	-0.0	-0.0036421958241135144	999.9963578041759	-0.0	0.0
GLYAT_f	alltn_e	-0.0	0.0	0.0	Inf	Inf
GLYAT_f	cm_e	-0.0	-1000.0	0.0	-0.0	Inf
GLYAT_f	co2_e	-0.0	-968.723585028895	31.276414971105055	-0.0	0.0
GLYAT_f	arab__L_e	-0.0	-1000.0	0.0	-0.0	Inf
GLYAT_f	arbt_e	-0.0	-1000.0	0.0	-0.0	Inf
GLYAT_f	unagamu_c	-0.0	0.0	0.03750000000058904	Inf	0.0
GLYAT_f	crn_e	-0.0	-1000.0	0.0	-0.0	Inf
GLYAT_f	csn_e	-0.0	-1000.0	0.0	-0.0	Inf
GLYAT_f	cyan_e	-0.0	-1000.0	0.0	-0.0	Inf
GLYAT_f	glyb_e	-0.0	-1000.0	0.0	-0.0	Inf
GLYAT_f	glyc_e	-0.0	-1000.0	0.0	-0.0	Inf
GLYAT_f	cytd_e	-0.0	-1000.0	0.0	-0.0	Inf
GLYAT_f	ca2_e	-0.0	-0.0036421958241135144	999.9963578041759	-0.0	0.0
GLYAT_f	dad_2_e	-0.0	-1000.0	0.0	-0.0	Inf
GLYAT_f	dcyt_e	-0.0	-1000.0	0.0	-0.0	Inf
GLYAT_f	chol_e	-0.0	-1000.0	0.0	-0.0	Inf
GLYAT_f	dha_e	-0.0	-1000.0	0.0	-0.0	Inf
GLYAT_f	ppal_e	-0.0	-1000.0	0.0	-0.0	Inf
GLYAT_f	h2_e	-0.0	-1000.0	0.0	-0.0	Inf
GLYAT_f	dms_e	-0.0	-1000.0	0.0	-0.0	Inf
GLYAT_f	dmso_e	-0.0	-1000.0	0.0	-0.0	Inf
GLYAT_f	h2o2_e	-0.0	-1000.0	0.0	-0.0	Inf
GLYAT_f	psclys_e	-0.0	-1000.0	0.0	-0.0	Inf
GLYAT_f	duri_e	-0.0	-1000.0	0.0	-0.0	Inf
GLYAT_f	pydx_e	-0.0	-1000.0	0.0	-0.0	Inf
GLYAT_f	pydxn_e	-0.0	-1000.0	0.0	-0.0	Inf
GLYAT_f	etoh_e	-0.0	-1000.0	0.0	-0.0	Inf
GLYAT_f	fald_e	-0.0	0.0	0.0	Inf	Inf
GLYAT_f	rib__D_e	-0.0	-1000.0	0.0	-0.0	Inf
GLYAT_f	rmn_e	-0.0	-1000.0	0.0	-0.0	Inf
GLYAT_f	indole_e	-0.0	-1000.0	0.0	-0.0	Inf
GLYAT_f	inost_e	-0.0	-1000.0	0.0	-0.0	Inf
GLYAT_f	sbt__D_e	-0.0	-0.3339073956758861	0.0	-0.0	Inf
GLYAT_f	k_e	-0.0	-0.13658619202578848	999.8634138079742	-0.0	0.0
GLYAT_f	for_e	-0.0	0.0	0.0017164853734226502	Inf	0.0
GLYAT_f	slnt_e	-0.0	0.0	1000.0	Inf	0.0
GLYAT_f	fru_e	-0.0	-1000.0	0.0	-0.0	Inf
GLYAT_f	so2_e	-0.0	-1000.0	0.0	-0.0	Inf
GLYAT_f	so3_e	-0.0	-1000.0	0.0	-0.0	Inf
GLYAT_f	so4_e	-0.0	-0.17648380572416045	999.8235161942758	-0.0	0.0
GLYAT_f	lipa_cold_e	-0.0	-1000.0	0.0	-0.0	Inf
GLYAT_f	sucr_e	-0.0	-1000.0	0.0	-0.0	Inf
GLYAT_f	g3pe_e	-0.0	-1000.0	0.0	-0.0	Inf
GLYAT_f	malt_e	-0.0	-1000.0	0.0	-0.0	Inf
GLYAT_f	tartr__L_e	-0.0	-1000.0	0.0	-0.0	Inf
GLYAT_f	g3pi_e	-0.0	-1000.0	0.0	-0.0	Inf
GLYAT_f	malthx_e	-0.0	-1000.0	0.0	-0.0	Inf
GLYAT_f	maltpt_e	-0.0	-1000.0	0.0	-0.0	Inf
GLYAT_f	gal_e	-0.0	-1000.0	0.0	-0.0	Inf
GLYAT_f	gal_bD_e	-0.0	-1000.0	0.0	-0.0	Inf
GLYAT_f	malttr_e	-0.0	-1000.0	0.0	-0.0	Inf
GLYAT_f	maltttr_e	-0.0	-1000.0	0.0	-0.0	Inf
GLYAT_f	man_e	-0.0	-1000.0	0.0	-0.0	Inf
GLYAT_f	thym_e	-0.0	-1000.0	0.0	-0.0	Inf
GLYAT_f	thymd_e	-0.0	-1000.0	0.0	-0.0	Inf
GLYAT_f	galt_e	-0.0	-0.3339073956758882	0.0	-0.0	Inf
GLYAT_f	melib_e	-0.0	-1000.0	0.0	-0.0	Inf
GLYAT_f	meoh_e	-0.0	-999.9999986005012	1.3994988421472954e-06	-0.0	0.0
GLYAT_f	tmao_e	-0.0	-1000.0	0.0	-0.0	Inf
GLYAT_f	tre_e	-0.0	-1000.0	0.0	-0.0	Inf
GLYAT_f	metsox_S__L_e	-0.0	-1000.0	0.0	-0.0	Inf
GLYAT_f	glc__D_e	-0.0	-0.333907395675887	2.6889574031405927	-0.0	0.0
GLYAT_f	mg2_e	-0.0	-0.00607032637356042	999.9939296736264	-0.0	0.0
GLYAT_f	mnl_e	-0.0	-1000.0	0.0	-0.0	Inf
GLYAT_f	mobd_e	-0.0	-9.026767747855047e-05	999.9999097323225	-0.0	0.0
GLYAT_f	glyald_e	-0.0	-1000.0	0.0	-0.0	Inf
GLYAT_f	n2o_e	-0.0	-1000.0	0.0	-0.0	Inf
GLYAT_f	na1_e	-0.0	0.0	1000.0	Inf	0.0
GLYAT_f	nac_e	-0.0	-1000.0	0.0	-0.0	Inf
GLYAT_f	ni2_e	-0.0	-0.0002260190684637564	999.9997739809315	-0.0	0.0
GLYAT_f	no_e	-0.0	-1000.0	0.0	-0.0	Inf
GLYAT_f	no2_e	-0.0	-1000.0	0.0	-0.0	Inf
GLYAT_f	ura_e	-0.0	-1000.0	0.0	-0.0	Inf
GLYAT_f	no3_e	-0.0	-1000.0	0.0	-0.0	Inf
GLYAT_f	urea_e	-0.0	-1000.0	0.0	-0.0	Inf
GLYAT_f	novbcn_e	-0.0	-1000.0	0.0	-0.0	Inf
GLYAT_f	uri_e	-0.0	-1000.0	0.0	-0.0	Inf
GLYAT_f	o2_e	-0.0	-29.783215447144585	970.2167845528554	-0.0	0.0
GLYAT_f	xan_e	-0.0	0.0	0.0	Inf	Inf
GLYAT_f	xtsn_e	-0.0	-1000.0	0.0	-0.0	Inf
GLYAT_f	xyl__D_e	-0.0	-1000.0	0.0	-0.0	Inf
GLYAT_f	xylu__L_e	-0.0	-1000.0	0.0	-0.0	Inf
GLYAT_f	pacald_e	-0.0	-1000.0	0.0	-0.0	Inf
GLYAT_f	12dgr120_p	-0.0	0.0	0.0	Inf	Inf
GLYAT_f	12dgr140_p	-0.0	0.0	0.0	Inf	Inf
GLYAT_f	12dgr160_p	-0.0	-0.02086921222974303	0.0	-0.0	Inf
GLYAT_f	12dgr180_p	-0.0	0.0	0.0	Inf	Inf
GLYAT_f	12ppd__R_p	-0.0	-1000.0	0.0	-0.0	Inf
GLYAT_f	12ppd__S_p	-0.0	0.0	0.0	Inf	Inf
GLYAT_f	chol_p	-0.0	-1000.0	0.0	-0.0	Inf
GLYAT_f	cl_p	-0.0	-0.0036421958241135144	999.9963578041759	-0.0	0.0
GLYAT_f	34dhpac_p	-0.0	-1000.0	0.0	-0.0	Inf
GLYAT_f	cm_p	-0.0	0.0	0.0	Inf	Inf
GLYAT_f	4hoxpacd_p	-0.0	-1000.0	0.0	-0.0	Inf
GLYAT_f	co2_p	-0.0	-968.723585028895	31.276414971105055	-0.0	0.0
GLYAT_f	5mtr_p	-0.0	-1000.0	0.0	-0.0	Inf
GLYAT_f	LalaDgluMdap_p	-0.0	-0.019444637379474976	0.0	-0.0	Inf
GLYAT_f	gal_p	-0.0	-1000.0	0.0	-0.0	Inf
GLYAT_f	ac_p	-0.0	-0.6678147913517742	0.0	-0.0	Inf
GLYAT_f	crn_p	-0.0	-1000.0	0.0	-0.0	Inf
GLYAT_f	gal_bD_p	-0.0	-1000.0	0.0	-0.0	Inf
GLYAT_f	acald_p	-0.0	-1000.0	0.0	-0.0	Inf
GLYAT_f	acgal_p	-0.0	-1000.0	0.0	-0.0	Inf
GLYAT_f	csn_p	-0.0	0.0	0.0	Inf	Inf
GLYAT_f	acgam_p	-0.0	-1000.0	0.0	-0.0	Inf
GLYAT_f	galt_p	-0.0	-0.3339073956758882	0.0	-0.0	Inf
GLYAT_f	acmana_p	-0.0	-1000.0	0.0	-0.0	Inf
GLYAT_f	cyan_p	-0.0	0.0	0.0	Inf	Inf
GLYAT_f	ade_p	-0.0	-1000.0	0.0	-0.0	Inf
GLYAT_f	adn_p	-0.0	0.0	0.00047093137165155096	Inf	0.0
GLYAT_f	cytd_p	-0.0	-0.11232727851373321	0.0	-0.0	Inf
GLYAT_f	glc__D_p	-0.0	-0.333907395675887	2.6889574031405927	-0.0	0.0
GLYAT_f	dad_2_p	-0.0	-1000.0	0.0	-0.0	Inf
GLYAT_f	dcyt_p	-0.0	-1000.0	0.0	-0.0	Inf
GLYAT_f	all__D_p	-0.0	0.0	0.0	Inf	Inf
GLYAT_f	alltn_p	-0.0	0.0	0.0	Inf	Inf
GLYAT_f	dha_p	-0.0	-1000.0	0.0	-0.0	Inf
GLYAT_f	glyald_p	-0.0	-1000.0	0.0	-0.0	Inf
GLYAT_f	glyb_p	0.0	0.0	0.0	Inf	Inf
GLYAT_f	dms_p	-0.0	-1000.0	0.0	-0.0	Inf
GLYAT_f	glyc_p	-0.0	-0.09728476484790727	0.0	-0.0	Inf
GLYAT_f	dmso_p	-0.0	-1000.0	0.0	-0.0	Inf
GLYAT_f	arab__L_p	-0.0	0.0	0.0	Inf	Inf
GLYAT_f	arbt_p	0.0	0.0	0.0	Inf	Inf
GLYAT_f	ca2_p	-0.0	-0.0036421958241135144	999.9963578041759	-0.0	0.0
GLYAT_f	duri_p	-0.0	-1000.0	0.0	-0.0	Inf
GLYAT_f	h2_p	-0.0	-1000.0	0.0	-0.0	Inf
GLYAT_f	h2o2_p	-0.0	-1000.0	0.0	-0.0	Inf
GLYAT_f	etoh_p	-0.0	-1000.0	0.0	-0.0	Inf
GLYAT_f	fald_p	-0.0	0.0	0.0	Inf	Inf
GLYAT_f	n2o_p	-0.0	-1000.0	0.0	-0.0	Inf
GLYAT_f	na1_p	-0.0	0.0	0.0	Inf	Inf
GLYAT_f	indole_p	-0.0	0.0	0.6678147913517745	Inf	0.0
GLYAT_f	nac_p	-0.0	-1000.0	0.0	-0.0	Inf
GLYAT_f	ni2_p	-0.0	-0.0002260190684637564	999.9997739809315	-0.0	0.0
GLYAT_f	inost_p	-0.0	-1000.0	0.0	-0.0	Inf
GLYAT_f	no_p	-0.0	-1000.0	0.0	-0.0	Inf
GLYAT_f	no2_p	-0.0	-1000.0	0.0	-0.0	Inf
GLYAT_f	for_p	-0.0	-6.429460176999173	0.0017164853734226502	-0.0	0.0
GLYAT_f	fru_p	-0.0	-1000.0	0.0	-0.0	Inf
GLYAT_f	no3_p	-0.0	0.0	0.0	Inf	Inf
GLYAT_f	k_p	-0.0	-0.13658619202578848	999.8634138079742	-0.0	0.0
GLYAT_f	novbcn_p	-0.0	0.0	0.0	Inf	Inf
GLYAT_f	o2_p	-0.0	-29.783215447144585	970.2167845528554	-0.0	0.0
GLYAT_f	lipa_cold_p	-0.0	-67.23996919220406	0.0	-0.0	Inf
GLYAT_f	g3pe_p	-0.0	0.0	0.0	Inf	Inf
GLYAT_f	g3pi_p	-0.0	0.0	0.0	Inf	Inf
GLYAT_f	so3_p	-0.0	-1000.0	0.0	-0.0	Inf
GLYAT_f	so4_p	-0.0	-0.17648380572416045	999.8235161942758	-0.0	0.0
GLYAT_f	malt_p	0.0	0.0	0.0	Inf	Inf
GLYAT_f	malthx_p	0.0	0.0	0.0	Inf	Inf
GLYAT_f	maltpt_p	0.0	0.0	0.0	Inf	Inf
GLYAT_f	sucr_p	-0.0	-1000.0	0.0	-0.0	Inf
GLYAT_f	malttr_p	0.0	0.0	0.0	Inf	Inf
GLYAT_f	maltttr_p	0.0	0.0	0.0	Inf	Inf
GLYAT_f	pacald_p	-0.0	-1000.0	0.0	-0.0	Inf
GLYAT_f	man_p	-0.0	-1000.0	0.0	-0.0	Inf
GLYAT_f	tartr__L_p	-0.0	-1000.0	0.0	-0.0	Inf
GLYAT_f	pe120_p	-0.0	0.0	0.0	Inf	Inf
GLYAT_f	melib_p	-0.0	-1000.0	0.0	-0.0	Inf
GLYAT_f	meoh_p	-0.0	-999.9999986005012	1.3994988421472954e-06	-0.0	0.0
GLYAT_f	thym_p	-0.0	-1000.0	0.0	-0.0	Inf
GLYAT_f	thymd_p	-0.0	-0.018309643791212693	0.0	-0.0	Inf
GLYAT_f	pg120_p	-0.0	0.0	0.0	Inf	Inf
GLYAT_f	metsox_S__L_p	-0.0	-1000.0	0.0	-0.0	Inf
GLYAT_f	tmao_p	-0.0	-1000.0	0.0	-0.0	Inf
GLYAT_f	mg2_p	-0.0	-0.006070326373504586	999.9939296736264	-0.0	0.0
GLYAT_f	tre_p	-0.0	0.0	0.0	Inf	Inf
GLYAT_f	mnl_p	-0.0	0.0	0.0	Inf	Inf
GLYAT_f	mobd_p	-0.0	-9.026767747855047e-05	999.9999097323225	-0.0	0.0
GLYAT_f	ura_p	-0.0	-1000.0	0.0	-0.0	Inf
GLYAT_f	urea_p	-0.0	-1000.0	0.0	-0.0	Inf
GLYAT_f	uri_p	-0.0	0.0	0.0	Inf	Inf
GLYAT_f	xan_p	-0.0	0.0	0.0	Inf	Inf
GLYAT_f	xtsn_p	-0.0	0.0	0.0	Inf	Inf
GLYAT_f	xyl__D_p	-0.0	0.0	0.0	Inf	Inf
GLYAT_f	xylu__L_p	-0.0	-1000.0	0.0	-0.0	Inf
GLYAT_f	ppal_p	-0.0	-1000.0	0.0	-0.0	Inf
GLYAT_f	psclys_p	-0.0	-1000.0	0.0	-0.0	Inf
GLYAT_f	pydx_p	-0.0	0.0	0.0	Inf	Inf
GLYAT_f	pydxn_p	-0.0	0.0	0.0	Inf	Inf
GLYAT_f	rib__D_p	-0.0	-1000.0	0.0	-0.0	Inf
GLYAT_f	rmn_p	-0.0	-1000.0	0.0	-0.0	Inf
GLYAT_f	sbt__D_p	-0.0	-0.3339073956758861	0.0	-0.0	Inf
GLYAT_f	slnt_p	-0.0	0.0	0.0	Inf	Inf
GLYAT_f	so2_p	-0.0	-1000.0	0.0	-0.0	Inf
