Reaction	Metabolite	ShadowPrice	G-	G+	DecrementalShadowPrice	IncrementalShadowPrice
HOMtex_f	12dgr120_c	-0.0	0.0	0.0	Inf	Inf
HOMtex_f	12dgr140_c	-0.0	0.0	0.0	Inf	Inf
HOMtex_f	12dgr160_c	-0.0	-0.044653810628106236	0.0	-0.0	Inf
HOMtex_f	12dgr180_c	-0.0	0.0	0.0	Inf	Inf
HOMtex_f	12ppd__R_c	-0.0	-1000.0	0.0	-0.0	Inf
HOMtex_f	12ppd__S_c	-0.0	0.0	0.0	Inf	Inf
HOMtex_f	5drib_c	-0.0	-999.9998425563765	0.00015744362352029185	-0.0	0.0
HOMtex_f	5mta_c	-0.0	0.0	0.0	Inf	Inf
HOMtex_f	23dhacoa_c	-0.0	-0.0004030556765428628	0.0	-0.0	Inf
HOMtex_f	5mtr_c	-0.0	0.0	0.0	Inf	Inf
HOMtex_f	3amac_c	-0.0	-6.434923820614772	0.0	-0.0	Inf
HOMtex_f	LalaDgluMdap_c	-0.0	-0.019444637379474976	0.0	-0.0	Inf
HOMtex_f	ac_c	-0.0	-3.0052607940249056	0.040074741009508426	-0.0	0.0
HOMtex_f	acald_c	-0.0	-3.0052607940249056	0.040074741009508426	-0.0	0.0
HOMtex_f	acetol_c	-0.0	0.0	0.02671649400633895	Inf	0.0
HOMtex_f	acgam_c	-0.0	-0.06611792488527618	0.0	-0.0	Inf
HOMtex_f	acgam6p_c	-0.0	-0.06611792488527618	0.0	-0.0	Inf
HOMtex_f	acmalt_c	0.0	0.0	0.0	Inf	Inf
HOMtex_f	acmana_c	-0.0	-0.06611792488527618	0.0	-0.0	Inf
HOMtex_f	2dmmq8_c	-0.0	0.0	0.0	Inf	Inf
HOMtex_f	2dmmql8_c	0.0	0.0	0.0	Inf	Inf
HOMtex_f	ade_c	-0.0	-0.07641893636115017	0.00047093137165155096	-0.0	0.0
HOMtex_f	adn_c	-0.0	-0.07641893636115024	0.00047093137165155096	-0.0	0.0
HOMtex_f	3sala_c	0.0	0.0	0.0	Inf	Inf
HOMtex_f	adphep_DD_c	-0.0	0.0	0.0	Inf	Inf
HOMtex_f	adphep_LD_c	-0.0	0.0	0.0	Inf	Inf
HOMtex_f	4ahmmp_c	0.0	0.0	0.0	Inf	Inf
HOMtex_f	4crsol_c	-0.0	-999.9998439558753	0.00015604412464455592	-0.0	0.0
HOMtex_f	2ohph_c	-0.0	-0.00015604412464455592	0.0022263745005282457	-0.0	0.0
HOMtex_f	2ombzl_c	-0.0	0.0	0.0	Inf	Inf
HOMtex_f	2omhmbl_c	-0.0	0.0	0.0	Inf	Inf
HOMtex_f	2ommbl_c	-0.0	0.0	0.0	Inf	Inf
HOMtex_f	2omph_c	-0.0	0.0	0.0020551149235645346	Inf	0.0
HOMtex_f	4mhetz_c	0.0	0.0	0.0	Inf	Inf
HOMtex_f	2oph_c	-0.0	-0.00015604412464455592	0.0022263745005282457	-0.0	0.0
HOMtex_f	2oxpaccoa_c	-0.0	-0.0004030556765428628	0.0	-0.0	Inf
HOMtex_f	all__D_c	-0.0	-42.811154986092525	0.0	-0.0	Inf
HOMtex_f	alltn_c	-0.0	-1.608730955153693	0.0	-0.0	Inf
HOMtex_f	4r5au_c	-0.0	-0.00031208824930217816	0.020037370504754213	-0.0	0.0
HOMtex_f	56dura_c	0.0	0.0	0.0	Inf	Inf
HOMtex_f	arab__L_c	-0.0	-51.37338598331104	0.0	-0.0	Inf
HOMtex_f	etoh_c	-0.0	-1000.0	0.0	-0.0	Inf
HOMtex_f	csn_c	-0.0	0.0	0.040074741009508426	Inf	0.0
HOMtex_f	fald_c	-0.0	0.0	0.0	Inf	Inf
HOMtex_f	fc1p_c	-0.0	0.0	0.0	Inf	Inf
HOMtex_f	fcl__L_c	-0.0	0.0	0.0	Inf	Inf
HOMtex_f	aso4_c	0.0	0.0	0.0	Inf	Inf
HOMtex_f	cyan_c	0.0	0.0	0.0	Inf	Inf
HOMtex_f	athtp_c	0.0	0.0	0.0	Inf	Inf
HOMtex_f	cytd_c	-0.0	0.0	0.0	Inf	Inf
HOMtex_f	dad_2_c	-0.0	0.0	0.0	Inf	Inf
HOMtex_f	dad_5_c	-0.0	-0.07641893636115017	0.00015744362352029185	-0.0	0.0
HOMtex_f	betald_c	0.0	0.0	0.0	Inf	Inf
HOMtex_f	btal_c	-0.0	-513.7338598331102	0.0	-0.0	Inf
HOMtex_f	for_c	-0.0	-0.07641893636115027	0.0017164853711489135	-0.0	0.0
HOMtex_f	dcyt_c	-0.0	-0.018309643791212693	0.0	-0.0	Inf
HOMtex_f	fru_c	-0.0	-42.811154986092525	0.04007474100950844	-0.0	0.0
HOMtex_f	ca2_c	-0.0	-0.0036421958241135144	999.9963578041759	-0.0	0.0
HOMtex_f	g3pe_c	-0.0	-0.09728476484790727	0.0	-0.0	Inf
HOMtex_f	g3pi_c	0.0	0.0	0.0	Inf	Inf
HOMtex_f	cbm_c	-0.0	-3.217461910307386	0.0	-0.0	Inf
HOMtex_f	dha_c	-0.0	-85.62230997218505	0.0	-0.0	Inf
HOMtex_f	gal_c	-0.0	0.0	0.0	Inf	Inf
HOMtex_f	dhgly_c	-0.0	-0.00015604412464455592	0.010018685252377106	-0.0	0.0
HOMtex_f	dhmptp_c	0.0	0.0	0.0	Inf	Inf
HOMtex_f	gcald_c	-0.0	-2.0708090969507227	0.00046813237395326723	-0.0	0.0
HOMtex_f	dhptd_c	-0.0	-49.75390066253534	0.00031348774813125913	-0.0	0.0
HOMtex_f	cechddd_c	-0.0	0.0	0.0	Inf	Inf
HOMtex_f	dhptdn_c	0.0	0.0	0.0	Inf	Inf
HOMtex_f	chol_c	0.0	0.0	0.0	Inf	Inf
HOMtex_f	chtbs6p_c	-0.0	0.0	0.0	Inf	Inf
HOMtex_f	dmbzid_c	0.0	0.0	0.0	Inf	Inf
HOMtex_f	dms_c	0.0	0.0	0.0	Inf	Inf
HOMtex_f	dmso_c	0.0	0.0	0.0	Inf	Inf
HOMtex_f	cl_c	-0.0	-0.0036421958241027513	999.9963578041759	-0.0	0.0
HOMtex_f	glc__D_c	-0.0	-42.811154986092525	0.04007474100950844	-0.0	0.0
HOMtex_f	co2_c	-0.0	-968.7235850289038	31.276414971096187	-0.0	0.0
HOMtex_f	dscl_c	-0.0	-0.00015604412464455592	0.0021091968952372856	-0.0	0.0
HOMtex_f	dtdp4aaddg_c	-0.0	0.0	0.0	Inf	Inf
HOMtex_f	glyald_c	-0.0	-1000.0	0.0	-0.0	Inf
HOMtex_f	crn_c	-0.0	-1000.0	0.0	-0.0	Inf
HOMtex_f	duri_c	-0.0	-0.018309643791212693	0.0	-0.0	Inf
HOMtex_f	glyb_c	0.0	0.0	0.0	Inf	Inf
HOMtex_f	glyc_c	-0.0	-73.39055140473005	0.0	-0.0	Inf
HOMtex_f	dxyl_c	0.0	0.0	0.0	Inf	Inf
HOMtex_f	glycogen_c	-0.0	-42.811154986092525	0.0	-0.0	Inf
HOMtex_f	gmhep1p_c	-0.0	0.0	0.04007474100950845	Inf	0.0
HOMtex_f	lipa_cold_c	-0.0	0.0	0.0	Inf	Inf
HOMtex_f	lipidA_c	-0.0	-0.013614325063144861	0.0013358247003169477	-0.0	0.0
HOMtex_f	malt_c	0.0	0.0	0.0	Inf	Inf
HOMtex_f	h2_c	-0.0	0.0	0.0	Inf	Inf
HOMtex_f	malthx_c	-0.0	0.0	0.0	Inf	Inf
HOMtex_f	maltpt_c	-0.0	0.0	0.0	Inf	Inf
HOMtex_f	malttr_c	-0.0	0.0	0.0	Inf	Inf
HOMtex_f	maltttr_c	-0.0	0.0	0.0	Inf	Inf
HOMtex_f	h2o2_c	-0.0	-59.56369907246449	0.0015940292196319206	-0.0	0.0
HOMtex_f	man_c	-0.0	0.0	0.0	Inf	Inf
HOMtex_f	mdhdhf_c	-0.0	-49.75390066253534	0.00031348774813125913	-0.0	0.0
HOMtex_f	melib_c	-0.0	0.0	0.0	Inf	Inf
HOMtex_f	meoh_c	-0.0	-999.9999986005012	1.3994988421472954e-06	-0.0	0.0
HOMtex_f	pacald_c	-0.0	-1000.0	0.0	-0.0	Inf
HOMtex_f	metsox_S__L_c	-0.0	-0.07641893636115027	0.0	-0.0	Inf
HOMtex_f	mg2_c	-0.0	-0.006070326373504586	999.9939296736264	-0.0	0.0
HOMtex_f	hhlipa_c	-0.0	0.0	0.0	Inf	Inf
HOMtex_f	pe120_c	-0.0	-0.0544573002526364	0.0	-0.0	Inf
HOMtex_f	mobd_c	-0.0	-9.026767747855047e-05	54.84039975837072	-0.0	0.0
HOMtex_f	hlipa_c	-0.0	0.0	0.0	Inf	Inf
HOMtex_f	pg120_c	-0.0	-0.0544573002526364	0.0	-0.0	Inf
HOMtex_f	mql8_c	0.0	0.0	0.0	Inf	Inf
HOMtex_f	mqn8_c	-0.0	0.0	0.0	Inf	Inf
HOMtex_f	mthgxl_c	-0.0	0.0	0.02671649400633895	Inf	0.0
HOMtex_f	hqn_c	0.0	0.0	0.0	Inf	Inf
HOMtex_f	mththf_c	-0.0	-999.9996865122519	0.00031348774813125913	-0.0	0.0
HOMtex_f	n2o_c	-0.0	-1000.0	0.0	-0.0	Inf
HOMtex_f	na1_c	-0.0	0.0	0.0	Inf	Inf
HOMtex_f	nac_c	-0.0	0.0	0.0	Inf	Inf
HOMtex_f	ncam_c	-0.0	0.0	0.0	Inf	Inf
HOMtex_f	ni2_c	-0.0	-0.00022601906843135227	999.9997739809315	-0.0	0.0
HOMtex_f	no_c	-0.0	-1000.0	0.0	-0.0	Inf
HOMtex_f	indole_c	-0.0	-0.03977585729672866	0.020037370504754213	-0.0	0.0
HOMtex_f	no2_c	-0.0	-1000.0	0.0	-0.0	Inf
HOMtex_f	no3_c	0.0	0.0	0.0	Inf	Inf
HOMtex_f	inost_c	0.0	0.0	0.0	Inf	Inf
HOMtex_f	o2_c	-0.0	-29.781849536232244	970.2181504637678	-0.0	0.0
HOMtex_f	poaac_c	-0.0	-7.557870522516168	0.0	-0.0	Inf
HOMtex_f	ppal_c	-0.0	0.0	0.0	Inf	Inf
HOMtex_f	k_c	-0.0	-0.13658619202576144	219.3615990334829	-0.0	0.0
HOMtex_f	psclys_c	-0.0	0.0	0.0	Inf	Inf
HOMtex_f	lald__D_c	-0.0	0.0	0.02671649400633895	Inf	0.0
HOMtex_f	lald__L_c	-0.0	0.0	0.0	Inf	Inf
HOMtex_f	ura_c	-0.0	0.0	0.0	Inf	Inf
HOMtex_f	pydx_c	-0.0	0.0	0.013358247003169477	Inf	0.0
HOMtex_f	uracp_c	-0.0	-3.778935261258084	0.0	-0.0	Inf
HOMtex_f	pydxn_c	-0.0	0.0	0.013358247003169477	Inf	0.0
HOMtex_f	urate_c	-0.0	-1.608730955153693	0.0	-0.0	Inf
HOMtex_f	q8_c	-0.0	0.0	0.0	Inf	Inf
HOMtex_f	q8h2_c	0.0	0.0	0.0	Inf	Inf
HOMtex_f	urea_c	-0.0	-1000.0	0.0	-0.0	Inf
HOMtex_f	uri_c	-0.0	0.0	0.020037370504754213	Inf	0.0
HOMtex_f	rbflvrd_c	-0.0	0.0	0.013358247003169474	Inf	0.0
HOMtex_f	rbl__L_c	-0.0	-51.37338598331104	0.0	-0.0	Inf
HOMtex_f	rdmbzi_c	0.0	0.0	0.0	Inf	Inf
HOMtex_f	thptdn_c	0.0	0.0	0.0	Inf	Inf
HOMtex_f	xan_c	-0.0	0.0	0.0	Inf	Inf
HOMtex_f	rephaccoa_c	-0.0	-0.0004030556765428628	0.0	-0.0	Inf
HOMtex_f	rib__D_c	-0.0	0.0	0.04007474100950843	Inf	0.0
HOMtex_f	xtsn_c	-0.0	0.0	0.0	Inf	Inf
HOMtex_f	rml_c	-0.0	0.0	0.0	Inf	Inf
HOMtex_f	thym_c	-0.0	-219.3615990334829	0.0	-0.0	Inf
HOMtex_f	thymd_c	-0.0	-0.018309643791212693	0.0	-0.0	Inf
HOMtex_f	xu5p__L_c	-0.0	-0.6750000000016074	0.0	-0.0	Inf
HOMtex_f	rmn_c	-0.0	0.0	0.0	Inf	Inf
HOMtex_f	xyl__D_c	0.0	0.0	0.0	Inf	Inf
HOMtex_f	tmao_c	0.0	0.0	0.0	Inf	Inf
HOMtex_f	xylu__D_c	-0.0	0.0	0.0	Inf	Inf
HOMtex_f	xylu__L_c	-0.0	-51.37338598331104	0.0	-0.0	Inf
HOMtex_f	12ppd__R_e	-0.0	-1000.0	0.0	-0.0	Inf
HOMtex_f	12ppd__S_e	-0.0	-1000.0	0.0	-0.0	Inf
HOMtex_f	tre_c	-0.0	-21.405577493046263	0.0	-0.0	Inf
HOMtex_f	seln_c	0.0	0.0	0.0	Inf	Inf
HOMtex_f	34dhpac_e	-0.0	-1000.0	0.0	-0.0	Inf
HOMtex_f	slnt_c	0.0	0.0	0.0	Inf	Inf
HOMtex_f	so2_c	0.0	0.0	0.0	Inf	Inf
HOMtex_f	so3_c	-0.0	-0.1734482926634978	10.968079951674179	-0.0	0.0
HOMtex_f	so4_c	-0.0	-0.17648380572495626	219.3615990334829	-0.0	0.0
HOMtex_f	4hoxpacd_e	-0.0	-1000.0	0.0	-0.0	Inf
HOMtex_f	5mtr_e	-0.0	0.0	0.0	Inf	Inf
HOMtex_f	LalaDgluMdap_e	-0.0	-1000.0	0.0	-0.0	Inf
HOMtex_f	ac_e	-0.0	0.0	0.0	Inf	Inf
HOMtex_f	acald_e	-0.0	-1000.0	0.0	-0.0	Inf
HOMtex_f	acgal_e	-0.0	-1000.0	0.0	-0.0	Inf
HOMtex_f	acgam_e	-0.0	-1000.0	0.0	-0.0	Inf
HOMtex_f	acmana_e	-0.0	-1000.0	0.0	-0.0	Inf
HOMtex_f	tagur_c	-0.0	0.0	0.0	Inf	Inf
HOMtex_f	tartr__L_c	-0.0	-2.0708090969507227	0.0	-0.0	Inf
HOMtex_f	ade_e	-0.0	-1000.0	0.0	-0.0	Inf
HOMtex_f	adn_e	-0.0	-1000.0	0.0	-0.0	Inf
HOMtex_f	all__D_e	-0.0	-1000.0	0.0	-0.0	Inf
HOMtex_f	cl_e	-0.0	-0.0036421958241135144	999.9963578041759	-0.0	0.0
HOMtex_f	alltn_e	-0.0	0.0	0.0	Inf	Inf
HOMtex_f	cm_e	-0.0	-1000.0	0.0	-0.0	Inf
HOMtex_f	co2_e	-0.0	-968.7235850289038	31.276414971096187	-0.0	0.0
HOMtex_f	arab__L_e	-0.0	-1000.0	0.0	-0.0	Inf
HOMtex_f	arbt_e	-0.0	-1000.0	0.0	-0.0	Inf
HOMtex_f	unagamu_c	-0.0	0.0	0.0015413361926734012	Inf	0.0
HOMtex_f	crn_e	-0.0	-1000.0	0.0	-0.0	Inf
HOMtex_f	csn_e	-0.0	-1000.0	0.0	-0.0	Inf
HOMtex_f	cyan_e	-0.0	-1000.0	0.0	-0.0	Inf
HOMtex_f	glyb_e	-0.0	-1000.0	0.0	-0.0	Inf
HOMtex_f	glyc_e	-0.0	-1000.0	0.0	-0.0	Inf
HOMtex_f	cytd_e	-0.0	-1000.0	0.0	-0.0	Inf
HOMtex_f	ca2_e	-0.0	-0.0036421958241135144	999.9963578041759	-0.0	0.0
HOMtex_f	dad_2_e	-0.0	-1000.0	0.0	-0.0	Inf
HOMtex_f	dcyt_e	-0.0	-1000.0	0.0	-0.0	Inf
HOMtex_f	chol_e	-0.0	-1000.0	0.0	-0.0	Inf
HOMtex_f	dha_e	-0.0	-1000.0	0.0	-0.0	Inf
HOMtex_f	ppal_e	-0.0	-1000.0	0.0	-0.0	Inf
HOMtex_f	h2_e	-0.0	-1000.0	0.0	-0.0	Inf
HOMtex_f	dms_e	-0.0	-1000.0	0.0	-0.0	Inf
HOMtex_f	dmso_e	-0.0	-1000.0	0.0	-0.0	Inf
HOMtex_f	h2o2_e	-0.0	-1000.0	0.0	-0.0	Inf
HOMtex_f	psclys_e	-0.0	-1000.0	0.0	-0.0	Inf
HOMtex_f	duri_e	-0.0	-1000.0	0.0	-0.0	Inf
HOMtex_f	pydx_e	-0.0	-1000.0	0.0	-0.0	Inf
HOMtex_f	pydxn_e	-0.0	-1000.0	0.0	-0.0	Inf
HOMtex_f	etoh_e	-0.0	-1000.0	0.0	-0.0	Inf
HOMtex_f	fald_e	-0.0	0.0	0.0	Inf	Inf
HOMtex_f	rib__D_e	-0.0	-1000.0	0.0	-0.0	Inf
HOMtex_f	rmn_e	-0.0	-1000.0	0.0	-0.0	Inf
HOMtex_f	indole_e	-0.0	-1000.0	0.0	-0.0	Inf
HOMtex_f	inost_e	-0.0	-1000.0	0.0	-0.0	Inf
HOMtex_f	sbt__D_e	-0.0	-5.031614109438209	0.0	-0.0	Inf
HOMtex_f	k_e	-0.0	-0.13658619202578848	999.8634138079742	-0.0	0.0
HOMtex_f	for_e	-0.0	0.0	0.0	Inf	Inf
HOMtex_f	slnt_e	-0.0	0.0	1000.0	Inf	0.0
HOMtex_f	fru_e	-0.0	-1000.0	0.0	-0.0	Inf
HOMtex_f	so2_e	-0.0	-1000.0	0.0	-0.0	Inf
HOMtex_f	so3_e	-0.0	-1000.0	0.0	-0.0	Inf
HOMtex_f	so4_e	-0.0	-0.17648380572495626	999.823516194275	-0.0	0.0
HOMtex_f	lipa_cold_e	-0.0	-1000.0	0.0	-0.0	Inf
HOMtex_f	sucr_e	-0.0	-1000.0	0.0	-0.0	Inf
HOMtex_f	g3pe_e	-0.0	-1000.0	0.0	-0.0	Inf
HOMtex_f	malt_e	-0.0	-1000.0	0.0	-0.0	Inf
HOMtex_f	tartr__L_e	-0.0	-1000.0	0.0	-0.0	Inf
HOMtex_f	g3pi_e	-0.0	-1000.0	0.0	-0.0	Inf
HOMtex_f	malthx_e	-0.0	-1000.0	0.0	-0.0	Inf
HOMtex_f	maltpt_e	-0.0	-1000.0	0.0	-0.0	Inf
HOMtex_f	gal_e	-0.0	-1000.0	0.0	-0.0	Inf
HOMtex_f	gal_bD_e	-0.0	-1000.0	0.0	-0.0	Inf
HOMtex_f	malttr_e	-0.0	-1000.0	0.0	-0.0	Inf
HOMtex_f	maltttr_e	-0.0	-1000.0	0.0	-0.0	Inf
HOMtex_f	man_e	-0.0	-1000.0	0.0	-0.0	Inf
HOMtex_f	thym_e	-0.0	-1000.0	0.0	-0.0	Inf
HOMtex_f	thymd_e	-0.0	-1000.0	0.0	-0.0	Inf
HOMtex_f	galt_e	-0.0	-5.031614109438209	0.0	-0.0	Inf
HOMtex_f	melib_e	-0.0	-1000.0	0.0	-0.0	Inf
HOMtex_f	meoh_e	-0.0	-999.9999986005012	1.3994988421472954e-06	-0.0	0.0
HOMtex_f	tmao_e	-0.0	-1000.0	0.0	-0.0	Inf
HOMtex_f	tre_e	-0.0	-1000.0	0.0	-0.0	Inf
HOMtex_f	metsox_S__L_e	-0.0	-1000.0	0.0	-0.0	Inf
HOMtex_f	glc__D_e	-0.0	-43.32695203411774	0.04007474100950844	-0.0	0.0
HOMtex_f	mg2_e	-0.0	-0.00607032637356042	999.9939296736264	-0.0	0.0
HOMtex_f	mnl_e	-0.0	-1000.0	0.0	-0.0	Inf
HOMtex_f	mobd_e	-0.0	-9.026767747855047e-05	999.9999097323225	-0.0	0.0
HOMtex_f	glyald_e	-0.0	-1000.0	0.0	-0.0	Inf
HOMtex_f	n2o_e	-0.0	-1000.0	0.0	-0.0	Inf
HOMtex_f	na1_e	-0.0	0.0	1000.0	Inf	0.0
HOMtex_f	nac_e	-0.0	-1000.0	0.0	-0.0	Inf
HOMtex_f	ni2_e	-0.0	-0.0002260190684637564	999.9997739809315	-0.0	0.0
HOMtex_f	no_e	-0.0	-1000.0	0.0	-0.0	Inf
HOMtex_f	no2_e	-0.0	-1000.0	0.0	-0.0	Inf
HOMtex_f	ura_e	-0.0	-1000.0	0.0	-0.0	Inf
HOMtex_f	no3_e	-0.0	-1000.0	0.0	-0.0	Inf
HOMtex_f	urea_e	-0.0	-1000.0	0.0	-0.0	Inf
HOMtex_f	novbcn_e	-0.0	-1000.0	0.0	-0.0	Inf
HOMtex_f	uri_e	-0.0	-1000.0	0.0	-0.0	Inf
HOMtex_f	o2_e	-0.0	-29.781849536232244	970.2181504637678	-0.0	0.0
HOMtex_f	xan_e	-0.0	0.0	0.0	Inf	Inf
HOMtex_f	xtsn_e	-0.0	-1000.0	0.0	-0.0	Inf
HOMtex_f	xyl__D_e	-0.0	-1000.0	0.0	-0.0	Inf
HOMtex_f	xylu__L_e	-0.0	-1000.0	0.0	-0.0	Inf
HOMtex_f	pacald_e	-0.0	-1000.0	0.0	-0.0	Inf
HOMtex_f	12dgr120_p	-0.0	0.0	0.0	Inf	Inf
HOMtex_f	12dgr140_p	-0.0	0.0	0.0	Inf	Inf
HOMtex_f	12dgr160_p	-0.0	-0.044653810628106236	0.0	-0.0	Inf
HOMtex_f	12dgr180_p	-0.0	0.0	0.0	Inf	Inf
HOMtex_f	12ppd__R_p	-0.0	-1000.0	0.0	-0.0	Inf
HOMtex_f	12ppd__S_p	-0.0	0.0	0.0	Inf	Inf
HOMtex_f	chol_p	-0.0	-1000.0	0.0	-0.0	Inf
HOMtex_f	cl_p	-0.0	-0.0036421958241135144	999.9963578041759	-0.0	0.0
HOMtex_f	34dhpac_p	-0.0	-1000.0	0.0	-0.0	Inf
HOMtex_f	cm_p	-0.0	0.0	0.0	Inf	Inf
HOMtex_f	4hoxpacd_p	-0.0	-1000.0	0.0	-0.0	Inf
HOMtex_f	co2_p	-0.0	-968.7235850289038	31.276414971096187	-0.0	0.0
HOMtex_f	5mtr_p	-0.0	0.0	0.0	Inf	Inf
HOMtex_f	LalaDgluMdap_p	-0.0	-0.019444637379474976	0.0	-0.0	Inf
HOMtex_f	gal_p	-0.0	-1000.0	0.0	-0.0	Inf
HOMtex_f	ac_p	-0.0	-3.0052607940249056	0.0	-0.0	Inf
HOMtex_f	crn_p	-0.0	-1000.0	0.0	-0.0	Inf
HOMtex_f	gal_bD_p	-0.0	-1000.0	0.0	-0.0	Inf
HOMtex_f	acald_p	-0.0	-1000.0	0.0	-0.0	Inf
HOMtex_f	acgal_p	-0.0	-1000.0	0.0	-0.0	Inf
HOMtex_f	csn_p	-0.0	0.0	0.0	Inf	Inf
HOMtex_f	acgam_p	-0.0	-1000.0	0.0	-0.0	Inf
HOMtex_f	galt_p	-0.0	-5.031614109438209	0.0	-0.0	Inf
HOMtex_f	acmana_p	-0.0	-1000.0	0.0	-0.0	Inf
HOMtex_f	cyan_p	-0.0	0.0	0.0	Inf	Inf
HOMtex_f	ade_p	-0.0	-1000.0	0.0	-0.0	Inf
HOMtex_f	adn_p	-0.0	0.0	0.00047093137165155096	Inf	0.0
HOMtex_f	cytd_p	-0.0	0.0	0.0	Inf	Inf
HOMtex_f	glc__D_p	-0.0	-43.32695203411774	0.04007474100950844	-0.0	0.0
HOMtex_f	dad_2_p	-0.0	-1000.0	0.0	-0.0	Inf
HOMtex_f	dcyt_p	-0.0	-1000.0	0.0	-0.0	Inf
HOMtex_f	all__D_p	-0.0	0.0	0.0	Inf	Inf
HOMtex_f	alltn_p	-0.0	0.0	0.0	Inf	Inf
HOMtex_f	dha_p	-0.0	-1000.0	0.0	-0.0	Inf
HOMtex_f	glyald_p	-0.0	-1000.0	0.0	-0.0	Inf
HOMtex_f	glyb_p	0.0	0.0	0.0	Inf	Inf
HOMtex_f	dms_p	-0.0	-1000.0	0.0	-0.0	Inf
HOMtex_f	glyc_p	-0.0	-73.39055140473005	0.0	-0.0	Inf
HOMtex_f	dmso_p	-0.0	-1000.0	0.0	-0.0	Inf
HOMtex_f	arab__L_p	-0.0	0.0	0.0	Inf	Inf
HOMtex_f	arbt_p	0.0	0.0	0.0	Inf	Inf
HOMtex_f	ca2_p	-0.0	-0.0036421958241135144	999.9963578041759	-0.0	0.0
HOMtex_f	duri_p	-0.0	-1000.0	0.0	-0.0	Inf
HOMtex_f	h2_p	-0.0	-1000.0	0.0	-0.0	Inf
HOMtex_f	h2o2_p	-0.0	-1000.0	0.0	-0.0	Inf
HOMtex_f	etoh_p	-0.0	-1000.0	0.0	-0.0	Inf
HOMtex_f	fald_p	-0.0	0.0	0.0	Inf	Inf
HOMtex_f	n2o_p	-0.0	-1000.0	0.0	-0.0	Inf
HOMtex_f	na1_p	-0.0	0.0	0.0	Inf	Inf
HOMtex_f	indole_p	-0.0	0.0	0.020037370504754213	Inf	0.0
HOMtex_f	nac_p	-0.0	-1000.0	0.0	-0.0	Inf
HOMtex_f	ni2_p	-0.0	-0.0002260190684637564	999.9997739809315	-0.0	0.0
HOMtex_f	inost_p	-0.0	-1000.0	0.0	-0.0	Inf
HOMtex_f	no_p	-0.0	-1000.0	0.0	-0.0	Inf
HOMtex_f	no2_p	-0.0	-1000.0	0.0	-0.0	Inf
HOMtex_f	for_p	-0.0	-6.434923820614772	0.0	-0.0	Inf
HOMtex_f	fru_p	-0.0	-1000.0	0.0	-0.0	Inf
HOMtex_f	no3_p	-0.0	0.0	0.0	Inf	Inf
HOMtex_f	k_p	-0.0	-0.13658619202578848	999.8634138079742	-0.0	0.0
HOMtex_f	novbcn_p	-0.0	0.0	0.0	Inf	Inf
HOMtex_f	o2_p	-0.0	-29.781849536232244	970.2181504637678	-0.0	0.0
HOMtex_f	lipa_cold_p	-0.0	-54.84039975837072	0.0	-0.0	Inf
HOMtex_f	g3pe_p	-0.0	0.0	0.0	Inf	Inf
HOMtex_f	g3pi_p	-0.0	0.0	0.0	Inf	Inf
HOMtex_f	so3_p	-0.0	-1000.0	0.0	-0.0	Inf
HOMtex_f	so4_p	-0.0	-0.17648380572495626	999.823516194275	-0.0	0.0
HOMtex_f	malt_p	0.0	0.0	0.0	Inf	Inf
HOMtex_f	malthx_p	0.0	0.0	0.0	Inf	Inf
HOMtex_f	maltpt_p	0.0	0.0	0.0	Inf	Inf
HOMtex_f	sucr_p	-0.0	-1000.0	0.0	-0.0	Inf
HOMtex_f	malttr_p	0.0	0.0	0.0	Inf	Inf
HOMtex_f	maltttr_p	0.0	0.0	0.0	Inf	Inf
HOMtex_f	pacald_p	-0.0	-1000.0	0.0	-0.0	Inf
HOMtex_f	man_p	-0.0	-1000.0	0.0	-0.0	Inf
HOMtex_f	tartr__L_p	-0.0	-1000.0	0.0	-0.0	Inf
HOMtex_f	pe120_p	-0.0	-0.0544573002526364	0.0	-0.0	Inf
HOMtex_f	melib_p	-0.0	-1000.0	0.0	-0.0	Inf
HOMtex_f	meoh_p	-0.0	-999.9999986005012	1.3994988421472954e-06	-0.0	0.0
HOMtex_f	thym_p	-0.0	-1000.0	0.0	-0.0	Inf
HOMtex_f	thymd_p	-0.0	-0.018309643791212693	0.0	-0.0	Inf
HOMtex_f	pg120_p	-0.0	-0.0544573002526364	0.0	-0.0	Inf
HOMtex_f	metsox_S__L_p	-0.0	-1000.0	0.0	-0.0	Inf
HOMtex_f	tmao_p	-0.0	-1000.0	0.0	-0.0	Inf
HOMtex_f	mg2_p	-0.0	-0.006070326373504586	999.9939296736264	-0.0	0.0
HOMtex_f	tre_p	-0.0	0.0	0.0	Inf	Inf
HOMtex_f	mnl_p	-0.0	0.0	0.0	Inf	Inf
HOMtex_f	mobd_p	-0.0	-9.026767747855047e-05	999.9999097323225	-0.0	0.0
HOMtex_f	ura_p	-0.0	-1000.0	0.0	-0.0	Inf
HOMtex_f	urea_p	-0.0	-1000.0	0.0	-0.0	Inf
HOMtex_f	uri_p	-0.0	0.0	0.0	Inf	Inf
HOMtex_f	xan_p	-0.0	0.0	0.0	Inf	Inf
HOMtex_f	xtsn_p	-0.0	0.0	0.0	Inf	Inf
HOMtex_f	xyl__D_p	-0.0	0.0	0.0	Inf	Inf
HOMtex_f	xylu__L_p	-0.0	-1000.0	0.0	-0.0	Inf
HOMtex_f	ppal_p	-0.0	-1000.0	0.0	-0.0	Inf
HOMtex_f	psclys_p	-0.0	-1000.0	0.0	-0.0	Inf
HOMtex_f	pydx_p	-0.0	0.0	0.0	Inf	Inf
HOMtex_f	pydxn_p	-0.0	0.0	0.0	Inf	Inf
HOMtex_f	rib__D_p	-0.0	-1000.0	0.0	-0.0	Inf
HOMtex_f	rmn_p	-0.0	-1000.0	0.0	-0.0	Inf
HOMtex_f	sbt__D_p	-0.0	-5.031614109438209	0.0	-0.0	Inf
HOMtex_f	slnt_p	-0.0	0.0	0.0	Inf	Inf
HOMtex_f	so2_p	-0.0	-1000.0	0.0	-0.0	Inf
