Reaction	Metabolite	ShadowPrice	G-	G+	DecrementalShadowPrice	IncrementalShadowPrice
GLCDpp	12dgr120_c	-0.0	0.0	0.0	Inf	Inf
GLCDpp	12dgr140_c	-0.0	0.0	0.0	Inf	Inf
GLCDpp	12dgr160_c	-0.0	-0.009781641343070826	0.0	-0.0	Inf
GLCDpp	12dgr180_c	-0.0	0.0	0.0	Inf	Inf
GLCDpp	12ppd__R_c	-0.0	-1000.0	0.0	-0.0	Inf
GLCDpp	12ppd__S_c	-0.0	0.0	0.0	Inf	Inf
GLCDpp	5drib_c	-0.0	-999.99995267612	4.732388008019107e-05	-0.0	0.0
GLCDpp	5mta_c	-0.0	0.0	0.0	Inf	Inf
GLCDpp	23dhacoa_c	-0.0	-0.00012223567227920284	0.0	-0.0	Inf
GLCDpp	5mtr_c	-0.0	0.0	0.0	Inf	Inf
GLCDpp	3amac_c	-0.0	-1.9498762812886168	0.0	-0.0	Inf
GLCDpp	LalaDgluMdap_c	-0.0	-0.005897022330351343	0.0	-0.0	Inf
GLCDpp	ac_c	-0.0	-0.17606954417527482	0.12363034738143597	-0.0	0.0
GLCDpp	acald_c	-0.0	0.0	0.6145963066372122	Inf	0.0
GLCDpp	acetol_c	-0.0	0.0	0.0	Inf	Inf
GLCDpp	acgam_c	-0.0	-0.020051743412676317	0.0	-0.0	Inf
GLCDpp	acgam6p_c	-0.0	-0.020051743412676317	0.0	-0.0	Inf
GLCDpp	acmalt_c	0.0	0.0	0.0	Inf	Inf
GLCDpp	acmana_c	-0.0	-0.020051743412676317	0.0	-0.0	Inf
GLCDpp	2dmmq8_c	-0.0	0.0	0.0	Inf	Inf
GLCDpp	2dmmql8_c	0.0	0.0	0.0	Inf	Inf
GLCDpp	ade_c	-0.0	-0.023695045536669578	0.00014197164024057322	-0.0	0.0
GLCDpp	adn_c	-0.0	0.0	0.00014197164024057322	Inf	0.0
GLCDpp	3sala_c	0.0	0.0	0.0	Inf	Inf
GLCDpp	adphep_DD_c	-0.0	0.0	0.0	Inf	Inf
GLCDpp	adphep_LD_c	-0.0	0.0	0.0	Inf	Inf
GLCDpp	4ahmmp_c	0.0	0.0	0.0	Inf	Inf
GLCDpp	4crsol_c	-0.0	-999.99995267612	4.732388008019107e-05	-0.0	0.0
GLCDpp	2ohph_c	-0.0	-4.732388008019107e-05	0.021760826168016126	-0.0	0.0
GLCDpp	2ombzl_c	-0.0	0.0	0.0	Inf	Inf
GLCDpp	2omhmbl_c	-0.0	0.0	0.0	Inf	Inf
GLCDpp	2ommbl_c	0.0	0.0	0.0	Inf	Inf
GLCDpp	2omph_c	-0.0	0.0	0.019578186263949082	Inf	0.0
GLCDpp	4mhetz_c	0.0	0.0	0.0	Inf	Inf
GLCDpp	2oph_c	-0.0	-4.732388008019107e-05	0.021760826168016126	-0.0	0.0
GLCDpp	2oxpaccoa_c	-0.0	-0.00012223567227920284	0.0	-0.0	Inf
GLCDpp	all__D_c	-0.0	-0.08803477208763741	0.0	-0.0	Inf
GLCDpp	alltn_c	-0.0	-0.24487754693086572	0.0	-0.0	Inf
GLCDpp	4r5au_c	-0.0	-9.464776068821002e-05	0.131826454177257	-0.0	0.0
GLCDpp	56dura_c	0.0	0.0	0.0	Inf	Inf
GLCDpp	arab__L_c	-0.0	-0.15135419918362913	0.0	-0.0	Inf
GLCDpp	etoh_c	-0.0	-1000.0	0.0	-0.0	Inf
GLCDpp	csn_c	-0.0	0.0	0.03839070190986116	Inf	0.0
GLCDpp	fald_c	-0.0	0.0	0.0	Inf	Inf
GLCDpp	fc1p_c	-0.0	0.0	0.0	Inf	Inf
GLCDpp	fcl__L_c	-0.0	0.0	0.0	Inf	Inf
GLCDpp	aso4_c	0.0	0.0	0.0	Inf	Inf
GLCDpp	cyan_c	0.0	0.0	0.0	Inf	Inf
GLCDpp	athtp_c	0.0	0.0	0.0	Inf	Inf
GLCDpp	cytd_c	-0.0	0.0	0.03839070190986116	Inf	0.0
GLCDpp	dad_2_c	-0.0	0.0	0.0	Inf	Inf
GLCDpp	dad_5_c	-0.0	-0.023695045536669578	4.732388008019107e-05	-0.0	0.0
GLCDpp	betald_c	0.0	0.0	0.0	Inf	Inf
GLCDpp	btal_c	-0.0	-139.6085623792033	0.0	-0.0	Inf
GLCDpp	for_c	-0.0	-1.9498762812886186	0.0005205626824574533	-0.0	0.0
GLCDpp	dcyt_c	-0.0	0.0	0.0	Inf	Inf
GLCDpp	fru_c	-0.0	-0.08803477208763741	0.23687565984975878	-0.0	0.0
GLCDpp	ca2_c	-0.0	-0.001104577559772224	977.2599366544232	-0.0	0.0
GLCDpp	g3pe_c	-0.0	0.0	0.0	Inf	Inf
GLCDpp	g3pi_c	0.0	0.0	0.0	Inf	Inf
GLCDpp	cbm_c	-0.0	-0.9749381406443093	0.0	-0.0	Inf
GLCDpp	dha_c	-0.0	-0.17606954417527482	0.4737513196995175	-0.0	0.0
GLCDpp	gal_c	-0.0	0.0	0.0	Inf	Inf
GLCDpp	dhgly_c	-0.0	-4.732388008019107e-05	0.08581155979462965	-0.0	0.0
GLCDpp	dhmptp_c	0.0	0.0	0.0	Inf	Inf
GLCDpp	gcald_c	-0.0	-0.24487754693086572	0.00014197164023244113	-0.0	0.0
GLCDpp	dhptd_c	-0.0	-10.643476309177913	9.464776016038214e-05	-0.0	0.0
GLCDpp	cechddd_c	-0.0	0.0	0.0	Inf	Inf
GLCDpp	dhptdn_c	0.0	0.0	0.0	Inf	Inf
GLCDpp	chol_c	0.0	0.0	0.0	Inf	Inf
GLCDpp	chtbs6p_c	-0.0	0.0	0.0	Inf	Inf
GLCDpp	dmbzid_c	0.0	0.0	0.0	Inf	Inf
GLCDpp	dms_c	0.0	0.0	0.0	Inf	Inf
GLCDpp	dmso_c	0.0	0.0	0.0	Inf	Inf
GLCDpp	cl_c	-0.0	-0.001104577559719258	999.9988954224402	-0.0	0.0
GLCDpp	glc__D_c	-0.0	-0.08803477208763741	0.23687565984975878	-0.0	0.0
GLCDpp	co2_c	-0.0	-993.7110560055443	6.2884234317732535	-0.0	0.0
GLCDpp	dscl_c	-0.0	-4.732388008019107e-05	0.02504412262728728	-0.0	0.0
GLCDpp	dtdp4aaddg_c	-0.0	0.0	0.0	Inf	Inf
GLCDpp	glyald_c	-0.0	-1000.0	0.0	-0.0	Inf
GLCDpp	crn_c	-0.0	-977.2599366544232	0.0	-0.0	Inf
GLCDpp	duri_c	-0.0	0.0	0.0	Inf	Inf
GLCDpp	glyb_c	0.0	0.0	0.0	Inf	Inf
GLCDpp	glyc_c	-0.0	-0.029503786546138135	0.0	-0.0	Inf
GLCDpp	dxyl_c	0.0	0.0	0.0	Inf	Inf
GLCDpp	glycogen_c	-0.0	-0.08803477208763741	0.0	-0.0	Inf
GLCDpp	gmhep1p_c	-0.0	0.0	0.17606954417527365	Inf	0.0
GLCDpp	lipa_cold_c	-0.0	0.0	0.0	Inf	Inf
GLCDpp	lipidA_c	-0.0	-0.004128849375945265	0.01610486072632922	-0.0	0.0
GLCDpp	malt_c	0.0	0.0	0.0	Inf	Inf
GLCDpp	h2_c	-0.0	0.0	0.0	Inf	Inf
GLCDpp	malthx_c	-0.0	0.0	0.0	Inf	Inf
GLCDpp	maltpt_c	-0.0	0.0	0.0	Inf	Inf
GLCDpp	malttr_c	-0.0	0.0	0.0	Inf	Inf
GLCDpp	maltttr_c	-0.0	0.0	0.0	Inf	Inf
GLCDpp	h2o2_c	-0.0	-0.00029773723617475105	1.857569731517749	-0.0	0.0
GLCDpp	man_c	-0.0	0.0	0.0	Inf	Inf
GLCDpp	mdhdhf_c	-0.0	-10.643476309177913	9.464776016038214e-05	-0.0	0.0
GLCDpp	melib_c	-0.0	0.0	0.0	Inf	Inf
GLCDpp	meoh_c	-0.0	-1000.0	0.0	-0.0	Inf
GLCDpp	pacald_c	-0.0	-977.2599366544232	0.0	-0.0	Inf
GLCDpp	metsox_S__L_c	-0.0	-0.019563282686141614	0.0	-0.0	Inf
GLCDpp	mg2_c	-0.0	-0.0018409625995320967	488.6299683272116	-0.0	0.0
GLCDpp	hhlipa_c	-0.0	0.0	0.0	Inf	Inf
GLCDpp	pe120_c	-0.0	0.0	0.0	Inf	Inf
GLCDpp	mobd_c	-0.0	-2.7375697413845046e-05	5.6850158363942	-0.0	0.0
GLCDpp	hlipa_c	-0.0	0.0	0.0	Inf	Inf
GLCDpp	pg120_c	-0.0	0.0	0.0	Inf	Inf
GLCDpp	mql8_c	0.0	0.0	0.0	Inf	Inf
GLCDpp	mqn8_c	-0.0	0.0	0.0	Inf	Inf
GLCDpp	mthgxl_c	-0.0	0.0	0.0	Inf	Inf
GLCDpp	hqn_c	0.0	0.0	0.0	Inf	Inf
GLCDpp	mththf_c	-0.0	-999.9999053522398	9.464776016038214e-05	-0.0	0.0
GLCDpp	n2o_c	-0.0	-1000.0	0.0	-0.0	Inf
GLCDpp	na1_c	-0.0	-22.7400633455768	0.0	-0.0	Inf
GLCDpp	nac_c	-0.0	0.0	0.0	Inf	Inf
GLCDpp	ncam_c	-0.0	0.0	0.0	Inf	Inf
GLCDpp	ni2_c	-0.0	-6.854535092770675e-05	999.9999314546491	-0.0	0.0
GLCDpp	no_c	-0.0	-1000.0	0.0	-0.0	Inf
GLCDpp	indole_c	-0.0	-0.012062920696853368	0.1369883334070895	-0.0	0.0
GLCDpp	no2_c	-0.0	-977.2599366544232	0.0	-0.0	Inf
GLCDpp	no3_c	0.0	0.0	0.0	Inf	Inf
GLCDpp	inost_c	0.0	0.0	0.0	Inf	Inf
GLCDpp	o2_c	-0.0	-5.836099027182144	994.1639009728178	-0.0	0.0
GLCDpp	poaac_c	-0.0	-1.624290238969773	0.0	-0.0	Inf
GLCDpp	ppal_c	-0.0	0.0	0.0	Inf	Inf
GLCDpp	k_c	-0.0	-0.04142282567033817	22.7400633455768	-0.0	0.0
GLCDpp	psclys_c	-0.0	0.0	0.0	Inf	Inf
GLCDpp	lald__D_c	-0.0	0.0	0.0	Inf	Inf
GLCDpp	lald__L_c	-0.0	0.0	0.0	Inf	Inf
GLCDpp	ura_c	-0.0	-0.07019956462380811	0.0	-0.0	Inf
GLCDpp	pydx_c	-0.0	0.0	0.00029773723617475105	Inf	0.0
GLCDpp	uracp_c	-0.0	-1.1460453749134558	0.0	-0.0	Inf
GLCDpp	pydxn_c	-0.0	0.0	0.1568280230729439	Inf	0.0
GLCDpp	urate_c	-0.0	-0.00029773723617475105	0.0	-0.0	Inf
GLCDpp	q8_c	-0.0	0.0	0.0	Inf	Inf
GLCDpp	q8h2_c	0.0	0.0	0.0	Inf	Inf
GLCDpp	urea_c	-0.0	-1000.0	0.0	-0.0	Inf
GLCDpp	uri_c	-0.0	0.0	0.0	Inf	Inf
GLCDpp	rbflvrd_c	-0.0	0.0	0.06717891682592861	Inf	0.0
GLCDpp	rbl__L_c	-0.0	-0.15135419918362913	0.0	-0.0	Inf
GLCDpp	rdmbzi_c	0.0	0.0	0.0	Inf	Inf
GLCDpp	thptdn_c	0.0	0.0	0.0	Inf	Inf
GLCDpp	xan_c	-0.0	0.0	0.0	Inf	Inf
GLCDpp	rephaccoa_c	-0.0	-0.00012223567227920284	0.0	-0.0	Inf
GLCDpp	rib__D_c	-0.0	0.0	0.270715039828296	Inf	0.0
GLCDpp	xtsn_c	-0.0	0.0	0.0	Inf	Inf
GLCDpp	rml_c	-0.0	0.0	0.0	Inf	Inf
GLCDpp	thym_c	-0.0	-22.7400633455768	0.0	-0.0	Inf
GLCDpp	thymd_c	-0.0	-0.005552810072548338	0.0	-0.0	Inf
GLCDpp	xu5p__L_c	-0.0	-0.15135419918362913	0.0	-0.0	Inf
GLCDpp	rmn_c	-0.0	0.0	0.0	Inf	Inf
GLCDpp	xyl__D_c	0.0	0.0	0.0	Inf	Inf
GLCDpp	tmao_c	0.0	0.0	0.0	Inf	Inf
GLCDpp	xylu__D_c	-0.0	0.0	0.0	Inf	Inf
GLCDpp	xylu__L_c	-0.0	-0.15135419918362913	0.0	-0.0	Inf
GLCDpp	12ppd__R_e	-0.0	-1000.0	0.0	-0.0	Inf
GLCDpp	12ppd__S_e	-0.0	-1000.0	0.0	-0.0	Inf
GLCDpp	tre_c	-0.0	-0.044017386043818704	0.0	-0.0	Inf
GLCDpp	seln_c	0.0	0.0	0.0	Inf	Inf
GLCDpp	34dhpac_e	-0.0	-1000.0	0.0	-0.0	Inf
GLCDpp	slnt_c	0.0	0.0	0.0	Inf	Inf
GLCDpp	so2_c	0.0	0.0	0.0	Inf	Inf
GLCDpp	so3_c	-0.0	-0.05260123546052916	1.0828601593131815	-0.0	0.0
GLCDpp	so4_c	-0.0	-0.05352182286764965	22.7400633455768	-0.0	0.0
GLCDpp	4hoxpacd_e	-0.0	-1000.0	0.0	-0.0	Inf
GLCDpp	5mtr_e	-0.0	0.0	0.0	Inf	Inf
GLCDpp	LalaDgluMdap_e	-0.0	-1000.0	0.0	-0.0	Inf
GLCDpp	ac_e	-0.0	0.0	0.0	Inf	Inf
GLCDpp	acald_e	-0.0	-1000.0	0.0	-0.0	Inf
GLCDpp	acgal_e	-0.0	-1000.0	0.0	-0.0	Inf
GLCDpp	acgam_e	-0.0	-1000.0	0.0	-0.0	Inf
GLCDpp	acmana_e	-0.0	-1000.0	0.0	-0.0	Inf
GLCDpp	tagur_c	-0.0	0.0	0.0	Inf	Inf
GLCDpp	tartr__L_c	-0.0	-0.17606954417527482	0.0	-0.0	Inf
GLCDpp	ade_e	-0.0	-1000.0	0.0	-0.0	Inf
GLCDpp	adn_e	-0.0	-1000.0	0.0	-0.0	Inf
GLCDpp	all__D_e	-0.0	-1000.0	0.0	-0.0	Inf
GLCDpp	cl_e	-0.0	-0.001104577559772224	999.9988954224402	-0.0	0.0
GLCDpp	alltn_e	-0.0	0.0	0.0	Inf	Inf
GLCDpp	cm_e	-0.0	-1000.0	0.0	-0.0	Inf
GLCDpp	co2_e	-0.0	-993.7110560055443	6.288943994455735	-0.0	0.0
GLCDpp	arab__L_e	-0.0	-1000.0	0.0	-0.0	Inf
GLCDpp	arbt_e	-0.0	-1000.0	0.0	-0.0	Inf
GLCDpp	unagamu_c	-0.0	0.0	0.014862786500377024	Inf	0.0
GLCDpp	crn_e	-0.0	-1000.0	0.0	-0.0	Inf
GLCDpp	csn_e	-0.0	-1000.0	0.0	-0.0	Inf
GLCDpp	cyan_e	-0.0	-1000.0	0.0	-0.0	Inf
GLCDpp	glyb_e	-0.0	-1000.0	0.0	-0.0	Inf
GLCDpp	glyc_e	-0.0	-1000.0	0.0	-0.0	Inf
GLCDpp	cytd_e	-0.0	-1000.0	0.0	-0.0	Inf
GLCDpp	ca2_e	-0.0	-0.001104577559772224	999.9988954224402	-0.0	0.0
GLCDpp	dad_2_e	-0.0	-1000.0	0.0	-0.0	Inf
GLCDpp	dcyt_e	-0.0	-1000.0	0.0	-0.0	Inf
GLCDpp	chol_e	-0.0	-1000.0	0.0	-0.0	Inf
GLCDpp	dha_e	-0.0	-1000.0	0.0	-0.0	Inf
GLCDpp	ppal_e	-0.0	-1000.0	0.0	-0.0	Inf
GLCDpp	h2_e	-0.0	-1000.0	0.0	-0.0	Inf
GLCDpp	dms_e	-0.0	-1000.0	0.0	-0.0	Inf
GLCDpp	dmso_e	-0.0	-1000.0	0.0	-0.0	Inf
GLCDpp	h2o2_e	-0.0	-1000.0	0.0	-0.0	Inf
GLCDpp	psclys_e	-0.0	-1000.0	0.0	-0.0	Inf
GLCDpp	duri_e	-0.0	-1000.0	0.0	-0.0	Inf
GLCDpp	pydx_e	-0.0	-1000.0	0.0	-0.0	Inf
GLCDpp	pydxn_e	-0.0	-1000.0	0.0	-0.0	Inf
GLCDpp	etoh_e	-0.0	-1000.0	0.0	-0.0	Inf
GLCDpp	fald_e	-0.0	0.0	0.0	Inf	Inf
GLCDpp	rib__D_e	-0.0	-1000.0	0.0	-0.0	Inf
GLCDpp	rmn_e	-0.0	-1000.0	0.0	-0.0	Inf
GLCDpp	indole_e	-0.0	-1000.0	0.0	-0.0	Inf
GLCDpp	inost_e	-0.0	-1000.0	0.0	-0.0	Inf
GLCDpp	sbt__D_e	-0.0	-0.08803477208763741	0.0	-0.0	Inf
GLCDpp	k_e	-0.0	-0.04142282567033817	999.9585771743297	-0.0	0.0
GLCDpp	for_e	-0.0	0.0	0.0005205626824574533	Inf	0.0
GLCDpp	slnt_e	-0.0	-1000.0	0.0	-0.0	Inf
GLCDpp	fru_e	-0.0	-1000.0	0.0	-0.0	Inf
GLCDpp	so2_e	-0.0	-1000.0	0.0	-0.0	Inf
GLCDpp	so3_e	-0.0	-1000.0	0.0	-0.0	Inf
GLCDpp	so4_e	-0.0	-0.05352182286764965	999.9464781771323	-0.0	0.0
GLCDpp	lipa_cold_e	-0.0	-1000.0	0.0	-0.0	Inf
GLCDpp	sucr_e	-0.0	-0.044017386043818704	0.11843782992487939	-0.0	0.0
GLCDpp	g3pe_e	-0.0	-1000.0	0.0	-0.0	Inf
GLCDpp	malt_e	-0.0	-1000.0	0.0	-0.0	Inf
GLCDpp	tartr__L_e	-0.0	-1000.0	0.0	-0.0	Inf
GLCDpp	g3pi_e	-0.0	-1000.0	0.0	-0.0	Inf
GLCDpp	malthx_e	-0.0	-1000.0	0.0	-0.0	Inf
GLCDpp	maltpt_e	-0.0	-1000.0	0.0	-0.0	Inf
GLCDpp	gal_e	-0.0	-1000.0	0.0	-0.0	Inf
GLCDpp	gal_bD_e	-0.0	-1000.0	0.0	-0.0	Inf
GLCDpp	malttr_e	-0.0	-1000.0	0.0	-0.0	Inf
GLCDpp	maltttr_e	-0.0	-1000.0	0.0	-0.0	Inf
GLCDpp	man_e	-0.0	-1000.0	0.0	-0.0	Inf
GLCDpp	thym_e	-0.0	-1000.0	0.0	-0.0	Inf
GLCDpp	thymd_e	-0.0	-1000.0	0.0	-0.0	Inf
GLCDpp	galt_e	-0.0	-0.08803477208763741	0.0	-0.0	Inf
GLCDpp	melib_e	-0.0	-1000.0	0.0	-0.0	Inf
GLCDpp	meoh_e	-0.0	-1000.0	0.0	-0.0	Inf
GLCDpp	tmao_e	-0.0	-1000.0	0.0	-0.0	Inf
GLCDpp	tre_e	-2.0	-10.643476309177913	0.0	-2.0	Inf
GLCDpp	metsox_S__L_e	-0.0	-1000.0	0.0	-0.0	Inf
GLCDpp	glc__D_e	-1.0	-244.3149841636058	0.0	-0.9999999999999994	Inf
GLCDpp	mg2_e	-0.0	-0.0018409625995445822	999.9981590374005	-0.0	0.0
GLCDpp	mnl_e	-0.0	-1000.0	0.0	-0.0	Inf
GLCDpp	mobd_e	-0.0	-2.7375697413845046e-05	999.9999726243026	-0.0	0.0
GLCDpp	glyald_e	-0.0	-1000.0	0.0	-0.0	Inf
GLCDpp	n2o_e	-0.0	-1000.0	0.0	-0.0	Inf
GLCDpp	na1_e	-0.0	-1000.0	0.0	-0.0	Inf
GLCDpp	nac_e	-0.0	-1000.0	0.0	-0.0	Inf
GLCDpp	ni2_e	-0.0	-6.854535092770675e-05	999.9999314546491	-0.0	0.0
GLCDpp	no_e	-0.0	-1000.0	0.0	-0.0	Inf
GLCDpp	no2_e	-0.0	-1000.0	0.0	-0.0	Inf
GLCDpp	ura_e	-0.0	-1000.0	0.0	-0.0	Inf
GLCDpp	no3_e	-0.0	-1000.0	0.0	-0.0	Inf
GLCDpp	urea_e	-0.0	-1000.0	0.0	-0.0	Inf
GLCDpp	novbcn_e	-0.0	-1000.0	0.0	-0.0	Inf
GLCDpp	uri_e	-0.0	-1000.0	0.0	-0.0	Inf
GLCDpp	o2_e	-0.0	-5.836099027182172	994.1639009728178	-0.0	0.0
GLCDpp	xan_e	-0.0	0.0	0.0	Inf	Inf
GLCDpp	xtsn_e	-0.0	-1000.0	0.0	-0.0	Inf
GLCDpp	xyl__D_e	-0.0	-1000.0	0.0	-0.0	Inf
GLCDpp	xylu__L_e	-0.0	-1000.0	0.0	-0.0	Inf
GLCDpp	pacald_e	-0.0	-1000.0	0.0	-0.0	Inf
GLCDpp	12dgr120_p	-0.0	0.0	0.0	Inf	Inf
GLCDpp	12dgr140_p	-0.0	0.0	0.0	Inf	Inf
GLCDpp	12dgr160_p	-0.0	-0.009781641343070826	0.0	-0.0	Inf
GLCDpp	12dgr180_p	-0.0	0.0	0.0	Inf	Inf
GLCDpp	12ppd__R_p	-0.0	-1000.0	0.0	-0.0	Inf
GLCDpp	12ppd__S_p	-0.0	0.0	0.0	Inf	Inf
GLCDpp	chol_p	-0.0	-1000.0	0.0	-0.0	Inf
GLCDpp	cl_p	-0.0	-0.001104577559772224	999.9988954224402	-0.0	0.0
GLCDpp	34dhpac_p	-0.0	-1000.0	0.0	-0.0	Inf
GLCDpp	cm_p	-0.0	0.0	0.0	Inf	Inf
GLCDpp	4hoxpacd_p	-0.0	-1000.0	0.0	-0.0	Inf
GLCDpp	co2_p	-0.0	-993.7110560055443	6.288943994455735	-0.0	0.0
GLCDpp	5mtr_p	-0.0	0.0	0.0	Inf	Inf
GLCDpp	LalaDgluMdap_p	-0.0	-0.005897022330351343	0.0	-0.0	Inf
GLCDpp	gal_p	-0.0	-1000.0	0.0	-0.0	Inf
GLCDpp	ac_p	-0.0	-0.17606954417527482	0.0	-0.0	Inf
GLCDpp	crn_p	-0.0	-1000.0	0.0	-0.0	Inf
GLCDpp	gal_bD_p	-0.0	-1000.0	0.0	-0.0	Inf
GLCDpp	acald_p	-0.0	-1000.0	0.0	-0.0	Inf
GLCDpp	acgal_p	-0.0	-1000.0	0.0	-0.0	Inf
GLCDpp	csn_p	-0.0	0.0	0.0	Inf	Inf
GLCDpp	acgam_p	-0.0	-1000.0	0.0	-0.0	Inf
GLCDpp	galt_p	-0.0	-0.08803477208763741	0.0	-0.0	Inf
GLCDpp	acmana_p	-0.0	-1000.0	0.0	-0.0	Inf
GLCDpp	cyan_p	-0.0	0.0	0.0	Inf	Inf
GLCDpp	ade_p	-0.0	-1000.0	0.0	-0.0	Inf
GLCDpp	adn_p	-0.0	0.0	0.00014197164024057322	Inf	0.0
GLCDpp	cytd_p	-0.0	0.0	0.0	Inf	Inf
GLCDpp	glc__D_p	-1.0	-244.3149841636058	0.0	-0.9999999999999994	Inf
GLCDpp	dad_2_p	-0.0	-1000.0	0.0	-0.0	Inf
GLCDpp	dcyt_p	-0.0	-1000.0	0.0	-0.0	Inf
GLCDpp	all__D_p	-0.0	0.0	0.0	Inf	Inf
GLCDpp	alltn_p	-0.0	0.0	0.0	Inf	Inf
GLCDpp	dha_p	-0.0	-1000.0	0.0	-0.0	Inf
GLCDpp	glyald_p	-0.0	-1000.0	0.0	-0.0	Inf
GLCDpp	glyb_p	0.0	0.0	0.0	Inf	Inf
GLCDpp	dms_p	-0.0	-1000.0	0.0	-0.0	Inf
GLCDpp	glyc_p	-0.0	-0.029503786546138135	0.0	-0.0	Inf
GLCDpp	dmso_p	-0.0	-1000.0	0.0	-0.0	Inf
GLCDpp	arab__L_p	-0.0	0.0	0.0	Inf	Inf
GLCDpp	arbt_p	0.0	0.0	0.0	Inf	Inf
GLCDpp	ca2_p	-0.0	-0.001104577559772224	999.9988954224402	-0.0	0.0
GLCDpp	duri_p	-0.0	-1000.0	0.0	-0.0	Inf
GLCDpp	h2_p	-0.0	-1000.0	0.0	-0.0	Inf
GLCDpp	h2o2_p	-0.0	-1000.0	0.0	-0.0	Inf
GLCDpp	etoh_p	-0.0	-1000.0	0.0	-0.0	Inf
GLCDpp	fald_p	-0.0	0.0	0.0	Inf	Inf
GLCDpp	n2o_p	-0.0	-1000.0	0.0	-0.0	Inf
GLCDpp	na1_p	-0.0	-1000.0	0.0	-0.0	Inf
GLCDpp	indole_p	-0.0	0.0	0.1378185657307688	Inf	0.0
GLCDpp	nac_p	-0.0	-1000.0	0.0	-0.0	Inf
GLCDpp	ni2_p	-0.0	-6.854535092770675e-05	999.9999314546491	-0.0	0.0
GLCDpp	inost_p	-0.0	-1000.0	0.0	-0.0	Inf
GLCDpp	no_p	-0.0	-1000.0	0.0	-0.0	Inf
GLCDpp	no2_p	-0.0	-1000.0	0.0	-0.0	Inf
GLCDpp	for_p	-0.0	-1.9498762812886186	0.0005205626824574533	-0.0	0.0
GLCDpp	fru_p	-0.0	-1000.0	0.0	-0.0	Inf
GLCDpp	no3_p	-0.0	0.0	0.0	Inf	Inf
GLCDpp	k_p	-0.0	-0.04142282567033817	999.9585771743297	-0.0	0.0
GLCDpp	novbcn_p	-0.0	0.0	0.0	Inf	Inf
GLCDpp	o2_p	-0.0	-5.836099027182172	994.1639009728178	-0.0	0.0
GLCDpp	lipa_cold_p	-0.0	-5.6850158363942	0.0	-0.0	Inf
GLCDpp	g3pe_p	-0.0	0.0	0.0	Inf	Inf
GLCDpp	g3pi_p	-0.0	0.0	0.0	Inf	Inf
GLCDpp	so3_p	-0.0	-1000.0	0.0	-0.0	Inf
GLCDpp	so4_p	-0.0	-0.05352182286764965	999.9464781771323	-0.0	0.0
GLCDpp	malt_p	0.0	0.0	0.0	Inf	Inf
GLCDpp	malthx_p	0.0	0.0	0.0	Inf	Inf
GLCDpp	maltpt_p	0.0	0.0	0.0	Inf	Inf
GLCDpp	sucr_p	-0.0	-0.044017386043818704	0.11843782992487939	-0.0	0.0
GLCDpp	malttr_p	0.0	0.0	0.0	Inf	Inf
GLCDpp	maltttr_p	0.0	0.0	0.0	Inf	Inf
GLCDpp	pacald_p	-0.0	-1000.0	0.0	-0.0	Inf
GLCDpp	man_p	-0.0	-1000.0	0.0	-0.0	Inf
GLCDpp	tartr__L_p	-0.0	-1000.0	0.0	-0.0	Inf
GLCDpp	pe120_p	-0.0	0.0	0.0	Inf	Inf
GLCDpp	melib_p	-0.0	-1000.0	0.0	-0.0	Inf
GLCDpp	meoh_p	-0.0	-1000.0	0.0	-0.0	Inf
GLCDpp	thym_p	-0.0	-1000.0	0.0	-0.0	Inf
GLCDpp	thymd_p	-0.0	-0.005552810072548338	0.0	-0.0	Inf
GLCDpp	pg120_p	-0.0	0.0	0.0	Inf	Inf
GLCDpp	metsox_S__L_p	-0.0	-1000.0	0.0	-0.0	Inf
GLCDpp	tmao_p	-0.0	-1000.0	0.0	-0.0	Inf
GLCDpp	mg2_p	-0.0	-0.0018409625995320967	999.9981590374005	-0.0	0.0
GLCDpp	tre_p	-2.0	-10.643476309177913	0.0	-1.9999999999999787	Inf
GLCDpp	mnl_p	-0.0	0.0	0.0	Inf	Inf
GLCDpp	mobd_p	-0.0	-2.7375697413845046e-05	999.9999726243026	-0.0	0.0
GLCDpp	ura_p	-0.0	-1000.0	0.0	-0.0	Inf
GLCDpp	urea_p	-0.0	-1000.0	0.0	-0.0	Inf
GLCDpp	uri_p	-0.0	0.0	0.0	Inf	Inf
GLCDpp	xan_p	-0.0	0.0	0.0	Inf	Inf
GLCDpp	xtsn_p	-0.0	0.0	0.0	Inf	Inf
GLCDpp	xyl__D_p	-0.0	-1000.0	0.0	-0.0	Inf
GLCDpp	xylu__L_p	-0.0	0.0	0.0	Inf	Inf
GLCDpp	ppal_p	-0.0	0.0	0.0	Inf	Inf
GLCDpp	psclys_p	-0.0	-1000.0	0.0	-0.0	Inf
GLCDpp	pydx_p	-0.0	0.0	0.0	Inf	Inf
GLCDpp	pydxn_p	-0.0	0.0	0.0	Inf	Inf
GLCDpp	rib__D_p	-0.0	-1000.0	0.0	-0.0	Inf
GLCDpp	rmn_p	-0.0	-1000.0	0.0	-0.0	Inf
GLCDpp	sbt__D_p	-0.0	-0.08803477208763741	0.0	-0.0	Inf
GLCDpp	slnt_p	-0.0	-1000.0	0.0	-0.0	Inf
GLCDpp	so2_p	-0.0	-1000.0	0.0	-0.0	Inf
