Reaction	Metabolite	ShadowPrice	G-	G+	DecrementalShadowPrice	IncrementalShadowPrice
HETZK	12dgr120_c	-0.0	0.0	0.0	Inf	Inf
HETZK	12dgr140_c	-0.0	0.0	0.0	Inf	Inf
HETZK	12dgr160_c	-0.0	-0.009781641342768519	0.0	-0.0	Inf
HETZK	12dgr180_c	-0.0	0.0	0.0	Inf	Inf
HETZK	12ppd__R_c	-0.0	-1000.0	0.0	-0.0	Inf
HETZK	12ppd__S_c	-0.0	0.0	0.0	Inf	Inf
HETZK	5drib_c	-0.0	-999.99995267612	4.732388008019107e-05	-0.0	0.0
HETZK	5mta_c	-0.0	0.0	0.0	Inf	Inf
HETZK	23dhacoa_c	-0.0	-0.00012223567227920284	0.0	-0.0	Inf
HETZK	5mtr_c	-0.0	0.0	0.0	Inf	Inf
HETZK	3amac_c	-0.0	-1.9498762812839079	0.0	-0.0	Inf
HETZK	LalaDgluMdap_c	-0.0	-0.005897022330351343	0.0	-0.0	Inf
HETZK	ac_c	-0.0	-0.17606954416983325	0.1236303473815025	-0.0	0.0
HETZK	acald_c	-0.0	0.0	0.6145963066468503	Inf	0.0
HETZK	acetol_c	-0.0	0.0	0.0	Inf	Inf
HETZK	acgam_c	-0.0	-0.020051743412676317	0.0	-0.0	Inf
HETZK	acgam6p_c	-0.0	-0.020051743412676317	0.0	-0.0	Inf
HETZK	acmalt_c	0.0	0.0	0.0	Inf	Inf
HETZK	acmana_c	-0.0	-0.020051743412676317	0.0	-0.0	Inf
HETZK	2dmmq8_c	-0.0	0.0	0.0	Inf	Inf
HETZK	2dmmql8_c	0.0	0.0	0.0	Inf	Inf
HETZK	ade_c	-0.0	-0.02369504553553271	0.00014197164024057322	-0.0	0.0
HETZK	adn_c	-0.0	0.0	0.00014197164024057322	Inf	0.0
HETZK	3sala_c	0.0	0.0	0.0	Inf	Inf
HETZK	adphep_DD_c	-0.0	0.0	0.0	Inf	Inf
HETZK	adphep_LD_c	-0.0	0.0	0.0	Inf	Inf
HETZK	4ahmmp_c	0.0	0.0	0.0	Inf	Inf
HETZK	4crsol_c	-0.0	-999.99995267612	4.732388008019107e-05	-0.0	0.0
HETZK	2ohph_c	-0.0	-4.732388008019107e-05	0.021760826168357374	-0.0	0.0
HETZK	2ombzl_c	-0.0	0.0	0.0	Inf	Inf
HETZK	2omhmbl_c	-0.0	0.0	0.0	Inf	Inf
HETZK	2ommbl_c	0.0	0.0	0.0	Inf	Inf
HETZK	2omph_c	-0.0	0.0	0.019578186264256104	Inf	0.0
HETZK	4mhetz_c	-1.0	-4.732388008019107e-05	0.0	-1.0	Inf
HETZK	2oph_c	-0.0	-4.732388008019107e-05	0.021760826168357374	-0.0	0.0
HETZK	2oxpaccoa_c	-0.0	-0.00012223567227920284	0.0	-0.0	Inf
HETZK	all__D_c	-0.0	-0.08803477208491663	0.0	-0.0	Inf
HETZK	alltn_c	-0.0	-0.24487754692552244	0.0	-0.0	Inf
HETZK	4r5au_c	-0.0	-9.464776068821002e-05	0.1318264541793243	-0.0	0.0
HETZK	56dura_c	0.0	0.0	0.0	Inf	Inf
HETZK	arab__L_c	-0.0	-0.15135419918112802	0.0	-0.0	Inf
HETZK	etoh_c	-0.0	-1000.0	0.0	-0.0	Inf
HETZK	csn_c	-0.0	0.0	0.03839070190986116	Inf	0.0
HETZK	fald_c	-0.0	0.0	0.0	Inf	Inf
HETZK	fc1p_c	-0.0	0.0	0.0	Inf	Inf
HETZK	fcl__L_c	-0.0	0.0	0.0	Inf	Inf
HETZK	aso4_c	0.0	0.0	0.0	Inf	Inf
HETZK	cyan_c	0.0	0.0	0.0	Inf	Inf
HETZK	athtp_c	0.0	0.0	0.0	Inf	Inf
HETZK	cytd_c	-0.0	0.0	0.03839070190986116	Inf	0.0
HETZK	dad_2_c	-0.0	0.0	0.0	Inf	Inf
HETZK	dad_5_c	-0.0	-0.02369504553553271	4.732388008019107e-05	-0.0	0.0
HETZK	betald_c	0.0	0.0	0.0	Inf	Inf
HETZK	btal_c	-0.0	-139.60856237915237	0.0	-0.0	Inf
HETZK	for_c	-0.0	-1.9498762812839097	0.0005205626821163928	-0.0	0.0
HETZK	dcyt_c	-0.0	0.0	0.0	Inf	Inf
HETZK	fru_c	-0.0	-0.08803477208491663	0.23687565985347345	-0.0	0.0
HETZK	ca2_c	-0.0	-0.001104577559772224	977.2599366540666	-0.0	0.0
HETZK	g3pe_c	-0.0	0.0	0.0	Inf	Inf
HETZK	g3pi_c	0.0	0.0	0.0	Inf	Inf
HETZK	cbm_c	-0.0	-0.9749381406419548	0.0	-0.0	Inf
HETZK	dha_c	-0.0	-0.17606954416983325	0.47375131970694684	-0.0	0.0
HETZK	gal_c	-0.0	0.0	0.0	Inf	Inf
HETZK	dhgly_c	-0.0	-4.732388008019107e-05	0.08581155979597534	-0.0	0.0
HETZK	dhmptp_c	0.0	0.0	0.0	Inf	Inf
HETZK	gcald_c	-0.0	-0.24487754692552244	0.00014197163989138062	-0.0	0.0
HETZK	dhptd_c	-0.0	-10.643476309174275	9.464776016038214e-05	-0.0	0.0
HETZK	cechddd_c	-0.0	0.0	0.0	Inf	Inf
HETZK	dhptdn_c	0.0	0.0	0.0	Inf	Inf
HETZK	chol_c	0.0	0.0	0.0	Inf	Inf
HETZK	chtbs6p_c	-0.0	0.0	0.0	Inf	Inf
HETZK	dmbzid_c	0.0	0.0	0.0	Inf	Inf
HETZK	dms_c	0.0	0.0	0.0	Inf	Inf
HETZK	dmso_c	0.0	0.0	0.0	Inf	Inf
HETZK	cl_c	-0.0	-0.001104577559719258	999.9988954224402	-0.0	0.0
HETZK	glc__D_c	-0.0	-0.08803477208491663	0.23687565985347345	-0.0	0.0
HETZK	co2_c	-0.0	-993.7110560055245	6.288423431793376	-0.0	0.0
HETZK	dscl_c	-0.0	-4.732388008019107e-05	0.02504412262768002	-0.0	0.0
HETZK	dtdp4aaddg_c	-0.0	0.0	0.0	Inf	Inf
HETZK	glyald_c	-0.0	-1000.0	0.0	-0.0	Inf
HETZK	crn_c	-0.0	-977.2599366540666	0.0	-0.0	Inf
HETZK	duri_c	-0.0	0.0	0.0	Inf	Inf
HETZK	glyb_c	0.0	0.0	0.0	Inf	Inf
HETZK	glyc_c	-0.0	-0.029503786546138135	0.0	-0.0	Inf
HETZK	dxyl_c	0.0	0.0	0.0	Inf	Inf
HETZK	glycogen_c	-0.0	-0.08803477208491663	0.0	-0.0	Inf
HETZK	gmhep1p_c	-0.0	0.0	0.17606954416983212	Inf	0.0
HETZK	lipa_cold_c	-0.0	0.0	0.0	Inf	Inf
HETZK	lipidA_c	-0.0	-0.004128849375945265	0.016104860726581776	-0.0	0.0
HETZK	malt_c	0.0	0.0	0.0	Inf	Inf
HETZK	h2_c	-0.0	0.0	0.0	Inf	Inf
HETZK	malthx_c	-0.0	0.0	0.0	Inf	Inf
HETZK	maltpt_c	-0.0	0.0	0.0	Inf	Inf
HETZK	malttr_c	-0.0	0.0	0.0	Inf	Inf
HETZK	maltttr_c	-0.0	0.0	0.0	Inf	Inf
HETZK	h2o2_c	-0.0	-0.0002977372365886422	1.8575697315236603	-0.0	0.0
HETZK	man_c	-0.0	0.0	0.0	Inf	Inf
HETZK	mdhdhf_c	-0.0	-10.643476309174275	9.464776016038214e-05	-0.0	0.0
HETZK	melib_c	-0.0	0.0	0.0	Inf	Inf
HETZK	meoh_c	-0.0	-1000.0	0.0	-0.0	Inf
HETZK	pacald_c	-0.0	-977.2599366540666	0.0	-0.0	Inf
HETZK	metsox_S__L_c	-0.0	-0.019563282685536997	0.0	-0.0	Inf
HETZK	mg2_c	-0.0	-0.0018409625995320967	488.6299683270333	-0.0	0.0
HETZK	hhlipa_c	-0.0	0.0	0.0	Inf	Inf
HETZK	pe120_c	-0.0	0.0	0.0	Inf	Inf
HETZK	mobd_c	-0.0	-2.7375697413845046e-05	5.685015836483352	-0.0	0.0
HETZK	hlipa_c	-0.0	0.0	0.0	Inf	Inf
HETZK	pg120_c	-0.0	0.0	0.0	Inf	Inf
HETZK	mql8_c	0.0	0.0	0.0	Inf	Inf
HETZK	mqn8_c	-0.0	0.0	0.0	Inf	Inf
HETZK	mthgxl_c	-0.0	0.0	0.0	Inf	Inf
HETZK	hqn_c	0.0	0.0	0.0	Inf	Inf
HETZK	mththf_c	-0.0	-999.9999053522398	9.464776016038214e-05	-0.0	0.0
HETZK	n2o_c	-0.0	-1000.0	0.0	-0.0	Inf
HETZK	na1_c	-0.0	-22.740063345933407	0.0	-0.0	Inf
HETZK	nac_c	-0.0	0.0	0.0	Inf	Inf
HETZK	ncam_c	-0.0	0.0	0.0	Inf	Inf
HETZK	ni2_c	-0.0	-6.854535092770675e-05	999.9999314546491	-0.0	0.0
HETZK	no_c	-0.0	-1000.0	0.0	-0.0	Inf
HETZK	indole_c	-0.0	-0.012062920696853368	0.13698833340923772	-0.0	0.0
HETZK	no2_c	-0.0	-977.2599366540666	0.0	-0.0	Inf
HETZK	no3_c	0.0	0.0	0.0	Inf	Inf
HETZK	inost_c	0.0	0.0	0.0	Inf	Inf
HETZK	o2_c	-0.0	-5.83609902719877	994.1639009728012	-0.0	0.0
HETZK	poaac_c	-0.0	-1.624290238995245	0.0	-0.0	Inf
HETZK	ppal_c	-0.0	0.0	0.0	Inf	Inf
HETZK	k_c	-0.0	-0.04142282567033817	22.740063345933407	-0.0	0.0
HETZK	psclys_c	-0.0	0.0	0.0	Inf	Inf
HETZK	lald__D_c	-0.0	0.0	0.0	Inf	Inf
HETZK	lald__L_c	-0.0	0.0	0.0	Inf	Inf
HETZK	ura_c	-0.0	-0.07019956462380811	0.0	-0.0	Inf
HETZK	pydx_c	-0.0	0.0	0.0002977372365886422	Inf	0.0
HETZK	uracp_c	-0.0	-1.1460453749097042	0.0	-0.0	Inf
HETZK	pydxn_c	-0.0	0.0	0.15682802307540328	Inf	0.0
HETZK	urate_c	-0.0	-0.0002977372365886422	0.0	-0.0	Inf
HETZK	q8_c	-0.0	0.0	0.0	Inf	Inf
HETZK	q8h2_c	0.0	0.0	0.0	Inf	Inf
HETZK	urea_c	-0.0	-1000.0	0.0	-0.0	Inf
HETZK	uri_c	-0.0	0.0	0.0	Inf	Inf
HETZK	rbflvrd_c	-0.0	0.0	0.0671789168269821	Inf	0.0
HETZK	rbl__L_c	-0.0	-0.15135419918112802	0.0	-0.0	Inf
HETZK	rdmbzi_c	0.0	0.0	0.0	Inf	Inf
HETZK	thptdn_c	0.0	0.0	0.0	Inf	Inf
HETZK	xan_c	-0.0	0.0	0.0	Inf	Inf
HETZK	rephaccoa_c	-0.0	-0.00012223567227920284	0.0	-0.0	Inf
HETZK	rib__D_c	-0.0	0.0	0.2707150398325413	Inf	0.0
HETZK	xtsn_c	-0.0	0.0	0.0	Inf	Inf
HETZK	rml_c	-0.0	0.0	0.0	Inf	Inf
HETZK	thym_c	-0.0	-22.740063345933407	0.0	-0.0	Inf
HETZK	thymd_c	-0.0	-0.005552810072548338	0.0	-0.0	Inf
HETZK	xu5p__L_c	-0.0	-0.15135419918112802	0.0	-0.0	Inf
HETZK	rmn_c	-0.0	0.0	0.0	Inf	Inf
HETZK	xyl__D_c	0.0	0.0	0.0	Inf	Inf
HETZK	tmao_c	0.0	0.0	0.0	Inf	Inf
HETZK	xylu__D_c	-0.0	0.0	0.0	Inf	Inf
HETZK	xylu__L_c	-0.0	-0.15135419918112802	0.0	-0.0	Inf
HETZK	12ppd__R_e	-0.0	-1000.0	0.0	-0.0	Inf
HETZK	12ppd__S_e	-0.0	-1000.0	0.0	-0.0	Inf
HETZK	tre_c	-0.0	-0.04401738604245831	0.0	-0.0	Inf
HETZK	seln_c	0.0	0.0	0.0	Inf	Inf
HETZK	34dhpac_e	-0.0	-1000.0	0.0	-0.0	Inf
HETZK	slnt_c	0.0	0.0	0.0	Inf	Inf
HETZK	so2_c	0.0	0.0	0.0	Inf	Inf
HETZK	so3_c	-0.0	-0.052601235460569766	1.0828601593301628	-0.0	0.0
HETZK	so4_c	-0.0	-0.05352182286769026	22.740063345933407	-0.0	0.0
HETZK	4hoxpacd_e	-0.0	-1000.0	0.0	-0.0	Inf
HETZK	5mtr_e	-0.0	0.0	0.0	Inf	Inf
HETZK	LalaDgluMdap_e	-0.0	-1000.0	0.0	-0.0	Inf
HETZK	ac_e	-0.0	0.0	0.0	Inf	Inf
HETZK	acald_e	-0.0	-1000.0	0.0	-0.0	Inf
HETZK	acgal_e	-0.0	-1000.0	0.0	-0.0	Inf
HETZK	acgam_e	-0.0	-1000.0	0.0	-0.0	Inf
HETZK	acmana_e	-0.0	-1000.0	0.0	-0.0	Inf
HETZK	tagur_c	-0.0	0.0	0.0	Inf	Inf
HETZK	tartr__L_c	-0.0	-0.17606954416983325	0.0	-0.0	Inf
HETZK	ade_e	-0.0	-1000.0	0.0	-0.0	Inf
HETZK	adn_e	-0.0	-1000.0	0.0	-0.0	Inf
HETZK	all__D_e	-0.0	-1000.0	0.0	-0.0	Inf
HETZK	cl_e	-0.0	-0.001104577559772224	999.9988954224402	-0.0	0.0
HETZK	alltn_e	-0.0	0.0	0.0	Inf	Inf
HETZK	cm_e	-0.0	-1000.0	0.0	-0.0	Inf
HETZK	co2_e	-0.0	-993.7110560055245	6.288943994475517	-0.0	0.0
HETZK	arab__L_e	-0.0	-1000.0	0.0	-0.0	Inf
HETZK	arbt_e	-0.0	-1000.0	0.0	-0.0	Inf
HETZK	unagamu_c	-0.0	0.0	0.014862786500610101	Inf	0.0
HETZK	crn_e	-0.0	-1000.0	0.0	-0.0	Inf
HETZK	csn_e	-0.0	-1000.0	0.0	-0.0	Inf
HETZK	cyan_e	-0.0	-1000.0	0.0	-0.0	Inf
HETZK	glyb_e	-0.0	-1000.0	0.0	-0.0	Inf
HETZK	glyc_e	-0.0	-1000.0	0.0	-0.0	Inf
HETZK	cytd_e	-0.0	-1000.0	0.0	-0.0	Inf
HETZK	ca2_e	-0.0	-0.001104577559772224	999.9988954224402	-0.0	0.0
HETZK	dad_2_e	-0.0	-1000.0	0.0	-0.0	Inf
HETZK	dcyt_e	-0.0	-1000.0	0.0	-0.0	Inf
HETZK	chol_e	-0.0	-1000.0	0.0	-0.0	Inf
HETZK	dha_e	-0.0	-1000.0	0.0	-0.0	Inf
HETZK	ppal_e	-0.0	-1000.0	0.0	-0.0	Inf
HETZK	h2_e	-0.0	-1000.0	0.0	-0.0	Inf
HETZK	dms_e	-0.0	-1000.0	0.0	-0.0	Inf
HETZK	dmso_e	-0.0	-1000.0	0.0	-0.0	Inf
HETZK	h2o2_e	-0.0	-1000.0	0.0	-0.0	Inf
HETZK	psclys_e	-0.0	-1000.0	0.0	-0.0	Inf
HETZK	duri_e	-0.0	-1000.0	0.0	-0.0	Inf
HETZK	pydx_e	-0.0	-1000.0	0.0	-0.0	Inf
HETZK	pydxn_e	-0.0	-1000.0	0.0	-0.0	Inf
HETZK	etoh_e	-0.0	-1000.0	0.0	-0.0	Inf
HETZK	fald_e	-0.0	0.0	0.0	Inf	Inf
HETZK	rib__D_e	-0.0	-1000.0	0.0	-0.0	Inf
HETZK	rmn_e	-0.0	-1000.0	0.0	-0.0	Inf
HETZK	indole_e	-0.0	-1000.0	0.0	-0.0	Inf
HETZK	inost_e	-0.0	-1000.0	0.0	-0.0	Inf
HETZK	sbt__D_e	-0.0	-0.08803477208491663	0.0	-0.0	Inf
HETZK	k_e	-0.0	-0.04142282567033817	999.9585771743297	-0.0	0.0
HETZK	for_e	-0.0	0.0	0.0005205626821163928	Inf	0.0
HETZK	slnt_e	-0.0	-1000.0	0.0	-0.0	Inf
HETZK	fru_e	-0.0	-1000.0	0.0	-0.0	Inf
HETZK	so2_e	-0.0	-1000.0	0.0	-0.0	Inf
HETZK	so3_e	-0.0	-1000.0	0.0	-0.0	Inf
HETZK	so4_e	-0.0	-0.05352182286769026	999.9464781771323	-0.0	0.0
HETZK	lipa_cold_e	-0.0	-1000.0	0.0	-0.0	Inf
HETZK	sucr_e	-0.0	-0.04401738604245831	0.11843782992673672	-0.0	0.0
HETZK	g3pe_e	-0.0	-1000.0	0.0	-0.0	Inf
HETZK	malt_e	-0.0	-1000.0	0.0	-0.0	Inf
HETZK	tartr__L_e	-0.0	-1000.0	0.0	-0.0	Inf
HETZK	g3pi_e	-0.0	-1000.0	0.0	-0.0	Inf
HETZK	malthx_e	-0.0	-1000.0	0.0	-0.0	Inf
HETZK	maltpt_e	-0.0	-1000.0	0.0	-0.0	Inf
HETZK	gal_e	-0.0	-1000.0	0.0	-0.0	Inf
HETZK	gal_bD_e	-0.0	-1000.0	0.0	-0.0	Inf
HETZK	malttr_e	-0.0	-1000.0	0.0	-0.0	Inf
HETZK	maltttr_e	-0.0	-1000.0	0.0	-0.0	Inf
HETZK	man_e	-0.0	-1000.0	0.0	-0.0	Inf
HETZK	thym_e	-0.0	-1000.0	0.0	-0.0	Inf
HETZK	thymd_e	-0.0	-1000.0	0.0	-0.0	Inf
HETZK	galt_e	-0.0	-0.08803477208491663	0.0	-0.0	Inf
HETZK	melib_e	-0.0	-1000.0	0.0	-0.0	Inf
HETZK	meoh_e	-0.0	-1000.0	0.0	-0.0	Inf
HETZK	tmao_e	-0.0	-1000.0	0.0	-0.0	Inf
HETZK	tre_e	-0.0	-1000.0	0.0	-0.0	Inf
HETZK	metsox_S__L_e	-0.0	-1000.0	0.0	-0.0	Inf
HETZK	glc__D_e	-0.0	-1000.0	0.0	-0.0	Inf
HETZK	mg2_e	-0.0	-0.0018409625995445822	999.9981590374005	-0.0	0.0
HETZK	mnl_e	-0.0	-1000.0	0.0	-0.0	Inf
HETZK	mobd_e	-0.0	-2.7375697413845046e-05	999.9999726243026	-0.0	0.0
HETZK	glyald_e	-0.0	-1000.0	0.0	-0.0	Inf
HETZK	n2o_e	-0.0	-1000.0	0.0	-0.0	Inf
HETZK	na1_e	-0.0	-1000.0	0.0	-0.0	Inf
HETZK	nac_e	-0.0	-1000.0	0.0	-0.0	Inf
HETZK	ni2_e	-0.0	-6.854535092770675e-05	999.9999314546491	-0.0	0.0
HETZK	no_e	-0.0	-1000.0	0.0	-0.0	Inf
HETZK	no2_e	-0.0	-1000.0	0.0	-0.0	Inf
HETZK	ura_e	-0.0	-1000.0	0.0	-0.0	Inf
HETZK	no3_e	-0.0	-1000.0	0.0	-0.0	Inf
HETZK	urea_e	-0.0	-1000.0	0.0	-0.0	Inf
HETZK	novbcn_e	-0.0	-1000.0	0.0	-0.0	Inf
HETZK	uri_e	-0.0	-1000.0	0.0	-0.0	Inf
HETZK	o2_e	-0.0	-5.83609902719877	994.1639009728012	-0.0	0.0
HETZK	xan_e	-0.0	0.0	0.0	Inf	Inf
HETZK	xtsn_e	-0.0	-1000.0	0.0	-0.0	Inf
HETZK	xyl__D_e	-0.0	-1000.0	0.0	-0.0	Inf
HETZK	xylu__L_e	-0.0	-1000.0	0.0	-0.0	Inf
HETZK	pacald_e	-0.0	-1000.0	0.0	-0.0	Inf
HETZK	12dgr120_p	-0.0	0.0	0.0	Inf	Inf
HETZK	12dgr140_p	-0.0	0.0	0.0	Inf	Inf
HETZK	12dgr160_p	-0.0	-0.009781641342768519	0.0	-0.0	Inf
HETZK	12dgr180_p	-0.0	0.0	0.0	Inf	Inf
HETZK	12ppd__R_p	-0.0	-1000.0	0.0	-0.0	Inf
HETZK	12ppd__S_p	-0.0	0.0	0.0	Inf	Inf
HETZK	chol_p	-0.0	-1000.0	0.0	-0.0	Inf
HETZK	cl_p	-0.0	-0.001104577559772224	999.9988954224402	-0.0	0.0
HETZK	34dhpac_p	-0.0	-1000.0	0.0	-0.0	Inf
HETZK	cm_p	-0.0	0.0	0.0	Inf	Inf
HETZK	4hoxpacd_p	-0.0	-1000.0	0.0	-0.0	Inf
HETZK	co2_p	-0.0	-993.7110560055245	6.288943994475517	-0.0	0.0
HETZK	5mtr_p	-0.0	0.0	0.0	Inf	Inf
HETZK	LalaDgluMdap_p	-0.0	-0.005897022330351343	0.0	-0.0	Inf
HETZK	gal_p	-0.0	-1000.0	0.0	-0.0	Inf
HETZK	ac_p	-0.0	-0.17606954416983325	0.0	-0.0	Inf
HETZK	crn_p	-0.0	-1000.0	0.0	-0.0	Inf
HETZK	gal_bD_p	-0.0	-1000.0	0.0	-0.0	Inf
HETZK	acald_p	-0.0	-1000.0	0.0	-0.0	Inf
HETZK	acgal_p	-0.0	-1000.0	0.0	-0.0	Inf
HETZK	csn_p	-0.0	0.0	0.0	Inf	Inf
HETZK	acgam_p	-0.0	-1000.0	0.0	-0.0	Inf
HETZK	galt_p	-0.0	-0.08803477208491663	0.0	-0.0	Inf
HETZK	acmana_p	-0.0	-1000.0	0.0	-0.0	Inf
HETZK	cyan_p	-0.0	0.0	0.0	Inf	Inf
HETZK	ade_p	-0.0	-1000.0	0.0	-0.0	Inf
HETZK	adn_p	-0.0	0.0	0.00014197164024057322	Inf	0.0
HETZK	cytd_p	-0.0	0.0	0.0	Inf	Inf
HETZK	glc__D_p	-0.0	-1000.0	0.0	-0.0	Inf
HETZK	dad_2_p	-0.0	-1000.0	0.0	-0.0	Inf
HETZK	dcyt_p	-0.0	-1000.0	0.0	-0.0	Inf
HETZK	all__D_p	-0.0	0.0	0.0	Inf	Inf
HETZK	alltn_p	-0.0	0.0	0.0	Inf	Inf
HETZK	dha_p	-0.0	-1000.0	0.0	-0.0	Inf
HETZK	glyald_p	-0.0	-1000.0	0.0	-0.0	Inf
HETZK	glyb_p	0.0	0.0	0.0	Inf	Inf
HETZK	dms_p	-0.0	-1000.0	0.0	-0.0	Inf
HETZK	glyc_p	-0.0	-0.029503786546138135	0.0	-0.0	Inf
HETZK	dmso_p	-0.0	-1000.0	0.0	-0.0	Inf
HETZK	arab__L_p	-0.0	0.0	0.0	Inf	Inf
HETZK	arbt_p	0.0	0.0	0.0	Inf	Inf
HETZK	ca2_p	-0.0	-0.001104577559772224	999.9988954224402	-0.0	0.0
HETZK	duri_p	-0.0	-1000.0	0.0	-0.0	Inf
HETZK	h2_p	-0.0	-1000.0	0.0	-0.0	Inf
HETZK	h2o2_p	-0.0	-1000.0	0.0	-0.0	Inf
HETZK	etoh_p	-0.0	-1000.0	0.0	-0.0	Inf
HETZK	fald_p	-0.0	0.0	0.0	Inf	Inf
HETZK	n2o_p	-0.0	-1000.0	0.0	-0.0	Inf
HETZK	na1_p	-0.0	-1000.0	0.0	-0.0	Inf
HETZK	indole_p	-0.0	0.0	0.13781856573293008	Inf	0.0
HETZK	nac_p	-0.0	-1000.0	0.0	-0.0	Inf
HETZK	ni2_p	-0.0	-6.854535092770675e-05	999.9999314546491	-0.0	0.0
HETZK	inost_p	-0.0	-1000.0	0.0	-0.0	Inf
HETZK	no_p	-0.0	-1000.0	0.0	-0.0	Inf
HETZK	no2_p	-0.0	-1000.0	0.0	-0.0	Inf
HETZK	for_p	-0.0	-1.9498762812839097	0.0005205626821163928	-0.0	0.0
HETZK	fru_p	-0.0	-1000.0	0.0	-0.0	Inf
HETZK	no3_p	-0.0	0.0	0.0	Inf	Inf
HETZK	k_p	-0.0	-0.04142282567033817	999.9585771743297	-0.0	0.0
HETZK	novbcn_p	-0.0	0.0	0.0	Inf	Inf
HETZK	o2_p	-0.0	-5.83609902719877	994.1639009728012	-0.0	0.0
HETZK	lipa_cold_p	-0.0	-5.685015836483352	0.0	-0.0	Inf
HETZK	g3pe_p	-0.0	0.0	0.0	Inf	Inf
HETZK	g3pi_p	-0.0	0.0	0.0	Inf	Inf
HETZK	so3_p	-0.0	-1000.0	0.0	-0.0	Inf
HETZK	so4_p	-0.0	-0.05352182286769026	999.9464781771323	-0.0	0.0
HETZK	malt_p	0.0	0.0	0.0	Inf	Inf
HETZK	malthx_p	0.0	0.0	0.0	Inf	Inf
HETZK	maltpt_p	0.0	0.0	0.0	Inf	Inf
HETZK	sucr_p	-0.0	-0.04401738604245831	0.11843782992673672	-0.0	0.0
HETZK	malttr_p	0.0	0.0	0.0	Inf	Inf
HETZK	maltttr_p	0.0	0.0	0.0	Inf	Inf
HETZK	pacald_p	-0.0	-1000.0	0.0	-0.0	Inf
HETZK	man_p	-0.0	-1000.0	0.0	-0.0	Inf
HETZK	tartr__L_p	-0.0	-1000.0	0.0	-0.0	Inf
HETZK	pe120_p	-0.0	0.0	0.0	Inf	Inf
HETZK	melib_p	-0.0	-1000.0	0.0	-0.0	Inf
HETZK	meoh_p	-0.0	-1000.0	0.0	-0.0	Inf
HETZK	thym_p	-0.0	-1000.0	0.0	-0.0	Inf
HETZK	thymd_p	-0.0	-0.005552810072548338	0.0	-0.0	Inf
HETZK	pg120_p	-0.0	0.0	0.0	Inf	Inf
HETZK	metsox_S__L_p	-0.0	-1000.0	0.0	-0.0	Inf
HETZK	tmao_p	-0.0	-1000.0	0.0	-0.0	Inf
HETZK	mg2_p	-0.0	-0.0018409625995320967	999.9981590374005	-0.0	0.0
HETZK	tre_p	-0.0	0.0	0.0	Inf	Inf
HETZK	mnl_p	-0.0	0.0	0.0	Inf	Inf
HETZK	mobd_p	-0.0	-2.7375697413845046e-05	999.9999726243026	-0.0	0.0
HETZK	ura_p	-0.0	-1000.0	0.0	-0.0	Inf
HETZK	urea_p	-0.0	-1000.0	0.0	-0.0	Inf
HETZK	uri_p	-0.0	0.0	0.0	Inf	Inf
HETZK	xan_p	-0.0	0.0	0.0	Inf	Inf
HETZK	xtsn_p	-0.0	0.0	0.0	Inf	Inf
HETZK	xyl__D_p	-0.0	-1000.0	0.0	-0.0	Inf
HETZK	xylu__L_p	-0.0	0.0	0.0	Inf	Inf
HETZK	ppal_p	-0.0	0.0	0.0	Inf	Inf
HETZK	psclys_p	-0.0	-1000.0	0.0	-0.0	Inf
HETZK	pydx_p	-0.0	0.0	0.0	Inf	Inf
HETZK	pydxn_p	-0.0	0.0	0.0	Inf	Inf
HETZK	rib__D_p	-0.0	-1000.0	0.0	-0.0	Inf
HETZK	rmn_p	-0.0	-1000.0	0.0	-0.0	Inf
HETZK	sbt__D_p	-0.0	-0.08803477208491663	0.0	-0.0	Inf
HETZK	slnt_p	-0.0	-1000.0	0.0	-0.0	Inf
HETZK	so2_p	-0.0	-1000.0	0.0	-0.0	Inf
