Reaction	Metabolite	ShadowPrice	G-	G+	DecrementalShadowPrice	IncrementalShadowPrice
HG2tex_f	12dgr120_c	-0.0	0.0	0.0	Inf	Inf
HG2tex_f	12dgr140_c	-0.0	0.0	0.0	Inf	Inf
HG2tex_f	12dgr160_c	-0.0	-0.009781641343070826	0.0	-0.0	Inf
HG2tex_f	12dgr180_c	-0.0	0.0	0.0	Inf	Inf
HG2tex_f	12ppd__R_c	-0.0	-1000.0	0.0	-0.0	Inf
HG2tex_f	12ppd__S_c	-0.0	0.0	0.0	Inf	Inf
HG2tex_f	5drib_c	-0.0	-999.99995267612	4.732388008019107e-05	-0.0	0.0
HG2tex_f	5mta_c	-0.0	0.0	0.0	Inf	Inf
HG2tex_f	23dhacoa_c	-0.0	-0.00012223567227920284	0.0	-0.0	Inf
HG2tex_f	5mtr_c	-0.0	0.0	0.0	Inf	Inf
HG2tex_f	3amac_c	-0.0	-1.9498762812886168	0.0	-0.0	Inf
HG2tex_f	LalaDgluMdap_c	-0.0	-0.005897022330351343	0.0	-0.0	Inf
HG2tex_f	ac_c	-0.0	-0.17606954417527482	0.12363034738143597	-0.0	0.0
HG2tex_f	acald_c	-0.0	0.0	0.6145963066372122	Inf	0.0
HG2tex_f	acetol_c	-0.0	0.0	0.0	Inf	Inf
HG2tex_f	acgam_c	-0.0	-0.020051743412676317	0.0	-0.0	Inf
HG2tex_f	acgam6p_c	-0.0	-0.020051743412676317	0.0	-0.0	Inf
HG2tex_f	acmalt_c	0.0	0.0	0.0	Inf	Inf
HG2tex_f	acmana_c	-0.0	-0.020051743412676317	0.0	-0.0	Inf
HG2tex_f	2dmmq8_c	-0.0	0.0	0.0	Inf	Inf
HG2tex_f	2dmmql8_c	0.0	0.0	0.0	Inf	Inf
HG2tex_f	ade_c	-0.0	-0.023695045536669578	0.00014197164024057322	-0.0	0.0
HG2tex_f	adn_c	-0.0	0.0	0.00014197164024057322	Inf	0.0
HG2tex_f	3sala_c	0.0	0.0	0.0	Inf	Inf
HG2tex_f	adphep_DD_c	-0.0	0.0	0.0	Inf	Inf
HG2tex_f	adphep_LD_c	-0.0	0.0	0.0	Inf	Inf
HG2tex_f	4ahmmp_c	0.0	0.0	0.0	Inf	Inf
HG2tex_f	4crsol_c	-0.0	-999.99995267612	4.732388008019107e-05	-0.0	0.0
HG2tex_f	2ohph_c	-0.0	-4.732388008019107e-05	0.021760826168016126	-0.0	0.0
HG2tex_f	2ombzl_c	-0.0	0.0	0.0	Inf	Inf
HG2tex_f	2omhmbl_c	-0.0	0.0	0.0	Inf	Inf
HG2tex_f	2ommbl_c	0.0	0.0	0.0	Inf	Inf
HG2tex_f	2omph_c	-0.0	0.0	0.019578186263949082	Inf	0.0
HG2tex_f	4mhetz_c	0.0	0.0	0.0	Inf	Inf
HG2tex_f	2oph_c	-0.0	-4.732388008019107e-05	0.021760826168016126	-0.0	0.0
HG2tex_f	2oxpaccoa_c	-0.0	-0.00012223567227920284	0.0	-0.0	Inf
HG2tex_f	all__D_c	-0.0	-0.08803477208763741	0.0	-0.0	Inf
HG2tex_f	alltn_c	-0.0	-0.24487754693086572	0.0	-0.0	Inf
HG2tex_f	4r5au_c	-0.0	-9.464776068821002e-05	0.131826454177257	-0.0	0.0
HG2tex_f	56dura_c	0.0	0.0	0.0	Inf	Inf
HG2tex_f	arab__L_c	-0.0	-0.15135419918362913	0.0	-0.0	Inf
HG2tex_f	etoh_c	-0.0	-1000.0	0.0	-0.0	Inf
HG2tex_f	csn_c	-0.0	0.0	0.03839070190986116	Inf	0.0
HG2tex_f	fald_c	-0.0	0.0	0.0	Inf	Inf
HG2tex_f	fc1p_c	-0.0	0.0	0.0	Inf	Inf
HG2tex_f	fcl__L_c	-0.0	0.0	0.0	Inf	Inf
HG2tex_f	aso4_c	0.0	0.0	0.0	Inf	Inf
HG2tex_f	cyan_c	0.0	0.0	0.0	Inf	Inf
HG2tex_f	athtp_c	0.0	0.0	0.0	Inf	Inf
HG2tex_f	cytd_c	-0.0	0.0	0.03839070190986116	Inf	0.0
HG2tex_f	dad_2_c	-0.0	0.0	0.0	Inf	Inf
HG2tex_f	dad_5_c	-0.0	-0.023695045536669578	4.732388008019107e-05	-0.0	0.0
HG2tex_f	betald_c	0.0	0.0	0.0	Inf	Inf
HG2tex_f	btal_c	-0.0	-139.6085623792033	0.0	-0.0	Inf
HG2tex_f	for_c	-0.0	-1.9498762812886186	0.0005205626824574533	-0.0	0.0
HG2tex_f	dcyt_c	-0.0	0.0	0.0	Inf	Inf
HG2tex_f	fru_c	-0.0	-0.08803477208763741	0.23687565984975878	-0.0	0.0
HG2tex_f	ca2_c	-0.0	-0.001104577559772224	977.2599366544232	-0.0	0.0
HG2tex_f	g3pe_c	-0.0	0.0	0.0	Inf	Inf
HG2tex_f	g3pi_c	0.0	0.0	0.0	Inf	Inf
HG2tex_f	cbm_c	-0.0	-0.9749381406443093	0.0	-0.0	Inf
HG2tex_f	dha_c	-0.0	-0.17606954417527482	0.4737513196995175	-0.0	0.0
HG2tex_f	gal_c	-0.0	0.0	0.0	Inf	Inf
HG2tex_f	dhgly_c	-0.0	-4.732388008019107e-05	0.08581155979462965	-0.0	0.0
HG2tex_f	dhmptp_c	0.0	0.0	0.0	Inf	Inf
HG2tex_f	gcald_c	-0.0	-0.24487754693086572	0.00014197164023244113	-0.0	0.0
HG2tex_f	dhptd_c	-0.0	-10.643476309177913	9.464776016038214e-05	-0.0	0.0
HG2tex_f	cechddd_c	-0.0	0.0	0.0	Inf	Inf
HG2tex_f	dhptdn_c	0.0	0.0	0.0	Inf	Inf
HG2tex_f	chol_c	0.0	0.0	0.0	Inf	Inf
HG2tex_f	chtbs6p_c	-0.0	0.0	0.0	Inf	Inf
HG2tex_f	dmbzid_c	0.0	0.0	0.0	Inf	Inf
HG2tex_f	dms_c	0.0	0.0	0.0	Inf	Inf
HG2tex_f	dmso_c	0.0	0.0	0.0	Inf	Inf
HG2tex_f	cl_c	-0.0	-0.001104577559719258	999.9988954224402	-0.0	0.0
HG2tex_f	glc__D_c	-0.0	-0.08803477208763741	0.23687565984975878	-0.0	0.0
HG2tex_f	co2_c	-0.0	-993.7110560055443	6.2884234317732535	-0.0	0.0
HG2tex_f	dscl_c	-0.0	-4.732388008019107e-05	0.02504412262728728	-0.0	0.0
HG2tex_f	dtdp4aaddg_c	-0.0	0.0	0.0	Inf	Inf
HG2tex_f	glyald_c	-0.0	-1000.0	0.0	-0.0	Inf
HG2tex_f	crn_c	-0.0	-977.2599366544232	0.0	-0.0	Inf
HG2tex_f	duri_c	-0.0	0.0	0.0	Inf	Inf
HG2tex_f	glyb_c	0.0	0.0	0.0	Inf	Inf
HG2tex_f	glyc_c	-0.0	-0.029503786546138135	0.0	-0.0	Inf
HG2tex_f	dxyl_c	0.0	0.0	0.0	Inf	Inf
HG2tex_f	glycogen_c	-0.0	-0.08803477208763741	0.0	-0.0	Inf
HG2tex_f	gmhep1p_c	-0.0	0.0	0.17606954417527365	Inf	0.0
HG2tex_f	lipa_cold_c	-0.0	0.0	0.0	Inf	Inf
HG2tex_f	lipidA_c	-0.0	-0.004128849375945265	0.01610486072632922	-0.0	0.0
HG2tex_f	malt_c	0.0	0.0	0.0	Inf	Inf
HG2tex_f	h2_c	-0.0	0.0	0.0	Inf	Inf
HG2tex_f	malthx_c	-0.0	0.0	0.0	Inf	Inf
HG2tex_f	maltpt_c	-0.0	0.0	0.0	Inf	Inf
HG2tex_f	malttr_c	-0.0	0.0	0.0	Inf	Inf
HG2tex_f	maltttr_c	-0.0	0.0	0.0	Inf	Inf
HG2tex_f	h2o2_c	-0.0	-0.00029773723617475105	1.857569731517749	-0.0	0.0
HG2tex_f	man_c	-0.0	0.0	0.0	Inf	Inf
HG2tex_f	mdhdhf_c	-0.0	-10.643476309177913	9.464776016038214e-05	-0.0	0.0
HG2tex_f	melib_c	-0.0	0.0	0.0	Inf	Inf
HG2tex_f	meoh_c	-0.0	-1000.0	0.0	-0.0	Inf
HG2tex_f	pacald_c	-0.0	-977.2599366544232	0.0	-0.0	Inf
HG2tex_f	metsox_S__L_c	-0.0	-0.019563282686141614	0.0	-0.0	Inf
HG2tex_f	mg2_c	-0.0	-0.0018409625995320967	488.6299683272116	-0.0	0.0
HG2tex_f	hhlipa_c	-0.0	0.0	0.0	Inf	Inf
HG2tex_f	pe120_c	-0.0	0.0	0.0	Inf	Inf
HG2tex_f	mobd_c	-0.0	-2.7375697413845046e-05	5.6850158363942	-0.0	0.0
HG2tex_f	hlipa_c	-0.0	0.0	0.0	Inf	Inf
HG2tex_f	pg120_c	-0.0	0.0	0.0	Inf	Inf
HG2tex_f	mql8_c	0.0	0.0	0.0	Inf	Inf
HG2tex_f	mqn8_c	-0.0	0.0	0.0	Inf	Inf
HG2tex_f	mthgxl_c	-0.0	0.0	0.0	Inf	Inf
HG2tex_f	hqn_c	0.0	0.0	0.0	Inf	Inf
HG2tex_f	mththf_c	-0.0	-999.9999053522398	9.464776016038214e-05	-0.0	0.0
HG2tex_f	n2o_c	-0.0	-1000.0	0.0	-0.0	Inf
HG2tex_f	na1_c	-0.0	-22.7400633455768	0.0	-0.0	Inf
HG2tex_f	nac_c	-0.0	0.0	0.0	Inf	Inf
HG2tex_f	ncam_c	-0.0	0.0	0.0	Inf	Inf
HG2tex_f	ni2_c	-0.0	-6.854535092770675e-05	999.9999314546491	-0.0	0.0
HG2tex_f	no_c	-0.0	-1000.0	0.0	-0.0	Inf
HG2tex_f	indole_c	-0.0	-0.012062920696853368	0.1369883334070895	-0.0	0.0
HG2tex_f	no2_c	-0.0	-977.2599366544232	0.0	-0.0	Inf
HG2tex_f	no3_c	0.0	0.0	0.0	Inf	Inf
HG2tex_f	inost_c	0.0	0.0	0.0	Inf	Inf
HG2tex_f	o2_c	-0.0	-5.836099027182144	994.1639009728178	-0.0	0.0
HG2tex_f	poaac_c	-0.0	-1.624290238969773	0.0	-0.0	Inf
HG2tex_f	ppal_c	-0.0	0.0	0.0	Inf	Inf
HG2tex_f	k_c	-0.0	-0.04142282567033817	22.7400633455768	-0.0	0.0
HG2tex_f	psclys_c	-0.0	0.0	0.0	Inf	Inf
HG2tex_f	lald__D_c	-0.0	0.0	0.0	Inf	Inf
HG2tex_f	lald__L_c	-0.0	0.0	0.0	Inf	Inf
HG2tex_f	ura_c	-0.0	-0.07019956462380811	0.0	-0.0	Inf
HG2tex_f	pydx_c	-0.0	0.0	0.00029773723617475105	Inf	0.0
HG2tex_f	uracp_c	-0.0	-1.1460453749134558	0.0	-0.0	Inf
HG2tex_f	pydxn_c	-0.0	0.0	0.1568280230729439	Inf	0.0
HG2tex_f	urate_c	-0.0	-0.00029773723617475105	0.0	-0.0	Inf
HG2tex_f	q8_c	-0.0	0.0	0.0	Inf	Inf
HG2tex_f	q8h2_c	0.0	0.0	0.0	Inf	Inf
HG2tex_f	urea_c	-0.0	-1000.0	0.0	-0.0	Inf
HG2tex_f	uri_c	-0.0	0.0	0.0	Inf	Inf
HG2tex_f	rbflvrd_c	-0.0	0.0	0.06717891682592861	Inf	0.0
HG2tex_f	rbl__L_c	-0.0	-0.15135419918362913	0.0	-0.0	Inf
HG2tex_f	rdmbzi_c	0.0	0.0	0.0	Inf	Inf
HG2tex_f	thptdn_c	0.0	0.0	0.0	Inf	Inf
HG2tex_f	xan_c	-0.0	0.0	0.0	Inf	Inf
HG2tex_f	rephaccoa_c	-0.0	-0.00012223567227920284	0.0	-0.0	Inf
HG2tex_f	rib__D_c	-0.0	0.0	0.270715039828296	Inf	0.0
HG2tex_f	xtsn_c	-0.0	0.0	0.0	Inf	Inf
HG2tex_f	rml_c	-0.0	0.0	0.0	Inf	Inf
HG2tex_f	thym_c	-0.0	-22.7400633455768	0.0	-0.0	Inf
HG2tex_f	thymd_c	-0.0	-0.005552810072548338	0.0	-0.0	Inf
HG2tex_f	xu5p__L_c	-0.0	-0.15135419918362913	0.0	-0.0	Inf
HG2tex_f	rmn_c	-0.0	0.0	0.0	Inf	Inf
HG2tex_f	xyl__D_c	0.0	0.0	0.0	Inf	Inf
HG2tex_f	tmao_c	0.0	0.0	0.0	Inf	Inf
HG2tex_f	xylu__D_c	-0.0	0.0	0.0	Inf	Inf
HG2tex_f	xylu__L_c	-0.0	-0.15135419918362913	0.0	-0.0	Inf
HG2tex_f	12ppd__R_e	-0.0	-1000.0	0.0	-0.0	Inf
HG2tex_f	12ppd__S_e	-0.0	-1000.0	0.0	-0.0	Inf
HG2tex_f	tre_c	-0.0	-0.044017386043818704	0.0	-0.0	Inf
HG2tex_f	seln_c	0.0	0.0	0.0	Inf	Inf
HG2tex_f	34dhpac_e	-0.0	-1000.0	0.0	-0.0	Inf
HG2tex_f	slnt_c	0.0	0.0	0.0	Inf	Inf
HG2tex_f	so2_c	0.0	0.0	0.0	Inf	Inf
HG2tex_f	so3_c	-0.0	-0.05260123546052916	1.0828601593131815	-0.0	0.0
HG2tex_f	so4_c	-0.0	-0.05352182286764965	22.7400633455768	-0.0	0.0
HG2tex_f	4hoxpacd_e	-0.0	-1000.0	0.0	-0.0	Inf
HG2tex_f	5mtr_e	-0.0	0.0	0.0	Inf	Inf
HG2tex_f	LalaDgluMdap_e	-0.0	-1000.0	0.0	-0.0	Inf
HG2tex_f	ac_e	-0.0	0.0	0.0	Inf	Inf
HG2tex_f	acald_e	-0.0	-1000.0	0.0	-0.0	Inf
HG2tex_f	acgal_e	-0.0	-1000.0	0.0	-0.0	Inf
HG2tex_f	acgam_e	-0.0	-1000.0	0.0	-0.0	Inf
HG2tex_f	acmana_e	-0.0	-1000.0	0.0	-0.0	Inf
HG2tex_f	tagur_c	-0.0	0.0	0.0	Inf	Inf
HG2tex_f	tartr__L_c	-0.0	-0.17606954417527482	0.0	-0.0	Inf
HG2tex_f	ade_e	-0.0	-1000.0	0.0	-0.0	Inf
HG2tex_f	adn_e	-0.0	-1000.0	0.0	-0.0	Inf
HG2tex_f	all__D_e	-0.0	-1000.0	0.0	-0.0	Inf
HG2tex_f	cl_e	-0.0	-0.001104577559772224	999.9988954224402	-0.0	0.0
HG2tex_f	alltn_e	-0.0	0.0	0.0	Inf	Inf
HG2tex_f	cm_e	-0.0	-1000.0	0.0	-0.0	Inf
HG2tex_f	co2_e	-0.0	-993.7110560055443	6.288943994455735	-0.0	0.0
HG2tex_f	arab__L_e	-0.0	-1000.0	0.0	-0.0	Inf
HG2tex_f	arbt_e	-0.0	-1000.0	0.0	-0.0	Inf
HG2tex_f	unagamu_c	-0.0	0.0	0.014862786500377024	Inf	0.0
HG2tex_f	crn_e	-0.0	-1000.0	0.0	-0.0	Inf
HG2tex_f	csn_e	-0.0	-1000.0	0.0	-0.0	Inf
HG2tex_f	cyan_e	-0.0	-1000.0	0.0	-0.0	Inf
HG2tex_f	glyb_e	-0.0	-1000.0	0.0	-0.0	Inf
HG2tex_f	glyc_e	-0.0	-1000.0	0.0	-0.0	Inf
HG2tex_f	cytd_e	-0.0	-1000.0	0.0	-0.0	Inf
HG2tex_f	ca2_e	-0.0	-0.001104577559772224	999.9988954224402	-0.0	0.0
HG2tex_f	dad_2_e	-0.0	-1000.0	0.0	-0.0	Inf
HG2tex_f	dcyt_e	-0.0	-1000.0	0.0	-0.0	Inf
HG2tex_f	chol_e	-0.0	-1000.0	0.0	-0.0	Inf
HG2tex_f	dha_e	-0.0	-1000.0	0.0	-0.0	Inf
HG2tex_f	ppal_e	-0.0	-1000.0	0.0	-0.0	Inf
HG2tex_f	h2_e	-0.0	-1000.0	0.0	-0.0	Inf
HG2tex_f	dms_e	-0.0	-1000.0	0.0	-0.0	Inf
HG2tex_f	dmso_e	-0.0	-1000.0	0.0	-0.0	Inf
HG2tex_f	h2o2_e	-0.0	-1000.0	0.0	-0.0	Inf
HG2tex_f	psclys_e	-0.0	-1000.0	0.0	-0.0	Inf
HG2tex_f	duri_e	-0.0	-1000.0	0.0	-0.0	Inf
HG2tex_f	pydx_e	-0.0	-1000.0	0.0	-0.0	Inf
HG2tex_f	pydxn_e	-0.0	-1000.0	0.0	-0.0	Inf
HG2tex_f	etoh_e	-0.0	-1000.0	0.0	-0.0	Inf
HG2tex_f	fald_e	-0.0	0.0	0.0	Inf	Inf
HG2tex_f	rib__D_e	-0.0	-1000.0	0.0	-0.0	Inf
HG2tex_f	rmn_e	-0.0	-1000.0	0.0	-0.0	Inf
HG2tex_f	indole_e	-0.0	-1000.0	0.0	-0.0	Inf
HG2tex_f	inost_e	-0.0	-1000.0	0.0	-0.0	Inf
HG2tex_f	sbt__D_e	-0.0	-0.08803477208763741	0.0	-0.0	Inf
HG2tex_f	k_e	-0.0	-0.04142282567033817	999.9585771743297	-0.0	0.0
HG2tex_f	for_e	-0.0	0.0	0.0005205626824574533	Inf	0.0
HG2tex_f	slnt_e	-0.0	-1000.0	0.0	-0.0	Inf
HG2tex_f	fru_e	-0.0	-1000.0	0.0	-0.0	Inf
HG2tex_f	so2_e	-0.0	-1000.0	0.0	-0.0	Inf
HG2tex_f	so3_e	-0.0	-1000.0	0.0	-0.0	Inf
HG2tex_f	so4_e	-0.0	-0.05352182286764965	999.9464781771323	-0.0	0.0
HG2tex_f	lipa_cold_e	-0.0	-1000.0	0.0	-0.0	Inf
HG2tex_f	sucr_e	-0.0	-0.044017386043818704	0.11843782992487939	-0.0	0.0
HG2tex_f	g3pe_e	-0.0	-1000.0	0.0	-0.0	Inf
HG2tex_f	malt_e	-0.0	-1000.0	0.0	-0.0	Inf
HG2tex_f	tartr__L_e	-0.0	-1000.0	0.0	-0.0	Inf
HG2tex_f	g3pi_e	-0.0	-1000.0	0.0	-0.0	Inf
HG2tex_f	malthx_e	-0.0	-1000.0	0.0	-0.0	Inf
HG2tex_f	maltpt_e	-0.0	-1000.0	0.0	-0.0	Inf
HG2tex_f	gal_e	-0.0	-1000.0	0.0	-0.0	Inf
HG2tex_f	gal_bD_e	-0.0	-1000.0	0.0	-0.0	Inf
HG2tex_f	malttr_e	-0.0	-1000.0	0.0	-0.0	Inf
HG2tex_f	maltttr_e	-0.0	-1000.0	0.0	-0.0	Inf
HG2tex_f	man_e	-0.0	-1000.0	0.0	-0.0	Inf
HG2tex_f	thym_e	-0.0	-1000.0	0.0	-0.0	Inf
HG2tex_f	thymd_e	-0.0	-1000.0	0.0	-0.0	Inf
HG2tex_f	galt_e	-0.0	-0.08803477208763741	0.0	-0.0	Inf
HG2tex_f	melib_e	-0.0	-1000.0	0.0	-0.0	Inf
HG2tex_f	meoh_e	-0.0	-1000.0	0.0	-0.0	Inf
HG2tex_f	tmao_e	-0.0	-1000.0	0.0	-0.0	Inf
HG2tex_f	tre_e	-0.0	-1000.0	0.0	-0.0	Inf
HG2tex_f	metsox_S__L_e	-0.0	-1000.0	0.0	-0.0	Inf
HG2tex_f	glc__D_e	-0.0	-1000.0	0.0	-0.0	Inf
HG2tex_f	mg2_e	-0.0	-0.0018409625995445822	999.9981590374005	-0.0	0.0
HG2tex_f	mnl_e	-0.0	-1000.0	0.0	-0.0	Inf
HG2tex_f	mobd_e	-0.0	-2.7375697413845046e-05	999.9999726243026	-0.0	0.0
HG2tex_f	glyald_e	-0.0	-1000.0	0.0	-0.0	Inf
HG2tex_f	n2o_e	-0.0	-1000.0	0.0	-0.0	Inf
HG2tex_f	na1_e	-0.0	-1000.0	0.0	-0.0	Inf
HG2tex_f	nac_e	-0.0	-1000.0	0.0	-0.0	Inf
HG2tex_f	ni2_e	-0.0	-6.854535092770675e-05	999.9999314546491	-0.0	0.0
HG2tex_f	no_e	-0.0	-1000.0	0.0	-0.0	Inf
HG2tex_f	no2_e	-0.0	-1000.0	0.0	-0.0	Inf
HG2tex_f	ura_e	-0.0	-1000.0	0.0	-0.0	Inf
HG2tex_f	no3_e	-0.0	-1000.0	0.0	-0.0	Inf
HG2tex_f	urea_e	-0.0	-1000.0	0.0	-0.0	Inf
HG2tex_f	novbcn_e	-0.0	-1000.0	0.0	-0.0	Inf
HG2tex_f	uri_e	-0.0	-1000.0	0.0	-0.0	Inf
HG2tex_f	o2_e	-0.0	-5.836099027182172	994.1639009728178	-0.0	0.0
HG2tex_f	xan_e	-0.0	0.0	0.0	Inf	Inf
HG2tex_f	xtsn_e	-0.0	-1000.0	0.0	-0.0	Inf
HG2tex_f	xyl__D_e	-0.0	-1000.0	0.0	-0.0	Inf
HG2tex_f	xylu__L_e	-0.0	-1000.0	0.0	-0.0	Inf
HG2tex_f	pacald_e	-0.0	-1000.0	0.0	-0.0	Inf
HG2tex_f	12dgr120_p	-0.0	0.0	0.0	Inf	Inf
HG2tex_f	12dgr140_p	-0.0	0.0	0.0	Inf	Inf
HG2tex_f	12dgr160_p	-0.0	-0.009781641343070826	0.0	-0.0	Inf
HG2tex_f	12dgr180_p	-0.0	0.0	0.0	Inf	Inf
HG2tex_f	12ppd__R_p	-0.0	-1000.0	0.0	-0.0	Inf
HG2tex_f	12ppd__S_p	-0.0	0.0	0.0	Inf	Inf
HG2tex_f	chol_p	-0.0	-1000.0	0.0	-0.0	Inf
HG2tex_f	cl_p	-0.0	-0.001104577559772224	999.9988954224402	-0.0	0.0
HG2tex_f	34dhpac_p	-0.0	-1000.0	0.0	-0.0	Inf
HG2tex_f	cm_p	-0.0	0.0	0.0	Inf	Inf
HG2tex_f	4hoxpacd_p	-0.0	-1000.0	0.0	-0.0	Inf
HG2tex_f	co2_p	-0.0	-993.7110560055443	6.288943994455735	-0.0	0.0
HG2tex_f	5mtr_p	-0.0	0.0	0.0	Inf	Inf
HG2tex_f	LalaDgluMdap_p	-0.0	-0.005897022330351343	0.0	-0.0	Inf
HG2tex_f	gal_p	-0.0	-1000.0	0.0	-0.0	Inf
HG2tex_f	ac_p	-0.0	-0.17606954417527482	0.0	-0.0	Inf
HG2tex_f	crn_p	-0.0	-1000.0	0.0	-0.0	Inf
HG2tex_f	gal_bD_p	-0.0	-1000.0	0.0	-0.0	Inf
HG2tex_f	acald_p	-0.0	-1000.0	0.0	-0.0	Inf
HG2tex_f	acgal_p	-0.0	-1000.0	0.0	-0.0	Inf
HG2tex_f	csn_p	-0.0	0.0	0.0	Inf	Inf
HG2tex_f	acgam_p	-0.0	-1000.0	0.0	-0.0	Inf
HG2tex_f	galt_p	-0.0	-0.08803477208763741	0.0	-0.0	Inf
HG2tex_f	acmana_p	-0.0	-1000.0	0.0	-0.0	Inf
HG2tex_f	cyan_p	-0.0	0.0	0.0	Inf	Inf
HG2tex_f	ade_p	-0.0	-1000.0	0.0	-0.0	Inf
HG2tex_f	adn_p	-0.0	0.0	0.00014197164024057322	Inf	0.0
HG2tex_f	cytd_p	-0.0	0.0	0.0	Inf	Inf
HG2tex_f	glc__D_p	-0.0	-1000.0	0.0	-0.0	Inf
HG2tex_f	dad_2_p	-0.0	-1000.0	0.0	-0.0	Inf
HG2tex_f	dcyt_p	-0.0	-1000.0	0.0	-0.0	Inf
HG2tex_f	all__D_p	-0.0	0.0	0.0	Inf	Inf
HG2tex_f	alltn_p	-0.0	0.0	0.0	Inf	Inf
HG2tex_f	dha_p	-0.0	-1000.0	0.0	-0.0	Inf
HG2tex_f	glyald_p	-0.0	-1000.0	0.0	-0.0	Inf
HG2tex_f	glyb_p	0.0	0.0	0.0	Inf	Inf
HG2tex_f	dms_p	-0.0	-1000.0	0.0	-0.0	Inf
HG2tex_f	glyc_p	-0.0	-0.029503786546138135	0.0	-0.0	Inf
HG2tex_f	dmso_p	-0.0	-1000.0	0.0	-0.0	Inf
HG2tex_f	arab__L_p	-0.0	0.0	0.0	Inf	Inf
HG2tex_f	arbt_p	0.0	0.0	0.0	Inf	Inf
HG2tex_f	ca2_p	-0.0	-0.001104577559772224	999.9988954224402	-0.0	0.0
HG2tex_f	duri_p	-0.0	-1000.0	0.0	-0.0	Inf
HG2tex_f	h2_p	-0.0	-1000.0	0.0	-0.0	Inf
HG2tex_f	h2o2_p	-0.0	-1000.0	0.0	-0.0	Inf
HG2tex_f	etoh_p	-0.0	-1000.0	0.0	-0.0	Inf
HG2tex_f	fald_p	-0.0	0.0	0.0	Inf	Inf
HG2tex_f	n2o_p	-0.0	-1000.0	0.0	-0.0	Inf
HG2tex_f	na1_p	-0.0	-1000.0	0.0	-0.0	Inf
HG2tex_f	indole_p	-0.0	0.0	0.1378185657307688	Inf	0.0
HG2tex_f	nac_p	-0.0	-1000.0	0.0	-0.0	Inf
HG2tex_f	ni2_p	-0.0	-6.854535092770675e-05	999.9999314546491	-0.0	0.0
HG2tex_f	inost_p	-0.0	-1000.0	0.0	-0.0	Inf
HG2tex_f	no_p	-0.0	-1000.0	0.0	-0.0	Inf
HG2tex_f	no2_p	-0.0	-1000.0	0.0	-0.0	Inf
HG2tex_f	for_p	-0.0	-1.9498762812886186	0.0005205626824574533	-0.0	0.0
HG2tex_f	fru_p	-0.0	-1000.0	0.0	-0.0	Inf
HG2tex_f	no3_p	-0.0	0.0	0.0	Inf	Inf
HG2tex_f	k_p	-0.0	-0.04142282567033817	999.9585771743297	-0.0	0.0
HG2tex_f	novbcn_p	-0.0	0.0	0.0	Inf	Inf
HG2tex_f	o2_p	-0.0	-5.836099027182172	994.1639009728178	-0.0	0.0
HG2tex_f	lipa_cold_p	-0.0	-5.6850158363942	0.0	-0.0	Inf
HG2tex_f	g3pe_p	-0.0	0.0	0.0	Inf	Inf
HG2tex_f	g3pi_p	-0.0	0.0	0.0	Inf	Inf
HG2tex_f	so3_p	-0.0	-1000.0	0.0	-0.0	Inf
HG2tex_f	so4_p	-0.0	-0.05352182286764965	999.9464781771323	-0.0	0.0
HG2tex_f	malt_p	0.0	0.0	0.0	Inf	Inf
HG2tex_f	malthx_p	0.0	0.0	0.0	Inf	Inf
HG2tex_f	maltpt_p	0.0	0.0	0.0	Inf	Inf
HG2tex_f	sucr_p	-0.0	-0.044017386043818704	0.11843782992487939	-0.0	0.0
HG2tex_f	malttr_p	0.0	0.0	0.0	Inf	Inf
HG2tex_f	maltttr_p	0.0	0.0	0.0	Inf	Inf
HG2tex_f	pacald_p	-0.0	-1000.0	0.0	-0.0	Inf
HG2tex_f	man_p	-0.0	-1000.0	0.0	-0.0	Inf
HG2tex_f	tartr__L_p	-0.0	-1000.0	0.0	-0.0	Inf
HG2tex_f	pe120_p	-0.0	0.0	0.0	Inf	Inf
HG2tex_f	melib_p	-0.0	-1000.0	0.0	-0.0	Inf
HG2tex_f	meoh_p	-0.0	-1000.0	0.0	-0.0	Inf
HG2tex_f	thym_p	-0.0	-1000.0	0.0	-0.0	Inf
HG2tex_f	thymd_p	-0.0	-0.005552810072548338	0.0	-0.0	Inf
HG2tex_f	pg120_p	-0.0	0.0	0.0	Inf	Inf
HG2tex_f	metsox_S__L_p	-0.0	-1000.0	0.0	-0.0	Inf
HG2tex_f	tmao_p	-0.0	-1000.0	0.0	-0.0	Inf
HG2tex_f	mg2_p	-0.0	-0.0018409625995320967	999.9981590374005	-0.0	0.0
HG2tex_f	tre_p	-0.0	0.0	0.0	Inf	Inf
HG2tex_f	mnl_p	-0.0	0.0	0.0	Inf	Inf
HG2tex_f	mobd_p	-0.0	-2.7375697413845046e-05	999.9999726243026	-0.0	0.0
HG2tex_f	ura_p	-0.0	-1000.0	0.0	-0.0	Inf
HG2tex_f	urea_p	-0.0	-1000.0	0.0	-0.0	Inf
HG2tex_f	uri_p	-0.0	0.0	0.0	Inf	Inf
HG2tex_f	xan_p	-0.0	0.0	0.0	Inf	Inf
HG2tex_f	xtsn_p	-0.0	0.0	0.0	Inf	Inf
HG2tex_f	xyl__D_p	-0.0	-1000.0	0.0	-0.0	Inf
HG2tex_f	xylu__L_p	-0.0	0.0	0.0	Inf	Inf
HG2tex_f	ppal_p	-0.0	0.0	0.0	Inf	Inf
HG2tex_f	psclys_p	-0.0	-1000.0	0.0	-0.0	Inf
HG2tex_f	pydx_p	-0.0	0.0	0.0	Inf	Inf
HG2tex_f	pydxn_p	-0.0	0.0	0.0	Inf	Inf
HG2tex_f	rib__D_p	-0.0	-1000.0	0.0	-0.0	Inf
HG2tex_f	rmn_p	-0.0	-1000.0	0.0	-0.0	Inf
HG2tex_f	sbt__D_p	-0.0	-0.08803477208763741	0.0	-0.0	Inf
HG2tex_f	slnt_p	-0.0	-1000.0	0.0	-0.0	Inf
HG2tex_f	so2_p	-0.0	-1000.0	0.0	-0.0	Inf
