Reaction	Metabolite	ShadowPrice	G-	G+	DecrementalShadowPrice	IncrementalShadowPrice
FE3DCITabcpp	12dgr120_c	-0.0	0.0	0.0	Inf	Inf
FE3DCITabcpp	12dgr140_c	-0.0	0.0	0.0	Inf	Inf
FE3DCITabcpp	12dgr160_c	-0.0	-0.05358457275372075	0.0	-0.0	Inf
FE3DCITabcpp	12dgr180_c	-0.0	0.0	0.0	Inf	Inf
FE3DCITabcpp	12ppd__R_c	-0.0	-1000.0	0.0	-0.0	Inf
FE3DCITabcpp	12ppd__S_c	-0.0	0.0	0.0	Inf	Inf
FE3DCITabcpp	5drib_c	-0.0	-999.9998110676518	0.00018893234822434538	-0.0	0.0
FE3DCITabcpp	5mta_c	-0.0	0.0	0.0	Inf	Inf
FE3DCITabcpp	23dhacoa_c	-0.0	-0.0004836668113057385	0.0	-0.0	Inf
FE3DCITabcpp	5mtr_c	-0.0	0.0	0.0	Inf	Inf
FE3DCITabcpp	3amac_c	-0.0	-7.715352212398674	0.0	-0.0	Inf
FE3DCITabcpp	LalaDgluMdap_c	-0.0	-0.023333564855369377	0.0	-0.0	Inf
FE3DCITabcpp	ac_c	-0.0	-1.0078787640018128	0.4891886742182123	-0.0	0.0
FE3DCITabcpp	acald_c	-0.0	0.0	1.2353777247609514	Inf	0.0
FE3DCITabcpp	acetol_c	-0.0	0.0	0.0	Inf	Inf
FE3DCITabcpp	acgam_c	-0.0	-0.07934150986242154	0.0	-0.0	Inf
FE3DCITabcpp	acgam6p_c	-0.0	-0.07934150986242154	0.0	-0.0	Inf
FE3DCITabcpp	acmalt_c	0.0	0.0	0.0	Inf	Inf
FE3DCITabcpp	acmana_c	-0.0	-0.07934150986242154	0.0	-0.0	Inf
FE3DCITabcpp	2dmmq8_c	-0.0	0.0	0.0	Inf	Inf
FE3DCITabcpp	2dmmql8_c	0.0	0.0	0.0	Inf	Inf
FE3DCITabcpp	ade_c	-0.0	-0.09376250607572705	0.0005651176460500589	-0.0	0.0
FE3DCITabcpp	adn_c	-0.0	0.0	0.0005651176460500589	Inf	0.0
FE3DCITabcpp	3sala_c	0.0	0.0	0.0	Inf	Inf
FE3DCITabcpp	adphep_DD_c	-0.0	0.0	0.0	Inf	Inf
FE3DCITabcpp	adphep_LD_c	-0.0	0.0	0.0	Inf	Inf
FE3DCITabcpp	4ahmmp_c	0.0	0.0	0.0	Inf	Inf
FE3DCITabcpp	4crsol_c	-0.0	-999.9998127470504	0.00018725294957346232	-0.0	0.0
FE3DCITabcpp	2ohph_c	-0.0	-0.00018725294957346232	0.04259923188830867	-0.0	0.0
FE3DCITabcpp	2ombzl_c	-0.0	0.0	0.0	Inf	Inf
FE3DCITabcpp	2omhmbl_c	-0.0	0.0	0.0	Inf	Inf
FE3DCITabcpp	2ommbl_c	0.0	0.0	0.0	Inf	Inf
FE3DCITabcpp	2omph_c	-0.0	0.0	0.03743568862911976	Inf	0.0
FE3DCITabcpp	4mhetz_c	0.0	0.0	0.0	Inf	Inf
FE3DCITabcpp	2oph_c	-0.0	-0.00018725294957346232	0.04259923188830867	-0.0	0.0
FE3DCITabcpp	2oxpaccoa_c	-0.0	-0.0004836668113057385	0.0	-0.0	Inf
FE3DCITabcpp	all__D_c	-0.0	-0.4542699292694958	0.0	-0.0	Inf
FE3DCITabcpp	alltn_c	-0.0	-1.0078787640018128	0.0	-0.0	Inf
FE3DCITabcpp	4r5au_c	-0.0	-0.00037450589879097136	0.20589628746015864	-0.0	0.0
FE3DCITabcpp	56dura_c	0.0	0.0	0.0	Inf	Inf
FE3DCITabcpp	arab__L_c	-0.0	-0.5451239151233949	0.0	-0.0	Inf
FE3DCITabcpp	etoh_c	-0.0	-1000.0	0.0	-0.0	Inf
FE3DCITabcpp	csn_c	-0.0	0.0	0.0	Inf	Inf
FE3DCITabcpp	fald_c	-0.0	0.0	0.0	Inf	Inf
FE3DCITabcpp	fc1p_c	-0.0	-0.38254309833220695	0.0	-0.0	Inf
FE3DCITabcpp	fcl__L_c	-0.0	0.0	0.0	Inf	Inf
FE3DCITabcpp	aso4_c	0.0	0.0	0.0	Inf	Inf
FE3DCITabcpp	cyan_c	0.0	0.0	0.0	Inf	Inf
FE3DCITabcpp	athtp_c	0.0	0.0	0.0	Inf	Inf
FE3DCITabcpp	cytd_c	-0.0	-0.13479273421646018	0.0	-0.0	Inf
FE3DCITabcpp	dad_2_c	-0.0	0.0	0.0	Inf	Inf
FE3DCITabcpp	dad_5_c	-0.0	-0.09376250607572705	0.00018893234822434538	-0.0	0.0
FE3DCITabcpp	betald_c	0.0	0.0	0.0	Inf	Inf
FE3DCITabcpp	btal_c	-0.0	-5.45123915123395	0.0	-0.0	Inf
FE3DCITabcpp	for_c	-0.0	-3.634159434155966	0.002059782444195547	-0.0	0.0
FE3DCITabcpp	dcyt_c	-0.0	0.0	0.0	Inf	Inf
FE3DCITabcpp	fru_c	-0.0	0.0	0.0	Inf	Inf
FE3DCITabcpp	ca2_c	-0.0	-0.004370634988958955	21.8049566049358	-0.0	0.0
FE3DCITabcpp	g3pe_c	-0.0	0.0	0.0	Inf	Inf
FE3DCITabcpp	g3pi_c	0.0	0.0	0.0	Inf	Inf
FE3DCITabcpp	cbm_c	-0.0	-3.857676106199335	0.0	-0.0	Inf
FE3DCITabcpp	dha_c	-0.0	-0.9085398585389916	0.0	-0.0	Inf
FE3DCITabcpp	gal_c	-0.0	0.0	0.0	Inf	Inf
FE3DCITabcpp	dhgly_c	-0.0	-0.00018725294957346232	0.13726419164010573	-0.0	0.0
FE3DCITabcpp	dhmptp_c	0.0	0.0	0.0	Inf	Inf
FE3DCITabcpp	gcald_c	-0.0	-1.0078787640018128	0.0005617588486757086	-0.0	0.0
FE3DCITabcpp	dhptd_c	-0.0	-47.70795898120775	0.0003761852978257135	-0.0	0.0
FE3DCITabcpp	cechddd_c	-0.0	0.0	0.0	Inf	Inf
FE3DCITabcpp	dhptdn_c	0.0	0.0	0.0	Inf	Inf
FE3DCITabcpp	chol_c	0.0	0.0	0.0	Inf	Inf
FE3DCITabcpp	chtbs6p_c	-0.0	0.0	0.0	Inf	Inf
FE3DCITabcpp	dmbzid_c	0.0	0.0	0.0	Inf	Inf
FE3DCITabcpp	dms_c	0.0	0.0	0.0	Inf	Inf
FE3DCITabcpp	dmso_c	0.0	0.0	0.0	Inf	Inf
FE3DCITabcpp	cl_c	-0.0	-0.00437063498892319	43.6099132098716	-0.0	0.0
FE3DCITabcpp	glc__D_c	-0.0	-0.4542699292694958	0.0	-0.0	Inf
FE3DCITabcpp	co2_c	-0.0	-974.468302034641	25.52963818291471	-0.0	0.0
FE3DCITabcpp	dscl_c	-0.0	-0.00018725294957346232	0.038605553898779725	-0.0	0.0
FE3DCITabcpp	dtdp4aaddg_c	-0.0	0.0	0.0	Inf	Inf
FE3DCITabcpp	glyald_c	-0.0	-1000.0	0.0	-0.0	Inf
FE3DCITabcpp	crn_c	-0.0	-21.8049566049358	0.0	-0.0	Inf
FE3DCITabcpp	duri_c	-0.0	0.0	0.0	Inf	Inf
FE3DCITabcpp	glyb_c	0.0	0.0	0.0	Inf	Inf
FE3DCITabcpp	glyc_c	-0.0	-0.11674171781748571	0.0	-0.0	Inf
FE3DCITabcpp	dxyl_c	0.0	0.0	0.0	Inf	Inf
FE3DCITabcpp	glycogen_c	-0.0	-0.41932608855645764	0.0	-0.0	Inf
FE3DCITabcpp	gmhep1p_c	-0.0	0.0	0.09000000000369257	Inf	0.0
FE3DCITabcpp	lipa_cold_c	-0.0	0.0	0.0	Inf	Inf
FE3DCITabcpp	lipidA_c	-0.0	-0.016337190075773833	0.03633463896355738	-0.0	0.0
FE3DCITabcpp	malt_c	0.0	0.0	0.0	Inf	Inf
FE3DCITabcpp	h2_c	-0.0	0.0	0.0	Inf	Inf
FE3DCITabcpp	malthx_c	-0.0	0.0	0.0	Inf	Inf
FE3DCITabcpp	maltpt_c	-0.0	0.0	0.0	Inf	Inf
FE3DCITabcpp	malttr_c	-0.0	0.0	0.0	Inf	Inf
FE3DCITabcpp	maltttr_c	-0.0	0.0	0.0	Inf	Inf
FE3DCITabcpp	h2o2_c	-0.0	-0.003278186166523753	16.26024485089333	-0.0	0.0
FE3DCITabcpp	man_c	-0.0	0.0	0.0	Inf	Inf
FE3DCITabcpp	mdhdhf_c	-0.0	-47.70795898120775	0.0003761852978257135	-0.0	0.0
FE3DCITabcpp	melib_c	-0.0	0.0	0.0	Inf	Inf
FE3DCITabcpp	meoh_c	-0.0	-999.9999983206013	1.679398678788857e-06	-0.0	0.0
FE3DCITabcpp	pacald_c	-0.0	-21.8049566049358	0.0	-0.0	Inf
FE3DCITabcpp	metsox_S__L_c	-0.0	-0.093762506075727	0.0	-0.0	Inf
FE3DCITabcpp	mg2_c	-0.0	-0.007284391648205317	10.9024783024679	-0.0	0.0
FE3DCITabcpp	hhlipa_c	-0.0	0.0	0.0	Inf	Inf
FE3DCITabcpp	pe120_c	-0.0	0.0	0.0	Inf	Inf
FE3DCITabcpp	mobd_c	-0.0	-0.00010832121298195802	24.829161955540457	-0.0	0.0
FE3DCITabcpp	hlipa_c	-0.0	0.0	0.0	Inf	Inf
FE3DCITabcpp	pg120_c	-0.0	0.0	0.0	Inf	Inf
FE3DCITabcpp	mql8_c	0.0	0.0	0.0	Inf	Inf
FE3DCITabcpp	mqn8_c	-0.0	0.0	0.0	Inf	Inf
FE3DCITabcpp	mthgxl_c	-0.0	-0.9085398585389916	0.0	-0.0	Inf
FE3DCITabcpp	hqn_c	0.0	0.0	0.0	Inf	Inf
FE3DCITabcpp	mththf_c	-0.0	-999.9996238147022	0.0003761852978257135	-0.0	0.0
FE3DCITabcpp	n2o_c	-0.0	-1000.0	0.0	-0.0	Inf
FE3DCITabcpp	na1_c	-0.0	0.0	0.0	Inf	Inf
FE3DCITabcpp	nac_c	-0.0	0.0	0.0	Inf	Inf
FE3DCITabcpp	ncam_c	-0.0	0.0	0.0	Inf	Inf
FE3DCITabcpp	ni2_c	-0.0	-0.0002712228821176158	999.9997287771179	-0.0	0.0
FE3DCITabcpp	no_c	-0.0	-1000.0	0.0	-0.0	Inf
FE3DCITabcpp	indole_c	-0.0	-0.04773102875607317	0.20589628746015864	-0.0	0.0
FE3DCITabcpp	no2_c	-0.0	-21.8049566049358	0.0	-0.0	Inf
FE3DCITabcpp	no3_c	0.0	0.0	0.0	Inf	Inf
FE3DCITabcpp	inost_c	0.0	0.0	0.0	Inf	Inf
FE3DCITabcpp	o2_c	-0.0	-23.739858536598945	976.260141463401	-0.0	0.0
FE3DCITabcpp	poaac_c	-0.0	-7.639742140166294	0.0	-0.0	Inf
FE3DCITabcpp	ppal_c	-0.0	0.0	0.0	Inf	Inf
FE3DCITabcpp	k_c	-0.0	-0.16390343043087796	99.31664782216183	-0.0	0.0
FE3DCITabcpp	psclys_c	-0.0	0.0	0.0	Inf	Inf
FE3DCITabcpp	lald__D_c	-0.0	0.0	0.0	Inf	Inf
FE3DCITabcpp	lald__L_c	-0.0	-0.7787484501762785	0.0	-0.0	Inf
FE3DCITabcpp	ura_c	-0.0	0.0	0.0	Inf	Inf
FE3DCITabcpp	pydx_c	-0.0	0.0	0.24707554495219028	Inf	0.0
FE3DCITabcpp	uracp_c	-0.0	-4.534722313502414	0.0	-0.0	Inf
FE3DCITabcpp	pydxn_c	-0.0	0.0	0.24707554495219028	Inf	0.0
FE3DCITabcpp	urate_c	-0.0	-0.003278186166523753	0.0	-0.0	Inf
FE3DCITabcpp	q8_c	0.0	0.0	0.0	Inf	Inf
FE3DCITabcpp	q8h2_c	-0.0	0.0	0.0	Inf	Inf
FE3DCITabcpp	urea_c	-0.0	-1000.0	0.0	-0.0	Inf
FE3DCITabcpp	uri_c	-0.0	0.0	0.24707554495219028	Inf	0.0
FE3DCITabcpp	rbflvrd_c	-0.0	0.0	0.10294814373007932	Inf	0.0
FE3DCITabcpp	rbl__L_c	-0.0	-0.5451239151233949	0.0	-0.0	Inf
FE3DCITabcpp	rdmbzi_c	0.0	0.0	0.0	Inf	Inf
FE3DCITabcpp	thptdn_c	0.0	0.0	0.0	Inf	Inf
FE3DCITabcpp	xan_c	-0.0	0.0	0.0	Inf	Inf
FE3DCITabcpp	rephaccoa_c	-0.0	-0.0004836668113057385	0.0	-0.0	Inf
FE3DCITabcpp	rib__D_c	-0.0	-0.5451239151233949	0.0	-0.0	Inf
FE3DCITabcpp	xtsn_c	-0.0	0.0	0.20589628746015864	Inf	0.0
FE3DCITabcpp	rml_c	-0.0	-0.41932608855645764	0.0	-0.0	Inf
FE3DCITabcpp	thym_c	-0.0	-99.31664782216183	0.0	-0.0	Inf
FE3DCITabcpp	thymd_c	-0.0	-0.02197157254954618	0.0	-0.0	Inf
FE3DCITabcpp	xu5p__L_c	-0.0	-0.48455459122079547	0.0	-0.0	Inf
FE3DCITabcpp	rmn_c	-0.0	-0.41932608855645764	0.0	-0.0	Inf
FE3DCITabcpp	xyl__D_c	0.0	0.0	0.0	Inf	Inf
FE3DCITabcpp	tmao_c	0.0	0.0	0.0	Inf	Inf
FE3DCITabcpp	xylu__D_c	-0.0	0.0	0.0	Inf	Inf
FE3DCITabcpp	xylu__L_c	-0.0	-0.5451239151233949	0.0	-0.0	Inf
FE3DCITabcpp	12ppd__R_e	-0.0	-1000.0	0.0	-0.0	Inf
FE3DCITabcpp	12ppd__S_e	-0.0	-1000.0	0.0	-0.0	Inf
FE3DCITabcpp	tre_c	-0.0	-0.2271349646347479	0.0	-0.0	Inf
FE3DCITabcpp	seln_c	0.0	0.0	0.0	Inf	Inf
FE3DCITabcpp	34dhpac_e	-0.0	-1000.0	0.0	-0.0	Inf
FE3DCITabcpp	slnt_c	0.0	0.0	0.0	Inf	Inf
FE3DCITabcpp	so2_c	0.0	0.0	0.0	Inf	Inf
FE3DCITabcpp	so3_c	-0.0	-0.20813795119569178	4.9658323911080915	-0.0	0.0
FE3DCITabcpp	so4_c	-0.0	-0.21178056686945718	99.31664782216183	-0.0	0.0
FE3DCITabcpp	4hoxpacd_e	-0.0	-1000.0	0.0	-0.0	Inf
FE3DCITabcpp	5mtr_e	-0.0	0.0	0.0	Inf	Inf
FE3DCITabcpp	LalaDgluMdap_e	-0.0	-1000.0	0.0	-0.0	Inf
FE3DCITabcpp	ac_e	-0.0	0.0	0.0	Inf	Inf
FE3DCITabcpp	acald_e	-0.0	-1000.0	0.0	-0.0	Inf
FE3DCITabcpp	acgal_e	-0.0	-1000.0	0.0	-0.0	Inf
FE3DCITabcpp	acgam_e	-0.0	-1000.0	0.0	-0.0	Inf
FE3DCITabcpp	acmana_e	-0.0	-1000.0	0.0	-0.0	Inf
FE3DCITabcpp	tagur_c	-0.0	0.0	0.0	Inf	Inf
FE3DCITabcpp	tartr__L_c	-0.0	-0.5039393820009064	0.0	-0.0	Inf
FE3DCITabcpp	ade_e	-0.0	-1000.0	0.0	-0.0	Inf
FE3DCITabcpp	adn_e	-0.0	-1000.0	0.0	-0.0	Inf
FE3DCITabcpp	all__D_e	-0.0	-1000.0	0.0	-0.0	Inf
FE3DCITabcpp	cl_e	-0.0	-0.004370634988958955	999.995629365011	-0.0	0.0
FE3DCITabcpp	alltn_e	-0.0	0.0	0.0	Inf	Inf
FE3DCITabcpp	cm_e	-0.0	-1000.0	0.0	-0.0	Inf
FE3DCITabcpp	co2_e	-0.0	-974.468302034641	25.531697965358944	-0.0	0.0
FE3DCITabcpp	arab__L_e	-0.0	-1000.0	0.0	-0.0	Inf
FE3DCITabcpp	arbt_e	-0.0	-1000.0	0.0	-0.0	Inf
FE3DCITabcpp	unagamu_c	-0.0	0.0	0.03013116401855979	Inf	0.0
FE3DCITabcpp	crn_e	-0.0	-1000.0	0.0	-0.0	Inf
FE3DCITabcpp	csn_e	-0.0	-1000.0	0.0	-0.0	Inf
FE3DCITabcpp	cyan_e	-0.0	-1000.0	0.0	-0.0	Inf
FE3DCITabcpp	glyb_e	-0.0	-1000.0	0.0	-0.0	Inf
FE3DCITabcpp	glyc_e	-0.0	-1000.0	0.0	-0.0	Inf
FE3DCITabcpp	cytd_e	-0.0	-1000.0	0.0	-0.0	Inf
FE3DCITabcpp	ca2_e	-0.0	-0.004370634988958955	999.995629365011	-0.0	0.0
FE3DCITabcpp	dad_2_e	-0.0	-1000.0	0.0	-0.0	Inf
FE3DCITabcpp	dcyt_e	-0.0	-1000.0	0.0	-0.0	Inf
FE3DCITabcpp	chol_e	-0.0	-1000.0	0.0	-0.0	Inf
FE3DCITabcpp	dha_e	-0.0	-1000.0	0.0	-0.0	Inf
FE3DCITabcpp	ppal_e	-0.0	-1000.0	0.0	-0.0	Inf
FE3DCITabcpp	h2_e	-0.0	-1000.0	0.0	-0.0	Inf
FE3DCITabcpp	dms_e	-0.0	-1000.0	0.0	-0.0	Inf
FE3DCITabcpp	dmso_e	-0.0	-1000.0	0.0	-0.0	Inf
FE3DCITabcpp	h2o2_e	-0.0	-1000.0	0.0	-0.0	Inf
FE3DCITabcpp	psclys_e	-0.0	-1000.0	0.0	-0.0	Inf
FE3DCITabcpp	duri_e	-0.0	-1000.0	0.0	-0.0	Inf
FE3DCITabcpp	pydx_e	-0.0	-1000.0	0.0	-0.0	Inf
FE3DCITabcpp	pydxn_e	-0.0	-1000.0	0.0	-0.0	Inf
FE3DCITabcpp	etoh_e	-0.0	-1000.0	0.0	-0.0	Inf
FE3DCITabcpp	fald_e	-0.0	0.0	0.0	Inf	Inf
FE3DCITabcpp	rib__D_e	-0.0	-1000.0	0.0	-0.0	Inf
FE3DCITabcpp	rmn_e	-0.0	-1000.0	0.0	-0.0	Inf
FE3DCITabcpp	indole_e	-0.0	-1000.0	0.0	-0.0	Inf
FE3DCITabcpp	inost_e	-0.0	-1000.0	0.0	-0.0	Inf
FE3DCITabcpp	sbt__D_e	-0.0	-0.38937422508813924	0.0	-0.0	Inf
FE3DCITabcpp	k_e	-0.0	-0.16390343043087796	999.8360965695691	-0.0	0.0
FE3DCITabcpp	for_e	-0.0	0.0	0.002059782444195547	Inf	0.0
FE3DCITabcpp	slnt_e	-0.0	0.0	1000.0	Inf	0.0
FE3DCITabcpp	fru_e	-0.0	-1000.0	0.0	-0.0	Inf
FE3DCITabcpp	so2_e	-0.0	-1000.0	0.0	-0.0	Inf
FE3DCITabcpp	so3_e	-0.0	-1000.0	0.0	-0.0	Inf
FE3DCITabcpp	so4_e	-0.0	-0.21178056686949276	999.7882194331305	-0.0	0.0
FE3DCITabcpp	lipa_cold_e	-0.0	-1000.0	0.0	-0.0	Inf
FE3DCITabcpp	sucr_e	-0.0	-1000.0	0.0	-0.0	Inf
FE3DCITabcpp	g3pe_e	-0.0	-1000.0	0.0	-0.0	Inf
FE3DCITabcpp	malt_e	-0.0	-1000.0	0.0	-0.0	Inf
FE3DCITabcpp	tartr__L_e	-0.0	-1000.0	0.0	-0.0	Inf
FE3DCITabcpp	g3pi_e	-0.0	-1000.0	0.0	-0.0	Inf
FE3DCITabcpp	malthx_e	-0.0	-1000.0	0.0	-0.0	Inf
FE3DCITabcpp	maltpt_e	-0.0	-1000.0	0.0	-0.0	Inf
FE3DCITabcpp	gal_e	-0.0	-1000.0	0.0	-0.0	Inf
FE3DCITabcpp	gal_bD_e	-0.0	-1000.0	0.0	-0.0	Inf
FE3DCITabcpp	malttr_e	-0.0	-1000.0	0.0	-0.0	Inf
FE3DCITabcpp	maltttr_e	-0.0	-1000.0	0.0	-0.0	Inf
FE3DCITabcpp	man_e	-0.0	-1000.0	0.0	-0.0	Inf
FE3DCITabcpp	thym_e	-0.0	-1000.0	0.0	-0.0	Inf
FE3DCITabcpp	thymd_e	-0.0	-1000.0	0.0	-0.0	Inf
FE3DCITabcpp	galt_e	-0.0	-0.38937422508813924	0.0	-0.0	Inf
FE3DCITabcpp	melib_e	-0.0	-1000.0	0.0	-0.0	Inf
FE3DCITabcpp	meoh_e	-0.0	-999.9999983206013	1.679398678788857e-06	-0.0	0.0
FE3DCITabcpp	tmao_e	-0.0	-1000.0	0.0	-0.0	Inf
FE3DCITabcpp	tre_e	-0.0	-1000.0	0.0	-0.0	Inf
FE3DCITabcpp	metsox_S__L_e	-0.0	-1000.0	0.0	-0.0	Inf
FE3DCITabcpp	glc__D_e	-0.0	-0.41932608855645764	0.6176888623804757	-0.0	0.0
FE3DCITabcpp	mg2_e	-0.0	-0.007284391648227029	999.9927156083518	-0.0	0.0
FE3DCITabcpp	mnl_e	-0.0	-1000.0	0.0	-0.0	Inf
FE3DCITabcpp	mobd_e	-0.0	-0.0001083212130197353	999.999891678787	-0.0	0.0
FE3DCITabcpp	glyald_e	-0.0	-1000.0	0.0	-0.0	Inf
FE3DCITabcpp	n2o_e	-0.0	-1000.0	0.0	-0.0	Inf
FE3DCITabcpp	na1_e	-0.0	0.0	1000.0	Inf	0.0
FE3DCITabcpp	nac_e	-0.0	-1000.0	0.0	-0.0	Inf
FE3DCITabcpp	ni2_e	-0.0	-0.0002712228821337703	999.9997287771179	-0.0	0.0
FE3DCITabcpp	no_e	-0.0	-1000.0	0.0	-0.0	Inf
FE3DCITabcpp	no2_e	-0.0	-1000.0	0.0	-0.0	Inf
FE3DCITabcpp	ura_e	-0.0	-1000.0	0.0	-0.0	Inf
FE3DCITabcpp	no3_e	-0.0	-1000.0	0.0	-0.0	Inf
FE3DCITabcpp	urea_e	-0.0	-1000.0	0.0	-0.0	Inf
FE3DCITabcpp	novbcn_e	-0.0	-1000.0	0.0	-0.0	Inf
FE3DCITabcpp	uri_e	-0.0	-1000.0	0.0	-0.0	Inf
FE3DCITabcpp	o2_e	-0.0	-23.739858536598945	976.260141463401	-0.0	0.0
FE3DCITabcpp	xan_e	-0.0	0.0	0.0	Inf	Inf
FE3DCITabcpp	xtsn_e	-0.0	-1000.0	0.0	-0.0	Inf
FE3DCITabcpp	xyl__D_e	-0.0	-1000.0	0.0	-0.0	Inf
FE3DCITabcpp	xylu__L_e	-0.0	-1000.0	0.0	-0.0	Inf
FE3DCITabcpp	pacald_e	-0.0	-1000.0	0.0	-0.0	Inf
FE3DCITabcpp	12dgr120_p	-0.0	0.0	0.0	Inf	Inf
FE3DCITabcpp	12dgr140_p	-0.0	0.0	0.0	Inf	Inf
FE3DCITabcpp	12dgr160_p	-0.0	-0.05358457275372075	0.0	-0.0	Inf
FE3DCITabcpp	12dgr180_p	-0.0	0.0	0.0	Inf	Inf
FE3DCITabcpp	12ppd__R_p	-0.0	-1000.0	0.0	-0.0	Inf
FE3DCITabcpp	12ppd__S_p	-0.0	0.0	0.0	Inf	Inf
FE3DCITabcpp	chol_p	-0.0	-1000.0	0.0	-0.0	Inf
FE3DCITabcpp	cl_p	-0.0	-0.004370634988958955	999.995629365011	-0.0	0.0
FE3DCITabcpp	34dhpac_p	-0.0	-1000.0	0.0	-0.0	Inf
FE3DCITabcpp	cm_p	-0.0	0.0	0.0	Inf	Inf
FE3DCITabcpp	4hoxpacd_p	-0.0	-1000.0	0.0	-0.0	Inf
FE3DCITabcpp	co2_p	-0.0	-974.468302034641	25.531697965358944	-0.0	0.0
FE3DCITabcpp	5mtr_p	-0.0	0.0	0.0	Inf	Inf
FE3DCITabcpp	LalaDgluMdap_p	-0.0	-0.023333564855369377	0.0	-0.0	Inf
FE3DCITabcpp	gal_p	-0.0	-1000.0	0.0	-0.0	Inf
FE3DCITabcpp	ac_p	-0.0	-1.0078787640018128	0.0	-0.0	Inf
FE3DCITabcpp	crn_p	-0.0	-1000.0	0.0	-0.0	Inf
FE3DCITabcpp	gal_bD_p	-0.0	-1000.0	0.0	-0.0	Inf
FE3DCITabcpp	acald_p	-0.0	-1000.0	0.0	-0.0	Inf
FE3DCITabcpp	acgal_p	-0.0	-1000.0	0.0	-0.0	Inf
FE3DCITabcpp	csn_p	-0.0	0.0	0.0	Inf	Inf
FE3DCITabcpp	acgam_p	-0.0	-1000.0	0.0	-0.0	Inf
FE3DCITabcpp	galt_p	-0.0	-0.38937422508813924	0.0	-0.0	Inf
FE3DCITabcpp	acmana_p	-0.0	-1000.0	0.0	-0.0	Inf
FE3DCITabcpp	cyan_p	-0.0	0.0	0.0	Inf	Inf
FE3DCITabcpp	ade_p	-0.0	-1000.0	0.0	-0.0	Inf
FE3DCITabcpp	adn_p	-0.0	0.0	0.0005651176460500589	Inf	0.0
FE3DCITabcpp	cytd_p	-0.0	-0.13479273421646018	0.0	-0.0	Inf
FE3DCITabcpp	glc__D_p	-0.0	-0.41932608855645764	0.6176888623804757	-0.0	0.0
FE3DCITabcpp	dad_2_p	-0.0	-1000.0	0.0	-0.0	Inf
FE3DCITabcpp	dcyt_p	-0.0	-1000.0	0.0	-0.0	Inf
FE3DCITabcpp	all__D_p	-0.0	0.0	0.0	Inf	Inf
FE3DCITabcpp	alltn_p	-0.0	0.0	0.0	Inf	Inf
FE3DCITabcpp	dha_p	-0.0	-1000.0	0.0	-0.0	Inf
FE3DCITabcpp	glyald_p	-0.0	-1000.0	0.0	-0.0	Inf
FE3DCITabcpp	glyb_p	0.0	0.0	0.0	Inf	Inf
FE3DCITabcpp	dms_p	-0.0	-1000.0	0.0	-0.0	Inf
FE3DCITabcpp	glyc_p	-0.0	-0.11674171781748571	0.0	-0.0	Inf
FE3DCITabcpp	dmso_p	-0.0	-1000.0	0.0	-0.0	Inf
FE3DCITabcpp	arab__L_p	-0.0	0.0	0.0	Inf	Inf
FE3DCITabcpp	arbt_p	0.0	0.0	0.0	Inf	Inf
FE3DCITabcpp	ca2_p	-0.0	-0.004370634988958955	999.995629365011	-0.0	0.0
FE3DCITabcpp	duri_p	-0.0	-1000.0	0.0	-0.0	Inf
FE3DCITabcpp	h2_p	-0.0	-1000.0	0.0	-0.0	Inf
FE3DCITabcpp	h2o2_p	-0.0	-1000.0	0.0	-0.0	Inf
FE3DCITabcpp	etoh_p	-0.0	-1000.0	0.0	-0.0	Inf
FE3DCITabcpp	fald_p	-0.0	0.0	0.0	Inf	Inf
FE3DCITabcpp	n2o_p	-0.0	-1000.0	0.0	-0.0	Inf
FE3DCITabcpp	na1_p	-0.0	0.0	0.0	Inf	Inf
FE3DCITabcpp	indole_p	-0.0	0.0	0.20589628746015864	Inf	0.0
FE3DCITabcpp	nac_p	-0.0	-1000.0	0.0	-0.0	Inf
FE3DCITabcpp	ni2_p	-0.0	-0.0002712228821337703	999.9997287771179	-0.0	0.0
FE3DCITabcpp	inost_p	-0.0	-1000.0	0.0	-0.0	Inf
FE3DCITabcpp	no_p	-0.0	-1000.0	0.0	-0.0	Inf
FE3DCITabcpp	no2_p	-0.0	-1000.0	0.0	-0.0	Inf
FE3DCITabcpp	for_p	-0.0	-3.634159434155966	0.002059782444195547	-0.0	0.0
FE3DCITabcpp	fru_p	-0.0	-1000.0	0.0	-0.0	Inf
FE3DCITabcpp	no3_p	-0.0	0.0	0.0	Inf	Inf
FE3DCITabcpp	k_p	-0.0	-0.16390343043087796	999.8360965695691	-0.0	0.0
FE3DCITabcpp	novbcn_p	-0.0	0.0	0.0	Inf	Inf
FE3DCITabcpp	o2_p	-0.0	-23.739858536598945	976.260141463401	-0.0	0.0
FE3DCITabcpp	lipa_cold_p	-0.0	-24.829161955540457	0.0	-0.0	Inf
FE3DCITabcpp	g3pe_p	-0.0	0.0	0.0	Inf	Inf
FE3DCITabcpp	g3pi_p	-0.0	0.0	0.0	Inf	Inf
FE3DCITabcpp	so3_p	-0.0	-1000.0	0.0	-0.0	Inf
FE3DCITabcpp	so4_p	-0.0	-0.21178056686945718	999.7882194331305	-0.0	0.0
FE3DCITabcpp	malt_p	0.0	0.0	0.0	Inf	Inf
FE3DCITabcpp	malthx_p	0.0	0.0	0.0	Inf	Inf
FE3DCITabcpp	maltpt_p	0.0	0.0	0.0	Inf	Inf
FE3DCITabcpp	sucr_p	-0.0	-1000.0	0.0	-0.0	Inf
FE3DCITabcpp	malttr_p	0.0	0.0	0.0	Inf	Inf
FE3DCITabcpp	maltttr_p	0.0	0.0	0.0	Inf	Inf
FE3DCITabcpp	pacald_p	-0.0	-1000.0	0.0	-0.0	Inf
FE3DCITabcpp	man_p	-0.0	-1000.0	0.0	-0.0	Inf
FE3DCITabcpp	tartr__L_p	-0.0	-1000.0	0.0	-0.0	Inf
FE3DCITabcpp	pe120_p	-0.0	0.0	0.0	Inf	Inf
FE3DCITabcpp	melib_p	-0.0	-1000.0	0.0	-0.0	Inf
FE3DCITabcpp	meoh_p	-0.0	-999.9999983206013	1.679398678788857e-06	-0.0	0.0
FE3DCITabcpp	thym_p	-0.0	-1000.0	0.0	-0.0	Inf
FE3DCITabcpp	thymd_p	-0.0	-0.02197157254954618	0.0	-0.0	Inf
FE3DCITabcpp	pg120_p	-0.0	0.0	0.0	Inf	Inf
FE3DCITabcpp	metsox_S__L_p	-0.0	-1000.0	0.0	-0.0	Inf
FE3DCITabcpp	tmao_p	-0.0	-1000.0	0.0	-0.0	Inf
FE3DCITabcpp	mg2_p	-0.0	-0.007284391648205317	999.9927156083518	-0.0	0.0
FE3DCITabcpp	tre_p	-0.0	0.0	0.0	Inf	Inf
FE3DCITabcpp	mnl_p	-0.0	0.0	0.0	Inf	Inf
FE3DCITabcpp	mobd_p	-0.0	-0.0001083212130197353	999.999891678787	-0.0	0.0
FE3DCITabcpp	ura_p	-0.0	-1000.0	0.0	-0.0	Inf
FE3DCITabcpp	urea_p	-0.0	-1000.0	0.0	-0.0	Inf
FE3DCITabcpp	uri_p	-0.0	0.0	0.0	Inf	Inf
FE3DCITabcpp	xan_p	-0.0	0.0	0.0	Inf	Inf
FE3DCITabcpp	xtsn_p	-0.0	0.0	0.0	Inf	Inf
FE3DCITabcpp	xyl__D_p	-0.0	0.0	0.0	Inf	Inf
FE3DCITabcpp	xylu__L_p	-0.0	-1000.0	0.0	-0.0	Inf
FE3DCITabcpp	ppal_p	-0.0	-1000.0	0.0	-0.0	Inf
FE3DCITabcpp	psclys_p	-0.0	-1000.0	0.0	-0.0	Inf
FE3DCITabcpp	pydx_p	-0.0	0.0	0.0	Inf	Inf
FE3DCITabcpp	pydxn_p	-0.0	0.0	0.0	Inf	Inf
FE3DCITabcpp	rib__D_p	-0.0	-1000.0	0.0	-0.0	Inf
FE3DCITabcpp	rmn_p	-0.0	-1000.0	0.0	-0.0	Inf
FE3DCITabcpp	sbt__D_p	-0.0	-0.38937422508813924	0.0	-0.0	Inf
FE3DCITabcpp	slnt_p	-0.0	0.0	0.0	Inf	Inf
FE3DCITabcpp	so2_p	-0.0	-1000.0	0.0	-0.0	Inf
