Reaction	Metabolite	ShadowPrice	G-	G+	DecrementalShadowPrice	IncrementalShadowPrice
GLYAT_f	12dgr120_c	-0.0	0.0	0.0	Inf	Inf
GLYAT_f	12dgr140_c	-0.0	0.0	0.0	Inf	Inf
GLYAT_f	12dgr160_c	-0.0	-0.05358457275372075	0.0	-0.0	Inf
GLYAT_f	12dgr180_c	-0.0	0.0	0.0	Inf	Inf
GLYAT_f	12ppd__R_c	-0.0	-1000.0	0.0	-0.0	Inf
GLYAT_f	12ppd__S_c	-0.0	0.0	0.0	Inf	Inf
GLYAT_f	5drib_c	-0.0	-999.9998110676518	0.00018893234822434538	-0.0	0.0
GLYAT_f	5mta_c	-0.0	-0.09376250608215742	0.0	-0.0	Inf
GLYAT_f	23dhacoa_c	-0.0	-0.00048366681176048587	0.0	-0.0	Inf
GLYAT_f	5mtr_c	-0.0	-1000.0	0.0	-0.0	Inf
GLYAT_f	3amac_c	-0.0	-7.7153522124179865	0.0	-0.0	Inf
GLYAT_f	LalaDgluMdap_c	-0.0	-0.023333564855369377	0.0	-0.0	Inf
GLYAT_f	ac_c	-0.0	-4.801377749643032	0.4891886742186671	-0.0	0.0
GLYAT_f	acald_c	-0.0	0.0	2.4534977675215255	Inf	0.0
GLYAT_f	acetol_c	-0.0	0.0	0.0	Inf	Inf
GLYAT_f	acgam_c	-0.0	-0.07934150986242154	0.0	-0.0	Inf
GLYAT_f	acgam6p_c	-0.0	-0.07934150986242154	0.0	-0.0	Inf
GLYAT_f	acmalt_c	0.0	0.0	0.0	Inf	Inf
GLYAT_f	acmana_c	-0.0	-0.07934150986242154	0.0	-0.0	Inf
GLYAT_f	2dmmq8_c	-0.0	0.0	0.0	Inf	Inf
GLYAT_f	2dmmql8_c	0.0	0.0	0.0	Inf	Inf
GLYAT_f	ade_c	-0.0	-0.09376250608215742	0.0005651176460500589	-0.0	0.0
GLYAT_f	adn_c	-0.0	0.0	0.0005651176460500589	Inf	0.0
GLYAT_f	3sala_c	0.0	0.0	0.0	Inf	Inf
GLYAT_f	adphep_DD_c	-0.0	0.0	0.0	Inf	Inf
GLYAT_f	adphep_LD_c	-0.0	0.0	0.0	Inf	Inf
GLYAT_f	4ahmmp_c	0.0	0.0	0.0	Inf	Inf
GLYAT_f	4crsol_c	-0.0	-999.9998127470504	0.00018725294957346232	-0.0	0.0
GLYAT_f	2ohph_c	-0.0	-0.00018725294957346232	0.12370576979100135	-0.0	0.0
GLYAT_f	2ombzl_c	-0.0	0.0	0.0	Inf	Inf
GLYAT_f	2omhmbl_c	-0.0	0.0	0.0	Inf	Inf
GLYAT_f	2ommbl_c	0.0	0.0	0.0	Inf	Inf
GLYAT_f	2omph_c	-0.0	0.0	0.11110178569908799	Inf	0.0
GLYAT_f	4mhetz_c	0.0	0.0	0.0	Inf	Inf
GLYAT_f	2oph_c	-0.0	-0.00018725294957346232	0.12370576979100135	-0.0	0.0
GLYAT_f	2oxpaccoa_c	-0.0	-0.00048366681176048587	0.0	-0.0	Inf
GLYAT_f	all__D_c	-0.0	-2.40068887482152	0.0	-0.0	Inf
GLYAT_f	alltn_c	-0.0	-1.928838053104502	0.0	-0.0	Inf
GLYAT_f	4r5au_c	-0.0	-0.00037450589970046606	0.7180969075672763	-0.0	0.0
GLYAT_f	56dura_c	0.0	0.0	0.0	Inf	Inf
GLYAT_f	arab__L_c	-0.0	-2.1495441842617935	0.0	-0.0	Inf
GLYAT_f	etoh_c	-0.0	-1000.0	0.0	-0.0	Inf
GLYAT_f	csn_c	-0.0	0.0	0.15190580646930701	Inf	0.0
GLYAT_f	fald_c	-0.0	0.0	0.0	Inf	Inf
GLYAT_f	fc1p_c	-0.0	0.0	0.0	Inf	Inf
GLYAT_f	fcl__L_c	-0.0	0.0	0.0	Inf	Inf
GLYAT_f	aso4_c	0.0	0.0	0.0	Inf	Inf
GLYAT_f	cyan_c	0.0	0.0	0.0	Inf	Inf
GLYAT_f	athtp_c	0.0	0.0	0.0	Inf	Inf
GLYAT_f	cytd_c	-0.0	-0.1347927342164602	0.0	-0.0	Inf
GLYAT_f	dad_2_c	-0.0	0.0	0.0	Inf	Inf
GLYAT_f	dad_5_c	-0.0	-0.09376250608215742	0.00018893234822434538	-0.0	0.0
GLYAT_f	betald_c	0.0	0.0	0.0	Inf	Inf
GLYAT_f	btal_c	-0.0	-265.8347280974901	0.0	-0.0	Inf
GLYAT_f	for_c	-0.0	-7.715352212417997	0.0020597824472650917	-0.0	0.0
GLYAT_f	dcyt_c	-0.0	0.0	0.0	Inf	Inf
GLYAT_f	fru_c	-0.0	-2.4006888748215203	0.0	-0.0	Inf
GLYAT_f	ca2_c	-0.0	-0.004370634988958955	999.995629365011	-0.0	0.0
GLYAT_f	g3pe_c	-0.0	0.0	0.0	Inf	Inf
GLYAT_f	g3pi_c	0.0	0.0	0.0	Inf	Inf
GLYAT_f	cbm_c	-0.0	-3.8576761062089986	0.0	-0.0	Inf
GLYAT_f	dha_c	-0.0	-4.801377749643023	2.4534977675215255	-0.0	0.0
GLYAT_f	gal_c	-0.0	0.0	0.0	Inf	Inf
GLYAT_f	dhgly_c	-0.0	-0.00018725294957346232	0.44609050318573235	-0.0	0.0
GLYAT_f	dhmptp_c	0.0	0.0	0.0	Inf	Inf
GLYAT_f	gcald_c	-0.0	-2.4849709163402167	0.0005617588490167691	-0.0	0.0
GLYAT_f	dhptd_c	-0.0	-47.707958981212826	0.0003761852978257135	-0.0	0.0
GLYAT_f	cechddd_c	-0.0	0.0	0.0	Inf	Inf
GLYAT_f	dhptdn_c	0.0	0.0	0.0	Inf	Inf
GLYAT_f	chol_c	0.0	0.0	0.0	Inf	Inf
GLYAT_f	chtbs6p_c	-0.0	0.0	0.0	Inf	Inf
GLYAT_f	dmbzid_c	0.0	0.0	0.0	Inf	Inf
GLYAT_f	dms_c	0.0	0.0	0.0	Inf	Inf
GLYAT_f	dmso_c	0.0	0.0	0.0	Inf	Inf
GLYAT_f	cl_c	-0.0	-0.00437063498892319	999.995629365011	-0.0	0.0
GLYAT_f	glc__D_c	-0.0	-2.4006888748215203	0.0	-0.0	Inf
GLYAT_f	co2_c	-0.0	-974.4683020347131	25.529638182839562	-0.0	0.0
GLYAT_f	dscl_c	-0.0	-0.00018725294957346232	0.08224014863200654	-0.0	0.0
GLYAT_f	dtdp4aaddg_c	-0.0	0.0	0.0	Inf	Inf
GLYAT_f	glyald_c	-0.0	-1000.0	0.0	-0.0	Inf
GLYAT_f	crn_c	-0.0	-1000.0	0.0	-0.0	Inf
GLYAT_f	duri_c	-0.0	0.0	0.6400428958751812	Inf	0.0
GLYAT_f	glyb_c	0.0	0.0	0.0	Inf	Inf
GLYAT_f	glyc_c	-0.0	-0.11674171781748571	0.0	-0.0	Inf
GLYAT_f	dxyl_c	0.0	0.0	0.0	Inf	Inf
GLYAT_f	glycogen_c	-0.0	-2.40068887482152	0.0	-0.0	Inf
GLYAT_f	gmhep1p_c	-0.0	0.0	0.08999999999391423	Inf	0.0
GLYAT_f	lipa_cold_c	-0.0	0.0	0.0	Inf	Inf
GLYAT_f	lipidA_c	-0.0	-0.016337190075773833	0.04499999999695775	-0.0	0.0
GLYAT_f	malt_c	0.0	0.0	0.0	Inf	Inf
GLYAT_f	h2_c	-0.0	0.0	0.0	Inf	Inf
GLYAT_f	malthx_c	-0.0	0.0	0.0	Inf	Inf
GLYAT_f	maltpt_c	-0.0	0.0	0.0	Inf	Inf
GLYAT_f	malttr_c	-0.0	0.0	0.0	Inf	Inf
GLYAT_f	maltttr_c	-0.0	0.0	0.0	Inf	Inf
GLYAT_f	h2o2_c	-0.0	-0.001365351103329246	9.229735552751208	-0.0	0.0
GLYAT_f	man_c	-0.0	0.0	0.0	Inf	Inf
GLYAT_f	mdhdhf_c	-0.0	-47.707958981212826	0.0003761852978257135	-0.0	0.0
GLYAT_f	melib_c	-0.0	0.0	0.0	Inf	Inf
GLYAT_f	meoh_c	-0.0	-999.9999983206013	1.679398678788857e-06	-0.0	0.0
GLYAT_f	pacald_c	-0.0	-1000.0	0.0	-0.0	Inf
GLYAT_f	metsox_S__L_c	-0.0	-0.09376250608215742	0.0	-0.0	Inf
GLYAT_f	mg2_c	-0.0	-0.007284391648205317	930.4215483412154	-0.0	0.0
GLYAT_f	hhlipa_c	-0.0	0.0	0.0	Inf	Inf
GLYAT_f	pe120_c	-0.0	0.0	0.0	Inf	Inf
GLYAT_f	mobd_c	-0.0	-0.00010832121298195802	33.317963030452916	-0.0	0.0
GLYAT_f	hlipa_c	-0.0	0.0	0.0	Inf	Inf
GLYAT_f	pg120_c	-0.0	-0.058370858908742856	0.0	-0.0	Inf
GLYAT_f	mql8_c	0.0	0.0	0.0	Inf	Inf
GLYAT_f	mqn8_c	-0.0	0.0	0.0	Inf	Inf
GLYAT_f	mthgxl_c	-0.0	-4.801377749643023	0.0	-0.0	Inf
GLYAT_f	hqn_c	0.0	0.0	0.0	Inf	Inf
GLYAT_f	mththf_c	-0.0	-999.9996238147022	0.0003761852978257135	-0.0	0.0
GLYAT_f	n2o_c	-0.0	-1000.0	0.0	-0.0	Inf
GLYAT_f	na1_c	-0.0	0.0	0.0	Inf	Inf
GLYAT_f	nac_c	-0.0	0.0	0.0	Inf	Inf
GLYAT_f	ncam_c	-0.0	0.0	0.0	Inf	Inf
GLYAT_f	ni2_c	-0.0	-0.0002712228821176158	999.9997287771179	-0.0	0.0
GLYAT_f	no_c	-0.0	-1000.0	0.0	-0.0	Inf
GLYAT_f	indole_c	-0.0	-0.04773102875607317	0.774788768691009	-0.0	0.0
GLYAT_f	no2_c	-0.0	-1000.0	0.0	-0.0	Inf
GLYAT_f	no3_c	0.0	0.0	0.0	Inf	Inf
GLYAT_f	inost_c	0.0	0.0	0.0	Inf	Inf
GLYAT_f	o2_c	-0.0	-23.73985853653903	976.260141463461	-0.0	0.0
GLYAT_f	poaac_c	-0.0	-9.069444627034045	0.0	-0.0	Inf
GLYAT_f	ppal_c	-0.0	0.0	0.0	Inf	Inf
GLYAT_f	k_c	-0.0	-0.16390343043087796	133.27185212181166	-0.0	0.0
GLYAT_f	psclys_c	-0.0	0.0	0.0	Inf	Inf
GLYAT_f	lald__D_c	-0.0	0.0	0.0	Inf	Inf
GLYAT_f	lald__L_c	-0.0	0.0	0.0	Inf	Inf
GLYAT_f	ura_c	-0.0	-0.2777683383594649	0.0	-0.0	Inf
GLYAT_f	pydx_c	-0.0	0.0	0.7009993621490072	Inf	0.0
GLYAT_f	uracp_c	-0.0	-4.5347223135170225	0.0	-0.0	Inf
GLYAT_f	pydxn_c	-0.0	0.0	0.7009993621490072	Inf	0.0
GLYAT_f	urate_c	-0.0	-0.001365351103329246	0.0	-0.0	Inf
GLYAT_f	q8_c	-0.0	0.0	0.0	Inf	Inf
GLYAT_f	q8h2_c	0.0	0.0	0.0	Inf	Inf
GLYAT_f	urea_c	-0.0	-1000.0	0.0	-0.0	Inf
GLYAT_f	uri_c	-0.0	0.0	0.0	Inf	Inf
GLYAT_f	rbflvrd_c	-0.0	0.0	0.3547225687982932	Inf	0.0
GLYAT_f	rbl__L_c	-0.0	-2.1495441842617935	0.0	-0.0	Inf
GLYAT_f	rdmbzi_c	0.0	0.0	0.0	Inf	Inf
GLYAT_f	thptdn_c	0.0	0.0	0.0	Inf	Inf
GLYAT_f	xan_c	-0.0	0.0	0.0	Inf	Inf
GLYAT_f	rephaccoa_c	-0.0	-0.00048366681176048587	0.0	-0.0	Inf
GLYAT_f	rib__D_c	-0.0	0.0	0.0	Inf	Inf
GLYAT_f	xtsn_c	-0.0	0.0	0.0	Inf	Inf
GLYAT_f	rml_c	-0.0	0.0	0.0	Inf	Inf
GLYAT_f	thym_c	-0.0	-133.27185212181166	0.0	-0.0	Inf
GLYAT_f	thymd_c	-0.0	0.0	0.5353086038228786	Inf	0.0
GLYAT_f	xu5p__L_c	-0.0	-0.8100000000060845	0.0	-0.0	Inf
GLYAT_f	rmn_c	-0.0	0.0	0.0	Inf	Inf
GLYAT_f	xyl__D_c	0.0	0.0	0.0	Inf	Inf
GLYAT_f	tmao_c	0.0	0.0	0.0	Inf	Inf
GLYAT_f	xylu__D_c	-0.0	0.0	0.0	Inf	Inf
GLYAT_f	xylu__L_c	-0.0	-2.1495441842617935	0.0	-0.0	Inf
GLYAT_f	12ppd__R_e	-0.0	-1000.0	0.0	-0.0	Inf
GLYAT_f	12ppd__S_e	-0.0	-1000.0	0.0	-0.0	Inf
GLYAT_f	tre_c	-0.0	-1.2003444374107601	0.0	-0.0	Inf
GLYAT_f	seln_c	0.0	0.0	0.0	Inf	Inf
GLYAT_f	34dhpac_e	-0.0	-1000.0	0.0	-0.0	Inf
GLYAT_f	slnt_c	0.0	0.0	0.0	Inf	Inf
GLYAT_f	so2_c	0.0	0.0	0.0	Inf	Inf
GLYAT_f	so3_c	-0.0	-0.20813795119614653	6.346278672467207	-0.0	0.0
GLYAT_f	so4_c	-0.0	-0.21178056686991192	133.27185212181166	-0.0	0.0
GLYAT_f	4hoxpacd_e	-0.0	-1000.0	0.0	-0.0	Inf
GLYAT_f	5mtr_e	-0.0	-1000.0	0.0	-0.0	Inf
GLYAT_f	LalaDgluMdap_e	-0.0	-1000.0	0.0	-0.0	Inf
GLYAT_f	ac_e	-0.0	0.0	0.0	Inf	Inf
GLYAT_f	acald_e	-0.0	-1000.0	0.0	-0.0	Inf
GLYAT_f	acgal_e	-0.0	-1000.0	0.0	-0.0	Inf
GLYAT_f	acgam_e	-0.0	-1000.0	0.0	-0.0	Inf
GLYAT_f	acmana_e	-0.0	-1000.0	0.0	-0.0	Inf
GLYAT_f	tagur_c	-0.0	0.0	0.0	Inf	Inf
GLYAT_f	tartr__L_c	-0.0	-2.400688874821516	0.0	-0.0	Inf
GLYAT_f	ade_e	-0.0	-1000.0	0.0	-0.0	Inf
GLYAT_f	adn_e	-0.0	-1000.0	0.0	-0.0	Inf
GLYAT_f	all__D_e	-0.0	-1000.0	0.0	-0.0	Inf
GLYAT_f	cl_e	-0.0	-0.004370634988958955	999.995629365011	-0.0	0.0
GLYAT_f	alltn_e	-0.0	0.0	0.0	Inf	Inf
GLYAT_f	cm_e	-0.0	-1000.0	0.0	-0.0	Inf
GLYAT_f	co2_e	-0.0	-974.4683020347131	25.531697965286867	-0.0	0.0
GLYAT_f	arab__L_e	-0.0	-1000.0	0.0	-0.0	Inf
GLYAT_f	arbt_e	-0.0	-1000.0	0.0	-0.0	Inf
GLYAT_f	unagamu_c	-0.0	0.0	0.04499999999695519	Inf	0.0
GLYAT_f	crn_e	-0.0	-1000.0	0.0	-0.0	Inf
GLYAT_f	csn_e	-0.0	-1000.0	0.0	-0.0	Inf
GLYAT_f	cyan_e	-0.0	-1000.0	0.0	-0.0	Inf
GLYAT_f	glyb_e	-0.0	-1000.0	0.0	-0.0	Inf
GLYAT_f	glyc_e	-0.0	-1000.0	0.0	-0.0	Inf
GLYAT_f	cytd_e	-0.0	-1000.0	0.0	-0.0	Inf
GLYAT_f	ca2_e	-0.0	-0.004370634988958955	999.995629365011	-0.0	0.0
GLYAT_f	dad_2_e	-0.0	-1000.0	0.0	-0.0	Inf
GLYAT_f	dcyt_e	-0.0	-1000.0	0.0	-0.0	Inf
GLYAT_f	chol_e	-0.0	-1000.0	0.0	-0.0	Inf
GLYAT_f	dha_e	-0.0	-1000.0	0.0	-0.0	Inf
GLYAT_f	ppal_e	-0.0	-1000.0	0.0	-0.0	Inf
GLYAT_f	h2_e	-0.0	-1000.0	0.0	-0.0	Inf
GLYAT_f	dms_e	-0.0	-1000.0	0.0	-0.0	Inf
GLYAT_f	dmso_e	-0.0	-1000.0	0.0	-0.0	Inf
GLYAT_f	h2o2_e	-0.0	-1000.0	0.0	-0.0	Inf
GLYAT_f	psclys_e	-0.0	-1000.0	0.0	-0.0	Inf
GLYAT_f	duri_e	-0.0	-1000.0	0.0	-0.0	Inf
GLYAT_f	pydx_e	-0.0	-1000.0	0.0	-0.0	Inf
GLYAT_f	pydxn_e	-0.0	-1000.0	0.0	-0.0	Inf
GLYAT_f	etoh_e	-0.0	-1000.0	0.0	-0.0	Inf
GLYAT_f	fald_e	-0.0	0.0	0.0	Inf	Inf
GLYAT_f	rib__D_e	-0.0	-1000.0	0.0	-0.0	Inf
GLYAT_f	rmn_e	-0.0	-1000.0	0.0	-0.0	Inf
GLYAT_f	indole_e	-0.0	-1000.0	0.0	-0.0	Inf
GLYAT_f	inost_e	-0.0	-1000.0	0.0	-0.0	Inf
GLYAT_f	sbt__D_e	-0.0	-2.400688874821505	0.0	-0.0	Inf
GLYAT_f	k_e	-0.0	-0.16390343043087796	999.8360965695691	-0.0	0.0
GLYAT_f	for_e	-0.0	0.0	0.0020597824472650917	Inf	0.0
GLYAT_f	slnt_e	-0.0	0.0	1000.0	Inf	0.0
GLYAT_f	fru_e	-0.0	-1000.0	0.0	-0.0	Inf
GLYAT_f	so2_e	-0.0	-1000.0	0.0	-0.0	Inf
GLYAT_f	so3_e	-0.0	-1000.0	0.0	-0.0	Inf
GLYAT_f	so4_e	-0.0	-0.2117805668699475	999.78821943313	-0.0	0.0
GLYAT_f	lipa_cold_e	-0.0	-1000.0	0.0	-0.0	Inf
GLYAT_f	sucr_e	-0.0	-1000.0	0.0	-0.0	Inf
GLYAT_f	g3pe_e	-0.0	-1000.0	0.0	-0.0	Inf
GLYAT_f	malt_e	-0.0	-1000.0	0.0	-0.0	Inf
GLYAT_f	tartr__L_e	-0.0	-1000.0	0.0	-0.0	Inf
GLYAT_f	g3pi_e	-0.0	-1000.0	0.0	-0.0	Inf
GLYAT_f	malthx_e	-0.0	-1000.0	0.0	-0.0	Inf
GLYAT_f	maltpt_e	-0.0	-1000.0	0.0	-0.0	Inf
GLYAT_f	gal_e	-0.0	-1000.0	0.0	-0.0	Inf
GLYAT_f	gal_bD_e	-0.0	-1000.0	0.0	-0.0	Inf
GLYAT_f	malttr_e	-0.0	-1000.0	0.0	-0.0	Inf
GLYAT_f	maltttr_e	-0.0	-1000.0	0.0	-0.0	Inf
GLYAT_f	man_e	-0.0	-1000.0	0.0	-0.0	Inf
GLYAT_f	thym_e	-0.0	-1000.0	0.0	-0.0	Inf
GLYAT_f	thymd_e	-0.0	-1000.0	0.0	-0.0	Inf
GLYAT_f	galt_e	-0.0	-2.40068887482152	0.0	-0.0	Inf
GLYAT_f	melib_e	-0.0	-1000.0	0.0	-0.0	Inf
GLYAT_f	meoh_e	-0.0	-999.9999983206013	1.679398678788857e-06	-0.0	0.0
GLYAT_f	tmao_e	-0.0	-1000.0	0.0	-0.0	Inf
GLYAT_f	tre_e	-0.0	-1000.0	0.0	-0.0	Inf
GLYAT_f	metsox_S__L_e	-0.0	-1000.0	0.0	-0.0	Inf
GLYAT_f	glc__D_e	-0.0	-2.4006888748215114	1.2267488837607627	-0.0	0.0
GLYAT_f	mg2_e	-0.0	-0.007284391648227029	999.9927156083518	-0.0	0.0
GLYAT_f	mnl_e	-0.0	-1000.0	0.0	-0.0	Inf
GLYAT_f	mobd_e	-0.0	-0.0001083212130197353	999.999891678787	-0.0	0.0
GLYAT_f	glyald_e	-0.0	-1000.0	0.0	-0.0	Inf
GLYAT_f	n2o_e	-0.0	-1000.0	0.0	-0.0	Inf
GLYAT_f	na1_e	-0.0	0.0	1000.0	Inf	0.0
GLYAT_f	nac_e	-0.0	-1000.0	0.0	-0.0	Inf
GLYAT_f	ni2_e	-0.0	-0.0002712228821337703	999.9997287771179	-0.0	0.0
GLYAT_f	no_e	-0.0	-1000.0	0.0	-0.0	Inf
GLYAT_f	no2_e	-0.0	-1000.0	0.0	-0.0	Inf
GLYAT_f	ura_e	-0.0	-1000.0	0.0	-0.0	Inf
GLYAT_f	no3_e	-0.0	-1000.0	0.0	-0.0	Inf
GLYAT_f	urea_e	-0.0	-1000.0	0.0	-0.0	Inf
GLYAT_f	novbcn_e	-0.0	-1000.0	0.0	-0.0	Inf
GLYAT_f	uri_e	-0.0	-1000.0	0.0	-0.0	Inf
GLYAT_f	o2_e	-0.0	-23.73985853653903	976.260141463461	-0.0	0.0
GLYAT_f	xan_e	-0.0	0.0	0.0	Inf	Inf
GLYAT_f	xtsn_e	-0.0	-1000.0	0.0	-0.0	Inf
GLYAT_f	xyl__D_e	-0.0	-1000.0	0.0	-0.0	Inf
GLYAT_f	xylu__L_e	-0.0	-1000.0	0.0	-0.0	Inf
GLYAT_f	pacald_e	-0.0	-1000.0	0.0	-0.0	Inf
GLYAT_f	12dgr120_p	-0.0	0.0	0.0	Inf	Inf
GLYAT_f	12dgr140_p	-0.0	0.0	0.0	Inf	Inf
GLYAT_f	12dgr160_p	-0.0	-0.05358457275372075	0.0	-0.0	Inf
GLYAT_f	12dgr180_p	-0.0	0.0	0.0	Inf	Inf
GLYAT_f	12ppd__R_p	-0.0	-1000.0	0.0	-0.0	Inf
GLYAT_f	12ppd__S_p	-0.0	0.0	0.0	Inf	Inf
GLYAT_f	chol_p	-0.0	-1000.0	0.0	-0.0	Inf
GLYAT_f	cl_p	-0.0	-0.004370634988958955	999.995629365011	-0.0	0.0
GLYAT_f	34dhpac_p	-0.0	-1000.0	0.0	-0.0	Inf
GLYAT_f	cm_p	-0.0	0.0	0.0	Inf	Inf
GLYAT_f	4hoxpacd_p	-0.0	-1000.0	0.0	-0.0	Inf
GLYAT_f	co2_p	-0.0	-974.4683020347131	25.531697965286867	-0.0	0.0
GLYAT_f	5mtr_p	-0.0	-1000.0	0.0	-0.0	Inf
GLYAT_f	LalaDgluMdap_p	-0.0	-0.023333564855369377	0.0	-0.0	Inf
GLYAT_f	gal_p	-0.0	-1000.0	0.0	-0.0	Inf
GLYAT_f	ac_p	-0.0	-4.8013777496430246	0.0	-0.0	Inf
GLYAT_f	crn_p	-0.0	-1000.0	0.0	-0.0	Inf
GLYAT_f	gal_bD_p	-0.0	-1000.0	0.0	-0.0	Inf
GLYAT_f	acald_p	-0.0	-1000.0	0.0	-0.0	Inf
GLYAT_f	acgal_p	-0.0	-1000.0	0.0	-0.0	Inf
GLYAT_f	csn_p	-0.0	0.0	0.0	Inf	Inf
GLYAT_f	acgam_p	-0.0	-1000.0	0.0	-0.0	Inf
GLYAT_f	galt_p	-0.0	-2.40068887482152	0.0	-0.0	Inf
GLYAT_f	acmana_p	-0.0	-1000.0	0.0	-0.0	Inf
GLYAT_f	cyan_p	-0.0	0.0	0.0	Inf	Inf
GLYAT_f	ade_p	-0.0	-1000.0	0.0	-0.0	Inf
GLYAT_f	adn_p	-0.0	0.0	0.0005651176460500589	Inf	0.0
GLYAT_f	cytd_p	-0.0	-0.1347927342164602	0.0	-0.0	Inf
GLYAT_f	glc__D_p	-0.0	-2.4006888748215114	1.2267488837607627	-0.0	0.0
GLYAT_f	dad_2_p	-0.0	-1000.0	0.0	-0.0	Inf
GLYAT_f	dcyt_p	-0.0	-1000.0	0.0	-0.0	Inf
GLYAT_f	all__D_p	-0.0	0.0	0.0	Inf	Inf
GLYAT_f	alltn_p	-0.0	0.0	0.0	Inf	Inf
GLYAT_f	dha_p	-0.0	-1000.0	0.0	-0.0	Inf
GLYAT_f	glyald_p	-0.0	-1000.0	0.0	-0.0	Inf
GLYAT_f	glyb_p	0.0	0.0	0.0	Inf	Inf
GLYAT_f	dms_p	-0.0	-1000.0	0.0	-0.0	Inf
GLYAT_f	glyc_p	-0.0	-0.11674171781748571	0.0	-0.0	Inf
GLYAT_f	dmso_p	-0.0	-1000.0	0.0	-0.0	Inf
GLYAT_f	arab__L_p	-0.0	0.0	0.0	Inf	Inf
GLYAT_f	arbt_p	0.0	0.0	0.0	Inf	Inf
GLYAT_f	ca2_p	-0.0	-0.004370634988958955	999.995629365011	-0.0	0.0
GLYAT_f	duri_p	-0.0	-1000.0	0.0	-0.0	Inf
GLYAT_f	h2_p	-0.0	-1000.0	0.0	-0.0	Inf
GLYAT_f	h2o2_p	-0.0	-1000.0	0.0	-0.0	Inf
GLYAT_f	etoh_p	-0.0	-1000.0	0.0	-0.0	Inf
GLYAT_f	fald_p	-0.0	0.0	0.0	Inf	Inf
GLYAT_f	n2o_p	-0.0	-1000.0	0.0	-0.0	Inf
GLYAT_f	na1_p	-0.0	0.0	0.0	Inf	Inf
GLYAT_f	indole_p	-0.0	0.0	0.7747887686910089	Inf	0.0
GLYAT_f	nac_p	-0.0	-1000.0	0.0	-0.0	Inf
GLYAT_f	ni2_p	-0.0	-0.0002712228821337703	999.9997287771179	-0.0	0.0
GLYAT_f	inost_p	-0.0	-1000.0	0.0	-0.0	Inf
GLYAT_f	no_p	-0.0	-1000.0	0.0	-0.0	Inf
GLYAT_f	no2_p	-0.0	-1000.0	0.0	-0.0	Inf
GLYAT_f	for_p	-0.0	-7.715352212417997	0.0020597824472650917	-0.0	0.0
GLYAT_f	fru_p	-0.0	-1000.0	0.0	-0.0	Inf
GLYAT_f	no3_p	-0.0	0.0	0.0	Inf	Inf
GLYAT_f	k_p	-0.0	-0.16390343043087796	999.8360965695691	-0.0	0.0
GLYAT_f	novbcn_p	-0.0	0.0	0.0	Inf	Inf
GLYAT_f	o2_p	-0.0	-23.73985853653903	976.260141463461	-0.0	0.0
GLYAT_f	lipa_cold_p	-0.0	-33.317963030452916	0.0	-0.0	Inf
GLYAT_f	g3pe_p	-0.0	0.0	0.0	Inf	Inf
GLYAT_f	g3pi_p	-0.0	0.0	0.0	Inf	Inf
GLYAT_f	so3_p	-0.0	-1000.0	0.0	-0.0	Inf
GLYAT_f	so4_p	-0.0	-0.21178056686991192	999.78821943313	-0.0	0.0
GLYAT_f	malt_p	0.0	0.0	0.0	Inf	Inf
GLYAT_f	malthx_p	0.0	0.0	0.0	Inf	Inf
GLYAT_f	maltpt_p	0.0	0.0	0.0	Inf	Inf
GLYAT_f	sucr_p	-0.0	-1000.0	0.0	-0.0	Inf
GLYAT_f	malttr_p	0.0	0.0	0.0	Inf	Inf
GLYAT_f	maltttr_p	0.0	0.0	0.0	Inf	Inf
GLYAT_f	pacald_p	-0.0	-1000.0	0.0	-0.0	Inf
GLYAT_f	man_p	-0.0	-1000.0	0.0	-0.0	Inf
GLYAT_f	tartr__L_p	-0.0	-1000.0	0.0	-0.0	Inf
GLYAT_f	pe120_p	-0.0	0.0	0.0	Inf	Inf
GLYAT_f	melib_p	-0.0	-1000.0	0.0	-0.0	Inf
GLYAT_f	meoh_p	-0.0	-999.9999983206013	1.679398678788857e-06	-0.0	0.0
GLYAT_f	thym_p	-0.0	-1000.0	0.0	-0.0	Inf
GLYAT_f	thymd_p	-0.0	0.0	0.0	Inf	Inf
GLYAT_f	pg120_p	-0.0	-0.058370858908742856	0.0	-0.0	Inf
GLYAT_f	metsox_S__L_p	-0.0	-1000.0	0.0	-0.0	Inf
GLYAT_f	tmao_p	-0.0	-1000.0	0.0	-0.0	Inf
GLYAT_f	mg2_p	-0.0	-0.007284391648205317	999.9927156083518	-0.0	0.0
GLYAT_f	tre_p	-0.0	0.0	0.0	Inf	Inf
GLYAT_f	mnl_p	-0.0	0.0	0.0	Inf	Inf
GLYAT_f	mobd_p	-0.0	-0.0001083212130197353	999.999891678787	-0.0	0.0
GLYAT_f	ura_p	-0.0	-1000.0	0.0	-0.0	Inf
GLYAT_f	urea_p	-0.0	-1000.0	0.0	-0.0	Inf
GLYAT_f	uri_p	-0.0	0.0	0.0	Inf	Inf
GLYAT_f	xan_p	-0.0	0.0	0.0	Inf	Inf
GLYAT_f	xtsn_p	-0.0	0.0	0.0	Inf	Inf
GLYAT_f	xyl__D_p	-0.0	0.0	0.0	Inf	Inf
GLYAT_f	xylu__L_p	-0.0	-1000.0	0.0	-0.0	Inf
GLYAT_f	ppal_p	-0.0	-1000.0	0.0	-0.0	Inf
GLYAT_f	psclys_p	-0.0	-1000.0	0.0	-0.0	Inf
GLYAT_f	pydx_p	-0.0	0.0	0.0	Inf	Inf
GLYAT_f	pydxn_p	-0.0	0.0	0.0	Inf	Inf
GLYAT_f	rib__D_p	-0.0	-1000.0	0.0	-0.0	Inf
GLYAT_f	rmn_p	-0.0	-1000.0	0.0	-0.0	Inf
GLYAT_f	sbt__D_p	-0.0	-2.400688874821505	0.0	-0.0	Inf
GLYAT_f	slnt_p	-0.0	0.0	0.0	Inf	Inf
GLYAT_f	so2_p	-0.0	-1000.0	0.0	-0.0	Inf
