Reaction	Metabolite	ShadowPrice	G-	G+	DecrementalShadowPrice	IncrementalShadowPrice
GLYCtex_f	12dgr120_c	-0.0	0.0	0.0	Inf	Inf
GLYCtex_f	12dgr140_c	-0.0	0.0	0.0	Inf	Inf
GLYCtex_f	12dgr160_c	-0.0	-0.05358457275372075	0.0	-0.0	Inf
GLYCtex_f	12dgr180_c	-0.0	0.0	0.0	Inf	Inf
GLYCtex_f	12ppd__R_c	-0.0	-1000.0	0.0	-0.0	Inf
GLYCtex_f	12ppd__S_c	-0.0	0.0	0.0	Inf	Inf
GLYCtex_f	5drib_c	-0.0	-999.9998110676518	0.00018893234822434538	-0.0	0.0
GLYCtex_f	5mta_c	-0.0	0.0	0.0	Inf	Inf
GLYCtex_f	23dhacoa_c	-0.0	-0.0004836668115442144	0.0	-0.0	Inf
GLYCtex_f	5mtr_c	-0.0	0.0	0.0	Inf	Inf
GLYCtex_f	3amac_c	-0.0	-7.715352212394318	0.0	-0.0	Inf
GLYCtex_f	LalaDgluMdap_c	-0.0	-0.023333564855369377	0.0	-0.0	Inf
GLYCtex_f	ac_c	-0.0	-7.715352212394318	3.5213384807241255	-0.0	0.0
GLYCtex_f	acald_c	-0.0	0.0	3.4370195372021994	Inf	0.0
GLYCtex_f	acetol_c	-0.0	0.0	0.0	Inf	Inf
GLYCtex_f	acgam_c	-0.0	-0.07934150986242154	0.0	-0.0	Inf
GLYCtex_f	acgam6p_c	-0.0	-0.07934150986242154	0.0	-0.0	Inf
GLYCtex_f	acmalt_c	0.0	0.0	0.0	Inf	Inf
GLYCtex_f	acmana_c	-0.0	-0.07934150986242154	0.0	-0.0	Inf
GLYCtex_f	2dmmq8_c	-0.0	0.0	0.0	Inf	Inf
GLYCtex_f	2dmmql8_c	0.0	0.0	0.0	Inf	Inf
GLYCtex_f	ade_c	-0.0	-0.09376250607738257	0.0005651176460500589	-0.0	0.0
GLYCtex_f	adn_c	-0.0	0.0	0.0005651176460500589	Inf	0.0
GLYCtex_f	3sala_c	0.0	0.0	0.0	Inf	Inf
GLYCtex_f	adphep_DD_c	-0.0	0.0	0.0	Inf	Inf
GLYCtex_f	adphep_LD_c	-0.0	0.0	0.0	Inf	Inf
GLYCtex_f	4ahmmp_c	0.0	0.0	0.0	Inf	Inf
GLYCtex_f	4crsol_c	-0.0	-999.9998127470504	0.00018725294957346232	-0.0	0.0
GLYCtex_f	2ohph_c	-0.0	-0.00018725294957346232	0.001825836846749365	-0.0	0.0
GLYCtex_f	2ombzl_c	-0.0	0.0	0.0	Inf	Inf
GLYCtex_f	2omhmbl_c	-0.0	0.0	0.0	Inf	Inf
GLYCtex_f	2ommbl_c	0.0	0.0	0.0	Inf	Inf
GLYCtex_f	2omph_c	-0.0	0.0	0.0015328013034439114	Inf	0.0
GLYCtex_f	4mhetz_c	0.0	0.0	0.0	Inf	Inf
GLYCtex_f	2oph_c	-0.0	-0.00018725294957346232	0.001825836846749365	-0.0	0.0
GLYCtex_f	2oxpaccoa_c	-0.0	-0.0004836668115442144	0.0	-0.0	Inf
GLYCtex_f	all__D_c	-0.0	-5.796348717801151	0.0	-0.0	Inf
GLYCtex_f	alltn_c	-0.0	-1.9288380530985796	0.0	-0.0	Inf
GLYCtex_f	4r5au_c	-0.0	-0.00037450590025400743	0.006534573977839833	-0.0	0.0
GLYCtex_f	56dura_c	0.0	0.0	0.0	Inf	Inf
GLYCtex_f	arab__L_c	-0.0	-5.796348717801151	0.0	-0.0	Inf
GLYCtex_f	etoh_c	-0.0	-1000.0	0.0	-0.0	Inf
GLYCtex_f	csn_c	-0.0	0.0	0.0	Inf	Inf
GLYCtex_f	fald_c	-0.0	0.0	0.0	Inf	Inf
GLYCtex_f	fc1p_c	-0.0	-0.8099999999978991	0.0	-0.0	Inf
GLYCtex_f	fcl__L_c	-0.0	0.0	0.0	Inf	Inf
GLYCtex_f	aso4_c	0.0	0.0	0.0	Inf	Inf
GLYCtex_f	cyan_c	0.0	0.0	0.0	Inf	Inf
GLYCtex_f	athtp_c	0.0	0.0	0.0	Inf	Inf
GLYCtex_f	cytd_c	-0.0	-0.1347927342164602	0.0	-0.0	Inf
GLYCtex_f	dad_2_c	-0.0	0.0	0.0	Inf	Inf
GLYCtex_f	dad_5_c	-0.0	-0.09376250607738257	0.00018893234822434538	-0.0	0.0
GLYCtex_f	betald_c	0.0	0.0	0.0	Inf	Inf
GLYCtex_f	btal_c	-0.0	-527.0443385716718	0.0	-0.0	Inf
GLYCtex_f	for_c	-0.0	-7.715352212394318	0.0020597824484709687	-0.0	0.0
GLYCtex_f	dcyt_c	-0.0	-0.021971572549503205	0.0	-0.0	Inf
GLYCtex_f	fru_c	-0.0	-5.796348717801151	0.0	-0.0	Inf
GLYCtex_f	ca2_c	-0.0	-0.004370634988958955	999.995629365011	-0.0	0.0
GLYCtex_f	g3pe_c	-0.0	0.0	0.0	Inf	Inf
GLYCtex_f	g3pi_c	0.0	0.0	0.0	Inf	Inf
GLYCtex_f	cbm_c	-0.0	-3.857676106197159	0.0	-0.0	Inf
GLYCtex_f	dha_c	-0.0	-87.84072309527868	0.0	-0.0	Inf
GLYCtex_f	gal_c	-0.0	0.0	0.0	Inf	Inf
GLYCtex_f	dhgly_c	-0.0	-0.00018725294957346232	0.00413856351929856	-0.0	0.0
GLYCtex_f	dhmptp_c	0.0	0.0	0.0	Inf	Inf
GLYCtex_f	gcald_c	-0.0	-2.4849709163395346	0.0005617588485620217	-0.0	0.0
GLYCtex_f	dhptd_c	-0.0	-47.70795898119962	0.0003761852978257135	-0.0	0.0
GLYCtex_f	cechddd_c	-0.0	0.0	0.0	Inf	Inf
GLYCtex_f	dhptdn_c	0.0	0.0	0.0	Inf	Inf
GLYCtex_f	chol_c	0.0	0.0	0.0	Inf	Inf
GLYCtex_f	chtbs6p_c	-0.0	0.0	0.0	Inf	Inf
GLYCtex_f	dmbzid_c	0.0	0.0	0.0	Inf	Inf
GLYCtex_f	dms_c	0.0	0.0	0.0	Inf	Inf
GLYCtex_f	dmso_c	0.0	0.0	0.0	Inf	Inf
GLYCtex_f	cl_c	-0.0	-0.00437063498892319	999.995629365011	-0.0	0.0
GLYCtex_f	glc__D_c	-0.0	-5.796348717801151	0.0	-0.0	Inf
GLYCtex_f	co2_c	-0.0	-974.4683020346698	25.52963818288174	-0.0	0.0
GLYCtex_f	dscl_c	-0.0	-0.00018725294957346232	0.0016777960213372547	-0.0	0.0
GLYCtex_f	dtdp4aaddg_c	-0.0	0.0	0.0	Inf	Inf
GLYCtex_f	glyald_c	-0.0	-1000.0	0.0	-0.0	Inf
GLYCtex_f	crn_c	-0.0	-1000.0	0.0	-0.0	Inf
GLYCtex_f	duri_c	-0.0	-0.021971572549503205	0.0	-0.0	Inf
GLYCtex_f	glyb_c	0.0	0.0	0.0	Inf	Inf
GLYCtex_f	glyc_c	-0.0	-0.11674171781748571	0.0	-0.0	Inf
GLYCtex_f	dxyl_c	0.0	0.0	0.0	Inf	Inf
GLYCtex_f	glycogen_c	-0.0	-5.796348717801151	0.0	-0.0	Inf
GLYCtex_f	gmhep1p_c	-0.0	0.0	0.008868350398496918	Inf	0.0
GLYCtex_f	lipa_cold_c	-0.0	0.0	0.0	Inf	Inf
GLYCtex_f	lipidA_c	-0.0	-0.016337190075773833	0.005173204399123202	-0.0	0.0
GLYCtex_f	malt_c	0.0	0.0	0.0	Inf	Inf
GLYCtex_f	h2_c	-0.0	0.0	0.0	Inf	Inf
GLYCtex_f	malthx_c	-0.0	0.0	0.0	Inf	Inf
GLYCtex_f	maltpt_c	-0.0	0.0	0.0	Inf	Inf
GLYCtex_f	malttr_c	-0.0	0.0	0.0	Inf	Inf
GLYCtex_f	maltttr_c	-0.0	0.0	0.0	Inf	Inf
GLYCtex_f	h2o2_c	-0.0	-0.001178098153755784	4.837122132709965	-0.0	0.0
GLYCtex_f	man_c	-0.0	0.0	0.0	Inf	Inf
GLYCtex_f	mdhdhf_c	-0.0	-47.70795898119962	0.0003761852978257135	-0.0	0.0
GLYCtex_f	melib_c	-0.0	0.0	0.0	Inf	Inf
GLYCtex_f	meoh_c	-0.0	-999.9999983206013	1.679398678788857e-06	-0.0	0.0
GLYCtex_f	pacald_c	-0.0	-1000.0	0.0	-0.0	Inf
GLYCtex_f	metsox_S__L_c	-0.0	-0.09376250607738257	0.0	-0.0	Inf
GLYCtex_f	mg2_c	-0.0	-0.007284391648205317	999.9927156083518	-0.0	0.0
GLYCtex_f	hhlipa_c	-0.0	0.0	0.0	Inf	Inf
GLYCtex_f	pe120_c	-0.0	0.0	0.0	Inf	Inf
GLYCtex_f	mobd_c	-0.0	-0.00010832121298195802	30.933175834819796	-0.0	0.0
GLYCtex_f	hlipa_c	-0.0	0.0	0.0	Inf	Inf
GLYCtex_f	pg120_c	-0.0	-0.058370858908742856	0.0	-0.0	Inf
GLYCtex_f	mql8_c	0.0	0.0	0.0	Inf	Inf
GLYCtex_f	mqn8_c	-0.0	0.0	0.0	Inf	Inf
GLYCtex_f	mthgxl_c	-0.0	-90.10024516194993	0.0	-0.0	Inf
GLYCtex_f	hqn_c	0.0	0.0	0.0	Inf	Inf
GLYCtex_f	mththf_c	-0.0	-999.9996238147022	0.0003761852978257135	-0.0	0.0
GLYCtex_f	n2o_c	-0.0	-1000.0	0.0	-0.0	Inf
GLYCtex_f	na1_c	-0.0	0.0	0.0	Inf	Inf
GLYCtex_f	nac_c	-0.0	0.0	0.0	Inf	Inf
GLYCtex_f	ncam_c	-0.0	0.0	0.0	Inf	Inf
GLYCtex_f	ni2_c	-0.0	-0.0002712228821176158	999.9997287771179	-0.0	0.0
GLYCtex_f	no_c	-0.0	-1000.0	0.0	-0.0	Inf
GLYCtex_f	indole_c	-0.0	-0.04773102875607317	0.0051732043991232005	-0.0	0.0
GLYCtex_f	no2_c	-0.0	-1000.0	0.0	-0.0	Inf
GLYCtex_f	no3_c	0.0	0.0	0.0	Inf	Inf
GLYCtex_f	inost_c	0.0	0.0	0.0	Inf	Inf
GLYCtex_f	o2_c	-0.0	-23.73985853657166	976.2601414634283	-0.0	0.0
GLYCtex_f	poaac_c	-0.0	-9.06944462701108	0.0	-0.0	Inf
GLYCtex_f	ppal_c	-0.0	0.0	0.0	Inf	Inf
GLYCtex_f	k_c	-0.0	-0.16390343043087796	123.73270333927918	-0.0	0.0
GLYCtex_f	psclys_c	-0.0	0.0	0.0	Inf	Inf
GLYCtex_f	lald__D_c	-0.0	0.0	0.0	Inf	Inf
GLYCtex_f	lald__L_c	-0.0	-82.43213919072015	0.0	-0.0	Inf
GLYCtex_f	ura_c	-0.0	0.0	0.0	Inf	Inf
GLYCtex_f	pydx_c	-0.0	0.0	0.001178098153755784	Inf	0.0
GLYCtex_f	uracp_c	-0.0	-4.53472231350554	0.0	-0.0	Inf
GLYCtex_f	pydxn_c	-0.0	0.0	0.008868350398496915	Inf	0.0
GLYCtex_f	urate_c	-0.0	-0.001178098153755784	0.0	-0.0	Inf
GLYCtex_f	q8_c	0.0	0.0	0.0	Inf	Inf
GLYCtex_f	q8h2_c	-0.0	0.0	0.0	Inf	Inf
GLYCtex_f	urea_c	-0.0	-1000.0	0.0	-0.0	Inf
GLYCtex_f	uri_c	-0.0	0.0	0.007759806598684802	Inf	0.0
GLYCtex_f	rbflvrd_c	-0.0	0.0	0.0031835103994604314	Inf	0.0
GLYCtex_f	rbl__L_c	-0.0	-5.796348717801151	0.0	-0.0	Inf
GLYCtex_f	rdmbzi_c	0.0	0.0	0.0	Inf	Inf
GLYCtex_f	thptdn_c	0.0	0.0	0.0	Inf	Inf
GLYCtex_f	xan_c	-0.0	0.0	0.0	Inf	Inf
GLYCtex_f	rephaccoa_c	-0.0	-0.0004836668115442144	0.0	-0.0	Inf
GLYCtex_f	rib__D_c	-0.0	0.0	0.012415690557895685	Inf	0.0
GLYCtex_f	xtsn_c	-0.0	0.0	0.006534573977839833	Inf	0.0
GLYCtex_f	rml_c	-0.0	-5.915003270681834	0.0	-0.0	Inf
GLYCtex_f	thym_c	-0.0	-123.73270333927918	0.0	-0.0	Inf
GLYCtex_f	thymd_c	-0.0	-0.021971572549503205	0.0	-0.0	Inf
GLYCtex_f	xu5p__L_c	-0.0	-0.8099999999978991	0.0	-0.0	Inf
GLYCtex_f	rmn_c	-0.0	-5.915003270681834	0.0	-0.0	Inf
GLYCtex_f	xyl__D_c	0.0	0.0	0.0	Inf	Inf
GLYCtex_f	tmao_c	0.0	0.0	0.0	Inf	Inf
GLYCtex_f	xylu__D_c	-0.0	0.0	0.0	Inf	Inf
GLYCtex_f	xylu__L_c	-0.0	-5.796348717801151	0.0	-0.0	Inf
GLYCtex_f	12ppd__R_e	-0.0	-1000.0	0.0	-0.0	Inf
GLYCtex_f	12ppd__S_e	-0.0	-1000.0	0.0	-0.0	Inf
GLYCtex_f	tre_c	-0.0	-2.8981743589005755	0.0	-0.0	Inf
GLYCtex_f	seln_c	0.0	0.0	0.0	Inf	Inf
GLYCtex_f	34dhpac_e	-0.0	-1000.0	0.0	-0.0	Inf
GLYCtex_f	slnt_c	0.0	0.0	0.0	Inf	Inf
GLYCtex_f	so2_c	0.0	0.0	0.0	Inf	Inf
GLYCtex_f	so3_c	-0.0	-0.20813795119593026	6.186635166963959	-0.0	0.0
GLYCtex_f	so4_c	-0.0	-0.21178056686969565	123.73270333927918	-0.0	0.0
GLYCtex_f	4hoxpacd_e	-0.0	-1000.0	0.0	-0.0	Inf
GLYCtex_f	5mtr_e	-0.0	0.0	0.0	Inf	Inf
GLYCtex_f	LalaDgluMdap_e	-0.0	-1000.0	0.0	-0.0	Inf
GLYCtex_f	ac_e	-0.0	0.0	0.0	Inf	Inf
GLYCtex_f	acald_e	-0.0	-1000.0	0.0	-0.0	Inf
GLYCtex_f	acgal_e	-0.0	-1000.0	0.0	-0.0	Inf
GLYCtex_f	acgam_e	-0.0	-1000.0	0.0	-0.0	Inf
GLYCtex_f	acmana_e	-0.0	-1000.0	0.0	-0.0	Inf
GLYCtex_f	tagur_c	-0.0	0.0	0.0	Inf	Inf
GLYCtex_f	tartr__L_c	-0.0	-2.4849709163395346	0.0	-0.0	Inf
GLYCtex_f	ade_e	-0.0	-1000.0	0.0	-0.0	Inf
GLYCtex_f	adn_e	-0.0	-1000.0	0.0	-0.0	Inf
GLYCtex_f	all__D_e	-0.0	-1000.0	0.0	-0.0	Inf
GLYCtex_f	cl_e	-0.0	-0.004370634988958955	999.995629365011	-0.0	0.0
GLYCtex_f	alltn_e	-0.0	0.0	0.0	Inf	Inf
GLYCtex_f	cm_e	-0.0	-1000.0	0.0	-0.0	Inf
GLYCtex_f	co2_e	-0.0	-974.4683020346698	25.53169796533018	-0.0	0.0
GLYCtex_f	arab__L_e	-0.0	-1000.0	0.0	-0.0	Inf
GLYCtex_f	arbt_e	-0.0	-1000.0	0.0	-0.0	Inf
GLYCtex_f	unagamu_c	-0.0	0.0	0.0013795211730995205	Inf	0.0
GLYCtex_f	crn_e	-0.0	-1000.0	0.0	-0.0	Inf
GLYCtex_f	csn_e	-0.0	-1000.0	0.0	-0.0	Inf
GLYCtex_f	cyan_e	-0.0	-1000.0	0.0	-0.0	Inf
GLYCtex_f	glyb_e	-0.0	-1000.0	0.0	-0.0	Inf
GLYCtex_f	glyc_e	-0.0	-1000.0	0.0	-0.0	Inf
GLYCtex_f	cytd_e	-0.0	-1000.0	0.0	-0.0	Inf
GLYCtex_f	ca2_e	-0.0	-0.004370634988958955	999.995629365011	-0.0	0.0
GLYCtex_f	dad_2_e	-0.0	-1000.0	0.0	-0.0	Inf
GLYCtex_f	dcyt_e	-0.0	-1000.0	0.0	-0.0	Inf
GLYCtex_f	chol_e	-0.0	-1000.0	0.0	-0.0	Inf
GLYCtex_f	dha_e	-0.0	-1000.0	0.0	-0.0	Inf
GLYCtex_f	ppal_e	-0.0	-1000.0	0.0	-0.0	Inf
GLYCtex_f	h2_e	-0.0	-1000.0	0.0	-0.0	Inf
GLYCtex_f	dms_e	-0.0	-1000.0	0.0	-0.0	Inf
GLYCtex_f	dmso_e	-0.0	-1000.0	0.0	-0.0	Inf
GLYCtex_f	h2o2_e	-0.0	-1000.0	0.0	-0.0	Inf
GLYCtex_f	psclys_e	-0.0	-1000.0	0.0	-0.0	Inf
GLYCtex_f	duri_e	-0.0	-1000.0	0.0	-0.0	Inf
GLYCtex_f	pydx_e	-0.0	-1000.0	0.0	-0.0	Inf
GLYCtex_f	pydxn_e	-0.0	-1000.0	0.0	-0.0	Inf
GLYCtex_f	etoh_e	-0.0	-1000.0	0.0	-0.0	Inf
GLYCtex_f	fald_e	-0.0	0.0	0.0	Inf	Inf
GLYCtex_f	rib__D_e	-0.0	-1000.0	0.0	-0.0	Inf
GLYCtex_f	rmn_e	-0.0	-1000.0	0.0	-0.0	Inf
GLYCtex_f	indole_e	-0.0	-1000.0	0.0	-0.0	Inf
GLYCtex_f	inost_e	-0.0	-1000.0	0.0	-0.0	Inf
GLYCtex_f	sbt__D_e	-0.0	-40.357401478790074	0.0	-0.0	Inf
GLYCtex_f	k_e	-0.0	-0.16390343043087796	999.8360965695691	-0.0	0.0
GLYCtex_f	for_e	-0.0	0.0	0.0020597824484709687	Inf	0.0
GLYCtex_f	slnt_e	-0.0	0.0	1000.0	Inf	0.0
GLYCtex_f	fru_e	-0.0	-1000.0	0.0	-0.0	Inf
GLYCtex_f	so2_e	-0.0	-1000.0	0.0	-0.0	Inf
GLYCtex_f	so3_e	-0.0	-1000.0	0.0	-0.0	Inf
GLYCtex_f	so4_e	-0.0	-0.21178056686972013	999.7882194331303	-0.0	0.0
GLYCtex_f	lipa_cold_e	-0.0	-1000.0	0.0	-0.0	Inf
GLYCtex_f	sucr_e	-0.0	-1000.0	0.0	-0.0	Inf
GLYCtex_f	g3pe_e	-0.0	-1000.0	0.0	-0.0	Inf
GLYCtex_f	malt_e	-0.0	-1000.0	0.0	-0.0	Inf
GLYCtex_f	tartr__L_e	-0.0	-1000.0	0.0	-0.0	Inf
GLYCtex_f	g3pi_e	-0.0	-1000.0	0.0	-0.0	Inf
GLYCtex_f	malthx_e	-0.0	-1000.0	0.0	-0.0	Inf
GLYCtex_f	maltpt_e	-0.0	-1000.0	0.0	-0.0	Inf
GLYCtex_f	gal_e	-0.0	-1000.0	0.0	-0.0	Inf
GLYCtex_f	gal_bD_e	-0.0	-1000.0	0.0	-0.0	Inf
GLYCtex_f	malttr_e	-0.0	-1000.0	0.0	-0.0	Inf
GLYCtex_f	maltttr_e	-0.0	-1000.0	0.0	-0.0	Inf
GLYCtex_f	man_e	-0.0	-1000.0	0.0	-0.0	Inf
GLYCtex_f	thym_e	-0.0	-1000.0	0.0	-0.0	Inf
GLYCtex_f	thymd_e	-0.0	-1000.0	0.0	-0.0	Inf
GLYCtex_f	galt_e	-0.0	-5.915003270681834	0.0	-0.0	Inf
GLYCtex_f	melib_e	-0.0	-1000.0	0.0	-0.0	Inf
GLYCtex_f	meoh_e	-0.0	-999.9999983206013	1.679398678788857e-06	-0.0	0.0
GLYCtex_f	tmao_e	-0.0	-1000.0	0.0	-0.0	Inf
GLYCtex_f	tre_e	-0.0	-1000.0	0.0	-0.0	Inf
GLYCtex_f	metsox_S__L_e	-0.0	-1000.0	0.0	-0.0	Inf
GLYCtex_f	glc__D_e	-0.0	-43.53157912318929	0.031039226394739217	-0.0	0.0
GLYCtex_f	mg2_e	-0.0	-0.007284391648227029	999.9927156083518	-0.0	0.0
GLYCtex_f	mnl_e	-0.0	-1000.0	0.0	-0.0	Inf
GLYCtex_f	mobd_e	-0.0	-0.0001083212130197353	999.999891678787	-0.0	0.0
GLYCtex_f	glyald_e	-0.0	-1000.0	0.0	-0.0	Inf
GLYCtex_f	n2o_e	-0.0	-1000.0	0.0	-0.0	Inf
GLYCtex_f	na1_e	-0.0	0.0	1000.0	Inf	0.0
GLYCtex_f	nac_e	-0.0	-1000.0	0.0	-0.0	Inf
GLYCtex_f	ni2_e	-0.0	-0.0002712228821337703	999.9997287771179	-0.0	0.0
GLYCtex_f	no_e	-0.0	-1000.0	0.0	-0.0	Inf
GLYCtex_f	no2_e	-0.0	-1000.0	0.0	-0.0	Inf
GLYCtex_f	ura_e	-0.0	-1000.0	0.0	-0.0	Inf
GLYCtex_f	no3_e	-0.0	-1000.0	0.0	-0.0	Inf
GLYCtex_f	urea_e	-0.0	-1000.0	0.0	-0.0	Inf
GLYCtex_f	novbcn_e	-0.0	-1000.0	0.0	-0.0	Inf
GLYCtex_f	uri_e	-0.0	-1000.0	0.0	-0.0	Inf
GLYCtex_f	o2_e	-0.0	-23.73985853657166	976.2601414634283	-0.0	0.0
GLYCtex_f	xan_e	-0.0	0.0	0.0	Inf	Inf
GLYCtex_f	xtsn_e	-0.0	-1000.0	0.0	-0.0	Inf
GLYCtex_f	xyl__D_e	-0.0	-1000.0	0.0	-0.0	Inf
GLYCtex_f	xylu__L_e	-0.0	-1000.0	0.0	-0.0	Inf
GLYCtex_f	pacald_e	-0.0	-1000.0	0.0	-0.0	Inf
GLYCtex_f	12dgr120_p	-0.0	0.0	0.0	Inf	Inf
GLYCtex_f	12dgr140_p	-0.0	0.0	0.0	Inf	Inf
GLYCtex_f	12dgr160_p	-0.0	-0.05358457275372075	0.0	-0.0	Inf
GLYCtex_f	12dgr180_p	-0.0	0.0	0.0	Inf	Inf
GLYCtex_f	12ppd__R_p	-0.0	-1000.0	0.0	-0.0	Inf
GLYCtex_f	12ppd__S_p	-0.0	0.0	0.0	Inf	Inf
GLYCtex_f	chol_p	-0.0	-1000.0	0.0	-0.0	Inf
GLYCtex_f	cl_p	-0.0	-0.004370634988958955	999.995629365011	-0.0	0.0
GLYCtex_f	34dhpac_p	-0.0	-1000.0	0.0	-0.0	Inf
GLYCtex_f	cm_p	-0.0	0.0	0.0	Inf	Inf
GLYCtex_f	4hoxpacd_p	-0.0	-1000.0	0.0	-0.0	Inf
GLYCtex_f	co2_p	-0.0	-974.4683020346698	25.53169796533018	-0.0	0.0
GLYCtex_f	5mtr_p	-0.0	0.0	0.0	Inf	Inf
GLYCtex_f	LalaDgluMdap_p	-0.0	-0.023333564855369377	0.0	-0.0	Inf
GLYCtex_f	gal_p	-0.0	-1000.0	0.0	-0.0	Inf
GLYCtex_f	ac_p	-0.0	-7.715352212394318	0.0	-0.0	Inf
GLYCtex_f	crn_p	-0.0	-1000.0	0.0	-0.0	Inf
GLYCtex_f	gal_bD_p	-0.0	-1000.0	0.0	-0.0	Inf
GLYCtex_f	acald_p	-0.0	-1000.0	0.0	-0.0	Inf
GLYCtex_f	acgal_p	-0.0	-1000.0	0.0	-0.0	Inf
GLYCtex_f	csn_p	-0.0	0.0	0.0	Inf	Inf
GLYCtex_f	acgam_p	-0.0	-1000.0	0.0	-0.0	Inf
GLYCtex_f	galt_p	-0.0	-5.915003270681834	0.0	-0.0	Inf
GLYCtex_f	acmana_p	-0.0	-1000.0	0.0	-0.0	Inf
GLYCtex_f	cyan_p	-0.0	0.0	0.0	Inf	Inf
GLYCtex_f	ade_p	-0.0	-1000.0	0.0	-0.0	Inf
GLYCtex_f	adn_p	-0.0	0.0	0.0005651176460500589	Inf	0.0
GLYCtex_f	cytd_p	-0.0	-0.1347927342164602	0.0	-0.0	Inf
GLYCtex_f	glc__D_p	-0.0	-43.53157912318929	0.031039226394739217	-0.0	0.0
GLYCtex_f	dad_2_p	-0.0	-1000.0	0.0	-0.0	Inf
GLYCtex_f	dcyt_p	-0.0	-1000.0	0.0	-0.0	Inf
GLYCtex_f	all__D_p	-0.0	0.0	0.0	Inf	Inf
GLYCtex_f	alltn_p	-0.0	0.0	0.0	Inf	Inf
GLYCtex_f	dha_p	-0.0	-1000.0	0.0	-0.0	Inf
GLYCtex_f	glyald_p	-0.0	-1000.0	0.0	-0.0	Inf
GLYCtex_f	glyb_p	0.0	0.0	0.0	Inf	Inf
GLYCtex_f	dms_p	-0.0	-1000.0	0.0	-0.0	Inf
GLYCtex_f	glyc_p	-0.0	-0.11674171781748571	0.0	-0.0	Inf
GLYCtex_f	dmso_p	-0.0	-1000.0	0.0	-0.0	Inf
GLYCtex_f	arab__L_p	-0.0	0.0	0.0	Inf	Inf
GLYCtex_f	arbt_p	0.0	0.0	0.0	Inf	Inf
GLYCtex_f	ca2_p	-0.0	-0.004370634988958955	999.995629365011	-0.0	0.0
GLYCtex_f	duri_p	-0.0	-1000.0	0.0	-0.0	Inf
GLYCtex_f	h2_p	-0.0	-1000.0	0.0	-0.0	Inf
GLYCtex_f	h2o2_p	-0.0	-1000.0	0.0	-0.0	Inf
GLYCtex_f	etoh_p	-0.0	-1000.0	0.0	-0.0	Inf
GLYCtex_f	fald_p	-0.0	0.0	0.0	Inf	Inf
GLYCtex_f	n2o_p	-0.0	-1000.0	0.0	-0.0	Inf
GLYCtex_f	na1_p	-0.0	0.0	0.0	Inf	Inf
GLYCtex_f	indole_p	-0.0	0.0	0.0051732043991232005	Inf	0.0
GLYCtex_f	nac_p	-0.0	-1000.0	0.0	-0.0	Inf
GLYCtex_f	ni2_p	-0.0	-0.0002712228821337703	999.9997287771179	-0.0	0.0
GLYCtex_f	inost_p	-0.0	-1000.0	0.0	-0.0	Inf
GLYCtex_f	no_p	-0.0	-1000.0	0.0	-0.0	Inf
GLYCtex_f	no2_p	-0.0	-1000.0	0.0	-0.0	Inf
GLYCtex_f	for_p	-0.0	-7.715352212394318	0.0020597824484709687	-0.0	0.0
GLYCtex_f	fru_p	-0.0	-1000.0	0.0	-0.0	Inf
GLYCtex_f	no3_p	-0.0	0.0	0.0	Inf	Inf
GLYCtex_f	k_p	-0.0	-0.16390343043087796	999.8360965695691	-0.0	0.0
GLYCtex_f	novbcn_p	-0.0	0.0	0.0	Inf	Inf
GLYCtex_f	o2_p	-0.0	-23.73985853657166	976.2601414634283	-0.0	0.0
GLYCtex_f	lipa_cold_p	-0.0	-30.933175834819796	0.0	-0.0	Inf
GLYCtex_f	g3pe_p	-0.0	0.0	0.0	Inf	Inf
GLYCtex_f	g3pi_p	-0.0	0.0	0.0	Inf	Inf
GLYCtex_f	so3_p	-0.0	-1000.0	0.0	-0.0	Inf
GLYCtex_f	so4_p	-0.0	-0.21178056686969565	999.7882194331303	-0.0	0.0
GLYCtex_f	malt_p	0.0	0.0	0.0	Inf	Inf
GLYCtex_f	malthx_p	0.0	0.0	0.0	Inf	Inf
GLYCtex_f	maltpt_p	0.0	0.0	0.0	Inf	Inf
GLYCtex_f	sucr_p	-0.0	-1000.0	0.0	-0.0	Inf
GLYCtex_f	malttr_p	0.0	0.0	0.0	Inf	Inf
GLYCtex_f	maltttr_p	0.0	0.0	0.0	Inf	Inf
GLYCtex_f	pacald_p	-0.0	-1000.0	0.0	-0.0	Inf
GLYCtex_f	man_p	-0.0	-1000.0	0.0	-0.0	Inf
GLYCtex_f	tartr__L_p	-0.0	-1000.0	0.0	-0.0	Inf
GLYCtex_f	pe120_p	-0.0	0.0	0.0	Inf	Inf
GLYCtex_f	melib_p	-0.0	-1000.0	0.0	-0.0	Inf
GLYCtex_f	meoh_p	-0.0	-999.9999983206013	1.679398678788857e-06	-0.0	0.0
GLYCtex_f	thym_p	-0.0	-1000.0	0.0	-0.0	Inf
GLYCtex_f	thymd_p	-0.0	-0.021971572549503205	0.0	-0.0	Inf
GLYCtex_f	pg120_p	-0.0	-0.058370858908742856	0.0	-0.0	Inf
GLYCtex_f	metsox_S__L_p	-0.0	-1000.0	0.0	-0.0	Inf
GLYCtex_f	tmao_p	-0.0	-1000.0	0.0	-0.0	Inf
GLYCtex_f	mg2_p	-0.0	-0.007284391648205317	999.9927156083518	-0.0	0.0
GLYCtex_f	tre_p	-0.0	0.0	0.0	Inf	Inf
GLYCtex_f	mnl_p	-0.0	0.0	0.0	Inf	Inf
GLYCtex_f	mobd_p	-0.0	-0.0001083212130197353	999.999891678787	-0.0	0.0
GLYCtex_f	ura_p	-0.0	-1000.0	0.0	-0.0	Inf
GLYCtex_f	urea_p	-0.0	-1000.0	0.0	-0.0	Inf
GLYCtex_f	uri_p	-0.0	0.0	0.0	Inf	Inf
GLYCtex_f	xan_p	-0.0	0.0	0.0	Inf	Inf
GLYCtex_f	xtsn_p	-0.0	0.0	0.0	Inf	Inf
GLYCtex_f	xyl__D_p	-0.0	0.0	0.0	Inf	Inf
GLYCtex_f	xylu__L_p	-0.0	-1000.0	0.0	-0.0	Inf
GLYCtex_f	ppal_p	-0.0	-1000.0	0.0	-0.0	Inf
GLYCtex_f	psclys_p	-0.0	-1000.0	0.0	-0.0	Inf
GLYCtex_f	pydx_p	-0.0	0.0	0.0	Inf	Inf
GLYCtex_f	pydxn_p	-0.0	0.0	0.0	Inf	Inf
GLYCtex_f	rib__D_p	-0.0	-1000.0	0.0	-0.0	Inf
GLYCtex_f	rmn_p	-0.0	-1000.0	0.0	-0.0	Inf
GLYCtex_f	sbt__D_p	-0.0	-40.357401478790074	0.0	-0.0	Inf
GLYCtex_f	slnt_p	-0.0	0.0	0.0	Inf	Inf
GLYCtex_f	so2_p	-0.0	-1000.0	0.0	-0.0	Inf
