Reaction	Metabolite	ShadowPrice	G-	G+	DecrementalShadowPrice	IncrementalShadowPrice
DKGLCNR2x	12dgr120_c	-0.0	0.0	0.0	Inf	Inf
DKGLCNR2x	12dgr140_c	-0.0	0.0	0.0	Inf	Inf
DKGLCNR2x	12dgr160_c	-0.0	-0.012465676995589092	0.0	-0.0	Inf
DKGLCNR2x	12dgr180_c	-0.0	0.0	0.0	Inf	Inf
DKGLCNR2x	12ppd__R_c	-0.0	-1000.0	0.0	-0.0	Inf
DKGLCNR2x	12ppd__S_c	-0.0	0.0	0.0	Inf	Inf
DKGLCNR2x	5drib_c	-0.0	-999.9999564383055	4.3561694456071375e-05	-0.0	0.0
DKGLCNR2x	5mta_c	-0.0	0.0	0.0	Inf	Inf
DKGLCNR2x	23dhacoa_c	-0.0	-0.00011251809883106034	0.0	-0.0	Inf
DKGLCNR2x	5mtr_c	-0.0	0.0	0.0	Inf	Inf
DKGLCNR2x	3amac_c	-0.0	-1.7948637062185016	0.0	-0.0	Inf
DKGLCNR2x	LalaDgluMdap_c	-0.0	-0.0054282168858534145	0.0	-0.0	Inf
DKGLCNR2x	ac_c	-0.0	-0.8443992993047514	0.11380189893588977	-0.0	0.0
DKGLCNR2x	acald_c	-0.0	-0.8443992993047514	0.46445485446568013	-0.0	0.0
DKGLCNR2x	acetol_c	-0.0	0.0	0.00031762921573381313	Inf	0.0
DKGLCNR2x	acgam_c	-0.0	-0.018457656438480494	0.0	-0.0	Inf
DKGLCNR2x	acgam6p_c	-0.0	-0.018457656438480494	0.0	-0.0	Inf
DKGLCNR2x	acmalt_c	0.0	0.0	0.0	Inf	Inf
DKGLCNR2x	acmana_c	-0.0	-0.018457656438480494	0.0	-0.0	Inf
DKGLCNR2x	2dmmq8_c	-0.0	0.0	0.0	Inf	Inf
DKGLCNR2x	2dmmql8_c	0.0	0.0	0.0	Inf	Inf
DKGLCNR2x	ade_c	-0.0	-0.021332142242044938	0.00013068508336821412	-0.0	0.0
DKGLCNR2x	adn_c	-0.0	-0.021332142242044952	0.00013068508336821412	-0.0	0.0
DKGLCNR2x	3sala_c	0.0	0.0	0.0	Inf	Inf
DKGLCNR2x	adphep_DD_c	-0.0	0.0	0.0	Inf	Inf
DKGLCNR2x	adphep_LD_c	-0.0	0.0	0.0	Inf	Inf
DKGLCNR2x	4ahmmp_c	0.0	0.0	0.0	Inf	Inf
DKGLCNR2x	4crsol_c	-0.0	-999.9999564383055	4.3561694456071375e-05	-0.0	0.0
DKGLCNR2x	2ohph_c	-0.0	-4.3561694456071375e-05	0.015531931486986018	-0.0	0.0
DKGLCNR2x	2ombzl_c	-0.0	0.0	0.0	Inf	Inf
DKGLCNR2x	2omhmbl_c	-0.0	0.0	0.0	Inf	Inf
DKGLCNR2x	2ommbl_c	0.0	0.0	0.0	Inf	Inf
DKGLCNR2x	2omph_c	-0.0	0.0	0.01397873833828745	Inf	0.0
DKGLCNR2x	4mhetz_c	0.0	0.0	0.0	Inf	Inf
DKGLCNR2x	2oph_c	-0.0	-4.3561694456071375e-05	0.015548704631140452	-0.0	0.0
DKGLCNR2x	2oxpaccoa_c	-0.0	-0.00011251809883106034	0.0	-0.0	Inf
DKGLCNR2x	all__D_c	-0.0	-2.7528319568230013	0.0	-0.0	Inf
DKGLCNR2x	alltn_c	-0.0	-0.44871592655462916	0.0	-0.0	Inf
DKGLCNR2x	4r5au_c	-0.0	-8.712338967598043e-05	0.09349415901581865	-0.0	0.0
DKGLCNR2x	56dura_c	0.0	0.0	0.0	Inf	Inf
DKGLCNR2x	arab__L_c	-0.0	-2.752831956823003	0.0	-0.0	Inf
DKGLCNR2x	etoh_c	-0.0	-1000.0	0.0	-0.0	Inf
DKGLCNR2x	csn_c	-0.0	0.0	0.03006108536544616	Inf	0.0
DKGLCNR2x	fald_c	-0.0	0.0	0.0	Inf	Inf
DKGLCNR2x	fc1p_c	-0.0	-0.18843480218198064	0.0	-0.0	Inf
DKGLCNR2x	fcl__L_c	-0.0	0.0	0.0	Inf	Inf
DKGLCNR2x	aso4_c	0.0	0.0	0.0	Inf	Inf
DKGLCNR2x	cyan_c	0.0	0.0	0.0	Inf	Inf
DKGLCNR2x	athtp_c	0.0	0.0	0.0	Inf	Inf
DKGLCNR2x	cytd_c	-0.0	0.0	0.0	Inf	Inf
DKGLCNR2x	dad_2_c	-0.0	-0.02133214224204495	0.0	-0.0	Inf
DKGLCNR2x	dad_5_c	-0.0	-0.021332142242044938	4.3561694456071375e-05	-0.0	0.0
DKGLCNR2x	betald_c	0.0	0.0	0.0	Inf	Inf
DKGLCNR2x	btal_c	-0.0	-419.94763073048625	0.0	-0.0	Inf
DKGLCNR2x	for_c	-0.0	-0.021332142242044938	0.00047917864108981266	-0.0	0.0
DKGLCNR2x	dcyt_c	-0.0	-0.005111369045459926	0.0	-0.0	Inf
DKGLCNR2x	fru_c	-0.0	0.0	0.0	Inf	Inf
DKGLCNR2x	ca2_c	-0.0	-0.001016765110534834	999.9989832348895	-0.0	0.0
DKGLCNR2x	g3pe_c	-0.0	-0.1884348021819773	0.0	-0.0	Inf
DKGLCNR2x	g3pi_c	0.0	0.0	0.0	Inf	Inf
DKGLCNR2x	cbm_c	-0.0	-0.897431853109254	0.0	-0.0	Inf
DKGLCNR2x	dha_c	-0.0	-69.9912717884143	0.3428119163913346	-0.0	0.0
DKGLCNR2x	gal_c	-0.0	0.0	0.0	Inf	Inf
DKGLCNR2x	dhgly_c	-0.0	-4.3561694456071375e-05	0.06206077796739681	-0.0	0.0
DKGLCNR2x	dhmptp_c	0.0	0.0	0.0	Inf	Inf
DKGLCNR2x	gcald_c	-0.0	-0.5780922056458166	0.0001306850831497286	-0.0	0.0
DKGLCNR2x	dhptd_c	-0.0	-13.140440817378966	8.712338891214275e-05	-0.0	0.0
DKGLCNR2x	cechddd_c	-0.0	0.0	0.0	Inf	Inf
DKGLCNR2x	dhptdn_c	0.0	0.0	0.0	Inf	Inf
DKGLCNR2x	chol_c	0.0	0.0	0.0	Inf	Inf
DKGLCNR2x	chtbs6p_c	-0.0	0.0	0.0	Inf	Inf
DKGLCNR2x	dmbzid_c	0.0	0.0	0.0	Inf	Inf
DKGLCNR2x	dms_c	0.0	0.0	0.0	Inf	Inf
DKGLCNR2x	dmso_c	0.0	0.0	0.0	Inf	Inf
DKGLCNR2x	cl_c	-0.0	-0.001016765110510545	999.9989832348895	-0.0	0.0
DKGLCNR2x	glc__D_c	-0.0	-2.7528319568230013	0.0	-0.0	Inf
DKGLCNR2x	co2_c	-0.0	-996.0185386207005	3.9814613792995033	-0.0	0.0
DKGLCNR2x	dscl_c	-0.0	-4.3561694456071375e-05	0.01853037385899095	-0.0	0.0
DKGLCNR2x	dtdp4aaddg_c	-0.0	0.0	0.0	Inf	Inf
DKGLCNR2x	glyald_c	-0.0	-1000.0	0.0	-0.0	Inf
DKGLCNR2x	crn_c	-0.0	-1000.0	0.0	-0.0	Inf
DKGLCNR2x	duri_c	-0.0	-0.005111369045459926	0.0	-0.0	Inf
DKGLCNR2x	glyb_c	0.0	0.0	0.0	Inf	Inf
DKGLCNR2x	glyc_c	-0.0	-59.99251867578372	0.29383878547828723	-0.0	0.0
DKGLCNR2x	dxyl_c	0.0	0.0	0.0	Inf	Inf
DKGLCNR2x	glycogen_c	-0.0	-0.6844022745167422	0.0	-0.0	Inf
DKGLCNR2x	gmhep1p_c	-0.0	0.0	0.13089182262214605	Inf	0.0
DKGLCNR2x	lipa_cold_c	-0.0	0.0	0.0	Inf	Inf
DKGLCNR2x	lipidA_c	-0.0	-0.003800611333351232	0.011782406291682536	-0.0	0.0
DKGLCNR2x	malt_c	0.0	0.0	0.0	Inf	Inf
DKGLCNR2x	h2_c	-0.0	0.0	0.0	Inf	Inf
DKGLCNR2x	malthx_c	-0.0	0.0	0.0	Inf	Inf
DKGLCNR2x	maltpt_c	-0.0	0.0	0.0	Inf	Inf
DKGLCNR2x	malttr_c	-0.0	0.0	0.0	Inf	Inf
DKGLCNR2x	maltttr_c	-0.0	0.0	0.0	Inf	Inf
DKGLCNR2x	h2o2_c	-0.0	-0.00031762921573381313	0.20352551079145087	-0.0	0.0
DKGLCNR2x	man_c	-0.0	0.0	0.0	Inf	Inf
DKGLCNR2x	mdhdhf_c	-0.0	-13.140440817378966	8.712338891214275e-05	-0.0	0.0
DKGLCNR2x	melib_c	-0.0	0.0	0.0	Inf	Inf
DKGLCNR2x	meoh_c	-0.0	-1000.0	0.0	-0.0	Inf
DKGLCNR2x	pacald_c	-0.0	-1000.0	0.0	-0.0	Inf
DKGLCNR2x	metsox_S__L_c	-0.0	-0.021332142242044938	0.0	-0.0	Inf
DKGLCNR2x	mg2_c	-0.0	-0.0016946085174822656	999.9983053914825	-0.0	0.0
DKGLCNR2x	hhlipa_c	-0.0	0.0	0.0	Inf	Inf
DKGLCNR2x	pe120_c	-0.0	0.0	0.0	Inf	Inf
DKGLCNR2x	mobd_c	-0.0	-2.519936583667004e-05	3.599525122109028	-0.0	0.0
DKGLCNR2x	hlipa_c	-0.0	0.0	0.0	Inf	Inf
DKGLCNR2x	pg120_c	-0.0	-0.015202445333404929	0.0	-0.0	Inf
DKGLCNR2x	mql8_c	0.0	0.0	0.0	Inf	Inf
DKGLCNR2x	mqn8_c	-0.0	0.0	0.0	Inf	Inf
DKGLCNR2x	mthgxl_c	-0.0	0.0	0.00031762921573381313	Inf	0.0
DKGLCNR2x	hqn_c	0.0	0.0	0.0	Inf	Inf
DKGLCNR2x	mththf_c	-0.0	-999.9999128766111	8.712338891214275e-05	-0.0	0.0
DKGLCNR2x	n2o_c	-0.0	-1000.0	0.0	-0.0	Inf
DKGLCNR2x	na1_c	-0.0	0.0	0.0	Inf	Inf
DKGLCNR2x	nac_c	-0.0	0.0	0.0	Inf	Inf
DKGLCNR2x	ncam_c	-0.0	0.0	0.0	Inf	Inf
DKGLCNR2x	ni2_c	-0.0	-6.309608658883881e-05	999.9999369039134	-0.0	0.0
DKGLCNR2x	no_c	-0.0	-1000.0	0.0	-0.0	Inf
DKGLCNR2x	indole_c	-0.0	-0.011103934520028991	0.0979462618260956	-0.0	0.0
DKGLCNR2x	no2_c	-0.0	-1000.0	0.0	-0.0	Inf
DKGLCNR2x	no3_c	0.0	0.0	0.0	Inf	Inf
DKGLCNR2x	inost_c	0.0	0.0	0.0	Inf	Inf
DKGLCNR2x	o2_c	-0.0	-5.564616985586085	994.4353830144139	-0.0	0.0
DKGLCNR2x	poaac_c	-0.0	-1.1075461914181595	0.0	-0.0	Inf
DKGLCNR2x	ppal_c	-0.0	0.0	0.0	Inf	Inf
DKGLCNR2x	k_c	-0.0	-0.038129766035694956	14.39810048843607	-0.0	0.0
DKGLCNR2x	psclys_c	-0.0	0.0	0.0	Inf	Inf
DKGLCNR2x	lald__D_c	-0.0	0.0	0.00031762921573381313	Inf	0.0
DKGLCNR2x	lald__L_c	-0.0	-1.4046380472603741	0.0	-0.0	Inf
DKGLCNR2x	ura_c	-0.0	0.0	0.0	Inf	Inf
DKGLCNR2x	pydx_c	-0.0	0.0	0.12306068793535127	Inf	0.0
DKGLCNR2x	uracp_c	-0.0	-1.0549362894671503	0.0	-0.0	Inf
DKGLCNR2x	pydxn_c	-0.0	0.0	0.11611371361641985	Inf	0.0
DKGLCNR2x	urate_c	-0.0	-0.00031762921573381313	0.0	-0.0	Inf
DKGLCNR2x	q8_c	-0.0	0.0	0.0	Inf	Inf
DKGLCNR2x	q8h2_c	0.0	0.0	0.0	Inf	Inf
DKGLCNR2x	urea_c	-0.0	-1000.0	0.0	-0.0	Inf
DKGLCNR2x	uri_c	-0.0	0.0	0.0	Inf	Inf
DKGLCNR2x	rbflvrd_c	-0.0	0.0	0.010666071121022493	Inf	0.0
DKGLCNR2x	rbl__L_c	-0.0	-2.752831956823003	0.0	-0.0	Inf
DKGLCNR2x	rdmbzi_c	0.0	0.0	0.0	Inf	Inf
DKGLCNR2x	thptdn_c	0.0	0.0	0.0	Inf	Inf
DKGLCNR2x	xan_c	-0.0	-0.021332142242044938	0.0	-0.0	Inf
DKGLCNR2x	rephaccoa_c	-0.0	-0.00011251809883106034	0.0	-0.0	Inf
DKGLCNR2x	rib__D_c	-0.0	0.0	0.19456892551940647	Inf	0.0
DKGLCNR2x	xtsn_c	-0.0	0.0	0.0	Inf	Inf
DKGLCNR2x	rml_c	-0.0	-1.376638475138067	0.0	-0.0	Inf
DKGLCNR2x	thym_c	-0.0	-14.39810048843607	0.0	-0.0	Inf
DKGLCNR2x	thymd_c	-0.0	-0.005111369045459926	0.0	-0.0	Inf
DKGLCNR2x	xu5p__L_c	-0.0	-0.18843480218197461	0.0	-0.0	Inf
DKGLCNR2x	rmn_c	-0.0	-1.376638475138067	0.0	-0.0	Inf
DKGLCNR2x	xyl__D_c	0.0	0.0	0.0	Inf	Inf
DKGLCNR2x	tmao_c	0.0	0.0	0.0	Inf	Inf
DKGLCNR2x	xylu__D_c	-0.0	0.0	0.0	Inf	Inf
DKGLCNR2x	xylu__L_c	-0.0	-2.752831956823003	0.0	-0.0	Inf
DKGLCNR2x	12ppd__R_e	-0.0	-1000.0	0.0	-0.0	Inf
DKGLCNR2x	12ppd__S_e	-0.0	-1000.0	0.0	-0.0	Inf
DKGLCNR2x	tre_c	-0.0	-1.3764159784115007	0.0	-0.0	Inf
DKGLCNR2x	seln_c	0.0	0.0	0.0	Inf	Inf
DKGLCNR2x	34dhpac_e	-0.0	-1000.0	0.0	-0.0	Inf
DKGLCNR2x	slnt_c	0.0	0.0	0.0	Inf	Inf
DKGLCNR2x	so2_c	0.0	0.0	0.0	Inf	Inf
DKGLCNR2x	so3_c	-0.0	-0.04841950709184405	0.7199050244218071	-0.0	0.0
DKGLCNR2x	so4_c	-0.0	-0.049266909022549044	14.39810048843607	-0.0	0.0
DKGLCNR2x	4hoxpacd_e	-0.0	-1000.0	0.0	-0.0	Inf
DKGLCNR2x	5mtr_e	-0.0	0.0	0.0	Inf	Inf
DKGLCNR2x	LalaDgluMdap_e	-0.0	-1000.0	0.0	-0.0	Inf
DKGLCNR2x	ac_e	-0.0	0.0	0.0	Inf	Inf
DKGLCNR2x	acald_e	-0.0	-1000.0	0.0	-0.0	Inf
DKGLCNR2x	acgal_e	-0.0	-1000.0	0.0	-0.0	Inf
DKGLCNR2x	acgam_e	-0.0	-1000.0	0.0	-0.0	Inf
DKGLCNR2x	acmana_e	-0.0	-1000.0	0.0	-0.0	Inf
DKGLCNR2x	tagur_c	-0.0	0.0	0.0	Inf	Inf
DKGLCNR2x	tartr__L_c	-0.0	-0.5780922056458166	0.0	-0.0	Inf
DKGLCNR2x	ade_e	-0.0	-1000.0	0.0	-0.0	Inf
DKGLCNR2x	adn_e	-0.0	-1000.0	0.0	-0.0	Inf
DKGLCNR2x	all__D_e	-0.0	-1000.0	0.0	-0.0	Inf
DKGLCNR2x	cl_e	-0.0	-0.001016765110534834	999.9989832348895	-0.0	0.0
DKGLCNR2x	alltn_e	-0.0	0.0	0.0	Inf	Inf
DKGLCNR2x	cm_e	-0.0	-1000.0	0.0	-0.0	Inf
DKGLCNR2x	co2_e	-0.0	-996.0185386207005	3.9814613792995033	-0.0	0.0
DKGLCNR2x	arab__L_e	-0.0	-1000.0	0.0	-0.0	Inf
DKGLCNR2x	arbt_e	-0.0	-1000.0	0.0	-0.0	Inf
DKGLCNR2x	unagamu_c	-0.0	0.0	0.01061024354343115	Inf	0.0
DKGLCNR2x	crn_e	-0.0	-1000.0	0.0	-0.0	Inf
DKGLCNR2x	csn_e	-0.0	-1000.0	0.0	-0.0	Inf
DKGLCNR2x	cyan_e	-0.0	-1000.0	0.0	-0.0	Inf
DKGLCNR2x	glyb_e	-0.0	-1000.0	0.0	-0.0	Inf
DKGLCNR2x	glyc_e	-0.0	-59.99251867578372	0.29383878547828723	-0.0	0.0
DKGLCNR2x	cytd_e	-0.0	-1000.0	0.0	-0.0	Inf
DKGLCNR2x	ca2_e	-0.0	-0.001016765110534834	999.9989832348895	-0.0	0.0
DKGLCNR2x	dad_2_e	-0.0	-1000.0	0.0	-0.0	Inf
DKGLCNR2x	dcyt_e	-0.0	-1000.0	0.0	-0.0	Inf
DKGLCNR2x	chol_e	-0.0	-1000.0	0.0	-0.0	Inf
DKGLCNR2x	dha_e	-0.0	-1000.0	0.0	-0.0	Inf
DKGLCNR2x	ppal_e	-0.0	-1000.0	0.0	-0.0	Inf
DKGLCNR2x	h2_e	-0.0	-1000.0	0.0	-0.0	Inf
DKGLCNR2x	dms_e	-0.0	-1000.0	0.0	-0.0	Inf
DKGLCNR2x	dmso_e	-0.0	-1000.0	0.0	-0.0	Inf
DKGLCNR2x	h2o2_e	-0.0	-1000.0	0.0	-0.0	Inf
DKGLCNR2x	psclys_e	-0.0	-1000.0	0.0	-0.0	Inf
DKGLCNR2x	duri_e	-0.0	-1000.0	0.0	-0.0	Inf
DKGLCNR2x	pydx_e	-0.0	-1000.0	0.0	-0.0	Inf
DKGLCNR2x	pydxn_e	-0.0	-1000.0	0.0	-0.0	Inf
DKGLCNR2x	etoh_e	-0.0	-1000.0	0.0	-0.0	Inf
DKGLCNR2x	fald_e	-0.0	0.0	0.0	Inf	Inf
DKGLCNR2x	rib__D_e	-0.0	-1000.0	0.0	-0.0	Inf
DKGLCNR2x	rmn_e	-0.0	-1000.0	0.0	-0.0	Inf
DKGLCNR2x	indole_e	-0.0	-1000.0	0.0	-0.0	Inf
DKGLCNR2x	inost_e	-0.0	-1000.0	0.0	-0.0	Inf
DKGLCNR2x	sbt__D_e	-0.0	-1.4046380472603741	0.0	-0.0	Inf
DKGLCNR2x	k_e	-0.0	-0.038129766035694956	999.9618702339643	-0.0	0.0
DKGLCNR2x	for_e	-0.0	0.0	0.00047917864108981266	Inf	0.0
DKGLCNR2x	slnt_e	-0.0	0.0	1000.0	Inf	0.0
DKGLCNR2x	fru_e	-0.0	-1000.0	0.0	-0.0	Inf
DKGLCNR2x	so2_e	-0.0	-1000.0	0.0	-0.0	Inf
DKGLCNR2x	so3_e	-0.0	-1000.0	0.0	-0.0	Inf
DKGLCNR2x	so4_e	-0.0	-0.049266909022549044	999.9507330909775	-0.0	0.0
DKGLCNR2x	lipa_cold_e	-0.0	-1000.0	0.0	-0.0	Inf
DKGLCNR2x	sucr_e	-0.0	-1000.0	0.0	-0.0	Inf
DKGLCNR2x	g3pe_e	-0.0	-1000.0	0.0	-0.0	Inf
DKGLCNR2x	malt_e	-0.0	-1000.0	0.0	-0.0	Inf
DKGLCNR2x	tartr__L_e	-0.0	-1000.0	0.0	-0.0	Inf
DKGLCNR2x	g3pi_e	-0.0	-1000.0	0.0	-0.0	Inf
DKGLCNR2x	malthx_e	-0.0	-1000.0	0.0	-0.0	Inf
DKGLCNR2x	maltpt_e	-0.0	-1000.0	0.0	-0.0	Inf
DKGLCNR2x	gal_e	-0.0	-1000.0	0.0	-0.0	Inf
DKGLCNR2x	gal_bD_e	-0.0	-1000.0	0.0	-0.0	Inf
DKGLCNR2x	malttr_e	-0.0	-1000.0	0.0	-0.0	Inf
DKGLCNR2x	maltttr_e	-0.0	-1000.0	0.0	-0.0	Inf
DKGLCNR2x	man_e	-0.0	-1000.0	0.0	-0.0	Inf
DKGLCNR2x	thym_e	-0.0	-1000.0	0.0	-0.0	Inf
DKGLCNR2x	thymd_e	-0.0	-1000.0	0.0	-0.0	Inf
DKGLCNR2x	galt_e	-0.0	-1.3766384751380658	0.0	-0.0	Inf
DKGLCNR2x	melib_e	-0.0	-1000.0	0.0	-0.0	Inf
DKGLCNR2x	meoh_e	-0.0	-1000.0	0.0	-0.0	Inf
DKGLCNR2x	tmao_e	-0.0	-1000.0	0.0	-0.0	Inf
DKGLCNR2x	tre_e	-0.0	-1000.0	0.0	-0.0	Inf
DKGLCNR2x	metsox_S__L_e	-0.0	-1000.0	0.0	-0.0	Inf
DKGLCNR2x	glc__D_e	-0.0	-1000.0	0.0	-0.0	Inf
DKGLCNR2x	mg2_e	-0.0	-0.0016946085174822656	999.9983053914825	-0.0	0.0
DKGLCNR2x	mnl_e	-0.0	-1000.0	0.0	-0.0	Inf
DKGLCNR2x	mobd_e	-0.0	-2.519936583667004e-05	999.9999748006342	-0.0	0.0
DKGLCNR2x	glyald_e	-0.0	-1000.0	0.0	-0.0	Inf
DKGLCNR2x	n2o_e	-0.0	-1000.0	0.0	-0.0	Inf
DKGLCNR2x	na1_e	-0.0	0.0	1000.0	Inf	0.0
DKGLCNR2x	nac_e	-0.0	-1000.0	0.0	-0.0	Inf
DKGLCNR2x	ni2_e	-0.0	-6.309608659194055e-05	999.9999369039134	-0.0	0.0
DKGLCNR2x	no_e	-0.0	-1000.0	0.0	-0.0	Inf
DKGLCNR2x	no2_e	-0.0	-1000.0	0.0	-0.0	Inf
DKGLCNR2x	ura_e	-0.0	-1000.0	0.0	-0.0	Inf
DKGLCNR2x	no3_e	-0.0	-1000.0	0.0	-0.0	Inf
DKGLCNR2x	urea_e	-0.0	-1000.0	0.0	-0.0	Inf
DKGLCNR2x	novbcn_e	-0.0	-1000.0	0.0	-0.0	Inf
DKGLCNR2x	uri_e	-0.0	-1000.0	0.0	-0.0	Inf
DKGLCNR2x	o2_e	-0.0	-5.564616985586099	994.4353830144139	-0.0	0.0
DKGLCNR2x	xan_e	-0.0	0.0	0.0	Inf	Inf
DKGLCNR2x	xtsn_e	-0.0	-1000.0	0.0	-0.0	Inf
DKGLCNR2x	xyl__D_e	-0.0	-1000.0	0.0	-0.0	Inf
DKGLCNR2x	xylu__L_e	-0.0	-1000.0	0.0	-0.0	Inf
DKGLCNR2x	pacald_e	-0.0	-1000.0	0.0	-0.0	Inf
DKGLCNR2x	12dgr120_p	-0.0	0.0	0.0	Inf	Inf
DKGLCNR2x	12dgr140_p	-0.0	0.0	0.0	Inf	Inf
DKGLCNR2x	12dgr160_p	-0.0	-0.012465676995589092	0.0	-0.0	Inf
DKGLCNR2x	12dgr180_p	-0.0	0.0	0.0	Inf	Inf
DKGLCNR2x	12ppd__R_p	-0.0	-1000.0	0.0	-0.0	Inf
DKGLCNR2x	12ppd__S_p	-0.0	0.0	0.0	Inf	Inf
DKGLCNR2x	chol_p	-0.0	-1000.0	0.0	-0.0	Inf
DKGLCNR2x	cl_p	-0.0	-0.001016765110534834	999.9989832348895	-0.0	0.0
DKGLCNR2x	34dhpac_p	-0.0	-1000.0	0.0	-0.0	Inf
DKGLCNR2x	cm_p	-0.0	0.0	0.0	Inf	Inf
DKGLCNR2x	4hoxpacd_p	-0.0	-1000.0	0.0	-0.0	Inf
DKGLCNR2x	co2_p	-0.0	-996.0185386207005	3.9814613792995033	-0.0	0.0
DKGLCNR2x	5mtr_p	-0.0	0.0	0.0	Inf	Inf
DKGLCNR2x	LalaDgluMdap_p	-0.0	-0.0054282168858534145	0.0	-0.0	Inf
DKGLCNR2x	gal_p	-0.0	-1000.0	0.0	-0.0	Inf
DKGLCNR2x	ac_p	-0.0	-0.8443992993047514	0.0	-0.0	Inf
DKGLCNR2x	crn_p	-0.0	-1000.0	0.0	-0.0	Inf
DKGLCNR2x	gal_bD_p	-0.0	-1000.0	0.0	-0.0	Inf
DKGLCNR2x	acald_p	-0.0	-1000.0	0.0	-0.0	Inf
DKGLCNR2x	acgal_p	-0.0	-1000.0	0.0	-0.0	Inf
DKGLCNR2x	csn_p	-0.0	0.0	0.0	Inf	Inf
DKGLCNR2x	acgam_p	-0.0	-1000.0	0.0	-0.0	Inf
DKGLCNR2x	galt_p	-0.0	-1.3766384751380658	0.0	-0.0	Inf
DKGLCNR2x	acmana_p	-0.0	-1000.0	0.0	-0.0	Inf
DKGLCNR2x	cyan_p	-0.0	0.0	0.0	Inf	Inf
DKGLCNR2x	ade_p	-0.0	-1000.0	0.0	-0.0	Inf
DKGLCNR2x	adn_p	-0.0	0.0	0.00013068508336821412	Inf	0.0
DKGLCNR2x	cytd_p	-0.0	0.0	0.0	Inf	Inf
DKGLCNR2x	glc__D_p	-0.0	-1000.0	0.0	-0.0	Inf
DKGLCNR2x	dad_2_p	-0.0	-1000.0	0.0	-0.0	Inf
DKGLCNR2x	dcyt_p	-0.0	-1000.0	0.0	-0.0	Inf
DKGLCNR2x	all__D_p	-0.0	0.0	0.0	Inf	Inf
DKGLCNR2x	alltn_p	-0.0	0.0	0.0	Inf	Inf
DKGLCNR2x	dha_p	-0.0	-1000.0	0.0	-0.0	Inf
DKGLCNR2x	glyald_p	-0.0	-1000.0	0.0	-0.0	Inf
DKGLCNR2x	glyb_p	0.0	0.0	0.0	Inf	Inf
DKGLCNR2x	dms_p	-0.0	-1000.0	0.0	-0.0	Inf
DKGLCNR2x	glyc_p	-0.0	-59.99251867578372	0.29383878547828723	-0.0	0.0
DKGLCNR2x	dmso_p	-0.0	-1000.0	0.0	-0.0	Inf
DKGLCNR2x	arab__L_p	-0.0	0.0	0.0	Inf	Inf
DKGLCNR2x	arbt_p	0.0	0.0	0.0	Inf	Inf
DKGLCNR2x	ca2_p	-0.0	-0.001016765110534834	999.9989832348895	-0.0	0.0
DKGLCNR2x	duri_p	-0.0	-1000.0	0.0	-0.0	Inf
DKGLCNR2x	h2_p	-0.0	-1000.0	0.0	-0.0	Inf
DKGLCNR2x	h2o2_p	-0.0	-1000.0	0.0	-0.0	Inf
DKGLCNR2x	etoh_p	-0.0	-1000.0	0.0	-0.0	Inf
DKGLCNR2x	fald_p	-0.0	0.0	0.0	Inf	Inf
DKGLCNR2x	n2o_p	-0.0	-1000.0	0.0	-0.0	Inf
DKGLCNR2x	na1_p	-0.0	0.0	0.0	Inf	Inf
DKGLCNR2x	indole_p	-0.0	0.0	0.09861712663312362	Inf	0.0
DKGLCNR2x	nac_p	-0.0	-1000.0	0.0	-0.0	Inf
DKGLCNR2x	ni2_p	-0.0	-6.309608659194055e-05	999.9999369039134	-0.0	0.0
DKGLCNR2x	inost_p	-0.0	-1000.0	0.0	-0.0	Inf
DKGLCNR2x	no_p	-0.0	-1000.0	0.0	-0.0	Inf
DKGLCNR2x	no2_p	-0.0	-1000.0	0.0	-0.0	Inf
DKGLCNR2x	for_p	-0.0	0.0	0.00047917864108981266	Inf	0.0
DKGLCNR2x	fru_p	-0.0	-1000.0	0.0	-0.0	Inf
DKGLCNR2x	no3_p	-0.0	0.0	0.0	Inf	Inf
DKGLCNR2x	k_p	-0.0	-0.038129766035694956	999.9618702339643	-0.0	0.0
DKGLCNR2x	novbcn_p	-0.0	0.0	0.0	Inf	Inf
DKGLCNR2x	o2_p	-0.0	-5.564616985586099	994.4353830144139	-0.0	0.0
DKGLCNR2x	lipa_cold_p	-0.0	-3.599525122109028	0.0	-0.0	Inf
DKGLCNR2x	g3pe_p	-0.0	-0.18843480218197595	0.0	-0.0	Inf
DKGLCNR2x	g3pi_p	-0.0	0.0	0.0	Inf	Inf
DKGLCNR2x	so3_p	-0.0	-1000.0	0.0	-0.0	Inf
DKGLCNR2x	so4_p	-0.0	-0.049266909022549044	999.9507330909775	-0.0	0.0
DKGLCNR2x	malt_p	0.0	0.0	0.0	Inf	Inf
DKGLCNR2x	malthx_p	0.0	0.0	0.0	Inf	Inf
DKGLCNR2x	maltpt_p	0.0	0.0	0.0	Inf	Inf
DKGLCNR2x	sucr_p	-0.0	-1000.0	0.0	-0.0	Inf
DKGLCNR2x	malttr_p	0.0	0.0	0.0	Inf	Inf
DKGLCNR2x	maltttr_p	0.0	0.0	0.0	Inf	Inf
DKGLCNR2x	pacald_p	-0.0	-1000.0	0.0	-0.0	Inf
DKGLCNR2x	man_p	-0.0	-1000.0	0.0	-0.0	Inf
DKGLCNR2x	tartr__L_p	-0.0	-1000.0	0.0	-0.0	Inf
DKGLCNR2x	pe120_p	-0.0	-0.015202445333404929	0.0	-0.0	Inf
DKGLCNR2x	melib_p	-0.0	-1000.0	0.0	-0.0	Inf
DKGLCNR2x	meoh_p	-0.0	-1000.0	0.0	-0.0	Inf
DKGLCNR2x	thym_p	-0.0	-1000.0	0.0	-0.0	Inf
DKGLCNR2x	thymd_p	-0.0	-0.005111369045459926	0.0	-0.0	Inf
DKGLCNR2x	pg120_p	-0.0	-0.015202445333404929	0.0	-0.0	Inf
DKGLCNR2x	metsox_S__L_p	-0.0	-1000.0	0.0	-0.0	Inf
DKGLCNR2x	tmao_p	-0.0	-1000.0	0.0	-0.0	Inf
DKGLCNR2x	mg2_p	-0.0	-0.0016946085174822656	999.9983053914825	-0.0	0.0
DKGLCNR2x	tre_p	-0.0	0.0	0.0	Inf	Inf
DKGLCNR2x	mnl_p	-0.0	0.0	0.0	Inf	Inf
DKGLCNR2x	mobd_p	-0.0	-2.519936583667004e-05	999.9999748006342	-0.0	0.0
DKGLCNR2x	ura_p	-0.0	-1000.0	0.0	-0.0	Inf
DKGLCNR2x	urea_p	-0.0	-1000.0	0.0	-0.0	Inf
DKGLCNR2x	uri_p	-0.0	0.0	0.0	Inf	Inf
DKGLCNR2x	xan_p	-0.0	-0.021332142242044938	0.0	-0.0	Inf
DKGLCNR2x	xtsn_p	-0.0	0.0	0.0	Inf	Inf
DKGLCNR2x	xyl__D_p	-0.0	0.0	0.0	Inf	Inf
DKGLCNR2x	xylu__L_p	-0.0	-1000.0	0.0	-0.0	Inf
DKGLCNR2x	ppal_p	-0.0	-1000.0	0.0	-0.0	Inf
DKGLCNR2x	psclys_p	-0.0	-1000.0	0.0	-0.0	Inf
DKGLCNR2x	pydx_p	-0.0	0.0	0.0	Inf	Inf
DKGLCNR2x	pydxn_p	-0.0	0.0	0.0	Inf	Inf
DKGLCNR2x	rib__D_p	-0.0	-1000.0	0.0	-0.0	Inf
DKGLCNR2x	rmn_p	-0.0	-1000.0	0.0	-0.0	Inf
DKGLCNR2x	sbt__D_p	-0.0	-1.4046380472603741	0.0	-0.0	Inf
DKGLCNR2x	slnt_p	-0.0	0.0	0.0	Inf	Inf
DKGLCNR2x	so2_p	-0.0	-1000.0	0.0	-0.0	Inf
