Reaction	Metabolite	ShadowPrice	G-	G+	DecrementalShadowPrice	IncrementalShadowPrice
DXYLK	12dgr120_c	-0.0	0.0	0.0	Inf	Inf
DXYLK	12dgr140_c	-0.0	0.0	0.0	Inf	Inf
DXYLK	12dgr160_c	-0.0	-0.012465676995589092	0.0	-0.0	Inf
DXYLK	12dgr180_c	-0.0	0.0	0.0	Inf	Inf
DXYLK	12ppd__R_c	-0.0	-1000.0	0.0	-0.0	Inf
DXYLK	12ppd__S_c	-0.0	0.0	0.0	Inf	Inf
DXYLK	5drib_c	-0.0	-999.9999564383055	4.3561694456071375e-05	-0.0	0.0
DXYLK	5mta_c	-0.0	0.0	0.0	Inf	Inf
DXYLK	23dhacoa_c	-0.0	-0.00011251809883106034	0.0	-0.0	Inf
DXYLK	5mtr_c	-0.0	0.0	0.0	Inf	Inf
DXYLK	3amac_c	-0.0	-1.7948637062185016	0.0	-0.0	Inf
DXYLK	LalaDgluMdap_c	-0.0	-0.0054282168858534145	0.0	-0.0	Inf
DXYLK	ac_c	-0.0	-0.8443992993047514	0.11380189893588977	-0.0	0.0
DXYLK	acald_c	-0.0	-0.8443992993047514	0.46445485446568013	-0.0	0.0
DXYLK	acetol_c	-0.0	0.0	0.00031762921573381313	Inf	0.0
DXYLK	acgam_c	-0.0	-0.018457656438480494	0.0	-0.0	Inf
DXYLK	acgam6p_c	-0.0	-0.018457656438480494	0.0	-0.0	Inf
DXYLK	acmalt_c	0.0	0.0	0.0	Inf	Inf
DXYLK	acmana_c	-0.0	-0.018457656438480494	0.0	-0.0	Inf
DXYLK	2dmmq8_c	-0.0	0.0	0.0	Inf	Inf
DXYLK	2dmmql8_c	0.0	0.0	0.0	Inf	Inf
DXYLK	ade_c	-0.0	-0.021332142242044938	0.00013068508336821412	-0.0	0.0
DXYLK	adn_c	-0.0	-0.021332142242044952	0.00013068508336821412	-0.0	0.0
DXYLK	3sala_c	0.0	0.0	0.0	Inf	Inf
DXYLK	adphep_DD_c	-0.0	0.0	0.0	Inf	Inf
DXYLK	adphep_LD_c	-0.0	0.0	0.0	Inf	Inf
DXYLK	4ahmmp_c	0.0	0.0	0.0	Inf	Inf
DXYLK	4crsol_c	-0.0	-999.9999564383055	4.3561694456071375e-05	-0.0	0.0
DXYLK	2ohph_c	-0.0	-4.3561694456071375e-05	0.015531931486986018	-0.0	0.0
DXYLK	2ombzl_c	-0.0	0.0	0.0	Inf	Inf
DXYLK	2omhmbl_c	-0.0	0.0	0.0	Inf	Inf
DXYLK	2ommbl_c	0.0	0.0	0.0	Inf	Inf
DXYLK	2omph_c	-0.0	0.0	0.01397873833828745	Inf	0.0
DXYLK	4mhetz_c	0.0	0.0	0.0	Inf	Inf
DXYLK	2oph_c	-0.0	-4.3561694456071375e-05	0.015548704631140452	-0.0	0.0
DXYLK	2oxpaccoa_c	-0.0	-0.00011251809883106034	0.0	-0.0	Inf
DXYLK	all__D_c	-0.0	-2.7528319568230013	0.0	-0.0	Inf
DXYLK	alltn_c	-0.0	-0.44871592655462916	0.0	-0.0	Inf
DXYLK	4r5au_c	-0.0	-8.712338967598043e-05	0.09349415901581865	-0.0	0.0
DXYLK	56dura_c	0.0	0.0	0.0	Inf	Inf
DXYLK	arab__L_c	-0.0	-2.752831956823003	0.0	-0.0	Inf
DXYLK	etoh_c	-0.0	-1000.0	0.0	-0.0	Inf
DXYLK	csn_c	-0.0	0.0	0.03006108536544616	Inf	0.0
DXYLK	fald_c	-0.0	0.0	0.0	Inf	Inf
DXYLK	fc1p_c	-0.0	-0.18843480218198064	0.0	-0.0	Inf
DXYLK	fcl__L_c	-0.0	0.0	0.0	Inf	Inf
DXYLK	aso4_c	0.0	0.0	0.0	Inf	Inf
DXYLK	cyan_c	0.0	0.0	0.0	Inf	Inf
DXYLK	athtp_c	0.0	0.0	0.0	Inf	Inf
DXYLK	cytd_c	-0.0	0.0	0.0	Inf	Inf
DXYLK	dad_2_c	-0.0	-0.02133214224204495	0.0	-0.0	Inf
DXYLK	dad_5_c	-0.0	-0.021332142242044938	4.3561694456071375e-05	-0.0	0.0
DXYLK	betald_c	0.0	0.0	0.0	Inf	Inf
DXYLK	btal_c	-0.0	-419.94763073048625	0.0	-0.0	Inf
DXYLK	for_c	-0.0	-0.021332142242044938	0.00047917864108981266	-0.0	0.0
DXYLK	dcyt_c	-0.0	-0.005111369045459926	0.0	-0.0	Inf
DXYLK	fru_c	-0.0	0.0	0.0	Inf	Inf
DXYLK	ca2_c	-0.0	-0.001016765110534834	999.9989832348895	-0.0	0.0
DXYLK	g3pe_c	-0.0	-0.1884348021819773	0.0	-0.0	Inf
DXYLK	g3pi_c	0.0	0.0	0.0	Inf	Inf
DXYLK	cbm_c	-0.0	-0.897431853109254	0.0	-0.0	Inf
DXYLK	dha_c	-0.0	-69.9912717884143	0.3428119163913346	-0.0	0.0
DXYLK	gal_c	-0.0	0.0	0.0	Inf	Inf
DXYLK	dhgly_c	-0.0	-4.3561694456071375e-05	0.06206077796739681	-0.0	0.0
DXYLK	dhmptp_c	0.0	0.0	0.0	Inf	Inf
DXYLK	gcald_c	-0.0	-0.5780922056458166	0.0001306850831497286	-0.0	0.0
DXYLK	dhptd_c	-0.0	-13.140440817378966	8.712338891214275e-05	-0.0	0.0
DXYLK	cechddd_c	-0.0	0.0	0.0	Inf	Inf
DXYLK	dhptdn_c	0.0	0.0	0.0	Inf	Inf
DXYLK	chol_c	0.0	0.0	0.0	Inf	Inf
DXYLK	chtbs6p_c	-0.0	0.0	0.0	Inf	Inf
DXYLK	dmbzid_c	0.0	0.0	0.0	Inf	Inf
DXYLK	dms_c	0.0	0.0	0.0	Inf	Inf
DXYLK	dmso_c	0.0	0.0	0.0	Inf	Inf
DXYLK	cl_c	-0.0	-0.001016765110510545	999.9989832348895	-0.0	0.0
DXYLK	glc__D_c	-0.0	-2.7528319568230013	0.0	-0.0	Inf
DXYLK	co2_c	-0.0	-996.0185386207005	3.9814613792995033	-0.0	0.0
DXYLK	dscl_c	-0.0	-4.3561694456071375e-05	0.01853037385899095	-0.0	0.0
DXYLK	dtdp4aaddg_c	-0.0	0.0	0.0	Inf	Inf
DXYLK	glyald_c	-0.0	-1000.0	0.0	-0.0	Inf
DXYLK	crn_c	-0.0	-1000.0	0.0	-0.0	Inf
DXYLK	duri_c	-0.0	-0.005111369045459926	0.0	-0.0	Inf
DXYLK	glyb_c	0.0	0.0	0.0	Inf	Inf
DXYLK	glyc_c	-0.0	-59.99251867578372	0.29383878547828723	-0.0	0.0
DXYLK	dxyl_c	-1.0	-0.0005538000169639594	0.0	-1.0	Inf
DXYLK	glycogen_c	-0.0	-0.6844022745167422	0.0	-0.0	Inf
DXYLK	gmhep1p_c	-0.0	0.0	0.13089182262214605	Inf	0.0
DXYLK	lipa_cold_c	-0.0	0.0	0.0	Inf	Inf
DXYLK	lipidA_c	-0.0	-0.003800611333351232	0.011782406291682536	-0.0	0.0
DXYLK	malt_c	0.0	0.0	0.0	Inf	Inf
DXYLK	h2_c	-0.0	0.0	0.0	Inf	Inf
DXYLK	malthx_c	-0.0	0.0	0.0	Inf	Inf
DXYLK	maltpt_c	-0.0	0.0	0.0	Inf	Inf
DXYLK	malttr_c	-0.0	0.0	0.0	Inf	Inf
DXYLK	maltttr_c	-0.0	0.0	0.0	Inf	Inf
DXYLK	h2o2_c	-0.0	-0.00031762921573381313	0.20352551079145087	-0.0	0.0
DXYLK	man_c	-0.0	0.0	0.0	Inf	Inf
DXYLK	mdhdhf_c	-0.0	-13.140440817378966	8.712338891214275e-05	-0.0	0.0
DXYLK	melib_c	-0.0	0.0	0.0	Inf	Inf
DXYLK	meoh_c	-0.0	-1000.0	0.0	-0.0	Inf
DXYLK	pacald_c	-0.0	-1000.0	0.0	-0.0	Inf
DXYLK	metsox_S__L_c	-0.0	-0.021332142242044938	0.0	-0.0	Inf
DXYLK	mg2_c	-0.0	-0.0016946085174822656	999.9983053914825	-0.0	0.0
DXYLK	hhlipa_c	-0.0	0.0	0.0	Inf	Inf
DXYLK	pe120_c	-0.0	0.0	0.0	Inf	Inf
DXYLK	mobd_c	-0.0	-2.519936583667004e-05	3.599525122109028	-0.0	0.0
DXYLK	hlipa_c	-0.0	0.0	0.0	Inf	Inf
DXYLK	pg120_c	-0.0	-0.015202445333404929	0.0	-0.0	Inf
DXYLK	mql8_c	0.0	0.0	0.0	Inf	Inf
DXYLK	mqn8_c	-0.0	0.0	0.0	Inf	Inf
DXYLK	mthgxl_c	-0.0	0.0	0.00031762921573381313	Inf	0.0
DXYLK	hqn_c	0.0	0.0	0.0	Inf	Inf
DXYLK	mththf_c	-0.0	-999.9999128766111	8.712338891214275e-05	-0.0	0.0
DXYLK	n2o_c	-0.0	-1000.0	0.0	-0.0	Inf
DXYLK	na1_c	-0.0	0.0	0.0	Inf	Inf
DXYLK	nac_c	-0.0	0.0	0.0	Inf	Inf
DXYLK	ncam_c	-0.0	0.0	0.0	Inf	Inf
DXYLK	ni2_c	-0.0	-6.309608658883881e-05	999.9999369039134	-0.0	0.0
DXYLK	no_c	-0.0	-1000.0	0.0	-0.0	Inf
DXYLK	indole_c	-0.0	-0.011103934520028991	0.0979462618260956	-0.0	0.0
DXYLK	no2_c	-0.0	-1000.0	0.0	-0.0	Inf
DXYLK	no3_c	0.0	0.0	0.0	Inf	Inf
DXYLK	inost_c	0.0	0.0	0.0	Inf	Inf
DXYLK	o2_c	-0.0	-5.564616985586085	994.4353830144139	-0.0	0.0
DXYLK	poaac_c	-0.0	-1.1075461914181595	0.0	-0.0	Inf
DXYLK	ppal_c	-0.0	0.0	0.0	Inf	Inf
DXYLK	k_c	-0.0	-0.038129766035694956	14.39810048843607	-0.0	0.0
DXYLK	psclys_c	-0.0	0.0	0.0	Inf	Inf
DXYLK	lald__D_c	-0.0	0.0	0.00031762921573381313	Inf	0.0
DXYLK	lald__L_c	-0.0	-1.4046380472603741	0.0	-0.0	Inf
DXYLK	ura_c	-0.0	0.0	0.0	Inf	Inf
DXYLK	pydx_c	-0.0	0.0	0.12306068793535127	Inf	0.0
DXYLK	uracp_c	-0.0	-1.0549362894671503	0.0	-0.0	Inf
DXYLK	pydxn_c	-0.0	0.0	0.11611371361641985	Inf	0.0
DXYLK	urate_c	-0.0	-0.00031762921573381313	0.0	-0.0	Inf
DXYLK	q8_c	-0.0	0.0	0.0	Inf	Inf
DXYLK	q8h2_c	0.0	0.0	0.0	Inf	Inf
DXYLK	urea_c	-0.0	-1000.0	0.0	-0.0	Inf
DXYLK	uri_c	-0.0	0.0	0.0	Inf	Inf
DXYLK	rbflvrd_c	-0.0	0.0	0.010666071121022493	Inf	0.0
DXYLK	rbl__L_c	-0.0	-2.752831956823003	0.0	-0.0	Inf
DXYLK	rdmbzi_c	0.0	0.0	0.0	Inf	Inf
DXYLK	thptdn_c	0.0	0.0	0.0	Inf	Inf
DXYLK	xan_c	-0.0	-0.021332142242044938	0.0	-0.0	Inf
DXYLK	rephaccoa_c	-0.0	-0.00011251809883106034	0.0	-0.0	Inf
DXYLK	rib__D_c	-0.0	0.0	0.19456892551940647	Inf	0.0
DXYLK	xtsn_c	-0.0	0.0	0.0	Inf	Inf
DXYLK	rml_c	-0.0	-1.376638475138067	0.0	-0.0	Inf
DXYLK	thym_c	-0.0	-14.39810048843607	0.0	-0.0	Inf
DXYLK	thymd_c	-0.0	-0.005111369045459926	0.0	-0.0	Inf
DXYLK	xu5p__L_c	-0.0	-0.18843480218197461	0.0	-0.0	Inf
DXYLK	rmn_c	-0.0	-1.376638475138067	0.0	-0.0	Inf
DXYLK	xyl__D_c	0.0	0.0	0.0	Inf	Inf
DXYLK	tmao_c	0.0	0.0	0.0	Inf	Inf
DXYLK	xylu__D_c	-0.0	0.0	0.0	Inf	Inf
DXYLK	xylu__L_c	-0.0	-2.752831956823003	0.0	-0.0	Inf
DXYLK	12ppd__R_e	-0.0	-1000.0	0.0	-0.0	Inf
DXYLK	12ppd__S_e	-0.0	-1000.0	0.0	-0.0	Inf
DXYLK	tre_c	-0.0	-1.3764159784115007	0.0	-0.0	Inf
DXYLK	seln_c	0.0	0.0	0.0	Inf	Inf
DXYLK	34dhpac_e	-0.0	-1000.0	0.0	-0.0	Inf
DXYLK	slnt_c	0.0	0.0	0.0	Inf	Inf
DXYLK	so2_c	0.0	0.0	0.0	Inf	Inf
DXYLK	so3_c	-0.0	-0.04841950709184405	0.7199050244218071	-0.0	0.0
DXYLK	so4_c	-0.0	-0.049266909022549044	14.39810048843607	-0.0	0.0
DXYLK	4hoxpacd_e	-0.0	-1000.0	0.0	-0.0	Inf
DXYLK	5mtr_e	-0.0	0.0	0.0	Inf	Inf
DXYLK	LalaDgluMdap_e	-0.0	-1000.0	0.0	-0.0	Inf
DXYLK	ac_e	-0.0	0.0	0.0	Inf	Inf
DXYLK	acald_e	-0.0	-1000.0	0.0	-0.0	Inf
DXYLK	acgal_e	-0.0	-1000.0	0.0	-0.0	Inf
DXYLK	acgam_e	-0.0	-1000.0	0.0	-0.0	Inf
DXYLK	acmana_e	-0.0	-1000.0	0.0	-0.0	Inf
DXYLK	tagur_c	-0.0	0.0	0.0	Inf	Inf
DXYLK	tartr__L_c	-0.0	-0.5780922056458166	0.0	-0.0	Inf
DXYLK	ade_e	-0.0	-1000.0	0.0	-0.0	Inf
DXYLK	adn_e	-0.0	-1000.0	0.0	-0.0	Inf
DXYLK	all__D_e	-0.0	-1000.0	0.0	-0.0	Inf
DXYLK	cl_e	-0.0	-0.001016765110534834	999.9989832348895	-0.0	0.0
DXYLK	alltn_e	-0.0	0.0	0.0	Inf	Inf
DXYLK	cm_e	-0.0	-1000.0	0.0	-0.0	Inf
DXYLK	co2_e	-0.0	-996.0185386207005	3.9814613792995033	-0.0	0.0
DXYLK	arab__L_e	-0.0	-1000.0	0.0	-0.0	Inf
DXYLK	arbt_e	-0.0	-1000.0	0.0	-0.0	Inf
DXYLK	unagamu_c	-0.0	0.0	0.01061024354343115	Inf	0.0
DXYLK	crn_e	-0.0	-1000.0	0.0	-0.0	Inf
DXYLK	csn_e	-0.0	-1000.0	0.0	-0.0	Inf
DXYLK	cyan_e	-0.0	-1000.0	0.0	-0.0	Inf
DXYLK	glyb_e	-0.0	-1000.0	0.0	-0.0	Inf
DXYLK	glyc_e	-0.0	-59.99251867578372	0.29383878547828723	-0.0	0.0
DXYLK	cytd_e	-0.0	-1000.0	0.0	-0.0	Inf
DXYLK	ca2_e	-0.0	-0.001016765110534834	999.9989832348895	-0.0	0.0
DXYLK	dad_2_e	-0.0	-1000.0	0.0	-0.0	Inf
DXYLK	dcyt_e	-0.0	-1000.0	0.0	-0.0	Inf
DXYLK	chol_e	-0.0	-1000.0	0.0	-0.0	Inf
DXYLK	dha_e	-0.0	-1000.0	0.0	-0.0	Inf
DXYLK	ppal_e	-0.0	-1000.0	0.0	-0.0	Inf
DXYLK	h2_e	-0.0	-1000.0	0.0	-0.0	Inf
DXYLK	dms_e	-0.0	-1000.0	0.0	-0.0	Inf
DXYLK	dmso_e	-0.0	-1000.0	0.0	-0.0	Inf
DXYLK	h2o2_e	-0.0	-1000.0	0.0	-0.0	Inf
DXYLK	psclys_e	-0.0	-1000.0	0.0	-0.0	Inf
DXYLK	duri_e	-0.0	-1000.0	0.0	-0.0	Inf
DXYLK	pydx_e	-0.0	-1000.0	0.0	-0.0	Inf
DXYLK	pydxn_e	-0.0	-1000.0	0.0	-0.0	Inf
DXYLK	etoh_e	-0.0	-1000.0	0.0	-0.0	Inf
DXYLK	fald_e	-0.0	0.0	0.0	Inf	Inf
DXYLK	rib__D_e	-0.0	-1000.0	0.0	-0.0	Inf
DXYLK	rmn_e	-0.0	-1000.0	0.0	-0.0	Inf
DXYLK	indole_e	-0.0	-1000.0	0.0	-0.0	Inf
DXYLK	inost_e	-0.0	-1000.0	0.0	-0.0	Inf
DXYLK	sbt__D_e	-0.0	-1.4046380472603741	0.0	-0.0	Inf
DXYLK	k_e	-0.0	-0.038129766035694956	999.9618702339643	-0.0	0.0
DXYLK	for_e	-0.0	0.0	0.00047917864108981266	Inf	0.0
DXYLK	slnt_e	-0.0	0.0	1000.0	Inf	0.0
DXYLK	fru_e	-0.0	-1000.0	0.0	-0.0	Inf
DXYLK	so2_e	-0.0	-1000.0	0.0	-0.0	Inf
DXYLK	so3_e	-0.0	-1000.0	0.0	-0.0	Inf
DXYLK	so4_e	-0.0	-0.049266909022549044	999.9507330909775	-0.0	0.0
DXYLK	lipa_cold_e	-0.0	-1000.0	0.0	-0.0	Inf
DXYLK	sucr_e	-0.0	-1000.0	0.0	-0.0	Inf
DXYLK	g3pe_e	-0.0	-1000.0	0.0	-0.0	Inf
DXYLK	malt_e	-0.0	-1000.0	0.0	-0.0	Inf
DXYLK	tartr__L_e	-0.0	-1000.0	0.0	-0.0	Inf
DXYLK	g3pi_e	-0.0	-1000.0	0.0	-0.0	Inf
DXYLK	malthx_e	-0.0	-1000.0	0.0	-0.0	Inf
DXYLK	maltpt_e	-0.0	-1000.0	0.0	-0.0	Inf
DXYLK	gal_e	-0.0	-1000.0	0.0	-0.0	Inf
DXYLK	gal_bD_e	-0.0	-1000.0	0.0	-0.0	Inf
DXYLK	malttr_e	-0.0	-1000.0	0.0	-0.0	Inf
DXYLK	maltttr_e	-0.0	-1000.0	0.0	-0.0	Inf
DXYLK	man_e	-0.0	-1000.0	0.0	-0.0	Inf
DXYLK	thym_e	-0.0	-1000.0	0.0	-0.0	Inf
DXYLK	thymd_e	-0.0	-1000.0	0.0	-0.0	Inf
DXYLK	galt_e	-0.0	-1.3766384751380658	0.0	-0.0	Inf
DXYLK	melib_e	-0.0	-1000.0	0.0	-0.0	Inf
DXYLK	meoh_e	-0.0	-1000.0	0.0	-0.0	Inf
DXYLK	tmao_e	-0.0	-1000.0	0.0	-0.0	Inf
DXYLK	tre_e	-0.0	-1000.0	0.0	-0.0	Inf
DXYLK	metsox_S__L_e	-0.0	-1000.0	0.0	-0.0	Inf
DXYLK	glc__D_e	-0.0	-1000.0	0.0	-0.0	Inf
DXYLK	mg2_e	-0.0	-0.0016946085174822656	999.9983053914825	-0.0	0.0
DXYLK	mnl_e	-0.0	-1000.0	0.0	-0.0	Inf
DXYLK	mobd_e	-0.0	-2.519936583667004e-05	999.9999748006342	-0.0	0.0
DXYLK	glyald_e	-0.0	-1000.0	0.0	-0.0	Inf
DXYLK	n2o_e	-0.0	-1000.0	0.0	-0.0	Inf
DXYLK	na1_e	-0.0	0.0	1000.0	Inf	0.0
DXYLK	nac_e	-0.0	-1000.0	0.0	-0.0	Inf
DXYLK	ni2_e	-0.0	-6.309608659194055e-05	999.9999369039134	-0.0	0.0
DXYLK	no_e	-0.0	-1000.0	0.0	-0.0	Inf
DXYLK	no2_e	-0.0	-1000.0	0.0	-0.0	Inf
DXYLK	ura_e	-0.0	-1000.0	0.0	-0.0	Inf
DXYLK	no3_e	-0.0	-1000.0	0.0	-0.0	Inf
DXYLK	urea_e	-0.0	-1000.0	0.0	-0.0	Inf
DXYLK	novbcn_e	-0.0	-1000.0	0.0	-0.0	Inf
DXYLK	uri_e	-0.0	-1000.0	0.0	-0.0	Inf
DXYLK	o2_e	-0.0	-5.564616985586099	994.4353830144139	-0.0	0.0
DXYLK	xan_e	-0.0	0.0	0.0	Inf	Inf
DXYLK	xtsn_e	-0.0	-1000.0	0.0	-0.0	Inf
DXYLK	xyl__D_e	-0.0	-1000.0	0.0	-0.0	Inf
DXYLK	xylu__L_e	-0.0	-1000.0	0.0	-0.0	Inf
DXYLK	pacald_e	-0.0	-1000.0	0.0	-0.0	Inf
DXYLK	12dgr120_p	-0.0	0.0	0.0	Inf	Inf
DXYLK	12dgr140_p	-0.0	0.0	0.0	Inf	Inf
DXYLK	12dgr160_p	-0.0	-0.012465676995589092	0.0	-0.0	Inf
DXYLK	12dgr180_p	-0.0	0.0	0.0	Inf	Inf
DXYLK	12ppd__R_p	-0.0	-1000.0	0.0	-0.0	Inf
DXYLK	12ppd__S_p	-0.0	0.0	0.0	Inf	Inf
DXYLK	chol_p	-0.0	-1000.0	0.0	-0.0	Inf
DXYLK	cl_p	-0.0	-0.001016765110534834	999.9989832348895	-0.0	0.0
DXYLK	34dhpac_p	-0.0	-1000.0	0.0	-0.0	Inf
DXYLK	cm_p	-0.0	0.0	0.0	Inf	Inf
DXYLK	4hoxpacd_p	-0.0	-1000.0	0.0	-0.0	Inf
DXYLK	co2_p	-0.0	-996.0185386207005	3.9814613792995033	-0.0	0.0
DXYLK	5mtr_p	-0.0	0.0	0.0	Inf	Inf
DXYLK	LalaDgluMdap_p	-0.0	-0.0054282168858534145	0.0	-0.0	Inf
DXYLK	gal_p	-0.0	-1000.0	0.0	-0.0	Inf
DXYLK	ac_p	-0.0	-0.8443992993047514	0.0	-0.0	Inf
DXYLK	crn_p	-0.0	-1000.0	0.0	-0.0	Inf
DXYLK	gal_bD_p	-0.0	-1000.0	0.0	-0.0	Inf
DXYLK	acald_p	-0.0	-1000.0	0.0	-0.0	Inf
DXYLK	acgal_p	-0.0	-1000.0	0.0	-0.0	Inf
DXYLK	csn_p	-0.0	0.0	0.0	Inf	Inf
DXYLK	acgam_p	-0.0	-1000.0	0.0	-0.0	Inf
DXYLK	galt_p	-0.0	-1.3766384751380658	0.0	-0.0	Inf
DXYLK	acmana_p	-0.0	-1000.0	0.0	-0.0	Inf
DXYLK	cyan_p	-0.0	0.0	0.0	Inf	Inf
DXYLK	ade_p	-0.0	-1000.0	0.0	-0.0	Inf
DXYLK	adn_p	-0.0	0.0	0.00013068508336821412	Inf	0.0
DXYLK	cytd_p	-0.0	0.0	0.0	Inf	Inf
DXYLK	glc__D_p	-0.0	-1000.0	0.0	-0.0	Inf
DXYLK	dad_2_p	-0.0	-1000.0	0.0	-0.0	Inf
DXYLK	dcyt_p	-0.0	-1000.0	0.0	-0.0	Inf
DXYLK	all__D_p	-0.0	0.0	0.0	Inf	Inf
DXYLK	alltn_p	-0.0	0.0	0.0	Inf	Inf
DXYLK	dha_p	-0.0	-1000.0	0.0	-0.0	Inf
DXYLK	glyald_p	-0.0	-1000.0	0.0	-0.0	Inf
DXYLK	glyb_p	0.0	0.0	0.0	Inf	Inf
DXYLK	dms_p	-0.0	-1000.0	0.0	-0.0	Inf
DXYLK	glyc_p	-0.0	-59.99251867578372	0.29383878547828723	-0.0	0.0
DXYLK	dmso_p	-0.0	-1000.0	0.0	-0.0	Inf
DXYLK	arab__L_p	-0.0	0.0	0.0	Inf	Inf
DXYLK	arbt_p	0.0	0.0	0.0	Inf	Inf
DXYLK	ca2_p	-0.0	-0.001016765110534834	999.9989832348895	-0.0	0.0
DXYLK	duri_p	-0.0	-1000.0	0.0	-0.0	Inf
DXYLK	h2_p	-0.0	-1000.0	0.0	-0.0	Inf
DXYLK	h2o2_p	-0.0	-1000.0	0.0	-0.0	Inf
DXYLK	etoh_p	-0.0	-1000.0	0.0	-0.0	Inf
DXYLK	fald_p	-0.0	0.0	0.0	Inf	Inf
DXYLK	n2o_p	-0.0	-1000.0	0.0	-0.0	Inf
DXYLK	na1_p	-0.0	0.0	0.0	Inf	Inf
DXYLK	indole_p	-0.0	0.0	0.09861712663312362	Inf	0.0
DXYLK	nac_p	-0.0	-1000.0	0.0	-0.0	Inf
DXYLK	ni2_p	-0.0	-6.309608659194055e-05	999.9999369039134	-0.0	0.0
DXYLK	inost_p	-0.0	-1000.0	0.0	-0.0	Inf
DXYLK	no_p	-0.0	-1000.0	0.0	-0.0	Inf
DXYLK	no2_p	-0.0	-1000.0	0.0	-0.0	Inf
DXYLK	for_p	-0.0	0.0	0.00047917864108981266	Inf	0.0
DXYLK	fru_p	-0.0	-1000.0	0.0	-0.0	Inf
DXYLK	no3_p	-0.0	0.0	0.0	Inf	Inf
DXYLK	k_p	-0.0	-0.038129766035694956	999.9618702339643	-0.0	0.0
DXYLK	novbcn_p	-0.0	0.0	0.0	Inf	Inf
DXYLK	o2_p	-0.0	-5.564616985586099	994.4353830144139	-0.0	0.0
DXYLK	lipa_cold_p	-0.0	-3.599525122109028	0.0	-0.0	Inf
DXYLK	g3pe_p	-0.0	-0.18843480218197595	0.0	-0.0	Inf
DXYLK	g3pi_p	-0.0	0.0	0.0	Inf	Inf
DXYLK	so3_p	-0.0	-1000.0	0.0	-0.0	Inf
DXYLK	so4_p	-0.0	-0.049266909022549044	999.9507330909775	-0.0	0.0
DXYLK	malt_p	0.0	0.0	0.0	Inf	Inf
DXYLK	malthx_p	0.0	0.0	0.0	Inf	Inf
DXYLK	maltpt_p	0.0	0.0	0.0	Inf	Inf
DXYLK	sucr_p	-0.0	-1000.0	0.0	-0.0	Inf
DXYLK	malttr_p	0.0	0.0	0.0	Inf	Inf
DXYLK	maltttr_p	0.0	0.0	0.0	Inf	Inf
DXYLK	pacald_p	-0.0	-1000.0	0.0	-0.0	Inf
DXYLK	man_p	-0.0	-1000.0	0.0	-0.0	Inf
DXYLK	tartr__L_p	-0.0	-1000.0	0.0	-0.0	Inf
DXYLK	pe120_p	-0.0	-0.015202445333404929	0.0	-0.0	Inf
DXYLK	melib_p	-0.0	-1000.0	0.0	-0.0	Inf
DXYLK	meoh_p	-0.0	-1000.0	0.0	-0.0	Inf
DXYLK	thym_p	-0.0	-1000.0	0.0	-0.0	Inf
DXYLK	thymd_p	-0.0	-0.005111369045459926	0.0	-0.0	Inf
DXYLK	pg120_p	-0.0	-0.015202445333404929	0.0	-0.0	Inf
DXYLK	metsox_S__L_p	-0.0	-1000.0	0.0	-0.0	Inf
DXYLK	tmao_p	-0.0	-1000.0	0.0	-0.0	Inf
DXYLK	mg2_p	-0.0	-0.0016946085174822656	999.9983053914825	-0.0	0.0
DXYLK	tre_p	-0.0	0.0	0.0	Inf	Inf
DXYLK	mnl_p	-0.0	0.0	0.0	Inf	Inf
DXYLK	mobd_p	-0.0	-2.519936583667004e-05	999.9999748006342	-0.0	0.0
DXYLK	ura_p	-0.0	-1000.0	0.0	-0.0	Inf
DXYLK	urea_p	-0.0	-1000.0	0.0	-0.0	Inf
DXYLK	uri_p	-0.0	0.0	0.0	Inf	Inf
DXYLK	xan_p	-0.0	-0.021332142242044938	0.0	-0.0	Inf
DXYLK	xtsn_p	-0.0	0.0	0.0	Inf	Inf
DXYLK	xyl__D_p	-0.0	0.0	0.0	Inf	Inf
DXYLK	xylu__L_p	-0.0	-1000.0	0.0	-0.0	Inf
DXYLK	ppal_p	-0.0	-1000.0	0.0	-0.0	Inf
DXYLK	psclys_p	-0.0	-1000.0	0.0	-0.0	Inf
DXYLK	pydx_p	-0.0	0.0	0.0	Inf	Inf
DXYLK	pydxn_p	-0.0	0.0	0.0	Inf	Inf
DXYLK	rib__D_p	-0.0	-1000.0	0.0	-0.0	Inf
DXYLK	rmn_p	-0.0	-1000.0	0.0	-0.0	Inf
DXYLK	sbt__D_p	-0.0	-1.4046380472603741	0.0	-0.0	Inf
DXYLK	slnt_p	-0.0	0.0	0.0	Inf	Inf
DXYLK	so2_p	-0.0	-1000.0	0.0	-0.0	Inf
