Reaction	Metabolite	ShadowPrice	G-	G+	DecrementalShadowPrice	IncrementalShadowPrice
GLCabcpp	12dgr120_c	-0.0	0.0	0.0	Inf	Inf
GLCabcpp	12dgr140_c	-0.0	0.0	0.0	Inf	Inf
GLCabcpp	12dgr160_c	-0.0	-0.012465676995589092	0.0	-0.0	Inf
GLCabcpp	12dgr180_c	-0.0	0.0	0.0	Inf	Inf
GLCabcpp	12ppd__R_c	-0.0	-1000.0	0.0	-0.0	Inf
GLCabcpp	12ppd__S_c	-0.0	0.0	0.0	Inf	Inf
GLCabcpp	5drib_c	-0.0	-999.9999564383055	4.3561694456071375e-05	-0.0	0.0
GLCabcpp	5mta_c	-0.0	0.0	0.0	Inf	Inf
GLCabcpp	23dhacoa_c	-0.0	-0.00011251809883106034	0.0	-0.0	Inf
GLCabcpp	5mtr_c	-0.0	0.0	0.0	Inf	Inf
GLCabcpp	3amac_c	-0.0	-1.7948637062185016	0.0	-0.0	Inf
GLCabcpp	LalaDgluMdap_c	-0.0	-0.0054282168858534145	0.0	-0.0	Inf
GLCabcpp	ac_c	-0.0	-0.8443992993047514	0.11380189893588977	-0.0	0.0
GLCabcpp	acald_c	-0.0	-0.8443992993047514	0.46445485446568013	-0.0	0.0
GLCabcpp	acetol_c	-0.0	0.0	0.00031762921573381313	Inf	0.0
GLCabcpp	acgam_c	-0.0	-0.018457656438480494	0.0	-0.0	Inf
GLCabcpp	acgam6p_c	-0.0	-0.018457656438480494	0.0	-0.0	Inf
GLCabcpp	acmalt_c	0.0	0.0	0.0	Inf	Inf
GLCabcpp	acmana_c	-0.0	-0.018457656438480494	0.0	-0.0	Inf
GLCabcpp	2dmmq8_c	-0.0	0.0	0.0	Inf	Inf
GLCabcpp	2dmmql8_c	0.0	0.0	0.0	Inf	Inf
GLCabcpp	ade_c	-0.0	-0.021332142242044938	0.00013068508336821412	-0.0	0.0
GLCabcpp	adn_c	-0.0	-0.021332142242044952	0.00013068508336821412	-0.0	0.0
GLCabcpp	3sala_c	0.0	0.0	0.0	Inf	Inf
GLCabcpp	adphep_DD_c	-0.0	0.0	0.0	Inf	Inf
GLCabcpp	adphep_LD_c	-0.0	0.0	0.0	Inf	Inf
GLCabcpp	4ahmmp_c	0.0	0.0	0.0	Inf	Inf
GLCabcpp	4crsol_c	-0.0	-999.9999564383055	4.3561694456071375e-05	-0.0	0.0
GLCabcpp	2ohph_c	-0.0	-4.3561694456071375e-05	0.015531931486986018	-0.0	0.0
GLCabcpp	2ombzl_c	-0.0	0.0	0.0	Inf	Inf
GLCabcpp	2omhmbl_c	-0.0	0.0	0.0	Inf	Inf
GLCabcpp	2ommbl_c	0.0	0.0	0.0	Inf	Inf
GLCabcpp	2omph_c	-0.0	0.0	0.01397873833828745	Inf	0.0
GLCabcpp	4mhetz_c	0.0	0.0	0.0	Inf	Inf
GLCabcpp	2oph_c	-0.0	-4.3561694456071375e-05	0.015548704631140452	-0.0	0.0
GLCabcpp	2oxpaccoa_c	-0.0	-0.00011251809883106034	0.0	-0.0	Inf
GLCabcpp	all__D_c	-0.0	-2.7528319568230013	0.0	-0.0	Inf
GLCabcpp	alltn_c	-0.0	-0.44871592655462916	0.0	-0.0	Inf
GLCabcpp	4r5au_c	-0.0	-8.712338967598043e-05	0.09349415901581865	-0.0	0.0
GLCabcpp	56dura_c	0.0	0.0	0.0	Inf	Inf
GLCabcpp	arab__L_c	-0.0	-2.752831956823003	0.0	-0.0	Inf
GLCabcpp	etoh_c	-0.0	-1000.0	0.0	-0.0	Inf
GLCabcpp	csn_c	-0.0	0.0	0.03006108536544616	Inf	0.0
GLCabcpp	fald_c	-0.0	0.0	0.0	Inf	Inf
GLCabcpp	fc1p_c	-0.0	-0.18843480218198064	0.0	-0.0	Inf
GLCabcpp	fcl__L_c	-0.0	0.0	0.0	Inf	Inf
GLCabcpp	aso4_c	0.0	0.0	0.0	Inf	Inf
GLCabcpp	cyan_c	0.0	0.0	0.0	Inf	Inf
GLCabcpp	athtp_c	0.0	0.0	0.0	Inf	Inf
GLCabcpp	cytd_c	-0.0	0.0	0.0	Inf	Inf
GLCabcpp	dad_2_c	-0.0	-0.02133214224204495	0.0	-0.0	Inf
GLCabcpp	dad_5_c	-0.0	-0.021332142242044938	4.3561694456071375e-05	-0.0	0.0
GLCabcpp	betald_c	0.0	0.0	0.0	Inf	Inf
GLCabcpp	btal_c	-0.0	-419.94763073048625	0.0	-0.0	Inf
GLCabcpp	for_c	-0.0	-0.021332142242044938	0.00047917864108981266	-0.0	0.0
GLCabcpp	dcyt_c	-0.0	-0.005111369045459926	0.0	-0.0	Inf
GLCabcpp	fru_c	-0.0	0.0	0.0	Inf	Inf
GLCabcpp	ca2_c	-0.0	-0.001016765110534834	999.9989832348895	-0.0	0.0
GLCabcpp	g3pe_c	-0.0	-0.1884348021819773	0.0	-0.0	Inf
GLCabcpp	g3pi_c	0.0	0.0	0.0	Inf	Inf
GLCabcpp	cbm_c	-0.0	-0.897431853109254	0.0	-0.0	Inf
GLCabcpp	dha_c	-0.0	-69.9912717884143	0.3428119163913346	-0.0	0.0
GLCabcpp	gal_c	-0.0	0.0	0.0	Inf	Inf
GLCabcpp	dhgly_c	-0.0	-4.3561694456071375e-05	0.06206077796739681	-0.0	0.0
GLCabcpp	dhmptp_c	0.0	0.0	0.0	Inf	Inf
GLCabcpp	gcald_c	-0.0	-0.5780922056458166	0.0001306850831497286	-0.0	0.0
GLCabcpp	dhptd_c	-0.0	-13.140440817378966	8.712338891214275e-05	-0.0	0.0
GLCabcpp	cechddd_c	-0.0	0.0	0.0	Inf	Inf
GLCabcpp	dhptdn_c	0.0	0.0	0.0	Inf	Inf
GLCabcpp	chol_c	0.0	0.0	0.0	Inf	Inf
GLCabcpp	chtbs6p_c	-0.0	0.0	0.0	Inf	Inf
GLCabcpp	dmbzid_c	0.0	0.0	0.0	Inf	Inf
GLCabcpp	dms_c	0.0	0.0	0.0	Inf	Inf
GLCabcpp	dmso_c	0.0	0.0	0.0	Inf	Inf
GLCabcpp	cl_c	-0.0	-0.001016765110510545	999.9989832348895	-0.0	0.0
GLCabcpp	glc__D_c	-0.0	-2.7528319568230013	0.0	-0.0	Inf
GLCabcpp	co2_c	-0.0	-996.0185386207005	3.9814613792995033	-0.0	0.0
GLCabcpp	dscl_c	-0.0	-4.3561694456071375e-05	0.01853037385899095	-0.0	0.0
GLCabcpp	dtdp4aaddg_c	-0.0	0.0	0.0	Inf	Inf
GLCabcpp	glyald_c	-0.0	-1000.0	0.0	-0.0	Inf
GLCabcpp	crn_c	-0.0	-1000.0	0.0	-0.0	Inf
GLCabcpp	duri_c	-0.0	-0.005111369045459926	0.0	-0.0	Inf
GLCabcpp	glyb_c	0.0	0.0	0.0	Inf	Inf
GLCabcpp	glyc_c	-0.0	-59.99251867578372	0.29383878547828723	-0.0	0.0
GLCabcpp	dxyl_c	0.0	0.0	0.0	Inf	Inf
GLCabcpp	glycogen_c	-0.0	-0.6844022745167422	0.0	-0.0	Inf
GLCabcpp	gmhep1p_c	-0.0	0.0	0.13089182262214605	Inf	0.0
GLCabcpp	lipa_cold_c	-0.0	0.0	0.0	Inf	Inf
GLCabcpp	lipidA_c	-0.0	-0.003800611333351232	0.011782406291682536	-0.0	0.0
GLCabcpp	malt_c	0.0	0.0	0.0	Inf	Inf
GLCabcpp	h2_c	-0.0	0.0	0.0	Inf	Inf
GLCabcpp	malthx_c	-0.0	0.0	0.0	Inf	Inf
GLCabcpp	maltpt_c	-0.0	0.0	0.0	Inf	Inf
GLCabcpp	malttr_c	-0.0	0.0	0.0	Inf	Inf
GLCabcpp	maltttr_c	-0.0	0.0	0.0	Inf	Inf
GLCabcpp	h2o2_c	-0.0	-0.00031762921573381313	0.20352551079145087	-0.0	0.0
GLCabcpp	man_c	-0.0	0.0	0.0	Inf	Inf
GLCabcpp	mdhdhf_c	-0.0	-13.140440817378966	8.712338891214275e-05	-0.0	0.0
GLCabcpp	melib_c	-0.0	0.0	0.0	Inf	Inf
GLCabcpp	meoh_c	-0.0	-1000.0	0.0	-0.0	Inf
GLCabcpp	pacald_c	-0.0	-1000.0	0.0	-0.0	Inf
GLCabcpp	metsox_S__L_c	-0.0	-0.021332142242044938	0.0	-0.0	Inf
GLCabcpp	mg2_c	-0.0	-0.0016946085174822656	999.9983053914825	-0.0	0.0
GLCabcpp	hhlipa_c	-0.0	0.0	0.0	Inf	Inf
GLCabcpp	pe120_c	-0.0	0.0	0.0	Inf	Inf
GLCabcpp	mobd_c	-0.0	-2.519936583667004e-05	3.599525122109028	-0.0	0.0
GLCabcpp	hlipa_c	-0.0	0.0	0.0	Inf	Inf
GLCabcpp	pg120_c	-0.0	-0.015202445333404929	0.0	-0.0	Inf
GLCabcpp	mql8_c	0.0	0.0	0.0	Inf	Inf
GLCabcpp	mqn8_c	-0.0	0.0	0.0	Inf	Inf
GLCabcpp	mthgxl_c	-0.0	0.0	0.00031762921573381313	Inf	0.0
GLCabcpp	hqn_c	0.0	0.0	0.0	Inf	Inf
GLCabcpp	mththf_c	-0.0	-999.9999128766111	8.712338891214275e-05	-0.0	0.0
GLCabcpp	n2o_c	-0.0	-1000.0	0.0	-0.0	Inf
GLCabcpp	na1_c	-0.0	0.0	0.0	Inf	Inf
GLCabcpp	nac_c	-0.0	0.0	0.0	Inf	Inf
GLCabcpp	ncam_c	-0.0	0.0	0.0	Inf	Inf
GLCabcpp	ni2_c	-0.0	-6.309608658883881e-05	999.9999369039134	-0.0	0.0
GLCabcpp	no_c	-0.0	-1000.0	0.0	-0.0	Inf
GLCabcpp	indole_c	-0.0	-0.011103934520028991	0.0979462618260956	-0.0	0.0
GLCabcpp	no2_c	-0.0	-1000.0	0.0	-0.0	Inf
GLCabcpp	no3_c	0.0	0.0	0.0	Inf	Inf
GLCabcpp	inost_c	0.0	0.0	0.0	Inf	Inf
GLCabcpp	o2_c	-0.0	-5.564616985586085	994.4353830144139	-0.0	0.0
GLCabcpp	poaac_c	-0.0	-1.1075461914181595	0.0	-0.0	Inf
GLCabcpp	ppal_c	-0.0	0.0	0.0	Inf	Inf
GLCabcpp	k_c	-0.0	-0.038129766035694956	14.39810048843607	-0.0	0.0
GLCabcpp	psclys_c	-0.0	0.0	0.0	Inf	Inf
GLCabcpp	lald__D_c	-0.0	0.0	0.00031762921573381313	Inf	0.0
GLCabcpp	lald__L_c	-0.0	-1.4046380472603741	0.0	-0.0	Inf
GLCabcpp	ura_c	-0.0	0.0	0.0	Inf	Inf
GLCabcpp	pydx_c	-0.0	0.0	0.12306068793535127	Inf	0.0
GLCabcpp	uracp_c	-0.0	-1.0549362894671503	0.0	-0.0	Inf
GLCabcpp	pydxn_c	-0.0	0.0	0.11611371361641985	Inf	0.0
GLCabcpp	urate_c	-0.0	-0.00031762921573381313	0.0	-0.0	Inf
GLCabcpp	q8_c	-0.0	0.0	0.0	Inf	Inf
GLCabcpp	q8h2_c	0.0	0.0	0.0	Inf	Inf
GLCabcpp	urea_c	-0.0	-1000.0	0.0	-0.0	Inf
GLCabcpp	uri_c	-0.0	0.0	0.0	Inf	Inf
GLCabcpp	rbflvrd_c	-0.0	0.0	0.010666071121022493	Inf	0.0
GLCabcpp	rbl__L_c	-0.0	-2.752831956823003	0.0	-0.0	Inf
GLCabcpp	rdmbzi_c	0.0	0.0	0.0	Inf	Inf
GLCabcpp	thptdn_c	0.0	0.0	0.0	Inf	Inf
GLCabcpp	xan_c	-0.0	-0.021332142242044938	0.0	-0.0	Inf
GLCabcpp	rephaccoa_c	-0.0	-0.00011251809883106034	0.0	-0.0	Inf
GLCabcpp	rib__D_c	-0.0	0.0	0.19456892551940647	Inf	0.0
GLCabcpp	xtsn_c	-0.0	0.0	0.0	Inf	Inf
GLCabcpp	rml_c	-0.0	-1.376638475138067	0.0	-0.0	Inf
GLCabcpp	thym_c	-0.0	-14.39810048843607	0.0	-0.0	Inf
GLCabcpp	thymd_c	-0.0	-0.005111369045459926	0.0	-0.0	Inf
GLCabcpp	xu5p__L_c	-0.0	-0.18843480218197461	0.0	-0.0	Inf
GLCabcpp	rmn_c	-0.0	-1.376638475138067	0.0	-0.0	Inf
GLCabcpp	xyl__D_c	0.0	0.0	0.0	Inf	Inf
GLCabcpp	tmao_c	0.0	0.0	0.0	Inf	Inf
GLCabcpp	xylu__D_c	-0.0	0.0	0.0	Inf	Inf
GLCabcpp	xylu__L_c	-0.0	-2.752831956823003	0.0	-0.0	Inf
GLCabcpp	12ppd__R_e	-0.0	-1000.0	0.0	-0.0	Inf
GLCabcpp	12ppd__S_e	-0.0	-1000.0	0.0	-0.0	Inf
GLCabcpp	tre_c	-0.0	-1.3764159784115007	0.0	-0.0	Inf
GLCabcpp	seln_c	0.0	0.0	0.0	Inf	Inf
GLCabcpp	34dhpac_e	-0.0	-1000.0	0.0	-0.0	Inf
GLCabcpp	slnt_c	0.0	0.0	0.0	Inf	Inf
GLCabcpp	so2_c	0.0	0.0	0.0	Inf	Inf
GLCabcpp	so3_c	-0.0	-0.04841950709184405	0.7199050244218071	-0.0	0.0
GLCabcpp	so4_c	-0.0	-0.049266909022549044	14.39810048843607	-0.0	0.0
GLCabcpp	4hoxpacd_e	-0.0	-1000.0	0.0	-0.0	Inf
GLCabcpp	5mtr_e	-0.0	0.0	0.0	Inf	Inf
GLCabcpp	LalaDgluMdap_e	-0.0	-1000.0	0.0	-0.0	Inf
GLCabcpp	ac_e	-0.0	0.0	0.0	Inf	Inf
GLCabcpp	acald_e	-0.0	-1000.0	0.0	-0.0	Inf
GLCabcpp	acgal_e	-0.0	-1000.0	0.0	-0.0	Inf
GLCabcpp	acgam_e	-0.0	-1000.0	0.0	-0.0	Inf
GLCabcpp	acmana_e	-0.0	-1000.0	0.0	-0.0	Inf
GLCabcpp	tagur_c	-0.0	0.0	0.0	Inf	Inf
GLCabcpp	tartr__L_c	-0.0	-0.5780922056458166	0.0	-0.0	Inf
GLCabcpp	ade_e	-0.0	-1000.0	0.0	-0.0	Inf
GLCabcpp	adn_e	-0.0	-1000.0	0.0	-0.0	Inf
GLCabcpp	all__D_e	-0.0	-1000.0	0.0	-0.0	Inf
GLCabcpp	cl_e	-0.0	-0.001016765110534834	999.9989832348895	-0.0	0.0
GLCabcpp	alltn_e	-0.0	0.0	0.0	Inf	Inf
GLCabcpp	cm_e	-0.0	-1000.0	0.0	-0.0	Inf
GLCabcpp	co2_e	-0.0	-996.0185386207005	3.9814613792995033	-0.0	0.0
GLCabcpp	arab__L_e	-0.0	-1000.0	0.0	-0.0	Inf
GLCabcpp	arbt_e	-0.0	-1000.0	0.0	-0.0	Inf
GLCabcpp	unagamu_c	-0.0	0.0	0.01061024354343115	Inf	0.0
GLCabcpp	crn_e	-0.0	-1000.0	0.0	-0.0	Inf
GLCabcpp	csn_e	-0.0	-1000.0	0.0	-0.0	Inf
GLCabcpp	cyan_e	-0.0	-1000.0	0.0	-0.0	Inf
GLCabcpp	glyb_e	-0.0	-1000.0	0.0	-0.0	Inf
GLCabcpp	glyc_e	-0.0	-59.99251867578372	0.29383878547828723	-0.0	0.0
GLCabcpp	cytd_e	-0.0	-1000.0	0.0	-0.0	Inf
GLCabcpp	ca2_e	-0.0	-0.001016765110534834	999.9989832348895	-0.0	0.0
GLCabcpp	dad_2_e	-0.0	-1000.0	0.0	-0.0	Inf
GLCabcpp	dcyt_e	-0.0	-1000.0	0.0	-0.0	Inf
GLCabcpp	chol_e	-0.0	-1000.0	0.0	-0.0	Inf
GLCabcpp	dha_e	-0.0	-1000.0	0.0	-0.0	Inf
GLCabcpp	ppal_e	-0.0	-1000.0	0.0	-0.0	Inf
GLCabcpp	h2_e	-0.0	-1000.0	0.0	-0.0	Inf
GLCabcpp	dms_e	-0.0	-1000.0	0.0	-0.0	Inf
GLCabcpp	dmso_e	-0.0	-1000.0	0.0	-0.0	Inf
GLCabcpp	h2o2_e	-0.0	-1000.0	0.0	-0.0	Inf
GLCabcpp	psclys_e	-0.0	-1000.0	0.0	-0.0	Inf
GLCabcpp	duri_e	-0.0	-1000.0	0.0	-0.0	Inf
GLCabcpp	pydx_e	-0.0	-1000.0	0.0	-0.0	Inf
GLCabcpp	pydxn_e	-0.0	-1000.0	0.0	-0.0	Inf
GLCabcpp	etoh_e	-0.0	-1000.0	0.0	-0.0	Inf
GLCabcpp	fald_e	-0.0	0.0	0.0	Inf	Inf
GLCabcpp	rib__D_e	-0.0	-1000.0	0.0	-0.0	Inf
GLCabcpp	rmn_e	-0.0	-1000.0	0.0	-0.0	Inf
GLCabcpp	indole_e	-0.0	-1000.0	0.0	-0.0	Inf
GLCabcpp	inost_e	-0.0	-1000.0	0.0	-0.0	Inf
GLCabcpp	sbt__D_e	-0.0	-1.4046380472603741	0.0	-0.0	Inf
GLCabcpp	k_e	-0.0	-0.038129766035694956	999.9618702339643	-0.0	0.0
GLCabcpp	for_e	-0.0	0.0	0.00047917864108981266	Inf	0.0
GLCabcpp	slnt_e	-0.0	0.0	1000.0	Inf	0.0
GLCabcpp	fru_e	-0.0	-1000.0	0.0	-0.0	Inf
GLCabcpp	so2_e	-0.0	-1000.0	0.0	-0.0	Inf
GLCabcpp	so3_e	-0.0	-1000.0	0.0	-0.0	Inf
GLCabcpp	so4_e	-0.0	-0.049266909022549044	999.9507330909775	-0.0	0.0
GLCabcpp	lipa_cold_e	-0.0	-1000.0	0.0	-0.0	Inf
GLCabcpp	sucr_e	-0.0	-1000.0	0.0	-0.0	Inf
GLCabcpp	g3pe_e	-0.0	-1000.0	0.0	-0.0	Inf
GLCabcpp	malt_e	-0.0	-1000.0	0.0	-0.0	Inf
GLCabcpp	tartr__L_e	-0.0	-1000.0	0.0	-0.0	Inf
GLCabcpp	g3pi_e	-0.0	-1000.0	0.0	-0.0	Inf
GLCabcpp	malthx_e	-0.0	-1000.0	0.0	-0.0	Inf
GLCabcpp	maltpt_e	-0.0	-1000.0	0.0	-0.0	Inf
GLCabcpp	gal_e	-0.0	-1000.0	0.0	-0.0	Inf
GLCabcpp	gal_bD_e	-0.0	-1000.0	0.0	-0.0	Inf
GLCabcpp	malttr_e	-0.0	-1000.0	0.0	-0.0	Inf
GLCabcpp	maltttr_e	-0.0	-1000.0	0.0	-0.0	Inf
GLCabcpp	man_e	-0.0	-1000.0	0.0	-0.0	Inf
GLCabcpp	thym_e	-0.0	-1000.0	0.0	-0.0	Inf
GLCabcpp	thymd_e	-0.0	-1000.0	0.0	-0.0	Inf
GLCabcpp	galt_e	-0.0	-1.3766384751380658	0.0	-0.0	Inf
GLCabcpp	melib_e	-0.0	-1000.0	0.0	-0.0	Inf
GLCabcpp	meoh_e	-0.0	-1000.0	0.0	-0.0	Inf
GLCabcpp	tmao_e	-0.0	-1000.0	0.0	-0.0	Inf
GLCabcpp	tre_e	-2.0	-1.3764159784114995	0.0	-2.0	Inf
GLCabcpp	metsox_S__L_e	-0.0	-1000.0	0.0	-0.0	Inf
GLCabcpp	glc__D_e	-1.0	-2.752831956822999	0.0	-0.9999999999999183	Inf
GLCabcpp	mg2_e	-0.0	-0.0016946085174822656	999.9983053914825	-0.0	0.0
GLCabcpp	mnl_e	-0.0	-1000.0	0.0	-0.0	Inf
GLCabcpp	mobd_e	-0.0	-2.519936583667004e-05	999.9999748006342	-0.0	0.0
GLCabcpp	glyald_e	-0.0	-1000.0	0.0	-0.0	Inf
GLCabcpp	n2o_e	-0.0	-1000.0	0.0	-0.0	Inf
GLCabcpp	na1_e	-0.0	0.0	1000.0	Inf	0.0
GLCabcpp	nac_e	-0.0	-1000.0	0.0	-0.0	Inf
GLCabcpp	ni2_e	-0.0	-6.309608659194055e-05	999.9999369039134	-0.0	0.0
GLCabcpp	no_e	-0.0	-1000.0	0.0	-0.0	Inf
GLCabcpp	no2_e	-0.0	-1000.0	0.0	-0.0	Inf
GLCabcpp	ura_e	-0.0	-1000.0	0.0	-0.0	Inf
GLCabcpp	no3_e	-0.0	-1000.0	0.0	-0.0	Inf
GLCabcpp	urea_e	-0.0	-1000.0	0.0	-0.0	Inf
GLCabcpp	novbcn_e	-0.0	-1000.0	0.0	-0.0	Inf
GLCabcpp	uri_e	-0.0	-1000.0	0.0	-0.0	Inf
GLCabcpp	o2_e	-0.0	-5.564616985586099	994.4353830144139	-0.0	0.0
GLCabcpp	xan_e	-0.0	0.0	0.0	Inf	Inf
GLCabcpp	xtsn_e	-0.0	-1000.0	0.0	-0.0	Inf
GLCabcpp	xyl__D_e	-0.0	-1000.0	0.0	-0.0	Inf
GLCabcpp	xylu__L_e	-0.0	-1000.0	0.0	-0.0	Inf
GLCabcpp	pacald_e	-0.0	-1000.0	0.0	-0.0	Inf
GLCabcpp	12dgr120_p	-0.0	0.0	0.0	Inf	Inf
GLCabcpp	12dgr140_p	-0.0	0.0	0.0	Inf	Inf
GLCabcpp	12dgr160_p	-0.0	-0.012465676995589092	0.0	-0.0	Inf
GLCabcpp	12dgr180_p	-0.0	0.0	0.0	Inf	Inf
GLCabcpp	12ppd__R_p	-0.0	-1000.0	0.0	-0.0	Inf
GLCabcpp	12ppd__S_p	-0.0	0.0	0.0	Inf	Inf
GLCabcpp	chol_p	-0.0	-1000.0	0.0	-0.0	Inf
GLCabcpp	cl_p	-0.0	-0.001016765110534834	999.9989832348895	-0.0	0.0
GLCabcpp	34dhpac_p	-0.0	-1000.0	0.0	-0.0	Inf
GLCabcpp	cm_p	-0.0	0.0	0.0	Inf	Inf
GLCabcpp	4hoxpacd_p	-0.0	-1000.0	0.0	-0.0	Inf
GLCabcpp	co2_p	-0.0	-996.0185386207005	3.9814613792995033	-0.0	0.0
GLCabcpp	5mtr_p	-0.0	0.0	0.0	Inf	Inf
GLCabcpp	LalaDgluMdap_p	-0.0	-0.0054282168858534145	0.0	-0.0	Inf
GLCabcpp	gal_p	-0.0	-1000.0	0.0	-0.0	Inf
GLCabcpp	ac_p	-0.0	-0.8443992993047514	0.0	-0.0	Inf
GLCabcpp	crn_p	-0.0	-1000.0	0.0	-0.0	Inf
GLCabcpp	gal_bD_p	-0.0	-1000.0	0.0	-0.0	Inf
GLCabcpp	acald_p	-0.0	-1000.0	0.0	-0.0	Inf
GLCabcpp	acgal_p	-0.0	-1000.0	0.0	-0.0	Inf
GLCabcpp	csn_p	-0.0	0.0	0.0	Inf	Inf
GLCabcpp	acgam_p	-0.0	-1000.0	0.0	-0.0	Inf
GLCabcpp	galt_p	-0.0	-1.3766384751380658	0.0	-0.0	Inf
GLCabcpp	acmana_p	-0.0	-1000.0	0.0	-0.0	Inf
GLCabcpp	cyan_p	-0.0	0.0	0.0	Inf	Inf
GLCabcpp	ade_p	-0.0	-1000.0	0.0	-0.0	Inf
GLCabcpp	adn_p	-0.0	0.0	0.00013068508336821412	Inf	0.0
GLCabcpp	cytd_p	-0.0	0.0	0.0	Inf	Inf
GLCabcpp	glc__D_p	-1.0	-2.752831956822999	0.0	-0.9999999999999183	Inf
GLCabcpp	dad_2_p	-0.0	-1000.0	0.0	-0.0	Inf
GLCabcpp	dcyt_p	-0.0	-1000.0	0.0	-0.0	Inf
GLCabcpp	all__D_p	-0.0	0.0	0.0	Inf	Inf
GLCabcpp	alltn_p	-0.0	0.0	0.0	Inf	Inf
GLCabcpp	dha_p	-0.0	-1000.0	0.0	-0.0	Inf
GLCabcpp	glyald_p	-0.0	-1000.0	0.0	-0.0	Inf
GLCabcpp	glyb_p	0.0	0.0	0.0	Inf	Inf
GLCabcpp	dms_p	-0.0	-1000.0	0.0	-0.0	Inf
GLCabcpp	glyc_p	-0.0	-59.99251867578372	0.29383878547828723	-0.0	0.0
GLCabcpp	dmso_p	-0.0	-1000.0	0.0	-0.0	Inf
GLCabcpp	arab__L_p	-0.0	0.0	0.0	Inf	Inf
GLCabcpp	arbt_p	0.0	0.0	0.0	Inf	Inf
GLCabcpp	ca2_p	-0.0	-0.001016765110534834	999.9989832348895	-0.0	0.0
GLCabcpp	duri_p	-0.0	-1000.0	0.0	-0.0	Inf
GLCabcpp	h2_p	-0.0	-1000.0	0.0	-0.0	Inf
GLCabcpp	h2o2_p	-0.0	-1000.0	0.0	-0.0	Inf
GLCabcpp	etoh_p	-0.0	-1000.0	0.0	-0.0	Inf
GLCabcpp	fald_p	-0.0	0.0	0.0	Inf	Inf
GLCabcpp	n2o_p	-0.0	-1000.0	0.0	-0.0	Inf
GLCabcpp	na1_p	-0.0	0.0	0.0	Inf	Inf
GLCabcpp	indole_p	-0.0	0.0	0.09861712663312362	Inf	0.0
GLCabcpp	nac_p	-0.0	-1000.0	0.0	-0.0	Inf
GLCabcpp	ni2_p	-0.0	-6.309608659194055e-05	999.9999369039134	-0.0	0.0
GLCabcpp	inost_p	-0.0	-1000.0	0.0	-0.0	Inf
GLCabcpp	no_p	-0.0	-1000.0	0.0	-0.0	Inf
GLCabcpp	no2_p	-0.0	-1000.0	0.0	-0.0	Inf
GLCabcpp	for_p	-0.0	0.0	0.00047917864108981266	Inf	0.0
GLCabcpp	fru_p	-0.0	-1000.0	0.0	-0.0	Inf
GLCabcpp	no3_p	-0.0	0.0	0.0	Inf	Inf
GLCabcpp	k_p	-0.0	-0.038129766035694956	999.9618702339643	-0.0	0.0
GLCabcpp	novbcn_p	-0.0	0.0	0.0	Inf	Inf
GLCabcpp	o2_p	-0.0	-5.564616985586099	994.4353830144139	-0.0	0.0
GLCabcpp	lipa_cold_p	-0.0	-3.599525122109028	0.0	-0.0	Inf
GLCabcpp	g3pe_p	-0.0	-0.18843480218197595	0.0	-0.0	Inf
GLCabcpp	g3pi_p	-0.0	0.0	0.0	Inf	Inf
GLCabcpp	so3_p	-0.0	-1000.0	0.0	-0.0	Inf
GLCabcpp	so4_p	-0.0	-0.049266909022549044	999.9507330909775	-0.0	0.0
GLCabcpp	malt_p	0.0	0.0	0.0	Inf	Inf
GLCabcpp	malthx_p	0.0	0.0	0.0	Inf	Inf
GLCabcpp	maltpt_p	0.0	0.0	0.0	Inf	Inf
GLCabcpp	sucr_p	-0.0	-1000.0	0.0	-0.0	Inf
GLCabcpp	malttr_p	0.0	0.0	0.0	Inf	Inf
GLCabcpp	maltttr_p	0.0	0.0	0.0	Inf	Inf
GLCabcpp	pacald_p	-0.0	-1000.0	0.0	-0.0	Inf
GLCabcpp	man_p	-0.0	-1000.0	0.0	-0.0	Inf
GLCabcpp	tartr__L_p	-0.0	-1000.0	0.0	-0.0	Inf
GLCabcpp	pe120_p	-0.0	-0.015202445333404929	0.0	-0.0	Inf
GLCabcpp	melib_p	-0.0	-1000.0	0.0	-0.0	Inf
GLCabcpp	meoh_p	-0.0	-1000.0	0.0	-0.0	Inf
GLCabcpp	thym_p	-0.0	-1000.0	0.0	-0.0	Inf
GLCabcpp	thymd_p	-0.0	-0.005111369045459926	0.0	-0.0	Inf
GLCabcpp	pg120_p	-0.0	-0.015202445333404929	0.0	-0.0	Inf
GLCabcpp	metsox_S__L_p	-0.0	-1000.0	0.0	-0.0	Inf
GLCabcpp	tmao_p	-0.0	-1000.0	0.0	-0.0	Inf
GLCabcpp	mg2_p	-0.0	-0.0016946085174822656	999.9983053914825	-0.0	0.0
GLCabcpp	tre_p	-2.0	-1.3764159784114995	0.0	-1.9999999999998366	Inf
GLCabcpp	mnl_p	-0.0	0.0	0.0	Inf	Inf
GLCabcpp	mobd_p	-0.0	-2.519936583667004e-05	999.9999748006342	-0.0	0.0
GLCabcpp	ura_p	-0.0	-1000.0	0.0	-0.0	Inf
GLCabcpp	urea_p	-0.0	-1000.0	0.0	-0.0	Inf
GLCabcpp	uri_p	-0.0	0.0	0.0	Inf	Inf
GLCabcpp	xan_p	-0.0	-0.021332142242044938	0.0	-0.0	Inf
GLCabcpp	xtsn_p	-0.0	0.0	0.0	Inf	Inf
GLCabcpp	xyl__D_p	-0.0	0.0	0.0	Inf	Inf
GLCabcpp	xylu__L_p	-0.0	-1000.0	0.0	-0.0	Inf
GLCabcpp	ppal_p	-0.0	-1000.0	0.0	-0.0	Inf
GLCabcpp	psclys_p	-0.0	-1000.0	0.0	-0.0	Inf
GLCabcpp	pydx_p	-0.0	0.0	0.0	Inf	Inf
GLCabcpp	pydxn_p	-0.0	0.0	0.0	Inf	Inf
GLCabcpp	rib__D_p	-0.0	-1000.0	0.0	-0.0	Inf
GLCabcpp	rmn_p	-0.0	-1000.0	0.0	-0.0	Inf
GLCabcpp	sbt__D_p	-0.0	-1.4046380472603741	0.0	-0.0	Inf
GLCabcpp	slnt_p	-0.0	0.0	0.0	Inf	Inf
GLCabcpp	so2_p	-0.0	-1000.0	0.0	-0.0	Inf
