Reaction	Metabolite	ShadowPrice	G-	G+	DecrementalShadowPrice	IncrementalShadowPrice
GAMtex_f	12dgr120_c	-0.0	0.0	0.0	Inf	Inf
GAMtex_f	12dgr140_c	-0.0	0.0	0.0	Inf	Inf
GAMtex_f	12dgr160_c	-0.0	-0.012465676995589092	0.0	-0.0	Inf
GAMtex_f	12dgr180_c	-0.0	0.0	0.0	Inf	Inf
GAMtex_f	12ppd__R_c	-0.0	-1000.0	0.0	-0.0	Inf
GAMtex_f	12ppd__S_c	-0.0	0.0	0.0	Inf	Inf
GAMtex_f	5drib_c	-0.0	-999.9999564383055	4.3561694456071375e-05	-0.0	0.0
GAMtex_f	5mta_c	-0.0	0.0	0.0	Inf	Inf
GAMtex_f	23dhacoa_c	-0.0	-0.00011251809883106034	0.0	-0.0	Inf
GAMtex_f	5mtr_c	-0.0	0.0	0.0	Inf	Inf
GAMtex_f	3amac_c	-0.0	-1.7948637062185016	0.0	-0.0	Inf
GAMtex_f	LalaDgluMdap_c	-0.0	-0.0054282168858534145	0.0	-0.0	Inf
GAMtex_f	ac_c	-0.0	-0.8443992993047514	0.11380189893588977	-0.0	0.0
GAMtex_f	acald_c	-0.0	-0.8443992993047514	0.46445485446568013	-0.0	0.0
GAMtex_f	acetol_c	-0.0	0.0	0.00031762921573381313	Inf	0.0
GAMtex_f	acgam_c	-0.0	-0.018457656438480494	0.0	-0.0	Inf
GAMtex_f	acgam6p_c	-0.0	-0.018457656438480494	0.0	-0.0	Inf
GAMtex_f	acmalt_c	0.0	0.0	0.0	Inf	Inf
GAMtex_f	acmana_c	-0.0	-0.018457656438480494	0.0	-0.0	Inf
GAMtex_f	2dmmq8_c	-0.0	0.0	0.0	Inf	Inf
GAMtex_f	2dmmql8_c	0.0	0.0	0.0	Inf	Inf
GAMtex_f	ade_c	-0.0	-0.021332142242044938	0.00013068508336821412	-0.0	0.0
GAMtex_f	adn_c	-0.0	-0.021332142242044952	0.00013068508336821412	-0.0	0.0
GAMtex_f	3sala_c	0.0	0.0	0.0	Inf	Inf
GAMtex_f	adphep_DD_c	-0.0	0.0	0.0	Inf	Inf
GAMtex_f	adphep_LD_c	-0.0	0.0	0.0	Inf	Inf
GAMtex_f	4ahmmp_c	0.0	0.0	0.0	Inf	Inf
GAMtex_f	4crsol_c	-0.0	-999.9999564383055	4.3561694456071375e-05	-0.0	0.0
GAMtex_f	2ohph_c	-0.0	-4.3561694456071375e-05	0.015531931486986018	-0.0	0.0
GAMtex_f	2ombzl_c	-0.0	0.0	0.0	Inf	Inf
GAMtex_f	2omhmbl_c	-0.0	0.0	0.0	Inf	Inf
GAMtex_f	2ommbl_c	0.0	0.0	0.0	Inf	Inf
GAMtex_f	2omph_c	-0.0	0.0	0.01397873833828745	Inf	0.0
GAMtex_f	4mhetz_c	0.0	0.0	0.0	Inf	Inf
GAMtex_f	2oph_c	-0.0	-4.3561694456071375e-05	0.015548704631140452	-0.0	0.0
GAMtex_f	2oxpaccoa_c	-0.0	-0.00011251809883106034	0.0	-0.0	Inf
GAMtex_f	all__D_c	-0.0	-2.7528319568230013	0.0	-0.0	Inf
GAMtex_f	alltn_c	-0.0	-0.44871592655462916	0.0	-0.0	Inf
GAMtex_f	4r5au_c	-0.0	-8.712338967598043e-05	0.09349415901581865	-0.0	0.0
GAMtex_f	56dura_c	0.0	0.0	0.0	Inf	Inf
GAMtex_f	arab__L_c	-0.0	-2.752831956823003	0.0	-0.0	Inf
GAMtex_f	etoh_c	-0.0	-1000.0	0.0	-0.0	Inf
GAMtex_f	csn_c	-0.0	0.0	0.03006108536544616	Inf	0.0
GAMtex_f	fald_c	-0.0	0.0	0.0	Inf	Inf
GAMtex_f	fc1p_c	-0.0	-0.18843480218198064	0.0	-0.0	Inf
GAMtex_f	fcl__L_c	-0.0	0.0	0.0	Inf	Inf
GAMtex_f	aso4_c	0.0	0.0	0.0	Inf	Inf
GAMtex_f	cyan_c	0.0	0.0	0.0	Inf	Inf
GAMtex_f	athtp_c	0.0	0.0	0.0	Inf	Inf
GAMtex_f	cytd_c	-0.0	0.0	0.0	Inf	Inf
GAMtex_f	dad_2_c	-0.0	-0.02133214224204495	0.0	-0.0	Inf
GAMtex_f	dad_5_c	-0.0	-0.021332142242044938	4.3561694456071375e-05	-0.0	0.0
GAMtex_f	betald_c	0.0	0.0	0.0	Inf	Inf
GAMtex_f	btal_c	-0.0	-419.94763073048625	0.0	-0.0	Inf
GAMtex_f	for_c	-0.0	-0.021332142242044938	0.00047917864108981266	-0.0	0.0
GAMtex_f	dcyt_c	-0.0	-0.005111369045459926	0.0	-0.0	Inf
GAMtex_f	fru_c	-0.0	0.0	0.0	Inf	Inf
GAMtex_f	ca2_c	-0.0	-0.001016765110534834	999.9989832348895	-0.0	0.0
GAMtex_f	g3pe_c	-0.0	-0.1884348021819773	0.0	-0.0	Inf
GAMtex_f	g3pi_c	0.0	0.0	0.0	Inf	Inf
GAMtex_f	cbm_c	-0.0	-0.897431853109254	0.0	-0.0	Inf
GAMtex_f	dha_c	-0.0	-69.9912717884143	0.3428119163913346	-0.0	0.0
GAMtex_f	gal_c	-0.0	0.0	0.0	Inf	Inf
GAMtex_f	dhgly_c	-0.0	-4.3561694456071375e-05	0.06206077796739681	-0.0	0.0
GAMtex_f	dhmptp_c	0.0	0.0	0.0	Inf	Inf
GAMtex_f	gcald_c	-0.0	-0.5780922056458166	0.0001306850831497286	-0.0	0.0
GAMtex_f	dhptd_c	-0.0	-13.140440817378966	8.712338891214275e-05	-0.0	0.0
GAMtex_f	cechddd_c	-0.0	0.0	0.0	Inf	Inf
GAMtex_f	dhptdn_c	0.0	0.0	0.0	Inf	Inf
GAMtex_f	chol_c	0.0	0.0	0.0	Inf	Inf
GAMtex_f	chtbs6p_c	-0.0	0.0	0.0	Inf	Inf
GAMtex_f	dmbzid_c	0.0	0.0	0.0	Inf	Inf
GAMtex_f	dms_c	0.0	0.0	0.0	Inf	Inf
GAMtex_f	dmso_c	0.0	0.0	0.0	Inf	Inf
GAMtex_f	cl_c	-0.0	-0.001016765110510545	999.9989832348895	-0.0	0.0
GAMtex_f	glc__D_c	-0.0	-2.7528319568230013	0.0	-0.0	Inf
GAMtex_f	co2_c	-0.0	-996.0185386207005	3.9814613792995033	-0.0	0.0
GAMtex_f	dscl_c	-0.0	-4.3561694456071375e-05	0.01853037385899095	-0.0	0.0
GAMtex_f	dtdp4aaddg_c	-0.0	0.0	0.0	Inf	Inf
GAMtex_f	glyald_c	-0.0	-1000.0	0.0	-0.0	Inf
GAMtex_f	crn_c	-0.0	-1000.0	0.0	-0.0	Inf
GAMtex_f	duri_c	-0.0	-0.005111369045459926	0.0	-0.0	Inf
GAMtex_f	glyb_c	0.0	0.0	0.0	Inf	Inf
GAMtex_f	glyc_c	-0.0	-59.99251867578372	0.29383878547828723	-0.0	0.0
GAMtex_f	dxyl_c	0.0	0.0	0.0	Inf	Inf
GAMtex_f	glycogen_c	-0.0	-0.6844022745167422	0.0	-0.0	Inf
GAMtex_f	gmhep1p_c	-0.0	0.0	0.13089182262214605	Inf	0.0
GAMtex_f	lipa_cold_c	-0.0	0.0	0.0	Inf	Inf
GAMtex_f	lipidA_c	-0.0	-0.003800611333351232	0.011782406291682536	-0.0	0.0
GAMtex_f	malt_c	0.0	0.0	0.0	Inf	Inf
GAMtex_f	h2_c	-0.0	0.0	0.0	Inf	Inf
GAMtex_f	malthx_c	-0.0	0.0	0.0	Inf	Inf
GAMtex_f	maltpt_c	-0.0	0.0	0.0	Inf	Inf
GAMtex_f	malttr_c	-0.0	0.0	0.0	Inf	Inf
GAMtex_f	maltttr_c	-0.0	0.0	0.0	Inf	Inf
GAMtex_f	h2o2_c	-0.0	-0.00031762921573381313	0.20352551079145087	-0.0	0.0
GAMtex_f	man_c	-0.0	0.0	0.0	Inf	Inf
GAMtex_f	mdhdhf_c	-0.0	-13.140440817378966	8.712338891214275e-05	-0.0	0.0
GAMtex_f	melib_c	-0.0	0.0	0.0	Inf	Inf
GAMtex_f	meoh_c	-0.0	-1000.0	0.0	-0.0	Inf
GAMtex_f	pacald_c	-0.0	-1000.0	0.0	-0.0	Inf
GAMtex_f	metsox_S__L_c	-0.0	-0.021332142242044938	0.0	-0.0	Inf
GAMtex_f	mg2_c	-0.0	-0.0016946085174822656	999.9983053914825	-0.0	0.0
GAMtex_f	hhlipa_c	-0.0	0.0	0.0	Inf	Inf
GAMtex_f	pe120_c	-0.0	0.0	0.0	Inf	Inf
GAMtex_f	mobd_c	-0.0	-2.519936583667004e-05	3.599525122109028	-0.0	0.0
GAMtex_f	hlipa_c	-0.0	0.0	0.0	Inf	Inf
GAMtex_f	pg120_c	-0.0	-0.015202445333404929	0.0	-0.0	Inf
GAMtex_f	mql8_c	0.0	0.0	0.0	Inf	Inf
GAMtex_f	mqn8_c	-0.0	0.0	0.0	Inf	Inf
GAMtex_f	mthgxl_c	-0.0	0.0	0.00031762921573381313	Inf	0.0
GAMtex_f	hqn_c	0.0	0.0	0.0	Inf	Inf
GAMtex_f	mththf_c	-0.0	-999.9999128766111	8.712338891214275e-05	-0.0	0.0
GAMtex_f	n2o_c	-0.0	-1000.0	0.0	-0.0	Inf
GAMtex_f	na1_c	-0.0	0.0	0.0	Inf	Inf
GAMtex_f	nac_c	-0.0	0.0	0.0	Inf	Inf
GAMtex_f	ncam_c	-0.0	0.0	0.0	Inf	Inf
GAMtex_f	ni2_c	-0.0	-6.309608658883881e-05	999.9999369039134	-0.0	0.0
GAMtex_f	no_c	-0.0	-1000.0	0.0	-0.0	Inf
GAMtex_f	indole_c	-0.0	-0.011103934520028991	0.0979462618260956	-0.0	0.0
GAMtex_f	no2_c	-0.0	-1000.0	0.0	-0.0	Inf
GAMtex_f	no3_c	0.0	0.0	0.0	Inf	Inf
GAMtex_f	inost_c	0.0	0.0	0.0	Inf	Inf
GAMtex_f	o2_c	-0.0	-5.564616985586085	994.4353830144139	-0.0	0.0
GAMtex_f	poaac_c	-0.0	-1.1075461914181595	0.0	-0.0	Inf
GAMtex_f	ppal_c	-0.0	0.0	0.0	Inf	Inf
GAMtex_f	k_c	-0.0	-0.038129766035694956	14.39810048843607	-0.0	0.0
GAMtex_f	psclys_c	-0.0	0.0	0.0	Inf	Inf
GAMtex_f	lald__D_c	-0.0	0.0	0.00031762921573381313	Inf	0.0
GAMtex_f	lald__L_c	-0.0	-1.4046380472603741	0.0	-0.0	Inf
GAMtex_f	ura_c	-0.0	0.0	0.0	Inf	Inf
GAMtex_f	pydx_c	-0.0	0.0	0.12306068793535127	Inf	0.0
GAMtex_f	uracp_c	-0.0	-1.0549362894671503	0.0	-0.0	Inf
GAMtex_f	pydxn_c	-0.0	0.0	0.11611371361641985	Inf	0.0
GAMtex_f	urate_c	-0.0	-0.00031762921573381313	0.0	-0.0	Inf
GAMtex_f	q8_c	-0.0	0.0	0.0	Inf	Inf
GAMtex_f	q8h2_c	0.0	0.0	0.0	Inf	Inf
GAMtex_f	urea_c	-0.0	-1000.0	0.0	-0.0	Inf
GAMtex_f	uri_c	-0.0	0.0	0.0	Inf	Inf
GAMtex_f	rbflvrd_c	-0.0	0.0	0.010666071121022493	Inf	0.0
GAMtex_f	rbl__L_c	-0.0	-2.752831956823003	0.0	-0.0	Inf
GAMtex_f	rdmbzi_c	0.0	0.0	0.0	Inf	Inf
GAMtex_f	thptdn_c	0.0	0.0	0.0	Inf	Inf
GAMtex_f	xan_c	-0.0	-0.021332142242044938	0.0	-0.0	Inf
GAMtex_f	rephaccoa_c	-0.0	-0.00011251809883106034	0.0	-0.0	Inf
GAMtex_f	rib__D_c	-0.0	0.0	0.19456892551940647	Inf	0.0
GAMtex_f	xtsn_c	-0.0	0.0	0.0	Inf	Inf
GAMtex_f	rml_c	-0.0	-1.376638475138067	0.0	-0.0	Inf
GAMtex_f	thym_c	-0.0	-14.39810048843607	0.0	-0.0	Inf
GAMtex_f	thymd_c	-0.0	-0.005111369045459926	0.0	-0.0	Inf
GAMtex_f	xu5p__L_c	-0.0	-0.18843480218197461	0.0	-0.0	Inf
GAMtex_f	rmn_c	-0.0	-1.376638475138067	0.0	-0.0	Inf
GAMtex_f	xyl__D_c	0.0	0.0	0.0	Inf	Inf
GAMtex_f	tmao_c	0.0	0.0	0.0	Inf	Inf
GAMtex_f	xylu__D_c	-0.0	0.0	0.0	Inf	Inf
GAMtex_f	xylu__L_c	-0.0	-2.752831956823003	0.0	-0.0	Inf
GAMtex_f	12ppd__R_e	-0.0	-1000.0	0.0	-0.0	Inf
GAMtex_f	12ppd__S_e	-0.0	-1000.0	0.0	-0.0	Inf
GAMtex_f	tre_c	-0.0	-1.3764159784115007	0.0	-0.0	Inf
GAMtex_f	seln_c	0.0	0.0	0.0	Inf	Inf
GAMtex_f	34dhpac_e	-0.0	-1000.0	0.0	-0.0	Inf
GAMtex_f	slnt_c	0.0	0.0	0.0	Inf	Inf
GAMtex_f	so2_c	0.0	0.0	0.0	Inf	Inf
GAMtex_f	so3_c	-0.0	-0.04841950709184405	0.7199050244218071	-0.0	0.0
GAMtex_f	so4_c	-0.0	-0.049266909022549044	14.39810048843607	-0.0	0.0
GAMtex_f	4hoxpacd_e	-0.0	-1000.0	0.0	-0.0	Inf
GAMtex_f	5mtr_e	-0.0	0.0	0.0	Inf	Inf
GAMtex_f	LalaDgluMdap_e	-0.0	-1000.0	0.0	-0.0	Inf
GAMtex_f	ac_e	-0.0	0.0	0.0	Inf	Inf
GAMtex_f	acald_e	-0.0	-1000.0	0.0	-0.0	Inf
GAMtex_f	acgal_e	-0.0	-1000.0	0.0	-0.0	Inf
GAMtex_f	acgam_e	-0.0	-1000.0	0.0	-0.0	Inf
GAMtex_f	acmana_e	-0.0	-1000.0	0.0	-0.0	Inf
GAMtex_f	tagur_c	-0.0	0.0	0.0	Inf	Inf
GAMtex_f	tartr__L_c	-0.0	-0.5780922056458166	0.0	-0.0	Inf
GAMtex_f	ade_e	-0.0	-1000.0	0.0	-0.0	Inf
GAMtex_f	adn_e	-0.0	-1000.0	0.0	-0.0	Inf
GAMtex_f	all__D_e	-0.0	-1000.0	0.0	-0.0	Inf
GAMtex_f	cl_e	-0.0	-0.001016765110534834	999.9989832348895	-0.0	0.0
GAMtex_f	alltn_e	-0.0	0.0	0.0	Inf	Inf
GAMtex_f	cm_e	-0.0	-1000.0	0.0	-0.0	Inf
GAMtex_f	co2_e	-0.0	-996.0185386207005	3.9814613792995033	-0.0	0.0
GAMtex_f	arab__L_e	-0.0	-1000.0	0.0	-0.0	Inf
GAMtex_f	arbt_e	-0.0	-1000.0	0.0	-0.0	Inf
GAMtex_f	unagamu_c	-0.0	0.0	0.01061024354343115	Inf	0.0
GAMtex_f	crn_e	-0.0	-1000.0	0.0	-0.0	Inf
GAMtex_f	csn_e	-0.0	-1000.0	0.0	-0.0	Inf
GAMtex_f	cyan_e	-0.0	-1000.0	0.0	-0.0	Inf
GAMtex_f	glyb_e	-0.0	-1000.0	0.0	-0.0	Inf
GAMtex_f	glyc_e	-0.0	-59.99251867578372	0.29383878547828723	-0.0	0.0
GAMtex_f	cytd_e	-0.0	-1000.0	0.0	-0.0	Inf
GAMtex_f	ca2_e	-0.0	-0.001016765110534834	999.9989832348895	-0.0	0.0
GAMtex_f	dad_2_e	-0.0	-1000.0	0.0	-0.0	Inf
GAMtex_f	dcyt_e	-0.0	-1000.0	0.0	-0.0	Inf
GAMtex_f	chol_e	-0.0	-1000.0	0.0	-0.0	Inf
GAMtex_f	dha_e	-0.0	-1000.0	0.0	-0.0	Inf
GAMtex_f	ppal_e	-0.0	-1000.0	0.0	-0.0	Inf
GAMtex_f	h2_e	-0.0	-1000.0	0.0	-0.0	Inf
GAMtex_f	dms_e	-0.0	-1000.0	0.0	-0.0	Inf
GAMtex_f	dmso_e	-0.0	-1000.0	0.0	-0.0	Inf
GAMtex_f	h2o2_e	-0.0	-1000.0	0.0	-0.0	Inf
GAMtex_f	psclys_e	-0.0	-1000.0	0.0	-0.0	Inf
GAMtex_f	duri_e	-0.0	-1000.0	0.0	-0.0	Inf
GAMtex_f	pydx_e	-0.0	-1000.0	0.0	-0.0	Inf
GAMtex_f	pydxn_e	-0.0	-1000.0	0.0	-0.0	Inf
GAMtex_f	etoh_e	-0.0	-1000.0	0.0	-0.0	Inf
GAMtex_f	fald_e	-0.0	0.0	0.0	Inf	Inf
GAMtex_f	rib__D_e	-0.0	-1000.0	0.0	-0.0	Inf
GAMtex_f	rmn_e	-0.0	-1000.0	0.0	-0.0	Inf
GAMtex_f	indole_e	-0.0	-1000.0	0.0	-0.0	Inf
GAMtex_f	inost_e	-0.0	-1000.0	0.0	-0.0	Inf
GAMtex_f	sbt__D_e	-0.0	-1.4046380472603741	0.0	-0.0	Inf
GAMtex_f	k_e	-0.0	-0.038129766035694956	999.9618702339643	-0.0	0.0
GAMtex_f	for_e	-0.0	0.0	0.00047917864108981266	Inf	0.0
GAMtex_f	slnt_e	-0.0	0.0	1000.0	Inf	0.0
GAMtex_f	fru_e	-0.0	-1000.0	0.0	-0.0	Inf
GAMtex_f	so2_e	-0.0	-1000.0	0.0	-0.0	Inf
GAMtex_f	so3_e	-0.0	-1000.0	0.0	-0.0	Inf
GAMtex_f	so4_e	-0.0	-0.049266909022549044	999.9507330909775	-0.0	0.0
GAMtex_f	lipa_cold_e	-0.0	-1000.0	0.0	-0.0	Inf
GAMtex_f	sucr_e	-0.0	-1000.0	0.0	-0.0	Inf
GAMtex_f	g3pe_e	-0.0	-1000.0	0.0	-0.0	Inf
GAMtex_f	malt_e	-0.0	-1000.0	0.0	-0.0	Inf
GAMtex_f	tartr__L_e	-0.0	-1000.0	0.0	-0.0	Inf
GAMtex_f	g3pi_e	-0.0	-1000.0	0.0	-0.0	Inf
GAMtex_f	malthx_e	-0.0	-1000.0	0.0	-0.0	Inf
GAMtex_f	maltpt_e	-0.0	-1000.0	0.0	-0.0	Inf
GAMtex_f	gal_e	-0.0	-1000.0	0.0	-0.0	Inf
GAMtex_f	gal_bD_e	-0.0	-1000.0	0.0	-0.0	Inf
GAMtex_f	malttr_e	-0.0	-1000.0	0.0	-0.0	Inf
GAMtex_f	maltttr_e	-0.0	-1000.0	0.0	-0.0	Inf
GAMtex_f	man_e	-0.0	-1000.0	0.0	-0.0	Inf
GAMtex_f	thym_e	-0.0	-1000.0	0.0	-0.0	Inf
GAMtex_f	thymd_e	-0.0	-1000.0	0.0	-0.0	Inf
GAMtex_f	galt_e	-0.0	-1.3766384751380658	0.0	-0.0	Inf
GAMtex_f	melib_e	-0.0	-1000.0	0.0	-0.0	Inf
GAMtex_f	meoh_e	-0.0	-1000.0	0.0	-0.0	Inf
GAMtex_f	tmao_e	-0.0	-1000.0	0.0	-0.0	Inf
GAMtex_f	tre_e	-0.0	-1000.0	0.0	-0.0	Inf
GAMtex_f	metsox_S__L_e	-0.0	-1000.0	0.0	-0.0	Inf
GAMtex_f	glc__D_e	-0.0	-1000.0	0.0	-0.0	Inf
GAMtex_f	mg2_e	-0.0	-0.0016946085174822656	999.9983053914825	-0.0	0.0
GAMtex_f	mnl_e	-0.0	-1000.0	0.0	-0.0	Inf
GAMtex_f	mobd_e	-0.0	-2.519936583667004e-05	999.9999748006342	-0.0	0.0
GAMtex_f	glyald_e	-0.0	-1000.0	0.0	-0.0	Inf
GAMtex_f	n2o_e	-0.0	-1000.0	0.0	-0.0	Inf
GAMtex_f	na1_e	-0.0	0.0	1000.0	Inf	0.0
GAMtex_f	nac_e	-0.0	-1000.0	0.0	-0.0	Inf
GAMtex_f	ni2_e	-0.0	-6.309608659194055e-05	999.9999369039134	-0.0	0.0
GAMtex_f	no_e	-0.0	-1000.0	0.0	-0.0	Inf
GAMtex_f	no2_e	-0.0	-1000.0	0.0	-0.0	Inf
GAMtex_f	ura_e	-0.0	-1000.0	0.0	-0.0	Inf
GAMtex_f	no3_e	-0.0	-1000.0	0.0	-0.0	Inf
GAMtex_f	urea_e	-0.0	-1000.0	0.0	-0.0	Inf
GAMtex_f	novbcn_e	-0.0	-1000.0	0.0	-0.0	Inf
GAMtex_f	uri_e	-0.0	-1000.0	0.0	-0.0	Inf
GAMtex_f	o2_e	-0.0	-5.564616985586099	994.4353830144139	-0.0	0.0
GAMtex_f	xan_e	-0.0	0.0	0.0	Inf	Inf
GAMtex_f	xtsn_e	-0.0	-1000.0	0.0	-0.0	Inf
GAMtex_f	xyl__D_e	-0.0	-1000.0	0.0	-0.0	Inf
GAMtex_f	xylu__L_e	-0.0	-1000.0	0.0	-0.0	Inf
GAMtex_f	pacald_e	-0.0	-1000.0	0.0	-0.0	Inf
GAMtex_f	12dgr120_p	-0.0	0.0	0.0	Inf	Inf
GAMtex_f	12dgr140_p	-0.0	0.0	0.0	Inf	Inf
GAMtex_f	12dgr160_p	-0.0	-0.012465676995589092	0.0	-0.0	Inf
GAMtex_f	12dgr180_p	-0.0	0.0	0.0	Inf	Inf
GAMtex_f	12ppd__R_p	-0.0	-1000.0	0.0	-0.0	Inf
GAMtex_f	12ppd__S_p	-0.0	0.0	0.0	Inf	Inf
GAMtex_f	chol_p	-0.0	-1000.0	0.0	-0.0	Inf
GAMtex_f	cl_p	-0.0	-0.001016765110534834	999.9989832348895	-0.0	0.0
GAMtex_f	34dhpac_p	-0.0	-1000.0	0.0	-0.0	Inf
GAMtex_f	cm_p	-0.0	0.0	0.0	Inf	Inf
GAMtex_f	4hoxpacd_p	-0.0	-1000.0	0.0	-0.0	Inf
GAMtex_f	co2_p	-0.0	-996.0185386207005	3.9814613792995033	-0.0	0.0
GAMtex_f	5mtr_p	-0.0	0.0	0.0	Inf	Inf
GAMtex_f	LalaDgluMdap_p	-0.0	-0.0054282168858534145	0.0	-0.0	Inf
GAMtex_f	gal_p	-0.0	-1000.0	0.0	-0.0	Inf
GAMtex_f	ac_p	-0.0	-0.8443992993047514	0.0	-0.0	Inf
GAMtex_f	crn_p	-0.0	-1000.0	0.0	-0.0	Inf
GAMtex_f	gal_bD_p	-0.0	-1000.0	0.0	-0.0	Inf
GAMtex_f	acald_p	-0.0	-1000.0	0.0	-0.0	Inf
GAMtex_f	acgal_p	-0.0	-1000.0	0.0	-0.0	Inf
GAMtex_f	csn_p	-0.0	0.0	0.0	Inf	Inf
GAMtex_f	acgam_p	-0.0	-1000.0	0.0	-0.0	Inf
GAMtex_f	galt_p	-0.0	-1.3766384751380658	0.0	-0.0	Inf
GAMtex_f	acmana_p	-0.0	-1000.0	0.0	-0.0	Inf
GAMtex_f	cyan_p	-0.0	0.0	0.0	Inf	Inf
GAMtex_f	ade_p	-0.0	-1000.0	0.0	-0.0	Inf
GAMtex_f	adn_p	-0.0	0.0	0.00013068508336821412	Inf	0.0
GAMtex_f	cytd_p	-0.0	0.0	0.0	Inf	Inf
GAMtex_f	glc__D_p	-0.0	-1000.0	0.0	-0.0	Inf
GAMtex_f	dad_2_p	-0.0	-1000.0	0.0	-0.0	Inf
GAMtex_f	dcyt_p	-0.0	-1000.0	0.0	-0.0	Inf
GAMtex_f	all__D_p	-0.0	0.0	0.0	Inf	Inf
GAMtex_f	alltn_p	-0.0	0.0	0.0	Inf	Inf
GAMtex_f	dha_p	-0.0	-1000.0	0.0	-0.0	Inf
GAMtex_f	glyald_p	-0.0	-1000.0	0.0	-0.0	Inf
GAMtex_f	glyb_p	0.0	0.0	0.0	Inf	Inf
GAMtex_f	dms_p	-0.0	-1000.0	0.0	-0.0	Inf
GAMtex_f	glyc_p	-0.0	-59.99251867578372	0.29383878547828723	-0.0	0.0
GAMtex_f	dmso_p	-0.0	-1000.0	0.0	-0.0	Inf
GAMtex_f	arab__L_p	-0.0	0.0	0.0	Inf	Inf
GAMtex_f	arbt_p	0.0	0.0	0.0	Inf	Inf
GAMtex_f	ca2_p	-0.0	-0.001016765110534834	999.9989832348895	-0.0	0.0
GAMtex_f	duri_p	-0.0	-1000.0	0.0	-0.0	Inf
GAMtex_f	h2_p	-0.0	-1000.0	0.0	-0.0	Inf
GAMtex_f	h2o2_p	-0.0	-1000.0	0.0	-0.0	Inf
GAMtex_f	etoh_p	-0.0	-1000.0	0.0	-0.0	Inf
GAMtex_f	fald_p	-0.0	0.0	0.0	Inf	Inf
GAMtex_f	n2o_p	-0.0	-1000.0	0.0	-0.0	Inf
GAMtex_f	na1_p	-0.0	0.0	0.0	Inf	Inf
GAMtex_f	indole_p	-0.0	0.0	0.09861712663312362	Inf	0.0
GAMtex_f	nac_p	-0.0	-1000.0	0.0	-0.0	Inf
GAMtex_f	ni2_p	-0.0	-6.309608659194055e-05	999.9999369039134	-0.0	0.0
GAMtex_f	inost_p	-0.0	-1000.0	0.0	-0.0	Inf
GAMtex_f	no_p	-0.0	-1000.0	0.0	-0.0	Inf
GAMtex_f	no2_p	-0.0	-1000.0	0.0	-0.0	Inf
GAMtex_f	for_p	-0.0	0.0	0.00047917864108981266	Inf	0.0
GAMtex_f	fru_p	-0.0	-1000.0	0.0	-0.0	Inf
GAMtex_f	no3_p	-0.0	0.0	0.0	Inf	Inf
GAMtex_f	k_p	-0.0	-0.038129766035694956	999.9618702339643	-0.0	0.0
GAMtex_f	novbcn_p	-0.0	0.0	0.0	Inf	Inf
GAMtex_f	o2_p	-0.0	-5.564616985586099	994.4353830144139	-0.0	0.0
GAMtex_f	lipa_cold_p	-0.0	-3.599525122109028	0.0	-0.0	Inf
GAMtex_f	g3pe_p	-0.0	-0.18843480218197595	0.0	-0.0	Inf
GAMtex_f	g3pi_p	-0.0	0.0	0.0	Inf	Inf
GAMtex_f	so3_p	-0.0	-1000.0	0.0	-0.0	Inf
GAMtex_f	so4_p	-0.0	-0.049266909022549044	999.9507330909775	-0.0	0.0
GAMtex_f	malt_p	0.0	0.0	0.0	Inf	Inf
GAMtex_f	malthx_p	0.0	0.0	0.0	Inf	Inf
GAMtex_f	maltpt_p	0.0	0.0	0.0	Inf	Inf
GAMtex_f	sucr_p	-0.0	-1000.0	0.0	-0.0	Inf
GAMtex_f	malttr_p	0.0	0.0	0.0	Inf	Inf
GAMtex_f	maltttr_p	0.0	0.0	0.0	Inf	Inf
GAMtex_f	pacald_p	-0.0	-1000.0	0.0	-0.0	Inf
GAMtex_f	man_p	-0.0	-1000.0	0.0	-0.0	Inf
GAMtex_f	tartr__L_p	-0.0	-1000.0	0.0	-0.0	Inf
GAMtex_f	pe120_p	-0.0	-0.015202445333404929	0.0	-0.0	Inf
GAMtex_f	melib_p	-0.0	-1000.0	0.0	-0.0	Inf
GAMtex_f	meoh_p	-0.0	-1000.0	0.0	-0.0	Inf
GAMtex_f	thym_p	-0.0	-1000.0	0.0	-0.0	Inf
GAMtex_f	thymd_p	-0.0	-0.005111369045459926	0.0	-0.0	Inf
GAMtex_f	pg120_p	-0.0	-0.015202445333404929	0.0	-0.0	Inf
GAMtex_f	metsox_S__L_p	-0.0	-1000.0	0.0	-0.0	Inf
GAMtex_f	tmao_p	-0.0	-1000.0	0.0	-0.0	Inf
GAMtex_f	mg2_p	-0.0	-0.0016946085174822656	999.9983053914825	-0.0	0.0
GAMtex_f	tre_p	-0.0	0.0	0.0	Inf	Inf
GAMtex_f	mnl_p	-0.0	0.0	0.0	Inf	Inf
GAMtex_f	mobd_p	-0.0	-2.519936583667004e-05	999.9999748006342	-0.0	0.0
GAMtex_f	ura_p	-0.0	-1000.0	0.0	-0.0	Inf
GAMtex_f	urea_p	-0.0	-1000.0	0.0	-0.0	Inf
GAMtex_f	uri_p	-0.0	0.0	0.0	Inf	Inf
GAMtex_f	xan_p	-0.0	-0.021332142242044938	0.0	-0.0	Inf
GAMtex_f	xtsn_p	-0.0	0.0	0.0	Inf	Inf
GAMtex_f	xyl__D_p	-0.0	0.0	0.0	Inf	Inf
GAMtex_f	xylu__L_p	-0.0	-1000.0	0.0	-0.0	Inf
GAMtex_f	ppal_p	-0.0	-1000.0	0.0	-0.0	Inf
GAMtex_f	psclys_p	-0.0	-1000.0	0.0	-0.0	Inf
GAMtex_f	pydx_p	-0.0	0.0	0.0	Inf	Inf
GAMtex_f	pydxn_p	-0.0	0.0	0.0	Inf	Inf
GAMtex_f	rib__D_p	-0.0	-1000.0	0.0	-0.0	Inf
GAMtex_f	rmn_p	-0.0	-1000.0	0.0	-0.0	Inf
GAMtex_f	sbt__D_p	-0.0	-1.4046380472603741	0.0	-0.0	Inf
GAMtex_f	slnt_p	-0.0	0.0	0.0	Inf	Inf
GAMtex_f	so2_p	-0.0	-1000.0	0.0	-0.0	Inf
