Reaction	Metabolite	ShadowPrice	G-	G+	DecrementalShadowPrice	IncrementalShadowPrice
DIMPtex_f	12dgr120_c	-0.0	0.0	0.0	Inf	Inf
DIMPtex_f	12dgr140_c	-0.0	0.0	0.0	Inf	Inf
DIMPtex_f	12dgr160_c	-0.0	-0.010408653278733285	0.0	-0.0	Inf
DIMPtex_f	12dgr180_c	-0.0	0.0	0.0	Inf	Inf
DIMPtex_f	12ppd__R_c	-0.0	-1000.0	0.0	-0.0	Inf
DIMPtex_f	12ppd__S_c	-0.0	0.0	0.0	Inf	Inf
DIMPtex_f	5drib_c	-0.0	-999.99995267612	4.732388008019097e-05	-0.0	0.0
DIMPtex_f	5mta_c	-0.0	0.0	0.0	Inf	Inf
DIMPtex_f	23dhacoa_c	-0.0	-0.0001222356713326267	0.0	-0.0	Inf
DIMPtex_f	5mtr_c	-0.0	0.0	0.0	Inf	Inf
DIMPtex_f	3amac_c	-0.0	-1.9515332537275754	0.0	-0.0	Inf
DIMPtex_f	LalaDgluMdap_c	-0.0	-0.0058970223303513305	0.0	-0.0	Inf
DIMPtex_f	ac_c	-0.0	-0.187355759017199	0.12363034738051518	-0.0	0.0
DIMPtex_f	acald_c	-0.0	0.0	0.5300585138476026	Inf	0.0
DIMPtex_f	acetol_c	-0.0	0.0	0.0	Inf	Inf
DIMPtex_f	acgam_c	-0.0	-0.0200517434126763	0.0	-0.0	Inf
DIMPtex_f	acgam6p_c	-0.0	-0.0200517434126763	0.0	-0.0	Inf
DIMPtex_f	acmalt_c	0.0	0.0	0.0	Inf	Inf
DIMPtex_f	acmana_c	-0.0	-0.0200517434126763	0.0	-0.0	Inf
DIMPtex_f	2dmmq8_c	-0.0	0.0	0.0	Inf	Inf
DIMPtex_f	2dmmql8_c	0.0	0.0	0.0	Inf	Inf
DIMPtex_f	ade_c	-0.0	-0.023695045532804215	0.00014197164024057292	-0.0	0.0
DIMPtex_f	adn_c	-0.0	0.0	0.00014197164024057292	Inf	0.0
DIMPtex_f	3sala_c	0.0	0.0	0.0	Inf	Inf
DIMPtex_f	adphep_DD_c	-0.0	0.0	0.0	Inf	Inf
DIMPtex_f	adphep_LD_c	-0.0	0.0	0.0	Inf	Inf
DIMPtex_f	4ahmmp_c	0.0	0.0	0.0	Inf	Inf
DIMPtex_f	4crsol_c	-0.0	-999.99995267612	4.732388008019097e-05	-0.0	0.0
DIMPtex_f	2ohph_c	-0.0	-4.732388008019097e-05	0.018767622021398367	-0.0	0.0
DIMPtex_f	2ombzl_c	-0.0	0.0	0.0	Inf	Inf
DIMPtex_f	2omhmbl_c	-0.0	0.0	0.0	Inf	Inf
DIMPtex_f	2ommbl_c	-0.0	0.0	0.0	Inf	Inf
DIMPtex_f	2omph_c	-0.0	0.0	0.016885204487611966	Inf	0.0
DIMPtex_f	4mhetz_c	0.0	0.0	0.0	Inf	Inf
DIMPtex_f	2oph_c	-0.0	-4.732388008019097e-05	0.018767622021398367	-0.0	0.0
DIMPtex_f	2oxpaccoa_c	-0.0	-0.0001222356713326267	0.0	-0.0	Inf
DIMPtex_f	all__D_c	-0.0	-0.0936778795085995	0.0	-0.0	Inf
DIMPtex_f	alltn_c	-0.0	-0.48788331343189384	0.0	-0.0	Inf
DIMPtex_f	4r5au_c	-0.0	-9.46477603065432e-05	0.11369371021658724	-0.0	0.0
DIMPtex_f	56dura_c	0.0	0.0	0.0	Inf	Inf
DIMPtex_f	arab__L_c	-0.0	-0.15586868512014007	0.0	-0.0	Inf
DIMPtex_f	etoh_c	-0.0	-1000.0	0.0	-0.0	Inf
DIMPtex_f	csn_c	-0.0	0.0	0.0	Inf	Inf
DIMPtex_f	fald_c	-0.0	0.0	0.0	Inf	Inf
DIMPtex_f	fc1p_c	-0.0	-0.0936778795085995	0.0	-0.0	Inf
DIMPtex_f	fcl__L_c	-0.0	0.0	0.0	Inf	Inf
DIMPtex_f	aso4_c	0.0	0.0	0.0	Inf	Inf
DIMPtex_f	cyan_c	0.0	0.0	0.0	Inf	Inf
DIMPtex_f	athtp_c	0.0	0.0	0.0	Inf	Inf
DIMPtex_f	cytd_c	-0.0	-0.03406576614297034	0.0	-0.0	Inf
DIMPtex_f	dad_2_c	-0.0	0.0	0.0	Inf	Inf
DIMPtex_f	dad_5_c	-0.0	-0.023695045532804215	4.732388008019097e-05	-0.0	0.0
DIMPtex_f	betald_c	0.0	0.0	0.0	Inf	Inf
DIMPtex_f	btal_c	-0.0	-420.1524733455979	0.0	-0.0	Inf
DIMPtex_f	for_c	-0.0	-1.9515332537275754	0.000520562681085079	-0.0	0.0
DIMPtex_f	dcyt_c	-0.0	-0.005552810072572356	0.0	-0.0	Inf
DIMPtex_f	fru_c	-0.0	0.0	0.20429338554543017	Inf	0.0
DIMPtex_f	ca2_c	-0.0	-0.001104577559772224	999.9988954224402	-0.0	0.0
DIMPtex_f	g3pe_c	-0.0	0.0	0.0	Inf	Inf
DIMPtex_f	g3pi_c	0.0	0.0	0.0	Inf	Inf
DIMPtex_f	cbm_c	-0.0	-0.9757666268637877	0.0	-0.0	Inf
DIMPtex_f	dha_c	-0.0	-0.187355759017199	0.40858677109086033	-0.0	0.0
DIMPtex_f	gal_c	-0.0	0.0	0.0	Inf	Inf
DIMPtex_f	dhgly_c	-0.0	-4.732388008019097e-05	0.07400816985796717	-0.0	0.0
DIMPtex_f	dhmptp_c	0.0	0.0	0.0	Inf	Inf
DIMPtex_f	gcald_c	-0.0	-0.6280188720118076	0.00014197164000506746	-0.0	0.0
DIMPtex_f	dhptd_c	-0.0	-11.892647822948696	9.464776016038194e-05	-0.0	0.0
DIMPtex_f	cechddd_c	-0.0	0.0	0.0	Inf	Inf
DIMPtex_f	dhptdn_c	0.0	0.0	0.0	Inf	Inf
DIMPtex_f	chol_c	0.0	0.0	0.0	Inf	Inf
DIMPtex_f	chtbs6p_c	-0.0	0.0	0.0	Inf	Inf
DIMPtex_f	dmbzid_c	0.0	0.0	0.0	Inf	Inf
DIMPtex_f	dms_c	0.0	0.0	0.0	Inf	Inf
DIMPtex_f	dmso_c	0.0	0.0	0.0	Inf	Inf
DIMPtex_f	cl_c	-0.0	-0.0011045775597192558	999.9988954224402	-0.0	0.0
DIMPtex_f	glc__D_c	-0.0	-0.0936778795085995	0.20429338554543017	-0.0	0.0
DIMPtex_f	co2_c	-0.0	-993.7110560055027	6.288423431816227	-0.0	0.0
DIMPtex_f	dscl_c	-0.0	-4.732388008019097e-05	0.021599300674406702	-0.0	0.0
DIMPtex_f	dtdp4aaddg_c	-0.0	0.0	0.0	Inf	Inf
DIMPtex_f	glyald_c	-0.0	-1000.0	0.0	-0.0	Inf
DIMPtex_f	crn_c	-0.0	-1000.0	0.0	-0.0	Inf
DIMPtex_f	duri_c	-0.0	-0.005552810072572356	0.0	-0.0	Inf
DIMPtex_f	glyb_c	0.0	0.0	0.0	Inf	Inf
DIMPtex_f	glyc_c	-0.0	-0.029503786546138073	0.0	-0.0	Inf
DIMPtex_f	dxyl_c	0.0	0.0	0.0	Inf	Inf
DIMPtex_f	glycogen_c	-0.0	-0.0936778795085995	0.0	-0.0	Inf
DIMPtex_f	gmhep1p_c	-0.0	0.0	0.15816262106742976	Inf	0.0
DIMPtex_f	lipa_cold_c	-0.0	0.0	0.0	Inf	Inf
DIMPtex_f	lipidA_c	-0.0	-0.004128849375945265	0.01383086390152419	-0.0	0.0
DIMPtex_f	malt_c	0.0	0.0	0.0	Inf	Inf
DIMPtex_f	h2_c	-0.0	0.0	0.0	Inf	Inf
DIMPtex_f	malthx_c	-0.0	0.0	0.0	Inf	Inf
DIMPtex_f	maltpt_c	-0.0	0.0	0.0	Inf	Inf
DIMPtex_f	malttr_c	-0.0	0.0	0.0	Inf	Inf
DIMPtex_f	maltttr_c	-0.0	0.0	0.0	Inf	Inf
DIMPtex_f	h2o2_c	-0.0	-11.671369568218706	0.0005307489874439852	-0.0	0.0
DIMPtex_f	man_c	-0.0	0.0	0.0	Inf	Inf
DIMPtex_f	mdhdhf_c	-0.0	-11.892647822948696	9.464776016038194e-05	-0.0	0.0
DIMPtex_f	melib_c	-0.0	0.0	0.0	Inf	Inf
DIMPtex_f	meoh_c	-0.0	-1000.0	0.0	-0.0	Inf
DIMPtex_f	pacald_c	-0.0	-1000.0	0.0	-0.0	Inf
DIMPtex_f	metsox_S__L_c	-0.0	-0.020817306557466542	0.0	-0.0	Inf
DIMPtex_f	mg2_c	-0.0	-0.0018409625995320928	999.9981590374005	-0.0	0.0
DIMPtex_f	hhlipa_c	-0.0	0.0	0.0	Inf	Inf
DIMPtex_f	pe120_c	-0.0	0.0	0.0	Inf	Inf
DIMPtex_f	mobd_c	-0.0	-2.7375697413845046e-05	4.903041253090322	-0.0	0.0
DIMPtex_f	hlipa_c	-0.0	0.0	0.0	Inf	Inf
DIMPtex_f	pg120_c	-0.0	-0.011709734938574943	0.0	-0.0	Inf
DIMPtex_f	mql8_c	0.0	0.0	0.0	Inf	Inf
DIMPtex_f	mqn8_c	-0.0	0.0	0.0	Inf	Inf
DIMPtex_f	mthgxl_c	-0.0	-0.187355759017199	0.0	-0.0	Inf
DIMPtex_f	hqn_c	0.0	0.0	0.0	Inf	Inf
DIMPtex_f	mththf_c	-0.0	-999.9999053522398	9.464776016038194e-05	-0.0	0.0
DIMPtex_f	n2o_c	-0.0	-1000.0	0.0	-0.0	Inf
DIMPtex_f	na1_c	-0.0	0.0	0.0	Inf	Inf
DIMPtex_f	nac_c	-0.0	0.0	0.0	Inf	Inf
DIMPtex_f	ncam_c	-0.0	0.0	0.0	Inf	Inf
DIMPtex_f	ni2_c	-0.0	-6.854535092770675e-05	999.9999314546491	-0.0	0.0
DIMPtex_f	no_c	-0.0	-1000.0	0.0	-0.0	Inf
DIMPtex_f	indole_c	-0.0	-0.012062920696853342	0.11814557236362228	-0.0	0.0
DIMPtex_f	no2_c	-0.0	-1000.0	0.0	-0.0	Inf
DIMPtex_f	no3_c	0.0	0.0	0.0	Inf	Inf
DIMPtex_f	inost_c	0.0	0.0	0.0	Inf	Inf
DIMPtex_f	o2_c	-0.0	-5.835684784109353	994.1643152158906	-0.0	0.0
DIMPtex_f	poaac_c	-0.0	-1.4008689294543766	0.0	-0.0	Inf
DIMPtex_f	ppal_c	-0.0	0.0	0.0	Inf	Inf
DIMPtex_f	k_c	-0.0	-0.04142282567033817	19.612165012361288	-0.0	0.0
DIMPtex_f	psclys_c	-0.0	0.0	0.0	Inf	Inf
DIMPtex_f	lald__D_c	-0.0	0.0	0.0	Inf	Inf
DIMPtex_f	lald__L_c	-0.0	-0.187355759017199	0.0	-0.0	Inf
DIMPtex_f	ura_c	-0.0	0.0	0.0	Inf	Inf
DIMPtex_f	pydx_c	-0.0	0.0	0.14211713777073406	Inf	0.0
DIMPtex_f	uracp_c	-0.0	-1.1460453749055546	0.0	-0.0	Inf
DIMPtex_f	pydxn_c	-0.0	0.0	0.13525631043007794	Inf	0.0
DIMPtex_f	urate_c	-0.0	-0.48788331343189406	0.0	-0.0	Inf
DIMPtex_f	q8_c	-0.0	0.0	0.0	Inf	Inf
DIMPtex_f	q8h2_c	0.0	0.0	0.0	Inf	Inf
DIMPtex_f	urea_c	-0.0	0.0	0.8527028266244033	Inf	0.0
DIMPtex_f	uri_c	-0.0	0.0	0.14109471231914608	Inf	0.0
DIMPtex_f	rbflvrd_c	-0.0	0.0	0.05811011855514459	Inf	0.0
DIMPtex_f	rbl__L_c	-0.0	-0.15586868512014007	0.0	-0.0	Inf
DIMPtex_f	rdmbzi_c	0.0	0.0	0.0	Inf	Inf
DIMPtex_f	thptdn_c	0.0	0.0	0.0	Inf	Inf
DIMPtex_f	xan_c	-0.0	0.0	0.0	Inf	Inf
DIMPtex_f	rephaccoa_c	-0.0	-0.0001222356713326267	0.0	-0.0	Inf
DIMPtex_f	rib__D_c	-0.0	-0.31651248472360294	0.0	-0.0	Inf
DIMPtex_f	xtsn_c	-0.0	0.0	0.0	Inf	Inf
DIMPtex_f	rml_c	-0.0	-0.0936778795085995	0.0	-0.0	Inf
DIMPtex_f	thym_c	-0.0	-19.612165012361288	0.0	-0.0	Inf
DIMPtex_f	thymd_c	-0.0	-0.005552810072572356	0.0	-0.0	Inf
DIMPtex_f	xu5p__L_c	-0.0	-0.15586868512014007	0.0	-0.0	Inf
DIMPtex_f	rmn_c	-0.0	-0.0936778795085995	0.0	-0.0	Inf
DIMPtex_f	xyl__D_c	0.0	0.0	0.0	Inf	Inf
DIMPtex_f	tmao_c	0.0	0.0	0.0	Inf	Inf
DIMPtex_f	xylu__D_c	-0.0	0.0	0.0	Inf	Inf
DIMPtex_f	xylu__L_c	-0.0	-0.15586868512014007	0.0	-0.0	Inf
DIMPtex_f	12ppd__R_e	-0.0	-1000.0	0.0	-0.0	Inf
DIMPtex_f	12ppd__S_e	-0.0	-1000.0	0.0	-0.0	Inf
DIMPtex_f	tre_c	-0.0	-0.04683893975429975	0.0	-0.0	Inf
DIMPtex_f	seln_c	0.0	0.0	0.0	Inf	Inf
DIMPtex_f	34dhpac_e	-0.0	-1000.0	0.0	-0.0	Inf
DIMPtex_f	slnt_c	0.0	0.0	0.0	Inf	Inf
DIMPtex_f	so2_c	0.0	0.0	0.0	Inf	Inf
DIMPtex_f	so3_c	-0.0	-0.05260123545958248	0.9339126196362514	-0.0	0.0
DIMPtex_f	so4_c	-0.0	-0.05352182286670296	19.612165012361288	-0.0	0.0
DIMPtex_f	4hoxpacd_e	-0.0	-1000.0	0.0	-0.0	Inf
DIMPtex_f	5mtr_e	-0.0	0.0	0.0	Inf	Inf
DIMPtex_f	LalaDgluMdap_e	-0.0	-1000.0	0.0	-0.0	Inf
DIMPtex_f	ac_e	-0.0	0.0	0.0	Inf	Inf
DIMPtex_f	acald_e	-0.0	-1000.0	0.0	-0.0	Inf
DIMPtex_f	acgal_e	-0.0	-1000.0	0.0	-0.0	Inf
DIMPtex_f	acgam_e	-0.0	-1000.0	0.0	-0.0	Inf
DIMPtex_f	acmana_e	-0.0	-1000.0	0.0	-0.0	Inf
DIMPtex_f	tagur_c	-0.0	0.0	0.0	Inf	Inf
DIMPtex_f	tartr__L_c	-0.0	-0.187355759017199	0.0	-0.0	Inf
DIMPtex_f	ade_e	-0.0	-1000.0	0.0	-0.0	Inf
DIMPtex_f	adn_e	-0.0	-1000.0	0.0	-0.0	Inf
DIMPtex_f	all__D_e	-0.0	-1000.0	0.0	-0.0	Inf
DIMPtex_f	cl_e	-0.0	-0.001104577559772224	999.9988954224402	-0.0	0.0
DIMPtex_f	alltn_e	-0.0	0.0	0.0	Inf	Inf
DIMPtex_f	cm_e	-0.0	-1000.0	0.0	-0.0	Inf
DIMPtex_f	co2_e	-0.0	-993.7110560055027	6.288943994497345	-0.0	0.0
DIMPtex_f	arab__L_e	-0.0	-1000.0	0.0	-0.0	Inf
DIMPtex_f	arbt_e	-0.0	-1000.0	0.0	-0.0	Inf
DIMPtex_f	unagamu_c	-0.0	0.0	0.012768336596589385	Inf	0.0
DIMPtex_f	crn_e	-0.0	-1000.0	0.0	-0.0	Inf
DIMPtex_f	csn_e	-0.0	-1000.0	0.0	-0.0	Inf
DIMPtex_f	cyan_e	-0.0	-1000.0	0.0	-0.0	Inf
DIMPtex_f	glyb_e	-0.0	-1000.0	0.0	-0.0	Inf
DIMPtex_f	glyc_e	-0.0	-1000.0	0.0	-0.0	Inf
DIMPtex_f	cytd_e	-0.0	-1000.0	0.0	-0.0	Inf
DIMPtex_f	ca2_e	-0.0	-0.001104577559772224	999.9988954224402	-0.0	0.0
DIMPtex_f	dad_2_e	-0.0	-1000.0	0.0	-0.0	Inf
DIMPtex_f	dcyt_e	-0.0	-1000.0	0.0	-0.0	Inf
DIMPtex_f	chol_e	-0.0	-1000.0	0.0	-0.0	Inf
DIMPtex_f	dha_e	-0.0	-1000.0	0.0	-0.0	Inf
DIMPtex_f	ppal_e	-0.0	-1000.0	0.0	-0.0	Inf
DIMPtex_f	h2_e	-0.0	-1000.0	0.0	-0.0	Inf
DIMPtex_f	dms_e	-0.0	-1000.0	0.0	-0.0	Inf
DIMPtex_f	dmso_e	-0.0	-1000.0	0.0	-0.0	Inf
DIMPtex_f	h2o2_e	-0.0	-1000.0	0.0	-0.0	Inf
DIMPtex_f	psclys_e	-0.0	-1000.0	0.0	-0.0	Inf
DIMPtex_f	duri_e	-0.0	-1000.0	0.0	-0.0	Inf
DIMPtex_f	pydx_e	-0.0	-1000.0	0.0	-0.0	Inf
DIMPtex_f	pydxn_e	-0.0	-1000.0	0.0	-0.0	Inf
DIMPtex_f	etoh_e	-0.0	-1000.0	0.0	-0.0	Inf
DIMPtex_f	fald_e	-0.0	0.0	0.0	Inf	Inf
DIMPtex_f	rib__D_e	-0.0	-1000.0	0.0	-0.0	Inf
DIMPtex_f	rmn_e	-0.0	-1000.0	0.0	-0.0	Inf
DIMPtex_f	indole_e	-0.0	-1000.0	0.0	-0.0	Inf
DIMPtex_f	inost_e	-0.0	-1000.0	0.0	-0.0	Inf
DIMPtex_f	sbt__D_e	-0.0	-0.0936778795085995	0.0	-0.0	Inf
DIMPtex_f	k_e	-0.0	-0.04142282567033817	999.9585771743297	-0.0	0.0
DIMPtex_f	for_e	-0.0	0.0	0.000520562681085079	Inf	0.0
DIMPtex_f	slnt_e	-0.0	0.0	1000.0	Inf	0.0
DIMPtex_f	fru_e	-0.0	-1000.0	0.0	-0.0	Inf
DIMPtex_f	so2_e	-0.0	-1000.0	0.0	-0.0	Inf
DIMPtex_f	so3_e	-0.0	-1000.0	0.0	-0.0	Inf
DIMPtex_f	so4_e	-0.0	-0.053521822866741786	999.9464781771333	-0.0	0.0
DIMPtex_f	lipa_cold_e	-0.0	-1000.0	0.0	-0.0	Inf
DIMPtex_f	sucr_e	-0.0	-1000.0	0.0	-0.0	Inf
DIMPtex_f	g3pe_e	-0.0	-1000.0	0.0	-0.0	Inf
DIMPtex_f	malt_e	-0.0	-1000.0	0.0	-0.0	Inf
DIMPtex_f	tartr__L_e	-0.0	-1000.0	0.0	-0.0	Inf
DIMPtex_f	g3pi_e	-0.0	-1000.0	0.0	-0.0	Inf
DIMPtex_f	malthx_e	-0.0	-1000.0	0.0	-0.0	Inf
DIMPtex_f	maltpt_e	-0.0	-1000.0	0.0	-0.0	Inf
DIMPtex_f	gal_e	-0.0	-1000.0	0.0	-0.0	Inf
DIMPtex_f	gal_bD_e	-0.0	-1000.0	0.0	-0.0	Inf
DIMPtex_f	malttr_e	-0.0	-1000.0	0.0	-0.0	Inf
DIMPtex_f	maltttr_e	-0.0	-1000.0	0.0	-0.0	Inf
DIMPtex_f	man_e	-0.0	-1000.0	0.0	-0.0	Inf
DIMPtex_f	thym_e	-0.0	-1000.0	0.0	-0.0	Inf
DIMPtex_f	thymd_e	-0.0	-1000.0	0.0	-0.0	Inf
DIMPtex_f	galt_e	-0.0	-0.0936778795085995	0.0	-0.0	Inf
DIMPtex_f	melib_e	-0.0	-1000.0	0.0	-0.0	Inf
DIMPtex_f	meoh_e	-0.0	-1000.0	0.0	-0.0	Inf
DIMPtex_f	tmao_e	-0.0	-1000.0	0.0	-0.0	Inf
DIMPtex_f	tre_e	-0.0	-1000.0	0.0	-0.0	Inf
DIMPtex_f	metsox_S__L_e	-0.0	-1000.0	0.0	-0.0	Inf
DIMPtex_f	glc__D_e	-0.0	-0.0936778795085995	0.20644384223538204	-0.0	0.0
DIMPtex_f	mg2_e	-0.0	-0.0018409625995445822	999.9981590374005	-0.0	0.0
DIMPtex_f	mnl_e	-0.0	-1000.0	0.0	-0.0	Inf
DIMPtex_f	mobd_e	-0.0	-2.7375697413845046e-05	999.9999726243026	-0.0	0.0
DIMPtex_f	glyald_e	-0.0	-1000.0	0.0	-0.0	Inf
DIMPtex_f	n2o_e	-0.0	-1000.0	0.0	-0.0	Inf
DIMPtex_f	na1_e	-0.0	0.0	1000.0	Inf	0.0
DIMPtex_f	nac_e	-0.0	-1000.0	0.0	-0.0	Inf
DIMPtex_f	ni2_e	-0.0	-6.854535092770675e-05	999.9999314546491	-0.0	0.0
DIMPtex_f	no_e	-0.0	-1000.0	0.0	-0.0	Inf
DIMPtex_f	no2_e	-0.0	-1000.0	0.0	-0.0	Inf
DIMPtex_f	ura_e	-0.0	-1000.0	0.0	-0.0	Inf
DIMPtex_f	no3_e	-0.0	-1000.0	0.0	-0.0	Inf
DIMPtex_f	urea_e	-0.0	-1000.0	0.0	-0.0	Inf
DIMPtex_f	novbcn_e	-0.0	-1000.0	0.0	-0.0	Inf
DIMPtex_f	uri_e	-0.0	-1000.0	0.0	-0.0	Inf
DIMPtex_f	o2_e	-0.0	-5.8356847841093895	994.1643152158906	-0.0	0.0
DIMPtex_f	xan_e	-0.0	0.0	0.0	Inf	Inf
DIMPtex_f	xtsn_e	-0.0	-1000.0	0.0	-0.0	Inf
DIMPtex_f	xyl__D_e	-0.0	-1000.0	0.0	-0.0	Inf
DIMPtex_f	xylu__L_e	-0.0	-1000.0	0.0	-0.0	Inf
DIMPtex_f	pacald_e	-0.0	-1000.0	0.0	-0.0	Inf
DIMPtex_f	12dgr120_p	-0.0	0.0	0.0	Inf	Inf
DIMPtex_f	12dgr140_p	-0.0	0.0	0.0	Inf	Inf
DIMPtex_f	12dgr160_p	-0.0	-0.010408653278733285	0.0	-0.0	Inf
DIMPtex_f	12dgr180_p	-0.0	0.0	0.0	Inf	Inf
DIMPtex_f	12ppd__R_p	-0.0	-1000.0	0.0	-0.0	Inf
DIMPtex_f	12ppd__S_p	-0.0	0.0	0.0	Inf	Inf
DIMPtex_f	chol_p	-0.0	-1000.0	0.0	-0.0	Inf
DIMPtex_f	cl_p	-0.0	-0.001104577559772224	999.9988954224402	-0.0	0.0
DIMPtex_f	34dhpac_p	-0.0	-1000.0	0.0	-0.0	Inf
DIMPtex_f	cm_p	-0.0	0.0	0.0	Inf	Inf
DIMPtex_f	4hoxpacd_p	-0.0	-1000.0	0.0	-0.0	Inf
DIMPtex_f	co2_p	-0.0	-993.7110560055027	6.288943994497345	-0.0	0.0
DIMPtex_f	5mtr_p	-0.0	0.0	0.0	Inf	Inf
DIMPtex_f	LalaDgluMdap_p	-0.0	-0.0058970223303513305	0.0	-0.0	Inf
DIMPtex_f	gal_p	-0.0	-1000.0	0.0	-0.0	Inf
DIMPtex_f	ac_p	-0.0	0.0	0.0	Inf	Inf
DIMPtex_f	crn_p	-0.0	-1000.0	0.0	-0.0	Inf
DIMPtex_f	gal_bD_p	-0.0	-1000.0	0.0	-0.0	Inf
DIMPtex_f	acald_p	-0.0	-1000.0	0.0	-0.0	Inf
DIMPtex_f	acgal_p	-0.0	-1000.0	0.0	-0.0	Inf
DIMPtex_f	csn_p	-0.0	0.0	0.0	Inf	Inf
DIMPtex_f	acgam_p	-0.0	-1000.0	0.0	-0.0	Inf
DIMPtex_f	galt_p	-0.0	-0.0936778795085995	0.0	-0.0	Inf
DIMPtex_f	acmana_p	-0.0	-1000.0	0.0	-0.0	Inf
DIMPtex_f	cyan_p	-0.0	0.0	0.0	Inf	Inf
DIMPtex_f	ade_p	-0.0	-1000.0	0.0	-0.0	Inf
DIMPtex_f	adn_p	-0.0	0.0	0.00014197164024057292	Inf	0.0
DIMPtex_f	cytd_p	-0.0	-0.03406576614297034	0.0	-0.0	Inf
DIMPtex_f	glc__D_p	-0.0	-0.0936778795085995	0.20644384223538204	-0.0	0.0
DIMPtex_f	dad_2_p	-0.0	-1000.0	0.0	-0.0	Inf
DIMPtex_f	dcyt_p	-0.0	-1000.0	0.0	-0.0	Inf
DIMPtex_f	all__D_p	-0.0	0.0	0.0	Inf	Inf
DIMPtex_f	alltn_p	-0.0	0.0	0.0	Inf	Inf
DIMPtex_f	dha_p	-0.0	-1000.0	0.0	-0.0	Inf
DIMPtex_f	glyald_p	-0.0	-1000.0	0.0	-0.0	Inf
DIMPtex_f	glyb_p	0.0	0.0	0.0	Inf	Inf
DIMPtex_f	dms_p	-0.0	-1000.0	0.0	-0.0	Inf
DIMPtex_f	glyc_p	-0.0	-0.029503786546138073	0.0	-0.0	Inf
DIMPtex_f	dmso_p	-0.0	-1000.0	0.0	-0.0	Inf
DIMPtex_f	arab__L_p	-0.0	0.0	0.0	Inf	Inf
DIMPtex_f	arbt_p	0.0	0.0	0.0	Inf	Inf
DIMPtex_f	ca2_p	-0.0	-0.001104577559772224	999.9988954224402	-0.0	0.0
DIMPtex_f	duri_p	-0.0	-1000.0	0.0	-0.0	Inf
DIMPtex_f	h2_p	-0.0	-1000.0	0.0	-0.0	Inf
DIMPtex_f	h2o2_p	-0.0	-1000.0	0.0	-0.0	Inf
DIMPtex_f	etoh_p	-0.0	-1000.0	0.0	-0.0	Inf
DIMPtex_f	fald_p	-0.0	0.0	0.0	Inf	Inf
DIMPtex_f	n2o_p	-0.0	-1000.0	0.0	-0.0	Inf
DIMPtex_f	na1_p	-0.0	0.0	0.0	Inf	Inf
DIMPtex_f	indole_p	-0.0	0.0	0.11886160613552302	Inf	0.0
DIMPtex_f	nac_p	-0.0	-1000.0	0.0	-0.0	Inf
DIMPtex_f	ni2_p	-0.0	-6.854535092770675e-05	999.9999314546491	-0.0	0.0
DIMPtex_f	inost_p	-0.0	-1000.0	0.0	-0.0	Inf
DIMPtex_f	no_p	-0.0	-1000.0	0.0	-0.0	Inf
DIMPtex_f	no2_p	-0.0	-1000.0	0.0	-0.0	Inf
DIMPtex_f	for_p	-0.0	-1.9515332537275754	0.000520562681085079	-0.0	0.0
DIMPtex_f	fru_p	-0.0	-1000.0	0.0	-0.0	Inf
DIMPtex_f	no3_p	-0.0	0.0	0.0	Inf	Inf
DIMPtex_f	k_p	-0.0	-0.04142282567033817	999.9585771743297	-0.0	0.0
DIMPtex_f	novbcn_p	-0.0	0.0	0.0	Inf	Inf
DIMPtex_f	o2_p	-0.0	-5.8356847841093895	994.1643152158906	-0.0	0.0
DIMPtex_f	lipa_cold_p	-0.0	-4.903041253090322	0.0	-0.0	Inf
DIMPtex_f	g3pe_p	-0.0	0.0	0.0	Inf	Inf
DIMPtex_f	g3pi_p	-0.0	0.0	0.0	Inf	Inf
DIMPtex_f	so3_p	-0.0	-1000.0	0.0	-0.0	Inf
DIMPtex_f	so4_p	-0.0	-0.05352182286670296	999.9464781771333	-0.0	0.0
DIMPtex_f	malt_p	0.0	0.0	0.0	Inf	Inf
DIMPtex_f	malthx_p	0.0	0.0	0.0	Inf	Inf
DIMPtex_f	maltpt_p	0.0	0.0	0.0	Inf	Inf
DIMPtex_f	sucr_p	-0.0	-1000.0	0.0	-0.0	Inf
DIMPtex_f	malttr_p	0.0	0.0	0.0	Inf	Inf
DIMPtex_f	maltttr_p	0.0	0.0	0.0	Inf	Inf
DIMPtex_f	pacald_p	-0.0	-1000.0	0.0	-0.0	Inf
DIMPtex_f	man_p	-0.0	-1000.0	0.0	-0.0	Inf
DIMPtex_f	tartr__L_p	-0.0	-1000.0	0.0	-0.0	Inf
DIMPtex_f	pe120_p	-0.0	0.0	0.0	Inf	Inf
DIMPtex_f	melib_p	-0.0	-1000.0	0.0	-0.0	Inf
DIMPtex_f	meoh_p	-0.0	-1000.0	0.0	-0.0	Inf
DIMPtex_f	thym_p	-0.0	-1000.0	0.0	-0.0	Inf
DIMPtex_f	thymd_p	-0.0	-0.005552810072572356	0.0	-0.0	Inf
DIMPtex_f	pg120_p	-0.0	-0.011709734938574943	0.0	-0.0	Inf
DIMPtex_f	metsox_S__L_p	-0.0	-1000.0	0.0	-0.0	Inf
DIMPtex_f	tmao_p	-0.0	-1000.0	0.0	-0.0	Inf
DIMPtex_f	mg2_p	-0.0	-0.0018409625995320928	999.9981590374005	-0.0	0.0
DIMPtex_f	tre_p	-0.0	0.0	0.0	Inf	Inf
DIMPtex_f	mnl_p	-0.0	0.0	0.0	Inf	Inf
DIMPtex_f	mobd_p	-0.0	-2.7375697413845046e-05	999.9999726243026	-0.0	0.0
DIMPtex_f	ura_p	-0.0	-1000.0	0.0	-0.0	Inf
DIMPtex_f	urea_p	-0.0	0.0	0.8527028266244033	Inf	0.0
DIMPtex_f	uri_p	-0.0	0.0	0.0	Inf	Inf
DIMPtex_f	xan_p	-0.0	0.0	0.0	Inf	Inf
DIMPtex_f	xtsn_p	-0.0	0.0	0.0	Inf	Inf
DIMPtex_f	xyl__D_p	-0.0	0.0	0.0	Inf	Inf
DIMPtex_f	xylu__L_p	-0.0	-1000.0	0.0	-0.0	Inf
DIMPtex_f	ppal_p	-0.0	-1000.0	0.0	-0.0	Inf
DIMPtex_f	psclys_p	-0.0	-1000.0	0.0	-0.0	Inf
DIMPtex_f	pydx_p	-0.0	0.0	0.0	Inf	Inf
DIMPtex_f	pydxn_p	-0.0	0.0	0.0	Inf	Inf
DIMPtex_f	rib__D_p	-0.0	-1000.0	0.0	-0.0	Inf
DIMPtex_f	rmn_p	-0.0	-1000.0	0.0	-0.0	Inf
DIMPtex_f	sbt__D_p	-0.0	-0.0936778795085995	0.0	-0.0	Inf
DIMPtex_f	slnt_p	-0.0	0.0	0.0	Inf	Inf
DIMPtex_f	so2_p	-0.0	-1000.0	0.0	-0.0	Inf
