Reaction	Metabolite	ShadowPrice	G-	G+	DecrementalShadowPrice	IncrementalShadowPrice
DKGLCNR2x	12dgr120_c	-0.0	0.0	0.0	Inf	Inf
DKGLCNR2x	12dgr140_c	-0.0	0.0	0.0	Inf	Inf
DKGLCNR2x	12dgr160_c	-0.0	-0.010408653278733285	0.0	-0.0	Inf
DKGLCNR2x	12dgr180_c	-0.0	0.0	0.0	Inf	Inf
DKGLCNR2x	12ppd__R_c	-0.0	-1000.0	0.0	-0.0	Inf
DKGLCNR2x	12ppd__S_c	-0.0	0.0	0.0	Inf	Inf
DKGLCNR2x	5drib_c	-0.0	-999.99995267612	4.732388008019097e-05	-0.0	0.0
DKGLCNR2x	5mta_c	-0.0	0.0	0.0	Inf	Inf
DKGLCNR2x	23dhacoa_c	-0.0	-0.0001222356713326267	0.0	-0.0	Inf
DKGLCNR2x	5mtr_c	-0.0	0.0	0.0	Inf	Inf
DKGLCNR2x	3amac_c	-0.0	-1.9515332537275754	0.0	-0.0	Inf
DKGLCNR2x	LalaDgluMdap_c	-0.0	-0.0058970223303513305	0.0	-0.0	Inf
DKGLCNR2x	ac_c	-0.0	-0.187355759017199	0.12363034738051518	-0.0	0.0
DKGLCNR2x	acald_c	-0.0	0.0	0.5300585138476026	Inf	0.0
DKGLCNR2x	acetol_c	-0.0	0.0	0.0	Inf	Inf
DKGLCNR2x	acgam_c	-0.0	-0.0200517434126763	0.0	-0.0	Inf
DKGLCNR2x	acgam6p_c	-0.0	-0.0200517434126763	0.0	-0.0	Inf
DKGLCNR2x	acmalt_c	0.0	0.0	0.0	Inf	Inf
DKGLCNR2x	acmana_c	-0.0	-0.0200517434126763	0.0	-0.0	Inf
DKGLCNR2x	2dmmq8_c	-0.0	0.0	0.0	Inf	Inf
DKGLCNR2x	2dmmql8_c	0.0	0.0	0.0	Inf	Inf
DKGLCNR2x	ade_c	-0.0	-0.023695045532804215	0.00014197164024057292	-0.0	0.0
DKGLCNR2x	adn_c	-0.0	0.0	0.00014197164024057292	Inf	0.0
DKGLCNR2x	3sala_c	0.0	0.0	0.0	Inf	Inf
DKGLCNR2x	adphep_DD_c	-0.0	0.0	0.0	Inf	Inf
DKGLCNR2x	adphep_LD_c	-0.0	0.0	0.0	Inf	Inf
DKGLCNR2x	4ahmmp_c	0.0	0.0	0.0	Inf	Inf
DKGLCNR2x	4crsol_c	-0.0	-999.99995267612	4.732388008019097e-05	-0.0	0.0
DKGLCNR2x	2ohph_c	-0.0	-4.732388008019097e-05	0.018767622021398367	-0.0	0.0
DKGLCNR2x	2ombzl_c	-0.0	0.0	0.0	Inf	Inf
DKGLCNR2x	2omhmbl_c	-0.0	0.0	0.0	Inf	Inf
DKGLCNR2x	2ommbl_c	-0.0	0.0	0.0	Inf	Inf
DKGLCNR2x	2omph_c	-0.0	0.0	0.016885204487611966	Inf	0.0
DKGLCNR2x	4mhetz_c	0.0	0.0	0.0	Inf	Inf
DKGLCNR2x	2oph_c	-0.0	-4.732388008019097e-05	0.018767622021398367	-0.0	0.0
DKGLCNR2x	2oxpaccoa_c	-0.0	-0.0001222356713326267	0.0	-0.0	Inf
DKGLCNR2x	all__D_c	-0.0	-0.0936778795085995	0.0	-0.0	Inf
DKGLCNR2x	alltn_c	-0.0	-0.48788331343189384	0.0	-0.0	Inf
DKGLCNR2x	4r5au_c	-0.0	-9.46477603065432e-05	0.11369371021658724	-0.0	0.0
DKGLCNR2x	56dura_c	0.0	0.0	0.0	Inf	Inf
DKGLCNR2x	arab__L_c	-0.0	-0.15586868512014007	0.0	-0.0	Inf
DKGLCNR2x	etoh_c	-0.0	-1000.0	0.0	-0.0	Inf
DKGLCNR2x	csn_c	-0.0	0.0	0.0	Inf	Inf
DKGLCNR2x	fald_c	-0.0	0.0	0.0	Inf	Inf
DKGLCNR2x	fc1p_c	-0.0	-0.0936778795085995	0.0	-0.0	Inf
DKGLCNR2x	fcl__L_c	-0.0	0.0	0.0	Inf	Inf
DKGLCNR2x	aso4_c	0.0	0.0	0.0	Inf	Inf
DKGLCNR2x	cyan_c	0.0	0.0	0.0	Inf	Inf
DKGLCNR2x	athtp_c	0.0	0.0	0.0	Inf	Inf
DKGLCNR2x	cytd_c	-0.0	-0.03406576614297034	0.0	-0.0	Inf
DKGLCNR2x	dad_2_c	-0.0	0.0	0.0	Inf	Inf
DKGLCNR2x	dad_5_c	-0.0	-0.023695045532804215	4.732388008019097e-05	-0.0	0.0
DKGLCNR2x	betald_c	0.0	0.0	0.0	Inf	Inf
DKGLCNR2x	btal_c	-0.0	-420.1524733455979	0.0	-0.0	Inf
DKGLCNR2x	for_c	-0.0	-1.9515332537275754	0.000520562681085079	-0.0	0.0
DKGLCNR2x	dcyt_c	-0.0	-0.005552810072572356	0.0	-0.0	Inf
DKGLCNR2x	fru_c	-0.0	0.0	0.20429338554543017	Inf	0.0
DKGLCNR2x	ca2_c	-0.0	-0.001104577559772224	999.9988954224402	-0.0	0.0
DKGLCNR2x	g3pe_c	-0.0	0.0	0.0	Inf	Inf
DKGLCNR2x	g3pi_c	0.0	0.0	0.0	Inf	Inf
DKGLCNR2x	cbm_c	-0.0	-0.9757666268637877	0.0	-0.0	Inf
DKGLCNR2x	dha_c	-0.0	-0.187355759017199	0.40858677109086033	-0.0	0.0
DKGLCNR2x	gal_c	-0.0	0.0	0.0	Inf	Inf
DKGLCNR2x	dhgly_c	-0.0	-4.732388008019097e-05	0.07400816985796717	-0.0	0.0
DKGLCNR2x	dhmptp_c	0.0	0.0	0.0	Inf	Inf
DKGLCNR2x	gcald_c	-0.0	-0.6280188720118076	0.00014197164000506746	-0.0	0.0
DKGLCNR2x	dhptd_c	-0.0	-11.892647822948696	9.464776016038194e-05	-0.0	0.0
DKGLCNR2x	cechddd_c	-0.0	0.0	0.0	Inf	Inf
DKGLCNR2x	dhptdn_c	0.0	0.0	0.0	Inf	Inf
DKGLCNR2x	chol_c	0.0	0.0	0.0	Inf	Inf
DKGLCNR2x	chtbs6p_c	-0.0	0.0	0.0	Inf	Inf
DKGLCNR2x	dmbzid_c	0.0	0.0	0.0	Inf	Inf
DKGLCNR2x	dms_c	0.0	0.0	0.0	Inf	Inf
DKGLCNR2x	dmso_c	0.0	0.0	0.0	Inf	Inf
DKGLCNR2x	cl_c	-0.0	-0.0011045775597192558	999.9988954224402	-0.0	0.0
DKGLCNR2x	glc__D_c	-0.0	-0.0936778795085995	0.20429338554543017	-0.0	0.0
DKGLCNR2x	co2_c	-0.0	-993.7110560055027	6.288423431816227	-0.0	0.0
DKGLCNR2x	dscl_c	-0.0	-4.732388008019097e-05	0.021599300674406702	-0.0	0.0
DKGLCNR2x	dtdp4aaddg_c	-0.0	0.0	0.0	Inf	Inf
DKGLCNR2x	glyald_c	-0.0	-1000.0	0.0	-0.0	Inf
DKGLCNR2x	crn_c	-0.0	-1000.0	0.0	-0.0	Inf
DKGLCNR2x	duri_c	-0.0	-0.005552810072572356	0.0	-0.0	Inf
DKGLCNR2x	glyb_c	0.0	0.0	0.0	Inf	Inf
DKGLCNR2x	glyc_c	-0.0	-0.029503786546138073	0.0	-0.0	Inf
DKGLCNR2x	dxyl_c	0.0	0.0	0.0	Inf	Inf
DKGLCNR2x	glycogen_c	-0.0	-0.0936778795085995	0.0	-0.0	Inf
DKGLCNR2x	gmhep1p_c	-0.0	0.0	0.15816262106742976	Inf	0.0
DKGLCNR2x	lipa_cold_c	-0.0	0.0	0.0	Inf	Inf
DKGLCNR2x	lipidA_c	-0.0	-0.004128849375945265	0.01383086390152419	-0.0	0.0
DKGLCNR2x	malt_c	0.0	0.0	0.0	Inf	Inf
DKGLCNR2x	h2_c	-0.0	0.0	0.0	Inf	Inf
DKGLCNR2x	malthx_c	-0.0	0.0	0.0	Inf	Inf
DKGLCNR2x	maltpt_c	-0.0	0.0	0.0	Inf	Inf
DKGLCNR2x	malttr_c	-0.0	0.0	0.0	Inf	Inf
DKGLCNR2x	maltttr_c	-0.0	0.0	0.0	Inf	Inf
DKGLCNR2x	h2o2_c	-0.0	-11.671369568218706	0.0005307489874439852	-0.0	0.0
DKGLCNR2x	man_c	-0.0	0.0	0.0	Inf	Inf
DKGLCNR2x	mdhdhf_c	-0.0	-11.892647822948696	9.464776016038194e-05	-0.0	0.0
DKGLCNR2x	melib_c	-0.0	0.0	0.0	Inf	Inf
DKGLCNR2x	meoh_c	-0.0	-1000.0	0.0	-0.0	Inf
DKGLCNR2x	pacald_c	-0.0	-1000.0	0.0	-0.0	Inf
DKGLCNR2x	metsox_S__L_c	-0.0	-0.020817306557466542	0.0	-0.0	Inf
DKGLCNR2x	mg2_c	-0.0	-0.0018409625995320928	999.9981590374005	-0.0	0.0
DKGLCNR2x	hhlipa_c	-0.0	0.0	0.0	Inf	Inf
DKGLCNR2x	pe120_c	-0.0	0.0	0.0	Inf	Inf
DKGLCNR2x	mobd_c	-0.0	-2.7375697413845046e-05	4.903041253090322	-0.0	0.0
DKGLCNR2x	hlipa_c	-0.0	0.0	0.0	Inf	Inf
DKGLCNR2x	pg120_c	-0.0	-0.011709734938574943	0.0	-0.0	Inf
DKGLCNR2x	mql8_c	0.0	0.0	0.0	Inf	Inf
DKGLCNR2x	mqn8_c	-0.0	0.0	0.0	Inf	Inf
DKGLCNR2x	mthgxl_c	-0.0	-0.187355759017199	0.0	-0.0	Inf
DKGLCNR2x	hqn_c	0.0	0.0	0.0	Inf	Inf
DKGLCNR2x	mththf_c	-0.0	-999.9999053522398	9.464776016038194e-05	-0.0	0.0
DKGLCNR2x	n2o_c	-0.0	-1000.0	0.0	-0.0	Inf
DKGLCNR2x	na1_c	-0.0	0.0	0.0	Inf	Inf
DKGLCNR2x	nac_c	-0.0	0.0	0.0	Inf	Inf
DKGLCNR2x	ncam_c	-0.0	0.0	0.0	Inf	Inf
DKGLCNR2x	ni2_c	-0.0	-6.854535092770675e-05	999.9999314546491	-0.0	0.0
DKGLCNR2x	no_c	-0.0	-1000.0	0.0	-0.0	Inf
DKGLCNR2x	indole_c	-0.0	-0.012062920696853342	0.11814557236362228	-0.0	0.0
DKGLCNR2x	no2_c	-0.0	-1000.0	0.0	-0.0	Inf
DKGLCNR2x	no3_c	0.0	0.0	0.0	Inf	Inf
DKGLCNR2x	inost_c	0.0	0.0	0.0	Inf	Inf
DKGLCNR2x	o2_c	-0.0	-5.835684784109353	994.1643152158906	-0.0	0.0
DKGLCNR2x	poaac_c	-0.0	-1.4008689294543766	0.0	-0.0	Inf
DKGLCNR2x	ppal_c	-0.0	0.0	0.0	Inf	Inf
DKGLCNR2x	k_c	-0.0	-0.04142282567033817	19.612165012361288	-0.0	0.0
DKGLCNR2x	psclys_c	-0.0	0.0	0.0	Inf	Inf
DKGLCNR2x	lald__D_c	-0.0	0.0	0.0	Inf	Inf
DKGLCNR2x	lald__L_c	-0.0	-0.187355759017199	0.0	-0.0	Inf
DKGLCNR2x	ura_c	-0.0	0.0	0.0	Inf	Inf
DKGLCNR2x	pydx_c	-0.0	0.0	0.14211713777073406	Inf	0.0
DKGLCNR2x	uracp_c	-0.0	-1.1460453749055546	0.0	-0.0	Inf
DKGLCNR2x	pydxn_c	-0.0	0.0	0.13525631043007794	Inf	0.0
DKGLCNR2x	urate_c	-0.0	-0.48788331343189406	0.0	-0.0	Inf
DKGLCNR2x	q8_c	-0.0	0.0	0.0	Inf	Inf
DKGLCNR2x	q8h2_c	0.0	0.0	0.0	Inf	Inf
DKGLCNR2x	urea_c	-0.0	0.0	0.8527028266244033	Inf	0.0
DKGLCNR2x	uri_c	-0.0	0.0	0.14109471231914608	Inf	0.0
DKGLCNR2x	rbflvrd_c	-0.0	0.0	0.05811011855514459	Inf	0.0
DKGLCNR2x	rbl__L_c	-0.0	-0.15586868512014007	0.0	-0.0	Inf
DKGLCNR2x	rdmbzi_c	0.0	0.0	0.0	Inf	Inf
DKGLCNR2x	thptdn_c	0.0	0.0	0.0	Inf	Inf
DKGLCNR2x	xan_c	-0.0	0.0	0.0	Inf	Inf
DKGLCNR2x	rephaccoa_c	-0.0	-0.0001222356713326267	0.0	-0.0	Inf
DKGLCNR2x	rib__D_c	-0.0	-0.31651248472360294	0.0	-0.0	Inf
DKGLCNR2x	xtsn_c	-0.0	0.0	0.0	Inf	Inf
DKGLCNR2x	rml_c	-0.0	-0.0936778795085995	0.0	-0.0	Inf
DKGLCNR2x	thym_c	-0.0	-19.612165012361288	0.0	-0.0	Inf
DKGLCNR2x	thymd_c	-0.0	-0.005552810072572356	0.0	-0.0	Inf
DKGLCNR2x	xu5p__L_c	-0.0	-0.15586868512014007	0.0	-0.0	Inf
DKGLCNR2x	rmn_c	-0.0	-0.0936778795085995	0.0	-0.0	Inf
DKGLCNR2x	xyl__D_c	0.0	0.0	0.0	Inf	Inf
DKGLCNR2x	tmao_c	0.0	0.0	0.0	Inf	Inf
DKGLCNR2x	xylu__D_c	-0.0	0.0	0.0	Inf	Inf
DKGLCNR2x	xylu__L_c	-0.0	-0.15586868512014007	0.0	-0.0	Inf
DKGLCNR2x	12ppd__R_e	-0.0	-1000.0	0.0	-0.0	Inf
DKGLCNR2x	12ppd__S_e	-0.0	-1000.0	0.0	-0.0	Inf
DKGLCNR2x	tre_c	-0.0	-0.04683893975429975	0.0	-0.0	Inf
DKGLCNR2x	seln_c	0.0	0.0	0.0	Inf	Inf
DKGLCNR2x	34dhpac_e	-0.0	-1000.0	0.0	-0.0	Inf
DKGLCNR2x	slnt_c	0.0	0.0	0.0	Inf	Inf
DKGLCNR2x	so2_c	0.0	0.0	0.0	Inf	Inf
DKGLCNR2x	so3_c	-0.0	-0.05260123545958248	0.9339126196362514	-0.0	0.0
DKGLCNR2x	so4_c	-0.0	-0.05352182286670296	19.612165012361288	-0.0	0.0
DKGLCNR2x	4hoxpacd_e	-0.0	-1000.0	0.0	-0.0	Inf
DKGLCNR2x	5mtr_e	-0.0	0.0	0.0	Inf	Inf
DKGLCNR2x	LalaDgluMdap_e	-0.0	-1000.0	0.0	-0.0	Inf
DKGLCNR2x	ac_e	-0.0	0.0	0.0	Inf	Inf
DKGLCNR2x	acald_e	-0.0	-1000.0	0.0	-0.0	Inf
DKGLCNR2x	acgal_e	-0.0	-1000.0	0.0	-0.0	Inf
DKGLCNR2x	acgam_e	-0.0	-1000.0	0.0	-0.0	Inf
DKGLCNR2x	acmana_e	-0.0	-1000.0	0.0	-0.0	Inf
DKGLCNR2x	tagur_c	-0.0	0.0	0.0	Inf	Inf
DKGLCNR2x	tartr__L_c	-0.0	-0.187355759017199	0.0	-0.0	Inf
DKGLCNR2x	ade_e	-0.0	-1000.0	0.0	-0.0	Inf
DKGLCNR2x	adn_e	-0.0	-1000.0	0.0	-0.0	Inf
DKGLCNR2x	all__D_e	-0.0	-1000.0	0.0	-0.0	Inf
DKGLCNR2x	cl_e	-0.0	-0.001104577559772224	999.9988954224402	-0.0	0.0
DKGLCNR2x	alltn_e	-0.0	0.0	0.0	Inf	Inf
DKGLCNR2x	cm_e	-0.0	-1000.0	0.0	-0.0	Inf
DKGLCNR2x	co2_e	-0.0	-993.7110560055027	6.288943994497345	-0.0	0.0
DKGLCNR2x	arab__L_e	-0.0	-1000.0	0.0	-0.0	Inf
DKGLCNR2x	arbt_e	-0.0	-1000.0	0.0	-0.0	Inf
DKGLCNR2x	unagamu_c	-0.0	0.0	0.012768336596589385	Inf	0.0
DKGLCNR2x	crn_e	-0.0	-1000.0	0.0	-0.0	Inf
DKGLCNR2x	csn_e	-0.0	-1000.0	0.0	-0.0	Inf
DKGLCNR2x	cyan_e	-0.0	-1000.0	0.0	-0.0	Inf
DKGLCNR2x	glyb_e	-0.0	-1000.0	0.0	-0.0	Inf
DKGLCNR2x	glyc_e	-0.0	-1000.0	0.0	-0.0	Inf
DKGLCNR2x	cytd_e	-0.0	-1000.0	0.0	-0.0	Inf
DKGLCNR2x	ca2_e	-0.0	-0.001104577559772224	999.9988954224402	-0.0	0.0
DKGLCNR2x	dad_2_e	-0.0	-1000.0	0.0	-0.0	Inf
DKGLCNR2x	dcyt_e	-0.0	-1000.0	0.0	-0.0	Inf
DKGLCNR2x	chol_e	-0.0	-1000.0	0.0	-0.0	Inf
DKGLCNR2x	dha_e	-0.0	-1000.0	0.0	-0.0	Inf
DKGLCNR2x	ppal_e	-0.0	-1000.0	0.0	-0.0	Inf
DKGLCNR2x	h2_e	-0.0	-1000.0	0.0	-0.0	Inf
DKGLCNR2x	dms_e	-0.0	-1000.0	0.0	-0.0	Inf
DKGLCNR2x	dmso_e	-0.0	-1000.0	0.0	-0.0	Inf
DKGLCNR2x	h2o2_e	-0.0	-1000.0	0.0	-0.0	Inf
DKGLCNR2x	psclys_e	-0.0	-1000.0	0.0	-0.0	Inf
DKGLCNR2x	duri_e	-0.0	-1000.0	0.0	-0.0	Inf
DKGLCNR2x	pydx_e	-0.0	-1000.0	0.0	-0.0	Inf
DKGLCNR2x	pydxn_e	-0.0	-1000.0	0.0	-0.0	Inf
DKGLCNR2x	etoh_e	-0.0	-1000.0	0.0	-0.0	Inf
DKGLCNR2x	fald_e	-0.0	0.0	0.0	Inf	Inf
DKGLCNR2x	rib__D_e	-0.0	-1000.0	0.0	-0.0	Inf
DKGLCNR2x	rmn_e	-0.0	-1000.0	0.0	-0.0	Inf
DKGLCNR2x	indole_e	-0.0	-1000.0	0.0	-0.0	Inf
DKGLCNR2x	inost_e	-0.0	-1000.0	0.0	-0.0	Inf
DKGLCNR2x	sbt__D_e	-0.0	-0.0936778795085995	0.0	-0.0	Inf
DKGLCNR2x	k_e	-0.0	-0.04142282567033817	999.9585771743297	-0.0	0.0
DKGLCNR2x	for_e	-0.0	0.0	0.000520562681085079	Inf	0.0
DKGLCNR2x	slnt_e	-0.0	0.0	1000.0	Inf	0.0
DKGLCNR2x	fru_e	-0.0	-1000.0	0.0	-0.0	Inf
DKGLCNR2x	so2_e	-0.0	-1000.0	0.0	-0.0	Inf
DKGLCNR2x	so3_e	-0.0	-1000.0	0.0	-0.0	Inf
DKGLCNR2x	so4_e	-0.0	-0.053521822866741786	999.9464781771333	-0.0	0.0
DKGLCNR2x	lipa_cold_e	-0.0	-1000.0	0.0	-0.0	Inf
DKGLCNR2x	sucr_e	-0.0	-1000.0	0.0	-0.0	Inf
DKGLCNR2x	g3pe_e	-0.0	-1000.0	0.0	-0.0	Inf
DKGLCNR2x	malt_e	-0.0	-1000.0	0.0	-0.0	Inf
DKGLCNR2x	tartr__L_e	-0.0	-1000.0	0.0	-0.0	Inf
DKGLCNR2x	g3pi_e	-0.0	-1000.0	0.0	-0.0	Inf
DKGLCNR2x	malthx_e	-0.0	-1000.0	0.0	-0.0	Inf
DKGLCNR2x	maltpt_e	-0.0	-1000.0	0.0	-0.0	Inf
DKGLCNR2x	gal_e	-0.0	-1000.0	0.0	-0.0	Inf
DKGLCNR2x	gal_bD_e	-0.0	-1000.0	0.0	-0.0	Inf
DKGLCNR2x	malttr_e	-0.0	-1000.0	0.0	-0.0	Inf
DKGLCNR2x	maltttr_e	-0.0	-1000.0	0.0	-0.0	Inf
DKGLCNR2x	man_e	-0.0	-1000.0	0.0	-0.0	Inf
DKGLCNR2x	thym_e	-0.0	-1000.0	0.0	-0.0	Inf
DKGLCNR2x	thymd_e	-0.0	-1000.0	0.0	-0.0	Inf
DKGLCNR2x	galt_e	-0.0	-0.0936778795085995	0.0	-0.0	Inf
DKGLCNR2x	melib_e	-0.0	-1000.0	0.0	-0.0	Inf
DKGLCNR2x	meoh_e	-0.0	-1000.0	0.0	-0.0	Inf
DKGLCNR2x	tmao_e	-0.0	-1000.0	0.0	-0.0	Inf
DKGLCNR2x	tre_e	-0.0	-1000.0	0.0	-0.0	Inf
DKGLCNR2x	metsox_S__L_e	-0.0	-1000.0	0.0	-0.0	Inf
DKGLCNR2x	glc__D_e	-0.0	-0.0936778795085995	0.20644384223538204	-0.0	0.0
DKGLCNR2x	mg2_e	-0.0	-0.0018409625995445822	999.9981590374005	-0.0	0.0
DKGLCNR2x	mnl_e	-0.0	-1000.0	0.0	-0.0	Inf
DKGLCNR2x	mobd_e	-0.0	-2.7375697413845046e-05	999.9999726243026	-0.0	0.0
DKGLCNR2x	glyald_e	-0.0	-1000.0	0.0	-0.0	Inf
DKGLCNR2x	n2o_e	-0.0	-1000.0	0.0	-0.0	Inf
DKGLCNR2x	na1_e	-0.0	0.0	1000.0	Inf	0.0
DKGLCNR2x	nac_e	-0.0	-1000.0	0.0	-0.0	Inf
DKGLCNR2x	ni2_e	-0.0	-6.854535092770675e-05	999.9999314546491	-0.0	0.0
DKGLCNR2x	no_e	-0.0	-1000.0	0.0	-0.0	Inf
DKGLCNR2x	no2_e	-0.0	-1000.0	0.0	-0.0	Inf
DKGLCNR2x	ura_e	-0.0	-1000.0	0.0	-0.0	Inf
DKGLCNR2x	no3_e	-0.0	-1000.0	0.0	-0.0	Inf
DKGLCNR2x	urea_e	-0.0	-1000.0	0.0	-0.0	Inf
DKGLCNR2x	novbcn_e	-0.0	-1000.0	0.0	-0.0	Inf
DKGLCNR2x	uri_e	-0.0	-1000.0	0.0	-0.0	Inf
DKGLCNR2x	o2_e	-0.0	-5.8356847841093895	994.1643152158906	-0.0	0.0
DKGLCNR2x	xan_e	-0.0	0.0	0.0	Inf	Inf
DKGLCNR2x	xtsn_e	-0.0	-1000.0	0.0	-0.0	Inf
DKGLCNR2x	xyl__D_e	-0.0	-1000.0	0.0	-0.0	Inf
DKGLCNR2x	xylu__L_e	-0.0	-1000.0	0.0	-0.0	Inf
DKGLCNR2x	pacald_e	-0.0	-1000.0	0.0	-0.0	Inf
DKGLCNR2x	12dgr120_p	-0.0	0.0	0.0	Inf	Inf
DKGLCNR2x	12dgr140_p	-0.0	0.0	0.0	Inf	Inf
DKGLCNR2x	12dgr160_p	-0.0	-0.010408653278733285	0.0	-0.0	Inf
DKGLCNR2x	12dgr180_p	-0.0	0.0	0.0	Inf	Inf
DKGLCNR2x	12ppd__R_p	-0.0	-1000.0	0.0	-0.0	Inf
DKGLCNR2x	12ppd__S_p	-0.0	0.0	0.0	Inf	Inf
DKGLCNR2x	chol_p	-0.0	-1000.0	0.0	-0.0	Inf
DKGLCNR2x	cl_p	-0.0	-0.001104577559772224	999.9988954224402	-0.0	0.0
DKGLCNR2x	34dhpac_p	-0.0	-1000.0	0.0	-0.0	Inf
DKGLCNR2x	cm_p	-0.0	0.0	0.0	Inf	Inf
DKGLCNR2x	4hoxpacd_p	-0.0	-1000.0	0.0	-0.0	Inf
DKGLCNR2x	co2_p	-0.0	-993.7110560055027	6.288943994497345	-0.0	0.0
DKGLCNR2x	5mtr_p	-0.0	0.0	0.0	Inf	Inf
DKGLCNR2x	LalaDgluMdap_p	-0.0	-0.0058970223303513305	0.0	-0.0	Inf
DKGLCNR2x	gal_p	-0.0	-1000.0	0.0	-0.0	Inf
DKGLCNR2x	ac_p	-0.0	0.0	0.0	Inf	Inf
DKGLCNR2x	crn_p	-0.0	-1000.0	0.0	-0.0	Inf
DKGLCNR2x	gal_bD_p	-0.0	-1000.0	0.0	-0.0	Inf
DKGLCNR2x	acald_p	-0.0	-1000.0	0.0	-0.0	Inf
DKGLCNR2x	acgal_p	-0.0	-1000.0	0.0	-0.0	Inf
DKGLCNR2x	csn_p	-0.0	0.0	0.0	Inf	Inf
DKGLCNR2x	acgam_p	-0.0	-1000.0	0.0	-0.0	Inf
DKGLCNR2x	galt_p	-0.0	-0.0936778795085995	0.0	-0.0	Inf
DKGLCNR2x	acmana_p	-0.0	-1000.0	0.0	-0.0	Inf
DKGLCNR2x	cyan_p	-0.0	0.0	0.0	Inf	Inf
DKGLCNR2x	ade_p	-0.0	-1000.0	0.0	-0.0	Inf
DKGLCNR2x	adn_p	-0.0	0.0	0.00014197164024057292	Inf	0.0
DKGLCNR2x	cytd_p	-0.0	-0.03406576614297034	0.0	-0.0	Inf
DKGLCNR2x	glc__D_p	-0.0	-0.0936778795085995	0.20644384223538204	-0.0	0.0
DKGLCNR2x	dad_2_p	-0.0	-1000.0	0.0	-0.0	Inf
DKGLCNR2x	dcyt_p	-0.0	-1000.0	0.0	-0.0	Inf
DKGLCNR2x	all__D_p	-0.0	0.0	0.0	Inf	Inf
DKGLCNR2x	alltn_p	-0.0	0.0	0.0	Inf	Inf
DKGLCNR2x	dha_p	-0.0	-1000.0	0.0	-0.0	Inf
DKGLCNR2x	glyald_p	-0.0	-1000.0	0.0	-0.0	Inf
DKGLCNR2x	glyb_p	0.0	0.0	0.0	Inf	Inf
DKGLCNR2x	dms_p	-0.0	-1000.0	0.0	-0.0	Inf
DKGLCNR2x	glyc_p	-0.0	-0.029503786546138073	0.0	-0.0	Inf
DKGLCNR2x	dmso_p	-0.0	-1000.0	0.0	-0.0	Inf
DKGLCNR2x	arab__L_p	-0.0	0.0	0.0	Inf	Inf
DKGLCNR2x	arbt_p	0.0	0.0	0.0	Inf	Inf
DKGLCNR2x	ca2_p	-0.0	-0.001104577559772224	999.9988954224402	-0.0	0.0
DKGLCNR2x	duri_p	-0.0	-1000.0	0.0	-0.0	Inf
DKGLCNR2x	h2_p	-0.0	-1000.0	0.0	-0.0	Inf
DKGLCNR2x	h2o2_p	-0.0	-1000.0	0.0	-0.0	Inf
DKGLCNR2x	etoh_p	-0.0	-1000.0	0.0	-0.0	Inf
DKGLCNR2x	fald_p	-0.0	0.0	0.0	Inf	Inf
DKGLCNR2x	n2o_p	-0.0	-1000.0	0.0	-0.0	Inf
DKGLCNR2x	na1_p	-0.0	0.0	0.0	Inf	Inf
DKGLCNR2x	indole_p	-0.0	0.0	0.11886160613552302	Inf	0.0
DKGLCNR2x	nac_p	-0.0	-1000.0	0.0	-0.0	Inf
DKGLCNR2x	ni2_p	-0.0	-6.854535092770675e-05	999.9999314546491	-0.0	0.0
DKGLCNR2x	inost_p	-0.0	-1000.0	0.0	-0.0	Inf
DKGLCNR2x	no_p	-0.0	-1000.0	0.0	-0.0	Inf
DKGLCNR2x	no2_p	-0.0	-1000.0	0.0	-0.0	Inf
DKGLCNR2x	for_p	-0.0	-1.9515332537275754	0.000520562681085079	-0.0	0.0
DKGLCNR2x	fru_p	-0.0	-1000.0	0.0	-0.0	Inf
DKGLCNR2x	no3_p	-0.0	0.0	0.0	Inf	Inf
DKGLCNR2x	k_p	-0.0	-0.04142282567033817	999.9585771743297	-0.0	0.0
DKGLCNR2x	novbcn_p	-0.0	0.0	0.0	Inf	Inf
DKGLCNR2x	o2_p	-0.0	-5.8356847841093895	994.1643152158906	-0.0	0.0
DKGLCNR2x	lipa_cold_p	-0.0	-4.903041253090322	0.0	-0.0	Inf
DKGLCNR2x	g3pe_p	-0.0	0.0	0.0	Inf	Inf
DKGLCNR2x	g3pi_p	-0.0	0.0	0.0	Inf	Inf
DKGLCNR2x	so3_p	-0.0	-1000.0	0.0	-0.0	Inf
DKGLCNR2x	so4_p	-0.0	-0.05352182286670296	999.9464781771333	-0.0	0.0
DKGLCNR2x	malt_p	0.0	0.0	0.0	Inf	Inf
DKGLCNR2x	malthx_p	0.0	0.0	0.0	Inf	Inf
DKGLCNR2x	maltpt_p	0.0	0.0	0.0	Inf	Inf
DKGLCNR2x	sucr_p	-0.0	-1000.0	0.0	-0.0	Inf
DKGLCNR2x	malttr_p	0.0	0.0	0.0	Inf	Inf
DKGLCNR2x	maltttr_p	0.0	0.0	0.0	Inf	Inf
DKGLCNR2x	pacald_p	-0.0	-1000.0	0.0	-0.0	Inf
DKGLCNR2x	man_p	-0.0	-1000.0	0.0	-0.0	Inf
DKGLCNR2x	tartr__L_p	-0.0	-1000.0	0.0	-0.0	Inf
DKGLCNR2x	pe120_p	-0.0	0.0	0.0	Inf	Inf
DKGLCNR2x	melib_p	-0.0	-1000.0	0.0	-0.0	Inf
DKGLCNR2x	meoh_p	-0.0	-1000.0	0.0	-0.0	Inf
DKGLCNR2x	thym_p	-0.0	-1000.0	0.0	-0.0	Inf
DKGLCNR2x	thymd_p	-0.0	-0.005552810072572356	0.0	-0.0	Inf
DKGLCNR2x	pg120_p	-0.0	-0.011709734938574943	0.0	-0.0	Inf
DKGLCNR2x	metsox_S__L_p	-0.0	-1000.0	0.0	-0.0	Inf
DKGLCNR2x	tmao_p	-0.0	-1000.0	0.0	-0.0	Inf
DKGLCNR2x	mg2_p	-0.0	-0.0018409625995320928	999.9981590374005	-0.0	0.0
DKGLCNR2x	tre_p	-0.0	0.0	0.0	Inf	Inf
DKGLCNR2x	mnl_p	-0.0	0.0	0.0	Inf	Inf
DKGLCNR2x	mobd_p	-0.0	-2.7375697413845046e-05	999.9999726243026	-0.0	0.0
DKGLCNR2x	ura_p	-0.0	-1000.0	0.0	-0.0	Inf
DKGLCNR2x	urea_p	-0.0	0.0	0.8527028266244033	Inf	0.0
DKGLCNR2x	uri_p	-0.0	0.0	0.0	Inf	Inf
DKGLCNR2x	xan_p	-0.0	0.0	0.0	Inf	Inf
DKGLCNR2x	xtsn_p	-0.0	0.0	0.0	Inf	Inf
DKGLCNR2x	xyl__D_p	-0.0	0.0	0.0	Inf	Inf
DKGLCNR2x	xylu__L_p	-0.0	-1000.0	0.0	-0.0	Inf
DKGLCNR2x	ppal_p	-0.0	-1000.0	0.0	-0.0	Inf
DKGLCNR2x	psclys_p	-0.0	-1000.0	0.0	-0.0	Inf
DKGLCNR2x	pydx_p	-0.0	0.0	0.0	Inf	Inf
DKGLCNR2x	pydxn_p	-0.0	0.0	0.0	Inf	Inf
DKGLCNR2x	rib__D_p	-0.0	-1000.0	0.0	-0.0	Inf
DKGLCNR2x	rmn_p	-0.0	-1000.0	0.0	-0.0	Inf
DKGLCNR2x	sbt__D_p	-0.0	-0.0936778795085995	0.0	-0.0	Inf
DKGLCNR2x	slnt_p	-0.0	0.0	0.0	Inf	Inf
DKGLCNR2x	so2_p	-0.0	-1000.0	0.0	-0.0	Inf
