Reaction	Metabolite	ShadowPrice	G-	G+	DecrementalShadowPrice	IncrementalShadowPrice
FUMt2_3pp	12dgr120_c	-0.0	0.0	0.0	Inf	Inf
FUMt2_3pp	12dgr140_c	-0.0	0.0	0.0	Inf	Inf
FUMt2_3pp	12dgr160_c	-0.0	-0.010408653278733285	0.0	-0.0	Inf
FUMt2_3pp	12dgr180_c	-0.0	0.0	0.0	Inf	Inf
FUMt2_3pp	12ppd__R_c	-0.0	-1000.0	0.0	-0.0	Inf
FUMt2_3pp	12ppd__S_c	-0.0	0.0	0.0	Inf	Inf
FUMt2_3pp	5drib_c	-0.0	-999.99995267612	4.732388008019097e-05	-0.0	0.0
FUMt2_3pp	5mta_c	-0.0	0.0	0.0	Inf	Inf
FUMt2_3pp	23dhacoa_c	-0.0	-0.0001222356713326267	0.0	-0.0	Inf
FUMt2_3pp	5mtr_c	-0.0	0.0	0.0	Inf	Inf
FUMt2_3pp	3amac_c	-0.0	-1.9515332537275754	0.0	-0.0	Inf
FUMt2_3pp	LalaDgluMdap_c	-0.0	-0.0058970223303513305	0.0	-0.0	Inf
FUMt2_3pp	ac_c	-0.0	-0.187355759017199	0.12363034738051518	-0.0	0.0
FUMt2_3pp	acald_c	-0.0	0.0	0.5300585138476026	Inf	0.0
FUMt2_3pp	acetol_c	-0.0	0.0	0.0	Inf	Inf
FUMt2_3pp	acgam_c	-0.0	-0.0200517434126763	0.0	-0.0	Inf
FUMt2_3pp	acgam6p_c	-0.0	-0.0200517434126763	0.0	-0.0	Inf
FUMt2_3pp	acmalt_c	0.0	0.0	0.0	Inf	Inf
FUMt2_3pp	acmana_c	-0.0	-0.0200517434126763	0.0	-0.0	Inf
FUMt2_3pp	2dmmq8_c	-0.0	0.0	0.0	Inf	Inf
FUMt2_3pp	2dmmql8_c	0.0	0.0	0.0	Inf	Inf
FUMt2_3pp	ade_c	-0.0	-0.023695045532804215	0.00014197164024057292	-0.0	0.0
FUMt2_3pp	adn_c	-0.0	0.0	0.00014197164024057292	Inf	0.0
FUMt2_3pp	3sala_c	0.0	0.0	0.0	Inf	Inf
FUMt2_3pp	adphep_DD_c	-0.0	0.0	0.0	Inf	Inf
FUMt2_3pp	adphep_LD_c	-0.0	0.0	0.0	Inf	Inf
FUMt2_3pp	4ahmmp_c	0.0	0.0	0.0	Inf	Inf
FUMt2_3pp	4crsol_c	-0.0	-999.99995267612	4.732388008019097e-05	-0.0	0.0
FUMt2_3pp	2ohph_c	-0.0	-4.732388008019097e-05	0.018767622021398367	-0.0	0.0
FUMt2_3pp	2ombzl_c	-0.0	0.0	0.0	Inf	Inf
FUMt2_3pp	2omhmbl_c	-0.0	0.0	0.0	Inf	Inf
FUMt2_3pp	2ommbl_c	-0.0	0.0	0.0	Inf	Inf
FUMt2_3pp	2omph_c	-0.0	0.0	0.016885204487611966	Inf	0.0
FUMt2_3pp	4mhetz_c	0.0	0.0	0.0	Inf	Inf
FUMt2_3pp	2oph_c	-0.0	-4.732388008019097e-05	0.018767622021398367	-0.0	0.0
FUMt2_3pp	2oxpaccoa_c	-0.0	-0.0001222356713326267	0.0	-0.0	Inf
FUMt2_3pp	all__D_c	-0.0	-0.0936778795085995	0.0	-0.0	Inf
FUMt2_3pp	alltn_c	-0.0	-0.48788331343189384	0.0	-0.0	Inf
FUMt2_3pp	4r5au_c	-0.0	-9.46477603065432e-05	0.11369371021658724	-0.0	0.0
FUMt2_3pp	56dura_c	0.0	0.0	0.0	Inf	Inf
FUMt2_3pp	arab__L_c	-0.0	-0.15586868512014007	0.0	-0.0	Inf
FUMt2_3pp	etoh_c	-0.0	-1000.0	0.0	-0.0	Inf
FUMt2_3pp	csn_c	-0.0	0.0	0.0	Inf	Inf
FUMt2_3pp	fald_c	-0.0	0.0	0.0	Inf	Inf
FUMt2_3pp	fc1p_c	-0.0	-0.0936778795085995	0.0	-0.0	Inf
FUMt2_3pp	fcl__L_c	-0.0	0.0	0.0	Inf	Inf
FUMt2_3pp	aso4_c	0.0	0.0	0.0	Inf	Inf
FUMt2_3pp	cyan_c	0.0	0.0	0.0	Inf	Inf
FUMt2_3pp	athtp_c	0.0	0.0	0.0	Inf	Inf
FUMt2_3pp	cytd_c	-0.0	-0.03406576614297034	0.0	-0.0	Inf
FUMt2_3pp	dad_2_c	-0.0	0.0	0.0	Inf	Inf
FUMt2_3pp	dad_5_c	-0.0	-0.023695045532804215	4.732388008019097e-05	-0.0	0.0
FUMt2_3pp	betald_c	0.0	0.0	0.0	Inf	Inf
FUMt2_3pp	btal_c	-0.0	-420.1524733455979	0.0	-0.0	Inf
FUMt2_3pp	for_c	-0.0	-1.9515332537275754	0.000520562681085079	-0.0	0.0
FUMt2_3pp	dcyt_c	-0.0	-0.005552810072572356	0.0	-0.0	Inf
FUMt2_3pp	fru_c	-0.0	0.0	0.20429338554543017	Inf	0.0
FUMt2_3pp	ca2_c	-0.0	-0.001104577559772224	999.9988954224402	-0.0	0.0
FUMt2_3pp	g3pe_c	-0.0	0.0	0.0	Inf	Inf
FUMt2_3pp	g3pi_c	0.0	0.0	0.0	Inf	Inf
FUMt2_3pp	cbm_c	-0.0	-0.9757666268637877	0.0	-0.0	Inf
FUMt2_3pp	dha_c	-0.0	-0.187355759017199	0.40858677109086033	-0.0	0.0
FUMt2_3pp	gal_c	-0.0	0.0	0.0	Inf	Inf
FUMt2_3pp	dhgly_c	-0.0	-4.732388008019097e-05	0.07400816985796717	-0.0	0.0
FUMt2_3pp	dhmptp_c	0.0	0.0	0.0	Inf	Inf
FUMt2_3pp	gcald_c	-0.0	-0.6280188720118076	0.00014197164000506746	-0.0	0.0
FUMt2_3pp	dhptd_c	-0.0	-11.892647822948696	9.464776016038194e-05	-0.0	0.0
FUMt2_3pp	cechddd_c	-0.0	0.0	0.0	Inf	Inf
FUMt2_3pp	dhptdn_c	0.0	0.0	0.0	Inf	Inf
FUMt2_3pp	chol_c	0.0	0.0	0.0	Inf	Inf
FUMt2_3pp	chtbs6p_c	-0.0	0.0	0.0	Inf	Inf
FUMt2_3pp	dmbzid_c	0.0	0.0	0.0	Inf	Inf
FUMt2_3pp	dms_c	0.0	0.0	0.0	Inf	Inf
FUMt2_3pp	dmso_c	0.0	0.0	0.0	Inf	Inf
FUMt2_3pp	cl_c	-0.0	-0.0011045775597192558	999.9988954224402	-0.0	0.0
FUMt2_3pp	glc__D_c	-0.0	-0.0936778795085995	0.20429338554543017	-0.0	0.0
FUMt2_3pp	co2_c	-0.0	-993.7110560055027	6.288423431816227	-0.0	0.0
FUMt2_3pp	dscl_c	-0.0	-4.732388008019097e-05	0.021599300674406702	-0.0	0.0
FUMt2_3pp	dtdp4aaddg_c	-0.0	0.0	0.0	Inf	Inf
FUMt2_3pp	glyald_c	-0.0	-1000.0	0.0	-0.0	Inf
FUMt2_3pp	crn_c	-0.0	-1000.0	0.0	-0.0	Inf
FUMt2_3pp	duri_c	-0.0	-0.005552810072572356	0.0	-0.0	Inf
FUMt2_3pp	glyb_c	0.0	0.0	0.0	Inf	Inf
FUMt2_3pp	glyc_c	-0.0	-0.029503786546138073	0.0	-0.0	Inf
FUMt2_3pp	dxyl_c	0.0	0.0	0.0	Inf	Inf
FUMt2_3pp	glycogen_c	-0.0	-0.0936778795085995	0.0	-0.0	Inf
FUMt2_3pp	gmhep1p_c	-0.0	0.0	0.15816262106742976	Inf	0.0
FUMt2_3pp	lipa_cold_c	-0.0	0.0	0.0	Inf	Inf
FUMt2_3pp	lipidA_c	-0.0	-0.004128849375945265	0.01383086390152419	-0.0	0.0
FUMt2_3pp	malt_c	0.0	0.0	0.0	Inf	Inf
FUMt2_3pp	h2_c	-0.0	0.0	0.0	Inf	Inf
FUMt2_3pp	malthx_c	-0.0	0.0	0.0	Inf	Inf
FUMt2_3pp	maltpt_c	-0.0	0.0	0.0	Inf	Inf
FUMt2_3pp	malttr_c	-0.0	0.0	0.0	Inf	Inf
FUMt2_3pp	maltttr_c	-0.0	0.0	0.0	Inf	Inf
FUMt2_3pp	h2o2_c	-0.0	-11.671369568218706	0.0005307489874439852	-0.0	0.0
FUMt2_3pp	man_c	-0.0	0.0	0.0	Inf	Inf
FUMt2_3pp	mdhdhf_c	-0.0	-11.892647822948696	9.464776016038194e-05	-0.0	0.0
FUMt2_3pp	melib_c	-0.0	0.0	0.0	Inf	Inf
FUMt2_3pp	meoh_c	-0.0	-1000.0	0.0	-0.0	Inf
FUMt2_3pp	pacald_c	-0.0	-1000.0	0.0	-0.0	Inf
FUMt2_3pp	metsox_S__L_c	-0.0	-0.020817306557466542	0.0	-0.0	Inf
FUMt2_3pp	mg2_c	-0.0	-0.0018409625995320928	999.9981590374005	-0.0	0.0
FUMt2_3pp	hhlipa_c	-0.0	0.0	0.0	Inf	Inf
FUMt2_3pp	pe120_c	-0.0	0.0	0.0	Inf	Inf
FUMt2_3pp	mobd_c	-0.0	-2.7375697413845046e-05	4.903041253090322	-0.0	0.0
FUMt2_3pp	hlipa_c	-0.0	0.0	0.0	Inf	Inf
FUMt2_3pp	pg120_c	-0.0	-0.011709734938574943	0.0	-0.0	Inf
FUMt2_3pp	mql8_c	0.0	0.0	0.0	Inf	Inf
FUMt2_3pp	mqn8_c	-0.0	0.0	0.0	Inf	Inf
FUMt2_3pp	mthgxl_c	-0.0	-0.187355759017199	0.0	-0.0	Inf
FUMt2_3pp	hqn_c	0.0	0.0	0.0	Inf	Inf
FUMt2_3pp	mththf_c	-0.0	-999.9999053522398	9.464776016038194e-05	-0.0	0.0
FUMt2_3pp	n2o_c	-0.0	-1000.0	0.0	-0.0	Inf
FUMt2_3pp	na1_c	-0.0	0.0	0.0	Inf	Inf
FUMt2_3pp	nac_c	-0.0	0.0	0.0	Inf	Inf
FUMt2_3pp	ncam_c	-0.0	0.0	0.0	Inf	Inf
FUMt2_3pp	ni2_c	-0.0	-6.854535092770675e-05	999.9999314546491	-0.0	0.0
FUMt2_3pp	no_c	-0.0	-1000.0	0.0	-0.0	Inf
FUMt2_3pp	indole_c	-0.0	-0.012062920696853342	0.11814557236362228	-0.0	0.0
FUMt2_3pp	no2_c	-0.0	-1000.0	0.0	-0.0	Inf
FUMt2_3pp	no3_c	0.0	0.0	0.0	Inf	Inf
FUMt2_3pp	inost_c	0.0	0.0	0.0	Inf	Inf
FUMt2_3pp	o2_c	-0.0	-5.835684784109353	994.1643152158906	-0.0	0.0
FUMt2_3pp	poaac_c	-0.0	-1.4008689294543766	0.0	-0.0	Inf
FUMt2_3pp	ppal_c	-0.0	0.0	0.0	Inf	Inf
FUMt2_3pp	k_c	-0.0	-0.04142282567033817	19.612165012361288	-0.0	0.0
FUMt2_3pp	psclys_c	-0.0	0.0	0.0	Inf	Inf
FUMt2_3pp	lald__D_c	-0.0	0.0	0.0	Inf	Inf
FUMt2_3pp	lald__L_c	-0.0	-0.187355759017199	0.0	-0.0	Inf
FUMt2_3pp	ura_c	-0.0	0.0	0.0	Inf	Inf
FUMt2_3pp	pydx_c	-0.0	0.0	0.14211713777073406	Inf	0.0
FUMt2_3pp	uracp_c	-0.0	-1.1460453749055546	0.0	-0.0	Inf
FUMt2_3pp	pydxn_c	-0.0	0.0	0.13525631043007794	Inf	0.0
FUMt2_3pp	urate_c	-0.0	-0.48788331343189406	0.0	-0.0	Inf
FUMt2_3pp	q8_c	-0.0	0.0	0.0	Inf	Inf
FUMt2_3pp	q8h2_c	0.0	0.0	0.0	Inf	Inf
FUMt2_3pp	urea_c	-0.0	0.0	0.8527028266244033	Inf	0.0
FUMt2_3pp	uri_c	-0.0	0.0	0.14109471231914608	Inf	0.0
FUMt2_3pp	rbflvrd_c	-0.0	0.0	0.05811011855514459	Inf	0.0
FUMt2_3pp	rbl__L_c	-0.0	-0.15586868512014007	0.0	-0.0	Inf
FUMt2_3pp	rdmbzi_c	0.0	0.0	0.0	Inf	Inf
FUMt2_3pp	thptdn_c	0.0	0.0	0.0	Inf	Inf
FUMt2_3pp	xan_c	-0.0	0.0	0.0	Inf	Inf
FUMt2_3pp	rephaccoa_c	-0.0	-0.0001222356713326267	0.0	-0.0	Inf
FUMt2_3pp	rib__D_c	-0.0	-0.31651248472360294	0.0	-0.0	Inf
FUMt2_3pp	xtsn_c	-0.0	0.0	0.0	Inf	Inf
FUMt2_3pp	rml_c	-0.0	-0.0936778795085995	0.0	-0.0	Inf
FUMt2_3pp	thym_c	-0.0	-19.612165012361288	0.0	-0.0	Inf
FUMt2_3pp	thymd_c	-0.0	-0.005552810072572356	0.0	-0.0	Inf
FUMt2_3pp	xu5p__L_c	-0.0	-0.15586868512014007	0.0	-0.0	Inf
FUMt2_3pp	rmn_c	-0.0	-0.0936778795085995	0.0	-0.0	Inf
FUMt2_3pp	xyl__D_c	0.0	0.0	0.0	Inf	Inf
FUMt2_3pp	tmao_c	0.0	0.0	0.0	Inf	Inf
FUMt2_3pp	xylu__D_c	-0.0	0.0	0.0	Inf	Inf
FUMt2_3pp	xylu__L_c	-0.0	-0.15586868512014007	0.0	-0.0	Inf
FUMt2_3pp	12ppd__R_e	-0.0	-1000.0	0.0	-0.0	Inf
FUMt2_3pp	12ppd__S_e	-0.0	-1000.0	0.0	-0.0	Inf
FUMt2_3pp	tre_c	-0.0	-0.04683893975429975	0.0	-0.0	Inf
FUMt2_3pp	seln_c	0.0	0.0	0.0	Inf	Inf
FUMt2_3pp	34dhpac_e	-0.0	-1000.0	0.0	-0.0	Inf
FUMt2_3pp	slnt_c	0.0	0.0	0.0	Inf	Inf
FUMt2_3pp	so2_c	0.0	0.0	0.0	Inf	Inf
FUMt2_3pp	so3_c	-0.0	-0.05260123545958248	0.9339126196362514	-0.0	0.0
FUMt2_3pp	so4_c	-0.0	-0.05352182286670296	19.612165012361288	-0.0	0.0
FUMt2_3pp	4hoxpacd_e	-0.0	-1000.0	0.0	-0.0	Inf
FUMt2_3pp	5mtr_e	-0.0	0.0	0.0	Inf	Inf
FUMt2_3pp	LalaDgluMdap_e	-0.0	-1000.0	0.0	-0.0	Inf
FUMt2_3pp	ac_e	-0.0	0.0	0.0	Inf	Inf
FUMt2_3pp	acald_e	-0.0	-1000.0	0.0	-0.0	Inf
FUMt2_3pp	acgal_e	-0.0	-1000.0	0.0	-0.0	Inf
FUMt2_3pp	acgam_e	-0.0	-1000.0	0.0	-0.0	Inf
FUMt2_3pp	acmana_e	-0.0	-1000.0	0.0	-0.0	Inf
FUMt2_3pp	tagur_c	-0.0	0.0	0.0	Inf	Inf
FUMt2_3pp	tartr__L_c	-0.0	-0.187355759017199	0.0	-0.0	Inf
FUMt2_3pp	ade_e	-0.0	-1000.0	0.0	-0.0	Inf
FUMt2_3pp	adn_e	-0.0	-1000.0	0.0	-0.0	Inf
FUMt2_3pp	all__D_e	-0.0	-1000.0	0.0	-0.0	Inf
FUMt2_3pp	cl_e	-0.0	-0.001104577559772224	999.9988954224402	-0.0	0.0
FUMt2_3pp	alltn_e	-0.0	0.0	0.0	Inf	Inf
FUMt2_3pp	cm_e	-0.0	-1000.0	0.0	-0.0	Inf
FUMt2_3pp	co2_e	-0.0	-993.7110560055027	6.288943994497345	-0.0	0.0
FUMt2_3pp	arab__L_e	-0.0	-1000.0	0.0	-0.0	Inf
FUMt2_3pp	arbt_e	-0.0	-1000.0	0.0	-0.0	Inf
FUMt2_3pp	unagamu_c	-0.0	0.0	0.012768336596589385	Inf	0.0
FUMt2_3pp	crn_e	-0.0	-1000.0	0.0	-0.0	Inf
FUMt2_3pp	csn_e	-0.0	-1000.0	0.0	-0.0	Inf
FUMt2_3pp	cyan_e	-0.0	-1000.0	0.0	-0.0	Inf
FUMt2_3pp	glyb_e	-0.0	-1000.0	0.0	-0.0	Inf
FUMt2_3pp	glyc_e	-0.0	-1000.0	0.0	-0.0	Inf
FUMt2_3pp	cytd_e	-0.0	-1000.0	0.0	-0.0	Inf
FUMt2_3pp	ca2_e	-0.0	-0.001104577559772224	999.9988954224402	-0.0	0.0
FUMt2_3pp	dad_2_e	-0.0	-1000.0	0.0	-0.0	Inf
FUMt2_3pp	dcyt_e	-0.0	-1000.0	0.0	-0.0	Inf
FUMt2_3pp	chol_e	-0.0	-1000.0	0.0	-0.0	Inf
FUMt2_3pp	dha_e	-0.0	-1000.0	0.0	-0.0	Inf
FUMt2_3pp	ppal_e	-0.0	-1000.0	0.0	-0.0	Inf
FUMt2_3pp	h2_e	-0.0	-1000.0	0.0	-0.0	Inf
FUMt2_3pp	dms_e	-0.0	-1000.0	0.0	-0.0	Inf
FUMt2_3pp	dmso_e	-0.0	-1000.0	0.0	-0.0	Inf
FUMt2_3pp	h2o2_e	-0.0	-1000.0	0.0	-0.0	Inf
FUMt2_3pp	psclys_e	-0.0	-1000.0	0.0	-0.0	Inf
FUMt2_3pp	duri_e	-0.0	-1000.0	0.0	-0.0	Inf
FUMt2_3pp	pydx_e	-0.0	-1000.0	0.0	-0.0	Inf
FUMt2_3pp	pydxn_e	-0.0	-1000.0	0.0	-0.0	Inf
FUMt2_3pp	etoh_e	-0.0	-1000.0	0.0	-0.0	Inf
FUMt2_3pp	fald_e	-0.0	0.0	0.0	Inf	Inf
FUMt2_3pp	rib__D_e	-0.0	-1000.0	0.0	-0.0	Inf
FUMt2_3pp	rmn_e	-0.0	-1000.0	0.0	-0.0	Inf
FUMt2_3pp	indole_e	-0.0	-1000.0	0.0	-0.0	Inf
FUMt2_3pp	inost_e	-0.0	-1000.0	0.0	-0.0	Inf
FUMt2_3pp	sbt__D_e	-0.0	-0.0936778795085995	0.0	-0.0	Inf
FUMt2_3pp	k_e	-0.0	-0.04142282567033817	999.9585771743297	-0.0	0.0
FUMt2_3pp	for_e	-0.0	0.0	0.000520562681085079	Inf	0.0
FUMt2_3pp	slnt_e	-0.0	0.0	1000.0	Inf	0.0
FUMt2_3pp	fru_e	-0.0	-1000.0	0.0	-0.0	Inf
FUMt2_3pp	so2_e	-0.0	-1000.0	0.0	-0.0	Inf
FUMt2_3pp	so3_e	-0.0	-1000.0	0.0	-0.0	Inf
FUMt2_3pp	so4_e	-0.0	-0.053521822866741786	999.9464781771333	-0.0	0.0
FUMt2_3pp	lipa_cold_e	-0.0	-1000.0	0.0	-0.0	Inf
FUMt2_3pp	sucr_e	-0.0	-1000.0	0.0	-0.0	Inf
FUMt2_3pp	g3pe_e	-0.0	-1000.0	0.0	-0.0	Inf
FUMt2_3pp	malt_e	-0.0	-1000.0	0.0	-0.0	Inf
FUMt2_3pp	tartr__L_e	-0.0	-1000.0	0.0	-0.0	Inf
FUMt2_3pp	g3pi_e	-0.0	-1000.0	0.0	-0.0	Inf
FUMt2_3pp	malthx_e	-0.0	-1000.0	0.0	-0.0	Inf
FUMt2_3pp	maltpt_e	-0.0	-1000.0	0.0	-0.0	Inf
FUMt2_3pp	gal_e	-0.0	-1000.0	0.0	-0.0	Inf
FUMt2_3pp	gal_bD_e	-0.0	-1000.0	0.0	-0.0	Inf
FUMt2_3pp	malttr_e	-0.0	-1000.0	0.0	-0.0	Inf
FUMt2_3pp	maltttr_e	-0.0	-1000.0	0.0	-0.0	Inf
FUMt2_3pp	man_e	-0.0	-1000.0	0.0	-0.0	Inf
FUMt2_3pp	thym_e	-0.0	-1000.0	0.0	-0.0	Inf
FUMt2_3pp	thymd_e	-0.0	-1000.0	0.0	-0.0	Inf
FUMt2_3pp	galt_e	-0.0	-0.0936778795085995	0.0	-0.0	Inf
FUMt2_3pp	melib_e	-0.0	-1000.0	0.0	-0.0	Inf
FUMt2_3pp	meoh_e	-0.0	-1000.0	0.0	-0.0	Inf
FUMt2_3pp	tmao_e	-0.0	-1000.0	0.0	-0.0	Inf
FUMt2_3pp	tre_e	-0.0	-1000.0	0.0	-0.0	Inf
FUMt2_3pp	metsox_S__L_e	-0.0	-1000.0	0.0	-0.0	Inf
FUMt2_3pp	glc__D_e	-0.0	-0.0936778795085995	0.20644384223538204	-0.0	0.0
FUMt2_3pp	mg2_e	-0.0	-0.0018409625995445822	999.9981590374005	-0.0	0.0
FUMt2_3pp	mnl_e	-0.0	-1000.0	0.0	-0.0	Inf
FUMt2_3pp	mobd_e	-0.0	-2.7375697413845046e-05	999.9999726243026	-0.0	0.0
FUMt2_3pp	glyald_e	-0.0	-1000.0	0.0	-0.0	Inf
FUMt2_3pp	n2o_e	-0.0	-1000.0	0.0	-0.0	Inf
FUMt2_3pp	na1_e	-0.0	0.0	1000.0	Inf	0.0
FUMt2_3pp	nac_e	-0.0	-1000.0	0.0	-0.0	Inf
FUMt2_3pp	ni2_e	-0.0	-6.854535092770675e-05	999.9999314546491	-0.0	0.0
FUMt2_3pp	no_e	-0.0	-1000.0	0.0	-0.0	Inf
FUMt2_3pp	no2_e	-0.0	-1000.0	0.0	-0.0	Inf
FUMt2_3pp	ura_e	-0.0	-1000.0	0.0	-0.0	Inf
FUMt2_3pp	no3_e	-0.0	-1000.0	0.0	-0.0	Inf
FUMt2_3pp	urea_e	-0.0	-1000.0	0.0	-0.0	Inf
FUMt2_3pp	novbcn_e	-0.0	-1000.0	0.0	-0.0	Inf
FUMt2_3pp	uri_e	-0.0	-1000.0	0.0	-0.0	Inf
FUMt2_3pp	o2_e	-0.0	-5.8356847841093895	994.1643152158906	-0.0	0.0
FUMt2_3pp	xan_e	-0.0	0.0	0.0	Inf	Inf
FUMt2_3pp	xtsn_e	-0.0	-1000.0	0.0	-0.0	Inf
FUMt2_3pp	xyl__D_e	-0.0	-1000.0	0.0	-0.0	Inf
FUMt2_3pp	xylu__L_e	-0.0	-1000.0	0.0	-0.0	Inf
FUMt2_3pp	pacald_e	-0.0	-1000.0	0.0	-0.0	Inf
FUMt2_3pp	12dgr120_p	-0.0	0.0	0.0	Inf	Inf
FUMt2_3pp	12dgr140_p	-0.0	0.0	0.0	Inf	Inf
FUMt2_3pp	12dgr160_p	-0.0	-0.010408653278733285	0.0	-0.0	Inf
FUMt2_3pp	12dgr180_p	-0.0	0.0	0.0	Inf	Inf
FUMt2_3pp	12ppd__R_p	-0.0	-1000.0	0.0	-0.0	Inf
FUMt2_3pp	12ppd__S_p	-0.0	0.0	0.0	Inf	Inf
FUMt2_3pp	chol_p	-0.0	-1000.0	0.0	-0.0	Inf
FUMt2_3pp	cl_p	-0.0	-0.001104577559772224	999.9988954224402	-0.0	0.0
FUMt2_3pp	34dhpac_p	-0.0	-1000.0	0.0	-0.0	Inf
FUMt2_3pp	cm_p	-0.0	0.0	0.0	Inf	Inf
FUMt2_3pp	4hoxpacd_p	-0.0	-1000.0	0.0	-0.0	Inf
FUMt2_3pp	co2_p	-0.0	-993.7110560055027	6.288943994497345	-0.0	0.0
FUMt2_3pp	5mtr_p	-0.0	0.0	0.0	Inf	Inf
FUMt2_3pp	LalaDgluMdap_p	-0.0	-0.0058970223303513305	0.0	-0.0	Inf
FUMt2_3pp	gal_p	-0.0	-1000.0	0.0	-0.0	Inf
FUMt2_3pp	ac_p	-0.0	0.0	0.0	Inf	Inf
FUMt2_3pp	crn_p	-0.0	-1000.0	0.0	-0.0	Inf
FUMt2_3pp	gal_bD_p	-0.0	-1000.0	0.0	-0.0	Inf
FUMt2_3pp	acald_p	-0.0	-1000.0	0.0	-0.0	Inf
FUMt2_3pp	acgal_p	-0.0	-1000.0	0.0	-0.0	Inf
FUMt2_3pp	csn_p	-0.0	0.0	0.0	Inf	Inf
FUMt2_3pp	acgam_p	-0.0	-1000.0	0.0	-0.0	Inf
FUMt2_3pp	galt_p	-0.0	-0.0936778795085995	0.0	-0.0	Inf
FUMt2_3pp	acmana_p	-0.0	-1000.0	0.0	-0.0	Inf
FUMt2_3pp	cyan_p	-0.0	0.0	0.0	Inf	Inf
FUMt2_3pp	ade_p	-0.0	-1000.0	0.0	-0.0	Inf
FUMt2_3pp	adn_p	-0.0	0.0	0.00014197164024057292	Inf	0.0
FUMt2_3pp	cytd_p	-0.0	-0.03406576614297034	0.0	-0.0	Inf
FUMt2_3pp	glc__D_p	-0.0	-0.0936778795085995	0.20644384223538204	-0.0	0.0
FUMt2_3pp	dad_2_p	-0.0	-1000.0	0.0	-0.0	Inf
FUMt2_3pp	dcyt_p	-0.0	-1000.0	0.0	-0.0	Inf
FUMt2_3pp	all__D_p	-0.0	0.0	0.0	Inf	Inf
FUMt2_3pp	alltn_p	-0.0	0.0	0.0	Inf	Inf
FUMt2_3pp	dha_p	-0.0	-1000.0	0.0	-0.0	Inf
FUMt2_3pp	glyald_p	-0.0	-1000.0	0.0	-0.0	Inf
FUMt2_3pp	glyb_p	0.0	0.0	0.0	Inf	Inf
FUMt2_3pp	dms_p	-0.0	-1000.0	0.0	-0.0	Inf
FUMt2_3pp	glyc_p	-0.0	-0.029503786546138073	0.0	-0.0	Inf
FUMt2_3pp	dmso_p	-0.0	-1000.0	0.0	-0.0	Inf
FUMt2_3pp	arab__L_p	-0.0	0.0	0.0	Inf	Inf
FUMt2_3pp	arbt_p	0.0	0.0	0.0	Inf	Inf
FUMt2_3pp	ca2_p	-0.0	-0.001104577559772224	999.9988954224402	-0.0	0.0
FUMt2_3pp	duri_p	-0.0	-1000.0	0.0	-0.0	Inf
FUMt2_3pp	h2_p	-0.0	-1000.0	0.0	-0.0	Inf
FUMt2_3pp	h2o2_p	-0.0	-1000.0	0.0	-0.0	Inf
FUMt2_3pp	etoh_p	-0.0	-1000.0	0.0	-0.0	Inf
FUMt2_3pp	fald_p	-0.0	0.0	0.0	Inf	Inf
FUMt2_3pp	n2o_p	-0.0	-1000.0	0.0	-0.0	Inf
FUMt2_3pp	na1_p	-0.0	0.0	0.0	Inf	Inf
FUMt2_3pp	indole_p	-0.0	0.0	0.11886160613552302	Inf	0.0
FUMt2_3pp	nac_p	-0.0	-1000.0	0.0	-0.0	Inf
FUMt2_3pp	ni2_p	-0.0	-6.854535092770675e-05	999.9999314546491	-0.0	0.0
FUMt2_3pp	inost_p	-0.0	-1000.0	0.0	-0.0	Inf
FUMt2_3pp	no_p	-0.0	-1000.0	0.0	-0.0	Inf
FUMt2_3pp	no2_p	-0.0	-1000.0	0.0	-0.0	Inf
FUMt2_3pp	for_p	-0.0	-1.9515332537275754	0.000520562681085079	-0.0	0.0
FUMt2_3pp	fru_p	-0.0	-1000.0	0.0	-0.0	Inf
FUMt2_3pp	no3_p	-0.0	0.0	0.0	Inf	Inf
FUMt2_3pp	k_p	-0.0	-0.04142282567033817	999.9585771743297	-0.0	0.0
FUMt2_3pp	novbcn_p	-0.0	0.0	0.0	Inf	Inf
FUMt2_3pp	o2_p	-0.0	-5.8356847841093895	994.1643152158906	-0.0	0.0
FUMt2_3pp	lipa_cold_p	-0.0	-4.903041253090322	0.0	-0.0	Inf
FUMt2_3pp	g3pe_p	-0.0	0.0	0.0	Inf	Inf
FUMt2_3pp	g3pi_p	-0.0	0.0	0.0	Inf	Inf
FUMt2_3pp	so3_p	-0.0	-1000.0	0.0	-0.0	Inf
FUMt2_3pp	so4_p	-0.0	-0.05352182286670296	999.9464781771333	-0.0	0.0
FUMt2_3pp	malt_p	0.0	0.0	0.0	Inf	Inf
FUMt2_3pp	malthx_p	0.0	0.0	0.0	Inf	Inf
FUMt2_3pp	maltpt_p	0.0	0.0	0.0	Inf	Inf
FUMt2_3pp	sucr_p	-0.0	-1000.0	0.0	-0.0	Inf
FUMt2_3pp	malttr_p	0.0	0.0	0.0	Inf	Inf
FUMt2_3pp	maltttr_p	0.0	0.0	0.0	Inf	Inf
FUMt2_3pp	pacald_p	-0.0	-1000.0	0.0	-0.0	Inf
FUMt2_3pp	man_p	-0.0	-1000.0	0.0	-0.0	Inf
FUMt2_3pp	tartr__L_p	-0.0	-1000.0	0.0	-0.0	Inf
FUMt2_3pp	pe120_p	-0.0	0.0	0.0	Inf	Inf
FUMt2_3pp	melib_p	-0.0	-1000.0	0.0	-0.0	Inf
FUMt2_3pp	meoh_p	-0.0	-1000.0	0.0	-0.0	Inf
FUMt2_3pp	thym_p	-0.0	-1000.0	0.0	-0.0	Inf
FUMt2_3pp	thymd_p	-0.0	-0.005552810072572356	0.0	-0.0	Inf
FUMt2_3pp	pg120_p	-0.0	-0.011709734938574943	0.0	-0.0	Inf
FUMt2_3pp	metsox_S__L_p	-0.0	-1000.0	0.0	-0.0	Inf
FUMt2_3pp	tmao_p	-0.0	-1000.0	0.0	-0.0	Inf
FUMt2_3pp	mg2_p	-0.0	-0.0018409625995320928	999.9981590374005	-0.0	0.0
FUMt2_3pp	tre_p	-0.0	0.0	0.0	Inf	Inf
FUMt2_3pp	mnl_p	-0.0	0.0	0.0	Inf	Inf
FUMt2_3pp	mobd_p	-0.0	-2.7375697413845046e-05	999.9999726243026	-0.0	0.0
FUMt2_3pp	ura_p	-0.0	-1000.0	0.0	-0.0	Inf
FUMt2_3pp	urea_p	-0.0	0.0	0.8527028266244033	Inf	0.0
FUMt2_3pp	uri_p	-0.0	0.0	0.0	Inf	Inf
FUMt2_3pp	xan_p	-0.0	0.0	0.0	Inf	Inf
FUMt2_3pp	xtsn_p	-0.0	0.0	0.0	Inf	Inf
FUMt2_3pp	xyl__D_p	-0.0	0.0	0.0	Inf	Inf
FUMt2_3pp	xylu__L_p	-0.0	-1000.0	0.0	-0.0	Inf
FUMt2_3pp	ppal_p	-0.0	-1000.0	0.0	-0.0	Inf
FUMt2_3pp	psclys_p	-0.0	-1000.0	0.0	-0.0	Inf
FUMt2_3pp	pydx_p	-0.0	0.0	0.0	Inf	Inf
FUMt2_3pp	pydxn_p	-0.0	0.0	0.0	Inf	Inf
FUMt2_3pp	rib__D_p	-0.0	-1000.0	0.0	-0.0	Inf
FUMt2_3pp	rmn_p	-0.0	-1000.0	0.0	-0.0	Inf
FUMt2_3pp	sbt__D_p	-0.0	-0.0936778795085995	0.0	-0.0	Inf
FUMt2_3pp	slnt_p	-0.0	0.0	0.0	Inf	Inf
FUMt2_3pp	so2_p	-0.0	-1000.0	0.0	-0.0	Inf
