Reaction	Metabolite	ShadowPrice	G-	G+	DecrementalShadowPrice	IncrementalShadowPrice
FE3DHBZSabcpp	12dgr120_c	-0.0	0.0	0.0	Inf	Inf
FE3DHBZSabcpp	12dgr140_c	-0.0	0.0	0.0	Inf	Inf
FE3DHBZSabcpp	12dgr160_c	-0.0	-0.0016774484060420036	0.0	-0.0	Inf
FE3DHBZSabcpp	12dgr180_c	-0.0	0.0	0.0	Inf	Inf
FE3DHBZSabcpp	12ppd__R_c	-0.0	-1000.0	0.0	-0.0	Inf
FE3DHBZSabcpp	12ppd__S_c	-0.0	0.0	0.0	Inf	Inf
FE3DHBZSabcpp	5drib_c	-0.0	-999.9998885085064	0.00011149149361196815	-0.0	0.0
FE3DHBZSabcpp	5mta_c	-0.0	-0.05459733442467043	0.0	-0.0	Inf
FE3DHBZSabcpp	23dhacoa_c	-0.0	-0.00028797802860935874	0.0	-0.0	Inf
FE3DHBZSabcpp	5mtr_c	-0.0	-1000.0	0.0	-0.0	Inf
FE3DHBZSabcpp	3amac_c	-0.0	-2.3999930005229544	0.0	-0.0	Inf
FE3DHBZSabcpp	LalaDgluMdap_c	-0.0	-0.0038341677852388604	0.0	-0.0	Inf
FE3DHBZSabcpp	ac_c	-0.0	-0.026839174496672058	0.7094720365787445	-0.0	0.0
FE3DHBZSabcpp	acald_c	-0.0	-0.026839174496672058	0.7094720365787445	-0.0	0.0
FE3DHBZSabcpp	acetol_c	-0.0	0.0	0.0	Inf	Inf
FE3DHBZSabcpp	acgam_c	-0.0	-0.026839174496672058	0.0	-0.0	Inf
FE3DHBZSabcpp	acgam6p_c	-0.0	-0.026839174496672058	0.0	-0.0	Inf
FE3DHBZSabcpp	acmalt_c	0.0	0.0	0.0	Inf	Inf
FE3DHBZSabcpp	acmana_c	-0.0	-0.026839174496672058	0.0	-0.0	Inf
FE3DHBZSabcpp	2dmmq8_c	-0.0	0.0	0.0	Inf	Inf
FE3DHBZSabcpp	2dmmql8_c	0.0	0.0	0.0	Inf	Inf
FE3DHBZSabcpp	ade_c	-0.0	-0.05459733442467043	0.00033447448083590443	-0.0	0.0
FE3DHBZSabcpp	adn_c	-0.0	0.0	0.00033447448083590443	Inf	0.0
FE3DHBZSabcpp	3sala_c	0.0	0.0	0.0	Inf	Inf
FE3DHBZSabcpp	adphep_DD_c	-0.0	0.0	0.0	Inf	Inf
FE3DHBZSabcpp	adphep_LD_c	-0.0	0.0	0.0	Inf	Inf
FE3DHBZSabcpp	4ahmmp_c	0.0	0.0	0.0	Inf	Inf
FE3DHBZSabcpp	4crsol_c	-0.0	-999.9998885085064	0.00011149149361196815	-0.0	0.0
FE3DHBZSabcpp	2ohph_c	-0.0	-0.00011149149361196815	0.003097789576075809	-0.0	0.0
FE3DHBZSabcpp	2ombzl_c	-0.0	0.0	0.0	Inf	Inf
FE3DHBZSabcpp	2omhmbl_c	-0.0	0.0	0.0	Inf	Inf
FE3DHBZSabcpp	2ommbl_c	0.0	0.0	0.0	Inf	Inf
FE3DHBZSabcpp	2omph_c	-0.0	0.0	0.003097789576075809	Inf	0.0
FE3DHBZSabcpp	4mhetz_c	0.0	0.0	0.0	Inf	Inf
FE3DHBZSabcpp	2oph_c	-0.0	-0.00011149149361196815	0.003097789576075809	-0.0	0.0
FE3DHBZSabcpp	2oxpaccoa_c	-0.0	-0.00028797802860935874	0.0	-0.0	Inf
FE3DHBZSabcpp	all__D_c	-0.0	-58.27702262453542	0.0	-0.0	Inf
FE3DHBZSabcpp	alltn_c	-0.0	-0.026839174496672006	0.0	-0.0	Inf
FE3DHBZSabcpp	4r5au_c	-0.0	-0.00022298298699752195	0.026839174496672107	-0.0	0.0
FE3DHBZSabcpp	56dura_c	0.0	0.0	0.0	Inf	Inf
FE3DHBZSabcpp	arab__L_c	-0.0	-69.93242714944249	0.0	-0.0	Inf
FE3DHBZSabcpp	etoh_c	-0.0	-1000.0	0.0	-0.0	Inf
FE3DHBZSabcpp	csn_c	-0.0	0.0	0.04646684364113714	Inf	0.0
FE3DHBZSabcpp	fald_c	-0.0	0.0	0.0	Inf	Inf
FE3DHBZSabcpp	fc1p_c	-0.0	0.0	0.0	Inf	Inf
FE3DHBZSabcpp	fcl__L_c	-0.0	0.0	0.0	Inf	Inf
FE3DHBZSabcpp	aso4_c	0.0	0.0	0.0	Inf	Inf
FE3DHBZSabcpp	cyan_c	0.0	0.0	0.0	Inf	Inf
FE3DHBZSabcpp	athtp_c	0.0	0.0	0.0	Inf	Inf
FE3DHBZSabcpp	cytd_c	-0.0	0.0	0.04646684364113714	Inf	0.0
FE3DHBZSabcpp	dad_2_c	-0.0	-0.05459733442467043	0.0	-0.0	Inf
FE3DHBZSabcpp	dad_5_c	-0.0	-0.05459733442467043	0.00011149149361196815	-0.0	0.0
FE3DHBZSabcpp	betald_c	0.0	0.0	0.0	Inf	Inf
FE3DHBZSabcpp	btal_c	-0.0	-1.4023347848228696	0.0	-0.0	Inf
FE3DHBZSabcpp	for_c	-0.0	-0.05459733442467048	0.0012264064291675324	-0.0	0.0
FE3DHBZSabcpp	dcyt_c	-0.0	-0.013419587248336012	0.0	-0.0	Inf
FE3DHBZSabcpp	fru_c	-0.0	0.0	5.703785803259328	Inf	0.0
FE3DHBZSabcpp	ca2_c	-0.0	-0.002602301454089684	999.9973976985459	-0.0	0.0
FE3DHBZSabcpp	g3pe_c	-0.0	-0.026839174496672058	0.0	-0.0	Inf
FE3DHBZSabcpp	g3pi_c	0.0	0.0	0.0	Inf	Inf
FE3DHBZSabcpp	cbm_c	-0.0	-2.3999930005229544	0.0	-0.0	Inf
FE3DHBZSabcpp	dha_c	-0.0	-116.55404524907084	0.0	-0.0	Inf
FE3DHBZSabcpp	gal_c	-0.0	0.0	0.0	Inf	Inf
FE3DHBZSabcpp	dhgly_c	-0.0	-0.00011149149361196815	0.6000069994770456	-0.0	0.0
FE3DHBZSabcpp	dhmptp_c	0.0	0.0	0.0	Inf	Inf
FE3DHBZSabcpp	gcald_c	-0.0	-0.026839174496672006	0.0003344744809510303	-0.0	0.0
FE3DHBZSabcpp	dhptd_c	-0.0	-58.67931254132975	0.0002229829872239363	-0.0	0.0
FE3DHBZSabcpp	cechddd_c	-0.0	0.0	0.0	Inf	Inf
FE3DHBZSabcpp	dhptdn_c	0.0	0.0	0.0	Inf	Inf
FE3DHBZSabcpp	chol_c	0.0	0.0	0.0	Inf	Inf
FE3DHBZSabcpp	chtbs6p_c	-0.0	0.0	0.0	Inf	Inf
FE3DHBZSabcpp	dmbzid_c	0.0	0.0	0.0	Inf	Inf
FE3DHBZSabcpp	dms_c	0.0	0.0	0.0	Inf	Inf
FE3DHBZSabcpp	dmso_c	0.0	0.0	0.0	Inf	Inf
FE3DHBZSabcpp	cl_c	-0.0	-0.002602301454037194	999.9973976985459	-0.0	0.0
FE3DHBZSabcpp	glc__D_c	-0.0	-58.27702262453542	5.703785803259328	-0.0	0.0
FE3DHBZSabcpp	co2_c	-0.0	-945.5225912022722	54.477408797727776	-0.0	0.0
FE3DHBZSabcpp	dscl_c	-0.0	-0.00011149149361196815	0.005808355455142142	-0.0	0.0
FE3DHBZSabcpp	dtdp4aaddg_c	-0.0	0.0	0.0	Inf	Inf
FE3DHBZSabcpp	glyald_c	-0.0	-1000.0	0.0	-0.0	Inf
FE3DHBZSabcpp	crn_c	-0.0	-1000.0	0.0	-0.0	Inf
FE3DHBZSabcpp	duri_c	-0.0	-0.013419587248336012	0.02323342182056858	-0.0	0.0
FE3DHBZSabcpp	glyb_c	0.0	0.0	0.0	Inf	Inf
FE3DHBZSabcpp	glyc_c	-0.0	-99.90346735634643	0.0	-0.0	Inf
FE3DHBZSabcpp	dxyl_c	0.0	0.0	0.0	Inf	Inf
FE3DHBZSabcpp	glycogen_c	-0.0	-58.27702262453542	0.0	-0.0	Inf
FE3DHBZSabcpp	gmhep1p_c	-0.0	0.0	4.258826733100298	Inf	0.0
FE3DHBZSabcpp	lipa_cold_c	-0.0	0.0	0.0	Inf	Inf
FE3DHBZSabcpp	lipidA_c	-0.0	-0.0009585419463097164	0.025338287020669446	-0.0	0.0
FE3DHBZSabcpp	malt_c	0.0	0.0	0.0	Inf	Inf
FE3DHBZSabcpp	h2_c	-0.0	0.0	0.0	Inf	Inf
FE3DHBZSabcpp	malthx_c	-0.0	0.0	0.0	Inf	Inf
FE3DHBZSabcpp	maltpt_c	-0.0	0.0	0.0	Inf	Inf
FE3DHBZSabcpp	malttr_c	-0.0	0.0	0.0	Inf	Inf
FE3DHBZSabcpp	maltttr_c	-0.0	0.0	0.0	Inf	Inf
FE3DHBZSabcpp	h2o2_c	-0.0	0.0	58.67931254132975	Inf	0.0
FE3DHBZSabcpp	man_c	-0.0	0.0	0.0	Inf	Inf
FE3DHBZSabcpp	mdhdhf_c	-0.0	-58.67931254132975	0.0002229829872239363	-0.0	0.0
FE3DHBZSabcpp	melib_c	-0.0	0.0	0.0	Inf	Inf
FE3DHBZSabcpp	meoh_c	-0.0	-1000.0	0.0	-0.0	Inf
FE3DHBZSabcpp	pacald_c	-0.0	-1000.0	0.0	-0.0	Inf
FE3DHBZSabcpp	metsox_S__L_c	-0.0	-0.05459733442467034	0.0	-0.0	Inf
FE3DHBZSabcpp	mg2_c	-0.0	-0.004337169090035786	999.99566283091	-0.0	0.0
FE3DHBZSabcpp	hhlipa_c	-0.0	0.0	0.0	Inf	Inf
FE3DHBZSabcpp	pe120_c	-0.0	0.0	0.0	Inf	Inf
FE3DHBZSabcpp	mobd_c	-0.0	-6.449507926432239e-05	79.8530012456306	-0.0	0.0
FE3DHBZSabcpp	hlipa_c	-0.0	0.0	0.0	Inf	Inf
FE3DHBZSabcpp	pg120_c	-0.0	-0.0022365978747226714	0.0	-0.0	Inf
FE3DHBZSabcpp	mql8_c	0.0	0.0	0.0	Inf	Inf
FE3DHBZSabcpp	mqn8_c	-0.0	0.0	0.0	Inf	Inf
FE3DHBZSabcpp	mthgxl_c	-0.0	0.0	0.0	Inf	Inf
FE3DHBZSabcpp	hqn_c	0.0	0.0	0.0	Inf	Inf
FE3DHBZSabcpp	mththf_c	-0.0	-999.9997770170128	0.0002229829872239363	-0.0	0.0
FE3DHBZSabcpp	n2o_c	-0.0	-1000.0	0.0	-0.0	Inf
FE3DHBZSabcpp	na1_c	-0.0	0.0	0.0	Inf	Inf
FE3DHBZSabcpp	nac_c	-0.0	0.0	0.0	Inf	Inf
FE3DHBZSabcpp	ncam_c	-0.0	0.0	0.0	Inf	Inf
FE3DHBZSabcpp	ni2_c	-0.0	-0.0001614876790654307	999.9998385123209	-0.0	0.0
FE3DHBZSabcpp	no_c	-0.0	-1000.0	0.0	-0.0	Inf
FE3DHBZSabcpp	indole_c	-0.0	-0.02841933171024711	0.013419587248336013	-0.0	0.0
FE3DHBZSabcpp	no2_c	-0.0	-20.55977084710992	0.0	-0.0	Inf
FE3DHBZSabcpp	no3_c	0.0	0.0	0.0	Inf	Inf
FE3DHBZSabcpp	inost_c	0.0	0.0	0.0	Inf	Inf
FE3DHBZSabcpp	o2_c	-0.0	-51.90956427030448	948.0904357296955	-0.0	0.0
FE3DHBZSabcpp	poaac_c	-0.0	-2.3999930005229544	0.0	-0.0	Inf
FE3DHBZSabcpp	ppal_c	-0.0	0.0	0.0	Inf	Inf
FE3DHBZSabcpp	k_c	-0.0	-0.09758905431658604	319.4120049825224	-0.0	0.0
FE3DHBZSabcpp	psclys_c	-0.0	0.0	0.0	Inf	Inf
FE3DHBZSabcpp	lald__D_c	-0.0	0.0	0.0	Inf	Inf
FE3DHBZSabcpp	lald__L_c	-0.0	0.0	0.0	Inf	Inf
FE3DHBZSabcpp	ura_c	-0.0	-0.026839174496672	0.02323342182056858	-0.0	0.0
FE3DHBZSabcpp	pydx_c	-0.0	0.0	0.04646684364113714	Inf	0.0
FE3DHBZSabcpp	uracp_c	-0.0	-1.1999965002614772	0.0	-0.0	Inf
FE3DHBZSabcpp	pydxn_c	-0.0	0.0	0.04646684364113714	Inf	0.0
FE3DHBZSabcpp	urate_c	-0.0	0.0	0.0	Inf	Inf
FE3DHBZSabcpp	q8_c	-0.0	0.0	0.0	Inf	Inf
FE3DHBZSabcpp	q8h2_c	0.0	0.0	0.0	Inf	Inf
FE3DHBZSabcpp	urea_c	-0.0	0.0	0.026839174496672058	Inf	0.0
FE3DHBZSabcpp	uri_c	-0.0	0.0	0.02323342182056858	Inf	0.0
FE3DHBZSabcpp	rbflvrd_c	-0.0	0.0	0.026839174496672058	Inf	0.0
FE3DHBZSabcpp	rbl__L_c	-0.0	-69.93242714944249	0.0	-0.0	Inf
FE3DHBZSabcpp	rdmbzi_c	0.0	0.0	0.0	Inf	Inf
FE3DHBZSabcpp	thptdn_c	0.0	0.0	0.0	Inf	Inf
FE3DHBZSabcpp	xan_c	-0.0	0.0	0.026839174496672082	Inf	0.0
FE3DHBZSabcpp	rephaccoa_c	-0.0	-0.00028797802860935874	0.0	-0.0	Inf
FE3DHBZSabcpp	rib__D_c	-0.0	0.0	5.915037129305969	Inf	0.0
FE3DHBZSabcpp	xtsn_c	-0.0	0.0	0.026839174496672082	Inf	0.0
FE3DHBZSabcpp	rml_c	-0.0	0.0	0.0	Inf	Inf
FE3DHBZSabcpp	thym_c	-0.0	-319.4120049825224	0.0	-0.0	Inf
FE3DHBZSabcpp	thymd_c	-0.0	-0.013082001891707436	0.0	-0.0	Inf
FE3DHBZSabcpp	xu5p__L_c	-0.0	-0.48227870391514216	0.0	-0.0	Inf
FE3DHBZSabcpp	rmn_c	-0.0	0.0	0.0	Inf	Inf
FE3DHBZSabcpp	xyl__D_c	0.0	0.0	0.0	Inf	Inf
FE3DHBZSabcpp	tmao_c	0.0	0.0	0.0	Inf	Inf
FE3DHBZSabcpp	xylu__D_c	-0.0	0.0	0.0	Inf	Inf
FE3DHBZSabcpp	xylu__L_c	-0.0	-69.93242714944249	0.0	-0.0	Inf
FE3DHBZSabcpp	12ppd__R_e	-0.0	-1000.0	0.0	-0.0	Inf
FE3DHBZSabcpp	12ppd__S_e	-0.0	-1000.0	0.0	-0.0	Inf
FE3DHBZSabcpp	tre_c	-0.0	-29.13851131226771	0.0	-0.0	Inf
FE3DHBZSabcpp	seln_c	0.0	0.0	0.0	Inf	Inf
FE3DHBZSabcpp	34dhpac_e	-0.0	-1000.0	0.0	-0.0	Inf
FE3DHBZSabcpp	slnt_c	0.0	0.0	0.0	Inf	Inf
FE3DHBZSabcpp	so2_c	0.0	0.0	0.0	Inf	Inf
FE3DHBZSabcpp	so3_c	-0.0	-0.1239245450165073	17.74511138791791	-0.0	0.0
FE3DHBZSabcpp	so4_c	-0.0	-0.12609337954245348	319.4120049825224	-0.0	0.0
FE3DHBZSabcpp	4hoxpacd_e	-0.0	-1000.0	0.0	-0.0	Inf
FE3DHBZSabcpp	5mtr_e	-0.0	-1000.0	0.0	-0.0	Inf
FE3DHBZSabcpp	LalaDgluMdap_e	-0.0	-1000.0	0.0	-0.0	Inf
FE3DHBZSabcpp	ac_e	-0.0	0.0	0.0	Inf	Inf
FE3DHBZSabcpp	acald_e	-0.0	-1000.0	0.0	-0.0	Inf
FE3DHBZSabcpp	acgal_e	-0.0	-1000.0	0.0	-0.0	Inf
FE3DHBZSabcpp	acgam_e	-0.0	-1000.0	0.0	-0.0	Inf
FE3DHBZSabcpp	acmana_e	-0.0	-1000.0	0.0	-0.0	Inf
FE3DHBZSabcpp	tagur_c	-0.0	0.0	0.0	Inf	Inf
FE3DHBZSabcpp	tartr__L_c	-0.0	-0.026839174496672	0.0	-0.0	Inf
FE3DHBZSabcpp	ade_e	-0.0	-1000.0	0.0	-0.0	Inf
FE3DHBZSabcpp	adn_e	-0.0	-1000.0	0.0	-0.0	Inf
FE3DHBZSabcpp	all__D_e	-0.0	-1000.0	0.0	-0.0	Inf
FE3DHBZSabcpp	cl_e	-0.0	-0.002602301454089684	999.9973976985459	-0.0	0.0
FE3DHBZSabcpp	alltn_e	-0.0	0.0	0.0	Inf	Inf
FE3DHBZSabcpp	cm_e	-0.0	-1000.0	0.0	-0.0	Inf
FE3DHBZSabcpp	co2_e	-0.0	-945.5225912022722	54.477408797727776	-0.0	0.0
FE3DHBZSabcpp	arab__L_e	-0.0	-1000.0	0.0	-0.0	Inf
FE3DHBZSabcpp	arbt_e	-0.0	-1000.0	0.0	-0.0	Inf
FE3DHBZSabcpp	unagamu_c	-0.0	0.0	0.0021121292564153247	Inf	0.0
FE3DHBZSabcpp	crn_e	-0.0	-1000.0	0.0	-0.0	Inf
FE3DHBZSabcpp	csn_e	-0.0	-1000.0	0.0	-0.0	Inf
FE3DHBZSabcpp	cyan_e	-0.0	-1000.0	0.0	-0.0	Inf
FE3DHBZSabcpp	glyb_e	-0.0	-1000.0	0.0	-0.0	Inf
FE3DHBZSabcpp	glyc_e	-0.0	-1000.0	0.0	-0.0	Inf
FE3DHBZSabcpp	cytd_e	-0.0	-1000.0	0.0	-0.0	Inf
FE3DHBZSabcpp	ca2_e	-0.0	-0.002602301454089684	999.9973976985459	-0.0	0.0
FE3DHBZSabcpp	dad_2_e	-0.0	-1000.0	0.0	-0.0	Inf
FE3DHBZSabcpp	dcyt_e	-0.0	-1000.0	0.0	-0.0	Inf
FE3DHBZSabcpp	chol_e	-0.0	-1000.0	0.0	-0.0	Inf
FE3DHBZSabcpp	dha_e	-0.0	-1000.0	0.0	-0.0	Inf
FE3DHBZSabcpp	ppal_e	-0.0	-1000.0	0.0	-0.0	Inf
FE3DHBZSabcpp	h2_e	-0.0	-1000.0	0.0	-0.0	Inf
FE3DHBZSabcpp	dms_e	-0.0	-1000.0	0.0	-0.0	Inf
FE3DHBZSabcpp	dmso_e	-0.0	-1000.0	0.0	-0.0	Inf
FE3DHBZSabcpp	h2o2_e	-0.0	-1000.0	0.0	-0.0	Inf
FE3DHBZSabcpp	psclys_e	-0.0	-1000.0	0.0	-0.0	Inf
FE3DHBZSabcpp	duri_e	-0.0	-1000.0	0.0	-0.0	Inf
FE3DHBZSabcpp	pydx_e	-0.0	-1000.0	0.0	-0.0	Inf
FE3DHBZSabcpp	pydxn_e	-0.0	-1000.0	0.0	-0.0	Inf
FE3DHBZSabcpp	etoh_e	-0.0	-1000.0	0.0	-0.0	Inf
FE3DHBZSabcpp	fald_e	-0.0	0.0	0.0	Inf	Inf
FE3DHBZSabcpp	rib__D_e	-0.0	-1000.0	0.0	-0.0	Inf
FE3DHBZSabcpp	rmn_e	-0.0	-1000.0	0.0	-0.0	Inf
FE3DHBZSabcpp	indole_e	-0.0	-1000.0	0.0	-0.0	Inf
FE3DHBZSabcpp	inost_e	-0.0	-1000.0	0.0	-0.0	Inf
FE3DHBZSabcpp	sbt__D_e	-0.0	-0.013419587248336013	0.0	-0.0	Inf
FE3DHBZSabcpp	k_e	-0.0	-0.09758905431658604	999.9024109456834	-0.0	0.0
FE3DHBZSabcpp	for_e	-0.0	0.0	0.0012264064291675324	Inf	0.0
FE3DHBZSabcpp	slnt_e	-0.0	0.0	1000.0	Inf	0.0
FE3DHBZSabcpp	fru_e	-0.0	-1000.0	0.0	-0.0	Inf
FE3DHBZSabcpp	so2_e	-0.0	-1000.0	0.0	-0.0	Inf
FE3DHBZSabcpp	so3_e	-0.0	-1000.0	0.0	-0.0	Inf
FE3DHBZSabcpp	so4_e	-0.0	-0.12609337954245348	999.8739066204575	-0.0	0.0
FE3DHBZSabcpp	lipa_cold_e	-0.0	-1000.0	0.0	-0.0	Inf
FE3DHBZSabcpp	sucr_e	-0.0	-1000.0	0.0	-0.0	Inf
FE3DHBZSabcpp	g3pe_e	-0.0	-1000.0	0.0	-0.0	Inf
FE3DHBZSabcpp	malt_e	-0.0	-1000.0	0.0	-0.0	Inf
FE3DHBZSabcpp	tartr__L_e	-0.0	-1000.0	0.0	-0.0	Inf
FE3DHBZSabcpp	g3pi_e	-0.0	-1000.0	0.0	-0.0	Inf
FE3DHBZSabcpp	malthx_e	-0.0	-1000.0	0.0	-0.0	Inf
FE3DHBZSabcpp	maltpt_e	-0.0	-1000.0	0.0	-0.0	Inf
FE3DHBZSabcpp	gal_e	-0.0	-1000.0	0.0	-0.0	Inf
FE3DHBZSabcpp	gal_bD_e	-0.0	-1000.0	0.0	-0.0	Inf
FE3DHBZSabcpp	malttr_e	-0.0	-1000.0	0.0	-0.0	Inf
FE3DHBZSabcpp	maltttr_e	-0.0	-1000.0	0.0	-0.0	Inf
FE3DHBZSabcpp	man_e	-0.0	-1000.0	0.0	-0.0	Inf
FE3DHBZSabcpp	thym_e	-0.0	-1000.0	0.0	-0.0	Inf
FE3DHBZSabcpp	thymd_e	-0.0	-1000.0	0.0	-0.0	Inf
FE3DHBZSabcpp	galt_e	-0.0	-0.013419587248336013	0.0	-0.0	Inf
FE3DHBZSabcpp	melib_e	-0.0	-1000.0	0.0	-0.0	Inf
FE3DHBZSabcpp	meoh_e	-0.0	-1000.0	0.0	-0.0	Inf
FE3DHBZSabcpp	tmao_e	-0.0	-1000.0	0.0	-0.0	Inf
FE3DHBZSabcpp	tre_e	-0.0	-1000.0	0.0	-0.0	Inf
FE3DHBZSabcpp	metsox_S__L_e	-0.0	-1000.0	0.0	-0.0	Inf
FE3DHBZSabcpp	glc__D_e	-0.0	-59.264768770713985	5.807490999682225	-0.0	0.0
FE3DHBZSabcpp	mg2_e	-0.0	-0.004337169090035786	999.99566283091	-0.0	0.0
FE3DHBZSabcpp	mnl_e	-0.0	-1000.0	0.0	-0.0	Inf
FE3DHBZSabcpp	mobd_e	-0.0	-6.44950793002863e-05	999.9999355049207	-0.0	0.0
FE3DHBZSabcpp	glyald_e	-0.0	-1000.0	0.0	-0.0	Inf
FE3DHBZSabcpp	n2o_e	-0.0	-1000.0	0.0	-0.0	Inf
FE3DHBZSabcpp	na1_e	-0.0	0.0	1000.0	Inf	0.0
FE3DHBZSabcpp	nac_e	-0.0	-1000.0	0.0	-0.0	Inf
FE3DHBZSabcpp	ni2_e	-0.0	-0.0001614876790654307	999.9998385123209	-0.0	0.0
FE3DHBZSabcpp	no_e	-0.0	-1000.0	0.0	-0.0	Inf
FE3DHBZSabcpp	no2_e	-0.0	-1000.0	0.0	-0.0	Inf
FE3DHBZSabcpp	ura_e	-0.0	-1000.0	0.0	-0.0	Inf
FE3DHBZSabcpp	no3_e	-0.0	-1000.0	0.0	-0.0	Inf
FE3DHBZSabcpp	urea_e	-0.0	-1000.0	0.0	-0.0	Inf
FE3DHBZSabcpp	novbcn_e	-0.0	-1000.0	0.0	-0.0	Inf
FE3DHBZSabcpp	uri_e	-0.0	-1000.0	0.0	-0.0	Inf
FE3DHBZSabcpp	o2_e	-0.0	-51.909564270304486	948.0904357296955	-0.0	0.0
FE3DHBZSabcpp	xan_e	-0.0	0.0	0.0	Inf	Inf
FE3DHBZSabcpp	xtsn_e	-0.0	-1000.0	0.0	-0.0	Inf
FE3DHBZSabcpp	xyl__D_e	-0.0	-1000.0	0.0	-0.0	Inf
FE3DHBZSabcpp	xylu__L_e	-0.0	-1000.0	0.0	-0.0	Inf
FE3DHBZSabcpp	pacald_e	-0.0	-1000.0	0.0	-0.0	Inf
FE3DHBZSabcpp	12dgr120_p	-0.0	0.0	0.0	Inf	Inf
FE3DHBZSabcpp	12dgr140_p	-0.0	0.0	0.0	Inf	Inf
FE3DHBZSabcpp	12dgr160_p	-0.0	-0.0016774484060420036	0.0	-0.0	Inf
FE3DHBZSabcpp	12dgr180_p	-0.0	0.0	0.0	Inf	Inf
FE3DHBZSabcpp	12ppd__R_p	-0.0	-1000.0	0.0	-0.0	Inf
FE3DHBZSabcpp	12ppd__S_p	-0.0	0.0	0.0	Inf	Inf
FE3DHBZSabcpp	chol_p	-0.0	-1000.0	0.0	-0.0	Inf
FE3DHBZSabcpp	cl_p	-0.0	-0.002602301454089684	999.9973976985459	-0.0	0.0
FE3DHBZSabcpp	34dhpac_p	-0.0	-1000.0	0.0	-0.0	Inf
FE3DHBZSabcpp	cm_p	-0.0	0.0	0.0	Inf	Inf
FE3DHBZSabcpp	4hoxpacd_p	-0.0	-1000.0	0.0	-0.0	Inf
FE3DHBZSabcpp	co2_p	-0.0	-945.5225912022722	54.477408797727776	-0.0	0.0
FE3DHBZSabcpp	5mtr_p	-0.0	-1000.0	0.0	-0.0	Inf
FE3DHBZSabcpp	LalaDgluMdap_p	-0.0	-0.0038341677852388604	0.0	-0.0	Inf
FE3DHBZSabcpp	gal_p	-0.0	-1000.0	0.0	-0.0	Inf
FE3DHBZSabcpp	ac_p	-0.0	-0.026839174496672058	0.0	-0.0	Inf
FE3DHBZSabcpp	crn_p	-0.0	-1000.0	0.0	-0.0	Inf
FE3DHBZSabcpp	gal_bD_p	-0.0	-1000.0	0.0	-0.0	Inf
FE3DHBZSabcpp	acald_p	-0.0	-1000.0	0.0	-0.0	Inf
FE3DHBZSabcpp	acgal_p	-0.0	-1000.0	0.0	-0.0	Inf
FE3DHBZSabcpp	csn_p	-0.0	0.0	0.0	Inf	Inf
FE3DHBZSabcpp	acgam_p	-0.0	-1000.0	0.0	-0.0	Inf
FE3DHBZSabcpp	galt_p	-0.0	-0.013419587248336013	0.0	-0.0	Inf
FE3DHBZSabcpp	acmana_p	-0.0	-1000.0	0.0	-0.0	Inf
FE3DHBZSabcpp	cyan_p	-0.0	0.0	0.0	Inf	Inf
FE3DHBZSabcpp	ade_p	-0.0	-1000.0	0.0	-0.0	Inf
FE3DHBZSabcpp	adn_p	-0.0	0.0	0.00033447448083590443	Inf	0.0
FE3DHBZSabcpp	cytd_p	-0.0	0.0	0.0	Inf	Inf
FE3DHBZSabcpp	glc__D_p	-0.0	-59.264768770713985	5.807490999682225	-0.0	0.0
FE3DHBZSabcpp	dad_2_p	-0.0	-1000.0	0.0	-0.0	Inf
FE3DHBZSabcpp	dcyt_p	-0.0	-1000.0	0.0	-0.0	Inf
FE3DHBZSabcpp	all__D_p	-0.0	0.0	0.0	Inf	Inf
FE3DHBZSabcpp	alltn_p	-0.0	0.0	0.0	Inf	Inf
FE3DHBZSabcpp	dha_p	-0.0	-1000.0	0.0	-0.0	Inf
FE3DHBZSabcpp	glyald_p	-0.0	-1000.0	0.0	-0.0	Inf
FE3DHBZSabcpp	glyb_p	0.0	0.0	0.0	Inf	Inf
FE3DHBZSabcpp	dms_p	-0.0	-1000.0	0.0	-0.0	Inf
FE3DHBZSabcpp	glyc_p	-0.0	-99.90346735634643	0.0	-0.0	Inf
FE3DHBZSabcpp	dmso_p	-0.0	-1000.0	0.0	-0.0	Inf
FE3DHBZSabcpp	arab__L_p	-0.0	0.0	0.0	Inf	Inf
FE3DHBZSabcpp	arbt_p	0.0	0.0	0.0	Inf	Inf
FE3DHBZSabcpp	ca2_p	-0.0	-0.002602301454089684	999.9973976985459	-0.0	0.0
FE3DHBZSabcpp	duri_p	-0.0	-1000.0	0.0	-0.0	Inf
FE3DHBZSabcpp	h2_p	-0.0	-1000.0	0.0	-0.0	Inf
FE3DHBZSabcpp	h2o2_p	-0.0	-1000.0	0.0	-0.0	Inf
FE3DHBZSabcpp	etoh_p	-0.0	-1000.0	0.0	-0.0	Inf
FE3DHBZSabcpp	fald_p	-0.0	0.0	0.0	Inf	Inf
FE3DHBZSabcpp	n2o_p	-0.0	-1000.0	0.0	-0.0	Inf
FE3DHBZSabcpp	na1_p	-0.0	0.0	0.0	Inf	Inf
FE3DHBZSabcpp	indole_p	-0.0	0.0	0.013419587248336013	Inf	0.0
FE3DHBZSabcpp	nac_p	-0.0	-1000.0	0.0	-0.0	Inf
FE3DHBZSabcpp	ni2_p	-0.0	-0.0001614876790654307	999.9998385123209	-0.0	0.0
FE3DHBZSabcpp	inost_p	-0.0	-1000.0	0.0	-0.0	Inf
FE3DHBZSabcpp	no_p	-0.0	-1000.0	0.0	-0.0	Inf
FE3DHBZSabcpp	no2_p	-0.0	-20.55977084710992	0.0	-0.0	Inf
FE3DHBZSabcpp	for_p	-0.0	0.0	0.0012264064291675324	Inf	0.0
FE3DHBZSabcpp	fru_p	-0.0	-1000.0	0.0	-0.0	Inf
FE3DHBZSabcpp	no3_p	-0.0	0.0	0.0	Inf	Inf
FE3DHBZSabcpp	k_p	-0.0	-0.09758905431658604	999.9024109456834	-0.0	0.0
FE3DHBZSabcpp	novbcn_p	-0.0	0.0	0.0	Inf	Inf
FE3DHBZSabcpp	o2_p	-0.0	-51.909564270304486	948.0904357296955	-0.0	0.0
FE3DHBZSabcpp	lipa_cold_p	-0.0	-79.8530012456306	0.0	-0.0	Inf
FE3DHBZSabcpp	g3pe_p	-0.0	0.0	0.0	Inf	Inf
FE3DHBZSabcpp	g3pi_p	-0.0	0.0	0.0	Inf	Inf
FE3DHBZSabcpp	so3_p	-0.0	-1000.0	0.0	-0.0	Inf
FE3DHBZSabcpp	so4_p	-0.0	-0.12609337954245348	999.8739066204575	-0.0	0.0
FE3DHBZSabcpp	malt_p	0.0	0.0	0.0	Inf	Inf
FE3DHBZSabcpp	malthx_p	0.0	0.0	0.0	Inf	Inf
FE3DHBZSabcpp	maltpt_p	0.0	0.0	0.0	Inf	Inf
FE3DHBZSabcpp	sucr_p	-0.0	-1000.0	0.0	-0.0	Inf
FE3DHBZSabcpp	malttr_p	0.0	0.0	0.0	Inf	Inf
FE3DHBZSabcpp	maltttr_p	0.0	0.0	0.0	Inf	Inf
FE3DHBZSabcpp	pacald_p	-0.0	-1000.0	0.0	-0.0	Inf
FE3DHBZSabcpp	man_p	-0.0	-1000.0	0.0	-0.0	Inf
FE3DHBZSabcpp	tartr__L_p	-0.0	-1000.0	0.0	-0.0	Inf
FE3DHBZSabcpp	pe120_p	-0.0	-0.002064551884359389	0.0	-0.0	Inf
FE3DHBZSabcpp	melib_p	-0.0	-1000.0	0.0	-0.0	Inf
FE3DHBZSabcpp	meoh_p	-0.0	-1000.0	0.0	-0.0	Inf
FE3DHBZSabcpp	thym_p	-0.0	-1000.0	0.0	-0.0	Inf
FE3DHBZSabcpp	thymd_p	-0.0	-0.013082001891707436	0.0	-0.0	Inf
FE3DHBZSabcpp	pg120_p	-0.0	-0.0022365978747226714	0.0	-0.0	Inf
FE3DHBZSabcpp	metsox_S__L_p	-0.0	-1000.0	0.0	-0.0	Inf
FE3DHBZSabcpp	tmao_p	-0.0	-1000.0	0.0	-0.0	Inf
FE3DHBZSabcpp	mg2_p	-0.0	-0.004337169090035786	999.99566283091	-0.0	0.0
FE3DHBZSabcpp	tre_p	-0.0	0.0	0.0	Inf	Inf
FE3DHBZSabcpp	mnl_p	-0.0	0.0	0.0	Inf	Inf
FE3DHBZSabcpp	mobd_p	-0.0	-6.44950793002863e-05	999.9999355049207	-0.0	0.0
FE3DHBZSabcpp	ura_p	-0.0	-1000.0	0.0	-0.0	Inf
FE3DHBZSabcpp	urea_p	-0.0	0.0	0.026839174496672058	Inf	0.0
FE3DHBZSabcpp	uri_p	-0.0	0.0	0.0	Inf	Inf
FE3DHBZSabcpp	xan_p	-0.0	0.0	0.0	Inf	Inf
FE3DHBZSabcpp	xtsn_p	-0.0	0.0	0.0	Inf	Inf
FE3DHBZSabcpp	xyl__D_p	-0.0	0.0	0.0	Inf	Inf
FE3DHBZSabcpp	xylu__L_p	-0.0	-1000.0	0.0	-0.0	Inf
FE3DHBZSabcpp	ppal_p	-0.0	-1000.0	0.0	-0.0	Inf
FE3DHBZSabcpp	psclys_p	-0.0	-1000.0	0.0	-0.0	Inf
FE3DHBZSabcpp	pydx_p	-0.0	0.0	0.0	Inf	Inf
FE3DHBZSabcpp	pydxn_p	-0.0	0.0	0.0	Inf	Inf
FE3DHBZSabcpp	rib__D_p	-0.0	-1000.0	0.0	-0.0	Inf
FE3DHBZSabcpp	rmn_p	-0.0	-1000.0	0.0	-0.0	Inf
FE3DHBZSabcpp	sbt__D_p	-0.0	-0.013419587248336013	0.0	-0.0	Inf
FE3DHBZSabcpp	slnt_p	-0.0	0.0	0.0	Inf	Inf
FE3DHBZSabcpp	so2_p	-0.0	-1000.0	0.0	-0.0	Inf
