Reaction	Metabolite	ShadowPrice	G-	G+	DecrementalShadowPrice	IncrementalShadowPrice
GLUt2rpp_f	12dgr120_c	-0.0	0.0	0.0	Inf	Inf
GLUt2rpp_f	12dgr140_c	-0.0	0.0	0.0	Inf	Inf
GLUt2rpp_f	12dgr160_c	-0.0	-0.03190456579977763	0.0	-0.0	Inf
GLUt2rpp_f	12dgr180_c	-0.0	0.0	0.0	Inf	Inf
GLUt2rpp_f	12ppd__R_c	-0.0	-1000.0	0.0	-0.0	Inf
GLUt2rpp_f	12ppd__S_c	-0.0	0.0	0.0	Inf	Inf
GLUt2rpp_f	5drib_c	-0.0	-999.9998885085064	0.00011149149361196815	-0.0	0.0
GLUt2rpp_f	5mta_c	-0.0	-0.05582374085338415	0.0	-0.0	Inf
GLUt2rpp_f	23dhacoa_c	-0.0	-0.00028797802769986447	0.0	-0.0	Inf
GLUt2rpp_f	5mtr_c	-0.0	-373.91153194367837	0.0	-0.0	Inf
GLUt2rpp_f	3amac_c	-0.0	-1.4947565667122262	0.0	-0.0	Inf
GLUt2rpp_f	LalaDgluMdap_c	-0.0	-0.013892940020131708	0.0	-0.0	Inf
GLUt2rpp_f	ac_c	-0.0	-14.381212767064552	0.29126377765190886	-0.0	0.0
GLUt2rpp_f	acald_c	-0.0	0.0	8.462969158653735	Inf	0.0
GLUt2rpp_f	acetol_c	-0.0	0.0	0.0	Inf	Inf
GLUt2rpp_f	acgam_c	-0.0	-0.04724039573276181	0.0	-0.0	Inf
GLUt2rpp_f	acgam6p_c	-0.0	-0.04724039573276181	0.0	-0.0	Inf
GLUt2rpp_f	acmalt_c	0.0	0.0	0.0	Inf	Inf
GLUt2rpp_f	acmana_c	-0.0	-0.04724039573276181	0.0	-0.0	Inf
GLUt2rpp_f	2dmmq8_c	-0.0	0.0	0.0	Inf	Inf
GLUt2rpp_f	2dmmql8_c	0.0	0.0	0.0	Inf	Inf
GLUt2rpp_f	ade_c	-0.0	-0.05582374085338415	0.00033447448083590443	-0.0	0.0
GLUt2rpp_f	adn_c	-0.0	-0.05582374085338415	0.00033447448083590443	-0.0	0.0
GLUt2rpp_f	3sala_c	0.0	0.0	0.0	Inf	Inf
GLUt2rpp_f	adphep_DD_c	-0.0	0.0	0.0	Inf	Inf
GLUt2rpp_f	adphep_LD_c	-0.0	0.0	0.0	Inf	Inf
GLUt2rpp_f	4ahmmp_c	0.0	0.0	0.0	Inf	Inf
GLUt2rpp_f	4crsol_c	-0.0	-999.9998885085064	0.00011149149361196815	-0.0	0.0
GLUt2rpp_f	2ohph_c	-0.0	-0.00011149149361196815	0.36963448725615466	-0.0	0.0
GLUt2rpp_f	2ombzl_c	-0.0	0.0	0.0	Inf	Inf
GLUt2rpp_f	2omhmbl_c	-0.0	0.0	0.0	Inf	Inf
GLUt2rpp_f	2ommbl_c	0.0	0.0	0.0	Inf	Inf
GLUt2rpp_f	2omph_c	-0.0	0.0	0.3103104337459076	Inf	0.0
GLUt2rpp_f	4mhetz_c	0.0	0.0	0.0	Inf	Inf
GLUt2rpp_f	2oph_c	-0.0	-0.00011149149361196815	0.36963448725615466	-0.0	0.0
GLUt2rpp_f	2oxpaccoa_c	-0.0	-0.00028797802769986447	0.0	-0.0	Inf
GLUt2rpp_f	all__D_c	-0.0	-1.971606073753378	0.0	-0.0	Inf
GLUt2rpp_f	alltn_c	-0.0	0.0	0.0	Inf	Inf
GLUt2rpp_f	4r5au_c	-0.0	-0.00022298298756547649	0.15000174986934667	-0.0	0.0
GLUt2rpp_f	56dura_c	0.0	0.0	0.0	Inf	Inf
GLUt2rpp_f	arab__L_c	-0.0	-1.971606073753378	0.0	-0.0	Inf
GLUt2rpp_f	etoh_c	-0.0	-1000.0	0.0	-0.0	Inf
GLUt2rpp_f	csn_c	-0.0	0.0	0.0	Inf	Inf
GLUt2rpp_f	fald_c	-0.0	0.0	0.0	Inf	Inf
GLUt2rpp_f	fc1p_c	-0.0	0.0	0.0	Inf	Inf
GLUt2rpp_f	fcl__L_c	-0.0	0.0	0.0	Inf	Inf
GLUt2rpp_f	aso4_c	0.0	0.0	0.0	Inf	Inf
GLUt2rpp_f	cyan_c	0.0	0.0	0.0	Inf	Inf
GLUt2rpp_f	athtp_c	0.0	0.0	0.0	Inf	Inf
GLUt2rpp_f	cytd_c	-0.0	-0.08025637673566778	0.0	-0.0	Inf
GLUt2rpp_f	dad_2_c	-0.0	0.0	0.0	Inf	Inf
GLUt2rpp_f	dad_5_c	-0.0	-0.05582374085338415	0.00011149149361196815	-0.0	0.0
GLUt2rpp_f	betald_c	0.0	0.0	0.0	Inf	Inf
GLUt2rpp_f	btal_c	-0.0	-1.406238486988741	0.0	-0.0	Inf
GLUt2rpp_f	for_c	-0.0	-62.318588657279726	0.001226406430871396	-0.0	0.0
GLUt2rpp_f	dcyt_c	-0.0	-0.013082001891689288	0.0	-0.0	Inf
GLUt2rpp_f	fru_c	-0.0	0.0	0.0	Inf	Inf
GLUt2rpp_f	ca2_c	-0.0	-0.002602301454089684	373.91153194367837	-0.0	0.0
GLUt2rpp_f	g3pe_c	-0.0	0.0	0.0	Inf	Inf
GLUt2rpp_f	g3pi_c	0.0	0.0	0.0	Inf	Inf
GLUt2rpp_f	cbm_c	-0.0	-1.4947565667122262	0.0	-0.0	Inf
GLUt2rpp_f	dha_c	-0.0	-8.902655522468532	0.0	-0.0	Inf
GLUt2rpp_f	gal_c	-0.0	0.0	0.0	Inf	Inf
GLUt2rpp_f	dhgly_c	-0.0	-0.00011149149361196815	0.6000069994773867	-0.0	0.0
GLUt2rpp_f	dhmptp_c	0.0	0.0	0.0	Inf	Inf
GLUt2rpp_f	gcald_c	-0.0	-14.956461277747135	0.0003344744809510303	-0.0	0.0
GLUt2rpp_f	dhptd_c	-0.0	-58.68126439241496	0.0002229829872239363	-0.0	0.0
GLUt2rpp_f	cechddd_c	-0.0	0.0	0.0	Inf	Inf
GLUt2rpp_f	dhptdn_c	0.0	0.0	0.0	Inf	Inf
GLUt2rpp_f	chol_c	0.0	0.0	0.0	Inf	Inf
GLUt2rpp_f	chtbs6p_c	-0.0	0.0	0.0	Inf	Inf
GLUt2rpp_f	dmbzid_c	0.0	0.0	0.0	Inf	Inf
GLUt2rpp_f	dms_c	0.0	0.0	0.0	Inf	Inf
GLUt2rpp_f	dmso_c	0.0	0.0	0.0	Inf	Inf
GLUt2rpp_f	cl_c	-0.0	-0.002602301454037194	747.8230638873567	-0.0	0.0
GLUt2rpp_f	glc__D_c	-0.0	-1.971606073753378	0.0	-0.0	Inf
GLUt2rpp_f	co2_c	-0.0	-945.5225912022678	54.476182391301336	-0.0	0.0
GLUt2rpp_f	dscl_c	-0.0	-0.00011149149361196815	0.1278398624535219	-0.0	0.0
GLUt2rpp_f	dtdp4aaddg_c	-0.0	0.0	0.0	Inf	Inf
GLUt2rpp_f	glyald_c	-0.0	-1000.0	0.0	-0.0	Inf
GLUt2rpp_f	crn_c	-0.0	-373.91153194367837	0.0	-0.0	Inf
GLUt2rpp_f	duri_c	-0.0	-0.013082001891689288	0.0	-0.0	Inf
GLUt2rpp_f	glyb_c	0.0	0.0	0.0	Inf	Inf
GLUt2rpp_f	glyc_c	-0.0	-0.06950869674387761	0.0	-0.0	Inf
GLUt2rpp_f	dxyl_c	0.0	0.0	0.0	Inf	Inf
GLUt2rpp_f	glycogen_c	-0.0	-1.971606073753378	0.0	-0.0	Inf
GLUt2rpp_f	gmhep1p_c	-0.0	0.0	1.7953675095298942	Inf	0.0
GLUt2rpp_f	lipa_cold_c	-0.0	0.0	0.0	Inf	Inf
GLUt2rpp_f	lipidA_c	-0.0	-0.009727257846236625	0.30000349973869334	-0.0	0.0
GLUt2rpp_f	malt_c	0.0	0.0	0.0	Inf	Inf
GLUt2rpp_f	h2_c	-0.0	0.0	0.0	Inf	Inf
GLUt2rpp_f	malthx_c	-0.0	0.0	0.0	Inf	Inf
GLUt2rpp_f	maltpt_c	-0.0	0.0	0.0	Inf	Inf
GLUt2rpp_f	malttr_c	-0.0	0.0	0.0	Inf	Inf
GLUt2rpp_f	maltttr_c	-0.0	0.0	0.0	Inf	Inf
GLUt2rpp_f	h2o2_c	-0.0	-0.0007014464832654369	9.925992535382312	-0.0	0.0
GLUt2rpp_f	man_c	-0.0	0.0	0.0	Inf	Inf
GLUt2rpp_f	mdhdhf_c	-0.0	-58.68126439241496	0.0002229829872239363	-0.0	0.0
GLUt2rpp_f	melib_c	-0.0	0.0	0.0	Inf	Inf
GLUt2rpp_f	meoh_c	-0.0	-1000.0	0.0	-0.0	Inf
GLUt2rpp_f	pacald_c	-0.0	-373.91153194367837	0.0	-0.0	Inf
GLUt2rpp_f	metsox_S__L_c	-0.0	-0.05582374085338415	0.0	-0.0	Inf
GLUt2rpp_f	mg2_c	-0.0	-0.004337169090035786	186.95576597183918	-0.0	0.0
GLUt2rpp_f	hhlipa_c	-0.0	0.0	0.0	Inf	Inf
GLUt2rpp_f	pe120_c	-0.0	0.0	0.0	Inf	Inf
GLUt2rpp_f	mobd_c	-0.0	-6.449507926432239e-05	156.5221170140804	-0.0	0.0
GLUt2rpp_f	hlipa_c	-0.0	0.0	0.0	Inf	Inf
GLUt2rpp_f	pg120_c	-0.0	-0.034754348371938804	0.0	-0.0	Inf
GLUt2rpp_f	mql8_c	0.0	0.0	0.0	Inf	Inf
GLUt2rpp_f	mqn8_c	-0.0	0.0	0.0	Inf	Inf
GLUt2rpp_f	mthgxl_c	-0.0	-8.695617021946008	0.0	-0.0	Inf
GLUt2rpp_f	hqn_c	0.0	0.0	0.0	Inf	Inf
GLUt2rpp_f	mththf_c	-0.0	-999.9997770170128	0.0002229829872239363	-0.0	0.0
GLUt2rpp_f	n2o_c	-0.0	-1000.0	0.0	-0.0	Inf
GLUt2rpp_f	na1_c	-0.0	0.0	0.0	Inf	Inf
GLUt2rpp_f	nac_c	-0.0	0.0	0.0	Inf	Inf
GLUt2rpp_f	ncam_c	-0.0	0.0	0.0	Inf	Inf
GLUt2rpp_f	ni2_c	-0.0	-0.0001614876790654307	999.9998385123209	-0.0	0.0
GLUt2rpp_f	no_c	-0.0	-1000.0	0.0	-0.0	Inf
GLUt2rpp_f	indole_c	-0.0	-0.02841933171024711	0.6000069994773867	-0.0	0.0
GLUt2rpp_f	no2_c	-0.0	-373.91153194367837	0.0	-0.0	Inf
GLUt2rpp_f	no3_c	0.0	0.0	0.0	Inf	Inf
GLUt2rpp_f	inost_c	0.0	0.0	0.0	Inf	Inf
GLUt2rpp_f	o2_c	-0.0	-51.910540195853855	948.0894598041461	-0.0	0.0
GLUt2rpp_f	poaac_c	-0.0	-1.4947565667122262	0.0	-0.0	Inf
GLUt2rpp_f	ppal_c	-0.0	0.0	0.0	Inf	Inf
GLUt2rpp_f	k_c	-0.0	-0.09758905431658604	626.0884680563216	-0.0	0.0
GLUt2rpp_f	psclys_c	-0.0	0.0	0.0	Inf	Inf
GLUt2rpp_f	lald__D_c	-0.0	0.0	0.0	Inf	Inf
GLUt2rpp_f	lald__L_c	-0.0	0.0	0.0	Inf	Inf
GLUt2rpp_f	ura_c	-0.0	0.0	0.0	Inf	Inf
GLUt2rpp_f	pydx_c	-0.0	0.0	0.0007014464832654369	Inf	0.0
GLUt2rpp_f	uracp_c	-0.0	-0.7473782833561131	0.0	-0.0	Inf
GLUt2rpp_f	pydxn_c	-0.0	0.0	0.6000069994773867	Inf	0.0
GLUt2rpp_f	urate_c	-0.0	0.0	0.0	Inf	Inf
GLUt2rpp_f	q8_c	-0.0	0.0	0.0	Inf	Inf
GLUt2rpp_f	q8h2_c	0.0	0.0	0.0	Inf	Inf
GLUt2rpp_f	urea_c	-0.0	-1000.0	0.0	-0.0	Inf
GLUt2rpp_f	uri_c	-0.0	0.0	0.0	Inf	Inf
GLUt2rpp_f	rbflvrd_c	-0.0	0.0	0.15000174986934667	Inf	0.0
GLUt2rpp_f	rbl__L_c	-0.0	-1.971606073753378	0.0	-0.0	Inf
GLUt2rpp_f	rdmbzi_c	0.0	0.0	0.0	Inf	Inf
GLUt2rpp_f	thptdn_c	0.0	0.0	0.0	Inf	Inf
GLUt2rpp_f	xan_c	-0.0	0.0	0.0	Inf	Inf
GLUt2rpp_f	rephaccoa_c	-0.0	-0.00028797802769986447	0.0	-0.0	Inf
GLUt2rpp_f	rib__D_c	-0.0	0.0	2.513514513341852	Inf	0.0
GLUt2rpp_f	xtsn_c	-0.0	0.0	0.0	Inf	Inf
GLUt2rpp_f	rml_c	-0.0	0.0	0.0	Inf	Inf
GLUt2rpp_f	thym_c	-0.0	-626.0884680563216	0.0	-0.0	Inf
GLUt2rpp_f	thymd_c	-0.0	0.0	0.30000349973869334	Inf	0.0
GLUt2rpp_f	xu5p__L_c	-0.0	-0.4822787039158811	0.0	-0.0	Inf
GLUt2rpp_f	rmn_c	-0.0	0.0	0.0	Inf	Inf
GLUt2rpp_f	xyl__D_c	0.0	0.0	0.0	Inf	Inf
GLUt2rpp_f	tmao_c	0.0	0.0	0.0	Inf	Inf
GLUt2rpp_f	xylu__D_c	-0.0	0.0	0.0	Inf	Inf
GLUt2rpp_f	xylu__L_c	-0.0	-1.971606073753378	0.0	-0.0	Inf
GLUt2rpp_f	12ppd__R_e	-0.0	-1000.0	0.0	-0.0	Inf
GLUt2rpp_f	12ppd__S_e	-0.0	-1000.0	0.0	-0.0	Inf
GLUt2rpp_f	tre_c	-0.0	-0.985803036876689	0.0	-0.0	Inf
GLUt2rpp_f	seln_c	0.0	0.0	0.0	Inf	Inf
GLUt2rpp_f	34dhpac_e	-0.0	-1000.0	0.0	-0.0	Inf
GLUt2rpp_f	slnt_c	0.0	0.0	0.0	Inf	Inf
GLUt2rpp_f	so2_c	0.0	0.0	0.0	Inf	Inf
GLUt2rpp_f	so3_c	-0.0	-0.12392454501555303	31.30442340281608	-0.0	0.0
GLUt2rpp_f	so4_c	-0.0	-0.1260933795415114	626.0884680563216	-0.0	0.0
GLUt2rpp_f	4hoxpacd_e	-0.0	-1000.0	0.0	-0.0	Inf
GLUt2rpp_f	5mtr_e	-0.0	-1000.0	0.0	-0.0	Inf
GLUt2rpp_f	LalaDgluMdap_e	-0.0	-1000.0	0.0	-0.0	Inf
GLUt2rpp_f	ac_e	-0.0	0.0	0.0	Inf	Inf
GLUt2rpp_f	acald_e	-0.0	-1000.0	0.0	-0.0	Inf
GLUt2rpp_f	acgal_e	-0.0	-1000.0	0.0	-0.0	Inf
GLUt2rpp_f	acgam_e	-0.0	-1000.0	0.0	-0.0	Inf
GLUt2rpp_f	acmana_e	-0.0	-1000.0	0.0	-0.0	Inf
GLUt2rpp_f	tagur_c	-0.0	0.0	0.0	Inf	Inf
GLUt2rpp_f	tartr__L_c	-0.0	-9.83977715641259	0.0	-0.0	Inf
GLUt2rpp_f	ade_e	-0.0	-1000.0	0.0	-0.0	Inf
GLUt2rpp_f	adn_e	-0.0	-1000.0	0.0	-0.0	Inf
GLUt2rpp_f	all__D_e	-0.0	-1000.0	0.0	-0.0	Inf
GLUt2rpp_f	cl_e	-0.0	-0.002602301454089684	999.9973976985459	-0.0	0.0
GLUt2rpp_f	alltn_e	-0.0	0.0	0.0	Inf	Inf
GLUt2rpp_f	cm_e	-0.0	-1000.0	0.0	-0.0	Inf
GLUt2rpp_f	co2_e	-0.0	-945.5225912022678	54.47740879773221	-0.0	0.0
GLUt2rpp_f	arab__L_e	-0.0	-1000.0	0.0	-0.0	Inf
GLUt2rpp_f	arbt_e	-0.0	-1000.0	0.0	-0.0	Inf
GLUt2rpp_f	unagamu_c	-0.0	0.0	0.2792793903713169	Inf	0.0
GLUt2rpp_f	crn_e	-0.0	-1000.0	0.0	-0.0	Inf
GLUt2rpp_f	csn_e	-0.0	-1000.0	0.0	-0.0	Inf
GLUt2rpp_f	cyan_e	-0.0	-1000.0	0.0	-0.0	Inf
GLUt2rpp_f	glyb_e	-0.0	-1000.0	0.0	-0.0	Inf
GLUt2rpp_f	glyc_e	-0.0	-1000.0	0.0	-0.0	Inf
GLUt2rpp_f	cytd_e	-0.0	-1000.0	0.0	-0.0	Inf
GLUt2rpp_f	ca2_e	-0.0	-0.002602301454089684	999.9973976985459	-0.0	0.0
GLUt2rpp_f	dad_2_e	-0.0	-1000.0	0.0	-0.0	Inf
GLUt2rpp_f	dcyt_e	-0.0	-1000.0	0.0	-0.0	Inf
GLUt2rpp_f	chol_e	-0.0	-1000.0	0.0	-0.0	Inf
GLUt2rpp_f	dha_e	-0.0	-1000.0	0.0	-0.0	Inf
GLUt2rpp_f	ppal_e	-0.0	-1000.0	0.0	-0.0	Inf
GLUt2rpp_f	h2_e	-0.0	-1000.0	0.0	-0.0	Inf
GLUt2rpp_f	dms_e	-0.0	-1000.0	0.0	-0.0	Inf
GLUt2rpp_f	dmso_e	-0.0	-1000.0	0.0	-0.0	Inf
GLUt2rpp_f	h2o2_e	-0.0	-1000.0	0.0	-0.0	Inf
GLUt2rpp_f	psclys_e	-0.0	-1000.0	0.0	-0.0	Inf
GLUt2rpp_f	duri_e	-0.0	-1000.0	0.0	-0.0	Inf
GLUt2rpp_f	pydx_e	-0.0	-1000.0	0.0	-0.0	Inf
GLUt2rpp_f	pydxn_e	-0.0	-1000.0	0.0	-0.0	Inf
GLUt2rpp_f	etoh_e	-0.0	-1000.0	0.0	-0.0	Inf
GLUt2rpp_f	fald_e	-0.0	0.0	0.0	Inf	Inf
GLUt2rpp_f	rib__D_e	-0.0	-1000.0	0.0	-0.0	Inf
GLUt2rpp_f	rmn_e	-0.0	-1000.0	0.0	-0.0	Inf
GLUt2rpp_f	indole_e	-0.0	-1000.0	0.0	-0.0	Inf
GLUt2rpp_f	inost_e	-0.0	-1000.0	0.0	-0.0	Inf
GLUt2rpp_f	sbt__D_e	-0.0	-3.894911791079983	0.0	-0.0	Inf
GLUt2rpp_f	k_e	-0.0	-0.09758905431658604	999.9024109456834	-0.0	0.0
GLUt2rpp_f	for_e	-0.0	0.0	0.001226406430871396	Inf	0.0
GLUt2rpp_f	slnt_e	-0.0	0.0	1000.0	Inf	0.0
GLUt2rpp_f	fru_e	-0.0	-1000.0	0.0	-0.0	Inf
GLUt2rpp_f	so2_e	-0.0	-1000.0	0.0	-0.0	Inf
GLUt2rpp_f	so3_e	-0.0	-1000.0	0.0	-0.0	Inf
GLUt2rpp_f	so4_e	-0.0	-0.12609337954154398	999.8739066204585	-0.0	0.0
GLUt2rpp_f	lipa_cold_e	-0.0	-1000.0	0.0	-0.0	Inf
GLUt2rpp_f	sucr_e	-0.0	-1000.0	0.0	-0.0	Inf
GLUt2rpp_f	g3pe_e	-0.0	-1000.0	0.0	-0.0	Inf
GLUt2rpp_f	malt_e	-0.0	-1000.0	0.0	-0.0	Inf
GLUt2rpp_f	tartr__L_e	-0.0	-1000.0	0.0	-0.0	Inf
GLUt2rpp_f	g3pi_e	-0.0	-1000.0	0.0	-0.0	Inf
GLUt2rpp_f	malthx_e	-0.0	-1000.0	0.0	-0.0	Inf
GLUt2rpp_f	maltpt_e	-0.0	-1000.0	0.0	-0.0	Inf
GLUt2rpp_f	gal_e	-0.0	-1000.0	0.0	-0.0	Inf
GLUt2rpp_f	gal_bD_e	-0.0	-1000.0	0.0	-0.0	Inf
GLUt2rpp_f	malttr_e	-0.0	-1000.0	0.0	-0.0	Inf
GLUt2rpp_f	maltttr_e	-0.0	-1000.0	0.0	-0.0	Inf
GLUt2rpp_f	man_e	-0.0	-1000.0	0.0	-0.0	Inf
GLUt2rpp_f	thym_e	-0.0	-1000.0	0.0	-0.0	Inf
GLUt2rpp_f	thymd_e	-0.0	-1000.0	0.0	-0.0	Inf
GLUt2rpp_f	galt_e	-0.0	-2.042253683601416	0.0	-0.0	Inf
GLUt2rpp_f	melib_e	-0.0	-1000.0	0.0	-0.0	Inf
GLUt2rpp_f	meoh_e	-0.0	-1000.0	0.0	-0.0	Inf
GLUt2rpp_f	tmao_e	-0.0	-1000.0	0.0	-0.0	Inf
GLUt2rpp_f	tre_e	-0.0	-1000.0	0.0	-0.0	Inf
GLUt2rpp_f	metsox_S__L_e	-0.0	-1000.0	0.0	-0.0	Inf
GLUt2rpp_f	glc__D_e	-0.0	-4.201253167906499	6.28378628335463	-0.0	0.0
GLUt2rpp_f	mg2_e	-0.0	-0.004337169090035786	999.99566283091	-0.0	0.0
GLUt2rpp_f	mnl_e	-0.0	-1000.0	0.0	-0.0	Inf
GLUt2rpp_f	mobd_e	-0.0	-6.44950793002863e-05	999.9999355049207	-0.0	0.0
GLUt2rpp_f	glyald_e	-0.0	-1000.0	0.0	-0.0	Inf
GLUt2rpp_f	n2o_e	-0.0	-1000.0	0.0	-0.0	Inf
GLUt2rpp_f	na1_e	-0.0	0.0	1000.0	Inf	0.0
GLUt2rpp_f	nac_e	-0.0	-1000.0	0.0	-0.0	Inf
GLUt2rpp_f	ni2_e	-0.0	-0.0001614876790654307	999.9998385123209	-0.0	0.0
GLUt2rpp_f	no_e	-0.0	-1000.0	0.0	-0.0	Inf
GLUt2rpp_f	no2_e	-0.0	-1000.0	0.0	-0.0	Inf
GLUt2rpp_f	ura_e	-0.0	-1000.0	0.0	-0.0	Inf
GLUt2rpp_f	no3_e	-0.0	-1000.0	0.0	-0.0	Inf
GLUt2rpp_f	urea_e	-0.0	-1000.0	0.0	-0.0	Inf
GLUt2rpp_f	novbcn_e	-0.0	-1000.0	0.0	-0.0	Inf
GLUt2rpp_f	uri_e	-0.0	-1000.0	0.0	-0.0	Inf
GLUt2rpp_f	o2_e	-0.0	-51.910540195853855	948.0894598041461	-0.0	0.0
GLUt2rpp_f	xan_e	-0.0	0.0	0.0	Inf	Inf
GLUt2rpp_f	xtsn_e	-0.0	-1000.0	0.0	-0.0	Inf
GLUt2rpp_f	xyl__D_e	-0.0	-1000.0	0.0	-0.0	Inf
GLUt2rpp_f	xylu__L_e	-0.0	-1000.0	0.0	-0.0	Inf
GLUt2rpp_f	pacald_e	-0.0	-1000.0	0.0	-0.0	Inf
GLUt2rpp_f	12dgr120_p	-0.0	0.0	0.0	Inf	Inf
GLUt2rpp_f	12dgr140_p	-0.0	0.0	0.0	Inf	Inf
GLUt2rpp_f	12dgr160_p	-0.0	-0.03190456579977763	0.0	-0.0	Inf
GLUt2rpp_f	12dgr180_p	-0.0	0.0	0.0	Inf	Inf
GLUt2rpp_f	12ppd__R_p	-0.0	-1000.0	0.0	-0.0	Inf
GLUt2rpp_f	12ppd__S_p	-0.0	0.0	0.0	Inf	Inf
GLUt2rpp_f	chol_p	-0.0	-1000.0	0.0	-0.0	Inf
GLUt2rpp_f	cl_p	-0.0	-0.002602301454089684	999.9973976985459	-0.0	0.0
GLUt2rpp_f	34dhpac_p	-0.0	-1000.0	0.0	-0.0	Inf
GLUt2rpp_f	cm_p	-0.0	0.0	0.0	Inf	Inf
GLUt2rpp_f	4hoxpacd_p	-0.0	-1000.0	0.0	-0.0	Inf
GLUt2rpp_f	co2_p	-0.0	-945.5225912022678	54.47740879773221	-0.0	0.0
GLUt2rpp_f	5mtr_p	-0.0	-1000.0	0.0	-0.0	Inf
GLUt2rpp_f	LalaDgluMdap_p	-0.0	0.0	0.0	Inf	Inf
GLUt2rpp_f	gal_p	-0.0	-1000.0	0.0	-0.0	Inf
GLUt2rpp_f	ac_p	-0.0	-14.956461277747135	0.0	-0.0	Inf
GLUt2rpp_f	crn_p	-0.0	-1000.0	0.0	-0.0	Inf
GLUt2rpp_f	gal_bD_p	-0.0	-1000.0	0.0	-0.0	Inf
GLUt2rpp_f	acald_p	-0.0	-1000.0	0.0	-0.0	Inf
GLUt2rpp_f	acgal_p	-0.0	-1000.0	0.0	-0.0	Inf
GLUt2rpp_f	csn_p	-0.0	0.0	0.0	Inf	Inf
GLUt2rpp_f	acgam_p	-0.0	-1000.0	0.0	-0.0	Inf
GLUt2rpp_f	galt_p	-0.0	-2.042253683601416	0.0	-0.0	Inf
GLUt2rpp_f	acmana_p	-0.0	-1000.0	0.0	-0.0	Inf
GLUt2rpp_f	cyan_p	-0.0	0.0	0.0	Inf	Inf
GLUt2rpp_f	ade_p	-0.0	-1000.0	0.0	-0.0	Inf
GLUt2rpp_f	adn_p	-0.0	0.0	0.00033447448083590443	Inf	0.0
GLUt2rpp_f	cytd_p	-0.0	-0.08025637673566778	0.0	-0.0	Inf
GLUt2rpp_f	glc__D_p	-0.0	-4.201253167906499	6.28378628335463	-0.0	0.0
GLUt2rpp_f	dad_2_p	-0.0	-1000.0	0.0	-0.0	Inf
GLUt2rpp_f	dcyt_p	-0.0	-1000.0	0.0	-0.0	Inf
GLUt2rpp_f	all__D_p	-0.0	0.0	0.0	Inf	Inf
GLUt2rpp_f	alltn_p	-0.0	0.0	0.0	Inf	Inf
GLUt2rpp_f	dha_p	-0.0	-1000.0	0.0	-0.0	Inf
GLUt2rpp_f	glyald_p	-0.0	-1000.0	0.0	-0.0	Inf
GLUt2rpp_f	glyb_p	0.0	0.0	0.0	Inf	Inf
GLUt2rpp_f	dms_p	-0.0	-1000.0	0.0	-0.0	Inf
GLUt2rpp_f	glyc_p	-0.0	-0.06950869674387761	0.0	-0.0	Inf
GLUt2rpp_f	dmso_p	-0.0	-1000.0	0.0	-0.0	Inf
GLUt2rpp_f	arab__L_p	-0.0	0.0	0.0	Inf	Inf
GLUt2rpp_f	arbt_p	0.0	0.0	0.0	Inf	Inf
GLUt2rpp_f	ca2_p	-0.0	-0.002602301454089684	999.9973976985459	-0.0	0.0
GLUt2rpp_f	duri_p	-0.0	-1000.0	0.0	-0.0	Inf
GLUt2rpp_f	h2_p	-0.0	-1000.0	0.0	-0.0	Inf
GLUt2rpp_f	h2o2_p	-0.0	-1000.0	0.0	-0.0	Inf
GLUt2rpp_f	etoh_p	-0.0	-1000.0	0.0	-0.0	Inf
GLUt2rpp_f	fald_p	-0.0	0.0	0.0	Inf	Inf
GLUt2rpp_f	n2o_p	-0.0	-1000.0	0.0	-0.0	Inf
GLUt2rpp_f	na1_p	-0.0	0.0	0.0	Inf	Inf
GLUt2rpp_f	indole_p	-0.0	0.0	0.6000069994773867	Inf	0.0
GLUt2rpp_f	nac_p	-0.0	-1000.0	0.0	-0.0	Inf
GLUt2rpp_f	ni2_p	-0.0	-0.0001614876790654307	999.9998385123209	-0.0	0.0
GLUt2rpp_f	inost_p	-0.0	-1000.0	0.0	-0.0	Inf
GLUt2rpp_f	no_p	-0.0	-1000.0	0.0	-0.0	Inf
GLUt2rpp_f	no2_p	-0.0	-1000.0	0.0	-0.0	Inf
GLUt2rpp_f	for_p	-0.0	-62.318588657279726	0.001226406430871396	-0.0	0.0
GLUt2rpp_f	fru_p	-0.0	-1000.0	0.0	-0.0	Inf
GLUt2rpp_f	no3_p	-0.0	0.0	0.0	Inf	Inf
GLUt2rpp_f	k_p	-0.0	-0.09758905431658604	999.9024109456834	-0.0	0.0
GLUt2rpp_f	novbcn_p	-0.0	0.0	0.0	Inf	Inf
GLUt2rpp_f	o2_p	-0.0	-51.910540195853855	948.0894598041461	-0.0	0.0
GLUt2rpp_f	lipa_cold_p	-0.0	-156.5221170140804	0.0	-0.0	Inf
GLUt2rpp_f	g3pe_p	-0.0	0.0	0.0	Inf	Inf
GLUt2rpp_f	g3pi_p	-0.0	0.0	0.0	Inf	Inf
GLUt2rpp_f	so3_p	-0.0	-1000.0	0.0	-0.0	Inf
GLUt2rpp_f	so4_p	-0.0	-0.1260933795415114	999.8739066204585	-0.0	0.0
GLUt2rpp_f	malt_p	0.0	0.0	0.0	Inf	Inf
GLUt2rpp_f	malthx_p	0.0	0.0	0.0	Inf	Inf
GLUt2rpp_f	maltpt_p	0.0	0.0	0.0	Inf	Inf
GLUt2rpp_f	sucr_p	-0.0	-1000.0	0.0	-0.0	Inf
GLUt2rpp_f	malttr_p	0.0	0.0	0.0	Inf	Inf
GLUt2rpp_f	maltttr_p	0.0	0.0	0.0	Inf	Inf
GLUt2rpp_f	pacald_p	-0.0	-1000.0	0.0	-0.0	Inf
GLUt2rpp_f	man_p	-0.0	-1000.0	0.0	-0.0	Inf
GLUt2rpp_f	tartr__L_p	-0.0	-1000.0	0.0	-0.0	Inf
GLUt2rpp_f	pe120_p	-0.0	0.0	0.0	Inf	Inf
GLUt2rpp_f	melib_p	-0.0	-1000.0	0.0	-0.0	Inf
GLUt2rpp_f	meoh_p	-0.0	-1000.0	0.0	-0.0	Inf
GLUt2rpp_f	thym_p	-0.0	-1000.0	0.0	-0.0	Inf
GLUt2rpp_f	thymd_p	-0.0	0.0	0.0	Inf	Inf
GLUt2rpp_f	pg120_p	-0.0	-0.034754348371938804	0.0	-0.0	Inf
GLUt2rpp_f	metsox_S__L_p	-0.0	-1000.0	0.0	-0.0	Inf
GLUt2rpp_f	tmao_p	-0.0	-1000.0	0.0	-0.0	Inf
GLUt2rpp_f	mg2_p	-0.0	-0.004337169090035786	999.99566283091	-0.0	0.0
GLUt2rpp_f	tre_p	-0.0	0.0	0.0	Inf	Inf
GLUt2rpp_f	mnl_p	-0.0	0.0	0.0	Inf	Inf
GLUt2rpp_f	mobd_p	-0.0	-6.44950793002863e-05	999.9999355049207	-0.0	0.0
GLUt2rpp_f	ura_p	-0.0	-1000.0	0.0	-0.0	Inf
GLUt2rpp_f	urea_p	-0.0	-1000.0	0.0	-0.0	Inf
GLUt2rpp_f	uri_p	-0.0	0.0	0.0	Inf	Inf
GLUt2rpp_f	xan_p	-0.0	0.0	0.0	Inf	Inf
GLUt2rpp_f	xtsn_p	-0.0	0.0	0.0	Inf	Inf
GLUt2rpp_f	xyl__D_p	-0.0	0.0	0.0	Inf	Inf
GLUt2rpp_f	xylu__L_p	-0.0	-1000.0	0.0	-0.0	Inf
GLUt2rpp_f	ppal_p	-0.0	-1000.0	0.0	-0.0	Inf
GLUt2rpp_f	psclys_p	-0.0	-1000.0	0.0	-0.0	Inf
GLUt2rpp_f	pydx_p	-0.0	0.0	0.0	Inf	Inf
GLUt2rpp_f	pydxn_p	-0.0	0.0	0.0	Inf	Inf
GLUt2rpp_f	rib__D_p	-0.0	-1000.0	0.0	-0.0	Inf
GLUt2rpp_f	rmn_p	-0.0	-1000.0	0.0	-0.0	Inf
GLUt2rpp_f	sbt__D_p	-0.0	-3.894911791079983	0.0	-0.0	Inf
GLUt2rpp_f	slnt_p	-0.0	0.0	0.0	Inf	Inf
GLUt2rpp_f	so2_p	-0.0	-1000.0	0.0	-0.0	Inf
