Reaction	Metabolite	ShadowPrice	G-	G+	DecrementalShadowPrice	IncrementalShadowPrice
DMSOR2	12dgr120_c	-0.0	0.0	0.0	Inf	Inf
DMSOR2	12dgr140_c	-0.0	0.0	0.0	Inf	Inf
DMSOR2	12dgr160_c	-0.0	-0.05370601909629613	0.0	-0.0	Inf
DMSOR2	12dgr180_c	-0.0	0.0	0.0	Inf	Inf
DMSOR2	12ppd__R_c	-0.0	-1000.0	0.0	-0.0	Inf
DMSOR2	12ppd__S_c	-0.0	0.0	0.0	Inf	Inf
DMSOR2	5drib_c	-0.0	-999.9998106394476	0.00018936055249118005	-0.0	0.0
DMSOR2	5mta_c	-0.0	-0.09191056256418051	0.0	-0.0	Inf
DMSOR2	23dhacoa_c	-0.0	-0.00048476301367386676	0.0	-0.0	Inf
DMSOR2	5mtr_c	-0.0	-1000.0	0.0	-0.0	Inf
DMSOR2	3amac_c	-0.0	-4.040000000004625	0.0	-0.0	Inf
DMSOR2	LalaDgluMdap_c	-0.0	-0.023386449033888496	0.0	-0.0	Inf
DMSOR2	ac_c	-0.0	-2.6882970595568167	1.0150952482890716	-0.0	0.0
DMSOR2	acald_c	-0.0	0.0	1.0150952482890716	Inf	0.0
DMSOR2	acetol_c	-0.0	0.0	6.6641826609706865	Inf	0.0
DMSOR2	acgam_c	-0.0	-0.07952133281678177	0.0	-0.0	Inf
DMSOR2	acgam6p_c	-0.0	-0.07952133281678177	0.0	-0.0	Inf
DMSOR2	acmalt_c	0.0	0.0	0.0	Inf	Inf
DMSOR2	acmana_c	-0.0	-0.07952133281678177	0.0	-0.0	Inf
DMSOR2	2dmmq8_c	-0.0	0.0	0.0	Inf	Inf
DMSOR2	2dmmql8_c	0.0	0.0	0.0	Inf	Inf
DMSOR2	ade_c	-0.0	-0.09191056256418051	0.20199999999906595	-0.0	0.0
DMSOR2	adn_c	-0.0	0.0	0.20199999999906595	Inf	0.0
DMSOR2	3sala_c	0.0	0.0	0.0	Inf	Inf
DMSOR2	adphep_DD_c	-0.0	0.0	0.0	Inf	Inf
DMSOR2	adphep_LD_c	-0.0	0.0	0.0	Inf	Inf
DMSOR2	4ahmmp_c	0.0	0.0	0.0	Inf	Inf
DMSOR2	4crsol_c	-0.0	-999.9998123226525	0.00018767734758014733	-0.0	0.0
DMSOR2	2ohph_c	-0.0	-0.00018767734758014733	0.25631471772964176	-0.0	0.0
DMSOR2	2ombzl_c	-0.0	0.0	0.0	Inf	Inf
DMSOR2	2omhmbl_c	-0.0	0.0	0.0	Inf	Inf
DMSOR2	2ommbl_c	0.0	0.0	0.0	Inf	Inf
DMSOR2	2omph_c	-0.0	0.0	0.2423339149443886	Inf	0.0
DMSOR2	4mhetz_c	0.0	0.0	0.0	Inf	Inf
DMSOR2	2oph_c	-0.0	-0.00018767734758014733	0.25631471772964176	-0.0	0.0
DMSOR2	2oxpaccoa_c	-0.0	-0.00048476301367386676	0.0	-0.0	Inf
DMSOR2	all__D_c	-0.0	-39.99698561912348	0.0	-0.0	Inf
DMSOR2	alltn_c	-0.0	-0.5966794959329036	0.0	-0.0	Inf
DMSOR2	4r5au_c	-0.0	-0.00037535469527938403	0.25249999999883244	-0.0	0.0
DMSOR2	56dura_c	0.0	0.0	0.0	Inf	Inf
DMSOR2	arab__L_c	-0.0	-47.99638274294817	0.0	-0.0	Inf
DMSOR2	etoh_c	-0.0	-1000.0	0.0	-0.0	Inf
DMSOR2	csn_c	-0.0	0.0	0.15225009221444452	Inf	0.0
DMSOR2	fald_c	-0.0	0.0	0.0	Inf	Inf
DMSOR2	fc1p_c	-0.0	-0.5966794959329036	0.0	-0.0	Inf
DMSOR2	fcl__L_c	-0.0	0.0	0.0	Inf	Inf
DMSOR2	aso4_c	0.0	0.0	0.0	Inf	Inf
DMSOR2	cyan_c	0.0	0.0	0.0	Inf	Inf
DMSOR2	athtp_c	0.0	0.0	0.0	Inf	Inf
DMSOR2	cytd_c	-0.0	0.0	0.0	Inf	Inf
DMSOR2	dad_2_c	-0.0	0.0	0.0	Inf	Inf
DMSOR2	dad_5_c	-0.0	-0.09191056256418051	0.00018936055249118005	-0.0	0.0
DMSOR2	betald_c	0.0	0.0	0.0	Inf	Inf
DMSOR2	btal_c	-0.0	-2.360590154957663	0.0	-0.0	Inf
DMSOR2	for_c	-0.0	-0.09191056256418051	0.0020644508238038357	-0.0	0.0
DMSOR2	dcyt_c	-0.0	0.0	0.0	Inf	Inf
DMSOR2	fru_c	-0.0	0.0	0.0	Inf	Inf
DMSOR2	ca2_c	-0.0	-0.004380540780971387	999.995619459219	-0.0	0.0
DMSOR2	g3pe_c	-0.0	0.0	0.0	Inf	Inf
DMSOR2	g3pi_c	0.0	0.0	0.0	Inf	Inf
DMSOR2	cbm_c	-0.0	-4.040000000004625	0.0	-0.0	Inf
DMSOR2	dha_c	-0.0	-79.99397123824693	0.0	-0.0	Inf
DMSOR2	gal_c	-0.0	0.0	0.0	Inf	Inf
DMSOR2	dhgly_c	-0.0	-0.00018767734758014733	1.0099999999953297	-0.0	0.0
DMSOR2	dhmptp_c	0.0	0.0	0.0	Inf	Inf
DMSOR2	gcald_c	-0.0	-0.5966794959329036	0.0005630320428053892	-0.0	0.0
DMSOR2	dhptd_c	-0.0	-57.776814163441806	0.00037703790007441045	-0.0	0.0
DMSOR2	cechddd_c	-0.0	0.0	0.0	Inf	Inf
DMSOR2	dhptdn_c	0.0	0.0	0.0	Inf	Inf
DMSOR2	chol_c	0.0	0.0	0.0	Inf	Inf
DMSOR2	chtbs6p_c	-0.0	0.0	0.0	Inf	Inf
DMSOR2	dmbzid_c	0.0	0.0	0.0	Inf	Inf
DMSOR2	dms_c	1.0	0.0	0.0	Inf	Inf
DMSOR2	dmso_c	0.0	0.0	0.0	Inf	Inf
DMSOR2	cl_c	-0.0	-0.004380540780962633	999.995619459219	-0.0	0.0
DMSOR2	glc__D_c	-0.0	0.0	0.0	Inf	Inf
DMSOR2	co2_c	-0.0	-949.2964224525887	50.70357754741133	-0.0	0.0
DMSOR2	dscl_c	-0.0	-0.00018767734758014733	0.12688690603613395	-0.0	0.0
DMSOR2	dtdp4aaddg_c	-0.0	0.0	0.0	Inf	Inf
DMSOR2	glyald_c	-0.0	-1000.0	0.0	-0.0	Inf
DMSOR2	crn_c	-0.0	-1000.0	0.0	-0.0	Inf
DMSOR2	duri_c	-0.0	0.0	0.0	Inf	Inf
DMSOR2	glyb_c	0.0	0.0	0.0	Inf	Inf
DMSOR2	glyc_c	-0.0	-68.56626106135452	0.0	-0.0	Inf
DMSOR2	dxyl_c	0.0	0.0	0.0	Inf	Inf
DMSOR2	glycogen_c	-0.0	-39.99698561912348	0.0	-0.0	Inf
DMSOR2	gmhep1p_c	-0.0	0.0	3.2397023557495115	Inf	0.0
DMSOR2	lipa_cold_c	-0.0	0.0	0.0	Inf	Inf
DMSOR2	lipidA_c	-0.0	-0.01637421737450495	0.0362534017246097	-0.0	0.0
DMSOR2	malt_c	0.0	0.0	0.0	Inf	Inf
DMSOR2	h2_c	-0.0	0.0	0.0	Inf	Inf
DMSOR2	malthx_c	-0.0	0.0	0.0	Inf	Inf
DMSOR2	maltpt_c	-0.0	0.0	0.0	Inf	Inf
DMSOR2	malttr_c	-0.0	0.0	0.0	Inf	Inf
DMSOR2	maltttr_c	-0.0	0.0	0.0	Inf	Inf
DMSOR2	h2o2_c	-0.0	-92.76206841996213	0.002104847741861704	-0.0	0.0
DMSOR2	man_c	-0.0	0.0	0.0	Inf	Inf
DMSOR2	mdhdhf_c	-0.0	-57.776814163441806	0.00037703790007441045	-0.0	0.0
DMSOR2	melib_c	-0.0	0.0	0.0	Inf	Inf
DMSOR2	meoh_c	-0.0	-999.9999983167951	1.6832049141157768e-06	-0.0	0.0
DMSOR2	pacald_c	-0.0	-1000.0	0.0	-0.0	Inf
DMSOR2	metsox_S__L_c	-0.0	0.0	0.0	Inf	Inf
DMSOR2	mg2_c	-0.0	-0.007300901301604387	999.9926990986984	-0.0	0.0
DMSOR2	hhlipa_c	-0.0	0.0	0.0	Inf	Inf
DMSOR2	pe120_c	-0.0	0.0	0.0	Inf	Inf
DMSOR2	mobd_c	-0.0	-0.00010856671676160991	83.4223356605499	-0.0	0.0
DMSOR2	hlipa_c	-0.0	0.0	0.0	Inf	Inf
DMSOR2	pg120_c	-0.0	0.0	0.0	Inf	Inf
DMSOR2	mql8_c	0.0	0.0	0.0	Inf	Inf
DMSOR2	mqn8_c	-0.0	0.0	0.0	Inf	Inf
DMSOR2	mthgxl_c	-0.0	0.0	6.6641826609706865	Inf	0.0
DMSOR2	hqn_c	0.0	0.0	0.0	Inf	Inf
DMSOR2	mththf_c	-0.0	-999.9996229620999	0.00037703790007441045	-0.0	0.0
DMSOR2	n2o_c	-0.0	-1000.0	0.0	-0.0	Inf
DMSOR2	na1_c	-0.0	0.0	0.0	Inf	Inf
DMSOR2	nac_c	-0.0	0.0	0.0	Inf	Inf
DMSOR2	ncam_c	-0.0	0.0	0.0	Inf	Inf
DMSOR2	ni2_c	-0.0	-0.0002718375931181072	999.9997281624069	-0.0	0.0
DMSOR2	no_c	-0.0	-1000.0	0.0	-0.0	Inf
DMSOR2	indole_c	-0.0	-0.04783920837891621	1.0099999999953297	-0.0	0.0
DMSOR2	no2_c	-0.0	-1000.0	0.0	-0.0	Inf
DMSOR2	no3_c	0.0	0.0	0.0	Inf	Inf
DMSOR2	inost_c	0.0	0.0	0.0	Inf	Inf
DMSOR2	o2_c	-0.0	-46.38103420998107	953.6189657900189	-0.0	0.0
DMSOR2	poaac_c	-0.0	-4.040000000004625	0.0	-0.0	Inf
DMSOR2	ppal_c	-0.0	0.0	0.0	Inf	Inf
DMSOR2	k_c	-0.0	-0.16427490809960404	333.6893426421996	-0.0	0.0
DMSOR2	psclys_c	-0.0	0.0	0.0	Inf	Inf
DMSOR2	lald__D_c	-0.0	0.0	6.6641826609706865	Inf	0.0
DMSOR2	lald__L_c	-0.0	-0.5966794959329036	0.0	-0.0	Inf
DMSOR2	ura_c	-0.0	-0.27839788427248113	0.0	-0.0	Inf
DMSOR2	pydx_c	-0.0	0.0	1.0099999999953297	Inf	0.0
DMSOR2	uracp_c	-0.0	-2.0200000000023124	0.0	-0.0	Inf
DMSOR2	pydxn_c	-0.0	0.0	1.0099999999953297	Inf	0.0
DMSOR2	urate_c	-0.0	-0.5966794959329036	0.0	-0.0	Inf
DMSOR2	q8_c	-0.0	0.0	0.0	Inf	Inf
DMSOR2	q8h2_c	0.0	0.0	0.0	Inf	Inf
DMSOR2	urea_c	-0.0	-1000.0	0.0	-0.0	Inf
DMSOR2	uri_c	-0.0	0.0	0.0	Inf	Inf
DMSOR2	rbflvrd_c	-0.0	0.0	0.045955281282090255	Inf	0.0
DMSOR2	rbl__L_c	-0.0	-47.99638274294817	0.0	-0.0	Inf
DMSOR2	rdmbzi_c	0.0	0.0	0.0	Inf	Inf
DMSOR2	thptdn_c	0.0	0.0	0.0	Inf	Inf
DMSOR2	xan_c	-0.0	0.0	0.0	Inf	Inf
DMSOR2	rephaccoa_c	-0.0	-0.00048476301367386676	0.0	-0.0	Inf
DMSOR2	rib__D_c	-0.0	0.0	4.766990609174281	Inf	0.0
DMSOR2	xtsn_c	-0.0	0.0	0.0	Inf	Inf
DMSOR2	rml_c	-0.0	-0.5966794959329036	0.0	-0.0	Inf
DMSOR2	thym_c	-0.0	-333.6893426421996	0.0	-0.0	Inf
DMSOR2	thymd_c	-0.0	-0.02202136985101788	0.0	-0.0	Inf
DMSOR2	xu5p__L_c	-0.0	-0.8118358182706515	0.0	-0.0	Inf
DMSOR2	rmn_c	-0.0	-0.5966794959329036	0.0	-0.0	Inf
DMSOR2	xyl__D_c	0.0	0.0	0.0	Inf	Inf
DMSOR2	tmao_c	0.0	0.0	0.0	Inf	Inf
DMSOR2	xylu__D_c	-0.0	0.0	0.0	Inf	Inf
DMSOR2	xylu__L_c	-0.0	-47.99638274294817	0.0	-0.0	Inf
DMSOR2	12ppd__R_e	-0.0	-1000.0	0.0	-0.0	Inf
DMSOR2	12ppd__S_e	-0.0	-1000.0	0.0	-0.0	Inf
DMSOR2	tre_c	-0.0	0.0	0.0	Inf	Inf
DMSOR2	seln_c	0.0	0.0	0.0	Inf	Inf
DMSOR2	34dhpac_e	-0.0	-1000.0	0.0	-0.0	Inf
DMSOR2	slnt_c	0.0	0.0	0.0	Inf	Inf
DMSOR2	so2_c	0.0	0.0	0.0	Inf	Inf
DMSOR2	so3_c	-0.0	-0.20860968385294987	16.68446713210998	-0.0	0.0
DMSOR2	so4_c	-0.0	-0.21226055530496524	333.6893426421996	-0.0	0.0
DMSOR2	4hoxpacd_e	-0.0	-1000.0	0.0	-0.0	Inf
DMSOR2	5mtr_e	-0.0	-1000.0	0.0	-0.0	Inf
DMSOR2	LalaDgluMdap_e	-0.0	-1000.0	0.0	-0.0	Inf
DMSOR2	ac_e	-0.0	0.0	0.0	Inf	Inf
DMSOR2	acald_e	-0.0	-1000.0	0.0	-0.0	Inf
DMSOR2	acgal_e	-0.0	-1000.0	0.0	-0.0	Inf
DMSOR2	acgam_e	-0.0	-1000.0	0.0	-0.0	Inf
DMSOR2	acmana_e	-0.0	-1000.0	0.0	-0.0	Inf
DMSOR2	tagur_c	-0.0	0.0	0.0	Inf	Inf
DMSOR2	tartr__L_c	-0.0	-0.5966794959329036	0.0	-0.0	Inf
DMSOR2	ade_e	-0.0	-1000.0	0.0	-0.0	Inf
DMSOR2	adn_e	-0.0	-1000.0	0.0	-0.0	Inf
DMSOR2	all__D_e	-0.0	-1000.0	0.0	-0.0	Inf
DMSOR2	cl_e	-0.0	-0.004380540780971387	999.995619459219	-0.0	0.0
DMSOR2	alltn_e	-0.0	0.0	0.0	Inf	Inf
DMSOR2	cm_e	-0.0	-1000.0	0.0	-0.0	Inf
DMSOR2	co2_e	-0.0	-949.2964224525887	50.70357754741133	-0.0	0.0
DMSOR2	arab__L_e	-0.0	-1000.0	0.0	-0.0	Inf
DMSOR2	arbt_e	-0.0	-1000.0	0.0	-0.0	Inf
DMSOR2	unagamu_c	-0.0	0.0	0.19040521888487674	Inf	0.0
DMSOR2	crn_e	-0.0	-1000.0	0.0	-0.0	Inf
DMSOR2	csn_e	-0.0	-1000.0	0.0	-0.0	Inf
DMSOR2	cyan_e	-0.0	-1000.0	0.0	-0.0	Inf
DMSOR2	glyb_e	-0.0	-1000.0	0.0	-0.0	Inf
DMSOR2	glyc_e	-0.0	-1000.0	0.0	-0.0	Inf
DMSOR2	cytd_e	-0.0	-1000.0	0.0	-0.0	Inf
DMSOR2	ca2_e	-0.0	-0.004380540780971387	999.995619459219	-0.0	0.0
DMSOR2	dad_2_e	-0.0	-1000.0	0.0	-0.0	Inf
DMSOR2	dcyt_e	-0.0	-1000.0	0.0	-0.0	Inf
DMSOR2	chol_e	-0.0	-1000.0	0.0	-0.0	Inf
DMSOR2	dha_e	-0.0	-1000.0	0.0	-0.0	Inf
DMSOR2	ppal_e	-0.0	-1000.0	0.0	-0.0	Inf
DMSOR2	h2_e	-0.0	-1000.0	0.0	-0.0	Inf
DMSOR2	dms_e	-0.0	-1000.0	0.0	-0.0	Inf
DMSOR2	dmso_e	-0.0	-1000.0	0.0	-0.0	Inf
DMSOR2	h2o2_e	-0.0	-1000.0	0.0	-0.0	Inf
DMSOR2	psclys_e	-0.0	-1000.0	0.0	-0.0	Inf
DMSOR2	duri_e	-0.0	-1000.0	0.0	-0.0	Inf
DMSOR2	pydx_e	-0.0	-1000.0	0.0	-0.0	Inf
DMSOR2	pydxn_e	-0.0	-1000.0	0.0	-0.0	Inf
DMSOR2	etoh_e	-0.0	-1000.0	0.0	-0.0	Inf
DMSOR2	fald_e	-0.0	0.0	0.0	Inf	Inf
DMSOR2	rib__D_e	-0.0	-1000.0	0.0	-0.0	Inf
DMSOR2	rmn_e	-0.0	-1000.0	0.0	-0.0	Inf
DMSOR2	indole_e	-0.0	-1000.0	0.0	-0.0	Inf
DMSOR2	inost_e	-0.0	-1000.0	0.0	-0.0	Inf
DMSOR2	sbt__D_e	-0.0	-36.92029441765244	0.0	-0.0	Inf
DMSOR2	k_e	-0.0	-0.1642749080996282	999.8357250919004	-0.0	0.0
DMSOR2	for_e	-0.0	0.0	0.0020644508238038357	Inf	0.0
DMSOR2	slnt_e	-0.0	0.0	1000.0	Inf	0.0
DMSOR2	fru_e	-0.0	-1000.0	0.0	-0.0	Inf
DMSOR2	so2_e	-0.0	-1000.0	0.0	-0.0	Inf
DMSOR2	so3_e	-0.0	-1000.0	0.0	-0.0	Inf
DMSOR2	so4_e	-0.0	-0.21226055530496524	999.787739444695	-0.0	0.0
DMSOR2	lipa_cold_e	-0.0	-1000.0	0.0	-0.0	Inf
DMSOR2	sucr_e	-0.0	-1000.0	0.0	-0.0	Inf
DMSOR2	g3pe_e	-0.0	-1000.0	0.0	-0.0	Inf
DMSOR2	malt_e	-0.0	-1000.0	0.0	-0.0	Inf
DMSOR2	tartr__L_e	-0.0	-1000.0	0.0	-0.0	Inf
DMSOR2	g3pi_e	-0.0	-1000.0	0.0	-0.0	Inf
DMSOR2	malthx_e	-0.0	-1000.0	0.0	-0.0	Inf
DMSOR2	maltpt_e	-0.0	-1000.0	0.0	-0.0	Inf
DMSOR2	gal_e	-0.0	-1000.0	0.0	-0.0	Inf
DMSOR2	gal_bD_e	-0.0	-1000.0	0.0	-0.0	Inf
DMSOR2	malttr_e	-0.0	-1000.0	0.0	-0.0	Inf
DMSOR2	maltttr_e	-0.0	-1000.0	0.0	-0.0	Inf
DMSOR2	man_e	-0.0	-1000.0	0.0	-0.0	Inf
DMSOR2	thym_e	-0.0	-1000.0	0.0	-0.0	Inf
DMSOR2	thymd_e	-0.0	-1000.0	0.0	-0.0	Inf
DMSOR2	galt_e	-0.0	-36.92029441765244	0.0	-0.0	Inf
DMSOR2	melib_e	-0.0	-1000.0	0.0	-0.0	Inf
DMSOR2	meoh_e	-0.0	-999.9999983167951	1.6832049141157768e-06	-0.0	0.0
DMSOR2	tmao_e	-0.0	-1000.0	0.0	-0.0	Inf
DMSOR2	tre_e	-0.0	-1000.0	0.0	-0.0	Inf
DMSOR2	metsox_S__L_e	-0.0	-1000.0	0.0	-0.0	Inf
DMSOR2	glc__D_e	-0.0	-39.99698561912348	4.390649245292101	-0.0	0.0
DMSOR2	mg2_e	-0.0	-0.007300901301618978	999.9926990986984	-0.0	0.0
DMSOR2	mnl_e	-0.0	-1000.0	0.0	-0.0	Inf
DMSOR2	mobd_e	-0.0	-0.00010856671678993735	999.9998914332832	-0.0	0.0
DMSOR2	glyald_e	-0.0	-1000.0	0.0	-0.0	Inf
DMSOR2	n2o_e	-0.0	-1000.0	0.0	-0.0	Inf
DMSOR2	na1_e	-0.0	0.0	1000.0	Inf	0.0
DMSOR2	nac_e	-0.0	-1000.0	0.0	-0.0	Inf
DMSOR2	ni2_e	-0.0	-0.0002718375931181072	999.9997281624069	-0.0	0.0
DMSOR2	no_e	-0.0	-1000.0	0.0	-0.0	Inf
DMSOR2	no2_e	-0.0	-1000.0	0.0	-0.0	Inf
DMSOR2	ura_e	-0.0	-1000.0	0.0	-0.0	Inf
DMSOR2	no3_e	-0.0	-1000.0	0.0	-0.0	Inf
DMSOR2	urea_e	-0.0	-1000.0	0.0	-0.0	Inf
DMSOR2	novbcn_e	-0.0	-1000.0	0.0	-0.0	Inf
DMSOR2	uri_e	-0.0	-1000.0	0.0	-0.0	Inf
DMSOR2	o2_e	-0.0	-46.38103420998107	953.6189657900189	-0.0	0.0
DMSOR2	xan_e	-0.0	0.0	0.0	Inf	Inf
DMSOR2	xtsn_e	-0.0	-1000.0	0.0	-0.0	Inf
DMSOR2	xyl__D_e	-0.0	-1000.0	0.0	-0.0	Inf
DMSOR2	xylu__L_e	-0.0	-1000.0	0.0	-0.0	Inf
DMSOR2	pacald_e	-0.0	-1000.0	0.0	-0.0	Inf
DMSOR2	12dgr120_p	-0.0	0.0	0.0	Inf	Inf
DMSOR2	12dgr140_p	-0.0	0.0	0.0	Inf	Inf
DMSOR2	12dgr160_p	-0.0	-0.05370601909629613	0.0	-0.0	Inf
DMSOR2	12dgr180_p	-0.0	0.0	0.0	Inf	Inf
DMSOR2	12ppd__R_p	-0.0	-1000.0	0.0	-0.0	Inf
DMSOR2	12ppd__S_p	-0.0	0.0	0.0	Inf	Inf
DMSOR2	chol_p	-0.0	-1000.0	0.0	-0.0	Inf
DMSOR2	cl_p	-0.0	-0.004380540780971387	999.995619459219	-0.0	0.0
DMSOR2	34dhpac_p	-0.0	-1000.0	0.0	-0.0	Inf
DMSOR2	cm_p	-0.0	0.0	0.0	Inf	Inf
DMSOR2	4hoxpacd_p	-0.0	-1000.0	0.0	-0.0	Inf
DMSOR2	co2_p	-0.0	-949.2964224525887	50.70357754741133	-0.0	0.0
DMSOR2	5mtr_p	-0.0	-1000.0	0.0	-0.0	Inf
DMSOR2	LalaDgluMdap_p	-0.0	0.0	0.0	Inf	Inf
DMSOR2	gal_p	-0.0	-1000.0	0.0	-0.0	Inf
DMSOR2	ac_p	-0.0	-2.6882970595568167	0.0	-0.0	Inf
DMSOR2	crn_p	-0.0	-1000.0	0.0	-0.0	Inf
DMSOR2	gal_bD_p	-0.0	-1000.0	0.0	-0.0	Inf
DMSOR2	acald_p	-0.0	-1000.0	0.0	-0.0	Inf
DMSOR2	acgal_p	-0.0	-1000.0	0.0	-0.0	Inf
DMSOR2	csn_p	-0.0	0.0	0.0	Inf	Inf
DMSOR2	acgam_p	-0.0	-1000.0	0.0	-0.0	Inf
DMSOR2	galt_p	-0.0	-36.92029441765244	0.0	-0.0	Inf
DMSOR2	acmana_p	-0.0	-1000.0	0.0	-0.0	Inf
DMSOR2	cyan_p	-0.0	0.0	0.0	Inf	Inf
DMSOR2	ade_p	-0.0	-1000.0	0.0	-0.0	Inf
DMSOR2	adn_p	-0.0	0.0	0.20199999999906595	Inf	0.0
DMSOR2	cytd_p	-0.0	0.0	0.0	Inf	Inf
DMSOR2	glc__D_p	-0.0	-39.99698561912348	4.390649245292101	-0.0	0.0
DMSOR2	dad_2_p	-0.0	-1000.0	0.0	-0.0	Inf
DMSOR2	dcyt_p	-0.0	-1000.0	0.0	-0.0	Inf
DMSOR2	all__D_p	-0.0	0.0	0.0	Inf	Inf
DMSOR2	alltn_p	-0.0	0.0	0.0	Inf	Inf
DMSOR2	dha_p	-0.0	-1000.0	0.0	-0.0	Inf
DMSOR2	glyald_p	-0.0	-1000.0	0.0	-0.0	Inf
DMSOR2	glyb_p	0.0	0.0	0.0	Inf	Inf
DMSOR2	dms_p	-0.0	-1000.0	0.0	-0.0	Inf
DMSOR2	glyc_p	-0.0	-68.56626106135452	0.0	-0.0	Inf
DMSOR2	dmso_p	-0.0	-1000.0	0.0	-0.0	Inf
DMSOR2	arab__L_p	-0.0	0.0	0.0	Inf	Inf
DMSOR2	arbt_p	0.0	0.0	0.0	Inf	Inf
DMSOR2	ca2_p	-0.0	-0.004380540780971387	999.995619459219	-0.0	0.0
DMSOR2	duri_p	-0.0	-1000.0	0.0	-0.0	Inf
DMSOR2	h2_p	-0.0	-1000.0	0.0	-0.0	Inf
DMSOR2	h2o2_p	-0.0	-1000.0	0.0	-0.0	Inf
DMSOR2	etoh_p	-0.0	-1000.0	0.0	-0.0	Inf
DMSOR2	fald_p	-0.0	0.0	0.0	Inf	Inf
DMSOR2	n2o_p	-0.0	-1000.0	0.0	-0.0	Inf
DMSOR2	na1_p	-0.0	0.0	0.0	Inf	Inf
DMSOR2	indole_p	-0.0	0.0	1.0099999999953297	Inf	0.0
DMSOR2	nac_p	-0.0	-1000.0	0.0	-0.0	Inf
DMSOR2	ni2_p	-0.0	-0.0002718375931181072	999.9997281624069	-0.0	0.0
DMSOR2	inost_p	-0.0	-1000.0	0.0	-0.0	Inf
DMSOR2	no_p	-0.0	-1000.0	0.0	-0.0	Inf
DMSOR2	no2_p	-0.0	-1000.0	0.0	-0.0	Inf
DMSOR2	for_p	-0.0	0.0	0.0020644508238038357	Inf	0.0
DMSOR2	fru_p	-0.0	-1000.0	0.0	-0.0	Inf
DMSOR2	no3_p	-0.0	0.0	0.0	Inf	Inf
DMSOR2	k_p	-0.0	-0.1642749080996282	999.8357250919004	-0.0	0.0
DMSOR2	novbcn_p	-0.0	0.0	0.0	Inf	Inf
DMSOR2	o2_p	-0.0	-46.38103420998107	953.6189657900189	-0.0	0.0
DMSOR2	lipa_cold_p	-0.0	-83.4223356605499	0.0	-0.0	Inf
DMSOR2	g3pe_p	-0.0	0.0	0.0	Inf	Inf
DMSOR2	g3pi_p	-0.0	0.0	0.0	Inf	Inf
DMSOR2	so3_p	-0.0	-1000.0	0.0	-0.0	Inf
DMSOR2	so4_p	-0.0	-0.21226055530496524	999.787739444695	-0.0	0.0
DMSOR2	malt_p	0.0	0.0	0.0	Inf	Inf
DMSOR2	malthx_p	0.0	0.0	0.0	Inf	Inf
DMSOR2	maltpt_p	0.0	0.0	0.0	Inf	Inf
DMSOR2	sucr_p	-0.0	-1000.0	0.0	-0.0	Inf
DMSOR2	malttr_p	0.0	0.0	0.0	Inf	Inf
DMSOR2	maltttr_p	0.0	0.0	0.0	Inf	Inf
DMSOR2	pacald_p	-0.0	-1000.0	0.0	-0.0	Inf
DMSOR2	man_p	-0.0	-1000.0	0.0	-0.0	Inf
DMSOR2	tartr__L_p	-0.0	-1000.0	0.0	-0.0	Inf
DMSOR2	pe120_p	-0.0	0.0	0.0	Inf	Inf
DMSOR2	melib_p	-0.0	-1000.0	0.0	-0.0	Inf
DMSOR2	meoh_p	-0.0	-999.9999983167951	1.6832049141157768e-06	-0.0	0.0
DMSOR2	thym_p	-0.0	-1000.0	0.0	-0.0	Inf
DMSOR2	thymd_p	-0.0	-0.02202136985101788	0.0	-0.0	Inf
DMSOR2	pg120_p	-0.0	0.0	0.0	Inf	Inf
DMSOR2	metsox_S__L_p	-0.0	-1000.0	0.0	-0.0	Inf
DMSOR2	tmao_p	-0.0	-1000.0	0.0	-0.0	Inf
DMSOR2	mg2_p	-0.0	-0.007300901301604387	999.9926990986984	-0.0	0.0
DMSOR2	tre_p	-0.0	0.0	0.0	Inf	Inf
DMSOR2	mnl_p	-0.0	0.0	0.0	Inf	Inf
DMSOR2	mobd_p	-0.0	-0.00010856671678993735	999.9998914332832	-0.0	0.0
DMSOR2	ura_p	-0.0	-1000.0	0.0	-0.0	Inf
DMSOR2	urea_p	-0.0	-1000.0	0.0	-0.0	Inf
DMSOR2	uri_p	-0.0	0.0	0.0	Inf	Inf
DMSOR2	xan_p	-0.0	0.0	0.0	Inf	Inf
DMSOR2	xtsn_p	-0.0	0.0	0.0	Inf	Inf
DMSOR2	xyl__D_p	-0.0	0.0	0.0	Inf	Inf
DMSOR2	xylu__L_p	-0.0	-1000.0	0.0	-0.0	Inf
DMSOR2	ppal_p	-0.0	-1000.0	0.0	-0.0	Inf
DMSOR2	psclys_p	-0.0	-1000.0	0.0	-0.0	Inf
DMSOR2	pydx_p	-0.0	0.0	0.0	Inf	Inf
DMSOR2	pydxn_p	-0.0	0.0	0.0	Inf	Inf
DMSOR2	rib__D_p	-0.0	-1000.0	0.0	-0.0	Inf
DMSOR2	rmn_p	-0.0	-1000.0	0.0	-0.0	Inf
DMSOR2	sbt__D_p	-0.0	-36.92029441765244	0.0	-0.0	Inf
DMSOR2	slnt_p	-0.0	0.0	0.0	Inf	Inf
DMSOR2	so2_p	-0.0	-1000.0	0.0	-0.0	Inf
