Reaction	Metabolite	ShadowPrice	G-	G+	DecrementalShadowPrice	IncrementalShadowPrice
DKGLCNR2x	12dgr120_c	-0.0	0.0	0.0	Inf	Inf
DKGLCNR2x	12dgr140_c	-0.0	0.0	0.0	Inf	Inf
DKGLCNR2x	12dgr160_c	-0.0	-0.028284648940257284	0.0	-0.0	Inf
DKGLCNR2x	12dgr180_c	-0.0	0.0	0.0	Inf	Inf
DKGLCNR2x	12ppd__R_c	-0.0	-1000.0	0.0	-0.0	Inf
DKGLCNR2x	12ppd__S_c	-0.0	0.0	0.0	Inf	Inf
DKGLCNR2x	5drib_c	-0.0	-999.999901158418	9.884158199899183e-05	-0.0	0.0
DKGLCNR2x	5mta_c	-0.0	0.0	0.0	Inf	Inf
DKGLCNR2x	23dhacoa_c	-0.0	-0.00025530381697072557	0.0	-0.0	Inf
DKGLCNR2x	5mtr_c	-0.0	0.0	0.0	Inf	Inf
DKGLCNR2x	3amac_c	-0.0	-3.1401595336866586	0.0	-0.0	Inf
DKGLCNR2x	LalaDgluMdap_c	-0.0	-0.01231663623582056	0.0	-0.0	Inf
DKGLCNR2x	ac_c	-0.0	-1.8672446926345596	0.7968411771286945	-0.0	0.0
DKGLCNR2x	acald_c	-0.0	-1.8672446926345596	0.581511024756789	-0.0	0.0
DKGLCNR2x	acetol_c	-0.0	0.0	0.0	Inf	Inf
DKGLCNR2x	acgam_c	-0.0	-0.04188046367678021	0.0	-0.0	Inf
DKGLCNR2x	acgam6p_c	-0.0	-0.04188046367678021	0.0	-0.0	Inf
DKGLCNR2x	acmalt_c	0.0	0.0	0.0	Inf	Inf
DKGLCNR2x	acmana_c	-0.0	-0.04188046367678021	0.0	-0.0	Inf
DKGLCNR2x	2dmmq8_c	-0.0	0.0	0.0	Inf	Inf
DKGLCNR2x	2dmmql8_c	0.0	0.0	0.0	Inf	Inf
DKGLCNR2x	ade_c	-0.0	-0.048402678379551256	0.0002965247459969755	-0.0	0.0
DKGLCNR2x	adn_c	-0.0	0.0	0.0002965247459969755	Inf	0.0
DKGLCNR2x	3sala_c	0.0	0.0	0.0	Inf	Inf
DKGLCNR2x	adphep_DD_c	-0.0	0.0	0.0	Inf	Inf
DKGLCNR2x	adphep_LD_c	-0.0	0.0	0.0	Inf	Inf
DKGLCNR2x	4ahmmp_c	0.0	0.0	0.0	Inf	Inf
DKGLCNR2x	4crsol_c	-0.0	-999.999901158418	9.884158199899183e-05	-0.0	0.0
DKGLCNR2x	2ohph_c	-0.0	-9.884158199899183e-05	0.018385008979430094	-0.0	0.0
DKGLCNR2x	2ombzl_c	-0.0	0.0	0.0	Inf	Inf
DKGLCNR2x	2omhmbl_c	-0.0	0.0	0.0	Inf	Inf
DKGLCNR2x	2ommbl_c	0.0	0.0	0.0	Inf	Inf
DKGLCNR2x	2omph_c	-0.0	0.0	0.016406267156147646	Inf	0.0
DKGLCNR2x	4mhetz_c	0.0	0.0	0.0	Inf	Inf
DKGLCNR2x	2oph_c	-0.0	-9.884158199899183e-05	0.018385008979430094	-0.0	0.0
DKGLCNR2x	2oxpaccoa_c	-0.0	-0.00025530381697072557	0.0	-0.0	Inf
DKGLCNR2x	all__D_c	-0.0	-45.394285726594745	0.0	-0.0	Inf
DKGLCNR2x	alltn_c	-0.0	0.0	0.0	Inf	Inf
DKGLCNR2x	4r5au_c	-0.0	-0.0001976831645151833	0.10753971005776232	-0.0	0.0
DKGLCNR2x	56dura_c	0.0	0.0	0.0	Inf	Inf
DKGLCNR2x	arab__L_c	-0.0	-54.473142871913694	0.0	-0.0	Inf
DKGLCNR2x	etoh_c	-0.0	-1000.0	0.0	-0.0	Inf
DKGLCNR2x	csn_c	-0.0	0.0	0.06820866982343432	Inf	0.0
DKGLCNR2x	fald_c	-0.0	0.0	0.0	Inf	Inf
DKGLCNR2x	fc1p_c	-0.0	0.0	0.0	Inf	Inf
DKGLCNR2x	fcl__L_c	-0.0	0.0	0.0	Inf	Inf
DKGLCNR2x	aso4_c	0.0	0.0	0.0	Inf	Inf
DKGLCNR2x	cyan_c	0.0	0.0	0.0	Inf	Inf
DKGLCNR2x	athtp_c	0.0	0.0	0.0	Inf	Inf
DKGLCNR2x	cytd_c	-0.0	0.0	0.0	Inf	Inf
DKGLCNR2x	dad_2_c	-0.0	-0.048402678379551256	0.0	-0.0	Inf
DKGLCNR2x	dad_5_c	-0.0	-0.048402678379551256	9.884158199899183e-05	-0.0	0.0
DKGLCNR2x	betald_c	0.0	0.0	0.0	Inf	Inf
DKGLCNR2x	btal_c	-0.0	-15.927450242513942	0.0	-0.0	Inf
DKGLCNR2x	for_c	-0.0	-0.048402678379551256	1.8672446926345596	-0.0	0.0
DKGLCNR2x	dcyt_c	-0.0	-0.01159770777837551	0.0	-0.0	Inf
DKGLCNR2x	fru_c	-0.0	-45.394285726594745	0.0	-0.0	Inf
DKGLCNR2x	ca2_c	-0.0	-0.002307042306256335	999.9976929576937	-0.0	0.0
DKGLCNR2x	g3pe_c	-0.0	0.0	0.0	Inf	Inf
DKGLCNR2x	g3pi_c	0.0	0.0	0.0	Inf	Inf
DKGLCNR2x	cbm_c	-0.0	-4.7873055931388535	0.0	-0.0	Inf
DKGLCNR2x	dha_c	-0.0	-90.78857145318949	0.0	-0.0	Inf
DKGLCNR2x	gal_c	-0.0	0.0	0.0	Inf	Inf
DKGLCNR2x	dhgly_c	-0.0	-9.884158199899183e-05	0.07268887809459859	-0.0	0.0
DKGLCNR2x	dhmptp_c	0.0	0.0	0.0	Inf	Inf
DKGLCNR2x	gcald_c	-0.0	-152.52480004135833	0.00029652474609065393	-0.0	0.0
DKGLCNR2x	dhptd_c	-0.0	-23.51165382892473	0.00019768316399798366	-0.0	0.0
DKGLCNR2x	cechddd_c	-0.0	0.0	0.0	Inf	Inf
DKGLCNR2x	dhptdn_c	0.0	0.0	0.0	Inf	Inf
DKGLCNR2x	chol_c	0.0	0.0	0.0	Inf	Inf
DKGLCNR2x	chtbs6p_c	-0.0	0.0	0.0	Inf	Inf
DKGLCNR2x	dmbzid_c	0.0	0.0	0.0	Inf	Inf
DKGLCNR2x	dms_c	0.0	0.0	0.0	Inf	Inf
DKGLCNR2x	dmso_c	0.0	0.0	0.0	Inf	Inf
DKGLCNR2x	cl_c	-0.0	-0.002307042306256335	999.9976929576937	-0.0	0.0
DKGLCNR2x	glc__D_c	-0.0	-45.394285726594745	0.0	-0.0	Inf
DKGLCNR2x	co2_c	-0.0	-978.1940820365478	21.805917963452202	-0.0	0.0
DKGLCNR2x	dscl_c	-0.0	-9.884158199899183e-05	0.02305550318418987	-0.0	0.0
DKGLCNR2x	dtdp4aaddg_c	-0.0	0.0	0.0	Inf	Inf
DKGLCNR2x	glyald_c	-0.0	-1000.0	0.0	-0.0	Inf
DKGLCNR2x	crn_c	-0.0	-1000.0	0.0	-0.0	Inf
DKGLCNR2x	duri_c	-0.0	-0.01159770777837551	0.0	-0.0	Inf
DKGLCNR2x	glyb_c	0.0	0.0	0.0	Inf	Inf
DKGLCNR2x	glyc_c	-0.0	-77.81877553130526	0.0	-0.0	Inf
DKGLCNR2x	dxyl_c	0.0	0.0	0.0	Inf	Inf
DKGLCNR2x	glycogen_c	-0.0	-45.394285726594745	0.0	-0.0	Inf
DKGLCNR2x	gmhep1p_c	-0.0	0.0	0.15243492881974074	Inf	0.0
DKGLCNR2x	lipa_cold_c	-0.0	0.0	0.0	Inf	Inf
DKGLCNR2x	lipidA_c	-0.0	-0.00862359560255725	0.014325545317913593	-0.0	0.0
DKGLCNR2x	malt_c	0.0	0.0	0.0	Inf	Inf
DKGLCNR2x	h2_c	-0.0	0.0	0.0	Inf	Inf
DKGLCNR2x	malthx_c	-0.0	0.0	0.0	Inf	Inf
DKGLCNR2x	maltpt_c	-0.0	0.0	0.0	Inf	Inf
DKGLCNR2x	malttr_c	-0.0	0.0	0.0	Inf	Inf
DKGLCNR2x	maltttr_c	-0.0	0.0	0.0	Inf	Inf
DKGLCNR2x	h2o2_c	-0.0	-0.0007207014013035603	2.2429710954904705	-0.0	0.0
DKGLCNR2x	man_c	-0.0	0.0	0.0	Inf	Inf
DKGLCNR2x	mdhdhf_c	-0.0	-23.51165382892473	0.00019768316399798366	-0.0	0.0
DKGLCNR2x	melib_c	-0.0	0.0	0.0	Inf	Inf
DKGLCNR2x	meoh_c	-0.0	-1000.0	0.0	-0.0	Inf
DKGLCNR2x	pacald_c	-0.0	-1000.0	0.0	-0.0	Inf
DKGLCNR2x	metsox_S__L_c	-0.0	-0.048402678379551256	0.0	-0.0	Inf
DKGLCNR2x	mg2_c	-0.0	-0.0038450705104651206	999.9961549294895	-0.0	0.0
DKGLCNR2x	hhlipa_c	-0.0	0.0	0.0	Inf	Inf
DKGLCNR2x	pe120_c	-0.0	0.0	0.0	Inf	Inf
DKGLCNR2x	mobd_c	-0.0	-5.717741737498727e-05	3.925199417108323	-0.0	0.0
DKGLCNR2x	hlipa_c	-0.0	0.0	0.0	Inf	Inf
DKGLCNR2x	pg120_c	-0.0	0.0	0.0	Inf	Inf
DKGLCNR2x	mql8_c	0.0	0.0	0.0	Inf	Inf
DKGLCNR2x	mqn8_c	-0.0	0.0	0.0	Inf	Inf
DKGLCNR2x	mthgxl_c	-0.0	-3.1868303411993475	0.0	-0.0	Inf
DKGLCNR2x	hqn_c	0.0	0.0	0.0	Inf	Inf
DKGLCNR2x	mththf_c	-0.0	-999.999802316836	0.00019768316399798366	-0.0	0.0
DKGLCNR2x	n2o_c	-0.0	-1000.0	0.0	-0.0	Inf
DKGLCNR2x	na1_c	-0.0	-15.700797668433292	0.0	-0.0	Inf
DKGLCNR2x	nac_c	-0.0	0.0	0.0	Inf	Inf
DKGLCNR2x	ncam_c	-0.0	0.0	0.0	Inf	Inf
DKGLCNR2x	ni2_c	-0.0	-0.00014316516137073703	999.9998568348386	-0.0	0.0
DKGLCNR2x	no_c	-0.0	-1000.0	0.0	-0.0	Inf
DKGLCNR2x	indole_c	-0.0	-0.02519485222228113	0.11295537890959208	-0.0	0.0
DKGLCNR2x	no2_c	-0.0	-1000.0	0.0	-0.0	Inf
DKGLCNR2x	no3_c	0.0	0.0	0.0	Inf	Inf
DKGLCNR2x	inost_c	0.0	0.0	0.0	Inf	Inf
DKGLCNR2x	o2_c	-0.0	-15.860097103240037	984.13990289676	-0.0	0.0
DKGLCNR2x	poaac_c	-0.0	-1.207753666802561	0.0	-0.0	Inf
DKGLCNR2x	ppal_c	-0.0	0.0	0.0	Inf	Inf
DKGLCNR2x	k_c	-0.0	-0.08651652428306988	15.700797668433292	-0.0	0.0
DKGLCNR2x	psclys_c	-0.0	0.0	0.0	Inf	Inf
DKGLCNR2x	lald__D_c	-0.0	0.0	0.0	Inf	Inf
DKGLCNR2x	lald__L_c	-0.0	0.0	0.0	Inf	Inf
DKGLCNR2x	ura_c	-0.0	0.0	0.0	Inf	Inf
DKGLCNR2x	pydx_c	-0.0	0.0	0.14953140636603143	Inf	0.0
DKGLCNR2x	uracp_c	-0.0	-1.3083998057027744	0.0	-0.0	Inf
DKGLCNR2x	pydxn_c	-0.0	0.0	0.14018569346815446	Inf	0.0
DKGLCNR2x	urate_c	-0.0	0.0	0.0	Inf	Inf
DKGLCNR2x	q8_c	-0.0	0.0	0.0	Inf	Inf
DKGLCNR2x	q8h2_c	0.0	0.0	0.0	Inf	Inf
DKGLCNR2x	urea_c	-0.0	-1000.0	0.0	-0.0	Inf
DKGLCNR2x	uri_c	-0.0	0.0	0.0	Inf	Inf
DKGLCNR2x	rbflvrd_c	-0.0	0.0	0.024201339189775628	Inf	0.0
DKGLCNR2x	rbl__L_c	-0.0	-54.473142871913694	0.0	-0.0	Inf
DKGLCNR2x	rdmbzi_c	0.0	0.0	0.0	Inf	Inf
DKGLCNR2x	thptdn_c	0.0	0.0	0.0	Inf	Inf
DKGLCNR2x	xan_c	-0.0	0.0	0.0	Inf	Inf
DKGLCNR2x	rephaccoa_c	-0.0	-0.00025530381697072557	0.0	-0.0	Inf
DKGLCNR2x	rib__D_c	-0.0	0.0	0.22429710954904714	Inf	0.0
DKGLCNR2x	xtsn_c	-0.0	0.0	0.0	Inf	Inf
DKGLCNR2x	rml_c	-0.0	0.0	0.0	Inf	Inf
DKGLCNR2x	thym_c	-0.0	-15.700797668433292	0.0	-0.0	Inf
DKGLCNR2x	thymd_c	-0.0	0.0	0.10753971005776232	Inf	0.0
DKGLCNR2x	xu5p__L_c	-0.0	-0.4275589869329224	0.0	-0.0	Inf
DKGLCNR2x	rmn_c	-0.0	0.0	0.0	Inf	Inf
DKGLCNR2x	xyl__D_c	0.0	0.0	0.0	Inf	Inf
DKGLCNR2x	tmao_c	0.0	0.0	0.0	Inf	Inf
DKGLCNR2x	xylu__D_c	-0.0	0.0	0.0	Inf	Inf
DKGLCNR2x	xylu__L_c	-0.0	-54.473142871913694	0.0	-0.0	Inf
DKGLCNR2x	12ppd__R_e	-0.0	-1000.0	0.0	-0.0	Inf
DKGLCNR2x	12ppd__S_e	-0.0	-1000.0	0.0	-0.0	Inf
DKGLCNR2x	tre_c	-0.0	-22.697142863297373	0.0	-0.0	Inf
DKGLCNR2x	seln_c	0.0	0.0	0.0	Inf	Inf
DKGLCNR2x	34dhpac_e	-0.0	-1000.0	0.0	-0.0	Inf
DKGLCNR2x	slnt_c	0.0	0.0	0.0	Inf	Inf
DKGLCNR2x	so2_c	0.0	0.0	0.0	Inf	Inf
DKGLCNR2x	so3_c	-0.0	-0.10986396971695811	0.7850398834216646	-0.0	0.0
DKGLCNR2x	so4_c	-0.0	-0.11178672659010441	15.700797668433292	-0.0	0.0
DKGLCNR2x	4hoxpacd_e	-0.0	-1000.0	0.0	-0.0	Inf
DKGLCNR2x	5mtr_e	-0.0	0.0	0.0	Inf	Inf
DKGLCNR2x	LalaDgluMdap_e	-0.0	-1000.0	0.0	-0.0	Inf
DKGLCNR2x	ac_e	-0.0	0.0	0.0	Inf	Inf
DKGLCNR2x	acald_e	-0.0	-1000.0	0.0	-0.0	Inf
DKGLCNR2x	acgal_e	-0.0	-1000.0	0.0	-0.0	Inf
DKGLCNR2x	acgam_e	-0.0	-1000.0	0.0	-0.0	Inf
DKGLCNR2x	acmana_e	-0.0	-1000.0	0.0	-0.0	Inf
DKGLCNR2x	tagur_c	-0.0	0.0	0.0	Inf	Inf
DKGLCNR2x	tartr__L_c	-0.0	-103.05729732524212	0.0	-0.0	Inf
DKGLCNR2x	ade_e	-0.0	-1000.0	0.0	-0.0	Inf
DKGLCNR2x	adn_e	-0.0	-1000.0	0.0	-0.0	Inf
DKGLCNR2x	all__D_e	-0.0	-1000.0	0.0	-0.0	Inf
DKGLCNR2x	cl_e	-0.0	-0.002307042306256335	999.9976929576937	-0.0	0.0
DKGLCNR2x	alltn_e	-0.0	0.0	0.0	Inf	Inf
DKGLCNR2x	cm_e	-0.0	-1000.0	0.0	-0.0	Inf
DKGLCNR2x	co2_e	-0.0	-978.1940820365478	21.805917963452202	-0.0	0.0
DKGLCNR2x	arab__L_e	-0.0	-1000.0	0.0	-0.0	Inf
DKGLCNR2x	arbt_e	-0.0	-1000.0	0.0	-0.0	Inf
DKGLCNR2x	unagamu_c	-0.0	0.0	0.012590856189601683	Inf	0.0
DKGLCNR2x	crn_e	-0.0	-1000.0	0.0	-0.0	Inf
DKGLCNR2x	csn_e	-0.0	-1000.0	0.0	-0.0	Inf
DKGLCNR2x	cyan_e	-0.0	-1000.0	0.0	-0.0	Inf
DKGLCNR2x	glyb_e	-0.0	-1000.0	0.0	-0.0	Inf
DKGLCNR2x	glyc_e	-0.0	-1000.0	0.0	-0.0	Inf
DKGLCNR2x	cytd_e	-0.0	-1000.0	0.0	-0.0	Inf
DKGLCNR2x	ca2_e	-0.0	-0.002307042306256335	999.9976929576937	-0.0	0.0
DKGLCNR2x	dad_2_e	-0.0	-1000.0	0.0	-0.0	Inf
DKGLCNR2x	dcyt_e	-0.0	-1000.0	0.0	-0.0	Inf
DKGLCNR2x	chol_e	-0.0	-1000.0	0.0	-0.0	Inf
DKGLCNR2x	dha_e	-0.0	-1000.0	0.0	-0.0	Inf
DKGLCNR2x	ppal_e	-0.0	-1000.0	0.0	-0.0	Inf
DKGLCNR2x	h2_e	-0.0	-1000.0	0.0	-0.0	Inf
DKGLCNR2x	dms_e	-0.0	-1000.0	0.0	-0.0	Inf
DKGLCNR2x	dmso_e	-0.0	-1000.0	0.0	-0.0	Inf
DKGLCNR2x	h2o2_e	-0.0	-1000.0	0.0	-0.0	Inf
DKGLCNR2x	psclys_e	-0.0	-1000.0	0.0	-0.0	Inf
DKGLCNR2x	duri_e	-0.0	-1000.0	0.0	-0.0	Inf
DKGLCNR2x	pydx_e	-0.0	-1000.0	0.0	-0.0	Inf
DKGLCNR2x	pydxn_e	-0.0	-1000.0	0.0	-0.0	Inf
DKGLCNR2x	etoh_e	-0.0	-1000.0	0.0	-0.0	Inf
DKGLCNR2x	fald_e	-0.0	0.0	0.0	Inf	Inf
DKGLCNR2x	rib__D_e	-0.0	-1000.0	0.0	-0.0	Inf
DKGLCNR2x	rmn_e	-0.0	-1000.0	0.0	-0.0	Inf
DKGLCNR2x	indole_e	-0.0	-1000.0	0.0	-0.0	Inf
DKGLCNR2x	inost_e	-0.0	-1000.0	0.0	-0.0	Inf
DKGLCNR2x	sbt__D_e	-0.0	-3.1868303411993475	0.0	-0.0	Inf
DKGLCNR2x	k_e	-0.0	-0.08651652428306988	999.9134834757169	-0.0	0.0
DKGLCNR2x	for_e	-0.0	0.0	1.8672446926345596	Inf	0.0
DKGLCNR2x	slnt_e	-0.0	0.0	1000.0	Inf	0.0
DKGLCNR2x	fru_e	-0.0	-1000.0	0.0	-0.0	Inf
DKGLCNR2x	so2_e	-0.0	-1000.0	0.0	-0.0	Inf
DKGLCNR2x	so3_e	-0.0	-1000.0	0.0	-0.0	Inf
DKGLCNR2x	so4_e	-0.0	-0.11178672659010441	999.8882132734099	-0.0	0.0
DKGLCNR2x	lipa_cold_e	-0.0	-1000.0	0.0	-0.0	Inf
DKGLCNR2x	sucr_e	-0.0	-1000.0	0.0	-0.0	Inf
DKGLCNR2x	g3pe_e	-0.0	-1000.0	0.0	-0.0	Inf
DKGLCNR2x	malt_e	-0.0	-1000.0	0.0	-0.0	Inf
DKGLCNR2x	tartr__L_e	-0.0	-1000.0	0.0	-0.0	Inf
DKGLCNR2x	g3pi_e	-0.0	-1000.0	0.0	-0.0	Inf
DKGLCNR2x	malthx_e	-0.0	-1000.0	0.0	-0.0	Inf
DKGLCNR2x	maltpt_e	-0.0	-1000.0	0.0	-0.0	Inf
DKGLCNR2x	gal_e	-0.0	-1000.0	0.0	-0.0	Inf
DKGLCNR2x	gal_bD_e	-0.0	-1000.0	0.0	-0.0	Inf
DKGLCNR2x	malttr_e	-0.0	-1000.0	0.0	-0.0	Inf
DKGLCNR2x	maltttr_e	-0.0	-1000.0	0.0	-0.0	Inf
DKGLCNR2x	man_e	-0.0	-1000.0	0.0	-0.0	Inf
DKGLCNR2x	thym_e	-0.0	-1000.0	0.0	-0.0	Inf
DKGLCNR2x	thymd_e	-0.0	-1000.0	0.0	-0.0	Inf
DKGLCNR2x	galt_e	-0.0	-3.1868303411993475	0.0	-0.0	Inf
DKGLCNR2x	melib_e	-0.0	-1000.0	0.0	-0.0	Inf
DKGLCNR2x	meoh_e	-0.0	-1000.0	0.0	-0.0	Inf
DKGLCNR2x	tmao_e	-0.0	-1000.0	0.0	-0.0	Inf
DKGLCNR2x	tre_e	-0.0	-1000.0	0.0	-0.0	Inf
DKGLCNR2x	metsox_S__L_e	-0.0	-1000.0	0.0	-0.0	Inf
DKGLCNR2x	glc__D_e	-0.0	-1000.0	0.0	-0.0	Inf
DKGLCNR2x	mg2_e	-0.0	-0.0038450705104651206	999.9961549294895	-0.0	0.0
DKGLCNR2x	mnl_e	-0.0	-1000.0	0.0	-0.0	Inf
DKGLCNR2x	mobd_e	-0.0	-5.717741737498727e-05	999.9999428225826	-0.0	0.0
DKGLCNR2x	glyald_e	-0.0	-1000.0	0.0	-0.0	Inf
DKGLCNR2x	n2o_e	-0.0	-1000.0	0.0	-0.0	Inf
DKGLCNR2x	na1_e	-0.0	-1000.0	0.0	-0.0	Inf
DKGLCNR2x	nac_e	-0.0	-1000.0	0.0	-0.0	Inf
DKGLCNR2x	ni2_e	-0.0	-0.00014316516137569124	999.9998568348386	-0.0	0.0
DKGLCNR2x	no_e	-0.0	-1000.0	0.0	-0.0	Inf
DKGLCNR2x	no2_e	-0.0	-1000.0	0.0	-0.0	Inf
DKGLCNR2x	ura_e	-0.0	-1000.0	0.0	-0.0	Inf
DKGLCNR2x	no3_e	-0.0	-1000.0	0.0	-0.0	Inf
DKGLCNR2x	urea_e	-0.0	-1000.0	0.0	-0.0	Inf
DKGLCNR2x	novbcn_e	-0.0	-1000.0	0.0	-0.0	Inf
DKGLCNR2x	uri_e	-0.0	-1000.0	0.0	-0.0	Inf
DKGLCNR2x	o2_e	-0.0	-15.860097103240037	984.13990289676	-0.0	0.0
DKGLCNR2x	xan_e	-0.0	0.0	0.0	Inf	Inf
DKGLCNR2x	xtsn_e	-0.0	-1000.0	0.0	-0.0	Inf
DKGLCNR2x	xyl__D_e	-0.0	-1000.0	0.0	-0.0	Inf
DKGLCNR2x	xylu__L_e	-0.0	-1000.0	0.0	-0.0	Inf
DKGLCNR2x	pacald_e	-0.0	-1000.0	0.0	-0.0	Inf
DKGLCNR2x	12dgr120_p	-0.0	0.0	0.0	Inf	Inf
DKGLCNR2x	12dgr140_p	-0.0	0.0	0.0	Inf	Inf
DKGLCNR2x	12dgr160_p	-0.0	-0.028284648940257284	0.0	-0.0	Inf
DKGLCNR2x	12dgr180_p	-0.0	0.0	0.0	Inf	Inf
DKGLCNR2x	12ppd__R_p	-0.0	-1000.0	0.0	-0.0	Inf
DKGLCNR2x	12ppd__S_p	-0.0	0.0	0.0	Inf	Inf
DKGLCNR2x	chol_p	-0.0	-1000.0	0.0	-0.0	Inf
DKGLCNR2x	cl_p	-0.0	-0.002307042306256335	999.9976929576937	-0.0	0.0
DKGLCNR2x	34dhpac_p	-0.0	-1000.0	0.0	-0.0	Inf
DKGLCNR2x	cm_p	-0.0	0.0	0.0	Inf	Inf
DKGLCNR2x	4hoxpacd_p	-0.0	-1000.0	0.0	-0.0	Inf
DKGLCNR2x	co2_p	-0.0	-978.1940820365478	21.805917963452202	-0.0	0.0
DKGLCNR2x	5mtr_p	-0.0	0.0	0.0	Inf	Inf
DKGLCNR2x	LalaDgluMdap_p	-0.0	-0.01231663623582056	0.0	-0.0	Inf
DKGLCNR2x	gal_p	-0.0	-1000.0	0.0	-0.0	Inf
DKGLCNR2x	ac_p	-0.0	-1.8672446926345596	0.0	-0.0	Inf
DKGLCNR2x	crn_p	-0.0	-1000.0	0.0	-0.0	Inf
DKGLCNR2x	gal_bD_p	-0.0	-1000.0	0.0	-0.0	Inf
DKGLCNR2x	acald_p	-0.0	-1000.0	0.0	-0.0	Inf
DKGLCNR2x	acgal_p	-0.0	-1000.0	0.0	-0.0	Inf
DKGLCNR2x	csn_p	-0.0	0.0	0.0	Inf	Inf
DKGLCNR2x	acgam_p	-0.0	-1000.0	0.0	-0.0	Inf
DKGLCNR2x	galt_p	-0.0	-3.1868303411993475	0.0	-0.0	Inf
DKGLCNR2x	acmana_p	-0.0	-1000.0	0.0	-0.0	Inf
DKGLCNR2x	cyan_p	-0.0	0.0	0.0	Inf	Inf
DKGLCNR2x	ade_p	-0.0	-1000.0	0.0	-0.0	Inf
DKGLCNR2x	adn_p	-0.0	0.0	0.0002965247459969755	Inf	0.0
DKGLCNR2x	cytd_p	-0.0	0.0	0.0	Inf	Inf
DKGLCNR2x	glc__D_p	-0.0	-1000.0	0.0	-0.0	Inf
DKGLCNR2x	dad_2_p	-0.0	-1000.0	0.0	-0.0	Inf
DKGLCNR2x	dcyt_p	-0.0	-1000.0	0.0	-0.0	Inf
DKGLCNR2x	all__D_p	-0.0	0.0	0.0	Inf	Inf
DKGLCNR2x	alltn_p	-0.0	0.0	0.0	Inf	Inf
DKGLCNR2x	dha_p	-0.0	-1000.0	0.0	-0.0	Inf
DKGLCNR2x	glyald_p	-0.0	-1000.0	0.0	-0.0	Inf
DKGLCNR2x	glyb_p	0.0	0.0	0.0	Inf	Inf
DKGLCNR2x	dms_p	-0.0	-1000.0	0.0	-0.0	Inf
DKGLCNR2x	glyc_p	-0.0	-77.81877553130526	0.0	-0.0	Inf
DKGLCNR2x	dmso_p	-0.0	-1000.0	0.0	-0.0	Inf
DKGLCNR2x	arab__L_p	-0.0	0.0	0.0	Inf	Inf
DKGLCNR2x	arbt_p	0.0	0.0	0.0	Inf	Inf
DKGLCNR2x	ca2_p	-0.0	-0.002307042306256335	999.9976929576937	-0.0	0.0
DKGLCNR2x	duri_p	-0.0	-1000.0	0.0	-0.0	Inf
DKGLCNR2x	h2_p	-0.0	-1000.0	0.0	-0.0	Inf
DKGLCNR2x	h2o2_p	-0.0	-1000.0	0.0	-0.0	Inf
DKGLCNR2x	etoh_p	-0.0	-1000.0	0.0	-0.0	Inf
DKGLCNR2x	fald_p	-0.0	0.0	0.0	Inf	Inf
DKGLCNR2x	n2o_p	-0.0	-1000.0	0.0	-0.0	Inf
DKGLCNR2x	na1_p	-0.0	-1000.0	0.0	-0.0	Inf
DKGLCNR2x	indole_p	-0.0	0.0	0.11377389614806738	Inf	0.0
DKGLCNR2x	nac_p	-0.0	-1000.0	0.0	-0.0	Inf
DKGLCNR2x	ni2_p	-0.0	-0.00014316516137569124	999.9998568348386	-0.0	0.0
DKGLCNR2x	inost_p	-0.0	-1000.0	0.0	-0.0	Inf
DKGLCNR2x	no_p	-0.0	-1000.0	0.0	-0.0	Inf
DKGLCNR2x	no2_p	-0.0	-1000.0	0.0	-0.0	Inf
DKGLCNR2x	for_p	-0.0	0.0	1.8672446926345596	Inf	0.0
DKGLCNR2x	fru_p	-0.0	-1000.0	0.0	-0.0	Inf
DKGLCNR2x	no3_p	-0.0	0.0	0.0	Inf	Inf
DKGLCNR2x	k_p	-0.0	-0.08651652428306988	999.9134834757169	-0.0	0.0
DKGLCNR2x	novbcn_p	-0.0	0.0	0.0	Inf	Inf
DKGLCNR2x	o2_p	-0.0	-15.860097103240037	984.13990289676	-0.0	0.0
DKGLCNR2x	lipa_cold_p	-0.0	-3.925199417108323	0.0	-0.0	Inf
DKGLCNR2x	g3pe_p	-0.0	0.0	0.0	Inf	Inf
DKGLCNR2x	g3pi_p	-0.0	0.0	0.0	Inf	Inf
DKGLCNR2x	so3_p	-0.0	-1000.0	0.0	-0.0	Inf
DKGLCNR2x	so4_p	-0.0	-0.11178672659010441	999.8882132734099	-0.0	0.0
DKGLCNR2x	malt_p	0.0	0.0	0.0	Inf	Inf
DKGLCNR2x	malthx_p	0.0	0.0	0.0	Inf	Inf
DKGLCNR2x	maltpt_p	0.0	0.0	0.0	Inf	Inf
DKGLCNR2x	sucr_p	-0.0	-1000.0	0.0	-0.0	Inf
DKGLCNR2x	malttr_p	0.0	0.0	0.0	Inf	Inf
DKGLCNR2x	maltttr_p	0.0	0.0	0.0	Inf	Inf
DKGLCNR2x	pacald_p	-0.0	-1000.0	0.0	-0.0	Inf
DKGLCNR2x	man_p	-0.0	-1000.0	0.0	-0.0	Inf
DKGLCNR2x	tartr__L_p	-0.0	-1000.0	0.0	-0.0	Inf
DKGLCNR2x	pe120_p	-0.0	0.0	0.0	Inf	Inf
DKGLCNR2x	melib_p	-0.0	-1000.0	0.0	-0.0	Inf
DKGLCNR2x	meoh_p	-0.0	-1000.0	0.0	-0.0	Inf
DKGLCNR2x	thym_p	-0.0	-1000.0	0.0	-0.0	Inf
DKGLCNR2x	thymd_p	-0.0	0.0	0.0	Inf	Inf
DKGLCNR2x	pg120_p	-0.0	0.0	0.0	Inf	Inf
DKGLCNR2x	metsox_S__L_p	-0.0	-1000.0	0.0	-0.0	Inf
DKGLCNR2x	tmao_p	-0.0	-1000.0	0.0	-0.0	Inf
DKGLCNR2x	mg2_p	-0.0	-0.0038450705104651206	999.9961549294895	-0.0	0.0
DKGLCNR2x	tre_p	-0.0	0.0	0.0	Inf	Inf
DKGLCNR2x	mnl_p	-0.0	0.0	0.0	Inf	Inf
DKGLCNR2x	mobd_p	-0.0	-5.717741737498727e-05	999.9999428225826	-0.0	0.0
DKGLCNR2x	ura_p	-0.0	-1000.0	0.0	-0.0	Inf
DKGLCNR2x	urea_p	-0.0	-1000.0	0.0	-0.0	Inf
DKGLCNR2x	uri_p	-0.0	0.0	0.0	Inf	Inf
DKGLCNR2x	xan_p	-0.0	0.0	0.0	Inf	Inf
DKGLCNR2x	xtsn_p	-0.0	0.0	0.0	Inf	Inf
DKGLCNR2x	xyl__D_p	-0.0	-1000.0	0.0	-0.0	Inf
DKGLCNR2x	xylu__L_p	-0.0	0.0	0.0	Inf	Inf
DKGLCNR2x	ppal_p	-0.0	0.0	0.0	Inf	Inf
DKGLCNR2x	psclys_p	-0.0	-1000.0	0.0	-0.0	Inf
DKGLCNR2x	pydx_p	-0.0	0.0	0.0	Inf	Inf
DKGLCNR2x	pydxn_p	-0.0	0.0	0.0	Inf	Inf
DKGLCNR2x	rib__D_p	-0.0	-1000.0	0.0	-0.0	Inf
DKGLCNR2x	rmn_p	-0.0	-1000.0	0.0	-0.0	Inf
DKGLCNR2x	sbt__D_p	-0.0	-3.1868303411993475	0.0	-0.0	Inf
DKGLCNR2x	slnt_p	-0.0	0.0	0.0	Inf	Inf
DKGLCNR2x	so2_p	-0.0	-1000.0	0.0	-0.0	Inf
