Reaction	Metabolite	ShadowPrice	G-	G+	DecrementalShadowPrice	IncrementalShadowPrice
GLYCAtex_f	12dgr120_c	-0.0	0.0	0.0	Inf	Inf
GLYCAtex_f	12dgr140_c	-0.0	0.0	0.0	Inf	Inf
GLYCAtex_f	12dgr160_c	-0.0	-0.028284648940257284	0.0	-0.0	Inf
GLYCAtex_f	12dgr180_c	-0.0	0.0	0.0	Inf	Inf
GLYCAtex_f	12ppd__R_c	-0.0	-1000.0	0.0	-0.0	Inf
GLYCAtex_f	12ppd__S_c	-0.0	0.0	0.0	Inf	Inf
GLYCAtex_f	5drib_c	-0.0	-999.999901158418	9.884158199899183e-05	-0.0	0.0
GLYCAtex_f	5mta_c	-0.0	0.0	0.0	Inf	Inf
GLYCAtex_f	23dhacoa_c	-0.0	-0.00025530381697072557	0.0	-0.0	Inf
GLYCAtex_f	5mtr_c	-0.0	0.0	0.0	Inf	Inf
GLYCAtex_f	3amac_c	-0.0	-3.1401595336866586	0.0	-0.0	Inf
GLYCAtex_f	LalaDgluMdap_c	-0.0	-0.01231663623582056	0.0	-0.0	Inf
GLYCAtex_f	ac_c	-0.0	-1.8672446926345596	0.7968411771286945	-0.0	0.0
GLYCAtex_f	acald_c	-0.0	-1.8672446926345596	0.581511024756789	-0.0	0.0
GLYCAtex_f	acetol_c	-0.0	0.0	0.0	Inf	Inf
GLYCAtex_f	acgam_c	-0.0	-0.04188046367678021	0.0	-0.0	Inf
GLYCAtex_f	acgam6p_c	-0.0	-0.04188046367678021	0.0	-0.0	Inf
GLYCAtex_f	acmalt_c	0.0	0.0	0.0	Inf	Inf
GLYCAtex_f	acmana_c	-0.0	-0.04188046367678021	0.0	-0.0	Inf
GLYCAtex_f	2dmmq8_c	-0.0	0.0	0.0	Inf	Inf
GLYCAtex_f	2dmmql8_c	0.0	0.0	0.0	Inf	Inf
GLYCAtex_f	ade_c	-0.0	-0.048402678379551256	0.0002965247459969755	-0.0	0.0
GLYCAtex_f	adn_c	-0.0	0.0	0.0002965247459969755	Inf	0.0
GLYCAtex_f	3sala_c	0.0	0.0	0.0	Inf	Inf
GLYCAtex_f	adphep_DD_c	-0.0	0.0	0.0	Inf	Inf
GLYCAtex_f	adphep_LD_c	-0.0	0.0	0.0	Inf	Inf
GLYCAtex_f	4ahmmp_c	0.0	0.0	0.0	Inf	Inf
GLYCAtex_f	4crsol_c	-0.0	-999.999901158418	9.884158199899183e-05	-0.0	0.0
GLYCAtex_f	2ohph_c	-0.0	-9.884158199899183e-05	0.018385008979430094	-0.0	0.0
GLYCAtex_f	2ombzl_c	-0.0	0.0	0.0	Inf	Inf
GLYCAtex_f	2omhmbl_c	-0.0	0.0	0.0	Inf	Inf
GLYCAtex_f	2ommbl_c	0.0	0.0	0.0	Inf	Inf
GLYCAtex_f	2omph_c	-0.0	0.0	0.016406267156147646	Inf	0.0
GLYCAtex_f	4mhetz_c	0.0	0.0	0.0	Inf	Inf
GLYCAtex_f	2oph_c	-0.0	-9.884158199899183e-05	0.018385008979430094	-0.0	0.0
GLYCAtex_f	2oxpaccoa_c	-0.0	-0.00025530381697072557	0.0	-0.0	Inf
GLYCAtex_f	all__D_c	-0.0	-45.394285726594745	0.0	-0.0	Inf
GLYCAtex_f	alltn_c	-0.0	0.0	0.0	Inf	Inf
GLYCAtex_f	4r5au_c	-0.0	-0.0001976831645151833	0.10753971005776232	-0.0	0.0
GLYCAtex_f	56dura_c	0.0	0.0	0.0	Inf	Inf
GLYCAtex_f	arab__L_c	-0.0	-54.473142871913694	0.0	-0.0	Inf
GLYCAtex_f	etoh_c	-0.0	-1000.0	0.0	-0.0	Inf
GLYCAtex_f	csn_c	-0.0	0.0	0.06820866982343432	Inf	0.0
GLYCAtex_f	fald_c	-0.0	0.0	0.0	Inf	Inf
GLYCAtex_f	fc1p_c	-0.0	0.0	0.0	Inf	Inf
GLYCAtex_f	fcl__L_c	-0.0	0.0	0.0	Inf	Inf
GLYCAtex_f	aso4_c	0.0	0.0	0.0	Inf	Inf
GLYCAtex_f	cyan_c	0.0	0.0	0.0	Inf	Inf
GLYCAtex_f	athtp_c	0.0	0.0	0.0	Inf	Inf
GLYCAtex_f	cytd_c	-0.0	0.0	0.0	Inf	Inf
GLYCAtex_f	dad_2_c	-0.0	-0.048402678379551256	0.0	-0.0	Inf
GLYCAtex_f	dad_5_c	-0.0	-0.048402678379551256	9.884158199899183e-05	-0.0	0.0
GLYCAtex_f	betald_c	0.0	0.0	0.0	Inf	Inf
GLYCAtex_f	btal_c	-0.0	-15.927450242513942	0.0	-0.0	Inf
GLYCAtex_f	for_c	-0.0	-0.048402678379551256	1.8672446926345596	-0.0	0.0
GLYCAtex_f	dcyt_c	-0.0	-0.01159770777837551	0.0	-0.0	Inf
GLYCAtex_f	fru_c	-0.0	-45.394285726594745	0.0	-0.0	Inf
GLYCAtex_f	ca2_c	-0.0	-0.002307042306256335	999.9976929576937	-0.0	0.0
GLYCAtex_f	g3pe_c	-0.0	0.0	0.0	Inf	Inf
GLYCAtex_f	g3pi_c	0.0	0.0	0.0	Inf	Inf
GLYCAtex_f	cbm_c	-0.0	-4.7873055931388535	0.0	-0.0	Inf
GLYCAtex_f	dha_c	-0.0	-90.78857145318949	0.0	-0.0	Inf
GLYCAtex_f	gal_c	-0.0	0.0	0.0	Inf	Inf
GLYCAtex_f	dhgly_c	-0.0	-9.884158199899183e-05	0.07268887809459859	-0.0	0.0
GLYCAtex_f	dhmptp_c	0.0	0.0	0.0	Inf	Inf
GLYCAtex_f	gcald_c	-0.0	-152.52480004135833	0.00029652474609065393	-0.0	0.0
GLYCAtex_f	dhptd_c	-0.0	-23.51165382892473	0.00019768316399798366	-0.0	0.0
GLYCAtex_f	cechddd_c	-0.0	0.0	0.0	Inf	Inf
GLYCAtex_f	dhptdn_c	0.0	0.0	0.0	Inf	Inf
GLYCAtex_f	chol_c	0.0	0.0	0.0	Inf	Inf
GLYCAtex_f	chtbs6p_c	-0.0	0.0	0.0	Inf	Inf
GLYCAtex_f	dmbzid_c	0.0	0.0	0.0	Inf	Inf
GLYCAtex_f	dms_c	0.0	0.0	0.0	Inf	Inf
GLYCAtex_f	dmso_c	0.0	0.0	0.0	Inf	Inf
GLYCAtex_f	cl_c	-0.0	-0.002307042306256335	999.9976929576937	-0.0	0.0
GLYCAtex_f	glc__D_c	-0.0	-45.394285726594745	0.0	-0.0	Inf
GLYCAtex_f	co2_c	-0.0	-978.1940820365478	21.805917963452202	-0.0	0.0
GLYCAtex_f	dscl_c	-0.0	-9.884158199899183e-05	0.02305550318418987	-0.0	0.0
GLYCAtex_f	dtdp4aaddg_c	-0.0	0.0	0.0	Inf	Inf
GLYCAtex_f	glyald_c	-0.0	-1000.0	0.0	-0.0	Inf
GLYCAtex_f	crn_c	-0.0	-1000.0	0.0	-0.0	Inf
GLYCAtex_f	duri_c	-0.0	-0.01159770777837551	0.0	-0.0	Inf
GLYCAtex_f	glyb_c	0.0	0.0	0.0	Inf	Inf
GLYCAtex_f	glyc_c	-0.0	-77.81877553130526	0.0	-0.0	Inf
GLYCAtex_f	dxyl_c	0.0	0.0	0.0	Inf	Inf
GLYCAtex_f	glycogen_c	-0.0	-45.394285726594745	0.0	-0.0	Inf
GLYCAtex_f	gmhep1p_c	-0.0	0.0	0.15243492881974074	Inf	0.0
GLYCAtex_f	lipa_cold_c	-0.0	0.0	0.0	Inf	Inf
GLYCAtex_f	lipidA_c	-0.0	-0.00862359560255725	0.014325545317913593	-0.0	0.0
GLYCAtex_f	malt_c	0.0	0.0	0.0	Inf	Inf
GLYCAtex_f	h2_c	-0.0	0.0	0.0	Inf	Inf
GLYCAtex_f	malthx_c	-0.0	0.0	0.0	Inf	Inf
GLYCAtex_f	maltpt_c	-0.0	0.0	0.0	Inf	Inf
GLYCAtex_f	malttr_c	-0.0	0.0	0.0	Inf	Inf
GLYCAtex_f	maltttr_c	-0.0	0.0	0.0	Inf	Inf
GLYCAtex_f	h2o2_c	-0.0	-0.0007207014013035603	2.2429710954904705	-0.0	0.0
GLYCAtex_f	man_c	-0.0	0.0	0.0	Inf	Inf
GLYCAtex_f	mdhdhf_c	-0.0	-23.51165382892473	0.00019768316399798366	-0.0	0.0
GLYCAtex_f	melib_c	-0.0	0.0	0.0	Inf	Inf
GLYCAtex_f	meoh_c	-0.0	-1000.0	0.0	-0.0	Inf
GLYCAtex_f	pacald_c	-0.0	-1000.0	0.0	-0.0	Inf
GLYCAtex_f	metsox_S__L_c	-0.0	-0.048402678379551256	0.0	-0.0	Inf
GLYCAtex_f	mg2_c	-0.0	-0.0038450705104651206	999.9961549294895	-0.0	0.0
GLYCAtex_f	hhlipa_c	-0.0	0.0	0.0	Inf	Inf
GLYCAtex_f	pe120_c	-0.0	0.0	0.0	Inf	Inf
GLYCAtex_f	mobd_c	-0.0	-5.717741737498727e-05	3.925199417108323	-0.0	0.0
GLYCAtex_f	hlipa_c	-0.0	0.0	0.0	Inf	Inf
GLYCAtex_f	pg120_c	-0.0	0.0	0.0	Inf	Inf
GLYCAtex_f	mql8_c	0.0	0.0	0.0	Inf	Inf
GLYCAtex_f	mqn8_c	-0.0	0.0	0.0	Inf	Inf
GLYCAtex_f	mthgxl_c	-0.0	-3.1868303411993475	0.0	-0.0	Inf
GLYCAtex_f	hqn_c	0.0	0.0	0.0	Inf	Inf
GLYCAtex_f	mththf_c	-0.0	-999.999802316836	0.00019768316399798366	-0.0	0.0
GLYCAtex_f	n2o_c	-0.0	-1000.0	0.0	-0.0	Inf
GLYCAtex_f	na1_c	-0.0	-15.700797668433292	0.0	-0.0	Inf
GLYCAtex_f	nac_c	-0.0	0.0	0.0	Inf	Inf
GLYCAtex_f	ncam_c	-0.0	0.0	0.0	Inf	Inf
GLYCAtex_f	ni2_c	-0.0	-0.00014316516137073703	999.9998568348386	-0.0	0.0
GLYCAtex_f	no_c	-0.0	-1000.0	0.0	-0.0	Inf
GLYCAtex_f	indole_c	-0.0	-0.02519485222228113	0.11295537890959208	-0.0	0.0
GLYCAtex_f	no2_c	-0.0	-1000.0	0.0	-0.0	Inf
GLYCAtex_f	no3_c	0.0	0.0	0.0	Inf	Inf
GLYCAtex_f	inost_c	0.0	0.0	0.0	Inf	Inf
GLYCAtex_f	o2_c	-0.0	-15.860097103240037	984.13990289676	-0.0	0.0
GLYCAtex_f	poaac_c	-0.0	-1.207753666802561	0.0	-0.0	Inf
GLYCAtex_f	ppal_c	-0.0	0.0	0.0	Inf	Inf
GLYCAtex_f	k_c	-0.0	-0.08651652428306988	15.700797668433292	-0.0	0.0
GLYCAtex_f	psclys_c	-0.0	0.0	0.0	Inf	Inf
GLYCAtex_f	lald__D_c	-0.0	0.0	0.0	Inf	Inf
GLYCAtex_f	lald__L_c	-0.0	0.0	0.0	Inf	Inf
GLYCAtex_f	ura_c	-0.0	0.0	0.0	Inf	Inf
GLYCAtex_f	pydx_c	-0.0	0.0	0.14953140636603143	Inf	0.0
GLYCAtex_f	uracp_c	-0.0	-1.3083998057027744	0.0	-0.0	Inf
GLYCAtex_f	pydxn_c	-0.0	0.0	0.14018569346815446	Inf	0.0
GLYCAtex_f	urate_c	-0.0	0.0	0.0	Inf	Inf
GLYCAtex_f	q8_c	-0.0	0.0	0.0	Inf	Inf
GLYCAtex_f	q8h2_c	0.0	0.0	0.0	Inf	Inf
GLYCAtex_f	urea_c	-0.0	-1000.0	0.0	-0.0	Inf
GLYCAtex_f	uri_c	-0.0	0.0	0.0	Inf	Inf
GLYCAtex_f	rbflvrd_c	-0.0	0.0	0.024201339189775628	Inf	0.0
GLYCAtex_f	rbl__L_c	-0.0	-54.473142871913694	0.0	-0.0	Inf
GLYCAtex_f	rdmbzi_c	0.0	0.0	0.0	Inf	Inf
GLYCAtex_f	thptdn_c	0.0	0.0	0.0	Inf	Inf
GLYCAtex_f	xan_c	-0.0	0.0	0.0	Inf	Inf
GLYCAtex_f	rephaccoa_c	-0.0	-0.00025530381697072557	0.0	-0.0	Inf
GLYCAtex_f	rib__D_c	-0.0	0.0	0.22429710954904714	Inf	0.0
GLYCAtex_f	xtsn_c	-0.0	0.0	0.0	Inf	Inf
GLYCAtex_f	rml_c	-0.0	0.0	0.0	Inf	Inf
GLYCAtex_f	thym_c	-0.0	-15.700797668433292	0.0	-0.0	Inf
GLYCAtex_f	thymd_c	-0.0	0.0	0.10753971005776232	Inf	0.0
GLYCAtex_f	xu5p__L_c	-0.0	-0.4275589869329224	0.0	-0.0	Inf
GLYCAtex_f	rmn_c	-0.0	0.0	0.0	Inf	Inf
GLYCAtex_f	xyl__D_c	0.0	0.0	0.0	Inf	Inf
GLYCAtex_f	tmao_c	0.0	0.0	0.0	Inf	Inf
GLYCAtex_f	xylu__D_c	-0.0	0.0	0.0	Inf	Inf
GLYCAtex_f	xylu__L_c	-0.0	-54.473142871913694	0.0	-0.0	Inf
GLYCAtex_f	12ppd__R_e	-0.0	-1000.0	0.0	-0.0	Inf
GLYCAtex_f	12ppd__S_e	-0.0	-1000.0	0.0	-0.0	Inf
GLYCAtex_f	tre_c	-0.0	-22.697142863297373	0.0	-0.0	Inf
GLYCAtex_f	seln_c	0.0	0.0	0.0	Inf	Inf
GLYCAtex_f	34dhpac_e	-0.0	-1000.0	0.0	-0.0	Inf
GLYCAtex_f	slnt_c	0.0	0.0	0.0	Inf	Inf
GLYCAtex_f	so2_c	0.0	0.0	0.0	Inf	Inf
GLYCAtex_f	so3_c	-0.0	-0.10986396971695811	0.7850398834216646	-0.0	0.0
GLYCAtex_f	so4_c	-0.0	-0.11178672659010441	15.700797668433292	-0.0	0.0
GLYCAtex_f	4hoxpacd_e	-0.0	-1000.0	0.0	-0.0	Inf
GLYCAtex_f	5mtr_e	-0.0	0.0	0.0	Inf	Inf
GLYCAtex_f	LalaDgluMdap_e	-0.0	-1000.0	0.0	-0.0	Inf
GLYCAtex_f	ac_e	-0.0	0.0	0.0	Inf	Inf
GLYCAtex_f	acald_e	-0.0	-1000.0	0.0	-0.0	Inf
GLYCAtex_f	acgal_e	-0.0	-1000.0	0.0	-0.0	Inf
GLYCAtex_f	acgam_e	-0.0	-1000.0	0.0	-0.0	Inf
GLYCAtex_f	acmana_e	-0.0	-1000.0	0.0	-0.0	Inf
GLYCAtex_f	tagur_c	-0.0	0.0	0.0	Inf	Inf
GLYCAtex_f	tartr__L_c	-0.0	-103.05729732524212	0.0	-0.0	Inf
GLYCAtex_f	ade_e	-0.0	-1000.0	0.0	-0.0	Inf
GLYCAtex_f	adn_e	-0.0	-1000.0	0.0	-0.0	Inf
GLYCAtex_f	all__D_e	-0.0	-1000.0	0.0	-0.0	Inf
GLYCAtex_f	cl_e	-0.0	-0.002307042306256335	999.9976929576937	-0.0	0.0
GLYCAtex_f	alltn_e	-0.0	0.0	0.0	Inf	Inf
GLYCAtex_f	cm_e	-0.0	-1000.0	0.0	-0.0	Inf
GLYCAtex_f	co2_e	-0.0	-978.1940820365478	21.805917963452202	-0.0	0.0
GLYCAtex_f	arab__L_e	-0.0	-1000.0	0.0	-0.0	Inf
GLYCAtex_f	arbt_e	-0.0	-1000.0	0.0	-0.0	Inf
GLYCAtex_f	unagamu_c	-0.0	0.0	0.012590856189601683	Inf	0.0
GLYCAtex_f	crn_e	-0.0	-1000.0	0.0	-0.0	Inf
GLYCAtex_f	csn_e	-0.0	-1000.0	0.0	-0.0	Inf
GLYCAtex_f	cyan_e	-0.0	-1000.0	0.0	-0.0	Inf
GLYCAtex_f	glyb_e	-0.0	-1000.0	0.0	-0.0	Inf
GLYCAtex_f	glyc_e	-0.0	-1000.0	0.0	-0.0	Inf
GLYCAtex_f	cytd_e	-0.0	-1000.0	0.0	-0.0	Inf
GLYCAtex_f	ca2_e	-0.0	-0.002307042306256335	999.9976929576937	-0.0	0.0
GLYCAtex_f	dad_2_e	-0.0	-1000.0	0.0	-0.0	Inf
GLYCAtex_f	dcyt_e	-0.0	-1000.0	0.0	-0.0	Inf
GLYCAtex_f	chol_e	-0.0	-1000.0	0.0	-0.0	Inf
GLYCAtex_f	dha_e	-0.0	-1000.0	0.0	-0.0	Inf
GLYCAtex_f	ppal_e	-0.0	-1000.0	0.0	-0.0	Inf
GLYCAtex_f	h2_e	-0.0	-1000.0	0.0	-0.0	Inf
GLYCAtex_f	dms_e	-0.0	-1000.0	0.0	-0.0	Inf
GLYCAtex_f	dmso_e	-0.0	-1000.0	0.0	-0.0	Inf
GLYCAtex_f	h2o2_e	-0.0	-1000.0	0.0	-0.0	Inf
GLYCAtex_f	psclys_e	-0.0	-1000.0	0.0	-0.0	Inf
GLYCAtex_f	duri_e	-0.0	-1000.0	0.0	-0.0	Inf
GLYCAtex_f	pydx_e	-0.0	-1000.0	0.0	-0.0	Inf
GLYCAtex_f	pydxn_e	-0.0	-1000.0	0.0	-0.0	Inf
GLYCAtex_f	etoh_e	-0.0	-1000.0	0.0	-0.0	Inf
GLYCAtex_f	fald_e	-0.0	0.0	0.0	Inf	Inf
GLYCAtex_f	rib__D_e	-0.0	-1000.0	0.0	-0.0	Inf
GLYCAtex_f	rmn_e	-0.0	-1000.0	0.0	-0.0	Inf
GLYCAtex_f	indole_e	-0.0	-1000.0	0.0	-0.0	Inf
GLYCAtex_f	inost_e	-0.0	-1000.0	0.0	-0.0	Inf
GLYCAtex_f	sbt__D_e	-0.0	-3.1868303411993475	0.0	-0.0	Inf
GLYCAtex_f	k_e	-0.0	-0.08651652428306988	999.9134834757169	-0.0	0.0
GLYCAtex_f	for_e	-0.0	0.0	1.8672446926345596	Inf	0.0
GLYCAtex_f	slnt_e	-0.0	0.0	1000.0	Inf	0.0
GLYCAtex_f	fru_e	-0.0	-1000.0	0.0	-0.0	Inf
GLYCAtex_f	so2_e	-0.0	-1000.0	0.0	-0.0	Inf
GLYCAtex_f	so3_e	-0.0	-1000.0	0.0	-0.0	Inf
GLYCAtex_f	so4_e	-0.0	-0.11178672659010441	999.8882132734099	-0.0	0.0
GLYCAtex_f	lipa_cold_e	-0.0	-1000.0	0.0	-0.0	Inf
GLYCAtex_f	sucr_e	-0.0	-1000.0	0.0	-0.0	Inf
GLYCAtex_f	g3pe_e	-0.0	-1000.0	0.0	-0.0	Inf
GLYCAtex_f	malt_e	-0.0	-1000.0	0.0	-0.0	Inf
GLYCAtex_f	tartr__L_e	-0.0	-1000.0	0.0	-0.0	Inf
GLYCAtex_f	g3pi_e	-0.0	-1000.0	0.0	-0.0	Inf
GLYCAtex_f	malthx_e	-0.0	-1000.0	0.0	-0.0	Inf
GLYCAtex_f	maltpt_e	-0.0	-1000.0	0.0	-0.0	Inf
GLYCAtex_f	gal_e	-0.0	-1000.0	0.0	-0.0	Inf
GLYCAtex_f	gal_bD_e	-0.0	-1000.0	0.0	-0.0	Inf
GLYCAtex_f	malttr_e	-0.0	-1000.0	0.0	-0.0	Inf
GLYCAtex_f	maltttr_e	-0.0	-1000.0	0.0	-0.0	Inf
GLYCAtex_f	man_e	-0.0	-1000.0	0.0	-0.0	Inf
GLYCAtex_f	thym_e	-0.0	-1000.0	0.0	-0.0	Inf
GLYCAtex_f	thymd_e	-0.0	-1000.0	0.0	-0.0	Inf
GLYCAtex_f	galt_e	-0.0	-3.1868303411993475	0.0	-0.0	Inf
GLYCAtex_f	melib_e	-0.0	-1000.0	0.0	-0.0	Inf
GLYCAtex_f	meoh_e	-0.0	-1000.0	0.0	-0.0	Inf
GLYCAtex_f	tmao_e	-0.0	-1000.0	0.0	-0.0	Inf
GLYCAtex_f	tre_e	-0.0	-1000.0	0.0	-0.0	Inf
GLYCAtex_f	metsox_S__L_e	-0.0	-1000.0	0.0	-0.0	Inf
GLYCAtex_f	glc__D_e	-0.0	-1000.0	0.0	-0.0	Inf
GLYCAtex_f	mg2_e	-0.0	-0.0038450705104651206	999.9961549294895	-0.0	0.0
GLYCAtex_f	mnl_e	-0.0	-1000.0	0.0	-0.0	Inf
GLYCAtex_f	mobd_e	-0.0	-5.717741737498727e-05	999.9999428225826	-0.0	0.0
GLYCAtex_f	glyald_e	-0.0	-1000.0	0.0	-0.0	Inf
GLYCAtex_f	n2o_e	-0.0	-1000.0	0.0	-0.0	Inf
GLYCAtex_f	na1_e	-0.0	-1000.0	0.0	-0.0	Inf
GLYCAtex_f	nac_e	-0.0	-1000.0	0.0	-0.0	Inf
GLYCAtex_f	ni2_e	-0.0	-0.00014316516137569124	999.9998568348386	-0.0	0.0
GLYCAtex_f	no_e	-0.0	-1000.0	0.0	-0.0	Inf
GLYCAtex_f	no2_e	-0.0	-1000.0	0.0	-0.0	Inf
GLYCAtex_f	ura_e	-0.0	-1000.0	0.0	-0.0	Inf
GLYCAtex_f	no3_e	-0.0	-1000.0	0.0	-0.0	Inf
GLYCAtex_f	urea_e	-0.0	-1000.0	0.0	-0.0	Inf
GLYCAtex_f	novbcn_e	-0.0	-1000.0	0.0	-0.0	Inf
GLYCAtex_f	uri_e	-0.0	-1000.0	0.0	-0.0	Inf
GLYCAtex_f	o2_e	-0.0	-15.860097103240037	984.13990289676	-0.0	0.0
GLYCAtex_f	xan_e	-0.0	0.0	0.0	Inf	Inf
GLYCAtex_f	xtsn_e	-0.0	-1000.0	0.0	-0.0	Inf
GLYCAtex_f	xyl__D_e	-0.0	-1000.0	0.0	-0.0	Inf
GLYCAtex_f	xylu__L_e	-0.0	-1000.0	0.0	-0.0	Inf
GLYCAtex_f	pacald_e	-0.0	-1000.0	0.0	-0.0	Inf
GLYCAtex_f	12dgr120_p	-0.0	0.0	0.0	Inf	Inf
GLYCAtex_f	12dgr140_p	-0.0	0.0	0.0	Inf	Inf
GLYCAtex_f	12dgr160_p	-0.0	-0.028284648940257284	0.0	-0.0	Inf
GLYCAtex_f	12dgr180_p	-0.0	0.0	0.0	Inf	Inf
GLYCAtex_f	12ppd__R_p	-0.0	-1000.0	0.0	-0.0	Inf
GLYCAtex_f	12ppd__S_p	-0.0	0.0	0.0	Inf	Inf
GLYCAtex_f	chol_p	-0.0	-1000.0	0.0	-0.0	Inf
GLYCAtex_f	cl_p	-0.0	-0.002307042306256335	999.9976929576937	-0.0	0.0
GLYCAtex_f	34dhpac_p	-0.0	-1000.0	0.0	-0.0	Inf
GLYCAtex_f	cm_p	-0.0	0.0	0.0	Inf	Inf
GLYCAtex_f	4hoxpacd_p	-0.0	-1000.0	0.0	-0.0	Inf
GLYCAtex_f	co2_p	-0.0	-978.1940820365478	21.805917963452202	-0.0	0.0
GLYCAtex_f	5mtr_p	-0.0	0.0	0.0	Inf	Inf
GLYCAtex_f	LalaDgluMdap_p	-0.0	-0.01231663623582056	0.0	-0.0	Inf
GLYCAtex_f	gal_p	-0.0	-1000.0	0.0	-0.0	Inf
GLYCAtex_f	ac_p	-0.0	-1.8672446926345596	0.0	-0.0	Inf
GLYCAtex_f	crn_p	-0.0	-1000.0	0.0	-0.0	Inf
GLYCAtex_f	gal_bD_p	-0.0	-1000.0	0.0	-0.0	Inf
GLYCAtex_f	acald_p	-0.0	-1000.0	0.0	-0.0	Inf
GLYCAtex_f	acgal_p	-0.0	-1000.0	0.0	-0.0	Inf
GLYCAtex_f	csn_p	-0.0	0.0	0.0	Inf	Inf
GLYCAtex_f	acgam_p	-0.0	-1000.0	0.0	-0.0	Inf
GLYCAtex_f	galt_p	-0.0	-3.1868303411993475	0.0	-0.0	Inf
GLYCAtex_f	acmana_p	-0.0	-1000.0	0.0	-0.0	Inf
GLYCAtex_f	cyan_p	-0.0	0.0	0.0	Inf	Inf
GLYCAtex_f	ade_p	-0.0	-1000.0	0.0	-0.0	Inf
GLYCAtex_f	adn_p	-0.0	0.0	0.0002965247459969755	Inf	0.0
GLYCAtex_f	cytd_p	-0.0	0.0	0.0	Inf	Inf
GLYCAtex_f	glc__D_p	-0.0	-1000.0	0.0	-0.0	Inf
GLYCAtex_f	dad_2_p	-0.0	-1000.0	0.0	-0.0	Inf
GLYCAtex_f	dcyt_p	-0.0	-1000.0	0.0	-0.0	Inf
GLYCAtex_f	all__D_p	-0.0	0.0	0.0	Inf	Inf
GLYCAtex_f	alltn_p	-0.0	0.0	0.0	Inf	Inf
GLYCAtex_f	dha_p	-0.0	-1000.0	0.0	-0.0	Inf
GLYCAtex_f	glyald_p	-0.0	-1000.0	0.0	-0.0	Inf
GLYCAtex_f	glyb_p	0.0	0.0	0.0	Inf	Inf
GLYCAtex_f	dms_p	-0.0	-1000.0	0.0	-0.0	Inf
GLYCAtex_f	glyc_p	-0.0	-77.81877553130526	0.0	-0.0	Inf
GLYCAtex_f	dmso_p	-0.0	-1000.0	0.0	-0.0	Inf
GLYCAtex_f	arab__L_p	-0.0	0.0	0.0	Inf	Inf
GLYCAtex_f	arbt_p	0.0	0.0	0.0	Inf	Inf
GLYCAtex_f	ca2_p	-0.0	-0.002307042306256335	999.9976929576937	-0.0	0.0
GLYCAtex_f	duri_p	-0.0	-1000.0	0.0	-0.0	Inf
GLYCAtex_f	h2_p	-0.0	-1000.0	0.0	-0.0	Inf
GLYCAtex_f	h2o2_p	-0.0	-1000.0	0.0	-0.0	Inf
GLYCAtex_f	etoh_p	-0.0	-1000.0	0.0	-0.0	Inf
GLYCAtex_f	fald_p	-0.0	0.0	0.0	Inf	Inf
GLYCAtex_f	n2o_p	-0.0	-1000.0	0.0	-0.0	Inf
GLYCAtex_f	na1_p	-0.0	-1000.0	0.0	-0.0	Inf
GLYCAtex_f	indole_p	-0.0	0.0	0.11377389614806738	Inf	0.0
GLYCAtex_f	nac_p	-0.0	-1000.0	0.0	-0.0	Inf
GLYCAtex_f	ni2_p	-0.0	-0.00014316516137569124	999.9998568348386	-0.0	0.0
GLYCAtex_f	inost_p	-0.0	-1000.0	0.0	-0.0	Inf
GLYCAtex_f	no_p	-0.0	-1000.0	0.0	-0.0	Inf
GLYCAtex_f	no2_p	-0.0	-1000.0	0.0	-0.0	Inf
GLYCAtex_f	for_p	-0.0	0.0	1.8672446926345596	Inf	0.0
GLYCAtex_f	fru_p	-0.0	-1000.0	0.0	-0.0	Inf
GLYCAtex_f	no3_p	-0.0	0.0	0.0	Inf	Inf
GLYCAtex_f	k_p	-0.0	-0.08651652428306988	999.9134834757169	-0.0	0.0
GLYCAtex_f	novbcn_p	-0.0	0.0	0.0	Inf	Inf
GLYCAtex_f	o2_p	-0.0	-15.860097103240037	984.13990289676	-0.0	0.0
GLYCAtex_f	lipa_cold_p	-0.0	-3.925199417108323	0.0	-0.0	Inf
GLYCAtex_f	g3pe_p	-0.0	0.0	0.0	Inf	Inf
GLYCAtex_f	g3pi_p	-0.0	0.0	0.0	Inf	Inf
GLYCAtex_f	so3_p	-0.0	-1000.0	0.0	-0.0	Inf
GLYCAtex_f	so4_p	-0.0	-0.11178672659010441	999.8882132734099	-0.0	0.0
GLYCAtex_f	malt_p	0.0	0.0	0.0	Inf	Inf
GLYCAtex_f	malthx_p	0.0	0.0	0.0	Inf	Inf
GLYCAtex_f	maltpt_p	0.0	0.0	0.0	Inf	Inf
GLYCAtex_f	sucr_p	-0.0	-1000.0	0.0	-0.0	Inf
GLYCAtex_f	malttr_p	0.0	0.0	0.0	Inf	Inf
GLYCAtex_f	maltttr_p	0.0	0.0	0.0	Inf	Inf
GLYCAtex_f	pacald_p	-0.0	-1000.0	0.0	-0.0	Inf
GLYCAtex_f	man_p	-0.0	-1000.0	0.0	-0.0	Inf
GLYCAtex_f	tartr__L_p	-0.0	-1000.0	0.0	-0.0	Inf
GLYCAtex_f	pe120_p	-0.0	0.0	0.0	Inf	Inf
GLYCAtex_f	melib_p	-0.0	-1000.0	0.0	-0.0	Inf
GLYCAtex_f	meoh_p	-0.0	-1000.0	0.0	-0.0	Inf
GLYCAtex_f	thym_p	-0.0	-1000.0	0.0	-0.0	Inf
GLYCAtex_f	thymd_p	-0.0	0.0	0.0	Inf	Inf
GLYCAtex_f	pg120_p	-0.0	0.0	0.0	Inf	Inf
GLYCAtex_f	metsox_S__L_p	-0.0	-1000.0	0.0	-0.0	Inf
GLYCAtex_f	tmao_p	-0.0	-1000.0	0.0	-0.0	Inf
GLYCAtex_f	mg2_p	-0.0	-0.0038450705104651206	999.9961549294895	-0.0	0.0
GLYCAtex_f	tre_p	-0.0	0.0	0.0	Inf	Inf
GLYCAtex_f	mnl_p	-0.0	0.0	0.0	Inf	Inf
GLYCAtex_f	mobd_p	-0.0	-5.717741737498727e-05	999.9999428225826	-0.0	0.0
GLYCAtex_f	ura_p	-0.0	-1000.0	0.0	-0.0	Inf
GLYCAtex_f	urea_p	-0.0	-1000.0	0.0	-0.0	Inf
GLYCAtex_f	uri_p	-0.0	0.0	0.0	Inf	Inf
GLYCAtex_f	xan_p	-0.0	0.0	0.0	Inf	Inf
GLYCAtex_f	xtsn_p	-0.0	0.0	0.0	Inf	Inf
GLYCAtex_f	xyl__D_p	-0.0	-1000.0	0.0	-0.0	Inf
GLYCAtex_f	xylu__L_p	-0.0	0.0	0.0	Inf	Inf
GLYCAtex_f	ppal_p	-0.0	0.0	0.0	Inf	Inf
GLYCAtex_f	psclys_p	-0.0	-1000.0	0.0	-0.0	Inf
GLYCAtex_f	pydx_p	-0.0	0.0	0.0	Inf	Inf
GLYCAtex_f	pydxn_p	-0.0	0.0	0.0	Inf	Inf
GLYCAtex_f	rib__D_p	-0.0	-1000.0	0.0	-0.0	Inf
GLYCAtex_f	rmn_p	-0.0	-1000.0	0.0	-0.0	Inf
GLYCAtex_f	sbt__D_p	-0.0	-3.1868303411993475	0.0	-0.0	Inf
GLYCAtex_f	slnt_p	-0.0	0.0	0.0	Inf	Inf
GLYCAtex_f	so2_p	-0.0	-1000.0	0.0	-0.0	Inf
