Reaction	Metabolite	ShadowPrice	G-	G+	DecrementalShadowPrice	IncrementalShadowPrice
FCLPA_f	12dgr120_c	-0.0	0.0	0.0	Inf	Inf
FCLPA_f	12dgr140_c	-0.0	0.0	0.0	Inf	Inf
FCLPA_f	12dgr160_c	-0.0	-0.014197273745537586	0.0	-0.0	Inf
FCLPA_f	12dgr180_c	-0.0	0.0	0.0	Inf	Inf
FCLPA_f	12ppd__R_c	-0.0	-1000.0	0.0	-0.0	Inf
FCLPA_f	12ppd__S_c	-0.0	0.0	0.0	Inf	Inf
FCLPA_f	5drib_c	-0.0	-999.999950387187	4.961281294476687e-05	-0.0	0.0
FCLPA_f	5mta_c	-0.0	0.0	0.0	Inf	Inf
FCLPA_f	23dhacoa_c	-0.0	-0.00012814789533877047	0.0	-0.0	Inf
FCLPA_f	5mtr_c	-0.0	0.0	0.0	Inf	Inf
FCLPA_f	3amac_c	-0.0	-1.5133719714852987	0.0	-0.0	Inf
FCLPA_f	LalaDgluMdap_c	-0.0	-0.006182245946677945	0.0	-0.0	Inf
FCLPA_f	ac_c	-0.0	-37.54891740222191	0.9126210593165497	-0.0	0.0
FCLPA_f	acald_c	-0.0	-24.81565070018678	0.659115209506397	-0.0	0.0
FCLPA_f	acetol_c	-0.0	0.0	0.0003121380115881355	Inf	0.0
FCLPA_f	acgam_c	-0.0	-0.021021594033711434	0.0	-0.0	Inf
FCLPA_f	acgam6p_c	-0.0	-0.021021594033711434	0.0	-0.0	Inf
FCLPA_f	acmalt_c	0.0	0.0	0.0	Inf	Inf
FCLPA_f	acmana_c	-0.0	-0.021021594033711434	0.0	-0.0	Inf
FCLPA_f	2dmmq8_c	-0.0	0.0	0.0	Inf	Inf
FCLPA_f	2dmmql8_c	0.0	0.0	0.0	Inf	Inf
FCLPA_f	ade_c	-0.0	-0.02429537225293643	0.0001488384388343006	-0.0	0.0
FCLPA_f	adn_c	-0.0	0.0	0.0001488384388343006	Inf	0.0
FCLPA_f	3sala_c	0.0	0.0	0.0	Inf	Inf
FCLPA_f	adphep_DD_c	-0.0	0.0	0.0	Inf	Inf
FCLPA_f	adphep_LD_c	-0.0	0.0	0.0	Inf	Inf
FCLPA_f	4ahmmp_c	0.0	0.0	0.0	Inf	Inf
FCLPA_f	4crsol_c	-0.0	-999.999950387187	4.961281294476687e-05	-0.0	0.0
FCLPA_f	2ohph_c	-0.0	-4.961281294476687e-05	0.022272979545272485	-0.0	0.0
FCLPA_f	2ombzl_c	-0.0	0.0	0.0	Inf	Inf
FCLPA_f	2omhmbl_c	-0.0	0.0	0.0	Inf	Inf
FCLPA_f	2ommbl_c	0.0	0.0	0.0	Inf	Inf
FCLPA_f	2omph_c	-0.0	0.0	0.019931245310567235	Inf	0.0
FCLPA_f	4mhetz_c	0.0	0.0	0.0	Inf	Inf
FCLPA_f	2oph_c	-0.0	-4.961281294476687e-05	0.022293906240742522	-0.0	0.0
FCLPA_f	2oxpaccoa_c	-0.0	-0.00012814789533877047	0.0	-0.0	Inf
FCLPA_f	all__D_c	-0.0	-0.19367032678286478	0.0	-0.0	Inf
FCLPA_f	alltn_c	-0.0	-0.600738302899174	0.0	-0.0	Inf
FCLPA_f	4r5au_c	-0.0	-9.922562705419007e-05	0.13133661001234478	-0.0	0.0
FCLPA_f	56dura_c	0.0	0.0	0.0	Inf	Inf
FCLPA_f	arab__L_c	-0.0	-0.13171222929838677	0.0	-0.0	Inf
FCLPA_f	etoh_c	-0.0	-1000.0	0.0	-0.0	Inf
FCLPA_f	csn_c	-0.0	0.0	0.0	Inf	Inf
FCLPA_f	fald_c	-0.0	0.0	0.0	Inf	Inf
FCLPA_f	fc1p_c	-0.0	-0.21461012271436175	0.0	-0.0	Inf
FCLPA_f	fcl__L_c	-0.0	0.0	0.0	Inf	Inf
FCLPA_f	aso4_c	0.0	0.0	0.0	Inf	Inf
FCLPA_f	cyan_c	0.0	0.0	0.0	Inf	Inf
FCLPA_f	athtp_c	0.0	0.0	0.0	Inf	Inf
FCLPA_f	cytd_c	-0.0	-0.03571343855583792	0.0	-0.0	Inf
FCLPA_f	dad_2_c	-0.0	0.0	0.0	Inf	Inf
FCLPA_f	dad_5_c	-0.0	-0.02429537225293643	4.961281294476687e-05	-0.0	0.0
FCLPA_f	betald_c	0.0	0.0	0.0	Inf	Inf
FCLPA_f	btal_c	-0.0	-7.955813279780386	0.0	-0.0	Inf
FCLPA_f	for_c	-0.0	-0.02429537225293643	0.0005457409459356938	-0.0	0.0
FCLPA_f	dcyt_c	-0.0	-0.005821385038173856	0.0	-0.0	Inf
FCLPA_f	fru_c	-0.0	-0.19367032678286478	0.0	-0.0	Inf
FCLPA_f	ca2_c	-0.0	-0.0011580031003859403	976.2718524577697	-0.0	0.0
FCLPA_f	g3pe_c	-0.0	-0.030930807883789456	0.0	-0.0	Inf
FCLPA_f	g3pi_c	0.0	0.0	0.0	Inf	Inf
FCLPA_f	cbm_c	-0.0	-2.402953211596696	0.0	-0.0	Inf
FCLPA_f	dha_c	-0.0	-0.19367032678286478	0.0	-0.0	Inf
FCLPA_f	gal_c	-0.0	0.0	0.0	Inf	Inf
FCLPA_f	dhgly_c	-0.0	-4.961281294476687e-05	0.0844418062001078	-0.0	0.0
FCLPA_f	dhmptp_c	0.0	0.0	0.0	Inf	Inf
FCLPA_f	gcald_c	-0.0	-1.760578338052576	0.0001488384388835945	-0.0	0.0
FCLPA_f	dhptd_c	-0.0	-16.743221846548863	9.922562588953374e-05	-0.0	0.0
FCLPA_f	cechddd_c	-0.0	0.0	0.0	Inf	Inf
FCLPA_f	dhptdn_c	0.0	0.0	0.0	Inf	Inf
FCLPA_f	chol_c	0.0	0.0	0.0	Inf	Inf
FCLPA_f	chtbs6p_c	-0.0	0.0	0.0	Inf	Inf
FCLPA_f	dmbzid_c	0.0	0.0	0.0	Inf	Inf
FCLPA_f	dms_c	0.0	0.0	0.0	Inf	Inf
FCLPA_f	dmso_c	0.0	0.0	0.0	Inf	Inf
FCLPA_f	cl_c	-0.0	-0.0011580031003475856	999.9988419968996	-0.0	0.0
FCLPA_f	glc__D_c	-0.0	-0.19367032678286478	0.0	-0.0	Inf
FCLPA_f	co2_c	-0.0	-989.132387104006	10.867612895993943	-0.0	0.0
FCLPA_f	dscl_c	-0.0	-4.961281294476687e-05	0.026325607480285083	-0.0	0.0
FCLPA_f	dtdp4aaddg_c	-0.0	0.0	0.0	Inf	Inf
FCLPA_f	glyald_c	-0.0	-1000.0	0.0	-0.0	Inf
FCLPA_f	crn_c	-0.0	-976.2718524577697	0.0	-0.0	Inf
FCLPA_f	duri_c	-0.0	-0.005821385038173856	0.0	-0.0	Inf
FCLPA_f	glyb_c	0.0	0.0	0.0	Inf	Inf
FCLPA_f	glyc_c	-0.0	-0.19367032678286478	0.0	-0.0	Inf
FCLPA_f	dxyl_c	0.0	0.0	0.0	Inf	Inf
FCLPA_f	glycogen_c	-0.0	0.0	0.0	Inf	Inf
FCLPA_f	gmhep1p_c	-0.0	0.0	0.13171222929838675	Inf	0.0
FCLPA_f	lipa_cold_c	-0.0	0.0	0.0	Inf	Inf
FCLPA_f	lipidA_c	-0.0	-0.004328551070178163	0.01694867681587878	-0.0	0.0
FCLPA_f	malt_c	0.0	0.0	0.0	Inf	Inf
FCLPA_f	h2_c	-0.0	0.0	0.0	Inf	Inf
FCLPA_f	malthx_c	-0.0	0.0	0.0	Inf	Inf
FCLPA_f	maltpt_c	-0.0	0.0	0.0	Inf	Inf
FCLPA_f	malttr_c	-0.0	0.0	0.0	Inf	Inf
FCLPA_f	maltttr_c	-0.0	0.0	0.0	Inf	Inf
FCLPA_f	h2o2_c	-0.0	-0.0003121380115881355	3.389735363175756	-0.0	0.0
FCLPA_f	man_c	-0.0	0.0	0.0	Inf	Inf
FCLPA_f	mdhdhf_c	-0.0	-16.743221846548863	9.922562588953374e-05	-0.0	0.0
FCLPA_f	melib_c	-0.0	0.0	0.0	Inf	Inf
FCLPA_f	meoh_c	-0.0	-1000.0	0.0	-0.0	Inf
FCLPA_f	pacald_c	-0.0	-976.2718524577697	0.0	-0.0	Inf
FCLPA_f	metsox_S__L_c	-0.0	-0.02429537225293643	0.0	-0.0	Inf
FCLPA_f	mg2_c	-0.0	-0.0019300051671962137	488.13592622888484	-0.0	0.0
FCLPA_f	hhlipa_c	-0.0	0.0	0.0	Inf	Inf
FCLPA_f	pe120_c	-0.0	0.0	0.0	Inf	Inf
FCLPA_f	mobd_c	-0.0	-2.869978865414765e-05	5.932036885557573	-0.0	0.0
FCLPA_f	hlipa_c	-0.0	0.0	0.0	Inf	Inf
FCLPA_f	pg120_c	-0.0	-0.01731420428071265	0.0	-0.0	Inf
FCLPA_f	mql8_c	0.0	0.0	0.0	Inf	Inf
FCLPA_f	mqn8_c	-0.0	0.0	0.0	Inf	Inf
FCLPA_f	mthgxl_c	-0.0	0.0	0.0003121380115881355	Inf	0.0
FCLPA_f	hqn_c	0.0	0.0	0.0	Inf	Inf
FCLPA_f	mththf_c	-0.0	-999.999900774374	9.922562588953374e-05	-0.0	0.0
FCLPA_f	n2o_c	-0.0	-1000.0	0.0	-0.0	Inf
FCLPA_f	na1_c	-0.0	0.0	0.0	Inf	Inf
FCLPA_f	nac_c	-0.0	0.0	0.0	Inf	Inf
FCLPA_f	ncam_c	-0.0	0.0	0.0	Inf	Inf
FCLPA_f	ni2_c	-0.0	-7.186071112627667e-05	999.9999281392888	-0.0	0.0
FCLPA_f	no_c	-0.0	-1000.0	0.0	-0.0	Inf
FCLPA_f	indole_c	-0.0	-0.012646372763315619	0.1303744370452214	-0.0	0.0
FCLPA_f	no2_c	-0.0	-976.2718524577697	0.0	-0.0	Inf
FCLPA_f	no3_c	0.0	0.0	0.0	Inf	Inf
FCLPA_f	inost_c	0.0	0.0	0.0	Inf	Inf
FCLPA_f	o2_c	-0.0	-10.39286499669879	989.6071350033012	-0.0	0.0
FCLPA_f	poaac_c	-0.0	-1.5133719714852987	0.0	-0.0	Inf
FCLPA_f	ppal_c	-0.0	0.0	0.0	Inf	Inf
FCLPA_f	k_c	-0.0	-0.04342633989743444	23.728147542230293	-0.0	0.0
FCLPA_f	psclys_c	-0.0	0.0	0.0	Inf	Inf
FCLPA_f	lald__D_c	-0.0	0.0	0.0003121380115881355	Inf	0.0
FCLPA_f	lald__L_c	-0.0	-0.6317081558430573	0.0	-0.0	Inf
FCLPA_f	ura_c	-0.0	0.0	0.0	Inf	Inf
FCLPA_f	pydx_c	-0.0	0.0	0.0003121380115881355	Inf	0.0
FCLPA_f	uracp_c	-0.0	-1.201476605798348	0.0	-0.0	Inf
FCLPA_f	pydxn_c	-0.0	0.0	0.13171222929838677	Inf	0.0
FCLPA_f	urate_c	-0.0	-0.0003121380115881355	0.0	-0.0	Inf
FCLPA_f	q8_c	0.0	0.0	0.0	Inf	Inf
FCLPA_f	q8h2_c	-0.0	0.0	0.0	Inf	Inf
FCLPA_f	urea_c	-0.0	-1000.0	0.0	-0.0	Inf
FCLPA_f	uri_c	-0.0	0.0	0.1640194530568914	Inf	0.0
FCLPA_f	rbflvrd_c	-0.0	0.0	0.012147686126468216	Inf	0.0
FCLPA_f	rbl__L_c	-0.0	-0.13171222929838677	0.0	-0.0	Inf
FCLPA_f	rdmbzi_c	0.0	0.0	0.0	Inf	Inf
FCLPA_f	thptdn_c	0.0	0.0	0.0	Inf	Inf
FCLPA_f	xan_c	-0.0	0.0	0.0	Inf	Inf
FCLPA_f	rephaccoa_c	-0.0	-0.00012814789533877047	0.0	-0.0	Inf
FCLPA_f	rib__D_c	-0.0	0.0	0.25885251864251224	Inf	0.0
FCLPA_f	xtsn_c	-0.0	0.0	0.0	Inf	Inf
FCLPA_f	rml_c	-0.0	-0.22510794178712748	0.0	-0.0	Inf
FCLPA_f	thym_c	-0.0	-23.728147542230293	0.0	-0.0	Inf
FCLPA_f	thymd_c	-0.0	-0.005821385038173856	0.0	-0.0	Inf
FCLPA_f	xu5p__L_c	-0.0	-0.13171222929838677	0.0	-0.0	Inf
FCLPA_f	rmn_c	-0.0	-0.22510794178712748	0.0	-0.0	Inf
FCLPA_f	xyl__D_c	0.0	0.0	0.0	Inf	Inf
FCLPA_f	tmao_c	0.0	0.0	0.0	Inf	Inf
FCLPA_f	xylu__D_c	-0.0	0.0	0.0	Inf	Inf
FCLPA_f	xylu__L_c	-0.0	-0.13171222929838677	0.0	-0.0	Inf
FCLPA_f	12ppd__R_e	-0.0	-1000.0	0.0	-0.0	Inf
FCLPA_f	12ppd__S_e	-0.0	-1000.0	0.0	-0.0	Inf
FCLPA_f	tre_c	-0.0	-0.09683516339143239	0.0	-0.0	Inf
FCLPA_f	seln_c	0.0	0.0	0.0	Inf	Inf
FCLPA_f	34dhpac_e	-0.0	-1000.0	0.0	-0.0	Inf
FCLPA_f	slnt_c	0.0	0.0	0.0	Inf	Inf
FCLPA_f	so2_c	0.0	0.0	0.0	Inf	Inf
FCLPA_f	so3_c	-0.0	-0.05514542026646915	1.1864073771115147	-0.0	0.0
FCLPA_f	so4_c	-0.0	-0.056110534089583046	23.728147542230293	-0.0	0.0
FCLPA_f	4hoxpacd_e	-0.0	-1000.0	0.0	-0.0	Inf
FCLPA_f	5mtr_e	-0.0	0.0	0.0	Inf	Inf
FCLPA_f	LalaDgluMdap_e	-0.0	-1000.0	0.0	-0.0	Inf
FCLPA_f	ac_e	-0.0	-39.050874098310786	0.9491259016892117	-0.0	0.0
FCLPA_f	acald_e	-0.0	-1000.0	0.0	-0.0	Inf
FCLPA_f	acgal_e	-0.0	-1000.0	0.0	-0.0	Inf
FCLPA_f	acgam_e	-0.0	-1000.0	0.0	-0.0	Inf
FCLPA_f	acmana_e	-0.0	-1000.0	0.0	-0.0	Inf
FCLPA_f	tagur_c	-0.0	0.0	0.0	Inf	Inf
FCLPA_f	tartr__L_c	-0.0	-1.760578338052576	0.0	-0.0	Inf
FCLPA_f	ade_e	-0.0	-1000.0	0.0	-0.0	Inf
FCLPA_f	adn_e	-0.0	-1000.0	0.0	-0.0	Inf
FCLPA_f	all__D_e	-0.0	-1000.0	0.0	-0.0	Inf
FCLPA_f	cl_e	-0.0	-0.0011580031003859403	999.9988419968996	-0.0	0.0
FCLPA_f	alltn_e	-0.0	0.0	0.0	Inf	Inf
FCLPA_f	cm_e	-0.0	-1000.0	0.0	-0.0	Inf
FCLPA_f	co2_e	-0.0	-989.132387104006	10.867612895993943	-0.0	0.0
FCLPA_f	arab__L_e	-0.0	-1000.0	0.0	-0.0	Inf
FCLPA_f	arbt_e	-0.0	-1000.0	0.0	-0.0	Inf
FCLPA_f	unagamu_c	-0.0	0.0	0.01522010746775516	Inf	0.0
FCLPA_f	crn_e	-0.0	-1000.0	0.0	-0.0	Inf
FCLPA_f	csn_e	-0.0	-1000.0	0.0	-0.0	Inf
FCLPA_f	cyan_e	-0.0	-1000.0	0.0	-0.0	Inf
FCLPA_f	glyb_e	-0.0	-1000.0	0.0	-0.0	Inf
FCLPA_f	glyc_e	-0.0	-1000.0	0.0	-0.0	Inf
FCLPA_f	cytd_e	-0.0	-1000.0	0.0	-0.0	Inf
FCLPA_f	ca2_e	-0.0	-0.0011580031003859403	999.9988419968996	-0.0	0.0
FCLPA_f	dad_2_e	-0.0	-1000.0	0.0	-0.0	Inf
FCLPA_f	dcyt_e	-0.0	-1000.0	0.0	-0.0	Inf
FCLPA_f	chol_e	-0.0	-1000.0	0.0	-0.0	Inf
FCLPA_f	dha_e	-0.0	-1000.0	0.0	-0.0	Inf
FCLPA_f	ppal_e	-0.0	-1000.0	0.0	-0.0	Inf
FCLPA_f	h2_e	-0.0	-1000.0	0.0	-0.0	Inf
FCLPA_f	dms_e	-0.0	-1000.0	0.0	-0.0	Inf
FCLPA_f	dmso_e	-0.0	-1000.0	0.0	-0.0	Inf
FCLPA_f	h2o2_e	-0.0	-1000.0	0.0	-0.0	Inf
FCLPA_f	psclys_e	-0.0	-1000.0	0.0	-0.0	Inf
FCLPA_f	duri_e	-0.0	-1000.0	0.0	-0.0	Inf
FCLPA_f	pydx_e	-0.0	-1000.0	0.0	-0.0	Inf
FCLPA_f	pydxn_e	-0.0	-1000.0	0.0	-0.0	Inf
FCLPA_f	etoh_e	-0.0	-1000.0	0.0	-0.0	Inf
FCLPA_f	fald_e	-0.0	0.0	0.0	Inf	Inf
FCLPA_f	rib__D_e	-0.0	-1000.0	0.0	-0.0	Inf
FCLPA_f	rmn_e	-0.0	-1000.0	0.0	-0.0	Inf
FCLPA_f	indole_e	-0.0	-1000.0	0.0	-0.0	Inf
FCLPA_f	inost_e	-0.0	-1000.0	0.0	-0.0	Inf
FCLPA_f	sbt__D_e	-0.0	-0.19367032678286478	0.0	-0.0	Inf
FCLPA_f	k_e	-0.0	-0.043426339897450816	999.9565736601025	-0.0	0.0
FCLPA_f	for_e	-0.0	0.0	0.0005457409459356938	Inf	0.0
FCLPA_f	slnt_e	-0.0	0.0	1000.0	Inf	0.0
FCLPA_f	fru_e	-0.0	-1000.0	0.0	-0.0	Inf
FCLPA_f	so2_e	-0.0	-1000.0	0.0	-0.0	Inf
FCLPA_f	so3_e	-0.0	-1000.0	0.0	-0.0	Inf
FCLPA_f	so4_e	-0.0	-0.056110534089611974	999.9438894659104	-0.0	0.0
FCLPA_f	lipa_cold_e	-0.0	-1000.0	0.0	-0.0	Inf
FCLPA_f	sucr_e	-0.0	-1000.0	0.0	-0.0	Inf
FCLPA_f	g3pe_e	-0.0	-1000.0	0.0	-0.0	Inf
FCLPA_f	malt_e	-0.0	-1000.0	0.0	-0.0	Inf
FCLPA_f	tartr__L_e	-0.0	-1000.0	0.0	-0.0	Inf
FCLPA_f	g3pi_e	-0.0	-1000.0	0.0	-0.0	Inf
FCLPA_f	malthx_e	-0.0	-1000.0	0.0	-0.0	Inf
FCLPA_f	maltpt_e	-0.0	-1000.0	0.0	-0.0	Inf
FCLPA_f	gal_e	-0.0	-1000.0	0.0	-0.0	Inf
FCLPA_f	gal_bD_e	-0.0	-1000.0	0.0	-0.0	Inf
FCLPA_f	malttr_e	-0.0	-1000.0	0.0	-0.0	Inf
FCLPA_f	maltttr_e	-0.0	-1000.0	0.0	-0.0	Inf
FCLPA_f	man_e	-0.0	-1000.0	0.0	-0.0	Inf
FCLPA_f	thym_e	-0.0	-1000.0	0.0	-0.0	Inf
FCLPA_f	thymd_e	-0.0	-1000.0	0.0	-0.0	Inf
FCLPA_f	galt_e	-0.0	-0.22510794178712748	0.0	-0.0	Inf
FCLPA_f	melib_e	-0.0	-1000.0	0.0	-0.0	Inf
FCLPA_f	meoh_e	-0.0	-1000.0	0.0	-0.0	Inf
FCLPA_f	tmao_e	-0.0	-1000.0	0.0	-0.0	Inf
FCLPA_f	tre_e	-0.0	-1000.0	0.0	-0.0	Inf
FCLPA_f	metsox_S__L_e	-0.0	-1000.0	0.0	-0.0	Inf
FCLPA_f	glc__D_e	-0.0	-1000.0	0.0	-0.0	Inf
FCLPA_f	mg2_e	-0.0	-0.0019300051671962137	999.9980699948328	-0.0	0.0
FCLPA_f	mnl_e	-0.0	-1000.0	0.0	-0.0	Inf
FCLPA_f	mobd_e	-0.0	-2.8699788686026295e-05	999.9999713002113	-0.0	0.0
FCLPA_f	glyald_e	-0.0	-1000.0	0.0	-0.0	Inf
FCLPA_f	n2o_e	-0.0	-1000.0	0.0	-0.0	Inf
FCLPA_f	na1_e	-0.0	0.0	1000.0	Inf	0.0
FCLPA_f	nac_e	-0.0	-1000.0	0.0	-0.0	Inf
FCLPA_f	ni2_e	-0.0	-7.18607111593883e-05	999.9999281392888	-0.0	0.0
FCLPA_f	no_e	-0.0	-1000.0	0.0	-0.0	Inf
FCLPA_f	no2_e	-0.0	-1000.0	0.0	-0.0	Inf
FCLPA_f	ura_e	-0.0	-1000.0	0.0	-0.0	Inf
FCLPA_f	no3_e	-0.0	-1000.0	0.0	-0.0	Inf
FCLPA_f	urea_e	-0.0	-1000.0	0.0	-0.0	Inf
FCLPA_f	novbcn_e	-0.0	-1000.0	0.0	-0.0	Inf
FCLPA_f	uri_e	-0.0	-1000.0	0.0	-0.0	Inf
FCLPA_f	o2_e	-0.0	-10.39286499669879	989.6071350033012	-0.0	0.0
FCLPA_f	xan_e	-0.0	0.0	0.0	Inf	Inf
FCLPA_f	xtsn_e	-0.0	-1000.0	0.0	-0.0	Inf
FCLPA_f	xyl__D_e	-0.0	-1000.0	0.0	-0.0	Inf
FCLPA_f	xylu__L_e	-0.0	-1000.0	0.0	-0.0	Inf
FCLPA_f	pacald_e	-0.0	-1000.0	0.0	-0.0	Inf
FCLPA_f	12dgr120_p	-0.0	0.0	0.0	Inf	Inf
FCLPA_f	12dgr140_p	-0.0	0.0	0.0	Inf	Inf
FCLPA_f	12dgr160_p	-0.0	-0.014197273745537586	0.0	-0.0	Inf
FCLPA_f	12dgr180_p	-0.0	0.0	0.0	Inf	Inf
FCLPA_f	12ppd__R_p	-0.0	-1000.0	0.0	-0.0	Inf
FCLPA_f	12ppd__S_p	-0.0	0.0	0.0	Inf	Inf
FCLPA_f	chol_p	-0.0	-1000.0	0.0	-0.0	Inf
FCLPA_f	cl_p	-0.0	-0.0011580031003859403	999.9988419968996	-0.0	0.0
FCLPA_f	34dhpac_p	-0.0	-1000.0	0.0	-0.0	Inf
FCLPA_f	cm_p	-0.0	0.0	0.0	Inf	Inf
FCLPA_f	4hoxpacd_p	-0.0	-1000.0	0.0	-0.0	Inf
FCLPA_f	co2_p	-0.0	-989.132387104006	10.867612895993943	-0.0	0.0
FCLPA_f	5mtr_p	-0.0	0.0	0.0	Inf	Inf
FCLPA_f	LalaDgluMdap_p	-0.0	-0.006182245946677945	0.0	-0.0	Inf
FCLPA_f	gal_p	-0.0	-1000.0	0.0	-0.0	Inf
FCLPA_f	ac_p	-0.0	-39.050874098310786	0.9491259016892117	-0.0	0.0
FCLPA_f	crn_p	-0.0	-1000.0	0.0	-0.0	Inf
FCLPA_f	gal_bD_p	-0.0	-1000.0	0.0	-0.0	Inf
FCLPA_f	acald_p	-0.0	-1000.0	0.0	-0.0	Inf
FCLPA_f	acgal_p	-0.0	-1000.0	0.0	-0.0	Inf
FCLPA_f	csn_p	-0.0	0.0	0.0	Inf	Inf
FCLPA_f	acgam_p	-0.0	-1000.0	0.0	-0.0	Inf
FCLPA_f	galt_p	-0.0	-0.22510794178712748	0.0	-0.0	Inf
FCLPA_f	acmana_p	-0.0	-1000.0	0.0	-0.0	Inf
FCLPA_f	cyan_p	-0.0	0.0	0.0	Inf	Inf
FCLPA_f	ade_p	-0.0	-1000.0	0.0	-0.0	Inf
FCLPA_f	adn_p	-0.0	0.0	0.0001488384388343006	Inf	0.0
FCLPA_f	cytd_p	-0.0	-0.03571343855583792	0.0	-0.0	Inf
FCLPA_f	glc__D_p	-0.0	-1000.0	0.0	-0.0	Inf
FCLPA_f	dad_2_p	-0.0	-1000.0	0.0	-0.0	Inf
FCLPA_f	dcyt_p	-0.0	-1000.0	0.0	-0.0	Inf
FCLPA_f	all__D_p	-0.0	0.0	0.0	Inf	Inf
FCLPA_f	alltn_p	-0.0	0.0	0.0	Inf	Inf
FCLPA_f	dha_p	-0.0	-1000.0	0.0	-0.0	Inf
FCLPA_f	glyald_p	-0.0	-1000.0	0.0	-0.0	Inf
FCLPA_f	glyb_p	0.0	0.0	0.0	Inf	Inf
FCLPA_f	dms_p	-0.0	-1000.0	0.0	-0.0	Inf
FCLPA_f	glyc_p	-0.0	-0.19367032678286478	0.0	-0.0	Inf
FCLPA_f	dmso_p	-0.0	-1000.0	0.0	-0.0	Inf
FCLPA_f	arab__L_p	-0.0	0.0	0.0	Inf	Inf
FCLPA_f	arbt_p	0.0	0.0	0.0	Inf	Inf
FCLPA_f	ca2_p	-0.0	-0.0011580031003859403	999.9988419968996	-0.0	0.0
FCLPA_f	duri_p	-0.0	-1000.0	0.0	-0.0	Inf
FCLPA_f	h2_p	-0.0	-1000.0	0.0	-0.0	Inf
FCLPA_f	h2o2_p	-0.0	-1000.0	0.0	-0.0	Inf
FCLPA_f	etoh_p	-0.0	-1000.0	0.0	-0.0	Inf
FCLPA_f	fald_p	-0.0	0.0	0.0	Inf	Inf
FCLPA_f	n2o_p	-0.0	-1000.0	0.0	-0.0	Inf
FCLPA_f	na1_p	-0.0	0.0	0.0	Inf	Inf
FCLPA_f	indole_p	-0.0	0.0	0.13109473780237732	Inf	0.0
FCLPA_f	nac_p	-0.0	-1000.0	0.0	-0.0	Inf
FCLPA_f	ni2_p	-0.0	-7.18607111593883e-05	999.9999281392888	-0.0	0.0
FCLPA_f	inost_p	-0.0	-1000.0	0.0	-0.0	Inf
FCLPA_f	no_p	-0.0	-1000.0	0.0	-0.0	Inf
FCLPA_f	no2_p	-0.0	-1000.0	0.0	-0.0	Inf
FCLPA_f	for_p	-0.0	0.0	0.0005457409459356938	Inf	0.0
FCLPA_f	fru_p	-0.0	-1000.0	0.0	-0.0	Inf
FCLPA_f	no3_p	-0.0	0.0	0.0	Inf	Inf
FCLPA_f	k_p	-0.0	-0.043426339897450816	999.9565736601025	-0.0	0.0
FCLPA_f	novbcn_p	-0.0	0.0	0.0	Inf	Inf
FCLPA_f	o2_p	-0.0	-10.39286499669879	989.6071350033012	-0.0	0.0
FCLPA_f	lipa_cold_p	-0.0	-5.932036885557573	0.0	-0.0	Inf
FCLPA_f	g3pe_p	-0.0	0.0	0.0	Inf	Inf
FCLPA_f	g3pi_p	-0.0	0.0	0.0	Inf	Inf
FCLPA_f	so3_p	-0.0	-1000.0	0.0	-0.0	Inf
FCLPA_f	so4_p	-0.0	-0.056110534089583046	999.9438894659104	-0.0	0.0
FCLPA_f	malt_p	0.0	0.0	0.0	Inf	Inf
FCLPA_f	malthx_p	0.0	0.0	0.0	Inf	Inf
FCLPA_f	maltpt_p	0.0	0.0	0.0	Inf	Inf
FCLPA_f	sucr_p	-0.0	-1000.0	0.0	-0.0	Inf
FCLPA_f	malttr_p	0.0	0.0	0.0	Inf	Inf
FCLPA_f	maltttr_p	0.0	0.0	0.0	Inf	Inf
FCLPA_f	pacald_p	-0.0	-1000.0	0.0	-0.0	Inf
FCLPA_f	man_p	-0.0	-1000.0	0.0	-0.0	Inf
FCLPA_f	tartr__L_p	-0.0	-1000.0	0.0	-0.0	Inf
FCLPA_f	pe120_p	-0.0	0.0	0.0	Inf	Inf
FCLPA_f	melib_p	-0.0	-1000.0	0.0	-0.0	Inf
FCLPA_f	meoh_p	-0.0	-1000.0	0.0	-0.0	Inf
FCLPA_f	thym_p	-0.0	-1000.0	0.0	-0.0	Inf
FCLPA_f	thymd_p	-0.0	-0.005821385038173856	0.0	-0.0	Inf
FCLPA_f	pg120_p	-0.0	-0.01731420428071265	0.0	-0.0	Inf
FCLPA_f	metsox_S__L_p	-0.0	-1000.0	0.0	-0.0	Inf
FCLPA_f	tmao_p	-0.0	-1000.0	0.0	-0.0	Inf
FCLPA_f	mg2_p	-0.0	-0.0019300051671962137	999.9980699948328	-0.0	0.0
FCLPA_f	tre_p	-0.0	0.0	0.0	Inf	Inf
FCLPA_f	mnl_p	-0.0	0.0	0.0	Inf	Inf
FCLPA_f	mobd_p	-0.0	-2.8699788686026295e-05	999.9999713002113	-0.0	0.0
FCLPA_f	ura_p	-0.0	-1000.0	0.0	-0.0	Inf
FCLPA_f	urea_p	-0.0	-1000.0	0.0	-0.0	Inf
FCLPA_f	uri_p	-0.0	0.0	0.0	Inf	Inf
FCLPA_f	xan_p	-0.0	0.0	0.0	Inf	Inf
FCLPA_f	xtsn_p	-0.0	0.0	0.0	Inf	Inf
FCLPA_f	xyl__D_p	-0.0	0.0	0.0	Inf	Inf
FCLPA_f	xylu__L_p	-0.0	-1000.0	0.0	-0.0	Inf
FCLPA_f	ppal_p	-0.0	-1000.0	0.0	-0.0	Inf
FCLPA_f	psclys_p	-0.0	-1000.0	0.0	-0.0	Inf
FCLPA_f	pydx_p	-0.0	0.0	0.0	Inf	Inf
FCLPA_f	pydxn_p	-0.0	0.0	0.0	Inf	Inf
FCLPA_f	rib__D_p	-0.0	-1000.0	0.0	-0.0	Inf
FCLPA_f	rmn_p	-0.0	-1000.0	0.0	-0.0	Inf
FCLPA_f	sbt__D_p	-0.0	-0.19367032678286478	0.0	-0.0	Inf
FCLPA_f	slnt_p	-0.0	0.0	0.0	Inf	Inf
FCLPA_f	so2_p	-0.0	-1000.0	0.0	-0.0	Inf
