Reaction	Metabolite	ShadowPrice	G-	G+	DecrementalShadowPrice	IncrementalShadowPrice
FE2tex_f	12dgr120_c	-0.0	0.0	0.0	Inf	Inf
FE2tex_f	12dgr140_c	-0.0	0.0	0.0	Inf	Inf
FE2tex_f	12dgr160_c	-0.0	-0.014197273745537586	0.0	-0.0	Inf
FE2tex_f	12dgr180_c	-0.0	0.0	0.0	Inf	Inf
FE2tex_f	12ppd__R_c	-0.0	-1000.0	0.0	-0.0	Inf
FE2tex_f	12ppd__S_c	-0.0	0.0	0.0	Inf	Inf
FE2tex_f	5drib_c	-0.0	-999.999950387187	4.961281294476687e-05	-0.0	0.0
FE2tex_f	5mta_c	-0.0	0.0	0.0	Inf	Inf
FE2tex_f	23dhacoa_c	-0.0	-0.00012814789442927577	0.0	-0.0	Inf
FE2tex_f	5mtr_c	-0.0	0.0	0.0	Inf	Inf
FE2tex_f	3amac_c	-0.0	-1.5133719715369125	0.0	-0.0	Inf
FE2tex_f	LalaDgluMdap_c	-0.0	-0.006182245946677945	0.0	-0.0	Inf
FE2tex_f	ac_c	-0.0	-37.64618313370383	0.8153553278346303	-0.0	0.0
FE2tex_f	acald_c	-0.0	-25.44779113257687	0.5888677367694553	-0.0	0.0
FE2tex_f	acetol_c	-0.0	0.0	0.0003121380115881355	Inf	0.0
FE2tex_f	acgam_c	-0.0	-0.021021594033711434	0.0	-0.0	Inf
FE2tex_f	acgam6p_c	-0.0	-0.021021594033711434	0.0	-0.0	Inf
FE2tex_f	acmalt_c	0.0	0.0	0.0	Inf	Inf
FE2tex_f	acmana_c	-0.0	-0.021021594033711434	0.0	-0.0	Inf
FE2tex_f	2dmmq8_c	-0.0	0.0	0.0	Inf	Inf
FE2tex_f	2dmmql8_c	0.0	0.0	0.0	Inf	Inf
FE2tex_f	ade_c	-0.0	-0.024295372254109826	0.00014883843880397762	-0.0	0.0
FE2tex_f	adn_c	-0.0	-0.024295372254109826	0.0001488384388343006	-0.0	0.0
FE2tex_f	3sala_c	0.0	0.0	0.0	Inf	Inf
FE2tex_f	adphep_DD_c	-0.0	0.0	0.0	Inf	Inf
FE2tex_f	adphep_LD_c	-0.0	0.0	0.0	Inf	Inf
FE2tex_f	4ahmmp_c	0.0	0.0	0.0	Inf	Inf
FE2tex_f	4crsol_c	-0.0	-999.999950387187	4.961281294476687e-05	-0.0	0.0
FE2tex_f	2ohph_c	-0.0	-4.961281294476687e-05	0.018854940874918815	-0.0	0.0
FE2tex_f	2ombzl_c	-0.0	0.0	0.0	Inf	Inf
FE2tex_f	2omhmbl_c	-0.0	0.0	0.0	Inf	Inf
FE2tex_f	2ommbl_c	0.0	0.0	0.0	Inf	Inf
FE2tex_f	2omph_c	-0.0	0.0	0.01696617728987626	Inf	0.0
FE2tex_f	4mhetz_c	0.0	0.0	0.0	Inf	Inf
FE2tex_f	2oph_c	-0.0	-4.961281294476687e-05	0.018854940874918815	-0.0	0.0
FE2tex_f	2oxpaccoa_c	-0.0	-0.00012814789442927577	0.0	-0.0	Inf
FE2tex_f	all__D_c	-0.0	-0.19367032677797624	0.0	-0.0	Inf
FE2tex_f	alltn_c	-0.0	0.0	0.0	Inf	Inf
FE2tex_f	4r5au_c	-0.0	-9.922562523520066e-05	0.11733895861826783	-0.0	0.0
FE2tex_f	56dura_c	0.0	0.0	0.0	Inf	Inf
FE2tex_f	arab__L_c	-0.0	-0.13171222929156556	0.0	-0.0	Inf
FE2tex_f	etoh_c	-0.0	-1000.0	0.0	-0.0	Inf
FE2tex_f	csn_c	-0.0	0.0	0.0	Inf	Inf
FE2tex_f	fald_c	-0.0	0.0	0.0	Inf	Inf
FE2tex_f	fc1p_c	-0.0	-0.21461012271129212	0.0	-0.0	Inf
FE2tex_f	fcl__L_c	-0.0	0.0	0.0	Inf	Inf
FE2tex_f	aso4_c	0.0	0.0	0.0	Inf	Inf
FE2tex_f	cyan_c	0.0	0.0	0.0	Inf	Inf
FE2tex_f	athtp_c	0.0	0.0	0.0	Inf	Inf
FE2tex_f	cytd_c	-0.0	-0.035713438555837904	0.0	-0.0	Inf
FE2tex_f	dad_2_c	-0.0	0.0	0.0	Inf	Inf
FE2tex_f	dad_5_c	-0.0	-0.024295372254109826	4.961281294476687e-05	-0.0	0.0
FE2tex_f	betald_c	0.0	0.0	0.0	Inf	Inf
FE2tex_f	btal_c	-0.0	-7.955813279786412	0.0	-0.0	Inf
FE2tex_f	for_c	-0.0	-0.024295372254109826	0.0005457409403991134	-0.0	0.0
FE2tex_f	dcyt_c	-0.0	-0.005821385038188964	0.0	-0.0	Inf
FE2tex_f	fru_c	-0.0	0.0	0.0	Inf	Inf
FE2tex_f	ca2_c	-0.0	-0.0011580031003859403	978.8007614762996	-0.0	0.0
FE2tex_f	g3pe_c	-0.0	-0.030930807883789456	0.0	-0.0	Inf
FE2tex_f	g3pi_c	0.0	0.0	0.0	Inf	Inf
FE2tex_f	cbm_c	-0.0	-2.402953211580666	0.0	-0.0	Inf
FE2tex_f	dha_c	-0.0	-0.19367032677797624	0.0	-0.0	Inf
FE2tex_f	gal_c	-0.0	0.0	0.0	Inf	Inf
FE2tex_f	dhgly_c	-0.0	-4.961281294476687e-05	0.07544212997758144	-0.0	0.0
FE2tex_f	dhmptp_c	0.0	0.0	0.0	Inf	Inf
FE2tex_f	gcald_c	-0.0	-2.392817996164495	0.00014883843880397762	-0.0	0.0
FE2tex_f	dhptd_c	-0.0	-16.743221846556235	9.922562588953374e-05	-0.0	0.0
FE2tex_f	cechddd_c	-0.0	0.0	0.0	Inf	Inf
FE2tex_f	dhptdn_c	0.0	0.0	0.0	Inf	Inf
FE2tex_f	chol_c	0.0	0.0	0.0	Inf	Inf
FE2tex_f	chtbs6p_c	-0.0	0.0	0.0	Inf	Inf
FE2tex_f	dmbzid_c	0.0	0.0	0.0	Inf	Inf
FE2tex_f	dms_c	0.0	0.0	0.0	Inf	Inf
FE2tex_f	dmso_c	0.0	0.0	0.0	Inf	Inf
FE2tex_f	cl_c	-0.0	-0.0011580031003475856	999.9988419968996	-0.0	0.0
FE2tex_f	glc__D_c	-0.0	0.0	0.0	Inf	Inf
FE2tex_f	co2_c	-0.0	-989.1323871039484	10.867612896051583	-0.0	0.0
FE2tex_f	dscl_c	-0.0	-4.961281294476687e-05	0.02351986522599895	-0.0	0.0
FE2tex_f	dtdp4aaddg_c	-0.0	0.0	0.0	Inf	Inf
FE2tex_f	glyald_c	-0.0	-1000.0	0.0	-0.0	Inf
FE2tex_f	crn_c	-0.0	-978.8007614762996	0.0	-0.0	Inf
FE2tex_f	duri_c	-0.0	-0.005821385038188964	0.0	-0.0	Inf
FE2tex_f	glyb_c	0.0	0.0	0.0	Inf	Inf
FE2tex_f	glyc_c	-0.0	-0.19367032677797624	0.0	-0.0	Inf
FE2tex_f	dxyl_c	0.0	0.0	0.0	Inf	Inf
FE2tex_f	glycogen_c	-0.0	0.0	0.0	Inf	Inf
FE2tex_f	gmhep1p_c	-0.0	0.0	0.13171222929156554	Inf	0.0
FE2tex_f	lipa_cold_c	-0.0	0.0	0.0	Inf	Inf
FE2tex_f	lipidA_c	-0.0	-0.004328551070187814	0.015142313231214562	-0.0	0.0
FE2tex_f	malt_c	0.0	0.0	0.0	Inf	Inf
FE2tex_f	h2_c	-0.0	0.0	0.0	Inf	Inf
FE2tex_f	malthx_c	-0.0	0.0	0.0	Inf	Inf
FE2tex_f	maltpt_c	-0.0	0.0	0.0	Inf	Inf
FE2tex_f	malttr_c	-0.0	0.0	0.0	Inf	Inf
FE2tex_f	maltttr_c	-0.0	0.0	0.0	Inf	Inf
FE2tex_f	h2o2_c	-0.0	-0.0003121380115881355	3.0284626462429123	-0.0	0.0
FE2tex_f	man_c	-0.0	0.0	0.0	Inf	Inf
FE2tex_f	mdhdhf_c	-0.0	-16.743221846556235	9.922562588953374e-05	-0.0	0.0
FE2tex_f	melib_c	-0.0	0.0	0.0	Inf	Inf
FE2tex_f	meoh_c	-0.0	-1000.0	0.0	-0.0	Inf
FE2tex_f	pacald_c	-0.0	-978.8007614762996	0.0	-0.0	Inf
FE2tex_f	metsox_S__L_c	-0.0	-0.024295372254109826	0.0	-0.0	Inf
FE2tex_f	mg2_c	-0.0	-0.0019300051671962137	489.4003807381498	-0.0	0.0
FE2tex_f	hhlipa_c	-0.0	0.0	0.0	Inf	Inf
FE2tex_f	pe120_c	-0.0	0.0	0.0	Inf	Inf
FE2tex_f	mobd_c	-0.0	-2.869978865414765e-05	5.299809630925097	-0.0	0.0
FE2tex_f	hlipa_c	-0.0	0.0	0.0	Inf	Inf
FE2tex_f	pg120_c	-0.0	-0.017314204280778192	0.0	-0.0	Inf
FE2tex_f	mql8_c	0.0	0.0	0.0	Inf	Inf
FE2tex_f	mqn8_c	-0.0	0.0	0.0	Inf	Inf
FE2tex_f	mthgxl_c	-0.0	0.0	0.0003121380115881355	Inf	0.0
FE2tex_f	hqn_c	0.0	0.0	0.0	Inf	Inf
FE2tex_f	mththf_c	-0.0	-999.999900774374	9.922562588953374e-05	-0.0	0.0
FE2tex_f	n2o_c	-0.0	-1000.0	0.0	-0.0	Inf
FE2tex_f	na1_c	-0.0	0.0	0.0	Inf	Inf
FE2tex_f	nac_c	-0.0	0.0	0.0	Inf	Inf
FE2tex_f	ncam_c	-0.0	0.0	0.0	Inf	Inf
FE2tex_f	ni2_c	-0.0	-7.186071112627667e-05	999.9999281392888	-0.0	0.0
FE2tex_f	no_c	-0.0	-1000.0	0.0	-0.0	Inf
FE2tex_f	indole_c	-0.0	-0.012646372763315619	0.11909684563876623	-0.0	0.0
FE2tex_f	no2_c	-0.0	-978.8007614762996	0.0	-0.0	Inf
FE2tex_f	no3_c	0.0	0.0	0.0	Inf	Inf
FE2tex_f	inost_c	0.0	0.0	0.0	Inf	Inf
FE2tex_f	o2_c	-0.0	-10.392864996753588	989.6071350032464	-0.0	0.0
FE2tex_f	poaac_c	-0.0	-1.5133719715369125	0.0	-0.0	Inf
FE2tex_f	ppal_c	-0.0	0.0	0.0	Inf	Inf
FE2tex_f	k_c	-0.0	-0.04342633989743444	21.199238523700387	-0.0	0.0
FE2tex_f	psclys_c	-0.0	0.0	0.0	Inf	Inf
FE2tex_f	lald__D_c	-0.0	0.0	0.0003121380115881355	Inf	0.0
FE2tex_f	lald__L_c	-0.0	-0.632239658128924	0.0	-0.0	Inf
FE2tex_f	ura_c	-0.0	0.0	0.0	Inf	Inf
FE2tex_f	pydx_c	-0.0	0.0	0.0003121380115881355	Inf	0.0
FE2tex_f	uracp_c	-0.0	-1.201476605790333	0.0	-0.0	Inf
FE2tex_f	pydxn_c	-0.0	0.0	0.13171222929156556	Inf	0.0
FE2tex_f	urate_c	-0.0	0.0	0.0	Inf	Inf
FE2tex_f	q8_c	-0.0	0.0	0.0	Inf	Inf
FE2tex_f	q8h2_c	0.0	0.0	0.0	Inf	Inf
FE2tex_f	urea_c	-0.0	-1000.0	0.0	-0.0	Inf
FE2tex_f	uri_c	-0.0	0.0	0.14653851514078609	Inf	0.0
FE2tex_f	rbflvrd_c	-0.0	0.0	0.012147686127054913	Inf	0.0
FE2tex_f	rbl__L_c	-0.0	-0.13171222929156556	0.0	-0.0	Inf
FE2tex_f	rdmbzi_c	0.0	0.0	0.0	Inf	Inf
FE2tex_f	thptdn_c	0.0	0.0	0.0	Inf	Inf
FE2tex_f	xan_c	-0.0	-0.024295372254109826	0.0	-0.0	Inf
FE2tex_f	rephaccoa_c	-0.0	-0.00012814789442927577	0.0	-0.0	Inf
FE2tex_f	rib__D_c	-0.0	0.0	0.23126442025854968	Inf	0.0
FE2tex_f	xtsn_c	-0.0	0.0	0.0	Inf	Inf
FE2tex_f	rml_c	-0.0	-0.22510794178223895	0.0	-0.0	Inf
FE2tex_f	thym_c	-0.0	-21.199238523700387	0.0	-0.0	Inf
FE2tex_f	thymd_c	-0.0	0.0	0.1170151160461843	Inf	0.0
FE2tex_f	xu5p__L_c	-0.0	-0.13171222929156556	0.0	-0.0	Inf
FE2tex_f	rmn_c	-0.0	-0.22510794178223895	0.0	-0.0	Inf
FE2tex_f	xyl__D_c	0.0	0.0	0.0	Inf	Inf
FE2tex_f	tmao_c	0.0	0.0	0.0	Inf	Inf
FE2tex_f	xylu__D_c	-0.0	0.0	0.0	Inf	Inf
FE2tex_f	xylu__L_c	-0.0	-0.13171222929156556	0.0	-0.0	Inf
FE2tex_f	12ppd__R_e	-0.0	-1000.0	0.0	-0.0	Inf
FE2tex_f	12ppd__S_e	-0.0	-1000.0	0.0	-0.0	Inf
FE2tex_f	tre_c	-0.0	0.0	0.0	Inf	Inf
FE2tex_f	seln_c	0.0	0.0	0.0	Inf	Inf
FE2tex_f	34dhpac_e	-0.0	-1000.0	0.0	-0.0	Inf
FE2tex_f	slnt_c	0.0	0.0	0.0	Inf	Inf
FE2tex_f	so2_c	0.0	0.0	0.0	Inf	Inf
FE2tex_f	so3_c	-0.0	-0.05514542026555966	1.0599619261850193	-0.0	0.0
FE2tex_f	so4_c	-0.0	-0.05611053408867355	21.199238523700387	-0.0	0.0
FE2tex_f	4hoxpacd_e	-0.0	-1000.0	0.0	-0.0	Inf
FE2tex_f	5mtr_e	-0.0	0.0	0.0	Inf	Inf
FE2tex_f	LalaDgluMdap_e	-0.0	-1000.0	0.0	-0.0	Inf
FE2tex_f	ac_e	-0.0	-39.152030459051986	0.8479695409480155	-0.0	0.0
FE2tex_f	acald_e	-0.0	-1000.0	0.0	-0.0	Inf
FE2tex_f	acgal_e	-0.0	-1000.0	0.0	-0.0	Inf
FE2tex_f	acgam_e	-0.0	-1000.0	0.0	-0.0	Inf
FE2tex_f	acmana_e	-0.0	-1000.0	0.0	-0.0	Inf
FE2tex_f	tagur_c	-0.0	0.0	0.0	Inf	Inf
FE2tex_f	tartr__L_c	-0.0	-2.392817996164495	0.0	-0.0	Inf
FE2tex_f	ade_e	-0.0	-1000.0	0.0	-0.0	Inf
FE2tex_f	adn_e	-0.0	-1000.0	0.0	-0.0	Inf
FE2tex_f	all__D_e	-0.0	-1000.0	0.0	-0.0	Inf
FE2tex_f	cl_e	-0.0	-0.0011580031003859403	999.9988419968996	-0.0	0.0
FE2tex_f	alltn_e	-0.0	0.0	0.0	Inf	Inf
FE2tex_f	cm_e	-0.0	-1000.0	0.0	-0.0	Inf
FE2tex_f	co2_e	-0.0	-989.1323871039484	10.867612896051583	-0.0	0.0
FE2tex_f	arab__L_e	-0.0	-1000.0	0.0	-0.0	Inf
FE2tex_f	arbt_e	-0.0	-1000.0	0.0	-0.0	Inf
FE2tex_f	unagamu_c	-0.0	0.0	0.012871425940315965	Inf	0.0
FE2tex_f	crn_e	-0.0	-1000.0	0.0	-0.0	Inf
FE2tex_f	csn_e	-0.0	-1000.0	0.0	-0.0	Inf
FE2tex_f	cyan_e	-0.0	-1000.0	0.0	-0.0	Inf
FE2tex_f	glyb_e	-0.0	-1000.0	0.0	-0.0	Inf
FE2tex_f	glyc_e	-0.0	-1000.0	0.0	-0.0	Inf
FE2tex_f	cytd_e	-0.0	-1000.0	0.0	-0.0	Inf
FE2tex_f	ca2_e	-0.0	-0.0011580031003859403	999.9988419968996	-0.0	0.0
FE2tex_f	dad_2_e	-0.0	-1000.0	0.0	-0.0	Inf
FE2tex_f	dcyt_e	-0.0	-1000.0	0.0	-0.0	Inf
FE2tex_f	chol_e	-0.0	-1000.0	0.0	-0.0	Inf
FE2tex_f	dha_e	-0.0	-1000.0	0.0	-0.0	Inf
FE2tex_f	ppal_e	-0.0	-1000.0	0.0	-0.0	Inf
FE2tex_f	h2_e	-0.0	-1000.0	0.0	-0.0	Inf
FE2tex_f	dms_e	-0.0	-1000.0	0.0	-0.0	Inf
FE2tex_f	dmso_e	-0.0	-1000.0	0.0	-0.0	Inf
FE2tex_f	h2o2_e	-0.0	-1000.0	0.0	-0.0	Inf
FE2tex_f	psclys_e	-0.0	-1000.0	0.0	-0.0	Inf
FE2tex_f	duri_e	-0.0	-1000.0	0.0	-0.0	Inf
FE2tex_f	pydx_e	-0.0	-1000.0	0.0	-0.0	Inf
FE2tex_f	pydxn_e	-0.0	-1000.0	0.0	-0.0	Inf
FE2tex_f	etoh_e	-0.0	-1000.0	0.0	-0.0	Inf
FE2tex_f	fald_e	-0.0	0.0	0.0	Inf	Inf
FE2tex_f	rib__D_e	-0.0	-1000.0	0.0	-0.0	Inf
FE2tex_f	rmn_e	-0.0	-1000.0	0.0	-0.0	Inf
FE2tex_f	indole_e	-0.0	-1000.0	0.0	-0.0	Inf
FE2tex_f	inost_e	-0.0	-1000.0	0.0	-0.0	Inf
FE2tex_f	sbt__D_e	-0.0	-0.19367032677797624	0.0	-0.0	Inf
FE2tex_f	k_e	-0.0	-0.043426339897450816	999.9565736601025	-0.0	0.0
FE2tex_f	for_e	-0.0	0.0	0.0005457409403991134	Inf	0.0
FE2tex_f	slnt_e	-0.0	0.0	1000.0	Inf	0.0
FE2tex_f	fru_e	-0.0	-1000.0	0.0	-0.0	Inf
FE2tex_f	so2_e	-0.0	-1000.0	0.0	-0.0	Inf
FE2tex_f	so3_e	-0.0	-1000.0	0.0	-0.0	Inf
FE2tex_f	so4_e	-0.0	-0.05611053408870248	999.9438894659113	-0.0	0.0
FE2tex_f	lipa_cold_e	-0.0	-1000.0	0.0	-0.0	Inf
FE2tex_f	sucr_e	-0.0	-1000.0	0.0	-0.0	Inf
FE2tex_f	g3pe_e	-0.0	-1000.0	0.0	-0.0	Inf
FE2tex_f	malt_e	-0.0	-1000.0	0.0	-0.0	Inf
FE2tex_f	tartr__L_e	-0.0	-1000.0	0.0	-0.0	Inf
FE2tex_f	g3pi_e	-0.0	-1000.0	0.0	-0.0	Inf
FE2tex_f	malthx_e	-0.0	-1000.0	0.0	-0.0	Inf
FE2tex_f	maltpt_e	-0.0	-1000.0	0.0	-0.0	Inf
FE2tex_f	gal_e	-0.0	-1000.0	0.0	-0.0	Inf
FE2tex_f	gal_bD_e	-0.0	-1000.0	0.0	-0.0	Inf
FE2tex_f	malttr_e	-0.0	-1000.0	0.0	-0.0	Inf
FE2tex_f	maltttr_e	-0.0	-1000.0	0.0	-0.0	Inf
FE2tex_f	man_e	-0.0	-1000.0	0.0	-0.0	Inf
FE2tex_f	thym_e	-0.0	-1000.0	0.0	-0.0	Inf
FE2tex_f	thymd_e	-0.0	-1000.0	0.0	-0.0	Inf
FE2tex_f	galt_e	-0.0	-0.22510794178223895	0.0	-0.0	Inf
FE2tex_f	melib_e	-0.0	-1000.0	0.0	-0.0	Inf
FE2tex_f	meoh_e	-0.0	-1000.0	0.0	-0.0	Inf
FE2tex_f	tmao_e	-0.0	-1000.0	0.0	-0.0	Inf
FE2tex_f	tre_e	-0.0	-1000.0	0.0	-0.0	Inf
FE2tex_f	metsox_S__L_e	-0.0	-1000.0	0.0	-0.0	Inf
FE2tex_f	glc__D_e	-0.0	-1000.0	0.0	-0.0	Inf
FE2tex_f	mg2_e	-0.0	-0.0019300051671962137	999.9980699948328	-0.0	0.0
FE2tex_f	mnl_e	-0.0	-1000.0	0.0	-0.0	Inf
FE2tex_f	mobd_e	-0.0	-2.8699788686026295e-05	999.9999713002113	-0.0	0.0
FE2tex_f	glyald_e	-0.0	-1000.0	0.0	-0.0	Inf
FE2tex_f	n2o_e	-0.0	-1000.0	0.0	-0.0	Inf
FE2tex_f	na1_e	-0.0	0.0	1000.0	Inf	0.0
FE2tex_f	nac_e	-0.0	-1000.0	0.0	-0.0	Inf
FE2tex_f	ni2_e	-0.0	-7.18607111593883e-05	999.9999281392888	-0.0	0.0
FE2tex_f	no_e	-0.0	-1000.0	0.0	-0.0	Inf
FE2tex_f	no2_e	-0.0	-1000.0	0.0	-0.0	Inf
FE2tex_f	ura_e	-0.0	-1000.0	0.0	-0.0	Inf
FE2tex_f	no3_e	-0.0	-1000.0	0.0	-0.0	Inf
FE2tex_f	urea_e	-0.0	-1000.0	0.0	-0.0	Inf
FE2tex_f	novbcn_e	-0.0	-1000.0	0.0	-0.0	Inf
FE2tex_f	uri_e	-0.0	-1000.0	0.0	-0.0	Inf
FE2tex_f	o2_e	-0.0	-10.392864996753588	989.6071350032464	-0.0	0.0
FE2tex_f	xan_e	-0.0	0.0	0.0	Inf	Inf
FE2tex_f	xtsn_e	-0.0	-1000.0	0.0	-0.0	Inf
FE2tex_f	xyl__D_e	-0.0	-1000.0	0.0	-0.0	Inf
FE2tex_f	xylu__L_e	-0.0	-1000.0	0.0	-0.0	Inf
FE2tex_f	pacald_e	-0.0	-1000.0	0.0	-0.0	Inf
FE2tex_f	12dgr120_p	-0.0	0.0	0.0	Inf	Inf
FE2tex_f	12dgr140_p	-0.0	0.0	0.0	Inf	Inf
FE2tex_f	12dgr160_p	-0.0	-0.014197273745537586	0.0	-0.0	Inf
FE2tex_f	12dgr180_p	-0.0	0.0	0.0	Inf	Inf
FE2tex_f	12ppd__R_p	-0.0	-1000.0	0.0	-0.0	Inf
FE2tex_f	12ppd__S_p	-0.0	0.0	0.0	Inf	Inf
FE2tex_f	chol_p	-0.0	-1000.0	0.0	-0.0	Inf
FE2tex_f	cl_p	-0.0	-0.0011580031003859403	999.9988419968996	-0.0	0.0
FE2tex_f	34dhpac_p	-0.0	-1000.0	0.0	-0.0	Inf
FE2tex_f	cm_p	-0.0	0.0	0.0	Inf	Inf
FE2tex_f	4hoxpacd_p	-0.0	-1000.0	0.0	-0.0	Inf
FE2tex_f	co2_p	-0.0	-989.1323871039484	10.867612896051583	-0.0	0.0
FE2tex_f	5mtr_p	-0.0	0.0	0.0	Inf	Inf
FE2tex_f	LalaDgluMdap_p	-0.0	0.0	0.0	Inf	Inf
FE2tex_f	gal_p	-0.0	-1000.0	0.0	-0.0	Inf
FE2tex_f	ac_p	-0.0	-39.152030459051986	0.8479695409480155	-0.0	0.0
FE2tex_f	crn_p	-0.0	-1000.0	0.0	-0.0	Inf
FE2tex_f	gal_bD_p	-0.0	-1000.0	0.0	-0.0	Inf
FE2tex_f	acald_p	-0.0	-1000.0	0.0	-0.0	Inf
FE2tex_f	acgal_p	-0.0	-1000.0	0.0	-0.0	Inf
FE2tex_f	csn_p	-0.0	0.0	0.0	Inf	Inf
FE2tex_f	acgam_p	-0.0	-1000.0	0.0	-0.0	Inf
FE2tex_f	galt_p	-0.0	-0.22510794178223895	0.0	-0.0	Inf
FE2tex_f	acmana_p	-0.0	-1000.0	0.0	-0.0	Inf
FE2tex_f	cyan_p	-0.0	0.0	0.0	Inf	Inf
FE2tex_f	ade_p	-0.0	-1000.0	0.0	-0.0	Inf
FE2tex_f	adn_p	-0.0	0.0	0.0001488384388343006	Inf	0.0
FE2tex_f	cytd_p	-0.0	-0.035713438555837904	0.0	-0.0	Inf
FE2tex_f	glc__D_p	-0.0	-1000.0	0.0	-0.0	Inf
FE2tex_f	dad_2_p	-0.0	-1000.0	0.0	-0.0	Inf
FE2tex_f	dcyt_p	-0.0	-1000.0	0.0	-0.0	Inf
FE2tex_f	all__D_p	-0.0	0.0	0.0	Inf	Inf
FE2tex_f	alltn_p	-0.0	0.0	0.0	Inf	Inf
FE2tex_f	dha_p	-0.0	-1000.0	0.0	-0.0	Inf
FE2tex_f	glyald_p	-0.0	-1000.0	0.0	-0.0	Inf
FE2tex_f	glyb_p	0.0	0.0	0.0	Inf	Inf
FE2tex_f	dms_p	-0.0	-1000.0	0.0	-0.0	Inf
FE2tex_f	glyc_p	-0.0	-0.19367032677797624	0.0	-0.0	Inf
FE2tex_f	dmso_p	-0.0	-1000.0	0.0	-0.0	Inf
FE2tex_f	arab__L_p	-0.0	0.0	0.0	Inf	Inf
FE2tex_f	arbt_p	0.0	0.0	0.0	Inf	Inf
FE2tex_f	ca2_p	-0.0	-0.0011580031003859403	999.9988419968996	-0.0	0.0
FE2tex_f	duri_p	-0.0	-1000.0	0.0	-0.0	Inf
FE2tex_f	h2_p	-0.0	-1000.0	0.0	-0.0	Inf
FE2tex_f	h2o2_p	-0.0	-1000.0	0.0	-0.0	Inf
FE2tex_f	etoh_p	-0.0	-1000.0	0.0	-0.0	Inf
FE2tex_f	fald_p	-0.0	0.0	0.0	Inf	Inf
FE2tex_f	n2o_p	-0.0	-1000.0	0.0	-0.0	Inf
FE2tex_f	na1_p	-0.0	0.0	0.0	Inf	Inf
FE2tex_f	indole_p	-0.0	0.0	0.11976970917344852	Inf	0.0
FE2tex_f	nac_p	-0.0	-1000.0	0.0	-0.0	Inf
FE2tex_f	ni2_p	-0.0	-7.18607111593883e-05	999.9999281392888	-0.0	0.0
FE2tex_f	inost_p	-0.0	-1000.0	0.0	-0.0	Inf
FE2tex_f	no_p	-0.0	-1000.0	0.0	-0.0	Inf
FE2tex_f	no2_p	-0.0	-1000.0	0.0	-0.0	Inf
FE2tex_f	for_p	-0.0	0.0	0.0005457409403991134	Inf	0.0
FE2tex_f	fru_p	-0.0	-1000.0	0.0	-0.0	Inf
FE2tex_f	no3_p	-0.0	0.0	0.0	Inf	Inf
FE2tex_f	k_p	-0.0	-0.043426339897450816	999.9565736601025	-0.0	0.0
FE2tex_f	novbcn_p	-0.0	0.0	0.0	Inf	Inf
FE2tex_f	o2_p	-0.0	-10.392864996753588	989.6071350032464	-0.0	0.0
FE2tex_f	lipa_cold_p	-0.0	-5.299809630925097	0.0	-0.0	Inf
FE2tex_f	g3pe_p	-0.0	0.0	0.0	Inf	Inf
FE2tex_f	g3pi_p	-0.0	0.0	0.0	Inf	Inf
FE2tex_f	so3_p	-0.0	-1000.0	0.0	-0.0	Inf
FE2tex_f	so4_p	-0.0	-0.05611053408867355	999.9438894659113	-0.0	0.0
FE2tex_f	malt_p	0.0	0.0	0.0	Inf	Inf
FE2tex_f	malthx_p	0.0	0.0	0.0	Inf	Inf
FE2tex_f	maltpt_p	0.0	0.0	0.0	Inf	Inf
FE2tex_f	sucr_p	-0.0	-1000.0	0.0	-0.0	Inf
FE2tex_f	malttr_p	0.0	0.0	0.0	Inf	Inf
FE2tex_f	maltttr_p	0.0	0.0	0.0	Inf	Inf
FE2tex_f	pacald_p	-0.0	-1000.0	0.0	-0.0	Inf
FE2tex_f	man_p	-0.0	-1000.0	0.0	-0.0	Inf
FE2tex_f	tartr__L_p	-0.0	-1000.0	0.0	-0.0	Inf
FE2tex_f	pe120_p	-0.0	0.0	0.0	Inf	Inf
FE2tex_f	melib_p	-0.0	-1000.0	0.0	-0.0	Inf
FE2tex_f	meoh_p	-0.0	-1000.0	0.0	-0.0	Inf
FE2tex_f	thym_p	-0.0	-1000.0	0.0	-0.0	Inf
FE2tex_f	thymd_p	-0.0	0.0	0.0	Inf	Inf
FE2tex_f	pg120_p	-0.0	-0.017314204280778192	0.0	-0.0	Inf
FE2tex_f	metsox_S__L_p	-0.0	-1000.0	0.0	-0.0	Inf
FE2tex_f	tmao_p	-0.0	-1000.0	0.0	-0.0	Inf
FE2tex_f	mg2_p	-0.0	-0.0019300051671962137	999.9980699948328	-0.0	0.0
FE2tex_f	tre_p	-0.0	0.0	0.0	Inf	Inf
FE2tex_f	mnl_p	-0.0	0.0	0.0	Inf	Inf
FE2tex_f	mobd_p	-0.0	-2.8699788686026295e-05	999.9999713002113	-0.0	0.0
FE2tex_f	ura_p	-0.0	-1000.0	0.0	-0.0	Inf
FE2tex_f	urea_p	-0.0	-1000.0	0.0	-0.0	Inf
FE2tex_f	uri_p	-0.0	0.0	0.0	Inf	Inf
FE2tex_f	xan_p	-0.0	-0.024295372254109826	0.0	-0.0	Inf
FE2tex_f	xtsn_p	-0.0	0.0	0.0	Inf	Inf
FE2tex_f	xyl__D_p	-0.0	0.0	0.0	Inf	Inf
FE2tex_f	xylu__L_p	-0.0	-1000.0	0.0	-0.0	Inf
FE2tex_f	ppal_p	-0.0	-1000.0	0.0	-0.0	Inf
FE2tex_f	psclys_p	-0.0	-1000.0	0.0	-0.0	Inf
FE2tex_f	pydx_p	-0.0	0.0	0.0	Inf	Inf
FE2tex_f	pydxn_p	-0.0	0.0	0.0	Inf	Inf
FE2tex_f	rib__D_p	-0.0	-1000.0	0.0	-0.0	Inf
FE2tex_f	rmn_p	-0.0	-1000.0	0.0	-0.0	Inf
FE2tex_f	sbt__D_p	-0.0	-0.19367032677797624	0.0	-0.0	Inf
FE2tex_f	slnt_p	-0.0	0.0	0.0	Inf	Inf
FE2tex_f	so2_p	-0.0	-1000.0	0.0	-0.0	Inf
