Reaction	Metabolite	ShadowPrice	G-	G+	DecrementalShadowPrice	IncrementalShadowPrice
GLUt2rpp_f	12dgr120_c	-0.0	0.0	0.0	Inf	Inf
GLUt2rpp_f	12dgr140_c	-0.0	0.0	0.0	Inf	Inf
GLUt2rpp_f	12dgr160_c	-0.0	0.0	0.031122951211128482	Inf	0.0
GLUt2rpp_f	12dgr180_c	-0.0	0.0	0.0	Inf	Inf
GLUt2rpp_f	12ppd__R_c	-0.0	-1000.0	0.0	-0.0	Inf
GLUt2rpp_f	12ppd__S_c	-0.0	0.0	0.0	Inf	Inf
GLUt2rpp_f	5drib_c	-0.0	-999.999950387187	4.961281294476687e-05	-0.0	0.0
GLUt2rpp_f	5mta_c	-0.0	0.0	0.0	Inf	Inf
GLUt2rpp_f	23dhacoa_c	-0.0	-0.0001281478942019021	0.0	-0.0	Inf
GLUt2rpp_f	5mtr_c	-0.0	0.0	0.0	Inf	Inf
GLUt2rpp_f	3amac_c	-0.0	-1.02705738996724	0.0	-0.0	Inf
GLUt2rpp_f	LalaDgluMdap_c	-0.0	-0.006182245946677945	0.0	-0.0	Inf
GLUt2rpp_f	ac_c	-0.0	-0.9252856602701165	0.9125644897898527	-0.0	0.0
GLUt2rpp_f	acald_c	-0.0	-0.6268064150216918	0.51352869498362	-0.0	0.0
GLUt2rpp_f	acetol_c	-0.0	0.0	0.0008685579450061428	Inf	0.0
GLUt2rpp_f	acgam_c	-0.0	-0.021021594033711434	0.0	-0.0	Inf
GLUt2rpp_f	acgam6p_c	-0.0	-0.021021594033711434	0.0	-0.0	Inf
GLUt2rpp_f	acmalt_c	0.0	0.0	0.0	Inf	Inf
GLUt2rpp_f	acmana_c	-0.0	-0.021021594033711434	0.0	-0.0	Inf
GLUt2rpp_f	2dmmq8_c	-0.0	0.0	0.0	Inf	Inf
GLUt2rpp_f	2dmmql8_c	0.0	0.0	0.0	Inf	Inf
GLUt2rpp_f	ade_c	-0.0	-0.024295372252481684	0.0001488384388343006	-0.0	0.0
GLUt2rpp_f	adn_c	-0.0	-0.024295372252481684	0.0001488384388343006	-0.0	0.0
GLUt2rpp_f	3sala_c	0.0	0.0	0.0	Inf	Inf
GLUt2rpp_f	adphep_DD_c	-0.0	0.0	0.0	Inf	Inf
GLUt2rpp_f	adphep_LD_c	-0.0	0.0	0.0	Inf	Inf
GLUt2rpp_f	4ahmmp_c	0.0	0.0	0.0	Inf	Inf
GLUt2rpp_f	4crsol_c	-0.0	-999.999950387187	4.961281294476687e-05	-0.0	0.0
GLUt2rpp_f	2ohph_c	-0.0	-4.961281294476687e-05	0.01913771534100447	-0.0	0.0
GLUt2rpp_f	2ombzl_c	-0.0	0.0	0.0	Inf	Inf
GLUt2rpp_f	2omhmbl_c	-0.0	0.0	0.0	Inf	Inf
GLUt2rpp_f	2ommbl_c	0.0	0.0	0.0	Inf	Inf
GLUt2rpp_f	2omph_c	-0.0	0.0	0.01755653658063658	Inf	0.0
GLUt2rpp_f	4mhetz_c	0.0	0.0	0.0	Inf	Inf
GLUt2rpp_f	2oph_c	-0.0	-4.961281294476687e-05	0.01913771534100447	-0.0	0.0
GLUt2rpp_f	2oxpaccoa_c	-0.0	-0.0001281478942019021	0.0	-0.0	Inf
GLUt2rpp_f	all__D_c	-0.0	-0.18331131005351364	0.0	-0.0	Inf
GLUt2rpp_f	alltn_c	-0.0	-0.6007383028963602	0.0	-0.0	Inf
GLUt2rpp_f	4r5au_c	-0.0	-9.922562614469536e-05	0.13132846901034778	-0.0	0.0
GLUt2rpp_f	56dura_c	0.0	0.0	0.0	Inf	Inf
GLUt2rpp_f	arab__L_c	-0.0	-0.13171222929463508	0.0	-0.0	Inf
GLUt2rpp_f	etoh_c	-0.0	-1000.0	0.0	-0.0	Inf
GLUt2rpp_f	csn_c	-0.0	0.0	0.0	Inf	Inf
GLUt2rpp_f	fald_c	-0.0	0.0	0.0	Inf	Inf
GLUt2rpp_f	fc1p_c	-0.0	-0.19827549862931065	0.0	-0.0	Inf
GLUt2rpp_f	fcl__L_c	-0.0	0.0	0.0	Inf	Inf
GLUt2rpp_f	aso4_c	0.0	0.0	0.0	Inf	Inf
GLUt2rpp_f	cyan_c	0.0	0.0	0.0	Inf	Inf
GLUt2rpp_f	athtp_c	0.0	0.0	0.0	Inf	Inf
GLUt2rpp_f	cytd_c	-0.0	-0.035713438555906536	0.0	-0.0	Inf
GLUt2rpp_f	dad_2_c	-0.0	0.0	0.0	Inf	Inf
GLUt2rpp_f	dad_5_c	-0.0	-0.024295372252481684	4.961281294476687e-05	-0.0	0.0
GLUt2rpp_f	betald_c	0.0	0.0	0.0	Inf	Inf
GLUt2rpp_f	btal_c	-0.0	-2.7758569808103495	0.0	-0.0	Inf
GLUt2rpp_f	for_c	-0.0	-0.024295372252481684	0.0005457409431275975	-0.0	0.0
GLUt2rpp_f	dcyt_c	-0.0	-0.005821385038123343	0.0	-0.0	Inf
GLUt2rpp_f	fru_c	-0.0	-0.18331131005351364	0.0	-0.0	Inf
GLUt2rpp_f	ca2_c	-0.0	-0.0011580031003859403	19.430998865672446	-0.0	0.0
GLUt2rpp_f	g3pe_c	-0.0	-0.030930807883789456	0.0	-0.0	Inf
GLUt2rpp_f	g3pi_c	0.0	0.0	0.0	Inf	Inf
GLUt2rpp_f	cbm_c	-0.0	-2.402953211585441	0.0	-0.0	Inf
GLUt2rpp_f	dha_c	-0.0	-0.1936703267801704	0.0	-0.0	Inf
GLUt2rpp_f	gal_c	-0.0	0.0	0.0	Inf	Inf
GLUt2rpp_f	dhgly_c	-0.0	-4.961281294476687e-05	0.07900441461286462	-0.0	0.0
GLUt2rpp_f	dhmptp_c	0.0	0.0	0.0	Inf	Inf
GLUt2rpp_f	gcald_c	-0.0	-0.6700344436438774	0.00014883843880397762	-0.0	0.0
GLUt2rpp_f	dhptd_c	-0.0	-16.74322184655487	9.922562588953374e-05	-0.0	0.0
GLUt2rpp_f	cechddd_c	-0.0	0.0	0.0	Inf	Inf
GLUt2rpp_f	dhptdn_c	0.0	0.0	0.0	Inf	Inf
GLUt2rpp_f	chol_c	0.0	0.0	0.0	Inf	Inf
GLUt2rpp_f	chtbs6p_c	-0.0	0.0	0.0	Inf	Inf
GLUt2rpp_f	dmbzid_c	0.0	0.0	0.0	Inf	Inf
GLUt2rpp_f	dms_c	0.0	0.0	0.0	Inf	Inf
GLUt2rpp_f	dmso_c	0.0	0.0	0.0	Inf	Inf
GLUt2rpp_f	cl_c	-0.0	-0.0011580031003475856	38.86199773134489	-0.0	0.0
GLUt2rpp_f	glc__D_c	-0.0	-0.18331131005351364	0.0	-0.0	Inf
GLUt2rpp_f	co2_c	-0.0	-989.1323871039639	10.867612896036121	-0.0	0.0
GLUt2rpp_f	dscl_c	-0.0	-4.961281294476687e-05	0.02464937735921376	-0.0	0.0
GLUt2rpp_f	dtdp4aaddg_c	-0.0	0.0	0.0	Inf	Inf
GLUt2rpp_f	glyald_c	-0.0	-1000.0	0.0	-0.0	Inf
GLUt2rpp_f	crn_c	-0.0	-19.430998865672446	0.0	-0.0	Inf
GLUt2rpp_f	duri_c	-0.0	-0.005821385038123343	0.0	-0.0	Inf
GLUt2rpp_f	glyb_c	0.0	0.0	0.0	Inf	Inf
GLUt2rpp_f	glyc_c	-0.0	-0.1936703267801704	0.0	-0.0	Inf
GLUt2rpp_f	dxyl_c	0.0	0.0	0.0	Inf	Inf
GLUt2rpp_f	glycogen_c	-0.0	0.0	0.0	Inf	Inf
GLUt2rpp_f	gmhep1p_c	-0.0	0.0	0.13171222929463514	Inf	0.0
GLUt2rpp_f	lipa_cold_c	-0.0	0.0	0.0	Inf	Inf
GLUt2rpp_f	lipidA_c	-0.0	-0.0043285510701782486	0.01694762623895441	-0.0	0.0
GLUt2rpp_f	malt_c	0.0	0.0	0.0	Inf	Inf
GLUt2rpp_f	h2_c	-0.0	0.0	0.0	Inf	Inf
GLUt2rpp_f	malthx_c	-0.0	0.0	0.0	Inf	Inf
GLUt2rpp_f	maltpt_c	-0.0	0.0	0.0	Inf	Inf
GLUt2rpp_f	malttr_c	-0.0	0.0	0.0	Inf	Inf
GLUt2rpp_f	maltttr_c	-0.0	0.0	0.0	Inf	Inf
GLUt2rpp_f	h2o2_c	-0.0	-0.0008685579450061428	3.389525247790882	-0.0	0.0
GLUt2rpp_f	man_c	-0.0	0.0	0.0	Inf	Inf
GLUt2rpp_f	mdhdhf_c	-0.0	-16.74322184655487	9.922562588953374e-05	-0.0	0.0
GLUt2rpp_f	melib_c	-0.0	0.0	0.0	Inf	Inf
GLUt2rpp_f	meoh_c	-0.0	-1000.0	0.0	-0.0	Inf
GLUt2rpp_f	pacald_c	-0.0	-19.430998865672446	0.0	-0.0	Inf
GLUt2rpp_f	metsox_S__L_c	-0.0	-0.024295372252481684	0.0	-0.0	Inf
GLUt2rpp_f	mg2_c	-0.0	-0.0019300051671962137	9.715499432836223	-0.0	0.0
GLUt2rpp_f	hhlipa_c	-0.0	0.0	0.0	Inf	Inf
GLUt2rpp_f	pe120_c	-0.0	0.0	0.0	Inf	Inf
GLUt2rpp_f	mobd_c	-0.0	-2.869978865414765e-05	5.9316691836340425	-0.0	0.0
GLUt2rpp_f	hlipa_c	-0.0	0.0	0.0	Inf	Inf
GLUt2rpp_f	pg120_c	-0.0	-0.017314204280778192	0.0	-0.0	Inf
GLUt2rpp_f	mql8_c	0.0	0.0	0.0	Inf	Inf
GLUt2rpp_f	mqn8_c	-0.0	0.0	0.0	Inf	Inf
GLUt2rpp_f	mthgxl_c	-0.0	0.0	0.0008685579450061428	Inf	0.0
GLUt2rpp_f	hqn_c	0.0	0.0	0.0	Inf	Inf
GLUt2rpp_f	mththf_c	-0.0	-999.999900774374	9.922562588953374e-05	-0.0	0.0
GLUt2rpp_f	n2o_c	-0.0	-1000.0	0.0	-0.0	Inf
GLUt2rpp_f	na1_c	-0.0	0.0	0.0	Inf	Inf
GLUt2rpp_f	nac_c	-0.0	0.0	0.0	Inf	Inf
GLUt2rpp_f	ncam_c	-0.0	0.0	0.0	Inf	Inf
GLUt2rpp_f	ni2_c	-0.0	-7.186071112627667e-05	999.9999281392888	-0.0	0.0
GLUt2rpp_f	no_c	-0.0	-1000.0	0.0	-0.0	Inf
GLUt2rpp_f	indole_c	-0.0	-0.012646372763315619	0.1303663556842647	-0.0	0.0
GLUt2rpp_f	no2_c	-0.0	-19.430998865672446	0.0	-0.0	Inf
GLUt2rpp_f	no3_c	0.0	0.0	0.0	Inf	Inf
GLUt2rpp_f	inost_c	0.0	0.0	0.0	Inf	Inf
GLUt2rpp_f	o2_c	-0.0	-10.39286499674036	989.6071350032596	-0.0	0.0
GLUt2rpp_f	poaac_c	-0.0	-1.02705738996724	0.0	-0.0	Inf
GLUt2rpp_f	ppal_c	-0.0	0.0	0.0	Inf	Inf
GLUt2rpp_f	k_c	-0.0	-0.04342633989743444	23.72667673453617	-0.0	0.0
GLUt2rpp_f	psclys_c	-0.0	0.0	0.0	Inf	Inf
GLUt2rpp_f	lald__D_c	-0.0	0.0	0.0008685579450061428	Inf	0.0
GLUt2rpp_f	lald__L_c	-0.0	-0.46264283013505825	0.0	-0.0	Inf
GLUt2rpp_f	ura_c	-0.0	0.0	0.0	Inf	Inf
GLUt2rpp_f	pydx_c	-0.0	0.0	0.13171222929463508	Inf	0.0
GLUt2rpp_f	uracp_c	-0.0	-1.02705738996724	0.0	-0.0	Inf
GLUt2rpp_f	pydxn_c	-0.0	0.0	0.13171222929463508	Inf	0.0
GLUt2rpp_f	urate_c	-0.0	-0.0008685579450061428	0.0	-0.0	Inf
GLUt2rpp_f	q8_c	-0.0	0.0	0.0	Inf	Inf
GLUt2rpp_f	q8h2_c	0.0	0.0	0.0	Inf	Inf
GLUt2rpp_f	urea_c	-0.0	-1000.0	0.0	-0.0	Inf
GLUt2rpp_f	uri_c	-0.0	0.0	0.1621669563106168	Inf	0.0
GLUt2rpp_f	rbflvrd_c	-0.0	0.0	0.012147686126240842	Inf	0.0
GLUt2rpp_f	rbl__L_c	-0.0	-0.13171222929463508	0.0	-0.0	Inf
GLUt2rpp_f	rdmbzi_c	0.0	0.0	0.0	Inf	Inf
GLUt2rpp_f	thptdn_c	0.0	0.0	0.0	Inf	Inf
GLUt2rpp_f	xan_c	-0.0	-0.024295372252481684	0.0	-0.0	Inf
GLUt2rpp_f	rephaccoa_c	-0.0	-0.0001281478942019021	0.0	-0.0	Inf
GLUt2rpp_f	rib__D_c	-0.0	0.0	0.2588364734676673	Inf	0.0
GLUt2rpp_f	xtsn_c	-0.0	0.0	0.0	Inf	Inf
GLUt2rpp_f	rml_c	-0.0	-0.20893547167389726	0.0	-0.0	Inf
GLUt2rpp_f	thym_c	-0.0	-23.72667673453617	0.0	-0.0	Inf
GLUt2rpp_f	thymd_c	-0.0	-0.005821385038123343	0.0	-0.0	Inf
GLUt2rpp_f	xu5p__L_c	-0.0	-0.13171222929463508	0.0	-0.0	Inf
GLUt2rpp_f	rmn_c	-0.0	-0.20893547167389726	0.0	-0.0	Inf
GLUt2rpp_f	xyl__D_c	0.0	0.0	0.0	Inf	Inf
GLUt2rpp_f	tmao_c	0.0	0.0	0.0	Inf	Inf
GLUt2rpp_f	xylu__D_c	-0.0	0.0	0.0	Inf	Inf
GLUt2rpp_f	xylu__L_c	-0.0	-0.13171222929463508	0.0	-0.0	Inf
GLUt2rpp_f	12ppd__R_e	-0.0	-1000.0	0.0	-0.0	Inf
GLUt2rpp_f	12ppd__S_e	-0.0	-1000.0	0.0	-0.0	Inf
GLUt2rpp_f	tre_c	-0.0	-0.09165565502675682	0.0	-0.0	Inf
GLUt2rpp_f	seln_c	0.0	0.0	0.0	Inf	Inf
GLUt2rpp_f	34dhpac_e	-0.0	-1000.0	0.0	-0.0	Inf
GLUt2rpp_f	slnt_c	0.0	0.0	0.0	Inf	Inf
GLUt2rpp_f	so2_c	0.0	0.0	0.0	Inf	Inf
GLUt2rpp_f	so3_c	-0.0	-0.05514542026537583	1.02705738996724	-0.0	0.0
GLUt2rpp_f	so4_c	-0.0	-0.056110534088475106	23.72667673453617	-0.0	0.0
GLUt2rpp_f	4hoxpacd_e	-0.0	-1000.0	0.0	-0.0	Inf
GLUt2rpp_f	5mtr_e	-0.0	0.0	0.0	Inf	Inf
GLUt2rpp_f	LalaDgluMdap_e	-0.0	-1000.0	0.0	-0.0	Inf
GLUt2rpp_f	ac_e	-0.0	-0.9715499432836223	0.9490670693814469	-0.0	0.0
GLUt2rpp_f	acald_e	-0.0	-1000.0	0.0	-0.0	Inf
GLUt2rpp_f	acgal_e	-0.0	-1000.0	0.0	-0.0	Inf
GLUt2rpp_f	acgam_e	-0.0	-1000.0	0.0	-0.0	Inf
GLUt2rpp_f	acmana_e	-0.0	-1000.0	0.0	-0.0	Inf
GLUt2rpp_f	tagur_c	-0.0	0.0	0.0	Inf	Inf
GLUt2rpp_f	tartr__L_c	-0.0	-0.46264283013505825	0.0	-0.0	Inf
GLUt2rpp_f	ade_e	-0.0	-1000.0	0.0	-0.0	Inf
GLUt2rpp_f	adn_e	-0.0	-1000.0	0.0	-0.0	Inf
GLUt2rpp_f	all__D_e	-0.0	-1000.0	0.0	-0.0	Inf
GLUt2rpp_f	cl_e	-0.0	-0.0011580031003859403	999.9988419968996	-0.0	0.0
GLUt2rpp_f	alltn_e	-0.0	0.0	0.0	Inf	Inf
GLUt2rpp_f	cm_e	-0.0	-1000.0	0.0	-0.0	Inf
GLUt2rpp_f	co2_e	-0.0	-989.1323871039639	10.867612896036121	-0.0	0.0
GLUt2rpp_f	arab__L_e	-0.0	-1000.0	0.0	-0.0	Inf
GLUt2rpp_f	arbt_e	-0.0	-1000.0	0.0	-0.0	Inf
GLUt2rpp_f	unagamu_c	-0.0	0.0	0.013513913025884736	Inf	0.0
GLUt2rpp_f	crn_e	-0.0	-1000.0	0.0	-0.0	Inf
GLUt2rpp_f	csn_e	-0.0	-1000.0	0.0	-0.0	Inf
GLUt2rpp_f	cyan_e	-0.0	-1000.0	0.0	-0.0	Inf
GLUt2rpp_f	glyb_e	-0.0	-1000.0	0.0	-0.0	Inf
GLUt2rpp_f	glyc_e	-0.0	-1000.0	0.0	-0.0	Inf
GLUt2rpp_f	cytd_e	-0.0	-1000.0	0.0	-0.0	Inf
GLUt2rpp_f	ca2_e	-0.0	-0.0011580031003859403	999.9988419968996	-0.0	0.0
GLUt2rpp_f	dad_2_e	-0.0	-1000.0	0.0	-0.0	Inf
GLUt2rpp_f	dcyt_e	-0.0	-1000.0	0.0	-0.0	Inf
GLUt2rpp_f	chol_e	-0.0	-1000.0	0.0	-0.0	Inf
GLUt2rpp_f	dha_e	-0.0	-1000.0	0.0	-0.0	Inf
GLUt2rpp_f	ppal_e	-0.0	-1000.0	0.0	-0.0	Inf
GLUt2rpp_f	h2_e	-0.0	-1000.0	0.0	-0.0	Inf
GLUt2rpp_f	dms_e	-0.0	-1000.0	0.0	-0.0	Inf
GLUt2rpp_f	dmso_e	-0.0	-1000.0	0.0	-0.0	Inf
GLUt2rpp_f	h2o2_e	-0.0	-1000.0	0.0	-0.0	Inf
GLUt2rpp_f	psclys_e	-0.0	-1000.0	0.0	-0.0	Inf
GLUt2rpp_f	duri_e	-0.0	-1000.0	0.0	-0.0	Inf
GLUt2rpp_f	pydx_e	-0.0	-1000.0	0.0	-0.0	Inf
GLUt2rpp_f	pydxn_e	-0.0	-1000.0	0.0	-0.0	Inf
GLUt2rpp_f	etoh_e	-0.0	-1000.0	0.0	-0.0	Inf
GLUt2rpp_f	fald_e	-0.0	0.0	0.0	Inf	Inf
GLUt2rpp_f	rib__D_e	-0.0	-1000.0	0.0	-0.0	Inf
GLUt2rpp_f	rmn_e	-0.0	-1000.0	0.0	-0.0	Inf
GLUt2rpp_f	indole_e	-0.0	-1000.0	0.0	-0.0	Inf
GLUt2rpp_f	inost_e	-0.0	-1000.0	0.0	-0.0	Inf
GLUt2rpp_f	sbt__D_e	-0.0	-0.18683652755454275	0.0	-0.0	Inf
GLUt2rpp_f	k_e	-0.0	-0.043426339897450816	999.9565736601025	-0.0	0.0
GLUt2rpp_f	for_e	-0.0	0.0	0.0005457409431275975	Inf	0.0
GLUt2rpp_f	slnt_e	-0.0	0.0	1000.0	Inf	0.0
GLUt2rpp_f	fru_e	-0.0	-1000.0	0.0	-0.0	Inf
GLUt2rpp_f	so2_e	-0.0	-1000.0	0.0	-0.0	Inf
GLUt2rpp_f	so3_e	-0.0	-1000.0	0.0	-0.0	Inf
GLUt2rpp_f	so4_e	-0.0	-0.056110534088475106	999.9438894659115	-0.0	0.0
GLUt2rpp_f	lipa_cold_e	-0.0	-1000.0	0.0	-0.0	Inf
GLUt2rpp_f	sucr_e	-0.0	-1000.0	0.0	-0.0	Inf
GLUt2rpp_f	g3pe_e	-0.0	-1000.0	0.0	-0.0	Inf
GLUt2rpp_f	malt_e	-0.0	-1000.0	0.0	-0.0	Inf
GLUt2rpp_f	tartr__L_e	-0.0	-1000.0	0.0	-0.0	Inf
GLUt2rpp_f	g3pi_e	-0.0	-1000.0	0.0	-0.0	Inf
GLUt2rpp_f	malthx_e	-0.0	-1000.0	0.0	-0.0	Inf
GLUt2rpp_f	maltpt_e	-0.0	-1000.0	0.0	-0.0	Inf
GLUt2rpp_f	gal_e	-0.0	-1000.0	0.0	-0.0	Inf
GLUt2rpp_f	gal_bD_e	-0.0	-1000.0	0.0	-0.0	Inf
GLUt2rpp_f	malttr_e	-0.0	-1000.0	0.0	-0.0	Inf
GLUt2rpp_f	maltttr_e	-0.0	-1000.0	0.0	-0.0	Inf
GLUt2rpp_f	man_e	-0.0	-1000.0	0.0	-0.0	Inf
GLUt2rpp_f	thym_e	-0.0	-1000.0	0.0	-0.0	Inf
GLUt2rpp_f	thymd_e	-0.0	-1000.0	0.0	-0.0	Inf
GLUt2rpp_f	galt_e	-0.0	-0.19430998865672447	0.0	-0.0	Inf
GLUt2rpp_f	melib_e	-0.0	-1000.0	0.0	-0.0	Inf
GLUt2rpp_f	meoh_e	-0.0	-1000.0	0.0	-0.0	Inf
GLUt2rpp_f	tmao_e	-0.0	-1000.0	0.0	-0.0	Inf
GLUt2rpp_f	tre_e	-0.0	-1000.0	0.0	-0.0	Inf
GLUt2rpp_f	metsox_S__L_e	-0.0	-1000.0	0.0	-0.0	Inf
GLUt2rpp_f	glc__D_e	-0.0	-1000.0	0.0	-0.0	Inf
GLUt2rpp_f	mg2_e	-0.0	-0.0019300051671962137	999.9980699948328	-0.0	0.0
GLUt2rpp_f	mnl_e	-0.0	-1000.0	0.0	-0.0	Inf
GLUt2rpp_f	mobd_e	-0.0	-2.8699788686026295e-05	999.9999713002113	-0.0	0.0
GLUt2rpp_f	glyald_e	-0.0	-1000.0	0.0	-0.0	Inf
GLUt2rpp_f	n2o_e	-0.0	-1000.0	0.0	-0.0	Inf
GLUt2rpp_f	na1_e	-0.0	0.0	1000.0	Inf	0.0
GLUt2rpp_f	nac_e	-0.0	-1000.0	0.0	-0.0	Inf
GLUt2rpp_f	ni2_e	-0.0	-7.18607111593883e-05	999.9999281392888	-0.0	0.0
GLUt2rpp_f	no_e	-0.0	-1000.0	0.0	-0.0	Inf
GLUt2rpp_f	no2_e	-0.0	-1000.0	0.0	-0.0	Inf
GLUt2rpp_f	ura_e	-0.0	-1000.0	0.0	-0.0	Inf
GLUt2rpp_f	no3_e	-0.0	-1000.0	0.0	-0.0	Inf
GLUt2rpp_f	urea_e	-0.0	-1000.0	0.0	-0.0	Inf
GLUt2rpp_f	novbcn_e	-0.0	-1000.0	0.0	-0.0	Inf
GLUt2rpp_f	uri_e	-0.0	-1000.0	0.0	-0.0	Inf
GLUt2rpp_f	o2_e	-0.0	-10.3928649967404	989.6071350032596	-0.0	0.0
GLUt2rpp_f	xan_e	-0.0	0.0	0.0	Inf	Inf
GLUt2rpp_f	xtsn_e	-0.0	-1000.0	0.0	-0.0	Inf
GLUt2rpp_f	xyl__D_e	-0.0	-1000.0	0.0	-0.0	Inf
GLUt2rpp_f	xylu__L_e	-0.0	-1000.0	0.0	-0.0	Inf
GLUt2rpp_f	pacald_e	-0.0	-1000.0	0.0	-0.0	Inf
GLUt2rpp_f	12dgr120_p	-0.0	0.0	0.0	Inf	Inf
GLUt2rpp_f	12dgr140_p	-0.0	0.0	0.0	Inf	Inf
GLUt2rpp_f	12dgr160_p	-0.0	0.0	0.0	Inf	Inf
GLUt2rpp_f	12dgr180_p	-0.0	0.0	0.0	Inf	Inf
GLUt2rpp_f	12ppd__R_p	-0.0	-1000.0	0.0	-0.0	Inf
GLUt2rpp_f	12ppd__S_p	-0.0	0.0	0.0	Inf	Inf
GLUt2rpp_f	chol_p	-0.0	-1000.0	0.0	-0.0	Inf
GLUt2rpp_f	cl_p	-0.0	-0.0011580031003859403	999.9988419968996	-0.0	0.0
GLUt2rpp_f	34dhpac_p	-0.0	-1000.0	0.0	-0.0	Inf
GLUt2rpp_f	cm_p	-0.0	0.0	0.0	Inf	Inf
GLUt2rpp_f	4hoxpacd_p	-0.0	-1000.0	0.0	-0.0	Inf
GLUt2rpp_f	co2_p	-0.0	-989.1323871039639	10.867612896036121	-0.0	0.0
GLUt2rpp_f	5mtr_p	-0.0	0.0	0.0	Inf	Inf
GLUt2rpp_f	LalaDgluMdap_p	-0.0	-0.006182245946677945	0.0	-0.0	Inf
GLUt2rpp_f	gal_p	-0.0	-1000.0	0.0	-0.0	Inf
GLUt2rpp_f	ac_p	-0.0	-0.9715499432836223	0.9490670693814469	-0.0	0.0
GLUt2rpp_f	crn_p	-0.0	-1000.0	0.0	-0.0	Inf
GLUt2rpp_f	gal_bD_p	-0.0	-1000.0	0.0	-0.0	Inf
GLUt2rpp_f	acald_p	-0.0	-1000.0	0.0	-0.0	Inf
GLUt2rpp_f	acgal_p	-0.0	-1000.0	0.0	-0.0	Inf
GLUt2rpp_f	csn_p	-0.0	0.0	0.0	Inf	Inf
GLUt2rpp_f	acgam_p	-0.0	-1000.0	0.0	-0.0	Inf
GLUt2rpp_f	galt_p	-0.0	-0.19430998865672447	0.0	-0.0	Inf
GLUt2rpp_f	acmana_p	-0.0	-1000.0	0.0	-0.0	Inf
GLUt2rpp_f	cyan_p	-0.0	0.0	0.0	Inf	Inf
GLUt2rpp_f	ade_p	-0.0	-1000.0	0.0	-0.0	Inf
GLUt2rpp_f	adn_p	-0.0	0.0	0.0001488384388343006	Inf	0.0
GLUt2rpp_f	cytd_p	-0.0	-0.035713438555906536	0.0	-0.0	Inf
GLUt2rpp_f	glc__D_p	-0.0	-1000.0	0.0	-0.0	Inf
GLUt2rpp_f	dad_2_p	-0.0	-1000.0	0.0	-0.0	Inf
GLUt2rpp_f	dcyt_p	-0.0	-1000.0	0.0	-0.0	Inf
GLUt2rpp_f	all__D_p	-0.0	0.0	0.0	Inf	Inf
GLUt2rpp_f	alltn_p	-0.0	0.0	0.0	Inf	Inf
GLUt2rpp_f	dha_p	-0.0	-1000.0	0.0	-0.0	Inf
GLUt2rpp_f	glyald_p	-0.0	-1000.0	0.0	-0.0	Inf
GLUt2rpp_f	glyb_p	0.0	0.0	0.0	Inf	Inf
GLUt2rpp_f	dms_p	-0.0	-1000.0	0.0	-0.0	Inf
GLUt2rpp_f	glyc_p	-0.0	-0.1936703267801704	0.0	-0.0	Inf
GLUt2rpp_f	dmso_p	-0.0	-1000.0	0.0	-0.0	Inf
GLUt2rpp_f	arab__L_p	-0.0	0.0	0.0	Inf	Inf
GLUt2rpp_f	arbt_p	0.0	0.0	0.0	Inf	Inf
GLUt2rpp_f	ca2_p	-0.0	-0.0011580031003859403	999.9988419968996	-0.0	0.0
GLUt2rpp_f	duri_p	-0.0	-1000.0	0.0	-0.0	Inf
GLUt2rpp_f	h2_p	-0.0	-1000.0	0.0	-0.0	Inf
GLUt2rpp_f	h2o2_p	-0.0	-1000.0	0.0	-0.0	Inf
GLUt2rpp_f	etoh_p	-0.0	-1000.0	0.0	-0.0	Inf
GLUt2rpp_f	fald_p	-0.0	0.0	0.0	Inf	Inf
GLUt2rpp_f	n2o_p	-0.0	-1000.0	0.0	-0.0	Inf
GLUt2rpp_f	na1_p	-0.0	0.0	0.0	Inf	Inf
GLUt2rpp_f	indole_p	-0.0	0.0	0.1310866117930175	Inf	0.0
GLUt2rpp_f	nac_p	-0.0	-1000.0	0.0	-0.0	Inf
GLUt2rpp_f	ni2_p	-0.0	-7.18607111593883e-05	999.9999281392888	-0.0	0.0
GLUt2rpp_f	inost_p	-0.0	-1000.0	0.0	-0.0	Inf
GLUt2rpp_f	no_p	-0.0	-1000.0	0.0	-0.0	Inf
GLUt2rpp_f	no2_p	-0.0	-1000.0	0.0	-0.0	Inf
GLUt2rpp_f	for_p	-0.0	0.0	0.0005457409431275975	Inf	0.0
GLUt2rpp_f	fru_p	-0.0	-1000.0	0.0	-0.0	Inf
GLUt2rpp_f	no3_p	-0.0	0.0	0.0	Inf	Inf
GLUt2rpp_f	k_p	-0.0	-0.043426339897450816	999.9565736601025	-0.0	0.0
GLUt2rpp_f	novbcn_p	-0.0	0.0	0.0	Inf	Inf
GLUt2rpp_f	o2_p	-0.0	-10.3928649967404	989.6071350032596	-0.0	0.0
GLUt2rpp_f	lipa_cold_p	-0.0	-5.9316691836340425	0.0	-0.0	Inf
GLUt2rpp_f	g3pe_p	-0.0	0.0	0.0	Inf	Inf
GLUt2rpp_f	g3pi_p	-0.0	0.0	0.0	Inf	Inf
GLUt2rpp_f	so3_p	-0.0	-1000.0	0.0	-0.0	Inf
GLUt2rpp_f	so4_p	-0.0	-0.056110534088475106	999.9438894659115	-0.0	0.0
GLUt2rpp_f	malt_p	0.0	0.0	0.0	Inf	Inf
GLUt2rpp_f	malthx_p	0.0	0.0	0.0	Inf	Inf
GLUt2rpp_f	maltpt_p	0.0	0.0	0.0	Inf	Inf
GLUt2rpp_f	sucr_p	-0.0	-1000.0	0.0	-0.0	Inf
GLUt2rpp_f	malttr_p	0.0	0.0	0.0	Inf	Inf
GLUt2rpp_f	maltttr_p	0.0	0.0	0.0	Inf	Inf
GLUt2rpp_f	pacald_p	-0.0	-1000.0	0.0	-0.0	Inf
GLUt2rpp_f	man_p	-0.0	-1000.0	0.0	-0.0	Inf
GLUt2rpp_f	tartr__L_p	-0.0	-1000.0	0.0	-0.0	Inf
GLUt2rpp_f	pe120_p	-0.0	0.0	0.0	Inf	Inf
GLUt2rpp_f	melib_p	-0.0	-1000.0	0.0	-0.0	Inf
GLUt2rpp_f	meoh_p	-0.0	-1000.0	0.0	-0.0	Inf
GLUt2rpp_f	thym_p	-0.0	-1000.0	0.0	-0.0	Inf
GLUt2rpp_f	thymd_p	-0.0	-0.005821385038123343	0.0	-0.0	Inf
GLUt2rpp_f	pg120_p	-0.0	-0.017314204280778192	0.0	-0.0	Inf
GLUt2rpp_f	metsox_S__L_p	-0.0	-1000.0	0.0	-0.0	Inf
GLUt2rpp_f	tmao_p	-0.0	-1000.0	0.0	-0.0	Inf
GLUt2rpp_f	mg2_p	-0.0	-0.0019300051671962137	999.9980699948328	-0.0	0.0
GLUt2rpp_f	tre_p	-0.0	0.0	0.0	Inf	Inf
GLUt2rpp_f	mnl_p	-0.0	0.0	0.0	Inf	Inf
GLUt2rpp_f	mobd_p	-0.0	-2.8699788686026295e-05	999.9999713002113	-0.0	0.0
GLUt2rpp_f	ura_p	-0.0	-1000.0	0.0	-0.0	Inf
GLUt2rpp_f	urea_p	-0.0	-1000.0	0.0	-0.0	Inf
GLUt2rpp_f	uri_p	-0.0	0.0	0.0	Inf	Inf
GLUt2rpp_f	xan_p	-0.0	-0.024295372252481684	0.0	-0.0	Inf
GLUt2rpp_f	xtsn_p	-0.0	0.0	0.0	Inf	Inf
GLUt2rpp_f	xyl__D_p	-0.0	0.0	0.0	Inf	Inf
GLUt2rpp_f	xylu__L_p	-0.0	-1000.0	0.0	-0.0	Inf
GLUt2rpp_f	ppal_p	-0.0	-1000.0	0.0	-0.0	Inf
GLUt2rpp_f	psclys_p	-0.0	-1000.0	0.0	-0.0	Inf
GLUt2rpp_f	pydx_p	-0.0	0.0	0.0	Inf	Inf
GLUt2rpp_f	pydxn_p	-0.0	0.0	0.0	Inf	Inf
GLUt2rpp_f	rib__D_p	-0.0	-1000.0	0.0	-0.0	Inf
GLUt2rpp_f	rmn_p	-0.0	-1000.0	0.0	-0.0	Inf
GLUt2rpp_f	sbt__D_p	-0.0	-0.18683652755454275	0.0	-0.0	Inf
GLUt2rpp_f	slnt_p	-0.0	0.0	0.0	Inf	Inf
GLUt2rpp_f	so2_p	-0.0	-1000.0	0.0	-0.0	Inf
