Reaction	Metabolite	ShadowPrice	G-	G+	DecrementalShadowPrice	IncrementalShadowPrice
GLYAT_f	12dgr120_c	-0.0	0.0	0.0	Inf	Inf
GLYAT_f	12dgr140_c	-0.0	0.0	0.0	Inf	Inf
GLYAT_f	12dgr160_c	-0.0	-0.014197273745537586	0.0	-0.0	Inf
GLYAT_f	12dgr180_c	-0.0	0.0	0.0	Inf	Inf
GLYAT_f	12ppd__R_c	-0.0	-1000.0	0.0	-0.0	Inf
GLYAT_f	12ppd__S_c	-0.0	0.0	0.0	Inf	Inf
GLYAT_f	5drib_c	-0.0	-999.999950387187	4.961281294476687e-05	-0.0	0.0
GLYAT_f	5mta_c	-0.0	-0.024295372249980574	0.0	-0.0	Inf
GLYAT_f	23dhacoa_c	-0.0	-0.00012814789386084158	0.0	-0.0	Inf
GLYAT_f	5mtr_c	-0.0	-978.8007614763758	0.0	-0.0	Inf
GLYAT_f	3amac_c	-0.0	-1.027057389980314	0.0	-0.0	Inf
GLYAT_f	LalaDgluMdap_c	-0.0	-0.006182245946677945	0.0	-0.0	Inf
GLYAT_f	ac_c	-0.0	-37.646183133706764	0.8153553278317006	-0.0	0.0
GLYAT_f	acald_c	-0.0	-25.447791132584257	0.513528694990157	-0.0	0.0
GLYAT_f	acetol_c	-0.0	0.0	0.0003121380115881355	Inf	0.0
GLYAT_f	acgam_c	-0.0	-0.021021594033711434	0.0	-0.0	Inf
GLYAT_f	acgam6p_c	-0.0	-0.021021594033711434	0.0	-0.0	Inf
GLYAT_f	acmalt_c	0.0	0.0	0.0	Inf	Inf
GLYAT_f	acmana_c	-0.0	-0.021021594033711434	0.0	-0.0	Inf
GLYAT_f	2dmmq8_c	-0.0	0.0	0.0	Inf	Inf
GLYAT_f	2dmmql8_c	0.0	0.0	0.0	Inf	Inf
GLYAT_f	ade_c	-0.0	-0.024295372249980574	0.0001488384388343006	-0.0	0.0
GLYAT_f	adn_c	-0.0	0.0	0.0001488384388343006	Inf	0.0
GLYAT_f	3sala_c	0.0	0.0	0.0	Inf	Inf
GLYAT_f	adphep_DD_c	-0.0	0.0	0.0	Inf	Inf
GLYAT_f	adphep_LD_c	-0.0	0.0	0.0	Inf	Inf
GLYAT_f	4ahmmp_c	0.0	0.0	0.0	Inf	Inf
GLYAT_f	4crsol_c	-0.0	-999.999950387187	4.961281294476687e-05	-0.0	0.0
GLYAT_f	2ohph_c	-0.0	-4.961281294476687e-05	0.018854940874851064	-0.0	0.0
GLYAT_f	2ombzl_c	-0.0	0.0	0.0	Inf	Inf
GLYAT_f	2omhmbl_c	-0.0	0.0	0.0	Inf	Inf
GLYAT_f	2ommbl_c	0.0	0.0	0.0	Inf	Inf
GLYAT_f	2omph_c	-0.0	0.0	0.0169661772898153	Inf	0.0
GLYAT_f	4mhetz_c	0.0	0.0	0.0	Inf	Inf
GLYAT_f	2oph_c	-0.0	-4.961281294476687e-05	0.018854940874851064	-0.0	0.0
GLYAT_f	2oxpaccoa_c	-0.0	-0.00012814789386084158	0.0	-0.0	Inf
GLYAT_f	all__D_c	-0.0	-0.1936703267798087	0.0	-0.0	Inf
GLYAT_f	alltn_c	-0.0	0.0	0.0	Inf	Inf
GLYAT_f	4r5au_c	-0.0	-9.922562639985699e-05	0.11733895861784621	-0.0	0.0
GLYAT_f	56dura_c	0.0	0.0	0.0	Inf	Inf
GLYAT_f	arab__L_c	-0.0	-0.13171222929361193	0.0	-0.0	Inf
GLYAT_f	etoh_c	-0.0	-1000.0	0.0	-0.0	Inf
GLYAT_f	csn_c	-0.0	0.0	0.03423684555400541	Inf	0.0
GLYAT_f	fald_c	-0.0	0.0	0.0	Inf	Inf
GLYAT_f	fc1p_c	-0.0	-0.21461012270570076	0.0	-0.0	Inf
GLYAT_f	fcl__L_c	-0.0	0.0	0.0	Inf	Inf
GLYAT_f	aso4_c	0.0	0.0	0.0	Inf	Inf
GLYAT_f	cyan_c	0.0	0.0	0.0	Inf	Inf
GLYAT_f	athtp_c	0.0	0.0	0.0	Inf	Inf
GLYAT_f	cytd_c	-0.0	-0.035713438555837904	0.0	-0.0	Inf
GLYAT_f	dad_2_c	-0.0	0.0	0.0	Inf	Inf
GLYAT_f	dad_5_c	-0.0	-0.024295372249980574	4.961281294476687e-05	-0.0	0.0
GLYAT_f	betald_c	0.0	0.0	0.0	Inf	Inf
GLYAT_f	btal_c	-0.0	-7.952240044859764	0.0	-0.0	Inf
GLYAT_f	for_c	-0.0	-0.024295372249980574	0.0005457409441760319	-0.0	0.0
GLYAT_f	dcyt_c	-0.0	-0.005821385038188964	0.0	-0.0	Inf
GLYAT_f	fru_c	-0.0	0.0	0.0	Inf	Inf
GLYAT_f	ca2_c	-0.0	-0.0011580031003859403	978.8007614763758	-0.0	0.0
GLYAT_f	g3pe_c	-0.0	-0.030930807883789456	0.0	-0.0	Inf
GLYAT_f	g3pi_c	0.0	0.0	0.0	Inf	Inf
GLYAT_f	cbm_c	-0.0	-2.4029532115787333	0.0	-0.0	Inf
GLYAT_f	dha_c	-0.0	-0.1936703267798087	0.0	-0.0	Inf
GLYAT_f	gal_c	-0.0	0.0	0.0	Inf	Inf
GLYAT_f	dhgly_c	-0.0	-4.961281294476687e-05	0.07544212997731038	-0.0	0.0
GLYAT_f	dhmptp_c	0.0	0.0	0.0	Inf	Inf
GLYAT_f	gcald_c	-0.0	-2.3928179961643465	0.0001488384390313513	-0.0	0.0
GLYAT_f	dhptd_c	-0.0	-16.74322184654759	9.922562588953374e-05	-0.0	0.0
GLYAT_f	cechddd_c	-0.0	0.0	0.0	Inf	Inf
GLYAT_f	dhptdn_c	0.0	0.0	0.0	Inf	Inf
GLYAT_f	chol_c	0.0	0.0	0.0	Inf	Inf
GLYAT_f	chtbs6p_c	-0.0	0.0	0.0	Inf	Inf
GLYAT_f	dmbzid_c	0.0	0.0	0.0	Inf	Inf
GLYAT_f	dms_c	0.0	0.0	0.0	Inf	Inf
GLYAT_f	dmso_c	0.0	0.0	0.0	Inf	Inf
GLYAT_f	cl_c	-0.0	-0.0011580031003475856	999.9988419968996	-0.0	0.0
GLYAT_f	glc__D_c	-0.0	0.0	0.0	Inf	Inf
GLYAT_f	co2_c	-0.0	-989.1323871039522	10.86761289604783	-0.0	0.0
GLYAT_f	dscl_c	-0.0	-4.961281294476687e-05	0.023519865225914437	-0.0	0.0
GLYAT_f	dtdp4aaddg_c	-0.0	0.0	0.0	Inf	Inf
GLYAT_f	glyald_c	-0.0	-1000.0	0.0	-0.0	Inf
GLYAT_f	crn_c	-0.0	-978.8007614763758	0.0	-0.0	Inf
GLYAT_f	duri_c	-0.0	-0.005821385038188964	0.0	-0.0	Inf
GLYAT_f	glyb_c	0.0	0.0	0.0	Inf	Inf
GLYAT_f	glyc_c	-0.0	-0.1936703267798087	0.0	-0.0	Inf
GLYAT_f	dxyl_c	0.0	0.0	0.0	Inf	Inf
GLYAT_f	glycogen_c	-0.0	0.0	0.0	Inf	Inf
GLYAT_f	gmhep1p_c	-0.0	0.0	0.1317122292936119	Inf	0.0
GLYAT_f	lipa_cold_c	-0.0	0.0	0.0	Inf	Inf
GLYAT_f	lipidA_c	-0.0	-0.004328551070187814	0.015142313231160155	-0.0	0.0
GLYAT_f	malt_c	0.0	0.0	0.0	Inf	Inf
GLYAT_f	h2_c	-0.0	0.0	0.0	Inf	Inf
GLYAT_f	malthx_c	-0.0	0.0	0.0	Inf	Inf
GLYAT_f	maltpt_c	-0.0	0.0	0.0	Inf	Inf
GLYAT_f	malttr_c	-0.0	0.0	0.0	Inf	Inf
GLYAT_f	maltttr_c	-0.0	0.0	0.0	Inf	Inf
GLYAT_f	h2o2_c	-0.0	-0.0003121380115881355	3.028462646232031	-0.0	0.0
GLYAT_f	man_c	-0.0	0.0	0.0	Inf	Inf
GLYAT_f	mdhdhf_c	-0.0	-16.74322184654759	9.922562588953374e-05	-0.0	0.0
GLYAT_f	melib_c	-0.0	0.0	0.0	Inf	Inf
GLYAT_f	meoh_c	-0.0	-1000.0	0.0	-0.0	Inf
GLYAT_f	pacald_c	-0.0	-978.8007614763758	0.0	-0.0	Inf
GLYAT_f	metsox_S__L_c	-0.0	-0.024295372249980574	0.0	-0.0	Inf
GLYAT_f	mg2_c	-0.0	-0.0019300051671962137	489.4003807381879	-0.0	0.0
GLYAT_f	hhlipa_c	-0.0	0.0	0.0	Inf	Inf
GLYAT_f	pe120_c	-0.0	0.0	0.0	Inf	Inf
GLYAT_f	mobd_c	-0.0	-2.869978865414765e-05	5.299809630906054	-0.0	0.0
GLYAT_f	hlipa_c	-0.0	0.0	0.0	Inf	Inf
GLYAT_f	pg120_c	-0.0	0.0	0.0	Inf	Inf
GLYAT_f	mql8_c	0.0	0.0	0.0	Inf	Inf
GLYAT_f	mqn8_c	-0.0	0.0	0.0	Inf	Inf
GLYAT_f	mthgxl_c	-0.0	0.0	0.0003121380115881355	Inf	0.0
GLYAT_f	hqn_c	0.0	0.0	0.0	Inf	Inf
GLYAT_f	mththf_c	-0.0	-999.999900774374	9.922562588953374e-05	-0.0	0.0
GLYAT_f	n2o_c	-0.0	-1000.0	0.0	-0.0	Inf
GLYAT_f	na1_c	-0.0	0.0	0.0	Inf	Inf
GLYAT_f	nac_c	-0.0	0.0	0.0	Inf	Inf
GLYAT_f	ncam_c	-0.0	0.0	0.0	Inf	Inf
GLYAT_f	ni2_c	-0.0	-7.186071112627667e-05	999.9999281392888	-0.0	0.0
GLYAT_f	no_c	-0.0	-1000.0	0.0	-0.0	Inf
GLYAT_f	indole_c	-0.0	-0.012646372763315619	0.11909684563833829	-0.0	0.0
GLYAT_f	no2_c	-0.0	-978.8007614763758	0.0	-0.0	Inf
GLYAT_f	no3_c	0.0	0.0	0.0	Inf	Inf
GLYAT_f	inost_c	0.0	0.0	0.0	Inf	Inf
GLYAT_f	o2_c	-0.0	-10.392864996749715	741.5960883231969	-0.0	0.0
GLYAT_f	poaac_c	-0.0	-1.027057389980314	0.0	-0.0	Inf
GLYAT_f	ppal_c	-0.0	0.0	0.0	Inf	Inf
GLYAT_f	k_c	-0.0	-0.04342633989743444	21.199238523624217	-0.0	0.0
GLYAT_f	psclys_c	-0.0	0.0	0.0	Inf	Inf
GLYAT_f	lald__D_c	-0.0	0.0	0.0003121380115881355	Inf	0.0
GLYAT_f	lald__L_c	-0.0	-0.6322396581275598	0.0	-0.0	Inf
GLYAT_f	ura_c	-0.0	0.0	0.0	Inf	Inf
GLYAT_f	pydx_c	-0.0	0.0	0.0003121380115881355	Inf	0.0
GLYAT_f	uracp_c	-0.0	-1.027057389980314	0.0	-0.0	Inf
GLYAT_f	pydxn_c	-0.0	0.0	0.13171222929361193	Inf	0.0
GLYAT_f	urate_c	-0.0	0.0	0.0	Inf	Inf
GLYAT_f	q8_c	-0.0	0.0	0.0	Inf	Inf
GLYAT_f	q8h2_c	-0.0	0.0	0.0	Inf	Inf
GLYAT_f	urea_c	-0.0	-1000.0	0.0	-0.0	Inf
GLYAT_f	uri_c	-0.0	0.0	0.14653851514025953	Inf	0.0
GLYAT_f	rbflvrd_c	-0.0	0.0	0.012147686124990287	Inf	0.0
GLYAT_f	rbl__L_c	-0.0	-0.13171222929361193	0.0	-0.0	Inf
GLYAT_f	rdmbzi_c	0.0	0.0	0.0	Inf	Inf
GLYAT_f	thptdn_c	0.0	0.0	0.0	Inf	Inf
GLYAT_f	xan_c	-0.0	-0.024295372249980574	0.0	-0.0	Inf
GLYAT_f	rephaccoa_c	-0.0	-0.00012814789386084158	0.0	-0.0	Inf
GLYAT_f	rib__D_c	-0.0	0.0	0.0	Inf	Inf
GLYAT_f	xtsn_c	-0.0	0.0	0.0	Inf	Inf
GLYAT_f	rml_c	-0.0	-0.2251079417840714	0.0	-0.0	Inf
GLYAT_f	thym_c	-0.0	-21.199238523624217	0.0	-0.0	Inf
GLYAT_f	thymd_c	-0.0	0.0	0.10444651423528616	Inf	0.0
GLYAT_f	xu5p__L_c	-0.0	-0.13171222929361193	0.0	-0.0	Inf
GLYAT_f	rmn_c	-0.0	-0.2251079417840714	0.0	-0.0	Inf
GLYAT_f	xyl__D_c	0.0	0.0	0.0	Inf	Inf
GLYAT_f	tmao_c	0.0	0.0	0.0	Inf	Inf
GLYAT_f	xylu__D_c	-0.0	0.0	0.0	Inf	Inf
GLYAT_f	xylu__L_c	-0.0	-0.13171222929361193	0.0	-0.0	Inf
GLYAT_f	12ppd__R_e	-0.0	-1000.0	0.0	-0.0	Inf
GLYAT_f	12ppd__S_e	-0.0	-1000.0	0.0	-0.0	Inf
GLYAT_f	tre_c	-0.0	0.0	0.0	Inf	Inf
GLYAT_f	seln_c	0.0	0.0	0.0	Inf	Inf
GLYAT_f	34dhpac_e	-0.0	-1000.0	0.0	-0.0	Inf
GLYAT_f	slnt_c	0.0	0.0	0.0	Inf	Inf
GLYAT_f	so2_c	0.0	0.0	0.0	Inf	Inf
GLYAT_f	so3_c	-0.0	-0.055145420264991224	1.027057389980314	-0.0	0.0
GLYAT_f	so4_c	-0.0	-0.05611053408810512	21.199238523624217	-0.0	0.0
GLYAT_f	4hoxpacd_e	-0.0	-1000.0	0.0	-0.0	Inf
GLYAT_f	5mtr_e	-0.0	-1000.0	0.0	-0.0	Inf
GLYAT_f	LalaDgluMdap_e	-0.0	-1000.0	0.0	-0.0	Inf
GLYAT_f	ac_e	-0.0	-39.152030459055034	0.8479695409449687	-0.0	0.0
GLYAT_f	acald_e	-0.0	-1000.0	0.0	-0.0	Inf
GLYAT_f	acgal_e	-0.0	-1000.0	0.0	-0.0	Inf
GLYAT_f	acgam_e	-0.0	-1000.0	0.0	-0.0	Inf
GLYAT_f	acmana_e	-0.0	-1000.0	0.0	-0.0	Inf
GLYAT_f	tagur_c	-0.0	0.0	0.0	Inf	Inf
GLYAT_f	tartr__L_c	-0.0	-2.3928179961643465	0.0	-0.0	Inf
GLYAT_f	ade_e	-0.0	-1000.0	0.0	-0.0	Inf
GLYAT_f	adn_e	-0.0	-1000.0	0.0	-0.0	Inf
GLYAT_f	all__D_e	-0.0	-1000.0	0.0	-0.0	Inf
GLYAT_f	cl_e	-0.0	-0.0011580031003859403	999.9988419968996	-0.0	0.0
GLYAT_f	alltn_e	-0.0	0.0	0.0	Inf	Inf
GLYAT_f	cm_e	-0.0	-1000.0	0.0	-0.0	Inf
GLYAT_f	co2_e	-0.0	-989.1323871039522	10.86761289604783	-0.0	0.0
GLYAT_f	arab__L_e	-0.0	-1000.0	0.0	-0.0	Inf
GLYAT_f	arbt_e	-0.0	-1000.0	0.0	-0.0	Inf
GLYAT_f	unagamu_c	-0.0	0.0	0.012871425940269713	Inf	0.0
GLYAT_f	crn_e	-0.0	-1000.0	0.0	-0.0	Inf
GLYAT_f	csn_e	-0.0	-1000.0	0.0	-0.0	Inf
GLYAT_f	cyan_e	-0.0	-1000.0	0.0	-0.0	Inf
GLYAT_f	glyb_e	-0.0	-1000.0	0.0	-0.0	Inf
GLYAT_f	glyc_e	-0.0	-1000.0	0.0	-0.0	Inf
GLYAT_f	cytd_e	-0.0	-1000.0	0.0	-0.0	Inf
GLYAT_f	ca2_e	-0.0	-0.0011580031003859403	999.9988419968996	-0.0	0.0
GLYAT_f	dad_2_e	-0.0	-1000.0	0.0	-0.0	Inf
GLYAT_f	dcyt_e	-0.0	-1000.0	0.0	-0.0	Inf
GLYAT_f	chol_e	-0.0	-1000.0	0.0	-0.0	Inf
GLYAT_f	dha_e	-0.0	-1000.0	0.0	-0.0	Inf
GLYAT_f	ppal_e	-0.0	-1000.0	0.0	-0.0	Inf
GLYAT_f	h2_e	-0.0	-1000.0	0.0	-0.0	Inf
GLYAT_f	dms_e	-0.0	-1000.0	0.0	-0.0	Inf
GLYAT_f	dmso_e	-0.0	-1000.0	0.0	-0.0	Inf
GLYAT_f	h2o2_e	-0.0	-1000.0	0.0	-0.0	Inf
GLYAT_f	psclys_e	-0.0	-1000.0	0.0	-0.0	Inf
GLYAT_f	duri_e	-0.0	-1000.0	0.0	-0.0	Inf
GLYAT_f	pydx_e	-0.0	-1000.0	0.0	-0.0	Inf
GLYAT_f	pydxn_e	-0.0	-1000.0	0.0	-0.0	Inf
GLYAT_f	etoh_e	-0.0	-1000.0	0.0	-0.0	Inf
GLYAT_f	fald_e	-0.0	0.0	0.0	Inf	Inf
GLYAT_f	rib__D_e	-0.0	-1000.0	0.0	-0.0	Inf
GLYAT_f	rmn_e	-0.0	-1000.0	0.0	-0.0	Inf
GLYAT_f	indole_e	-0.0	-1000.0	0.0	-0.0	Inf
GLYAT_f	inost_e	-0.0	-1000.0	0.0	-0.0	Inf
GLYAT_f	sbt__D_e	-0.0	-0.1936703267798087	0.0	-0.0	Inf
GLYAT_f	k_e	-0.0	-0.043426339897450816	999.9565736601025	-0.0	0.0
GLYAT_f	for_e	-0.0	0.0	0.0005457409441760319	Inf	0.0
GLYAT_f	slnt_e	-0.0	0.0	1000.0	Inf	0.0
GLYAT_f	fru_e	-0.0	-1000.0	0.0	-0.0	Inf
GLYAT_f	so2_e	-0.0	-1000.0	0.0	-0.0	Inf
GLYAT_f	so3_e	-0.0	-1000.0	0.0	-0.0	Inf
GLYAT_f	so4_e	-0.0	-0.056110534088134045	999.9438894659119	-0.0	0.0
GLYAT_f	lipa_cold_e	-0.0	-1000.0	0.0	-0.0	Inf
GLYAT_f	sucr_e	-0.0	-1000.0	0.0	-0.0	Inf
GLYAT_f	g3pe_e	-0.0	-1000.0	0.0	-0.0	Inf
GLYAT_f	malt_e	-0.0	-1000.0	0.0	-0.0	Inf
GLYAT_f	tartr__L_e	-0.0	-1000.0	0.0	-0.0	Inf
GLYAT_f	g3pi_e	-0.0	-1000.0	0.0	-0.0	Inf
GLYAT_f	malthx_e	-0.0	-1000.0	0.0	-0.0	Inf
GLYAT_f	maltpt_e	-0.0	-1000.0	0.0	-0.0	Inf
GLYAT_f	gal_e	-0.0	-1000.0	0.0	-0.0	Inf
GLYAT_f	gal_bD_e	-0.0	-1000.0	0.0	-0.0	Inf
GLYAT_f	malttr_e	-0.0	-1000.0	0.0	-0.0	Inf
GLYAT_f	maltttr_e	-0.0	-1000.0	0.0	-0.0	Inf
GLYAT_f	man_e	-0.0	-1000.0	0.0	-0.0	Inf
GLYAT_f	thym_e	-0.0	-1000.0	0.0	-0.0	Inf
GLYAT_f	thymd_e	-0.0	-1000.0	0.0	-0.0	Inf
GLYAT_f	galt_e	-0.0	-0.2251079417840714	0.0	-0.0	Inf
GLYAT_f	melib_e	-0.0	-1000.0	0.0	-0.0	Inf
GLYAT_f	meoh_e	-0.0	-1000.0	0.0	-0.0	Inf
GLYAT_f	tmao_e	-0.0	-1000.0	0.0	-0.0	Inf
GLYAT_f	tre_e	-0.0	-1000.0	0.0	-0.0	Inf
GLYAT_f	metsox_S__L_e	-0.0	-1000.0	0.0	-0.0	Inf
GLYAT_f	glc__D_e	-0.0	-1000.0	0.0	-0.0	Inf
GLYAT_f	mg2_e	-0.0	-0.0019300051671962137	999.9980699948328	-0.0	0.0
GLYAT_f	mnl_e	-0.0	-1000.0	0.0	-0.0	Inf
GLYAT_f	mobd_e	-0.0	-2.8699788686026295e-05	999.9999713002113	-0.0	0.0
GLYAT_f	glyald_e	-0.0	-1000.0	0.0	-0.0	Inf
GLYAT_f	n2o_e	-0.0	-1000.0	0.0	-0.0	Inf
GLYAT_f	na1_e	-0.0	0.0	1000.0	Inf	0.0
GLYAT_f	nac_e	-0.0	-1000.0	0.0	-0.0	Inf
GLYAT_f	ni2_e	-0.0	-7.18607111593883e-05	999.9999281392888	-0.0	0.0
GLYAT_f	no_e	-0.0	-1000.0	0.0	-0.0	Inf
GLYAT_f	no2_e	-0.0	-1000.0	0.0	-0.0	Inf
GLYAT_f	ura_e	-0.0	-1000.0	0.0	-0.0	Inf
GLYAT_f	no3_e	-0.0	-1000.0	0.0	-0.0	Inf
GLYAT_f	urea_e	-0.0	-1000.0	0.0	-0.0	Inf
GLYAT_f	novbcn_e	-0.0	-1000.0	0.0	-0.0	Inf
GLYAT_f	uri_e	-0.0	-1000.0	0.0	-0.0	Inf
GLYAT_f	o2_e	-0.0	-258.4039116768031	741.5960883231969	-0.0	0.0
GLYAT_f	xan_e	-0.0	0.0	0.0	Inf	Inf
GLYAT_f	xtsn_e	-0.0	-1000.0	0.0	-0.0	Inf
GLYAT_f	xyl__D_e	-0.0	-1000.0	0.0	-0.0	Inf
GLYAT_f	xylu__L_e	-0.0	-1000.0	0.0	-0.0	Inf
GLYAT_f	pacald_e	-0.0	-1000.0	0.0	-0.0	Inf
GLYAT_f	12dgr120_p	-0.0	0.0	0.0	Inf	Inf
GLYAT_f	12dgr140_p	-0.0	0.0	0.0	Inf	Inf
GLYAT_f	12dgr160_p	-0.0	-0.014197273745537586	0.0	-0.0	Inf
GLYAT_f	12dgr180_p	-0.0	0.0	0.0	Inf	Inf
GLYAT_f	12ppd__R_p	-0.0	-1000.0	0.0	-0.0	Inf
GLYAT_f	12ppd__S_p	-0.0	0.0	0.0	Inf	Inf
GLYAT_f	chol_p	-0.0	-1000.0	0.0	-0.0	Inf
GLYAT_f	cl_p	-0.0	-0.0011580031003859403	999.9988419968996	-0.0	0.0
GLYAT_f	34dhpac_p	-0.0	-1000.0	0.0	-0.0	Inf
GLYAT_f	cm_p	-0.0	0.0	0.0	Inf	Inf
GLYAT_f	4hoxpacd_p	-0.0	-1000.0	0.0	-0.0	Inf
GLYAT_f	co2_p	-0.0	-989.1323871039522	10.86761289604783	-0.0	0.0
GLYAT_f	5mtr_p	-0.0	-1000.0	0.0	-0.0	Inf
GLYAT_f	LalaDgluMdap_p	-0.0	0.0	0.0	Inf	Inf
GLYAT_f	gal_p	-0.0	-1000.0	0.0	-0.0	Inf
GLYAT_f	ac_p	-0.0	-39.152030459055034	0.8479695409449687	-0.0	0.0
GLYAT_f	crn_p	-0.0	-1000.0	0.0	-0.0	Inf
GLYAT_f	gal_bD_p	-0.0	-1000.0	0.0	-0.0	Inf
GLYAT_f	acald_p	-0.0	-1000.0	0.0	-0.0	Inf
GLYAT_f	acgal_p	-0.0	-1000.0	0.0	-0.0	Inf
GLYAT_f	csn_p	-0.0	0.0	0.0	Inf	Inf
GLYAT_f	acgam_p	-0.0	-1000.0	0.0	-0.0	Inf
GLYAT_f	galt_p	-0.0	-0.2251079417840714	0.0	-0.0	Inf
GLYAT_f	acmana_p	-0.0	-1000.0	0.0	-0.0	Inf
GLYAT_f	cyan_p	-0.0	0.0	0.0	Inf	Inf
GLYAT_f	ade_p	-0.0	-1000.0	0.0	-0.0	Inf
GLYAT_f	adn_p	-0.0	0.0	0.0001488384388343006	Inf	0.0
GLYAT_f	cytd_p	-0.0	-0.035713438555837904	0.0	-0.0	Inf
GLYAT_f	glc__D_p	-0.0	-1000.0	0.0	-0.0	Inf
GLYAT_f	dad_2_p	-0.0	-1000.0	0.0	-0.0	Inf
GLYAT_f	dcyt_p	-0.0	-1000.0	0.0	-0.0	Inf
GLYAT_f	all__D_p	-0.0	0.0	0.0	Inf	Inf
GLYAT_f	alltn_p	-0.0	0.0	0.0	Inf	Inf
GLYAT_f	dha_p	-0.0	-1000.0	0.0	-0.0	Inf
GLYAT_f	glyald_p	-0.0	-1000.0	0.0	-0.0	Inf
GLYAT_f	glyb_p	0.0	0.0	0.0	Inf	Inf
GLYAT_f	dms_p	-0.0	-1000.0	0.0	-0.0	Inf
GLYAT_f	glyc_p	-0.0	-0.1936703267798087	0.0	-0.0	Inf
GLYAT_f	dmso_p	-0.0	-1000.0	0.0	-0.0	Inf
GLYAT_f	arab__L_p	-0.0	0.0	0.0	Inf	Inf
GLYAT_f	arbt_p	0.0	0.0	0.0	Inf	Inf
GLYAT_f	ca2_p	-0.0	-0.0011580031003859403	999.9988419968996	-0.0	0.0
GLYAT_f	duri_p	-0.0	-1000.0	0.0	-0.0	Inf
GLYAT_f	h2_p	-0.0	-1000.0	0.0	-0.0	Inf
GLYAT_f	h2o2_p	-0.0	-1000.0	0.0	-0.0	Inf
GLYAT_f	etoh_p	-0.0	-1000.0	0.0	-0.0	Inf
GLYAT_f	fald_p	-0.0	0.0	0.0	Inf	Inf
GLYAT_f	n2o_p	-0.0	-1000.0	0.0	-0.0	Inf
GLYAT_f	na1_p	-0.0	0.0	0.0	Inf	Inf
GLYAT_f	indole_p	-0.0	0.0	0.11976970917301817	Inf	0.0
GLYAT_f	nac_p	-0.0	-1000.0	0.0	-0.0	Inf
GLYAT_f	ni2_p	-0.0	-7.18607111593883e-05	999.9999281392888	-0.0	0.0
GLYAT_f	inost_p	-0.0	-1000.0	0.0	-0.0	Inf
GLYAT_f	no_p	-0.0	-1000.0	0.0	-0.0	Inf
GLYAT_f	no2_p	-0.0	-1000.0	0.0	-0.0	Inf
GLYAT_f	for_p	-0.0	0.0	0.0005457409441760319	Inf	0.0
GLYAT_f	fru_p	-0.0	-1000.0	0.0	-0.0	Inf
GLYAT_f	no3_p	-0.0	0.0	0.0	Inf	Inf
GLYAT_f	k_p	-0.0	-0.043426339897450816	999.9565736601025	-0.0	0.0
GLYAT_f	novbcn_p	-0.0	0.0	0.0	Inf	Inf
GLYAT_f	o2_p	-0.0	-258.4039116768031	741.5960883231969	-0.0	0.0
GLYAT_f	lipa_cold_p	-0.0	-5.299809630906054	0.0	-0.0	Inf
GLYAT_f	g3pe_p	-0.0	0.0	0.0	Inf	Inf
GLYAT_f	g3pi_p	-0.0	0.0	0.0	Inf	Inf
GLYAT_f	so3_p	-0.0	-1000.0	0.0	-0.0	Inf
GLYAT_f	so4_p	-0.0	-0.05611053408810512	999.9438894659119	-0.0	0.0
GLYAT_f	malt_p	0.0	0.0	0.0	Inf	Inf
GLYAT_f	malthx_p	0.0	0.0	0.0	Inf	Inf
GLYAT_f	maltpt_p	0.0	0.0	0.0	Inf	Inf
GLYAT_f	sucr_p	-0.0	-1000.0	0.0	-0.0	Inf
GLYAT_f	malttr_p	0.0	0.0	0.0	Inf	Inf
GLYAT_f	maltttr_p	0.0	0.0	0.0	Inf	Inf
GLYAT_f	pacald_p	-0.0	-1000.0	0.0	-0.0	Inf
GLYAT_f	man_p	-0.0	-1000.0	0.0	-0.0	Inf
GLYAT_f	tartr__L_p	-0.0	-1000.0	0.0	-0.0	Inf
GLYAT_f	pe120_p	-0.0	-0.017314204280778192	0.0	-0.0	Inf
GLYAT_f	melib_p	-0.0	-1000.0	0.0	-0.0	Inf
GLYAT_f	meoh_p	-0.0	-1000.0	0.0	-0.0	Inf
GLYAT_f	thym_p	-0.0	-1000.0	0.0	-0.0	Inf
GLYAT_f	thymd_p	-0.0	0.0	0.0	Inf	Inf
GLYAT_f	pg120_p	-0.0	-0.017314204280778192	0.0	-0.0	Inf
GLYAT_f	metsox_S__L_p	-0.0	-1000.0	0.0	-0.0	Inf
GLYAT_f	tmao_p	-0.0	-1000.0	0.0	-0.0	Inf
GLYAT_f	mg2_p	-0.0	-0.0019300051671962137	999.9980699948328	-0.0	0.0
GLYAT_f	tre_p	-0.0	0.0	0.0	Inf	Inf
GLYAT_f	mnl_p	-0.0	0.0	0.0	Inf	Inf
GLYAT_f	mobd_p	-0.0	-2.8699788686026295e-05	999.9999713002113	-0.0	0.0
GLYAT_f	ura_p	-0.0	-1000.0	0.0	-0.0	Inf
GLYAT_f	urea_p	-0.0	-1000.0	0.0	-0.0	Inf
GLYAT_f	uri_p	-0.0	0.0	0.0	Inf	Inf
GLYAT_f	xan_p	-0.0	-0.024295372249980574	0.0	-0.0	Inf
GLYAT_f	xtsn_p	-0.0	0.0	0.0	Inf	Inf
GLYAT_f	xyl__D_p	-0.0	0.0	0.0	Inf	Inf
GLYAT_f	xylu__L_p	-0.0	-1000.0	0.0	-0.0	Inf
GLYAT_f	ppal_p	-0.0	-1000.0	0.0	-0.0	Inf
GLYAT_f	psclys_p	-0.0	-1000.0	0.0	-0.0	Inf
GLYAT_f	pydx_p	-0.0	0.0	0.0	Inf	Inf
GLYAT_f	pydxn_p	-0.0	0.0	0.0	Inf	Inf
GLYAT_f	rib__D_p	-0.0	-1000.0	0.0	-0.0	Inf
GLYAT_f	rmn_p	-0.0	-1000.0	0.0	-0.0	Inf
GLYAT_f	sbt__D_p	-0.0	-0.1936703267798087	0.0	-0.0	Inf
GLYAT_f	slnt_p	-0.0	0.0	0.0	Inf	Inf
GLYAT_f	so2_p	-0.0	-1000.0	0.0	-0.0	Inf
