Reaction	Metabolite	ShadowPrice	G-	G+	DecrementalShadowPrice	IncrementalShadowPrice
DKGLCNR2y	12dgr120_c	-0.0	0.0	0.0	Inf	Inf
DKGLCNR2y	12dgr140_c	-0.0	0.0	0.0	Inf	Inf
DKGLCNR2y	12dgr160_c	-0.0	-0.039880707249722036	0.0	-0.0	Inf
DKGLCNR2y	12dgr180_c	-0.0	0.0	0.0	Inf	Inf
DKGLCNR2y	12ppd__R_c	-0.0	-1000.0	0.0	-0.0	Inf
DKGLCNR2y	12ppd__S_c	-0.0	0.0	0.0	Inf	Inf
DKGLCNR2y	5drib_c	-0.0	-999.9998593857283	0.00014061427165186504	-0.0	0.0
DKGLCNR2y	5mta_c	-0.0	-0.06825041774300189	0.0	-0.0	Inf
DKGLCNR2y	23dhacoa_c	-0.0	-0.00035997253689856734	0.0	-0.0	Inf
DKGLCNR2y	5mtr_c	-0.0	-1000.0	0.0	-0.0	Inf
DKGLCNR2y	3amac_c	-0.0	-5.747086518570995	0.0	-0.0	Inf
DKGLCNR2y	LalaDgluMdap_c	-0.0	-0.017366175025164562	0.0	-0.0	Inf
DKGLCNR2y	ac_c	-0.0	-2.66820392592274	0.3640822218761741	-0.0	0.0
DKGLCNR2y	acald_c	-0.0	0.0	1.1047039906465295	Inf	0.0
DKGLCNR2y	acetol_c	-0.0	0.0	0.0	Inf	Inf
DKGLCNR2y	acgam_c	-0.0	-0.059050494665895306	0.0	-0.0	Inf
DKGLCNR2y	acgam6p_c	-0.0	-0.059050494665895306	0.0	-0.0	Inf
DKGLCNR2y	acmalt_c	0.0	0.0	0.0	Inf	Inf
DKGLCNR2y	acmana_c	-0.0	-0.059050494665895306	0.0	-0.0	Inf
DKGLCNR2y	2dmmq8_c	-0.0	0.0	0.0	Inf	Inf
DKGLCNR2y	2dmmql8_c	0.0	0.0	0.0	Inf	Inf
DKGLCNR2y	ade_c	-0.0	-0.06825041774300189	0.1500000000039563	-0.0	0.0
DKGLCNR2y	adn_c	-0.0	-0.06825041774300189	0.1500000000039563	-0.0	0.0
DKGLCNR2y	3sala_c	0.0	0.0	0.0	Inf	Inf
DKGLCNR2y	adphep_DD_c	-0.0	0.0	0.0	Inf	Inf
DKGLCNR2y	adphep_LD_c	-0.0	0.0	0.0	Inf	Inf
DKGLCNR2y	4ahmmp_c	0.0	0.0	0.0	Inf	Inf
DKGLCNR2y	4crsol_c	-0.0	-999.999860635633	0.00013936436701495958	-0.0	0.0
DKGLCNR2y	2ohph_c	-0.0	-0.00013936436701495958	0.06137244392480717	-0.0	0.0
DKGLCNR2y	2ombzl_c	-0.0	0.0	0.0	Inf	Inf
DKGLCNR2y	2omhmbl_c	-0.0	0.0	0.0	Inf	Inf
DKGLCNR2y	2ommbl_c	0.0	0.0	0.0	Inf	Inf
DKGLCNR2y	2omph_c	-0.0	0.0	0.05665148669982202	Inf	0.0
DKGLCNR2y	4mhetz_c	0.0	0.0	0.0	Inf	Inf
DKGLCNR2y	2oph_c	-0.0	-0.00013936436701495958	0.06137244392480717	-0.0	0.0
DKGLCNR2y	2oxpaccoa_c	-0.0	-0.00035997253689856734	0.0	-0.0	Inf
DKGLCNR2y	all__D_c	-0.0	-61.37722920819495	0.0	-0.0	Inf
DKGLCNR2y	alltn_c	-0.0	-1.4367716296427488	0.0	-0.0	Inf
DKGLCNR2y	4r5au_c	-0.0	-0.0002787287340020976	0.18750000000494538	-0.0	0.0
DKGLCNR2y	56dura_c	0.0	0.0	0.0	Inf	Inf
DKGLCNR2y	arab__L_c	-0.0	-73.65267504983393	0.0	-0.0	Inf
DKGLCNR2y	etoh_c	-0.0	-1000.0	0.0	-0.0	Inf
DKGLCNR2y	csn_c	-0.0	0.0	0.11305699917113543	Inf	0.0
DKGLCNR2y	fald_c	-0.0	0.0	0.0	Inf	Inf
DKGLCNR2y	fc1p_c	-0.0	-0.6028483798904459	0.0	-0.0	Inf
DKGLCNR2y	fcl__L_c	-0.0	0.0	0.0	Inf	Inf
DKGLCNR2y	aso4_c	0.0	0.0	0.0	Inf	Inf
DKGLCNR2y	cyan_c	0.0	0.0	0.0	Inf	Inf
DKGLCNR2y	athtp_c	0.0	0.0	0.0	Inf	Inf
DKGLCNR2y	cytd_c	-0.0	0.0	0.0	Inf	Inf
DKGLCNR2y	dad_2_c	-0.0	0.0	0.0	Inf	Inf
DKGLCNR2y	dad_5_c	-0.0	-0.06825041774300189	0.00014061427165186504	-0.0	0.0
DKGLCNR2y	betald_c	0.0	0.0	0.0	Inf	Inf
DKGLCNR2y	btal_c	-0.0	-736.5267504983394	0.0	-0.0	Inf
DKGLCNR2y	for_c	-0.0	-0.06825041774300189	0.001533008037111313	-0.0	0.0
DKGLCNR2y	dcyt_c	-0.0	-0.016352502364634227	0.0	-0.0	Inf
DKGLCNR2y	fru_c	-0.0	-61.37722920819495	1.1047039906465292	-0.0	0.0
DKGLCNR2y	ca2_c	-0.0	-0.0032528768175552614	999.9967471231824	-0.0	0.0
DKGLCNR2y	g3pe_c	-0.0	0.0	0.0	Inf	Inf
DKGLCNR2y	g3pi_c	0.0	0.0	0.0	Inf	Inf
DKGLCNR2y	cbm_c	-0.0	-2.8735432592854977	0.0	-0.0	Inf
DKGLCNR2y	dha_c	-0.0	-122.7544584163899	0.0	-0.0	Inf
DKGLCNR2y	gal_c	-0.0	0.0	0.0	Inf	Inf
DKGLCNR2y	dhgly_c	-0.0	-0.00013936436701495958	0.27617599766163237	-0.0	0.0
DKGLCNR2y	dhmptp_c	0.0	0.0	0.0	Inf	Inf
DKGLCNR2y	gcald_c	-0.0	-1.849457643231986	0.000418093101075101	-0.0	0.0
DKGLCNR2y	dhptd_c	-0.0	-50.84911942827201	0.00027997863861508465	-0.0	0.0
DKGLCNR2y	cechddd_c	-0.0	0.0	0.0	Inf	Inf
DKGLCNR2y	dhptdn_c	0.0	0.0	0.0	Inf	Inf
DKGLCNR2y	chol_c	0.0	0.0	0.0	Inf	Inf
DKGLCNR2y	chtbs6p_c	-0.0	0.0	0.0	Inf	Inf
DKGLCNR2y	dmbzid_c	0.0	0.0	0.0	Inf	Inf
DKGLCNR2y	dms_c	0.0	0.0	0.0	Inf	Inf
DKGLCNR2y	dmso_c	0.0	0.0	0.0	Inf	Inf
DKGLCNR2y	cl_c	-0.0	-0.0032528768175464785	999.9967471231824	-0.0	0.0
DKGLCNR2y	glc__D_c	-0.0	-61.37722920819495	1.1047039906465292	-0.0	0.0
DKGLCNR2y	co2_c	-0.0	-965.6532839994069	34.34671600059312	-0.0	0.0
DKGLCNR2y	dscl_c	-0.0	-0.00013936436701495958	0.05814231529718574	-0.0	0.0
DKGLCNR2y	dtdp4aaddg_c	-0.0	0.0	0.0	Inf	Inf
DKGLCNR2y	glyald_c	-0.0	-1000.0	0.0	-0.0	Inf
DKGLCNR2y	crn_c	-0.0	-1000.0	0.0	-0.0	Inf
DKGLCNR2y	duri_c	-0.0	-0.016352502364634227	0.0	-0.0	Inf
DKGLCNR2y	glyb_c	0.0	0.0	0.0	Inf	Inf
DKGLCNR2y	glyc_c	-0.0	-105.21810721404849	0.0	-0.0	Inf
DKGLCNR2y	dxyl_c	0.0	0.0	0.0	Inf	Inf
DKGLCNR2y	glycogen_c	-0.0	-61.37722920819495	0.0	-0.0	Inf
DKGLCNR2y	gmhep1p_c	-0.0	0.0	1.1047039906465297	Inf	0.0
DKGLCNR2y	lipa_cold_c	-0.0	0.0	0.0	Inf	Inf
DKGLCNR2y	lipidA_c	-0.0	-0.012159072307809993	0.03682346635488431	-0.0	0.0
DKGLCNR2y	malt_c	0.0	0.0	0.0	Inf	Inf
DKGLCNR2y	h2_c	-0.0	0.0	0.0	Inf	Inf
DKGLCNR2y	malthx_c	-0.0	0.0	0.0	Inf	Inf
DKGLCNR2y	maltpt_c	-0.0	0.0	0.0	Inf	Inf
DKGLCNR2y	malttr_c	-0.0	0.0	0.0	Inf	Inf
DKGLCNR2y	maltttr_c	-0.0	0.0	0.0	Inf	Inf
DKGLCNR2y	h2o2_c	-0.0	-66.02381318318544	0.0015630057478119852	-0.0	0.0
DKGLCNR2y	man_c	-0.0	-61.37722920819495	0.0	-0.0	Inf
DKGLCNR2y	mdhdhf_c	-0.0	-50.84911942827201	0.00027997863861508465	-0.0	0.0
DKGLCNR2y	melib_c	-0.0	0.0	0.0	Inf	Inf
DKGLCNR2y	meoh_c	-0.0	-999.9999987500954	1.2499045851654955e-06	-0.0	0.0
DKGLCNR2y	pacald_c	-0.0	-1000.0	0.0	-0.0	Inf
DKGLCNR2y	metsox_S__L_c	-0.0	-0.06825041774300189	0.0	-0.0	Inf
DKGLCNR2y	mg2_c	-0.0	-0.005421461362577464	999.9945785386374	-0.0	0.0
DKGLCNR2y	hhlipa_c	-0.0	0.0	0.0	Inf	Inf
DKGLCNR2y	pe120_c	-0.0	0.0	0.0	Inf	Inf
DKGLCNR2y	mobd_c	-0.0	-8.061884908040263e-05	36.7406523099379	-0.0	0.0
DKGLCNR2y	hlipa_c	-0.0	0.0	0.0	Inf	Inf
DKGLCNR2y	pg120_c	-0.0	-0.04863628923126554	0.0	-0.0	Inf
DKGLCNR2y	mql8_c	0.0	0.0	0.0	Inf	Inf
DKGLCNR2y	mqn8_c	-0.0	0.0	0.0	Inf	Inf
DKGLCNR2y	mthgxl_c	-0.0	-4.49377839135559	0.0	-0.0	Inf
DKGLCNR2y	hqn_c	0.0	0.0	0.0	Inf	Inf
DKGLCNR2y	mththf_c	-0.0	-999.9997200213614	0.00027997863861508465	-0.0	0.0
DKGLCNR2y	n2o_c	-0.0	-1000.0	0.0	-0.0	Inf
DKGLCNR2y	na1_c	-0.0	0.0	0.0	Inf	Inf
DKGLCNR2y	nac_c	-0.0	0.0	0.0	Inf	Inf
DKGLCNR2y	ncam_c	-0.0	0.0	0.0	Inf	Inf
DKGLCNR2y	ni2_c	-0.0	-0.0002018595988602101	999.9997981404011	-0.0	0.0
DKGLCNR2y	no_c	-0.0	-1000.0	0.0	-0.0	Inf
DKGLCNR2y	indole_c	-0.0	-0.03552416463780873	0.5523519953232636	-0.0	0.0
DKGLCNR2y	no2_c	-0.0	-1000.0	0.0	-0.0	Inf
DKGLCNR2y	no3_c	0.0	0.0	0.0	Inf	Inf
DKGLCNR2y	inost_c	0.0	0.0	0.0	Inf	Inf
DKGLCNR2y	o2_c	-0.0	-33.01190659159272	966.9880934084073	-0.0	0.0
DKGLCNR2y	poaac_c	-0.0	-6.7499999999802185	0.0	-0.0	Inf
DKGLCNR2y	ppal_c	-0.0	0.0	0.0	Inf	Inf
DKGLCNR2y	k_c	-0.0	-0.12198631789574443	146.9626092397516	-0.0	0.0
DKGLCNR2y	psclys_c	-0.0	0.0	0.0	Inf	Inf
DKGLCNR2y	lald__D_c	-0.0	0.0	0.0	Inf	Inf
DKGLCNR2y	lald__L_c	-0.0	-4.49377839135559	0.0	-0.0	Inf
DKGLCNR2y	ura_c	-0.0	0.0	0.0	Inf	Inf
DKGLCNR2y	pydx_c	-0.0	0.0	0.36823466354884316	Inf	0.0
DKGLCNR2y	uracp_c	-0.0	-3.3749999999901092	0.0	-0.0	Inf
DKGLCNR2y	pydxn_c	-0.0	0.0	0.36823466354884316	Inf	0.0
DKGLCNR2y	urate_c	-0.0	-1.4367716296427488	0.0	-0.0	Inf
DKGLCNR2y	q8_c	0.0	0.0	0.0	Inf	Inf
DKGLCNR2y	q8h2_c	-0.0	0.0	0.0	Inf	Inf
DKGLCNR2y	urea_c	-0.0	-1000.0	0.0	-0.0	Inf
DKGLCNR2y	uri_c	-0.0	0.0	0.0	Inf	Inf
DKGLCNR2y	rbflvrd_c	-0.0	0.0	0.034125208871500945	Inf	0.0
DKGLCNR2y	rbl__L_c	-0.0	-73.65267504983393	0.0	-0.0	Inf
DKGLCNR2y	rdmbzi_c	0.0	0.0	0.0	Inf	Inf
DKGLCNR2y	thptdn_c	0.0	0.0	0.0	Inf	Inf
DKGLCNR2y	xan_c	-0.0	-0.06825041774300189	0.0	-0.0	Inf
DKGLCNR2y	rephaccoa_c	-0.0	-0.00035997253689856734	0.0	-0.0	Inf
DKGLCNR2y	rib__D_c	-0.0	0.0	1.1047039906465288	Inf	0.0
DKGLCNR2y	xtsn_c	-0.0	0.0	0.0	Inf	Inf
DKGLCNR2y	rml_c	-0.0	-4.49377839135559	0.0	-0.0	Inf
DKGLCNR2y	thym_c	-0.0	-146.9626092397516	0.0	-0.0	Inf
DKGLCNR2y	thymd_c	-0.0	-0.016352502364634227	0.0	-0.0	Inf
DKGLCNR2y	xu5p__L_c	-0.0	-0.602848379890446	0.0	-0.0	Inf
DKGLCNR2y	rmn_c	-0.0	-4.49377839135559	0.0	-0.0	Inf
DKGLCNR2y	xyl__D_c	0.0	0.0	0.0	Inf	Inf
DKGLCNR2y	tmao_c	0.0	0.0	0.0	Inf	Inf
DKGLCNR2y	xylu__D_c	-0.0	0.0	0.0	Inf	Inf
DKGLCNR2y	xylu__L_c	-0.0	-73.65267504983393	0.0	-0.0	Inf
DKGLCNR2y	12ppd__R_e	-0.0	-1000.0	0.0	-0.0	Inf
DKGLCNR2y	12ppd__S_e	-0.0	-1000.0	0.0	-0.0	Inf
DKGLCNR2y	tre_c	-0.0	-30.688614604097474	0.0	-0.0	Inf
DKGLCNR2y	seln_c	0.0	0.0	0.0	Inf	Inf
DKGLCNR2y	34dhpac_e	-0.0	-1000.0	0.0	-0.0	Inf
DKGLCNR2y	slnt_c	0.0	0.0	0.0	Inf	Inf
DKGLCNR2y	so2_c	0.0	0.0	0.0	Inf	Inf
DKGLCNR2y	so3_c	-0.0	-0.15490818108077098	8.164589402208422	-0.0	0.0
DKGLCNR2y	so4_c	-0.0	-0.15761922423821895	146.9626092397516	-0.0	0.0
DKGLCNR2y	4hoxpacd_e	-0.0	-1000.0	0.0	-0.0	Inf
DKGLCNR2y	5mtr_e	-0.0	-1000.0	0.0	-0.0	Inf
DKGLCNR2y	LalaDgluMdap_e	-0.0	-1000.0	0.0	-0.0	Inf
DKGLCNR2y	ac_e	-0.0	0.0	0.0	Inf	Inf
DKGLCNR2y	acald_e	-0.0	-1000.0	0.0	-0.0	Inf
DKGLCNR2y	acgal_e	-0.0	-1000.0	0.0	-0.0	Inf
DKGLCNR2y	acgam_e	-0.0	-1000.0	0.0	-0.0	Inf
DKGLCNR2y	acmana_e	-0.0	-1000.0	0.0	-0.0	Inf
DKGLCNR2y	tagur_c	-0.0	0.0	0.0	Inf	Inf
DKGLCNR2y	tartr__L_c	-0.0	-1.849457643231986	0.0	-0.0	Inf
DKGLCNR2y	ade_e	-0.0	-1000.0	0.0	-0.0	Inf
DKGLCNR2y	adn_e	-0.0	-1000.0	0.0	-0.0	Inf
DKGLCNR2y	all__D_e	-0.0	-1000.0	0.0	-0.0	Inf
DKGLCNR2y	cl_e	-0.0	-0.0032528768175552614	999.9967471231824	-0.0	0.0
DKGLCNR2y	alltn_e	-0.0	0.0	0.0	Inf	Inf
DKGLCNR2y	cm_e	-0.0	-1000.0	0.0	-0.0	Inf
DKGLCNR2y	co2_e	-0.0	-965.6532839994069	34.34671600059312	-0.0	0.0
DKGLCNR2y	arab__L_e	-0.0	-1000.0	0.0	-0.0	Inf
DKGLCNR2y	arbt_e	-0.0	-1000.0	0.0	-0.0	Inf
DKGLCNR2y	unagamu_c	-0.0	0.0	0.04248861502486652	Inf	0.0
DKGLCNR2y	crn_e	-0.0	-1000.0	0.0	-0.0	Inf
DKGLCNR2y	csn_e	-0.0	-1000.0	0.0	-0.0	Inf
DKGLCNR2y	cyan_e	-0.0	-1000.0	0.0	-0.0	Inf
DKGLCNR2y	glyb_e	-0.0	-1000.0	0.0	-0.0	Inf
DKGLCNR2y	glyc_e	-0.0	-1000.0	0.0	-0.0	Inf
DKGLCNR2y	cytd_e	-0.0	-1000.0	0.0	-0.0	Inf
DKGLCNR2y	ca2_e	-0.0	-0.0032528768175552614	999.9967471231824	-0.0	0.0
DKGLCNR2y	dad_2_e	-0.0	-1000.0	0.0	-0.0	Inf
DKGLCNR2y	dcyt_e	-0.0	-1000.0	0.0	-0.0	Inf
DKGLCNR2y	chol_e	-0.0	-1000.0	0.0	-0.0	Inf
DKGLCNR2y	dha_e	-0.0	-1000.0	0.0	-0.0	Inf
DKGLCNR2y	ppal_e	-0.0	-1000.0	0.0	-0.0	Inf
DKGLCNR2y	h2_e	-0.0	-1000.0	0.0	-0.0	Inf
DKGLCNR2y	dms_e	-0.0	-1000.0	0.0	-0.0	Inf
DKGLCNR2y	dmso_e	-0.0	-1000.0	0.0	-0.0	Inf
DKGLCNR2y	h2o2_e	-0.0	-1000.0	0.0	-0.0	Inf
DKGLCNR2y	psclys_e	-0.0	-1000.0	0.0	-0.0	Inf
DKGLCNR2y	duri_e	-0.0	-1000.0	0.0	-0.0	Inf
DKGLCNR2y	pydx_e	-0.0	-1000.0	0.0	-0.0	Inf
DKGLCNR2y	pydxn_e	-0.0	-1000.0	0.0	-0.0	Inf
DKGLCNR2y	etoh_e	-0.0	-1000.0	0.0	-0.0	Inf
DKGLCNR2y	fald_e	-0.0	0.0	0.0	Inf	Inf
DKGLCNR2y	rib__D_e	-0.0	-1000.0	0.0	-0.0	Inf
DKGLCNR2y	rmn_e	-0.0	-1000.0	0.0	-0.0	Inf
DKGLCNR2y	indole_e	-0.0	-1000.0	0.0	-0.0	Inf
DKGLCNR2y	inost_e	-0.0	-1000.0	0.0	-0.0	Inf
DKGLCNR2y	sbt__D_e	-0.0	-4.49377839135559	0.0	-0.0	Inf
DKGLCNR2y	k_e	-0.0	-0.1219863178957894	999.8780136821042	-0.0	0.0
DKGLCNR2y	for_e	-0.0	0.0	0.001533008037111313	Inf	0.0
DKGLCNR2y	slnt_e	-0.0	0.0	1000.0	Inf	0.0
DKGLCNR2y	fru_e	-0.0	-1000.0	0.0	-0.0	Inf
DKGLCNR2y	so2_e	-0.0	-1000.0	0.0	-0.0	Inf
DKGLCNR2y	so3_e	-0.0	-1000.0	0.0	-0.0	Inf
DKGLCNR2y	so4_e	-0.0	-0.15761922423826036	999.8423807757617	-0.0	0.0
DKGLCNR2y	lipa_cold_e	-0.0	-1000.0	0.0	-0.0	Inf
DKGLCNR2y	sucr_e	-0.0	-1000.0	0.0	-0.0	Inf
DKGLCNR2y	g3pe_e	-0.0	-1000.0	0.0	-0.0	Inf
DKGLCNR2y	malt_e	-0.0	-1000.0	0.0	-0.0	Inf
DKGLCNR2y	tartr__L_e	-0.0	-1000.0	0.0	-0.0	Inf
DKGLCNR2y	g3pi_e	-0.0	-1000.0	0.0	-0.0	Inf
DKGLCNR2y	malthx_e	-0.0	-1000.0	0.0	-0.0	Inf
DKGLCNR2y	maltpt_e	-0.0	-1000.0	0.0	-0.0	Inf
DKGLCNR2y	gal_e	-0.0	-1000.0	0.0	-0.0	Inf
DKGLCNR2y	gal_bD_e	-0.0	-1000.0	0.0	-0.0	Inf
DKGLCNR2y	malttr_e	-0.0	-1000.0	0.0	-0.0	Inf
DKGLCNR2y	maltttr_e	-0.0	-1000.0	0.0	-0.0	Inf
DKGLCNR2y	man_e	-0.0	-1000.0	0.0	-0.0	Inf
DKGLCNR2y	thym_e	-0.0	-1000.0	0.0	-0.0	Inf
DKGLCNR2y	thymd_e	-0.0	-1000.0	0.0	-0.0	Inf
DKGLCNR2y	galt_e	-0.0	-4.49377839135559	0.0	-0.0	Inf
DKGLCNR2y	melib_e	-0.0	-1000.0	0.0	-0.0	Inf
DKGLCNR2y	meoh_e	-0.0	-999.9999987500954	1.2499045851654955e-06	-0.0	0.0
DKGLCNR2y	tmao_e	-0.0	-1000.0	0.0	-0.0	Inf
DKGLCNR2y	tre_e	-0.0	-1000.0	0.0	-0.0	Inf
DKGLCNR2y	metsox_S__L_e	-0.0	-1000.0	0.0	-0.0	Inf
DKGLCNR2y	glc__D_e	-0.0	-62.417521228672825	1.1047039906465292	-0.0	0.0
DKGLCNR2y	mg2_e	-0.0	-0.005421461362629998	999.9945785386374	-0.0	0.0
DKGLCNR2y	mnl_e	-0.0	-1000.0	0.0	-0.0	Inf
DKGLCNR2y	mobd_e	-0.0	-8.061884909693617e-05	999.9999193811509	-0.0	0.0
DKGLCNR2y	glyald_e	-0.0	-1000.0	0.0	-0.0	Inf
DKGLCNR2y	n2o_e	-0.0	-1000.0	0.0	-0.0	Inf
DKGLCNR2y	na1_e	-0.0	0.0	1000.0	Inf	0.0
DKGLCNR2y	nac_e	-0.0	-1000.0	0.0	-0.0	Inf
DKGLCNR2y	ni2_e	-0.0	-0.0002018595988602101	999.9997981404011	-0.0	0.0
DKGLCNR2y	no_e	-0.0	-1000.0	0.0	-0.0	Inf
DKGLCNR2y	no2_e	-0.0	-1000.0	0.0	-0.0	Inf
DKGLCNR2y	ura_e	-0.0	-1000.0	0.0	-0.0	Inf
DKGLCNR2y	no3_e	-0.0	-1000.0	0.0	-0.0	Inf
DKGLCNR2y	urea_e	-0.0	-1000.0	0.0	-0.0	Inf
DKGLCNR2y	novbcn_e	-0.0	-1000.0	0.0	-0.0	Inf
DKGLCNR2y	uri_e	-0.0	-1000.0	0.0	-0.0	Inf
DKGLCNR2y	o2_e	-0.0	-33.01190659159272	966.9880934084073	-0.0	0.0
DKGLCNR2y	xan_e	-0.0	0.0	0.0	Inf	Inf
DKGLCNR2y	xtsn_e	-0.0	-1000.0	0.0	-0.0	Inf
DKGLCNR2y	xyl__D_e	-0.0	-1000.0	0.0	-0.0	Inf
DKGLCNR2y	xylu__L_e	-0.0	-1000.0	0.0	-0.0	Inf
DKGLCNR2y	pacald_e	-0.0	-1000.0	0.0	-0.0	Inf
DKGLCNR2y	12dgr120_p	-0.0	0.0	0.0	Inf	Inf
DKGLCNR2y	12dgr140_p	-0.0	0.0	0.0	Inf	Inf
DKGLCNR2y	12dgr160_p	-0.0	-0.039880707249722036	0.0	-0.0	Inf
DKGLCNR2y	12dgr180_p	-0.0	0.0	0.0	Inf	Inf
DKGLCNR2y	12ppd__R_p	-0.0	-1000.0	0.0	-0.0	Inf
DKGLCNR2y	12ppd__S_p	-0.0	0.0	0.0	Inf	Inf
DKGLCNR2y	chol_p	-0.0	-1000.0	0.0	-0.0	Inf
DKGLCNR2y	cl_p	-0.0	-0.0032528768175552614	999.9967471231824	-0.0	0.0
DKGLCNR2y	34dhpac_p	-0.0	-1000.0	0.0	-0.0	Inf
DKGLCNR2y	cm_p	-0.0	0.0	0.0	Inf	Inf
DKGLCNR2y	4hoxpacd_p	-0.0	-1000.0	0.0	-0.0	Inf
DKGLCNR2y	co2_p	-0.0	-965.6532839994069	34.34671600059312	-0.0	0.0
DKGLCNR2y	5mtr_p	-0.0	-1000.0	0.0	-0.0	Inf
DKGLCNR2y	LalaDgluMdap_p	-0.0	-0.017366175025164562	0.0	-0.0	Inf
DKGLCNR2y	gal_p	-0.0	-1000.0	0.0	-0.0	Inf
DKGLCNR2y	ac_p	-0.0	-2.66820392592274	0.0	-0.0	Inf
DKGLCNR2y	crn_p	-0.0	-1000.0	0.0	-0.0	Inf
DKGLCNR2y	gal_bD_p	-0.0	-1000.0	0.0	-0.0	Inf
DKGLCNR2y	acald_p	-0.0	-1000.0	0.0	-0.0	Inf
DKGLCNR2y	acgal_p	-0.0	-1000.0	0.0	-0.0	Inf
DKGLCNR2y	csn_p	-0.0	0.0	0.0	Inf	Inf
DKGLCNR2y	acgam_p	-0.0	-1000.0	0.0	-0.0	Inf
DKGLCNR2y	galt_p	-0.0	-4.49377839135559	0.0	-0.0	Inf
DKGLCNR2y	acmana_p	-0.0	-1000.0	0.0	-0.0	Inf
DKGLCNR2y	cyan_p	-0.0	0.0	0.0	Inf	Inf
DKGLCNR2y	ade_p	-0.0	-1000.0	0.0	-0.0	Inf
DKGLCNR2y	adn_p	-0.0	0.0	0.1500000000039563	Inf	0.0
DKGLCNR2y	cytd_p	-0.0	0.0	0.0	Inf	Inf
DKGLCNR2y	glc__D_p	-0.0	-62.417521228672825	1.1047039906465292	-0.0	0.0
DKGLCNR2y	dad_2_p	-0.0	-1000.0	0.0	-0.0	Inf
DKGLCNR2y	dcyt_p	-0.0	-1000.0	0.0	-0.0	Inf
DKGLCNR2y	all__D_p	-0.0	0.0	0.0	Inf	Inf
DKGLCNR2y	alltn_p	-0.0	0.0	0.0	Inf	Inf
DKGLCNR2y	dha_p	-0.0	-1000.0	0.0	-0.0	Inf
DKGLCNR2y	glyald_p	-0.0	-1000.0	0.0	-0.0	Inf
DKGLCNR2y	glyb_p	0.0	0.0	0.0	Inf	Inf
DKGLCNR2y	dms_p	-0.0	-1000.0	0.0	-0.0	Inf
DKGLCNR2y	glyc_p	-0.0	-105.21810721404849	0.0	-0.0	Inf
DKGLCNR2y	dmso_p	-0.0	-1000.0	0.0	-0.0	Inf
DKGLCNR2y	arab__L_p	-0.0	0.0	0.0	Inf	Inf
DKGLCNR2y	arbt_p	0.0	0.0	0.0	Inf	Inf
DKGLCNR2y	ca2_p	-0.0	-0.0032528768175552614	999.9967471231824	-0.0	0.0
DKGLCNR2y	duri_p	-0.0	-1000.0	0.0	-0.0	Inf
DKGLCNR2y	h2_p	-0.0	-1000.0	0.0	-0.0	Inf
DKGLCNR2y	h2o2_p	-0.0	-1000.0	0.0	-0.0	Inf
DKGLCNR2y	etoh_p	-0.0	-1000.0	0.0	-0.0	Inf
DKGLCNR2y	fald_p	-0.0	0.0	0.0	Inf	Inf
DKGLCNR2y	n2o_p	-0.0	-1000.0	0.0	-0.0	Inf
DKGLCNR2y	na1_p	-0.0	0.0	0.0	Inf	Inf
DKGLCNR2y	indole_p	-0.0	0.0	0.5523519953232646	Inf	0.0
DKGLCNR2y	nac_p	-0.0	-1000.0	0.0	-0.0	Inf
DKGLCNR2y	ni2_p	-0.0	-0.0002018595988602101	999.9997981404011	-0.0	0.0
DKGLCNR2y	inost_p	-0.0	-1000.0	0.0	-0.0	Inf
DKGLCNR2y	no_p	-0.0	-1000.0	0.0	-0.0	Inf
DKGLCNR2y	no2_p	-0.0	-1000.0	0.0	-0.0	Inf
DKGLCNR2y	for_p	-0.0	0.0	0.001533008037111313	Inf	0.0
DKGLCNR2y	fru_p	-0.0	-1000.0	0.0	-0.0	Inf
DKGLCNR2y	no3_p	-0.0	0.0	0.0	Inf	Inf
DKGLCNR2y	k_p	-0.0	-0.1219863178957894	999.8780136821042	-0.0	0.0
DKGLCNR2y	novbcn_p	-0.0	0.0	0.0	Inf	Inf
DKGLCNR2y	o2_p	-0.0	-33.01190659159272	966.9880934084073	-0.0	0.0
DKGLCNR2y	lipa_cold_p	-0.0	-36.7406523099379	0.0	-0.0	Inf
DKGLCNR2y	g3pe_p	-0.0	0.0	0.0	Inf	Inf
DKGLCNR2y	g3pi_p	-0.0	0.0	0.0	Inf	Inf
DKGLCNR2y	so3_p	-0.0	-1000.0	0.0	-0.0	Inf
DKGLCNR2y	so4_p	-0.0	-0.15761922423821895	999.8423807757617	-0.0	0.0
DKGLCNR2y	malt_p	0.0	0.0	0.0	Inf	Inf
DKGLCNR2y	malthx_p	0.0	0.0	0.0	Inf	Inf
DKGLCNR2y	maltpt_p	0.0	0.0	0.0	Inf	Inf
DKGLCNR2y	sucr_p	-0.0	-1000.0	0.0	-0.0	Inf
DKGLCNR2y	malttr_p	0.0	0.0	0.0	Inf	Inf
DKGLCNR2y	maltttr_p	0.0	0.0	0.0	Inf	Inf
DKGLCNR2y	pacald_p	-0.0	-1000.0	0.0	-0.0	Inf
DKGLCNR2y	man_p	-0.0	-1000.0	0.0	-0.0	Inf
DKGLCNR2y	tartr__L_p	-0.0	-1000.0	0.0	-0.0	Inf
DKGLCNR2y	pe120_p	-0.0	0.0	0.0	Inf	Inf
DKGLCNR2y	melib_p	-0.0	-1000.0	0.0	-0.0	Inf
DKGLCNR2y	meoh_p	-0.0	-999.9999987500954	1.2499045851654955e-06	-0.0	0.0
DKGLCNR2y	thym_p	-0.0	-1000.0	0.0	-0.0	Inf
DKGLCNR2y	thymd_p	-0.0	-0.016352502364634227	0.0	-0.0	Inf
DKGLCNR2y	pg120_p	-0.0	-0.04863628923126554	0.0	-0.0	Inf
DKGLCNR2y	metsox_S__L_p	-0.0	-1000.0	0.0	-0.0	Inf
DKGLCNR2y	tmao_p	-0.0	-1000.0	0.0	-0.0	Inf
DKGLCNR2y	mg2_p	-0.0	-0.005421461362577464	999.9945785386374	-0.0	0.0
DKGLCNR2y	tre_p	-0.0	0.0	0.0	Inf	Inf
DKGLCNR2y	mnl_p	-0.0	0.0	0.0	Inf	Inf
DKGLCNR2y	mobd_p	-0.0	-8.061884909693617e-05	999.9999193811509	-0.0	0.0
DKGLCNR2y	ura_p	-0.0	-1000.0	0.0	-0.0	Inf
DKGLCNR2y	urea_p	-0.0	-1000.0	0.0	-0.0	Inf
DKGLCNR2y	uri_p	-0.0	0.0	0.0	Inf	Inf
DKGLCNR2y	xan_p	-0.0	-0.06825041774300189	0.0	-0.0	Inf
DKGLCNR2y	xtsn_p	-0.0	0.0	0.0	Inf	Inf
DKGLCNR2y	xyl__D_p	-0.0	0.0	0.0	Inf	Inf
DKGLCNR2y	xylu__L_p	-0.0	-1000.0	0.0	-0.0	Inf
DKGLCNR2y	ppal_p	-0.0	-1000.0	0.0	-0.0	Inf
DKGLCNR2y	psclys_p	-0.0	-1000.0	0.0	-0.0	Inf
DKGLCNR2y	pydx_p	-0.0	0.0	0.0	Inf	Inf
DKGLCNR2y	pydxn_p	-0.0	0.0	0.0	Inf	Inf
DKGLCNR2y	rib__D_p	-0.0	-1000.0	0.0	-0.0	Inf
DKGLCNR2y	rmn_p	-0.0	-1000.0	0.0	-0.0	Inf
DKGLCNR2y	sbt__D_p	-0.0	-4.49377839135559	0.0	-0.0	Inf
DKGLCNR2y	slnt_p	-0.0	0.0	0.0	Inf	Inf
DKGLCNR2y	so2_p	-0.0	-1000.0	0.0	-0.0	Inf
