Reaction	Metabolite	ShadowPrice	G-	G+	DecrementalShadowPrice	IncrementalShadowPrice
GALTptspp	12dgr120_c	-0.0	0.0	0.0	Inf	Inf
GALTptspp	12dgr140_c	-0.0	0.0	0.0	Inf	Inf
GALTptspp	12dgr160_c	-0.0	-0.039880707249722036	0.0	-0.0	Inf
GALTptspp	12dgr180_c	-0.0	0.0	0.0	Inf	Inf
GALTptspp	12ppd__R_c	-0.0	-1000.0	0.0	-0.0	Inf
GALTptspp	12ppd__S_c	-0.0	0.0	0.0	Inf	Inf
GALTptspp	5drib_c	-0.0	-999.9998593857283	0.00014061427165186504	-0.0	0.0
GALTptspp	5mta_c	-0.0	-0.06825041774300189	0.0	-0.0	Inf
GALTptspp	23dhacoa_c	-0.0	-0.00035997253689856734	0.0	-0.0	Inf
GALTptspp	5mtr_c	-0.0	-1000.0	0.0	-0.0	Inf
GALTptspp	3amac_c	-0.0	-5.747086518570995	0.0	-0.0	Inf
GALTptspp	LalaDgluMdap_c	-0.0	-0.017366175025164562	0.0	-0.0	Inf
GALTptspp	ac_c	-0.0	-2.66820392592274	0.3640822218761741	-0.0	0.0
GALTptspp	acald_c	-0.0	0.0	1.1047039906465295	Inf	0.0
GALTptspp	acetol_c	-0.0	0.0	0.0	Inf	Inf
GALTptspp	acgam_c	-0.0	-0.059050494665895306	0.0	-0.0	Inf
GALTptspp	acgam6p_c	-0.0	-0.059050494665895306	0.0	-0.0	Inf
GALTptspp	acmalt_c	0.0	0.0	0.0	Inf	Inf
GALTptspp	acmana_c	-0.0	-0.059050494665895306	0.0	-0.0	Inf
GALTptspp	2dmmq8_c	-0.0	0.0	0.0	Inf	Inf
GALTptspp	2dmmql8_c	0.0	0.0	0.0	Inf	Inf
GALTptspp	ade_c	-0.0	-0.06825041774300189	0.1500000000039563	-0.0	0.0
GALTptspp	adn_c	-0.0	-0.06825041774300189	0.1500000000039563	-0.0	0.0
GALTptspp	3sala_c	0.0	0.0	0.0	Inf	Inf
GALTptspp	adphep_DD_c	-0.0	0.0	0.0	Inf	Inf
GALTptspp	adphep_LD_c	-0.0	0.0	0.0	Inf	Inf
GALTptspp	4ahmmp_c	0.0	0.0	0.0	Inf	Inf
GALTptspp	4crsol_c	-0.0	-999.999860635633	0.00013936436701495958	-0.0	0.0
GALTptspp	2ohph_c	-0.0	-0.00013936436701495958	0.06137244392480717	-0.0	0.0
GALTptspp	2ombzl_c	-0.0	0.0	0.0	Inf	Inf
GALTptspp	2omhmbl_c	-0.0	0.0	0.0	Inf	Inf
GALTptspp	2ommbl_c	0.0	0.0	0.0	Inf	Inf
GALTptspp	2omph_c	-0.0	0.0	0.05665148669982202	Inf	0.0
GALTptspp	4mhetz_c	0.0	0.0	0.0	Inf	Inf
GALTptspp	2oph_c	-0.0	-0.00013936436701495958	0.06137244392480717	-0.0	0.0
GALTptspp	2oxpaccoa_c	-0.0	-0.00035997253689856734	0.0	-0.0	Inf
GALTptspp	all__D_c	-0.0	-61.37722920819495	0.0	-0.0	Inf
GALTptspp	alltn_c	-0.0	-1.4367716296427488	0.0	-0.0	Inf
GALTptspp	4r5au_c	-0.0	-0.0002787287340020976	0.18750000000494538	-0.0	0.0
GALTptspp	56dura_c	0.0	0.0	0.0	Inf	Inf
GALTptspp	arab__L_c	-0.0	-73.65267504983393	0.0	-0.0	Inf
GALTptspp	etoh_c	-0.0	-1000.0	0.0	-0.0	Inf
GALTptspp	csn_c	-0.0	0.0	0.11305699917113543	Inf	0.0
GALTptspp	fald_c	-0.0	0.0	0.0	Inf	Inf
GALTptspp	fc1p_c	-0.0	-0.6028483798904459	0.0	-0.0	Inf
GALTptspp	fcl__L_c	-0.0	0.0	0.0	Inf	Inf
GALTptspp	aso4_c	0.0	0.0	0.0	Inf	Inf
GALTptspp	cyan_c	0.0	0.0	0.0	Inf	Inf
GALTptspp	athtp_c	0.0	0.0	0.0	Inf	Inf
GALTptspp	cytd_c	-0.0	0.0	0.0	Inf	Inf
GALTptspp	dad_2_c	-0.0	0.0	0.0	Inf	Inf
GALTptspp	dad_5_c	-0.0	-0.06825041774300189	0.00014061427165186504	-0.0	0.0
GALTptspp	betald_c	0.0	0.0	0.0	Inf	Inf
GALTptspp	btal_c	-0.0	-736.5267504983394	0.0	-0.0	Inf
GALTptspp	for_c	-0.0	-0.06825041774300189	0.001533008037111313	-0.0	0.0
GALTptspp	dcyt_c	-0.0	-0.016352502364634227	0.0	-0.0	Inf
GALTptspp	fru_c	-0.0	-61.37722920819495	1.1047039906465292	-0.0	0.0
GALTptspp	ca2_c	-0.0	-0.0032528768175552614	999.9967471231824	-0.0	0.0
GALTptspp	g3pe_c	-0.0	0.0	0.0	Inf	Inf
GALTptspp	g3pi_c	0.0	0.0	0.0	Inf	Inf
GALTptspp	cbm_c	-0.0	-2.8735432592854977	0.0	-0.0	Inf
GALTptspp	dha_c	-0.0	-122.7544584163899	0.0	-0.0	Inf
GALTptspp	gal_c	-0.0	0.0	0.0	Inf	Inf
GALTptspp	dhgly_c	-0.0	-0.00013936436701495958	0.27617599766163237	-0.0	0.0
GALTptspp	dhmptp_c	0.0	0.0	0.0	Inf	Inf
GALTptspp	gcald_c	-0.0	-1.849457643231986	0.000418093101075101	-0.0	0.0
GALTptspp	dhptd_c	-0.0	-50.84911942827201	0.00027997863861508465	-0.0	0.0
GALTptspp	cechddd_c	-0.0	0.0	0.0	Inf	Inf
GALTptspp	dhptdn_c	0.0	0.0	0.0	Inf	Inf
GALTptspp	chol_c	0.0	0.0	0.0	Inf	Inf
GALTptspp	chtbs6p_c	-0.0	0.0	0.0	Inf	Inf
GALTptspp	dmbzid_c	0.0	0.0	0.0	Inf	Inf
GALTptspp	dms_c	0.0	0.0	0.0	Inf	Inf
GALTptspp	dmso_c	0.0	0.0	0.0	Inf	Inf
GALTptspp	cl_c	-0.0	-0.0032528768175464785	999.9967471231824	-0.0	0.0
GALTptspp	glc__D_c	-0.0	-61.37722920819495	1.1047039906465292	-0.0	0.0
GALTptspp	co2_c	-0.0	-965.6532839994069	34.34671600059312	-0.0	0.0
GALTptspp	dscl_c	-0.0	-0.00013936436701495958	0.05814231529718574	-0.0	0.0
GALTptspp	dtdp4aaddg_c	-0.0	0.0	0.0	Inf	Inf
GALTptspp	glyald_c	-0.0	-1000.0	0.0	-0.0	Inf
GALTptspp	crn_c	-0.0	-1000.0	0.0	-0.0	Inf
GALTptspp	duri_c	-0.0	-0.016352502364634227	0.0	-0.0	Inf
GALTptspp	glyb_c	0.0	0.0	0.0	Inf	Inf
GALTptspp	glyc_c	-0.0	-105.21810721404849	0.0	-0.0	Inf
GALTptspp	dxyl_c	0.0	0.0	0.0	Inf	Inf
GALTptspp	glycogen_c	-0.0	-61.37722920819495	0.0	-0.0	Inf
GALTptspp	gmhep1p_c	-0.0	0.0	1.1047039906465297	Inf	0.0
GALTptspp	lipa_cold_c	-0.0	0.0	0.0	Inf	Inf
GALTptspp	lipidA_c	-0.0	-0.012159072307809993	0.03682346635488431	-0.0	0.0
GALTptspp	malt_c	0.0	0.0	0.0	Inf	Inf
GALTptspp	h2_c	-0.0	0.0	0.0	Inf	Inf
GALTptspp	malthx_c	-0.0	0.0	0.0	Inf	Inf
GALTptspp	maltpt_c	-0.0	0.0	0.0	Inf	Inf
GALTptspp	malttr_c	-0.0	0.0	0.0	Inf	Inf
GALTptspp	maltttr_c	-0.0	0.0	0.0	Inf	Inf
GALTptspp	h2o2_c	-0.0	-66.02381318318544	0.0015630057478119852	-0.0	0.0
GALTptspp	man_c	-0.0	-61.37722920819495	0.0	-0.0	Inf
GALTptspp	mdhdhf_c	-0.0	-50.84911942827201	0.00027997863861508465	-0.0	0.0
GALTptspp	melib_c	-0.0	0.0	0.0	Inf	Inf
GALTptspp	meoh_c	-0.0	-999.9999987500954	1.2499045851654955e-06	-0.0	0.0
GALTptspp	pacald_c	-0.0	-1000.0	0.0	-0.0	Inf
GALTptspp	metsox_S__L_c	-0.0	-0.06825041774300189	0.0	-0.0	Inf
GALTptspp	mg2_c	-0.0	-0.005421461362577464	999.9945785386374	-0.0	0.0
GALTptspp	hhlipa_c	-0.0	0.0	0.0	Inf	Inf
GALTptspp	pe120_c	-0.0	0.0	0.0	Inf	Inf
GALTptspp	mobd_c	-0.0	-8.061884908040263e-05	36.7406523099379	-0.0	0.0
GALTptspp	hlipa_c	-0.0	0.0	0.0	Inf	Inf
GALTptspp	pg120_c	-0.0	-0.04863628923126554	0.0	-0.0	Inf
GALTptspp	mql8_c	0.0	0.0	0.0	Inf	Inf
GALTptspp	mqn8_c	-0.0	0.0	0.0	Inf	Inf
GALTptspp	mthgxl_c	-0.0	-4.49377839135559	0.0	-0.0	Inf
GALTptspp	hqn_c	0.0	0.0	0.0	Inf	Inf
GALTptspp	mththf_c	-0.0	-999.9997200213614	0.00027997863861508465	-0.0	0.0
GALTptspp	n2o_c	-0.0	-1000.0	0.0	-0.0	Inf
GALTptspp	na1_c	-0.0	0.0	0.0	Inf	Inf
GALTptspp	nac_c	-0.0	0.0	0.0	Inf	Inf
GALTptspp	ncam_c	-0.0	0.0	0.0	Inf	Inf
GALTptspp	ni2_c	-0.0	-0.0002018595988602101	999.9997981404011	-0.0	0.0
GALTptspp	no_c	-0.0	-1000.0	0.0	-0.0	Inf
GALTptspp	indole_c	-0.0	-0.03552416463780873	0.5523519953232636	-0.0	0.0
GALTptspp	no2_c	-0.0	-1000.0	0.0	-0.0	Inf
GALTptspp	no3_c	0.0	0.0	0.0	Inf	Inf
GALTptspp	inost_c	0.0	0.0	0.0	Inf	Inf
GALTptspp	o2_c	-0.0	-33.01190659159272	966.9880934084073	-0.0	0.0
GALTptspp	poaac_c	-0.0	-6.7499999999802185	0.0	-0.0	Inf
GALTptspp	ppal_c	-0.0	0.0	0.0	Inf	Inf
GALTptspp	k_c	-0.0	-0.12198631789574443	146.9626092397516	-0.0	0.0
GALTptspp	psclys_c	-0.0	0.0	0.0	Inf	Inf
GALTptspp	lald__D_c	-0.0	0.0	0.0	Inf	Inf
GALTptspp	lald__L_c	-0.0	-4.49377839135559	0.0	-0.0	Inf
GALTptspp	ura_c	-0.0	0.0	0.0	Inf	Inf
GALTptspp	pydx_c	-0.0	0.0	0.36823466354884316	Inf	0.0
GALTptspp	uracp_c	-0.0	-3.3749999999901092	0.0	-0.0	Inf
GALTptspp	pydxn_c	-0.0	0.0	0.36823466354884316	Inf	0.0
GALTptspp	urate_c	-0.0	-1.4367716296427488	0.0	-0.0	Inf
GALTptspp	q8_c	0.0	0.0	0.0	Inf	Inf
GALTptspp	q8h2_c	-0.0	0.0	0.0	Inf	Inf
GALTptspp	urea_c	-0.0	-1000.0	0.0	-0.0	Inf
GALTptspp	uri_c	-0.0	0.0	0.0	Inf	Inf
GALTptspp	rbflvrd_c	-0.0	0.0	0.034125208871500945	Inf	0.0
GALTptspp	rbl__L_c	-0.0	-73.65267504983393	0.0	-0.0	Inf
GALTptspp	rdmbzi_c	0.0	0.0	0.0	Inf	Inf
GALTptspp	thptdn_c	0.0	0.0	0.0	Inf	Inf
GALTptspp	xan_c	-0.0	-0.06825041774300189	0.0	-0.0	Inf
GALTptspp	rephaccoa_c	-0.0	-0.00035997253689856734	0.0	-0.0	Inf
GALTptspp	rib__D_c	-0.0	0.0	1.1047039906465288	Inf	0.0
GALTptspp	xtsn_c	-0.0	0.0	0.0	Inf	Inf
GALTptspp	rml_c	-0.0	-4.49377839135559	0.0	-0.0	Inf
GALTptspp	thym_c	-0.0	-146.9626092397516	0.0	-0.0	Inf
GALTptspp	thymd_c	-0.0	-0.016352502364634227	0.0	-0.0	Inf
GALTptspp	xu5p__L_c	-0.0	-0.602848379890446	0.0	-0.0	Inf
GALTptspp	rmn_c	-0.0	-4.49377839135559	0.0	-0.0	Inf
GALTptspp	xyl__D_c	0.0	0.0	0.0	Inf	Inf
GALTptspp	tmao_c	0.0	0.0	0.0	Inf	Inf
GALTptspp	xylu__D_c	-0.0	0.0	0.0	Inf	Inf
GALTptspp	xylu__L_c	-0.0	-73.65267504983393	0.0	-0.0	Inf
GALTptspp	12ppd__R_e	-0.0	-1000.0	0.0	-0.0	Inf
GALTptspp	12ppd__S_e	-0.0	-1000.0	0.0	-0.0	Inf
GALTptspp	tre_c	-0.0	-30.688614604097474	0.0	-0.0	Inf
GALTptspp	seln_c	0.0	0.0	0.0	Inf	Inf
GALTptspp	34dhpac_e	-0.0	-1000.0	0.0	-0.0	Inf
GALTptspp	slnt_c	0.0	0.0	0.0	Inf	Inf
GALTptspp	so2_c	0.0	0.0	0.0	Inf	Inf
GALTptspp	so3_c	-0.0	-0.15490818108077098	8.164589402208422	-0.0	0.0
GALTptspp	so4_c	-0.0	-0.15761922423821895	146.9626092397516	-0.0	0.0
GALTptspp	4hoxpacd_e	-0.0	-1000.0	0.0	-0.0	Inf
GALTptspp	5mtr_e	-0.0	-1000.0	0.0	-0.0	Inf
GALTptspp	LalaDgluMdap_e	-0.0	-1000.0	0.0	-0.0	Inf
GALTptspp	ac_e	-0.0	0.0	0.0	Inf	Inf
GALTptspp	acald_e	-0.0	-1000.0	0.0	-0.0	Inf
GALTptspp	acgal_e	-0.0	-1000.0	0.0	-0.0	Inf
GALTptspp	acgam_e	-0.0	-1000.0	0.0	-0.0	Inf
GALTptspp	acmana_e	-0.0	-1000.0	0.0	-0.0	Inf
GALTptspp	tagur_c	-0.0	0.0	0.0	Inf	Inf
GALTptspp	tartr__L_c	-0.0	-1.849457643231986	0.0	-0.0	Inf
GALTptspp	ade_e	-0.0	-1000.0	0.0	-0.0	Inf
GALTptspp	adn_e	-0.0	-1000.0	0.0	-0.0	Inf
GALTptspp	all__D_e	-0.0	-1000.0	0.0	-0.0	Inf
GALTptspp	cl_e	-0.0	-0.0032528768175552614	999.9967471231824	-0.0	0.0
GALTptspp	alltn_e	-0.0	0.0	0.0	Inf	Inf
GALTptspp	cm_e	-0.0	-1000.0	0.0	-0.0	Inf
GALTptspp	co2_e	-0.0	-965.6532839994069	34.34671600059312	-0.0	0.0
GALTptspp	arab__L_e	-0.0	-1000.0	0.0	-0.0	Inf
GALTptspp	arbt_e	-0.0	-1000.0	0.0	-0.0	Inf
GALTptspp	unagamu_c	-0.0	0.0	0.04248861502486652	Inf	0.0
GALTptspp	crn_e	-0.0	-1000.0	0.0	-0.0	Inf
GALTptspp	csn_e	-0.0	-1000.0	0.0	-0.0	Inf
GALTptspp	cyan_e	-0.0	-1000.0	0.0	-0.0	Inf
GALTptspp	glyb_e	-0.0	-1000.0	0.0	-0.0	Inf
GALTptspp	glyc_e	-0.0	-1000.0	0.0	-0.0	Inf
GALTptspp	cytd_e	-0.0	-1000.0	0.0	-0.0	Inf
GALTptspp	ca2_e	-0.0	-0.0032528768175552614	999.9967471231824	-0.0	0.0
GALTptspp	dad_2_e	-0.0	-1000.0	0.0	-0.0	Inf
GALTptspp	dcyt_e	-0.0	-1000.0	0.0	-0.0	Inf
GALTptspp	chol_e	-0.0	-1000.0	0.0	-0.0	Inf
GALTptspp	dha_e	-0.0	-1000.0	0.0	-0.0	Inf
GALTptspp	ppal_e	-0.0	-1000.0	0.0	-0.0	Inf
GALTptspp	h2_e	-0.0	-1000.0	0.0	-0.0	Inf
GALTptspp	dms_e	-0.0	-1000.0	0.0	-0.0	Inf
GALTptspp	dmso_e	-0.0	-1000.0	0.0	-0.0	Inf
GALTptspp	h2o2_e	-0.0	-1000.0	0.0	-0.0	Inf
GALTptspp	psclys_e	-0.0	-1000.0	0.0	-0.0	Inf
GALTptspp	duri_e	-0.0	-1000.0	0.0	-0.0	Inf
GALTptspp	pydx_e	-0.0	-1000.0	0.0	-0.0	Inf
GALTptspp	pydxn_e	-0.0	-1000.0	0.0	-0.0	Inf
GALTptspp	etoh_e	-0.0	-1000.0	0.0	-0.0	Inf
GALTptspp	fald_e	-0.0	0.0	0.0	Inf	Inf
GALTptspp	rib__D_e	-0.0	-1000.0	0.0	-0.0	Inf
GALTptspp	rmn_e	-0.0	-1000.0	0.0	-0.0	Inf
GALTptspp	indole_e	-0.0	-1000.0	0.0	-0.0	Inf
GALTptspp	inost_e	-0.0	-1000.0	0.0	-0.0	Inf
GALTptspp	sbt__D_e	-0.0	-4.49377839135559	0.0	-0.0	Inf
GALTptspp	k_e	-0.0	-0.1219863178957894	999.8780136821042	-0.0	0.0
GALTptspp	for_e	-0.0	0.0	0.001533008037111313	Inf	0.0
GALTptspp	slnt_e	-0.0	0.0	1000.0	Inf	0.0
GALTptspp	fru_e	-0.0	-1000.0	0.0	-0.0	Inf
GALTptspp	so2_e	-0.0	-1000.0	0.0	-0.0	Inf
GALTptspp	so3_e	-0.0	-1000.0	0.0	-0.0	Inf
GALTptspp	so4_e	-0.0	-0.15761922423826036	999.8423807757617	-0.0	0.0
GALTptspp	lipa_cold_e	-0.0	-1000.0	0.0	-0.0	Inf
GALTptspp	sucr_e	-0.0	-1000.0	0.0	-0.0	Inf
GALTptspp	g3pe_e	-0.0	-1000.0	0.0	-0.0	Inf
GALTptspp	malt_e	-0.0	-1000.0	0.0	-0.0	Inf
GALTptspp	tartr__L_e	-0.0	-1000.0	0.0	-0.0	Inf
GALTptspp	g3pi_e	-0.0	-1000.0	0.0	-0.0	Inf
GALTptspp	malthx_e	-0.0	-1000.0	0.0	-0.0	Inf
GALTptspp	maltpt_e	-0.0	-1000.0	0.0	-0.0	Inf
GALTptspp	gal_e	-0.0	-1000.0	0.0	-0.0	Inf
GALTptspp	gal_bD_e	-0.0	-1000.0	0.0	-0.0	Inf
GALTptspp	malttr_e	-0.0	-1000.0	0.0	-0.0	Inf
GALTptspp	maltttr_e	-0.0	-1000.0	0.0	-0.0	Inf
GALTptspp	man_e	-0.0	-1000.0	0.0	-0.0	Inf
GALTptspp	thym_e	-0.0	-1000.0	0.0	-0.0	Inf
GALTptspp	thymd_e	-0.0	-1000.0	0.0	-0.0	Inf
GALTptspp	galt_e	-1.0	-4.49377839135559	0.0	-0.9999999999999494	Inf
GALTptspp	melib_e	-0.0	-1000.0	0.0	-0.0	Inf
GALTptspp	meoh_e	-0.0	-999.9999987500954	1.2499045851654955e-06	-0.0	0.0
GALTptspp	tmao_e	-0.0	-1000.0	0.0	-0.0	Inf
GALTptspp	tre_e	-0.0	-1000.0	0.0	-0.0	Inf
GALTptspp	metsox_S__L_e	-0.0	-1000.0	0.0	-0.0	Inf
GALTptspp	glc__D_e	-0.0	-62.417521228672825	1.1047039906465292	-0.0	0.0
GALTptspp	mg2_e	-0.0	-0.005421461362629998	999.9945785386374	-0.0	0.0
GALTptspp	mnl_e	-0.0	-1000.0	0.0	-0.0	Inf
GALTptspp	mobd_e	-0.0	-8.061884909693617e-05	999.9999193811509	-0.0	0.0
GALTptspp	glyald_e	-0.0	-1000.0	0.0	-0.0	Inf
GALTptspp	n2o_e	-0.0	-1000.0	0.0	-0.0	Inf
GALTptspp	na1_e	-0.0	0.0	1000.0	Inf	0.0
GALTptspp	nac_e	-0.0	-1000.0	0.0	-0.0	Inf
GALTptspp	ni2_e	-0.0	-0.0002018595988602101	999.9997981404011	-0.0	0.0
GALTptspp	no_e	-0.0	-1000.0	0.0	-0.0	Inf
GALTptspp	no2_e	-0.0	-1000.0	0.0	-0.0	Inf
GALTptspp	ura_e	-0.0	-1000.0	0.0	-0.0	Inf
GALTptspp	no3_e	-0.0	-1000.0	0.0	-0.0	Inf
GALTptspp	urea_e	-0.0	-1000.0	0.0	-0.0	Inf
GALTptspp	novbcn_e	-0.0	-1000.0	0.0	-0.0	Inf
GALTptspp	uri_e	-0.0	-1000.0	0.0	-0.0	Inf
GALTptspp	o2_e	-0.0	-33.01190659159272	966.9880934084073	-0.0	0.0
GALTptspp	xan_e	-0.0	0.0	0.0	Inf	Inf
GALTptspp	xtsn_e	-0.0	-1000.0	0.0	-0.0	Inf
GALTptspp	xyl__D_e	-0.0	-1000.0	0.0	-0.0	Inf
GALTptspp	xylu__L_e	-0.0	-1000.0	0.0	-0.0	Inf
GALTptspp	pacald_e	-0.0	-1000.0	0.0	-0.0	Inf
GALTptspp	12dgr120_p	-0.0	0.0	0.0	Inf	Inf
GALTptspp	12dgr140_p	-0.0	0.0	0.0	Inf	Inf
GALTptspp	12dgr160_p	-0.0	-0.039880707249722036	0.0	-0.0	Inf
GALTptspp	12dgr180_p	-0.0	0.0	0.0	Inf	Inf
GALTptspp	12ppd__R_p	-0.0	-1000.0	0.0	-0.0	Inf
GALTptspp	12ppd__S_p	-0.0	0.0	0.0	Inf	Inf
GALTptspp	chol_p	-0.0	-1000.0	0.0	-0.0	Inf
GALTptspp	cl_p	-0.0	-0.0032528768175552614	999.9967471231824	-0.0	0.0
GALTptspp	34dhpac_p	-0.0	-1000.0	0.0	-0.0	Inf
GALTptspp	cm_p	-0.0	0.0	0.0	Inf	Inf
GALTptspp	4hoxpacd_p	-0.0	-1000.0	0.0	-0.0	Inf
GALTptspp	co2_p	-0.0	-965.6532839994069	34.34671600059312	-0.0	0.0
GALTptspp	5mtr_p	-0.0	-1000.0	0.0	-0.0	Inf
GALTptspp	LalaDgluMdap_p	-0.0	-0.017366175025164562	0.0	-0.0	Inf
GALTptspp	gal_p	-0.0	-1000.0	0.0	-0.0	Inf
GALTptspp	ac_p	-0.0	-2.66820392592274	0.0	-0.0	Inf
GALTptspp	crn_p	-0.0	-1000.0	0.0	-0.0	Inf
GALTptspp	gal_bD_p	-0.0	-1000.0	0.0	-0.0	Inf
GALTptspp	acald_p	-0.0	-1000.0	0.0	-0.0	Inf
GALTptspp	acgal_p	-0.0	-1000.0	0.0	-0.0	Inf
GALTptspp	csn_p	-0.0	0.0	0.0	Inf	Inf
GALTptspp	acgam_p	-0.0	-1000.0	0.0	-0.0	Inf
GALTptspp	galt_p	-1.0	-4.49377839135559	0.0	-0.9999999999999494	Inf
GALTptspp	acmana_p	-0.0	-1000.0	0.0	-0.0	Inf
GALTptspp	cyan_p	-0.0	0.0	0.0	Inf	Inf
GALTptspp	ade_p	-0.0	-1000.0	0.0	-0.0	Inf
GALTptspp	adn_p	-0.0	0.0	0.1500000000039563	Inf	0.0
GALTptspp	cytd_p	-0.0	0.0	0.0	Inf	Inf
GALTptspp	glc__D_p	-0.0	-62.417521228672825	1.1047039906465292	-0.0	0.0
GALTptspp	dad_2_p	-0.0	-1000.0	0.0	-0.0	Inf
GALTptspp	dcyt_p	-0.0	-1000.0	0.0	-0.0	Inf
GALTptspp	all__D_p	-0.0	0.0	0.0	Inf	Inf
GALTptspp	alltn_p	-0.0	0.0	0.0	Inf	Inf
GALTptspp	dha_p	-0.0	-1000.0	0.0	-0.0	Inf
GALTptspp	glyald_p	-0.0	-1000.0	0.0	-0.0	Inf
GALTptspp	glyb_p	0.0	0.0	0.0	Inf	Inf
GALTptspp	dms_p	-0.0	-1000.0	0.0	-0.0	Inf
GALTptspp	glyc_p	-0.0	-105.21810721404849	0.0	-0.0	Inf
GALTptspp	dmso_p	-0.0	-1000.0	0.0	-0.0	Inf
GALTptspp	arab__L_p	-0.0	0.0	0.0	Inf	Inf
GALTptspp	arbt_p	0.0	0.0	0.0	Inf	Inf
GALTptspp	ca2_p	-0.0	-0.0032528768175552614	999.9967471231824	-0.0	0.0
GALTptspp	duri_p	-0.0	-1000.0	0.0	-0.0	Inf
GALTptspp	h2_p	-0.0	-1000.0	0.0	-0.0	Inf
GALTptspp	h2o2_p	-0.0	-1000.0	0.0	-0.0	Inf
GALTptspp	etoh_p	-0.0	-1000.0	0.0	-0.0	Inf
GALTptspp	fald_p	-0.0	0.0	0.0	Inf	Inf
GALTptspp	n2o_p	-0.0	-1000.0	0.0	-0.0	Inf
GALTptspp	na1_p	-0.0	0.0	0.0	Inf	Inf
GALTptspp	indole_p	-0.0	0.0	0.5523519953232646	Inf	0.0
GALTptspp	nac_p	-0.0	-1000.0	0.0	-0.0	Inf
GALTptspp	ni2_p	-0.0	-0.0002018595988602101	999.9997981404011	-0.0	0.0
GALTptspp	inost_p	-0.0	-1000.0	0.0	-0.0	Inf
GALTptspp	no_p	-0.0	-1000.0	0.0	-0.0	Inf
GALTptspp	no2_p	-0.0	-1000.0	0.0	-0.0	Inf
GALTptspp	for_p	-0.0	0.0	0.001533008037111313	Inf	0.0
GALTptspp	fru_p	-0.0	-1000.0	0.0	-0.0	Inf
GALTptspp	no3_p	-0.0	0.0	0.0	Inf	Inf
GALTptspp	k_p	-0.0	-0.1219863178957894	999.8780136821042	-0.0	0.0
GALTptspp	novbcn_p	-0.0	0.0	0.0	Inf	Inf
GALTptspp	o2_p	-0.0	-33.01190659159272	966.9880934084073	-0.0	0.0
GALTptspp	lipa_cold_p	-0.0	-36.7406523099379	0.0	-0.0	Inf
GALTptspp	g3pe_p	-0.0	0.0	0.0	Inf	Inf
GALTptspp	g3pi_p	-0.0	0.0	0.0	Inf	Inf
GALTptspp	so3_p	-0.0	-1000.0	0.0	-0.0	Inf
GALTptspp	so4_p	-0.0	-0.15761922423821895	999.8423807757617	-0.0	0.0
GALTptspp	malt_p	0.0	0.0	0.0	Inf	Inf
GALTptspp	malthx_p	0.0	0.0	0.0	Inf	Inf
GALTptspp	maltpt_p	0.0	0.0	0.0	Inf	Inf
GALTptspp	sucr_p	-0.0	-1000.0	0.0	-0.0	Inf
GALTptspp	malttr_p	0.0	0.0	0.0	Inf	Inf
GALTptspp	maltttr_p	0.0	0.0	0.0	Inf	Inf
GALTptspp	pacald_p	-0.0	-1000.0	0.0	-0.0	Inf
GALTptspp	man_p	-0.0	-1000.0	0.0	-0.0	Inf
GALTptspp	tartr__L_p	-0.0	-1000.0	0.0	-0.0	Inf
GALTptspp	pe120_p	-0.0	0.0	0.0	Inf	Inf
GALTptspp	melib_p	-0.0	-1000.0	0.0	-0.0	Inf
GALTptspp	meoh_p	-0.0	-999.9999987500954	1.2499045851654955e-06	-0.0	0.0
GALTptspp	thym_p	-0.0	-1000.0	0.0	-0.0	Inf
GALTptspp	thymd_p	-0.0	-0.016352502364634227	0.0	-0.0	Inf
GALTptspp	pg120_p	-0.0	-0.04863628923126554	0.0	-0.0	Inf
GALTptspp	metsox_S__L_p	-0.0	-1000.0	0.0	-0.0	Inf
GALTptspp	tmao_p	-0.0	-1000.0	0.0	-0.0	Inf
GALTptspp	mg2_p	-0.0	-0.005421461362577464	999.9945785386374	-0.0	0.0
GALTptspp	tre_p	-0.0	0.0	0.0	Inf	Inf
GALTptspp	mnl_p	-0.0	0.0	0.0	Inf	Inf
GALTptspp	mobd_p	-0.0	-8.061884909693617e-05	999.9999193811509	-0.0	0.0
GALTptspp	ura_p	-0.0	-1000.0	0.0	-0.0	Inf
GALTptspp	urea_p	-0.0	-1000.0	0.0	-0.0	Inf
GALTptspp	uri_p	-0.0	0.0	0.0	Inf	Inf
GALTptspp	xan_p	-0.0	-0.06825041774300189	0.0	-0.0	Inf
GALTptspp	xtsn_p	-0.0	0.0	0.0	Inf	Inf
GALTptspp	xyl__D_p	-0.0	0.0	0.0	Inf	Inf
GALTptspp	xylu__L_p	-0.0	-1000.0	0.0	-0.0	Inf
GALTptspp	ppal_p	-0.0	-1000.0	0.0	-0.0	Inf
GALTptspp	psclys_p	-0.0	-1000.0	0.0	-0.0	Inf
GALTptspp	pydx_p	-0.0	0.0	0.0	Inf	Inf
GALTptspp	pydxn_p	-0.0	0.0	0.0	Inf	Inf
GALTptspp	rib__D_p	-0.0	-1000.0	0.0	-0.0	Inf
GALTptspp	rmn_p	-0.0	-1000.0	0.0	-0.0	Inf
GALTptspp	sbt__D_p	-0.0	-4.49377839135559	0.0	-0.0	Inf
GALTptspp	slnt_p	-0.0	0.0	0.0	Inf	Inf
GALTptspp	so2_p	-0.0	-1000.0	0.0	-0.0	Inf
