Reaction	Metabolite	ShadowPrice	G-	G+	DecrementalShadowPrice	IncrementalShadowPrice
FE3tex_f	12dgr120_c	-0.0	0.0	0.0	Inf	Inf
FE3tex_f	12dgr140_c	-0.0	0.0	0.0	Inf	Inf
FE3tex_f	12dgr160_c	-0.0	-0.039880707249722036	0.0	-0.0	Inf
FE3tex_f	12dgr180_c	-0.0	0.0	0.0	Inf	Inf
FE3tex_f	12ppd__R_c	-0.0	-1000.0	0.0	-0.0	Inf
FE3tex_f	12ppd__S_c	-0.0	0.0	0.0	Inf	Inf
FE3tex_f	5drib_c	-0.0	-999.9998593857283	0.00014061427165186504	-0.0	0.0
FE3tex_f	5mta_c	-0.0	-0.06825041775226841	0.0	-0.0	Inf
FE3tex_f	23dhacoa_c	-0.0	-0.00035997253598907264	0.0	-0.0	Inf
FE3tex_f	5mtr_c	-0.0	-1000.0	0.0	-0.0	Inf
FE3tex_f	3amac_c	-0.0	-5.747086518608724	0.0	-0.0	Inf
FE3tex_f	LalaDgluMdap_c	-0.0	-0.017366175025164562	0.0	-0.0	Inf
FE3tex_f	ac_c	-0.0	-2.599421673746024	0.3640822218752646	-0.0	0.0
FE3tex_f	acald_c	-0.0	-2.599421673746024	1.138829199503088	-0.0	0.0
FE3tex_f	acetol_c	-0.0	0.0	0.0	Inf	Inf
FE3tex_f	acgam_c	-0.0	-0.059050494665895306	0.0	-0.0	Inf
FE3tex_f	acgam6p_c	-0.0	-0.059050494665895306	0.0	-0.0	Inf
FE3tex_f	acmalt_c	0.0	0.0	0.0	Inf	Inf
FE3tex_f	acmana_c	-0.0	-0.059050494665895306	0.0	-0.0	Inf
FE3tex_f	2dmmq8_c	-0.0	0.0	0.0	Inf	Inf
FE3tex_f	2dmmql8_c	0.0	0.0	0.0	Inf	Inf
FE3tex_f	ade_c	-0.0	-0.0682504177522685	0.0004205929102669497	-0.0	0.0
FE3tex_f	adn_c	-0.0	-0.06825041775226835	0.0004205929102669497	-0.0	0.0
FE3tex_f	3sala_c	0.0	0.0	0.0	Inf	Inf
FE3tex_f	adphep_DD_c	-0.0	0.0	0.0	Inf	Inf
FE3tex_f	adphep_LD_c	-0.0	0.0	0.0	Inf	Inf
FE3tex_f	4ahmmp_c	0.0	0.0	0.0	Inf	Inf
FE3tex_f	4crsol_c	-0.0	-999.999860635633	0.00013936436701495958	-0.0	0.0
FE3tex_f	2ohph_c	-0.0	-0.00013936436701495958	0.06326828886128266	-0.0	0.0
FE3tex_f	2ombzl_c	-0.0	0.0	0.0	Inf	Inf
FE3tex_f	2omhmbl_c	-0.0	0.0	0.0	Inf	Inf
FE3tex_f	2ommbl_c	0.0	0.0	0.0	Inf	Inf
FE3tex_f	2omph_c	-0.0	0.0	0.05993837892121515	Inf	0.0
FE3tex_f	4mhetz_c	0.0	0.0	0.0	Inf	Inf
FE3tex_f	2oph_c	-0.0	-0.00013936436701495958	0.06326828886128266	-0.0	0.0
FE3tex_f	2oxpaccoa_c	-0.0	-0.00035997253598907264	0.0	-0.0	Inf
FE3tex_f	all__D_c	-0.0	-42.20335044673353	0.0	-0.0	Inf
FE3tex_f	alltn_c	-0.0	-1.436771629652181	0.0	-0.0	Inf
FE3tex_f	4r5au_c	-0.0	-0.0002787287339742761	0.18749999999289382	-0.0	0.0
FE3tex_f	56dura_c	0.0	0.0	0.0	Inf	Inf
FE3tex_f	arab__L_c	-0.0	-50.64402053608025	0.0	-0.0	Inf
FE3tex_f	etoh_c	-0.0	-1000.0	0.0	-0.0	Inf
FE3tex_f	csn_c	-0.0	0.0	0.11305699917022594	Inf	0.0
FE3tex_f	fald_c	-0.0	0.0	0.0	Inf	Inf
FE3tex_f	fc1p_c	-0.0	-0.6028483799186455	0.0	-0.0	Inf
FE3tex_f	fcl__L_c	-0.0	0.0	0.0	Inf	Inf
FE3tex_f	aso4_c	0.0	0.0	0.0	Inf	Inf
FE3tex_f	cyan_c	0.0	0.0	0.0	Inf	Inf
FE3tex_f	athtp_c	0.0	0.0	0.0	Inf	Inf
FE3tex_f	cytd_c	-0.0	0.0	0.11305699917022594	Inf	0.0
FE3tex_f	dad_2_c	-0.0	0.0	0.0	Inf	Inf
FE3tex_f	dad_5_c	-0.0	-0.0682504177522685	0.00014061427165186504	-0.0	0.0
FE3tex_f	betald_c	0.0	0.0	0.0	Inf	Inf
FE3tex_f	btal_c	-0.0	-506.4402053608023	0.0	-0.0	Inf
FE3tex_f	for_c	-0.0	-0.06825041775226856	2.599421673746024	-0.0	0.0
FE3tex_f	dcyt_c	-0.0	-0.01635250236461161	0.0	-0.0	Inf
FE3tex_f	fru_c	-0.0	-42.20335044673353	0.0	-0.0	Inf
FE3tex_f	ca2_c	-0.0	-0.0032528768175552614	999.9967471231824	-0.0	0.0
FE3tex_f	g3pe_c	-0.0	-0.08688587092984665	0.0	-0.0	Inf
FE3tex_f	g3pi_c	0.0	0.0	0.0	Inf	Inf
FE3tex_f	cbm_c	-0.0	-2.873543259304362	0.0	-0.0	Inf
FE3tex_f	dha_c	-0.0	-84.40670089346708	0.0	-0.0	Inf
FE3tex_f	gal_c	-0.0	0.0	0.0	Inf	Inf
FE3tex_f	dhgly_c	-0.0	-0.00013936436701495958	0.284707299875772	-0.0	0.0
FE3tex_f	dhmptp_c	0.0	0.0	0.0	Inf	Inf
FE3tex_f	gcald_c	-0.0	-1.8494576432309486	0.00041809310096141417	-0.0	0.0
FE3tex_f	dhptd_c	-0.0	-50.849119428319646	0.00027997863861508465	-0.0	0.0
FE3tex_f	cechddd_c	-0.0	0.0	0.0	Inf	Inf
FE3tex_f	dhptdn_c	0.0	0.0	0.0	Inf	Inf
FE3tex_f	chol_c	0.0	0.0	0.0	Inf	Inf
FE3tex_f	chtbs6p_c	-0.0	0.0	0.0	Inf	Inf
FE3tex_f	dmbzid_c	0.0	0.0	0.0	Inf	Inf
FE3tex_f	dms_c	0.0	0.0	0.0	Inf	Inf
FE3tex_f	dmso_c	0.0	0.0	0.0	Inf	Inf
FE3tex_f	cl_c	-0.0	-0.0032528768175464785	999.9967471231824	-0.0	0.0
FE3tex_f	glc__D_c	-0.0	-42.20335044673353	0.0	-0.0	Inf
FE3tex_f	co2_c	-0.0	-965.6532839994951	34.3467160005049	-0.0	0.0
FE3tex_f	dscl_c	-0.0	-0.00013936436701495958	0.06326828886128266	-0.0	0.0
FE3tex_f	dtdp4aaddg_c	-0.0	0.0	0.0	Inf	Inf
FE3tex_f	glyald_c	-0.0	-1000.0	0.0	-0.0	Inf
FE3tex_f	crn_c	-0.0	-1000.0	0.0	-0.0	Inf
FE3tex_f	duri_c	-0.0	-0.01635250236461161	0.0	-0.0	Inf
FE3tex_f	glyb_c	0.0	0.0	0.0	Inf	Inf
FE3tex_f	glyc_c	-0.0	-72.34860076582892	0.0	-0.0	Inf
FE3tex_f	dxyl_c	0.0	0.0	0.0	Inf	Inf
FE3tex_f	glycogen_c	-0.0	-42.20335044673354	0.0	-0.0	Inf
FE3tex_f	gmhep1p_c	-0.0	0.0	1.1388291995030884	Inf	0.0
FE3tex_f	lipa_cold_c	-0.0	0.0	0.0	Inf	Inf
FE3tex_f	lipidA_c	-0.0	-0.012159072307809993	0.0379609733167696	-0.0	0.0
FE3tex_f	malt_c	0.0	0.0	0.0	Inf	Inf
FE3tex_f	h2_c	-0.0	0.0	0.0	Inf	Inf
FE3tex_f	malthx_c	-0.0	0.0	0.0	Inf	Inf
FE3tex_f	maltpt_c	-0.0	0.0	0.0	Inf	Inf
FE3tex_f	malttr_c	-0.0	0.0	0.0	Inf	Inf
FE3tex_f	maltttr_c	-0.0	0.0	0.0	Inf	Inf
FE3tex_f	h2o2_c	-0.0	-66.02381318306652	0.0015630057478119852	-0.0	0.0
FE3tex_f	man_c	-0.0	-42.20335044673353	0.0	-0.0	Inf
FE3tex_f	mdhdhf_c	-0.0	-50.849119428319646	0.00027997863861508465	-0.0	0.0
FE3tex_f	melib_c	-0.0	0.0	0.0	Inf	Inf
FE3tex_f	meoh_c	-0.0	-999.9999987500954	1.2499045851654955e-06	-0.0	0.0
FE3tex_f	pacald_c	-0.0	-1000.0	0.0	-0.0	Inf
FE3tex_f	metsox_S__L_c	-0.0	-0.06825041775226856	0.0	-0.0	Inf
FE3tex_f	mg2_c	-0.0	-0.005421461362577464	999.9945785386374	-0.0	0.0
FE3tex_f	hhlipa_c	-0.0	0.0	0.0	Inf	Inf
FE3tex_f	pe120_c	-0.0	0.0	0.0	Inf	Inf
FE3tex_f	mobd_c	-0.0	-8.061884908040263e-05	65.52075376878719	-0.0	0.0
FE3tex_f	hlipa_c	-0.0	0.0	0.0	Inf	Inf
FE3tex_f	pg120_c	-0.0	-0.04863628923126554	0.0	-0.0	Inf
FE3tex_f	mql8_c	0.0	0.0	0.0	Inf	Inf
FE3tex_f	mqn8_c	-0.0	0.0	0.0	Inf	Inf
FE3tex_f	mthgxl_c	-0.0	-6.861282759536721	0.0	-0.0	Inf
FE3tex_f	hqn_c	0.0	0.0	0.0	Inf	Inf
FE3tex_f	mththf_c	-0.0	-999.9997200213614	0.00027997863861508465	-0.0	0.0
FE3tex_f	n2o_c	-0.0	-1000.0	0.0	-0.0	Inf
FE3tex_f	na1_c	-0.0	0.0	0.0	Inf	Inf
FE3tex_f	nac_c	-0.0	0.0	0.0	Inf	Inf
FE3tex_f	ncam_c	-0.0	0.0	0.0	Inf	Inf
FE3tex_f	ni2_c	-0.0	-0.0002018595988602101	999.9997981404011	-0.0	0.0
FE3tex_f	no_c	-0.0	-1000.0	0.0	-0.0	Inf
FE3tex_f	indole_c	-0.0	-0.03552416463780873	0.569414599751544	-0.0	0.0
FE3tex_f	no2_c	-0.0	-1000.0	0.0	-0.0	Inf
FE3tex_f	no3_c	0.0	0.0	0.0	Inf	Inf
FE3tex_f	inost_c	0.0	0.0	0.0	Inf	Inf
FE3tex_f	o2_c	-0.0	-33.01190659153326	966.9880934084667	-0.0	0.0
FE3tex_f	poaac_c	-0.0	-6.750000000028422	0.0	-0.0	Inf
FE3tex_f	ppal_c	-0.0	0.0	0.0	Inf	Inf
FE3tex_f	k_c	-0.0	-0.12198631789574443	262.08301507514875	-0.0	0.0
FE3tex_f	psclys_c	-0.0	0.0	0.0	Inf	Inf
FE3tex_f	lald__D_c	-0.0	0.0	0.0	Inf	Inf
FE3tex_f	lald__L_c	-0.0	-6.861282759536721	0.0	-0.0	Inf
FE3tex_f	ura_c	-0.0	0.0	0.0	Inf	Inf
FE3tex_f	pydx_c	-0.0	0.0	0.37960973316769603	Inf	0.0
FE3tex_f	uracp_c	-0.0	-3.375000000014211	0.0	-0.0	Inf
FE3tex_f	pydxn_c	-0.0	0.0	0.37960973316769603	Inf	0.0
FE3tex_f	urate_c	-0.0	-1.4367716296521824	0.0	-0.0	Inf
FE3tex_f	q8_c	-0.0	0.0	0.0	Inf	Inf
FE3tex_f	q8h2_c	0.0	0.0	0.0	Inf	Inf
FE3tex_f	urea_c	-0.0	0.0	0.37499999998578915	Inf	0.0
FE3tex_f	uri_c	-0.0	0.0	0.37499999998578915	Inf	0.0
FE3tex_f	rbflvrd_c	-0.0	0.0	0.03412520887613437	Inf	0.0
FE3tex_f	rbl__L_c	-0.0	-50.64402053608025	0.0	-0.0	Inf
FE3tex_f	rdmbzi_c	0.0	0.0	0.0	Inf	Inf
FE3tex_f	thptdn_c	0.0	0.0	0.0	Inf	Inf
FE3tex_f	xan_c	-0.0	0.0	0.0	Inf	Inf
FE3tex_f	rephaccoa_c	-0.0	-0.00035997253598907264	0.0	-0.0	Inf
FE3tex_f	rib__D_c	-0.0	0.0	1.1388291995030881	Inf	0.0
FE3tex_f	xtsn_c	-0.0	0.0	0.1874999999928939	Inf	0.0
FE3tex_f	rml_c	-0.0	-6.861282759536721	0.0	-0.0	Inf
FE3tex_f	thym_c	-0.0	-262.08301507514875	0.0	-0.0	Inf
FE3tex_f	thymd_c	-0.0	-0.01635250236461161	0.0	-0.0	Inf
FE3tex_f	xu5p__L_c	-0.0	-0.6028483799185991	0.0	-0.0	Inf
FE3tex_f	rmn_c	-0.0	-6.861282759536721	0.0	-0.0	Inf
FE3tex_f	xyl__D_c	0.0	0.0	0.0	Inf	Inf
FE3tex_f	tmao_c	0.0	0.0	0.0	Inf	Inf
FE3tex_f	xylu__D_c	-0.0	0.0	0.0	Inf	Inf
FE3tex_f	xylu__L_c	-0.0	-50.64402053608025	0.0	-0.0	Inf
FE3tex_f	12ppd__R_e	-0.0	-1000.0	0.0	-0.0	Inf
FE3tex_f	12ppd__S_e	-0.0	-1000.0	0.0	-0.0	Inf
FE3tex_f	tre_c	-0.0	-21.101675223366765	0.0	-0.0	Inf
FE3tex_f	seln_c	0.0	0.0	0.0	Inf	Inf
FE3tex_f	34dhpac_e	-0.0	-1000.0	0.0	-0.0	Inf
FE3tex_f	slnt_c	0.0	0.0	0.0	Inf	Inf
FE3tex_f	so2_c	0.0	0.0	0.0	Inf	Inf
FE3tex_f	so3_c	-0.0	-0.15490818107986148	13.10415075375745	-0.0	0.0
FE3tex_f	so4_c	-0.0	-0.15761922423730945	262.08301507514875	-0.0	0.0
FE3tex_f	4hoxpacd_e	-0.0	-1000.0	0.0	-0.0	Inf
FE3tex_f	5mtr_e	-0.0	-1000.0	0.0	-0.0	Inf
FE3tex_f	LalaDgluMdap_e	-0.0	-1000.0	0.0	-0.0	Inf
FE3tex_f	ac_e	-0.0	0.0	0.0	Inf	Inf
FE3tex_f	acald_e	-0.0	-1000.0	0.0	-0.0	Inf
FE3tex_f	acgal_e	-0.0	-1000.0	0.0	-0.0	Inf
FE3tex_f	acgam_e	-0.0	-1000.0	0.0	-0.0	Inf
FE3tex_f	acmana_e	-0.0	-1000.0	0.0	-0.0	Inf
FE3tex_f	tagur_c	-0.0	0.0	0.0	Inf	Inf
FE3tex_f	tartr__L_c	-0.0	-1.8494576432309486	0.0	-0.0	Inf
FE3tex_f	ade_e	-0.0	-1000.0	0.0	-0.0	Inf
FE3tex_f	adn_e	-0.0	-1000.0	0.0	-0.0	Inf
FE3tex_f	all__D_e	-0.0	-1000.0	0.0	-0.0	Inf
FE3tex_f	cl_e	-0.0	-0.0032528768175552614	999.9967471231824	-0.0	0.0
FE3tex_f	alltn_e	-0.0	0.0	0.0	Inf	Inf
FE3tex_f	cm_e	-0.0	-1000.0	0.0	-0.0	Inf
FE3tex_f	co2_e	-0.0	-965.6532839994951	34.3467160005049	-0.0	0.0
FE3tex_f	arab__L_e	-0.0	-1000.0	0.0	-0.0	Inf
FE3tex_f	arbt_e	-0.0	-1000.0	0.0	-0.0	Inf
FE3tex_f	unagamu_c	-0.0	0.0	0.04380112305781108	Inf	0.0
FE3tex_f	crn_e	-0.0	-1000.0	0.0	-0.0	Inf
FE3tex_f	csn_e	-0.0	-1000.0	0.0	-0.0	Inf
FE3tex_f	cyan_e	-0.0	-1000.0	0.0	-0.0	Inf
FE3tex_f	glyb_e	-0.0	-1000.0	0.0	-0.0	Inf
FE3tex_f	glyc_e	-0.0	-1000.0	0.0	-0.0	Inf
FE3tex_f	cytd_e	-0.0	-1000.0	0.0	-0.0	Inf
FE3tex_f	ca2_e	-0.0	-0.0032528768175552614	999.9967471231824	-0.0	0.0
FE3tex_f	dad_2_e	-0.0	-1000.0	0.0	-0.0	Inf
FE3tex_f	dcyt_e	-0.0	-1000.0	0.0	-0.0	Inf
FE3tex_f	chol_e	-0.0	-1000.0	0.0	-0.0	Inf
FE3tex_f	dha_e	-0.0	-1000.0	0.0	-0.0	Inf
FE3tex_f	ppal_e	-0.0	-1000.0	0.0	-0.0	Inf
FE3tex_f	h2_e	-0.0	-1000.0	0.0	-0.0	Inf
FE3tex_f	dms_e	-0.0	-1000.0	0.0	-0.0	Inf
FE3tex_f	dmso_e	-0.0	-1000.0	0.0	-0.0	Inf
FE3tex_f	h2o2_e	-0.0	-1000.0	0.0	-0.0	Inf
FE3tex_f	psclys_e	-0.0	-1000.0	0.0	-0.0	Inf
FE3tex_f	duri_e	-0.0	-1000.0	0.0	-0.0	Inf
FE3tex_f	pydx_e	-0.0	-1000.0	0.0	-0.0	Inf
FE3tex_f	pydxn_e	-0.0	-1000.0	0.0	-0.0	Inf
FE3tex_f	etoh_e	-0.0	-1000.0	0.0	-0.0	Inf
FE3tex_f	fald_e	-0.0	0.0	0.0	Inf	Inf
FE3tex_f	rib__D_e	-0.0	-1000.0	0.0	-0.0	Inf
FE3tex_f	rmn_e	-0.0	-1000.0	0.0	-0.0	Inf
FE3tex_f	indole_e	-0.0	-1000.0	0.0	-0.0	Inf
FE3tex_f	inost_e	-0.0	-1000.0	0.0	-0.0	Inf
FE3tex_f	sbt__D_e	-0.0	-38.95693887390787	0.0	-0.0	Inf
FE3tex_f	k_e	-0.0	-0.1219863178957894	999.8780136821042	-0.0	0.0
FE3tex_f	for_e	-0.0	0.0	2.599421673746024	Inf	0.0
FE3tex_f	slnt_e	-0.0	0.0	1000.0	Inf	0.0
FE3tex_f	fru_e	-0.0	-1000.0	0.0	-0.0	Inf
FE3tex_f	so2_e	-0.0	-1000.0	0.0	-0.0	Inf
FE3tex_f	so3_e	-0.0	-1000.0	0.0	-0.0	Inf
FE3tex_f	so4_e	-0.0	-0.15761922423735086	999.8423807757626	-0.0	0.0
FE3tex_f	lipa_cold_e	-0.0	-1000.0	0.0	-0.0	Inf
FE3tex_f	sucr_e	-0.0	-1000.0	0.0	-0.0	Inf
FE3tex_f	g3pe_e	-0.0	-1000.0	0.0	-0.0	Inf
FE3tex_f	malt_e	-0.0	-1000.0	0.0	-0.0	Inf
FE3tex_f	tartr__L_e	-0.0	-1000.0	0.0	-0.0	Inf
FE3tex_f	g3pi_e	-0.0	-1000.0	0.0	-0.0	Inf
FE3tex_f	malthx_e	-0.0	-1000.0	0.0	-0.0	Inf
FE3tex_f	maltpt_e	-0.0	-1000.0	0.0	-0.0	Inf
FE3tex_f	gal_e	-0.0	-1000.0	0.0	-0.0	Inf
FE3tex_f	gal_bD_e	-0.0	-1000.0	0.0	-0.0	Inf
FE3tex_f	malttr_e	-0.0	-1000.0	0.0	-0.0	Inf
FE3tex_f	maltttr_e	-0.0	-1000.0	0.0	-0.0	Inf
FE3tex_f	man_e	-0.0	-1000.0	0.0	-0.0	Inf
FE3tex_f	thym_e	-0.0	-1000.0	0.0	-0.0	Inf
FE3tex_f	thymd_e	-0.0	-1000.0	0.0	-0.0	Inf
FE3tex_f	galt_e	-0.0	-38.95693887390788	0.0	-0.0	Inf
FE3tex_f	melib_e	-0.0	-1000.0	0.0	-0.0	Inf
FE3tex_f	meoh_e	-0.0	-999.9999987500954	1.2499045851654955e-06	-0.0	0.0
FE3tex_f	tmao_e	-0.0	-1000.0	0.0	-0.0	Inf
FE3tex_f	tre_e	-0.0	-1000.0	0.0	-0.0	Inf
FE3tex_f	metsox_S__L_e	-0.0	-1000.0	0.0	-0.0	Inf
FE3tex_f	glc__D_e	-0.0	-42.20335044673353	1.1388291995030881	-0.0	0.0
FE3tex_f	mg2_e	-0.0	-0.005421461362629998	999.9945785386374	-0.0	0.0
FE3tex_f	mnl_e	-0.0	-1000.0	0.0	-0.0	Inf
FE3tex_f	mobd_e	-0.0	-8.061884909693617e-05	999.9999193811509	-0.0	0.0
FE3tex_f	glyald_e	-0.0	-1000.0	0.0	-0.0	Inf
FE3tex_f	n2o_e	-0.0	-1000.0	0.0	-0.0	Inf
FE3tex_f	na1_e	-0.0	0.0	1000.0	Inf	0.0
FE3tex_f	nac_e	-0.0	-1000.0	0.0	-0.0	Inf
FE3tex_f	ni2_e	-0.0	-0.0002018595988602101	999.9997981404011	-0.0	0.0
FE3tex_f	no_e	-0.0	-1000.0	0.0	-0.0	Inf
FE3tex_f	no2_e	-0.0	-1000.0	0.0	-0.0	Inf
FE3tex_f	ura_e	-0.0	-1000.0	0.0	-0.0	Inf
FE3tex_f	no3_e	-0.0	-1000.0	0.0	-0.0	Inf
FE3tex_f	urea_e	-0.0	-1000.0	0.0	-0.0	Inf
FE3tex_f	novbcn_e	-0.0	-1000.0	0.0	-0.0	Inf
FE3tex_f	uri_e	-0.0	-1000.0	0.0	-0.0	Inf
FE3tex_f	o2_e	-0.0	-33.01190659153326	966.9880934084667	-0.0	0.0
FE3tex_f	xan_e	-0.0	0.0	0.0	Inf	Inf
FE3tex_f	xtsn_e	-0.0	-1000.0	0.0	-0.0	Inf
FE3tex_f	xyl__D_e	-0.0	-1000.0	0.0	-0.0	Inf
FE3tex_f	xylu__L_e	-0.0	-1000.0	0.0	-0.0	Inf
FE3tex_f	pacald_e	-0.0	-1000.0	0.0	-0.0	Inf
FE3tex_f	12dgr120_p	-0.0	0.0	0.0	Inf	Inf
FE3tex_f	12dgr140_p	-0.0	0.0	0.0	Inf	Inf
FE3tex_f	12dgr160_p	-0.0	-0.039880707249722036	0.0	-0.0	Inf
FE3tex_f	12dgr180_p	-0.0	0.0	0.0	Inf	Inf
FE3tex_f	12ppd__R_p	-0.0	-1000.0	0.0	-0.0	Inf
FE3tex_f	12ppd__S_p	-0.0	0.0	0.0	Inf	Inf
FE3tex_f	chol_p	-0.0	-1000.0	0.0	-0.0	Inf
FE3tex_f	cl_p	-0.0	-0.0032528768175552614	999.9967471231824	-0.0	0.0
FE3tex_f	34dhpac_p	-0.0	-1000.0	0.0	-0.0	Inf
FE3tex_f	cm_p	-0.0	0.0	0.0	Inf	Inf
FE3tex_f	4hoxpacd_p	-0.0	-1000.0	0.0	-0.0	Inf
FE3tex_f	co2_p	-0.0	-965.6532839994951	34.3467160005049	-0.0	0.0
FE3tex_f	5mtr_p	-0.0	-1000.0	0.0	-0.0	Inf
FE3tex_f	LalaDgluMdap_p	-0.0	-0.017366175025164562	0.0	-0.0	Inf
FE3tex_f	gal_p	-0.0	-1000.0	0.0	-0.0	Inf
FE3tex_f	ac_p	-0.0	0.0	0.0	Inf	Inf
FE3tex_f	crn_p	-0.0	-1000.0	0.0	-0.0	Inf
FE3tex_f	gal_bD_p	-0.0	-1000.0	0.0	-0.0	Inf
FE3tex_f	acald_p	-0.0	-1000.0	0.0	-0.0	Inf
FE3tex_f	acgal_p	-0.0	-1000.0	0.0	-0.0	Inf
FE3tex_f	csn_p	-0.0	0.0	0.0	Inf	Inf
FE3tex_f	acgam_p	-0.0	-1000.0	0.0	-0.0	Inf
FE3tex_f	galt_p	-0.0	-38.95693887390788	0.0	-0.0	Inf
FE3tex_f	acmana_p	-0.0	-1000.0	0.0	-0.0	Inf
FE3tex_f	cyan_p	-0.0	0.0	0.0	Inf	Inf
FE3tex_f	ade_p	-0.0	-1000.0	0.0	-0.0	Inf
FE3tex_f	adn_p	-0.0	0.0	0.0004205929102669497	Inf	0.0
FE3tex_f	cytd_p	-0.0	0.0	0.0	Inf	Inf
FE3tex_f	glc__D_p	-0.0	-42.20335044673353	1.1388291995030881	-0.0	0.0
FE3tex_f	dad_2_p	-0.0	-1000.0	0.0	-0.0	Inf
FE3tex_f	dcyt_p	-0.0	-1000.0	0.0	-0.0	Inf
FE3tex_f	all__D_p	-0.0	0.0	0.0	Inf	Inf
FE3tex_f	alltn_p	-0.0	0.0	0.0	Inf	Inf
FE3tex_f	dha_p	-0.0	-1000.0	0.0	-0.0	Inf
FE3tex_f	glyald_p	-0.0	-1000.0	0.0	-0.0	Inf
FE3tex_f	glyb_p	0.0	0.0	0.0	Inf	Inf
FE3tex_f	dms_p	-0.0	-1000.0	0.0	-0.0	Inf
FE3tex_f	glyc_p	-0.0	-72.34860076582892	0.0	-0.0	Inf
FE3tex_f	dmso_p	-0.0	-1000.0	0.0	-0.0	Inf
FE3tex_f	arab__L_p	-0.0	0.0	0.0	Inf	Inf
FE3tex_f	arbt_p	0.0	0.0	0.0	Inf	Inf
FE3tex_f	ca2_p	-0.0	-0.0032528768175552614	999.9967471231824	-0.0	0.0
FE3tex_f	duri_p	-0.0	-1000.0	0.0	-0.0	Inf
FE3tex_f	h2_p	-0.0	-1000.0	0.0	-0.0	Inf
FE3tex_f	h2o2_p	-0.0	-1000.0	0.0	-0.0	Inf
FE3tex_f	etoh_p	-0.0	-1000.0	0.0	-0.0	Inf
FE3tex_f	fald_p	-0.0	0.0	0.0	Inf	Inf
FE3tex_f	n2o_p	-0.0	-1000.0	0.0	-0.0	Inf
FE3tex_f	na1_p	-0.0	0.0	0.0	Inf	Inf
FE3tex_f	indole_p	-0.0	0.0	0.569414599751544	Inf	0.0
FE3tex_f	nac_p	-0.0	-1000.0	0.0	-0.0	Inf
FE3tex_f	ni2_p	-0.0	-0.0002018595988602101	999.9997981404011	-0.0	0.0
FE3tex_f	inost_p	-0.0	-1000.0	0.0	-0.0	Inf
FE3tex_f	no_p	-0.0	-1000.0	0.0	-0.0	Inf
FE3tex_f	no2_p	-0.0	-1000.0	0.0	-0.0	Inf
FE3tex_f	for_p	-0.0	0.0	2.599421673746024	Inf	0.0
FE3tex_f	fru_p	-0.0	-1000.0	0.0	-0.0	Inf
FE3tex_f	no3_p	-0.0	0.0	0.0	Inf	Inf
FE3tex_f	k_p	-0.0	-0.1219863178957894	999.8780136821042	-0.0	0.0
FE3tex_f	novbcn_p	-0.0	0.0	0.0	Inf	Inf
FE3tex_f	o2_p	-0.0	-33.01190659153326	966.9880934084667	-0.0	0.0
FE3tex_f	lipa_cold_p	-0.0	-65.52075376878719	0.0	-0.0	Inf
FE3tex_f	g3pe_p	-0.0	0.0	0.0	Inf	Inf
FE3tex_f	g3pi_p	-0.0	0.0	0.0	Inf	Inf
FE3tex_f	so3_p	-0.0	-1000.0	0.0	-0.0	Inf
FE3tex_f	so4_p	-0.0	-0.15761922423730945	999.8423807757626	-0.0	0.0
FE3tex_f	malt_p	0.0	0.0	0.0	Inf	Inf
FE3tex_f	malthx_p	0.0	0.0	0.0	Inf	Inf
FE3tex_f	maltpt_p	0.0	0.0	0.0	Inf	Inf
FE3tex_f	sucr_p	-0.0	-1000.0	0.0	-0.0	Inf
FE3tex_f	malttr_p	0.0	0.0	0.0	Inf	Inf
FE3tex_f	maltttr_p	0.0	0.0	0.0	Inf	Inf
FE3tex_f	pacald_p	-0.0	-1000.0	0.0	-0.0	Inf
FE3tex_f	man_p	-0.0	-1000.0	0.0	-0.0	Inf
FE3tex_f	tartr__L_p	-0.0	-1000.0	0.0	-0.0	Inf
FE3tex_f	pe120_p	-0.0	-0.04863628923126554	0.0	-0.0	Inf
FE3tex_f	melib_p	-0.0	-1000.0	0.0	-0.0	Inf
FE3tex_f	meoh_p	-0.0	-999.9999987500954	1.2499045851654955e-06	-0.0	0.0
FE3tex_f	thym_p	-0.0	-1000.0	0.0	-0.0	Inf
FE3tex_f	thymd_p	-0.0	-0.01635250236461161	0.0	-0.0	Inf
FE3tex_f	pg120_p	-0.0	-0.04863628923126554	0.0	-0.0	Inf
FE3tex_f	metsox_S__L_p	-0.0	-1000.0	0.0	-0.0	Inf
FE3tex_f	tmao_p	-0.0	-1000.0	0.0	-0.0	Inf
FE3tex_f	mg2_p	-0.0	-0.005421461362577464	999.9945785386374	-0.0	0.0
FE3tex_f	tre_p	-0.0	0.0	0.0	Inf	Inf
FE3tex_f	mnl_p	-0.0	0.0	0.0	Inf	Inf
FE3tex_f	mobd_p	-0.0	-8.061884909693617e-05	999.9999193811509	-0.0	0.0
FE3tex_f	ura_p	-0.0	-1000.0	0.0	-0.0	Inf
FE3tex_f	urea_p	-0.0	0.0	0.37499999998578915	Inf	0.0
FE3tex_f	uri_p	-0.0	0.0	0.0	Inf	Inf
FE3tex_f	xan_p	-0.0	0.0	0.0	Inf	Inf
FE3tex_f	xtsn_p	-0.0	0.0	0.0	Inf	Inf
FE3tex_f	xyl__D_p	-0.0	0.0	0.0	Inf	Inf
FE3tex_f	xylu__L_p	-0.0	-1000.0	0.0	-0.0	Inf
FE3tex_f	ppal_p	-0.0	-1000.0	0.0	-0.0	Inf
FE3tex_f	psclys_p	-0.0	-1000.0	0.0	-0.0	Inf
FE3tex_f	pydx_p	-0.0	0.0	0.0	Inf	Inf
FE3tex_f	pydxn_p	-0.0	0.0	0.0	Inf	Inf
FE3tex_f	rib__D_p	-0.0	-1000.0	0.0	-0.0	Inf
FE3tex_f	rmn_p	-0.0	-1000.0	0.0	-0.0	Inf
FE3tex_f	sbt__D_p	-0.0	-38.95693887390787	0.0	-0.0	Inf
FE3tex_f	slnt_p	-0.0	0.0	0.0	Inf	Inf
FE3tex_f	so2_p	-0.0	-1000.0	0.0	-0.0	Inf
