Reaction	Metabolite	ShadowPrice	G-	G+	DecrementalShadowPrice	IncrementalShadowPrice
G3PEtex_f	12dgr120_c	-0.0	0.0	0.0	Inf	Inf
G3PEtex_f	12dgr140_c	-0.0	0.0	0.0	Inf	Inf
G3PEtex_f	12dgr160_c	-0.0	-0.0297692070853941	0.0	-0.0	Inf
G3PEtex_f	12dgr180_c	-0.0	0.0	0.0	Inf	Inf
G3PEtex_f	12ppd__R_c	-0.0	-1000.0	0.0	-0.0	Inf
G3PEtex_f	12ppd__S_c	-0.0	0.0	0.0	Inf	Inf
G3PEtex_f	5drib_c	-0.0	-999.9998959705836	0.00010402941642969871	-0.0	0.0
G3PEtex_f	5mta_c	-0.0	0.0	0.0	Inf	Inf
G3PEtex_f	23dhacoa_c	-0.0	-0.0002687037838156603	0.0	-0.0	Inf
G3PEtex_f	5mtr_c	-0.0	0.0	0.0	Inf	Inf
G3PEtex_f	3amac_c	-0.0	-4.2899454817331835	0.0	-0.0	Inf
G3PEtex_f	LalaDgluMdap_c	-0.0	-0.012963091586315999	0.0	-0.0	Inf
G3PEtex_f	ac_c	-0.0	-1.99138287075508	3.3602156679722275	-0.0	0.0
G3PEtex_f	acald_c	-0.0	-1.99138287075508	3.3602156679722275	-0.0	0.0
G3PEtex_f	acetol_c	-0.0	0.0	3.3602156679722226	Inf	0.0
G3PEtex_f	acgam_c	-0.0	-0.044078616590259	0.0	-0.0	Inf
G3PEtex_f	acgam6p_c	-0.0	-0.044078616590259	0.0	-0.0	Inf
G3PEtex_f	acmalt_c	0.0	0.0	0.0	Inf	Inf
G3PEtex_f	acmana_c	-0.0	-0.044078616590259	0.0	-0.0	Inf
G3PEtex_f	2dmmq8_c	-0.0	0.0	0.0	Inf	Inf
G3PEtex_f	2dmmql8_c	0.0	0.0	0.0	Inf	Inf
G3PEtex_f	ade_c	-0.0	-0.05094315857444675	0.0003120882492890961	-0.0	0.0
G3PEtex_f	adn_c	-0.0	0.0	0.0003120882492890961	Inf	0.0
G3PEtex_f	3sala_c	0.0	0.0	0.0	Inf	Inf
G3PEtex_f	adphep_DD_c	-0.0	0.0	0.0	Inf	Inf
G3PEtex_f	adphep_LD_c	-0.0	0.0	0.0	Inf	Inf
G3PEtex_f	4ahmmp_c	0.0	0.0	0.0	Inf	Inf
G3PEtex_f	4crsol_c	-0.0	-999.9998959705836	0.00010402941642969871	-0.0	0.0
G3PEtex_f	2ohph_c	-0.0	-0.00010402941642969871	0.18667864822067895	-0.0	0.0
G3PEtex_f	2ombzl_c	-0.0	0.0	0.0	Inf	Inf
G3PEtex_f	2omhmbl_c	-0.0	0.0	0.0	Inf	Inf
G3PEtex_f	2ommbl_c	0.0	0.0	0.0	Inf	Inf
G3PEtex_f	2omph_c	-0.0	0.0	0.17231875220370382	Inf	0.0
G3PEtex_f	4mhetz_c	0.0	0.0	0.0	Inf	Inf
G3PEtex_f	2oph_c	-0.0	-0.00010402941642969871	0.18667864822067892	-0.0	0.0
G3PEtex_f	2oxpaccoa_c	-0.0	-0.0002687037838156603	0.0	-0.0	Inf
G3PEtex_f	all__D_c	-0.0	-41.0879898193548	0.0	-0.0	Inf
G3PEtex_f	alltn_c	-0.0	-1.0724863704332988	0.0	-0.0	Inf
G3PEtex_f	4r5au_c	-0.0	-0.0002080588328637581	1.680107833986107	-0.0	0.0
G3PEtex_f	56dura_c	0.0	0.0	0.0	Inf	Inf
G3PEtex_f	arab__L_c	-0.0	-49.30558778322579	0.0	-0.0	Inf
G3PEtex_f	etoh_c	-0.0	-1000.0	0.0	-0.0	Inf
G3PEtex_f	csn_c	-0.0	0.0	0.0	Inf	Inf
G3PEtex_f	fald_c	-0.0	0.0	0.0	Inf	Inf
G3PEtex_f	fc1p_c	-0.0	-0.45000000000005297	0.0	-0.0	Inf
G3PEtex_f	fcl__L_c	-0.0	0.0	0.0	Inf	Inf
G3PEtex_f	aso4_c	0.0	0.0	0.0	Inf	Inf
G3PEtex_f	cyan_c	0.0	0.0	0.0	Inf	Inf
G3PEtex_f	athtp_c	0.0	0.0	0.0	Inf	Inf
G3PEtex_f	cytd_c	-0.0	-0.07488485234247032	0.0	-0.0	Inf
G3PEtex_f	dad_2_c	-0.0	0.0	0.0	Inf	Inf
G3PEtex_f	dad_5_c	-0.0	-0.05094315857444675	0.00010402941642969871	-0.0	0.0
G3PEtex_f	betald_c	0.0	0.0	0.0	Inf	Inf
G3PEtex_f	btal_c	-0.0	-493.05587783225764	0.0	-0.0	Inf
G3PEtex_f	for_c	-0.0	-0.050943158574446784	0.0011443235807134648	-0.0	0.0
G3PEtex_f	dcyt_c	-0.0	-0.012206429194179691	0.0	-0.0	Inf
G3PEtex_f	fru_c	-0.0	0.0	3.360215667972223	Inf	0.0
G3PEtex_f	ca2_c	-0.0	-0.002428130549446905	999.9975718694506	-0.0	0.0
G3PEtex_f	g3pe_c	-0.0	-0.06485650989860159	0.0	-0.0	Inf
G3PEtex_f	g3pi_c	0.0	0.0	0.0	Inf	Inf
G3PEtex_f	cbm_c	-0.0	-2.1449727408665895	0.0	-0.0	Inf
G3PEtex_f	dha_c	-0.0	-82.17597963870968	0.0	-0.0	Inf
G3PEtex_f	gal_c	-0.0	0.0	0.0	Inf	Inf
G3PEtex_f	dhgly_c	-0.0	-0.00010402941642969871	0.8400539169930558	-0.0	0.0
G3PEtex_f	dhmptp_c	0.0	0.0	0.0	Inf	Inf
G3PEtex_f	gcald_c	-0.0	-11.84602371268105	0.000312088249262793	-0.0	0.0
G3PEtex_f	dhptd_c	-0.0	-53.169282969353176	0.00020805883285939742	-0.0	0.0
G3PEtex_f	cechddd_c	-0.0	0.0	0.0	Inf	Inf
G3PEtex_f	dhptdn_c	0.0	0.0	0.0	Inf	Inf
G3PEtex_f	chol_c	0.0	0.0	0.0	Inf	Inf
G3PEtex_f	chtbs6p_c	-0.0	0.0	0.0	Inf	Inf
G3PEtex_f	dmbzid_c	0.0	0.0	0.0	Inf	Inf
G3PEtex_f	dms_c	0.0	0.0	0.0	Inf	Inf
G3PEtex_f	dmso_c	0.0	0.0	0.0	Inf	Inf
G3PEtex_f	cl_c	-0.0	-0.002428130549401712	999.9975718694506	-0.0	0.0
G3PEtex_f	glc__D_c	-0.0	-41.0879898193548	3.360215667972223	-0.0	0.0
G3PEtex_f	co2_c	-0.0	-959.14902309791	40.85097690209	-0.0	0.0
G3PEtex_f	dscl_c	-0.0	-0.00010402941642969871	0.17685345620906454	-0.0	0.0
G3PEtex_f	dtdp4aaddg_c	-0.0	0.0	0.0	Inf	Inf
G3PEtex_f	glyald_c	-0.0	-1000.0	0.0	-0.0	Inf
G3PEtex_f	crn_c	-0.0	-1000.0	0.0	-0.0	Inf
G3PEtex_f	duri_c	-0.0	-0.012206429194179691	0.0	-0.0	Inf
G3PEtex_f	glyb_c	0.0	0.0	0.0	Inf	Inf
G3PEtex_f	glyc_c	-0.0	-0.06485650989860159	0.0	-0.0	Inf
G3PEtex_f	dxyl_c	0.0	0.0	0.0	Inf	Inf
G3PEtex_f	glycogen_c	-0.0	-41.08798981935484	0.0	-0.0	Inf
G3PEtex_f	gmhep1p_c	-0.0	0.0	0.04999999999991659	Inf	0.0
G3PEtex_f	lipa_cold_c	-0.0	0.0	0.0	Inf	Inf
G3PEtex_f	lipidA_c	-0.0	-0.009076216708734819	0.024999999999963367	-0.0	0.0
G3PEtex_f	malt_c	0.0	0.0	0.0	Inf	Inf
G3PEtex_f	h2_c	-0.0	-575.2318574709668	0.4500000000000836	-0.0	0.0
G3PEtex_f	malthx_c	-0.0	0.0	0.0	Inf	Inf
G3PEtex_f	maltpt_c	-0.0	0.0	0.0	Inf	Inf
G3PEtex_f	malttr_c	-0.0	0.0	0.0	Inf	Inf
G3PEtex_f	maltttr_c	-0.0	0.0	0.0	Inf	Inf
G3PEtex_f	h2o2_c	-0.0	-80.15920548901704	0.0010626861439959612	-0.0	0.0
G3PEtex_f	man_c	-0.0	0.0	0.0	Inf	Inf
G3PEtex_f	mdhdhf_c	-0.0	-53.169282969353176	0.00020805883285939742	-0.0	0.0
G3PEtex_f	melib_c	-0.0	0.0	0.0	Inf	Inf
G3PEtex_f	meoh_c	-0.0	-1000.0	0.0	-0.0	Inf
G3PEtex_f	pacald_c	-0.0	-1000.0	0.0	-0.0	Inf
G3PEtex_f	metsox_S__L_c	-0.0	0.0	0.0	Inf	Inf
G3PEtex_f	mg2_c	-0.0	-0.004046884249002854	999.995953115751	-0.0	0.0
G3PEtex_f	hhlipa_c	-0.0	0.0	0.0	Inf	Inf
G3PEtex_f	pe120_c	-0.0	0.0	0.0	Inf	Inf
G3PEtex_f	mobd_c	-0.0	-6.0178451656641854e-05	102.01803105943291	-0.0	0.0
G3PEtex_f	hlipa_c	-0.0	0.0	0.0	Inf	Inf
G3PEtex_f	pg120_c	-0.0	-0.032428254949300794	0.0	-0.0	Inf
G3PEtex_f	mql8_c	0.0	0.0	0.0	Inf	Inf
G3PEtex_f	mqn8_c	-0.0	0.0	0.0	Inf	Inf
G3PEtex_f	mthgxl_c	-0.0	0.0	3.3602156679722226	Inf	0.0
G3PEtex_f	hqn_c	0.0	0.0	0.0	Inf	Inf
G3PEtex_f	mththf_c	-0.0	-999.9997919411671	0.00020805883285939742	-0.0	0.0
G3PEtex_f	n2o_c	-0.0	-1000.0	0.0	-0.0	Inf
G3PEtex_f	na1_c	-0.0	-408.07212423773166	0.0	-0.0	Inf
G3PEtex_f	nac_c	-0.0	0.0	0.0	Inf	Inf
G3PEtex_f	ncam_c	-0.0	0.0	0.0	Inf	Inf
G3PEtex_f	ni2_c	-0.0	-0.0001506793789542273	999.999849320621	-0.0	0.0
G3PEtex_f	no_c	-0.0	-1000.0	0.0	-0.0	Inf
G3PEtex_f	indole_c	-0.0	-0.026517238197817775	1.6801078339861126	-0.0	0.0
G3PEtex_f	no2_c	-0.0	-1000.0	0.0	-0.0	Inf
G3PEtex_f	no3_c	0.0	0.0	0.0	Inf	Inf
G3PEtex_f	inost_c	0.0	0.0	0.0	Inf	Inf
G3PEtex_f	o2_c	-0.0	-40.07960274450852	959.9203972554915	-0.0	0.0
G3PEtex_f	poaac_c	-0.0	-5.038573817335646	0.0	-0.0	Inf
G3PEtex_f	ppal_c	-0.0	0.0	0.0	Inf	Inf
G3PEtex_f	k_c	-0.0	-0.09105746135048776	408.07212423773166	-0.0	0.0
G3PEtex_f	psclys_c	-0.0	0.0	0.0	Inf	Inf
G3PEtex_f	lald__D_c	-0.0	0.0	3.3602156679722226	Inf	0.0
G3PEtex_f	lald__L_c	-0.0	-3.3540954520415216	0.0	-0.0	Inf
G3PEtex_f	ura_c	-0.0	0.0	0.0	Inf	Inf
G3PEtex_f	pydx_c	-0.0	0.0	1.1200718893240749	Inf	0.0
G3PEtex_f	uracp_c	-0.0	-2.519286908667823	0.0	-0.0	Inf
G3PEtex_f	pydxn_c	-0.0	0.0	1.1200718893240746	Inf	0.0
G3PEtex_f	urate_c	-0.0	-1.0724863704333054	0.0	-0.0	Inf
G3PEtex_f	q8_c	-0.0	0.0	0.0	Inf	Inf
G3PEtex_f	q8h2_c	-0.0	0.0	0.0	Inf	Inf
G3PEtex_f	urea_c	-0.0	-1000.0	0.0	-0.0	Inf
G3PEtex_f	uri_c	-0.0	0.0	1.6801078339861113	Inf	0.0
G3PEtex_f	rbflvrd_c	-0.0	0.0	0.025471579287223392	Inf	0.0
G3PEtex_f	rbl__L_c	-0.0	-49.30558778322579	0.0	-0.0	Inf
G3PEtex_f	rdmbzi_c	0.0	0.0	0.0	Inf	Inf
G3PEtex_f	thptdn_c	0.0	0.0	0.0	Inf	Inf
G3PEtex_f	xan_c	-0.0	0.0	0.0	Inf	Inf
G3PEtex_f	rephaccoa_c	-0.0	-0.0002687037838156603	0.0	-0.0	Inf
G3PEtex_f	rib__D_c	-0.0	0.0	3.360215667972223	Inf	0.0
G3PEtex_f	xtsn_c	-0.0	0.0	0.0	Inf	Inf
G3PEtex_f	rml_c	-0.0	-3.3540954520415216	0.0	-0.0	Inf
G3PEtex_f	thym_c	-0.0	-408.07212423773166	0.0	-0.0	Inf
G3PEtex_f	thymd_c	-0.0	-0.012206429194179691	0.0	-0.0	Inf
G3PEtex_f	xu5p__L_c	-0.0	-0.45000000000004375	0.0	-0.0	Inf
G3PEtex_f	rmn_c	-0.0	-3.3540954520415216	0.0	-0.0	Inf
G3PEtex_f	xyl__D_c	0.0	0.0	0.0	Inf	Inf
G3PEtex_f	tmao_c	0.0	0.0	0.0	Inf	Inf
G3PEtex_f	xylu__D_c	-0.0	0.0	0.0	Inf	Inf
G3PEtex_f	xylu__L_c	-0.0	-49.30558778322579	0.0	-0.0	Inf
G3PEtex_f	12ppd__R_e	-0.0	-1000.0	0.0	-0.0	Inf
G3PEtex_f	12ppd__S_e	-0.0	-1000.0	0.0	-0.0	Inf
G3PEtex_f	tre_c	-0.0	-20.5439949096774	0.0	-0.0	Inf
G3PEtex_f	seln_c	0.0	0.0	0.0	Inf	Inf
G3PEtex_f	34dhpac_e	-0.0	-1000.0	0.0	-0.0	Inf
G3PEtex_f	slnt_c	0.0	0.0	0.0	Inf	Inf
G3PEtex_f	so2_c	0.0	0.0	0.0	Inf	Inf
G3PEtex_f	so3_c	-0.0	-0.11563032910999027	20.403606211886583	-0.0	0.0
G3PEtex_f	so4_c	-0.0	-0.11765400448427954	408.07212423773166	-0.0	0.0
G3PEtex_f	4hoxpacd_e	-0.0	-1000.0	0.0	-0.0	Inf
G3PEtex_f	5mtr_e	-0.0	0.0	0.0	Inf	Inf
G3PEtex_f	LalaDgluMdap_e	-0.0	-1000.0	0.0	-0.0	Inf
G3PEtex_f	ac_e	-0.0	0.0	0.0	Inf	Inf
G3PEtex_f	acald_e	-0.0	-1000.0	0.0	-0.0	Inf
G3PEtex_f	acgal_e	-0.0	-1000.0	0.0	-0.0	Inf
G3PEtex_f	acgam_e	-0.0	-1000.0	0.0	-0.0	Inf
G3PEtex_f	acmana_e	-0.0	-1000.0	0.0	-0.0	Inf
G3PEtex_f	tagur_c	-0.0	0.0	0.0	Inf	Inf
G3PEtex_f	tartr__L_c	-0.0	-1.3808505532137811	0.0	-0.0	Inf
G3PEtex_f	ade_e	-0.0	-1000.0	0.0	-0.0	Inf
G3PEtex_f	adn_e	-0.0	-1000.0	0.0	-0.0	Inf
G3PEtex_f	all__D_e	-0.0	-1000.0	0.0	-0.0	Inf
G3PEtex_f	cl_e	-0.0	-0.002428130549446905	999.9975718694506	-0.0	0.0
G3PEtex_f	alltn_e	-0.0	0.0	0.0	Inf	Inf
G3PEtex_f	cm_e	-0.0	-1000.0	0.0	-0.0	Inf
G3PEtex_f	co2_e	-0.0	-959.14902309791	40.85097690209	-0.0	0.0
G3PEtex_f	arab__L_e	-0.0	-1000.0	0.0	-0.0	Inf
G3PEtex_f	arbt_e	-0.0	-1000.0	0.0	-0.0	Inf
G3PEtex_f	unagamu_c	-0.0	0.0	0.02499999999995915	Inf	0.0
G3PEtex_f	crn_e	-0.0	-1000.0	0.0	-0.0	Inf
G3PEtex_f	csn_e	-0.0	-1000.0	0.0	-0.0	Inf
G3PEtex_f	cyan_e	-0.0	-1000.0	0.0	-0.0	Inf
G3PEtex_f	glyb_e	-0.0	-1000.0	0.0	-0.0	Inf
G3PEtex_f	glyc_e	-0.0	-1000.0	0.0	-0.0	Inf
G3PEtex_f	cytd_e	-0.0	-1000.0	0.0	-0.0	Inf
G3PEtex_f	ca2_e	-0.0	-0.002428130549446905	999.9975718694506	-0.0	0.0
G3PEtex_f	dad_2_e	-0.0	-1000.0	0.0	-0.0	Inf
G3PEtex_f	dcyt_e	-0.0	-1000.0	0.0	-0.0	Inf
G3PEtex_f	chol_e	-0.0	-1000.0	0.0	-0.0	Inf
G3PEtex_f	dha_e	-0.0	-1000.0	0.0	-0.0	Inf
G3PEtex_f	ppal_e	-0.0	-1000.0	0.0	-0.0	Inf
G3PEtex_f	h2_e	-0.0	0.0	0.4500000000000455	Inf	0.0
G3PEtex_f	dms_e	-0.0	-1000.0	0.0	-0.0	Inf
G3PEtex_f	dmso_e	-0.0	-1000.0	0.0	-0.0	Inf
G3PEtex_f	h2o2_e	-0.0	-1000.0	0.0	-0.0	Inf
G3PEtex_f	psclys_e	-0.0	-1000.0	0.0	-0.0	Inf
G3PEtex_f	duri_e	-0.0	-1000.0	0.0	-0.0	Inf
G3PEtex_f	pydx_e	-0.0	-1000.0	0.0	-0.0	Inf
G3PEtex_f	pydxn_e	-0.0	-1000.0	0.0	-0.0	Inf
G3PEtex_f	etoh_e	-0.0	-1000.0	0.0	-0.0	Inf
G3PEtex_f	fald_e	-0.0	0.0	0.0	Inf	Inf
G3PEtex_f	rib__D_e	-0.0	-1000.0	0.0	-0.0	Inf
G3PEtex_f	rmn_e	-0.0	-1000.0	0.0	-0.0	Inf
G3PEtex_f	indole_e	-0.0	-1000.0	0.0	-0.0	Inf
G3PEtex_f	inost_e	-0.0	-1000.0	0.0	-0.0	Inf
G3PEtex_f	sbt__D_e	-0.0	-3.3540954520415216	0.0	-0.0	Inf
G3PEtex_f	k_e	-0.0	-0.09105746135048776	999.9089425386495	-0.0	0.0
G3PEtex_f	for_e	-0.0	0.0	0.0	Inf	Inf
G3PEtex_f	slnt_e	-0.0	0.0	1000.0	Inf	0.0
G3PEtex_f	fru_e	-0.0	-1000.0	0.0	-0.0	Inf
G3PEtex_f	so2_e	-0.0	-1000.0	0.0	-0.0	Inf
G3PEtex_f	so3_e	-0.0	-1000.0	0.0	-0.0	Inf
G3PEtex_f	so4_e	-0.0	-0.11765400448427954	999.8823459955157	-0.0	0.0
G3PEtex_f	lipa_cold_e	-0.0	-1000.0	0.0	-0.0	Inf
G3PEtex_f	sucr_e	-0.0	-1000.0	0.0	-0.0	Inf
G3PEtex_f	g3pe_e	-0.0	-1000.0	0.0	-0.0	Inf
G3PEtex_f	malt_e	-0.0	-1000.0	0.0	-0.0	Inf
G3PEtex_f	tartr__L_e	-0.0	-1000.0	0.0	-0.0	Inf
G3PEtex_f	g3pi_e	-0.0	-1000.0	0.0	-0.0	Inf
G3PEtex_f	malthx_e	-0.0	-1000.0	0.0	-0.0	Inf
G3PEtex_f	maltpt_e	-0.0	-1000.0	0.0	-0.0	Inf
G3PEtex_f	gal_e	-0.0	-1000.0	0.0	-0.0	Inf
G3PEtex_f	gal_bD_e	-0.0	-1000.0	0.0	-0.0	Inf
G3PEtex_f	malttr_e	-0.0	-1000.0	0.0	-0.0	Inf
G3PEtex_f	maltttr_e	-0.0	-1000.0	0.0	-0.0	Inf
G3PEtex_f	man_e	-0.0	-1000.0	0.0	-0.0	Inf
G3PEtex_f	thym_e	-0.0	-1000.0	0.0	-0.0	Inf
G3PEtex_f	thymd_e	-0.0	-1000.0	0.0	-0.0	Inf
G3PEtex_f	galt_e	-0.0	-3.3540954520415216	0.0	-0.0	Inf
G3PEtex_f	melib_e	-0.0	-1000.0	0.0	-0.0	Inf
G3PEtex_f	meoh_e	-0.0	-1000.0	0.0	-0.0	Inf
G3PEtex_f	tmao_e	-0.0	-1000.0	0.0	-0.0	Inf
G3PEtex_f	tre_e	-0.0	-1000.0	0.0	-0.0	Inf
G3PEtex_f	metsox_S__L_e	-0.0	-1000.0	0.0	-0.0	Inf
G3PEtex_f	glc__D_e	-0.0	-41.583025841274775	3.360215667972223	-0.0	0.0
G3PEtex_f	mg2_e	-0.0	-0.004046884249002854	999.995953115751	-0.0	0.0
G3PEtex_f	mnl_e	-0.0	-1000.0	0.0	-0.0	Inf
G3PEtex_f	mobd_e	-0.0	-6.017845169026259e-05	999.9999398215483	-0.0	0.0
G3PEtex_f	glyald_e	-0.0	-1000.0	0.0	-0.0	Inf
G3PEtex_f	n2o_e	-0.0	-1000.0	0.0	-0.0	Inf
G3PEtex_f	na1_e	-0.0	-1000.0	0.0	-0.0	Inf
G3PEtex_f	nac_e	-0.0	-1000.0	0.0	-0.0	Inf
G3PEtex_f	ni2_e	-0.0	-0.0001506793789758376	999.999849320621	-0.0	0.0
G3PEtex_f	no_e	-0.0	-1000.0	0.0	-0.0	Inf
G3PEtex_f	no2_e	-0.0	-1000.0	0.0	-0.0	Inf
G3PEtex_f	ura_e	-0.0	-1000.0	0.0	-0.0	Inf
G3PEtex_f	no3_e	-0.0	-1000.0	0.0	-0.0	Inf
G3PEtex_f	urea_e	-0.0	-1000.0	0.0	-0.0	Inf
G3PEtex_f	novbcn_e	-0.0	-1000.0	0.0	-0.0	Inf
G3PEtex_f	uri_e	-0.0	-1000.0	0.0	-0.0	Inf
G3PEtex_f	o2_e	-0.0	-40.07960274450852	959.9203972554915	-0.0	0.0
G3PEtex_f	xan_e	-0.0	0.0	0.0	Inf	Inf
G3PEtex_f	xtsn_e	-0.0	-1000.0	0.0	-0.0	Inf
G3PEtex_f	xyl__D_e	-0.0	-1000.0	0.0	-0.0	Inf
G3PEtex_f	xylu__L_e	-0.0	-1000.0	0.0	-0.0	Inf
G3PEtex_f	pacald_e	-0.0	-1000.0	0.0	-0.0	Inf
G3PEtex_f	12dgr120_p	-0.0	0.0	0.0	Inf	Inf
G3PEtex_f	12dgr140_p	-0.0	0.0	0.0	Inf	Inf
G3PEtex_f	12dgr160_p	-0.0	-0.0297692070853941	0.0	-0.0	Inf
G3PEtex_f	12dgr180_p	-0.0	0.0	0.0	Inf	Inf
G3PEtex_f	12ppd__R_p	-0.0	-1000.0	0.0	-0.0	Inf
G3PEtex_f	12ppd__S_p	-0.0	0.0	0.0	Inf	Inf
G3PEtex_f	chol_p	-0.0	-1000.0	0.0	-0.0	Inf
G3PEtex_f	cl_p	-0.0	-0.002428130549446905	999.9975718694506	-0.0	0.0
G3PEtex_f	34dhpac_p	-0.0	-1000.0	0.0	-0.0	Inf
G3PEtex_f	cm_p	-0.0	0.0	0.0	Inf	Inf
G3PEtex_f	4hoxpacd_p	-0.0	-1000.0	0.0	-0.0	Inf
G3PEtex_f	co2_p	-0.0	-959.14902309791	40.85097690209	-0.0	0.0
G3PEtex_f	5mtr_p	-0.0	0.0	0.0	Inf	Inf
G3PEtex_f	LalaDgluMdap_p	-0.0	-0.012963091586315999	0.0	-0.0	Inf
G3PEtex_f	gal_p	-0.0	-1000.0	0.0	-0.0	Inf
G3PEtex_f	ac_p	-0.0	-1.99138287075508	0.0	-0.0	Inf
G3PEtex_f	crn_p	-0.0	-1000.0	0.0	-0.0	Inf
G3PEtex_f	gal_bD_p	-0.0	-1000.0	0.0	-0.0	Inf
G3PEtex_f	acald_p	-0.0	-1000.0	0.0	-0.0	Inf
G3PEtex_f	acgal_p	-0.0	-1000.0	0.0	-0.0	Inf
G3PEtex_f	csn_p	-0.0	0.0	0.0	Inf	Inf
G3PEtex_f	acgam_p	-0.0	-1000.0	0.0	-0.0	Inf
G3PEtex_f	galt_p	-0.0	-3.3540954520415216	0.0	-0.0	Inf
G3PEtex_f	acmana_p	-0.0	-1000.0	0.0	-0.0	Inf
G3PEtex_f	cyan_p	-0.0	0.0	0.0	Inf	Inf
G3PEtex_f	ade_p	-0.0	-1000.0	0.0	-0.0	Inf
G3PEtex_f	adn_p	-0.0	0.0	0.0003120882492890961	Inf	0.0
G3PEtex_f	cytd_p	-0.0	-0.07488485234247032	0.0	-0.0	Inf
G3PEtex_f	glc__D_p	-0.0	-41.583025841274775	3.360215667972223	-0.0	0.0
G3PEtex_f	dad_2_p	-0.0	-1000.0	0.0	-0.0	Inf
G3PEtex_f	dcyt_p	-0.0	-1000.0	0.0	-0.0	Inf
G3PEtex_f	all__D_p	-0.0	0.0	0.0	Inf	Inf
G3PEtex_f	alltn_p	-0.0	0.0	0.0	Inf	Inf
G3PEtex_f	dha_p	-0.0	-1000.0	0.0	-0.0	Inf
G3PEtex_f	glyald_p	-0.0	-1000.0	0.0	-0.0	Inf
G3PEtex_f	glyb_p	0.0	0.0	0.0	Inf	Inf
G3PEtex_f	dms_p	-0.0	-1000.0	0.0	-0.0	Inf
G3PEtex_f	glyc_p	-0.0	-0.06485650989860159	0.0	-0.0	Inf
G3PEtex_f	dmso_p	-0.0	-1000.0	0.0	-0.0	Inf
G3PEtex_f	arab__L_p	-0.0	0.0	0.0	Inf	Inf
G3PEtex_f	arbt_p	0.0	0.0	0.0	Inf	Inf
G3PEtex_f	ca2_p	-0.0	-0.002428130549446905	999.9975718694506	-0.0	0.0
G3PEtex_f	duri_p	-0.0	-1000.0	0.0	-0.0	Inf
G3PEtex_f	h2_p	-0.0	-575.2318574709668	0.4500000000000455	-0.0	0.0
G3PEtex_f	h2o2_p	-0.0	-1000.0	0.0	-0.0	Inf
G3PEtex_f	etoh_p	-0.0	-1000.0	0.0	-0.0	Inf
G3PEtex_f	fald_p	-0.0	0.0	0.0	Inf	Inf
G3PEtex_f	n2o_p	-0.0	-1000.0	0.0	-0.0	Inf
G3PEtex_f	na1_p	-0.0	-1000.0	0.0	-0.0	Inf
G3PEtex_f	indole_p	-0.0	0.0	1.6801078339861133	Inf	0.0
G3PEtex_f	nac_p	-0.0	-1000.0	0.0	-0.0	Inf
G3PEtex_f	ni2_p	-0.0	-0.0001506793789758376	999.999849320621	-0.0	0.0
G3PEtex_f	inost_p	-0.0	-1000.0	0.0	-0.0	Inf
G3PEtex_f	no_p	-0.0	-1000.0	0.0	-0.0	Inf
G3PEtex_f	no2_p	-0.0	-1000.0	0.0	-0.0	Inf
G3PEtex_f	for_p	-0.0	-4.289945481733157	0.0	-0.0	Inf
G3PEtex_f	fru_p	-0.0	-1000.0	0.0	-0.0	Inf
G3PEtex_f	no3_p	-0.0	0.0	0.0	Inf	Inf
G3PEtex_f	k_p	-0.0	-0.09105746135048776	999.9089425386495	-0.0	0.0
G3PEtex_f	novbcn_p	-0.0	0.0	0.0	Inf	Inf
G3PEtex_f	o2_p	-0.0	-40.07960274450852	959.9203972554915	-0.0	0.0
G3PEtex_f	lipa_cold_p	-0.0	-102.01803105943291	0.0	-0.0	Inf
G3PEtex_f	g3pe_p	-0.0	-0.06485650989860159	0.0	-0.0	Inf
G3PEtex_f	g3pi_p	-0.0	0.0	0.0	Inf	Inf
G3PEtex_f	so3_p	-0.0	-1000.0	0.0	-0.0	Inf
G3PEtex_f	so4_p	-0.0	-0.11765400448427954	999.8823459955157	-0.0	0.0
G3PEtex_f	malt_p	0.0	0.0	0.0	Inf	Inf
G3PEtex_f	malthx_p	0.0	0.0	0.0	Inf	Inf
G3PEtex_f	maltpt_p	0.0	0.0	0.0	Inf	Inf
G3PEtex_f	sucr_p	-0.0	-1000.0	0.0	-0.0	Inf
G3PEtex_f	malttr_p	0.0	0.0	0.0	Inf	Inf
G3PEtex_f	maltttr_p	0.0	0.0	0.0	Inf	Inf
G3PEtex_f	pacald_p	-0.0	-1000.0	0.0	-0.0	Inf
G3PEtex_f	man_p	-0.0	-1000.0	0.0	-0.0	Inf
G3PEtex_f	tartr__L_p	-0.0	-1000.0	0.0	-0.0	Inf
G3PEtex_f	pe120_p	-0.0	-0.036304866835089114	0.0	-0.0	Inf
G3PEtex_f	melib_p	-0.0	-1000.0	0.0	-0.0	Inf
G3PEtex_f	meoh_p	-0.0	-1000.0	0.0	-0.0	Inf
G3PEtex_f	thym_p	-0.0	-1000.0	0.0	-0.0	Inf
G3PEtex_f	thymd_p	-0.0	-0.012206429194179691	0.0	-0.0	Inf
G3PEtex_f	pg120_p	-0.0	-0.032428254949300794	0.0	-0.0	Inf
G3PEtex_f	metsox_S__L_p	-0.0	-1000.0	0.0	-0.0	Inf
G3PEtex_f	tmao_p	-0.0	-1000.0	0.0	-0.0	Inf
G3PEtex_f	mg2_p	-0.0	-0.004046884249002854	999.995953115751	-0.0	0.0
G3PEtex_f	tre_p	-0.0	0.0	0.0	Inf	Inf
G3PEtex_f	mnl_p	-0.0	0.0	0.0	Inf	Inf
G3PEtex_f	mobd_p	-0.0	-6.017845169026259e-05	999.9999398215483	-0.0	0.0
G3PEtex_f	ura_p	-0.0	-1000.0	0.0	-0.0	Inf
G3PEtex_f	urea_p	-0.0	-1000.0	0.0	-0.0	Inf
G3PEtex_f	uri_p	-0.0	0.0	0.0	Inf	Inf
G3PEtex_f	xan_p	-0.0	0.0	0.0	Inf	Inf
G3PEtex_f	xtsn_p	-0.0	0.0	0.0	Inf	Inf
G3PEtex_f	xyl__D_p	-0.0	0.0	0.0	Inf	Inf
G3PEtex_f	xylu__L_p	-0.0	-1000.0	0.0	-0.0	Inf
G3PEtex_f	ppal_p	-0.0	-1000.0	0.0	-0.0	Inf
G3PEtex_f	psclys_p	-0.0	-1000.0	0.0	-0.0	Inf
G3PEtex_f	pydx_p	-0.0	0.0	0.0	Inf	Inf
G3PEtex_f	pydxn_p	-0.0	0.0	0.0	Inf	Inf
G3PEtex_f	rib__D_p	-0.0	-1000.0	0.0	-0.0	Inf
G3PEtex_f	rmn_p	-0.0	-1000.0	0.0	-0.0	Inf
G3PEtex_f	sbt__D_p	-0.0	-3.3540954520415216	0.0	-0.0	Inf
G3PEtex_f	slnt_p	-0.0	0.0	0.0	Inf	Inf
G3PEtex_f	so2_p	-0.0	-1000.0	0.0	-0.0	Inf
