Reaction	Metabolite	ShadowPrice	G-	G+	DecrementalShadowPrice	IncrementalShadowPrice
GDPtex_f	12dgr120_c	-0.0	0.0	0.0	Inf	Inf
GDPtex_f	12dgr140_c	-0.0	0.0	0.0	Inf	Inf
GDPtex_f	12dgr160_c	-0.0	-0.0297692070853941	0.0	-0.0	Inf
GDPtex_f	12dgr180_c	-0.0	0.0	0.0	Inf	Inf
GDPtex_f	12ppd__R_c	-0.0	-1000.0	0.0	-0.0	Inf
GDPtex_f	12ppd__S_c	-0.0	0.0	0.0	Inf	Inf
GDPtex_f	5drib_c	-0.0	-999.9998959705836	0.00010402941642969871	-0.0	0.0
GDPtex_f	5mta_c	-0.0	0.0	0.0	Inf	Inf
GDPtex_f	23dhacoa_c	-0.0	-0.0002687037840587436	0.0	-0.0	Inf
GDPtex_f	5mtr_c	-0.0	0.0	0.0	Inf	Inf
GDPtex_f	3amac_c	-0.0	-4.289945481772828	0.0	-0.0	Inf
GDPtex_f	LalaDgluMdap_c	-0.0	-0.012963091586315999	0.0	-0.0	Inf
GDPtex_f	ac_c	-0.0	-4.289945481771205	0.27176961967825264	-0.0	0.0
GDPtex_f	acald_c	-0.0	0.0	6.400746399401669	Inf	0.0
GDPtex_f	acetol_c	-0.0	0.0	0.0	Inf	Inf
GDPtex_f	acgam_c	-0.0	-0.044078616590259	0.0	-0.0	Inf
GDPtex_f	acgam6p_c	-0.0	-0.044078616590259	0.0	-0.0	Inf
GDPtex_f	acmalt_c	0.0	0.0	0.0	Inf	Inf
GDPtex_f	acmana_c	-0.0	-0.044078616590259	0.0	-0.0	Inf
GDPtex_f	2dmmq8_c	-0.0	0.0	0.0	Inf	Inf
GDPtex_f	2dmmql8_c	0.0	0.0	0.0	Inf	Inf
GDPtex_f	ade_c	-0.0	-0.05094315858173086	0.0003120882492890961	-0.0	0.0
GDPtex_f	adn_c	-0.0	0.0	0.0003120882492890961	Inf	0.0
GDPtex_f	3sala_c	0.0	0.0	0.0	Inf	Inf
GDPtex_f	adphep_DD_c	-0.0	0.0	0.0	Inf	Inf
GDPtex_f	adphep_LD_c	-0.0	0.0	0.0	Inf	Inf
GDPtex_f	4ahmmp_c	0.0	0.0	0.0	Inf	Inf
GDPtex_f	4crsol_c	-0.0	-999.9998959705836	0.00010402941642969871	-0.0	0.0
GDPtex_f	2ohph_c	-0.0	-0.00010402941642969871	0.1332173744048	-0.0	0.0
GDPtex_f	2ombzl_c	-0.0	0.0	0.0	Inf	Inf
GDPtex_f	2omhmbl_c	-0.0	0.0	0.0	Inf	Inf
GDPtex_f	2ommbl_c	0.0	0.0	0.0	Inf	Inf
GDPtex_f	2omph_c	-0.0	0.0	0.11272239372713845	Inf	0.0
GDPtex_f	4mhetz_c	0.0	0.0	0.0	Inf	Inf
GDPtex_f	2oph_c	-0.0	-0.00010402941642969871	0.1332173744048	-0.0	0.0
GDPtex_f	2oxpaccoa_c	-0.0	-0.0002687037840587436	0.0	-0.0	Inf
GDPtex_f	all__D_c	-0.0	-3.2196136398411	0.0	-0.0	Inf
GDPtex_f	alltn_c	-0.0	-1.0724863704431564	0.0	-0.0	Inf
GDPtex_f	4r5au_c	-0.0	-0.00020805883286811877	0.5861564473811176	-0.0	0.0
GDPtex_f	56dura_c	0.0	0.0	0.0	Inf	Inf
GDPtex_f	arab__L_c	-0.0	-3.2196136398411	0.0	-0.0	Inf
GDPtex_f	etoh_c	-0.0	-1000.0	0.0	-0.0	Inf
GDPtex_f	csn_c	-0.0	0.0	0.071788694329598	Inf	0.0
GDPtex_f	fald_c	-0.0	0.0	0.0	Inf	Inf
GDPtex_f	fc1p_c	-0.0	-0.4500000000240384	0.0	-0.0	Inf
GDPtex_f	fcl__L_c	-0.0	0.0	0.0	Inf	Inf
GDPtex_f	aso4_c	0.0	0.0	0.0	Inf	Inf
GDPtex_f	cyan_c	0.0	0.0	0.0	Inf	Inf
GDPtex_f	athtp_c	0.0	0.0	0.0	Inf	Inf
GDPtex_f	cytd_c	-0.0	0.0	0.0	Inf	Inf
GDPtex_f	dad_2_c	-0.0	0.0	0.0	Inf	Inf
GDPtex_f	dad_5_c	-0.0	-0.05094315858173086	0.00010402941642969871	-0.0	0.0
GDPtex_f	betald_c	0.0	0.0	0.0	Inf	Inf
GDPtex_f	btal_c	-0.0	-494.9546779805509	0.0	-0.0	Inf
GDPtex_f	for_c	-0.0	-0.05094315858173104	0.001144323580765932	-0.0	0.0
GDPtex_f	dcyt_c	-0.0	0.0	0.0	Inf	Inf
GDPtex_f	fru_c	-0.0	-3.2196136398411	0.0	-0.0	Inf
GDPtex_f	ca2_c	-0.0	-0.002428130549446905	999.9975718694506	-0.0	0.0
GDPtex_f	g3pe_c	-0.0	0.0	0.0	Inf	Inf
GDPtex_f	g3pi_c	0.0	0.0	0.0	Inf	Inf
GDPtex_f	cbm_c	-0.0	-2.144972740886411	0.0	-0.0	Inf
GDPtex_f	dha_c	-0.0	-82.49244633009116	0.0	-0.0	Inf
GDPtex_f	gal_c	-0.0	0.0	0.0	Inf	Inf
GDPtex_f	dhgly_c	-0.0	-0.00010402941642969871	0.32564247076728886	-0.0	0.0
GDPtex_f	dhmptp_c	0.0	0.0	0.0	Inf	Inf
GDPtex_f	gcald_c	-0.0	-1.3805384649670032	0.00031208824930217816	-0.0	0.0
GDPtex_f	dhptd_c	-0.0	-53.169282969378216	0.00020805883285939742	-0.0	0.0
GDPtex_f	cechddd_c	-0.0	0.0	0.0	Inf	Inf
GDPtex_f	dhptdn_c	0.0	0.0	0.0	Inf	Inf
GDPtex_f	chol_c	0.0	0.0	0.0	Inf	Inf
GDPtex_f	chtbs6p_c	-0.0	0.0	0.0	Inf	Inf
GDPtex_f	dmbzid_c	0.0	0.0	0.0	Inf	Inf
GDPtex_f	dms_c	0.0	0.0	0.0	Inf	Inf
GDPtex_f	dmso_c	0.0	0.0	0.0	Inf	Inf
GDPtex_f	cl_c	-0.0	-0.002428130549401712	999.9975718694506	-0.0	0.0
GDPtex_f	glc__D_c	-0.0	-3.2196136398411	0.0	-0.0	Inf
GDPtex_f	co2_c	-0.0	-959.1490230980039	40.85097690199609	-0.0	0.0
GDPtex_f	dscl_c	-0.0	-0.00010402941642969871	0.12211592653773333	-0.0	0.0
GDPtex_f	dtdp4aaddg_c	-0.0	0.0	0.0	Inf	Inf
GDPtex_f	glyald_c	-0.0	-1000.0	0.0	-0.0	Inf
GDPtex_f	crn_c	-0.0	-1000.0	0.0	-0.0	Inf
GDPtex_f	duri_c	-0.0	0.0	0.0	Inf	Inf
GDPtex_f	glyb_c	0.0	0.0	0.0	Inf	Inf
GDPtex_f	glyc_c	-0.0	-0.06485650989860159	0.0	-0.0	Inf
GDPtex_f	dxyl_c	0.0	0.0	0.0	Inf	Inf
GDPtex_f	glycogen_c	-0.0	-3.2196136398411	0.0	-0.0	Inf
GDPtex_f	gmhep1p_c	-0.0	0.0	0.04999999997586109	Inf	0.0
GDPtex_f	lipa_cold_c	-0.0	0.0	0.0	Inf	Inf
GDPtex_f	lipidA_c	-0.0	-0.009076216708755643	0.024999999987898036	-0.0	0.0
GDPtex_f	malt_c	0.0	0.0	0.0	Inf	Inf
GDPtex_f	h2_c	-0.0	-577.4471243106431	0.4500000000241471	-0.0	0.0
GDPtex_f	malthx_c	-0.0	0.0	0.0	Inf	Inf
GDPtex_f	maltpt_c	-0.0	0.0	0.0	Inf	Inf
GDPtex_f	malttr_c	-0.0	0.0	0.0	Inf	Inf
GDPtex_f	maltttr_c	-0.0	0.0	0.0	Inf	Inf
GDPtex_f	h2o2_c	-0.0	-80.15920548889062	0.00116671556224901	-0.0	0.0
GDPtex_f	man_c	-0.0	0.0	0.0	Inf	Inf
GDPtex_f	mdhdhf_c	-0.0	-53.169282969378216	0.00020805883285939742	-0.0	0.0
GDPtex_f	melib_c	-0.0	0.0	0.0	Inf	Inf
GDPtex_f	meoh_c	-0.0	-1000.0	0.0	-0.0	Inf
GDPtex_f	pacald_c	-0.0	-1000.0	0.0	-0.0	Inf
GDPtex_f	metsox_S__L_c	-0.0	-0.05094315858173104	0.0	-0.0	Inf
GDPtex_f	mg2_c	-0.0	-0.004046884249002854	999.995953115751	-0.0	0.0
GDPtex_f	hhlipa_c	-0.0	0.0	0.0	Inf	Inf
GDPtex_f	pe120_c	-0.0	0.0	0.0	Inf	Inf
GDPtex_f	mobd_c	-0.0	-6.0178451656641854e-05	115.34721970741066	-0.0	0.0
GDPtex_f	hlipa_c	-0.0	0.0	0.0	Inf	Inf
GDPtex_f	pg120_c	-0.0	-0.032428254949300794	0.0	-0.0	Inf
GDPtex_f	mql8_c	0.0	0.0	0.0	Inf	Inf
GDPtex_f	mqn8_c	-0.0	0.0	0.0	Inf	Inf
GDPtex_f	mthgxl_c	-0.0	0.0	0.0	Inf	Inf
GDPtex_f	hqn_c	0.0	0.0	0.0	Inf	Inf
GDPtex_f	mththf_c	-0.0	-999.9997919411671	0.00020805883285939742	-0.0	0.0
GDPtex_f	n2o_c	-0.0	-1000.0	0.0	-0.0	Inf
GDPtex_f	na1_c	-0.0	-461.38887882964264	0.0	-0.0	Inf
GDPtex_f	nac_c	-0.0	0.0	0.0	Inf	Inf
GDPtex_f	ncam_c	-0.0	0.0	0.0	Inf	Inf
GDPtex_f	ni2_c	-0.0	-0.0001506793789542273	999.999849320621	-0.0	0.0
GDPtex_f	no_c	-0.0	-1000.0	0.0	-0.0	Inf
GDPtex_f	indole_c	-0.0	-0.026517238197817775	0.41868317670079996	-0.0	0.0
GDPtex_f	no2_c	-0.0	-1000.0	0.0	-0.0	Inf
GDPtex_f	no3_c	0.0	0.0	0.0	Inf	Inf
GDPtex_f	inost_c	0.0	0.0	0.0	Inf	Inf
GDPtex_f	o2_c	-0.0	-40.07960274444531	959.9203972555547	-0.0	0.0
GDPtex_f	poaac_c	-0.0	-5.03857381737464	0.0	-0.0	Inf
GDPtex_f	ppal_c	-0.0	0.0	0.0	Inf	Inf
GDPtex_f	k_c	-0.0	-0.09105746135048776	461.38887882964264	-0.0	0.0
GDPtex_f	psclys_c	-0.0	0.0	0.0	Inf	Inf
GDPtex_f	lald__D_c	-0.0	0.0	0.0	Inf	Inf
GDPtex_f	lald__L_c	-0.0	-75.15047245219733	0.0	-0.0	Inf
GDPtex_f	ura_c	-0.0	-0.15431574353305705	0.0	-0.0	Inf
GDPtex_f	pydx_c	-0.0	0.0	0.7326955592264	Inf	0.0
GDPtex_f	uracp_c	-0.0	-2.51928690868732	0.0	-0.0	Inf
GDPtex_f	pydxn_c	-0.0	0.0	0.7326955592264	Inf	0.0
GDPtex_f	urate_c	-0.0	-1.072486370443205	0.0	-0.0	Inf
GDPtex_f	q8_c	-0.0	0.0	0.0	Inf	Inf
GDPtex_f	q8h2_c	0.0	0.0	0.0	Inf	Inf
GDPtex_f	urea_c	-0.0	-1000.0	0.0	-0.0	Inf
GDPtex_f	uri_c	-0.0	0.0	0.0	Inf	Inf
GDPtex_f	rbflvrd_c	-0.0	0.0	0.025471579290865593	Inf	0.0
GDPtex_f	rbl__L_c	-0.0	-3.2196136398411	0.0	-0.0	Inf
GDPtex_f	rdmbzi_c	0.0	0.0	0.0	Inf	Inf
GDPtex_f	thptdn_c	0.0	0.0	0.0	Inf	Inf
GDPtex_f	xan_c	-0.0	-0.05094315858173077	0.0	-0.0	Inf
GDPtex_f	rephaccoa_c	-0.0	-0.0002687037840587436	0.0	-0.0	Inf
GDPtex_f	rib__D_c	-0.0	0.0	0.9769274123018666	Inf	0.0
GDPtex_f	xtsn_c	-0.0	0.0	0.0	Inf	Inf
GDPtex_f	rml_c	-0.0	-3.285532835885533	0.0	-0.0	Inf
GDPtex_f	thym_c	-0.0	-461.38887882964264	0.0	-0.0	Inf
GDPtex_f	thymd_c	-0.0	-0.012206429194132576	0.0	-0.0	Inf
GDPtex_f	xu5p__L_c	-0.0	-0.45000000002421425	0.0	-0.0	Inf
GDPtex_f	rmn_c	-0.0	-3.285532835885533	0.0	-0.0	Inf
GDPtex_f	xyl__D_c	0.0	0.0	0.0	Inf	Inf
GDPtex_f	tmao_c	0.0	0.0	0.0	Inf	Inf
GDPtex_f	xylu__D_c	-0.0	0.0	0.0	Inf	Inf
GDPtex_f	xylu__L_c	-0.0	-3.2196136398411	0.0	-0.0	Inf
GDPtex_f	12ppd__R_e	-0.0	-1000.0	0.0	-0.0	Inf
GDPtex_f	12ppd__S_e	-0.0	-1000.0	0.0	-0.0	Inf
GDPtex_f	tre_c	-0.0	-1.60980681992055	0.0	-0.0	Inf
GDPtex_f	seln_c	0.0	0.0	0.0	Inf	Inf
GDPtex_f	34dhpac_e	-0.0	-1000.0	0.0	-0.0	Inf
GDPtex_f	slnt_c	0.0	0.0	0.0	Inf	Inf
GDPtex_f	so2_c	0.0	0.0	0.0	Inf	Inf
GDPtex_f	so3_c	-0.0	-0.11563032911023337	23.069443941482056	-0.0	0.0
GDPtex_f	so4_c	-0.0	-0.11765400448450691	461.38887882964264	-0.0	0.0
GDPtex_f	4hoxpacd_e	-0.0	-1000.0	0.0	-0.0	Inf
GDPtex_f	5mtr_e	-0.0	0.0	0.0	Inf	Inf
GDPtex_f	LalaDgluMdap_e	-0.0	-1000.0	0.0	-0.0	Inf
GDPtex_f	ac_e	-0.0	0.0	0.0	Inf	Inf
GDPtex_f	acald_e	-0.0	-1000.0	0.0	-0.0	Inf
GDPtex_f	acgal_e	-0.0	-1000.0	0.0	-0.0	Inf
GDPtex_f	acgam_e	-0.0	-1000.0	0.0	-0.0	Inf
GDPtex_f	acmana_e	-0.0	-1000.0	0.0	-0.0	Inf
GDPtex_f	tagur_c	-0.0	0.0	0.0	Inf	Inf
GDPtex_f	tartr__L_c	-0.0	-1.3805384649670032	0.0	-0.0	Inf
GDPtex_f	ade_e	-0.0	-1000.0	0.0	-0.0	Inf
GDPtex_f	adn_e	-0.0	-1000.0	0.0	-0.0	Inf
GDPtex_f	all__D_e	-0.0	-1000.0	0.0	-0.0	Inf
GDPtex_f	cl_e	-0.0	-0.002428130549446905	999.9975718694506	-0.0	0.0
GDPtex_f	alltn_e	-0.0	0.0	0.0	Inf	Inf
GDPtex_f	cm_e	-0.0	-1000.0	0.0	-0.0	Inf
GDPtex_f	co2_e	-0.0	-959.1490230980039	40.85097690199609	-0.0	0.0
GDPtex_f	arab__L_e	-0.0	-1000.0	0.0	-0.0	Inf
GDPtex_f	arbt_e	-0.0	-1000.0	0.0	-0.0	Inf
GDPtex_f	unagamu_c	-0.0	0.0	0.0249999999879428	Inf	0.0
GDPtex_f	crn_e	-0.0	-1000.0	0.0	-0.0	Inf
GDPtex_f	csn_e	-0.0	-1000.0	0.0	-0.0	Inf
GDPtex_f	cyan_e	-0.0	-1000.0	0.0	-0.0	Inf
GDPtex_f	glyb_e	-0.0	-1000.0	0.0	-0.0	Inf
GDPtex_f	glyc_e	-0.0	-1000.0	0.0	-0.0	Inf
GDPtex_f	cytd_e	-0.0	-1000.0	0.0	-0.0	Inf
GDPtex_f	ca2_e	-0.0	-0.002428130549446905	999.9975718694506	-0.0	0.0
GDPtex_f	dad_2_e	-0.0	-1000.0	0.0	-0.0	Inf
GDPtex_f	dcyt_e	-0.0	-1000.0	0.0	-0.0	Inf
GDPtex_f	chol_e	-0.0	-1000.0	0.0	-0.0	Inf
GDPtex_f	dha_e	-0.0	-1000.0	0.0	-0.0	Inf
GDPtex_f	ppal_e	-0.0	-1000.0	0.0	-0.0	Inf
GDPtex_f	h2_e	-0.0	0.0	0.4500000000241471	Inf	0.0
GDPtex_f	dms_e	-0.0	-1000.0	0.0	-0.0	Inf
GDPtex_f	dmso_e	-0.0	-1000.0	0.0	-0.0	Inf
GDPtex_f	h2o2_e	-0.0	-1000.0	0.0	-0.0	Inf
GDPtex_f	psclys_e	-0.0	-1000.0	0.0	-0.0	Inf
GDPtex_f	duri_e	-0.0	-1000.0	0.0	-0.0	Inf
GDPtex_f	pydx_e	-0.0	-1000.0	0.0	-0.0	Inf
GDPtex_f	pydxn_e	-0.0	-1000.0	0.0	-0.0	Inf
GDPtex_f	etoh_e	-0.0	-1000.0	0.0	-0.0	Inf
GDPtex_f	fald_e	-0.0	0.0	0.0	Inf	Inf
GDPtex_f	rib__D_e	-0.0	-1000.0	0.0	-0.0	Inf
GDPtex_f	rmn_e	-0.0	-1000.0	0.0	-0.0	Inf
GDPtex_f	indole_e	-0.0	-1000.0	0.0	-0.0	Inf
GDPtex_f	inost_e	-0.0	-1000.0	0.0	-0.0	Inf
GDPtex_f	sbt__D_e	-0.0	-36.792418804721564	0.0	-0.0	Inf
GDPtex_f	k_e	-0.0	-0.09105746135048776	999.9089425386495	-0.0	0.0
GDPtex_f	for_e	-0.0	0.0	0.001144323580765932	Inf	0.0
GDPtex_f	slnt_e	-0.0	0.0	1000.0	Inf	0.0
GDPtex_f	fru_e	-0.0	-1000.0	0.0	-0.0	Inf
GDPtex_f	so2_e	-0.0	-1000.0	0.0	-0.0	Inf
GDPtex_f	so3_e	-0.0	-1000.0	0.0	-0.0	Inf
GDPtex_f	so4_e	-0.0	-0.11765400448450691	999.8823459955155	-0.0	0.0
GDPtex_f	lipa_cold_e	-0.0	-1000.0	0.0	-0.0	Inf
GDPtex_f	sucr_e	-0.0	-1000.0	0.0	-0.0	Inf
GDPtex_f	g3pe_e	-0.0	-1000.0	0.0	-0.0	Inf
GDPtex_f	malt_e	-0.0	-1000.0	0.0	-0.0	Inf
GDPtex_f	tartr__L_e	-0.0	-1000.0	0.0	-0.0	Inf
GDPtex_f	g3pi_e	-0.0	-1000.0	0.0	-0.0	Inf
GDPtex_f	malthx_e	-0.0	-1000.0	0.0	-0.0	Inf
GDPtex_f	maltpt_e	-0.0	-1000.0	0.0	-0.0	Inf
GDPtex_f	gal_e	-0.0	-1000.0	0.0	-0.0	Inf
GDPtex_f	gal_bD_e	-0.0	-1000.0	0.0	-0.0	Inf
GDPtex_f	malttr_e	-0.0	-1000.0	0.0	-0.0	Inf
GDPtex_f	maltttr_e	-0.0	-1000.0	0.0	-0.0	Inf
GDPtex_f	man_e	-0.0	-1000.0	0.0	-0.0	Inf
GDPtex_f	thym_e	-0.0	-1000.0	0.0	-0.0	Inf
GDPtex_f	thymd_e	-0.0	-1000.0	0.0	-0.0	Inf
GDPtex_f	galt_e	-0.0	-3.285532835885533	0.0	-0.0	Inf
GDPtex_f	melib_e	-0.0	-1000.0	0.0	-0.0	Inf
GDPtex_f	meoh_e	-0.0	-1000.0	0.0	-0.0	Inf
GDPtex_f	tmao_e	-0.0	-1000.0	0.0	-0.0	Inf
GDPtex_f	tre_e	-0.0	-1000.0	0.0	-0.0	Inf
GDPtex_f	metsox_S__L_e	-0.0	-1000.0	0.0	-0.0	Inf
GDPtex_f	glc__D_e	-0.0	-39.68620455340773	2.9307822369056	-0.0	0.0
GDPtex_f	mg2_e	-0.0	-0.004046884249002854	999.995953115751	-0.0	0.0
GDPtex_f	mnl_e	-0.0	-1000.0	0.0	-0.0	Inf
GDPtex_f	mobd_e	-0.0	-6.017845169026259e-05	999.9999398215483	-0.0	0.0
GDPtex_f	glyald_e	-0.0	-1000.0	0.0	-0.0	Inf
GDPtex_f	n2o_e	-0.0	-1000.0	0.0	-0.0	Inf
GDPtex_f	na1_e	-0.0	-1000.0	0.0	-0.0	Inf
GDPtex_f	nac_e	-0.0	-1000.0	0.0	-0.0	Inf
GDPtex_f	ni2_e	-0.0	-0.0001506793789758376	999.999849320621	-0.0	0.0
GDPtex_f	no_e	-0.0	-1000.0	0.0	-0.0	Inf
GDPtex_f	no2_e	-0.0	-1000.0	0.0	-0.0	Inf
GDPtex_f	ura_e	-0.0	-1000.0	0.0	-0.0	Inf
GDPtex_f	no3_e	-0.0	-1000.0	0.0	-0.0	Inf
GDPtex_f	urea_e	-0.0	-1000.0	0.0	-0.0	Inf
GDPtex_f	novbcn_e	-0.0	-1000.0	0.0	-0.0	Inf
GDPtex_f	uri_e	-0.0	-1000.0	0.0	-0.0	Inf
GDPtex_f	o2_e	-0.0	-40.07960274444531	959.9203972555547	-0.0	0.0
GDPtex_f	xan_e	-0.0	0.0	0.0	Inf	Inf
GDPtex_f	xtsn_e	-0.0	-1000.0	0.0	-0.0	Inf
GDPtex_f	xyl__D_e	-0.0	-1000.0	0.0	-0.0	Inf
GDPtex_f	xylu__L_e	-0.0	-1000.0	0.0	-0.0	Inf
GDPtex_f	pacald_e	-0.0	-1000.0	0.0	-0.0	Inf
GDPtex_f	12dgr120_p	-0.0	0.0	0.0	Inf	Inf
GDPtex_f	12dgr140_p	-0.0	0.0	0.0	Inf	Inf
GDPtex_f	12dgr160_p	-0.0	-0.0297692070853941	0.0	-0.0	Inf
GDPtex_f	12dgr180_p	-0.0	0.0	0.0	Inf	Inf
GDPtex_f	12ppd__R_p	-0.0	-1000.0	0.0	-0.0	Inf
GDPtex_f	12ppd__S_p	-0.0	0.0	0.0	Inf	Inf
GDPtex_f	chol_p	-0.0	-1000.0	0.0	-0.0	Inf
GDPtex_f	cl_p	-0.0	-0.002428130549446905	999.9975718694506	-0.0	0.0
GDPtex_f	34dhpac_p	-0.0	-1000.0	0.0	-0.0	Inf
GDPtex_f	cm_p	-0.0	0.0	0.0	Inf	Inf
GDPtex_f	4hoxpacd_p	-0.0	-1000.0	0.0	-0.0	Inf
GDPtex_f	co2_p	-0.0	-959.1490230980039	40.85097690199609	-0.0	0.0
GDPtex_f	5mtr_p	-0.0	0.0	0.0	Inf	Inf
GDPtex_f	LalaDgluMdap_p	-0.0	-0.012963091586315999	0.0	-0.0	Inf
GDPtex_f	gal_p	-0.0	-1000.0	0.0	-0.0	Inf
GDPtex_f	ac_p	-0.0	-4.289945481772088	0.0	-0.0	Inf
GDPtex_f	crn_p	-0.0	-1000.0	0.0	-0.0	Inf
GDPtex_f	gal_bD_p	-0.0	-1000.0	0.0	-0.0	Inf
GDPtex_f	acald_p	-0.0	-1000.0	0.0	-0.0	Inf
GDPtex_f	acgal_p	-0.0	-1000.0	0.0	-0.0	Inf
GDPtex_f	csn_p	-0.0	0.0	0.0	Inf	Inf
GDPtex_f	acgam_p	-0.0	-1000.0	0.0	-0.0	Inf
GDPtex_f	galt_p	-0.0	-3.285532835885533	0.0	-0.0	Inf
GDPtex_f	acmana_p	-0.0	-1000.0	0.0	-0.0	Inf
GDPtex_f	cyan_p	-0.0	0.0	0.0	Inf	Inf
GDPtex_f	ade_p	-0.0	-1000.0	0.0	-0.0	Inf
GDPtex_f	adn_p	-0.0	0.0	0.0003120882492890961	Inf	0.0
GDPtex_f	cytd_p	-0.0	0.0	0.0	Inf	Inf
GDPtex_f	glc__D_p	-0.0	-39.68620455340773	2.9307822369056	-0.0	0.0
GDPtex_f	dad_2_p	-0.0	-1000.0	0.0	-0.0	Inf
GDPtex_f	dcyt_p	-0.0	-1000.0	0.0	-0.0	Inf
GDPtex_f	all__D_p	-0.0	0.0	0.0	Inf	Inf
GDPtex_f	alltn_p	-0.0	0.0	0.0	Inf	Inf
GDPtex_f	dha_p	-0.0	-1000.0	0.0	-0.0	Inf
GDPtex_f	glyald_p	-0.0	-1000.0	0.0	-0.0	Inf
GDPtex_f	glyb_p	0.0	0.0	0.0	Inf	Inf
GDPtex_f	dms_p	-0.0	-1000.0	0.0	-0.0	Inf
GDPtex_f	glyc_p	-0.0	-0.06485650989860159	0.0	-0.0	Inf
GDPtex_f	dmso_p	-0.0	-1000.0	0.0	-0.0	Inf
GDPtex_f	arab__L_p	-0.0	0.0	0.0	Inf	Inf
GDPtex_f	arbt_p	0.0	0.0	0.0	Inf	Inf
GDPtex_f	ca2_p	-0.0	-0.002428130549446905	999.9975718694506	-0.0	0.0
GDPtex_f	duri_p	-0.0	-1000.0	0.0	-0.0	Inf
GDPtex_f	h2_p	-0.0	-577.4471243106431	0.4500000000241471	-0.0	0.0
GDPtex_f	h2o2_p	-0.0	-1000.0	0.0	-0.0	Inf
GDPtex_f	etoh_p	-0.0	-1000.0	0.0	-0.0	Inf
GDPtex_f	fald_p	-0.0	0.0	0.0	Inf	Inf
GDPtex_f	n2o_p	-0.0	-1000.0	0.0	-0.0	Inf
GDPtex_f	na1_p	-0.0	-1000.0	0.0	-0.0	Inf
GDPtex_f	indole_p	-0.0	0.0	0.41868317670079996	Inf	0.0
GDPtex_f	nac_p	-0.0	-1000.0	0.0	-0.0	Inf
GDPtex_f	ni2_p	-0.0	-0.0001506793789758376	999.999849320621	-0.0	0.0
GDPtex_f	inost_p	-0.0	-1000.0	0.0	-0.0	Inf
GDPtex_f	no_p	-0.0	-1000.0	0.0	-0.0	Inf
GDPtex_f	no2_p	-0.0	-1000.0	0.0	-0.0	Inf
GDPtex_f	for_p	-0.0	0.0	0.001144323580765932	Inf	0.0
GDPtex_f	fru_p	-0.0	-1000.0	0.0	-0.0	Inf
GDPtex_f	no3_p	-0.0	0.0	0.0	Inf	Inf
GDPtex_f	k_p	-0.0	-0.09105746135048776	999.9089425386495	-0.0	0.0
GDPtex_f	novbcn_p	-0.0	0.0	0.0	Inf	Inf
GDPtex_f	o2_p	-0.0	-40.07960274444531	959.9203972555547	-0.0	0.0
GDPtex_f	lipa_cold_p	-0.0	-115.34721970741066	0.0	-0.0	Inf
GDPtex_f	g3pe_p	-0.0	0.0	0.0	Inf	Inf
GDPtex_f	g3pi_p	-0.0	0.0	0.0	Inf	Inf
GDPtex_f	so3_p	-0.0	-1000.0	0.0	-0.0	Inf
GDPtex_f	so4_p	-0.0	-0.11765400448450691	999.8823459955155	-0.0	0.0
GDPtex_f	malt_p	0.0	0.0	0.0	Inf	Inf
GDPtex_f	malthx_p	0.0	0.0	0.0	Inf	Inf
GDPtex_f	maltpt_p	0.0	0.0	0.0	Inf	Inf
GDPtex_f	sucr_p	-0.0	-1000.0	0.0	-0.0	Inf
GDPtex_f	malttr_p	0.0	0.0	0.0	Inf	Inf
GDPtex_f	maltttr_p	0.0	0.0	0.0	Inf	Inf
GDPtex_f	pacald_p	-0.0	-1000.0	0.0	-0.0	Inf
GDPtex_f	man_p	-0.0	-1000.0	0.0	-0.0	Inf
GDPtex_f	tartr__L_p	-0.0	-1000.0	0.0	-0.0	Inf
GDPtex_f	pe120_p	-0.0	0.0	0.0	Inf	Inf
GDPtex_f	melib_p	-0.0	-1000.0	0.0	-0.0	Inf
GDPtex_f	meoh_p	-0.0	-1000.0	0.0	-0.0	Inf
GDPtex_f	thym_p	-0.0	-1000.0	0.0	-0.0	Inf
GDPtex_f	thymd_p	-0.0	-0.012206429194132576	0.0	-0.0	Inf
GDPtex_f	pg120_p	-0.0	-0.032428254949300794	0.0	-0.0	Inf
GDPtex_f	metsox_S__L_p	-0.0	-1000.0	0.0	-0.0	Inf
GDPtex_f	tmao_p	-0.0	-1000.0	0.0	-0.0	Inf
GDPtex_f	mg2_p	-0.0	-0.004046884249002854	999.995953115751	-0.0	0.0
GDPtex_f	tre_p	-0.0	0.0	0.0	Inf	Inf
GDPtex_f	mnl_p	-0.0	0.0	0.0	Inf	Inf
GDPtex_f	mobd_p	-0.0	-6.017845169026259e-05	999.9999398215483	-0.0	0.0
GDPtex_f	ura_p	-0.0	-1000.0	0.0	-0.0	Inf
GDPtex_f	urea_p	-0.0	-1000.0	0.0	-0.0	Inf
GDPtex_f	uri_p	-0.0	0.0	0.0	Inf	Inf
GDPtex_f	xan_p	-0.0	-0.05094315858173079	0.0	-0.0	Inf
GDPtex_f	xtsn_p	-0.0	0.0	0.0	Inf	Inf
GDPtex_f	xyl__D_p	-0.0	0.0	0.0	Inf	Inf
GDPtex_f	xylu__L_p	-0.0	-1000.0	0.0	-0.0	Inf
GDPtex_f	ppal_p	-0.0	-1000.0	0.0	-0.0	Inf
GDPtex_f	psclys_p	-0.0	-1000.0	0.0	-0.0	Inf
GDPtex_f	pydx_p	-0.0	0.0	0.0	Inf	Inf
GDPtex_f	pydxn_p	-0.0	0.0	0.0	Inf	Inf
GDPtex_f	rib__D_p	-0.0	-1000.0	0.0	-0.0	Inf
GDPtex_f	rmn_p	-0.0	-1000.0	0.0	-0.0	Inf
GDPtex_f	sbt__D_p	-0.0	-36.792418804721564	0.0	-0.0	Inf
GDPtex_f	slnt_p	-0.0	0.0	0.0	Inf	Inf
GDPtex_f	so2_p	-0.0	-1000.0	0.0	-0.0	Inf
