Reaction	Metabolite	ShadowPrice	G-	G+	DecrementalShadowPrice	IncrementalShadowPrice
FRULYSK	12dgr120_c	-0.0	0.0	0.0	Inf	Inf
FRULYSK	12dgr140_c	-0.0	0.0	0.0	Inf	Inf
FRULYSK	12dgr160_c	-0.0	-0.05642003416033958	0.0	-0.0	Inf
FRULYSK	12dgr180_c	-0.0	0.0	0.0	Inf	Inf
FRULYSK	12ppd__R_c	-0.0	-1000.0	0.0	-0.0	Inf
FRULYSK	12ppd__S_c	-0.0	0.0	0.0	Inf	Inf
FRULYSK	5drib_c	-0.0	-999.9998010701776	0.00019892982239132882	-0.0	0.0
FRULYSK	5mta_c	-0.0	-0.09655523099013408	0.0	-0.0	Inf
FRULYSK	23dhacoa_c	-0.0	-0.0005092603441880228	0.0	-0.0	Inf
FRULYSK	5mtr_c	-0.0	-1000.0	0.0	-0.0	Inf
FRULYSK	3amac_c	-0.0	-4.244159999990757	0.0	-0.0	Inf
FRULYSK	LalaDgluMdap_c	-0.0	-0.02456827513160109	0.0	-0.0	Inf
FRULYSK	ac_c	-0.0	-2.824149219874471	1.0663927348948619	-0.0	0.0
FRULYSK	acald_c	-0.0	0.0	1.0663927348948619	Inf	0.0
FRULYSK	acetol_c	-0.0	0.0	6.383318733433197	Inf	0.0
FRULYSK	acgam_c	-0.0	-0.08353991581388454	0.0	-0.0	Inf
FRULYSK	acgam6p_c	-0.0	-0.08353991581388454	0.0	-0.0	Inf
FRULYSK	acmalt_c	0.0	0.0	0.0	Inf	Inf
FRULYSK	acmana_c	-0.0	-0.08353991581388454	0.0	-0.0	Inf
FRULYSK	2dmmq8_c	-0.0	0.0	0.0	Inf	Inf
FRULYSK	2dmmql8_c	0.0	0.0	0.0	Inf	Inf
FRULYSK	ade_c	-0.0	-0.09655523099013408	0.21220800000185136	-0.0	0.0
FRULYSK	adn_c	-0.0	0.0	0.21220800000185136	Inf	0.0
FRULYSK	3sala_c	0.0	0.0	0.0	Inf	Inf
FRULYSK	adphep_DD_c	-0.0	0.0	0.0	Inf	Inf
FRULYSK	adphep_LD_c	-0.0	0.0	0.0	Inf	Inf
FRULYSK	4ahmmp_c	0.0	0.0	0.0	Inf	Inf
FRULYSK	4crsol_c	-0.0	-999.9998028384427	0.0001971615573034059	-0.0	0.0
FRULYSK	2ohph_c	-0.0	-0.0001971615573034059	0.24983108798957906	-0.0	0.0
FRULYSK	2ombzl_c	-0.0	0.0	0.0	Inf	Inf
FRULYSK	2omhmbl_c	-0.0	0.0	0.0	Inf	Inf
FRULYSK	2ommbl_c	0.0	0.0	0.0	Inf	Inf
FRULYSK	2omph_c	-0.0	0.0	0.23620393773560203	Inf	0.0
FRULYSK	4mhetz_c	0.0	0.0	0.0	Inf	Inf
FRULYSK	2oph_c	-0.0	-0.0001971615573034059	0.24983108798957906	-0.0	0.0
FRULYSK	2oxpaccoa_c	-0.0	-0.0005092603441880228	0.0	-0.0	Inf
FRULYSK	all__D_c	-0.0	-40.117153891913965	0.0	-0.0	Inf
FRULYSK	alltn_c	-0.0	-0.626832487487718	0.0	-0.0	Inf
FRULYSK	4r5au_c	-0.0	-0.0003943231149605708	0.2652600000023142	-0.0	0.0
FRULYSK	56dura_c	0.0	0.0	0.0	Inf	Inf
FRULYSK	arab__L_c	-0.0	-48.14058467029675	0.0	-0.0	Inf
FRULYSK	etoh_c	-0.0	-1000.0	0.0	-0.0	Inf
FRULYSK	csn_c	-0.0	0.0	0.15994399786416125	Inf	0.0
FRULYSK	fald_c	-0.0	0.0	0.0	Inf	Inf
FRULYSK	fc1p_c	-0.0	-0.626832487487718	0.0	-0.0	Inf
FRULYSK	fcl__L_c	-0.0	0.0	0.0	Inf	Inf
FRULYSK	aso4_c	0.0	0.0	0.0	Inf	Inf
FRULYSK	cyan_c	0.0	0.0	0.0	Inf	Inf
FRULYSK	athtp_c	0.0	0.0	0.0	Inf	Inf
FRULYSK	cytd_c	-0.0	0.0	0.0	Inf	Inf
FRULYSK	dad_2_c	-0.0	0.0	0.0	Inf	Inf
FRULYSK	dad_5_c	-0.0	-0.09655523099013408	0.00019892982239132882	-0.0	0.0
FRULYSK	betald_c	0.0	0.0	0.0	Inf	Inf
FRULYSK	btal_c	-0.0	-2.479881760434523	0.0	-0.0	Inf
FRULYSK	for_c	-0.0	-0.09655523099013408	0.0021687771312472594	-0.0	0.0
FRULYSK	dcyt_c	-0.0	0.0	0.0	Inf	Inf
FRULYSK	fru_c	-0.0	0.0	0.0	Inf	Inf
FRULYSK	ca2_c	-0.0	-0.004601909891334799	999.9953980901087	-0.0	0.0
FRULYSK	g3pe_c	-0.0	0.0	0.0	Inf	Inf
FRULYSK	g3pi_c	0.0	0.0	0.0	Inf	Inf
FRULYSK	cbm_c	-0.0	-4.244159999990757	0.0	-0.0	Inf
FRULYSK	dha_c	-0.0	-80.2343077838279	0.0	-0.0	Inf
FRULYSK	gal_c	-0.0	0.0	0.0	Inf	Inf
FRULYSK	dhgly_c	-0.0	-0.0001971615573034059	1.0610400000092568	-0.0	0.0
FRULYSK	dhmptp_c	0.0	0.0	0.0	Inf	Inf
FRULYSK	gcald_c	-0.0	-0.626832487487718	0.0005914846717587352	-0.0	0.0
FRULYSK	dhptd_c	-0.0	-57.664466237599186	0.0003960913796718504	-0.0	0.0
FRULYSK	cechddd_c	-0.0	0.0	0.0	Inf	Inf
FRULYSK	dhptdn_c	0.0	0.0	0.0	Inf	Inf
FRULYSK	chol_c	0.0	0.0	0.0	Inf	Inf
FRULYSK	chtbs6p_c	-0.0	0.0	0.0	Inf	Inf
FRULYSK	dmbzid_c	0.0	0.0	0.0	Inf	Inf
FRULYSK	dms_c	0.0	0.0	0.0	Inf	Inf
FRULYSK	dmso_c	0.0	0.0	0.0	Inf	Inf
FRULYSK	cl_c	-0.0	-0.0046019098913194076	999.9953980901087	-0.0	0.0
FRULYSK	glc__D_c	-0.0	-40.117153891913965	0.0	-0.0	Inf
FRULYSK	co2_c	-0.0	-949.7662139396649	50.23378606033509	-0.0	0.0
FRULYSK	dscl_c	-0.0	-0.0001971615573034059	0.13329909186185773	-0.0	0.0
FRULYSK	dtdp4aaddg_c	-0.0	0.0	0.0	Inf	Inf
FRULYSK	glyald_c	-0.0	-1000.0	0.0	-0.0	Inf
FRULYSK	crn_c	-0.0	-1000.0	0.0	-0.0	Inf
FRULYSK	duri_c	-0.0	0.0	0.0	Inf	Inf
FRULYSK	glyb_c	0.0	0.0	0.0	Inf	Inf
FRULYSK	glyc_c	-0.0	-68.77226381470963	0.0	-0.0	Inf
FRULYSK	dxyl_c	0.0	0.0	0.0	Inf	Inf
FRULYSK	glycogen_c	-0.0	-40.117153891913965	0.0	-0.0	Inf
FRULYSK	gmhep1p_c	-0.0	0.0	3.0367244460022005	Inf	0.0
FRULYSK	lipa_cold_c	-0.0	0.0	0.0	Inf	Inf
FRULYSK	lipidA_c	-0.0	-0.017201682775294103	0.038085454817673635	-0.0	0.0
FRULYSK	malt_c	0.0	0.0	0.0	Inf	Inf
FRULYSK	h2_c	-0.0	0.0	0.0	Inf	Inf
FRULYSK	malthx_c	-0.0	0.0	0.0	Inf	Inf
FRULYSK	maltpt_c	-0.0	0.0	0.0	Inf	Inf
FRULYSK	malttr_c	-0.0	0.0	0.0	Inf	Inf
FRULYSK	maltttr_c	-0.0	0.0	0.0	Inf	Inf
FRULYSK	h2o2_c	-0.0	-91.38560898651296	0.0022112154917977023	-0.0	0.0
FRULYSK	man_c	-0.0	0.0	0.0	Inf	Inf
FRULYSK	mdhdhf_c	-0.0	-57.664466237599186	0.0003960913796718504	-0.0	0.0
FRULYSK	melib_c	-0.0	0.0	0.0	Inf	Inf
FRULYSK	meoh_c	-0.0	-999.9999982317349	1.7682650650385767e-06	-0.0	0.0
FRULYSK	pacald_c	-0.0	-1000.0	0.0	-0.0	Inf
FRULYSK	metsox_S__L_c	-0.0	0.0	0.0	Inf	Inf
FRULYSK	mg2_c	-0.0	-0.007669849818853436	999.9923301501811	-0.0	0.0
FRULYSK	hhlipa_c	-0.0	0.0	0.0	Inf	Inf
FRULYSK	pe120_c	-0.0	0.0	0.0	Inf	Inf
FRULYSK	mobd_c	-0.0	-0.00011405309817102852	78.19565448455666	-0.0	0.0
FRULYSK	hlipa_c	-0.0	0.0	0.0	Inf	Inf
FRULYSK	pg120_c	-0.0	0.0	0.0	Inf	Inf
FRULYSK	mql8_c	0.0	0.0	0.0	Inf	Inf
FRULYSK	mqn8_c	-0.0	0.0	0.0	Inf	Inf
FRULYSK	mthgxl_c	-0.0	0.0	6.4956082877290555	Inf	0.0
FRULYSK	hqn_c	0.0	0.0	0.0	Inf	Inf
FRULYSK	mththf_c	-0.0	-999.9996039086203	0.0003960913796718504	-0.0	0.0
FRULYSK	n2o_c	-0.0	-1000.0	0.0	-0.0	Inf
FRULYSK	na1_c	-0.0	0.0	0.0	Inf	Inf
FRULYSK	nac_c	-0.0	0.0	0.0	Inf	Inf
FRULYSK	ncam_c	-0.0	0.0	0.0	Inf	Inf
FRULYSK	ni2_c	-0.0	-0.00028557481169955206	999.9997144251882	-0.0	0.0
FRULYSK	no_c	-0.0	-1000.0	0.0	-0.0	Inf
FRULYSK	indole_c	-0.0	-0.05025674619640135	1.0610400000092568	-0.0	0.0
FRULYSK	no2_c	-0.0	-1000.0	0.0	-0.0	Inf
FRULYSK	no3_c	0.0	0.0	0.0	Inf	Inf
FRULYSK	inost_c	0.0	0.0	0.0	Inf	Inf
FRULYSK	o2_c	-0.0	-45.69280449325648	954.3071955067435	-0.0	0.0
FRULYSK	poaac_c	-0.0	-4.244159999990757	0.0	-0.0	Inf
FRULYSK	ppal_c	-0.0	0.0	0.0	Inf	Inf
FRULYSK	k_c	-0.0	-0.17257648365341538	312.7826179382266	-0.0	0.0
FRULYSK	psclys_c	-1.0	-0.3033998079183675	0.0	-1.0	Inf
FRULYSK	lald__D_c	-0.0	0.0	6.383318733433197	Inf	0.0
FRULYSK	lald__L_c	-0.0	-0.626832487487718	0.0	-0.0	Inf
FRULYSK	ura_c	-0.0	-0.2924666248797946	0.0	-0.0	Inf
FRULYSK	pydx_c	-0.0	0.0	1.0610400000092568	Inf	0.0
FRULYSK	uracp_c	-0.0	-2.1220799999953783	0.0	-0.0	Inf
FRULYSK	pydxn_c	-0.0	0.0	1.0610400000092568	Inf	0.0
FRULYSK	urate_c	-0.0	-0.626832487487718	0.0	-0.0	Inf
FRULYSK	q8_c	-0.0	0.0	0.0	Inf	Inf
FRULYSK	q8h2_c	0.0	0.0	0.0	Inf	Inf
FRULYSK	urea_c	-0.0	-1000.0	0.0	-0.0	Inf
FRULYSK	uri_c	-0.0	0.0	0.0	Inf	Inf
FRULYSK	rbflvrd_c	-0.0	0.0	0.04827761549506704	Inf	0.0
FRULYSK	rbl__L_c	-0.0	-48.14058467029675	0.0	-0.0	Inf
FRULYSK	rdmbzi_c	0.0	0.0	0.0	Inf	Inf
FRULYSK	thptdn_c	0.0	0.0	0.0	Inf	Inf
FRULYSK	xan_c	-0.0	0.0	0.0	Inf	Inf
FRULYSK	rephaccoa_c	-0.0	-0.0005092603441880228	0.0	-0.0	Inf
FRULYSK	rib__D_c	-0.0	0.0	4.468323113403238	Inf	0.0
FRULYSK	xtsn_c	-0.0	0.0	0.0	Inf	Inf
FRULYSK	rml_c	-0.0	-0.626832487487718	0.0	-0.0	Inf
FRULYSK	thym_c	-0.0	-312.7826179382266	0.0	-0.0	Inf
FRULYSK	thymd_c	-0.0	-0.0231342121452956	0.0	-0.0	Inf
FRULYSK	xu5p__L_c	-0.0	-0.852861660014014	0.0	-0.0	Inf
FRULYSK	rmn_c	-0.0	-0.626832487487718	0.0	-0.0	Inf
FRULYSK	xyl__D_c	0.0	0.0	0.0	Inf	Inf
FRULYSK	tmao_c	0.0	0.0	0.0	Inf	Inf
FRULYSK	xylu__D_c	-0.0	0.0	0.0	Inf	Inf
FRULYSK	xylu__L_c	-0.0	-48.14058467029675	0.0	-0.0	Inf
FRULYSK	12ppd__R_e	-0.0	-1000.0	0.0	-0.0	Inf
FRULYSK	12ppd__S_e	-0.0	-1000.0	0.0	-0.0	Inf
FRULYSK	tre_c	-0.0	-20.058576945956982	0.0	-0.0	Inf
FRULYSK	seln_c	0.0	0.0	0.0	Inf	Inf
FRULYSK	34dhpac_e	-0.0	-1000.0	0.0	-0.0	Inf
FRULYSK	slnt_c	0.0	0.0	0.0	Inf	Inf
FRULYSK	so2_c	0.0	0.0	0.0	Inf	Inf
FRULYSK	so3_c	-0.0	-0.21915170193554756	15.63913089691133	-0.0	0.0
FRULYSK	so4_c	-0.0	-0.2229870689112524	312.7826179382266	-0.0	0.0
FRULYSK	4hoxpacd_e	-0.0	-1000.0	0.0	-0.0	Inf
FRULYSK	5mtr_e	-0.0	-1000.0	0.0	-0.0	Inf
FRULYSK	LalaDgluMdap_e	-0.0	-1000.0	0.0	-0.0	Inf
FRULYSK	ac_e	-0.0	0.0	0.0	Inf	Inf
FRULYSK	acald_e	-0.0	-1000.0	0.0	-0.0	Inf
FRULYSK	acgal_e	-0.0	-1000.0	0.0	-0.0	Inf
FRULYSK	acgam_e	-0.0	-1000.0	0.0	-0.0	Inf
FRULYSK	acmana_e	-0.0	-1000.0	0.0	-0.0	Inf
FRULYSK	tagur_c	-0.0	0.0	0.0	Inf	Inf
FRULYSK	tartr__L_c	-0.0	-0.626832487487718	0.0	-0.0	Inf
FRULYSK	ade_e	-0.0	-1000.0	0.0	-0.0	Inf
FRULYSK	adn_e	-0.0	-1000.0	0.0	-0.0	Inf
FRULYSK	all__D_e	-0.0	-1000.0	0.0	-0.0	Inf
FRULYSK	cl_e	-0.0	-0.004601909891334799	999.9953980901087	-0.0	0.0
FRULYSK	alltn_e	-0.0	0.0	0.0	Inf	Inf
FRULYSK	cm_e	-0.0	-1000.0	0.0	-0.0	Inf
FRULYSK	co2_e	-0.0	-949.7662139396649	50.23378606033509	-0.0	0.0
FRULYSK	arab__L_e	-0.0	-1000.0	0.0	-0.0	Inf
FRULYSK	arbt_e	-0.0	-1000.0	0.0	-0.0	Inf
FRULYSK	unagamu_c	-0.0	0.0	0.18558880822083015	Inf	0.0
FRULYSK	crn_e	-0.0	-1000.0	0.0	-0.0	Inf
FRULYSK	csn_e	-0.0	-1000.0	0.0	-0.0	Inf
FRULYSK	cyan_e	-0.0	-1000.0	0.0	-0.0	Inf
FRULYSK	glyb_e	-0.0	-1000.0	0.0	-0.0	Inf
FRULYSK	glyc_e	-0.0	-1000.0	0.0	-0.0	Inf
FRULYSK	cytd_e	-0.0	-1000.0	0.0	-0.0	Inf
FRULYSK	ca2_e	-0.0	-0.004601909891334799	999.9953980901087	-0.0	0.0
FRULYSK	dad_2_e	-0.0	-1000.0	0.0	-0.0	Inf
FRULYSK	dcyt_e	-0.0	-1000.0	0.0	-0.0	Inf
FRULYSK	chol_e	-0.0	-1000.0	0.0	-0.0	Inf
FRULYSK	dha_e	-0.0	-1000.0	0.0	-0.0	Inf
FRULYSK	ppal_e	-0.0	-1000.0	0.0	-0.0	Inf
FRULYSK	h2_e	-0.0	-1000.0	0.0	-0.0	Inf
FRULYSK	dms_e	-0.0	-1000.0	0.0	-0.0	Inf
FRULYSK	dmso_e	-0.0	-1000.0	0.0	-0.0	Inf
FRULYSK	h2o2_e	-0.0	-1000.0	0.0	-0.0	Inf
FRULYSK	psclys_e	-1.0	0.0	0.0	Inf	Inf
FRULYSK	duri_e	-0.0	-1000.0	0.0	-0.0	Inf
FRULYSK	pydx_e	-0.0	-1000.0	0.0	-0.0	Inf
FRULYSK	pydxn_e	-0.0	-1000.0	0.0	-0.0	Inf
FRULYSK	etoh_e	-0.0	-1000.0	0.0	-0.0	Inf
FRULYSK	fald_e	-0.0	0.0	0.0	Inf	Inf
FRULYSK	rib__D_e	-0.0	-1000.0	0.0	-0.0	Inf
FRULYSK	rmn_e	-0.0	-1000.0	0.0	-0.0	Inf
FRULYSK	indole_e	-0.0	-1000.0	0.0	-0.0	Inf
FRULYSK	inost_e	-0.0	-1000.0	0.0	-0.0	Inf
FRULYSK	sbt__D_e	-0.0	-37.03121897715135	0.0	-0.0	Inf
FRULYSK	k_e	-0.0	-0.17257648365341538	999.8274235163466	-0.0	0.0
FRULYSK	for_e	-0.0	0.0	0.0021687771312472594	Inf	0.0
FRULYSK	slnt_e	-0.0	0.0	1000.0	Inf	0.0
FRULYSK	fru_e	-0.0	-1000.0	0.0	-0.0	Inf
FRULYSK	so2_e	-0.0	-1000.0	0.0	-0.0	Inf
FRULYSK	so3_e	-0.0	-1000.0	0.0	-0.0	Inf
FRULYSK	so4_e	-0.0	-0.22298706891126585	999.7770129310887	-0.0	0.0
FRULYSK	lipa_cold_e	-0.0	-1000.0	0.0	-0.0	Inf
FRULYSK	sucr_e	-0.0	-1000.0	0.0	-0.0	Inf
FRULYSK	g3pe_e	-0.0	-1000.0	0.0	-0.0	Inf
FRULYSK	malt_e	-0.0	-1000.0	0.0	-0.0	Inf
FRULYSK	tartr__L_e	-0.0	-1000.0	0.0	-0.0	Inf
FRULYSK	g3pi_e	-0.0	-1000.0	0.0	-0.0	Inf
FRULYSK	malthx_e	-0.0	-1000.0	0.0	-0.0	Inf
FRULYSK	maltpt_e	-0.0	-1000.0	0.0	-0.0	Inf
FRULYSK	gal_e	-0.0	-1000.0	0.0	-0.0	Inf
FRULYSK	gal_bD_e	-0.0	-1000.0	0.0	-0.0	Inf
FRULYSK	malttr_e	-0.0	-1000.0	0.0	-0.0	Inf
FRULYSK	maltttr_e	-0.0	-1000.0	0.0	-0.0	Inf
FRULYSK	man_e	-0.0	-1000.0	0.0	-0.0	Inf
FRULYSK	thym_e	-0.0	-1000.0	0.0	-0.0	Inf
FRULYSK	thymd_e	-0.0	-1000.0	0.0	-0.0	Inf
FRULYSK	galt_e	-0.0	-37.03121897715135	0.0	-0.0	Inf
FRULYSK	melib_e	-0.0	-1000.0	0.0	-0.0	Inf
FRULYSK	meoh_e	-0.0	-999.9999982317349	1.7682650650385767e-06	-0.0	0.0
FRULYSK	tmao_e	-0.0	-1000.0	0.0	-0.0	Inf
FRULYSK	tre_e	-0.0	-1000.0	0.0	-0.0	Inf
FRULYSK	metsox_S__L_e	-0.0	-1000.0	0.0	-0.0	Inf
FRULYSK	glc__D_e	-0.0	-40.117153891913965	4.115560762345088	-0.0	0.0
FRULYSK	mg2_e	-0.0	-0.007669849818853436	999.9923301501811	-0.0	0.0
FRULYSK	mnl_e	-0.0	-1000.0	0.0	-0.0	Inf
FRULYSK	mobd_e	-0.0	-0.00011405309817291709	999.9998859469018	-0.0	0.0
FRULYSK	glyald_e	-0.0	-1000.0	0.0	-0.0	Inf
FRULYSK	n2o_e	-0.0	-1000.0	0.0	-0.0	Inf
FRULYSK	na1_e	-0.0	0.0	1000.0	Inf	0.0
FRULYSK	nac_e	-0.0	-1000.0	0.0	-0.0	Inf
FRULYSK	ni2_e	-0.0	-0.0002855748117553958	999.9997144251882	-0.0	0.0
FRULYSK	no_e	-0.0	-1000.0	0.0	-0.0	Inf
FRULYSK	no2_e	-0.0	-1000.0	0.0	-0.0	Inf
FRULYSK	ura_e	-0.0	-1000.0	0.0	-0.0	Inf
FRULYSK	no3_e	-0.0	-1000.0	0.0	-0.0	Inf
FRULYSK	urea_e	-0.0	-1000.0	0.0	-0.0	Inf
FRULYSK	novbcn_e	-0.0	-1000.0	0.0	-0.0	Inf
FRULYSK	uri_e	-0.0	-1000.0	0.0	-0.0	Inf
FRULYSK	o2_e	-0.0	-45.69280449325652	954.3071955067435	-0.0	0.0
FRULYSK	xan_e	-0.0	0.0	0.0	Inf	Inf
FRULYSK	xtsn_e	-0.0	-1000.0	0.0	-0.0	Inf
FRULYSK	xyl__D_e	-0.0	-1000.0	0.0	-0.0	Inf
FRULYSK	xylu__L_e	-0.0	-1000.0	0.0	-0.0	Inf
FRULYSK	pacald_e	-0.0	-1000.0	0.0	-0.0	Inf
FRULYSK	12dgr120_p	-0.0	0.0	0.0	Inf	Inf
FRULYSK	12dgr140_p	-0.0	0.0	0.0	Inf	Inf
FRULYSK	12dgr160_p	-0.0	-0.05642003416033958	0.0	-0.0	Inf
FRULYSK	12dgr180_p	-0.0	0.0	0.0	Inf	Inf
FRULYSK	12ppd__R_p	-0.0	-1000.0	0.0	-0.0	Inf
FRULYSK	12ppd__S_p	-0.0	0.0	0.0	Inf	Inf
FRULYSK	chol_p	-0.0	-1000.0	0.0	-0.0	Inf
FRULYSK	cl_p	-0.0	-0.004601909891334799	999.9953980901087	-0.0	0.0
FRULYSK	34dhpac_p	-0.0	-1000.0	0.0	-0.0	Inf
FRULYSK	cm_p	-0.0	0.0	0.0	Inf	Inf
FRULYSK	4hoxpacd_p	-0.0	-1000.0	0.0	-0.0	Inf
FRULYSK	co2_p	-0.0	-949.7662139396649	50.23378606033509	-0.0	0.0
FRULYSK	5mtr_p	-0.0	-1000.0	0.0	-0.0	Inf
FRULYSK	LalaDgluMdap_p	-0.0	0.0	0.0	Inf	Inf
FRULYSK	gal_p	-0.0	-1000.0	0.0	-0.0	Inf
FRULYSK	ac_p	-0.0	-2.824149219874471	0.0	-0.0	Inf
FRULYSK	crn_p	-0.0	-1000.0	0.0	-0.0	Inf
FRULYSK	gal_bD_p	-0.0	-1000.0	0.0	-0.0	Inf
FRULYSK	acald_p	-0.0	-1000.0	0.0	-0.0	Inf
FRULYSK	acgal_p	-0.0	-1000.0	0.0	-0.0	Inf
FRULYSK	csn_p	-0.0	0.0	0.0	Inf	Inf
FRULYSK	acgam_p	-0.0	-1000.0	0.0	-0.0	Inf
FRULYSK	galt_p	-0.0	-37.03121897715135	0.0	-0.0	Inf
FRULYSK	acmana_p	-0.0	-1000.0	0.0	-0.0	Inf
FRULYSK	cyan_p	-0.0	0.0	0.0	Inf	Inf
FRULYSK	ade_p	-0.0	-1000.0	0.0	-0.0	Inf
FRULYSK	adn_p	-0.0	0.0	0.21220800000185136	Inf	0.0
FRULYSK	cytd_p	-0.0	0.0	0.0	Inf	Inf
FRULYSK	glc__D_p	-0.0	-40.117153891913965	4.115560762345088	-0.0	0.0
FRULYSK	dad_2_p	-0.0	-1000.0	0.0	-0.0	Inf
FRULYSK	dcyt_p	-0.0	-1000.0	0.0	-0.0	Inf
FRULYSK	all__D_p	-0.0	0.0	0.0	Inf	Inf
FRULYSK	alltn_p	-0.0	0.0	0.0	Inf	Inf
FRULYSK	dha_p	-0.0	-1000.0	0.0	-0.0	Inf
FRULYSK	glyald_p	-0.0	-1000.0	0.0	-0.0	Inf
FRULYSK	glyb_p	0.0	0.0	0.0	Inf	Inf
FRULYSK	dms_p	-0.0	-1000.0	0.0	-0.0	Inf
FRULYSK	glyc_p	-0.0	-68.77226381470963	0.0	-0.0	Inf
FRULYSK	dmso_p	-0.0	-1000.0	0.0	-0.0	Inf
FRULYSK	arab__L_p	-0.0	0.0	0.0	Inf	Inf
FRULYSK	arbt_p	0.0	0.0	0.0	Inf	Inf
FRULYSK	ca2_p	-0.0	-0.004601909891334799	999.9953980901087	-0.0	0.0
FRULYSK	duri_p	-0.0	-1000.0	0.0	-0.0	Inf
FRULYSK	h2_p	-0.0	-1000.0	0.0	-0.0	Inf
FRULYSK	h2o2_p	-0.0	-1000.0	0.0	-0.0	Inf
FRULYSK	etoh_p	-0.0	-1000.0	0.0	-0.0	Inf
FRULYSK	fald_p	-0.0	0.0	0.0	Inf	Inf
FRULYSK	n2o_p	-0.0	-1000.0	0.0	-0.0	Inf
FRULYSK	na1_p	-0.0	0.0	0.0	Inf	Inf
FRULYSK	indole_p	-0.0	0.0	1.0610400000092568	Inf	0.0
FRULYSK	nac_p	-0.0	-1000.0	0.0	-0.0	Inf
FRULYSK	ni2_p	-0.0	-0.0002855748117553958	999.9997144251882	-0.0	0.0
FRULYSK	inost_p	-0.0	-1000.0	0.0	-0.0	Inf
FRULYSK	no_p	-0.0	-1000.0	0.0	-0.0	Inf
FRULYSK	no2_p	-0.0	-1000.0	0.0	-0.0	Inf
FRULYSK	for_p	-0.0	0.0	0.0021687771312472594	Inf	0.0
FRULYSK	fru_p	-0.0	-1000.0	0.0	-0.0	Inf
FRULYSK	no3_p	-0.0	0.0	0.0	Inf	Inf
FRULYSK	k_p	-0.0	-0.17257648365341538	999.8274235163466	-0.0	0.0
FRULYSK	novbcn_p	-0.0	0.0	0.0	Inf	Inf
FRULYSK	o2_p	-0.0	-45.69280449325652	954.3071955067435	-0.0	0.0
FRULYSK	lipa_cold_p	-0.0	-78.19565448455666	0.0	-0.0	Inf
FRULYSK	g3pe_p	-0.0	0.0	0.0	Inf	Inf
FRULYSK	g3pi_p	-0.0	0.0	0.0	Inf	Inf
FRULYSK	so3_p	-0.0	-1000.0	0.0	-0.0	Inf
FRULYSK	so4_p	-0.0	-0.2229870689112524	999.7770129310887	-0.0	0.0
FRULYSK	malt_p	0.0	0.0	0.0	Inf	Inf
FRULYSK	malthx_p	0.0	0.0	0.0	Inf	Inf
FRULYSK	maltpt_p	0.0	0.0	0.0	Inf	Inf
FRULYSK	sucr_p	-0.0	-1000.0	0.0	-0.0	Inf
FRULYSK	malttr_p	0.0	0.0	0.0	Inf	Inf
FRULYSK	maltttr_p	0.0	0.0	0.0	Inf	Inf
FRULYSK	pacald_p	-0.0	-1000.0	0.0	-0.0	Inf
FRULYSK	man_p	-0.0	-1000.0	0.0	-0.0	Inf
FRULYSK	tartr__L_p	-0.0	-1000.0	0.0	-0.0	Inf
FRULYSK	pe120_p	-0.0	0.0	0.0	Inf	Inf
FRULYSK	melib_p	-0.0	-1000.0	0.0	-0.0	Inf
FRULYSK	meoh_p	-0.0	-999.9999982317349	1.7682650650385767e-06	-0.0	0.0
FRULYSK	thym_p	-0.0	-1000.0	0.0	-0.0	Inf
FRULYSK	thymd_p	-0.0	-0.0231342121452956	0.0	-0.0	Inf
FRULYSK	pg120_p	-0.0	0.0	0.0	Inf	Inf
FRULYSK	metsox_S__L_p	-0.0	-1000.0	0.0	-0.0	Inf
FRULYSK	tmao_p	-0.0	-1000.0	0.0	-0.0	Inf
FRULYSK	mg2_p	-0.0	-0.007669849818853436	999.9923301501811	-0.0	0.0
FRULYSK	tre_p	-0.0	0.0	0.0	Inf	Inf
FRULYSK	mnl_p	-0.0	0.0	0.0	Inf	Inf
FRULYSK	mobd_p	-0.0	-0.00011405309817291709	999.9998859469018	-0.0	0.0
FRULYSK	ura_p	-0.0	-1000.0	0.0	-0.0	Inf
FRULYSK	urea_p	-0.0	-1000.0	0.0	-0.0	Inf
FRULYSK	uri_p	-0.0	0.0	0.0	Inf	Inf
FRULYSK	xan_p	-0.0	0.0	0.0	Inf	Inf
FRULYSK	xtsn_p	-0.0	0.0	0.0	Inf	Inf
FRULYSK	xyl__D_p	-0.0	0.0	0.0	Inf	Inf
FRULYSK	xylu__L_p	-0.0	-1000.0	0.0	-0.0	Inf
FRULYSK	ppal_p	-0.0	-1000.0	0.0	-0.0	Inf
FRULYSK	psclys_p	-1.0	-0.3033998079183675	0.0	-1.0	Inf
FRULYSK	pydx_p	-0.0	0.0	0.0	Inf	Inf
FRULYSK	pydxn_p	-0.0	0.0	0.0	Inf	Inf
FRULYSK	rib__D_p	-0.0	-1000.0	0.0	-0.0	Inf
FRULYSK	rmn_p	-0.0	-1000.0	0.0	-0.0	Inf
FRULYSK	sbt__D_p	-0.0	-37.03121897715135	0.0	-0.0	Inf
FRULYSK	slnt_p	-0.0	0.0	0.0	Inf	Inf
FRULYSK	so2_p	-0.0	-1000.0	0.0	-0.0	Inf
