Reaction	Metabolite	ShadowPrice	G-	G+	DecrementalShadowPrice	IncrementalShadowPrice
FRUURt2rpp_f	12dgr120_c	-0.0	0.0	0.0	Inf	Inf
FRUURt2rpp_f	12dgr140_c	-0.0	0.0	0.0	Inf	Inf
FRUURt2rpp_f	12dgr160_c	-0.0	-0.05642003416033958	0.0	-0.0	Inf
FRUURt2rpp_f	12dgr180_c	-0.0	0.0	0.0	Inf	Inf
FRUURt2rpp_f	12ppd__R_c	-0.0	-1000.0	0.0	-0.0	Inf
FRUURt2rpp_f	12ppd__S_c	-0.0	0.0	0.0	Inf	Inf
FRUURt2rpp_f	5drib_c	-0.0	-999.9998010701776	0.00019892982239132882	-0.0	0.0
FRUURt2rpp_f	5mta_c	-0.0	-0.09655523099013408	0.0	-0.0	Inf
FRUURt2rpp_f	23dhacoa_c	-0.0	-0.0005092603441880228	0.0	-0.0	Inf
FRUURt2rpp_f	5mtr_c	-0.0	-1000.0	0.0	-0.0	Inf
FRUURt2rpp_f	3amac_c	-0.0	-4.244159999990757	0.0	-0.0	Inf
FRUURt2rpp_f	LalaDgluMdap_c	-0.0	-0.02456827513160109	0.0	-0.0	Inf
FRUURt2rpp_f	ac_c	-0.0	-2.824149219874471	1.0663927348948619	-0.0	0.0
FRUURt2rpp_f	acald_c	-0.0	0.0	1.0663927348948619	Inf	0.0
FRUURt2rpp_f	acetol_c	-0.0	0.0	6.383318733433197	Inf	0.0
FRUURt2rpp_f	acgam_c	-0.0	-0.08353991581388454	0.0	-0.0	Inf
FRUURt2rpp_f	acgam6p_c	-0.0	-0.08353991581388454	0.0	-0.0	Inf
FRUURt2rpp_f	acmalt_c	0.0	0.0	0.0	Inf	Inf
FRUURt2rpp_f	acmana_c	-0.0	-0.08353991581388454	0.0	-0.0	Inf
FRUURt2rpp_f	2dmmq8_c	-0.0	0.0	0.0	Inf	Inf
FRUURt2rpp_f	2dmmql8_c	0.0	0.0	0.0	Inf	Inf
FRUURt2rpp_f	ade_c	-0.0	-0.09655523099013408	0.21220800000185136	-0.0	0.0
FRUURt2rpp_f	adn_c	-0.0	0.0	0.21220800000185136	Inf	0.0
FRUURt2rpp_f	3sala_c	0.0	0.0	0.0	Inf	Inf
FRUURt2rpp_f	adphep_DD_c	-0.0	0.0	0.0	Inf	Inf
FRUURt2rpp_f	adphep_LD_c	-0.0	0.0	0.0	Inf	Inf
FRUURt2rpp_f	4ahmmp_c	0.0	0.0	0.0	Inf	Inf
FRUURt2rpp_f	4crsol_c	-0.0	-999.9998028384427	0.0001971615573034059	-0.0	0.0
FRUURt2rpp_f	2ohph_c	-0.0	-0.0001971615573034059	0.24983108798957906	-0.0	0.0
FRUURt2rpp_f	2ombzl_c	-0.0	0.0	0.0	Inf	Inf
FRUURt2rpp_f	2omhmbl_c	-0.0	0.0	0.0	Inf	Inf
FRUURt2rpp_f	2ommbl_c	0.0	0.0	0.0	Inf	Inf
FRUURt2rpp_f	2omph_c	-0.0	0.0	0.23620393773560203	Inf	0.0
FRUURt2rpp_f	4mhetz_c	0.0	0.0	0.0	Inf	Inf
FRUURt2rpp_f	2oph_c	-0.0	-0.0001971615573034059	0.24983108798957906	-0.0	0.0
FRUURt2rpp_f	2oxpaccoa_c	-0.0	-0.0005092603441880228	0.0	-0.0	Inf
FRUURt2rpp_f	all__D_c	-0.0	-40.117153891913965	0.0	-0.0	Inf
FRUURt2rpp_f	alltn_c	-0.0	-0.626832487487718	0.0	-0.0	Inf
FRUURt2rpp_f	4r5au_c	-0.0	-0.0003943231149605708	0.2652600000023142	-0.0	0.0
FRUURt2rpp_f	56dura_c	0.0	0.0	0.0	Inf	Inf
FRUURt2rpp_f	arab__L_c	-0.0	-48.14058467029675	0.0	-0.0	Inf
FRUURt2rpp_f	etoh_c	-0.0	-1000.0	0.0	-0.0	Inf
FRUURt2rpp_f	csn_c	-0.0	0.0	0.15994399786416125	Inf	0.0
FRUURt2rpp_f	fald_c	-0.0	0.0	0.0	Inf	Inf
FRUURt2rpp_f	fc1p_c	-0.0	-0.626832487487718	0.0	-0.0	Inf
FRUURt2rpp_f	fcl__L_c	-0.0	0.0	0.0	Inf	Inf
FRUURt2rpp_f	aso4_c	0.0	0.0	0.0	Inf	Inf
FRUURt2rpp_f	cyan_c	0.0	0.0	0.0	Inf	Inf
FRUURt2rpp_f	athtp_c	0.0	0.0	0.0	Inf	Inf
FRUURt2rpp_f	cytd_c	-0.0	0.0	0.0	Inf	Inf
FRUURt2rpp_f	dad_2_c	-0.0	0.0	0.0	Inf	Inf
FRUURt2rpp_f	dad_5_c	-0.0	-0.09655523099013408	0.00019892982239132882	-0.0	0.0
FRUURt2rpp_f	betald_c	0.0	0.0	0.0	Inf	Inf
FRUURt2rpp_f	btal_c	-0.0	-2.479881760434523	0.0	-0.0	Inf
FRUURt2rpp_f	for_c	-0.0	-0.09655523099013408	0.0021687771312472594	-0.0	0.0
FRUURt2rpp_f	dcyt_c	-0.0	0.0	0.0	Inf	Inf
FRUURt2rpp_f	fru_c	-0.0	0.0	0.0	Inf	Inf
FRUURt2rpp_f	ca2_c	-0.0	-0.004601909891334799	999.9953980901087	-0.0	0.0
FRUURt2rpp_f	g3pe_c	-0.0	0.0	0.0	Inf	Inf
FRUURt2rpp_f	g3pi_c	0.0	0.0	0.0	Inf	Inf
FRUURt2rpp_f	cbm_c	-0.0	-4.244159999990757	0.0	-0.0	Inf
FRUURt2rpp_f	dha_c	-0.0	-80.2343077838279	0.0	-0.0	Inf
FRUURt2rpp_f	gal_c	-0.0	0.0	0.0	Inf	Inf
FRUURt2rpp_f	dhgly_c	-0.0	-0.0001971615573034059	1.0610400000092568	-0.0	0.0
FRUURt2rpp_f	dhmptp_c	0.0	0.0	0.0	Inf	Inf
FRUURt2rpp_f	gcald_c	-0.0	-0.626832487487718	0.0005914846717587352	-0.0	0.0
FRUURt2rpp_f	dhptd_c	-0.0	-57.664466237599186	0.0003960913796718504	-0.0	0.0
FRUURt2rpp_f	cechddd_c	-0.0	0.0	0.0	Inf	Inf
FRUURt2rpp_f	dhptdn_c	0.0	0.0	0.0	Inf	Inf
FRUURt2rpp_f	chol_c	0.0	0.0	0.0	Inf	Inf
FRUURt2rpp_f	chtbs6p_c	-0.0	0.0	0.0	Inf	Inf
FRUURt2rpp_f	dmbzid_c	0.0	0.0	0.0	Inf	Inf
FRUURt2rpp_f	dms_c	0.0	0.0	0.0	Inf	Inf
FRUURt2rpp_f	dmso_c	0.0	0.0	0.0	Inf	Inf
FRUURt2rpp_f	cl_c	-0.0	-0.0046019098913194076	999.9953980901087	-0.0	0.0
FRUURt2rpp_f	glc__D_c	-0.0	-40.117153891913965	0.0	-0.0	Inf
FRUURt2rpp_f	co2_c	-0.0	-949.7662139396649	50.23378606033509	-0.0	0.0
FRUURt2rpp_f	dscl_c	-0.0	-0.0001971615573034059	0.13329909186185773	-0.0	0.0
FRUURt2rpp_f	dtdp4aaddg_c	-0.0	0.0	0.0	Inf	Inf
FRUURt2rpp_f	glyald_c	-0.0	-1000.0	0.0	-0.0	Inf
FRUURt2rpp_f	crn_c	-0.0	-1000.0	0.0	-0.0	Inf
FRUURt2rpp_f	duri_c	-0.0	0.0	0.0	Inf	Inf
FRUURt2rpp_f	glyb_c	0.0	0.0	0.0	Inf	Inf
FRUURt2rpp_f	glyc_c	-0.0	-68.77226381470963	0.0	-0.0	Inf
FRUURt2rpp_f	dxyl_c	0.0	0.0	0.0	Inf	Inf
FRUURt2rpp_f	glycogen_c	-0.0	-40.117153891913965	0.0	-0.0	Inf
FRUURt2rpp_f	gmhep1p_c	-0.0	0.0	3.0367244460022005	Inf	0.0
FRUURt2rpp_f	lipa_cold_c	-0.0	0.0	0.0	Inf	Inf
FRUURt2rpp_f	lipidA_c	-0.0	-0.017201682775294103	0.038085454817673635	-0.0	0.0
FRUURt2rpp_f	malt_c	0.0	0.0	0.0	Inf	Inf
FRUURt2rpp_f	h2_c	-0.0	0.0	0.0	Inf	Inf
FRUURt2rpp_f	malthx_c	-0.0	0.0	0.0	Inf	Inf
FRUURt2rpp_f	maltpt_c	-0.0	0.0	0.0	Inf	Inf
FRUURt2rpp_f	malttr_c	-0.0	0.0	0.0	Inf	Inf
FRUURt2rpp_f	maltttr_c	-0.0	0.0	0.0	Inf	Inf
FRUURt2rpp_f	h2o2_c	-0.0	-91.38560898651296	0.0022112154917977023	-0.0	0.0
FRUURt2rpp_f	man_c	-0.0	0.0	0.0	Inf	Inf
FRUURt2rpp_f	mdhdhf_c	-0.0	-57.664466237599186	0.0003960913796718504	-0.0	0.0
FRUURt2rpp_f	melib_c	-0.0	0.0	0.0	Inf	Inf
FRUURt2rpp_f	meoh_c	-0.0	-999.9999982317349	1.7682650650385767e-06	-0.0	0.0
FRUURt2rpp_f	pacald_c	-0.0	-1000.0	0.0	-0.0	Inf
FRUURt2rpp_f	metsox_S__L_c	-0.0	0.0	0.0	Inf	Inf
FRUURt2rpp_f	mg2_c	-0.0	-0.007669849818853436	999.9923301501811	-0.0	0.0
FRUURt2rpp_f	hhlipa_c	-0.0	0.0	0.0	Inf	Inf
FRUURt2rpp_f	pe120_c	-0.0	0.0	0.0	Inf	Inf
FRUURt2rpp_f	mobd_c	-0.0	-0.00011405309817102852	78.19565448455666	-0.0	0.0
FRUURt2rpp_f	hlipa_c	-0.0	0.0	0.0	Inf	Inf
FRUURt2rpp_f	pg120_c	-0.0	0.0	0.0	Inf	Inf
FRUURt2rpp_f	mql8_c	0.0	0.0	0.0	Inf	Inf
FRUURt2rpp_f	mqn8_c	-0.0	0.0	0.0	Inf	Inf
FRUURt2rpp_f	mthgxl_c	-0.0	0.0	6.4956082877290555	Inf	0.0
FRUURt2rpp_f	hqn_c	0.0	0.0	0.0	Inf	Inf
FRUURt2rpp_f	mththf_c	-0.0	-999.9996039086203	0.0003960913796718504	-0.0	0.0
FRUURt2rpp_f	n2o_c	-0.0	-1000.0	0.0	-0.0	Inf
FRUURt2rpp_f	na1_c	-0.0	0.0	0.0	Inf	Inf
FRUURt2rpp_f	nac_c	-0.0	0.0	0.0	Inf	Inf
FRUURt2rpp_f	ncam_c	-0.0	0.0	0.0	Inf	Inf
FRUURt2rpp_f	ni2_c	-0.0	-0.00028557481169955206	999.9997144251882	-0.0	0.0
FRUURt2rpp_f	no_c	-0.0	-1000.0	0.0	-0.0	Inf
FRUURt2rpp_f	indole_c	-0.0	-0.05025674619640135	1.0610400000092568	-0.0	0.0
FRUURt2rpp_f	no2_c	-0.0	-1000.0	0.0	-0.0	Inf
FRUURt2rpp_f	no3_c	0.0	0.0	0.0	Inf	Inf
FRUURt2rpp_f	inost_c	0.0	0.0	0.0	Inf	Inf
FRUURt2rpp_f	o2_c	-0.0	-45.69280449325648	954.3071955067435	-0.0	0.0
FRUURt2rpp_f	poaac_c	-0.0	-4.244159999990757	0.0	-0.0	Inf
FRUURt2rpp_f	ppal_c	-0.0	0.0	0.0	Inf	Inf
FRUURt2rpp_f	k_c	-0.0	-0.17257648365341538	312.7826179382266	-0.0	0.0
FRUURt2rpp_f	psclys_c	-0.0	0.0	0.0	Inf	Inf
FRUURt2rpp_f	lald__D_c	-0.0	0.0	6.383318733433197	Inf	0.0
FRUURt2rpp_f	lald__L_c	-0.0	-0.626832487487718	0.0	-0.0	Inf
FRUURt2rpp_f	ura_c	-0.0	-0.2924666248797946	0.0	-0.0	Inf
FRUURt2rpp_f	pydx_c	-0.0	0.0	1.0610400000092568	Inf	0.0
FRUURt2rpp_f	uracp_c	-0.0	-2.1220799999953783	0.0	-0.0	Inf
FRUURt2rpp_f	pydxn_c	-0.0	0.0	1.0610400000092568	Inf	0.0
FRUURt2rpp_f	urate_c	-0.0	-0.626832487487718	0.0	-0.0	Inf
FRUURt2rpp_f	q8_c	-0.0	0.0	0.0	Inf	Inf
FRUURt2rpp_f	q8h2_c	0.0	0.0	0.0	Inf	Inf
FRUURt2rpp_f	urea_c	-0.0	-1000.0	0.0	-0.0	Inf
FRUURt2rpp_f	uri_c	-0.0	0.0	0.0	Inf	Inf
FRUURt2rpp_f	rbflvrd_c	-0.0	0.0	0.04827761549506704	Inf	0.0
FRUURt2rpp_f	rbl__L_c	-0.0	-48.14058467029675	0.0	-0.0	Inf
FRUURt2rpp_f	rdmbzi_c	0.0	0.0	0.0	Inf	Inf
FRUURt2rpp_f	thptdn_c	0.0	0.0	0.0	Inf	Inf
FRUURt2rpp_f	xan_c	-0.0	0.0	0.0	Inf	Inf
FRUURt2rpp_f	rephaccoa_c	-0.0	-0.0005092603441880228	0.0	-0.0	Inf
FRUURt2rpp_f	rib__D_c	-0.0	0.0	4.468323113403238	Inf	0.0
FRUURt2rpp_f	xtsn_c	-0.0	0.0	0.0	Inf	Inf
FRUURt2rpp_f	rml_c	-0.0	-0.626832487487718	0.0	-0.0	Inf
FRUURt2rpp_f	thym_c	-0.0	-312.7826179382266	0.0	-0.0	Inf
FRUURt2rpp_f	thymd_c	-0.0	-0.0231342121452956	0.0	-0.0	Inf
FRUURt2rpp_f	xu5p__L_c	-0.0	-0.852861660014014	0.0	-0.0	Inf
FRUURt2rpp_f	rmn_c	-0.0	-0.626832487487718	0.0	-0.0	Inf
FRUURt2rpp_f	xyl__D_c	0.0	0.0	0.0	Inf	Inf
FRUURt2rpp_f	tmao_c	0.0	0.0	0.0	Inf	Inf
FRUURt2rpp_f	xylu__D_c	-0.0	0.0	0.0	Inf	Inf
FRUURt2rpp_f	xylu__L_c	-0.0	-48.14058467029675	0.0	-0.0	Inf
FRUURt2rpp_f	12ppd__R_e	-0.0	-1000.0	0.0	-0.0	Inf
FRUURt2rpp_f	12ppd__S_e	-0.0	-1000.0	0.0	-0.0	Inf
FRUURt2rpp_f	tre_c	-0.0	-20.058576945956982	0.0	-0.0	Inf
FRUURt2rpp_f	seln_c	0.0	0.0	0.0	Inf	Inf
FRUURt2rpp_f	34dhpac_e	-0.0	-1000.0	0.0	-0.0	Inf
FRUURt2rpp_f	slnt_c	0.0	0.0	0.0	Inf	Inf
FRUURt2rpp_f	so2_c	0.0	0.0	0.0	Inf	Inf
FRUURt2rpp_f	so3_c	-0.0	-0.21915170193554756	15.63913089691133	-0.0	0.0
FRUURt2rpp_f	so4_c	-0.0	-0.2229870689112524	312.7826179382266	-0.0	0.0
FRUURt2rpp_f	4hoxpacd_e	-0.0	-1000.0	0.0	-0.0	Inf
FRUURt2rpp_f	5mtr_e	-0.0	-1000.0	0.0	-0.0	Inf
FRUURt2rpp_f	LalaDgluMdap_e	-0.0	-1000.0	0.0	-0.0	Inf
FRUURt2rpp_f	ac_e	-0.0	0.0	0.0	Inf	Inf
FRUURt2rpp_f	acald_e	-0.0	-1000.0	0.0	-0.0	Inf
FRUURt2rpp_f	acgal_e	-0.0	-1000.0	0.0	-0.0	Inf
FRUURt2rpp_f	acgam_e	-0.0	-1000.0	0.0	-0.0	Inf
FRUURt2rpp_f	acmana_e	-0.0	-1000.0	0.0	-0.0	Inf
FRUURt2rpp_f	tagur_c	-0.0	0.0	0.0	Inf	Inf
FRUURt2rpp_f	tartr__L_c	-0.0	-0.626832487487718	0.0	-0.0	Inf
FRUURt2rpp_f	ade_e	-0.0	-1000.0	0.0	-0.0	Inf
FRUURt2rpp_f	adn_e	-0.0	-1000.0	0.0	-0.0	Inf
FRUURt2rpp_f	all__D_e	-0.0	-1000.0	0.0	-0.0	Inf
FRUURt2rpp_f	cl_e	-0.0	-0.004601909891334799	999.9953980901087	-0.0	0.0
FRUURt2rpp_f	alltn_e	-0.0	0.0	0.0	Inf	Inf
FRUURt2rpp_f	cm_e	-0.0	-1000.0	0.0	-0.0	Inf
FRUURt2rpp_f	co2_e	-0.0	-949.7662139396649	50.23378606033509	-0.0	0.0
FRUURt2rpp_f	arab__L_e	-0.0	-1000.0	0.0	-0.0	Inf
FRUURt2rpp_f	arbt_e	-0.0	-1000.0	0.0	-0.0	Inf
FRUURt2rpp_f	unagamu_c	-0.0	0.0	0.18558880822083015	Inf	0.0
FRUURt2rpp_f	crn_e	-0.0	-1000.0	0.0	-0.0	Inf
FRUURt2rpp_f	csn_e	-0.0	-1000.0	0.0	-0.0	Inf
FRUURt2rpp_f	cyan_e	-0.0	-1000.0	0.0	-0.0	Inf
FRUURt2rpp_f	glyb_e	-0.0	-1000.0	0.0	-0.0	Inf
FRUURt2rpp_f	glyc_e	-0.0	-1000.0	0.0	-0.0	Inf
FRUURt2rpp_f	cytd_e	-0.0	-1000.0	0.0	-0.0	Inf
FRUURt2rpp_f	ca2_e	-0.0	-0.004601909891334799	999.9953980901087	-0.0	0.0
FRUURt2rpp_f	dad_2_e	-0.0	-1000.0	0.0	-0.0	Inf
FRUURt2rpp_f	dcyt_e	-0.0	-1000.0	0.0	-0.0	Inf
FRUURt2rpp_f	chol_e	-0.0	-1000.0	0.0	-0.0	Inf
FRUURt2rpp_f	dha_e	-0.0	-1000.0	0.0	-0.0	Inf
FRUURt2rpp_f	ppal_e	-0.0	-1000.0	0.0	-0.0	Inf
FRUURt2rpp_f	h2_e	-0.0	-1000.0	0.0	-0.0	Inf
FRUURt2rpp_f	dms_e	-0.0	-1000.0	0.0	-0.0	Inf
FRUURt2rpp_f	dmso_e	-0.0	-1000.0	0.0	-0.0	Inf
FRUURt2rpp_f	h2o2_e	-0.0	-1000.0	0.0	-0.0	Inf
FRUURt2rpp_f	psclys_e	-0.0	-1000.0	0.0	-0.0	Inf
FRUURt2rpp_f	duri_e	-0.0	-1000.0	0.0	-0.0	Inf
FRUURt2rpp_f	pydx_e	-0.0	-1000.0	0.0	-0.0	Inf
FRUURt2rpp_f	pydxn_e	-0.0	-1000.0	0.0	-0.0	Inf
FRUURt2rpp_f	etoh_e	-0.0	-1000.0	0.0	-0.0	Inf
FRUURt2rpp_f	fald_e	-0.0	0.0	0.0	Inf	Inf
FRUURt2rpp_f	rib__D_e	-0.0	-1000.0	0.0	-0.0	Inf
FRUURt2rpp_f	rmn_e	-0.0	-1000.0	0.0	-0.0	Inf
FRUURt2rpp_f	indole_e	-0.0	-1000.0	0.0	-0.0	Inf
FRUURt2rpp_f	inost_e	-0.0	-1000.0	0.0	-0.0	Inf
FRUURt2rpp_f	sbt__D_e	-0.0	-37.03121897715135	0.0	-0.0	Inf
FRUURt2rpp_f	k_e	-0.0	-0.17257648365341538	999.8274235163466	-0.0	0.0
FRUURt2rpp_f	for_e	-0.0	0.0	0.0021687771312472594	Inf	0.0
FRUURt2rpp_f	slnt_e	-0.0	0.0	1000.0	Inf	0.0
FRUURt2rpp_f	fru_e	-0.0	-1000.0	0.0	-0.0	Inf
FRUURt2rpp_f	so2_e	-0.0	-1000.0	0.0	-0.0	Inf
FRUURt2rpp_f	so3_e	-0.0	-1000.0	0.0	-0.0	Inf
FRUURt2rpp_f	so4_e	-0.0	-0.22298706891126585	999.7770129310887	-0.0	0.0
FRUURt2rpp_f	lipa_cold_e	-0.0	-1000.0	0.0	-0.0	Inf
FRUURt2rpp_f	sucr_e	-0.0	-1000.0	0.0	-0.0	Inf
FRUURt2rpp_f	g3pe_e	-0.0	-1000.0	0.0	-0.0	Inf
FRUURt2rpp_f	malt_e	-0.0	-1000.0	0.0	-0.0	Inf
FRUURt2rpp_f	tartr__L_e	-0.0	-1000.0	0.0	-0.0	Inf
FRUURt2rpp_f	g3pi_e	-0.0	-1000.0	0.0	-0.0	Inf
FRUURt2rpp_f	malthx_e	-0.0	-1000.0	0.0	-0.0	Inf
FRUURt2rpp_f	maltpt_e	-0.0	-1000.0	0.0	-0.0	Inf
FRUURt2rpp_f	gal_e	-0.0	-1000.0	0.0	-0.0	Inf
FRUURt2rpp_f	gal_bD_e	-0.0	-1000.0	0.0	-0.0	Inf
FRUURt2rpp_f	malttr_e	-0.0	-1000.0	0.0	-0.0	Inf
FRUURt2rpp_f	maltttr_e	-0.0	-1000.0	0.0	-0.0	Inf
FRUURt2rpp_f	man_e	-0.0	-1000.0	0.0	-0.0	Inf
FRUURt2rpp_f	thym_e	-0.0	-1000.0	0.0	-0.0	Inf
FRUURt2rpp_f	thymd_e	-0.0	-1000.0	0.0	-0.0	Inf
FRUURt2rpp_f	galt_e	-0.0	-37.03121897715135	0.0	-0.0	Inf
FRUURt2rpp_f	melib_e	-0.0	-1000.0	0.0	-0.0	Inf
FRUURt2rpp_f	meoh_e	-0.0	-999.9999982317349	1.7682650650385767e-06	-0.0	0.0
FRUURt2rpp_f	tmao_e	-0.0	-1000.0	0.0	-0.0	Inf
FRUURt2rpp_f	tre_e	-0.0	-1000.0	0.0	-0.0	Inf
FRUURt2rpp_f	metsox_S__L_e	-0.0	-1000.0	0.0	-0.0	Inf
FRUURt2rpp_f	glc__D_e	-0.0	-40.117153891913965	4.115560762345088	-0.0	0.0
FRUURt2rpp_f	mg2_e	-0.0	-0.007669849818853436	999.9923301501811	-0.0	0.0
FRUURt2rpp_f	mnl_e	-0.0	-1000.0	0.0	-0.0	Inf
FRUURt2rpp_f	mobd_e	-0.0	-0.00011405309817291709	999.9998859469018	-0.0	0.0
FRUURt2rpp_f	glyald_e	-0.0	-1000.0	0.0	-0.0	Inf
FRUURt2rpp_f	n2o_e	-0.0	-1000.0	0.0	-0.0	Inf
FRUURt2rpp_f	na1_e	-0.0	0.0	1000.0	Inf	0.0
FRUURt2rpp_f	nac_e	-0.0	-1000.0	0.0	-0.0	Inf
FRUURt2rpp_f	ni2_e	-0.0	-0.0002855748117553958	999.9997144251882	-0.0	0.0
FRUURt2rpp_f	no_e	-0.0	-1000.0	0.0	-0.0	Inf
FRUURt2rpp_f	no2_e	-0.0	-1000.0	0.0	-0.0	Inf
FRUURt2rpp_f	ura_e	-0.0	-1000.0	0.0	-0.0	Inf
FRUURt2rpp_f	no3_e	-0.0	-1000.0	0.0	-0.0	Inf
FRUURt2rpp_f	urea_e	-0.0	-1000.0	0.0	-0.0	Inf
FRUURt2rpp_f	novbcn_e	-0.0	-1000.0	0.0	-0.0	Inf
FRUURt2rpp_f	uri_e	-0.0	-1000.0	0.0	-0.0	Inf
FRUURt2rpp_f	o2_e	-0.0	-45.69280449325652	954.3071955067435	-0.0	0.0
FRUURt2rpp_f	xan_e	-0.0	0.0	0.0	Inf	Inf
FRUURt2rpp_f	xtsn_e	-0.0	-1000.0	0.0	-0.0	Inf
FRUURt2rpp_f	xyl__D_e	-0.0	-1000.0	0.0	-0.0	Inf
FRUURt2rpp_f	xylu__L_e	-0.0	-1000.0	0.0	-0.0	Inf
FRUURt2rpp_f	pacald_e	-0.0	-1000.0	0.0	-0.0	Inf
FRUURt2rpp_f	12dgr120_p	-0.0	0.0	0.0	Inf	Inf
FRUURt2rpp_f	12dgr140_p	-0.0	0.0	0.0	Inf	Inf
FRUURt2rpp_f	12dgr160_p	-0.0	-0.05642003416033958	0.0	-0.0	Inf
FRUURt2rpp_f	12dgr180_p	-0.0	0.0	0.0	Inf	Inf
FRUURt2rpp_f	12ppd__R_p	-0.0	-1000.0	0.0	-0.0	Inf
FRUURt2rpp_f	12ppd__S_p	-0.0	0.0	0.0	Inf	Inf
FRUURt2rpp_f	chol_p	-0.0	-1000.0	0.0	-0.0	Inf
FRUURt2rpp_f	cl_p	-0.0	-0.004601909891334799	999.9953980901087	-0.0	0.0
FRUURt2rpp_f	34dhpac_p	-0.0	-1000.0	0.0	-0.0	Inf
FRUURt2rpp_f	cm_p	-0.0	0.0	0.0	Inf	Inf
FRUURt2rpp_f	4hoxpacd_p	-0.0	-1000.0	0.0	-0.0	Inf
FRUURt2rpp_f	co2_p	-0.0	-949.7662139396649	50.23378606033509	-0.0	0.0
FRUURt2rpp_f	5mtr_p	-0.0	-1000.0	0.0	-0.0	Inf
FRUURt2rpp_f	LalaDgluMdap_p	-0.0	0.0	0.0	Inf	Inf
FRUURt2rpp_f	gal_p	-0.0	-1000.0	0.0	-0.0	Inf
FRUURt2rpp_f	ac_p	-0.0	-2.824149219874471	0.0	-0.0	Inf
FRUURt2rpp_f	crn_p	-0.0	-1000.0	0.0	-0.0	Inf
FRUURt2rpp_f	gal_bD_p	-0.0	-1000.0	0.0	-0.0	Inf
FRUURt2rpp_f	acald_p	-0.0	-1000.0	0.0	-0.0	Inf
FRUURt2rpp_f	acgal_p	-0.0	-1000.0	0.0	-0.0	Inf
FRUURt2rpp_f	csn_p	-0.0	0.0	0.0	Inf	Inf
FRUURt2rpp_f	acgam_p	-0.0	-1000.0	0.0	-0.0	Inf
FRUURt2rpp_f	galt_p	-0.0	-37.03121897715135	0.0	-0.0	Inf
FRUURt2rpp_f	acmana_p	-0.0	-1000.0	0.0	-0.0	Inf
FRUURt2rpp_f	cyan_p	-0.0	0.0	0.0	Inf	Inf
FRUURt2rpp_f	ade_p	-0.0	-1000.0	0.0	-0.0	Inf
FRUURt2rpp_f	adn_p	-0.0	0.0	0.21220800000185136	Inf	0.0
FRUURt2rpp_f	cytd_p	-0.0	0.0	0.0	Inf	Inf
FRUURt2rpp_f	glc__D_p	-0.0	-40.117153891913965	4.115560762345088	-0.0	0.0
FRUURt2rpp_f	dad_2_p	-0.0	-1000.0	0.0	-0.0	Inf
FRUURt2rpp_f	dcyt_p	-0.0	-1000.0	0.0	-0.0	Inf
FRUURt2rpp_f	all__D_p	-0.0	0.0	0.0	Inf	Inf
FRUURt2rpp_f	alltn_p	-0.0	0.0	0.0	Inf	Inf
FRUURt2rpp_f	dha_p	-0.0	-1000.0	0.0	-0.0	Inf
FRUURt2rpp_f	glyald_p	-0.0	-1000.0	0.0	-0.0	Inf
FRUURt2rpp_f	glyb_p	0.0	0.0	0.0	Inf	Inf
FRUURt2rpp_f	dms_p	-0.0	-1000.0	0.0	-0.0	Inf
FRUURt2rpp_f	glyc_p	-0.0	-68.77226381470963	0.0	-0.0	Inf
FRUURt2rpp_f	dmso_p	-0.0	-1000.0	0.0	-0.0	Inf
FRUURt2rpp_f	arab__L_p	-0.0	0.0	0.0	Inf	Inf
FRUURt2rpp_f	arbt_p	0.0	0.0	0.0	Inf	Inf
FRUURt2rpp_f	ca2_p	-0.0	-0.004601909891334799	999.9953980901087	-0.0	0.0
FRUURt2rpp_f	duri_p	-0.0	-1000.0	0.0	-0.0	Inf
FRUURt2rpp_f	h2_p	-0.0	-1000.0	0.0	-0.0	Inf
FRUURt2rpp_f	h2o2_p	-0.0	-1000.0	0.0	-0.0	Inf
FRUURt2rpp_f	etoh_p	-0.0	-1000.0	0.0	-0.0	Inf
FRUURt2rpp_f	fald_p	-0.0	0.0	0.0	Inf	Inf
FRUURt2rpp_f	n2o_p	-0.0	-1000.0	0.0	-0.0	Inf
FRUURt2rpp_f	na1_p	-0.0	0.0	0.0	Inf	Inf
FRUURt2rpp_f	indole_p	-0.0	0.0	1.0610400000092568	Inf	0.0
FRUURt2rpp_f	nac_p	-0.0	-1000.0	0.0	-0.0	Inf
FRUURt2rpp_f	ni2_p	-0.0	-0.0002855748117553958	999.9997144251882	-0.0	0.0
FRUURt2rpp_f	inost_p	-0.0	-1000.0	0.0	-0.0	Inf
FRUURt2rpp_f	no_p	-0.0	-1000.0	0.0	-0.0	Inf
FRUURt2rpp_f	no2_p	-0.0	-1000.0	0.0	-0.0	Inf
FRUURt2rpp_f	for_p	-0.0	0.0	0.0021687771312472594	Inf	0.0
FRUURt2rpp_f	fru_p	-0.0	-1000.0	0.0	-0.0	Inf
FRUURt2rpp_f	no3_p	-0.0	0.0	0.0	Inf	Inf
FRUURt2rpp_f	k_p	-0.0	-0.17257648365341538	999.8274235163466	-0.0	0.0
FRUURt2rpp_f	novbcn_p	-0.0	0.0	0.0	Inf	Inf
FRUURt2rpp_f	o2_p	-0.0	-45.69280449325652	954.3071955067435	-0.0	0.0
FRUURt2rpp_f	lipa_cold_p	-0.0	-78.19565448455666	0.0	-0.0	Inf
FRUURt2rpp_f	g3pe_p	-0.0	0.0	0.0	Inf	Inf
FRUURt2rpp_f	g3pi_p	-0.0	0.0	0.0	Inf	Inf
FRUURt2rpp_f	so3_p	-0.0	-1000.0	0.0	-0.0	Inf
FRUURt2rpp_f	so4_p	-0.0	-0.2229870689112524	999.7770129310887	-0.0	0.0
FRUURt2rpp_f	malt_p	0.0	0.0	0.0	Inf	Inf
FRUURt2rpp_f	malthx_p	0.0	0.0	0.0	Inf	Inf
FRUURt2rpp_f	maltpt_p	0.0	0.0	0.0	Inf	Inf
FRUURt2rpp_f	sucr_p	-0.0	-1000.0	0.0	-0.0	Inf
FRUURt2rpp_f	malttr_p	0.0	0.0	0.0	Inf	Inf
FRUURt2rpp_f	maltttr_p	0.0	0.0	0.0	Inf	Inf
FRUURt2rpp_f	pacald_p	-0.0	-1000.0	0.0	-0.0	Inf
FRUURt2rpp_f	man_p	-0.0	-1000.0	0.0	-0.0	Inf
FRUURt2rpp_f	tartr__L_p	-0.0	-1000.0	0.0	-0.0	Inf
FRUURt2rpp_f	pe120_p	-0.0	0.0	0.0	Inf	Inf
FRUURt2rpp_f	melib_p	-0.0	-1000.0	0.0	-0.0	Inf
FRUURt2rpp_f	meoh_p	-0.0	-999.9999982317349	1.7682650650385767e-06	-0.0	0.0
FRUURt2rpp_f	thym_p	-0.0	-1000.0	0.0	-0.0	Inf
FRUURt2rpp_f	thymd_p	-0.0	-0.0231342121452956	0.0	-0.0	Inf
FRUURt2rpp_f	pg120_p	-0.0	0.0	0.0	Inf	Inf
FRUURt2rpp_f	metsox_S__L_p	-0.0	-1000.0	0.0	-0.0	Inf
FRUURt2rpp_f	tmao_p	-0.0	-1000.0	0.0	-0.0	Inf
FRUURt2rpp_f	mg2_p	-0.0	-0.007669849818853436	999.9923301501811	-0.0	0.0
FRUURt2rpp_f	tre_p	-0.0	0.0	0.0	Inf	Inf
FRUURt2rpp_f	mnl_p	-0.0	0.0	0.0	Inf	Inf
FRUURt2rpp_f	mobd_p	-0.0	-0.00011405309817291709	999.9998859469018	-0.0	0.0
FRUURt2rpp_f	ura_p	-0.0	-1000.0	0.0	-0.0	Inf
FRUURt2rpp_f	urea_p	-0.0	-1000.0	0.0	-0.0	Inf
FRUURt2rpp_f	uri_p	-0.0	0.0	0.0	Inf	Inf
FRUURt2rpp_f	xan_p	-0.0	0.0	0.0	Inf	Inf
FRUURt2rpp_f	xtsn_p	-0.0	0.0	0.0	Inf	Inf
FRUURt2rpp_f	xyl__D_p	-0.0	0.0	0.0	Inf	Inf
FRUURt2rpp_f	xylu__L_p	-0.0	-1000.0	0.0	-0.0	Inf
FRUURt2rpp_f	ppal_p	-0.0	-1000.0	0.0	-0.0	Inf
FRUURt2rpp_f	psclys_p	-0.0	-1000.0	0.0	-0.0	Inf
FRUURt2rpp_f	pydx_p	-0.0	0.0	0.0	Inf	Inf
FRUURt2rpp_f	pydxn_p	-0.0	0.0	0.0	Inf	Inf
FRUURt2rpp_f	rib__D_p	-0.0	-1000.0	0.0	-0.0	Inf
FRUURt2rpp_f	rmn_p	-0.0	-1000.0	0.0	-0.0	Inf
FRUURt2rpp_f	sbt__D_p	-0.0	-37.03121897715135	0.0	-0.0	Inf
FRUURt2rpp_f	slnt_p	-0.0	0.0	0.0	Inf	Inf
FRUURt2rpp_f	so2_p	-0.0	-1000.0	0.0	-0.0	Inf
