Reaction	Metabolite	ShadowPrice	G-	G+	DecrementalShadowPrice	IncrementalShadowPrice
GLCDpp	12dgr120_c	-0.0	0.0	0.0	Inf	Inf
GLCDpp	12dgr140_c	-0.0	0.0	0.0	Inf	Inf
GLCDpp	12dgr160_c	-0.0	-0.008179675026525501	0.0	-0.0	Inf
GLCDpp	12dgr180_c	-0.0	0.0	0.0	Inf	Inf
GLCDpp	12ppd__R_c	-0.0	-1000.0	0.0	-0.0	Inf
GLCDpp	12ppd__S_c	-0.0	0.0	0.0	Inf	Inf
GLCDpp	5drib_c	-0.0	-999.9998010701776	0.00019892982239132882	-0.0	0.0
GLCDpp	5mta_c	-0.0	-0.0987240081251457	0.0	-0.0	Inf
GLCDpp	23dhacoa_c	-0.0	-0.0005092603460070677	0.0	-0.0	Inf
GLCDpp	5mtr_c	-0.0	-1000.0	0.0	-0.0	Inf
GLCDpp	3amac_c	-0.0	-2.6433363539241554	0.0	-0.0	Inf
GLCDpp	LalaDgluMdap_c	-0.0	-0.02456827513160109	0.0	-0.0	Inf
GLCDpp	ac_c	-0.0	-0.13087480042440802	0.5150744009313974	-0.0	0.0
GLCDpp	acald_c	-0.0	-0.13087480042440802	3.6703746792668426	-0.0	0.0
GLCDpp	acetol_c	-0.0	0.0	0.0012404379570488647	Inf	0.0
GLCDpp	acgam_c	-0.0	-0.08353991581388454	0.0	-0.0	Inf
GLCDpp	acgam6p_c	-0.0	-0.08353991581388454	0.0	-0.0	Inf
GLCDpp	acmalt_c	0.0	0.0	0.0	Inf	Inf
GLCDpp	acmana_c	-0.0	-0.08353991581388454	0.0	-0.0	Inf
GLCDpp	2dmmq8_c	-0.0	0.0	0.0	Inf	Inf
GLCDpp	2dmmql8_c	0.0	0.0	0.0	Inf	Inf
GLCDpp	ade_c	-0.0	-0.0987240081251457	0.0005950212020631792	-0.0	0.0
GLCDpp	adn_c	-0.0	0.0	0.0005950212020631792	Inf	0.0
GLCDpp	3sala_c	0.0	0.0	0.0	Inf	Inf
GLCDpp	adphep_DD_c	-0.0	0.0	0.0	Inf	Inf
GLCDpp	adphep_LD_c	-0.0	0.0	0.0	Inf	Inf
GLCDpp	4ahmmp_c	0.0	0.0	0.0	Inf	Inf
GLCDpp	4crsol_c	-0.0	-999.9998028384427	0.0001971615573034059	-0.0	0.0
GLCDpp	2ohph_c	-0.0	-0.0001971615573034059	0.20390970440371348	-0.0	0.0
GLCDpp	2ombzl_c	-0.0	0.0	0.0	Inf	Inf
GLCDpp	2omhmbl_c	-0.0	0.0	0.0	Inf	Inf
GLCDpp	2ommbl_c	0.0	0.0	0.0	Inf	Inf
GLCDpp	2omph_c	-0.0	0.0	0.18822434252650475	Inf	0.0
GLCDpp	4mhetz_c	0.0	0.0	0.0	Inf	Inf
GLCDpp	2oph_c	-0.0	-0.0001971615573034059	0.20390970440371348	-0.0	0.0
GLCDpp	2oxpaccoa_c	-0.0	-0.0005092603460070677	0.0	-0.0	Inf
GLCDpp	all__D_c	-0.0	-30.164230991818552	0.0	-0.0	Inf
GLCDpp	alltn_c	-0.0	-0.6608340884810389	0.0	-0.0	Inf
GLCDpp	4r5au_c	-0.0	-0.0003943231140510761	0.13087480042440802	-0.0	0.0
GLCDpp	56dura_c	0.0	0.0	0.0	Inf	Inf
GLCDpp	arab__L_c	-0.0	-36.37451384307531	0.0	-0.0	Inf
GLCDpp	etoh_c	-0.0	-1000.0	0.0	-0.0	Inf
GLCDpp	csn_c	-0.0	0.0	0.0	Inf	Inf
GLCDpp	fald_c	-0.0	0.0	0.0	Inf	Inf
GLCDpp	fc1p_c	-0.0	-0.12493323325914733	0.0	-0.0	Inf
GLCDpp	fcl__L_c	-0.0	0.0	0.0	Inf	Inf
GLCDpp	aso4_c	0.0	0.0	0.0	Inf	Inf
GLCDpp	cyan_c	0.0	0.0	0.0	Inf	Inf
GLCDpp	athtp_c	0.0	0.0	0.0	Inf	Inf
GLCDpp	cytd_c	-0.0	-0.14192537661937032	0.0	-0.0	Inf
GLCDpp	dad_2_c	-0.0	-0.0987240081251457	0.0	-0.0	Inf
GLCDpp	dad_5_c	-0.0	-0.0987240081251457	0.00019892982239132882	-0.0	0.0
GLCDpp	betald_c	0.0	0.0	0.0	Inf	Inf
GLCDpp	btal_c	-0.0	-2.486785067323468	0.0	-0.0	Inf
GLCDpp	for_c	-0.0	-412.2444902215202	0.0021687771288971948	-0.0	0.0
GLCDpp	dcyt_c	-0.0	0.0	0.0	Inf	Inf
GLCDpp	fru_c	-0.0	-30.164230991818552	0.0	-0.0	Inf
GLCDpp	ca2_c	-0.0	-0.004601909891334799	999.9953980901087	-0.0	0.0
GLCDpp	g3pe_c	-0.0	-0.12291917932187406	0.0	-0.0	Inf
GLCDpp	g3pi_c	0.0	0.0	0.0	Inf	Inf
GLCDpp	cbm_c	-0.0	-2.6433363539241554	0.0	-0.0	Inf
GLCDpp	dha_c	-0.0	-58.892070031645744	0.0	-0.0	Inf
GLCDpp	gal_c	-0.0	0.0	0.0	Inf	Inf
GLCDpp	dhgly_c	-0.0	-0.0001971615573034059	0.9175936698167106	-0.0	0.0
GLCDpp	dhmptp_c	0.0	0.0	0.0	Inf	Inf
GLCDpp	gcald_c	-0.0	-98.93867765316485	0.0005914846721371547	-0.0	0.0
GLCDpp	dhptd_c	-0.0	-57.667917891035586	0.0003960913796718504	-0.0	0.0
GLCDpp	cechddd_c	-0.0	0.0	0.0	Inf	Inf
GLCDpp	dhptdn_c	0.0	0.0	0.0	Inf	Inf
GLCDpp	chol_c	0.0	0.0	0.0	Inf	Inf
GLCDpp	chtbs6p_c	-0.0	0.0	0.0	Inf	Inf
GLCDpp	dmbzid_c	0.0	0.0	0.0	Inf	Inf
GLCDpp	dms_c	0.0	0.0	0.0	Inf	Inf
GLCDpp	dmso_c	0.0	0.0	0.0	Inf	Inf
GLCDpp	cl_c	-0.0	-0.0046019098913194076	999.9953980901087	-0.0	0.0
GLCDpp	glc__D_c	-0.0	-30.164230991818552	0.0	-0.0	Inf
GLCDpp	co2_c	-0.0	-949.766213939738	50.23161728313312	-0.0	0.0
GLCDpp	dscl_c	-0.0	-0.0001971615573034059	0.22607136975667882	-0.0	0.0
GLCDpp	dtdp4aaddg_c	-0.0	0.0	0.0	Inf	Inf
GLCDpp	glyald_c	-0.0	-1000.0	0.0	-0.0	Inf
GLCDpp	crn_c	-0.0	-1000.0	0.0	-0.0	Inf
GLCDpp	duri_c	-0.0	0.0	0.0	Inf	Inf
GLCDpp	glyb_c	0.0	0.0	0.0	Inf	Inf
GLCDpp	glyc_c	-0.0	-0.12291917932187406	0.0	-0.0	Inf
GLCDpp	dxyl_c	0.0	0.0	0.0	Inf	Inf
GLCDpp	glycogen_c	-0.0	-3.098231192643766	0.0	-0.0	Inf
GLCDpp	gmhep1p_c	-0.0	0.0	3.327481917290609	Inf	0.0
GLCDpp	lipa_cold_c	-0.0	0.0	0.0	Inf	Inf
GLCDpp	lipidA_c	-0.0	-0.00467410001515743	0.12234582264222808	-0.0	0.0
GLCDpp	malt_c	0.0	0.0	0.0	Inf	Inf
GLCDpp	h2_c	-0.0	0.0	0.0	Inf	Inf
GLCDpp	malthx_c	-0.0	0.0	0.0	Inf	Inf
GLCDpp	maltpt_c	-0.0	0.0	0.0	Inf	Inf
GLCDpp	malttr_c	-0.0	0.0	0.0	Inf	Inf
GLCDpp	maltttr_c	-0.0	0.0	0.0	Inf	Inf
GLCDpp	h2o2_c	-0.0	-0.0012404379570488647	51.33829243819796	-0.0	0.0
GLCDpp	man_c	-0.0	0.0	0.0	Inf	Inf
GLCDpp	mdhdhf_c	-0.0	-57.667917891035586	0.0003960913796718504	-0.0	0.0
GLCDpp	melib_c	-0.0	0.0	0.0	Inf	Inf
GLCDpp	meoh_c	-0.0	-999.9999982317349	1.7682650650385767e-06	-0.0	0.0
GLCDpp	pacald_c	-0.0	-1000.0	0.0	-0.0	Inf
GLCDpp	metsox_S__L_c	-0.0	-0.0987240081251457	0.0	-0.0	Inf
GLCDpp	mg2_c	-0.0	-0.007669849818853436	999.9923301501811	-0.0	0.0
GLCDpp	hhlipa_c	-0.0	0.0	0.0	Inf	Inf
GLCDpp	pe120_c	-0.0	0.0	0.0	Inf	Inf
GLCDpp	mobd_c	-0.0	-0.00011405309817102852	89.84201176684644	-0.0	0.0
GLCDpp	hlipa_c	-0.0	0.0	0.0	Inf	Inf
GLCDpp	pg120_c	-0.0	-0.010906233368700669	0.0	-0.0	Inf
GLCDpp	mql8_c	0.0	0.0	0.0	Inf	Inf
GLCDpp	mqn8_c	-0.0	0.0	0.0	Inf	Inf
GLCDpp	mthgxl_c	-0.0	0.0	0.0012404379570488647	Inf	0.0
GLCDpp	hqn_c	0.0	0.0	0.0	Inf	Inf
GLCDpp	mththf_c	-0.0	-999.9996039086203	0.0003960913796718504	-0.0	0.0
GLCDpp	n2o_c	-0.0	-1000.0	0.0	-0.0	Inf
GLCDpp	na1_c	-0.0	0.0	0.0	Inf	Inf
GLCDpp	nac_c	-0.0	0.0	0.0	Inf	Inf
GLCDpp	ncam_c	-0.0	0.0	0.0	Inf	Inf
GLCDpp	ni2_c	-0.0	-0.00028557481169955206	999.9997144251882	-0.0	0.0
GLCDpp	no_c	-0.0	-1000.0	0.0	-0.0	Inf
GLCDpp	indole_c	-0.0	-0.05025674619640135	0.13087480042440802	-0.0	0.0
GLCDpp	no2_c	-0.0	-1000.0	0.0	-0.0	Inf
GLCDpp	no3_c	0.0	0.0	0.0	Inf	Inf
GLCDpp	inost_c	0.0	0.0	0.0	Inf	Inf
GLCDpp	o2_c	-0.0	-45.69453031991259	954.3054696800874	-0.0	0.0
GLCDpp	poaac_c	-0.0	-2.6433363539241554	0.0	-0.0	Inf
GLCDpp	ppal_c	-0.0	0.0	0.0	Inf	Inf
GLCDpp	k_c	-0.0	-0.17257648365341538	359.36804706738576	-0.0	0.0
GLCDpp	psclys_c	-0.0	0.0	0.0	Inf	Inf
GLCDpp	lald__D_c	-0.0	0.0	0.0012404379570488647	Inf	0.0
GLCDpp	lald__L_c	-0.0	-0.13087480042440802	0.0	-0.0	Inf
GLCDpp	ura_c	-0.0	-0.29246662487980146	0.0	-0.0	Inf
GLCDpp	pydx_c	-0.0	0.0	0.0012404379570488647	Inf	0.0
GLCDpp	uracp_c	-0.0	-1.3216681769620777	0.0	-0.0	Inf
GLCDpp	pydxn_c	-0.0	0.0	1.0610399999897027	Inf	0.0
GLCDpp	urate_c	-0.0	-0.0012404379570488647	0.0	-0.0	Inf
GLCDpp	q8_c	-0.0	0.0	0.0	Inf	Inf
GLCDpp	q8h2_c	0.0	0.0	0.0	Inf	Inf
GLCDpp	urea_c	-0.0	-1000.0	0.0	-0.0	Inf
GLCDpp	uri_c	-0.0	0.0	0.0	Inf	Inf
GLCDpp	rbflvrd_c	-0.0	0.0	0.13087480042440802	Inf	0.0
GLCDpp	rbl__L_c	-0.0	-36.37451384307531	0.0	-0.0	Inf
GLCDpp	rdmbzi_c	0.0	0.0	0.0	Inf	Inf
GLCDpp	thptdn_c	0.0	0.0	0.0	Inf	Inf
GLCDpp	xan_c	-0.0	0.0	0.0	Inf	Inf
GLCDpp	rephaccoa_c	-0.0	-0.0005092603460070677	0.0	-0.0	Inf
GLCDpp	rib__D_c	-0.0	0.0	3.6703746792668426	Inf	0.0
GLCDpp	xtsn_c	-0.0	0.0	0.13087480042440802	Inf	0.0
GLCDpp	rml_c	-0.0	-0.12493323325914733	0.0	-0.0	Inf
GLCDpp	thym_c	-0.0	-359.36804706738576	0.0	-0.0	Inf
GLCDpp	thymd_c	-0.0	-0.02313421214535083	0.0	-0.0	Inf
GLCDpp	xu5p__L_c	-0.0	-0.852861660017993	0.0	-0.0	Inf
GLCDpp	rmn_c	-0.0	-0.12493323325914733	0.0	-0.0	Inf
GLCDpp	xyl__D_c	0.0	0.0	0.0	Inf	Inf
GLCDpp	tmao_c	0.0	0.0	0.0	Inf	Inf
GLCDpp	xylu__D_c	-0.0	0.0	0.0	Inf	Inf
GLCDpp	xylu__L_c	-0.0	-36.37451384307531	0.0	-0.0	Inf
GLCDpp	12ppd__R_e	-0.0	-1000.0	0.0	-0.0	Inf
GLCDpp	12ppd__S_e	-0.0	-1000.0	0.0	-0.0	Inf
GLCDpp	tre_c	-0.0	-15.082115495909276	0.0	-0.0	Inf
GLCDpp	seln_c	0.0	0.0	0.0	Inf	Inf
GLCDpp	34dhpac_e	-0.0	-1000.0	0.0	-0.0	Inf
GLCDpp	slnt_c	0.0	0.0	0.0	Inf	Inf
GLCDpp	so2_c	0.0	0.0	0.0	Inf	Inf
GLCDpp	so3_c	-0.0	-0.2191517019373666	17.96840235336929	-0.0	0.0
GLCDpp	so4_c	-0.0	-0.22298706891307143	359.36804706738576	-0.0	0.0
GLCDpp	4hoxpacd_e	-0.0	-1000.0	0.0	-0.0	Inf
GLCDpp	5mtr_e	-0.0	-1000.0	0.0	-0.0	Inf
GLCDpp	LalaDgluMdap_e	-0.0	-1000.0	0.0	-0.0	Inf
GLCDpp	ac_e	-0.0	0.0	0.0	Inf	Inf
GLCDpp	acald_e	-0.0	-1000.0	0.0	-0.0	Inf
GLCDpp	acgal_e	-0.0	-1000.0	0.0	-0.0	Inf
GLCDpp	acgam_e	-0.0	-1000.0	0.0	-0.0	Inf
GLCDpp	acmana_e	-0.0	-1000.0	0.0	-0.0	Inf
GLCDpp	tagur_c	-0.0	0.0	0.0	Inf	Inf
GLCDpp	tartr__L_c	-0.0	-69.49031455085827	0.0	-0.0	Inf
GLCDpp	ade_e	-0.0	-1000.0	0.0	-0.0	Inf
GLCDpp	adn_e	-0.0	-1000.0	0.0	-0.0	Inf
GLCDpp	all__D_e	-0.0	-1000.0	0.0	-0.0	Inf
GLCDpp	cl_e	-0.0	-0.004601909891334799	999.9953980901087	-0.0	0.0
GLCDpp	alltn_e	-0.0	0.0	0.0	Inf	Inf
GLCDpp	cm_e	-0.0	-1000.0	0.0	-0.0	Inf
GLCDpp	co2_e	-0.0	-949.766213939738	50.23378606026199	-0.0	0.0
GLCDpp	arab__L_e	-0.0	-1000.0	0.0	-0.0	Inf
GLCDpp	arbt_e	-0.0	-1000.0	0.0	-0.0	Inf
GLCDpp	unagamu_c	-0.0	0.0	0.14116825689487855	Inf	0.0
GLCDpp	crn_e	-0.0	-1000.0	0.0	-0.0	Inf
GLCDpp	csn_e	-0.0	-1000.0	0.0	-0.0	Inf
GLCDpp	cyan_e	-0.0	-1000.0	0.0	-0.0	Inf
GLCDpp	glyb_e	-0.0	-1000.0	0.0	-0.0	Inf
GLCDpp	glyc_e	-0.0	-1000.0	0.0	-0.0	Inf
GLCDpp	cytd_e	-0.0	-1000.0	0.0	-0.0	Inf
GLCDpp	ca2_e	-0.0	-0.004601909891334799	999.9953980901087	-0.0	0.0
GLCDpp	dad_2_e	-0.0	-1000.0	0.0	-0.0	Inf
GLCDpp	dcyt_e	-0.0	-1000.0	0.0	-0.0	Inf
GLCDpp	chol_e	-0.0	-1000.0	0.0	-0.0	Inf
GLCDpp	dha_e	-0.0	-1000.0	0.0	-0.0	Inf
GLCDpp	ppal_e	-0.0	-1000.0	0.0	-0.0	Inf
GLCDpp	h2_e	-0.0	-1000.0	0.0	-0.0	Inf
GLCDpp	dms_e	-0.0	-1000.0	0.0	-0.0	Inf
GLCDpp	dmso_e	-0.0	-1000.0	0.0	-0.0	Inf
GLCDpp	h2o2_e	-0.0	-1000.0	0.0	-0.0	Inf
GLCDpp	psclys_e	-0.0	-1000.0	0.0	-0.0	Inf
GLCDpp	duri_e	-0.0	-1000.0	0.0	-0.0	Inf
GLCDpp	pydx_e	-0.0	-1000.0	0.0	-0.0	Inf
GLCDpp	pydxn_e	-0.0	-1000.0	0.0	-0.0	Inf
GLCDpp	etoh_e	-0.0	-1000.0	0.0	-0.0	Inf
GLCDpp	fald_e	-0.0	0.0	0.0	Inf	Inf
GLCDpp	rib__D_e	-0.0	-1000.0	0.0	-0.0	Inf
GLCDpp	rmn_e	-0.0	-1000.0	0.0	-0.0	Inf
GLCDpp	indole_e	-0.0	-1000.0	0.0	-0.0	Inf
GLCDpp	inost_e	-0.0	-1000.0	0.0	-0.0	Inf
GLCDpp	sbt__D_e	-0.0	-0.13087480042440802	0.0	-0.0	Inf
GLCDpp	k_e	-0.0	-0.17257648365341538	999.8274235163466	-0.0	0.0
GLCDpp	for_e	-0.0	0.0	0.0021687771288971948	Inf	0.0
GLCDpp	slnt_e	-0.0	0.0	1000.0	Inf	0.0
GLCDpp	fru_e	-0.0	-1000.0	0.0	-0.0	Inf
GLCDpp	so2_e	-0.0	-1000.0	0.0	-0.0	Inf
GLCDpp	so3_e	-0.0	-1000.0	0.0	-0.0	Inf
GLCDpp	so4_e	-0.0	-0.22298706891308484	999.7770129310869	-0.0	0.0
GLCDpp	lipa_cold_e	-0.0	-1000.0	0.0	-0.0	Inf
GLCDpp	sucr_e	-0.0	-1000.0	0.0	-0.0	Inf
GLCDpp	g3pe_e	-0.0	-1000.0	0.0	-0.0	Inf
GLCDpp	malt_e	-0.0	-1000.0	0.0	-0.0	Inf
GLCDpp	tartr__L_e	-0.0	-1000.0	0.0	-0.0	Inf
GLCDpp	g3pi_e	-0.0	-1000.0	0.0	-0.0	Inf
GLCDpp	malthx_e	-0.0	-1000.0	0.0	-0.0	Inf
GLCDpp	maltpt_e	-0.0	-1000.0	0.0	-0.0	Inf
GLCDpp	gal_e	-0.0	-1000.0	0.0	-0.0	Inf
GLCDpp	gal_bD_e	-0.0	-1000.0	0.0	-0.0	Inf
GLCDpp	malttr_e	-0.0	-1000.0	0.0	-0.0	Inf
GLCDpp	maltttr_e	-0.0	-1000.0	0.0	-0.0	Inf
GLCDpp	man_e	-0.0	-1000.0	0.0	-0.0	Inf
GLCDpp	thym_e	-0.0	-1000.0	0.0	-0.0	Inf
GLCDpp	thymd_e	-0.0	-1000.0	0.0	-0.0	Inf
GLCDpp	galt_e	-0.0	-0.12493323325914733	0.0	-0.0	Inf
GLCDpp	melib_e	-0.0	-1000.0	0.0	-0.0	Inf
GLCDpp	meoh_e	-0.0	-999.9999982317349	1.7682650650385767e-06	-0.0	0.0
GLCDpp	tmao_e	-0.0	-1000.0	0.0	-0.0	Inf
GLCDpp	tre_e	-2.0	-15.654854059045071	0.0	-2.0	Inf
GLCDpp	metsox_S__L_e	-0.0	-1000.0	0.0	-0.0	Inf
GLCDpp	glc__D_e	-1.0	-31.309708118090143	3.6703746792668426	-0.9999999999999932	-1.000000000000062
GLCDpp	mg2_e	-0.0	-0.007669849818853436	999.9923301501811	-0.0	0.0
GLCDpp	mnl_e	-0.0	-1000.0	0.0	-0.0	Inf
GLCDpp	mobd_e	-0.0	-0.00011405309817291709	999.9998859469018	-0.0	0.0
GLCDpp	glyald_e	-0.0	-1000.0	0.0	-0.0	Inf
GLCDpp	n2o_e	-0.0	-1000.0	0.0	-0.0	Inf
GLCDpp	na1_e	-0.0	0.0	1000.0	Inf	0.0
GLCDpp	nac_e	-0.0	-1000.0	0.0	-0.0	Inf
GLCDpp	ni2_e	-0.0	-0.0002855748117553958	999.9997144251882	-0.0	0.0
GLCDpp	no_e	-0.0	-1000.0	0.0	-0.0	Inf
GLCDpp	no2_e	-0.0	-1000.0	0.0	-0.0	Inf
GLCDpp	ura_e	-0.0	-1000.0	0.0	-0.0	Inf
GLCDpp	no3_e	-0.0	-1000.0	0.0	-0.0	Inf
GLCDpp	urea_e	-0.0	-1000.0	0.0	-0.0	Inf
GLCDpp	novbcn_e	-0.0	-1000.0	0.0	-0.0	Inf
GLCDpp	uri_e	-0.0	-1000.0	0.0	-0.0	Inf
GLCDpp	o2_e	-0.0	-45.69453031991259	954.3054696800874	-0.0	0.0
GLCDpp	xan_e	-0.0	0.0	0.0	Inf	Inf
GLCDpp	xtsn_e	-0.0	-1000.0	0.0	-0.0	Inf
GLCDpp	xyl__D_e	-0.0	-1000.0	0.0	-0.0	Inf
GLCDpp	xylu__L_e	-0.0	-1000.0	0.0	-0.0	Inf
GLCDpp	pacald_e	-0.0	-1000.0	0.0	-0.0	Inf
GLCDpp	12dgr120_p	-0.0	0.0	0.0	Inf	Inf
GLCDpp	12dgr140_p	-0.0	0.0	0.0	Inf	Inf
GLCDpp	12dgr160_p	-0.0	-0.008179675026525501	0.0	-0.0	Inf
GLCDpp	12dgr180_p	-0.0	0.0	0.0	Inf	Inf
GLCDpp	12ppd__R_p	-0.0	-1000.0	0.0	-0.0	Inf
GLCDpp	12ppd__S_p	-0.0	0.0	0.0	Inf	Inf
GLCDpp	chol_p	-0.0	-1000.0	0.0	-0.0	Inf
GLCDpp	cl_p	-0.0	-0.004601909891334799	999.9953980901087	-0.0	0.0
GLCDpp	34dhpac_p	-0.0	-1000.0	0.0	-0.0	Inf
GLCDpp	cm_p	-0.0	0.0	0.0	Inf	Inf
GLCDpp	4hoxpacd_p	-0.0	-1000.0	0.0	-0.0	Inf
GLCDpp	co2_p	-0.0	-949.766213939738	50.23378606026199	-0.0	0.0
GLCDpp	5mtr_p	-0.0	-1000.0	0.0	-0.0	Inf
GLCDpp	LalaDgluMdap_p	-0.0	0.0	0.0	Inf	Inf
GLCDpp	gal_p	-0.0	-1000.0	0.0	-0.0	Inf
GLCDpp	ac_p	-0.0	-0.13087480042440802	0.0	-0.0	Inf
GLCDpp	crn_p	-0.0	-1000.0	0.0	-0.0	Inf
GLCDpp	gal_bD_p	-0.0	-1000.0	0.0	-0.0	Inf
GLCDpp	acald_p	-0.0	-1000.0	0.0	-0.0	Inf
GLCDpp	acgal_p	-0.0	-1000.0	0.0	-0.0	Inf
GLCDpp	csn_p	-0.0	0.0	0.0	Inf	Inf
GLCDpp	acgam_p	-0.0	-1000.0	0.0	-0.0	Inf
GLCDpp	galt_p	-0.0	-0.12493323325914733	0.0	-0.0	Inf
GLCDpp	acmana_p	-0.0	-1000.0	0.0	-0.0	Inf
GLCDpp	cyan_p	-0.0	0.0	0.0	Inf	Inf
GLCDpp	ade_p	-0.0	-1000.0	0.0	-0.0	Inf
GLCDpp	adn_p	-0.0	0.0	0.0005950212020631792	Inf	0.0
GLCDpp	cytd_p	-0.0	-0.14192537661937032	0.0	-0.0	Inf
GLCDpp	glc__D_p	-1.0	-31.309708118090143	3.6703746792668426	-0.9999999999999932	-1.000000000000062
GLCDpp	dad_2_p	-0.0	-1000.0	0.0	-0.0	Inf
GLCDpp	dcyt_p	-0.0	-1000.0	0.0	-0.0	Inf
GLCDpp	all__D_p	-0.0	0.0	0.0	Inf	Inf
GLCDpp	alltn_p	-0.0	0.0	0.0	Inf	Inf
GLCDpp	dha_p	-0.0	-1000.0	0.0	-0.0	Inf
GLCDpp	glyald_p	-0.0	-1000.0	0.0	-0.0	Inf
GLCDpp	glyb_p	0.0	0.0	0.0	Inf	Inf
GLCDpp	dms_p	-0.0	-1000.0	0.0	-0.0	Inf
GLCDpp	glyc_p	-0.0	-0.12291917932187406	0.0	-0.0	Inf
GLCDpp	dmso_p	-0.0	-1000.0	0.0	-0.0	Inf
GLCDpp	arab__L_p	-0.0	0.0	0.0	Inf	Inf
GLCDpp	arbt_p	0.0	0.0	0.0	Inf	Inf
GLCDpp	ca2_p	-0.0	-0.004601909891334799	999.9953980901087	-0.0	0.0
GLCDpp	duri_p	-0.0	-1000.0	0.0	-0.0	Inf
GLCDpp	h2_p	-0.0	-1000.0	0.0	-0.0	Inf
GLCDpp	h2o2_p	-0.0	-1000.0	0.0	-0.0	Inf
GLCDpp	etoh_p	-0.0	-1000.0	0.0	-0.0	Inf
GLCDpp	fald_p	-0.0	0.0	0.0	Inf	Inf
GLCDpp	n2o_p	-0.0	-1000.0	0.0	-0.0	Inf
GLCDpp	na1_p	-0.0	0.0	0.0	Inf	Inf
GLCDpp	indole_p	-0.0	0.0	0.13087480042440802	Inf	0.0
GLCDpp	nac_p	-0.0	-1000.0	0.0	-0.0	Inf
GLCDpp	ni2_p	-0.0	-0.0002855748117553958	999.9997144251882	-0.0	0.0
GLCDpp	inost_p	-0.0	-1000.0	0.0	-0.0	Inf
GLCDpp	no_p	-0.0	-1000.0	0.0	-0.0	Inf
GLCDpp	no2_p	-0.0	-1000.0	0.0	-0.0	Inf
GLCDpp	for_p	-0.0	-412.2444902215202	0.0021687771288971948	-0.0	0.0
GLCDpp	fru_p	-0.0	-1000.0	0.0	-0.0	Inf
GLCDpp	no3_p	-0.0	0.0	0.0	Inf	Inf
GLCDpp	k_p	-0.0	-0.17257648365341538	999.8274235163466	-0.0	0.0
GLCDpp	novbcn_p	-0.0	0.0	0.0	Inf	Inf
GLCDpp	o2_p	-0.0	-45.69453031991259	954.3054696800874	-0.0	0.0
GLCDpp	lipa_cold_p	-0.0	-89.84201176684644	0.0	-0.0	Inf
GLCDpp	g3pe_p	-0.0	0.0	0.0	Inf	Inf
GLCDpp	g3pi_p	-0.0	0.0	0.0	Inf	Inf
GLCDpp	so3_p	-0.0	-1000.0	0.0	-0.0	Inf
GLCDpp	so4_p	-0.0	-0.22298706891307143	999.7770129310869	-0.0	0.0
GLCDpp	malt_p	0.0	0.0	0.0	Inf	Inf
GLCDpp	malthx_p	0.0	0.0	0.0	Inf	Inf
GLCDpp	maltpt_p	0.0	0.0	0.0	Inf	Inf
GLCDpp	sucr_p	-0.0	-1000.0	0.0	-0.0	Inf
GLCDpp	malttr_p	0.0	0.0	0.0	Inf	Inf
GLCDpp	maltttr_p	0.0	0.0	0.0	Inf	Inf
GLCDpp	pacald_p	-0.0	-1000.0	0.0	-0.0	Inf
GLCDpp	man_p	-0.0	-1000.0	0.0	-0.0	Inf
GLCDpp	tartr__L_p	-0.0	-1000.0	0.0	-0.0	Inf
GLCDpp	pe120_p	-0.0	0.0	0.0	Inf	Inf
GLCDpp	melib_p	-0.0	-1000.0	0.0	-0.0	Inf
GLCDpp	meoh_p	-0.0	-999.9999982317349	1.7682650650385767e-06	-0.0	0.0
GLCDpp	thym_p	-0.0	-1000.0	0.0	-0.0	Inf
GLCDpp	thymd_p	-0.0	-0.02313421214535083	0.0	-0.0	Inf
GLCDpp	pg120_p	-0.0	-0.010906233368700669	0.0	-0.0	Inf
GLCDpp	metsox_S__L_p	-0.0	-1000.0	0.0	-0.0	Inf
GLCDpp	tmao_p	-0.0	-1000.0	0.0	-0.0	Inf
GLCDpp	mg2_p	-0.0	-0.007669849818853436	999.9923301501811	-0.0	0.0
GLCDpp	tre_p	-2.0	-15.654854059045071	0.0	-1.9999999999999865	Inf
GLCDpp	mnl_p	-0.0	0.0	0.0	Inf	Inf
GLCDpp	mobd_p	-0.0	-0.00011405309817291709	999.9998859469018	-0.0	0.0
GLCDpp	ura_p	-0.0	-1000.0	0.0	-0.0	Inf
GLCDpp	urea_p	-0.0	-1000.0	0.0	-0.0	Inf
GLCDpp	uri_p	-0.0	0.0	0.0	Inf	Inf
GLCDpp	xan_p	-0.0	0.0	0.0	Inf	Inf
GLCDpp	xtsn_p	-0.0	0.0	0.0	Inf	Inf
GLCDpp	xyl__D_p	-0.0	0.0	0.0	Inf	Inf
GLCDpp	xylu__L_p	-0.0	-1000.0	0.0	-0.0	Inf
GLCDpp	ppal_p	-0.0	-1000.0	0.0	-0.0	Inf
GLCDpp	psclys_p	-0.0	-1000.0	0.0	-0.0	Inf
GLCDpp	pydx_p	-0.0	0.0	0.0	Inf	Inf
GLCDpp	pydxn_p	-0.0	0.0	0.0	Inf	Inf
GLCDpp	rib__D_p	-0.0	-1000.0	0.0	-0.0	Inf
GLCDpp	rmn_p	-0.0	-1000.0	0.0	-0.0	Inf
GLCDpp	sbt__D_p	-0.0	-0.13087480042440802	0.0	-0.0	Inf
GLCDpp	slnt_p	-0.0	0.0	0.0	Inf	Inf
GLCDpp	so2_p	-0.0	-1000.0	0.0	-0.0	Inf
