Reaction	Metabolite	ShadowPrice	G-	G+	DecrementalShadowPrice	IncrementalShadowPrice
GALBDtex_f	12dgr120_c	-0.0	0.0	0.0	Inf	Inf
GALBDtex_f	12dgr140_c	-0.0	0.0	0.0	Inf	Inf
GALBDtex_f	12dgr160_c	-0.0	-0.025703564070568063	0.0	-0.0	Inf
GALBDtex_f	12dgr180_c	-0.0	0.0	0.0	Inf	Inf
GALBDtex_f	12ppd__R_c	-0.0	-1000.0	0.0	-0.0	Inf
GALBDtex_f	12ppd__S_c	-0.0	0.0	0.0	Inf	Inf
GALBDtex_f	5drib_c	-0.0	-999.9999101780991	8.982190095809493e-05	-0.0	0.0
GALBDtex_f	5mta_c	-0.0	0.0	0.0	Inf	Inf
GALBDtex_f	23dhacoa_c	-0.0	-0.00023200634404929588	0.0	-0.0	Inf
GALBDtex_f	5mtr_c	-0.0	0.0	0.0	Inf	Inf
GALBDtex_f	3amac_c	-0.0	-3.700913659680012	0.0	-0.0	Inf
GALBDtex_f	LalaDgluMdap_c	-0.0	-0.011192694994724403	0.0	-0.0	Inf
GALBDtex_f	ac_c	-0.0	-1.741106519805459	0.23465347302567352	-0.0	0.0
GALBDtex_f	acald_c	-0.0	-1.741106519805459	0.9976469922943481	-0.0	0.0
GALBDtex_f	acetol_c	-0.0	0.0	0.0006549345778326015	Inf	0.0
GALBDtex_f	acgam_c	-0.0	-0.038058707523492066	0.0	-0.0	Inf
GALBDtex_f	acgam6p_c	-0.0	-0.038058707523492066	0.0	-0.0	Inf
GALBDtex_f	acmalt_c	0.0	0.0	0.0	Inf	Inf
GALBDtex_f	acmana_c	-0.0	-0.038058707523492066	0.0	-0.0	Inf
GALBDtex_f	2dmmq8_c	-0.0	0.0	0.0	Inf	Inf
GALBDtex_f	2dmmql8_c	0.0	0.0	0.0	Inf	Inf
GALBDtex_f	ade_c	-0.0	-0.04398574462038596	0.0002694657028742848	-0.0	0.0
GALBDtex_f	adn_c	-0.0	-0.043985744620385986	0.0002694657028742848	-0.0	0.0
GALBDtex_f	3sala_c	0.0	0.0	0.0	Inf	Inf
GALBDtex_f	adphep_DD_c	-0.0	0.0	0.0	Inf	Inf
GALBDtex_f	adphep_LD_c	-0.0	0.0	0.0	Inf	Inf
GALBDtex_f	4ahmmp_c	0.0	0.0	0.0	Inf	Inf
GALBDtex_f	4crsol_c	-0.0	-999.9999101780991	8.982190095809493e-05	-0.0	0.0
GALBDtex_f	2ohph_c	-0.0	-8.982190095809493e-05	0.03336252077791229	-0.0	0.0
GALBDtex_f	2ombzl_c	-0.0	0.0	0.0	Inf	Inf
GALBDtex_f	2omhmbl_c	-0.0	0.0	0.0	Inf	Inf
GALBDtex_f	2ommbl_c	0.0	0.0	0.0	Inf	Inf
GALBDtex_f	2omph_c	-0.0	0.0	0.03002626870012113	Inf	0.0
GALBDtex_f	4mhetz_c	0.0	0.0	0.0	Inf	Inf
GALBDtex_f	2oph_c	-0.0	-8.982190095809493e-05	0.03339854941806127	-0.0	0.0
GALBDtex_f	2oxpaccoa_c	-0.0	-0.00023200634404929588	0.0	-0.0	Inf
GALBDtex_f	all__D_c	-0.0	-5.6761933268751354	0.0	-0.0	Inf
GALBDtex_f	alltn_c	-0.0	-0.9252284149200107	0.0	-0.0	Inf
GALBDtex_f	4r5au_c	-0.0	-0.00017964380185730988	0.20082504390340752	-0.0	0.0
GALBDtex_f	56dura_c	0.0	0.0	0.0	Inf	Inf
GALBDtex_f	arab__L_c	-0.0	-5.676193326875139	0.0	-0.0	Inf
GALBDtex_f	etoh_c	-0.0	-1000.0	0.0	-0.0	Inf
GALBDtex_f	csn_c	-0.0	0.0	0.06198436185832179	Inf	0.0
GALBDtex_f	fald_c	-0.0	0.0	0.0	Inf	Inf
GALBDtex_f	fc1p_c	-0.0	-0.3885425566968631	0.0	-0.0	Inf
GALBDtex_f	fcl__L_c	-0.0	0.0	0.0	Inf	Inf
GALBDtex_f	aso4_c	0.0	0.0	0.0	Inf	Inf
GALBDtex_f	cyan_c	0.0	0.0	0.0	Inf	Inf
GALBDtex_f	athtp_c	0.0	0.0	0.0	Inf	Inf
GALBDtex_f	cytd_c	-0.0	0.0	0.0	Inf	Inf
GALBDtex_f	dad_2_c	-0.0	-0.04398574462038598	0.0	-0.0	Inf
GALBDtex_f	dad_5_c	-0.0	-0.04398574462038596	8.982190095809493e-05	-0.0	0.0
GALBDtex_f	betald_c	0.0	0.0	0.0	Inf	Inf
GALBDtex_f	btal_c	-0.0	-412.04625249210943	0.0	-0.0	Inf
GALBDtex_f	for_c	-0.0	-0.04398574462038596	0.0009880409102740843	-0.0	0.0
GALBDtex_f	dcyt_c	-0.0	-0.010539371571612161	0.0	-0.0	Inf
GALBDtex_f	fru_c	-0.0	0.0	0.0	Inf	Inf
GALBDtex_f	ca2_c	-0.0	-0.002096515670359622	999.9979034843296	-0.0	0.0
GALBDtex_f	g3pe_c	-0.0	-0.38854255669685617	0.0	-0.0	Inf
GALBDtex_f	g3pi_c	0.0	0.0	0.0	Inf	Inf
GALBDtex_f	cbm_c	-0.0	-1.8504568298400126	0.0	-0.0	Inf
GALBDtex_f	dha_c	-0.0	-68.67437541535149	0.7363584943124935	-0.0	0.0
GALBDtex_f	gal_c	-0.0	0.0	0.0	Inf	Inf
GALBDtex_f	dhgly_c	-0.0	-8.982190095809493e-05	0.13330627914277904	-0.0	0.0
GALBDtex_f	dhmptp_c	0.0	0.0	0.0	Inf	Inf
GALBDtex_f	gcald_c	-0.0	-1.1919954328777749	0.0002694657027859648	-0.0	0.0
GALBDtex_f	dhptd_c	-0.0	-26.103740800441777	0.00017964380191618987	-0.0	0.0
GALBDtex_f	cechddd_c	-0.0	0.0	0.0	Inf	Inf
GALBDtex_f	dhptdn_c	0.0	0.0	0.0	Inf	Inf
GALBDtex_f	chol_c	0.0	0.0	0.0	Inf	Inf
GALBDtex_f	chtbs6p_c	-0.0	0.0	0.0	Inf	Inf
GALBDtex_f	dmbzid_c	0.0	0.0	0.0	Inf	Inf
GALBDtex_f	dms_c	0.0	0.0	0.0	Inf	Inf
GALBDtex_f	dmso_c	0.0	0.0	0.0	Inf	Inf
GALBDtex_f	cl_c	-0.0	-0.002096515670344772	999.9979034843296	-0.0	0.0
GALBDtex_f	glc__D_c	-0.0	-5.6761933268751354	0.0	-0.0	Inf
GALBDtex_f	co2_c	-0.0	-992.5338008726695	7.466199127330469	-0.0	0.0
GALBDtex_f	dscl_c	-0.0	-8.982190095809493e-05	0.03980316185472914	-0.0	0.0
GALBDtex_f	dtdp4aaddg_c	-0.0	0.0	0.0	Inf	Inf
GALBDtex_f	glyald_c	-0.0	-1000.0	0.0	-0.0	Inf
GALBDtex_f	crn_c	-0.0	-1000.0	0.0	-0.0	Inf
GALBDtex_f	duri_c	-0.0	-0.010539371571612161	0.0	-0.0	Inf
GALBDtex_f	glyb_c	0.0	0.0	0.0	Inf	Inf
GALBDtex_f	glyc_c	-0.0	-58.86375035601561	0.6311644236964238	-0.0	0.0
GALBDtex_f	dxyl_c	0.0	0.0	0.0	Inf	Inf
GALBDtex_f	glycogen_c	-0.0	-1.4112011500924382	0.0	-0.0	Inf
GALBDtex_f	gmhep1p_c	-0.0	0.0	0.2811550614647705	Inf	0.0
GALBDtex_f	lipa_cold_c	-0.0	0.0	0.0	Inf	Inf
GALBDtex_f	lipidA_c	-0.0	-0.007836658766962046	0.025308557087663452	-0.0	0.0
GALBDtex_f	malt_c	0.0	0.0	0.0	Inf	Inf
GALBDtex_f	h2_c	-0.0	0.0	0.0	Inf	Inf
GALBDtex_f	malthx_c	-0.0	0.0	0.0	Inf	Inf
GALBDtex_f	maltpt_c	-0.0	0.0	0.0	Inf	Inf
GALBDtex_f	malttr_c	-0.0	0.0	0.0	Inf	Inf
GALBDtex_f	maltttr_c	-0.0	0.0	0.0	Inf	Inf
GALBDtex_f	h2o2_c	-0.0	-0.0006549345778326015	0.4196587965755043	-0.0	0.0
GALBDtex_f	man_c	-0.0	0.0	0.0	Inf	Inf
GALBDtex_f	mdhdhf_c	-0.0	-26.103740800441777	0.00017964380191618987	-0.0	0.0
GALBDtex_f	melib_c	-0.0	0.0	0.0	Inf	Inf
GALBDtex_f	meoh_c	-0.0	-1000.0	0.0	-0.0	Inf
GALBDtex_f	pacald_c	-0.0	-1000.0	0.0	-0.0	Inf
GALBDtex_f	metsox_S__L_c	-0.0	-0.04398574462038596	0.0	-0.0	Inf
GALBDtex_f	mg2_c	-0.0	-0.0034941927839079534	999.9965058072161	-0.0	0.0
GALBDtex_f	hhlipa_c	-0.0	0.0	0.0	Inf	Inf
GALBDtex_f	pe120_c	-0.0	0.0	0.0	Inf	Inf
GALBDtex_f	mobd_c	-0.0	-5.195975436589348e-05	7.731764190281213	-0.0	0.0
GALBDtex_f	hlipa_c	-0.0	0.0	0.0	Inf	Inf
GALBDtex_f	pg120_c	-0.0	-0.03134663506799453	0.0	-0.0	Inf
GALBDtex_f	mql8_c	0.0	0.0	0.0	Inf	Inf
GALBDtex_f	mqn8_c	-0.0	0.0	0.0	Inf	Inf
GALBDtex_f	mthgxl_c	-0.0	0.0	0.0006549345778326015	Inf	0.0
GALBDtex_f	hqn_c	0.0	0.0	0.0	Inf	Inf
GALBDtex_f	mththf_c	-0.0	-999.999820356198	0.00017964380191618987	-0.0	0.0
GALBDtex_f	n2o_c	-0.0	-1000.0	0.0	-0.0	Inf
GALBDtex_f	na1_c	-0.0	0.0	0.0	Inf	Inf
GALBDtex_f	nac_c	-0.0	0.0	0.0	Inf	Inf
GALBDtex_f	ncam_c	-0.0	0.0	0.0	Inf	Inf
GALBDtex_f	ni2_c	-0.0	-0.00013010078031150074	999.9998698992197	-0.0	0.0
GALBDtex_f	no_c	-0.0	-1000.0	0.0	-0.0	Inf
GALBDtex_f	indole_c	-0.0	-0.022895723390856458	0.21038814123214097	-0.0	0.0
GALBDtex_f	no2_c	-0.0	-1000.0	0.0	-0.0	Inf
GALBDtex_f	no3_c	0.0	0.0	0.0	Inf	Inf
GALBDtex_f	inost_c	0.0	0.0	0.0	Inf	Inf
GALBDtex_f	o2_c	-0.0	-10.606688120814141	989.3933118791858	-0.0	0.0
GALBDtex_f	poaac_c	-0.0	-2.3790043662403666	0.0	-0.0	Inf
GALBDtex_f	ppal_c	-0.0	0.0	0.0	Inf	Inf
GALBDtex_f	k_c	-0.0	-0.07862155297629339	30.92705676112476	-0.0	0.0
GALBDtex_f	psclys_c	-0.0	0.0	0.0	Inf	Inf
GALBDtex_f	lald__D_c	-0.0	0.0	0.0006549345778326015	Inf	0.0
GALBDtex_f	lald__L_c	-0.0	-2.8962890708963474	0.0	-0.0	Inf
GALBDtex_f	ura_c	-0.0	0.0	0.0	Inf	Inf
GALBDtex_f	pydx_c	-0.0	0.0	0.26433381847115234	Inf	0.0
GALBDtex_f	uracp_c	-0.0	-2.1752226145465556	0.0	-0.0	Inf
GALBDtex_f	pydxn_c	-0.0	0.0	0.24941174807358663	Inf	0.0
GALBDtex_f	urate_c	-0.0	-0.0006549345778326015	0.0	-0.0	Inf
GALBDtex_f	q8_c	-0.0	0.0	0.0	Inf	Inf
GALBDtex_f	q8h2_c	0.0	0.0	0.0	Inf	Inf
GALBDtex_f	urea_c	-0.0	-1000.0	0.0	-0.0	Inf
GALBDtex_f	uri_c	-0.0	0.0	0.0	Inf	Inf
GALBDtex_f	rbflvrd_c	-0.0	0.0	0.02199287231019303	Inf	0.0
GALBDtex_f	rbl__L_c	-0.0	-5.676193326875139	0.0	-0.0	Inf
GALBDtex_f	rdmbzi_c	0.0	0.0	0.0	Inf	Inf
GALBDtex_f	thptdn_c	0.0	0.0	0.0	Inf	Inf
GALBDtex_f	xan_c	-0.0	0.0	0.0	Inf	Inf
GALBDtex_f	rephaccoa_c	-0.0	-0.00023200634404929588	0.0	-0.0	Inf
GALBDtex_f	rib__D_c	-0.0	0.0	0.4179331994746592	Inf	0.0
GALBDtex_f	xtsn_c	-0.0	0.0	0.0	Inf	Inf
GALBDtex_f	rml_c	-0.0	-2.838555439873633	0.0	-0.0	Inf
GALBDtex_f	thym_c	-0.0	-30.92705676112476	0.0	-0.0	Inf
GALBDtex_f	thymd_c	-0.0	0.0	0.19825036385336367	Inf	0.0
GALBDtex_f	xu5p__L_c	-0.0	-0.38854255669685067	0.0	-0.0	Inf
GALBDtex_f	rmn_c	-0.0	-2.838555439873633	0.0	-0.0	Inf
GALBDtex_f	xyl__D_c	0.0	0.0	0.0	Inf	Inf
GALBDtex_f	tmao_c	0.0	0.0	0.0	Inf	Inf
GALBDtex_f	xylu__D_c	-0.0	0.0	0.0	Inf	Inf
GALBDtex_f	xylu__L_c	-0.0	-5.676193326875139	0.0	-0.0	Inf
GALBDtex_f	12ppd__R_e	-0.0	-1000.0	0.0	-0.0	Inf
GALBDtex_f	12ppd__S_e	-0.0	-1000.0	0.0	-0.0	Inf
GALBDtex_f	tre_c	-0.0	-2.8380966634375677	0.0	-0.0	Inf
GALBDtex_f	seln_c	0.0	0.0	0.0	Inf	Inf
GALBDtex_f	34dhpac_e	-0.0	-1000.0	0.0	-0.0	Inf
GALBDtex_f	slnt_c	0.0	0.0	0.0	Inf	Inf
GALBDtex_f	so2_c	0.0	0.0	0.0	Inf	Inf
GALBDtex_f	so3_c	-0.0	-0.09983845267466948	1.5463528380562457	-0.0	0.0
GALBDtex_f	so4_c	-0.0	-0.10158575046102022	30.92705676112476	-0.0	0.0
GALBDtex_f	4hoxpacd_e	-0.0	-1000.0	0.0	-0.0	Inf
GALBDtex_f	5mtr_e	-0.0	0.0	0.0	Inf	Inf
GALBDtex_f	LalaDgluMdap_e	-0.0	-1000.0	0.0	-0.0	Inf
GALBDtex_f	ac_e	-0.0	0.0	0.0	Inf	Inf
GALBDtex_f	acald_e	-0.0	-1000.0	0.0	-0.0	Inf
GALBDtex_f	acgal_e	-0.0	-1000.0	0.0	-0.0	Inf
GALBDtex_f	acgam_e	-0.0	-1000.0	0.0	-0.0	Inf
GALBDtex_f	acmana_e	-0.0	-1000.0	0.0	-0.0	Inf
GALBDtex_f	tagur_c	-0.0	0.0	0.0	Inf	Inf
GALBDtex_f	tartr__L_c	-0.0	-1.1919954328777749	0.0	-0.0	Inf
GALBDtex_f	ade_e	-0.0	-1000.0	0.0	-0.0	Inf
GALBDtex_f	adn_e	-0.0	-1000.0	0.0	-0.0	Inf
GALBDtex_f	all__D_e	-0.0	-1000.0	0.0	-0.0	Inf
GALBDtex_f	cl_e	-0.0	-0.002096515670359622	999.9979034843296	-0.0	0.0
GALBDtex_f	alltn_e	-0.0	0.0	0.0	Inf	Inf
GALBDtex_f	cm_e	-0.0	-1000.0	0.0	-0.0	Inf
GALBDtex_f	co2_e	-0.0	-992.5338008726695	7.466199127330469	-0.0	0.0
GALBDtex_f	arab__L_e	-0.0	-1000.0	0.0	-0.0	Inf
GALBDtex_f	arbt_e	-0.0	-1000.0	0.0	-0.0	Inf
GALBDtex_f	unagamu_c	-0.0	0.0	0.022790756640475134	Inf	0.0
GALBDtex_f	crn_e	-0.0	-1000.0	0.0	-0.0	Inf
GALBDtex_f	csn_e	-0.0	-1000.0	0.0	-0.0	Inf
GALBDtex_f	cyan_e	-0.0	-1000.0	0.0	-0.0	Inf
GALBDtex_f	glyb_e	-0.0	-1000.0	0.0	-0.0	Inf
GALBDtex_f	glyc_e	-0.0	-58.86375035601561	0.6311644236964238	-0.0	0.0
GALBDtex_f	cytd_e	-0.0	-1000.0	0.0	-0.0	Inf
GALBDtex_f	ca2_e	-0.0	-0.002096515670359622	999.9979034843296	-0.0	0.0
GALBDtex_f	dad_2_e	-0.0	-1000.0	0.0	-0.0	Inf
GALBDtex_f	dcyt_e	-0.0	-1000.0	0.0	-0.0	Inf
GALBDtex_f	chol_e	-0.0	-1000.0	0.0	-0.0	Inf
GALBDtex_f	dha_e	-0.0	-1000.0	0.0	-0.0	Inf
GALBDtex_f	ppal_e	-0.0	-1000.0	0.0	-0.0	Inf
GALBDtex_f	h2_e	-0.0	-1000.0	0.0	-0.0	Inf
GALBDtex_f	dms_e	-0.0	-1000.0	0.0	-0.0	Inf
GALBDtex_f	dmso_e	-0.0	-1000.0	0.0	-0.0	Inf
GALBDtex_f	h2o2_e	-0.0	-1000.0	0.0	-0.0	Inf
GALBDtex_f	psclys_e	-0.0	-1000.0	0.0	-0.0	Inf
GALBDtex_f	duri_e	-0.0	-1000.0	0.0	-0.0	Inf
GALBDtex_f	pydx_e	-0.0	-1000.0	0.0	-0.0	Inf
GALBDtex_f	pydxn_e	-0.0	-1000.0	0.0	-0.0	Inf
GALBDtex_f	etoh_e	-0.0	-1000.0	0.0	-0.0	Inf
GALBDtex_f	fald_e	-0.0	0.0	0.0	Inf	Inf
GALBDtex_f	rib__D_e	-0.0	-1000.0	0.0	-0.0	Inf
GALBDtex_f	rmn_e	-0.0	-1000.0	0.0	-0.0	Inf
GALBDtex_f	indole_e	-0.0	-1000.0	0.0	-0.0	Inf
GALBDtex_f	inost_e	-0.0	-1000.0	0.0	-0.0	Inf
GALBDtex_f	sbt__D_e	-0.0	-2.8962890708963474	0.0	-0.0	Inf
GALBDtex_f	k_e	-0.0	-0.07862155297630125	999.9213784470237	-0.0	0.0
GALBDtex_f	for_e	-0.0	0.0	0.0009880409102740843	Inf	0.0
GALBDtex_f	slnt_e	-0.0	0.0	1000.0	Inf	0.0
GALBDtex_f	fru_e	-0.0	-1000.0	0.0	-0.0	Inf
GALBDtex_f	so2_e	-0.0	-1000.0	0.0	-0.0	Inf
GALBDtex_f	so3_e	-0.0	-1000.0	0.0	-0.0	Inf
GALBDtex_f	so4_e	-0.0	-0.10158575046102669	999.898414249539	-0.0	0.0
GALBDtex_f	lipa_cold_e	-0.0	-1000.0	0.0	-0.0	Inf
GALBDtex_f	sucr_e	-0.0	-1000.0	0.0	-0.0	Inf
GALBDtex_f	g3pe_e	-0.0	-1000.0	0.0	-0.0	Inf
GALBDtex_f	malt_e	-0.0	-1000.0	0.0	-0.0	Inf
GALBDtex_f	tartr__L_e	-0.0	-1000.0	0.0	-0.0	Inf
GALBDtex_f	g3pi_e	-0.0	-1000.0	0.0	-0.0	Inf
GALBDtex_f	malthx_e	-0.0	-1000.0	0.0	-0.0	Inf
GALBDtex_f	maltpt_e	-0.0	-1000.0	0.0	-0.0	Inf
GALBDtex_f	gal_e	-0.0	-1000.0	0.0	-0.0	Inf
GALBDtex_f	gal_bD_e	-0.0	-1000.0	0.0	-0.0	Inf
GALBDtex_f	malttr_e	-0.0	-1000.0	0.0	-0.0	Inf
GALBDtex_f	maltttr_e	-0.0	-1000.0	0.0	-0.0	Inf
GALBDtex_f	man_e	-0.0	-1000.0	0.0	-0.0	Inf
GALBDtex_f	thym_e	-0.0	-1000.0	0.0	-0.0	Inf
GALBDtex_f	thymd_e	-0.0	-1000.0	0.0	-0.0	Inf
GALBDtex_f	galt_e	-0.0	-2.838555439873631	0.0	-0.0	Inf
GALBDtex_f	melib_e	-0.0	-1000.0	0.0	-0.0	Inf
GALBDtex_f	meoh_e	-0.0	-1000.0	0.0	-0.0	Inf
GALBDtex_f	tmao_e	-0.0	-1000.0	0.0	-0.0	Inf
GALBDtex_f	tre_e	-0.0	-1000.0	0.0	-0.0	Inf
GALBDtex_f	metsox_S__L_e	-0.0	-1000.0	0.0	-0.0	Inf
GALBDtex_f	glc__D_e	-0.0	-1000.0	0.0	-0.0	Inf
GALBDtex_f	mg2_e	-0.0	-0.0034941927839327036	999.9965058072161	-0.0	0.0
GALBDtex_f	mnl_e	-0.0	-1000.0	0.0	-0.0	Inf
GALBDtex_f	mobd_e	-0.0	-5.1959754387098656e-05	999.9999480402456	-0.0	0.0
GALBDtex_f	glyald_e	-0.0	-1000.0	0.0	-0.0	Inf
GALBDtex_f	n2o_e	-0.0	-1000.0	0.0	-0.0	Inf
GALBDtex_f	na1_e	-0.0	0.0	1000.0	Inf	0.0
GALBDtex_f	nac_e	-0.0	-1000.0	0.0	-0.0	Inf
GALBDtex_f	ni2_e	-0.0	-0.00013010078032493766	999.9998698992197	-0.0	0.0
GALBDtex_f	no_e	-0.0	-1000.0	0.0	-0.0	Inf
GALBDtex_f	no2_e	-0.0	-1000.0	0.0	-0.0	Inf
GALBDtex_f	ura_e	-0.0	-1000.0	0.0	-0.0	Inf
GALBDtex_f	no3_e	-0.0	-1000.0	0.0	-0.0	Inf
GALBDtex_f	urea_e	-0.0	-1000.0	0.0	-0.0	Inf
GALBDtex_f	novbcn_e	-0.0	-1000.0	0.0	-0.0	Inf
GALBDtex_f	uri_e	-0.0	-1000.0	0.0	-0.0	Inf
GALBDtex_f	o2_e	-0.0	-10.60668812081417	989.3933118791858	-0.0	0.0
GALBDtex_f	xan_e	-0.0	0.0	0.0	Inf	Inf
GALBDtex_f	xtsn_e	-0.0	-1000.0	0.0	-0.0	Inf
GALBDtex_f	xyl__D_e	-0.0	-1000.0	0.0	-0.0	Inf
GALBDtex_f	xylu__L_e	-0.0	-1000.0	0.0	-0.0	Inf
GALBDtex_f	pacald_e	-0.0	-1000.0	0.0	-0.0	Inf
GALBDtex_f	12dgr120_p	-0.0	0.0	0.0	Inf	Inf
GALBDtex_f	12dgr140_p	-0.0	0.0	0.0	Inf	Inf
GALBDtex_f	12dgr160_p	-0.0	-0.025703564070568063	0.0	-0.0	Inf
GALBDtex_f	12dgr180_p	-0.0	0.0	0.0	Inf	Inf
GALBDtex_f	12ppd__R_p	-0.0	-1000.0	0.0	-0.0	Inf
GALBDtex_f	12ppd__S_p	-0.0	0.0	0.0	Inf	Inf
GALBDtex_f	chol_p	-0.0	-1000.0	0.0	-0.0	Inf
GALBDtex_f	cl_p	-0.0	-0.002096515670359622	999.9979034843296	-0.0	0.0
GALBDtex_f	34dhpac_p	-0.0	-1000.0	0.0	-0.0	Inf
GALBDtex_f	cm_p	-0.0	0.0	0.0	Inf	Inf
GALBDtex_f	4hoxpacd_p	-0.0	-1000.0	0.0	-0.0	Inf
GALBDtex_f	co2_p	-0.0	-992.5338008726695	7.466199127330469	-0.0	0.0
GALBDtex_f	5mtr_p	-0.0	0.0	0.0	Inf	Inf
GALBDtex_f	LalaDgluMdap_p	-0.0	-0.011192694994724403	0.0	-0.0	Inf
GALBDtex_f	gal_p	-0.0	-1000.0	0.0	-0.0	Inf
GALBDtex_f	ac_p	-0.0	-1.741106519805459	0.0	-0.0	Inf
GALBDtex_f	crn_p	-0.0	-1000.0	0.0	-0.0	Inf
GALBDtex_f	gal_bD_p	-0.0	-1000.0	0.0	-0.0	Inf
GALBDtex_f	acald_p	-0.0	-1000.0	0.0	-0.0	Inf
GALBDtex_f	acgal_p	-0.0	-1000.0	0.0	-0.0	Inf
GALBDtex_f	csn_p	-0.0	0.0	0.0	Inf	Inf
GALBDtex_f	acgam_p	-0.0	-1000.0	0.0	-0.0	Inf
GALBDtex_f	galt_p	-0.0	-2.838555439873631	0.0	-0.0	Inf
GALBDtex_f	acmana_p	-0.0	-1000.0	0.0	-0.0	Inf
GALBDtex_f	cyan_p	-0.0	0.0	0.0	Inf	Inf
GALBDtex_f	ade_p	-0.0	-1000.0	0.0	-0.0	Inf
GALBDtex_f	adn_p	-0.0	0.0	0.0002694657028742848	Inf	0.0
GALBDtex_f	cytd_p	-0.0	0.0	0.0	Inf	Inf
GALBDtex_f	glc__D_p	-0.0	-1000.0	0.0	-0.0	Inf
GALBDtex_f	dad_2_p	-0.0	-1000.0	0.0	-0.0	Inf
GALBDtex_f	dcyt_p	-0.0	-1000.0	0.0	-0.0	Inf
GALBDtex_f	all__D_p	-0.0	0.0	0.0	Inf	Inf
GALBDtex_f	alltn_p	-0.0	0.0	0.0	Inf	Inf
GALBDtex_f	dha_p	-0.0	-1000.0	0.0	-0.0	Inf
GALBDtex_f	glyald_p	-0.0	-1000.0	0.0	-0.0	Inf
GALBDtex_f	glyb_p	0.0	0.0	0.0	Inf	Inf
GALBDtex_f	dms_p	-0.0	-1000.0	0.0	-0.0	Inf
GALBDtex_f	glyc_p	-0.0	-58.86375035601561	0.6311644236964238	-0.0	0.0
GALBDtex_f	dmso_p	-0.0	-1000.0	0.0	-0.0	Inf
GALBDtex_f	arab__L_p	-0.0	0.0	0.0	Inf	Inf
GALBDtex_f	arbt_p	0.0	0.0	0.0	Inf	Inf
GALBDtex_f	ca2_p	-0.0	-0.002096515670359622	999.9979034843296	-0.0	0.0
GALBDtex_f	duri_p	-0.0	-1000.0	0.0	-0.0	Inf
GALBDtex_f	h2_p	-0.0	-1000.0	0.0	-0.0	Inf
GALBDtex_f	h2o2_p	-0.0	-1000.0	0.0	-0.0	Inf
GALBDtex_f	etoh_p	-0.0	-1000.0	0.0	-0.0	Inf
GALBDtex_f	fald_p	-0.0	0.0	0.0	Inf	Inf
GALBDtex_f	n2o_p	-0.0	-1000.0	0.0	-0.0	Inf
GALBDtex_f	na1_p	-0.0	0.0	0.0	Inf	Inf
GALBDtex_f	indole_p	-0.0	0.0	0.2118291558981145	Inf	0.0
GALBDtex_f	nac_p	-0.0	-1000.0	0.0	-0.0	Inf
GALBDtex_f	ni2_p	-0.0	-0.00013010078032493766	999.9998698992197	-0.0	0.0
GALBDtex_f	inost_p	-0.0	-1000.0	0.0	-0.0	Inf
GALBDtex_f	no_p	-0.0	-1000.0	0.0	-0.0	Inf
GALBDtex_f	no2_p	-0.0	-1000.0	0.0	-0.0	Inf
GALBDtex_f	for_p	-0.0	0.0	0.0009880409102740843	Inf	0.0
GALBDtex_f	fru_p	-0.0	-1000.0	0.0	-0.0	Inf
GALBDtex_f	no3_p	-0.0	0.0	0.0	Inf	Inf
GALBDtex_f	k_p	-0.0	-0.07862155297630125	999.9213784470237	-0.0	0.0
GALBDtex_f	novbcn_p	-0.0	0.0	0.0	Inf	Inf
GALBDtex_f	o2_p	-0.0	-10.60668812081417	989.3933118791858	-0.0	0.0
GALBDtex_f	lipa_cold_p	-0.0	-7.731764190281213	0.0	-0.0	Inf
GALBDtex_f	g3pe_p	-0.0	0.0	0.0	Inf	Inf
GALBDtex_f	g3pi_p	-0.0	0.0	0.0	Inf	Inf
GALBDtex_f	so3_p	-0.0	-1000.0	0.0	-0.0	Inf
GALBDtex_f	so4_p	-0.0	-0.10158575046102022	999.898414249539	-0.0	0.0
GALBDtex_f	malt_p	0.0	0.0	0.0	Inf	Inf
GALBDtex_f	malthx_p	0.0	0.0	0.0	Inf	Inf
GALBDtex_f	maltpt_p	0.0	0.0	0.0	Inf	Inf
GALBDtex_f	sucr_p	-0.0	-1000.0	0.0	-0.0	Inf
GALBDtex_f	malttr_p	0.0	0.0	0.0	Inf	Inf
GALBDtex_f	maltttr_p	0.0	0.0	0.0	Inf	Inf
GALBDtex_f	pacald_p	-0.0	-1000.0	0.0	-0.0	Inf
GALBDtex_f	man_p	-0.0	-1000.0	0.0	-0.0	Inf
GALBDtex_f	tartr__L_p	-0.0	-1000.0	0.0	-0.0	Inf
GALBDtex_f	pe120_p	-0.0	-0.03134663506799453	0.0	-0.0	Inf
GALBDtex_f	melib_p	-0.0	-1000.0	0.0	-0.0	Inf
GALBDtex_f	meoh_p	-0.0	-1000.0	0.0	-0.0	Inf
GALBDtex_f	thym_p	-0.0	-1000.0	0.0	-0.0	Inf
GALBDtex_f	thymd_p	-0.0	0.0	0.0	Inf	Inf
GALBDtex_f	pg120_p	-0.0	-0.03134663506799453	0.0	-0.0	Inf
GALBDtex_f	metsox_S__L_p	-0.0	-1000.0	0.0	-0.0	Inf
GALBDtex_f	tmao_p	-0.0	-1000.0	0.0	-0.0	Inf
GALBDtex_f	mg2_p	-0.0	-0.0034941927839079534	999.9965058072161	-0.0	0.0
GALBDtex_f	tre_p	-0.0	0.0	0.0	Inf	Inf
GALBDtex_f	mnl_p	-0.0	0.0	0.0	Inf	Inf
GALBDtex_f	mobd_p	-0.0	-5.1959754387098656e-05	999.9999480402456	-0.0	0.0
GALBDtex_f	ura_p	-0.0	-1000.0	0.0	-0.0	Inf
GALBDtex_f	urea_p	-0.0	-1000.0	0.0	-0.0	Inf
GALBDtex_f	uri_p	-0.0	0.0	0.0	Inf	Inf
GALBDtex_f	xan_p	-0.0	0.0	0.0	Inf	Inf
GALBDtex_f	xtsn_p	-0.0	0.0	0.0	Inf	Inf
GALBDtex_f	xyl__D_p	-0.0	0.0	0.0	Inf	Inf
GALBDtex_f	xylu__L_p	-0.0	-1000.0	0.0	-0.0	Inf
GALBDtex_f	ppal_p	-0.0	-1000.0	0.0	-0.0	Inf
GALBDtex_f	psclys_p	-0.0	-1000.0	0.0	-0.0	Inf
GALBDtex_f	pydx_p	-0.0	0.0	0.0	Inf	Inf
GALBDtex_f	pydxn_p	-0.0	0.0	0.0	Inf	Inf
GALBDtex_f	rib__D_p	-0.0	-1000.0	0.0	-0.0	Inf
GALBDtex_f	rmn_p	-0.0	-1000.0	0.0	-0.0	Inf
GALBDtex_f	sbt__D_p	-0.0	-2.8962890708963474	0.0	-0.0	Inf
GALBDtex_f	slnt_p	-0.0	0.0	0.0	Inf	Inf
GALBDtex_f	so2_p	-0.0	-1000.0	0.0	-0.0	Inf
