Reaction	Metabolite	ShadowPrice	G-	G+	DecrementalShadowPrice	IncrementalShadowPrice
GLYCLTtex_f	12dgr120_c	-0.0	0.0	0.0	Inf	Inf
GLYCLTtex_f	12dgr140_c	-0.0	0.0	0.0	Inf	Inf
GLYCLTtex_f	12dgr160_c	-0.0	0.0	0.050059296190898064	Inf	0.0
GLYCLTtex_f	12dgr180_c	-0.0	0.0	0.0	Inf	Inf
GLYCLTtex_f	12ppd__R_c	-0.0	-1000.0	0.0	-0.0	Inf
GLYCLTtex_f	12ppd__S_c	-0.0	0.0	0.0	Inf	Inf
GLYCLTtex_f	5drib_c	-0.0	-999.9999101780991	8.982190095809493e-05	-0.0	0.0
GLYCLTtex_f	5mta_c	-0.0	0.0	0.0	Inf	Inf
GLYCLTtex_f	23dhacoa_c	-0.0	-0.00023200634473131976	0.0	-0.0	Inf
GLYCLTtex_f	5mtr_c	-0.0	0.0	0.0	Inf	Inf
GLYCLTtex_f	3amac_c	-0.0	-3.704058634597229	0.0	-0.0	Inf
GLYCLTtex_f	LalaDgluMdap_c	-0.0	-0.011192694994724403	0.0	-0.0	Inf
GLYCLTtex_f	ac_c	-0.0	-1.7411065198056872	1.3210649100188496	-0.0	0.0
GLYCLTtex_f	acald_c	-0.0	-1.7411065198056872	1.0350970599472795	-0.0	0.0
GLYCLTtex_f	acetol_c	-0.0	0.0	0.043985744621489076	Inf	0.0
GLYCLTtex_f	acgam_c	-0.0	-0.038058707523492066	0.0	-0.0	Inf
GLYCLTtex_f	acgam6p_c	-0.0	-0.038058707523492066	0.0	-0.0	Inf
GLYCLTtex_f	acmalt_c	0.0	0.0	0.0	Inf	Inf
GLYCLTtex_f	acmana_c	-0.0	-0.038058707523492066	0.0	-0.0	Inf
GLYCLTtex_f	2dmmq8_c	-0.0	0.0	0.0	Inf	Inf
GLYCLTtex_f	2dmmql8_c	0.0	0.0	0.0	Inf	Inf
GLYCLTtex_f	ade_c	-0.0	-0.043985744621489076	0.0002694657028742848	-0.0	0.0
GLYCLTtex_f	adn_c	-0.0	-0.043985744621489076	0.0002694657028742848	-0.0	0.0
GLYCLTtex_f	3sala_c	0.0	0.0	0.0	Inf	Inf
GLYCLTtex_f	adphep_DD_c	-0.0	0.0	0.0	Inf	Inf
GLYCLTtex_f	adphep_LD_c	-0.0	0.0	0.0	Inf	Inf
GLYCLTtex_f	4ahmmp_c	0.0	0.0	0.0	Inf	Inf
GLYCLTtex_f	4crsol_c	-0.0	-999.9999101780991	8.982190095809493e-05	-0.0	0.0
GLYCLTtex_f	2ohph_c	-0.0	-8.982190095809493e-05	0.03461489628734161	-0.0	0.0
GLYCLTtex_f	2ombzl_c	-0.0	0.0	0.0	Inf	Inf
GLYCLTtex_f	2omhmbl_c	-0.0	0.0	0.0	Inf	Inf
GLYCLTtex_f	2ommbl_c	0.0	0.0	0.0	Inf	Inf
GLYCLTtex_f	2omph_c	-0.0	0.0	0.03115340665860743	Inf	0.0
GLYCLTtex_f	4mhetz_c	0.0	0.0	0.0	Inf	Inf
GLYCLTtex_f	2oph_c	-0.0	-8.982190095809493e-05	0.03465227738484414	-0.0	0.0
GLYCLTtex_f	2oxpaccoa_c	-0.0	-0.00023200634473131976	0.0	-0.0	Inf
GLYCLTtex_f	all__D_c	-0.0	-5.676193326883664	0.0	-0.0	Inf
GLYCLTtex_f	alltn_c	-0.0	-0.9260146586493072	0.0	-0.0	Inf
GLYCLTtex_f	4r5au_c	-0.0	-0.00017964380231205723	0.20836369388549125	-0.0	0.0
GLYCLTtex_f	56dura_c	0.0	0.0	0.0	Inf	Inf
GLYCLTtex_f	arab__L_c	-0.0	-5.676193326883664	0.0	-0.0	Inf
GLYCLTtex_f	etoh_c	-0.0	-1000.0	0.0	-0.0	Inf
GLYCLTtex_f	csn_c	-0.0	0.0	0.06198436185900391	Inf	0.0
GLYCLTtex_f	fald_c	-0.0	0.0	0.0	Inf	Inf
GLYCLTtex_f	fc1p_c	-0.0	-0.38854255670253224	0.0	-0.0	Inf
GLYCLTtex_f	fcl__L_c	-0.0	0.0	0.0	Inf	Inf
GLYCLTtex_f	aso4_c	0.0	0.0	0.0	Inf	Inf
GLYCLTtex_f	cyan_c	0.0	0.0	0.0	Inf	Inf
GLYCLTtex_f	athtp_c	0.0	0.0	0.0	Inf	Inf
GLYCLTtex_f	cytd_c	-0.0	0.0	0.06198436185900391	Inf	0.0
GLYCLTtex_f	dad_2_c	-0.0	0.0	0.0	Inf	Inf
GLYCLTtex_f	dad_5_c	-0.0	-0.043985744621489076	8.982190095809493e-05	-0.0	0.0
GLYCLTtex_f	betald_c	0.0	0.0	0.0	Inf	Inf
GLYCLTtex_f	btal_c	-0.0	-550.9221031857039	0.0	-0.0	Inf
GLYCLTtex_f	for_c	-0.0	-0.043985744621489076	0.0009880409115246395	-0.0	0.0
GLYCLTtex_f	dcyt_c	-0.0	-0.010539371571612161	0.0	-0.0	Inf
GLYCLTtex_f	fru_c	-0.0	0.0	0.0	Inf	Inf
GLYCLTtex_f	ca2_c	-0.0	-0.002096515670359622	999.9979034843296	-0.0	0.0
GLYCLTtex_f	g3pe_c	-0.0	-0.38854255670253224	0.0	-0.0	Inf
GLYCLTtex_f	g3pi_c	0.0	0.0	0.0	Inf	Inf
GLYCLTtex_f	cbm_c	-0.0	-1.8520293172986144	0.0	-0.0	Inf
GLYCLTtex_f	dha_c	-0.0	-91.82035053095066	0.764000210913468	-0.0	0.0
GLYCLTtex_f	gal_c	-0.0	0.0	0.0	Inf	Inf
GLYCLTtex_f	dhgly_c	-0.0	-8.982190095809493e-05	0.1383103830101968	-0.0	0.0
GLYCLTtex_f	dhmptp_c	0.0	0.0	0.0	Inf	Inf
GLYCLTtex_f	gcald_c	-0.0	-1.191995432878628	0.000269465702672278	-0.0	0.0
GLYCLTtex_f	dhptd_c	-0.0	-26.10216831299433	0.00017964380191618987	-0.0	0.0
GLYCLTtex_f	cechddd_c	-0.0	0.0	0.0	Inf	Inf
GLYCLTtex_f	dhptdn_c	0.0	0.0	0.0	Inf	Inf
GLYCLTtex_f	chol_c	0.0	0.0	0.0	Inf	Inf
GLYCLTtex_f	chtbs6p_c	-0.0	0.0	0.0	Inf	Inf
GLYCLTtex_f	dmbzid_c	0.0	0.0	0.0	Inf	Inf
GLYCLTtex_f	dms_c	0.0	0.0	0.0	Inf	Inf
GLYCLTtex_f	dmso_c	0.0	0.0	0.0	Inf	Inf
GLYCLTtex_f	cl_c	-0.0	-0.002096515670344772	999.9979034843296	-0.0	0.0
GLYCLTtex_f	glc__D_c	-0.0	-5.676193326883664	0.0	-0.0	Inf
GLYCLTtex_f	co2_c	-0.0	-992.5338008727003	7.46619912729966	-0.0	0.0
GLYCLTtex_f	dscl_c	-0.0	-8.982190095809493e-05	0.0412973086980253	-0.0	0.0
GLYCLTtex_f	dtdp4aaddg_c	-0.0	0.0	0.0	Inf	Inf
GLYCLTtex_f	glyald_c	-0.0	-1000.0	0.0	-0.0	Inf
GLYCLTtex_f	crn_c	-0.0	-1000.0	0.0	-0.0	Inf
GLYCLTtex_f	duri_c	-0.0	-0.010539371571612161	0.0	-0.0	Inf
GLYCLTtex_f	glyb_c	0.0	0.0	0.0	Inf	Inf
GLYCLTtex_f	glyc_c	-0.0	-78.70315759795771	0.6548573236401155	-0.0	0.0
GLYCLTtex_f	dxyl_c	0.0	0.0	0.0	Inf	Inf
GLYCLTtex_f	glycogen_c	-0.0	-1.4112011500981225	0.0	-0.0	Inf
GLYCLTtex_f	gmhep1p_c	-0.0	0.0	0.29988793325575386	Inf	0.0
GLYCLTtex_f	lipa_cold_c	-0.0	0.0	0.0	Inf	Inf
GLYCLTtex_f	lipidA_c	-0.0	-0.007836658766962046	0.026388165179577025	-0.0	0.0
GLYCLTtex_f	malt_c	0.0	0.0	0.0	Inf	Inf
GLYCLTtex_f	h2_c	-0.0	0.0	0.0	Inf	Inf
GLYCLTtex_f	malthx_c	-0.0	0.0	0.0	Inf	Inf
GLYCLTtex_f	maltpt_c	-0.0	0.0	0.0	Inf	Inf
GLYCLTtex_f	malttr_c	-0.0	0.0	0.0	Inf	Inf
GLYCLTtex_f	maltttr_c	-0.0	0.0	0.0	Inf	Inf
GLYCLTtex_f	h2o2_c	-0.0	-21.21180375412131	0.0009175528721243609	-0.0	0.0
GLYCLTtex_f	man_c	-0.0	0.0	0.0	Inf	Inf
GLYCLTtex_f	mdhdhf_c	-0.0	-26.10216831299433	0.00017964380191618987	-0.0	0.0
GLYCLTtex_f	melib_c	-0.0	0.0	0.0	Inf	Inf
GLYCLTtex_f	meoh_c	-0.0	-1000.0	0.0	-0.0	Inf
GLYCLTtex_f	pacald_c	-0.0	-1000.0	0.0	-0.0	Inf
GLYCLTtex_f	metsox_S__L_c	-0.0	-0.043985744621489076	0.0	-0.0	Inf
GLYCLTtex_f	mg2_c	-0.0	-0.0034941927839079534	999.9965058072161	-0.0	0.0
GLYCLTtex_f	hhlipa_c	-0.0	0.0	0.0	Inf	Inf
GLYCLTtex_f	pe120_c	-0.0	0.0	0.0	Inf	Inf
GLYCLTtex_f	mobd_c	-0.0	-5.195975436589348e-05	8.022002214591414	-0.0	0.0
GLYCLTtex_f	hlipa_c	-0.0	0.0	0.0	Inf	Inf
GLYCLTtex_f	pg120_c	-0.0	0.0	0.0	Inf	Inf
GLYCLTtex_f	mql8_c	0.0	0.0	0.0	Inf	Inf
GLYCLTtex_f	mqn8_c	-0.0	0.0	0.0	Inf	Inf
GLYCLTtex_f	mthgxl_c	-0.0	0.0	0.043985744621489076	Inf	0.0
GLYCLTtex_f	hqn_c	0.0	0.0	0.0	Inf	Inf
GLYCLTtex_f	mththf_c	-0.0	-999.999820356198	0.00017964380191618987	-0.0	0.0
GLYCLTtex_f	n2o_c	-0.0	-1000.0	0.0	-0.0	Inf
GLYCLTtex_f	na1_c	-0.0	0.0	0.0	Inf	Inf
GLYCLTtex_f	nac_c	-0.0	0.0	0.0	Inf	Inf
GLYCLTtex_f	ncam_c	-0.0	0.0	0.0	Inf	Inf
GLYCLTtex_f	ni2_c	-0.0	-0.00013010078031150074	999.9998698992197	-0.0	0.0
GLYCLTtex_f	no_c	-0.0	-1000.0	0.0	-0.0	Inf
GLYCLTtex_f	indole_c	-0.0	-0.022895723390856458	0.21828577454670517	-0.0	0.0
GLYCLTtex_f	no2_c	-0.0	-1000.0	0.0	-0.0	Inf
GLYCLTtex_f	no3_c	0.0	0.0	0.0	Inf	Inf
GLYCLTtex_f	inost_c	0.0	0.0	0.0	Inf	Inf
GLYCLTtex_f	o2_c	-0.0	-10.605901877060655	989.3940981229393	-0.0	0.0
GLYCLTtex_f	poaac_c	-0.0	-2.468308373720435	0.0	-0.0	Inf
GLYCLTtex_f	ppal_c	-0.0	0.0	0.0	Inf	Inf
GLYCLTtex_f	k_c	-0.0	-0.07862155297629339	32.088008858365654	-0.0	0.0
GLYCLTtex_f	psclys_c	-0.0	0.0	0.0	Inf	Inf
GLYCLTtex_f	lald__D_c	-0.0	0.0	0.043985744621489076	Inf	0.0
GLYCLTtex_f	lald__L_c	-0.0	-2.896289070898126	0.0	-0.0	Inf
GLYCLTtex_f	ura_c	-0.0	-0.1332405189570902	0.0	-0.0	Inf
GLYCLTtex_f	pydx_c	-0.0	0.0	0.27425648596893726	Inf	0.0
GLYCLTtex_f	uracp_c	-0.0	-2.175222614551899	0.0	-0.0	Inf
GLYCLTtex_f	pydxn_c	-0.0	0.0	0.2587742649868199	Inf	0.0
GLYCLTtex_f	urate_c	-0.0	-0.9260146586493072	0.0	-0.0	Inf
GLYCLTtex_f	q8_c	-0.0	0.0	0.0	Inf	Inf
GLYCLTtex_f	q8h2_c	0.0	0.0	0.0	Inf	Inf
GLYCLTtex_f	urea_c	-0.0	-1000.0	0.0	-0.0	Inf
GLYCLTtex_f	uri_c	-0.0	0.0	0.0	Inf	Inf
GLYCLTtex_f	rbflvrd_c	-0.0	0.0	0.021992872310744538	Inf	0.0
GLYCLTtex_f	rbl__L_c	-0.0	-5.676193326883664	0.0	-0.0	Inf
GLYCLTtex_f	rdmbzi_c	0.0	0.0	0.0	Inf	Inf
GLYCLTtex_f	thptdn_c	0.0	0.0	0.0	Inf	Inf
GLYCLTtex_f	xan_c	-0.0	0.0	0.0	Inf	Inf
GLYCLTtex_f	rephaccoa_c	-0.0	-0.00023200634473131976	0.0	-0.0	Inf
GLYCLTtex_f	rib__D_c	-0.0	0.0	0.4336217413292657	Inf	0.0
GLYCLTtex_f	xtsn_c	-0.0	0.0	0.0	Inf	Inf
GLYCLTtex_f	rml_c	-0.0	-2.8385554398778936	0.0	-0.0	Inf
GLYCLTtex_f	thym_c	-0.0	-32.088008858365654	0.0	-0.0	Inf
GLYCLTtex_f	thymd_c	-0.0	-0.010539371571612161	0.0	-0.0	Inf
GLYCLTtex_f	xu5p__L_c	-0.0	-0.38854255670253224	0.0	-0.0	Inf
GLYCLTtex_f	rmn_c	-0.0	-2.8385554398778936	0.0	-0.0	Inf
GLYCLTtex_f	xyl__D_c	0.0	0.0	0.0	Inf	Inf
GLYCLTtex_f	tmao_c	0.0	0.0	0.0	Inf	Inf
GLYCLTtex_f	xylu__D_c	-0.0	0.0	0.0	Inf	Inf
GLYCLTtex_f	xylu__L_c	-0.0	-5.676193326883664	0.0	-0.0	Inf
GLYCLTtex_f	12ppd__R_e	-0.0	-1000.0	0.0	-0.0	Inf
GLYCLTtex_f	12ppd__S_e	-0.0	-1000.0	0.0	-0.0	Inf
GLYCLTtex_f	tre_c	-0.0	-2.838096663441832	0.0	-0.0	Inf
GLYCLTtex_f	seln_c	0.0	0.0	0.0	Inf	Inf
GLYCLTtex_f	34dhpac_e	-0.0	-1000.0	0.0	-0.0	Inf
GLYCLTtex_f	slnt_c	0.0	0.0	0.0	Inf	Inf
GLYCLTtex_f	so2_c	0.0	0.0	0.0	Inf	Inf
GLYCLTtex_f	so3_c	-0.0	-0.09983845267535152	1.6044004429182828	-0.0	0.0
GLYCLTtex_f	so4_c	-0.0	-0.10158575046170226	32.088008858365654	-0.0	0.0
GLYCLTtex_f	4hoxpacd_e	-0.0	-1000.0	0.0	-0.0	Inf
GLYCLTtex_f	5mtr_e	-0.0	0.0	0.0	Inf	Inf
GLYCLTtex_f	LalaDgluMdap_e	-0.0	-1000.0	0.0	-0.0	Inf
GLYCLTtex_f	ac_e	-0.0	0.0	0.0	Inf	Inf
GLYCLTtex_f	acald_e	-0.0	-1000.0	0.0	-0.0	Inf
GLYCLTtex_f	acgal_e	-0.0	-1000.0	0.0	-0.0	Inf
GLYCLTtex_f	acgam_e	-0.0	-1000.0	0.0	-0.0	Inf
GLYCLTtex_f	acmana_e	-0.0	-1000.0	0.0	-0.0	Inf
GLYCLTtex_f	tagur_c	-0.0	0.0	0.0	Inf	Inf
GLYCLTtex_f	tartr__L_c	-0.0	-1.191995432878628	0.0	-0.0	Inf
GLYCLTtex_f	ade_e	-0.0	-1000.0	0.0	-0.0	Inf
GLYCLTtex_f	adn_e	-0.0	-1000.0	0.0	-0.0	Inf
GLYCLTtex_f	all__D_e	-0.0	-1000.0	0.0	-0.0	Inf
GLYCLTtex_f	cl_e	-0.0	-0.002096515670359622	999.9979034843296	-0.0	0.0
GLYCLTtex_f	alltn_e	-0.0	0.0	0.0	Inf	Inf
GLYCLTtex_f	cm_e	-0.0	-1000.0	0.0	-0.0	Inf
GLYCLTtex_f	co2_e	-0.0	-992.5338008727003	7.46619912729966	-0.0	0.0
GLYCLTtex_f	arab__L_e	-0.0	-1000.0	0.0	-0.0	Inf
GLYCLTtex_f	arbt_e	-0.0	-1000.0	0.0	-0.0	Inf
GLYCLTtex_f	unagamu_c	-0.0	0.0	0.023751301893682946	Inf	0.0
GLYCLTtex_f	crn_e	-0.0	-1000.0	0.0	-0.0	Inf
GLYCLTtex_f	csn_e	-0.0	-1000.0	0.0	-0.0	Inf
GLYCLTtex_f	cyan_e	-0.0	-1000.0	0.0	-0.0	Inf
GLYCLTtex_f	glyb_e	-0.0	-1000.0	0.0	-0.0	Inf
GLYCLTtex_f	glyc_e	-0.0	-78.70315759795771	0.6548573236401155	-0.0	0.0
GLYCLTtex_f	cytd_e	-0.0	-1000.0	0.0	-0.0	Inf
GLYCLTtex_f	ca2_e	-0.0	-0.002096515670359622	999.9979034843296	-0.0	0.0
GLYCLTtex_f	dad_2_e	-0.0	-1000.0	0.0	-0.0	Inf
GLYCLTtex_f	dcyt_e	-0.0	-1000.0	0.0	-0.0	Inf
GLYCLTtex_f	chol_e	-0.0	-1000.0	0.0	-0.0	Inf
GLYCLTtex_f	dha_e	-0.0	-1000.0	0.0	-0.0	Inf
GLYCLTtex_f	ppal_e	-0.0	-1000.0	0.0	-0.0	Inf
GLYCLTtex_f	h2_e	-0.0	-1000.0	0.0	-0.0	Inf
GLYCLTtex_f	dms_e	-0.0	-1000.0	0.0	-0.0	Inf
GLYCLTtex_f	dmso_e	-0.0	-1000.0	0.0	-0.0	Inf
GLYCLTtex_f	h2o2_e	-0.0	-1000.0	0.0	-0.0	Inf
GLYCLTtex_f	psclys_e	-0.0	-1000.0	0.0	-0.0	Inf
GLYCLTtex_f	duri_e	-0.0	-1000.0	0.0	-0.0	Inf
GLYCLTtex_f	pydx_e	-0.0	-1000.0	0.0	-0.0	Inf
GLYCLTtex_f	pydxn_e	-0.0	-1000.0	0.0	-0.0	Inf
GLYCLTtex_f	etoh_e	-0.0	-1000.0	0.0	-0.0	Inf
GLYCLTtex_f	fald_e	-0.0	0.0	0.0	Inf	Inf
GLYCLTtex_f	rib__D_e	-0.0	-1000.0	0.0	-0.0	Inf
GLYCLTtex_f	rmn_e	-0.0	-1000.0	0.0	-0.0	Inf
GLYCLTtex_f	indole_e	-0.0	-1000.0	0.0	-0.0	Inf
GLYCLTtex_f	inost_e	-0.0	-1000.0	0.0	-0.0	Inf
GLYCLTtex_f	sbt__D_e	-0.0	-2.896289070898126	0.0	-0.0	Inf
GLYCLTtex_f	k_e	-0.0	-0.07862155297630125	999.9213784470237	-0.0	0.0
GLYCLTtex_f	for_e	-0.0	0.0	0.0009880409115246395	Inf	0.0
GLYCLTtex_f	slnt_e	-0.0	0.0	1000.0	Inf	0.0
GLYCLTtex_f	fru_e	-0.0	-1000.0	0.0	-0.0	Inf
GLYCLTtex_f	so2_e	-0.0	-1000.0	0.0	-0.0	Inf
GLYCLTtex_f	so3_e	-0.0	-1000.0	0.0	-0.0	Inf
GLYCLTtex_f	so4_e	-0.0	-0.10158575046170881	999.8984142495383	-0.0	0.0
GLYCLTtex_f	lipa_cold_e	-0.0	-1000.0	0.0	-0.0	Inf
GLYCLTtex_f	sucr_e	-0.0	-1000.0	0.0	-0.0	Inf
GLYCLTtex_f	g3pe_e	-0.0	-1000.0	0.0	-0.0	Inf
GLYCLTtex_f	malt_e	-0.0	-1000.0	0.0	-0.0	Inf
GLYCLTtex_f	tartr__L_e	-0.0	-1000.0	0.0	-0.0	Inf
GLYCLTtex_f	g3pi_e	-0.0	-1000.0	0.0	-0.0	Inf
GLYCLTtex_f	malthx_e	-0.0	-1000.0	0.0	-0.0	Inf
GLYCLTtex_f	maltpt_e	-0.0	-1000.0	0.0	-0.0	Inf
GLYCLTtex_f	gal_e	-0.0	-1000.0	0.0	-0.0	Inf
GLYCLTtex_f	gal_bD_e	-0.0	-1000.0	0.0	-0.0	Inf
GLYCLTtex_f	malttr_e	-0.0	-1000.0	0.0	-0.0	Inf
GLYCLTtex_f	maltttr_e	-0.0	-1000.0	0.0	-0.0	Inf
GLYCLTtex_f	man_e	-0.0	-1000.0	0.0	-0.0	Inf
GLYCLTtex_f	thym_e	-0.0	-1000.0	0.0	-0.0	Inf
GLYCLTtex_f	thymd_e	-0.0	-1000.0	0.0	-0.0	Inf
GLYCLTtex_f	galt_e	-0.0	-2.8385554398778936	0.0	-0.0	Inf
GLYCLTtex_f	melib_e	-0.0	-1000.0	0.0	-0.0	Inf
GLYCLTtex_f	meoh_e	-0.0	-1000.0	0.0	-0.0	Inf
GLYCLTtex_f	tmao_e	-0.0	-1000.0	0.0	-0.0	Inf
GLYCLTtex_f	tre_e	-0.0	-1000.0	0.0	-0.0	Inf
GLYCLTtex_f	metsox_S__L_e	-0.0	-1000.0	0.0	-0.0	Inf
GLYCLTtex_f	glc__D_e	-0.0	-1000.0	0.0	-0.0	Inf
GLYCLTtex_f	mg2_e	-0.0	-0.0034941927839327036	999.9965058072161	-0.0	0.0
GLYCLTtex_f	mnl_e	-0.0	-1000.0	0.0	-0.0	Inf
GLYCLTtex_f	mobd_e	-0.0	-5.1959754387098656e-05	999.9999480402456	-0.0	0.0
GLYCLTtex_f	glyald_e	-0.0	-1000.0	0.0	-0.0	Inf
GLYCLTtex_f	n2o_e	-0.0	-1000.0	0.0	-0.0	Inf
GLYCLTtex_f	na1_e	-0.0	0.0	1000.0	Inf	0.0
GLYCLTtex_f	nac_e	-0.0	-1000.0	0.0	-0.0	Inf
GLYCLTtex_f	ni2_e	-0.0	-0.00013010078032493766	999.9998698992197	-0.0	0.0
GLYCLTtex_f	no_e	-0.0	-1000.0	0.0	-0.0	Inf
GLYCLTtex_f	no2_e	-0.0	-1000.0	0.0	-0.0	Inf
GLYCLTtex_f	ura_e	-0.0	-1000.0	0.0	-0.0	Inf
GLYCLTtex_f	no3_e	-0.0	-1000.0	0.0	-0.0	Inf
GLYCLTtex_f	urea_e	-0.0	-1000.0	0.0	-0.0	Inf
GLYCLTtex_f	novbcn_e	-0.0	-1000.0	0.0	-0.0	Inf
GLYCLTtex_f	uri_e	-0.0	-1000.0	0.0	-0.0	Inf
GLYCLTtex_f	o2_e	-0.0	-10.60590187706066	989.3940981229393	-0.0	0.0
GLYCLTtex_f	xan_e	-0.0	0.0	0.0	Inf	Inf
GLYCLTtex_f	xtsn_e	-0.0	-1000.0	0.0	-0.0	Inf
GLYCLTtex_f	xyl__D_e	-0.0	-1000.0	0.0	-0.0	Inf
GLYCLTtex_f	xylu__L_e	-0.0	-1000.0	0.0	-0.0	Inf
GLYCLTtex_f	pacald_e	-0.0	-1000.0	0.0	-0.0	Inf
GLYCLTtex_f	12dgr120_p	-0.0	0.0	0.0	Inf	Inf
GLYCLTtex_f	12dgr140_p	-0.0	0.0	0.0	Inf	Inf
GLYCLTtex_f	12dgr160_p	-0.0	0.0	0.0	Inf	Inf
GLYCLTtex_f	12dgr180_p	-0.0	0.0	0.0	Inf	Inf
GLYCLTtex_f	12ppd__R_p	-0.0	-1000.0	0.0	-0.0	Inf
GLYCLTtex_f	12ppd__S_p	-0.0	0.0	0.0	Inf	Inf
GLYCLTtex_f	chol_p	-0.0	-1000.0	0.0	-0.0	Inf
GLYCLTtex_f	cl_p	-0.0	-0.002096515670359622	999.9979034843296	-0.0	0.0
GLYCLTtex_f	34dhpac_p	-0.0	-1000.0	0.0	-0.0	Inf
GLYCLTtex_f	cm_p	-0.0	0.0	0.0	Inf	Inf
GLYCLTtex_f	4hoxpacd_p	-0.0	-1000.0	0.0	-0.0	Inf
GLYCLTtex_f	co2_p	-0.0	-992.5338008727003	7.46619912729966	-0.0	0.0
GLYCLTtex_f	5mtr_p	-0.0	0.0	0.0	Inf	Inf
GLYCLTtex_f	LalaDgluMdap_p	-0.0	-0.011192694994724403	0.0	-0.0	Inf
GLYCLTtex_f	gal_p	-0.0	-1000.0	0.0	-0.0	Inf
GLYCLTtex_f	ac_p	-0.0	-1.7411065198056872	0.0	-0.0	Inf
GLYCLTtex_f	crn_p	-0.0	-1000.0	0.0	-0.0	Inf
GLYCLTtex_f	gal_bD_p	-0.0	-1000.0	0.0	-0.0	Inf
GLYCLTtex_f	acald_p	-0.0	-1000.0	0.0	-0.0	Inf
GLYCLTtex_f	acgal_p	-0.0	-1000.0	0.0	-0.0	Inf
GLYCLTtex_f	csn_p	-0.0	0.0	0.0	Inf	Inf
GLYCLTtex_f	acgam_p	-0.0	-1000.0	0.0	-0.0	Inf
GLYCLTtex_f	galt_p	-0.0	-2.8385554398778936	0.0	-0.0	Inf
GLYCLTtex_f	acmana_p	-0.0	-1000.0	0.0	-0.0	Inf
GLYCLTtex_f	cyan_p	-0.0	0.0	0.0	Inf	Inf
GLYCLTtex_f	ade_p	-0.0	-1000.0	0.0	-0.0	Inf
GLYCLTtex_f	adn_p	-0.0	0.0	0.0002694657028742848	Inf	0.0
GLYCLTtex_f	cytd_p	-0.0	0.0	0.0	Inf	Inf
GLYCLTtex_f	glc__D_p	-0.0	-1000.0	0.0	-0.0	Inf
GLYCLTtex_f	dad_2_p	-0.0	-1000.0	0.0	-0.0	Inf
GLYCLTtex_f	dcyt_p	-0.0	-1000.0	0.0	-0.0	Inf
GLYCLTtex_f	all__D_p	-0.0	0.0	0.0	Inf	Inf
GLYCLTtex_f	alltn_p	-0.0	0.0	0.0	Inf	Inf
GLYCLTtex_f	dha_p	-0.0	-1000.0	0.0	-0.0	Inf
GLYCLTtex_f	glyald_p	-0.0	-1000.0	0.0	-0.0	Inf
GLYCLTtex_f	glyb_p	0.0	0.0	0.0	Inf	Inf
GLYCLTtex_f	dms_p	-0.0	-1000.0	0.0	-0.0	Inf
GLYCLTtex_f	glyc_p	-0.0	-78.70315759795771	0.6548573236401155	-0.0	0.0
GLYCLTtex_f	dmso_p	-0.0	-1000.0	0.0	-0.0	Inf
GLYCLTtex_f	arab__L_p	-0.0	0.0	0.0	Inf	Inf
GLYCLTtex_f	arbt_p	0.0	0.0	0.0	Inf	Inf
GLYCLTtex_f	ca2_p	-0.0	-0.002096515670359622	999.9979034843296	-0.0	0.0
GLYCLTtex_f	duri_p	-0.0	-1000.0	0.0	-0.0	Inf
GLYCLTtex_f	h2_p	-0.0	-1000.0	0.0	-0.0	Inf
GLYCLTtex_f	h2o2_p	-0.0	-1000.0	0.0	-0.0	Inf
GLYCLTtex_f	etoh_p	-0.0	-1000.0	0.0	-0.0	Inf
GLYCLTtex_f	fald_p	-0.0	0.0	0.0	Inf	Inf
GLYCLTtex_f	n2o_p	-0.0	-1000.0	0.0	-0.0	Inf
GLYCLTtex_f	na1_p	-0.0	0.0	0.0	Inf	Inf
GLYCLTtex_f	indole_p	-0.0	0.0	0.21978088259154563	Inf	0.0
GLYCLTtex_f	nac_p	-0.0	-1000.0	0.0	-0.0	Inf
GLYCLTtex_f	ni2_p	-0.0	-0.00013010078032493766	999.9998698992197	-0.0	0.0
GLYCLTtex_f	inost_p	-0.0	-1000.0	0.0	-0.0	Inf
GLYCLTtex_f	no_p	-0.0	-1000.0	0.0	-0.0	Inf
GLYCLTtex_f	no2_p	-0.0	-1000.0	0.0	-0.0	Inf
GLYCLTtex_f	for_p	-0.0	0.0	0.0009880409115246395	Inf	0.0
GLYCLTtex_f	fru_p	-0.0	-1000.0	0.0	-0.0	Inf
GLYCLTtex_f	no3_p	-0.0	0.0	0.0	Inf	Inf
GLYCLTtex_f	k_p	-0.0	-0.07862155297630125	999.9213784470237	-0.0	0.0
GLYCLTtex_f	novbcn_p	-0.0	0.0	0.0	Inf	Inf
GLYCLTtex_f	o2_p	-0.0	-10.60590187706066	989.3940981229393	-0.0	0.0
GLYCLTtex_f	lipa_cold_p	-0.0	-8.022002214591414	0.0	-0.0	Inf
GLYCLTtex_f	g3pe_p	-0.0	0.0	0.0	Inf	Inf
GLYCLTtex_f	g3pi_p	-0.0	0.0	0.0	Inf	Inf
GLYCLTtex_f	so3_p	-0.0	-1000.0	0.0	-0.0	Inf
GLYCLTtex_f	so4_p	-0.0	-0.10158575046170226	999.8984142495383	-0.0	0.0
GLYCLTtex_f	malt_p	0.0	0.0	0.0	Inf	Inf
GLYCLTtex_f	malthx_p	0.0	0.0	0.0	Inf	Inf
GLYCLTtex_f	maltpt_p	0.0	0.0	0.0	Inf	Inf
GLYCLTtex_f	sucr_p	-0.0	-1000.0	0.0	-0.0	Inf
GLYCLTtex_f	malttr_p	0.0	0.0	0.0	Inf	Inf
GLYCLTtex_f	maltttr_p	0.0	0.0	0.0	Inf	Inf
GLYCLTtex_f	pacald_p	-0.0	-1000.0	0.0	-0.0	Inf
GLYCLTtex_f	man_p	-0.0	-1000.0	0.0	-0.0	Inf
GLYCLTtex_f	tartr__L_p	-0.0	-1000.0	0.0	-0.0	Inf
GLYCLTtex_f	pe120_p	-0.0	0.0	0.0	Inf	Inf
GLYCLTtex_f	melib_p	-0.0	-1000.0	0.0	-0.0	Inf
GLYCLTtex_f	meoh_p	-0.0	-1000.0	0.0	-0.0	Inf
GLYCLTtex_f	thym_p	-0.0	-1000.0	0.0	-0.0	Inf
GLYCLTtex_f	thymd_p	-0.0	-0.010539371571612161	0.0	-0.0	Inf
GLYCLTtex_f	pg120_p	-0.0	0.0	0.0	Inf	Inf
GLYCLTtex_f	metsox_S__L_p	-0.0	-1000.0	0.0	-0.0	Inf
GLYCLTtex_f	tmao_p	-0.0	-1000.0	0.0	-0.0	Inf
GLYCLTtex_f	mg2_p	-0.0	-0.0034941927839079534	999.9965058072161	-0.0	0.0
GLYCLTtex_f	tre_p	-0.0	0.0	0.0	Inf	Inf
GLYCLTtex_f	mnl_p	-0.0	0.0	0.0	Inf	Inf
GLYCLTtex_f	mobd_p	-0.0	-5.1959754387098656e-05	999.9999480402456	-0.0	0.0
GLYCLTtex_f	ura_p	-0.0	-1000.0	0.0	-0.0	Inf
GLYCLTtex_f	urea_p	-0.0	-1000.0	0.0	-0.0	Inf
GLYCLTtex_f	uri_p	-0.0	0.0	0.0	Inf	Inf
GLYCLTtex_f	xan_p	-0.0	0.0	0.0	Inf	Inf
GLYCLTtex_f	xtsn_p	-0.0	0.0	0.0	Inf	Inf
GLYCLTtex_f	xyl__D_p	-0.0	0.0	0.0	Inf	Inf
GLYCLTtex_f	xylu__L_p	-0.0	-1000.0	0.0	-0.0	Inf
GLYCLTtex_f	ppal_p	-0.0	-1000.0	0.0	-0.0	Inf
GLYCLTtex_f	psclys_p	-0.0	-1000.0	0.0	-0.0	Inf
GLYCLTtex_f	pydx_p	-0.0	0.0	0.0	Inf	Inf
GLYCLTtex_f	pydxn_p	-0.0	0.0	0.0	Inf	Inf
GLYCLTtex_f	rib__D_p	-0.0	-1000.0	0.0	-0.0	Inf
GLYCLTtex_f	rmn_p	-0.0	-1000.0	0.0	-0.0	Inf
GLYCLTtex_f	sbt__D_p	-0.0	-2.896289070898126	0.0	-0.0	Inf
GLYCLTtex_f	slnt_p	-0.0	0.0	0.0	Inf	Inf
GLYCLTtex_f	so2_p	-0.0	-1000.0	0.0	-0.0	Inf
