Reaction	Metabolite	ShadowPrice	G-	G+	DecrementalShadowPrice	IncrementalShadowPrice
GLBRAN2	12dgr120_c	-0.0	0.0	0.0	Inf	Inf
GLBRAN2	12dgr140_c	-0.0	0.0	0.0	Inf	Inf
GLBRAN2	12dgr160_c	-0.0	-0.03461024303761607	0.0	-0.0	Inf
GLBRAN2	12dgr180_c	-0.0	0.0	0.0	Inf	Inf
GLBRAN2	12ppd__R_c	-0.0	-1000.0	0.0	-0.0	Inf
GLBRAN2	12ppd__S_c	-0.0	0.0	0.0	Inf	Inf
GLBRAN2	5drib_c	-0.0	-999.9998514637022	0.0001485362978841253	-0.0	0.0
GLBRAN2	5mta_c	-0.0	0.0	0.0	Inf	Inf
GLBRAN2	23dhacoa_c	-0.0	-0.0003802529217820094	0.0	-0.0	Inf
GLBRAN2	5mtr_c	-0.0	0.0	0.0	Inf	Inf
GLBRAN2	3amac_c	-0.0	-6.065715401685627	0.0	-0.0	Inf
GLBRAN2	LalaDgluMdap_c	-0.0	-0.01834456286935144	0.0	-0.0	Inf
GLBRAN2	ac_c	-0.0	-0.9393145529778816	0.38459414344879406	-0.0	0.0
GLBRAN2	acald_c	-0.0	0.0	1.4368373936660077	Inf	0.0
GLBRAN2	acetol_c	-0.0	0.0	0.0	Inf	Inf
GLBRAN2	acgam_c	-0.0	-0.06237732317554594	0.0	-0.0	Inf
GLBRAN2	acgam6p_c	-0.0	-0.06237732317554594	0.0	-0.0	Inf
GLBRAN2	acmalt_c	0.0	0.0	0.0	Inf	Inf
GLBRAN2	acmana_c	-0.0	-0.06237732317554594	0.0	-0.0	Inf
GLBRAN2	2dmmq8_c	-0.0	0.0	0.0	Inf	Inf
GLBRAN2	2dmmql8_c	0.0	0.0	0.0	Inf	Inf
GLBRAN2	ade_c	-0.0	-0.07371493374876081	0.00044428857102385574	-0.0	0.0
GLBRAN2	adn_c	-0.0	0.0	0.00044428857102385574	Inf	0.0
GLBRAN2	3sala_c	0.0	0.0	0.0	Inf	Inf
GLBRAN2	adphep_DD_c	-0.0	0.0	0.0	Inf	Inf
GLBRAN2	adphep_LD_c	-0.0	0.0	0.0	Inf	Inf
GLBRAN2	4ahmmp_c	0.0	0.0	0.0	Inf	Inf
GLBRAN2	4crsol_c	-0.0	-999.9998527840247	0.0001472159752362664	-0.0	0.0
GLBRAN2	2ohph_c	-0.0	-0.0001472159752362664	0.05005663267186055	-0.0	0.0
GLBRAN2	2ombzl_c	-0.0	0.0	0.0	Inf	Inf
GLBRAN2	2omhmbl_c	-0.0	0.0	0.0	Inf	Inf
GLBRAN2	2ommbl_c	0.0	0.0	0.0	Inf	Inf
GLBRAN2	2omph_c	-0.0	0.0	0.045041716792350646	Inf	0.0
GLBRAN2	4mhetz_c	0.0	0.0	0.0	Inf	Inf
GLBRAN2	2oph_c	-0.0	-0.0001472159752362664	0.05005663267186055	-0.0	0.0
GLBRAN2	2oxpaccoa_c	-0.0	-0.0003802529217820094	0.0	-0.0	Inf
GLBRAN2	all__D_c	-0.0	-0.2599888494849495	0.0	-0.0	Inf
GLBRAN2	alltn_c	-0.0	-0.9926846980334432	0.0	-0.0	Inf
GLBRAN2	4r5au_c	-0.0	-0.00029443194995715986	0.2986221664786972	-0.0	0.0
GLBRAN2	56dura_c	0.0	0.0	0.0	Inf	Inf
GLBRAN2	arab__L_c	-0.0	-0.3119866193819394	0.0	-0.0	Inf
GLBRAN2	etoh_c	-0.0	-1000.0	0.0	-0.0	Inf
GLBRAN2	csn_c	-0.0	0.0	0.10159090581601049	Inf	0.0
GLBRAN2	fald_c	-0.0	0.0	0.0	Inf	Inf
GLBRAN2	fc1p_c	-0.0	-0.24198408151507764	0.0	-0.0	Inf
GLBRAN2	fcl__L_c	-0.0	0.0	0.0	Inf	Inf
GLBRAN2	aso4_c	0.0	0.0	0.0	Inf	Inf
GLBRAN2	cyan_c	0.0	0.0	0.0	Inf	Inf
GLBRAN2	athtp_c	0.0	0.0	0.0	Inf	Inf
GLBRAN2	cytd_c	-0.0	0.0	0.0	Inf	Inf
GLBRAN2	dad_2_c	-0.0	0.0	0.0	Inf	Inf
GLBRAN2	dad_5_c	-0.0	-0.07371493374876081	0.0001485362978841253	-0.0	0.0
GLBRAN2	betald_c	0.0	0.0	0.0	Inf	Inf
GLBRAN2	btal_c	-0.0	-4.367812671347154	0.0	-0.0	Inf
GLBRAN2	for_c	-0.0	-2.9118751142314356	0.0016193757260983084	-0.0	0.0
GLBRAN2	dcyt_c	-0.0	-0.017273781201907472	0.0	-0.0	Inf
GLBRAN2	fru_c	-0.0	-0.2599888494849495	0.0	-0.0	Inf
GLBRAN2	ca2_c	-0.0	-0.0034361396910753683	17.471250685388615	-0.0	0.0
GLBRAN2	g3pe_c	-0.0	0.0	0.0	Inf	Inf
GLBRAN2	g3pi_c	0.0	0.0	0.0	Inf	Inf
GLBRAN2	cbm_c	-0.0	-3.032857700842816	0.0	-0.0	Inf
GLBRAN2	dha_c	-0.0	-0.519977698969899	1.0976382335433206	-0.0	0.0
GLBRAN2	gal_c	-0.0	0.0	0.0	Inf	Inf
GLBRAN2	dhgly_c	-0.0	-0.0001472159752362664	0.19875667850458165	-0.0	0.0
GLBRAN2	dhmptp_c	0.0	0.0	0.0	Inf	Inf
GLBRAN2	gcald_c	-0.0	-0.8088541983976203	0.000441647925754296	-0.0	0.0
GLBRAN2	dhptd_c	-0.0	-35.336147919970294	0.00029575227313973043	-0.0	0.0
GLBRAN2	cechddd_c	-0.0	0.0	0.0	Inf	Inf
GLBRAN2	dhptdn_c	0.0	0.0	0.0	Inf	Inf
GLBRAN2	chol_c	0.0	0.0	0.0	Inf	Inf
GLBRAN2	chtbs6p_c	-0.0	0.0	0.0	Inf	Inf
GLBRAN2	dmbzid_c	0.0	0.0	0.0	Inf	Inf
GLBRAN2	dms_c	0.0	0.0	0.0	Inf	Inf
GLBRAN2	dmso_c	0.0	0.0	0.0	Inf	Inf
GLBRAN2	cl_c	-0.0	-0.0034361396910527657	34.94250137077723	-0.0	0.0
GLBRAN2	glc__D_c	-0.0	-0.2599888494849495	0.0	-0.0	Inf
GLBRAN2	co2_c	-0.0	-982.0985568468918	17.89982377738204	-0.0	0.0
GLBRAN2	dscl_c	-0.0	-0.0001472159752362664	0.04816214727372096	-0.0	0.0
GLBRAN2	dtdp4aaddg_c	-0.0	0.0	0.0	Inf	Inf
GLBRAN2	glyald_c	-0.0	-1000.0	0.0	-0.0	Inf
GLBRAN2	crn_c	-0.0	-17.471250685388615	0.0	-0.0	Inf
GLBRAN2	duri_c	-0.0	-0.017273781201907472	0.0	-0.0	Inf
GLBRAN2	glyb_c	0.0	0.0	0.0	Inf	Inf
GLBRAN2	glyc_c	-0.0	-0.09178090854326298	0.0	-0.0	Inf
GLBRAN2	dxyl_c	0.0	0.0	0.0	Inf	Inf
GLBRAN2	glycogen_c	-0.0	-0.24538273434534558	0.0	-0.0	Inf
GLBRAN2	gmhep1p_c	-0.0	0.0	0.4328164970632633	Inf	0.0
GLBRAN2	lipa_cold_c	-0.0	0.0	0.0	Inf	Inf
GLBRAN2	lipidA_c	-0.0	-0.012844098718346686	0.0376507552296998	-0.0	0.0
GLBRAN2	malt_c	0.0	0.0	0.0	Inf	Inf
GLBRAN2	h2_c	-0.0	0.0	0.0	Inf	Inf
GLBRAN2	malthx_c	-0.0	0.0	0.0	Inf	Inf
GLBRAN2	maltpt_c	-0.0	0.0	0.0	Inf	Inf
GLBRAN2	malttr_c	-0.0	0.0	0.0	Inf	Inf
GLBRAN2	maltttr_c	-0.0	0.0	0.0	Inf	Inf
GLBRAN2	h2o2_c	-0.0	-0.0010734223126767164	9.818941668488574	-0.0	0.0
GLBRAN2	man_c	-0.0	0.0	0.0	Inf	Inf
GLBRAN2	mdhdhf_c	-0.0	-35.336147919970294	0.00029575227313973043	-0.0	0.0
GLBRAN2	melib_c	-0.0	0.0	0.0	Inf	Inf
GLBRAN2	meoh_c	-0.0	-999.9999986796773	1.3203226671976154e-06	-0.0	0.0
GLBRAN2	pacald_c	-0.0	-17.471250685388615	0.0	-0.0	Inf
GLBRAN2	metsox_S__L_c	-0.0	-0.07371493374876081	0.0	-0.0	Inf
GLBRAN2	mg2_c	-0.0	-0.005726899485087943	8.735625342694307	-0.0	0.0
GLBRAN2	hhlipa_c	-0.0	0.0	0.0	Inf	Inf
GLBRAN2	pe120_c	-0.0	0.0	0.0	Inf	Inf
GLBRAN2	mobd_c	-0.0	-8.516081078689851e-05	12.183784392330864	-0.0	0.0
GLBRAN2	hlipa_c	-0.0	0.0	0.0	Inf	Inf
GLBRAN2	pg120_c	-0.0	-0.0422419020439763	0.0	-0.0	Inf
GLBRAN2	mql8_c	0.0	0.0	0.0	Inf	Inf
GLBRAN2	mqn8_c	-0.0	0.0	0.0	Inf	Inf
GLBRAN2	mthgxl_c	-0.0	0.0	0.0	Inf	Inf
GLBRAN2	hqn_c	0.0	0.0	0.0	Inf	Inf
GLBRAN2	mththf_c	-0.0	-999.9997042477269	0.00029575227313973043	-0.0	0.0
GLBRAN2	n2o_c	-0.0	-1000.0	0.0	-0.0	Inf
GLBRAN2	na1_c	-0.0	0.0	0.0	Inf	Inf
GLBRAN2	nac_c	-0.0	0.0	0.0	Inf	Inf
GLBRAN2	ncam_c	-0.0	0.0	0.0	Inf	Inf
GLBRAN2	ni2_c	-0.0	-0.00021323210762602685	999.9997867678924	-0.0	0.0
GLBRAN2	no_c	-0.0	-1000.0	0.0	-0.0	Inf
GLBRAN2	indole_c	-0.0	-0.03752555013612149	0.3152337488313287	-0.0	0.0
GLBRAN2	no2_c	-0.0	-17.471250685388615	0.0	-0.0	Inf
GLBRAN2	no3_c	0.0	0.0	0.0	Inf	Inf
GLBRAN2	inost_c	0.0	0.0	0.0	Inf	Inf
GLBRAN2	o2_c	-0.0	-16.49272094300556	983.5072790569944	-0.0	0.0
GLBRAN2	poaac_c	-0.0	-3.636950564874879	0.0	-0.0	Inf
GLBRAN2	ppal_c	-0.0	0.0	0.0	Inf	Inf
GLBRAN2	k_c	-0.0	-0.12885886930176033	48.735137569323456	-0.0	0.0
GLBRAN2	psclys_c	-0.0	0.0	0.0	Inf	Inf
GLBRAN2	lald__D_c	-0.0	0.0	0.0	Inf	Inf
GLBRAN2	lald__L_c	-0.0	-0.519977698969899	0.0	-0.0	Inf
GLBRAN2	ura_c	-0.0	0.0	0.0	Inf	Inf
GLBRAN2	pydx_c	-0.0	0.0	0.3886374606804099	Inf	0.0
GLBRAN2	uracp_c	-0.0	-3.565143135677374	0.0	-0.0	Inf
GLBRAN2	pydxn_c	-0.0	0.0	0.3680901629102976	Inf	0.0
GLBRAN2	urate_c	-0.0	-0.0010734223126767164	0.0	-0.0	Inf
GLBRAN2	q8_c	-0.0	0.0	0.0	Inf	Inf
GLBRAN2	q8h2_c	0.0	0.0	0.0	Inf	Inf
GLBRAN2	urea_c	-0.0	-1000.0	0.0	-0.0	Inf
GLBRAN2	uri_c	-0.0	0.0	0.0	Inf	Inf
GLBRAN2	rbflvrd_c	-0.0	0.0	0.15393284134340932	Inf	0.0
GLBRAN2	rbl__L_c	-0.0	-0.3119866193819394	0.0	-0.0	Inf
GLBRAN2	rdmbzi_c	0.0	0.0	0.0	Inf	Inf
GLBRAN2	thptdn_c	0.0	0.0	0.0	Inf	Inf
GLBRAN2	xan_c	-0.0	-0.07371493374876081	0.0	-0.0	Inf
GLBRAN2	rephaccoa_c	-0.0	-0.0003802529217820094	0.0	-0.0	Inf
GLBRAN2	rib__D_c	-0.0	0.0	0.6248094560169671	Inf	0.0
GLBRAN2	xtsn_c	-0.0	0.0	0.0	Inf	Inf
GLBRAN2	rml_c	-0.0	-0.2599888494849495	0.0	-0.0	Inf
GLBRAN2	thym_c	-0.0	-48.735137569323456	0.0	-0.0	Inf
GLBRAN2	thymd_c	-0.0	-0.017273781201907472	0.0	-0.0	Inf
GLBRAN2	xu5p__L_c	-0.0	-0.2864139456621083	0.0	-0.0	Inf
GLBRAN2	rmn_c	-0.0	-0.2599888494849495	0.0	-0.0	Inf
GLBRAN2	xyl__D_c	0.0	0.0	0.0	Inf	Inf
GLBRAN2	tmao_c	0.0	0.0	0.0	Inf	Inf
GLBRAN2	xylu__D_c	-0.0	0.0	0.0	Inf	Inf
GLBRAN2	xylu__L_c	-0.0	-0.3119866193819394	0.0	-0.0	Inf
GLBRAN2	12ppd__R_e	-0.0	-1000.0	0.0	-0.0	Inf
GLBRAN2	12ppd__S_e	-0.0	-1000.0	0.0	-0.0	Inf
GLBRAN2	tre_c	-0.0	-0.12999442474247475	0.0	-0.0	Inf
GLBRAN2	seln_c	0.0	0.0	0.0	Inf	Inf
GLBRAN2	34dhpac_e	-0.0	-1000.0	0.0	-0.0	Inf
GLBRAN2	slnt_c	0.0	0.0	0.0	Inf	Inf
GLBRAN2	so2_c	0.0	0.0	0.0	Inf	Inf
GLBRAN2	so3_c	-0.0	-0.16363550768437546	2.3889773318295786	-0.0	0.0
GLBRAN2	so4_c	-0.0	-0.1664992875075768	48.735137569323456	-0.0	0.0
GLBRAN2	4hoxpacd_e	-0.0	-1000.0	0.0	-0.0	Inf
GLBRAN2	5mtr_e	-0.0	0.0	0.0	Inf	Inf
GLBRAN2	LalaDgluMdap_e	-0.0	-1000.0	0.0	-0.0	Inf
GLBRAN2	ac_e	-0.0	0.0	0.0	Inf	Inf
GLBRAN2	acald_e	-0.0	-1000.0	0.0	-0.0	Inf
GLBRAN2	acgal_e	-0.0	-1000.0	0.0	-0.0	Inf
GLBRAN2	acgam_e	-0.0	-1000.0	0.0	-0.0	Inf
GLBRAN2	acmana_e	-0.0	-1000.0	0.0	-0.0	Inf
GLBRAN2	tagur_c	-0.0	0.0	0.0	Inf	Inf
GLBRAN2	tartr__L_c	-0.0	-0.5262424905237529	0.0	-0.0	Inf
GLBRAN2	ade_e	-0.0	-1000.0	0.0	-0.0	Inf
GLBRAN2	adn_e	-0.0	-1000.0	0.0	-0.0	Inf
GLBRAN2	all__D_e	-0.0	-1000.0	0.0	-0.0	Inf
GLBRAN2	cl_e	-0.0	-0.0034361396910753683	999.9965638603089	-0.0	0.0
GLBRAN2	alltn_e	-0.0	0.0	0.0	Inf	Inf
GLBRAN2	cm_e	-0.0	-1000.0	0.0	-0.0	Inf
GLBRAN2	co2_e	-0.0	-982.0985568468918	17.901443153108175	-0.0	0.0
GLBRAN2	arab__L_e	-0.0	-1000.0	0.0	-0.0	Inf
GLBRAN2	arbt_e	-0.0	-1000.0	0.0	-0.0	Inf
GLBRAN2	unagamu_c	-0.0	0.0	0.03425779387693196	Inf	0.0
GLBRAN2	crn_e	-0.0	-1000.0	0.0	-0.0	Inf
GLBRAN2	csn_e	-0.0	-1000.0	0.0	-0.0	Inf
GLBRAN2	cyan_e	-0.0	-1000.0	0.0	-0.0	Inf
GLBRAN2	glyb_e	-0.0	-1000.0	0.0	-0.0	Inf
GLBRAN2	glyc_e	-0.0	-1000.0	0.0	-0.0	Inf
GLBRAN2	cytd_e	-0.0	-1000.0	0.0	-0.0	Inf
GLBRAN2	ca2_e	-0.0	-0.0034361396910753683	999.9965638603089	-0.0	0.0
GLBRAN2	dad_2_e	-0.0	-1000.0	0.0	-0.0	Inf
GLBRAN2	dcyt_e	-0.0	-1000.0	0.0	-0.0	Inf
GLBRAN2	chol_e	-0.0	-1000.0	0.0	-0.0	Inf
GLBRAN2	dha_e	-0.0	-1000.0	0.0	-0.0	Inf
GLBRAN2	ppal_e	-0.0	-1000.0	0.0	-0.0	Inf
GLBRAN2	h2_e	-0.0	-1000.0	0.0	-0.0	Inf
GLBRAN2	dms_e	-0.0	-1000.0	0.0	-0.0	Inf
GLBRAN2	dmso_e	-0.0	-1000.0	0.0	-0.0	Inf
GLBRAN2	h2o2_e	-0.0	-1000.0	0.0	-0.0	Inf
GLBRAN2	psclys_e	-0.0	-1000.0	0.0	-0.0	Inf
GLBRAN2	duri_e	-0.0	-1000.0	0.0	-0.0	Inf
GLBRAN2	pydx_e	-0.0	-1000.0	0.0	-0.0	Inf
GLBRAN2	pydxn_e	-0.0	-1000.0	0.0	-0.0	Inf
GLBRAN2	etoh_e	-0.0	-1000.0	0.0	-0.0	Inf
GLBRAN2	fald_e	-0.0	0.0	0.0	Inf	Inf
GLBRAN2	rib__D_e	-0.0	-1000.0	0.0	-0.0	Inf
GLBRAN2	rmn_e	-0.0	-1000.0	0.0	-0.0	Inf
GLBRAN2	indole_e	-0.0	-1000.0	0.0	-0.0	Inf
GLBRAN2	inost_e	-0.0	-1000.0	0.0	-0.0	Inf
GLBRAN2	sbt__D_e	-0.0	-0.24538273434534558	0.0	-0.0	Inf
GLBRAN2	k_e	-0.0	-0.12885886930178003	999.8711411306982	-0.0	0.0
GLBRAN2	for_e	-0.0	0.0	0.0016193757260983084	Inf	0.0
GLBRAN2	slnt_e	-0.0	0.0	1000.0	Inf	0.0
GLBRAN2	fru_e	-0.0	-1000.0	0.0	-0.0	Inf
GLBRAN2	so2_e	-0.0	-1000.0	0.0	-0.0	Inf
GLBRAN2	so3_e	-0.0	-1000.0	0.0	-0.0	Inf
GLBRAN2	so4_e	-0.0	-0.1664992875075768	999.8335007124924	-0.0	0.0
GLBRAN2	lipa_cold_e	-0.0	-1000.0	0.0	-0.0	Inf
GLBRAN2	sucr_e	-0.0	-1000.0	0.0	-0.0	Inf
GLBRAN2	g3pe_e	-0.0	-1000.0	0.0	-0.0	Inf
GLBRAN2	malt_e	-0.0	-1000.0	0.0	-0.0	Inf
GLBRAN2	tartr__L_e	-0.0	-1000.0	0.0	-0.0	Inf
GLBRAN2	g3pi_e	-0.0	-1000.0	0.0	-0.0	Inf
GLBRAN2	malthx_e	-0.0	-1000.0	0.0	-0.0	Inf
GLBRAN2	maltpt_e	-0.0	-1000.0	0.0	-0.0	Inf
GLBRAN2	gal_e	-0.0	-1000.0	0.0	-0.0	Inf
GLBRAN2	gal_bD_e	-0.0	-1000.0	0.0	-0.0	Inf
GLBRAN2	malttr_e	-0.0	-1000.0	0.0	-0.0	Inf
GLBRAN2	maltttr_e	-0.0	-1000.0	0.0	-0.0	Inf
GLBRAN2	man_e	-0.0	-1000.0	0.0	-0.0	Inf
GLBRAN2	thym_e	-0.0	-1000.0	0.0	-0.0	Inf
GLBRAN2	thymd_e	-0.0	-1000.0	0.0	-0.0	Inf
GLBRAN2	galt_e	-0.0	-0.24538273434534558	0.0	-0.0	Inf
GLBRAN2	melib_e	-0.0	-1000.0	0.0	-0.0	Inf
GLBRAN2	meoh_e	-0.0	-999.9999986796773	1.3203226671976154e-06	-0.0	0.0
GLBRAN2	tmao_e	-0.0	-1000.0	0.0	-0.0	Inf
GLBRAN2	tre_e	-0.0	-1000.0	0.0	-0.0	Inf
GLBRAN2	metsox_S__L_e	-0.0	-1000.0	0.0	-0.0	Inf
GLBRAN2	glc__D_e	-0.0	-0.2599888494849495	0.5488191167716603	-0.0	0.0
GLBRAN2	mg2_e	-0.0	-0.005726899485125614	999.9942731005149	-0.0	0.0
GLBRAN2	mnl_e	-0.0	-1000.0	0.0	-0.0	Inf
GLBRAN2	mobd_e	-0.0	-8.51608108405344e-05	999.9999148391892	-0.0	0.0
GLBRAN2	glyald_e	-0.0	-1000.0	0.0	-0.0	Inf
GLBRAN2	n2o_e	-0.0	-1000.0	0.0	-0.0	Inf
GLBRAN2	na1_e	-0.0	0.0	1000.0	Inf	0.0
GLBRAN2	nac_e	-0.0	-1000.0	0.0	-0.0	Inf
GLBRAN2	ni2_e	-0.0	-0.00021323210762602685	999.9997867678924	-0.0	0.0
GLBRAN2	no_e	-0.0	-1000.0	0.0	-0.0	Inf
GLBRAN2	no2_e	-0.0	-1000.0	0.0	-0.0	Inf
GLBRAN2	ura_e	-0.0	-1000.0	0.0	-0.0	Inf
GLBRAN2	no3_e	-0.0	-1000.0	0.0	-0.0	Inf
GLBRAN2	urea_e	-0.0	-1000.0	0.0	-0.0	Inf
GLBRAN2	novbcn_e	-0.0	-1000.0	0.0	-0.0	Inf
GLBRAN2	uri_e	-0.0	-1000.0	0.0	-0.0	Inf
GLBRAN2	o2_e	-0.0	-16.492720943005565	983.5072790569944	-0.0	0.0
GLBRAN2	xan_e	-0.0	0.0	0.0	Inf	Inf
GLBRAN2	xtsn_e	-0.0	-1000.0	0.0	-0.0	Inf
GLBRAN2	xyl__D_e	-0.0	-1000.0	0.0	-0.0	Inf
GLBRAN2	xylu__L_e	-0.0	-1000.0	0.0	-0.0	Inf
GLBRAN2	pacald_e	-0.0	-1000.0	0.0	-0.0	Inf
GLBRAN2	12dgr120_p	-0.0	0.0	0.0	Inf	Inf
GLBRAN2	12dgr140_p	-0.0	0.0	0.0	Inf	Inf
GLBRAN2	12dgr160_p	-0.0	-0.03461024303761607	0.0	-0.0	Inf
GLBRAN2	12dgr180_p	-0.0	0.0	0.0	Inf	Inf
GLBRAN2	12ppd__R_p	-0.0	-1000.0	0.0	-0.0	Inf
GLBRAN2	12ppd__S_p	-0.0	0.0	0.0	Inf	Inf
GLBRAN2	chol_p	-0.0	-1000.0	0.0	-0.0	Inf
GLBRAN2	cl_p	-0.0	-0.0034361396910753683	999.9965638603089	-0.0	0.0
GLBRAN2	34dhpac_p	-0.0	-1000.0	0.0	-0.0	Inf
GLBRAN2	cm_p	-0.0	0.0	0.0	Inf	Inf
GLBRAN2	4hoxpacd_p	-0.0	-1000.0	0.0	-0.0	Inf
GLBRAN2	co2_p	-0.0	-982.0985568468918	17.901443153108175	-0.0	0.0
GLBRAN2	5mtr_p	-0.0	0.0	0.0	Inf	Inf
GLBRAN2	LalaDgluMdap_p	-0.0	-0.01834456286935144	0.0	-0.0	Inf
GLBRAN2	gal_p	-0.0	-1000.0	0.0	-0.0	Inf
GLBRAN2	ac_p	-0.0	-0.9926846980334428	0.0	-0.0	Inf
GLBRAN2	crn_p	-0.0	-1000.0	0.0	-0.0	Inf
GLBRAN2	gal_bD_p	-0.0	-1000.0	0.0	-0.0	Inf
GLBRAN2	acald_p	-0.0	-1000.0	0.0	-0.0	Inf
GLBRAN2	acgal_p	-0.0	-1000.0	0.0	-0.0	Inf
GLBRAN2	csn_p	-0.0	0.0	0.0	Inf	Inf
GLBRAN2	acgam_p	-0.0	-1000.0	0.0	-0.0	Inf
GLBRAN2	galt_p	-0.0	-0.24538273434534558	0.0	-0.0	Inf
GLBRAN2	acmana_p	-0.0	-1000.0	0.0	-0.0	Inf
GLBRAN2	cyan_p	-0.0	0.0	0.0	Inf	Inf
GLBRAN2	ade_p	-0.0	-1000.0	0.0	-0.0	Inf
GLBRAN2	adn_p	-0.0	0.0	0.00044428857102385574	Inf	0.0
GLBRAN2	cytd_p	-0.0	0.0	0.0	Inf	Inf
GLBRAN2	glc__D_p	-0.0	-0.2599888494849495	0.5488191167716603	-0.0	0.0
GLBRAN2	dad_2_p	-0.0	-1000.0	0.0	-0.0	Inf
GLBRAN2	dcyt_p	-0.0	-1000.0	0.0	-0.0	Inf
GLBRAN2	all__D_p	-0.0	0.0	0.0	Inf	Inf
GLBRAN2	alltn_p	-0.0	0.0	0.0	Inf	Inf
GLBRAN2	dha_p	-0.0	-1000.0	0.0	-0.0	Inf
GLBRAN2	glyald_p	-0.0	-1000.0	0.0	-0.0	Inf
GLBRAN2	glyb_p	0.0	0.0	0.0	Inf	Inf
GLBRAN2	dms_p	-0.0	-1000.0	0.0	-0.0	Inf
GLBRAN2	glyc_p	-0.0	-0.09178090854326298	0.0	-0.0	Inf
GLBRAN2	dmso_p	-0.0	-1000.0	0.0	-0.0	Inf
GLBRAN2	arab__L_p	-0.0	0.0	0.0	Inf	Inf
GLBRAN2	arbt_p	0.0	0.0	0.0	Inf	Inf
GLBRAN2	ca2_p	-0.0	-0.0034361396910753683	999.9965638603089	-0.0	0.0
GLBRAN2	duri_p	-0.0	-1000.0	0.0	-0.0	Inf
GLBRAN2	h2_p	-0.0	-1000.0	0.0	-0.0	Inf
GLBRAN2	h2o2_p	-0.0	-1000.0	0.0	-0.0	Inf
GLBRAN2	etoh_p	-0.0	-1000.0	0.0	-0.0	Inf
GLBRAN2	fald_p	-0.0	0.0	0.0	Inf	Inf
GLBRAN2	n2o_p	-0.0	-1000.0	0.0	-0.0	Inf
GLBRAN2	na1_p	-0.0	0.0	0.0	Inf	Inf
GLBRAN2	indole_p	-0.0	0.0	0.31728605188361597	Inf	0.0
GLBRAN2	nac_p	-0.0	-1000.0	0.0	-0.0	Inf
GLBRAN2	ni2_p	-0.0	-0.00021323210762602685	999.9997867678924	-0.0	0.0
GLBRAN2	inost_p	-0.0	-1000.0	0.0	-0.0	Inf
GLBRAN2	no_p	-0.0	-1000.0	0.0	-0.0	Inf
GLBRAN2	no2_p	-0.0	-1000.0	0.0	-0.0	Inf
GLBRAN2	for_p	-0.0	-2.9118751142314356	0.0016193757260983084	-0.0	0.0
GLBRAN2	fru_p	-0.0	-1000.0	0.0	-0.0	Inf
GLBRAN2	no3_p	-0.0	0.0	0.0	Inf	Inf
GLBRAN2	k_p	-0.0	-0.12885886930178003	999.8711411306982	-0.0	0.0
GLBRAN2	novbcn_p	-0.0	0.0	0.0	Inf	Inf
GLBRAN2	o2_p	-0.0	-16.492720943005565	983.5072790569944	-0.0	0.0
GLBRAN2	lipa_cold_p	-0.0	-12.183784392330864	0.0	-0.0	Inf
GLBRAN2	g3pe_p	-0.0	0.0	0.0	Inf	Inf
GLBRAN2	g3pi_p	-0.0	0.0	0.0	Inf	Inf
GLBRAN2	so3_p	-0.0	-1000.0	0.0	-0.0	Inf
GLBRAN2	so4_p	-0.0	-0.1664992875075768	999.8335007124924	-0.0	0.0
GLBRAN2	malt_p	0.0	0.0	0.0	Inf	Inf
GLBRAN2	malthx_p	0.0	0.0	0.0	Inf	Inf
GLBRAN2	maltpt_p	0.0	0.0	0.0	Inf	Inf
GLBRAN2	sucr_p	-0.0	-1000.0	0.0	-0.0	Inf
GLBRAN2	malttr_p	0.0	0.0	0.0	Inf	Inf
GLBRAN2	maltttr_p	0.0	0.0	0.0	Inf	Inf
GLBRAN2	pacald_p	-0.0	-1000.0	0.0	-0.0	Inf
GLBRAN2	man_p	-0.0	-1000.0	0.0	-0.0	Inf
GLBRAN2	tartr__L_p	-0.0	-1000.0	0.0	-0.0	Inf
GLBRAN2	pe120_p	-0.0	0.0	0.0	Inf	Inf
GLBRAN2	melib_p	-0.0	-1000.0	0.0	-0.0	Inf
GLBRAN2	meoh_p	-0.0	-999.9999986796773	1.3203226671976154e-06	-0.0	0.0
GLBRAN2	thym_p	-0.0	-1000.0	0.0	-0.0	Inf
GLBRAN2	thymd_p	-0.0	-0.017273781201907472	0.0	-0.0	Inf
GLBRAN2	pg120_p	-0.0	-0.04183728612401484	0.0	-0.0	Inf
GLBRAN2	metsox_S__L_p	-0.0	-1000.0	0.0	-0.0	Inf
GLBRAN2	tmao_p	-0.0	-1000.0	0.0	-0.0	Inf
GLBRAN2	mg2_p	-0.0	-0.005726899485087943	999.9942731005149	-0.0	0.0
GLBRAN2	tre_p	-0.0	0.0	0.0	Inf	Inf
GLBRAN2	mnl_p	-0.0	0.0	0.0	Inf	Inf
GLBRAN2	mobd_p	-0.0	-8.51608108405344e-05	999.9999148391892	-0.0	0.0
GLBRAN2	ura_p	-0.0	-1000.0	0.0	-0.0	Inf
GLBRAN2	urea_p	-0.0	-1000.0	0.0	-0.0	Inf
GLBRAN2	uri_p	-0.0	0.0	0.0	Inf	Inf
GLBRAN2	xan_p	-0.0	-0.07371493374876081	0.0	-0.0	Inf
GLBRAN2	xtsn_p	-0.0	0.0	0.0	Inf	Inf
GLBRAN2	xyl__D_p	-0.0	0.0	0.0	Inf	Inf
GLBRAN2	xylu__L_p	-0.0	-1000.0	0.0	-0.0	Inf
GLBRAN2	ppal_p	-0.0	-1000.0	0.0	-0.0	Inf
GLBRAN2	psclys_p	-0.0	-1000.0	0.0	-0.0	Inf
GLBRAN2	pydx_p	-0.0	0.0	0.0	Inf	Inf
GLBRAN2	pydxn_p	-0.0	0.0	0.0	Inf	Inf
GLBRAN2	rib__D_p	-0.0	-1000.0	0.0	-0.0	Inf
GLBRAN2	rmn_p	-0.0	-1000.0	0.0	-0.0	Inf
GLBRAN2	sbt__D_p	-0.0	-0.24538273434534558	0.0	-0.0	Inf
GLBRAN2	slnt_p	-0.0	0.0	0.0	Inf	Inf
GLBRAN2	so2_p	-0.0	-1000.0	0.0	-0.0	Inf
