Reaction	Metabolite	ShadowPrice	G-	G+	DecrementalShadowPrice	IncrementalShadowPrice
GGGABADr_f	12dgr120_c	-0.0	0.0	0.0	Inf	Inf
GGGABADr_f	12dgr140_c	-0.0	0.0	0.0	Inf	Inf
GGGABADr_f	12dgr160_c	-0.0	-0.03461024303762328	0.0	-0.0	Inf
GGGABADr_f	12dgr180_c	-0.0	0.0	0.0	Inf	Inf
GGGABADr_f	12ppd__R_c	-0.0	-1000.0	0.0	-0.0	Inf
GGGABADr_f	12ppd__S_c	-0.0	0.0	0.0	Inf	Inf
GGGABADr_f	5drib_c	-0.0	-999.9998514637022	0.0001485362978841253	-0.0	0.0
GGGABADr_f	5mta_c	-0.0	0.0	0.0	Inf	Inf
GGGABADr_f	23dhacoa_c	-0.0	-0.0003802529217820094	0.0	-0.0	Inf
GGGABADr_f	5mtr_c	-0.0	0.0	0.0	Inf	Inf
GGGABADr_f	3amac_c	-0.0	-6.065715401689265	0.0	-0.0	Inf
GGGABADr_f	LalaDgluMdap_c	-0.0	-0.01834456286935144	0.0	-0.0	Inf
GGGABADr_f	ac_c	-0.0	-0.9393145529780773	0.38459414344879406	-0.0	0.0
GGGABADr_f	acald_c	-0.0	0.0	1.4368373936660077	Inf	0.0
GGGABADr_f	acetol_c	-0.0	0.0	0.0	Inf	Inf
GGGABADr_f	acgam_c	-0.0	-0.06237732317554594	0.0	-0.0	Inf
GGGABADr_f	acgam6p_c	-0.0	-0.06237732317554594	0.0	-0.0	Inf
GGGABADr_f	acmalt_c	0.0	0.0	0.0	Inf	Inf
GGGABADr_f	acmana_c	-0.0	-0.06237732317554594	0.0	-0.0	Inf
GGGABADr_f	2dmmq8_c	-0.0	0.0	0.0	Inf	Inf
GGGABADr_f	2dmmql8_c	0.0	0.0	0.0	Inf	Inf
GGGABADr_f	ade_c	-0.0	-0.07371493374876081	0.00044428857102385574	-0.0	0.0
GGGABADr_f	adn_c	-0.0	0.0	0.00044428857102385574	Inf	0.0
GGGABADr_f	3sala_c	0.0	0.0	0.0	Inf	Inf
GGGABADr_f	adphep_DD_c	-0.0	0.0	0.0	Inf	Inf
GGGABADr_f	adphep_LD_c	-0.0	0.0	0.0	Inf	Inf
GGGABADr_f	4ahmmp_c	0.0	0.0	0.0	Inf	Inf
GGGABADr_f	4crsol_c	-0.0	-999.9998527840247	0.0001472159752362664	-0.0	0.0
GGGABADr_f	2ohph_c	-0.0	-0.0001472159752362664	0.05005663267185705	-0.0	0.0
GGGABADr_f	2ombzl_c	-0.0	0.0	0.0	Inf	Inf
GGGABADr_f	2omhmbl_c	-0.0	0.0	0.0	Inf	Inf
GGGABADr_f	2ommbl_c	0.0	0.0	0.0	Inf	Inf
GGGABADr_f	2omph_c	-0.0	0.0	0.045041716792347496	Inf	0.0
GGGABADr_f	4mhetz_c	0.0	0.0	0.0	Inf	Inf
GGGABADr_f	2oph_c	-0.0	-0.0001472159752362664	0.05005663267185705	-0.0	0.0
GGGABADr_f	2oxpaccoa_c	-0.0	-0.0003802529217820094	0.0	-0.0	Inf
GGGABADr_f	all__D_c	-0.0	-0.25998884948500367	0.0	-0.0	Inf
GGGABADr_f	alltn_c	-0.0	-0.9926846980336499	0.0	-0.0	Inf
GGGABADr_f	4r5au_c	-0.0	-0.00029443194995715986	0.29862216647867634	-0.0	0.0
GGGABADr_f	56dura_c	0.0	0.0	0.0	Inf	Inf
GGGABADr_f	arab__L_c	-0.0	-0.3119866193820044	0.0	-0.0	Inf
GGGABADr_f	etoh_c	-0.0	-1000.0	0.0	-0.0	Inf
GGGABADr_f	csn_c	-0.0	0.0	0.10159090581601049	Inf	0.0
GGGABADr_f	fald_c	-0.0	0.0	0.0	Inf	Inf
GGGABADr_f	fc1p_c	-0.0	-0.24198408151512807	0.0	-0.0	Inf
GGGABADr_f	fcl__L_c	-0.0	0.0	0.0	Inf	Inf
GGGABADr_f	aso4_c	0.0	0.0	0.0	Inf	Inf
GGGABADr_f	cyan_c	0.0	0.0	0.0	Inf	Inf
GGGABADr_f	athtp_c	0.0	0.0	0.0	Inf	Inf
GGGABADr_f	cytd_c	-0.0	0.0	0.0	Inf	Inf
GGGABADr_f	dad_2_c	-0.0	0.0	0.0	Inf	Inf
GGGABADr_f	dad_5_c	-0.0	-0.07371493374876081	0.0001485362978841253	-0.0	0.0
GGGABADr_f	betald_c	0.0	0.0	0.0	Inf	Inf
GGGABADr_f	btal_c	-0.0	-4.367812671348064	0.0	-0.0	Inf
GGGABADr_f	for_c	-0.0	-2.9118751142320423	0.0016193757260983084	-0.0	0.0
GGGABADr_f	dcyt_c	-0.0	-0.017273781201907472	0.0	-0.0	Inf
GGGABADr_f	fru_c	-0.0	-0.25998884948500367	0.0	-0.0	Inf
GGGABADr_f	ca2_c	-0.0	-0.0034361396910753683	17.471250685392256	-0.0	0.0
GGGABADr_f	g3pe_c	-0.0	0.0	0.0	Inf	Inf
GGGABADr_f	g3pi_c	0.0	0.0	0.0	Inf	Inf
GGGABADr_f	cbm_c	-0.0	-3.032857700844635	0.0	-0.0	Inf
GGGABADr_f	dha_c	-0.0	-0.5199776989700073	1.0976382335432437	-0.0	0.0
GGGABADr_f	gal_c	-0.0	0.0	0.0	Inf	Inf
GGGABADr_f	dhgly_c	-0.0	-0.0001472159752362664	0.19875667850456774	-0.0	0.0
GGGABADr_f	dhmptp_c	0.0	0.0	0.0	Inf	Inf
GGGABADr_f	gcald_c	-0.0	-0.8088541983977888	0.000441647925754296	-0.0	0.0
GGGABADr_f	dhptd_c	-0.0	-35.336147919971204	0.00029575227313973043	-0.0	0.0
GGGABADr_f	cechddd_c	-0.0	0.0	0.0	Inf	Inf
GGGABADr_f	dhptdn_c	0.0	0.0	0.0	Inf	Inf
GGGABADr_f	chol_c	0.0	0.0	0.0	Inf	Inf
GGGABADr_f	chtbs6p_c	-0.0	0.0	0.0	Inf	Inf
GGGABADr_f	dmbzid_c	0.0	0.0	0.0	Inf	Inf
GGGABADr_f	dms_c	0.0	0.0	0.0	Inf	Inf
GGGABADr_f	dmso_c	0.0	0.0	0.0	Inf	Inf
GGGABADr_f	cl_c	-0.0	-0.0034361396910527657	34.94250137078451	-0.0	0.0
GGGABADr_f	glc__D_c	-0.0	-0.25998884948500367	0.0	-0.0	Inf
GGGABADr_f	co2_c	-0.0	-982.0985568468918	17.89982377738204	-0.0	0.0
GGGABADr_f	dscl_c	-0.0	-0.0001472159752362664	0.04816214727372096	-0.0	0.0
GGGABADr_f	dtdp4aaddg_c	-0.0	0.0	0.0	Inf	Inf
GGGABADr_f	glyald_c	-0.0	-1000.0	0.0	-0.0	Inf
GGGABADr_f	crn_c	-0.0	-17.471250685392256	0.0	-0.0	Inf
GGGABADr_f	duri_c	-0.0	-0.017273781201907472	0.0	-0.0	Inf
GGGABADr_f	glyb_c	0.0	0.0	0.0	Inf	Inf
GGGABADr_f	glyc_c	-0.0	-0.09178090854326298	0.0	-0.0	Inf
GGGABADr_f	dxyl_c	0.0	0.0	0.0	Inf	Inf
GGGABADr_f	glycogen_c	-0.0	-0.2453827343453967	0.0	-0.0	Inf
GGGABADr_f	gmhep1p_c	-0.0	0.0	0.432816497063233	Inf	0.0
GGGABADr_f	lipa_cold_c	-0.0	0.0	0.0	Inf	Inf
GGGABADr_f	lipidA_c	-0.0	-0.012844098718346686	0.03765075522969717	-0.0	0.0
GGGABADr_f	malt_c	0.0	0.0	0.0	Inf	Inf
GGGABADr_f	h2_c	-0.0	0.0	0.0	Inf	Inf
GGGABADr_f	malthx_c	-0.0	0.0	0.0	Inf	Inf
GGGABADr_f	maltpt_c	-0.0	0.0	0.0	Inf	Inf
GGGABADr_f	malttr_c	-0.0	0.0	0.0	Inf	Inf
GGGABADr_f	maltttr_c	-0.0	0.0	0.0	Inf	Inf
GGGABADr_f	h2o2_c	-0.0	-0.0010734223126767164	9.818941668488051	-0.0	0.0
GGGABADr_f	man_c	-0.0	0.0	0.0	Inf	Inf
GGGABADr_f	mdhdhf_c	-0.0	-35.336147919971204	0.00029575227313973043	-0.0	0.0
GGGABADr_f	melib_c	-0.0	0.0	0.0	Inf	Inf
GGGABADr_f	meoh_c	-0.0	-999.9999986796773	1.3203226671976154e-06	-0.0	0.0
GGGABADr_f	pacald_c	-0.0	-17.471250685392256	0.0	-0.0	Inf
GGGABADr_f	metsox_S__L_c	-0.0	-0.07371493374876081	0.0	-0.0	Inf
GGGABADr_f	mg2_c	-0.0	-0.005726899485087943	8.735625342696128	-0.0	0.0
GGGABADr_f	hhlipa_c	-0.0	0.0	0.0	Inf	Inf
GGGABADr_f	pe120_c	-0.0	0.0	0.0	Inf	Inf
GGGABADr_f	mobd_c	-0.0	-8.516081078689851e-05	12.183784392330011	-0.0	0.0
GGGABADr_f	hlipa_c	-0.0	0.0	0.0	Inf	Inf
GGGABADr_f	pg120_c	-0.0	-0.042241902043985105	0.0	-0.0	Inf
GGGABADr_f	mql8_c	0.0	0.0	0.0	Inf	Inf
GGGABADr_f	mqn8_c	-0.0	0.0	0.0	Inf	Inf
GGGABADr_f	mthgxl_c	-0.0	0.0	0.0	Inf	Inf
GGGABADr_f	hqn_c	0.0	0.0	0.0	Inf	Inf
GGGABADr_f	mththf_c	-0.0	-999.9997042477269	0.00029575227313973043	-0.0	0.0
GGGABADr_f	n2o_c	-0.0	-1000.0	0.0	-0.0	Inf
GGGABADr_f	na1_c	-0.0	0.0	0.0	Inf	Inf
GGGABADr_f	nac_c	-0.0	0.0	0.0	Inf	Inf
GGGABADr_f	ncam_c	-0.0	0.0	0.0	Inf	Inf
GGGABADr_f	ni2_c	-0.0	-0.00021323210762602685	999.9997867678924	-0.0	0.0
GGGABADr_f	no_c	-0.0	-1000.0	0.0	-0.0	Inf
GGGABADr_f	indole_c	-0.0	-0.03752555013612149	0.3152337488313066	-0.0	0.0
GGGABADr_f	no2_c	-0.0	-17.471250685392256	0.0	-0.0	Inf
GGGABADr_f	no3_c	0.0	0.0	0.0	Inf	Inf
GGGABADr_f	inost_c	0.0	0.0	0.0	Inf	Inf
GGGABADr_f	o2_c	-0.0	-16.49272094300556	983.5072790569944	-0.0	0.0
GGGABADr_f	poaac_c	-0.0	-3.6369505648746245	0.0	-0.0	Inf
GGGABADr_f	ppal_c	-0.0	0.0	0.0	Inf	Inf
GGGABADr_f	k_c	-0.0	-0.12885886930176033	48.735137569320045	-0.0	0.0
GGGABADr_f	psclys_c	-0.0	0.0	0.0	Inf	Inf
GGGABADr_f	lald__D_c	-0.0	0.0	0.0	Inf	Inf
GGGABADr_f	lald__L_c	-0.0	-0.5199776989700073	0.0	-0.0	Inf
GGGABADr_f	ura_c	-0.0	0.0	0.0	Inf	Inf
GGGABADr_f	pydx_c	-0.0	0.0	0.3886374606803827	Inf	0.0
GGGABADr_f	uracp_c	-0.0	-3.565143135677374	0.0	-0.0	Inf
GGGABADr_f	pydxn_c	-0.0	0.0	0.36809016291027186	Inf	0.0
GGGABADr_f	urate_c	-0.0	-0.0010734223126767164	0.0	-0.0	Inf
GGGABADr_f	q8_c	-0.0	0.0	0.0	Inf	Inf
GGGABADr_f	q8h2_c	0.0	0.0	0.0	Inf	Inf
GGGABADr_f	urea_c	-0.0	-1000.0	0.0	-0.0	Inf
GGGABADr_f	uri_c	-0.0	0.0	0.0	Inf	Inf
GGGABADr_f	rbflvrd_c	-0.0	0.0	0.15393284134339855	Inf	0.0
GGGABADr_f	rbl__L_c	-0.0	-0.3119866193820044	0.0	-0.0	Inf
GGGABADr_f	rdmbzi_c	0.0	0.0	0.0	Inf	Inf
GGGABADr_f	thptdn_c	0.0	0.0	0.0	Inf	Inf
GGGABADr_f	xan_c	-0.0	-0.07371493374876081	0.0	-0.0	Inf
GGGABADr_f	rephaccoa_c	-0.0	-0.0003802529217820094	0.0	-0.0	Inf
GGGABADr_f	rib__D_c	-0.0	0.0	0.6248094560169234	Inf	0.0
GGGABADr_f	xtsn_c	-0.0	0.0	0.0	Inf	Inf
GGGABADr_f	rml_c	-0.0	-0.25998884948500367	0.0	-0.0	Inf
GGGABADr_f	thym_c	-0.0	-48.735137569320045	0.0	-0.0	Inf
GGGABADr_f	thymd_c	-0.0	-0.017273781201907472	0.0	-0.0	Inf
GGGABADr_f	xu5p__L_c	-0.0	-0.286413945662168	0.0	-0.0	Inf
GGGABADr_f	rmn_c	-0.0	-0.25998884948500367	0.0	-0.0	Inf
GGGABADr_f	xyl__D_c	0.0	0.0	0.0	Inf	Inf
GGGABADr_f	tmao_c	0.0	0.0	0.0	Inf	Inf
GGGABADr_f	xylu__D_c	-0.0	0.0	0.0	Inf	Inf
GGGABADr_f	xylu__L_c	-0.0	-0.3119866193820044	0.0	-0.0	Inf
GGGABADr_f	12ppd__R_e	-0.0	-1000.0	0.0	-0.0	Inf
GGGABADr_f	12ppd__S_e	-0.0	-1000.0	0.0	-0.0	Inf
GGGABADr_f	tre_c	-0.0	-0.12999442474250184	0.0	-0.0	Inf
GGGABADr_f	seln_c	0.0	0.0	0.0	Inf	Inf
GGGABADr_f	34dhpac_e	-0.0	-1000.0	0.0	-0.0	Inf
GGGABADr_f	slnt_c	0.0	0.0	0.0	Inf	Inf
GGGABADr_f	so2_c	0.0	0.0	0.0	Inf	Inf
GGGABADr_f	so3_c	-0.0	-0.16363550768437546	2.3889773318294116	-0.0	0.0
GGGABADr_f	so4_c	-0.0	-0.1664992875075768	48.735137569320045	-0.0	0.0
GGGABADr_f	4hoxpacd_e	-0.0	-1000.0	0.0	-0.0	Inf
GGGABADr_f	5mtr_e	-0.0	0.0	0.0	Inf	Inf
GGGABADr_f	LalaDgluMdap_e	-0.0	-1000.0	0.0	-0.0	Inf
GGGABADr_f	ac_e	-0.0	0.0	0.0	Inf	Inf
GGGABADr_f	acald_e	-0.0	-1000.0	0.0	-0.0	Inf
GGGABADr_f	acgal_e	-0.0	-1000.0	0.0	-0.0	Inf
GGGABADr_f	acgam_e	-0.0	-1000.0	0.0	-0.0	Inf
GGGABADr_f	acmana_e	-0.0	-1000.0	0.0	-0.0	Inf
GGGABADr_f	tagur_c	-0.0	0.0	0.0	Inf	Inf
GGGABADr_f	tartr__L_c	-0.0	-0.5262424905238625	0.0	-0.0	Inf
GGGABADr_f	ade_e	-0.0	-1000.0	0.0	-0.0	Inf
GGGABADr_f	adn_e	-0.0	-1000.0	0.0	-0.0	Inf
GGGABADr_f	all__D_e	-0.0	-1000.0	0.0	-0.0	Inf
GGGABADr_f	cl_e	-0.0	-0.0034361396910753683	999.9965638603089	-0.0	0.0
GGGABADr_f	alltn_e	-0.0	0.0	0.0	Inf	Inf
GGGABADr_f	cm_e	-0.0	-1000.0	0.0	-0.0	Inf
GGGABADr_f	co2_e	-0.0	-982.0985568468918	17.901443153108175	-0.0	0.0
GGGABADr_f	arab__L_e	-0.0	-1000.0	0.0	-0.0	Inf
GGGABADr_f	arbt_e	-0.0	-1000.0	0.0	-0.0	Inf
GGGABADr_f	unagamu_c	-0.0	0.0	0.03425779387692956	Inf	0.0
GGGABADr_f	crn_e	-0.0	-1000.0	0.0	-0.0	Inf
GGGABADr_f	csn_e	-0.0	-1000.0	0.0	-0.0	Inf
GGGABADr_f	cyan_e	-0.0	-1000.0	0.0	-0.0	Inf
GGGABADr_f	glyb_e	-0.0	-1000.0	0.0	-0.0	Inf
GGGABADr_f	glyc_e	-0.0	-1000.0	0.0	-0.0	Inf
GGGABADr_f	cytd_e	-0.0	-1000.0	0.0	-0.0	Inf
GGGABADr_f	ca2_e	-0.0	-0.0034361396910753683	999.9965638603089	-0.0	0.0
GGGABADr_f	dad_2_e	-0.0	-1000.0	0.0	-0.0	Inf
GGGABADr_f	dcyt_e	-0.0	-1000.0	0.0	-0.0	Inf
GGGABADr_f	chol_e	-0.0	-1000.0	0.0	-0.0	Inf
GGGABADr_f	dha_e	-0.0	-1000.0	0.0	-0.0	Inf
GGGABADr_f	ppal_e	-0.0	-1000.0	0.0	-0.0	Inf
GGGABADr_f	h2_e	-0.0	-1000.0	0.0	-0.0	Inf
GGGABADr_f	dms_e	-0.0	-1000.0	0.0	-0.0	Inf
GGGABADr_f	dmso_e	-0.0	-1000.0	0.0	-0.0	Inf
GGGABADr_f	h2o2_e	-0.0	-1000.0	0.0	-0.0	Inf
GGGABADr_f	psclys_e	-0.0	-1000.0	0.0	-0.0	Inf
GGGABADr_f	duri_e	-0.0	-1000.0	0.0	-0.0	Inf
GGGABADr_f	pydx_e	-0.0	-1000.0	0.0	-0.0	Inf
GGGABADr_f	pydxn_e	-0.0	-1000.0	0.0	-0.0	Inf
GGGABADr_f	etoh_e	-0.0	-1000.0	0.0	-0.0	Inf
GGGABADr_f	fald_e	-0.0	0.0	0.0	Inf	Inf
GGGABADr_f	rib__D_e	-0.0	-1000.0	0.0	-0.0	Inf
GGGABADr_f	rmn_e	-0.0	-1000.0	0.0	-0.0	Inf
GGGABADr_f	indole_e	-0.0	-1000.0	0.0	-0.0	Inf
GGGABADr_f	inost_e	-0.0	-1000.0	0.0	-0.0	Inf
GGGABADr_f	sbt__D_e	-0.0	-0.2453827343453967	0.0	-0.0	Inf
GGGABADr_f	k_e	-0.0	-0.12885886930178003	999.8711411306982	-0.0	0.0
GGGABADr_f	for_e	-0.0	0.0	0.0016193757260983084	Inf	0.0
GGGABADr_f	slnt_e	-0.0	0.0	1000.0	Inf	0.0
GGGABADr_f	fru_e	-0.0	-1000.0	0.0	-0.0	Inf
GGGABADr_f	so2_e	-0.0	-1000.0	0.0	-0.0	Inf
GGGABADr_f	so3_e	-0.0	-1000.0	0.0	-0.0	Inf
GGGABADr_f	so4_e	-0.0	-0.1664992875075768	999.8335007124924	-0.0	0.0
GGGABADr_f	lipa_cold_e	-0.0	-1000.0	0.0	-0.0	Inf
GGGABADr_f	sucr_e	-0.0	-1000.0	0.0	-0.0	Inf
GGGABADr_f	g3pe_e	-0.0	-1000.0	0.0	-0.0	Inf
GGGABADr_f	malt_e	-0.0	-1000.0	0.0	-0.0	Inf
GGGABADr_f	tartr__L_e	-0.0	-1000.0	0.0	-0.0	Inf
GGGABADr_f	g3pi_e	-0.0	-1000.0	0.0	-0.0	Inf
GGGABADr_f	malthx_e	-0.0	-1000.0	0.0	-0.0	Inf
GGGABADr_f	maltpt_e	-0.0	-1000.0	0.0	-0.0	Inf
GGGABADr_f	gal_e	-0.0	-1000.0	0.0	-0.0	Inf
GGGABADr_f	gal_bD_e	-0.0	-1000.0	0.0	-0.0	Inf
GGGABADr_f	malttr_e	-0.0	-1000.0	0.0	-0.0	Inf
GGGABADr_f	maltttr_e	-0.0	-1000.0	0.0	-0.0	Inf
GGGABADr_f	man_e	-0.0	-1000.0	0.0	-0.0	Inf
GGGABADr_f	thym_e	-0.0	-1000.0	0.0	-0.0	Inf
GGGABADr_f	thymd_e	-0.0	-1000.0	0.0	-0.0	Inf
GGGABADr_f	galt_e	-0.0	-0.2453827343453967	0.0	-0.0	Inf
GGGABADr_f	melib_e	-0.0	-1000.0	0.0	-0.0	Inf
GGGABADr_f	meoh_e	-0.0	-999.9999986796773	1.3203226671976154e-06	-0.0	0.0
GGGABADr_f	tmao_e	-0.0	-1000.0	0.0	-0.0	Inf
GGGABADr_f	tre_e	-0.0	-1000.0	0.0	-0.0	Inf
GGGABADr_f	metsox_S__L_e	-0.0	-1000.0	0.0	-0.0	Inf
GGGABADr_f	glc__D_e	-0.0	-0.25998884948500367	0.5488191167716219	-0.0	0.0
GGGABADr_f	mg2_e	-0.0	-0.005726899485125614	999.9942731005149	-0.0	0.0
GGGABADr_f	mnl_e	-0.0	-1000.0	0.0	-0.0	Inf
GGGABADr_f	mobd_e	-0.0	-8.51608108405344e-05	999.9999148391892	-0.0	0.0
GGGABADr_f	glyald_e	-0.0	-1000.0	0.0	-0.0	Inf
GGGABADr_f	n2o_e	-0.0	-1000.0	0.0	-0.0	Inf
GGGABADr_f	na1_e	-0.0	0.0	1000.0	Inf	0.0
GGGABADr_f	nac_e	-0.0	-1000.0	0.0	-0.0	Inf
GGGABADr_f	ni2_e	-0.0	-0.00021323210762602685	999.9997867678924	-0.0	0.0
GGGABADr_f	no_e	-0.0	-1000.0	0.0	-0.0	Inf
GGGABADr_f	no2_e	-0.0	-1000.0	0.0	-0.0	Inf
GGGABADr_f	ura_e	-0.0	-1000.0	0.0	-0.0	Inf
GGGABADr_f	no3_e	-0.0	-1000.0	0.0	-0.0	Inf
GGGABADr_f	urea_e	-0.0	-1000.0	0.0	-0.0	Inf
GGGABADr_f	novbcn_e	-0.0	-1000.0	0.0	-0.0	Inf
GGGABADr_f	uri_e	-0.0	-1000.0	0.0	-0.0	Inf
GGGABADr_f	o2_e	-0.0	-16.492720943005565	983.5072790569944	-0.0	0.0
GGGABADr_f	xan_e	-0.0	0.0	0.0	Inf	Inf
GGGABADr_f	xtsn_e	-0.0	-1000.0	0.0	-0.0	Inf
GGGABADr_f	xyl__D_e	-0.0	-1000.0	0.0	-0.0	Inf
GGGABADr_f	xylu__L_e	-0.0	-1000.0	0.0	-0.0	Inf
GGGABADr_f	pacald_e	-0.0	-1000.0	0.0	-0.0	Inf
GGGABADr_f	12dgr120_p	-0.0	0.0	0.0	Inf	Inf
GGGABADr_f	12dgr140_p	-0.0	0.0	0.0	Inf	Inf
GGGABADr_f	12dgr160_p	-0.0	-0.03461024303762328	0.0	-0.0	Inf
GGGABADr_f	12dgr180_p	-0.0	0.0	0.0	Inf	Inf
GGGABADr_f	12ppd__R_p	-0.0	-1000.0	0.0	-0.0	Inf
GGGABADr_f	12ppd__S_p	-0.0	0.0	0.0	Inf	Inf
GGGABADr_f	chol_p	-0.0	-1000.0	0.0	-0.0	Inf
GGGABADr_f	cl_p	-0.0	-0.0034361396910753683	999.9965638603089	-0.0	0.0
GGGABADr_f	34dhpac_p	-0.0	-1000.0	0.0	-0.0	Inf
GGGABADr_f	cm_p	-0.0	0.0	0.0	Inf	Inf
GGGABADr_f	4hoxpacd_p	-0.0	-1000.0	0.0	-0.0	Inf
GGGABADr_f	co2_p	-0.0	-982.0985568468918	17.901443153108175	-0.0	0.0
GGGABADr_f	5mtr_p	-0.0	0.0	0.0	Inf	Inf
GGGABADr_f	LalaDgluMdap_p	-0.0	-0.01834456286935144	0.0	-0.0	Inf
GGGABADr_f	gal_p	-0.0	-1000.0	0.0	-0.0	Inf
GGGABADr_f	ac_p	-0.0	-0.9926846980336497	0.0	-0.0	Inf
GGGABADr_f	crn_p	-0.0	-1000.0	0.0	-0.0	Inf
GGGABADr_f	gal_bD_p	-0.0	-1000.0	0.0	-0.0	Inf
GGGABADr_f	acald_p	-0.0	-1000.0	0.0	-0.0	Inf
GGGABADr_f	acgal_p	-0.0	-1000.0	0.0	-0.0	Inf
GGGABADr_f	csn_p	-0.0	0.0	0.0	Inf	Inf
GGGABADr_f	acgam_p	-0.0	-1000.0	0.0	-0.0	Inf
GGGABADr_f	galt_p	-0.0	-0.2453827343453967	0.0	-0.0	Inf
GGGABADr_f	acmana_p	-0.0	-1000.0	0.0	-0.0	Inf
GGGABADr_f	cyan_p	-0.0	0.0	0.0	Inf	Inf
GGGABADr_f	ade_p	-0.0	-1000.0	0.0	-0.0	Inf
GGGABADr_f	adn_p	-0.0	0.0	0.00044428857102385574	Inf	0.0
GGGABADr_f	cytd_p	-0.0	0.0	0.0	Inf	Inf
GGGABADr_f	glc__D_p	-0.0	-0.25998884948500367	0.5488191167716219	-0.0	0.0
GGGABADr_f	dad_2_p	-0.0	-1000.0	0.0	-0.0	Inf
GGGABADr_f	dcyt_p	-0.0	-1000.0	0.0	-0.0	Inf
GGGABADr_f	all__D_p	-0.0	0.0	0.0	Inf	Inf
GGGABADr_f	alltn_p	-0.0	0.0	0.0	Inf	Inf
GGGABADr_f	dha_p	-0.0	-1000.0	0.0	-0.0	Inf
GGGABADr_f	glyald_p	-0.0	-1000.0	0.0	-0.0	Inf
GGGABADr_f	glyb_p	0.0	0.0	0.0	Inf	Inf
GGGABADr_f	dms_p	-0.0	-1000.0	0.0	-0.0	Inf
GGGABADr_f	glyc_p	-0.0	-0.09178090854326298	0.0	-0.0	Inf
GGGABADr_f	dmso_p	-0.0	-1000.0	0.0	-0.0	Inf
GGGABADr_f	arab__L_p	-0.0	0.0	0.0	Inf	Inf
GGGABADr_f	arbt_p	0.0	0.0	0.0	Inf	Inf
GGGABADr_f	ca2_p	-0.0	-0.0034361396910753683	999.9965638603089	-0.0	0.0
GGGABADr_f	duri_p	-0.0	-1000.0	0.0	-0.0	Inf
GGGABADr_f	h2_p	-0.0	-1000.0	0.0	-0.0	Inf
GGGABADr_f	h2o2_p	-0.0	-1000.0	0.0	-0.0	Inf
GGGABADr_f	etoh_p	-0.0	-1000.0	0.0	-0.0	Inf
GGGABADr_f	fald_p	-0.0	0.0	0.0	Inf	Inf
GGGABADr_f	n2o_p	-0.0	-1000.0	0.0	-0.0	Inf
GGGABADr_f	na1_p	-0.0	0.0	0.0	Inf	Inf
GGGABADr_f	indole_p	-0.0	0.0	0.31728605188359377	Inf	0.0
GGGABADr_f	nac_p	-0.0	-1000.0	0.0	-0.0	Inf
GGGABADr_f	ni2_p	-0.0	-0.00021323210762602685	999.9997867678924	-0.0	0.0
GGGABADr_f	inost_p	-0.0	-1000.0	0.0	-0.0	Inf
GGGABADr_f	no_p	-0.0	-1000.0	0.0	-0.0	Inf
GGGABADr_f	no2_p	-0.0	-1000.0	0.0	-0.0	Inf
GGGABADr_f	for_p	-0.0	-2.9118751142320423	0.0016193757260983084	-0.0	0.0
GGGABADr_f	fru_p	-0.0	-1000.0	0.0	-0.0	Inf
GGGABADr_f	no3_p	-0.0	0.0	0.0	Inf	Inf
GGGABADr_f	k_p	-0.0	-0.12885886930178003	999.8711411306982	-0.0	0.0
GGGABADr_f	novbcn_p	-0.0	0.0	0.0	Inf	Inf
GGGABADr_f	o2_p	-0.0	-16.492720943005565	983.5072790569944	-0.0	0.0
GGGABADr_f	lipa_cold_p	-0.0	-12.183784392330011	0.0	-0.0	Inf
GGGABADr_f	g3pe_p	-0.0	0.0	0.0	Inf	Inf
GGGABADr_f	g3pi_p	-0.0	0.0	0.0	Inf	Inf
GGGABADr_f	so3_p	-0.0	-1000.0	0.0	-0.0	Inf
GGGABADr_f	so4_p	-0.0	-0.1664992875075768	999.8335007124924	-0.0	0.0
GGGABADr_f	malt_p	0.0	0.0	0.0	Inf	Inf
GGGABADr_f	malthx_p	0.0	0.0	0.0	Inf	Inf
GGGABADr_f	maltpt_p	0.0	0.0	0.0	Inf	Inf
GGGABADr_f	sucr_p	-0.0	-1000.0	0.0	-0.0	Inf
GGGABADr_f	malttr_p	0.0	0.0	0.0	Inf	Inf
GGGABADr_f	maltttr_p	0.0	0.0	0.0	Inf	Inf
GGGABADr_f	pacald_p	-0.0	-1000.0	0.0	-0.0	Inf
GGGABADr_f	man_p	-0.0	-1000.0	0.0	-0.0	Inf
GGGABADr_f	tartr__L_p	-0.0	-1000.0	0.0	-0.0	Inf
GGGABADr_f	pe120_p	-0.0	0.0	0.0	Inf	Inf
GGGABADr_f	melib_p	-0.0	-1000.0	0.0	-0.0	Inf
GGGABADr_f	meoh_p	-0.0	-999.9999986796773	1.3203226671976154e-06	-0.0	0.0
GGGABADr_f	thym_p	-0.0	-1000.0	0.0	-0.0	Inf
GGGABADr_f	thymd_p	-0.0	-0.017273781201907472	0.0	-0.0	Inf
GGGABADr_f	pg120_p	-0.0	-0.04183728612402356	0.0	-0.0	Inf
GGGABADr_f	metsox_S__L_p	-0.0	-1000.0	0.0	-0.0	Inf
GGGABADr_f	tmao_p	-0.0	-1000.0	0.0	-0.0	Inf
GGGABADr_f	mg2_p	-0.0	-0.005726899485087943	999.9942731005149	-0.0	0.0
GGGABADr_f	tre_p	-0.0	0.0	0.0	Inf	Inf
GGGABADr_f	mnl_p	-0.0	0.0	0.0	Inf	Inf
GGGABADr_f	mobd_p	-0.0	-8.51608108405344e-05	999.9999148391892	-0.0	0.0
GGGABADr_f	ura_p	-0.0	-1000.0	0.0	-0.0	Inf
GGGABADr_f	urea_p	-0.0	-1000.0	0.0	-0.0	Inf
GGGABADr_f	uri_p	-0.0	0.0	0.0	Inf	Inf
GGGABADr_f	xan_p	-0.0	-0.07371493374876081	0.0	-0.0	Inf
GGGABADr_f	xtsn_p	-0.0	0.0	0.0	Inf	Inf
GGGABADr_f	xyl__D_p	-0.0	0.0	0.0	Inf	Inf
GGGABADr_f	xylu__L_p	-0.0	-1000.0	0.0	-0.0	Inf
GGGABADr_f	ppal_p	-0.0	-1000.0	0.0	-0.0	Inf
GGGABADr_f	psclys_p	-0.0	-1000.0	0.0	-0.0	Inf
GGGABADr_f	pydx_p	-0.0	0.0	0.0	Inf	Inf
GGGABADr_f	pydxn_p	-0.0	0.0	0.0	Inf	Inf
GGGABADr_f	rib__D_p	-0.0	-1000.0	0.0	-0.0	Inf
GGGABADr_f	rmn_p	-0.0	-1000.0	0.0	-0.0	Inf
GGGABADr_f	sbt__D_p	-0.0	-0.2453827343453967	0.0	-0.0	Inf
GGGABADr_f	slnt_p	-0.0	0.0	0.0	Inf	Inf
GGGABADr_f	so2_p	-0.0	-1000.0	0.0	-0.0	Inf
