Reaction	Metabolite	ShadowPrice	G-	G+	DecrementalShadowPrice	IncrementalShadowPrice
HEMEOS	12dgr120_c	-0.0	0.0	0.0	Inf	Inf
HEMEOS	12dgr140_c	-0.0	0.0	0.0	Inf	Inf
HEMEOS	12dgr160_c	-0.0	-0.03461024303761607	0.0	-0.0	Inf
HEMEOS	12dgr180_c	-0.0	0.0	0.0	Inf	Inf
HEMEOS	12ppd__R_c	-0.0	-1000.0	0.0	-0.0	Inf
HEMEOS	12ppd__S_c	-0.0	0.0	0.0	Inf	Inf
HEMEOS	5drib_c	-0.0	-999.9998514637022	0.0001485362978841253	-0.0	0.0
HEMEOS	5mta_c	-0.0	0.0	0.0	Inf	Inf
HEMEOS	23dhacoa_c	-0.0	-0.0003802529217820094	0.0	-0.0	Inf
HEMEOS	5mtr_c	-0.0	0.0	0.0	Inf	Inf
HEMEOS	3amac_c	-0.0	-6.065715401685627	0.0	-0.0	Inf
HEMEOS	LalaDgluMdap_c	-0.0	-0.01834456286935144	0.0	-0.0	Inf
HEMEOS	ac_c	-0.0	-0.9393145529778816	0.38459414344879406	-0.0	0.0
HEMEOS	acald_c	-0.0	0.0	1.4368373936660077	Inf	0.0
HEMEOS	acetol_c	-0.0	0.0	0.0	Inf	Inf
HEMEOS	acgam_c	-0.0	-0.06237732317554594	0.0	-0.0	Inf
HEMEOS	acgam6p_c	-0.0	-0.06237732317554594	0.0	-0.0	Inf
HEMEOS	acmalt_c	0.0	0.0	0.0	Inf	Inf
HEMEOS	acmana_c	-0.0	-0.06237732317554594	0.0	-0.0	Inf
HEMEOS	2dmmq8_c	-0.0	0.0	0.0	Inf	Inf
HEMEOS	2dmmql8_c	0.0	0.0	0.0	Inf	Inf
HEMEOS	ade_c	-0.0	-0.07371493374876081	0.00044428857102385574	-0.0	0.0
HEMEOS	adn_c	-0.0	0.0	0.00044428857102385574	Inf	0.0
HEMEOS	3sala_c	0.0	0.0	0.0	Inf	Inf
HEMEOS	adphep_DD_c	-0.0	0.0	0.0	Inf	Inf
HEMEOS	adphep_LD_c	-0.0	0.0	0.0	Inf	Inf
HEMEOS	4ahmmp_c	0.0	0.0	0.0	Inf	Inf
HEMEOS	4crsol_c	-0.0	-999.9998527840247	0.0001472159752362664	-0.0	0.0
HEMEOS	2ohph_c	-0.0	-0.0001472159752362664	0.05005663267186055	-0.0	0.0
HEMEOS	2ombzl_c	-0.0	0.0	0.0	Inf	Inf
HEMEOS	2omhmbl_c	-0.0	0.0	0.0	Inf	Inf
HEMEOS	2ommbl_c	0.0	0.0	0.0	Inf	Inf
HEMEOS	2omph_c	-0.0	0.0	0.045041716792350646	Inf	0.0
HEMEOS	4mhetz_c	0.0	0.0	0.0	Inf	Inf
HEMEOS	2oph_c	-0.0	-0.0001472159752362664	0.05005663267186055	-0.0	0.0
HEMEOS	2oxpaccoa_c	-0.0	-0.0003802529217820094	0.0	-0.0	Inf
HEMEOS	all__D_c	-0.0	-0.2599888494849495	0.0	-0.0	Inf
HEMEOS	alltn_c	-0.0	-0.9926846980334432	0.0	-0.0	Inf
HEMEOS	4r5au_c	-0.0	-0.00029443194995715986	0.2986221664786972	-0.0	0.0
HEMEOS	56dura_c	0.0	0.0	0.0	Inf	Inf
HEMEOS	arab__L_c	-0.0	-0.3119866193819394	0.0	-0.0	Inf
HEMEOS	etoh_c	-0.0	-1000.0	0.0	-0.0	Inf
HEMEOS	csn_c	-0.0	0.0	0.10159090581601049	Inf	0.0
HEMEOS	fald_c	-0.0	0.0	0.0	Inf	Inf
HEMEOS	fc1p_c	-0.0	-0.24198408151507764	0.0	-0.0	Inf
HEMEOS	fcl__L_c	-0.0	0.0	0.0	Inf	Inf
HEMEOS	aso4_c	0.0	0.0	0.0	Inf	Inf
HEMEOS	cyan_c	0.0	0.0	0.0	Inf	Inf
HEMEOS	athtp_c	0.0	0.0	0.0	Inf	Inf
HEMEOS	cytd_c	-0.0	0.0	0.0	Inf	Inf
HEMEOS	dad_2_c	-0.0	0.0	0.0	Inf	Inf
HEMEOS	dad_5_c	-0.0	-0.07371493374876081	0.0001485362978841253	-0.0	0.0
HEMEOS	betald_c	0.0	0.0	0.0	Inf	Inf
HEMEOS	btal_c	-0.0	-4.367812671347154	0.0	-0.0	Inf
HEMEOS	for_c	-0.0	-2.9118751142314356	0.0016193757260983084	-0.0	0.0
HEMEOS	dcyt_c	-0.0	-0.017273781201907472	0.0	-0.0	Inf
HEMEOS	fru_c	-0.0	-0.2599888494849495	0.0	-0.0	Inf
HEMEOS	ca2_c	-0.0	-0.0034361396910753683	17.471250685388615	-0.0	0.0
HEMEOS	g3pe_c	-0.0	0.0	0.0	Inf	Inf
HEMEOS	g3pi_c	0.0	0.0	0.0	Inf	Inf
HEMEOS	cbm_c	-0.0	-3.032857700842816	0.0	-0.0	Inf
HEMEOS	dha_c	-0.0	-0.519977698969899	1.0976382335433206	-0.0	0.0
HEMEOS	gal_c	-0.0	0.0	0.0	Inf	Inf
HEMEOS	dhgly_c	-0.0	-0.0001472159752362664	0.19875667850458165	-0.0	0.0
HEMEOS	dhmptp_c	0.0	0.0	0.0	Inf	Inf
HEMEOS	gcald_c	-0.0	-0.8088541983976203	0.000441647925754296	-0.0	0.0
HEMEOS	dhptd_c	-0.0	-35.336147919970294	0.00029575227313973043	-0.0	0.0
HEMEOS	cechddd_c	-0.0	0.0	0.0	Inf	Inf
HEMEOS	dhptdn_c	0.0	0.0	0.0	Inf	Inf
HEMEOS	chol_c	0.0	0.0	0.0	Inf	Inf
HEMEOS	chtbs6p_c	-0.0	0.0	0.0	Inf	Inf
HEMEOS	dmbzid_c	0.0	0.0	0.0	Inf	Inf
HEMEOS	dms_c	0.0	0.0	0.0	Inf	Inf
HEMEOS	dmso_c	0.0	0.0	0.0	Inf	Inf
HEMEOS	cl_c	-0.0	-0.0034361396910527657	34.94250137077723	-0.0	0.0
HEMEOS	glc__D_c	-0.0	-0.2599888494849495	0.0	-0.0	Inf
HEMEOS	co2_c	-0.0	-982.0985568468918	17.89982377738204	-0.0	0.0
HEMEOS	dscl_c	-0.0	-0.0001472159752362664	0.04816214727372096	-0.0	0.0
HEMEOS	dtdp4aaddg_c	-0.0	0.0	0.0	Inf	Inf
HEMEOS	glyald_c	-0.0	-1000.0	0.0	-0.0	Inf
HEMEOS	crn_c	-0.0	-17.471250685388615	0.0	-0.0	Inf
HEMEOS	duri_c	-0.0	-0.017273781201907472	0.0	-0.0	Inf
HEMEOS	glyb_c	0.0	0.0	0.0	Inf	Inf
HEMEOS	glyc_c	-0.0	-0.09178090854326298	0.0	-0.0	Inf
HEMEOS	dxyl_c	0.0	0.0	0.0	Inf	Inf
HEMEOS	glycogen_c	-0.0	-0.24538273434534558	0.0	-0.0	Inf
HEMEOS	gmhep1p_c	-0.0	0.0	0.4328164970632633	Inf	0.0
HEMEOS	lipa_cold_c	-0.0	0.0	0.0	Inf	Inf
HEMEOS	lipidA_c	-0.0	-0.012844098718346686	0.0376507552296998	-0.0	0.0
HEMEOS	malt_c	0.0	0.0	0.0	Inf	Inf
HEMEOS	h2_c	-0.0	0.0	0.0	Inf	Inf
HEMEOS	malthx_c	-0.0	0.0	0.0	Inf	Inf
HEMEOS	maltpt_c	-0.0	0.0	0.0	Inf	Inf
HEMEOS	malttr_c	-0.0	0.0	0.0	Inf	Inf
HEMEOS	maltttr_c	-0.0	0.0	0.0	Inf	Inf
HEMEOS	h2o2_c	-0.0	-0.0010734223126767164	9.818941668488574	-0.0	0.0
HEMEOS	man_c	-0.0	0.0	0.0	Inf	Inf
HEMEOS	mdhdhf_c	-0.0	-35.336147919970294	0.00029575227313973043	-0.0	0.0
HEMEOS	melib_c	-0.0	0.0	0.0	Inf	Inf
HEMEOS	meoh_c	-0.0	-999.9999986796773	1.3203226671976154e-06	-0.0	0.0
HEMEOS	pacald_c	-0.0	-17.471250685388615	0.0	-0.0	Inf
HEMEOS	metsox_S__L_c	-0.0	-0.07371493374876081	0.0	-0.0	Inf
HEMEOS	mg2_c	-0.0	-0.005726899485087943	8.735625342694307	-0.0	0.0
HEMEOS	hhlipa_c	-0.0	0.0	0.0	Inf	Inf
HEMEOS	pe120_c	-0.0	0.0	0.0	Inf	Inf
HEMEOS	mobd_c	-0.0	-8.516081078689851e-05	12.183784392330864	-0.0	0.0
HEMEOS	hlipa_c	-0.0	0.0	0.0	Inf	Inf
HEMEOS	pg120_c	-0.0	-0.0422419020439763	0.0	-0.0	Inf
HEMEOS	mql8_c	0.0	0.0	0.0	Inf	Inf
HEMEOS	mqn8_c	-0.0	0.0	0.0	Inf	Inf
HEMEOS	mthgxl_c	-0.0	0.0	0.0	Inf	Inf
HEMEOS	hqn_c	0.0	0.0	0.0	Inf	Inf
HEMEOS	mththf_c	-0.0	-999.9997042477269	0.00029575227313973043	-0.0	0.0
HEMEOS	n2o_c	-0.0	-1000.0	0.0	-0.0	Inf
HEMEOS	na1_c	-0.0	0.0	0.0	Inf	Inf
HEMEOS	nac_c	-0.0	0.0	0.0	Inf	Inf
HEMEOS	ncam_c	-0.0	0.0	0.0	Inf	Inf
HEMEOS	ni2_c	-0.0	-0.00021323210762602685	999.9997867678924	-0.0	0.0
HEMEOS	no_c	-0.0	-1000.0	0.0	-0.0	Inf
HEMEOS	indole_c	-0.0	-0.03752555013612149	0.3152337488313287	-0.0	0.0
HEMEOS	no2_c	-0.0	-17.471250685388615	0.0	-0.0	Inf
HEMEOS	no3_c	0.0	0.0	0.0	Inf	Inf
HEMEOS	inost_c	0.0	0.0	0.0	Inf	Inf
HEMEOS	o2_c	-0.0	-16.49272094300556	983.5072790569944	-0.0	0.0
HEMEOS	poaac_c	-0.0	-3.636950564874879	0.0	-0.0	Inf
HEMEOS	ppal_c	-0.0	0.0	0.0	Inf	Inf
HEMEOS	k_c	-0.0	-0.12885886930176033	48.735137569323456	-0.0	0.0
HEMEOS	psclys_c	-0.0	0.0	0.0	Inf	Inf
HEMEOS	lald__D_c	-0.0	0.0	0.0	Inf	Inf
HEMEOS	lald__L_c	-0.0	-0.519977698969899	0.0	-0.0	Inf
HEMEOS	ura_c	-0.0	0.0	0.0	Inf	Inf
HEMEOS	pydx_c	-0.0	0.0	0.3886374606804099	Inf	0.0
HEMEOS	uracp_c	-0.0	-3.565143135677374	0.0	-0.0	Inf
HEMEOS	pydxn_c	-0.0	0.0	0.3680901629102976	Inf	0.0
HEMEOS	urate_c	-0.0	-0.0010734223126767164	0.0	-0.0	Inf
HEMEOS	q8_c	-0.0	0.0	0.0	Inf	Inf
HEMEOS	q8h2_c	0.0	0.0	0.0	Inf	Inf
HEMEOS	urea_c	-0.0	-1000.0	0.0	-0.0	Inf
HEMEOS	uri_c	-0.0	0.0	0.0	Inf	Inf
HEMEOS	rbflvrd_c	-0.0	0.0	0.15393284134340932	Inf	0.0
HEMEOS	rbl__L_c	-0.0	-0.3119866193819394	0.0	-0.0	Inf
HEMEOS	rdmbzi_c	0.0	0.0	0.0	Inf	Inf
HEMEOS	thptdn_c	0.0	0.0	0.0	Inf	Inf
HEMEOS	xan_c	-0.0	-0.07371493374876081	0.0	-0.0	Inf
HEMEOS	rephaccoa_c	-0.0	-0.0003802529217820094	0.0	-0.0	Inf
HEMEOS	rib__D_c	-0.0	0.0	0.6248094560169671	Inf	0.0
HEMEOS	xtsn_c	-0.0	0.0	0.0	Inf	Inf
HEMEOS	rml_c	-0.0	-0.2599888494849495	0.0	-0.0	Inf
HEMEOS	thym_c	-0.0	-48.735137569323456	0.0	-0.0	Inf
HEMEOS	thymd_c	-0.0	-0.017273781201907472	0.0	-0.0	Inf
HEMEOS	xu5p__L_c	-0.0	-0.2864139456621083	0.0	-0.0	Inf
HEMEOS	rmn_c	-0.0	-0.2599888494849495	0.0	-0.0	Inf
HEMEOS	xyl__D_c	0.0	0.0	0.0	Inf	Inf
HEMEOS	tmao_c	0.0	0.0	0.0	Inf	Inf
HEMEOS	xylu__D_c	-0.0	0.0	0.0	Inf	Inf
HEMEOS	xylu__L_c	-0.0	-0.3119866193819394	0.0	-0.0	Inf
HEMEOS	12ppd__R_e	-0.0	-1000.0	0.0	-0.0	Inf
HEMEOS	12ppd__S_e	-0.0	-1000.0	0.0	-0.0	Inf
HEMEOS	tre_c	-0.0	-0.12999442474247475	0.0	-0.0	Inf
HEMEOS	seln_c	0.0	0.0	0.0	Inf	Inf
HEMEOS	34dhpac_e	-0.0	-1000.0	0.0	-0.0	Inf
HEMEOS	slnt_c	0.0	0.0	0.0	Inf	Inf
HEMEOS	so2_c	0.0	0.0	0.0	Inf	Inf
HEMEOS	so3_c	-0.0	-0.16363550768437546	2.3889773318295786	-0.0	0.0
HEMEOS	so4_c	-0.0	-0.1664992875075768	48.735137569323456	-0.0	0.0
HEMEOS	4hoxpacd_e	-0.0	-1000.0	0.0	-0.0	Inf
HEMEOS	5mtr_e	-0.0	0.0	0.0	Inf	Inf
HEMEOS	LalaDgluMdap_e	-0.0	-1000.0	0.0	-0.0	Inf
HEMEOS	ac_e	-0.0	0.0	0.0	Inf	Inf
HEMEOS	acald_e	-0.0	-1000.0	0.0	-0.0	Inf
HEMEOS	acgal_e	-0.0	-1000.0	0.0	-0.0	Inf
HEMEOS	acgam_e	-0.0	-1000.0	0.0	-0.0	Inf
HEMEOS	acmana_e	-0.0	-1000.0	0.0	-0.0	Inf
HEMEOS	tagur_c	-0.0	0.0	0.0	Inf	Inf
HEMEOS	tartr__L_c	-0.0	-0.5262424905237529	0.0	-0.0	Inf
HEMEOS	ade_e	-0.0	-1000.0	0.0	-0.0	Inf
HEMEOS	adn_e	-0.0	-1000.0	0.0	-0.0	Inf
HEMEOS	all__D_e	-0.0	-1000.0	0.0	-0.0	Inf
HEMEOS	cl_e	-0.0	-0.0034361396910753683	999.9965638603089	-0.0	0.0
HEMEOS	alltn_e	-0.0	0.0	0.0	Inf	Inf
HEMEOS	cm_e	-0.0	-1000.0	0.0	-0.0	Inf
HEMEOS	co2_e	-0.0	-982.0985568468918	17.901443153108175	-0.0	0.0
HEMEOS	arab__L_e	-0.0	-1000.0	0.0	-0.0	Inf
HEMEOS	arbt_e	-0.0	-1000.0	0.0	-0.0	Inf
HEMEOS	unagamu_c	-0.0	0.0	0.03425779387693196	Inf	0.0
HEMEOS	crn_e	-0.0	-1000.0	0.0	-0.0	Inf
HEMEOS	csn_e	-0.0	-1000.0	0.0	-0.0	Inf
HEMEOS	cyan_e	-0.0	-1000.0	0.0	-0.0	Inf
HEMEOS	glyb_e	-0.0	-1000.0	0.0	-0.0	Inf
HEMEOS	glyc_e	-0.0	-1000.0	0.0	-0.0	Inf
HEMEOS	cytd_e	-0.0	-1000.0	0.0	-0.0	Inf
HEMEOS	ca2_e	-0.0	-0.0034361396910753683	999.9965638603089	-0.0	0.0
HEMEOS	dad_2_e	-0.0	-1000.0	0.0	-0.0	Inf
HEMEOS	dcyt_e	-0.0	-1000.0	0.0	-0.0	Inf
HEMEOS	chol_e	-0.0	-1000.0	0.0	-0.0	Inf
HEMEOS	dha_e	-0.0	-1000.0	0.0	-0.0	Inf
HEMEOS	ppal_e	-0.0	-1000.0	0.0	-0.0	Inf
HEMEOS	h2_e	-0.0	-1000.0	0.0	-0.0	Inf
HEMEOS	dms_e	-0.0	-1000.0	0.0	-0.0	Inf
HEMEOS	dmso_e	-0.0	-1000.0	0.0	-0.0	Inf
HEMEOS	h2o2_e	-0.0	-1000.0	0.0	-0.0	Inf
HEMEOS	psclys_e	-0.0	-1000.0	0.0	-0.0	Inf
HEMEOS	duri_e	-0.0	-1000.0	0.0	-0.0	Inf
HEMEOS	pydx_e	-0.0	-1000.0	0.0	-0.0	Inf
HEMEOS	pydxn_e	-0.0	-1000.0	0.0	-0.0	Inf
HEMEOS	etoh_e	-0.0	-1000.0	0.0	-0.0	Inf
HEMEOS	fald_e	-0.0	0.0	0.0	Inf	Inf
HEMEOS	rib__D_e	-0.0	-1000.0	0.0	-0.0	Inf
HEMEOS	rmn_e	-0.0	-1000.0	0.0	-0.0	Inf
HEMEOS	indole_e	-0.0	-1000.0	0.0	-0.0	Inf
HEMEOS	inost_e	-0.0	-1000.0	0.0	-0.0	Inf
HEMEOS	sbt__D_e	-0.0	-0.24538273434534558	0.0	-0.0	Inf
HEMEOS	k_e	-0.0	-0.12885886930178003	999.8711411306982	-0.0	0.0
HEMEOS	for_e	-0.0	0.0	0.0016193757260983084	Inf	0.0
HEMEOS	slnt_e	-0.0	0.0	1000.0	Inf	0.0
HEMEOS	fru_e	-0.0	-1000.0	0.0	-0.0	Inf
HEMEOS	so2_e	-0.0	-1000.0	0.0	-0.0	Inf
HEMEOS	so3_e	-0.0	-1000.0	0.0	-0.0	Inf
HEMEOS	so4_e	-0.0	-0.1664992875075768	999.8335007124924	-0.0	0.0
HEMEOS	lipa_cold_e	-0.0	-1000.0	0.0	-0.0	Inf
HEMEOS	sucr_e	-0.0	-1000.0	0.0	-0.0	Inf
HEMEOS	g3pe_e	-0.0	-1000.0	0.0	-0.0	Inf
HEMEOS	malt_e	-0.0	-1000.0	0.0	-0.0	Inf
HEMEOS	tartr__L_e	-0.0	-1000.0	0.0	-0.0	Inf
HEMEOS	g3pi_e	-0.0	-1000.0	0.0	-0.0	Inf
HEMEOS	malthx_e	-0.0	-1000.0	0.0	-0.0	Inf
HEMEOS	maltpt_e	-0.0	-1000.0	0.0	-0.0	Inf
HEMEOS	gal_e	-0.0	-1000.0	0.0	-0.0	Inf
HEMEOS	gal_bD_e	-0.0	-1000.0	0.0	-0.0	Inf
HEMEOS	malttr_e	-0.0	-1000.0	0.0	-0.0	Inf
HEMEOS	maltttr_e	-0.0	-1000.0	0.0	-0.0	Inf
HEMEOS	man_e	-0.0	-1000.0	0.0	-0.0	Inf
HEMEOS	thym_e	-0.0	-1000.0	0.0	-0.0	Inf
HEMEOS	thymd_e	-0.0	-1000.0	0.0	-0.0	Inf
HEMEOS	galt_e	-0.0	-0.24538273434534558	0.0	-0.0	Inf
HEMEOS	melib_e	-0.0	-1000.0	0.0	-0.0	Inf
HEMEOS	meoh_e	-0.0	-999.9999986796773	1.3203226671976154e-06	-0.0	0.0
HEMEOS	tmao_e	-0.0	-1000.0	0.0	-0.0	Inf
HEMEOS	tre_e	-0.0	-1000.0	0.0	-0.0	Inf
HEMEOS	metsox_S__L_e	-0.0	-1000.0	0.0	-0.0	Inf
HEMEOS	glc__D_e	-0.0	-0.2599888494849495	0.5488191167716603	-0.0	0.0
HEMEOS	mg2_e	-0.0	-0.005726899485125614	999.9942731005149	-0.0	0.0
HEMEOS	mnl_e	-0.0	-1000.0	0.0	-0.0	Inf
HEMEOS	mobd_e	-0.0	-8.51608108405344e-05	999.9999148391892	-0.0	0.0
HEMEOS	glyald_e	-0.0	-1000.0	0.0	-0.0	Inf
HEMEOS	n2o_e	-0.0	-1000.0	0.0	-0.0	Inf
HEMEOS	na1_e	-0.0	0.0	1000.0	Inf	0.0
HEMEOS	nac_e	-0.0	-1000.0	0.0	-0.0	Inf
HEMEOS	ni2_e	-0.0	-0.00021323210762602685	999.9997867678924	-0.0	0.0
HEMEOS	no_e	-0.0	-1000.0	0.0	-0.0	Inf
HEMEOS	no2_e	-0.0	-1000.0	0.0	-0.0	Inf
HEMEOS	ura_e	-0.0	-1000.0	0.0	-0.0	Inf
HEMEOS	no3_e	-0.0	-1000.0	0.0	-0.0	Inf
HEMEOS	urea_e	-0.0	-1000.0	0.0	-0.0	Inf
HEMEOS	novbcn_e	-0.0	-1000.0	0.0	-0.0	Inf
HEMEOS	uri_e	-0.0	-1000.0	0.0	-0.0	Inf
HEMEOS	o2_e	-0.0	-16.492720943005565	983.5072790569944	-0.0	0.0
HEMEOS	xan_e	-0.0	0.0	0.0	Inf	Inf
HEMEOS	xtsn_e	-0.0	-1000.0	0.0	-0.0	Inf
HEMEOS	xyl__D_e	-0.0	-1000.0	0.0	-0.0	Inf
HEMEOS	xylu__L_e	-0.0	-1000.0	0.0	-0.0	Inf
HEMEOS	pacald_e	-0.0	-1000.0	0.0	-0.0	Inf
HEMEOS	12dgr120_p	-0.0	0.0	0.0	Inf	Inf
HEMEOS	12dgr140_p	-0.0	0.0	0.0	Inf	Inf
HEMEOS	12dgr160_p	-0.0	-0.03461024303761607	0.0	-0.0	Inf
HEMEOS	12dgr180_p	-0.0	0.0	0.0	Inf	Inf
HEMEOS	12ppd__R_p	-0.0	-1000.0	0.0	-0.0	Inf
HEMEOS	12ppd__S_p	-0.0	0.0	0.0	Inf	Inf
HEMEOS	chol_p	-0.0	-1000.0	0.0	-0.0	Inf
HEMEOS	cl_p	-0.0	-0.0034361396910753683	999.9965638603089	-0.0	0.0
HEMEOS	34dhpac_p	-0.0	-1000.0	0.0	-0.0	Inf
HEMEOS	cm_p	-0.0	0.0	0.0	Inf	Inf
HEMEOS	4hoxpacd_p	-0.0	-1000.0	0.0	-0.0	Inf
HEMEOS	co2_p	-0.0	-982.0985568468918	17.901443153108175	-0.0	0.0
HEMEOS	5mtr_p	-0.0	0.0	0.0	Inf	Inf
HEMEOS	LalaDgluMdap_p	-0.0	-0.01834456286935144	0.0	-0.0	Inf
HEMEOS	gal_p	-0.0	-1000.0	0.0	-0.0	Inf
HEMEOS	ac_p	-0.0	-0.9926846980334428	0.0	-0.0	Inf
HEMEOS	crn_p	-0.0	-1000.0	0.0	-0.0	Inf
HEMEOS	gal_bD_p	-0.0	-1000.0	0.0	-0.0	Inf
HEMEOS	acald_p	-0.0	-1000.0	0.0	-0.0	Inf
HEMEOS	acgal_p	-0.0	-1000.0	0.0	-0.0	Inf
HEMEOS	csn_p	-0.0	0.0	0.0	Inf	Inf
HEMEOS	acgam_p	-0.0	-1000.0	0.0	-0.0	Inf
HEMEOS	galt_p	-0.0	-0.24538273434534558	0.0	-0.0	Inf
HEMEOS	acmana_p	-0.0	-1000.0	0.0	-0.0	Inf
HEMEOS	cyan_p	-0.0	0.0	0.0	Inf	Inf
HEMEOS	ade_p	-0.0	-1000.0	0.0	-0.0	Inf
HEMEOS	adn_p	-0.0	0.0	0.00044428857102385574	Inf	0.0
HEMEOS	cytd_p	-0.0	0.0	0.0	Inf	Inf
HEMEOS	glc__D_p	-0.0	-0.2599888494849495	0.5488191167716603	-0.0	0.0
HEMEOS	dad_2_p	-0.0	-1000.0	0.0	-0.0	Inf
HEMEOS	dcyt_p	-0.0	-1000.0	0.0	-0.0	Inf
HEMEOS	all__D_p	-0.0	0.0	0.0	Inf	Inf
HEMEOS	alltn_p	-0.0	0.0	0.0	Inf	Inf
HEMEOS	dha_p	-0.0	-1000.0	0.0	-0.0	Inf
HEMEOS	glyald_p	-0.0	-1000.0	0.0	-0.0	Inf
HEMEOS	glyb_p	0.0	0.0	0.0	Inf	Inf
HEMEOS	dms_p	-0.0	-1000.0	0.0	-0.0	Inf
HEMEOS	glyc_p	-0.0	-0.09178090854326298	0.0	-0.0	Inf
HEMEOS	dmso_p	-0.0	-1000.0	0.0	-0.0	Inf
HEMEOS	arab__L_p	-0.0	0.0	0.0	Inf	Inf
HEMEOS	arbt_p	0.0	0.0	0.0	Inf	Inf
HEMEOS	ca2_p	-0.0	-0.0034361396910753683	999.9965638603089	-0.0	0.0
HEMEOS	duri_p	-0.0	-1000.0	0.0	-0.0	Inf
HEMEOS	h2_p	-0.0	-1000.0	0.0	-0.0	Inf
HEMEOS	h2o2_p	-0.0	-1000.0	0.0	-0.0	Inf
HEMEOS	etoh_p	-0.0	-1000.0	0.0	-0.0	Inf
HEMEOS	fald_p	-0.0	0.0	0.0	Inf	Inf
HEMEOS	n2o_p	-0.0	-1000.0	0.0	-0.0	Inf
HEMEOS	na1_p	-0.0	0.0	0.0	Inf	Inf
HEMEOS	indole_p	-0.0	0.0	0.31728605188361597	Inf	0.0
HEMEOS	nac_p	-0.0	-1000.0	0.0	-0.0	Inf
HEMEOS	ni2_p	-0.0	-0.00021323210762602685	999.9997867678924	-0.0	0.0
HEMEOS	inost_p	-0.0	-1000.0	0.0	-0.0	Inf
HEMEOS	no_p	-0.0	-1000.0	0.0	-0.0	Inf
HEMEOS	no2_p	-0.0	-1000.0	0.0	-0.0	Inf
HEMEOS	for_p	-0.0	-2.9118751142314356	0.0016193757260983084	-0.0	0.0
HEMEOS	fru_p	-0.0	-1000.0	0.0	-0.0	Inf
HEMEOS	no3_p	-0.0	0.0	0.0	Inf	Inf
HEMEOS	k_p	-0.0	-0.12885886930178003	999.8711411306982	-0.0	0.0
HEMEOS	novbcn_p	-0.0	0.0	0.0	Inf	Inf
HEMEOS	o2_p	-0.0	-16.492720943005565	983.5072790569944	-0.0	0.0
HEMEOS	lipa_cold_p	-0.0	-12.183784392330864	0.0	-0.0	Inf
HEMEOS	g3pe_p	-0.0	0.0	0.0	Inf	Inf
HEMEOS	g3pi_p	-0.0	0.0	0.0	Inf	Inf
HEMEOS	so3_p	-0.0	-1000.0	0.0	-0.0	Inf
HEMEOS	so4_p	-0.0	-0.1664992875075768	999.8335007124924	-0.0	0.0
HEMEOS	malt_p	0.0	0.0	0.0	Inf	Inf
HEMEOS	malthx_p	0.0	0.0	0.0	Inf	Inf
HEMEOS	maltpt_p	0.0	0.0	0.0	Inf	Inf
HEMEOS	sucr_p	-0.0	-1000.0	0.0	-0.0	Inf
HEMEOS	malttr_p	0.0	0.0	0.0	Inf	Inf
HEMEOS	maltttr_p	0.0	0.0	0.0	Inf	Inf
HEMEOS	pacald_p	-0.0	-1000.0	0.0	-0.0	Inf
HEMEOS	man_p	-0.0	-1000.0	0.0	-0.0	Inf
HEMEOS	tartr__L_p	-0.0	-1000.0	0.0	-0.0	Inf
HEMEOS	pe120_p	-0.0	0.0	0.0	Inf	Inf
HEMEOS	melib_p	-0.0	-1000.0	0.0	-0.0	Inf
HEMEOS	meoh_p	-0.0	-999.9999986796773	1.3203226671976154e-06	-0.0	0.0
HEMEOS	thym_p	-0.0	-1000.0	0.0	-0.0	Inf
HEMEOS	thymd_p	-0.0	-0.017273781201907472	0.0	-0.0	Inf
HEMEOS	pg120_p	-0.0	-0.04183728612401484	0.0	-0.0	Inf
HEMEOS	metsox_S__L_p	-0.0	-1000.0	0.0	-0.0	Inf
HEMEOS	tmao_p	-0.0	-1000.0	0.0	-0.0	Inf
HEMEOS	mg2_p	-0.0	-0.005726899485087943	999.9942731005149	-0.0	0.0
HEMEOS	tre_p	-0.0	0.0	0.0	Inf	Inf
HEMEOS	mnl_p	-0.0	0.0	0.0	Inf	Inf
HEMEOS	mobd_p	-0.0	-8.51608108405344e-05	999.9999148391892	-0.0	0.0
HEMEOS	ura_p	-0.0	-1000.0	0.0	-0.0	Inf
HEMEOS	urea_p	-0.0	-1000.0	0.0	-0.0	Inf
HEMEOS	uri_p	-0.0	0.0	0.0	Inf	Inf
HEMEOS	xan_p	-0.0	-0.07371493374876081	0.0	-0.0	Inf
HEMEOS	xtsn_p	-0.0	0.0	0.0	Inf	Inf
HEMEOS	xyl__D_p	-0.0	0.0	0.0	Inf	Inf
HEMEOS	xylu__L_p	-0.0	-1000.0	0.0	-0.0	Inf
HEMEOS	ppal_p	-0.0	-1000.0	0.0	-0.0	Inf
HEMEOS	psclys_p	-0.0	-1000.0	0.0	-0.0	Inf
HEMEOS	pydx_p	-0.0	0.0	0.0	Inf	Inf
HEMEOS	pydxn_p	-0.0	0.0	0.0	Inf	Inf
HEMEOS	rib__D_p	-0.0	-1000.0	0.0	-0.0	Inf
HEMEOS	rmn_p	-0.0	-1000.0	0.0	-0.0	Inf
HEMEOS	sbt__D_p	-0.0	-0.24538273434534558	0.0	-0.0	Inf
HEMEOS	slnt_p	-0.0	0.0	0.0	Inf	Inf
HEMEOS	so2_p	-0.0	-1000.0	0.0	-0.0	Inf
