Reaction	Metabolite	ShadowPrice	G-	G+	DecrementalShadowPrice	IncrementalShadowPrice
GALTtex_f	12dgr120_c	-0.0	0.0	0.0	Inf	Inf
GALTtex_f	12dgr140_c	-0.0	0.0	0.0	Inf	Inf
GALTtex_f	12dgr160_c	-0.0	-0.05356164084234561	0.0	-0.0	Inf
GALTtex_f	12dgr180_c	-0.0	0.0	0.0	Inf	Inf
GALTtex_f	12ppd__R_c	-0.0	-1000.0	0.0	-0.0	Inf
GALTtex_f	12ppd__S_c	-0.0	0.0	0.0	Inf	Inf
GALTtex_f	5drib_c	-0.0	-999.9998111485068	0.00018885149323859596	-0.0	0.0
GALTtex_f	5mta_c	-0.0	0.0	0.0	Inf	Inf
GALTtex_f	23dhacoa_c	-0.0	-0.0004834598225897935	0.0	-0.0	Inf
GALTtex_f	5mtr_c	-0.0	0.0	0.0	Inf	Inf
GALTtex_f	3amac_c	-0.0	-7.718603937267048	0.0	-0.0	Inf
GALTtex_f	LalaDgluMdap_c	-0.0	-0.023323579084951574	0.0	-0.0	Inf
GALTtex_f	ac_c	-0.0	-2.6346234177967127	0.48897932233305447	-0.0	0.0
GALTtex_f	acald_c	-0.0	0.0	2.399094084471089	Inf	0.0
GALTtex_f	acetol_c	-0.0	0.0	0.0	Inf	Inf
GALTtex_f	acgam_c	-0.0	-0.0793075550805575	0.0	-0.0	Inf
GALTtex_f	acgam6p_c	-0.0	-0.0793075550805575	0.0	-0.0	Inf
GALTtex_f	acmalt_c	0.0	0.0	0.0	Inf	Inf
GALTtex_f	acmana_c	-0.0	-0.0793075550805575	0.0	-0.0	Inf
GALTtex_f	2dmmq8_c	-0.0	0.0	0.0	Inf	Inf
GALTtex_f	2dmmql8_c	0.0	0.0	0.0	Inf	Inf
GALTtex_f	ade_c	-0.0	-0.09372237972570478	0.0005648757997865914	-0.0	0.0
GALTtex_f	adn_c	-0.0	0.0	0.0005648757997865914	Inf	0.0
GALTtex_f	3sala_c	0.0	0.0	0.0	Inf	Inf
GALTtex_f	adphep_DD_c	-0.0	0.0	0.0	Inf	Inf
GALTtex_f	adphep_LD_c	-0.0	0.0	0.0	Inf	Inf
GALTtex_f	4ahmmp_c	0.0	0.0	0.0	Inf	Inf
GALTtex_f	4crsol_c	-0.0	-999.9998128271867	0.00018717281329869734	-0.0	0.0
GALTtex_f	2ohph_c	-0.0	-0.00018717281329869734	0.0839796415566985	-0.0	0.0
GALTtex_f	2ombzl_c	-0.0	0.0	0.0	Inf	Inf
GALTtex_f	2omhmbl_c	-0.0	0.0	0.0	Inf	Inf
GALTtex_f	2ommbl_c	0.0	0.0	0.0	Inf	Inf
GALTtex_f	2omph_c	-0.0	0.0	0.07554594138334497	Inf	0.0
GALTtex_f	4mhetz_c	0.0	0.0	0.0	Inf	Inf
GALTtex_f	2oph_c	-0.0	-0.00018717281329869734	0.08405916773241506	-0.0	0.0
GALTtex_f	2oxpaccoa_c	-0.0	-0.0004834598225897935	0.0	-0.0	Inf
GALTtex_f	all__D_c	-0.0	-0.8782078059322371	0.0	-0.0	Inf
GALTtex_f	alltn_c	-0.0	-1.1624719015964384	0.0	-0.0	Inf
GALTtex_f	4r5au_c	-0.0	-0.00037434562602853846	0.5072370350024589	-0.0	0.0
GALTtex_f	56dura_c	0.0	0.0	0.0	Inf	Inf
GALTtex_f	arab__L_c	-0.0	-0.9813749642419884	0.0	-0.0	Inf
GALTtex_f	etoh_c	-0.0	-1000.0	0.0	-0.0	Inf
GALTtex_f	csn_c	-0.0	0.0	0.15184079726357994	Inf	0.0
GALTtex_f	fald_c	-0.0	0.0	0.0	Inf	Inf
GALTtex_f	fc1p_c	-0.0	-0.8096533545558097	0.0	-0.0	Inf
GALTtex_f	fcl__L_c	-0.0	0.0	0.0	Inf	Inf
GALTtex_f	aso4_c	0.0	0.0	0.0	Inf	Inf
GALTtex_f	cyan_c	0.0	0.0	0.0	Inf	Inf
GALTtex_f	athtp_c	0.0	0.0	0.0	Inf	Inf
GALTtex_f	cytd_c	-0.0	0.0	0.0	Inf	Inf
GALTtex_f	dad_2_c	-0.0	0.0	0.0	Inf	Inf
GALTtex_f	dad_5_c	-0.0	-0.09372237972570478	0.00018885149323859596	-0.0	0.0
GALTtex_f	betald_c	0.0	0.0	0.0	Inf	Inf
GALTtex_f	btal_c	-0.0	-130.1762169820814	0.0	-0.0	Inf
GALTtex_f	for_c	-0.0	-7.718603937267048	0.002058900944464149	-0.0	0.0
GALTtex_f	dcyt_c	-0.0	-0.021962169653647834	0.0	-0.0	Inf
GALTtex_f	fru_c	-0.0	-0.8782078059322371	0.915118362117838	-0.0	0.0
GALTtex_f	ca2_c	-0.0	-0.004368764543642101	911.2335188745698	-0.0	0.0
GALTtex_f	g3pe_c	-0.0	0.0	0.0	Inf	Inf
GALTtex_f	g3pi_c	0.0	0.0	0.0	Inf	Inf
GALTtex_f	cbm_c	-0.0	-3.859301968633524	0.0	-0.0	Inf
GALTtex_f	dha_c	-0.0	-2.6346234177967127	1.849301690113131	-0.0	0.0
GALTtex_f	gal_c	-0.0	0.0	0.0	Inf	Inf
GALTtex_f	dhgly_c	-0.0	-0.00018717281329869734	0.32507648593264404	-0.0	0.0
GALTtex_f	dhmptp_c	0.0	0.0	0.0	Inf	Inf
GALTtex_f	gcald_c	-0.0	-1.1624719015964384	0.000561518439781139	-0.0	0.0
GALTtex_f	dhptd_c	-0.0	-39.95994266718958	0.00037602430654799546	-0.0	0.0
GALTtex_f	cechddd_c	-0.0	0.0	0.0	Inf	Inf
GALTtex_f	dhptdn_c	0.0	0.0	0.0	Inf	Inf
GALTtex_f	chol_c	0.0	0.0	0.0	Inf	Inf
GALTtex_f	chtbs6p_c	-0.0	0.0	0.0	Inf	Inf
GALTtex_f	dmbzid_c	0.0	0.0	0.0	Inf	Inf
GALTtex_f	dms_c	0.0	0.0	0.0	Inf	Inf
GALTtex_f	dmso_c	0.0	0.0	0.0	Inf	Inf
GALTtex_f	cl_c	-0.0	-0.004368764543586187	999.9956312354564	-0.0	0.0
GALTtex_f	glc__D_c	-0.0	-0.8782078059322371	0.915118362117838	-0.0	0.0
GALTtex_f	co2_c	-0.0	-977.4535510717076	22.54439002734796	-0.0	0.0
GALTtex_f	dscl_c	-0.0	-0.00018717281329869734	0.09405766344244013	-0.0	0.0
GALTtex_f	dtdp4aaddg_c	-0.0	0.0	0.0	Inf	Inf
GALTtex_f	glyald_c	-0.0	-1000.0	0.0	-0.0	Inf
GALTtex_f	crn_c	-0.0	-911.2335188745698	0.0	-0.0	Inf
GALTtex_f	duri_c	-0.0	-0.021962169653647834	0.0	-0.0	Inf
GALTtex_f	glyb_c	0.0	0.0	0.0	Inf	Inf
GALTtex_f	glyc_c	-0.0	-0.11669175734211343	0.0	-0.0	Inf
GALTtex_f	dxyl_c	0.0	0.0	0.0	Inf	Inf
GALTtex_f	glycogen_c	-0.0	-0.8782078059322371	0.0	-0.0	Inf
GALTtex_f	gmhep1p_c	-0.0	0.0	0.7275941075854943	Inf	0.0
GALTtex_f	lipa_cold_c	-0.0	0.0	0.0	Inf	Inf
GALTtex_f	lipidA_c	-0.0	-0.016330198455307254	0.06277686076763102	-0.0	0.0
GALTtex_f	malt_c	0.0	0.0	0.0	Inf	Inf
GALTtex_f	h2_c	-0.0	0.0	0.0	Inf	Inf
GALTtex_f	malthx_c	-0.0	0.0	0.0	Inf	Inf
GALTtex_f	maltpt_c	-0.0	0.0	0.0	Inf	Inf
GALTtex_f	malttr_c	-0.0	0.0	0.0	Inf	Inf
GALTtex_f	maltttr_c	-0.0	0.0	0.0	Inf	Inf
GALTtex_f	h2o2_c	-0.0	-41.5074758775238	0.0020991892640722654	-0.0	0.0
GALTtex_f	man_c	-0.0	0.0	0.0	Inf	Inf
GALTtex_f	mdhdhf_c	-0.0	-39.95994266718958	0.00037602430654799546	-0.0	0.0
GALTtex_f	melib_c	-0.0	0.0	0.0	Inf	Inf
GALTtex_f	meoh_c	-0.0	-999.99999832132	1.678679950600781e-06	-0.0	0.0
GALTtex_f	pacald_c	-0.0	-911.2335188745698	0.0	-0.0	Inf
GALTtex_f	metsox_S__L_c	-0.0	-0.09372237972570474	0.0	-0.0	Inf
GALTtex_f	mg2_c	-0.0	-0.007281274239289814	455.6167594372849	-0.0	0.0
GALTtex_f	hhlipa_c	-0.0	0.0	0.0	Inf	Inf
GALTtex_f	pe120_c	-0.0	0.0	0.0	Inf	Inf
GALTtex_f	mobd_c	-0.0	-0.00010827485607478593	22.191620281357558	-0.0	0.0
GALTtex_f	hlipa_c	-0.0	0.0	0.0	Inf	Inf
GALTtex_f	pg120_c	-0.0	-0.058345878671056714	0.0	-0.0	Inf
GALTtex_f	mql8_c	0.0	0.0	0.0	Inf	Inf
GALTtex_f	mqn8_c	-0.0	0.0	0.0	Inf	Inf
GALTtex_f	mthgxl_c	-0.0	0.0	0.0	Inf	Inf
GALTtex_f	hqn_c	0.0	0.0	0.0	Inf	Inf
GALTtex_f	mththf_c	-0.0	-999.9996239756935	0.00037602430654799546	-0.0	0.0
GALTtex_f	n2o_c	-0.0	-1000.0	0.0	-0.0	Inf
GALTtex_f	na1_c	-0.0	-88.76648112543023	0.0	-0.0	Inf
GALTtex_f	nac_c	-0.0	0.0	0.0	Inf	Inf
GALTtex_f	ncam_c	-0.0	0.0	0.0	Inf	Inf
GALTtex_f	ni2_c	-0.0	-0.00027110681025988015	999.9997288931897	-0.0	0.0
GALTtex_f	no_c	-0.0	-1000.0	0.0	-0.0	Inf
GALTtex_f	indole_c	-0.0	-0.04771060191182893	0.4404785177306014	-0.0	0.0
GALTtex_f	no2_c	-0.0	-911.2335188745698	0.0	-0.0	Inf
GALTtex_f	no3_c	0.0	0.0	0.0	Inf	Inf
GALTtex_f	inost_c	0.0	0.0	0.0	Inf	Inf
GALTtex_f	o2_c	-0.0	-20.7537379387619	979.2462620612381	-0.0	0.0
GALTtex_f	poaac_c	-0.0	-6.3404629375307255	0.0	-0.0	Inf
GALTtex_f	ppal_c	-0.0	0.0	0.0	Inf	Inf
GALTtex_f	k_c	-0.0	-0.1638332867543113	88.76648112543023	-0.0	0.0
GALTtex_f	psclys_c	-0.0	0.0	0.0	Inf	Inf
GALTtex_f	lald__D_c	-0.0	0.0	0.0	Inf	Inf
GALTtex_f	lald__L_c	-0.0	-2.6346234177967127	0.0	-0.0	Inf
GALTtex_f	ura_c	-0.0	0.0	0.0	Inf	Inf
GALTtex_f	pydx_c	-0.0	0.0	0.561495748429113	Inf	0.0
GALTtex_f	uracp_c	-0.0	-4.532781645796149	0.0	-0.0	Inf
GALTtex_f	pydxn_c	-0.0	0.0	0.561495748429113	Inf	0.0
GALTtex_f	urate_c	-0.0	-1.1624719015964384	0.0	-0.0	Inf
GALTtex_f	q8_c	-0.0	0.0	0.0	Inf	Inf
GALTtex_f	q8h2_c	0.0	0.0	0.0	Inf	Inf
GALTtex_f	urea_c	-0.0	-1000.0	0.0	-0.0	Inf
GALTtex_f	uri_c	-0.0	0.0	0.0	Inf	Inf
GALTtex_f	rbflvrd_c	-0.0	0.0	0.25879440561349937	Inf	0.0
GALTtex_f	rbl__L_c	-0.0	-0.9813749642419884	0.0	-0.0	Inf
GALTtex_f	rdmbzi_c	0.0	0.0	0.0	Inf	Inf
GALTtex_f	thptdn_c	0.0	0.0	0.0	Inf	Inf
GALTtex_f	xan_c	-0.0	0.0	0.0	Inf	Inf
GALTtex_f	rephaccoa_c	-0.0	-0.0004834598225897935	0.0	-0.0	Inf
GALTtex_f	rib__D_c	-0.0	0.0	1.044311542652121	Inf	0.0
GALTtex_f	xtsn_c	-0.0	0.0	0.0	Inf	Inf
GALTtex_f	rml_c	-0.0	-0.8782078059322371	0.0	-0.0	Inf
GALTtex_f	thym_c	-0.0	-88.76648112543023	0.0	-0.0	Inf
GALTtex_f	thymd_c	-0.0	-0.021962169653647834	0.0	-0.0	Inf
GALTtex_f	xu5p__L_c	-0.0	-0.809653354555809	0.0	-0.0	Inf
GALTtex_f	rmn_c	-0.0	-0.8782078059322371	0.0	-0.0	Inf
GALTtex_f	xyl__D_c	0.0	0.0	0.0	Inf	Inf
GALTtex_f	tmao_c	0.0	0.0	0.0	Inf	Inf
GALTtex_f	xylu__D_c	-0.0	0.0	0.0	Inf	Inf
GALTtex_f	xylu__L_c	-0.0	-0.9813749642419884	0.0	-0.0	Inf
GALTtex_f	12ppd__R_e	-0.0	-1000.0	0.0	-0.0	Inf
GALTtex_f	12ppd__S_e	-0.0	-1000.0	0.0	-0.0	Inf
GALTtex_f	tre_c	-0.0	-0.43910390296611856	0.0	-0.0	Inf
GALTtex_f	seln_c	0.0	0.0	0.0	Inf	Inf
GALTtex_f	34dhpac_e	-0.0	-1000.0	0.0	-0.0	Inf
GALTtex_f	slnt_c	0.0	0.0	0.0	Inf	Inf
GALTtex_f	so2_c	0.0	0.0	0.0	Inf	Inf
GALTtex_f	so3_c	-0.0	-0.20804887703119546	4.226975291687152	-0.0	0.0
GALTtex_f	so4_c	-0.0	-0.2116899338208356	88.76648112543023	-0.0	0.0
GALTtex_f	4hoxpacd_e	-0.0	-1000.0	0.0	-0.0	Inf
GALTtex_f	5mtr_e	-0.0	0.0	0.0	Inf	Inf
GALTtex_f	LalaDgluMdap_e	-0.0	-1000.0	0.0	-0.0	Inf
GALTtex_f	ac_e	-0.0	0.0	0.0	Inf	Inf
GALTtex_f	acald_e	-0.0	-1000.0	0.0	-0.0	Inf
GALTtex_f	acgal_e	-0.0	-1000.0	0.0	-0.0	Inf
GALTtex_f	acgam_e	-0.0	-1000.0	0.0	-0.0	Inf
GALTtex_f	acmana_e	-0.0	-1000.0	0.0	-0.0	Inf
GALTtex_f	tagur_c	-0.0	0.0	0.0	Inf	Inf
GALTtex_f	tartr__L_c	-0.0	-1.1624719015964395	0.0	-0.0	Inf
GALTtex_f	ade_e	-0.0	-1000.0	0.0	-0.0	Inf
GALTtex_f	adn_e	-0.0	-1000.0	0.0	-0.0	Inf
GALTtex_f	all__D_e	-0.0	-1000.0	0.0	-0.0	Inf
GALTtex_f	cl_e	-0.0	-0.004368764543642101	999.9956312354564	-0.0	0.0
GALTtex_f	alltn_e	-0.0	0.0	0.0	Inf	Inf
GALTtex_f	cm_e	-0.0	-1000.0	0.0	-0.0	Inf
GALTtex_f	co2_e	-0.0	-977.4535510717076	22.54644892829242	-0.0	0.0
GALTtex_f	arab__L_e	-0.0	-1000.0	0.0	-0.0	Inf
GALTtex_f	arbt_e	-0.0	-1000.0	0.0	-0.0	Inf
GALTtex_f	unagamu_c	-0.0	0.0	0.05752850364577466	Inf	0.0
GALTtex_f	crn_e	-0.0	-1000.0	0.0	-0.0	Inf
GALTtex_f	csn_e	-0.0	-1000.0	0.0	-0.0	Inf
GALTtex_f	cyan_e	-0.0	-1000.0	0.0	-0.0	Inf
GALTtex_f	glyb_e	-0.0	-1000.0	0.0	-0.0	Inf
GALTtex_f	glyc_e	-0.0	-1000.0	0.0	-0.0	Inf
GALTtex_f	cytd_e	-0.0	-1000.0	0.0	-0.0	Inf
GALTtex_f	ca2_e	-0.0	-0.004368764543642101	999.9956312354564	-0.0	0.0
GALTtex_f	dad_2_e	-0.0	-1000.0	0.0	-0.0	Inf
GALTtex_f	dcyt_e	-0.0	-1000.0	0.0	-0.0	Inf
GALTtex_f	chol_e	-0.0	-1000.0	0.0	-0.0	Inf
GALTtex_f	dha_e	-0.0	-1000.0	0.0	-0.0	Inf
GALTtex_f	ppal_e	-0.0	-1000.0	0.0	-0.0	Inf
GALTtex_f	h2_e	-0.0	-1000.0	0.0	-0.0	Inf
GALTtex_f	dms_e	-0.0	-1000.0	0.0	-0.0	Inf
GALTtex_f	dmso_e	-0.0	-1000.0	0.0	-0.0	Inf
GALTtex_f	h2o2_e	-0.0	-1000.0	0.0	-0.0	Inf
GALTtex_f	psclys_e	-0.0	-1000.0	0.0	-0.0	Inf
GALTtex_f	duri_e	-0.0	-1000.0	0.0	-0.0	Inf
GALTtex_f	pydx_e	-0.0	-1000.0	0.0	-0.0	Inf
GALTtex_f	pydxn_e	-0.0	-1000.0	0.0	-0.0	Inf
GALTtex_f	etoh_e	-0.0	-1000.0	0.0	-0.0	Inf
GALTtex_f	fald_e	-0.0	0.0	0.0	Inf	Inf
GALTtex_f	rib__D_e	-0.0	-1000.0	0.0	-0.0	Inf
GALTtex_f	rmn_e	-0.0	-1000.0	0.0	-0.0	Inf
GALTtex_f	indole_e	-0.0	-1000.0	0.0	-0.0	Inf
GALTtex_f	inost_e	-0.0	-1000.0	0.0	-0.0	Inf
GALTtex_f	sbt__D_e	-0.0	-1.3173117088983564	0.0	-0.0	Inf
GALTtex_f	k_e	-0.0	-0.1638332867543113	999.8361667132457	-0.0	0.0
GALTtex_f	for_e	-0.0	0.0	0.002058900944464149	Inf	0.0
GALTtex_f	slnt_e	-0.0	-1000.0	0.0	-0.0	Inf
GALTtex_f	fru_e	-0.0	-1000.0	0.0	-0.0	Inf
GALTtex_f	so2_e	-0.0	-1000.0	0.0	-0.0	Inf
GALTtex_f	so3_e	-0.0	-1000.0	0.0	-0.0	Inf
GALTtex_f	so4_e	-0.0	-0.2116899338208356	999.7883100661792	-0.0	0.0
GALTtex_f	lipa_cold_e	-0.0	-1000.0	0.0	-0.0	Inf
GALTtex_f	sucr_e	-0.0	-0.5269246835593425	0.4599299540177735	-0.0	0.0
GALTtex_f	g3pe_e	-0.0	-1000.0	0.0	-0.0	Inf
GALTtex_f	malt_e	-0.0	-1000.0	0.0	-0.0	Inf
GALTtex_f	tartr__L_e	-0.0	-1000.0	0.0	-0.0	Inf
GALTtex_f	g3pi_e	-0.0	-1000.0	0.0	-0.0	Inf
GALTtex_f	malthx_e	-0.0	-1000.0	0.0	-0.0	Inf
GALTtex_f	maltpt_e	-0.0	-1000.0	0.0	-0.0	Inf
GALTtex_f	gal_e	-0.0	-1000.0	0.0	-0.0	Inf
GALTtex_f	gal_bD_e	-0.0	-1000.0	0.0	-0.0	Inf
GALTtex_f	malttr_e	-0.0	-1000.0	0.0	-0.0	Inf
GALTtex_f	maltttr_e	-0.0	-1000.0	0.0	-0.0	Inf
GALTtex_f	man_e	-0.0	-1000.0	0.0	-0.0	Inf
GALTtex_f	thym_e	-0.0	-1000.0	0.0	-0.0	Inf
GALTtex_f	thymd_e	-0.0	-1000.0	0.0	-0.0	Inf
GALTtex_f	galt_e	-1.0	0.0	0.0	Inf	Inf
GALTtex_f	melib_e	-0.0	-1000.0	0.0	-0.0	Inf
GALTtex_f	meoh_e	-0.0	-999.99999832132	1.678679950600781e-06	-0.0	0.0
GALTtex_f	tmao_e	-0.0	-1000.0	0.0	-0.0	Inf
GALTtex_f	tre_e	-0.0	-1000.0	0.0	-0.0	Inf
GALTtex_f	metsox_S__L_e	-0.0	-1000.0	0.0	-0.0	Inf
GALTtex_f	glc__D_e	-0.0	-1000.0	0.0	-0.0	Inf
GALTtex_f	mg2_e	-0.0	-0.007281274239289814	999.9927187257607	-0.0	0.0
GALTtex_f	mnl_e	-0.0	-1000.0	0.0	-0.0	Inf
GALTtex_f	mobd_e	-0.0	-0.00010827485607478593	999.9998917251439	-0.0	0.0
GALTtex_f	glyald_e	-0.0	-1000.0	0.0	-0.0	Inf
GALTtex_f	n2o_e	-0.0	-1000.0	0.0	-0.0	Inf
GALTtex_f	na1_e	-0.0	-1000.0	0.0	-0.0	Inf
GALTtex_f	nac_e	-0.0	-1000.0	0.0	-0.0	Inf
GALTtex_f	ni2_e	-0.0	-0.00027110681025988015	999.9997288931897	-0.0	0.0
GALTtex_f	no_e	-0.0	-1000.0	0.0	-0.0	Inf
GALTtex_f	no2_e	-0.0	-1000.0	0.0	-0.0	Inf
GALTtex_f	ura_e	-0.0	-1000.0	0.0	-0.0	Inf
GALTtex_f	no3_e	-0.0	-1000.0	0.0	-0.0	Inf
GALTtex_f	urea_e	-0.0	-1000.0	0.0	-0.0	Inf
GALTtex_f	novbcn_e	-0.0	-1000.0	0.0	-0.0	Inf
GALTtex_f	uri_e	-0.0	-1000.0	0.0	-0.0	Inf
GALTtex_f	o2_e	-0.0	-20.7537379387619	979.2462620612381	-0.0	0.0
GALTtex_f	xan_e	-0.0	0.0	0.0	Inf	Inf
GALTtex_f	xtsn_e	-0.0	-1000.0	0.0	-0.0	Inf
GALTtex_f	xyl__D_e	-0.0	-1000.0	0.0	-0.0	Inf
GALTtex_f	xylu__L_e	-0.0	-1000.0	0.0	-0.0	Inf
GALTtex_f	pacald_e	-0.0	-1000.0	0.0	-0.0	Inf
GALTtex_f	12dgr120_p	-0.0	0.0	0.0	Inf	Inf
GALTtex_f	12dgr140_p	-0.0	0.0	0.0	Inf	Inf
GALTtex_f	12dgr160_p	-0.0	-0.05356164084234561	0.0	-0.0	Inf
GALTtex_f	12dgr180_p	-0.0	0.0	0.0	Inf	Inf
GALTtex_f	12ppd__R_p	-0.0	-1000.0	0.0	-0.0	Inf
GALTtex_f	12ppd__S_p	-0.0	0.0	0.0	Inf	Inf
GALTtex_f	chol_p	-0.0	-1000.0	0.0	-0.0	Inf
GALTtex_f	cl_p	-0.0	-0.004368764543642101	999.9956312354564	-0.0	0.0
GALTtex_f	34dhpac_p	-0.0	-1000.0	0.0	-0.0	Inf
GALTtex_f	cm_p	-0.0	0.0	0.0	Inf	Inf
GALTtex_f	4hoxpacd_p	-0.0	-1000.0	0.0	-0.0	Inf
GALTtex_f	co2_p	-0.0	-977.4535510717076	22.54644892829242	-0.0	0.0
GALTtex_f	5mtr_p	-0.0	0.0	0.0	Inf	Inf
GALTtex_f	LalaDgluMdap_p	-0.0	-0.023323579084951574	0.0	-0.0	Inf
GALTtex_f	gal_p	-0.0	-1000.0	0.0	-0.0	Inf
GALTtex_f	ac_p	-0.0	-2.6346234177967127	0.0	-0.0	Inf
GALTtex_f	crn_p	-0.0	-1000.0	0.0	-0.0	Inf
GALTtex_f	gal_bD_p	-0.0	-1000.0	0.0	-0.0	Inf
GALTtex_f	acald_p	-0.0	-1000.0	0.0	-0.0	Inf
GALTtex_f	acgal_p	-0.0	-1000.0	0.0	-0.0	Inf
GALTtex_f	csn_p	-0.0	0.0	0.0	Inf	Inf
GALTtex_f	acgam_p	-0.0	-1000.0	0.0	-0.0	Inf
GALTtex_f	galt_p	-0.0	-0.8782078059322371	0.0	-0.0	Inf
GALTtex_f	acmana_p	-0.0	-1000.0	0.0	-0.0	Inf
GALTtex_f	cyan_p	-0.0	0.0	0.0	Inf	Inf
GALTtex_f	ade_p	-0.0	-1000.0	0.0	-0.0	Inf
GALTtex_f	adn_p	-0.0	0.0	0.0005648757997865914	Inf	0.0
GALTtex_f	cytd_p	-0.0	0.0	0.0	Inf	Inf
GALTtex_f	glc__D_p	-0.0	-1000.0	0.0	-0.0	Inf
GALTtex_f	dad_2_p	-0.0	-1000.0	0.0	-0.0	Inf
GALTtex_f	dcyt_p	-0.0	-1000.0	0.0	-0.0	Inf
GALTtex_f	all__D_p	-0.0	0.0	0.0	Inf	Inf
GALTtex_f	alltn_p	-0.0	0.0	0.0	Inf	Inf
GALTtex_f	dha_p	-0.0	-1000.0	0.0	-0.0	Inf
GALTtex_f	glyald_p	-0.0	-1000.0	0.0	-0.0	Inf
GALTtex_f	glyb_p	0.0	0.0	0.0	Inf	Inf
GALTtex_f	dms_p	-0.0	-1000.0	0.0	-0.0	Inf
GALTtex_f	glyc_p	-0.0	-0.11669175734211343	0.0	-0.0	Inf
GALTtex_f	dmso_p	-0.0	-1000.0	0.0	-0.0	Inf
GALTtex_f	arab__L_p	-0.0	0.0	0.0	Inf	Inf
GALTtex_f	arbt_p	0.0	0.0	0.0	Inf	Inf
GALTtex_f	ca2_p	-0.0	-0.004368764543642101	999.9956312354564	-0.0	0.0
GALTtex_f	duri_p	-0.0	-1000.0	0.0	-0.0	Inf
GALTtex_f	h2_p	-0.0	-1000.0	0.0	-0.0	Inf
GALTtex_f	h2o2_p	-0.0	-1000.0	0.0	-0.0	Inf
GALTtex_f	etoh_p	-0.0	-1000.0	0.0	-0.0	Inf
GALTtex_f	fald_p	-0.0	0.0	0.0	Inf	Inf
GALTtex_f	n2o_p	-0.0	-1000.0	0.0	-0.0	Inf
GALTtex_f	na1_p	-0.0	-1000.0	0.0	-0.0	Inf
GALTtex_f	indole_p	-0.0	0.0	0.4404785177306014	Inf	0.0
GALTtex_f	nac_p	-0.0	-1000.0	0.0	-0.0	Inf
GALTtex_f	ni2_p	-0.0	-0.00027110681025988015	999.9997288931897	-0.0	0.0
GALTtex_f	inost_p	-0.0	-1000.0	0.0	-0.0	Inf
GALTtex_f	no_p	-0.0	-1000.0	0.0	-0.0	Inf
GALTtex_f	no2_p	-0.0	-1000.0	0.0	-0.0	Inf
GALTtex_f	for_p	-0.0	-7.718603937267048	0.002058900944464149	-0.0	0.0
GALTtex_f	fru_p	-0.0	-1000.0	0.0	-0.0	Inf
GALTtex_f	no3_p	-0.0	0.0	0.0	Inf	Inf
GALTtex_f	k_p	-0.0	-0.1638332867543113	999.8361667132457	-0.0	0.0
GALTtex_f	novbcn_p	-0.0	0.0	0.0	Inf	Inf
GALTtex_f	o2_p	-0.0	-20.7537379387619	979.2462620612381	-0.0	0.0
GALTtex_f	lipa_cold_p	-0.0	-22.191620281357558	0.0	-0.0	Inf
GALTtex_f	g3pe_p	-0.0	0.0	0.0	Inf	Inf
GALTtex_f	g3pi_p	-0.0	0.0	0.0	Inf	Inf
GALTtex_f	so3_p	-0.0	-1000.0	0.0	-0.0	Inf
GALTtex_f	so4_p	-0.0	-0.2116899338208356	999.7883100661792	-0.0	0.0
GALTtex_f	malt_p	0.0	0.0	0.0	Inf	Inf
GALTtex_f	malthx_p	0.0	0.0	0.0	Inf	Inf
GALTtex_f	maltpt_p	0.0	0.0	0.0	Inf	Inf
GALTtex_f	sucr_p	-0.0	-0.5269246835593425	0.4599299540177735	-0.0	0.0
GALTtex_f	malttr_p	0.0	0.0	0.0	Inf	Inf
GALTtex_f	maltttr_p	0.0	0.0	0.0	Inf	Inf
GALTtex_f	pacald_p	-0.0	-1000.0	0.0	-0.0	Inf
GALTtex_f	man_p	-0.0	-1000.0	0.0	-0.0	Inf
GALTtex_f	tartr__L_p	-0.0	-1000.0	0.0	-0.0	Inf
GALTtex_f	pe120_p	-0.0	0.0	0.0	Inf	Inf
GALTtex_f	melib_p	-0.0	-1000.0	0.0	-0.0	Inf
GALTtex_f	meoh_p	-0.0	-999.99999832132	1.678679950600781e-06	-0.0	0.0
GALTtex_f	thym_p	-0.0	-1000.0	0.0	-0.0	Inf
GALTtex_f	thymd_p	-0.0	-0.021962169653647834	0.0	-0.0	Inf
GALTtex_f	pg120_p	-0.0	-0.058345878671056714	0.0	-0.0	Inf
GALTtex_f	metsox_S__L_p	-0.0	-1000.0	0.0	-0.0	Inf
GALTtex_f	tmao_p	-0.0	-1000.0	0.0	-0.0	Inf
GALTtex_f	mg2_p	-0.0	-0.007281274239289814	999.9927187257607	-0.0	0.0
GALTtex_f	tre_p	-0.0	0.0	0.0	Inf	Inf
GALTtex_f	mnl_p	-0.0	0.0	0.0	Inf	Inf
GALTtex_f	mobd_p	-0.0	-0.00010827485607478593	999.9998917251439	-0.0	0.0
GALTtex_f	ura_p	-0.0	-1000.0	0.0	-0.0	Inf
GALTtex_f	urea_p	-0.0	-1000.0	0.0	-0.0	Inf
GALTtex_f	uri_p	-0.0	0.0	0.0	Inf	Inf
GALTtex_f	xan_p	-0.0	0.0	0.0	Inf	Inf
GALTtex_f	xtsn_p	-0.0	0.0	0.0	Inf	Inf
GALTtex_f	xyl__D_p	-0.0	-1000.0	0.0	-0.0	Inf
GALTtex_f	xylu__L_p	-0.0	0.0	0.0	Inf	Inf
GALTtex_f	ppal_p	-0.0	0.0	0.0	Inf	Inf
GALTtex_f	psclys_p	-0.0	-1000.0	0.0	-0.0	Inf
GALTtex_f	pydx_p	-0.0	0.0	0.0	Inf	Inf
GALTtex_f	pydxn_p	-0.0	0.0	0.0	Inf	Inf
GALTtex_f	rib__D_p	-0.0	-1000.0	0.0	-0.0	Inf
GALTtex_f	rmn_p	-0.0	-1000.0	0.0	-0.0	Inf
GALTtex_f	sbt__D_p	-0.0	-1.3173117088983564	0.0	-0.0	Inf
GALTtex_f	slnt_p	-0.0	-1000.0	0.0	-0.0	Inf
GALTtex_f	so2_p	-0.0	-1000.0	0.0	-0.0	Inf
