Reaction	Metabolite	ShadowPrice	G-	G+	DecrementalShadowPrice	IncrementalShadowPrice
GLCt2pp	12dgr120_c	-0.0	0.0	0.0	Inf	Inf
GLCt2pp	12dgr140_c	-0.0	0.0	0.0	Inf	Inf
GLCt2pp	12dgr160_c	-0.0	-0.05356164084234561	0.0	-0.0	Inf
GLCt2pp	12dgr180_c	-0.0	0.0	0.0	Inf	Inf
GLCt2pp	12ppd__R_c	-0.0	-1000.0	0.0	-0.0	Inf
GLCt2pp	12ppd__S_c	-0.0	0.0	0.0	Inf	Inf
GLCt2pp	5drib_c	-0.0	-999.9998111485068	0.00018885149323859596	-0.0	0.0
GLCt2pp	5mta_c	-0.0	0.0	0.0	Inf	Inf
GLCt2pp	23dhacoa_c	-0.0	-0.0004834598225897935	0.0	-0.0	Inf
GLCt2pp	5mtr_c	-0.0	0.0	0.0	Inf	Inf
GLCt2pp	3amac_c	-0.0	-7.718603937267048	0.0	-0.0	Inf
GLCt2pp	LalaDgluMdap_c	-0.0	-0.023323579084951574	0.0	-0.0	Inf
GLCt2pp	ac_c	-0.0	-2.6346234177967127	0.48897932233305447	-0.0	0.0
GLCt2pp	acald_c	-0.0	0.0	2.399094084471089	Inf	0.0
GLCt2pp	acetol_c	-0.0	0.0	0.0	Inf	Inf
GLCt2pp	acgam_c	-0.0	-0.0793075550805575	0.0	-0.0	Inf
GLCt2pp	acgam6p_c	-0.0	-0.0793075550805575	0.0	-0.0	Inf
GLCt2pp	acmalt_c	0.0	0.0	0.0	Inf	Inf
GLCt2pp	acmana_c	-0.0	-0.0793075550805575	0.0	-0.0	Inf
GLCt2pp	2dmmq8_c	-0.0	0.0	0.0	Inf	Inf
GLCt2pp	2dmmql8_c	0.0	0.0	0.0	Inf	Inf
GLCt2pp	ade_c	-0.0	-0.09372237972570478	0.0005648757997865914	-0.0	0.0
GLCt2pp	adn_c	-0.0	0.0	0.0005648757997865914	Inf	0.0
GLCt2pp	3sala_c	0.0	0.0	0.0	Inf	Inf
GLCt2pp	adphep_DD_c	-0.0	0.0	0.0	Inf	Inf
GLCt2pp	adphep_LD_c	-0.0	0.0	0.0	Inf	Inf
GLCt2pp	4ahmmp_c	0.0	0.0	0.0	Inf	Inf
GLCt2pp	4crsol_c	-0.0	-999.9998128271867	0.00018717281329869734	-0.0	0.0
GLCt2pp	2ohph_c	-0.0	-0.00018717281329869734	0.0839796415566985	-0.0	0.0
GLCt2pp	2ombzl_c	-0.0	0.0	0.0	Inf	Inf
GLCt2pp	2omhmbl_c	-0.0	0.0	0.0	Inf	Inf
GLCt2pp	2ommbl_c	0.0	0.0	0.0	Inf	Inf
GLCt2pp	2omph_c	-0.0	0.0	0.07554594138334497	Inf	0.0
GLCt2pp	4mhetz_c	0.0	0.0	0.0	Inf	Inf
GLCt2pp	2oph_c	-0.0	-0.00018717281329869734	0.08405916773241506	-0.0	0.0
GLCt2pp	2oxpaccoa_c	-0.0	-0.0004834598225897935	0.0	-0.0	Inf
GLCt2pp	all__D_c	-0.0	-0.8782078059322371	0.0	-0.0	Inf
GLCt2pp	alltn_c	-0.0	-1.1624719015964384	0.0	-0.0	Inf
GLCt2pp	4r5au_c	-0.0	-0.00037434562602853846	0.5072370350024589	-0.0	0.0
GLCt2pp	56dura_c	0.0	0.0	0.0	Inf	Inf
GLCt2pp	arab__L_c	-0.0	-0.9813749642419884	0.0	-0.0	Inf
GLCt2pp	etoh_c	-0.0	-1000.0	0.0	-0.0	Inf
GLCt2pp	csn_c	-0.0	0.0	0.15184079726357994	Inf	0.0
GLCt2pp	fald_c	-0.0	0.0	0.0	Inf	Inf
GLCt2pp	fc1p_c	-0.0	-0.8096533545558097	0.0	-0.0	Inf
GLCt2pp	fcl__L_c	-0.0	0.0	0.0	Inf	Inf
GLCt2pp	aso4_c	0.0	0.0	0.0	Inf	Inf
GLCt2pp	cyan_c	0.0	0.0	0.0	Inf	Inf
GLCt2pp	athtp_c	0.0	0.0	0.0	Inf	Inf
GLCt2pp	cytd_c	-0.0	0.0	0.0	Inf	Inf
GLCt2pp	dad_2_c	-0.0	0.0	0.0	Inf	Inf
GLCt2pp	dad_5_c	-0.0	-0.09372237972570478	0.00018885149323859596	-0.0	0.0
GLCt2pp	betald_c	0.0	0.0	0.0	Inf	Inf
GLCt2pp	btal_c	-0.0	-130.1762169820814	0.0	-0.0	Inf
GLCt2pp	for_c	-0.0	-7.718603937267048	0.002058900944464149	-0.0	0.0
GLCt2pp	dcyt_c	-0.0	-0.021962169653647834	0.0	-0.0	Inf
GLCt2pp	fru_c	-0.0	-0.8782078059322371	0.915118362117838	-0.0	0.0
GLCt2pp	ca2_c	-0.0	-0.004368764543642101	911.2335188745698	-0.0	0.0
GLCt2pp	g3pe_c	-0.0	0.0	0.0	Inf	Inf
GLCt2pp	g3pi_c	0.0	0.0	0.0	Inf	Inf
GLCt2pp	cbm_c	-0.0	-3.859301968633524	0.0	-0.0	Inf
GLCt2pp	dha_c	-0.0	-2.6346234177967127	1.849301690113131	-0.0	0.0
GLCt2pp	gal_c	-0.0	0.0	0.0	Inf	Inf
GLCt2pp	dhgly_c	-0.0	-0.00018717281329869734	0.32507648593264404	-0.0	0.0
GLCt2pp	dhmptp_c	0.0	0.0	0.0	Inf	Inf
GLCt2pp	gcald_c	-0.0	-1.1624719015964384	0.000561518439781139	-0.0	0.0
GLCt2pp	dhptd_c	-0.0	-39.95994266718958	0.00037602430654799546	-0.0	0.0
GLCt2pp	cechddd_c	-0.0	0.0	0.0	Inf	Inf
GLCt2pp	dhptdn_c	0.0	0.0	0.0	Inf	Inf
GLCt2pp	chol_c	0.0	0.0	0.0	Inf	Inf
GLCt2pp	chtbs6p_c	-0.0	0.0	0.0	Inf	Inf
GLCt2pp	dmbzid_c	0.0	0.0	0.0	Inf	Inf
GLCt2pp	dms_c	0.0	0.0	0.0	Inf	Inf
GLCt2pp	dmso_c	0.0	0.0	0.0	Inf	Inf
GLCt2pp	cl_c	-0.0	-0.004368764543586187	999.9956312354564	-0.0	0.0
GLCt2pp	glc__D_c	-0.0	-0.8782078059322371	0.915118362117838	-0.0	0.0
GLCt2pp	co2_c	-0.0	-977.4535510717076	22.54439002734796	-0.0	0.0
GLCt2pp	dscl_c	-0.0	-0.00018717281329869734	0.09405766344244013	-0.0	0.0
GLCt2pp	dtdp4aaddg_c	-0.0	0.0	0.0	Inf	Inf
GLCt2pp	glyald_c	-0.0	-1000.0	0.0	-0.0	Inf
GLCt2pp	crn_c	-0.0	-911.2335188745698	0.0	-0.0	Inf
GLCt2pp	duri_c	-0.0	-0.021962169653647834	0.0	-0.0	Inf
GLCt2pp	glyb_c	0.0	0.0	0.0	Inf	Inf
GLCt2pp	glyc_c	-0.0	-0.11669175734211343	0.0	-0.0	Inf
GLCt2pp	dxyl_c	0.0	0.0	0.0	Inf	Inf
GLCt2pp	glycogen_c	-0.0	-0.8782078059322371	0.0	-0.0	Inf
GLCt2pp	gmhep1p_c	-0.0	0.0	0.7275941075854943	Inf	0.0
GLCt2pp	lipa_cold_c	-0.0	0.0	0.0	Inf	Inf
GLCt2pp	lipidA_c	-0.0	-0.016330198455307254	0.06277686076763102	-0.0	0.0
GLCt2pp	malt_c	0.0	0.0	0.0	Inf	Inf
GLCt2pp	h2_c	-0.0	0.0	0.0	Inf	Inf
GLCt2pp	malthx_c	-0.0	0.0	0.0	Inf	Inf
GLCt2pp	maltpt_c	-0.0	0.0	0.0	Inf	Inf
GLCt2pp	malttr_c	-0.0	0.0	0.0	Inf	Inf
GLCt2pp	maltttr_c	-0.0	0.0	0.0	Inf	Inf
GLCt2pp	h2o2_c	-0.0	-41.5074758775238	0.0020991892640722654	-0.0	0.0
GLCt2pp	man_c	-0.0	0.0	0.0	Inf	Inf
GLCt2pp	mdhdhf_c	-0.0	-39.95994266718958	0.00037602430654799546	-0.0	0.0
GLCt2pp	melib_c	-0.0	0.0	0.0	Inf	Inf
GLCt2pp	meoh_c	-0.0	-999.99999832132	1.678679950600781e-06	-0.0	0.0
GLCt2pp	pacald_c	-0.0	-911.2335188745698	0.0	-0.0	Inf
GLCt2pp	metsox_S__L_c	-0.0	-0.09372237972570474	0.0	-0.0	Inf
GLCt2pp	mg2_c	-0.0	-0.007281274239289814	455.6167594372849	-0.0	0.0
GLCt2pp	hhlipa_c	-0.0	0.0	0.0	Inf	Inf
GLCt2pp	pe120_c	-0.0	0.0	0.0	Inf	Inf
GLCt2pp	mobd_c	-0.0	-0.00010827485607478593	22.191620281357558	-0.0	0.0
GLCt2pp	hlipa_c	-0.0	0.0	0.0	Inf	Inf
GLCt2pp	pg120_c	-0.0	-0.058345878671056714	0.0	-0.0	Inf
GLCt2pp	mql8_c	0.0	0.0	0.0	Inf	Inf
GLCt2pp	mqn8_c	-0.0	0.0	0.0	Inf	Inf
GLCt2pp	mthgxl_c	-0.0	0.0	0.0	Inf	Inf
GLCt2pp	hqn_c	0.0	0.0	0.0	Inf	Inf
GLCt2pp	mththf_c	-0.0	-999.9996239756935	0.00037602430654799546	-0.0	0.0
GLCt2pp	n2o_c	-0.0	-1000.0	0.0	-0.0	Inf
GLCt2pp	na1_c	-0.0	-88.76648112543023	0.0	-0.0	Inf
GLCt2pp	nac_c	-0.0	0.0	0.0	Inf	Inf
GLCt2pp	ncam_c	-0.0	0.0	0.0	Inf	Inf
GLCt2pp	ni2_c	-0.0	-0.00027110681025988015	999.9997288931897	-0.0	0.0
GLCt2pp	no_c	-0.0	-1000.0	0.0	-0.0	Inf
GLCt2pp	indole_c	-0.0	-0.04771060191182893	0.4404785177306014	-0.0	0.0
GLCt2pp	no2_c	-0.0	-911.2335188745698	0.0	-0.0	Inf
GLCt2pp	no3_c	0.0	0.0	0.0	Inf	Inf
GLCt2pp	inost_c	0.0	0.0	0.0	Inf	Inf
GLCt2pp	o2_c	-0.0	-20.7537379387619	979.2462620612381	-0.0	0.0
GLCt2pp	poaac_c	-0.0	-6.3404629375307255	0.0	-0.0	Inf
GLCt2pp	ppal_c	-0.0	0.0	0.0	Inf	Inf
GLCt2pp	k_c	-0.0	-0.1638332867543113	88.76648112543023	-0.0	0.0
GLCt2pp	psclys_c	-0.0	0.0	0.0	Inf	Inf
GLCt2pp	lald__D_c	-0.0	0.0	0.0	Inf	Inf
GLCt2pp	lald__L_c	-0.0	-2.6346234177967127	0.0	-0.0	Inf
GLCt2pp	ura_c	-0.0	0.0	0.0	Inf	Inf
GLCt2pp	pydx_c	-0.0	0.0	0.561495748429113	Inf	0.0
GLCt2pp	uracp_c	-0.0	-4.532781645796149	0.0	-0.0	Inf
GLCt2pp	pydxn_c	-0.0	0.0	0.561495748429113	Inf	0.0
GLCt2pp	urate_c	-0.0	-1.1624719015964384	0.0	-0.0	Inf
GLCt2pp	q8_c	-0.0	0.0	0.0	Inf	Inf
GLCt2pp	q8h2_c	0.0	0.0	0.0	Inf	Inf
GLCt2pp	urea_c	-0.0	-1000.0	0.0	-0.0	Inf
GLCt2pp	uri_c	-0.0	0.0	0.0	Inf	Inf
GLCt2pp	rbflvrd_c	-0.0	0.0	0.25879440561349937	Inf	0.0
GLCt2pp	rbl__L_c	-0.0	-0.9813749642419884	0.0	-0.0	Inf
GLCt2pp	rdmbzi_c	0.0	0.0	0.0	Inf	Inf
GLCt2pp	thptdn_c	0.0	0.0	0.0	Inf	Inf
GLCt2pp	xan_c	-0.0	0.0	0.0	Inf	Inf
GLCt2pp	rephaccoa_c	-0.0	-0.0004834598225897935	0.0	-0.0	Inf
GLCt2pp	rib__D_c	-0.0	0.0	1.044311542652121	Inf	0.0
GLCt2pp	xtsn_c	-0.0	0.0	0.0	Inf	Inf
GLCt2pp	rml_c	-0.0	-0.8782078059322371	0.0	-0.0	Inf
GLCt2pp	thym_c	-0.0	-88.76648112543023	0.0	-0.0	Inf
GLCt2pp	thymd_c	-0.0	-0.021962169653647834	0.0	-0.0	Inf
GLCt2pp	xu5p__L_c	-0.0	-0.809653354555809	0.0	-0.0	Inf
GLCt2pp	rmn_c	-0.0	-0.8782078059322371	0.0	-0.0	Inf
GLCt2pp	xyl__D_c	0.0	0.0	0.0	Inf	Inf
GLCt2pp	tmao_c	0.0	0.0	0.0	Inf	Inf
GLCt2pp	xylu__D_c	-0.0	0.0	0.0	Inf	Inf
GLCt2pp	xylu__L_c	-0.0	-0.9813749642419884	0.0	-0.0	Inf
GLCt2pp	12ppd__R_e	-0.0	-1000.0	0.0	-0.0	Inf
GLCt2pp	12ppd__S_e	-0.0	-1000.0	0.0	-0.0	Inf
GLCt2pp	tre_c	-0.0	-0.43910390296611856	0.0	-0.0	Inf
GLCt2pp	seln_c	0.0	0.0	0.0	Inf	Inf
GLCt2pp	34dhpac_e	-0.0	-1000.0	0.0	-0.0	Inf
GLCt2pp	slnt_c	0.0	0.0	0.0	Inf	Inf
GLCt2pp	so2_c	0.0	0.0	0.0	Inf	Inf
GLCt2pp	so3_c	-0.0	-0.20804887703119546	4.226975291687152	-0.0	0.0
GLCt2pp	so4_c	-0.0	-0.2116899338208356	88.76648112543023	-0.0	0.0
GLCt2pp	4hoxpacd_e	-0.0	-1000.0	0.0	-0.0	Inf
GLCt2pp	5mtr_e	-0.0	0.0	0.0	Inf	Inf
GLCt2pp	LalaDgluMdap_e	-0.0	-1000.0	0.0	-0.0	Inf
GLCt2pp	ac_e	-0.0	0.0	0.0	Inf	Inf
GLCt2pp	acald_e	-0.0	-1000.0	0.0	-0.0	Inf
GLCt2pp	acgal_e	-0.0	-1000.0	0.0	-0.0	Inf
GLCt2pp	acgam_e	-0.0	-1000.0	0.0	-0.0	Inf
GLCt2pp	acmana_e	-0.0	-1000.0	0.0	-0.0	Inf
GLCt2pp	tagur_c	-0.0	0.0	0.0	Inf	Inf
GLCt2pp	tartr__L_c	-0.0	-1.1624719015964395	0.0	-0.0	Inf
GLCt2pp	ade_e	-0.0	-1000.0	0.0	-0.0	Inf
GLCt2pp	adn_e	-0.0	-1000.0	0.0	-0.0	Inf
GLCt2pp	all__D_e	-0.0	-1000.0	0.0	-0.0	Inf
GLCt2pp	cl_e	-0.0	-0.004368764543642101	999.9956312354564	-0.0	0.0
GLCt2pp	alltn_e	-0.0	0.0	0.0	Inf	Inf
GLCt2pp	cm_e	-0.0	-1000.0	0.0	-0.0	Inf
GLCt2pp	co2_e	-0.0	-977.4535510717076	22.54644892829242	-0.0	0.0
GLCt2pp	arab__L_e	-0.0	-1000.0	0.0	-0.0	Inf
GLCt2pp	arbt_e	-0.0	-1000.0	0.0	-0.0	Inf
GLCt2pp	unagamu_c	-0.0	0.0	0.05752850364577466	Inf	0.0
GLCt2pp	crn_e	-0.0	-1000.0	0.0	-0.0	Inf
GLCt2pp	csn_e	-0.0	-1000.0	0.0	-0.0	Inf
GLCt2pp	cyan_e	-0.0	-1000.0	0.0	-0.0	Inf
GLCt2pp	glyb_e	-0.0	-1000.0	0.0	-0.0	Inf
GLCt2pp	glyc_e	-0.0	-1000.0	0.0	-0.0	Inf
GLCt2pp	cytd_e	-0.0	-1000.0	0.0	-0.0	Inf
GLCt2pp	ca2_e	-0.0	-0.004368764543642101	999.9956312354564	-0.0	0.0
GLCt2pp	dad_2_e	-0.0	-1000.0	0.0	-0.0	Inf
GLCt2pp	dcyt_e	-0.0	-1000.0	0.0	-0.0	Inf
GLCt2pp	chol_e	-0.0	-1000.0	0.0	-0.0	Inf
GLCt2pp	dha_e	-0.0	-1000.0	0.0	-0.0	Inf
GLCt2pp	ppal_e	-0.0	-1000.0	0.0	-0.0	Inf
GLCt2pp	h2_e	-0.0	-1000.0	0.0	-0.0	Inf
GLCt2pp	dms_e	-0.0	-1000.0	0.0	-0.0	Inf
GLCt2pp	dmso_e	-0.0	-1000.0	0.0	-0.0	Inf
GLCt2pp	h2o2_e	-0.0	-1000.0	0.0	-0.0	Inf
GLCt2pp	psclys_e	-0.0	-1000.0	0.0	-0.0	Inf
GLCt2pp	duri_e	-0.0	-1000.0	0.0	-0.0	Inf
GLCt2pp	pydx_e	-0.0	-1000.0	0.0	-0.0	Inf
GLCt2pp	pydxn_e	-0.0	-1000.0	0.0	-0.0	Inf
GLCt2pp	etoh_e	-0.0	-1000.0	0.0	-0.0	Inf
GLCt2pp	fald_e	-0.0	0.0	0.0	Inf	Inf
GLCt2pp	rib__D_e	-0.0	-1000.0	0.0	-0.0	Inf
GLCt2pp	rmn_e	-0.0	-1000.0	0.0	-0.0	Inf
GLCt2pp	indole_e	-0.0	-1000.0	0.0	-0.0	Inf
GLCt2pp	inost_e	-0.0	-1000.0	0.0	-0.0	Inf
GLCt2pp	sbt__D_e	-0.0	-1.3173117088983564	0.0	-0.0	Inf
GLCt2pp	k_e	-0.0	-0.1638332867543113	999.8361667132457	-0.0	0.0
GLCt2pp	for_e	-0.0	0.0	0.002058900944464149	Inf	0.0
GLCt2pp	slnt_e	-0.0	-1000.0	0.0	-0.0	Inf
GLCt2pp	fru_e	-0.0	-1000.0	0.0	-0.0	Inf
GLCt2pp	so2_e	-0.0	-1000.0	0.0	-0.0	Inf
GLCt2pp	so3_e	-0.0	-1000.0	0.0	-0.0	Inf
GLCt2pp	so4_e	-0.0	-0.2116899338208356	999.7883100661792	-0.0	0.0
GLCt2pp	lipa_cold_e	-0.0	-1000.0	0.0	-0.0	Inf
GLCt2pp	sucr_e	-0.0	-0.5269246835593425	0.4599299540177735	-0.0	0.0
GLCt2pp	g3pe_e	-0.0	-1000.0	0.0	-0.0	Inf
GLCt2pp	malt_e	-0.0	-1000.0	0.0	-0.0	Inf
GLCt2pp	tartr__L_e	-0.0	-1000.0	0.0	-0.0	Inf
GLCt2pp	g3pi_e	-0.0	-1000.0	0.0	-0.0	Inf
GLCt2pp	malthx_e	-0.0	-1000.0	0.0	-0.0	Inf
GLCt2pp	maltpt_e	-0.0	-1000.0	0.0	-0.0	Inf
GLCt2pp	gal_e	-0.0	-1000.0	0.0	-0.0	Inf
GLCt2pp	gal_bD_e	-0.0	-1000.0	0.0	-0.0	Inf
GLCt2pp	malttr_e	-0.0	-1000.0	0.0	-0.0	Inf
GLCt2pp	maltttr_e	-0.0	-1000.0	0.0	-0.0	Inf
GLCt2pp	man_e	-0.0	-1000.0	0.0	-0.0	Inf
GLCt2pp	thym_e	-0.0	-1000.0	0.0	-0.0	Inf
GLCt2pp	thymd_e	-0.0	-1000.0	0.0	-0.0	Inf
GLCt2pp	galt_e	-0.0	-0.8782078059322371	0.0	-0.0	Inf
GLCt2pp	melib_e	-0.0	-1000.0	0.0	-0.0	Inf
GLCt2pp	meoh_e	-0.0	-999.99999832132	1.678679950600781e-06	-0.0	0.0
GLCt2pp	tmao_e	-0.0	-1000.0	0.0	-0.0	Inf
GLCt2pp	tre_e	-2.0	-0.43910390296611856	0.0	-2.0	Inf
GLCt2pp	metsox_S__L_e	-0.0	-1000.0	0.0	-0.0	Inf
GLCt2pp	glc__D_e	-1.0	-0.8782078059322371	0.0	-1.0000000000001101	Inf
GLCt2pp	mg2_e	-0.0	-0.007281274239289814	999.9927187257607	-0.0	0.0
GLCt2pp	mnl_e	-0.0	-1000.0	0.0	-0.0	Inf
GLCt2pp	mobd_e	-0.0	-0.00010827485607478593	999.9998917251439	-0.0	0.0
GLCt2pp	glyald_e	-0.0	-1000.0	0.0	-0.0	Inf
GLCt2pp	n2o_e	-0.0	-1000.0	0.0	-0.0	Inf
GLCt2pp	na1_e	-0.0	-1000.0	0.0	-0.0	Inf
GLCt2pp	nac_e	-0.0	-1000.0	0.0	-0.0	Inf
GLCt2pp	ni2_e	-0.0	-0.00027110681025988015	999.9997288931897	-0.0	0.0
GLCt2pp	no_e	-0.0	-1000.0	0.0	-0.0	Inf
GLCt2pp	no2_e	-0.0	-1000.0	0.0	-0.0	Inf
GLCt2pp	ura_e	-0.0	-1000.0	0.0	-0.0	Inf
GLCt2pp	no3_e	-0.0	-1000.0	0.0	-0.0	Inf
GLCt2pp	urea_e	-0.0	-1000.0	0.0	-0.0	Inf
GLCt2pp	novbcn_e	-0.0	-1000.0	0.0	-0.0	Inf
GLCt2pp	uri_e	-0.0	-1000.0	0.0	-0.0	Inf
GLCt2pp	o2_e	-0.0	-20.7537379387619	979.2462620612381	-0.0	0.0
GLCt2pp	xan_e	-0.0	0.0	0.0	Inf	Inf
GLCt2pp	xtsn_e	-0.0	-1000.0	0.0	-0.0	Inf
GLCt2pp	xyl__D_e	-0.0	-1000.0	0.0	-0.0	Inf
GLCt2pp	xylu__L_e	-0.0	-1000.0	0.0	-0.0	Inf
GLCt2pp	pacald_e	-0.0	-1000.0	0.0	-0.0	Inf
GLCt2pp	12dgr120_p	-0.0	0.0	0.0	Inf	Inf
GLCt2pp	12dgr140_p	-0.0	0.0	0.0	Inf	Inf
GLCt2pp	12dgr160_p	-0.0	-0.05356164084234561	0.0	-0.0	Inf
GLCt2pp	12dgr180_p	-0.0	0.0	0.0	Inf	Inf
GLCt2pp	12ppd__R_p	-0.0	-1000.0	0.0	-0.0	Inf
GLCt2pp	12ppd__S_p	-0.0	0.0	0.0	Inf	Inf
GLCt2pp	chol_p	-0.0	-1000.0	0.0	-0.0	Inf
GLCt2pp	cl_p	-0.0	-0.004368764543642101	999.9956312354564	-0.0	0.0
GLCt2pp	34dhpac_p	-0.0	-1000.0	0.0	-0.0	Inf
GLCt2pp	cm_p	-0.0	0.0	0.0	Inf	Inf
GLCt2pp	4hoxpacd_p	-0.0	-1000.0	0.0	-0.0	Inf
GLCt2pp	co2_p	-0.0	-977.4535510717076	22.54644892829242	-0.0	0.0
GLCt2pp	5mtr_p	-0.0	0.0	0.0	Inf	Inf
GLCt2pp	LalaDgluMdap_p	-0.0	-0.023323579084951574	0.0	-0.0	Inf
GLCt2pp	gal_p	-0.0	-1000.0	0.0	-0.0	Inf
GLCt2pp	ac_p	-0.0	-2.6346234177967127	0.0	-0.0	Inf
GLCt2pp	crn_p	-0.0	-1000.0	0.0	-0.0	Inf
GLCt2pp	gal_bD_p	-0.0	-1000.0	0.0	-0.0	Inf
GLCt2pp	acald_p	-0.0	-1000.0	0.0	-0.0	Inf
GLCt2pp	acgal_p	-0.0	-1000.0	0.0	-0.0	Inf
GLCt2pp	csn_p	-0.0	0.0	0.0	Inf	Inf
GLCt2pp	acgam_p	-0.0	-1000.0	0.0	-0.0	Inf
GLCt2pp	galt_p	-0.0	-0.8782078059322371	0.0	-0.0	Inf
GLCt2pp	acmana_p	-0.0	-1000.0	0.0	-0.0	Inf
GLCt2pp	cyan_p	-0.0	0.0	0.0	Inf	Inf
GLCt2pp	ade_p	-0.0	-1000.0	0.0	-0.0	Inf
GLCt2pp	adn_p	-0.0	0.0	0.0005648757997865914	Inf	0.0
GLCt2pp	cytd_p	-0.0	0.0	0.0	Inf	Inf
GLCt2pp	glc__D_p	-1.0	-0.8782078059322371	0.0	-1.0000000000001101	Inf
GLCt2pp	dad_2_p	-0.0	-1000.0	0.0	-0.0	Inf
GLCt2pp	dcyt_p	-0.0	-1000.0	0.0	-0.0	Inf
GLCt2pp	all__D_p	-0.0	0.0	0.0	Inf	Inf
GLCt2pp	alltn_p	-0.0	0.0	0.0	Inf	Inf
GLCt2pp	dha_p	-0.0	-1000.0	0.0	-0.0	Inf
GLCt2pp	glyald_p	-0.0	-1000.0	0.0	-0.0	Inf
GLCt2pp	glyb_p	0.0	0.0	0.0	Inf	Inf
GLCt2pp	dms_p	-0.0	-1000.0	0.0	-0.0	Inf
GLCt2pp	glyc_p	-0.0	-0.11669175734211343	0.0	-0.0	Inf
GLCt2pp	dmso_p	-0.0	-1000.0	0.0	-0.0	Inf
GLCt2pp	arab__L_p	-0.0	0.0	0.0	Inf	Inf
GLCt2pp	arbt_p	0.0	0.0	0.0	Inf	Inf
GLCt2pp	ca2_p	-0.0	-0.004368764543642101	999.9956312354564	-0.0	0.0
GLCt2pp	duri_p	-0.0	-1000.0	0.0	-0.0	Inf
GLCt2pp	h2_p	-0.0	-1000.0	0.0	-0.0	Inf
GLCt2pp	h2o2_p	-0.0	-1000.0	0.0	-0.0	Inf
GLCt2pp	etoh_p	-0.0	-1000.0	0.0	-0.0	Inf
GLCt2pp	fald_p	-0.0	0.0	0.0	Inf	Inf
GLCt2pp	n2o_p	-0.0	-1000.0	0.0	-0.0	Inf
GLCt2pp	na1_p	-0.0	-1000.0	0.0	-0.0	Inf
GLCt2pp	indole_p	-0.0	0.0	0.4404785177306014	Inf	0.0
GLCt2pp	nac_p	-0.0	-1000.0	0.0	-0.0	Inf
GLCt2pp	ni2_p	-0.0	-0.00027110681025988015	999.9997288931897	-0.0	0.0
GLCt2pp	inost_p	-0.0	-1000.0	0.0	-0.0	Inf
GLCt2pp	no_p	-0.0	-1000.0	0.0	-0.0	Inf
GLCt2pp	no2_p	-0.0	-1000.0	0.0	-0.0	Inf
GLCt2pp	for_p	-0.0	-7.718603937267048	0.002058900944464149	-0.0	0.0
GLCt2pp	fru_p	-0.0	-1000.0	0.0	-0.0	Inf
GLCt2pp	no3_p	-0.0	0.0	0.0	Inf	Inf
GLCt2pp	k_p	-0.0	-0.1638332867543113	999.8361667132457	-0.0	0.0
GLCt2pp	novbcn_p	-0.0	0.0	0.0	Inf	Inf
GLCt2pp	o2_p	-0.0	-20.7537379387619	979.2462620612381	-0.0	0.0
GLCt2pp	lipa_cold_p	-0.0	-22.191620281357558	0.0	-0.0	Inf
GLCt2pp	g3pe_p	-0.0	0.0	0.0	Inf	Inf
GLCt2pp	g3pi_p	-0.0	0.0	0.0	Inf	Inf
GLCt2pp	so3_p	-0.0	-1000.0	0.0	-0.0	Inf
GLCt2pp	so4_p	-0.0	-0.2116899338208356	999.7883100661792	-0.0	0.0
GLCt2pp	malt_p	0.0	0.0	0.0	Inf	Inf
GLCt2pp	malthx_p	0.0	0.0	0.0	Inf	Inf
GLCt2pp	maltpt_p	0.0	0.0	0.0	Inf	Inf
GLCt2pp	sucr_p	-0.0	-0.5269246835593425	0.4599299540177735	-0.0	0.0
GLCt2pp	malttr_p	0.0	0.0	0.0	Inf	Inf
GLCt2pp	maltttr_p	0.0	0.0	0.0	Inf	Inf
GLCt2pp	pacald_p	-0.0	-1000.0	0.0	-0.0	Inf
GLCt2pp	man_p	-0.0	-1000.0	0.0	-0.0	Inf
GLCt2pp	tartr__L_p	-0.0	-1000.0	0.0	-0.0	Inf
GLCt2pp	pe120_p	-0.0	0.0	0.0	Inf	Inf
GLCt2pp	melib_p	-0.0	-1000.0	0.0	-0.0	Inf
GLCt2pp	meoh_p	-0.0	-999.99999832132	1.678679950600781e-06	-0.0	0.0
GLCt2pp	thym_p	-0.0	-1000.0	0.0	-0.0	Inf
GLCt2pp	thymd_p	-0.0	-0.021962169653647834	0.0	-0.0	Inf
GLCt2pp	pg120_p	-0.0	-0.058345878671056714	0.0	-0.0	Inf
GLCt2pp	metsox_S__L_p	-0.0	-1000.0	0.0	-0.0	Inf
GLCt2pp	tmao_p	-0.0	-1000.0	0.0	-0.0	Inf
GLCt2pp	mg2_p	-0.0	-0.007281274239289814	999.9927187257607	-0.0	0.0
GLCt2pp	tre_p	-2.0	-0.43910390296611856	0.0	-2.0000000000002203	Inf
GLCt2pp	mnl_p	-0.0	0.0	0.0	Inf	Inf
GLCt2pp	mobd_p	-0.0	-0.00010827485607478593	999.9998917251439	-0.0	0.0
GLCt2pp	ura_p	-0.0	-1000.0	0.0	-0.0	Inf
GLCt2pp	urea_p	-0.0	-1000.0	0.0	-0.0	Inf
GLCt2pp	uri_p	-0.0	0.0	0.0	Inf	Inf
GLCt2pp	xan_p	-0.0	0.0	0.0	Inf	Inf
GLCt2pp	xtsn_p	-0.0	0.0	0.0	Inf	Inf
GLCt2pp	xyl__D_p	-0.0	-1000.0	0.0	-0.0	Inf
GLCt2pp	xylu__L_p	-0.0	0.0	0.0	Inf	Inf
GLCt2pp	ppal_p	-0.0	0.0	0.0	Inf	Inf
GLCt2pp	psclys_p	-0.0	-1000.0	0.0	-0.0	Inf
GLCt2pp	pydx_p	-0.0	0.0	0.0	Inf	Inf
GLCt2pp	pydxn_p	-0.0	0.0	0.0	Inf	Inf
GLCt2pp	rib__D_p	-0.0	-1000.0	0.0	-0.0	Inf
GLCt2pp	rmn_p	-0.0	-1000.0	0.0	-0.0	Inf
GLCt2pp	sbt__D_p	-0.0	-1.3173117088983564	0.0	-0.0	Inf
GLCt2pp	slnt_p	-0.0	-1000.0	0.0	-0.0	Inf
GLCt2pp	so2_p	-0.0	-1000.0	0.0	-0.0	Inf
