Reaction	Metabolite	ShadowPrice	G-	G+	DecrementalShadowPrice	IncrementalShadowPrice
DHPTDNRN	12dgr120_c	-0.0	0.0	0.0	Inf	Inf
DHPTDNRN	12dgr140_c	-0.0	0.0	0.0	Inf	Inf
DHPTDNRN	12dgr160_c	-0.0	0.0	0.0006604690608135604	Inf	0.0
DHPTDNRN	12dgr180_c	-0.0	0.0	0.0	Inf	Inf
DHPTDNRN	12ppd__R_c	-0.0	-1000.0	0.0	-0.0	Inf
DHPTDNRN	12ppd__S_c	-0.0	0.0	0.0	Inf	Inf
DHPTDNRN	5drib_c	-0.0	-999.9998626974252	0.00013730257479159784	-0.0	0.0
DHPTDNRN	5mta_c	-0.0	0.0	0.0	Inf	Inf
DHPTDNRN	23dhacoa_c	-0.0	-0.0003514945901770261	0.0	-0.0	Inf
DHPTDNRN	5mtr_c	-0.0	0.0	0.0	Inf	Inf
DHPTDNRN	3amac_c	-0.0	-0.11624255470318746	0.0	-0.0	Inf
DHPTDNRN	LalaDgluMdap_c	-0.0	-0.0013019086720210875	0.0	-0.0	Inf
DHPTDNRN	ac_c	-0.0	-0.012946758460654207	0.019373759117197912	-0.0	0.0
DHPTDNRN	acald_c	-0.0	-0.00896314047276061	0.013412602465752408	-0.0	0.0
DHPTDNRN	acetol_c	-0.0	0.0	0.007925628729762765	Inf	0.0
DHPTDNRN	acgam_c	-0.0	-0.0025330614379540646	0.0	-0.0	Inf
DHPTDNRN	acgam6p_c	-0.0	-0.0024024912607399336	0.0	-0.0	Inf
DHPTDNRN	acmalt_c	0.0	0.0	0.0	Inf	Inf
DHPTDNRN	acmana_c	-0.0	-0.0025330614379540646	0.0	-0.0	Inf
DHPTDNRN	2dmmq8_c	-0.0	0.0	0.0	Inf	Inf
DHPTDNRN	2dmmql8_c	0.0	0.0	0.0	Inf	Inf
DHPTDNRN	ade_c	-0.0	-0.0033531172991622406	0.0004106872570230455	-0.0	0.0
DHPTDNRN	adn_c	-0.0	-0.001745630354245504	0.0004106872570230455	-0.0	0.0
DHPTDNRN	3sala_c	0.0	0.0	0.0	Inf	Inf
DHPTDNRN	adphep_DD_c	-0.0	0.0	0.0	Inf	Inf
DHPTDNRN	adphep_LD_c	-0.0	0.0	0.0	Inf	Inf
DHPTDNRN	4ahmmp_c	0.0	0.0	0.0	Inf	Inf
DHPTDNRN	4crsol_c	-0.0	-999.9998639178925	0.00013608210746011697	-0.0	0.0
DHPTDNRN	2ohph_c	-0.0	-0.00013608210746011697	0.00045466449036448206	-0.0	0.0
DHPTDNRN	2ombzl_c	-0.0	0.0	0.0	Inf	Inf
DHPTDNRN	2omhmbl_c	-0.0	0.0	0.0	Inf	Inf
DHPTDNRN	2ommbl_c	0.0	0.0	0.0	Inf	Inf
DHPTDNRN	2omph_c	-0.0	0.0	0.0004071543071915442	Inf	0.0
DHPTDNRN	4mhetz_c	0.0	0.0	0.0	Inf	Inf
DHPTDNRN	2oph_c	-0.0	-0.00013608210746011697	0.00045644982213292884	-0.0	0.0
DHPTDNRN	2oxpaccoa_c	-0.0	-0.0003514945901770261	0.0	-0.0	Inf
DHPTDNRN	all__D_c	-0.0	-0.0033291664613110334	0.0	-0.0	Inf
DHPTDNRN	alltn_c	-0.0	-0.012946758460653993	0.0	-0.0	Inf
DHPTDNRN	4r5au_c	-0.0	-0.00027216421494813403	0.00247324584474866	-0.0	0.0
DHPTDNRN	56dura_c	0.0	0.0	0.0	Inf	Inf
DHPTDNRN	arab__L_c	-0.0	-0.004052898300726518	0.0	-0.0	Inf
DHPTDNRN	etoh_c	-0.0	-1000.0	0.0	-0.0	Inf
DHPTDNRN	csn_c	-0.0	0.0	0.006706301232876241	Inf	0.0
DHPTDNRN	fald_c	-0.0	0.0	0.0	Inf	Inf
DHPTDNRN	fc1p_c	-0.0	-0.003192351401257147	0.0	-0.0	Inf
DHPTDNRN	fcl__L_c	-0.0	0.0	0.0	Inf	Inf
DHPTDNRN	aso4_c	0.0	0.0	0.0	Inf	Inf
DHPTDNRN	cyan_c	0.0	0.0	0.0	Inf	Inf
DHPTDNRN	athtp_c	0.0	0.0	0.0	Inf	Inf
DHPTDNRN	cytd_c	-0.0	0.0	0.0	Inf	Inf
DHPTDNRN	dad_2_c	-0.0	-0.0017326516899016711	0.0	-0.0	Inf
DHPTDNRN	dad_5_c	-0.0	-0.0033531172991622406	0.00013730257479159784	-0.0	0.0
DHPTDNRN	betald_c	0.0	0.0	0.0	Inf	Inf
DHPTDNRN	btal_c	-0.0	-0.046608330458354774	0.0	-0.0	Inf
DHPTDNRN	for_c	-0.0	-0.051787033842616834	0.0014969031817320898	-0.0	0.0
DHPTDNRN	dcyt_c	-0.0	0.0	0.0	Inf	Inf
DHPTDNRN	fru_c	-0.0	0.0	0.0	Inf	Inf
DHPTDNRN	ca2_c	-0.0	-0.0031762662301844102	0.2330416522917712	-0.0	0.0
DHPTDNRN	g3pe_c	-0.0	-0.0033291664613110334	0.0	-0.0	Inf
DHPTDNRN	g3pi_c	0.0	0.0	0.0	Inf	Inf
DHPTDNRN	cbm_c	-0.0	-0.1165208261458856	0.0	-0.0	Inf
DHPTDNRN	dha_c	-0.0	-0.006658332922622067	0.009963647545987352	-0.0	0.0
DHPTDNRN	gal_c	-0.0	0.0	0.0	Inf	Inf
DHPTDNRN	dhgly_c	-0.0	-0.00013608210746011697	0.0017701911883733995	-0.0	0.0
DHPTDNRN	dhmptp_c	0.0	0.0	0.0	Inf	Inf
DHPTDNRN	gcald_c	-0.0	-0.011097221537703572	0.0004082463219674537	-0.0	0.0
DHPTDNRN	dhptd_c	-0.0	-39.067020035556205	0.00027338468223144766	-0.0	0.0
DHPTDNRN	cechddd_c	-0.0	0.0	0.0	Inf	Inf
DHPTDNRN	dhptdn_c	0.0	0.0	0.0	Inf	Inf
DHPTDNRN	chol_c	0.0	0.0	0.0	Inf	Inf
DHPTDNRN	chtbs6p_c	-0.0	0.0	0.0	Inf	Inf
DHPTDNRN	dmbzid_c	0.0	0.0	0.0	Inf	Inf
DHPTDNRN	dms_c	0.0	0.0	0.0	Inf	Inf
DHPTDNRN	dmso_c	0.0	0.0	0.0	Inf	Inf
DHPTDNRN	cl_c	-0.0	-0.0031762662301789636	0.4660833045835424	-0.0	0.0
DHPTDNRN	glc__D_c	-0.0	-0.0033291664613110334	0.0	-0.0	Inf
DHPTDNRN	co2_c	-0.0	-989.0491070614872	10.950892938512766	-0.0	0.0
DHPTDNRN	dscl_c	-0.0	-0.00013608210746011697	0.0005204890509097955	-0.0	0.0
DHPTDNRN	dtdp4aaddg_c	-0.0	0.0	0.0	Inf	Inf
DHPTDNRN	glyald_c	-0.0	-1000.0	0.0	-0.0	Inf
DHPTDNRN	crn_c	-0.0	-0.2330416522917712	0.0	-0.0	Inf
DHPTDNRN	duri_c	-0.0	0.0	0.0	Inf	Inf
DHPTDNRN	glyb_c	0.0	0.0	0.0	Inf	Inf
DHPTDNRN	glyc_c	-0.0	-0.0058260413072944	0.008718191602739069	-0.0	0.0
DHPTDNRN	dxyl_c	0.0	0.0	0.0	Inf	Inf
DHPTDNRN	glycogen_c	-0.0	-0.0031492115174563797	0.0	-0.0	Inf
DHPTDNRN	gmhep1p_c	-0.0	0.0	0.003709868767122992	Inf	0.0
DHPTDNRN	lipa_cold_c	-0.0	0.0	0.0	Inf	Inf
DHPTDNRN	lipidA_c	-0.0	-0.00022937170501159137	0.00034323588987161813	-0.0	0.0
DHPTDNRN	malt_c	0.0	0.0	0.0	Inf	Inf
DHPTDNRN	h2_c	-0.0	0.0	0.0	Inf	Inf
DHPTDNRN	malthx_c	-0.0	0.0	0.0	Inf	Inf
DHPTDNRN	maltpt_c	-0.0	0.0	0.0	Inf	Inf
DHPTDNRN	malttr_c	-0.0	0.0	0.0	Inf	Inf
DHPTDNRN	maltttr_c	-0.0	0.0	0.0	Inf	Inf
DHPTDNRN	h2o2_c	-0.0	-0.0023823522310506572	0.06974553282191193	-0.0	0.0
DHPTDNRN	man_c	-0.0	0.0	0.0	Inf	Inf
DHPTDNRN	mdhdhf_c	-0.0	-39.067020035556205	0.00027338468223144766	-0.0	0.0
DHPTDNRN	melib_c	-0.0	0.0	0.0	Inf	Inf
DHPTDNRN	meoh_c	-0.0	-999.9999987795327	1.2204673112137243e-06	-0.0	0.0
DHPTDNRN	pacald_c	-0.0	-0.2330416522917712	0.0	-0.0	Inf
DHPTDNRN	metsox_S__L_c	-0.0	-0.002208925614140036	0.0	-0.0	Inf
DHPTDNRN	mg2_c	-0.0	-0.005293777050269455	0.1165208261458856	-0.0	0.0
DHPTDNRN	hhlipa_c	-0.0	0.0	0.0	Inf	Inf
DHPTDNRN	pe120_c	-0.0	0.0	0.0	Inf	Inf
DHPTDNRN	mobd_c	-0.0	-7.872014282384043e-05	0.08718191602739019	-0.0	0.0
DHPTDNRN	hlipa_c	-0.0	0.0	0.0	Inf	Inf
DHPTDNRN	pg120_c	-0.0	-0.0005444898418032083	0.0	-0.0	Inf
DHPTDNRN	mql8_c	0.0	0.0	0.0	Inf	Inf
DHPTDNRN	mqn8_c	-0.0	0.0	0.0	Inf	Inf
DHPTDNRN	mthgxl_c	-0.0	0.0	0.008941734977168119	Inf	0.0
DHPTDNRN	hqn_c	0.0	0.0	0.0	Inf	Inf
DHPTDNRN	mththf_c	-0.0	-999.9997266153177	0.00027338468223144766	-0.0	0.0
DHPTDNRN	n2o_c	-0.0	-1000.0	0.0	-0.0	Inf
DHPTDNRN	na1_c	-0.0	0.0	0.0	Inf	Inf
DHPTDNRN	nac_c	-0.0	0.0	0.0	Inf	Inf
DHPTDNRN	ncam_c	-0.0	0.0	0.0	Inf	Inf
DHPTDNRN	ni2_c	-0.0	-0.00019710547403416044	999.9998028945259	-0.0	0.0
DHPTDNRN	no_c	-0.0	-1000.0	0.0	-0.0	Inf
DHPTDNRN	indole_c	-0.0	-0.0018135537143328777	0.002767679873885405	-0.0	0.0
DHPTDNRN	no2_c	-0.0	-0.2330416522917712	0.0	-0.0	Inf
DHPTDNRN	no3_c	0.0	0.0	0.0	Inf	Inf
DHPTDNRN	inost_c	0.0	0.0	0.0	Inf	Inf
DHPTDNRN	o2_c	-0.0	-15.648711657789704	984.3512883422103	-0.0	0.0
DHPTDNRN	poaac_c	-0.0	-0.038747518234395824	0.0	-0.0	Inf
DHPTDNRN	ppal_c	-0.0	0.0	0.0	Inf	Inf
DHPTDNRN	k_c	-0.0	-0.11911333991687269	0.34872766410955564	-0.0	0.0
DHPTDNRN	psclys_c	-0.0	0.0	0.0	Inf	Inf
DHPTDNRN	lald__D_c	-0.0	0.0	0.007925628729762765	Inf	0.0
DHPTDNRN	lald__L_c	-0.0	-0.007061868251265819	0.0	-0.0	Inf
DHPTDNRN	ura_c	-0.0	-0.005975426981840304	0.0	-0.0	Inf
DHPTDNRN	pydx_c	-0.0	0.0	0.00348727664109559	Inf	0.0
DHPTDNRN	uracp_c	-0.0	-0.043590958013694454	0.0	-0.0	Inf
DHPTDNRN	pydxn_c	-0.0	0.0	0.0033212158486624565	Inf	0.0
DHPTDNRN	urate_c	-0.0	-0.0023823522310506572	0.0	-0.0	Inf
DHPTDNRN	q8_c	-0.0	0.0	0.0	Inf	Inf
DHPTDNRN	q8h2_c	0.0	0.0	0.0	Inf	Inf
DHPTDNRN	urea_c	-0.0	-1000.0	0.0	-0.0	Inf
DHPTDNRN	uri_c	-0.0	0.0	0.0	Inf	Inf
DHPTDNRN	rbflvrd_c	-0.0	0.0	0.0013060961202605342	Inf	0.0
DHPTDNRN	rbl__L_c	-0.0	-0.004052898300726518	0.0	-0.0	Inf
DHPTDNRN	rdmbzi_c	0.0	0.0	0.0	Inf	Inf
DHPTDNRN	thptdn_c	0.0	0.0	0.0	Inf	Inf
DHPTDNRN	xan_c	-0.0	0.0	0.0	Inf	Inf
DHPTDNRN	rephaccoa_c	-0.0	-0.0003514945901770261	0.0	-0.0	Inf
DHPTDNRN	rib__D_c	-0.0	0.0	0.0054488697517118805	Inf	0.0
DHPTDNRN	xtsn_c	-0.0	0.0	0.0027351189341926355	Inf	0.0
DHPTDNRN	rml_c	-0.0	-0.0034270831219378266	0.0	-0.0	Inf
DHPTDNRN	thym_c	-0.0	-0.34872766410955564	0.0	-0.0	Inf
DHPTDNRN	thymd_c	-0.0	-0.0017995494385465232	0.0	-0.0	Inf
DHPTDNRN	xu5p__L_c	-0.0	-0.0037286664366683844	0.0	-0.0	Inf
DHPTDNRN	rmn_c	-0.0	-0.0034270831219378266	0.0	-0.0	Inf
DHPTDNRN	xyl__D_c	0.0	0.0	0.0	Inf	Inf
DHPTDNRN	tmao_c	0.0	0.0	0.0	Inf	Inf
DHPTDNRN	xylu__D_c	-0.0	0.0	0.0	Inf	Inf
DHPTDNRN	xylu__L_c	-0.0	-0.004052898300726518	0.0	-0.0	Inf
DHPTDNRN	12ppd__R_e	-0.0	-1000.0	0.0	-0.0	Inf
DHPTDNRN	12ppd__S_e	-0.0	-1000.0	0.0	-0.0	Inf
DHPTDNRN	tre_c	-0.0	-0.0016645832306555167	0.0	-0.0	Inf
DHPTDNRN	seln_c	0.0	0.0	0.0	Inf	Inf
DHPTDNRN	34dhpac_e	-0.0	-1000.0	0.0	-0.0	Inf
DHPTDNRN	slnt_c	0.0	0.0	0.0	Inf	Inf
DHPTDNRN	so2_c	0.0	0.0	0.0	Inf	Inf
DHPTDNRN	so3_c	-0.0	-0.012946758460654078	0.01937375911719772	-0.0	0.0
DHPTDNRN	so4_c	-0.0	-0.15390703283512086	0.34872766410955564	-0.0	0.0
DHPTDNRN	4hoxpacd_e	-0.0	-1000.0	0.0	-0.0	Inf
DHPTDNRN	5mtr_e	-0.0	0.0	0.0	Inf	Inf
DHPTDNRN	LalaDgluMdap_e	-0.0	-1000.0	0.0	-0.0	Inf
DHPTDNRN	ac_e	-0.0	0.0	0.0	Inf	Inf
DHPTDNRN	acald_e	-0.0	-1000.0	0.0	-0.0	Inf
DHPTDNRN	acgal_e	-0.0	-1000.0	0.0	-0.0	Inf
DHPTDNRN	acgam_e	-0.0	-1000.0	0.0	-0.0	Inf
DHPTDNRN	acmana_e	-0.0	-1000.0	0.0	-0.0	Inf
DHPTDNRN	tagur_c	-0.0	0.0	0.0	Inf	Inf
DHPTDNRN	tartr__L_c	-0.0	-0.007282551634117928	0.0	-0.0	Inf
DHPTDNRN	ade_e	-0.0	-1000.0	0.0	-0.0	Inf
DHPTDNRN	adn_e	-0.0	-1000.0	0.0	-0.0	Inf
DHPTDNRN	all__D_e	-0.0	-1000.0	0.0	-0.0	Inf
DHPTDNRN	cl_e	-0.0	-0.0031762662301844102	999.9968237337698	-0.0	0.0
DHPTDNRN	alltn_e	-0.0	0.0	0.0	Inf	Inf
DHPTDNRN	cm_e	-0.0	-1000.0	0.0	-0.0	Inf
DHPTDNRN	co2_e	-0.0	-989.0491070614872	10.950892938512766	-0.0	0.0
DHPTDNRN	arab__L_e	-0.0	-1000.0	0.0	-0.0	Inf
DHPTDNRN	arbt_e	-0.0	-1000.0	0.0	-0.0	Inf
DHPTDNRN	unagamu_c	-0.0	0.0	0.00031053220312516374	Inf	0.0
DHPTDNRN	crn_e	-0.0	-1000.0	0.0	-0.0	Inf
DHPTDNRN	csn_e	-0.0	-1000.0	0.0	-0.0	Inf
DHPTDNRN	cyan_e	-0.0	-1000.0	0.0	-0.0	Inf
DHPTDNRN	glyb_e	-0.0	-1000.0	0.0	-0.0	Inf
DHPTDNRN	glyc_e	-0.0	-0.0058260413072944	0.008718191602739069	-0.0	0.0
DHPTDNRN	cytd_e	-0.0	-1000.0	0.0	-0.0	Inf
DHPTDNRN	ca2_e	-0.0	-0.0031762662301844102	999.9968237337698	-0.0	0.0
DHPTDNRN	dad_2_e	-0.0	-1000.0	0.0	-0.0	Inf
DHPTDNRN	dcyt_e	-0.0	-1000.0	0.0	-0.0	Inf
DHPTDNRN	chol_e	-0.0	-1000.0	0.0	-0.0	Inf
DHPTDNRN	dha_e	-0.0	-1000.0	0.0	-0.0	Inf
DHPTDNRN	ppal_e	-0.0	-1000.0	0.0	-0.0	Inf
DHPTDNRN	h2_e	-0.0	-1000.0	0.0	-0.0	Inf
DHPTDNRN	dms_e	-0.0	-1000.0	0.0	-0.0	Inf
DHPTDNRN	dmso_e	-0.0	-1000.0	0.0	-0.0	Inf
DHPTDNRN	h2o2_e	-0.0	-1000.0	0.0	-0.0	Inf
DHPTDNRN	psclys_e	-0.0	-1000.0	0.0	-0.0	Inf
DHPTDNRN	duri_e	-0.0	-1000.0	0.0	-0.0	Inf
DHPTDNRN	pydx_e	-0.0	-1000.0	0.0	-0.0	Inf
DHPTDNRN	pydxn_e	-0.0	-1000.0	0.0	-0.0	Inf
DHPTDNRN	etoh_e	-0.0	-1000.0	0.0	-0.0	Inf
DHPTDNRN	fald_e	-0.0	0.0	0.0	Inf	Inf
DHPTDNRN	rib__D_e	-0.0	-1000.0	0.0	-0.0	Inf
DHPTDNRN	rmn_e	-0.0	-1000.0	0.0	-0.0	Inf
DHPTDNRN	indole_e	-0.0	-1000.0	0.0	-0.0	Inf
DHPTDNRN	inost_e	-0.0	-1000.0	0.0	-0.0	Inf
DHPTDNRN	sbt__D_e	-0.0	-0.0031072220305570293	0.0	-0.0	Inf
DHPTDNRN	k_e	-0.0	-0.11911333991690753	999.8808866600831	-0.0	0.0
DHPTDNRN	for_e	-0.0	0.0	0.0014969031817320898	Inf	0.0
DHPTDNRN	slnt_e	-0.0	0.0	1000.0	Inf	0.0
DHPTDNRN	fru_e	-0.0	-1000.0	0.0	-0.0	Inf
DHPTDNRN	so2_e	-0.0	-1000.0	0.0	-0.0	Inf
DHPTDNRN	so3_e	-0.0	-1000.0	0.0	-0.0	Inf
DHPTDNRN	so4_e	-0.0	-0.15390703283514995	999.8460929671649	-0.0	0.0
DHPTDNRN	lipa_cold_e	-0.0	-1000.0	0.0	-0.0	Inf
DHPTDNRN	sucr_e	-0.0	-1000.0	0.0	-0.0	Inf
DHPTDNRN	g3pe_e	-0.0	-1000.0	0.0	-0.0	Inf
DHPTDNRN	malt_e	-0.0	-1000.0	0.0	-0.0	Inf
DHPTDNRN	tartr__L_e	-0.0	-1000.0	0.0	-0.0	Inf
DHPTDNRN	g3pi_e	-0.0	-1000.0	0.0	-0.0	Inf
DHPTDNRN	malthx_e	-0.0	-1000.0	0.0	-0.0	Inf
DHPTDNRN	maltpt_e	-0.0	-1000.0	0.0	-0.0	Inf
DHPTDNRN	gal_e	-0.0	-1000.0	0.0	-0.0	Inf
DHPTDNRN	gal_bD_e	-0.0	-1000.0	0.0	-0.0	Inf
DHPTDNRN	malttr_e	-0.0	-1000.0	0.0	-0.0	Inf
DHPTDNRN	maltttr_e	-0.0	-1000.0	0.0	-0.0	Inf
DHPTDNRN	man_e	-0.0	-1000.0	0.0	-0.0	Inf
DHPTDNRN	thym_e	-0.0	-1000.0	0.0	-0.0	Inf
DHPTDNRN	thymd_e	-0.0	-1000.0	0.0	-0.0	Inf
DHPTDNRN	galt_e	-0.0	-0.0031072220305570293	0.0	-0.0	Inf
DHPTDNRN	melib_e	-0.0	-1000.0	0.0	-0.0	Inf
DHPTDNRN	meoh_e	-0.0	-999.9999987795327	1.2204673112137243e-06	-0.0	0.0
DHPTDNRN	tmao_e	-0.0	-1000.0	0.0	-0.0	Inf
DHPTDNRN	tre_e	-0.0	-1000.0	0.0	-0.0	Inf
DHPTDNRN	metsox_S__L_e	-0.0	-1000.0	0.0	-0.0	Inf
DHPTDNRN	glc__D_e	-0.0	-1000.0	0.0	-0.0	Inf
DHPTDNRN	mg2_e	-0.0	-0.005293777050269455	999.9947062229497	-0.0	0.0
DHPTDNRN	mnl_e	-0.0	-1000.0	0.0	-0.0	Inf
DHPTDNRN	mobd_e	-0.0	-7.872014282384043e-05	999.9999212798572	-0.0	0.0
DHPTDNRN	glyald_e	-0.0	-1000.0	0.0	-0.0	Inf
DHPTDNRN	n2o_e	-0.0	-1000.0	0.0	-0.0	Inf
DHPTDNRN	na1_e	-0.0	0.0	1000.0	Inf	0.0
DHPTDNRN	nac_e	-0.0	-1000.0	0.0	-0.0	Inf
DHPTDNRN	ni2_e	-0.0	-0.00019710547405793477	999.9998028945259	-0.0	0.0
DHPTDNRN	no_e	-0.0	-1000.0	0.0	-0.0	Inf
DHPTDNRN	no2_e	-0.0	-1000.0	0.0	-0.0	Inf
DHPTDNRN	ura_e	-0.0	-1000.0	0.0	-0.0	Inf
DHPTDNRN	no3_e	-0.0	-1000.0	0.0	-0.0	Inf
DHPTDNRN	urea_e	-0.0	-1000.0	0.0	-0.0	Inf
DHPTDNRN	novbcn_e	-0.0	-1000.0	0.0	-0.0	Inf
DHPTDNRN	uri_e	-0.0	-1000.0	0.0	-0.0	Inf
DHPTDNRN	o2_e	-0.0	-15.648711657789704	984.3512883422103	-0.0	0.0
DHPTDNRN	xan_e	-0.0	0.0	0.0	Inf	Inf
DHPTDNRN	xtsn_e	-0.0	-1000.0	0.0	-0.0	Inf
DHPTDNRN	xyl__D_e	-0.0	-1000.0	0.0	-0.0	Inf
DHPTDNRN	xylu__L_e	-0.0	-1000.0	0.0	-0.0	Inf
DHPTDNRN	pacald_e	-0.0	-1000.0	0.0	-0.0	Inf
DHPTDNRN	12dgr120_p	-0.0	0.0	0.0	Inf	Inf
DHPTDNRN	12dgr140_p	-0.0	0.0	0.0	Inf	Inf
DHPTDNRN	12dgr160_p	-0.0	0.0	0.0	Inf	Inf
DHPTDNRN	12dgr180_p	-0.0	0.0	0.0	Inf	Inf
DHPTDNRN	12ppd__R_p	-0.0	-1000.0	0.0	-0.0	Inf
DHPTDNRN	12ppd__S_p	-0.0	0.0	0.0	Inf	Inf
DHPTDNRN	chol_p	-0.0	-1000.0	0.0	-0.0	Inf
DHPTDNRN	cl_p	-0.0	-0.0031762662301844102	999.9968237337698	-0.0	0.0
DHPTDNRN	34dhpac_p	-0.0	-1000.0	0.0	-0.0	Inf
DHPTDNRN	cm_p	-0.0	0.0	0.0	Inf	Inf
DHPTDNRN	4hoxpacd_p	-0.0	-1000.0	0.0	-0.0	Inf
DHPTDNRN	co2_p	-0.0	-989.0491070614872	10.950892938512766	-0.0	0.0
DHPTDNRN	5mtr_p	-0.0	0.0	0.0	Inf	Inf
DHPTDNRN	LalaDgluMdap_p	-0.0	-0.0013316665845244278	0.0	-0.0	Inf
DHPTDNRN	gal_p	-0.0	-1000.0	0.0	-0.0	Inf
DHPTDNRN	ac_p	-0.0	-0.013708332487751574	0.0	-0.0	Inf
DHPTDNRN	crn_p	-0.0	-1000.0	0.0	-0.0	Inf
DHPTDNRN	gal_bD_p	-0.0	-1000.0	0.0	-0.0	Inf
DHPTDNRN	acald_p	-0.0	-1000.0	0.0	-0.0	Inf
DHPTDNRN	acgal_p	-0.0	-1000.0	0.0	-0.0	Inf
DHPTDNRN	csn_p	-0.0	0.0	0.0	Inf	Inf
DHPTDNRN	acgam_p	-0.0	-1000.0	0.0	-0.0	Inf
DHPTDNRN	galt_p	-0.0	-0.0031072220305570293	0.0	-0.0	Inf
DHPTDNRN	acmana_p	-0.0	-1000.0	0.0	-0.0	Inf
DHPTDNRN	cyan_p	-0.0	0.0	0.0	Inf	Inf
DHPTDNRN	ade_p	-0.0	-1000.0	0.0	-0.0	Inf
DHPTDNRN	adn_p	-0.0	0.0	0.0004106872570230455	Inf	0.0
DHPTDNRN	cytd_p	-0.0	0.0	0.0	Inf	Inf
DHPTDNRN	glc__D_p	-0.0	-1000.0	0.0	-0.0	Inf
DHPTDNRN	dad_2_p	-0.0	-1000.0	0.0	-0.0	Inf
DHPTDNRN	dcyt_p	-0.0	-1000.0	0.0	-0.0	Inf
DHPTDNRN	all__D_p	-0.0	0.0	0.0	Inf	Inf
DHPTDNRN	alltn_p	-0.0	0.0	0.0	Inf	Inf
DHPTDNRN	dha_p	-0.0	-1000.0	0.0	-0.0	Inf
DHPTDNRN	glyald_p	-0.0	-1000.0	0.0	-0.0	Inf
DHPTDNRN	glyb_p	0.0	0.0	0.0	Inf	Inf
DHPTDNRN	dms_p	-0.0	-1000.0	0.0	-0.0	Inf
DHPTDNRN	glyc_p	-0.0	-0.0058260413072944	0.008718191602739069	-0.0	0.0
DHPTDNRN	dmso_p	-0.0	-1000.0	0.0	-0.0	Inf
DHPTDNRN	arab__L_p	-0.0	0.0	0.0	Inf	Inf
DHPTDNRN	arbt_p	0.0	0.0	0.0	Inf	Inf
DHPTDNRN	ca2_p	-0.0	-0.0031762662301844102	999.9968237337698	-0.0	0.0
DHPTDNRN	duri_p	-0.0	-1000.0	0.0	-0.0	Inf
DHPTDNRN	h2_p	-0.0	-1000.0	0.0	-0.0	Inf
DHPTDNRN	h2o2_p	-0.0	-1000.0	0.0	-0.0	Inf
DHPTDNRN	etoh_p	-0.0	-1000.0	0.0	-0.0	Inf
DHPTDNRN	fald_p	-0.0	0.0	0.0	Inf	Inf
DHPTDNRN	n2o_p	-0.0	-1000.0	0.0	-0.0	Inf
DHPTDNRN	na1_p	-0.0	0.0	0.0	Inf	Inf
DHPTDNRN	indole_p	-0.0	0.0	0.0027898213128764887	Inf	0.0
DHPTDNRN	nac_p	-0.0	-1000.0	0.0	-0.0	Inf
DHPTDNRN	ni2_p	-0.0	-0.00019710547405793477	999.9998028945259	-0.0	0.0
DHPTDNRN	inost_p	-0.0	-1000.0	0.0	-0.0	Inf
DHPTDNRN	no_p	-0.0	-1000.0	0.0	-0.0	Inf
DHPTDNRN	no2_p	-0.0	-1000.0	0.0	-0.0	Inf
DHPTDNRN	for_p	-0.0	0.0	0.0014969031817320898	Inf	0.0
DHPTDNRN	fru_p	-0.0	-1000.0	0.0	-0.0	Inf
DHPTDNRN	no3_p	-0.0	0.0	0.0	Inf	Inf
DHPTDNRN	k_p	-0.0	-0.11911333991690753	999.8808866600831	-0.0	0.0
DHPTDNRN	novbcn_p	-0.0	0.0	0.0	Inf	Inf
DHPTDNRN	o2_p	-0.0	-15.648711657789704	984.3512883422103	-0.0	0.0
DHPTDNRN	lipa_cold_p	-0.0	-0.08718191602739019	0.0	-0.0	Inf
DHPTDNRN	g3pe_p	-0.0	0.0	0.0	Inf	Inf
DHPTDNRN	g3pi_p	-0.0	0.0	0.0	Inf	Inf
DHPTDNRN	so3_p	-0.0	-1000.0	0.0	-0.0	Inf
DHPTDNRN	so4_p	-0.0	-0.15390703283512086	999.8460929671649	-0.0	0.0
DHPTDNRN	malt_p	0.0	0.0	0.0	Inf	Inf
DHPTDNRN	malthx_p	0.0	0.0	0.0	Inf	Inf
DHPTDNRN	maltpt_p	0.0	0.0	0.0	Inf	Inf
DHPTDNRN	sucr_p	-0.0	-1000.0	0.0	-0.0	Inf
DHPTDNRN	malttr_p	0.0	0.0	0.0	Inf	Inf
DHPTDNRN	maltttr_p	0.0	0.0	0.0	Inf	Inf
DHPTDNRN	pacald_p	-0.0	-1000.0	0.0	-0.0	Inf
DHPTDNRN	man_p	-0.0	-1000.0	0.0	-0.0	Inf
DHPTDNRN	tartr__L_p	-0.0	-1000.0	0.0	-0.0	Inf
DHPTDNRN	pe120_p	-0.0	-0.0005575159145736211	0.0	-0.0	Inf
DHPTDNRN	melib_p	-0.0	-1000.0	0.0	-0.0	Inf
DHPTDNRN	meoh_p	-0.0	-999.9999987795327	1.2204673112137243e-06	-0.0	0.0
DHPTDNRN	thym_p	-0.0	-1000.0	0.0	-0.0	Inf
DHPTDNRN	thymd_p	-0.0	-0.001813553714332877	0.0	-0.0	Inf
DHPTDNRN	pg120_p	-0.0	-0.000539448269193924	0.0	-0.0	Inf
DHPTDNRN	metsox_S__L_p	-0.0	-1000.0	0.0	-0.0	Inf
DHPTDNRN	tmao_p	-0.0	-1000.0	0.0	-0.0	Inf
DHPTDNRN	mg2_p	-0.0	-0.005293777050269455	999.9947062229497	-0.0	0.0
DHPTDNRN	tre_p	-0.0	0.0	0.0	Inf	Inf
DHPTDNRN	mnl_p	-0.0	0.0	0.0	Inf	Inf
DHPTDNRN	mobd_p	-0.0	-7.872014282384043e-05	999.9999212798572	-0.0	0.0
DHPTDNRN	ura_p	-0.0	-1000.0	0.0	-0.0	Inf
DHPTDNRN	urea_p	-0.0	-1000.0	0.0	-0.0	Inf
DHPTDNRN	uri_p	-0.0	0.0	0.0	Inf	Inf
DHPTDNRN	xan_p	-0.0	0.0	0.0	Inf	Inf
DHPTDNRN	xtsn_p	-0.0	0.0	0.0	Inf	Inf
DHPTDNRN	xyl__D_p	-0.0	0.0	0.0	Inf	Inf
DHPTDNRN	xylu__L_p	-0.0	-1000.0	0.0	-0.0	Inf
DHPTDNRN	ppal_p	-0.0	-1000.0	0.0	-0.0	Inf
DHPTDNRN	psclys_p	-0.0	-1000.0	0.0	-0.0	Inf
DHPTDNRN	pydx_p	-0.0	0.0	0.0	Inf	Inf
DHPTDNRN	pydxn_p	-0.0	0.0	0.0	Inf	Inf
DHPTDNRN	rib__D_p	-0.0	-1000.0	0.0	-0.0	Inf
DHPTDNRN	rmn_p	-0.0	-1000.0	0.0	-0.0	Inf
DHPTDNRN	sbt__D_p	-0.0	-0.0031072220305570293	0.0	-0.0	Inf
DHPTDNRN	slnt_p	-0.0	0.0	0.0	Inf	Inf
DHPTDNRN	so2_p	-0.0	-1000.0	0.0	-0.0	Inf
