Reaction	Metabolite	ShadowPrice	G-	G+	DecrementalShadowPrice	IncrementalShadowPrice
DSERtex_f	12dgr120_c	-0.0	0.0	0.0	Inf	Inf
DSERtex_f	12dgr140_c	-0.0	0.0	0.0	Inf	Inf
DSERtex_f	12dgr160_c	-0.0	0.0	0.0006604690608135604	Inf	0.0
DSERtex_f	12dgr180_c	-0.0	0.0	0.0	Inf	Inf
DSERtex_f	12ppd__R_c	-0.0	-1000.0	0.0	-0.0	Inf
DSERtex_f	12ppd__S_c	-0.0	0.0	0.0	Inf	Inf
DSERtex_f	5drib_c	-0.0	-999.9998626974252	0.00013730257479159784	-0.0	0.0
DSERtex_f	5mta_c	-0.0	0.0	0.0	Inf	Inf
DSERtex_f	23dhacoa_c	-0.0	-0.0003514945901770261	0.0	-0.0	Inf
DSERtex_f	5mtr_c	-0.0	0.0	0.0	Inf	Inf
DSERtex_f	3amac_c	-0.0	-0.11624255470318746	0.0	-0.0	Inf
DSERtex_f	LalaDgluMdap_c	-0.0	-0.0013019086720210875	0.0	-0.0	Inf
DSERtex_f	ac_c	-0.0	-0.012946758460654207	0.019373759117197912	-0.0	0.0
DSERtex_f	acald_c	-0.0	-0.00896314047276061	0.013412602465752408	-0.0	0.0
DSERtex_f	acetol_c	-0.0	0.0	0.007925628729762765	Inf	0.0
DSERtex_f	acgam_c	-0.0	-0.0025330614379540646	0.0	-0.0	Inf
DSERtex_f	acgam6p_c	-0.0	-0.0024024912607399336	0.0	-0.0	Inf
DSERtex_f	acmalt_c	0.0	0.0	0.0	Inf	Inf
DSERtex_f	acmana_c	-0.0	-0.0025330614379540646	0.0	-0.0	Inf
DSERtex_f	2dmmq8_c	-0.0	0.0	0.0	Inf	Inf
DSERtex_f	2dmmql8_c	0.0	0.0	0.0	Inf	Inf
DSERtex_f	ade_c	-0.0	-0.0033531172991622406	0.0004106872570230455	-0.0	0.0
DSERtex_f	adn_c	-0.0	-0.001745630354245504	0.0004106872570230455	-0.0	0.0
DSERtex_f	3sala_c	0.0	0.0	0.0	Inf	Inf
DSERtex_f	adphep_DD_c	-0.0	0.0	0.0	Inf	Inf
DSERtex_f	adphep_LD_c	-0.0	0.0	0.0	Inf	Inf
DSERtex_f	4ahmmp_c	0.0	0.0	0.0	Inf	Inf
DSERtex_f	4crsol_c	-0.0	-999.9998639178925	0.00013608210746011697	-0.0	0.0
DSERtex_f	2ohph_c	-0.0	-0.00013608210746011697	0.00045466449036448206	-0.0	0.0
DSERtex_f	2ombzl_c	-0.0	0.0	0.0	Inf	Inf
DSERtex_f	2omhmbl_c	-0.0	0.0	0.0	Inf	Inf
DSERtex_f	2ommbl_c	0.0	0.0	0.0	Inf	Inf
DSERtex_f	2omph_c	-0.0	0.0	0.0004071543071915442	Inf	0.0
DSERtex_f	4mhetz_c	0.0	0.0	0.0	Inf	Inf
DSERtex_f	2oph_c	-0.0	-0.00013608210746011697	0.00045644982213292884	-0.0	0.0
DSERtex_f	2oxpaccoa_c	-0.0	-0.0003514945901770261	0.0	-0.0	Inf
DSERtex_f	all__D_c	-0.0	-0.0033291664613110334	0.0	-0.0	Inf
DSERtex_f	alltn_c	-0.0	-0.012946758460653993	0.0	-0.0	Inf
DSERtex_f	4r5au_c	-0.0	-0.00027216421494813403	0.00247324584474866	-0.0	0.0
DSERtex_f	56dura_c	0.0	0.0	0.0	Inf	Inf
DSERtex_f	arab__L_c	-0.0	-0.004052898300726518	0.0	-0.0	Inf
DSERtex_f	etoh_c	-0.0	-1000.0	0.0	-0.0	Inf
DSERtex_f	csn_c	-0.0	0.0	0.006706301232876241	Inf	0.0
DSERtex_f	fald_c	-0.0	0.0	0.0	Inf	Inf
DSERtex_f	fc1p_c	-0.0	-0.003192351401257147	0.0	-0.0	Inf
DSERtex_f	fcl__L_c	-0.0	0.0	0.0	Inf	Inf
DSERtex_f	aso4_c	0.0	0.0	0.0	Inf	Inf
DSERtex_f	cyan_c	0.0	0.0	0.0	Inf	Inf
DSERtex_f	athtp_c	0.0	0.0	0.0	Inf	Inf
DSERtex_f	cytd_c	-0.0	0.0	0.0	Inf	Inf
DSERtex_f	dad_2_c	-0.0	-0.0017326516899016711	0.0	-0.0	Inf
DSERtex_f	dad_5_c	-0.0	-0.0033531172991622406	0.00013730257479159784	-0.0	0.0
DSERtex_f	betald_c	0.0	0.0	0.0	Inf	Inf
DSERtex_f	btal_c	-0.0	-0.046608330458354774	0.0	-0.0	Inf
DSERtex_f	for_c	-0.0	-0.051787033842616834	0.0014969031817320898	-0.0	0.0
DSERtex_f	dcyt_c	-0.0	0.0	0.0	Inf	Inf
DSERtex_f	fru_c	-0.0	0.0	0.0	Inf	Inf
DSERtex_f	ca2_c	-0.0	-0.0031762662301844102	0.2330416522917712	-0.0	0.0
DSERtex_f	g3pe_c	-0.0	-0.0033291664613110334	0.0	-0.0	Inf
DSERtex_f	g3pi_c	0.0	0.0	0.0	Inf	Inf
DSERtex_f	cbm_c	-0.0	-0.1165208261458856	0.0	-0.0	Inf
DSERtex_f	dha_c	-0.0	-0.006658332922622067	0.009963647545987352	-0.0	0.0
DSERtex_f	gal_c	-0.0	0.0	0.0	Inf	Inf
DSERtex_f	dhgly_c	-0.0	-0.00013608210746011697	0.0017701911883733995	-0.0	0.0
DSERtex_f	dhmptp_c	0.0	0.0	0.0	Inf	Inf
DSERtex_f	gcald_c	-0.0	-0.011097221537703572	0.0004082463219674537	-0.0	0.0
DSERtex_f	dhptd_c	-0.0	-39.067020035556205	0.00027338468223144766	-0.0	0.0
DSERtex_f	cechddd_c	-0.0	0.0	0.0	Inf	Inf
DSERtex_f	dhptdn_c	0.0	0.0	0.0	Inf	Inf
DSERtex_f	chol_c	0.0	0.0	0.0	Inf	Inf
DSERtex_f	chtbs6p_c	-0.0	0.0	0.0	Inf	Inf
DSERtex_f	dmbzid_c	0.0	0.0	0.0	Inf	Inf
DSERtex_f	dms_c	0.0	0.0	0.0	Inf	Inf
DSERtex_f	dmso_c	0.0	0.0	0.0	Inf	Inf
DSERtex_f	cl_c	-0.0	-0.0031762662301789636	0.4660833045835424	-0.0	0.0
DSERtex_f	glc__D_c	-0.0	-0.0033291664613110334	0.0	-0.0	Inf
DSERtex_f	co2_c	-0.0	-989.0491070614872	10.950892938512766	-0.0	0.0
DSERtex_f	dscl_c	-0.0	-0.00013608210746011697	0.0005204890509097955	-0.0	0.0
DSERtex_f	dtdp4aaddg_c	-0.0	0.0	0.0	Inf	Inf
DSERtex_f	glyald_c	-0.0	-1000.0	0.0	-0.0	Inf
DSERtex_f	crn_c	-0.0	-0.2330416522917712	0.0	-0.0	Inf
DSERtex_f	duri_c	-0.0	0.0	0.0	Inf	Inf
DSERtex_f	glyb_c	0.0	0.0	0.0	Inf	Inf
DSERtex_f	glyc_c	-0.0	-0.0058260413072944	0.008718191602739069	-0.0	0.0
DSERtex_f	dxyl_c	0.0	0.0	0.0	Inf	Inf
DSERtex_f	glycogen_c	-0.0	-0.0031492115174563797	0.0	-0.0	Inf
DSERtex_f	gmhep1p_c	-0.0	0.0	0.003709868767122992	Inf	0.0
DSERtex_f	lipa_cold_c	-0.0	0.0	0.0	Inf	Inf
DSERtex_f	lipidA_c	-0.0	-0.00022937170501159137	0.00034323588987161813	-0.0	0.0
DSERtex_f	malt_c	0.0	0.0	0.0	Inf	Inf
DSERtex_f	h2_c	-0.0	0.0	0.0	Inf	Inf
DSERtex_f	malthx_c	-0.0	0.0	0.0	Inf	Inf
DSERtex_f	maltpt_c	-0.0	0.0	0.0	Inf	Inf
DSERtex_f	malttr_c	-0.0	0.0	0.0	Inf	Inf
DSERtex_f	maltttr_c	-0.0	0.0	0.0	Inf	Inf
DSERtex_f	h2o2_c	-0.0	-0.0023823522310506572	0.06974553282191193	-0.0	0.0
DSERtex_f	man_c	-0.0	0.0	0.0	Inf	Inf
DSERtex_f	mdhdhf_c	-0.0	-39.067020035556205	0.00027338468223144766	-0.0	0.0
DSERtex_f	melib_c	-0.0	0.0	0.0	Inf	Inf
DSERtex_f	meoh_c	-0.0	-999.9999987795327	1.2204673112137243e-06	-0.0	0.0
DSERtex_f	pacald_c	-0.0	-0.2330416522917712	0.0	-0.0	Inf
DSERtex_f	metsox_S__L_c	-0.0	-0.002208925614140036	0.0	-0.0	Inf
DSERtex_f	mg2_c	-0.0	-0.005293777050269455	0.1165208261458856	-0.0	0.0
DSERtex_f	hhlipa_c	-0.0	0.0	0.0	Inf	Inf
DSERtex_f	pe120_c	-0.0	0.0	0.0	Inf	Inf
DSERtex_f	mobd_c	-0.0	-7.872014282384043e-05	0.08718191602739019	-0.0	0.0
DSERtex_f	hlipa_c	-0.0	0.0	0.0	Inf	Inf
DSERtex_f	pg120_c	-0.0	-0.0005444898418032083	0.0	-0.0	Inf
DSERtex_f	mql8_c	0.0	0.0	0.0	Inf	Inf
DSERtex_f	mqn8_c	-0.0	0.0	0.0	Inf	Inf
DSERtex_f	mthgxl_c	-0.0	0.0	0.008941734977168119	Inf	0.0
DSERtex_f	hqn_c	0.0	0.0	0.0	Inf	Inf
DSERtex_f	mththf_c	-0.0	-999.9997266153177	0.00027338468223144766	-0.0	0.0
DSERtex_f	n2o_c	-0.0	-1000.0	0.0	-0.0	Inf
DSERtex_f	na1_c	-0.0	0.0	0.0	Inf	Inf
DSERtex_f	nac_c	-0.0	0.0	0.0	Inf	Inf
DSERtex_f	ncam_c	-0.0	0.0	0.0	Inf	Inf
DSERtex_f	ni2_c	-0.0	-0.00019710547403416044	999.9998028945259	-0.0	0.0
DSERtex_f	no_c	-0.0	-1000.0	0.0	-0.0	Inf
DSERtex_f	indole_c	-0.0	-0.0018135537143328777	0.002767679873885405	-0.0	0.0
DSERtex_f	no2_c	-0.0	-0.2330416522917712	0.0	-0.0	Inf
DSERtex_f	no3_c	0.0	0.0	0.0	Inf	Inf
DSERtex_f	inost_c	0.0	0.0	0.0	Inf	Inf
DSERtex_f	o2_c	-0.0	-15.648711657789704	984.3512883422103	-0.0	0.0
DSERtex_f	poaac_c	-0.0	-0.038747518234395824	0.0	-0.0	Inf
DSERtex_f	ppal_c	-0.0	0.0	0.0	Inf	Inf
DSERtex_f	k_c	-0.0	-0.11911333991687269	0.34872766410955564	-0.0	0.0
DSERtex_f	psclys_c	-0.0	0.0	0.0	Inf	Inf
DSERtex_f	lald__D_c	-0.0	0.0	0.007925628729762765	Inf	0.0
DSERtex_f	lald__L_c	-0.0	-0.007061868251265819	0.0	-0.0	Inf
DSERtex_f	ura_c	-0.0	-0.005975426981840304	0.0	-0.0	Inf
DSERtex_f	pydx_c	-0.0	0.0	0.00348727664109559	Inf	0.0
DSERtex_f	uracp_c	-0.0	-0.043590958013694454	0.0	-0.0	Inf
DSERtex_f	pydxn_c	-0.0	0.0	0.0033212158486624565	Inf	0.0
DSERtex_f	urate_c	-0.0	-0.0023823522310506572	0.0	-0.0	Inf
DSERtex_f	q8_c	-0.0	0.0	0.0	Inf	Inf
DSERtex_f	q8h2_c	0.0	0.0	0.0	Inf	Inf
DSERtex_f	urea_c	-0.0	-1000.0	0.0	-0.0	Inf
DSERtex_f	uri_c	-0.0	0.0	0.0	Inf	Inf
DSERtex_f	rbflvrd_c	-0.0	0.0	0.0013060961202605342	Inf	0.0
DSERtex_f	rbl__L_c	-0.0	-0.004052898300726518	0.0	-0.0	Inf
DSERtex_f	rdmbzi_c	0.0	0.0	0.0	Inf	Inf
DSERtex_f	thptdn_c	0.0	0.0	0.0	Inf	Inf
DSERtex_f	xan_c	-0.0	0.0	0.0	Inf	Inf
DSERtex_f	rephaccoa_c	-0.0	-0.0003514945901770261	0.0	-0.0	Inf
DSERtex_f	rib__D_c	-0.0	0.0	0.0054488697517118805	Inf	0.0
DSERtex_f	xtsn_c	-0.0	0.0	0.0027351189341926355	Inf	0.0
DSERtex_f	rml_c	-0.0	-0.0034270831219378266	0.0	-0.0	Inf
DSERtex_f	thym_c	-0.0	-0.34872766410955564	0.0	-0.0	Inf
DSERtex_f	thymd_c	-0.0	-0.0017995494385465232	0.0	-0.0	Inf
DSERtex_f	xu5p__L_c	-0.0	-0.0037286664366683844	0.0	-0.0	Inf
DSERtex_f	rmn_c	-0.0	-0.0034270831219378266	0.0	-0.0	Inf
DSERtex_f	xyl__D_c	0.0	0.0	0.0	Inf	Inf
DSERtex_f	tmao_c	0.0	0.0	0.0	Inf	Inf
DSERtex_f	xylu__D_c	-0.0	0.0	0.0	Inf	Inf
DSERtex_f	xylu__L_c	-0.0	-0.004052898300726518	0.0	-0.0	Inf
DSERtex_f	12ppd__R_e	-0.0	-1000.0	0.0	-0.0	Inf
DSERtex_f	12ppd__S_e	-0.0	-1000.0	0.0	-0.0	Inf
DSERtex_f	tre_c	-0.0	-0.0016645832306555167	0.0	-0.0	Inf
DSERtex_f	seln_c	0.0	0.0	0.0	Inf	Inf
DSERtex_f	34dhpac_e	-0.0	-1000.0	0.0	-0.0	Inf
DSERtex_f	slnt_c	0.0	0.0	0.0	Inf	Inf
DSERtex_f	so2_c	0.0	0.0	0.0	Inf	Inf
DSERtex_f	so3_c	-0.0	-0.012946758460654078	0.01937375911719772	-0.0	0.0
DSERtex_f	so4_c	-0.0	-0.15390703283512086	0.34872766410955564	-0.0	0.0
DSERtex_f	4hoxpacd_e	-0.0	-1000.0	0.0	-0.0	Inf
DSERtex_f	5mtr_e	-0.0	0.0	0.0	Inf	Inf
DSERtex_f	LalaDgluMdap_e	-0.0	-1000.0	0.0	-0.0	Inf
DSERtex_f	ac_e	-0.0	0.0	0.0	Inf	Inf
DSERtex_f	acald_e	-0.0	-1000.0	0.0	-0.0	Inf
DSERtex_f	acgal_e	-0.0	-1000.0	0.0	-0.0	Inf
DSERtex_f	acgam_e	-0.0	-1000.0	0.0	-0.0	Inf
DSERtex_f	acmana_e	-0.0	-1000.0	0.0	-0.0	Inf
DSERtex_f	tagur_c	-0.0	0.0	0.0	Inf	Inf
DSERtex_f	tartr__L_c	-0.0	-0.007282551634117928	0.0	-0.0	Inf
DSERtex_f	ade_e	-0.0	-1000.0	0.0	-0.0	Inf
DSERtex_f	adn_e	-0.0	-1000.0	0.0	-0.0	Inf
DSERtex_f	all__D_e	-0.0	-1000.0	0.0	-0.0	Inf
DSERtex_f	cl_e	-0.0	-0.0031762662301844102	999.9968237337698	-0.0	0.0
DSERtex_f	alltn_e	-0.0	0.0	0.0	Inf	Inf
DSERtex_f	cm_e	-0.0	-1000.0	0.0	-0.0	Inf
DSERtex_f	co2_e	-0.0	-989.0491070614872	10.950892938512766	-0.0	0.0
DSERtex_f	arab__L_e	-0.0	-1000.0	0.0	-0.0	Inf
DSERtex_f	arbt_e	-0.0	-1000.0	0.0	-0.0	Inf
DSERtex_f	unagamu_c	-0.0	0.0	0.00031053220312516374	Inf	0.0
DSERtex_f	crn_e	-0.0	-1000.0	0.0	-0.0	Inf
DSERtex_f	csn_e	-0.0	-1000.0	0.0	-0.0	Inf
DSERtex_f	cyan_e	-0.0	-1000.0	0.0	-0.0	Inf
DSERtex_f	glyb_e	-0.0	-1000.0	0.0	-0.0	Inf
DSERtex_f	glyc_e	-0.0	-0.0058260413072944	0.008718191602739069	-0.0	0.0
DSERtex_f	cytd_e	-0.0	-1000.0	0.0	-0.0	Inf
DSERtex_f	ca2_e	-0.0	-0.0031762662301844102	999.9968237337698	-0.0	0.0
DSERtex_f	dad_2_e	-0.0	-1000.0	0.0	-0.0	Inf
DSERtex_f	dcyt_e	-0.0	-1000.0	0.0	-0.0	Inf
DSERtex_f	chol_e	-0.0	-1000.0	0.0	-0.0	Inf
DSERtex_f	dha_e	-0.0	-1000.0	0.0	-0.0	Inf
DSERtex_f	ppal_e	-0.0	-1000.0	0.0	-0.0	Inf
DSERtex_f	h2_e	-0.0	-1000.0	0.0	-0.0	Inf
DSERtex_f	dms_e	-0.0	-1000.0	0.0	-0.0	Inf
DSERtex_f	dmso_e	-0.0	-1000.0	0.0	-0.0	Inf
DSERtex_f	h2o2_e	-0.0	-1000.0	0.0	-0.0	Inf
DSERtex_f	psclys_e	-0.0	-1000.0	0.0	-0.0	Inf
DSERtex_f	duri_e	-0.0	-1000.0	0.0	-0.0	Inf
DSERtex_f	pydx_e	-0.0	-1000.0	0.0	-0.0	Inf
DSERtex_f	pydxn_e	-0.0	-1000.0	0.0	-0.0	Inf
DSERtex_f	etoh_e	-0.0	-1000.0	0.0	-0.0	Inf
DSERtex_f	fald_e	-0.0	0.0	0.0	Inf	Inf
DSERtex_f	rib__D_e	-0.0	-1000.0	0.0	-0.0	Inf
DSERtex_f	rmn_e	-0.0	-1000.0	0.0	-0.0	Inf
DSERtex_f	indole_e	-0.0	-1000.0	0.0	-0.0	Inf
DSERtex_f	inost_e	-0.0	-1000.0	0.0	-0.0	Inf
DSERtex_f	sbt__D_e	-0.0	-0.0031072220305570293	0.0	-0.0	Inf
DSERtex_f	k_e	-0.0	-0.11911333991690753	999.8808866600831	-0.0	0.0
DSERtex_f	for_e	-0.0	0.0	0.0014969031817320898	Inf	0.0
DSERtex_f	slnt_e	-0.0	0.0	1000.0	Inf	0.0
DSERtex_f	fru_e	-0.0	-1000.0	0.0	-0.0	Inf
DSERtex_f	so2_e	-0.0	-1000.0	0.0	-0.0	Inf
DSERtex_f	so3_e	-0.0	-1000.0	0.0	-0.0	Inf
DSERtex_f	so4_e	-0.0	-0.15390703283514995	999.8460929671649	-0.0	0.0
DSERtex_f	lipa_cold_e	-0.0	-1000.0	0.0	-0.0	Inf
DSERtex_f	sucr_e	-0.0	-1000.0	0.0	-0.0	Inf
DSERtex_f	g3pe_e	-0.0	-1000.0	0.0	-0.0	Inf
DSERtex_f	malt_e	-0.0	-1000.0	0.0	-0.0	Inf
DSERtex_f	tartr__L_e	-0.0	-1000.0	0.0	-0.0	Inf
DSERtex_f	g3pi_e	-0.0	-1000.0	0.0	-0.0	Inf
DSERtex_f	malthx_e	-0.0	-1000.0	0.0	-0.0	Inf
DSERtex_f	maltpt_e	-0.0	-1000.0	0.0	-0.0	Inf
DSERtex_f	gal_e	-0.0	-1000.0	0.0	-0.0	Inf
DSERtex_f	gal_bD_e	-0.0	-1000.0	0.0	-0.0	Inf
DSERtex_f	malttr_e	-0.0	-1000.0	0.0	-0.0	Inf
DSERtex_f	maltttr_e	-0.0	-1000.0	0.0	-0.0	Inf
DSERtex_f	man_e	-0.0	-1000.0	0.0	-0.0	Inf
DSERtex_f	thym_e	-0.0	-1000.0	0.0	-0.0	Inf
DSERtex_f	thymd_e	-0.0	-1000.0	0.0	-0.0	Inf
DSERtex_f	galt_e	-0.0	-0.0031072220305570293	0.0	-0.0	Inf
DSERtex_f	melib_e	-0.0	-1000.0	0.0	-0.0	Inf
DSERtex_f	meoh_e	-0.0	-999.9999987795327	1.2204673112137243e-06	-0.0	0.0
DSERtex_f	tmao_e	-0.0	-1000.0	0.0	-0.0	Inf
DSERtex_f	tre_e	-0.0	-1000.0	0.0	-0.0	Inf
DSERtex_f	metsox_S__L_e	-0.0	-1000.0	0.0	-0.0	Inf
DSERtex_f	glc__D_e	-0.0	-1000.0	0.0	-0.0	Inf
DSERtex_f	mg2_e	-0.0	-0.005293777050269455	999.9947062229497	-0.0	0.0
DSERtex_f	mnl_e	-0.0	-1000.0	0.0	-0.0	Inf
DSERtex_f	mobd_e	-0.0	-7.872014282384043e-05	999.9999212798572	-0.0	0.0
DSERtex_f	glyald_e	-0.0	-1000.0	0.0	-0.0	Inf
DSERtex_f	n2o_e	-0.0	-1000.0	0.0	-0.0	Inf
DSERtex_f	na1_e	-0.0	0.0	1000.0	Inf	0.0
DSERtex_f	nac_e	-0.0	-1000.0	0.0	-0.0	Inf
DSERtex_f	ni2_e	-0.0	-0.00019710547405793477	999.9998028945259	-0.0	0.0
DSERtex_f	no_e	-0.0	-1000.0	0.0	-0.0	Inf
DSERtex_f	no2_e	-0.0	-1000.0	0.0	-0.0	Inf
DSERtex_f	ura_e	-0.0	-1000.0	0.0	-0.0	Inf
DSERtex_f	no3_e	-0.0	-1000.0	0.0	-0.0	Inf
DSERtex_f	urea_e	-0.0	-1000.0	0.0	-0.0	Inf
DSERtex_f	novbcn_e	-0.0	-1000.0	0.0	-0.0	Inf
DSERtex_f	uri_e	-0.0	-1000.0	0.0	-0.0	Inf
DSERtex_f	o2_e	-0.0	-15.648711657789704	984.3512883422103	-0.0	0.0
DSERtex_f	xan_e	-0.0	0.0	0.0	Inf	Inf
DSERtex_f	xtsn_e	-0.0	-1000.0	0.0	-0.0	Inf
DSERtex_f	xyl__D_e	-0.0	-1000.0	0.0	-0.0	Inf
DSERtex_f	xylu__L_e	-0.0	-1000.0	0.0	-0.0	Inf
DSERtex_f	pacald_e	-0.0	-1000.0	0.0	-0.0	Inf
DSERtex_f	12dgr120_p	-0.0	0.0	0.0	Inf	Inf
DSERtex_f	12dgr140_p	-0.0	0.0	0.0	Inf	Inf
DSERtex_f	12dgr160_p	-0.0	0.0	0.0	Inf	Inf
DSERtex_f	12dgr180_p	-0.0	0.0	0.0	Inf	Inf
DSERtex_f	12ppd__R_p	-0.0	-1000.0	0.0	-0.0	Inf
DSERtex_f	12ppd__S_p	-0.0	0.0	0.0	Inf	Inf
DSERtex_f	chol_p	-0.0	-1000.0	0.0	-0.0	Inf
DSERtex_f	cl_p	-0.0	-0.0031762662301844102	999.9968237337698	-0.0	0.0
DSERtex_f	34dhpac_p	-0.0	-1000.0	0.0	-0.0	Inf
DSERtex_f	cm_p	-0.0	0.0	0.0	Inf	Inf
DSERtex_f	4hoxpacd_p	-0.0	-1000.0	0.0	-0.0	Inf
DSERtex_f	co2_p	-0.0	-989.0491070614872	10.950892938512766	-0.0	0.0
DSERtex_f	5mtr_p	-0.0	0.0	0.0	Inf	Inf
DSERtex_f	LalaDgluMdap_p	-0.0	-0.0013316665845244278	0.0	-0.0	Inf
DSERtex_f	gal_p	-0.0	-1000.0	0.0	-0.0	Inf
DSERtex_f	ac_p	-0.0	-0.013708332487751574	0.0	-0.0	Inf
DSERtex_f	crn_p	-0.0	-1000.0	0.0	-0.0	Inf
DSERtex_f	gal_bD_p	-0.0	-1000.0	0.0	-0.0	Inf
DSERtex_f	acald_p	-0.0	-1000.0	0.0	-0.0	Inf
DSERtex_f	acgal_p	-0.0	-1000.0	0.0	-0.0	Inf
DSERtex_f	csn_p	-0.0	0.0	0.0	Inf	Inf
DSERtex_f	acgam_p	-0.0	-1000.0	0.0	-0.0	Inf
DSERtex_f	galt_p	-0.0	-0.0031072220305570293	0.0	-0.0	Inf
DSERtex_f	acmana_p	-0.0	-1000.0	0.0	-0.0	Inf
DSERtex_f	cyan_p	-0.0	0.0	0.0	Inf	Inf
DSERtex_f	ade_p	-0.0	-1000.0	0.0	-0.0	Inf
DSERtex_f	adn_p	-0.0	0.0	0.0004106872570230455	Inf	0.0
DSERtex_f	cytd_p	-0.0	0.0	0.0	Inf	Inf
DSERtex_f	glc__D_p	-0.0	-1000.0	0.0	-0.0	Inf
DSERtex_f	dad_2_p	-0.0	-1000.0	0.0	-0.0	Inf
DSERtex_f	dcyt_p	-0.0	-1000.0	0.0	-0.0	Inf
DSERtex_f	all__D_p	-0.0	0.0	0.0	Inf	Inf
DSERtex_f	alltn_p	-0.0	0.0	0.0	Inf	Inf
DSERtex_f	dha_p	-0.0	-1000.0	0.0	-0.0	Inf
DSERtex_f	glyald_p	-0.0	-1000.0	0.0	-0.0	Inf
DSERtex_f	glyb_p	0.0	0.0	0.0	Inf	Inf
DSERtex_f	dms_p	-0.0	-1000.0	0.0	-0.0	Inf
DSERtex_f	glyc_p	-0.0	-0.0058260413072944	0.008718191602739069	-0.0	0.0
DSERtex_f	dmso_p	-0.0	-1000.0	0.0	-0.0	Inf
DSERtex_f	arab__L_p	-0.0	0.0	0.0	Inf	Inf
DSERtex_f	arbt_p	0.0	0.0	0.0	Inf	Inf
DSERtex_f	ca2_p	-0.0	-0.0031762662301844102	999.9968237337698	-0.0	0.0
DSERtex_f	duri_p	-0.0	-1000.0	0.0	-0.0	Inf
DSERtex_f	h2_p	-0.0	-1000.0	0.0	-0.0	Inf
DSERtex_f	h2o2_p	-0.0	-1000.0	0.0	-0.0	Inf
DSERtex_f	etoh_p	-0.0	-1000.0	0.0	-0.0	Inf
DSERtex_f	fald_p	-0.0	0.0	0.0	Inf	Inf
DSERtex_f	n2o_p	-0.0	-1000.0	0.0	-0.0	Inf
DSERtex_f	na1_p	-0.0	0.0	0.0	Inf	Inf
DSERtex_f	indole_p	-0.0	0.0	0.0027898213128764887	Inf	0.0
DSERtex_f	nac_p	-0.0	-1000.0	0.0	-0.0	Inf
DSERtex_f	ni2_p	-0.0	-0.00019710547405793477	999.9998028945259	-0.0	0.0
DSERtex_f	inost_p	-0.0	-1000.0	0.0	-0.0	Inf
DSERtex_f	no_p	-0.0	-1000.0	0.0	-0.0	Inf
DSERtex_f	no2_p	-0.0	-1000.0	0.0	-0.0	Inf
DSERtex_f	for_p	-0.0	0.0	0.0014969031817320898	Inf	0.0
DSERtex_f	fru_p	-0.0	-1000.0	0.0	-0.0	Inf
DSERtex_f	no3_p	-0.0	0.0	0.0	Inf	Inf
DSERtex_f	k_p	-0.0	-0.11911333991690753	999.8808866600831	-0.0	0.0
DSERtex_f	novbcn_p	-0.0	0.0	0.0	Inf	Inf
DSERtex_f	o2_p	-0.0	-15.648711657789704	984.3512883422103	-0.0	0.0
DSERtex_f	lipa_cold_p	-0.0	-0.08718191602739019	0.0	-0.0	Inf
DSERtex_f	g3pe_p	-0.0	0.0	0.0	Inf	Inf
DSERtex_f	g3pi_p	-0.0	0.0	0.0	Inf	Inf
DSERtex_f	so3_p	-0.0	-1000.0	0.0	-0.0	Inf
DSERtex_f	so4_p	-0.0	-0.15390703283512086	999.8460929671649	-0.0	0.0
DSERtex_f	malt_p	0.0	0.0	0.0	Inf	Inf
DSERtex_f	malthx_p	0.0	0.0	0.0	Inf	Inf
DSERtex_f	maltpt_p	0.0	0.0	0.0	Inf	Inf
DSERtex_f	sucr_p	-0.0	-1000.0	0.0	-0.0	Inf
DSERtex_f	malttr_p	0.0	0.0	0.0	Inf	Inf
DSERtex_f	maltttr_p	0.0	0.0	0.0	Inf	Inf
DSERtex_f	pacald_p	-0.0	-1000.0	0.0	-0.0	Inf
DSERtex_f	man_p	-0.0	-1000.0	0.0	-0.0	Inf
DSERtex_f	tartr__L_p	-0.0	-1000.0	0.0	-0.0	Inf
DSERtex_f	pe120_p	-0.0	-0.0005575159145736211	0.0	-0.0	Inf
DSERtex_f	melib_p	-0.0	-1000.0	0.0	-0.0	Inf
DSERtex_f	meoh_p	-0.0	-999.9999987795327	1.2204673112137243e-06	-0.0	0.0
DSERtex_f	thym_p	-0.0	-1000.0	0.0	-0.0	Inf
DSERtex_f	thymd_p	-0.0	-0.001813553714332877	0.0	-0.0	Inf
DSERtex_f	pg120_p	-0.0	-0.000539448269193924	0.0	-0.0	Inf
DSERtex_f	metsox_S__L_p	-0.0	-1000.0	0.0	-0.0	Inf
DSERtex_f	tmao_p	-0.0	-1000.0	0.0	-0.0	Inf
DSERtex_f	mg2_p	-0.0	-0.005293777050269455	999.9947062229497	-0.0	0.0
DSERtex_f	tre_p	-0.0	0.0	0.0	Inf	Inf
DSERtex_f	mnl_p	-0.0	0.0	0.0	Inf	Inf
DSERtex_f	mobd_p	-0.0	-7.872014282384043e-05	999.9999212798572	-0.0	0.0
DSERtex_f	ura_p	-0.0	-1000.0	0.0	-0.0	Inf
DSERtex_f	urea_p	-0.0	-1000.0	0.0	-0.0	Inf
DSERtex_f	uri_p	-0.0	0.0	0.0	Inf	Inf
DSERtex_f	xan_p	-0.0	0.0	0.0	Inf	Inf
DSERtex_f	xtsn_p	-0.0	0.0	0.0	Inf	Inf
DSERtex_f	xyl__D_p	-0.0	0.0	0.0	Inf	Inf
DSERtex_f	xylu__L_p	-0.0	-1000.0	0.0	-0.0	Inf
DSERtex_f	ppal_p	-0.0	-1000.0	0.0	-0.0	Inf
DSERtex_f	psclys_p	-0.0	-1000.0	0.0	-0.0	Inf
DSERtex_f	pydx_p	-0.0	0.0	0.0	Inf	Inf
DSERtex_f	pydxn_p	-0.0	0.0	0.0	Inf	Inf
DSERtex_f	rib__D_p	-0.0	-1000.0	0.0	-0.0	Inf
DSERtex_f	rmn_p	-0.0	-1000.0	0.0	-0.0	Inf
DSERtex_f	sbt__D_p	-0.0	-0.0031072220305570293	0.0	-0.0	Inf
DSERtex_f	slnt_p	-0.0	0.0	0.0	Inf	Inf
DSERtex_f	so2_p	-0.0	-1000.0	0.0	-0.0	Inf
