Reaction	Metabolite	ShadowPrice	G-	G+	DecrementalShadowPrice	IncrementalShadowPrice
FORtex_f	12dgr120_c	-0.0	0.0	0.0	Inf	Inf
FORtex_f	12dgr140_c	-0.0	0.0	0.0	Inf	Inf
FORtex_f	12dgr160_c	-0.0	-0.0295203371248119	0.0	-0.0	Inf
FORtex_f	12dgr180_c	-0.0	0.0	0.0	Inf	Inf
FORtex_f	12ppd__R_c	-0.0	-1000.0	0.0	-0.0	Inf
FORtex_f	12ppd__S_c	-0.0	0.0	0.0	Inf	Inf
FORtex_f	5drib_c	-0.0	-999.9998626974252	0.00013730257479159784	-0.0	0.0
FORtex_f	5mta_c	-0.0	0.0	0.0	Inf	Inf
FORtex_f	23dhacoa_c	-0.0	-0.00035149459154126816	0.0	-0.0	Inf
FORtex_f	5mtr_c	-0.0	0.0	0.0	Inf	Inf
FORtex_f	3amac_c	-0.0	-5.606968495025058	0.0	-0.0	Inf
FORtex_f	LalaDgluMdap_c	-0.0	-0.0169571731035952	0.0	-0.0	Inf
FORtex_f	ac_c	-0.0	-0.9968790767532637	0.355507488052527	-0.0	0.0
FORtex_f	acald_c	-0.0	-0.6171156189424964	1.5877854271219218	-0.0	0.0
FORtex_f	acetol_c	-0.0	0.0	0.9287046837882937	Inf	0.0
FORtex_f	acgam_c	-0.0	-0.057659758608503364	0.0	-0.0	Inf
FORtex_f	acgam6p_c	-0.0	-0.057659758608503364	0.0	-0.0	Inf
FORtex_f	acmalt_c	0.0	0.0	0.0	Inf	Inf
FORtex_f	acmana_c	-0.0	-0.057659758608503364	0.0	-0.0	Inf
FORtex_f	2dmmq8_c	-0.0	0.0	0.0	Inf	Inf
FORtex_f	2dmmql8_c	0.0	0.0	0.0	Inf	Inf
FORtex_f	ade_c	-0.0	-0.06664300840157011	0.0004106872570230455	-0.0	0.0
FORtex_f	adn_c	-0.0	-0.06664300840157011	0.0004106872570230455	-0.0	0.0
FORtex_f	3sala_c	0.0	0.0	0.0	Inf	Inf
FORtex_f	adphep_DD_c	-0.0	0.0	0.0	Inf	Inf
FORtex_f	adphep_LD_c	-0.0	0.0	0.0	Inf	Inf
FORtex_f	4ahmmp_c	0.0	0.0	0.0	Inf	Inf
FORtex_f	4crsol_c	-0.0	-999.9998639178925	0.00013608210746011697	-0.0	0.0
FORtex_f	2ohph_c	-0.0	-0.00013608210746011697	0.05315480371574467	-0.0	0.0
FORtex_f	2ombzl_c	-0.0	0.0	0.0	Inf	Inf
FORtex_f	2omhmbl_c	-0.0	0.0	0.0	Inf	Inf
FORtex_f	2ommbl_c	0.0	0.0	0.0	Inf	Inf
FORtex_f	2omph_c	-0.0	0.0	0.04783415766839608	Inf	0.0
FORtex_f	4mhetz_c	0.0	0.0	0.0	Inf	Inf
FORtex_f	2oph_c	-0.0	-0.00013608210746011697	0.05315480371574467	-0.0	0.0
FORtex_f	2oxpaccoa_c	-0.0	-0.00035149459154126816	0.0	-0.0	Inf
FORtex_f	all__D_c	-0.0	-0.21599046662987373	0.0	-0.0	Inf
FORtex_f	alltn_c	-0.0	-0.7199682220995789	0.0	-0.0	Inf
FORtex_f	4r5au_c	-0.0	-0.00027216421494813403	0.3196191444206465	-0.0	0.0
FORtex_f	56dura_c	0.0	0.0	0.0	Inf	Inf
FORtex_f	arab__L_c	-0.0	-0.2591885599558485	0.0	-0.0	Inf
FORtex_f	etoh_c	-0.0	-1000.0	0.0	-0.0	Inf
FORtex_f	csn_c	-0.0	0.0	0.11039432130084813	Inf	0.0
FORtex_f	fald_c	-0.0	0.0	0.0	Inf	Inf
FORtex_f	fc1p_c	-0.0	-0.20570520631416545	0.0	-0.0	Inf
FORtex_f	fcl__L_c	-0.0	0.0	0.0	Inf	Inf
FORtex_f	aso4_c	0.0	0.0	0.0	Inf	Inf
FORtex_f	cyan_c	0.0	0.0	0.0	Inf	Inf
FORtex_f	athtp_c	0.0	0.0	0.0	Inf	Inf
FORtex_f	cytd_c	-0.0	0.0	0.11039432130084813	Inf	0.0
FORtex_f	dad_2_c	-0.0	-0.06664300840157011	0.0	-0.0	Inf
FORtex_f	dad_5_c	-0.0	-0.06664300840157011	0.00013730257479159784	-0.0	0.0
FORtex_f	betald_c	0.0	0.0	0.0	Inf	Inf
FORtex_f	btal_c	-0.0	-2.591885599558484	0.0	-0.0	Inf
FORtex_f	for_c	-0.0	-0.06664300840157011	0.0014969031821010503	-0.0	0.0
FORtex_f	dcyt_c	-0.0	0.0	0.0	Inf	Inf
FORtex_f	fru_c	-0.0	-0.21599046662987373	0.0	-0.0	Inf
FORtex_f	ca2_c	-0.0	-0.0031762662301844102	12.959427997792421	-0.0	0.0
FORtex_f	g3pe_c	-0.0	-0.21599046662987373	0.0	-0.0	Inf
FORtex_f	g3pi_c	0.0	0.0	0.0	Inf	Inf
FORtex_f	cbm_c	-0.0	-2.803484247512529	0.0	-0.0	Inf
FORtex_f	dha_c	-0.0	-0.43198093325974746	1.171936862875704	-0.0	0.0
FORtex_f	gal_c	-0.0	0.0	0.0	Inf	Inf
FORtex_f	dhgly_c	-0.0	-0.00013608210746011697	0.21216098379646367	-0.0	0.0
FORtex_f	dhmptp_c	0.0	0.0	0.0	Inf	Inf
FORtex_f	gcald_c	-0.0	-0.6171156189424962	0.0004082463223085142	-0.0	0.0
FORtex_f	dhptd_c	-0.0	-39.067020035549774	0.00027338468223144766	-0.0	0.0
FORtex_f	cechddd_c	-0.0	0.0	0.0	Inf	Inf
FORtex_f	dhptdn_c	0.0	0.0	0.0	Inf	Inf
FORtex_f	chol_c	0.0	0.0	0.0	Inf	Inf
FORtex_f	chtbs6p_c	-0.0	0.0	0.0	Inf	Inf
FORtex_f	dmbzid_c	0.0	0.0	0.0	Inf	Inf
FORtex_f	dms_c	0.0	0.0	0.0	Inf	Inf
FORtex_f	dmso_c	0.0	0.0	0.0	Inf	Inf
FORtex_f	cl_c	-0.0	-0.0031762662301789636	25.918855995584842	-0.0	0.0
FORtex_f	glc__D_c	-0.0	-0.21599046662987373	0.0	-0.0	Inf
FORtex_f	co2_c	-0.0	-989.0491070615094	10.950892938490597	-0.0	0.0
FORtex_f	dscl_c	-0.0	-0.00013608210746011697	0.06334793853382184	-0.0	0.0
FORtex_f	dtdp4aaddg_c	-0.0	0.0	0.0	Inf	Inf
FORtex_f	glyald_c	-0.0	-1000.0	0.0	-0.0	Inf
FORtex_f	crn_c	-0.0	-12.959427997792421	0.0	-0.0	Inf
FORtex_f	duri_c	-0.0	0.0	0.0	Inf	Inf
FORtex_f	glyb_c	0.0	0.0	0.0	Inf	Inf
FORtex_f	glyc_c	-0.0	-0.3702693713654978	1.0045173110363177	-0.0	0.0
FORtex_f	dxyl_c	0.0	0.0	0.0	Inf	Inf
FORtex_f	glycogen_c	-0.0	-0.20249106246550663	0.0	-0.0	Inf
FORtex_f	gmhep1p_c	-0.0	0.0	0.4600126003811175	Inf	0.0
FORtex_f	lipa_cold_c	-0.0	0.0	0.0	Inf	Inf
FORtex_f	lipidA_c	-0.0	-0.011872706200620087	0.04047808243485162	-0.0	0.0
FORtex_f	malt_c	0.0	0.0	0.0	Inf	Inf
FORtex_f	h2_c	-0.0	0.0	0.0	Inf	Inf
FORtex_f	malthx_c	-0.0	0.0	0.0	Inf	Inf
FORtex_f	maltpt_c	-0.0	0.0	0.0	Inf	Inf
FORtex_f	malttr_c	-0.0	0.0	0.0	Inf	Inf
FORtex_f	maltttr_c	-0.0	0.0	0.0	Inf	Inf
FORtex_f	h2o2_c	-0.0	-0.000992239939931363	0.635794523297136	-0.0	0.0
FORtex_f	man_c	-0.0	0.0	0.0	Inf	Inf
FORtex_f	mdhdhf_c	-0.0	-39.067020035549774	0.00027338468223144766	-0.0	0.0
FORtex_f	melib_c	-0.0	0.0	0.0	Inf	Inf
FORtex_f	meoh_c	-0.0	-999.9999987795327	1.2204673112137243e-06	-0.0	0.0
FORtex_f	pacald_c	-0.0	-12.959427997792421	0.0	-0.0	Inf
FORtex_f	metsox_S__L_c	-0.0	-0.06664300840157011	0.0	-0.0	Inf
FORtex_f	mg2_c	-0.0	-0.005293777050269455	6.4797139988962105	-0.0	0.0
FORtex_f	hhlipa_c	-0.0	0.0	0.0	Inf	Inf
FORtex_f	pe120_c	-0.0	0.0	0.0	Inf	Inf
FORtex_f	mobd_c	-0.0	-7.872014282384043e-05	12.30533706019489	-0.0	0.0
FORtex_f	hlipa_c	-0.0	0.0	0.0	Inf	Inf
FORtex_f	pg120_c	-0.0	-0.036199519546906214	0.0	-0.0	Inf
FORtex_f	mql8_c	0.0	0.0	0.0	Inf	Inf
FORtex_f	mqn8_c	-0.0	0.0	0.0	Inf	Inf
FORtex_f	mthgxl_c	-0.0	0.0	1.0700293095821645	Inf	0.0
FORtex_f	hqn_c	0.0	0.0	0.0	Inf	Inf
FORtex_f	mththf_c	-0.0	-999.9997266153177	0.00027338468223144766	-0.0	0.0
FORtex_f	n2o_c	-0.0	-1000.0	0.0	-0.0	Inf
FORtex_f	na1_c	-0.0	0.0	0.0	Inf	Inf
FORtex_f	nac_c	-0.0	0.0	0.0	Inf	Inf
FORtex_f	ncam_c	-0.0	0.0	0.0	Inf	Inf
FORtex_f	ni2_c	-0.0	-0.00019710547403416044	999.9998028945259	-0.0	0.0
FORtex_f	no_c	-0.0	-1000.0	0.0	-0.0	Inf
FORtex_f	indole_c	-0.0	-0.03468751226168353	0.3348391036787726	-0.0	0.0
FORtex_f	no2_c	-0.0	-12.959427997792421	0.0	-0.0	Inf
FORtex_f	no3_c	0.0	0.0	0.0	Inf	Inf
FORtex_f	inost_c	0.0	0.0	0.0	Inf	Inf
FORtex_f	o2_c	-0.0	-15.648711657764437	984.3512883422355	-0.0	0.0
FORtex_f	poaac_c	-0.0	-3.7862575569830432	0.0	-0.0	Inf
FORtex_f	ppal_c	-0.0	0.0	0.0	Inf	Inf
FORtex_f	k_c	-0.0	-0.11911333991687269	49.22134824077956	-0.0	0.0
FORtex_f	psclys_c	-0.0	0.0	0.0	Inf	Inf
FORtex_f	lald__D_c	-0.0	0.0	0.9287046837882937	Inf	0.0
FORtex_f	lald__L_c	-0.0	-0.4628367142068723	0.0	-0.0	Inf
FORtex_f	ura_c	-0.0	-0.20186224545839945	0.0	-0.0	Inf
FORtex_f	pydx_c	-0.0	0.0	0.42069528410922713	Inf	0.0
FORtex_f	uracp_c	-0.0	-3.295513211268087	0.0	-0.0	Inf
FORtex_f	pydxn_c	-0.0	0.0	0.39694635678048046	Inf	0.0
FORtex_f	urate_c	-0.0	-0.000992239939931363	0.0	-0.0	Inf
FORtex_f	q8_c	-0.0	0.0	0.0	Inf	Inf
FORtex_f	q8h2_c	0.0	0.0	0.0	Inf	Inf
FORtex_f	urea_c	-0.0	-1000.0	0.0	-0.0	Inf
FORtex_f	uri_c	-0.0	0.0	0.0	Inf	Inf
FORtex_f	rbflvrd_c	-0.0	0.0	0.03332150420078506	Inf	0.0
FORtex_f	rbl__L_c	-0.0	-0.2591885599558485	0.0	-0.0	Inf
FORtex_f	rdmbzi_c	0.0	0.0	0.0	Inf	Inf
FORtex_f	thptdn_c	0.0	0.0	0.0	Inf	Inf
FORtex_f	xan_c	-0.0	-0.06664300840157011	0.0	-0.0	Inf
FORtex_f	rephaccoa_c	-0.0	-0.00035149459154126816	0.0	-0.0	Inf
FORtex_f	rib__D_c	-0.0	0.0	0.6651533546051294	Inf	0.0
FORtex_f	xtsn_c	-0.0	0.0	0.0	Inf	Inf
FORtex_f	rml_c	-0.0	-0.22343841375504178	0.0	-0.0	Inf
FORtex_f	thym_c	-0.0	-49.22134824077956	0.0	-0.0	Inf
FORtex_f	thymd_c	-0.0	-0.015967374097764216	0.0	-0.0	Inf
FORtex_f	xu5p__L_c	-0.0	-0.2356259635962259	0.0	-0.0	Inf
FORtex_f	rmn_c	-0.0	-0.22343841375504178	0.0	-0.0	Inf
FORtex_f	xyl__D_c	0.0	0.0	0.0	Inf	Inf
FORtex_f	tmao_c	0.0	0.0	0.0	Inf	Inf
FORtex_f	xylu__D_c	-0.0	0.0	0.0	Inf	Inf
FORtex_f	xylu__L_c	-0.0	-0.2591885599558485	0.0	-0.0	Inf
FORtex_f	12ppd__R_e	-0.0	-1000.0	0.0	-0.0	Inf
FORtex_f	12ppd__S_e	-0.0	-1000.0	0.0	-0.0	Inf
FORtex_f	tre_c	-0.0	-0.10799523331493686	0.0	-0.0	Inf
FORtex_f	seln_c	0.0	0.0	0.0	Inf	Inf
FORtex_f	34dhpac_e	-0.0	-1000.0	0.0	-0.0	Inf
FORtex_f	slnt_c	0.0	0.0	0.0	Inf	Inf
FORtex_f	so2_c	0.0	0.0	0.0	Inf	Inf
FORtex_f	so3_c	-0.0	-0.1512598391945031	2.461067412038978	-0.0	0.0
FORtex_f	so4_c	-0.0	-0.1539070328364851	49.22134824077956	-0.0	0.0
FORtex_f	4hoxpacd_e	-0.0	-1000.0	0.0	-0.0	Inf
FORtex_f	5mtr_e	-0.0	0.0	0.0	Inf	Inf
FORtex_f	LalaDgluMdap_e	-0.0	-1000.0	0.0	-0.0	Inf
FORtex_f	ac_e	-0.0	0.0	0.0	Inf	Inf
FORtex_f	acald_e	-0.0	-1000.0	0.0	-0.0	Inf
FORtex_f	acgal_e	-0.0	-1000.0	0.0	-0.0	Inf
FORtex_f	acgam_e	-0.0	-1000.0	0.0	-0.0	Inf
FORtex_f	acmana_e	-0.0	-1000.0	0.0	-0.0	Inf
FORtex_f	tagur_c	-0.0	0.0	0.0	Inf	Inf
FORtex_f	tartr__L_c	-0.0	-0.47997881473305276	0.0	-0.0	Inf
FORtex_f	ade_e	-0.0	-1000.0	0.0	-0.0	Inf
FORtex_f	adn_e	-0.0	-1000.0	0.0	-0.0	Inf
FORtex_f	all__D_e	-0.0	-1000.0	0.0	-0.0	Inf
FORtex_f	cl_e	-0.0	-0.0031762662301844102	999.9968237337698	-0.0	0.0
FORtex_f	alltn_e	-0.0	0.0	0.0	Inf	Inf
FORtex_f	cm_e	-0.0	-1000.0	0.0	-0.0	Inf
FORtex_f	co2_e	-0.0	-989.0491070615094	10.950892938490597	-0.0	0.0
FORtex_f	arab__L_e	-0.0	-1000.0	0.0	-0.0	Inf
FORtex_f	arbt_e	-0.0	-1000.0	0.0	-0.0	Inf
FORtex_f	unagamu_c	-0.0	0.0	0.03643327034846748	Inf	0.0
FORtex_f	crn_e	-0.0	-1000.0	0.0	-0.0	Inf
FORtex_f	csn_e	-0.0	-1000.0	0.0	-0.0	Inf
FORtex_f	cyan_e	-0.0	-1000.0	0.0	-0.0	Inf
FORtex_f	glyb_e	-0.0	-1000.0	0.0	-0.0	Inf
FORtex_f	glyc_e	-0.0	-0.3702693713654978	1.0045173110363177	-0.0	0.0
FORtex_f	cytd_e	-0.0	-1000.0	0.0	-0.0	Inf
FORtex_f	ca2_e	-0.0	-0.0031762662301844102	999.9968237337698	-0.0	0.0
FORtex_f	dad_2_e	-0.0	-1000.0	0.0	-0.0	Inf
FORtex_f	dcyt_e	-0.0	-1000.0	0.0	-0.0	Inf
FORtex_f	chol_e	-0.0	-1000.0	0.0	-0.0	Inf
FORtex_f	dha_e	-0.0	-1000.0	0.0	-0.0	Inf
FORtex_f	ppal_e	-0.0	-1000.0	0.0	-0.0	Inf
FORtex_f	h2_e	-0.0	-1000.0	0.0	-0.0	Inf
FORtex_f	dms_e	-0.0	-1000.0	0.0	-0.0	Inf
FORtex_f	dmso_e	-0.0	-1000.0	0.0	-0.0	Inf
FORtex_f	h2o2_e	-0.0	-1000.0	0.0	-0.0	Inf
FORtex_f	psclys_e	-0.0	-1000.0	0.0	-0.0	Inf
FORtex_f	duri_e	-0.0	-1000.0	0.0	-0.0	Inf
FORtex_f	pydx_e	-0.0	-1000.0	0.0	-0.0	Inf
FORtex_f	pydxn_e	-0.0	-1000.0	0.0	-0.0	Inf
FORtex_f	etoh_e	-0.0	-1000.0	0.0	-0.0	Inf
FORtex_f	fald_e	-0.0	0.0	0.0	Inf	Inf
FORtex_f	rib__D_e	-0.0	-1000.0	0.0	-0.0	Inf
FORtex_f	rmn_e	-0.0	-1000.0	0.0	-0.0	Inf
FORtex_f	indole_e	-0.0	-1000.0	0.0	-0.0	Inf
FORtex_f	inost_e	-0.0	-1000.0	0.0	-0.0	Inf
FORtex_f	sbt__D_e	-0.0	-0.19937581535065269	0.0	-0.0	Inf
FORtex_f	k_e	-0.0	-0.11911333991690753	999.8808866600831	-0.0	0.0
FORtex_f	for_e	-1.0	0.0	0.0014969031821010503	Inf	-1.0
FORtex_f	slnt_e	-0.0	0.0	1000.0	Inf	0.0
FORtex_f	fru_e	-0.0	-1000.0	0.0	-0.0	Inf
FORtex_f	so2_e	-0.0	-1000.0	0.0	-0.0	Inf
FORtex_f	so3_e	-0.0	-1000.0	0.0	-0.0	Inf
FORtex_f	so4_e	-0.0	-0.1539070328365142	999.8460929671635	-0.0	0.0
FORtex_f	lipa_cold_e	-0.0	-1000.0	0.0	-0.0	Inf
FORtex_f	sucr_e	-0.0	-1000.0	0.0	-0.0	Inf
FORtex_f	g3pe_e	-0.0	-1000.0	0.0	-0.0	Inf
FORtex_f	malt_e	-0.0	-1000.0	0.0	-0.0	Inf
FORtex_f	tartr__L_e	-0.0	-1000.0	0.0	-0.0	Inf
FORtex_f	g3pi_e	-0.0	-1000.0	0.0	-0.0	Inf
FORtex_f	malthx_e	-0.0	-1000.0	0.0	-0.0	Inf
FORtex_f	maltpt_e	-0.0	-1000.0	0.0	-0.0	Inf
FORtex_f	gal_e	-0.0	-1000.0	0.0	-0.0	Inf
FORtex_f	gal_bD_e	-0.0	-1000.0	0.0	-0.0	Inf
FORtex_f	malttr_e	-0.0	-1000.0	0.0	-0.0	Inf
FORtex_f	maltttr_e	-0.0	-1000.0	0.0	-0.0	Inf
FORtex_f	man_e	-0.0	-1000.0	0.0	-0.0	Inf
FORtex_f	thym_e	-0.0	-1000.0	0.0	-0.0	Inf
FORtex_f	thymd_e	-0.0	-1000.0	0.0	-0.0	Inf
FORtex_f	galt_e	-0.0	-0.19937581535065269	0.0	-0.0	Inf
FORtex_f	melib_e	-0.0	-1000.0	0.0	-0.0	Inf
FORtex_f	meoh_e	-0.0	-999.9999987795327	1.2204673112137243e-06	-0.0	0.0
FORtex_f	tmao_e	-0.0	-1000.0	0.0	-0.0	Inf
FORtex_f	tre_e	-0.0	-1000.0	0.0	-0.0	Inf
FORtex_f	metsox_S__L_e	-0.0	-1000.0	0.0	-0.0	Inf
FORtex_f	glc__D_e	-0.0	-1000.0	0.0	-0.0	Inf
FORtex_f	mg2_e	-0.0	-0.005293777050269455	999.9947062229497	-0.0	0.0
FORtex_f	mnl_e	-0.0	-1000.0	0.0	-0.0	Inf
FORtex_f	mobd_e	-0.0	-7.872014282384043e-05	999.9999212798572	-0.0	0.0
FORtex_f	glyald_e	-0.0	-1000.0	0.0	-0.0	Inf
FORtex_f	n2o_e	-0.0	-1000.0	0.0	-0.0	Inf
FORtex_f	na1_e	-0.0	0.0	1000.0	Inf	0.0
FORtex_f	nac_e	-0.0	-1000.0	0.0	-0.0	Inf
FORtex_f	ni2_e	-0.0	-0.00019710547405793477	999.9998028945259	-0.0	0.0
FORtex_f	no_e	-0.0	-1000.0	0.0	-0.0	Inf
FORtex_f	no2_e	-0.0	-1000.0	0.0	-0.0	Inf
FORtex_f	ura_e	-0.0	-1000.0	0.0	-0.0	Inf
FORtex_f	no3_e	-0.0	-1000.0	0.0	-0.0	Inf
FORtex_f	urea_e	-0.0	-1000.0	0.0	-0.0	Inf
FORtex_f	novbcn_e	-0.0	-1000.0	0.0	-0.0	Inf
FORtex_f	uri_e	-0.0	-1000.0	0.0	-0.0	Inf
FORtex_f	o2_e	-0.0	-15.648711657764466	984.3512883422355	-0.0	0.0
FORtex_f	xan_e	-0.0	0.0	0.0	Inf	Inf
FORtex_f	xtsn_e	-0.0	-1000.0	0.0	-0.0	Inf
FORtex_f	xyl__D_e	-0.0	-1000.0	0.0	-0.0	Inf
FORtex_f	xylu__L_e	-0.0	-1000.0	0.0	-0.0	Inf
FORtex_f	pacald_e	-0.0	-1000.0	0.0	-0.0	Inf
FORtex_f	12dgr120_p	-0.0	0.0	0.0	Inf	Inf
FORtex_f	12dgr140_p	-0.0	0.0	0.0	Inf	Inf
FORtex_f	12dgr160_p	-0.0	-0.0295203371248119	0.0	-0.0	Inf
FORtex_f	12dgr180_p	-0.0	0.0	0.0	Inf	Inf
FORtex_f	12ppd__R_p	-0.0	-1000.0	0.0	-0.0	Inf
FORtex_f	12ppd__S_p	-0.0	0.0	0.0	Inf	Inf
FORtex_f	chol_p	-0.0	-1000.0	0.0	-0.0	Inf
FORtex_f	cl_p	-0.0	-0.0031762662301844102	999.9968237337698	-0.0	0.0
FORtex_f	34dhpac_p	-0.0	-1000.0	0.0	-0.0	Inf
FORtex_f	cm_p	-0.0	0.0	0.0	Inf	Inf
FORtex_f	4hoxpacd_p	-0.0	-1000.0	0.0	-0.0	Inf
FORtex_f	co2_p	-0.0	-989.0491070615094	10.950892938490597	-0.0	0.0
FORtex_f	5mtr_p	-0.0	0.0	0.0	Inf	Inf
FORtex_f	LalaDgluMdap_p	-0.0	-0.0169571731035952	0.0	-0.0	Inf
FORtex_f	gal_p	-0.0	-1000.0	0.0	-0.0	Inf
FORtex_f	ac_p	-0.0	-1.126906782416733	0.0	-0.0	Inf
FORtex_f	crn_p	-0.0	-1000.0	0.0	-0.0	Inf
FORtex_f	gal_bD_p	-0.0	-1000.0	0.0	-0.0	Inf
FORtex_f	acald_p	-0.0	-1000.0	0.0	-0.0	Inf
FORtex_f	acgal_p	-0.0	-1000.0	0.0	-0.0	Inf
FORtex_f	csn_p	-0.0	0.0	0.0	Inf	Inf
FORtex_f	acgam_p	-0.0	-1000.0	0.0	-0.0	Inf
FORtex_f	galt_p	-0.0	-0.19937581535065269	0.0	-0.0	Inf
FORtex_f	acmana_p	-0.0	-1000.0	0.0	-0.0	Inf
FORtex_f	cyan_p	-0.0	0.0	0.0	Inf	Inf
FORtex_f	ade_p	-0.0	-1000.0	0.0	-0.0	Inf
FORtex_f	adn_p	-0.0	0.0	0.0004106872570230455	Inf	0.0
FORtex_f	cytd_p	-0.0	0.0	0.0	Inf	Inf
FORtex_f	glc__D_p	-0.0	-1000.0	0.0	-0.0	Inf
FORtex_f	dad_2_p	-0.0	-1000.0	0.0	-0.0	Inf
FORtex_f	dcyt_p	-0.0	-1000.0	0.0	-0.0	Inf
FORtex_f	all__D_p	-0.0	0.0	0.0	Inf	Inf
FORtex_f	alltn_p	-0.0	0.0	0.0	Inf	Inf
FORtex_f	dha_p	-0.0	-1000.0	0.0	-0.0	Inf
FORtex_f	glyald_p	-0.0	-1000.0	0.0	-0.0	Inf
FORtex_f	glyb_p	0.0	0.0	0.0	Inf	Inf
FORtex_f	dms_p	-0.0	-1000.0	0.0	-0.0	Inf
FORtex_f	glyc_p	-0.0	-0.3702693713654978	1.0045173110363177	-0.0	0.0
FORtex_f	dmso_p	-0.0	-1000.0	0.0	-0.0	Inf
FORtex_f	arab__L_p	-0.0	0.0	0.0	Inf	Inf
FORtex_f	arbt_p	0.0	0.0	0.0	Inf	Inf
FORtex_f	ca2_p	-0.0	-0.0031762662301844102	999.9968237337698	-0.0	0.0
FORtex_f	duri_p	-0.0	-1000.0	0.0	-0.0	Inf
FORtex_f	h2_p	-0.0	-1000.0	0.0	-0.0	Inf
FORtex_f	h2o2_p	-0.0	-1000.0	0.0	-0.0	Inf
FORtex_f	etoh_p	-0.0	-1000.0	0.0	-0.0	Inf
FORtex_f	fald_p	-0.0	0.0	0.0	Inf	Inf
FORtex_f	n2o_p	-0.0	-1000.0	0.0	-0.0	Inf
FORtex_f	na1_p	-0.0	0.0	0.0	Inf	Inf
FORtex_f	indole_p	-0.0	0.0	0.33713252219712037	Inf	0.0
FORtex_f	nac_p	-0.0	-1000.0	0.0	-0.0	Inf
FORtex_f	ni2_p	-0.0	-0.00019710547405793477	999.9998028945259	-0.0	0.0
FORtex_f	inost_p	-0.0	-1000.0	0.0	-0.0	Inf
FORtex_f	no_p	-0.0	-1000.0	0.0	-0.0	Inf
FORtex_f	no2_p	-0.0	-1000.0	0.0	-0.0	Inf
FORtex_f	for_p	-0.0	0.0	0.0014969031821010503	Inf	0.0
FORtex_f	fru_p	-0.0	-1000.0	0.0	-0.0	Inf
FORtex_f	no3_p	-0.0	0.0	0.0	Inf	Inf
FORtex_f	k_p	-0.0	-0.11911333991690753	999.8808866600831	-0.0	0.0
FORtex_f	novbcn_p	-0.0	0.0	0.0	Inf	Inf
FORtex_f	o2_p	-0.0	-15.648711657764466	984.3512883422355	-0.0	0.0
FORtex_f	lipa_cold_p	-0.0	-12.30533706019489	0.0	-0.0	Inf
FORtex_f	g3pe_p	-0.0	0.0	0.0	Inf	Inf
FORtex_f	g3pi_p	-0.0	0.0	0.0	Inf	Inf
FORtex_f	so3_p	-0.0	-1000.0	0.0	-0.0	Inf
FORtex_f	so4_p	-0.0	-0.1539070328364851	999.8460929671635	-0.0	0.0
FORtex_f	malt_p	0.0	0.0	0.0	Inf	Inf
FORtex_f	malthx_p	0.0	0.0	0.0	Inf	Inf
FORtex_f	maltpt_p	0.0	0.0	0.0	Inf	Inf
FORtex_f	sucr_p	-0.0	-1000.0	0.0	-0.0	Inf
FORtex_f	malttr_p	0.0	0.0	0.0	Inf	Inf
FORtex_f	maltttr_p	0.0	0.0	0.0	Inf	Inf
FORtex_f	pacald_p	-0.0	-1000.0	0.0	-0.0	Inf
FORtex_f	man_p	-0.0	-1000.0	0.0	-0.0	Inf
FORtex_f	tartr__L_p	-0.0	-1000.0	0.0	-0.0	Inf
FORtex_f	pe120_p	-0.0	-0.0372397356258403	0.0	-0.0	Inf
FORtex_f	melib_p	-0.0	-1000.0	0.0	-0.0	Inf
FORtex_f	meoh_p	-0.0	-999.9999987795327	1.2204673112137243e-06	-0.0	0.0
FORtex_f	thym_p	-0.0	-1000.0	0.0	-0.0	Inf
FORtex_f	thymd_p	-0.0	-0.015967374097764216	0.0	-0.0	Inf
FORtex_f	pg120_p	-0.0	-0.03579952485578018	0.0	-0.0	Inf
FORtex_f	metsox_S__L_p	-0.0	-1000.0	0.0	-0.0	Inf
FORtex_f	tmao_p	-0.0	-1000.0	0.0	-0.0	Inf
FORtex_f	mg2_p	-0.0	-0.005293777050269455	999.9947062229497	-0.0	0.0
FORtex_f	tre_p	-0.0	0.0	0.0	Inf	Inf
FORtex_f	mnl_p	-0.0	0.0	0.0	Inf	Inf
FORtex_f	mobd_p	-0.0	-7.872014282384043e-05	999.9999212798572	-0.0	0.0
FORtex_f	ura_p	-0.0	-1000.0	0.0	-0.0	Inf
FORtex_f	urea_p	-0.0	-1000.0	0.0	-0.0	Inf
FORtex_f	uri_p	-0.0	0.0	0.0	Inf	Inf
FORtex_f	xan_p	-0.0	-0.06664300840157011	0.0	-0.0	Inf
FORtex_f	xtsn_p	-0.0	0.0	0.0	Inf	Inf
FORtex_f	xyl__D_p	-0.0	0.0	0.0	Inf	Inf
FORtex_f	xylu__L_p	-0.0	-1000.0	0.0	-0.0	Inf
FORtex_f	ppal_p	-0.0	-1000.0	0.0	-0.0	Inf
FORtex_f	psclys_p	-0.0	-1000.0	0.0	-0.0	Inf
FORtex_f	pydx_p	-0.0	0.0	0.0	Inf	Inf
FORtex_f	pydxn_p	-0.0	0.0	0.0	Inf	Inf
FORtex_f	rib__D_p	-0.0	-1000.0	0.0	-0.0	Inf
FORtex_f	rmn_p	-0.0	-1000.0	0.0	-0.0	Inf
FORtex_f	sbt__D_p	-0.0	-0.19937581535065269	0.0	-0.0	Inf
FORtex_f	slnt_p	-0.0	0.0	0.0	Inf	Inf
FORtex_f	so2_p	-0.0	-1000.0	0.0	-0.0	Inf
