Reaction	Metabolite	ShadowPrice	G-	G+	DecrementalShadowPrice	IncrementalShadowPrice
GLCRt2rpp_f	12dgr120_c	-0.0	0.0	0.0	Inf	Inf
GLCRt2rpp_f	12dgr140_c	-0.0	0.0	0.0	Inf	Inf
GLCRt2rpp_f	12dgr160_c	-0.0	-0.038941451145547035	0.0	-0.0	Inf
GLCRt2rpp_f	12dgr180_c	-0.0	0.0	0.0	Inf	Inf
GLCRt2rpp_f	12ppd__R_c	-0.0	-1000.0	0.0	-0.0	Inf
GLCRt2rpp_f	12ppd__S_c	-0.0	0.0	0.0	Inf	Inf
GLCRt2rpp_f	5drib_c	-0.0	-999.9998626974252	0.00013730257479159784	-0.0	0.0
GLCRt2rpp_f	5mta_c	-0.0	0.0	0.0	Inf	Inf
GLCRt2rpp_f	23dhacoa_c	-0.0	-0.00035149459245076287	0.0	-0.0	Inf
GLCRt2rpp_f	5mtr_c	-0.0	0.0	0.0	Inf	Inf
GLCRt2rpp_f	3amac_c	-0.0	-5.352452649897623	0.0	-0.0	Inf
GLCRt2rpp_f	LalaDgluMdap_c	-0.0	-0.0169571731035952	0.0	-0.0	Inf
GLCRt2rpp_f	ac_c	-0.0	-2.5222336533147427	0.3555074880534365	-0.0	0.0
GLCRt2rpp_f	acald_c	-0.0	-2.5222336533147427	0.7233044121483277	-0.0	0.0
GLCRt2rpp_f	acetol_c	-0.0	0.0	0.504948363197889	Inf	0.0
GLCRt2rpp_f	acgam_c	-0.0	-0.057659758608503364	0.0	-0.0	Inf
GLCRt2rpp_f	acgam6p_c	-0.0	-0.057659758608503364	0.0	-0.0	Inf
GLCRt2rpp_f	acmalt_c	0.0	0.0	0.0	Inf	Inf
GLCRt2rpp_f	acmana_c	-0.0	-0.057659758608503364	0.0	-0.0	Inf
GLCRt2rpp_f	2dmmq8_c	-0.0	0.0	0.0	Inf	Inf
GLCRt2rpp_f	2dmmql8_c	0.0	0.0	0.0	Inf	Inf
GLCRt2rpp_f	ade_c	-0.0	-0.06664300840148432	0.3616522060741637	-0.0	0.0
GLCRt2rpp_f	adn_c	-0.0	-0.06664300840148432	0.1760675213782113	-0.0	0.0
GLCRt2rpp_f	3sala_c	0.0	0.0	0.0	Inf	Inf
GLCRt2rpp_f	adphep_DD_c	-0.0	0.0	0.0	Inf	Inf
GLCRt2rpp_f	adphep_LD_c	-0.0	0.0	0.0	Inf	Inf
GLCRt2rpp_f	4ahmmp_c	0.0	0.0	0.0	Inf	Inf
GLCRt2rpp_f	4crsol_c	-0.0	-999.9998639178925	0.00013608210746011697	-0.0	0.0
GLCRt2rpp_f	2ohph_c	-0.0	-0.00013608210746011697	0.028531197494123795	-0.0	0.0
GLCRt2rpp_f	2ombzl_c	-0.0	0.0	0.0	Inf	Inf
GLCRt2rpp_f	2omhmbl_c	-0.0	0.0	0.0	Inf	Inf
GLCRt2rpp_f	2ommbl_c	-0.0	0.0	0.0	Inf	Inf
GLCRt2rpp_f	2omph_c	-0.0	0.0	0.02565892929001737	Inf	0.0
GLCRt2rpp_f	4mhetz_c	0.0	0.0	0.0	Inf	Inf
GLCRt2rpp_f	2oph_c	-0.0	-0.00013608210746011697	0.028531197494123795	-0.0	0.0
GLCRt2rpp_f	2oxpaccoa_c	-0.0	-0.00035149459245076287	0.0	-0.0	Inf
GLCRt2rpp_f	all__D_c	-0.0	-4.17830347217637	0.0	-0.0	Inf
GLCRt2rpp_f	alltn_c	-0.0	-1.4017421237557153	0.0	-0.0	Inf
GLCRt2rpp_f	4r5au_c	-0.0	-0.00027216421494813403	0.17378093019148133	-0.0	0.0
GLCRt2rpp_f	56dura_c	0.0	0.0	0.0	Inf	Inf
GLCRt2rpp_f	arab__L_c	-0.0	-4.178303472176369	0.0	-0.0	Inf
GLCRt2rpp_f	etoh_c	-0.0	-1000.0	0.0	-0.0	Inf
GLCRt2rpp_f	csn_c	-0.0	0.0	0.11039432130175762	Inf	0.0
GLCRt2rpp_f	fald_c	-0.0	0.0	0.0	Inf	Inf
GLCRt2rpp_f	fc1p_c	-0.0	0.0	0.0	Inf	Inf
GLCRt2rpp_f	fcl__L_c	-0.0	0.0	0.0	Inf	Inf
GLCRt2rpp_f	aso4_c	0.0	0.0	0.0	Inf	Inf
GLCRt2rpp_f	cyan_c	0.0	0.0	0.0	Inf	Inf
GLCRt2rpp_f	athtp_c	0.0	0.0	0.0	Inf	Inf
GLCRt2rpp_f	cytd_c	-0.0	0.0	0.11039432130175762	Inf	0.0
GLCRt2rpp_f	dad_2_c	-0.0	-0.06664300840148432	0.17046027547444664	-0.0	0.0
GLCRt2rpp_f	dad_5_c	-0.0	-0.06664300840148432	0.00013730257479159784	-0.0	0.0
GLCRt2rpp_f	betald_c	0.0	0.0	0.0	Inf	Inf
GLCRt2rpp_f	btal_c	-0.0	-541.1462927819006	0.0	-0.0	Inf
GLCRt2rpp_f	for_c	-0.0	-0.06664300840148432	2.5222336533147427	-0.0	0.0
GLCRt2rpp_f	dcyt_c	-0.0	0.0	0.0	Inf	Inf
GLCRt2rpp_f	fru_c	-0.0	0.0	0.0	Inf	Inf
GLCRt2rpp_f	ca2_c	-0.0	-0.0031762662301844102	999.9968237337698	-0.0	0.0
GLCRt2rpp_f	g3pe_c	-0.0	-0.5886503112136525	0.0	-0.0	Inf
GLCRt2rpp_f	g3pi_c	0.0	0.0	0.0	Inf	Inf
GLCRt2rpp_f	cbm_c	-0.0	-2.8034842475114305	0.0	-0.0	Inf
GLCRt2rpp_f	dha_c	-0.0	-90.19104879698345	0.6371967440354314	-0.0	0.0
GLCRt2rpp_f	gal_c	-0.0	0.0	0.0	Inf	Inf
GLCRt2rpp_f	dhgly_c	-0.0	-0.00013608210746011697	0.11535458297193159	-0.0	0.0
GLCRt2rpp_f	dhmptp_c	0.0	0.0	0.0	Inf	Inf
GLCRt2rpp_f	gcald_c	-0.0	-1.8058998805796618	0.0004082463223085142	-0.0	0.0
GLCRt2rpp_f	dhptd_c	-0.0	-39.06702003554074	0.00027338468223144766	-0.0	0.0
GLCRt2rpp_f	cechddd_c	-0.0	0.0	0.0	Inf	Inf
GLCRt2rpp_f	dhptdn_c	0.0	0.0	0.0	Inf	Inf
GLCRt2rpp_f	chol_c	0.0	0.0	0.0	Inf	Inf
GLCRt2rpp_f	chtbs6p_c	-0.0	0.0	0.0	Inf	Inf
GLCRt2rpp_f	dmbzid_c	0.0	0.0	0.0	Inf	Inf
GLCRt2rpp_f	dms_c	0.0	0.0	0.0	Inf	Inf
GLCRt2rpp_f	dmso_c	0.0	0.0	0.0	Inf	Inf
GLCRt2rpp_f	cl_c	-0.0	-0.0031762662301789636	999.9968237337698	-0.0	0.0
GLCRt2rpp_f	glc__D_c	-0.0	-4.17830347217637	0.0	-0.0	Inf
GLCRt2rpp_f	co2_c	-0.0	-989.0491070615117	10.950892938488323	-0.0	0.0
GLCRt2rpp_f	dscl_c	-0.0	-0.00013608210746011697	0.03228258534317024	-0.0	0.0
GLCRt2rpp_f	dtdp4aaddg_c	-0.0	0.0	0.0	Inf	Inf
GLCRt2rpp_f	glyald_c	-0.0	-1000.0	0.0	-0.0	Inf
GLCRt2rpp_f	crn_c	-0.0	-1000.0	0.0	-0.0	Inf
GLCRt2rpp_f	duri_c	-0.0	0.0	0.0	Inf	Inf
GLCRt2rpp_f	glyb_c	0.0	0.0	0.0	Inf	Inf
GLCRt2rpp_f	glyc_c	-0.0	-77.30661325455725	0.5461686377446555	-0.0	0.0
GLCRt2rpp_f	dxyl_c	0.0	0.0	0.0	Inf	Inf
GLCRt2rpp_f	glycogen_c	-0.0	-4.17830347217637	0.0	-0.0	Inf
GLCRt2rpp_f	gmhep1p_c	-0.0	0.0	0.25011460980830025	Inf	0.0
GLCRt2rpp_f	lipa_cold_c	-0.0	0.0	0.0	Inf	Inf
GLCRt2rpp_f	lipidA_c	-0.0	-0.011872706200620087	0.019336895411479857	-0.0	0.0
GLCRt2rpp_f	malt_c	0.0	0.0	0.0	Inf	Inf
GLCRt2rpp_f	h2_c	-0.0	0.0	0.0	Inf	Inf
GLCRt2rpp_f	malthx_c	-0.0	0.0	0.0	Inf	Inf
GLCRt2rpp_f	maltpt_c	-0.0	0.0	0.0	Inf	Inf
GLCRt2rpp_f	malttr_c	-0.0	0.0	0.0	Inf	Inf
GLCRt2rpp_f	maltttr_c	-0.0	0.0	0.0	Inf	Inf
GLCRt2rpp_f	h2o2_c	-0.0	-0.0008561578324712462	0.6359306054025637	-0.0	0.0
GLCRt2rpp_f	man_c	-0.0	-4.17830347217637	0.0	-0.0	Inf
GLCRt2rpp_f	mdhdhf_c	-0.0	-39.06702003554074	0.00027338468223144766	-0.0	0.0
GLCRt2rpp_f	melib_c	-0.0	0.0	0.0	Inf	Inf
GLCRt2rpp_f	meoh_c	-0.0	-999.9999987795327	1.2204673112137243e-06	-0.0	0.0
GLCRt2rpp_f	pacald_c	-0.0	-1000.0	0.0	-0.0	Inf
GLCRt2rpp_f	metsox_S__L_c	-0.0	-0.06664300840148432	0.0	-0.0	Inf
GLCRt2rpp_f	mg2_c	-0.0	-0.005293777050269455	999.9947062229497	-0.0	0.0
GLCRt2rpp_f	hhlipa_c	-0.0	0.0	0.0	Inf	Inf
GLCRt2rpp_f	pe120_c	-0.0	0.0	0.0	Inf	Inf
GLCRt2rpp_f	mobd_c	-0.0	-7.872014282384043e-05	6.690565812372029	-0.0	0.0
GLCRt2rpp_f	hlipa_c	-0.0	0.0	0.0	Inf	Inf
GLCRt2rpp_f	pg120_c	-0.0	-0.0474908248025836	0.0	-0.0	Inf
GLCRt2rpp_f	mql8_c	0.0	0.0	0.0	Inf	Inf
GLCRt2rpp_f	mqn8_c	-0.0	0.0	0.0	Inf	Inf
GLCRt2rpp_f	mthgxl_c	-0.0	0.0	0.5817883315106114	Inf	0.0
GLCRt2rpp_f	hqn_c	0.0	0.0	0.0	Inf	Inf
GLCRt2rpp_f	mththf_c	-0.0	-999.9997266153177	0.00027338468223144766	-0.0	0.0
GLCRt2rpp_f	n2o_c	-0.0	-1000.0	0.0	-0.0	Inf
GLCRt2rpp_f	na1_c	-0.0	0.0	0.0	Inf	Inf
GLCRt2rpp_f	nac_c	-0.0	0.0	0.0	Inf	Inf
GLCRt2rpp_f	ncam_c	-0.0	0.0	0.0	Inf	Inf
GLCRt2rpp_f	ni2_c	-0.0	-0.00019710547403416044	999.9998028945259	-0.0	0.0
GLCRt2rpp_f	no_c	-0.0	-1000.0	0.0	-0.0	Inf
GLCRt2rpp_f	indole_c	-0.0	-0.03468751226168353	0.1871486940523645	-0.0	0.0
GLCRt2rpp_f	no2_c	-0.0	-1000.0	0.0	-0.0	Inf
GLCRt2rpp_f	no3_c	0.0	0.0	0.0	Inf	Inf
GLCRt2rpp_f	inost_c	0.0	0.0	0.0	Inf	Inf
GLCRt2rpp_f	o2_c	-0.0	-15.648711657756682	984.3512883422433	-0.0	0.0
GLCRt2rpp_f	poaac_c	-0.0	-2.058635634576009	0.0	-0.0	Inf
GLCRt2rpp_f	ppal_c	-0.0	0.0	0.0	Inf	Inf
GLCRt2rpp_f	k_c	-0.0	-0.11911333991687269	26.762263249488115	-0.0	0.0
GLCRt2rpp_f	psclys_c	-0.0	0.0	0.0	Inf	Inf
GLCRt2rpp_f	lald__D_c	-0.0	0.0	0.504948363197889	Inf	0.0
GLCRt2rpp_f	lald__L_c	-0.0	0.0	0.0	Inf	Inf
GLCRt2rpp_f	ura_c	-0.0	-0.20186224545851314	0.0	-0.0	Inf
GLCRt2rpp_f	pydx_c	-0.0	0.0	0.0008561578324712462	Inf	0.0
GLCRt2rpp_f	uracp_c	-0.0	-2.2301886041240095	0.0	-0.0	Inf
GLCRt2rpp_f	pydxn_c	-0.0	0.0	0.20908018163662598	Inf	0.0
GLCRt2rpp_f	urate_c	-0.0	-0.0008561578324712462	0.0	-0.0	Inf
GLCRt2rpp_f	q8_c	0.0	0.0	0.0	Inf	Inf
GLCRt2rpp_f	q8h2_c	-0.0	0.0	0.0	Inf	Inf
GLCRt2rpp_f	urea_c	-0.0	-1000.0	0.0	-0.0	Inf
GLCRt2rpp_f	uri_c	-0.0	0.0	0.0	Inf	Inf
GLCRt2rpp_f	rbflvrd_c	-0.0	0.0	0.03332150420074216	Inf	0.0
GLCRt2rpp_f	rbl__L_c	-0.0	-4.178303472176369	0.0	-0.0	Inf
GLCRt2rpp_f	rdmbzi_c	0.0	0.0	0.0	Inf	Inf
GLCRt2rpp_f	thptdn_c	0.0	0.0	0.0	Inf	Inf
GLCRt2rpp_f	xan_c	-0.0	0.0	0.0	Inf	Inf
GLCRt2rpp_f	rephaccoa_c	-0.0	-0.00035149459245076287	0.0	-0.0	Inf
GLCRt2rpp_f	rib__D_c	-0.0	0.0	0.3616522060741639	Inf	0.0
GLCRt2rpp_f	xtsn_c	-0.0	0.0	0.0	Inf	Inf
GLCRt2rpp_f	rml_c	-0.0	0.0	0.0	Inf	Inf
GLCRt2rpp_f	thym_c	-0.0	-26.762263249488115	0.0	-0.0	Inf
GLCRt2rpp_f	thymd_c	-0.0	-0.015967374097764216	0.0	-0.0	Inf
GLCRt2rpp_f	xu5p__L_c	-0.0	-0.5886503112136525	0.0	-0.0	Inf
GLCRt2rpp_f	rmn_c	-0.0	0.0	0.0	Inf	Inf
GLCRt2rpp_f	xyl__D_c	0.0	0.0	0.0	Inf	Inf
GLCRt2rpp_f	tmao_c	0.0	0.0	0.0	Inf	Inf
GLCRt2rpp_f	xylu__D_c	-0.0	0.0	0.0	Inf	Inf
GLCRt2rpp_f	xylu__L_c	-0.0	-4.178303472176369	0.0	-0.0	Inf
GLCRt2rpp_f	12ppd__R_e	-0.0	-1000.0	0.0	-0.0	Inf
GLCRt2rpp_f	12ppd__S_e	-0.0	-1000.0	0.0	-0.0	Inf
GLCRt2rpp_f	tre_c	-0.0	-2.089151736088185	0.0	-0.0	Inf
GLCRt2rpp_f	seln_c	0.0	0.0	0.0	Inf	Inf
GLCRt2rpp_f	34dhpac_e	-0.0	-1000.0	0.0	-0.0	Inf
GLCRt2rpp_f	slnt_c	0.0	0.0	0.0	Inf	Inf
GLCRt2rpp_f	so2_c	0.0	0.0	0.0	Inf	Inf
GLCRt2rpp_f	so3_c	-0.0	-0.15125983919541258	1.3381131624744058	-0.0	0.0
GLCRt2rpp_f	so4_c	-0.0	-0.1539070328373946	26.762263249488115	-0.0	0.0
GLCRt2rpp_f	4hoxpacd_e	-0.0	-1000.0	0.0	-0.0	Inf
GLCRt2rpp_f	5mtr_e	-0.0	0.0	0.0	Inf	Inf
GLCRt2rpp_f	LalaDgluMdap_e	-0.0	-1000.0	0.0	-0.0	Inf
GLCRt2rpp_f	ac_e	-0.0	0.0	0.0	Inf	Inf
GLCRt2rpp_f	acald_e	-0.0	-1000.0	0.0	-0.0	Inf
GLCRt2rpp_f	acgal_e	-0.0	-1000.0	0.0	-0.0	Inf
GLCRt2rpp_f	acgam_e	-0.0	-1000.0	0.0	-0.0	Inf
GLCRt2rpp_f	acmana_e	-0.0	-1000.0	0.0	-0.0	Inf
GLCRt2rpp_f	tagur_c	-0.0	0.0	0.0	Inf	Inf
GLCRt2rpp_f	tartr__L_c	-0.0	-1.8058998805796618	0.0	-0.0	Inf
GLCRt2rpp_f	ade_e	-0.0	-1000.0	0.0	-0.0	Inf
GLCRt2rpp_f	adn_e	-0.0	-1000.0	0.0	-0.0	Inf
GLCRt2rpp_f	all__D_e	-0.0	-1000.0	0.0	-0.0	Inf
GLCRt2rpp_f	cl_e	-0.0	-0.0031762662301844102	999.9968237337698	-0.0	0.0
GLCRt2rpp_f	alltn_e	-0.0	0.0	0.0	Inf	Inf
GLCRt2rpp_f	cm_e	-0.0	-1000.0	0.0	-0.0	Inf
GLCRt2rpp_f	co2_e	-0.0	-989.0491070615117	10.950892938488323	-0.0	0.0
GLCRt2rpp_f	arab__L_e	-0.0	-1000.0	0.0	-0.0	Inf
GLCRt2rpp_f	arbt_e	-0.0	-1000.0	0.0	-0.0	Inf
GLCRt2rpp_f	unagamu_c	-0.0	0.0	0.019322933754143047	Inf	0.0
GLCRt2rpp_f	crn_e	-0.0	-1000.0	0.0	-0.0	Inf
GLCRt2rpp_f	csn_e	-0.0	-1000.0	0.0	-0.0	Inf
GLCRt2rpp_f	cyan_e	-0.0	-1000.0	0.0	-0.0	Inf
GLCRt2rpp_f	glyb_e	-0.0	-1000.0	0.0	-0.0	Inf
GLCRt2rpp_f	glyc_e	-0.0	-77.30661325455725	0.5461686377446555	-0.0	0.0
GLCRt2rpp_f	cytd_e	-0.0	-1000.0	0.0	-0.0	Inf
GLCRt2rpp_f	ca2_e	-0.0	-0.0031762662301844102	999.9968237337698	-0.0	0.0
GLCRt2rpp_f	dad_2_e	-0.0	-1000.0	0.0	-0.0	Inf
GLCRt2rpp_f	dcyt_e	-0.0	-1000.0	0.0	-0.0	Inf
GLCRt2rpp_f	chol_e	-0.0	-1000.0	0.0	-0.0	Inf
GLCRt2rpp_f	dha_e	-0.0	-1000.0	0.0	-0.0	Inf
GLCRt2rpp_f	ppal_e	-0.0	-1000.0	0.0	-0.0	Inf
GLCRt2rpp_f	h2_e	-0.0	-1000.0	0.0	-0.0	Inf
GLCRt2rpp_f	dms_e	-0.0	-1000.0	0.0	-0.0	Inf
GLCRt2rpp_f	dmso_e	-0.0	-1000.0	0.0	-0.0	Inf
GLCRt2rpp_f	h2o2_e	-0.0	-1000.0	0.0	-0.0	Inf
GLCRt2rpp_f	psclys_e	-0.0	-1000.0	0.0	-0.0	Inf
GLCRt2rpp_f	duri_e	-0.0	-1000.0	0.0	-0.0	Inf
GLCRt2rpp_f	pydx_e	-0.0	-1000.0	0.0	-0.0	Inf
GLCRt2rpp_f	pydxn_e	-0.0	-1000.0	0.0	-0.0	Inf
GLCRt2rpp_f	etoh_e	-0.0	-1000.0	0.0	-0.0	Inf
GLCRt2rpp_f	fald_e	-0.0	0.0	0.0	Inf	Inf
GLCRt2rpp_f	rib__D_e	-0.0	-1000.0	0.0	-0.0	Inf
GLCRt2rpp_f	rmn_e	-0.0	-1000.0	0.0	-0.0	Inf
GLCRt2rpp_f	indole_e	-0.0	-1000.0	0.0	-0.0	Inf
GLCRt2rpp_f	inost_e	-0.0	-1000.0	0.0	-0.0	Inf
GLCRt2rpp_f	sbt__D_e	-0.0	-3.1268257088164546	0.0	-0.0	Inf
GLCRt2rpp_f	k_e	-0.0	-0.11911333991690753	999.8808866600831	-0.0	0.0
GLCRt2rpp_f	for_e	-0.0	0.0	2.5222336533147427	Inf	0.0
GLCRt2rpp_f	slnt_e	-0.0	0.0	1000.0	Inf	0.0
GLCRt2rpp_f	fru_e	-0.0	-1000.0	0.0	-0.0	Inf
GLCRt2rpp_f	so2_e	-0.0	-1000.0	0.0	-0.0	Inf
GLCRt2rpp_f	so3_e	-0.0	-1000.0	0.0	-0.0	Inf
GLCRt2rpp_f	so4_e	-0.0	-0.15390703283742369	999.8460929671626	-0.0	0.0
GLCRt2rpp_f	lipa_cold_e	-0.0	-1000.0	0.0	-0.0	Inf
GLCRt2rpp_f	sucr_e	-0.0	-1000.0	0.0	-0.0	Inf
GLCRt2rpp_f	g3pe_e	-0.0	-1000.0	0.0	-0.0	Inf
GLCRt2rpp_f	malt_e	-0.0	-1000.0	0.0	-0.0	Inf
GLCRt2rpp_f	tartr__L_e	-0.0	-1000.0	0.0	-0.0	Inf
GLCRt2rpp_f	g3pi_e	-0.0	-1000.0	0.0	-0.0	Inf
GLCRt2rpp_f	malthx_e	-0.0	-1000.0	0.0	-0.0	Inf
GLCRt2rpp_f	maltpt_e	-0.0	-1000.0	0.0	-0.0	Inf
GLCRt2rpp_f	gal_e	-0.0	-1000.0	0.0	-0.0	Inf
GLCRt2rpp_f	gal_bD_e	-0.0	-1000.0	0.0	-0.0	Inf
GLCRt2rpp_f	malttr_e	-0.0	-1000.0	0.0	-0.0	Inf
GLCRt2rpp_f	maltttr_e	-0.0	-1000.0	0.0	-0.0	Inf
GLCRt2rpp_f	man_e	-0.0	-1000.0	0.0	-0.0	Inf
GLCRt2rpp_f	thym_e	-0.0	-1000.0	0.0	-0.0	Inf
GLCRt2rpp_f	thymd_e	-0.0	-1000.0	0.0	-0.0	Inf
GLCRt2rpp_f	galt_e	-0.0	-3.1268257088164546	0.0	-0.0	Inf
GLCRt2rpp_f	melib_e	-0.0	-1000.0	0.0	-0.0	Inf
GLCRt2rpp_f	meoh_e	-0.0	-999.9999987795327	1.2204673112137243e-06	-0.0	0.0
GLCRt2rpp_f	tmao_e	-0.0	-1000.0	0.0	-0.0	Inf
GLCRt2rpp_f	tre_e	-0.0	-1000.0	0.0	-0.0	Inf
GLCRt2rpp_f	metsox_S__L_e	-0.0	-1000.0	0.0	-0.0	Inf
GLCRt2rpp_f	glc__D_e	-0.0	-1000.0	0.0	-0.0	Inf
GLCRt2rpp_f	mg2_e	-0.0	-0.005293777050269455	999.9947062229497	-0.0	0.0
GLCRt2rpp_f	mnl_e	-0.0	-1000.0	0.0	-0.0	Inf
GLCRt2rpp_f	mobd_e	-0.0	-7.872014282384043e-05	999.9999212798572	-0.0	0.0
GLCRt2rpp_f	glyald_e	-0.0	-1000.0	0.0	-0.0	Inf
GLCRt2rpp_f	n2o_e	-0.0	-1000.0	0.0	-0.0	Inf
GLCRt2rpp_f	na1_e	-0.0	0.0	1000.0	Inf	0.0
GLCRt2rpp_f	nac_e	-0.0	-1000.0	0.0	-0.0	Inf
GLCRt2rpp_f	ni2_e	-0.0	-0.00019710547405793477	999.9998028945259	-0.0	0.0
GLCRt2rpp_f	no_e	-0.0	-1000.0	0.0	-0.0	Inf
GLCRt2rpp_f	no2_e	-0.0	-1000.0	0.0	-0.0	Inf
GLCRt2rpp_f	ura_e	-0.0	-1000.0	0.0	-0.0	Inf
GLCRt2rpp_f	no3_e	-0.0	-1000.0	0.0	-0.0	Inf
GLCRt2rpp_f	urea_e	-0.0	-1000.0	0.0	-0.0	Inf
GLCRt2rpp_f	novbcn_e	-0.0	-1000.0	0.0	-0.0	Inf
GLCRt2rpp_f	uri_e	-0.0	-1000.0	0.0	-0.0	Inf
GLCRt2rpp_f	o2_e	-0.0	-15.648711657756735	984.3512883422433	-0.0	0.0
GLCRt2rpp_f	xan_e	-0.0	0.0	0.0	Inf	Inf
GLCRt2rpp_f	xtsn_e	-0.0	-1000.0	0.0	-0.0	Inf
GLCRt2rpp_f	xyl__D_e	-0.0	-1000.0	0.0	-0.0	Inf
GLCRt2rpp_f	xylu__L_e	-0.0	-1000.0	0.0	-0.0	Inf
GLCRt2rpp_f	pacald_e	-0.0	-1000.0	0.0	-0.0	Inf
GLCRt2rpp_f	12dgr120_p	-0.0	0.0	0.0	Inf	Inf
GLCRt2rpp_f	12dgr140_p	-0.0	0.0	0.0	Inf	Inf
GLCRt2rpp_f	12dgr160_p	-0.0	-0.038941451145547035	0.0	-0.0	Inf
GLCRt2rpp_f	12dgr180_p	-0.0	0.0	0.0	Inf	Inf
GLCRt2rpp_f	12ppd__R_p	-0.0	-1000.0	0.0	-0.0	Inf
GLCRt2rpp_f	12ppd__S_p	-0.0	0.0	0.0	Inf	Inf
GLCRt2rpp_f	chol_p	-0.0	-1000.0	0.0	-0.0	Inf
GLCRt2rpp_f	cl_p	-0.0	-0.0031762662301844102	999.9968237337698	-0.0	0.0
GLCRt2rpp_f	34dhpac_p	-0.0	-1000.0	0.0	-0.0	Inf
GLCRt2rpp_f	cm_p	-0.0	0.0	0.0	Inf	Inf
GLCRt2rpp_f	4hoxpacd_p	-0.0	-1000.0	0.0	-0.0	Inf
GLCRt2rpp_f	co2_p	-0.0	-989.0491070615117	10.950892938488323	-0.0	0.0
GLCRt2rpp_f	5mtr_p	-0.0	0.0	0.0	Inf	Inf
GLCRt2rpp_f	LalaDgluMdap_p	-0.0	-0.0169571731035952	0.0	-0.0	Inf
GLCRt2rpp_f	gal_p	-0.0	-1000.0	0.0	-0.0	Inf
GLCRt2rpp_f	ac_p	-0.0	-2.5222336533147427	0.0	-0.0	Inf
GLCRt2rpp_f	crn_p	-0.0	-1000.0	0.0	-0.0	Inf
GLCRt2rpp_f	gal_bD_p	-0.0	-1000.0	0.0	-0.0	Inf
GLCRt2rpp_f	acald_p	-0.0	-1000.0	0.0	-0.0	Inf
GLCRt2rpp_f	acgal_p	-0.0	-1000.0	0.0	-0.0	Inf
GLCRt2rpp_f	csn_p	-0.0	0.0	0.0	Inf	Inf
GLCRt2rpp_f	acgam_p	-0.0	-1000.0	0.0	-0.0	Inf
GLCRt2rpp_f	galt_p	-0.0	-3.1268257088164546	0.0	-0.0	Inf
GLCRt2rpp_f	acmana_p	-0.0	-1000.0	0.0	-0.0	Inf
GLCRt2rpp_f	cyan_p	-0.0	0.0	0.0	Inf	Inf
GLCRt2rpp_f	ade_p	-0.0	-1000.0	0.0	-0.0	Inf
GLCRt2rpp_f	adn_p	-0.0	0.0	0.17723353145356371	Inf	0.0
GLCRt2rpp_f	cytd_p	-0.0	0.0	0.0	Inf	Inf
GLCRt2rpp_f	glc__D_p	-0.0	-1000.0	0.0	-0.0	Inf
GLCRt2rpp_f	dad_2_p	-0.0	-1000.0	0.0	-0.0	Inf
GLCRt2rpp_f	dcyt_p	-0.0	-1000.0	0.0	-0.0	Inf
GLCRt2rpp_f	all__D_p	-0.0	0.0	0.0	Inf	Inf
GLCRt2rpp_f	alltn_p	-0.0	0.0	0.0	Inf	Inf
GLCRt2rpp_f	dha_p	-0.0	-1000.0	0.0	-0.0	Inf
GLCRt2rpp_f	glyald_p	-0.0	-1000.0	0.0	-0.0	Inf
GLCRt2rpp_f	glyb_p	0.0	0.0	0.0	Inf	Inf
GLCRt2rpp_f	dms_p	-0.0	-1000.0	0.0	-0.0	Inf
GLCRt2rpp_f	glyc_p	-0.0	-77.30661325455725	0.5461686377446555	-0.0	0.0
GLCRt2rpp_f	dmso_p	-0.0	-1000.0	0.0	-0.0	Inf
GLCRt2rpp_f	arab__L_p	-0.0	0.0	0.0	Inf	Inf
GLCRt2rpp_f	arbt_p	0.0	0.0	0.0	Inf	Inf
GLCRt2rpp_f	ca2_p	-0.0	-0.0031762662301844102	999.9968237337698	-0.0	0.0
GLCRt2rpp_f	duri_p	-0.0	-1000.0	0.0	-0.0	Inf
GLCRt2rpp_f	h2_p	-0.0	-1000.0	0.0	-0.0	Inf
GLCRt2rpp_f	h2o2_p	-0.0	-1000.0	0.0	-0.0	Inf
GLCRt2rpp_f	etoh_p	-0.0	-1000.0	0.0	-0.0	Inf
GLCRt2rpp_f	fald_p	-0.0	0.0	0.0	Inf	Inf
GLCRt2rpp_f	n2o_p	-0.0	-1000.0	0.0	-0.0	Inf
GLCRt2rpp_f	na1_p	-0.0	0.0	0.0	Inf	Inf
GLCRt2rpp_f	indole_p	-0.0	0.0	0.18846664260202906	Inf	0.0
GLCRt2rpp_f	nac_p	-0.0	-1000.0	0.0	-0.0	Inf
GLCRt2rpp_f	ni2_p	-0.0	-0.00019710547405793477	999.9998028945259	-0.0	0.0
GLCRt2rpp_f	inost_p	-0.0	-1000.0	0.0	-0.0	Inf
GLCRt2rpp_f	no_p	-0.0	-1000.0	0.0	-0.0	Inf
GLCRt2rpp_f	no2_p	-0.0	-1000.0	0.0	-0.0	Inf
GLCRt2rpp_f	for_p	-0.0	0.0	2.5222336533147427	Inf	0.0
GLCRt2rpp_f	fru_p	-0.0	-1000.0	0.0	-0.0	Inf
GLCRt2rpp_f	no3_p	-0.0	0.0	0.0	Inf	Inf
GLCRt2rpp_f	k_p	-0.0	-0.11911333991690753	999.8808866600831	-0.0	0.0
GLCRt2rpp_f	novbcn_p	-0.0	0.0	0.0	Inf	Inf
GLCRt2rpp_f	o2_p	-0.0	-15.648711657756735	984.3512883422433	-0.0	0.0
GLCRt2rpp_f	lipa_cold_p	-0.0	-6.690565812372029	0.0	-0.0	Inf
GLCRt2rpp_f	g3pe_p	-0.0	0.0	0.0	Inf	Inf
GLCRt2rpp_f	g3pi_p	-0.0	0.0	0.0	Inf	Inf
GLCRt2rpp_f	so3_p	-0.0	-1000.0	0.0	-0.0	Inf
GLCRt2rpp_f	so4_p	-0.0	-0.1539070328373946	999.8460929671626	-0.0	0.0
GLCRt2rpp_f	malt_p	0.0	0.0	0.0	Inf	Inf
GLCRt2rpp_f	malthx_p	0.0	0.0	0.0	Inf	Inf
GLCRt2rpp_f	maltpt_p	0.0	0.0	0.0	Inf	Inf
GLCRt2rpp_f	sucr_p	-0.0	-1000.0	0.0	-0.0	Inf
GLCRt2rpp_f	malttr_p	0.0	0.0	0.0	Inf	Inf
GLCRt2rpp_f	maltttr_p	0.0	0.0	0.0	Inf	Inf
GLCRt2rpp_f	pacald_p	-0.0	-1000.0	0.0	-0.0	Inf
GLCRt2rpp_f	man_p	-0.0	-1000.0	0.0	-0.0	Inf
GLCRt2rpp_f	tartr__L_p	-0.0	-1000.0	0.0	-0.0	Inf
GLCRt2rpp_f	pe120_p	-0.0	0.0	0.0	Inf	Inf
GLCRt2rpp_f	melib_p	-0.0	-1000.0	0.0	-0.0	Inf
GLCRt2rpp_f	meoh_p	-0.0	-999.9999987795327	1.2204673112137243e-06	-0.0	0.0
GLCRt2rpp_f	thym_p	-0.0	-1000.0	0.0	-0.0	Inf
GLCRt2rpp_f	thymd_p	-0.0	-0.015967374097764216	0.0	-0.0	Inf
GLCRt2rpp_f	pg120_p	-0.0	-0.0474908248025836	0.0	-0.0	Inf
GLCRt2rpp_f	metsox_S__L_p	-0.0	-1000.0	0.0	-0.0	Inf
GLCRt2rpp_f	tmao_p	-0.0	-1000.0	0.0	-0.0	Inf
GLCRt2rpp_f	mg2_p	-0.0	-0.005293777050269455	999.9947062229497	-0.0	0.0
GLCRt2rpp_f	tre_p	-0.0	0.0	0.0	Inf	Inf
GLCRt2rpp_f	mnl_p	-0.0	0.0	0.0	Inf	Inf
GLCRt2rpp_f	mobd_p	-0.0	-7.872014282384043e-05	999.9999212798572	-0.0	0.0
GLCRt2rpp_f	ura_p	-0.0	-1000.0	0.0	-0.0	Inf
GLCRt2rpp_f	urea_p	-0.0	-1000.0	0.0	-0.0	Inf
GLCRt2rpp_f	uri_p	-0.0	0.0	0.0	Inf	Inf
GLCRt2rpp_f	xan_p	-0.0	0.0	0.0	Inf	Inf
GLCRt2rpp_f	xtsn_p	-0.0	0.0	0.0	Inf	Inf
GLCRt2rpp_f	xyl__D_p	-0.0	0.0	0.0	Inf	Inf
GLCRt2rpp_f	xylu__L_p	-0.0	-1000.0	0.0	-0.0	Inf
GLCRt2rpp_f	ppal_p	-0.0	-1000.0	0.0	-0.0	Inf
GLCRt2rpp_f	psclys_p	-0.0	-1000.0	0.0	-0.0	Inf
GLCRt2rpp_f	pydx_p	-0.0	0.0	0.0	Inf	Inf
GLCRt2rpp_f	pydxn_p	-0.0	0.0	0.0	Inf	Inf
GLCRt2rpp_f	rib__D_p	-0.0	-1000.0	0.0	-0.0	Inf
GLCRt2rpp_f	rmn_p	-0.0	-1000.0	0.0	-0.0	Inf
GLCRt2rpp_f	sbt__D_p	-0.0	-3.1268257088164546	0.0	-0.0	Inf
GLCRt2rpp_f	slnt_p	-0.0	0.0	0.0	Inf	Inf
GLCRt2rpp_f	so2_p	-0.0	-1000.0	0.0	-0.0	Inf
