Reaction	Metabolite	ShadowPrice	G-	G+	DecrementalShadowPrice	IncrementalShadowPrice
GAM6Pt6_2pp	12dgr120_c	-0.0	0.0	0.0	Inf	Inf
GAM6Pt6_2pp	12dgr140_c	-0.0	0.0	0.0	Inf	Inf
GAM6Pt6_2pp	12dgr160_c	-0.0	0.0	0.0006604690608135604	Inf	0.0
GAM6Pt6_2pp	12dgr180_c	-0.0	0.0	0.0	Inf	Inf
GAM6Pt6_2pp	12ppd__R_c	-0.0	-1000.0	0.0	-0.0	Inf
GAM6Pt6_2pp	12ppd__S_c	-0.0	0.0	0.0	Inf	Inf
GAM6Pt6_2pp	5drib_c	-0.0	-999.9998626974252	0.00013730257479159784	-0.0	0.0
GAM6Pt6_2pp	5mta_c	-0.0	0.0	0.0	Inf	Inf
GAM6Pt6_2pp	23dhacoa_c	-0.0	-0.0003514945901770261	0.0	-0.0	Inf
GAM6Pt6_2pp	5mtr_c	-0.0	0.0	0.0	Inf	Inf
GAM6Pt6_2pp	3amac_c	-0.0	-0.11624255470318746	0.0	-0.0	Inf
GAM6Pt6_2pp	LalaDgluMdap_c	-0.0	-0.0013019086720210875	0.0	-0.0	Inf
GAM6Pt6_2pp	ac_c	-0.0	-0.012946758460654207	0.019373759117197912	-0.0	0.0
GAM6Pt6_2pp	acald_c	-0.0	-0.00896314047276061	0.013412602465752408	-0.0	0.0
GAM6Pt6_2pp	acetol_c	-0.0	0.0	0.007925628729762765	Inf	0.0
GAM6Pt6_2pp	acgam_c	-0.0	-0.0025330614379540646	0.0	-0.0	Inf
GAM6Pt6_2pp	acgam6p_c	-0.0	-0.0024024912607399336	0.0	-0.0	Inf
GAM6Pt6_2pp	acmalt_c	0.0	0.0	0.0	Inf	Inf
GAM6Pt6_2pp	acmana_c	-0.0	-0.0025330614379540646	0.0	-0.0	Inf
GAM6Pt6_2pp	2dmmq8_c	-0.0	0.0	0.0	Inf	Inf
GAM6Pt6_2pp	2dmmql8_c	0.0	0.0	0.0	Inf	Inf
GAM6Pt6_2pp	ade_c	-0.0	-0.0033531172991622406	0.0004106872570230455	-0.0	0.0
GAM6Pt6_2pp	adn_c	-0.0	-0.001745630354245504	0.0004106872570230455	-0.0	0.0
GAM6Pt6_2pp	3sala_c	0.0	0.0	0.0	Inf	Inf
GAM6Pt6_2pp	adphep_DD_c	-0.0	0.0	0.0	Inf	Inf
GAM6Pt6_2pp	adphep_LD_c	-0.0	0.0	0.0	Inf	Inf
GAM6Pt6_2pp	4ahmmp_c	0.0	0.0	0.0	Inf	Inf
GAM6Pt6_2pp	4crsol_c	-0.0	-999.9998639178925	0.00013608210746011697	-0.0	0.0
GAM6Pt6_2pp	2ohph_c	-0.0	-0.00013608210746011697	0.00045466449036448206	-0.0	0.0
GAM6Pt6_2pp	2ombzl_c	-0.0	0.0	0.0	Inf	Inf
GAM6Pt6_2pp	2omhmbl_c	-0.0	0.0	0.0	Inf	Inf
GAM6Pt6_2pp	2ommbl_c	0.0	0.0	0.0	Inf	Inf
GAM6Pt6_2pp	2omph_c	-0.0	0.0	0.0004071543071915442	Inf	0.0
GAM6Pt6_2pp	4mhetz_c	0.0	0.0	0.0	Inf	Inf
GAM6Pt6_2pp	2oph_c	-0.0	-0.00013608210746011697	0.00045644982213292884	-0.0	0.0
GAM6Pt6_2pp	2oxpaccoa_c	-0.0	-0.0003514945901770261	0.0	-0.0	Inf
GAM6Pt6_2pp	all__D_c	-0.0	-0.0033291664613110334	0.0	-0.0	Inf
GAM6Pt6_2pp	alltn_c	-0.0	-0.012946758460653993	0.0	-0.0	Inf
GAM6Pt6_2pp	4r5au_c	-0.0	-0.00027216421494813403	0.00247324584474866	-0.0	0.0
GAM6Pt6_2pp	56dura_c	0.0	0.0	0.0	Inf	Inf
GAM6Pt6_2pp	arab__L_c	-0.0	-0.004052898300726518	0.0	-0.0	Inf
GAM6Pt6_2pp	etoh_c	-0.0	-1000.0	0.0	-0.0	Inf
GAM6Pt6_2pp	csn_c	-0.0	0.0	0.006706301232876241	Inf	0.0
GAM6Pt6_2pp	fald_c	-0.0	0.0	0.0	Inf	Inf
GAM6Pt6_2pp	fc1p_c	-0.0	-0.003192351401257147	0.0	-0.0	Inf
GAM6Pt6_2pp	fcl__L_c	-0.0	0.0	0.0	Inf	Inf
GAM6Pt6_2pp	aso4_c	0.0	0.0	0.0	Inf	Inf
GAM6Pt6_2pp	cyan_c	0.0	0.0	0.0	Inf	Inf
GAM6Pt6_2pp	athtp_c	0.0	0.0	0.0	Inf	Inf
GAM6Pt6_2pp	cytd_c	-0.0	0.0	0.0	Inf	Inf
GAM6Pt6_2pp	dad_2_c	-0.0	-0.0017326516899016711	0.0	-0.0	Inf
GAM6Pt6_2pp	dad_5_c	-0.0	-0.0033531172991622406	0.00013730257479159784	-0.0	0.0
GAM6Pt6_2pp	betald_c	0.0	0.0	0.0	Inf	Inf
GAM6Pt6_2pp	btal_c	-0.0	-0.046608330458354774	0.0	-0.0	Inf
GAM6Pt6_2pp	for_c	-0.0	-0.051787033842616834	0.0014969031817320898	-0.0	0.0
GAM6Pt6_2pp	dcyt_c	-0.0	0.0	0.0	Inf	Inf
GAM6Pt6_2pp	fru_c	-0.0	0.0	0.0	Inf	Inf
GAM6Pt6_2pp	ca2_c	-0.0	-0.0031762662301844102	0.2330416522917712	-0.0	0.0
GAM6Pt6_2pp	g3pe_c	-0.0	-0.0033291664613110334	0.0	-0.0	Inf
GAM6Pt6_2pp	g3pi_c	0.0	0.0	0.0	Inf	Inf
GAM6Pt6_2pp	cbm_c	-0.0	-0.1165208261458856	0.0	-0.0	Inf
GAM6Pt6_2pp	dha_c	-0.0	-0.006658332922622067	0.009963647545987352	-0.0	0.0
GAM6Pt6_2pp	gal_c	-0.0	0.0	0.0	Inf	Inf
GAM6Pt6_2pp	dhgly_c	-0.0	-0.00013608210746011697	0.0017701911883733995	-0.0	0.0
GAM6Pt6_2pp	dhmptp_c	0.0	0.0	0.0	Inf	Inf
GAM6Pt6_2pp	gcald_c	-0.0	-0.011097221537703572	0.0004082463219674537	-0.0	0.0
GAM6Pt6_2pp	dhptd_c	-0.0	-39.067020035556205	0.00027338468223144766	-0.0	0.0
GAM6Pt6_2pp	cechddd_c	-0.0	0.0	0.0	Inf	Inf
GAM6Pt6_2pp	dhptdn_c	0.0	0.0	0.0	Inf	Inf
GAM6Pt6_2pp	chol_c	0.0	0.0	0.0	Inf	Inf
GAM6Pt6_2pp	chtbs6p_c	-0.0	0.0	0.0	Inf	Inf
GAM6Pt6_2pp	dmbzid_c	0.0	0.0	0.0	Inf	Inf
GAM6Pt6_2pp	dms_c	0.0	0.0	0.0	Inf	Inf
GAM6Pt6_2pp	dmso_c	0.0	0.0	0.0	Inf	Inf
GAM6Pt6_2pp	cl_c	-0.0	-0.0031762662301789636	0.4660833045835424	-0.0	0.0
GAM6Pt6_2pp	glc__D_c	-0.0	-0.0033291664613110334	0.0	-0.0	Inf
GAM6Pt6_2pp	co2_c	-0.0	-989.0491070614872	10.950892938512766	-0.0	0.0
GAM6Pt6_2pp	dscl_c	-0.0	-0.00013608210746011697	0.0005204890509097955	-0.0	0.0
GAM6Pt6_2pp	dtdp4aaddg_c	-0.0	0.0	0.0	Inf	Inf
GAM6Pt6_2pp	glyald_c	-0.0	-1000.0	0.0	-0.0	Inf
GAM6Pt6_2pp	crn_c	-0.0	-0.2330416522917712	0.0	-0.0	Inf
GAM6Pt6_2pp	duri_c	-0.0	0.0	0.0	Inf	Inf
GAM6Pt6_2pp	glyb_c	0.0	0.0	0.0	Inf	Inf
GAM6Pt6_2pp	glyc_c	-0.0	-0.0058260413072944	0.008718191602739069	-0.0	0.0
GAM6Pt6_2pp	dxyl_c	0.0	0.0	0.0	Inf	Inf
GAM6Pt6_2pp	glycogen_c	-0.0	-0.0031492115174563797	0.0	-0.0	Inf
GAM6Pt6_2pp	gmhep1p_c	-0.0	0.0	0.003709868767122992	Inf	0.0
GAM6Pt6_2pp	lipa_cold_c	-0.0	0.0	0.0	Inf	Inf
GAM6Pt6_2pp	lipidA_c	-0.0	-0.00022937170501159137	0.00034323588987161813	-0.0	0.0
GAM6Pt6_2pp	malt_c	0.0	0.0	0.0	Inf	Inf
GAM6Pt6_2pp	h2_c	-0.0	0.0	0.0	Inf	Inf
GAM6Pt6_2pp	malthx_c	-0.0	0.0	0.0	Inf	Inf
GAM6Pt6_2pp	maltpt_c	-0.0	0.0	0.0	Inf	Inf
GAM6Pt6_2pp	malttr_c	-0.0	0.0	0.0	Inf	Inf
GAM6Pt6_2pp	maltttr_c	-0.0	0.0	0.0	Inf	Inf
GAM6Pt6_2pp	h2o2_c	-0.0	-0.0023823522310506572	0.06974553282191193	-0.0	0.0
GAM6Pt6_2pp	man_c	-0.0	0.0	0.0	Inf	Inf
GAM6Pt6_2pp	mdhdhf_c	-0.0	-39.067020035556205	0.00027338468223144766	-0.0	0.0
GAM6Pt6_2pp	melib_c	-0.0	0.0	0.0	Inf	Inf
GAM6Pt6_2pp	meoh_c	-0.0	-999.9999987795327	1.2204673112137243e-06	-0.0	0.0
GAM6Pt6_2pp	pacald_c	-0.0	-0.2330416522917712	0.0	-0.0	Inf
GAM6Pt6_2pp	metsox_S__L_c	-0.0	-0.002208925614140036	0.0	-0.0	Inf
GAM6Pt6_2pp	mg2_c	-0.0	-0.005293777050269455	0.1165208261458856	-0.0	0.0
GAM6Pt6_2pp	hhlipa_c	-0.0	0.0	0.0	Inf	Inf
GAM6Pt6_2pp	pe120_c	-0.0	0.0	0.0	Inf	Inf
GAM6Pt6_2pp	mobd_c	-0.0	-7.872014282384043e-05	0.08718191602739019	-0.0	0.0
GAM6Pt6_2pp	hlipa_c	-0.0	0.0	0.0	Inf	Inf
GAM6Pt6_2pp	pg120_c	-0.0	-0.0005444898418032083	0.0	-0.0	Inf
GAM6Pt6_2pp	mql8_c	0.0	0.0	0.0	Inf	Inf
GAM6Pt6_2pp	mqn8_c	-0.0	0.0	0.0	Inf	Inf
GAM6Pt6_2pp	mthgxl_c	-0.0	0.0	0.008941734977168119	Inf	0.0
GAM6Pt6_2pp	hqn_c	0.0	0.0	0.0	Inf	Inf
GAM6Pt6_2pp	mththf_c	-0.0	-999.9997266153177	0.00027338468223144766	-0.0	0.0
GAM6Pt6_2pp	n2o_c	-0.0	-1000.0	0.0	-0.0	Inf
GAM6Pt6_2pp	na1_c	-0.0	0.0	0.0	Inf	Inf
GAM6Pt6_2pp	nac_c	-0.0	0.0	0.0	Inf	Inf
GAM6Pt6_2pp	ncam_c	-0.0	0.0	0.0	Inf	Inf
GAM6Pt6_2pp	ni2_c	-0.0	-0.00019710547403416044	999.9998028945259	-0.0	0.0
GAM6Pt6_2pp	no_c	-0.0	-1000.0	0.0	-0.0	Inf
GAM6Pt6_2pp	indole_c	-0.0	-0.0018135537143328777	0.002767679873885405	-0.0	0.0
GAM6Pt6_2pp	no2_c	-0.0	-0.2330416522917712	0.0	-0.0	Inf
GAM6Pt6_2pp	no3_c	0.0	0.0	0.0	Inf	Inf
GAM6Pt6_2pp	inost_c	0.0	0.0	0.0	Inf	Inf
GAM6Pt6_2pp	o2_c	-0.0	-15.648711657789704	984.3512883422103	-0.0	0.0
GAM6Pt6_2pp	poaac_c	-0.0	-0.038747518234395824	0.0	-0.0	Inf
GAM6Pt6_2pp	ppal_c	-0.0	0.0	0.0	Inf	Inf
GAM6Pt6_2pp	k_c	-0.0	-0.11911333991687269	0.34872766410955564	-0.0	0.0
GAM6Pt6_2pp	psclys_c	-0.0	0.0	0.0	Inf	Inf
GAM6Pt6_2pp	lald__D_c	-0.0	0.0	0.007925628729762765	Inf	0.0
GAM6Pt6_2pp	lald__L_c	-0.0	-0.007061868251265819	0.0	-0.0	Inf
GAM6Pt6_2pp	ura_c	-0.0	-0.005975426981840304	0.0	-0.0	Inf
GAM6Pt6_2pp	pydx_c	-0.0	0.0	0.00348727664109559	Inf	0.0
GAM6Pt6_2pp	uracp_c	-0.0	-0.043590958013694454	0.0	-0.0	Inf
GAM6Pt6_2pp	pydxn_c	-0.0	0.0	0.0033212158486624565	Inf	0.0
GAM6Pt6_2pp	urate_c	-0.0	-0.0023823522310506572	0.0	-0.0	Inf
GAM6Pt6_2pp	q8_c	-0.0	0.0	0.0	Inf	Inf
GAM6Pt6_2pp	q8h2_c	0.0	0.0	0.0	Inf	Inf
GAM6Pt6_2pp	urea_c	-0.0	-1000.0	0.0	-0.0	Inf
GAM6Pt6_2pp	uri_c	-0.0	0.0	0.0	Inf	Inf
GAM6Pt6_2pp	rbflvrd_c	-0.0	0.0	0.0013060961202605342	Inf	0.0
GAM6Pt6_2pp	rbl__L_c	-0.0	-0.004052898300726518	0.0	-0.0	Inf
GAM6Pt6_2pp	rdmbzi_c	0.0	0.0	0.0	Inf	Inf
GAM6Pt6_2pp	thptdn_c	0.0	0.0	0.0	Inf	Inf
GAM6Pt6_2pp	xan_c	-0.0	0.0	0.0	Inf	Inf
GAM6Pt6_2pp	rephaccoa_c	-0.0	-0.0003514945901770261	0.0	-0.0	Inf
GAM6Pt6_2pp	rib__D_c	-0.0	0.0	0.0054488697517118805	Inf	0.0
GAM6Pt6_2pp	xtsn_c	-0.0	0.0	0.0027351189341926355	Inf	0.0
GAM6Pt6_2pp	rml_c	-0.0	-0.0034270831219378266	0.0	-0.0	Inf
GAM6Pt6_2pp	thym_c	-0.0	-0.34872766410955564	0.0	-0.0	Inf
GAM6Pt6_2pp	thymd_c	-0.0	-0.0017995494385465232	0.0	-0.0	Inf
GAM6Pt6_2pp	xu5p__L_c	-0.0	-0.0037286664366683844	0.0	-0.0	Inf
GAM6Pt6_2pp	rmn_c	-0.0	-0.0034270831219378266	0.0	-0.0	Inf
GAM6Pt6_2pp	xyl__D_c	0.0	0.0	0.0	Inf	Inf
GAM6Pt6_2pp	tmao_c	0.0	0.0	0.0	Inf	Inf
GAM6Pt6_2pp	xylu__D_c	-0.0	0.0	0.0	Inf	Inf
GAM6Pt6_2pp	xylu__L_c	-0.0	-0.004052898300726518	0.0	-0.0	Inf
GAM6Pt6_2pp	12ppd__R_e	-0.0	-1000.0	0.0	-0.0	Inf
GAM6Pt6_2pp	12ppd__S_e	-0.0	-1000.0	0.0	-0.0	Inf
GAM6Pt6_2pp	tre_c	-0.0	-0.0016645832306555167	0.0	-0.0	Inf
GAM6Pt6_2pp	seln_c	0.0	0.0	0.0	Inf	Inf
GAM6Pt6_2pp	34dhpac_e	-0.0	-1000.0	0.0	-0.0	Inf
GAM6Pt6_2pp	slnt_c	0.0	0.0	0.0	Inf	Inf
GAM6Pt6_2pp	so2_c	0.0	0.0	0.0	Inf	Inf
GAM6Pt6_2pp	so3_c	-0.0	-0.012946758460654078	0.01937375911719772	-0.0	0.0
GAM6Pt6_2pp	so4_c	-0.0	-0.15390703283512086	0.34872766410955564	-0.0	0.0
GAM6Pt6_2pp	4hoxpacd_e	-0.0	-1000.0	0.0	-0.0	Inf
GAM6Pt6_2pp	5mtr_e	-0.0	0.0	0.0	Inf	Inf
GAM6Pt6_2pp	LalaDgluMdap_e	-0.0	-1000.0	0.0	-0.0	Inf
GAM6Pt6_2pp	ac_e	-0.0	0.0	0.0	Inf	Inf
GAM6Pt6_2pp	acald_e	-0.0	-1000.0	0.0	-0.0	Inf
GAM6Pt6_2pp	acgal_e	-0.0	-1000.0	0.0	-0.0	Inf
GAM6Pt6_2pp	acgam_e	-0.0	-1000.0	0.0	-0.0	Inf
GAM6Pt6_2pp	acmana_e	-0.0	-1000.0	0.0	-0.0	Inf
GAM6Pt6_2pp	tagur_c	-0.0	0.0	0.0	Inf	Inf
GAM6Pt6_2pp	tartr__L_c	-0.0	-0.007282551634117928	0.0	-0.0	Inf
GAM6Pt6_2pp	ade_e	-0.0	-1000.0	0.0	-0.0	Inf
GAM6Pt6_2pp	adn_e	-0.0	-1000.0	0.0	-0.0	Inf
GAM6Pt6_2pp	all__D_e	-0.0	-1000.0	0.0	-0.0	Inf
GAM6Pt6_2pp	cl_e	-0.0	-0.0031762662301844102	999.9968237337698	-0.0	0.0
GAM6Pt6_2pp	alltn_e	-0.0	0.0	0.0	Inf	Inf
GAM6Pt6_2pp	cm_e	-0.0	-1000.0	0.0	-0.0	Inf
GAM6Pt6_2pp	co2_e	-0.0	-989.0491070614872	10.950892938512766	-0.0	0.0
GAM6Pt6_2pp	arab__L_e	-0.0	-1000.0	0.0	-0.0	Inf
GAM6Pt6_2pp	arbt_e	-0.0	-1000.0	0.0	-0.0	Inf
GAM6Pt6_2pp	unagamu_c	-0.0	0.0	0.00031053220312516374	Inf	0.0
GAM6Pt6_2pp	crn_e	-0.0	-1000.0	0.0	-0.0	Inf
GAM6Pt6_2pp	csn_e	-0.0	-1000.0	0.0	-0.0	Inf
GAM6Pt6_2pp	cyan_e	-0.0	-1000.0	0.0	-0.0	Inf
GAM6Pt6_2pp	glyb_e	-0.0	-1000.0	0.0	-0.0	Inf
GAM6Pt6_2pp	glyc_e	-0.0	-0.0058260413072944	0.008718191602739069	-0.0	0.0
GAM6Pt6_2pp	cytd_e	-0.0	-1000.0	0.0	-0.0	Inf
GAM6Pt6_2pp	ca2_e	-0.0	-0.0031762662301844102	999.9968237337698	-0.0	0.0
GAM6Pt6_2pp	dad_2_e	-0.0	-1000.0	0.0	-0.0	Inf
GAM6Pt6_2pp	dcyt_e	-0.0	-1000.0	0.0	-0.0	Inf
GAM6Pt6_2pp	chol_e	-0.0	-1000.0	0.0	-0.0	Inf
GAM6Pt6_2pp	dha_e	-0.0	-1000.0	0.0	-0.0	Inf
GAM6Pt6_2pp	ppal_e	-0.0	-1000.0	0.0	-0.0	Inf
GAM6Pt6_2pp	h2_e	-0.0	-1000.0	0.0	-0.0	Inf
GAM6Pt6_2pp	dms_e	-0.0	-1000.0	0.0	-0.0	Inf
GAM6Pt6_2pp	dmso_e	-0.0	-1000.0	0.0	-0.0	Inf
GAM6Pt6_2pp	h2o2_e	-0.0	-1000.0	0.0	-0.0	Inf
GAM6Pt6_2pp	psclys_e	-0.0	-1000.0	0.0	-0.0	Inf
GAM6Pt6_2pp	duri_e	-0.0	-1000.0	0.0	-0.0	Inf
GAM6Pt6_2pp	pydx_e	-0.0	-1000.0	0.0	-0.0	Inf
GAM6Pt6_2pp	pydxn_e	-0.0	-1000.0	0.0	-0.0	Inf
GAM6Pt6_2pp	etoh_e	-0.0	-1000.0	0.0	-0.0	Inf
GAM6Pt6_2pp	fald_e	-0.0	0.0	0.0	Inf	Inf
GAM6Pt6_2pp	rib__D_e	-0.0	-1000.0	0.0	-0.0	Inf
GAM6Pt6_2pp	rmn_e	-0.0	-1000.0	0.0	-0.0	Inf
GAM6Pt6_2pp	indole_e	-0.0	-1000.0	0.0	-0.0	Inf
GAM6Pt6_2pp	inost_e	-0.0	-1000.0	0.0	-0.0	Inf
GAM6Pt6_2pp	sbt__D_e	-0.0	-0.0031072220305570293	0.0	-0.0	Inf
GAM6Pt6_2pp	k_e	-0.0	-0.11911333991690753	999.8808866600831	-0.0	0.0
GAM6Pt6_2pp	for_e	-0.0	0.0	0.0014969031817320898	Inf	0.0
GAM6Pt6_2pp	slnt_e	-0.0	0.0	1000.0	Inf	0.0
GAM6Pt6_2pp	fru_e	-0.0	-1000.0	0.0	-0.0	Inf
GAM6Pt6_2pp	so2_e	-0.0	-1000.0	0.0	-0.0	Inf
GAM6Pt6_2pp	so3_e	-0.0	-1000.0	0.0	-0.0	Inf
GAM6Pt6_2pp	so4_e	-0.0	-0.15390703283514995	999.8460929671649	-0.0	0.0
GAM6Pt6_2pp	lipa_cold_e	-0.0	-1000.0	0.0	-0.0	Inf
GAM6Pt6_2pp	sucr_e	-0.0	-1000.0	0.0	-0.0	Inf
GAM6Pt6_2pp	g3pe_e	-0.0	-1000.0	0.0	-0.0	Inf
GAM6Pt6_2pp	malt_e	-0.0	-1000.0	0.0	-0.0	Inf
GAM6Pt6_2pp	tartr__L_e	-0.0	-1000.0	0.0	-0.0	Inf
GAM6Pt6_2pp	g3pi_e	-0.0	-1000.0	0.0	-0.0	Inf
GAM6Pt6_2pp	malthx_e	-0.0	-1000.0	0.0	-0.0	Inf
GAM6Pt6_2pp	maltpt_e	-0.0	-1000.0	0.0	-0.0	Inf
GAM6Pt6_2pp	gal_e	-0.0	-1000.0	0.0	-0.0	Inf
GAM6Pt6_2pp	gal_bD_e	-0.0	-1000.0	0.0	-0.0	Inf
GAM6Pt6_2pp	malttr_e	-0.0	-1000.0	0.0	-0.0	Inf
GAM6Pt6_2pp	maltttr_e	-0.0	-1000.0	0.0	-0.0	Inf
GAM6Pt6_2pp	man_e	-0.0	-1000.0	0.0	-0.0	Inf
GAM6Pt6_2pp	thym_e	-0.0	-1000.0	0.0	-0.0	Inf
GAM6Pt6_2pp	thymd_e	-0.0	-1000.0	0.0	-0.0	Inf
GAM6Pt6_2pp	galt_e	-0.0	-0.0031072220305570293	0.0	-0.0	Inf
GAM6Pt6_2pp	melib_e	-0.0	-1000.0	0.0	-0.0	Inf
GAM6Pt6_2pp	meoh_e	-0.0	-999.9999987795327	1.2204673112137243e-06	-0.0	0.0
GAM6Pt6_2pp	tmao_e	-0.0	-1000.0	0.0	-0.0	Inf
GAM6Pt6_2pp	tre_e	-0.0	-1000.0	0.0	-0.0	Inf
GAM6Pt6_2pp	metsox_S__L_e	-0.0	-1000.0	0.0	-0.0	Inf
GAM6Pt6_2pp	glc__D_e	-0.0	-1000.0	0.0	-0.0	Inf
GAM6Pt6_2pp	mg2_e	-0.0	-0.005293777050269455	999.9947062229497	-0.0	0.0
GAM6Pt6_2pp	mnl_e	-0.0	-1000.0	0.0	-0.0	Inf
GAM6Pt6_2pp	mobd_e	-0.0	-7.872014282384043e-05	999.9999212798572	-0.0	0.0
GAM6Pt6_2pp	glyald_e	-0.0	-1000.0	0.0	-0.0	Inf
GAM6Pt6_2pp	n2o_e	-0.0	-1000.0	0.0	-0.0	Inf
GAM6Pt6_2pp	na1_e	-0.0	0.0	1000.0	Inf	0.0
GAM6Pt6_2pp	nac_e	-0.0	-1000.0	0.0	-0.0	Inf
GAM6Pt6_2pp	ni2_e	-0.0	-0.00019710547405793477	999.9998028945259	-0.0	0.0
GAM6Pt6_2pp	no_e	-0.0	-1000.0	0.0	-0.0	Inf
GAM6Pt6_2pp	no2_e	-0.0	-1000.0	0.0	-0.0	Inf
GAM6Pt6_2pp	ura_e	-0.0	-1000.0	0.0	-0.0	Inf
GAM6Pt6_2pp	no3_e	-0.0	-1000.0	0.0	-0.0	Inf
GAM6Pt6_2pp	urea_e	-0.0	-1000.0	0.0	-0.0	Inf
GAM6Pt6_2pp	novbcn_e	-0.0	-1000.0	0.0	-0.0	Inf
GAM6Pt6_2pp	uri_e	-0.0	-1000.0	0.0	-0.0	Inf
GAM6Pt6_2pp	o2_e	-0.0	-15.648711657789704	984.3512883422103	-0.0	0.0
GAM6Pt6_2pp	xan_e	-0.0	0.0	0.0	Inf	Inf
GAM6Pt6_2pp	xtsn_e	-0.0	-1000.0	0.0	-0.0	Inf
GAM6Pt6_2pp	xyl__D_e	-0.0	-1000.0	0.0	-0.0	Inf
GAM6Pt6_2pp	xylu__L_e	-0.0	-1000.0	0.0	-0.0	Inf
GAM6Pt6_2pp	pacald_e	-0.0	-1000.0	0.0	-0.0	Inf
GAM6Pt6_2pp	12dgr120_p	-0.0	0.0	0.0	Inf	Inf
GAM6Pt6_2pp	12dgr140_p	-0.0	0.0	0.0	Inf	Inf
GAM6Pt6_2pp	12dgr160_p	-0.0	0.0	0.0	Inf	Inf
GAM6Pt6_2pp	12dgr180_p	-0.0	0.0	0.0	Inf	Inf
GAM6Pt6_2pp	12ppd__R_p	-0.0	-1000.0	0.0	-0.0	Inf
GAM6Pt6_2pp	12ppd__S_p	-0.0	0.0	0.0	Inf	Inf
GAM6Pt6_2pp	chol_p	-0.0	-1000.0	0.0	-0.0	Inf
GAM6Pt6_2pp	cl_p	-0.0	-0.0031762662301844102	999.9968237337698	-0.0	0.0
GAM6Pt6_2pp	34dhpac_p	-0.0	-1000.0	0.0	-0.0	Inf
GAM6Pt6_2pp	cm_p	-0.0	0.0	0.0	Inf	Inf
GAM6Pt6_2pp	4hoxpacd_p	-0.0	-1000.0	0.0	-0.0	Inf
GAM6Pt6_2pp	co2_p	-0.0	-989.0491070614872	10.950892938512766	-0.0	0.0
GAM6Pt6_2pp	5mtr_p	-0.0	0.0	0.0	Inf	Inf
GAM6Pt6_2pp	LalaDgluMdap_p	-0.0	-0.0013316665845244278	0.0	-0.0	Inf
GAM6Pt6_2pp	gal_p	-0.0	-1000.0	0.0	-0.0	Inf
GAM6Pt6_2pp	ac_p	-0.0	-0.013708332487751574	0.0	-0.0	Inf
GAM6Pt6_2pp	crn_p	-0.0	-1000.0	0.0	-0.0	Inf
GAM6Pt6_2pp	gal_bD_p	-0.0	-1000.0	0.0	-0.0	Inf
GAM6Pt6_2pp	acald_p	-0.0	-1000.0	0.0	-0.0	Inf
GAM6Pt6_2pp	acgal_p	-0.0	-1000.0	0.0	-0.0	Inf
GAM6Pt6_2pp	csn_p	-0.0	0.0	0.0	Inf	Inf
GAM6Pt6_2pp	acgam_p	-0.0	-1000.0	0.0	-0.0	Inf
GAM6Pt6_2pp	galt_p	-0.0	-0.0031072220305570293	0.0	-0.0	Inf
GAM6Pt6_2pp	acmana_p	-0.0	-1000.0	0.0	-0.0	Inf
GAM6Pt6_2pp	cyan_p	-0.0	0.0	0.0	Inf	Inf
GAM6Pt6_2pp	ade_p	-0.0	-1000.0	0.0	-0.0	Inf
GAM6Pt6_2pp	adn_p	-0.0	0.0	0.0004106872570230455	Inf	0.0
GAM6Pt6_2pp	cytd_p	-0.0	0.0	0.0	Inf	Inf
GAM6Pt6_2pp	glc__D_p	-0.0	-1000.0	0.0	-0.0	Inf
GAM6Pt6_2pp	dad_2_p	-0.0	-1000.0	0.0	-0.0	Inf
GAM6Pt6_2pp	dcyt_p	-0.0	-1000.0	0.0	-0.0	Inf
GAM6Pt6_2pp	all__D_p	-0.0	0.0	0.0	Inf	Inf
GAM6Pt6_2pp	alltn_p	-0.0	0.0	0.0	Inf	Inf
GAM6Pt6_2pp	dha_p	-0.0	-1000.0	0.0	-0.0	Inf
GAM6Pt6_2pp	glyald_p	-0.0	-1000.0	0.0	-0.0	Inf
GAM6Pt6_2pp	glyb_p	0.0	0.0	0.0	Inf	Inf
GAM6Pt6_2pp	dms_p	-0.0	-1000.0	0.0	-0.0	Inf
GAM6Pt6_2pp	glyc_p	-0.0	-0.0058260413072944	0.008718191602739069	-0.0	0.0
GAM6Pt6_2pp	dmso_p	-0.0	-1000.0	0.0	-0.0	Inf
GAM6Pt6_2pp	arab__L_p	-0.0	0.0	0.0	Inf	Inf
GAM6Pt6_2pp	arbt_p	0.0	0.0	0.0	Inf	Inf
GAM6Pt6_2pp	ca2_p	-0.0	-0.0031762662301844102	999.9968237337698	-0.0	0.0
GAM6Pt6_2pp	duri_p	-0.0	-1000.0	0.0	-0.0	Inf
GAM6Pt6_2pp	h2_p	-0.0	-1000.0	0.0	-0.0	Inf
GAM6Pt6_2pp	h2o2_p	-0.0	-1000.0	0.0	-0.0	Inf
GAM6Pt6_2pp	etoh_p	-0.0	-1000.0	0.0	-0.0	Inf
GAM6Pt6_2pp	fald_p	-0.0	0.0	0.0	Inf	Inf
GAM6Pt6_2pp	n2o_p	-0.0	-1000.0	0.0	-0.0	Inf
GAM6Pt6_2pp	na1_p	-0.0	0.0	0.0	Inf	Inf
GAM6Pt6_2pp	indole_p	-0.0	0.0	0.0027898213128764887	Inf	0.0
GAM6Pt6_2pp	nac_p	-0.0	-1000.0	0.0	-0.0	Inf
GAM6Pt6_2pp	ni2_p	-0.0	-0.00019710547405793477	999.9998028945259	-0.0	0.0
GAM6Pt6_2pp	inost_p	-0.0	-1000.0	0.0	-0.0	Inf
GAM6Pt6_2pp	no_p	-0.0	-1000.0	0.0	-0.0	Inf
GAM6Pt6_2pp	no2_p	-0.0	-1000.0	0.0	-0.0	Inf
GAM6Pt6_2pp	for_p	-0.0	0.0	0.0014969031817320898	Inf	0.0
GAM6Pt6_2pp	fru_p	-0.0	-1000.0	0.0	-0.0	Inf
GAM6Pt6_2pp	no3_p	-0.0	0.0	0.0	Inf	Inf
GAM6Pt6_2pp	k_p	-0.0	-0.11911333991690753	999.8808866600831	-0.0	0.0
GAM6Pt6_2pp	novbcn_p	-0.0	0.0	0.0	Inf	Inf
GAM6Pt6_2pp	o2_p	-0.0	-15.648711657789704	984.3512883422103	-0.0	0.0
GAM6Pt6_2pp	lipa_cold_p	-0.0	-0.08718191602739019	0.0	-0.0	Inf
GAM6Pt6_2pp	g3pe_p	-0.0	0.0	0.0	Inf	Inf
GAM6Pt6_2pp	g3pi_p	-0.0	0.0	0.0	Inf	Inf
GAM6Pt6_2pp	so3_p	-0.0	-1000.0	0.0	-0.0	Inf
GAM6Pt6_2pp	so4_p	-0.0	-0.15390703283512086	999.8460929671649	-0.0	0.0
GAM6Pt6_2pp	malt_p	0.0	0.0	0.0	Inf	Inf
GAM6Pt6_2pp	malthx_p	0.0	0.0	0.0	Inf	Inf
GAM6Pt6_2pp	maltpt_p	0.0	0.0	0.0	Inf	Inf
GAM6Pt6_2pp	sucr_p	-0.0	-1000.0	0.0	-0.0	Inf
GAM6Pt6_2pp	malttr_p	0.0	0.0	0.0	Inf	Inf
GAM6Pt6_2pp	maltttr_p	0.0	0.0	0.0	Inf	Inf
GAM6Pt6_2pp	pacald_p	-0.0	-1000.0	0.0	-0.0	Inf
GAM6Pt6_2pp	man_p	-0.0	-1000.0	0.0	-0.0	Inf
GAM6Pt6_2pp	tartr__L_p	-0.0	-1000.0	0.0	-0.0	Inf
GAM6Pt6_2pp	pe120_p	-0.0	-0.0005575159145736211	0.0	-0.0	Inf
GAM6Pt6_2pp	melib_p	-0.0	-1000.0	0.0	-0.0	Inf
GAM6Pt6_2pp	meoh_p	-0.0	-999.9999987795327	1.2204673112137243e-06	-0.0	0.0
GAM6Pt6_2pp	thym_p	-0.0	-1000.0	0.0	-0.0	Inf
GAM6Pt6_2pp	thymd_p	-0.0	-0.001813553714332877	0.0	-0.0	Inf
GAM6Pt6_2pp	pg120_p	-0.0	-0.000539448269193924	0.0	-0.0	Inf
GAM6Pt6_2pp	metsox_S__L_p	-0.0	-1000.0	0.0	-0.0	Inf
GAM6Pt6_2pp	tmao_p	-0.0	-1000.0	0.0	-0.0	Inf
GAM6Pt6_2pp	mg2_p	-0.0	-0.005293777050269455	999.9947062229497	-0.0	0.0
GAM6Pt6_2pp	tre_p	-0.0	0.0	0.0	Inf	Inf
GAM6Pt6_2pp	mnl_p	-0.0	0.0	0.0	Inf	Inf
GAM6Pt6_2pp	mobd_p	-0.0	-7.872014282384043e-05	999.9999212798572	-0.0	0.0
GAM6Pt6_2pp	ura_p	-0.0	-1000.0	0.0	-0.0	Inf
GAM6Pt6_2pp	urea_p	-0.0	-1000.0	0.0	-0.0	Inf
GAM6Pt6_2pp	uri_p	-0.0	0.0	0.0	Inf	Inf
GAM6Pt6_2pp	xan_p	-0.0	0.0	0.0	Inf	Inf
GAM6Pt6_2pp	xtsn_p	-0.0	0.0	0.0	Inf	Inf
GAM6Pt6_2pp	xyl__D_p	-0.0	0.0	0.0	Inf	Inf
GAM6Pt6_2pp	xylu__L_p	-0.0	-1000.0	0.0	-0.0	Inf
GAM6Pt6_2pp	ppal_p	-0.0	-1000.0	0.0	-0.0	Inf
GAM6Pt6_2pp	psclys_p	-0.0	-1000.0	0.0	-0.0	Inf
GAM6Pt6_2pp	pydx_p	-0.0	0.0	0.0	Inf	Inf
GAM6Pt6_2pp	pydxn_p	-0.0	0.0	0.0	Inf	Inf
GAM6Pt6_2pp	rib__D_p	-0.0	-1000.0	0.0	-0.0	Inf
GAM6Pt6_2pp	rmn_p	-0.0	-1000.0	0.0	-0.0	Inf
GAM6Pt6_2pp	sbt__D_p	-0.0	-0.0031072220305570293	0.0	-0.0	Inf
GAM6Pt6_2pp	slnt_p	-0.0	0.0	0.0	Inf	Inf
GAM6Pt6_2pp	so2_p	-0.0	-1000.0	0.0	-0.0	Inf
