Reaction	Metabolite	ShadowPrice	G-	G+	DecrementalShadowPrice	IncrementalShadowPrice
HKNDDH	12dgr120_c	-0.0	0.0	0.0	Inf	Inf
HKNDDH	12dgr140_c	-0.0	0.0	0.0	Inf	Inf
HKNDDH	12dgr160_c	-0.0	0.0	0.0006604690608135604	Inf	0.0
HKNDDH	12dgr180_c	-0.0	0.0	0.0	Inf	Inf
HKNDDH	12ppd__R_c	-0.0	-1000.0	0.0	-0.0	Inf
HKNDDH	12ppd__S_c	-0.0	0.0	0.0	Inf	Inf
HKNDDH	5drib_c	-0.0	-999.9998626974252	0.00013730257479159784	-0.0	0.0
HKNDDH	5mta_c	-0.0	0.0	0.0	Inf	Inf
HKNDDH	23dhacoa_c	-0.0	-0.0003514945901770261	0.0	-0.0	Inf
HKNDDH	5mtr_c	-0.0	0.0	0.0	Inf	Inf
HKNDDH	3amac_c	-0.0	-0.11624255470318746	0.0	-0.0	Inf
HKNDDH	LalaDgluMdap_c	-0.0	-0.0013019086720210875	0.0	-0.0	Inf
HKNDDH	ac_c	-0.0	-0.012946758460654207	0.019373759117197912	-0.0	0.0
HKNDDH	acald_c	-0.0	-0.00896314047276061	0.013412602465752408	-0.0	0.0
HKNDDH	acetol_c	-0.0	0.0	0.007925628729762765	Inf	0.0
HKNDDH	acgam_c	-0.0	-0.0025330614379540646	0.0	-0.0	Inf
HKNDDH	acgam6p_c	-0.0	-0.0024024912607399336	0.0	-0.0	Inf
HKNDDH	acmalt_c	0.0	0.0	0.0	Inf	Inf
HKNDDH	acmana_c	-0.0	-0.0025330614379540646	0.0	-0.0	Inf
HKNDDH	2dmmq8_c	-0.0	0.0	0.0	Inf	Inf
HKNDDH	2dmmql8_c	0.0	0.0	0.0	Inf	Inf
HKNDDH	ade_c	-0.0	-0.0033531172991622406	0.0004106872570230455	-0.0	0.0
HKNDDH	adn_c	-0.0	-0.001745630354245504	0.0004106872570230455	-0.0	0.0
HKNDDH	3sala_c	0.0	0.0	0.0	Inf	Inf
HKNDDH	adphep_DD_c	-0.0	0.0	0.0	Inf	Inf
HKNDDH	adphep_LD_c	-0.0	0.0	0.0	Inf	Inf
HKNDDH	4ahmmp_c	0.0	0.0	0.0	Inf	Inf
HKNDDH	4crsol_c	-0.0	-999.9998639178925	0.00013608210746011697	-0.0	0.0
HKNDDH	2ohph_c	-0.0	-0.00013608210746011697	0.00045466449036448206	-0.0	0.0
HKNDDH	2ombzl_c	-0.0	0.0	0.0	Inf	Inf
HKNDDH	2omhmbl_c	-0.0	0.0	0.0	Inf	Inf
HKNDDH	2ommbl_c	0.0	0.0	0.0	Inf	Inf
HKNDDH	2omph_c	-0.0	0.0	0.0004071543071915442	Inf	0.0
HKNDDH	4mhetz_c	0.0	0.0	0.0	Inf	Inf
HKNDDH	2oph_c	-0.0	-0.00013608210746011697	0.00045644982213292884	-0.0	0.0
HKNDDH	2oxpaccoa_c	-0.0	-0.0003514945901770261	0.0	-0.0	Inf
HKNDDH	all__D_c	-0.0	-0.0033291664613110334	0.0	-0.0	Inf
HKNDDH	alltn_c	-0.0	-0.012946758460653993	0.0	-0.0	Inf
HKNDDH	4r5au_c	-0.0	-0.00027216421494813403	0.00247324584474866	-0.0	0.0
HKNDDH	56dura_c	0.0	0.0	0.0	Inf	Inf
HKNDDH	arab__L_c	-0.0	-0.004052898300726518	0.0	-0.0	Inf
HKNDDH	etoh_c	-0.0	-1000.0	0.0	-0.0	Inf
HKNDDH	csn_c	-0.0	0.0	0.006706301232876241	Inf	0.0
HKNDDH	fald_c	-0.0	0.0	0.0	Inf	Inf
HKNDDH	fc1p_c	-0.0	-0.003192351401257147	0.0	-0.0	Inf
HKNDDH	fcl__L_c	-0.0	0.0	0.0	Inf	Inf
HKNDDH	aso4_c	0.0	0.0	0.0	Inf	Inf
HKNDDH	cyan_c	0.0	0.0	0.0	Inf	Inf
HKNDDH	athtp_c	0.0	0.0	0.0	Inf	Inf
HKNDDH	cytd_c	-0.0	0.0	0.0	Inf	Inf
HKNDDH	dad_2_c	-0.0	-0.0017326516899016711	0.0	-0.0	Inf
HKNDDH	dad_5_c	-0.0	-0.0033531172991622406	0.00013730257479159784	-0.0	0.0
HKNDDH	betald_c	0.0	0.0	0.0	Inf	Inf
HKNDDH	btal_c	-0.0	-0.046608330458354774	0.0	-0.0	Inf
HKNDDH	for_c	-0.0	-0.051787033842616834	0.0014969031817320898	-0.0	0.0
HKNDDH	dcyt_c	-0.0	0.0	0.0	Inf	Inf
HKNDDH	fru_c	-0.0	0.0	0.0	Inf	Inf
HKNDDH	ca2_c	-0.0	-0.0031762662301844102	0.2330416522917712	-0.0	0.0
HKNDDH	g3pe_c	-0.0	-0.0033291664613110334	0.0	-0.0	Inf
HKNDDH	g3pi_c	0.0	0.0	0.0	Inf	Inf
HKNDDH	cbm_c	-0.0	-0.1165208261458856	0.0	-0.0	Inf
HKNDDH	dha_c	-0.0	-0.006658332922622067	0.009963647545987352	-0.0	0.0
HKNDDH	gal_c	-0.0	0.0	0.0	Inf	Inf
HKNDDH	dhgly_c	-0.0	-0.00013608210746011697	0.0017701911883733995	-0.0	0.0
HKNDDH	dhmptp_c	0.0	0.0	0.0	Inf	Inf
HKNDDH	gcald_c	-0.0	-0.011097221537703572	0.0004082463219674537	-0.0	0.0
HKNDDH	dhptd_c	-0.0	-39.067020035556205	0.00027338468223144766	-0.0	0.0
HKNDDH	cechddd_c	-1.0	-0.002453070024123927	0.0	-1.0	Inf
HKNDDH	dhptdn_c	0.0	0.0	0.0	Inf	Inf
HKNDDH	chol_c	0.0	0.0	0.0	Inf	Inf
HKNDDH	chtbs6p_c	-0.0	0.0	0.0	Inf	Inf
HKNDDH	dmbzid_c	0.0	0.0	0.0	Inf	Inf
HKNDDH	dms_c	0.0	0.0	0.0	Inf	Inf
HKNDDH	dmso_c	0.0	0.0	0.0	Inf	Inf
HKNDDH	cl_c	-0.0	-0.0031762662301789636	0.4660833045835424	-0.0	0.0
HKNDDH	glc__D_c	-0.0	-0.0033291664613110334	0.0	-0.0	Inf
HKNDDH	co2_c	-0.0	-989.0491070614872	10.950892938512766	-0.0	0.0
HKNDDH	dscl_c	-0.0	-0.00013608210746011697	0.0005204890509097955	-0.0	0.0
HKNDDH	dtdp4aaddg_c	-0.0	0.0	0.0	Inf	Inf
HKNDDH	glyald_c	-0.0	-1000.0	0.0	-0.0	Inf
HKNDDH	crn_c	-0.0	-0.2330416522917712	0.0	-0.0	Inf
HKNDDH	duri_c	-0.0	0.0	0.0	Inf	Inf
HKNDDH	glyb_c	0.0	0.0	0.0	Inf	Inf
HKNDDH	glyc_c	-0.0	-0.0058260413072944	0.008718191602739069	-0.0	0.0
HKNDDH	dxyl_c	0.0	0.0	0.0	Inf	Inf
HKNDDH	glycogen_c	-0.0	-0.0031492115174563797	0.0	-0.0	Inf
HKNDDH	gmhep1p_c	-0.0	0.0	0.003709868767122992	Inf	0.0
HKNDDH	lipa_cold_c	-0.0	0.0	0.0	Inf	Inf
HKNDDH	lipidA_c	-0.0	-0.00022937170501159137	0.00034323588987161813	-0.0	0.0
HKNDDH	malt_c	0.0	0.0	0.0	Inf	Inf
HKNDDH	h2_c	-0.0	0.0	0.0	Inf	Inf
HKNDDH	malthx_c	-0.0	0.0	0.0	Inf	Inf
HKNDDH	maltpt_c	-0.0	0.0	0.0	Inf	Inf
HKNDDH	malttr_c	-0.0	0.0	0.0	Inf	Inf
HKNDDH	maltttr_c	-0.0	0.0	0.0	Inf	Inf
HKNDDH	h2o2_c	-0.0	-0.0023823522310506572	0.06974553282191193	-0.0	0.0
HKNDDH	man_c	-0.0	0.0	0.0	Inf	Inf
HKNDDH	mdhdhf_c	-0.0	-39.067020035556205	0.00027338468223144766	-0.0	0.0
HKNDDH	melib_c	-0.0	0.0	0.0	Inf	Inf
HKNDDH	meoh_c	-0.0	-999.9999987795327	1.2204673112137243e-06	-0.0	0.0
HKNDDH	pacald_c	-0.0	-0.2330416522917712	0.0	-0.0	Inf
HKNDDH	metsox_S__L_c	-0.0	-0.002208925614140036	0.0	-0.0	Inf
HKNDDH	mg2_c	-0.0	-0.005293777050269455	0.1165208261458856	-0.0	0.0
HKNDDH	hhlipa_c	-0.0	0.0	0.0	Inf	Inf
HKNDDH	pe120_c	-0.0	0.0	0.0	Inf	Inf
HKNDDH	mobd_c	-0.0	-7.872014282384043e-05	0.08718191602739019	-0.0	0.0
HKNDDH	hlipa_c	-0.0	0.0	0.0	Inf	Inf
HKNDDH	pg120_c	-0.0	-0.0005444898418032083	0.0	-0.0	Inf
HKNDDH	mql8_c	0.0	0.0	0.0	Inf	Inf
HKNDDH	mqn8_c	-0.0	0.0	0.0	Inf	Inf
HKNDDH	mthgxl_c	-0.0	0.0	0.008941734977168119	Inf	0.0
HKNDDH	hqn_c	0.0	0.0	0.0	Inf	Inf
HKNDDH	mththf_c	-0.0	-999.9997266153177	0.00027338468223144766	-0.0	0.0
HKNDDH	n2o_c	-0.0	-1000.0	0.0	-0.0	Inf
HKNDDH	na1_c	-0.0	0.0	0.0	Inf	Inf
HKNDDH	nac_c	-0.0	0.0	0.0	Inf	Inf
HKNDDH	ncam_c	-0.0	0.0	0.0	Inf	Inf
HKNDDH	ni2_c	-0.0	-0.00019710547403416044	999.9998028945259	-0.0	0.0
HKNDDH	no_c	-0.0	-1000.0	0.0	-0.0	Inf
HKNDDH	indole_c	-0.0	-0.0018135537143328777	0.002767679873885405	-0.0	0.0
HKNDDH	no2_c	-0.0	-0.2330416522917712	0.0	-0.0	Inf
HKNDDH	no3_c	0.0	0.0	0.0	Inf	Inf
HKNDDH	inost_c	0.0	0.0	0.0	Inf	Inf
HKNDDH	o2_c	-0.0	-15.648711657789704	984.3512883422103	-0.0	0.0
HKNDDH	poaac_c	-0.0	-0.038747518234395824	0.0	-0.0	Inf
HKNDDH	ppal_c	-0.0	0.0	0.0	Inf	Inf
HKNDDH	k_c	-0.0	-0.11911333991687269	0.34872766410955564	-0.0	0.0
HKNDDH	psclys_c	-0.0	0.0	0.0	Inf	Inf
HKNDDH	lald__D_c	-0.0	0.0	0.007925628729762765	Inf	0.0
HKNDDH	lald__L_c	-0.0	-0.007061868251265819	0.0	-0.0	Inf
HKNDDH	ura_c	-0.0	-0.005975426981840304	0.0	-0.0	Inf
HKNDDH	pydx_c	-0.0	0.0	0.00348727664109559	Inf	0.0
HKNDDH	uracp_c	-0.0	-0.043590958013694454	0.0	-0.0	Inf
HKNDDH	pydxn_c	-0.0	0.0	0.0033212158486624565	Inf	0.0
HKNDDH	urate_c	-0.0	-0.0023823522310506572	0.0	-0.0	Inf
HKNDDH	q8_c	-0.0	0.0	0.0	Inf	Inf
HKNDDH	q8h2_c	0.0	0.0	0.0	Inf	Inf
HKNDDH	urea_c	-0.0	-1000.0	0.0	-0.0	Inf
HKNDDH	uri_c	-0.0	0.0	0.0	Inf	Inf
HKNDDH	rbflvrd_c	-0.0	0.0	0.0013060961202605342	Inf	0.0
HKNDDH	rbl__L_c	-0.0	-0.004052898300726518	0.0	-0.0	Inf
HKNDDH	rdmbzi_c	0.0	0.0	0.0	Inf	Inf
HKNDDH	thptdn_c	0.0	0.0	0.0	Inf	Inf
HKNDDH	xan_c	-0.0	0.0	0.0	Inf	Inf
HKNDDH	rephaccoa_c	-0.0	-0.0003514945901770261	0.0	-0.0	Inf
HKNDDH	rib__D_c	-0.0	0.0	0.0054488697517118805	Inf	0.0
HKNDDH	xtsn_c	-0.0	0.0	0.0027351189341926355	Inf	0.0
HKNDDH	rml_c	-0.0	-0.0034270831219378266	0.0	-0.0	Inf
HKNDDH	thym_c	-0.0	-0.34872766410955564	0.0	-0.0	Inf
HKNDDH	thymd_c	-0.0	-0.0017995494385465232	0.0	-0.0	Inf
HKNDDH	xu5p__L_c	-0.0	-0.0037286664366683844	0.0	-0.0	Inf
HKNDDH	rmn_c	-0.0	-0.0034270831219378266	0.0	-0.0	Inf
HKNDDH	xyl__D_c	0.0	0.0	0.0	Inf	Inf
HKNDDH	tmao_c	0.0	0.0	0.0	Inf	Inf
HKNDDH	xylu__D_c	-0.0	0.0	0.0	Inf	Inf
HKNDDH	xylu__L_c	-0.0	-0.004052898300726518	0.0	-0.0	Inf
HKNDDH	12ppd__R_e	-0.0	-1000.0	0.0	-0.0	Inf
HKNDDH	12ppd__S_e	-0.0	-1000.0	0.0	-0.0	Inf
HKNDDH	tre_c	-0.0	-0.0016645832306555167	0.0	-0.0	Inf
HKNDDH	seln_c	0.0	0.0	0.0	Inf	Inf
HKNDDH	34dhpac_e	-0.0	-1000.0	0.0	-0.0	Inf
HKNDDH	slnt_c	0.0	0.0	0.0	Inf	Inf
HKNDDH	so2_c	0.0	0.0	0.0	Inf	Inf
HKNDDH	so3_c	-0.0	-0.012946758460654078	0.01937375911719772	-0.0	0.0
HKNDDH	so4_c	-0.0	-0.15390703283512086	0.34872766410955564	-0.0	0.0
HKNDDH	4hoxpacd_e	-0.0	-1000.0	0.0	-0.0	Inf
HKNDDH	5mtr_e	-0.0	0.0	0.0	Inf	Inf
HKNDDH	LalaDgluMdap_e	-0.0	-1000.0	0.0	-0.0	Inf
HKNDDH	ac_e	-0.0	0.0	0.0	Inf	Inf
HKNDDH	acald_e	-0.0	-1000.0	0.0	-0.0	Inf
HKNDDH	acgal_e	-0.0	-1000.0	0.0	-0.0	Inf
HKNDDH	acgam_e	-0.0	-1000.0	0.0	-0.0	Inf
HKNDDH	acmana_e	-0.0	-1000.0	0.0	-0.0	Inf
HKNDDH	tagur_c	-0.0	0.0	0.0	Inf	Inf
HKNDDH	tartr__L_c	-0.0	-0.007282551634117928	0.0	-0.0	Inf
HKNDDH	ade_e	-0.0	-1000.0	0.0	-0.0	Inf
HKNDDH	adn_e	-0.0	-1000.0	0.0	-0.0	Inf
HKNDDH	all__D_e	-0.0	-1000.0	0.0	-0.0	Inf
HKNDDH	cl_e	-0.0	-0.0031762662301844102	999.9968237337698	-0.0	0.0
HKNDDH	alltn_e	-0.0	0.0	0.0	Inf	Inf
HKNDDH	cm_e	-0.0	-1000.0	0.0	-0.0	Inf
HKNDDH	co2_e	-0.0	-989.0491070614872	10.950892938512766	-0.0	0.0
HKNDDH	arab__L_e	-0.0	-1000.0	0.0	-0.0	Inf
HKNDDH	arbt_e	-0.0	-1000.0	0.0	-0.0	Inf
HKNDDH	unagamu_c	-0.0	0.0	0.00031053220312516374	Inf	0.0
HKNDDH	crn_e	-0.0	-1000.0	0.0	-0.0	Inf
HKNDDH	csn_e	-0.0	-1000.0	0.0	-0.0	Inf
HKNDDH	cyan_e	-0.0	-1000.0	0.0	-0.0	Inf
HKNDDH	glyb_e	-0.0	-1000.0	0.0	-0.0	Inf
HKNDDH	glyc_e	-0.0	-0.0058260413072944	0.008718191602739069	-0.0	0.0
HKNDDH	cytd_e	-0.0	-1000.0	0.0	-0.0	Inf
HKNDDH	ca2_e	-0.0	-0.0031762662301844102	999.9968237337698	-0.0	0.0
HKNDDH	dad_2_e	-0.0	-1000.0	0.0	-0.0	Inf
HKNDDH	dcyt_e	-0.0	-1000.0	0.0	-0.0	Inf
HKNDDH	chol_e	-0.0	-1000.0	0.0	-0.0	Inf
HKNDDH	dha_e	-0.0	-1000.0	0.0	-0.0	Inf
HKNDDH	ppal_e	-0.0	-1000.0	0.0	-0.0	Inf
HKNDDH	h2_e	-0.0	-1000.0	0.0	-0.0	Inf
HKNDDH	dms_e	-0.0	-1000.0	0.0	-0.0	Inf
HKNDDH	dmso_e	-0.0	-1000.0	0.0	-0.0	Inf
HKNDDH	h2o2_e	-0.0	-1000.0	0.0	-0.0	Inf
HKNDDH	psclys_e	-0.0	-1000.0	0.0	-0.0	Inf
HKNDDH	duri_e	-0.0	-1000.0	0.0	-0.0	Inf
HKNDDH	pydx_e	-0.0	-1000.0	0.0	-0.0	Inf
HKNDDH	pydxn_e	-0.0	-1000.0	0.0	-0.0	Inf
HKNDDH	etoh_e	-0.0	-1000.0	0.0	-0.0	Inf
HKNDDH	fald_e	-0.0	0.0	0.0	Inf	Inf
HKNDDH	rib__D_e	-0.0	-1000.0	0.0	-0.0	Inf
HKNDDH	rmn_e	-0.0	-1000.0	0.0	-0.0	Inf
HKNDDH	indole_e	-0.0	-1000.0	0.0	-0.0	Inf
HKNDDH	inost_e	-0.0	-1000.0	0.0	-0.0	Inf
HKNDDH	sbt__D_e	-0.0	-0.0031072220305570293	0.0	-0.0	Inf
HKNDDH	k_e	-0.0	-0.11911333991690753	999.8808866600831	-0.0	0.0
HKNDDH	for_e	-0.0	0.0	0.0014969031817320898	Inf	0.0
HKNDDH	slnt_e	-0.0	0.0	1000.0	Inf	0.0
HKNDDH	fru_e	-0.0	-1000.0	0.0	-0.0	Inf
HKNDDH	so2_e	-0.0	-1000.0	0.0	-0.0	Inf
HKNDDH	so3_e	-0.0	-1000.0	0.0	-0.0	Inf
HKNDDH	so4_e	-0.0	-0.15390703283514995	999.8460929671649	-0.0	0.0
HKNDDH	lipa_cold_e	-0.0	-1000.0	0.0	-0.0	Inf
HKNDDH	sucr_e	-0.0	-1000.0	0.0	-0.0	Inf
HKNDDH	g3pe_e	-0.0	-1000.0	0.0	-0.0	Inf
HKNDDH	malt_e	-0.0	-1000.0	0.0	-0.0	Inf
HKNDDH	tartr__L_e	-0.0	-1000.0	0.0	-0.0	Inf
HKNDDH	g3pi_e	-0.0	-1000.0	0.0	-0.0	Inf
HKNDDH	malthx_e	-0.0	-1000.0	0.0	-0.0	Inf
HKNDDH	maltpt_e	-0.0	-1000.0	0.0	-0.0	Inf
HKNDDH	gal_e	-0.0	-1000.0	0.0	-0.0	Inf
HKNDDH	gal_bD_e	-0.0	-1000.0	0.0	-0.0	Inf
HKNDDH	malttr_e	-0.0	-1000.0	0.0	-0.0	Inf
HKNDDH	maltttr_e	-0.0	-1000.0	0.0	-0.0	Inf
HKNDDH	man_e	-0.0	-1000.0	0.0	-0.0	Inf
HKNDDH	thym_e	-0.0	-1000.0	0.0	-0.0	Inf
HKNDDH	thymd_e	-0.0	-1000.0	0.0	-0.0	Inf
HKNDDH	galt_e	-0.0	-0.0031072220305570293	0.0	-0.0	Inf
HKNDDH	melib_e	-0.0	-1000.0	0.0	-0.0	Inf
HKNDDH	meoh_e	-0.0	-999.9999987795327	1.2204673112137243e-06	-0.0	0.0
HKNDDH	tmao_e	-0.0	-1000.0	0.0	-0.0	Inf
HKNDDH	tre_e	-0.0	-1000.0	0.0	-0.0	Inf
HKNDDH	metsox_S__L_e	-0.0	-1000.0	0.0	-0.0	Inf
HKNDDH	glc__D_e	-0.0	-1000.0	0.0	-0.0	Inf
HKNDDH	mg2_e	-0.0	-0.005293777050269455	999.9947062229497	-0.0	0.0
HKNDDH	mnl_e	-0.0	-1000.0	0.0	-0.0	Inf
HKNDDH	mobd_e	-0.0	-7.872014282384043e-05	999.9999212798572	-0.0	0.0
HKNDDH	glyald_e	-0.0	-1000.0	0.0	-0.0	Inf
HKNDDH	n2o_e	-0.0	-1000.0	0.0	-0.0	Inf
HKNDDH	na1_e	-0.0	0.0	1000.0	Inf	0.0
HKNDDH	nac_e	-0.0	-1000.0	0.0	-0.0	Inf
HKNDDH	ni2_e	-0.0	-0.00019710547405793477	999.9998028945259	-0.0	0.0
HKNDDH	no_e	-0.0	-1000.0	0.0	-0.0	Inf
HKNDDH	no2_e	-0.0	-1000.0	0.0	-0.0	Inf
HKNDDH	ura_e	-0.0	-1000.0	0.0	-0.0	Inf
HKNDDH	no3_e	-0.0	-1000.0	0.0	-0.0	Inf
HKNDDH	urea_e	-0.0	-1000.0	0.0	-0.0	Inf
HKNDDH	novbcn_e	-0.0	-1000.0	0.0	-0.0	Inf
HKNDDH	uri_e	-0.0	-1000.0	0.0	-0.0	Inf
HKNDDH	o2_e	-0.0	-15.648711657789704	984.3512883422103	-0.0	0.0
HKNDDH	xan_e	-0.0	0.0	0.0	Inf	Inf
HKNDDH	xtsn_e	-0.0	-1000.0	0.0	-0.0	Inf
HKNDDH	xyl__D_e	-0.0	-1000.0	0.0	-0.0	Inf
HKNDDH	xylu__L_e	-0.0	-1000.0	0.0	-0.0	Inf
HKNDDH	pacald_e	-0.0	-1000.0	0.0	-0.0	Inf
HKNDDH	12dgr120_p	-0.0	0.0	0.0	Inf	Inf
HKNDDH	12dgr140_p	-0.0	0.0	0.0	Inf	Inf
HKNDDH	12dgr160_p	-0.0	0.0	0.0	Inf	Inf
HKNDDH	12dgr180_p	-0.0	0.0	0.0	Inf	Inf
HKNDDH	12ppd__R_p	-0.0	-1000.0	0.0	-0.0	Inf
HKNDDH	12ppd__S_p	-0.0	0.0	0.0	Inf	Inf
HKNDDH	chol_p	-0.0	-1000.0	0.0	-0.0	Inf
HKNDDH	cl_p	-0.0	-0.0031762662301844102	999.9968237337698	-0.0	0.0
HKNDDH	34dhpac_p	-0.0	-1000.0	0.0	-0.0	Inf
HKNDDH	cm_p	-0.0	0.0	0.0	Inf	Inf
HKNDDH	4hoxpacd_p	-0.0	-1000.0	0.0	-0.0	Inf
HKNDDH	co2_p	-0.0	-989.0491070614872	10.950892938512766	-0.0	0.0
HKNDDH	5mtr_p	-0.0	0.0	0.0	Inf	Inf
HKNDDH	LalaDgluMdap_p	-0.0	-0.0013316665845244278	0.0	-0.0	Inf
HKNDDH	gal_p	-0.0	-1000.0	0.0	-0.0	Inf
HKNDDH	ac_p	-0.0	-0.013708332487751574	0.0	-0.0	Inf
HKNDDH	crn_p	-0.0	-1000.0	0.0	-0.0	Inf
HKNDDH	gal_bD_p	-0.0	-1000.0	0.0	-0.0	Inf
HKNDDH	acald_p	-0.0	-1000.0	0.0	-0.0	Inf
HKNDDH	acgal_p	-0.0	-1000.0	0.0	-0.0	Inf
HKNDDH	csn_p	-0.0	0.0	0.0	Inf	Inf
HKNDDH	acgam_p	-0.0	-1000.0	0.0	-0.0	Inf
HKNDDH	galt_p	-0.0	-0.0031072220305570293	0.0	-0.0	Inf
HKNDDH	acmana_p	-0.0	-1000.0	0.0	-0.0	Inf
HKNDDH	cyan_p	-0.0	0.0	0.0	Inf	Inf
HKNDDH	ade_p	-0.0	-1000.0	0.0	-0.0	Inf
HKNDDH	adn_p	-0.0	0.0	0.0004106872570230455	Inf	0.0
HKNDDH	cytd_p	-0.0	0.0	0.0	Inf	Inf
HKNDDH	glc__D_p	-0.0	-1000.0	0.0	-0.0	Inf
HKNDDH	dad_2_p	-0.0	-1000.0	0.0	-0.0	Inf
HKNDDH	dcyt_p	-0.0	-1000.0	0.0	-0.0	Inf
HKNDDH	all__D_p	-0.0	0.0	0.0	Inf	Inf
HKNDDH	alltn_p	-0.0	0.0	0.0	Inf	Inf
HKNDDH	dha_p	-0.0	-1000.0	0.0	-0.0	Inf
HKNDDH	glyald_p	-0.0	-1000.0	0.0	-0.0	Inf
HKNDDH	glyb_p	0.0	0.0	0.0	Inf	Inf
HKNDDH	dms_p	-0.0	-1000.0	0.0	-0.0	Inf
HKNDDH	glyc_p	-0.0	-0.0058260413072944	0.008718191602739069	-0.0	0.0
HKNDDH	dmso_p	-0.0	-1000.0	0.0	-0.0	Inf
HKNDDH	arab__L_p	-0.0	0.0	0.0	Inf	Inf
HKNDDH	arbt_p	0.0	0.0	0.0	Inf	Inf
HKNDDH	ca2_p	-0.0	-0.0031762662301844102	999.9968237337698	-0.0	0.0
HKNDDH	duri_p	-0.0	-1000.0	0.0	-0.0	Inf
HKNDDH	h2_p	-0.0	-1000.0	0.0	-0.0	Inf
HKNDDH	h2o2_p	-0.0	-1000.0	0.0	-0.0	Inf
HKNDDH	etoh_p	-0.0	-1000.0	0.0	-0.0	Inf
HKNDDH	fald_p	-0.0	0.0	0.0	Inf	Inf
HKNDDH	n2o_p	-0.0	-1000.0	0.0	-0.0	Inf
HKNDDH	na1_p	-0.0	0.0	0.0	Inf	Inf
HKNDDH	indole_p	-0.0	0.0	0.0027898213128764887	Inf	0.0
HKNDDH	nac_p	-0.0	-1000.0	0.0	-0.0	Inf
HKNDDH	ni2_p	-0.0	-0.00019710547405793477	999.9998028945259	-0.0	0.0
HKNDDH	inost_p	-0.0	-1000.0	0.0	-0.0	Inf
HKNDDH	no_p	-0.0	-1000.0	0.0	-0.0	Inf
HKNDDH	no2_p	-0.0	-1000.0	0.0	-0.0	Inf
HKNDDH	for_p	-0.0	0.0	0.0014969031817320898	Inf	0.0
HKNDDH	fru_p	-0.0	-1000.0	0.0	-0.0	Inf
HKNDDH	no3_p	-0.0	0.0	0.0	Inf	Inf
HKNDDH	k_p	-0.0	-0.11911333991690753	999.8808866600831	-0.0	0.0
HKNDDH	novbcn_p	-0.0	0.0	0.0	Inf	Inf
HKNDDH	o2_p	-0.0	-15.648711657789704	984.3512883422103	-0.0	0.0
HKNDDH	lipa_cold_p	-0.0	-0.08718191602739019	0.0	-0.0	Inf
HKNDDH	g3pe_p	-0.0	0.0	0.0	Inf	Inf
HKNDDH	g3pi_p	-0.0	0.0	0.0	Inf	Inf
HKNDDH	so3_p	-0.0	-1000.0	0.0	-0.0	Inf
HKNDDH	so4_p	-0.0	-0.15390703283512086	999.8460929671649	-0.0	0.0
HKNDDH	malt_p	0.0	0.0	0.0	Inf	Inf
HKNDDH	malthx_p	0.0	0.0	0.0	Inf	Inf
HKNDDH	maltpt_p	0.0	0.0	0.0	Inf	Inf
HKNDDH	sucr_p	-0.0	-1000.0	0.0	-0.0	Inf
HKNDDH	malttr_p	0.0	0.0	0.0	Inf	Inf
HKNDDH	maltttr_p	0.0	0.0	0.0	Inf	Inf
HKNDDH	pacald_p	-0.0	-1000.0	0.0	-0.0	Inf
HKNDDH	man_p	-0.0	-1000.0	0.0	-0.0	Inf
HKNDDH	tartr__L_p	-0.0	-1000.0	0.0	-0.0	Inf
HKNDDH	pe120_p	-0.0	-0.0005575159145736211	0.0	-0.0	Inf
HKNDDH	melib_p	-0.0	-1000.0	0.0	-0.0	Inf
HKNDDH	meoh_p	-0.0	-999.9999987795327	1.2204673112137243e-06	-0.0	0.0
HKNDDH	thym_p	-0.0	-1000.0	0.0	-0.0	Inf
HKNDDH	thymd_p	-0.0	-0.001813553714332877	0.0	-0.0	Inf
HKNDDH	pg120_p	-0.0	-0.000539448269193924	0.0	-0.0	Inf
HKNDDH	metsox_S__L_p	-0.0	-1000.0	0.0	-0.0	Inf
HKNDDH	tmao_p	-0.0	-1000.0	0.0	-0.0	Inf
HKNDDH	mg2_p	-0.0	-0.005293777050269455	999.9947062229497	-0.0	0.0
HKNDDH	tre_p	-0.0	0.0	0.0	Inf	Inf
HKNDDH	mnl_p	-0.0	0.0	0.0	Inf	Inf
HKNDDH	mobd_p	-0.0	-7.872014282384043e-05	999.9999212798572	-0.0	0.0
HKNDDH	ura_p	-0.0	-1000.0	0.0	-0.0	Inf
HKNDDH	urea_p	-0.0	-1000.0	0.0	-0.0	Inf
HKNDDH	uri_p	-0.0	0.0	0.0	Inf	Inf
HKNDDH	xan_p	-0.0	0.0	0.0	Inf	Inf
HKNDDH	xtsn_p	-0.0	0.0	0.0	Inf	Inf
HKNDDH	xyl__D_p	-0.0	0.0	0.0	Inf	Inf
HKNDDH	xylu__L_p	-0.0	-1000.0	0.0	-0.0	Inf
HKNDDH	ppal_p	-0.0	-1000.0	0.0	-0.0	Inf
HKNDDH	psclys_p	-0.0	-1000.0	0.0	-0.0	Inf
HKNDDH	pydx_p	-0.0	0.0	0.0	Inf	Inf
HKNDDH	pydxn_p	-0.0	0.0	0.0	Inf	Inf
HKNDDH	rib__D_p	-0.0	-1000.0	0.0	-0.0	Inf
HKNDDH	rmn_p	-0.0	-1000.0	0.0	-0.0	Inf
HKNDDH	sbt__D_p	-0.0	-0.0031072220305570293	0.0	-0.0	Inf
HKNDDH	slnt_p	-0.0	0.0	0.0	Inf	Inf
HKNDDH	so2_p	-0.0	-1000.0	0.0	-0.0	Inf
