Reaction	Metabolite	ShadowPrice	G-	G+	DecrementalShadowPrice	IncrementalShadowPrice
GLTPD_f	12dgr120_c	-0.0	0.0	0.0	Inf	Inf
GLTPD_f	12dgr140_c	-0.0	0.0	0.0	Inf	Inf
GLTPD_f	12dgr160_c	-0.0	0.0	0.0	Inf	Inf
GLTPD_f	12dgr180_c	-0.0	0.0	0.0	Inf	Inf
GLTPD_f	12ppd__R_c	-0.0	-1000.0	0.0	-0.0	Inf
GLTPD_f	12ppd__S_c	-0.0	0.0	0.0	Inf	Inf
GLTPD_f	5drib_c	-0.0	-999.9998113548194	0.0001886451806626749	-0.0	0.0
GLTPD_f	5mta_c	-0.0	0.0	0.0	Inf	Inf
GLTPD_f	23dhacoa_c	-0.0	-0.0004829316626455693	0.0	-0.0	Inf
GLTPD_f	5mtr_c	-0.0	0.0	0.0	Inf	Inf
GLTPD_f	3amac_c	-0.0	-7.703625269386246	0.0	-0.0	Inf
GLTPD_f	LalaDgluMdap_c	-0.0	-0.023298099023352937	0.0	-0.0	Inf
GLTPD_f	ac_c	-0.0	-3.5569551867756672	1.942892539803827	-0.0	0.0
GLTPD_f	acald_c	-0.0	-3.5569551867756672	1.5540029464305973	-0.0	0.0
GLTPD_f	acetol_c	-0.0	0.0	0.0	Inf	Inf
GLTPD_f	acgam_c	-0.0	-0.0792209148020156	0.0	-0.0	Inf
GLTPD_f	acgam6p_c	-0.0	-0.0792209148020156	0.0	-0.0	Inf
GLTPD_f	acmalt_c	0.0	0.0	0.0	Inf	Inf
GLTPD_f	acmana_c	-0.0	-0.0792209148020156	0.0	-0.0	Inf
GLTPD_f	2dmmq8_c	-0.0	0.0	0.0	Inf	Inf
GLTPD_f	2dmmql8_c	0.0	0.0	0.0	Inf	Inf
GLTPD_f	ade_c	-0.0	-0.09156334015722223	0.0005642586959555764	-0.0	0.0
GLTPD_f	adn_c	-0.0	0.0	0.0005642586959555764	Inf	0.0
GLTPD_f	3sala_c	0.0	0.0	0.0	Inf	Inf
GLTPD_f	adphep_DD_c	-0.0	0.0	0.0	Inf	Inf
GLTPD_f	adphep_LD_c	-0.0	0.0	0.0	Inf	Inf
GLTPD_f	4ahmmp_c	0.0	0.0	0.0	Inf	Inf
GLTPD_f	4crsol_c	-0.0	-999.9998130316654	0.00018696833461234	-0.0	0.0
GLTPD_f	2ohph_c	-0.0	-0.00018696833461234	0.06083904152692493	-0.0	0.0
GLTPD_f	2ombzl_c	-0.0	0.0	0.0	Inf	Inf
GLTPD_f	2omhmbl_c	-0.0	0.0	0.0	Inf	Inf
GLTPD_f	2ommbl_c	0.0	0.0	0.0	Inf	Inf
GLTPD_f	2omph_c	-0.0	0.0	0.054553764418325865	Inf	0.0
GLTPD_f	4mhetz_c	0.0	0.0	0.0	Inf	Inf
GLTPD_f	2oph_c	-0.0	-0.00018696833461234	0.06083904152692493	-0.0	0.0
GLTPD_f	2oxpaccoa_c	-0.0	-0.0004829316626455693	0.0	-0.0	Inf
GLTPD_f	all__D_c	-0.0	-10.03679221751304	0.0	-0.0	Inf
GLTPD_f	alltn_c	-0.0	-1.9259063173465616	0.0	-0.0	Inf
GLTPD_f	4r5au_c	-0.0	-0.0003739366693480406	0.35318248782513567	-0.0	0.0
GLTPD_f	56dura_c	0.0	0.0	0.0	Inf	Inf
GLTPD_f	arab__L_c	-0.0	-10.03679221751304	0.0	-0.0	Inf
GLTPD_f	etoh_c	-0.0	-1000.0	0.0	-0.0	Inf
GLTPD_f	csn_c	-0.0	0.0	0.15167491736804095	Inf	0.0
GLTPD_f	fald_c	-0.0	0.0	0.0	Inf	Inf
GLTPD_f	fc1p_c	-0.0	0.0	0.0	Inf	Inf
GLTPD_f	fcl__L_c	-0.0	0.0	0.0	Inf	Inf
GLTPD_f	aso4_c	0.0	0.0	0.0	Inf	Inf
GLTPD_f	cyan_c	0.0	0.0	0.0	Inf	Inf
GLTPD_f	athtp_c	0.0	0.0	0.0	Inf	Inf
GLTPD_f	cytd_c	-0.0	-0.13458785611495921	0.0	-0.0	Inf
GLTPD_f	dad_2_c	-0.0	-0.09156334015722223	0.0	-0.0	Inf
GLTPD_f	dad_5_c	-0.0	-0.09156334015722223	0.0001886451806626749	-0.0	0.0
GLTPD_f	betald_c	0.0	0.0	0.0	Inf	Inf
GLTPD_f	btal_c	-0.0	-530.4333727213946	0.0	-0.0	Inf
GLTPD_f	for_c	-0.0	-0.09156334015722223	0.0020566516808361154	-0.0	0.0
GLTPD_f	dcyt_c	-0.0	0.0	0.0	Inf	Inf
GLTPD_f	fru_c	-0.0	-10.03679221751304	0.0	-0.0	Inf
GLTPD_f	ca2_c	-0.0	-0.0043639918460485205	999.995636008154	-0.0	0.0
GLTPD_f	g3pe_c	-0.0	-0.8087688411968177	0.0	-0.0	Inf
GLTPD_f	g3pi_c	0.0	0.0	0.0	Inf	Inf
GLTPD_f	cbm_c	-0.0	-3.851812634693123	0.0	-0.0	Inf
GLTPD_f	dha_c	-0.0	-88.40556212023243	1.2950024553588309	-0.0	0.0
GLTPD_f	gal_c	-0.0	0.0	0.0	Inf	Inf
GLTPD_f	dhgly_c	-0.0	-0.00018696833461234	0.23444009967702975	-0.0	0.0
GLTPD_f	dhmptp_c	0.0	0.0	0.0	Inf	Inf
GLTPD_f	gcald_c	-0.0	-2.4811938869137773	0.0005609050035673135	-0.0	0.0
GLTPD_f	dhptd_c	-0.0	-53.32664225848657	0.0003756135152929015	-0.0	0.0
GLTPD_f	cechddd_c	-0.0	0.0	0.0	Inf	Inf
GLTPD_f	dhptdn_c	0.0	0.0	0.0	Inf	Inf
GLTPD_f	chol_c	0.0	0.0	0.0	Inf	Inf
GLTPD_f	chtbs6p_c	-0.0	0.0	0.0	Inf	Inf
GLTPD_f	dmbzid_c	0.0	0.0	0.0	Inf	Inf
GLTPD_f	dms_c	0.0	0.0	0.0	Inf	Inf
GLTPD_f	dmso_c	0.0	0.0	0.0	Inf	Inf
GLTPD_f	cl_c	-0.0	-0.0043639918459965465	999.995636008154	-0.0	0.0
GLTPD_f	glc__D_c	-0.0	-10.03679221751304	0.0	-0.0	Inf
GLTPD_f	co2_c	-0.0	-985.2159119683799	14.784088031620058	-0.0	0.0
GLTPD_f	dscl_c	-0.0	-0.00018696833461234	0.06723127703964264	-0.0	0.0
GLTPD_f	dtdp4aaddg_c	-0.0	0.0	0.0	Inf	Inf
GLTPD_f	glyald_c	-0.0	-1000.0	0.0	-0.0	Inf
GLTPD_f	crn_c	-0.0	-1000.0	0.0	-0.0	Inf
GLTPD_f	duri_c	-0.0	0.0	0.0	Inf	Inf
GLTPD_f	glyb_c	0.0	0.0	0.0	Inf	Inf
GLTPD_f	glyc_c	-0.0	-75.77619610305638	1.1100021045932835	-0.0	0.0
GLTPD_f	dxyl_c	0.0	0.0	0.0	Inf	Inf
GLTPD_f	glycogen_c	-0.0	-10.03679221751304	0.0	-0.0	Inf
GLTPD_f	gmhep1p_c	-0.0	0.0	0.5083187207950551	Inf	0.0
GLTPD_f	lipa_cold_c	-0.0	0.0	0.0	Inf	Inf
GLTPD_f	lipidA_c	-0.0	-0.016312358377657793	0.04095640295562568	-0.0	0.0
GLTPD_f	malt_c	0.0	0.0	0.0	Inf	Inf
GLTPD_f	h2_c	-0.0	0.0	0.0	Inf	Inf
GLTPD_f	malthx_c	-0.0	0.0	0.0	Inf	Inf
GLTPD_f	maltpt_c	-0.0	0.0	0.0	Inf	Inf
GLTPD_f	malttr_c	-0.0	0.0	0.0	Inf	Inf
GLTPD_f	maltttr_c	-0.0	0.0	0.0	Inf	Inf
GLTPD_f	h2o2_c	-0.0	-0.0013632758387856774	0.8735420504264084	-0.0	0.0
GLTPD_f	man_c	-0.0	0.0	0.0	Inf	Inf
GLTPD_f	mdhdhf_c	-0.0	-53.32664225848657	0.0003756135152929015	-0.0	0.0
GLTPD_f	melib_c	-0.0	0.0	0.0	Inf	Inf
GLTPD_f	meoh_c	-0.0	-999.9999983231539	1.6768460682214936e-06	-0.0	0.0
GLTPD_f	pacald_c	-0.0	-1000.0	0.0	-0.0	Inf
GLTPD_f	metsox_S__L_c	-0.0	-0.09156334015722223	0.0	-0.0	Inf
GLTPD_f	mg2_c	-0.0	-0.007273319743327578	999.9927266802566	-0.0	0.0
GLTPD_f	hhlipa_c	-0.0	0.0	0.0	Inf	Inf
GLTPD_f	pe120_c	-0.0	0.0	0.0	Inf	Inf
GLTPD_f	mobd_c	-0.0	-0.00010815657024660028	13.597525781267722	-0.0	0.0
GLTPD_f	hlipa_c	-0.0	0.0	0.0	Inf	Inf
GLTPD_f	pg120_c	-0.0	-0.06524943351063117	0.0	-0.0	Inf
GLTPD_f	mql8_c	0.0	0.0	0.0	Inf	Inf
GLTPD_f	mqn8_c	-0.0	0.0	0.0	Inf	Inf
GLTPD_f	mthgxl_c	-0.0	0.0	0.0	Inf	Inf
GLTPD_f	hqn_c	0.0	0.0	0.0	Inf	Inf
GLTPD_f	mththf_c	-0.0	-999.9996243864847	0.0003756135152929015	-0.0	0.0
GLTPD_f	n2o_c	-0.0	-1000.0	0.0	-0.0	Inf
GLTPD_f	na1_c	-0.0	0.0	0.0	Inf	Inf
GLTPD_f	nac_c	-0.0	0.0	0.0	Inf	Inf
GLTPD_f	ncam_c	-0.0	0.0	0.0	Inf	Inf
GLTPD_f	ni2_c	-0.0	-0.0002708106371290844	999.9997291893628	-0.0	0.0
GLTPD_f	no_c	-0.0	-1000.0	0.0	-0.0	Inf
GLTPD_f	indole_c	-0.0	-0.04765848001959302	0.3700007015310946	-0.0	0.0
GLTPD_f	no2_c	-0.0	-1000.0	0.0	-0.0	Inf
GLTPD_f	no3_c	0.0	0.0	0.0	Inf	Inf
GLTPD_f	inost_c	0.0	0.0	0.0	Inf	Inf
GLTPD_f	o2_c	-0.0	-21.194972107682112	978.8050278923179	-0.0	0.0
GLTPD_f	poaac_c	-0.0	-4.183854086543914	0.0	-0.0	Inf
GLTPD_f	ppal_c	-0.0	0.0	0.0	Inf	Inf
GLTPD_f	k_c	-0.0	-0.16365430555150892	54.39010312507089	-0.0	0.0
GLTPD_f	psclys_c	-0.0	0.0	0.0	Inf	Inf
GLTPD_f	lald__D_c	-0.0	0.0	0.0	Inf	Inf
GLTPD_f	lald__L_c	-0.0	0.0	0.0	Inf	Inf
GLTPD_f	ura_c	-0.0	0.0	0.0	Inf	Inf
GLTPD_f	pydx_c	-0.0	0.0	0.46487267628265727	Inf	0.0
GLTPD_f	uracp_c	-0.0	-4.527829766194941	0.0	-0.0	Inf
GLTPD_f	pydxn_c	-0.0	0.0	0.4386298639118621	Inf	0.0
GLTPD_f	urate_c	-0.0	-0.0013632758387856774	0.0	-0.0	Inf
GLTPD_f	q8_c	-0.0	0.0	0.0	Inf	Inf
GLTPD_f	q8h2_c	0.0	0.0	0.0	Inf	Inf
GLTPD_f	urea_c	-0.0	0.0	2.590004910717663	Inf	0.0
GLTPD_f	uri_c	-0.0	0.0	0.44582051741861395	Inf	0.0
GLTPD_f	rbflvrd_c	-0.0	0.0	0.045781670078611114	Inf	0.0
GLTPD_f	rbl__L_c	-0.0	-10.03679221751304	0.0	-0.0	Inf
GLTPD_f	rdmbzi_c	0.0	0.0	0.0	Inf	Inf
GLTPD_f	thptdn_c	0.0	0.0	0.0	Inf	Inf
GLTPD_f	xan_c	-0.0	-0.09156334015722223	0.0	-0.0	Inf
GLTPD_f	rephaccoa_c	-0.0	-0.0004829316626455693	0.0	-0.0	Inf
GLTPD_f	rib__D_c	-0.0	0.0	0.0	Inf	Inf
GLTPD_f	xtsn_c	-0.0	0.0	0.0	Inf	Inf
GLTPD_f	rml_c	-0.0	0.0	0.0	Inf	Inf
GLTPD_f	thym_c	-0.0	-54.39010312507089	0.0	-0.0	Inf
GLTPD_f	thymd_c	-0.0	0.0	0.36260068750047264	Inf	0.0
GLTPD_f	xu5p__L_c	-0.0	-0.8087688411968177	0.0	-0.0	Inf
GLTPD_f	rmn_c	-0.0	0.0	0.0	Inf	Inf
GLTPD_f	xyl__D_c	0.0	0.0	0.0	Inf	Inf
GLTPD_f	tmao_c	0.0	0.0	0.0	Inf	Inf
GLTPD_f	xylu__D_c	-0.0	0.0	0.0	Inf	Inf
GLTPD_f	xylu__L_c	-0.0	-10.03679221751304	0.0	-0.0	Inf
GLTPD_f	12ppd__R_e	-0.0	-1000.0	0.0	-0.0	Inf
GLTPD_f	12ppd__S_e	-0.0	-1000.0	0.0	-0.0	Inf
GLTPD_f	tre_c	-0.0	-5.01839610875652	0.0	-0.0	Inf
GLTPD_f	seln_c	0.0	0.0	0.0	Inf	Inf
GLTPD_f	34dhpac_e	-0.0	-1000.0	0.0	-0.0	Inf
GLTPD_f	slnt_c	0.0	0.0	0.0	Inf	Inf
GLTPD_f	so2_c	0.0	0.0	0.0	Inf	Inf
GLTPD_f	so3_c	-0.0	-0.20782159209439524	2.719505156253544	-0.0	0.0
GLTPD_f	so4_c	-0.0	-0.2114586711775246	54.39010312507089	-0.0	0.0
GLTPD_f	4hoxpacd_e	-0.0	-1000.0	0.0	-0.0	Inf
GLTPD_f	5mtr_e	-0.0	0.0	0.0	Inf	Inf
GLTPD_f	LalaDgluMdap_e	-0.0	-1000.0	0.0	-0.0	Inf
GLTPD_f	ac_e	-0.0	0.0	0.0	Inf	Inf
GLTPD_f	acald_e	-0.0	-1000.0	0.0	-0.0	Inf
GLTPD_f	acgal_e	-0.0	-1000.0	0.0	-0.0	Inf
GLTPD_f	acgam_e	-0.0	-1000.0	0.0	-0.0	Inf
GLTPD_f	acmana_e	-0.0	-1000.0	0.0	-0.0	Inf
GLTPD_f	tagur_c	-0.0	0.0	0.0	Inf	Inf
GLTPD_f	tartr__L_c	-0.0	-2.4811938869137773	0.0	-0.0	Inf
GLTPD_f	ade_e	-0.0	-1000.0	0.0	-0.0	Inf
GLTPD_f	adn_e	-0.0	-1000.0	0.0	-0.0	Inf
GLTPD_f	all__D_e	-0.0	-1000.0	0.0	-0.0	Inf
GLTPD_f	cl_e	-0.0	-0.0043639918460485205	999.995636008154	-0.0	0.0
GLTPD_f	alltn_e	-0.0	0.0	0.0	Inf	Inf
GLTPD_f	cm_e	-0.0	-1000.0	0.0	-0.0	Inf
GLTPD_f	co2_e	-0.0	-985.2159119683799	14.784088031620058	-0.0	0.0
GLTPD_f	arab__L_e	-0.0	-1000.0	0.0	-0.0	Inf
GLTPD_f	arbt_e	-0.0	-1000.0	0.0	-0.0	Inf
GLTPD_f	unagamu_c	-0.0	0.0	0.04136129515214517	Inf	0.0
GLTPD_f	crn_e	-0.0	-1000.0	0.0	-0.0	Inf
GLTPD_f	csn_e	-0.0	-1000.0	0.0	-0.0	Inf
GLTPD_f	cyan_e	-0.0	-1000.0	0.0	-0.0	Inf
GLTPD_f	glyb_e	-0.0	-1000.0	0.0	-0.0	Inf
GLTPD_f	glyc_e	-0.0	-75.77619610305638	1.1100021045932835	-0.0	0.0
GLTPD_f	cytd_e	-0.0	-1000.0	0.0	-0.0	Inf
GLTPD_f	ca2_e	-0.0	-0.0043639918460485205	999.995636008154	-0.0	0.0
GLTPD_f	dad_2_e	-0.0	-1000.0	0.0	-0.0	Inf
GLTPD_f	dcyt_e	-0.0	-1000.0	0.0	-0.0	Inf
GLTPD_f	chol_e	-0.0	-1000.0	0.0	-0.0	Inf
GLTPD_f	dha_e	-0.0	-1000.0	0.0	-0.0	Inf
GLTPD_f	ppal_e	-0.0	-1000.0	0.0	-0.0	Inf
GLTPD_f	h2_e	-0.0	-1000.0	0.0	-0.0	Inf
GLTPD_f	dms_e	-0.0	-1000.0	0.0	-0.0	Inf
GLTPD_f	dmso_e	-0.0	-1000.0	0.0	-0.0	Inf
GLTPD_f	h2o2_e	-0.0	-1000.0	0.0	-0.0	Inf
GLTPD_f	psclys_e	-0.0	-1000.0	0.0	-0.0	Inf
GLTPD_f	duri_e	-0.0	-1000.0	0.0	-0.0	Inf
GLTPD_f	pydx_e	-0.0	-1000.0	0.0	-0.0	Inf
GLTPD_f	pydxn_e	-0.0	-1000.0	0.0	-0.0	Inf
GLTPD_f	etoh_e	-0.0	-1000.0	0.0	-0.0	Inf
GLTPD_f	fald_e	-0.0	0.0	0.0	Inf	Inf
GLTPD_f	rib__D_e	-0.0	-1000.0	0.0	-0.0	Inf
GLTPD_f	rmn_e	-0.0	-1000.0	0.0	-0.0	Inf
GLTPD_f	indole_e	-0.0	-1000.0	0.0	-0.0	Inf
GLTPD_f	inost_e	-0.0	-1000.0	0.0	-0.0	Inf
GLTPD_f	sbt__D_e	-0.0	-4.2502819808431695	0.0	-0.0	Inf
GLTPD_f	k_e	-0.0	-0.1636543055515176	999.8363456944485	-0.0	0.0
GLTPD_f	for_e	-0.0	0.0	0.0020566516808361154	Inf	0.0
GLTPD_f	slnt_e	-0.0	0.0	1000.0	Inf	0.0
GLTPD_f	fru_e	-0.0	-1000.0	0.0	-0.0	Inf
GLTPD_f	so2_e	-0.0	-1000.0	0.0	-0.0	Inf
GLTPD_f	so3_e	-0.0	-1000.0	0.0	-0.0	Inf
GLTPD_f	so4_e	-0.0	-0.2114586711775246	999.7885413288225	-0.0	0.0
GLTPD_f	lipa_cold_e	-0.0	-1000.0	0.0	-0.0	Inf
GLTPD_f	sucr_e	-0.0	-1000.0	0.0	-0.0	Inf
GLTPD_f	g3pe_e	-0.0	-1000.0	0.0	-0.0	Inf
GLTPD_f	malt_e	-0.0	-1000.0	0.0	-0.0	Inf
GLTPD_f	tartr__L_e	-0.0	-1000.0	0.0	-0.0	Inf
GLTPD_f	g3pi_e	-0.0	-1000.0	0.0	-0.0	Inf
GLTPD_f	malthx_e	-0.0	-1000.0	0.0	-0.0	Inf
GLTPD_f	maltpt_e	-0.0	-1000.0	0.0	-0.0	Inf
GLTPD_f	gal_e	-0.0	-1000.0	0.0	-0.0	Inf
GLTPD_f	gal_bD_e	-0.0	-1000.0	0.0	-0.0	Inf
GLTPD_f	malttr_e	-0.0	-1000.0	0.0	-0.0	Inf
GLTPD_f	maltttr_e	-0.0	-1000.0	0.0	-0.0	Inf
GLTPD_f	man_e	-0.0	-1000.0	0.0	-0.0	Inf
GLTPD_f	thym_e	-0.0	-1000.0	0.0	-0.0	Inf
GLTPD_f	thymd_e	-0.0	-1000.0	0.0	-0.0	Inf
GLTPD_f	galt_e	-0.0	-4.2502819808431695	0.0	-0.0	Inf
GLTPD_f	melib_e	-0.0	-1000.0	0.0	-0.0	Inf
GLTPD_f	meoh_e	-0.0	-999.9999983231539	1.6768460682214936e-06	-0.0	0.0
GLTPD_f	tmao_e	-0.0	-1000.0	0.0	-0.0	Inf
GLTPD_f	tre_e	-0.0	-1000.0	0.0	-0.0	Inf
GLTPD_f	metsox_S__L_e	-0.0	-1000.0	0.0	-0.0	Inf
GLTPD_f	glc__D_e	-0.0	-1000.0	0.0	-0.0	Inf
GLTPD_f	mg2_e	-0.0	-0.007273319743376305	999.9927266802566	-0.0	0.0
GLTPD_f	mnl_e	-0.0	-1000.0	0.0	-0.0	Inf
GLTPD_f	mobd_e	-0.0	-0.00010815657026341796	999.9998918434297	-0.0	0.0
GLTPD_f	glyald_e	-0.0	-1000.0	0.0	-0.0	Inf
GLTPD_f	n2o_e	-0.0	-1000.0	0.0	-0.0	Inf
GLTPD_f	na1_e	-0.0	0.0	1000.0	Inf	0.0
GLTPD_f	nac_e	-0.0	-1000.0	0.0	-0.0	Inf
GLTPD_f	ni2_e	-0.0	-0.0002708106371756003	999.9997291893628	-0.0	0.0
GLTPD_f	no_e	-0.0	-1000.0	0.0	-0.0	Inf
GLTPD_f	no2_e	-0.0	-1000.0	0.0	-0.0	Inf
GLTPD_f	ura_e	-0.0	-1000.0	0.0	-0.0	Inf
GLTPD_f	no3_e	-0.0	-1000.0	0.0	-0.0	Inf
GLTPD_f	urea_e	-0.0	-1000.0	0.0	-0.0	Inf
GLTPD_f	novbcn_e	-0.0	-1000.0	0.0	-0.0	Inf
GLTPD_f	uri_e	-0.0	-1000.0	0.0	-0.0	Inf
GLTPD_f	o2_e	-0.0	-21.194972107682133	978.8050278923179	-0.0	0.0
GLTPD_f	xan_e	-0.0	0.0	0.0	Inf	Inf
GLTPD_f	xtsn_e	-0.0	-1000.0	0.0	-0.0	Inf
GLTPD_f	xyl__D_e	-0.0	-1000.0	0.0	-0.0	Inf
GLTPD_f	xylu__L_e	-0.0	-1000.0	0.0	-0.0	Inf
GLTPD_f	pacald_e	-0.0	-1000.0	0.0	-0.0	Inf
GLTPD_f	12dgr120_p	-0.0	0.0	0.0	Inf	Inf
GLTPD_f	12dgr140_p	-0.0	0.0	0.0	Inf	Inf
GLTPD_f	12dgr160_p	-0.0	0.0	0.0	Inf	Inf
GLTPD_f	12dgr180_p	-0.0	0.0	0.0	Inf	Inf
GLTPD_f	12ppd__R_p	-0.0	-1000.0	0.0	-0.0	Inf
GLTPD_f	12ppd__S_p	-0.0	0.0	0.0	Inf	Inf
GLTPD_f	chol_p	-0.0	-1000.0	0.0	-0.0	Inf
GLTPD_f	cl_p	-0.0	-0.0043639918460485205	999.995636008154	-0.0	0.0
GLTPD_f	34dhpac_p	-0.0	-1000.0	0.0	-0.0	Inf
GLTPD_f	cm_p	-0.0	0.0	0.0	Inf	Inf
GLTPD_f	4hoxpacd_p	-0.0	-1000.0	0.0	-0.0	Inf
GLTPD_f	co2_p	-0.0	-985.2159119683799	14.784088031620058	-0.0	0.0
GLTPD_f	5mtr_p	-0.0	0.0	0.0	Inf	Inf
GLTPD_f	LalaDgluMdap_p	-0.0	0.0	0.0	Inf	Inf
GLTPD_f	gal_p	-0.0	-1000.0	0.0	-0.0	Inf
GLTPD_f	ac_p	-0.0	-3.5569551867756672	0.0	-0.0	Inf
GLTPD_f	crn_p	-0.0	-1000.0	0.0	-0.0	Inf
GLTPD_f	gal_bD_p	-0.0	-1000.0	0.0	-0.0	Inf
GLTPD_f	acald_p	-0.0	-1000.0	0.0	-0.0	Inf
GLTPD_f	acgal_p	-0.0	-1000.0	0.0	-0.0	Inf
GLTPD_f	csn_p	-0.0	0.0	0.0	Inf	Inf
GLTPD_f	acgam_p	-0.0	-1000.0	0.0	-0.0	Inf
GLTPD_f	galt_p	-0.0	-4.2502819808431695	0.0	-0.0	Inf
GLTPD_f	acmana_p	-0.0	-1000.0	0.0	-0.0	Inf
GLTPD_f	cyan_p	-0.0	0.0	0.0	Inf	Inf
GLTPD_f	ade_p	-0.0	-1000.0	0.0	-0.0	Inf
GLTPD_f	adn_p	-0.0	0.0	0.0005642586959555764	Inf	0.0
GLTPD_f	cytd_p	-0.0	-0.13458785611495921	0.0	-0.0	Inf
GLTPD_f	glc__D_p	-0.0	-1000.0	0.0	-0.0	Inf
GLTPD_f	dad_2_p	-0.0	-1000.0	0.0	-0.0	Inf
GLTPD_f	dcyt_p	-0.0	-1000.0	0.0	-0.0	Inf
GLTPD_f	all__D_p	-0.0	0.0	0.0	Inf	Inf
GLTPD_f	alltn_p	-0.0	0.0	0.0	Inf	Inf
GLTPD_f	dha_p	-0.0	-1000.0	0.0	-0.0	Inf
GLTPD_f	glyald_p	-0.0	-1000.0	0.0	-0.0	Inf
GLTPD_f	glyb_p	0.0	0.0	0.0	Inf	Inf
GLTPD_f	dms_p	-0.0	-1000.0	0.0	-0.0	Inf
GLTPD_f	glyc_p	-0.0	-75.77619610305638	1.1100021045932835	-0.0	0.0
GLTPD_f	dmso_p	-0.0	-1000.0	0.0	-0.0	Inf
GLTPD_f	arab__L_p	-0.0	0.0	0.0	Inf	Inf
GLTPD_f	arbt_p	0.0	0.0	0.0	Inf	Inf
GLTPD_f	ca2_p	-0.0	-0.0043639918460485205	999.995636008154	-0.0	0.0
GLTPD_f	duri_p	-0.0	-1000.0	0.0	-0.0	Inf
GLTPD_f	h2_p	-0.0	-1000.0	0.0	-0.0	Inf
GLTPD_f	h2o2_p	-0.0	-1000.0	0.0	-0.0	Inf
GLTPD_f	etoh_p	-0.0	-1000.0	0.0	-0.0	Inf
GLTPD_f	fald_p	-0.0	0.0	0.0	Inf	Inf
GLTPD_f	n2o_p	-0.0	-1000.0	0.0	-0.0	Inf
GLTPD_f	na1_p	-0.0	0.0	0.0	Inf	Inf
GLTPD_f	indole_p	-0.0	0.0	0.37253495291144456	Inf	0.0
GLTPD_f	nac_p	-0.0	-1000.0	0.0	-0.0	Inf
GLTPD_f	ni2_p	-0.0	-0.0002708106371756003	999.9997291893628	-0.0	0.0
GLTPD_f	inost_p	-0.0	-1000.0	0.0	-0.0	Inf
GLTPD_f	no_p	-0.0	-1000.0	0.0	-0.0	Inf
GLTPD_f	no2_p	-0.0	-1000.0	0.0	-0.0	Inf
GLTPD_f	for_p	-0.0	0.0	0.0020566516808361154	Inf	0.0
GLTPD_f	fru_p	-0.0	-1000.0	0.0	-0.0	Inf
GLTPD_f	no3_p	-0.0	0.0	0.0	Inf	Inf
GLTPD_f	k_p	-0.0	-0.1636543055515176	999.8363456944485	-0.0	0.0
GLTPD_f	novbcn_p	-0.0	0.0	0.0	Inf	Inf
GLTPD_f	o2_p	-0.0	-21.194972107682133	978.8050278923179	-0.0	0.0
GLTPD_f	lipa_cold_p	-0.0	-13.597525781267722	0.0	-0.0	Inf
GLTPD_f	g3pe_p	-0.0	0.0	0.0	Inf	Inf
GLTPD_f	g3pi_p	-0.0	0.0	0.0	Inf	Inf
GLTPD_f	so3_p	-0.0	-1000.0	0.0	-0.0	Inf
GLTPD_f	so4_p	-0.0	-0.2114586711775246	999.7885413288225	-0.0	0.0
GLTPD_f	malt_p	0.0	0.0	0.0	Inf	Inf
GLTPD_f	malthx_p	0.0	0.0	0.0	Inf	Inf
GLTPD_f	maltpt_p	0.0	0.0	0.0	Inf	Inf
GLTPD_f	sucr_p	-0.0	-1000.0	0.0	-0.0	Inf
GLTPD_f	malttr_p	0.0	0.0	0.0	Inf	Inf
GLTPD_f	maltttr_p	0.0	0.0	0.0	Inf	Inf
GLTPD_f	pacald_p	-0.0	-1000.0	0.0	-0.0	Inf
GLTPD_f	man_p	-0.0	-1000.0	0.0	-0.0	Inf
GLTPD_f	tartr__L_p	-0.0	-1000.0	0.0	-0.0	Inf
GLTPD_f	pe120_p	-0.0	0.0	0.0	Inf	Inf
GLTPD_f	melib_p	-0.0	-1000.0	0.0	-0.0	Inf
GLTPD_f	meoh_p	-0.0	-999.9999983231539	1.6768460682214936e-06	-0.0	0.0
GLTPD_f	thym_p	-0.0	-1000.0	0.0	-0.0	Inf
GLTPD_f	thymd_p	-0.0	0.0	0.0	Inf	Inf
GLTPD_f	pg120_p	-0.0	-0.06524943351063117	0.0	-0.0	Inf
GLTPD_f	metsox_S__L_p	-0.0	-1000.0	0.0	-0.0	Inf
GLTPD_f	tmao_p	-0.0	-1000.0	0.0	-0.0	Inf
GLTPD_f	mg2_p	-0.0	-0.007273319743327578	999.9927266802566	-0.0	0.0
GLTPD_f	tre_p	-0.0	0.0	0.0	Inf	Inf
GLTPD_f	mnl_p	-0.0	0.0	0.0	Inf	Inf
GLTPD_f	mobd_p	-0.0	-0.00010815657026341796	999.9998918434297	-0.0	0.0
GLTPD_f	ura_p	-0.0	-1000.0	0.0	-0.0	Inf
GLTPD_f	urea_p	-0.0	0.0	2.590004910717663	Inf	0.0
GLTPD_f	uri_p	-0.0	0.0	0.0	Inf	Inf
GLTPD_f	xan_p	-0.0	-0.09156334015722223	0.0	-0.0	Inf
GLTPD_f	xtsn_p	-0.0	0.0	0.0	Inf	Inf
GLTPD_f	xyl__D_p	-0.0	0.0	0.0	Inf	Inf
GLTPD_f	xylu__L_p	-0.0	-1000.0	0.0	-0.0	Inf
GLTPD_f	ppal_p	-0.0	-1000.0	0.0	-0.0	Inf
GLTPD_f	psclys_p	-0.0	-1000.0	0.0	-0.0	Inf
GLTPD_f	pydx_p	-0.0	0.0	0.0	Inf	Inf
GLTPD_f	pydxn_p	-0.0	0.0	0.0	Inf	Inf
GLTPD_f	rib__D_p	-0.0	-1000.0	0.0	-0.0	Inf
GLTPD_f	rmn_p	-0.0	-1000.0	0.0	-0.0	Inf
GLTPD_f	sbt__D_p	-0.0	-4.2502819808431695	0.0	-0.0	Inf
GLTPD_f	slnt_p	-0.0	0.0	0.0	Inf	Inf
GLTPD_f	so2_p	-0.0	-1000.0	0.0	-0.0	Inf
