Reaction	Metabolite	ShadowPrice	G-	G+	DecrementalShadowPrice	IncrementalShadowPrice
GLYCLTtex_f	12dgr120_c	-0.0	0.0	0.0	Inf	Inf
GLYCLTtex_f	12dgr140_c	-0.0	0.0	0.0	Inf	Inf
GLYCLTtex_f	12dgr160_c	-0.0	-0.05350312692803527	0.0	-0.0	Inf
GLYCLTtex_f	12dgr180_c	-0.0	0.0	0.0	Inf	Inf
GLYCLTtex_f	12ppd__R_c	-0.0	-1000.0	0.0	-0.0	Inf
GLYCLTtex_f	12ppd__S_c	-0.0	0.0	0.0	Inf	Inf
GLYCLTtex_f	5drib_c	-0.0	-999.9998113548194	0.0001886451806626749	-0.0	0.0
GLYCLTtex_f	5mta_c	-0.0	0.0	0.0	Inf	Inf
GLYCLTtex_f	23dhacoa_c	-0.0	-0.000482931662872943	0.0	-0.0	Inf
GLYCLTtex_f	5mtr_c	-0.0	0.0	0.0	Inf	Inf
GLYCLTtex_f	3amac_c	-0.0	-7.703625269382381	0.0	-0.0	Inf
GLYCLTtex_f	LalaDgluMdap_c	-0.0	-0.023298099023352937	0.0	-0.0	Inf
GLYCLTtex_f	ac_c	-0.0	-3.55695518677544	1.9428328672053083	-0.0	0.0
GLYCLTtex_f	acald_c	-0.0	-3.55695518677544	1.5539535034203702	-0.0	0.0
GLYCLTtex_f	acetol_c	-0.0	0.0	0.0	Inf	Inf
GLYCLTtex_f	acgam_c	-0.0	-0.0792209148020156	0.0	-0.0	Inf
GLYCLTtex_f	acgam6p_c	-0.0	-0.0792209148020156	0.0	-0.0	Inf
GLYCLTtex_f	acmalt_c	0.0	0.0	0.0	Inf	Inf
GLYCLTtex_f	acmana_c	-0.0	-0.0792209148020156	0.0	-0.0	Inf
GLYCLTtex_f	2dmmq8_c	-0.0	0.0	0.0	Inf	Inf
GLYCLTtex_f	2dmmql8_c	0.0	0.0	0.0	Inf	Inf
GLYCLTtex_f	ade_c	-0.0	-0.09156334015881384	0.0005642586959555764	-0.0	0.0
GLYCLTtex_f	adn_c	-0.0	0.0	0.0005642586959555764	Inf	0.0
GLYCLTtex_f	3sala_c	0.0	0.0	0.0	Inf	Inf
GLYCLTtex_f	adphep_DD_c	-0.0	0.0	0.0	Inf	Inf
GLYCLTtex_f	adphep_LD_c	-0.0	0.0	0.0	Inf	Inf
GLYCLTtex_f	4ahmmp_c	0.0	0.0	0.0	Inf	Inf
GLYCLTtex_f	4crsol_c	-0.0	-999.9998130316654	0.00018696833461234	-0.0	0.0
GLYCLTtex_f	2ohph_c	-0.0	-0.00018696833461234	0.06083710583860507	-0.0	0.0
GLYCLTtex_f	2ombzl_c	-0.0	0.0	0.0	Inf	Inf
GLYCLTtex_f	2omhmbl_c	-0.0	0.0	0.0	Inf	Inf
GLYCLTtex_f	2ommbl_c	0.0	0.0	0.0	Inf	Inf
GLYCLTtex_f	2omph_c	-0.0	0.0	0.054552028705830424	Inf	0.0
GLYCLTtex_f	4mhetz_c	0.0	0.0	0.0	Inf	Inf
GLYCLTtex_f	2oph_c	-0.0	-0.00018696833461234	0.06083710583860507	-0.0	0.0
GLYCLTtex_f	2oxpaccoa_c	-0.0	-0.000482931662872943	0.0	-0.0	Inf
GLYCLTtex_f	all__D_c	-0.0	-10.036792217517247	0.0	-0.0	Inf
GLYCLTtex_f	alltn_c	-0.0	-1.9259063173455953	0.0	-0.0	Inf
GLYCLTtex_f	4r5au_c	-0.0	-0.0003739366693480406	0.3531712507773568	-0.0	0.0
GLYCLTtex_f	56dura_c	0.0	0.0	0.0	Inf	Inf
GLYCLTtex_f	arab__L_c	-0.0	-10.036792217517247	0.0	-0.0	Inf
GLYCLTtex_f	etoh_c	-0.0	-1000.0	0.0	-0.0	Inf
GLYCLTtex_f	csn_c	-0.0	0.0	0.15167491736826832	Inf	0.0
GLYCLTtex_f	fald_c	-0.0	0.0	0.0	Inf	Inf
GLYCLTtex_f	fc1p_c	-0.0	-0.8087688412002283	0.0	-0.0	Inf
GLYCLTtex_f	fcl__L_c	-0.0	0.0	0.0	Inf	Inf
GLYCLTtex_f	aso4_c	0.0	0.0	0.0	Inf	Inf
GLYCLTtex_f	cyan_c	0.0	0.0	0.0	Inf	Inf
GLYCLTtex_f	athtp_c	0.0	0.0	0.0	Inf	Inf
GLYCLTtex_f	cytd_c	-0.0	-0.13458785611495921	0.0	-0.0	Inf
GLYCLTtex_f	dad_2_c	-0.0	-0.09156334015881384	0.0	-0.0	Inf
GLYCLTtex_f	dad_5_c	-0.0	-0.09156334015881384	0.0001886451806626749	-0.0	0.0
GLYCLTtex_f	betald_c	0.0	0.0	0.0	Inf	Inf
GLYCLTtex_f	btal_c	-0.0	-530.4333727214183	0.0	-0.0	Inf
GLYCLTtex_f	for_c	-0.0	-0.09156334015881384	0.0020566516808361154	-0.0	0.0
GLYCLTtex_f	dcyt_c	-0.0	-0.02193817687653134	0.0	-0.0	Inf
GLYCLTtex_f	fru_c	-0.0	0.0	0.0	Inf	Inf
GLYCLTtex_f	ca2_c	-0.0	-0.0043639918460485205	999.995636008154	-0.0	0.0
GLYCLTtex_f	g3pe_c	-0.0	-0.8087688412002283	0.0	-0.0	Inf
GLYCLTtex_f	g3pi_c	0.0	0.0	0.0	Inf	Inf
GLYCLTtex_f	cbm_c	-0.0	-3.8518126346911905	0.0	-0.0	Inf
GLYCLTtex_f	dha_c	-0.0	-88.4055621202364	1.294961252850308	-0.0	0.0
GLYCLTtex_f	gal_c	-0.0	0.0	0.0	Inf	Inf
GLYCLTtex_f	dhgly_c	-0.0	-0.00018696833461234	0.23443264060221097	-0.0	0.0
GLYCLTtex_f	dhmptp_c	0.0	0.0	0.0	Inf	Inf
GLYCLTtex_f	gcald_c	-0.0	-2.4811938869141184	0.0005609050035673135	-0.0	0.0
GLYCLTtex_f	dhptd_c	-0.0	-53.32664225849567	0.0003756135152929015	-0.0	0.0
GLYCLTtex_f	cechddd_c	-0.0	0.0	0.0	Inf	Inf
GLYCLTtex_f	dhptdn_c	0.0	0.0	0.0	Inf	Inf
GLYCLTtex_f	chol_c	0.0	0.0	0.0	Inf	Inf
GLYCLTtex_f	chtbs6p_c	-0.0	0.0	0.0	Inf	Inf
GLYCLTtex_f	dmbzid_c	0.0	0.0	0.0	Inf	Inf
GLYCLTtex_f	dms_c	0.0	0.0	0.0	Inf	Inf
GLYCLTtex_f	dmso_c	0.0	0.0	0.0	Inf	Inf
GLYCLTtex_f	cl_c	-0.0	-0.0043639918459965465	999.995636008154	-0.0	0.0
GLYCLTtex_f	glc__D_c	-0.0	-10.036792217517247	0.0	-0.0	Inf
GLYCLTtex_f	co2_c	-0.0	-985.2159119683952	14.784088031604824	-0.0	0.0
GLYCLTtex_f	dscl_c	-0.0	-0.00018696833461234	0.06722913797245111	-0.0	0.0
GLYCLTtex_f	dtdp4aaddg_c	-0.0	0.0	0.0	Inf	Inf
GLYCLTtex_f	glyald_c	-0.0	-1000.0	0.0	-0.0	Inf
GLYCLTtex_f	crn_c	-0.0	-1000.0	0.0	-0.0	Inf
GLYCLTtex_f	duri_c	-0.0	-0.02193817687653134	0.0	-0.0	Inf
GLYCLTtex_f	glyb_c	0.0	0.0	0.0	Inf	Inf
GLYCLTtex_f	glyc_c	-0.0	-75.77619610305977	1.109966788157407	-0.0	0.0
GLYCLTtex_f	dxyl_c	0.0	0.0	0.0	Inf	Inf
GLYCLTtex_f	glycogen_c	-0.0	-10.036792217517247	0.0	-0.0	Inf
GLYCLTtex_f	gmhep1p_c	-0.0	0.0	0.5083025478477845	Inf	0.0
GLYCLTtex_f	lipa_cold_c	-0.0	0.0	0.0	Inf	Inf
GLYCLTtex_f	lipidA_c	-0.0	-0.016312358377657793	0.04095509986424168	-0.0	0.0
GLYCLTtex_f	malt_c	0.0	0.0	0.0	Inf	Inf
GLYCLTtex_f	h2_c	-0.0	0.0	0.0	Inf	Inf
GLYCLTtex_f	malthx_c	-0.0	0.0	0.0	Inf	Inf
GLYCLTtex_f	maltpt_c	-0.0	0.0	0.0	Inf	Inf
GLYCLTtex_f	malttr_c	-0.0	0.0	0.0	Inf	Inf
GLYCLTtex_f	maltttr_c	-0.0	0.0	0.0	Inf	Inf
GLYCLTtex_f	h2o2_c	-0.0	-0.0013632758387856774	0.8735420504291369	-0.0	0.0
GLYCLTtex_f	man_c	-0.0	0.0	0.0	Inf	Inf
GLYCLTtex_f	mdhdhf_c	-0.0	-53.32664225849567	0.0003756135152929015	-0.0	0.0
GLYCLTtex_f	melib_c	-0.0	0.0	0.0	Inf	Inf
GLYCLTtex_f	meoh_c	-0.0	-999.9999983231539	1.6768460682214936e-06	-0.0	0.0
GLYCLTtex_f	pacald_c	-0.0	-1000.0	0.0	-0.0	Inf
GLYCLTtex_f	metsox_S__L_c	-0.0	-0.09156334015881384	0.0	-0.0	Inf
GLYCLTtex_f	mg2_c	-0.0	-0.007273319743327578	999.9927266802566	-0.0	0.0
GLYCLTtex_f	hhlipa_c	-0.0	0.0	0.0	Inf	Inf
GLYCLTtex_f	pe120_c	-0.0	0.0	0.0	Inf	Inf
GLYCLTtex_f	mobd_c	-0.0	-0.00010815657024660028	13.597093154928233	-0.0	0.0
GLYCLTtex_f	hlipa_c	-0.0	0.0	0.0	Inf	Inf
GLYCLTtex_f	pg120_c	-0.0	-0.06524943351063117	0.0	-0.0	Inf
GLYCLTtex_f	mql8_c	0.0	0.0	0.0	Inf	Inf
GLYCLTtex_f	mqn8_c	-0.0	0.0	0.0	Inf	Inf
GLYCLTtex_f	mthgxl_c	-0.0	0.0	0.0	Inf	Inf
GLYCLTtex_f	hqn_c	0.0	0.0	0.0	Inf	Inf
GLYCLTtex_f	mththf_c	-0.0	-999.9996243864847	0.0003756135152929015	-0.0	0.0
GLYCLTtex_f	n2o_c	-0.0	-1000.0	0.0	-0.0	Inf
GLYCLTtex_f	na1_c	-0.0	0.0	0.0	Inf	Inf
GLYCLTtex_f	nac_c	-0.0	0.0	0.0	Inf	Inf
GLYCLTtex_f	ncam_c	-0.0	0.0	0.0	Inf	Inf
GLYCLTtex_f	ni2_c	-0.0	-0.0002708106371290844	999.9997291893628	-0.0	0.0
GLYCLTtex_f	no_c	-0.0	-1000.0	0.0	-0.0	Inf
GLYCLTtex_f	indole_c	-0.0	-0.04765848001959302	0.3699889293858024	-0.0	0.0
GLYCLTtex_f	no2_c	-0.0	-1000.0	0.0	-0.0	Inf
GLYCLTtex_f	no3_c	0.0	0.0	0.0	Inf	Inf
GLYCLTtex_f	inost_c	0.0	0.0	0.0	Inf	Inf
GLYCLTtex_f	o2_c	-0.0	-21.194972107670267	978.8050278923297	-0.0	0.0
GLYCLTtex_f	poaac_c	-0.0	-4.1837209707471485	0.0	-0.0	Inf
GLYCLTtex_f	ppal_c	-0.0	0.0	0.0	Inf	Inf
GLYCLTtex_f	k_c	-0.0	-0.16365430555150892	54.38837261971293	-0.0	0.0
GLYCLTtex_f	psclys_c	-0.0	0.0	0.0	Inf	Inf
GLYCLTtex_f	lald__D_c	-0.0	0.0	0.0	Inf	Inf
GLYCLTtex_f	lald__L_c	-0.0	-4.250281980843511	0.0	-0.0	Inf
GLYCLTtex_f	ura_c	-0.0	-0.02193817687653134	0.0	-0.0	Inf
GLYCLTtex_f	pydx_c	-0.0	0.0	0.46485788563857217	Inf	0.0
GLYCLTtex_f	uracp_c	-0.0	-4.527829766198693	0.0	-0.0	Inf
GLYCLTtex_f	pydxn_c	-0.0	0.0	0.4386159082234915	Inf	0.0
GLYCLTtex_f	urate_c	-0.0	-0.0013632758387856774	0.0	-0.0	Inf
GLYCLTtex_f	q8_c	-0.0	0.0	0.0	Inf	Inf
GLYCLTtex_f	q8h2_c	0.0	0.0	0.0	Inf	Inf
GLYCLTtex_f	urea_c	-0.0	-1000.0	0.0	-0.0	Inf
GLYCLTtex_f	uri_c	-0.0	0.0	0.0	Inf	Inf
GLYCLTtex_f	rbflvrd_c	-0.0	0.0	0.04578167007940692	Inf	0.0
GLYCLTtex_f	rbl__L_c	-0.0	-10.036792217517247	0.0	-0.0	Inf
GLYCLTtex_f	rdmbzi_c	0.0	0.0	0.0	Inf	Inf
GLYCLTtex_f	thptdn_c	0.0	0.0	0.0	Inf	Inf
GLYCLTtex_f	xan_c	-0.0	-0.09156334015881384	0.0	-0.0	Inf
GLYCLTtex_f	rephaccoa_c	-0.0	-0.000482931662872943	0.0	-0.0	Inf
GLYCLTtex_f	rib__D_c	-0.0	0.0	0.0	Inf	Inf
GLYCLTtex_f	xtsn_c	-0.0	0.0	0.0	Inf	Inf
GLYCLTtex_f	rml_c	-0.0	-4.250281980843511	0.0	-0.0	Inf
GLYCLTtex_f	thym_c	-0.0	-54.38837261971293	0.0	-0.0	Inf
GLYCLTtex_f	thymd_c	-0.0	-0.02193817687653134	0.0	-0.0	Inf
GLYCLTtex_f	xu5p__L_c	-0.0	-0.8087688412002283	0.0	-0.0	Inf
GLYCLTtex_f	rmn_c	-0.0	-4.250281980843511	0.0	-0.0	Inf
GLYCLTtex_f	xyl__D_c	0.0	0.0	0.0	Inf	Inf
GLYCLTtex_f	tmao_c	0.0	0.0	0.0	Inf	Inf
GLYCLTtex_f	xylu__D_c	-0.0	0.0	0.0	Inf	Inf
GLYCLTtex_f	xylu__L_c	-0.0	-10.036792217517247	0.0	-0.0	Inf
GLYCLTtex_f	12ppd__R_e	-0.0	-1000.0	0.0	-0.0	Inf
GLYCLTtex_f	12ppd__S_e	-0.0	-1000.0	0.0	-0.0	Inf
GLYCLTtex_f	tre_c	-0.0	-5.0183961087586235	0.0	-0.0	Inf
GLYCLTtex_f	seln_c	0.0	0.0	0.0	Inf	Inf
GLYCLTtex_f	34dhpac_e	-0.0	-1000.0	0.0	-0.0	Inf
GLYCLTtex_f	slnt_c	0.0	0.0	0.0	Inf	Inf
GLYCLTtex_f	so2_c	0.0	0.0	0.0	Inf	Inf
GLYCLTtex_f	so3_c	-0.0	-0.20782159209462261	2.7194186309856465	-0.0	0.0
GLYCLTtex_f	so4_c	-0.0	-0.21145867117775197	54.38837261971293	-0.0	0.0
GLYCLTtex_f	4hoxpacd_e	-0.0	-1000.0	0.0	-0.0	Inf
GLYCLTtex_f	5mtr_e	-0.0	0.0	0.0	Inf	Inf
GLYCLTtex_f	LalaDgluMdap_e	-0.0	-1000.0	0.0	-0.0	Inf
GLYCLTtex_f	ac_e	-0.0	0.0	0.0	Inf	Inf
GLYCLTtex_f	acald_e	-0.0	-1000.0	0.0	-0.0	Inf
GLYCLTtex_f	acgal_e	-0.0	-1000.0	0.0	-0.0	Inf
GLYCLTtex_f	acgam_e	-0.0	-1000.0	0.0	-0.0	Inf
GLYCLTtex_f	acmana_e	-0.0	-1000.0	0.0	-0.0	Inf
GLYCLTtex_f	tagur_c	-0.0	0.0	0.0	Inf	Inf
GLYCLTtex_f	tartr__L_c	-0.0	-2.4811938869141184	0.0	-0.0	Inf
GLYCLTtex_f	ade_e	-0.0	-1000.0	0.0	-0.0	Inf
GLYCLTtex_f	adn_e	-0.0	-1000.0	0.0	-0.0	Inf
GLYCLTtex_f	all__D_e	-0.0	-1000.0	0.0	-0.0	Inf
GLYCLTtex_f	cl_e	-0.0	-0.0043639918460485205	999.995636008154	-0.0	0.0
GLYCLTtex_f	alltn_e	-0.0	0.0	0.0	Inf	Inf
GLYCLTtex_f	cm_e	-0.0	-1000.0	0.0	-0.0	Inf
GLYCLTtex_f	co2_e	-0.0	-985.2159119683952	14.784088031604824	-0.0	0.0
GLYCLTtex_f	arab__L_e	-0.0	-1000.0	0.0	-0.0	Inf
GLYCLTtex_f	arbt_e	-0.0	-1000.0	0.0	-0.0	Inf
GLYCLTtex_f	unagamu_c	-0.0	0.0	0.04135997917848893	Inf	0.0
GLYCLTtex_f	crn_e	-0.0	-1000.0	0.0	-0.0	Inf
GLYCLTtex_f	csn_e	-0.0	-1000.0	0.0	-0.0	Inf
GLYCLTtex_f	cyan_e	-0.0	-1000.0	0.0	-0.0	Inf
GLYCLTtex_f	glyb_e	-0.0	-1000.0	0.0	-0.0	Inf
GLYCLTtex_f	glyc_e	-0.0	-75.77619610305977	1.109966788157407	-0.0	0.0
GLYCLTtex_f	cytd_e	-0.0	-1000.0	0.0	-0.0	Inf
GLYCLTtex_f	ca2_e	-0.0	-0.0043639918460485205	999.995636008154	-0.0	0.0
GLYCLTtex_f	dad_2_e	-0.0	-1000.0	0.0	-0.0	Inf
GLYCLTtex_f	dcyt_e	-0.0	-1000.0	0.0	-0.0	Inf
GLYCLTtex_f	chol_e	-0.0	-1000.0	0.0	-0.0	Inf
GLYCLTtex_f	dha_e	-0.0	-1000.0	0.0	-0.0	Inf
GLYCLTtex_f	ppal_e	-0.0	-1000.0	0.0	-0.0	Inf
GLYCLTtex_f	h2_e	-0.0	-1000.0	0.0	-0.0	Inf
GLYCLTtex_f	dms_e	-0.0	-1000.0	0.0	-0.0	Inf
GLYCLTtex_f	dmso_e	-0.0	-1000.0	0.0	-0.0	Inf
GLYCLTtex_f	h2o2_e	-0.0	-1000.0	0.0	-0.0	Inf
GLYCLTtex_f	psclys_e	-0.0	-1000.0	0.0	-0.0	Inf
GLYCLTtex_f	duri_e	-0.0	-1000.0	0.0	-0.0	Inf
GLYCLTtex_f	pydx_e	-0.0	-1000.0	0.0	-0.0	Inf
GLYCLTtex_f	pydxn_e	-0.0	-1000.0	0.0	-0.0	Inf
GLYCLTtex_f	etoh_e	-0.0	-1000.0	0.0	-0.0	Inf
GLYCLTtex_f	fald_e	-0.0	0.0	0.0	Inf	Inf
GLYCLTtex_f	rib__D_e	-0.0	-1000.0	0.0	-0.0	Inf
GLYCLTtex_f	rmn_e	-0.0	-1000.0	0.0	-0.0	Inf
GLYCLTtex_f	indole_e	-0.0	-1000.0	0.0	-0.0	Inf
GLYCLTtex_f	inost_e	-0.0	-1000.0	0.0	-0.0	Inf
GLYCLTtex_f	sbt__D_e	-0.0	-4.250281980843511	0.0	-0.0	Inf
GLYCLTtex_f	k_e	-0.0	-0.1636543055515176	999.8363456944485	-0.0	0.0
GLYCLTtex_f	for_e	-0.0	0.0	0.0020566516808361154	Inf	0.0
GLYCLTtex_f	slnt_e	-0.0	0.0	1000.0	Inf	0.0
GLYCLTtex_f	fru_e	-0.0	-1000.0	0.0	-0.0	Inf
GLYCLTtex_f	so2_e	-0.0	-1000.0	0.0	-0.0	Inf
GLYCLTtex_f	so3_e	-0.0	-1000.0	0.0	-0.0	Inf
GLYCLTtex_f	so4_e	-0.0	-0.21145867117775197	999.7885413288222	-0.0	0.0
GLYCLTtex_f	lipa_cold_e	-0.0	-1000.0	0.0	-0.0	Inf
GLYCLTtex_f	sucr_e	-0.0	-1000.0	0.0	-0.0	Inf
GLYCLTtex_f	g3pe_e	-0.0	-1000.0	0.0	-0.0	Inf
GLYCLTtex_f	malt_e	-0.0	-1000.0	0.0	-0.0	Inf
GLYCLTtex_f	tartr__L_e	-0.0	-1000.0	0.0	-0.0	Inf
GLYCLTtex_f	g3pi_e	-0.0	-1000.0	0.0	-0.0	Inf
GLYCLTtex_f	malthx_e	-0.0	-1000.0	0.0	-0.0	Inf
GLYCLTtex_f	maltpt_e	-0.0	-1000.0	0.0	-0.0	Inf
GLYCLTtex_f	gal_e	-0.0	-1000.0	0.0	-0.0	Inf
GLYCLTtex_f	gal_bD_e	-0.0	-1000.0	0.0	-0.0	Inf
GLYCLTtex_f	malttr_e	-0.0	-1000.0	0.0	-0.0	Inf
GLYCLTtex_f	maltttr_e	-0.0	-1000.0	0.0	-0.0	Inf
GLYCLTtex_f	man_e	-0.0	-1000.0	0.0	-0.0	Inf
GLYCLTtex_f	thym_e	-0.0	-1000.0	0.0	-0.0	Inf
GLYCLTtex_f	thymd_e	-0.0	-1000.0	0.0	-0.0	Inf
GLYCLTtex_f	galt_e	-0.0	-4.250281980843511	0.0	-0.0	Inf
GLYCLTtex_f	melib_e	-0.0	-1000.0	0.0	-0.0	Inf
GLYCLTtex_f	meoh_e	-0.0	-999.9999983231539	1.6768460682214936e-06	-0.0	0.0
GLYCLTtex_f	tmao_e	-0.0	-1000.0	0.0	-0.0	Inf
GLYCLTtex_f	tre_e	-0.0	-1000.0	0.0	-0.0	Inf
GLYCLTtex_f	metsox_S__L_e	-0.0	-1000.0	0.0	-0.0	Inf
GLYCLTtex_f	glc__D_e	-0.0	-1000.0	0.0	-0.0	Inf
GLYCLTtex_f	mg2_e	-0.0	-0.007273319743376305	999.9927266802566	-0.0	0.0
GLYCLTtex_f	mnl_e	-0.0	-1000.0	0.0	-0.0	Inf
GLYCLTtex_f	mobd_e	-0.0	-0.00010815657026341796	999.9998918434297	-0.0	0.0
GLYCLTtex_f	glyald_e	-0.0	-1000.0	0.0	-0.0	Inf
GLYCLTtex_f	n2o_e	-0.0	-1000.0	0.0	-0.0	Inf
GLYCLTtex_f	na1_e	-0.0	0.0	1000.0	Inf	0.0
GLYCLTtex_f	nac_e	-0.0	-1000.0	0.0	-0.0	Inf
GLYCLTtex_f	ni2_e	-0.0	-0.0002708106371756003	999.9997291893628	-0.0	0.0
GLYCLTtex_f	no_e	-0.0	-1000.0	0.0	-0.0	Inf
GLYCLTtex_f	no2_e	-0.0	-1000.0	0.0	-0.0	Inf
GLYCLTtex_f	ura_e	-0.0	-1000.0	0.0	-0.0	Inf
GLYCLTtex_f	no3_e	-0.0	-1000.0	0.0	-0.0	Inf
GLYCLTtex_f	urea_e	-0.0	-1000.0	0.0	-0.0	Inf
GLYCLTtex_f	novbcn_e	-0.0	-1000.0	0.0	-0.0	Inf
GLYCLTtex_f	uri_e	-0.0	-1000.0	0.0	-0.0	Inf
GLYCLTtex_f	o2_e	-0.0	-21.19497210767031	978.8050278923297	-0.0	0.0
GLYCLTtex_f	xan_e	-0.0	0.0	0.0	Inf	Inf
GLYCLTtex_f	xtsn_e	-0.0	-1000.0	0.0	-0.0	Inf
GLYCLTtex_f	xyl__D_e	-0.0	-1000.0	0.0	-0.0	Inf
GLYCLTtex_f	xylu__L_e	-0.0	-1000.0	0.0	-0.0	Inf
GLYCLTtex_f	pacald_e	-0.0	-1000.0	0.0	-0.0	Inf
GLYCLTtex_f	12dgr120_p	-0.0	0.0	0.0	Inf	Inf
GLYCLTtex_f	12dgr140_p	-0.0	0.0	0.0	Inf	Inf
GLYCLTtex_f	12dgr160_p	-0.0	-0.05350312692803527	0.0	-0.0	Inf
GLYCLTtex_f	12dgr180_p	-0.0	0.0	0.0	Inf	Inf
GLYCLTtex_f	12ppd__R_p	-0.0	-1000.0	0.0	-0.0	Inf
GLYCLTtex_f	12ppd__S_p	-0.0	0.0	0.0	Inf	Inf
GLYCLTtex_f	chol_p	-0.0	-1000.0	0.0	-0.0	Inf
GLYCLTtex_f	cl_p	-0.0	-0.0043639918460485205	999.995636008154	-0.0	0.0
GLYCLTtex_f	34dhpac_p	-0.0	-1000.0	0.0	-0.0	Inf
GLYCLTtex_f	cm_p	-0.0	0.0	0.0	Inf	Inf
GLYCLTtex_f	4hoxpacd_p	-0.0	-1000.0	0.0	-0.0	Inf
GLYCLTtex_f	co2_p	-0.0	-985.2159119683952	14.784088031604824	-0.0	0.0
GLYCLTtex_f	5mtr_p	-0.0	0.0	0.0	Inf	Inf
GLYCLTtex_f	LalaDgluMdap_p	-0.0	0.0	0.0	Inf	Inf
GLYCLTtex_f	gal_p	-0.0	-1000.0	0.0	-0.0	Inf
GLYCLTtex_f	ac_p	-0.0	-3.55695518677544	0.0	-0.0	Inf
GLYCLTtex_f	crn_p	-0.0	-1000.0	0.0	-0.0	Inf
GLYCLTtex_f	gal_bD_p	-0.0	-1000.0	0.0	-0.0	Inf
GLYCLTtex_f	acald_p	-0.0	-1000.0	0.0	-0.0	Inf
GLYCLTtex_f	acgal_p	-0.0	-1000.0	0.0	-0.0	Inf
GLYCLTtex_f	csn_p	-0.0	0.0	0.0	Inf	Inf
GLYCLTtex_f	acgam_p	-0.0	-1000.0	0.0	-0.0	Inf
GLYCLTtex_f	galt_p	-0.0	-4.250281980843511	0.0	-0.0	Inf
GLYCLTtex_f	acmana_p	-0.0	-1000.0	0.0	-0.0	Inf
GLYCLTtex_f	cyan_p	-0.0	0.0	0.0	Inf	Inf
GLYCLTtex_f	ade_p	-0.0	-1000.0	0.0	-0.0	Inf
GLYCLTtex_f	adn_p	-0.0	0.0	0.0005642586959555764	Inf	0.0
GLYCLTtex_f	cytd_p	-0.0	-0.13458785611495921	0.0	-0.0	Inf
GLYCLTtex_f	glc__D_p	-0.0	-1000.0	0.0	-0.0	Inf
GLYCLTtex_f	dad_2_p	-0.0	-1000.0	0.0	-0.0	Inf
GLYCLTtex_f	dcyt_p	-0.0	-1000.0	0.0	-0.0	Inf
GLYCLTtex_f	all__D_p	-0.0	0.0	0.0	Inf	Inf
GLYCLTtex_f	alltn_p	-0.0	0.0	0.0	Inf	Inf
GLYCLTtex_f	dha_p	-0.0	-1000.0	0.0	-0.0	Inf
GLYCLTtex_f	glyald_p	-0.0	-1000.0	0.0	-0.0	Inf
GLYCLTtex_f	glyb_p	0.0	0.0	0.0	Inf	Inf
GLYCLTtex_f	dms_p	-0.0	-1000.0	0.0	-0.0	Inf
GLYCLTtex_f	glyc_p	-0.0	-75.77619610305977	1.109966788157407	-0.0	0.0
GLYCLTtex_f	dmso_p	-0.0	-1000.0	0.0	-0.0	Inf
GLYCLTtex_f	arab__L_p	-0.0	0.0	0.0	Inf	Inf
GLYCLTtex_f	arbt_p	0.0	0.0	0.0	Inf	Inf
GLYCLTtex_f	ca2_p	-0.0	-0.0043639918460485205	999.995636008154	-0.0	0.0
GLYCLTtex_f	duri_p	-0.0	-1000.0	0.0	-0.0	Inf
GLYCLTtex_f	h2_p	-0.0	-1000.0	0.0	-0.0	Inf
GLYCLTtex_f	h2o2_p	-0.0	-1000.0	0.0	-0.0	Inf
GLYCLTtex_f	etoh_p	-0.0	-1000.0	0.0	-0.0	Inf
GLYCLTtex_f	fald_p	-0.0	0.0	0.0	Inf	Inf
GLYCLTtex_f	n2o_p	-0.0	-1000.0	0.0	-0.0	Inf
GLYCLTtex_f	na1_p	-0.0	0.0	0.0	Inf	Inf
GLYCLTtex_f	indole_p	-0.0	0.0	0.3725231001350202	Inf	0.0
GLYCLTtex_f	nac_p	-0.0	-1000.0	0.0	-0.0	Inf
GLYCLTtex_f	ni2_p	-0.0	-0.0002708106371756003	999.9997291893628	-0.0	0.0
GLYCLTtex_f	inost_p	-0.0	-1000.0	0.0	-0.0	Inf
GLYCLTtex_f	no_p	-0.0	-1000.0	0.0	-0.0	Inf
GLYCLTtex_f	no2_p	-0.0	-1000.0	0.0	-0.0	Inf
GLYCLTtex_f	for_p	-0.0	0.0	0.0020566516808361154	Inf	0.0
GLYCLTtex_f	fru_p	-0.0	-1000.0	0.0	-0.0	Inf
GLYCLTtex_f	no3_p	-0.0	0.0	0.0	Inf	Inf
GLYCLTtex_f	k_p	-0.0	-0.1636543055515176	999.8363456944485	-0.0	0.0
GLYCLTtex_f	novbcn_p	-0.0	0.0	0.0	Inf	Inf
GLYCLTtex_f	o2_p	-0.0	-21.19497210767031	978.8050278923297	-0.0	0.0
GLYCLTtex_f	lipa_cold_p	-0.0	-13.597093154928233	0.0	-0.0	Inf
GLYCLTtex_f	g3pe_p	-0.0	-0.8087688412002763	0.0	-0.0	Inf
GLYCLTtex_f	g3pi_p	-0.0	0.0	0.0	Inf	Inf
GLYCLTtex_f	so3_p	-0.0	-1000.0	0.0	-0.0	Inf
GLYCLTtex_f	so4_p	-0.0	-0.21145867117775197	999.7885413288222	-0.0	0.0
GLYCLTtex_f	malt_p	0.0	0.0	0.0	Inf	Inf
GLYCLTtex_f	malthx_p	0.0	0.0	0.0	Inf	Inf
GLYCLTtex_f	maltpt_p	0.0	0.0	0.0	Inf	Inf
GLYCLTtex_f	sucr_p	-0.0	-1000.0	0.0	-0.0	Inf
GLYCLTtex_f	malttr_p	0.0	0.0	0.0	Inf	Inf
GLYCLTtex_f	maltttr_p	0.0	0.0	0.0	Inf	Inf
GLYCLTtex_f	pacald_p	-0.0	-1000.0	0.0	-0.0	Inf
GLYCLTtex_f	man_p	-0.0	-1000.0	0.0	-0.0	Inf
GLYCLTtex_f	tartr__L_p	-0.0	-1000.0	0.0	-0.0	Inf
GLYCLTtex_f	pe120_p	-0.0	-0.06524943351063117	0.0	-0.0	Inf
GLYCLTtex_f	melib_p	-0.0	-1000.0	0.0	-0.0	Inf
GLYCLTtex_f	meoh_p	-0.0	-999.9999983231539	1.6768460682214936e-06	-0.0	0.0
GLYCLTtex_f	thym_p	-0.0	-1000.0	0.0	-0.0	Inf
GLYCLTtex_f	thymd_p	-0.0	-0.02193817687653134	0.0	-0.0	Inf
GLYCLTtex_f	pg120_p	-0.0	-0.06524943351063117	0.0	-0.0	Inf
GLYCLTtex_f	metsox_S__L_p	-0.0	-1000.0	0.0	-0.0	Inf
GLYCLTtex_f	tmao_p	-0.0	-1000.0	0.0	-0.0	Inf
GLYCLTtex_f	mg2_p	-0.0	-0.007273319743327578	999.9927266802566	-0.0	0.0
GLYCLTtex_f	tre_p	-0.0	0.0	0.0	Inf	Inf
GLYCLTtex_f	mnl_p	-0.0	0.0	0.0	Inf	Inf
GLYCLTtex_f	mobd_p	-0.0	-0.00010815657026341796	999.9998918434297	-0.0	0.0
GLYCLTtex_f	ura_p	-0.0	-1000.0	0.0	-0.0	Inf
GLYCLTtex_f	urea_p	-0.0	-1000.0	0.0	-0.0	Inf
GLYCLTtex_f	uri_p	-0.0	0.0	0.0	Inf	Inf
GLYCLTtex_f	xan_p	-0.0	-0.09156334015881384	0.0	-0.0	Inf
GLYCLTtex_f	xtsn_p	-0.0	0.0	0.0	Inf	Inf
GLYCLTtex_f	xyl__D_p	-0.0	0.0	0.0	Inf	Inf
GLYCLTtex_f	xylu__L_p	-0.0	-1000.0	0.0	-0.0	Inf
GLYCLTtex_f	ppal_p	-0.0	-1000.0	0.0	-0.0	Inf
GLYCLTtex_f	psclys_p	-0.0	-1000.0	0.0	-0.0	Inf
GLYCLTtex_f	pydx_p	-0.0	0.0	0.0	Inf	Inf
GLYCLTtex_f	pydxn_p	-0.0	0.0	0.0	Inf	Inf
GLYCLTtex_f	rib__D_p	-0.0	-1000.0	0.0	-0.0	Inf
GLYCLTtex_f	rmn_p	-0.0	-1000.0	0.0	-0.0	Inf
GLYCLTtex_f	sbt__D_p	-0.0	-4.250281980843511	0.0	-0.0	Inf
GLYCLTtex_f	slnt_p	-0.0	0.0	0.0	Inf	Inf
GLYCLTtex_f	so2_p	-0.0	-1000.0	0.0	-0.0	Inf
