Reaction	Metabolite	ShadowPrice	G-	G+	DecrementalShadowPrice	IncrementalShadowPrice
GLYCLTt2rpp_f	12dgr120_c	-0.0	0.0	0.0	Inf	Inf
GLYCLTt2rpp_f	12dgr140_c	-0.0	0.0	0.0	Inf	Inf
GLYCLTt2rpp_f	12dgr160_c	-0.0	-0.026587138166495387	0.0	-0.0	Inf
GLYCLTt2rpp_f	12dgr180_c	-0.0	0.0	0.0	Inf	Inf
GLYCLTt2rpp_f	12ppd__R_c	-0.0	-1000.0	0.0	-0.0	Inf
GLYCLTt2rpp_f	12ppd__S_c	-0.0	0.0	0.0	Inf	Inf
GLYCLTt2rpp_f	5drib_c	-0.0	-999.999907090422	9.290957800997386e-05	-0.0	0.0
GLYCLTt2rpp_f	5mta_c	-0.0	-0.046519784048769	0.0	-0.0	Inf
GLYCLTt2rpp_f	23dhacoa_c	-0.0	-0.00023998168944672216	0.0	-0.0	Inf
GLYCLTt2rpp_f	5mtr_c	-0.0	-631.0633669389895	0.0	-0.0	Inf
GLYCLTt2rpp_f	3amac_c	-0.0	-3.8281345941838705	0.0	-0.0	Inf
GLYCLTt2rpp_f	LalaDgluMdap_c	-0.0	-0.011577450016776472	0.0	-0.0	Inf
GLYCLTt2rpp_f	ac_c	-0.0	-3.8281345941838705	0.2427198147097161	-0.0	0.0
GLYCLTt2rpp_f	acald_c	-0.0	-1.2961938923072012	3.8608805448482713	-0.0	0.0
GLYCLTt2rpp_f	acetol_c	-0.0	0.0	0.000584538734690295	Inf	0.0
GLYCLTt2rpp_f	acgam_c	-0.0	-0.039366996444081925	0.0	-0.0	Inf
GLYCLTt2rpp_f	acgam6p_c	-0.0	-0.039366996444081925	0.0	-0.0	Inf
GLYCLTt2rpp_f	acmalt_c	0.0	0.0	0.0	Inf	Inf
GLYCLTt2rpp_f	acmana_c	-0.0	-0.039366996444081925	0.0	-0.0	Inf
GLYCLTt2rpp_f	2dmmq8_c	-0.0	0.0	0.0	Inf	Inf
GLYCLTt2rpp_f	2dmmql8_c	0.0	0.0	0.0	Inf	Inf
GLYCLTt2rpp_f	ade_c	-0.0	-0.046519784048769	0.0002787287340299216	-0.0	0.0
GLYCLTt2rpp_f	adn_c	-0.0	0.0	0.0002787287340299216	Inf	0.0
GLYCLTt2rpp_f	3sala_c	0.0	0.0	0.0	Inf	Inf
GLYCLTt2rpp_f	adphep_DD_c	-0.0	0.0	0.0	Inf	Inf
GLYCLTt2rpp_f	adphep_LD_c	-0.0	0.0	0.0	Inf	Inf
GLYCLTt2rpp_f	4ahmmp_c	0.0	0.0	0.0	Inf	Inf
GLYCLTt2rpp_f	4crsol_c	-0.0	-999.999907090422	9.290957800997386e-05	-0.0	0.0
GLYCLTt2rpp_f	2ohph_c	-0.0	-9.290957800997386e-05	0.2466565976867514	-0.0	0.0
GLYCLTt2rpp_f	2ombzl_c	-0.0	0.0	0.0	Inf	Inf
GLYCLTt2rpp_f	2omhmbl_c	-0.0	0.0	0.0	Inf	Inf
GLYCLTt2rpp_f	2ommbl_c	0.0	0.0	0.0	Inf	Inf
GLYCLTt2rpp_f	2omph_c	-0.0	0.0	0.2573920363232181	Inf	0.0
GLYCLTt2rpp_f	4mhetz_c	0.0	0.0	0.0	Inf	Inf
GLYCLTt2rpp_f	2oph_c	-0.0	-9.290957800997386e-05	0.2466565976867514	-0.0	0.0
GLYCLTt2rpp_f	2oxpaccoa_c	-0.0	-0.00023998168944672216	0.0	-0.0	Inf
GLYCLTt2rpp_f	all__D_c	-0.0	-0.3240484730768003	0.0	-0.0	Inf
GLYCLTt2rpp_f	alltn_c	-0.0	0.0	0.0	Inf	Inf
GLYCLTt2rpp_f	4r5au_c	-0.0	-0.00018581915660772903	0.12500145821815067	-0.0	0.0
GLYCLTt2rpp_f	56dura_c	0.0	0.0	0.0	Inf	Inf
GLYCLTt2rpp_f	arab__L_c	-0.0	-0.24665659768675138	0.0	-0.0	Inf
GLYCLTt2rpp_f	etoh_c	-0.0	-1000.0	0.0	-0.0	Inf
GLYCLTt2rpp_f	csn_c	-0.0	0.0	0.07537133277890007	Inf	0.0
GLYCLTt2rpp_f	fald_c	-0.0	0.0	0.0	Inf	Inf
GLYCLTt2rpp_f	fc1p_c	-0.0	-0.3240484730768003	0.0	-0.0	Inf
GLYCLTt2rpp_f	fcl__L_c	-0.0	0.0	0.0	Inf	Inf
GLYCLTt2rpp_f	aso4_c	0.0	0.0	0.0	Inf	Inf
GLYCLTt2rpp_f	cyan_c	0.0	0.0	0.0	Inf	Inf
GLYCLTt2rpp_f	athtp_c	0.0	0.0	0.0	Inf	Inf
GLYCLTt2rpp_f	cytd_c	-0.0	0.0	0.0	Inf	Inf
GLYCLTt2rpp_f	dad_2_c	-0.0	-0.046519784048769	0.0	-0.0	Inf
GLYCLTt2rpp_f	dad_5_c	-0.0	-0.046519784048769	9.290957800997386e-05	-0.0	0.0
GLYCLTt2rpp_f	betald_c	0.0	0.0	0.0	Inf	Inf
GLYCLTt2rpp_f	btal_c	-0.0	-126.21267338779789	0.0	-0.0	Inf
GLYCLTt2rpp_f	for_c	-0.0	-3.8281345941838705	0.0010220053600447847	-0.0	0.0
GLYCLTt2rpp_f	dcyt_c	-0.0	-0.01090166824303651	0.0	-0.0	Inf
GLYCLTt2rpp_f	fru_c	-0.0	0.0	0.0	Inf	Inf
GLYCLTt2rpp_f	ca2_c	-0.0	-0.0021685845450747365	631.0633669389895	-0.0	0.0
GLYCLTt2rpp_f	g3pe_c	-0.0	-0.057923913953231584	0.0	-0.0	Inf
GLYCLTt2rpp_f	g3pi_c	0.0	0.0	0.0	Inf	Inf
GLYCLTt2rpp_f	cbm_c	-0.0	-1.9140672970919352	0.0	-0.0	Inf
GLYCLTt2rpp_f	dha_c	-0.0	-0.6480969461536006	0.0	-0.0	Inf
GLYCLTt2rpp_f	gal_c	-0.0	0.0	0.0	Inf	Inf
GLYCLTt2rpp_f	dhgly_c	-0.0	-9.290957800997386e-05	0.5000058328726027	-0.0	0.0
GLYCLTt2rpp_f	dhmptp_c	0.0	0.0	0.0	Inf	Inf
GLYCLTt2rpp_f	gcald_c	-0.0	-1.2329709288838835	0.0002787287342016498	-0.0	0.0
GLYCLTt2rpp_f	dhptd_c	-0.0	-53.901053660361875	0.0001858191560199477	-0.0	0.0
GLYCLTt2rpp_f	cechddd_c	-0.0	0.0	0.0	Inf	Inf
GLYCLTt2rpp_f	dhptdn_c	0.0	0.0	0.0	Inf	Inf
GLYCLTt2rpp_f	chol_c	0.0	0.0	0.0	Inf	Inf
GLYCLTt2rpp_f	chtbs6p_c	-0.0	0.0	0.0	Inf	Inf
GLYCLTt2rpp_f	dmbzid_c	0.0	0.0	0.0	Inf	Inf
GLYCLTt2rpp_f	dms_c	0.0	0.0	0.0	Inf	Inf
GLYCLTt2rpp_f	dmso_c	0.0	0.0	0.0	Inf	Inf
GLYCLTt2rpp_f	cl_c	-0.0	-0.002168584545031004	999.9978314154549	-0.0	0.0
GLYCLTt2rpp_f	glc__D_c	-0.0	-0.3240484730768003	0.0	-0.0	Inf
GLYCLTt2rpp_f	co2_c	-0.0	-957.1021593352855	42.896818659354494	-0.0	0.0
GLYCLTt2rpp_f	dscl_c	-0.0	-9.290957800997386e-05	0.12500145821815067	-0.0	0.0
GLYCLTt2rpp_f	dtdp4aaddg_c	-0.0	0.0	0.0	Inf	Inf
GLYCLTt2rpp_f	glyald_c	-0.0	-1000.0	0.0	-0.0	Inf
GLYCLTt2rpp_f	crn_c	-0.0	-631.0633669389895	0.0	-0.0	Inf
GLYCLTt2rpp_f	duri_c	-0.0	-0.01090166824303651	0.0	-0.0	Inf
GLYCLTt2rpp_f	glyb_c	0.0	0.0	0.0	Inf	Inf
GLYCLTt2rpp_f	glyc_c	-0.0	-0.057923913953231584	0.0	-0.0	Inf
GLYCLTt2rpp_f	dxyl_c	0.0	0.0	0.0	Inf	Inf
GLYCLTt2rpp_f	glycogen_c	-0.0	-0.2592387784614402	0.0	-0.0	Inf
GLYCLTt2rpp_f	gmhep1p_c	-0.0	0.0	0.2466565976867514	Inf	0.0
GLYCLTt2rpp_f	lipa_cold_c	-0.0	0.0	0.0	Inf	Inf
GLYCLTt2rpp_f	lipidA_c	-0.0	-0.008106048205197865	0.13788859088743827	-0.0	0.0
GLYCLTt2rpp_f	malt_c	0.0	0.0	0.0	Inf	Inf
GLYCLTt2rpp_f	h2_c	-0.0	0.0	0.0	Inf	Inf
GLYCLTt2rpp_f	malthx_c	-0.0	0.0	0.0	Inf	Inf
GLYCLTt2rpp_f	maltpt_c	-0.0	0.0	0.0	Inf	Inf
GLYCLTt2rpp_f	malttr_c	-0.0	0.0	0.0	Inf	Inf
GLYCLTt2rpp_f	maltttr_c	-0.0	0.0	0.0	Inf	Inf
GLYCLTt2rpp_f	h2o2_c	-0.0	-0.000584538734690295	14.140793008010519	-0.0	0.0
GLYCLTt2rpp_f	man_c	-0.0	-0.3240484730768003	0.0	-0.0	Inf
GLYCLTt2rpp_f	mdhdhf_c	-0.0	-53.901053660361875	0.0001858191560199477	-0.0	0.0
GLYCLTt2rpp_f	melib_c	-0.0	0.0	0.0	Inf	Inf
GLYCLTt2rpp_f	meoh_c	-0.0	-1000.0	0.0	-0.0	Inf
GLYCLTt2rpp_f	pacald_c	-0.0	-631.0633669389895	0.0	-0.0	Inf
GLYCLTt2rpp_f	metsox_S__L_c	-0.0	-0.046519784048769	0.0	-0.0	Inf
GLYCLTt2rpp_f	mg2_c	-0.0	-0.0036143075750487696	315.53168346949474	-0.0	0.0
GLYCLTt2rpp_f	hhlipa_c	-0.0	0.0	0.0	Inf	Inf
GLYCLTt2rpp_f	pe120_c	-0.0	0.0	0.0	Inf	Inf
GLYCLTt2rpp_f	mobd_c	-0.0	-5.374589938693554e-05	92.23415826525263	-0.0	0.0
GLYCLTt2rpp_f	hlipa_c	-0.0	0.0	0.0	Inf	Inf
GLYCLTt2rpp_f	pg120_c	-0.0	0.0	0.0	Inf	Inf
GLYCLTt2rpp_f	mql8_c	0.0	0.0	0.0	Inf	Inf
GLYCLTt2rpp_f	mqn8_c	-0.0	0.0	0.0	Inf	Inf
GLYCLTt2rpp_f	mthgxl_c	-0.0	0.0	0.000584538734690295	Inf	0.0
GLYCLTt2rpp_f	hqn_c	0.0	0.0	0.0	Inf	Inf
GLYCLTt2rpp_f	mththf_c	-0.0	-999.9998141808439	0.0001858191560199477	-0.0	0.0
GLYCLTt2rpp_f	n2o_c	-0.0	-1000.0	0.0	-0.0	Inf
GLYCLTt2rpp_f	na1_c	-0.0	0.0	0.0	Inf	Inf
GLYCLTt2rpp_f	nac_c	-0.0	0.0	0.0	Inf	Inf
GLYCLTt2rpp_f	ncam_c	-0.0	0.0	0.0	Inf	Inf
GLYCLTt2rpp_f	ni2_c	-0.0	-0.00013457306590680673	999.9998654269341	-0.0	0.0
GLYCLTt2rpp_f	no_c	-0.0	-1000.0	0.0	-0.0	Inf
GLYCLTt2rpp_f	indole_c	-0.0	-0.023682776425206026	0.5000058328726027	-0.0	0.0
GLYCLTt2rpp_f	no2_c	-0.0	-631.0633669389895	0.0	-0.0	Inf
GLYCLTt2rpp_f	no3_c	0.0	0.0	0.0	Inf	Inf
GLYCLTt2rpp_f	inost_c	0.0	0.0	0.0	Inf	Inf
GLYCLTt2rpp_f	o2_c	-0.0	-42.0087834964919	957.9912165035081	-0.0	0.0
GLYCLTt2rpp_f	poaac_c	-0.0	-4.499994167127397	0.0	-0.0	Inf
GLYCLTt2rpp_f	ppal_c	-0.0	0.0	0.0	Inf	Inf
GLYCLTt2rpp_f	k_c	-0.0	-0.08132421193045047	368.9366330610105	-0.0	0.0
GLYCLTt2rpp_f	psclys_c	-0.0	0.0	0.0	Inf	Inf
GLYCLTt2rpp_f	lald__D_c	-0.0	0.0	0.000584538734690295	Inf	0.0
GLYCLTt2rpp_f	lald__L_c	-0.0	-1.2961938923072012	0.0	-0.0	Inf
GLYCLTt2rpp_f	ura_c	-0.0	0.0	0.0	Inf	Inf
GLYCLTt2rpp_f	pydx_c	-0.0	0.0	0.000584538734690295	Inf	0.0
GLYCLTt2rpp_f	uracp_c	-0.0	-2.2499970835636987	0.0	-0.0	Inf
GLYCLTt2rpp_f	pydxn_c	-0.0	0.0	0.2466565976867514	Inf	0.0
GLYCLTt2rpp_f	urate_c	-0.0	0.0	0.0	Inf	Inf
GLYCLTt2rpp_f	q8_c	-0.0	0.0	0.0	Inf	Inf
GLYCLTt2rpp_f	q8h2_c	0.0	0.0	0.0	Inf	Inf
GLYCLTt2rpp_f	urea_c	-0.0	-1000.0	0.0	-0.0	Inf
GLYCLTt2rpp_f	uri_c	-0.0	0.0	0.0	Inf	Inf
GLYCLTt2rpp_f	rbflvrd_c	-0.0	0.0	0.12500145821815073	Inf	0.0
GLYCLTt2rpp_f	rbl__L_c	-0.0	-0.24665659768675138	0.0	-0.0	Inf
GLYCLTt2rpp_f	rdmbzi_c	0.0	0.0	0.0	Inf	Inf
GLYCLTt2rpp_f	thptdn_c	0.0	0.0	0.0	Inf	Inf
GLYCLTt2rpp_f	xan_c	-0.0	-0.046519784048769	0.0	-0.0	Inf
GLYCLTt2rpp_f	rephaccoa_c	-0.0	-0.00023998168944672216	0.0	-0.0	Inf
GLYCLTt2rpp_f	rib__D_c	-0.0	0.0	4.021479537108825	Inf	0.0
GLYCLTt2rpp_f	xtsn_c	-0.0	0.0	0.0	Inf	Inf
GLYCLTt2rpp_f	rml_c	-0.0	-0.43206463076906704	0.0	-0.0	Inf
GLYCLTt2rpp_f	thym_c	-0.0	-368.9366330610105	0.0	-0.0	Inf
GLYCLTt2rpp_f	thymd_c	-0.0	-0.01090166824303651	0.0	-0.0	Inf
GLYCLTt2rpp_f	xu5p__L_c	-0.0	-0.24665659768675138	0.0	-0.0	Inf
GLYCLTt2rpp_f	rmn_c	-0.0	-0.43206463076906704	0.0	-0.0	Inf
GLYCLTt2rpp_f	xyl__D_c	0.0	0.0	0.0	Inf	Inf
GLYCLTt2rpp_f	tmao_c	0.0	0.0	0.0	Inf	Inf
GLYCLTt2rpp_f	xylu__D_c	-0.0	0.0	0.0	Inf	Inf
GLYCLTt2rpp_f	xylu__L_c	-0.0	-0.24665659768675138	0.0	-0.0	Inf
GLYCLTt2rpp_f	12ppd__R_e	-0.0	-1000.0	0.0	-0.0	Inf
GLYCLTt2rpp_f	12ppd__S_e	-0.0	-1000.0	0.0	-0.0	Inf
GLYCLTt2rpp_f	tre_c	-0.0	-0.16202423653840015	0.0	-0.0	Inf
GLYCLTt2rpp_f	seln_c	0.0	0.0	0.0	Inf	Inf
GLYCLTt2rpp_f	34dhpac_e	-0.0	-1000.0	0.0	-0.0	Inf
GLYCLTt2rpp_f	slnt_c	0.0	0.0	0.0	Inf	Inf
GLYCLTt2rpp_f	so2_c	0.0	0.0	0.0	Inf	Inf
GLYCLTt2rpp_f	so3_c	-0.0	-0.10327045417940058	7.7217610896965425	-0.0	0.0
GLYCLTt2rpp_f	so4_c	-0.0	-0.1050778162843659	368.9366330610105	-0.0	0.0
GLYCLTt2rpp_f	4hoxpacd_e	-0.0	-1000.0	0.0	-0.0	Inf
GLYCLTt2rpp_f	5mtr_e	-0.0	-1000.0	0.0	-0.0	Inf
GLYCLTt2rpp_f	LalaDgluMdap_e	-0.0	-1000.0	0.0	-0.0	Inf
GLYCLTt2rpp_f	ac_e	-0.0	0.0	0.0	Inf	Inf
GLYCLTt2rpp_f	acald_e	-0.0	-1000.0	0.0	-0.0	Inf
GLYCLTt2rpp_f	acgal_e	-0.0	-1000.0	0.0	-0.0	Inf
GLYCLTt2rpp_f	acgam_e	-0.0	-1000.0	0.0	-0.0	Inf
GLYCLTt2rpp_f	acmana_e	-0.0	-1000.0	0.0	-0.0	Inf
GLYCLTt2rpp_f	tagur_c	-0.0	0.0	0.0	Inf	Inf
GLYCLTt2rpp_f	tartr__L_c	-0.0	-0.6480969461536006	0.0	-0.0	Inf
GLYCLTt2rpp_f	ade_e	-0.0	-1000.0	0.0	-0.0	Inf
GLYCLTt2rpp_f	adn_e	-0.0	-1000.0	0.0	-0.0	Inf
GLYCLTt2rpp_f	all__D_e	-0.0	-1000.0	0.0	-0.0	Inf
GLYCLTt2rpp_f	cl_e	-0.0	-0.0021685845450747365	999.9978314154549	-0.0	0.0
GLYCLTt2rpp_f	alltn_e	-0.0	0.0	0.0	Inf	Inf
GLYCLTt2rpp_f	cm_e	-0.0	-1000.0	0.0	-0.0	Inf
GLYCLTt2rpp_f	co2_e	-0.0	-957.1021593352855	42.89784066471452	-0.0	0.0
GLYCLTt2rpp_f	arab__L_e	-0.0	-1000.0	0.0	-0.0	Inf
GLYCLTt2rpp_f	arbt_e	-0.0	-1000.0	0.0	-0.0	Inf
GLYCLTt2rpp_f	unagamu_c	-0.0	0.0	0.19799387409478314	Inf	0.0
GLYCLTt2rpp_f	crn_e	-0.0	-1000.0	0.0	-0.0	Inf
GLYCLTt2rpp_f	csn_e	-0.0	-1000.0	0.0	-0.0	Inf
GLYCLTt2rpp_f	cyan_e	-0.0	-1000.0	0.0	-0.0	Inf
GLYCLTt2rpp_f	glyb_e	-0.0	-1000.0	0.0	-0.0	Inf
GLYCLTt2rpp_f	glyc_e	-0.0	-1000.0	0.0	-0.0	Inf
GLYCLTt2rpp_f	cytd_e	-0.0	-1000.0	0.0	-0.0	Inf
GLYCLTt2rpp_f	ca2_e	-0.0	-0.0021685845450747365	999.9978314154549	-0.0	0.0
GLYCLTt2rpp_f	dad_2_e	-0.0	-1000.0	0.0	-0.0	Inf
GLYCLTt2rpp_f	dcyt_e	-0.0	-1000.0	0.0	-0.0	Inf
GLYCLTt2rpp_f	chol_e	-0.0	-1000.0	0.0	-0.0	Inf
GLYCLTt2rpp_f	dha_e	-0.0	-1000.0	0.0	-0.0	Inf
GLYCLTt2rpp_f	ppal_e	-0.0	-1000.0	0.0	-0.0	Inf
GLYCLTt2rpp_f	h2_e	-0.0	-1000.0	0.0	-0.0	Inf
GLYCLTt2rpp_f	dms_e	-0.0	-1000.0	0.0	-0.0	Inf
GLYCLTt2rpp_f	dmso_e	-0.0	-1000.0	0.0	-0.0	Inf
GLYCLTt2rpp_f	h2o2_e	-0.0	-1000.0	0.0	-0.0	Inf
GLYCLTt2rpp_f	psclys_e	-0.0	-1000.0	0.0	-0.0	Inf
GLYCLTt2rpp_f	duri_e	-0.0	-1000.0	0.0	-0.0	Inf
GLYCLTt2rpp_f	pydx_e	-0.0	-1000.0	0.0	-0.0	Inf
GLYCLTt2rpp_f	pydxn_e	-0.0	-1000.0	0.0	-0.0	Inf
GLYCLTt2rpp_f	etoh_e	-0.0	-1000.0	0.0	-0.0	Inf
GLYCLTt2rpp_f	fald_e	-0.0	0.0	0.0	Inf	Inf
GLYCLTt2rpp_f	rib__D_e	-0.0	-1000.0	0.0	-0.0	Inf
GLYCLTt2rpp_f	rmn_e	-0.0	-1000.0	0.0	-0.0	Inf
GLYCLTt2rpp_f	indole_e	-0.0	-1000.0	0.0	-0.0	Inf
GLYCLTt2rpp_f	inost_e	-0.0	-1000.0	0.0	-0.0	Inf
GLYCLTt2rpp_f	sbt__D_e	-0.0	-0.3240484730768003	0.0	-0.0	Inf
GLYCLTt2rpp_f	k_e	-0.0	-0.08132421193045047	999.9186757880695	-0.0	0.0
GLYCLTt2rpp_f	for_e	-0.0	0.0	0.0010220053600447847	Inf	0.0
GLYCLTt2rpp_f	slnt_e	-0.0	0.0	1000.0	Inf	0.0
GLYCLTt2rpp_f	fru_e	-0.0	-1000.0	0.0	-0.0	Inf
GLYCLTt2rpp_f	so2_e	-0.0	-1000.0	0.0	-0.0	Inf
GLYCLTt2rpp_f	so3_e	-0.0	-1000.0	0.0	-0.0	Inf
GLYCLTt2rpp_f	so4_e	-0.0	-0.10507781628439261	999.8949221837156	-0.0	0.0
GLYCLTt2rpp_f	lipa_cold_e	-0.0	-1000.0	0.0	-0.0	Inf
GLYCLTt2rpp_f	sucr_e	-0.0	-1000.0	0.0	-0.0	Inf
GLYCLTt2rpp_f	g3pe_e	-0.0	-1000.0	0.0	-0.0	Inf
GLYCLTt2rpp_f	malt_e	-0.0	-1000.0	0.0	-0.0	Inf
GLYCLTt2rpp_f	tartr__L_e	-0.0	-1000.0	0.0	-0.0	Inf
GLYCLTt2rpp_f	g3pi_e	-0.0	-1000.0	0.0	-0.0	Inf
GLYCLTt2rpp_f	malthx_e	-0.0	-1000.0	0.0	-0.0	Inf
GLYCLTt2rpp_f	maltpt_e	-0.0	-1000.0	0.0	-0.0	Inf
GLYCLTt2rpp_f	gal_e	-0.0	-1000.0	0.0	-0.0	Inf
GLYCLTt2rpp_f	gal_bD_e	-0.0	-1000.0	0.0	-0.0	Inf
GLYCLTt2rpp_f	malttr_e	-0.0	-1000.0	0.0	-0.0	Inf
GLYCLTt2rpp_f	maltttr_e	-0.0	-1000.0	0.0	-0.0	Inf
GLYCLTt2rpp_f	man_e	-0.0	-1000.0	0.0	-0.0	Inf
GLYCLTt2rpp_f	thym_e	-0.0	-1000.0	0.0	-0.0	Inf
GLYCLTt2rpp_f	thymd_e	-0.0	-1000.0	0.0	-0.0	Inf
GLYCLTt2rpp_f	galt_e	-0.0	-0.3240484730768003	0.0	-0.0	Inf
GLYCLTt2rpp_f	melib_e	-0.0	-1000.0	0.0	-0.0	Inf
GLYCLTt2rpp_f	meoh_e	-0.0	-1000.0	0.0	-0.0	Inf
GLYCLTt2rpp_f	tmao_e	-0.0	-1000.0	0.0	-0.0	Inf
GLYCLTt2rpp_f	tre_e	-0.0	-1000.0	0.0	-0.0	Inf
GLYCLTt2rpp_f	metsox_S__L_e	-0.0	-1000.0	0.0	-0.0	Inf
GLYCLTt2rpp_f	glc__D_e	-0.0	-0.3240484730768003	3.8608805448482713	-0.0	0.0
GLYCLTt2rpp_f	mg2_e	-0.0	-0.0036143075750487696	999.996385692425	-0.0	0.0
GLYCLTt2rpp_f	mnl_e	-0.0	-1000.0	0.0	-0.0	Inf
GLYCLTt2rpp_f	mobd_e	-0.0	-5.374589943585306e-05	999.9999462541006	-0.0	0.0
GLYCLTt2rpp_f	glyald_e	-0.0	-1000.0	0.0	-0.0	Inf
GLYCLTt2rpp_f	n2o_e	-0.0	-1000.0	0.0	-0.0	Inf
GLYCLTt2rpp_f	na1_e	-0.0	0.0	1000.0	Inf	0.0
GLYCLTt2rpp_f	nac_e	-0.0	-1000.0	0.0	-0.0	Inf
GLYCLTt2rpp_f	ni2_e	-0.0	-0.00013457306590680673	999.9998654269341	-0.0	0.0
GLYCLTt2rpp_f	no_e	-0.0	-1000.0	0.0	-0.0	Inf
GLYCLTt2rpp_f	no2_e	-0.0	-1000.0	0.0	-0.0	Inf
GLYCLTt2rpp_f	ura_e	-0.0	-1000.0	0.0	-0.0	Inf
GLYCLTt2rpp_f	no3_e	-0.0	-1000.0	0.0	-0.0	Inf
GLYCLTt2rpp_f	urea_e	-0.0	-1000.0	0.0	-0.0	Inf
GLYCLTt2rpp_f	novbcn_e	-0.0	-1000.0	0.0	-0.0	Inf
GLYCLTt2rpp_f	uri_e	-0.0	-1000.0	0.0	-0.0	Inf
GLYCLTt2rpp_f	o2_e	-0.0	-42.0087834964919	957.9912165035081	-0.0	0.0
GLYCLTt2rpp_f	xan_e	-0.0	0.0	0.0	Inf	Inf
GLYCLTt2rpp_f	xtsn_e	-0.0	-1000.0	0.0	-0.0	Inf
GLYCLTt2rpp_f	xyl__D_e	-0.0	-1000.0	0.0	-0.0	Inf
GLYCLTt2rpp_f	xylu__L_e	-0.0	-1000.0	0.0	-0.0	Inf
GLYCLTt2rpp_f	pacald_e	-0.0	-1000.0	0.0	-0.0	Inf
GLYCLTt2rpp_f	12dgr120_p	-0.0	0.0	0.0	Inf	Inf
GLYCLTt2rpp_f	12dgr140_p	-0.0	0.0	0.0	Inf	Inf
GLYCLTt2rpp_f	12dgr160_p	-0.0	-0.026587138166495387	0.0	-0.0	Inf
GLYCLTt2rpp_f	12dgr180_p	-0.0	0.0	0.0	Inf	Inf
GLYCLTt2rpp_f	12ppd__R_p	-0.0	-1000.0	0.0	-0.0	Inf
GLYCLTt2rpp_f	12ppd__S_p	-0.0	0.0	0.0	Inf	Inf
GLYCLTt2rpp_f	chol_p	-0.0	-1000.0	0.0	-0.0	Inf
GLYCLTt2rpp_f	cl_p	-0.0	-0.0021685845450747365	999.9978314154549	-0.0	0.0
GLYCLTt2rpp_f	34dhpac_p	-0.0	-1000.0	0.0	-0.0	Inf
GLYCLTt2rpp_f	cm_p	-0.0	0.0	0.0	Inf	Inf
GLYCLTt2rpp_f	4hoxpacd_p	-0.0	-1000.0	0.0	-0.0	Inf
GLYCLTt2rpp_f	co2_p	-0.0	-957.1021593352855	42.89784066471452	-0.0	0.0
GLYCLTt2rpp_f	5mtr_p	-0.0	-1000.0	0.0	-0.0	Inf
GLYCLTt2rpp_f	LalaDgluMdap_p	-0.0	0.0	0.0	Inf	Inf
GLYCLTt2rpp_f	gal_p	-0.0	-1000.0	0.0	-0.0	Inf
GLYCLTt2rpp_f	ac_p	-0.0	-3.8281345941838705	0.0	-0.0	Inf
GLYCLTt2rpp_f	crn_p	-0.0	-1000.0	0.0	-0.0	Inf
GLYCLTt2rpp_f	gal_bD_p	-0.0	-1000.0	0.0	-0.0	Inf
GLYCLTt2rpp_f	acald_p	-0.0	-1000.0	0.0	-0.0	Inf
GLYCLTt2rpp_f	acgal_p	-0.0	-1000.0	0.0	-0.0	Inf
GLYCLTt2rpp_f	csn_p	-0.0	0.0	0.0	Inf	Inf
GLYCLTt2rpp_f	acgam_p	-0.0	-1000.0	0.0	-0.0	Inf
GLYCLTt2rpp_f	galt_p	-0.0	-0.3240484730768003	0.0	-0.0	Inf
GLYCLTt2rpp_f	acmana_p	-0.0	-1000.0	0.0	-0.0	Inf
GLYCLTt2rpp_f	cyan_p	-0.0	0.0	0.0	Inf	Inf
GLYCLTt2rpp_f	ade_p	-0.0	-1000.0	0.0	-0.0	Inf
GLYCLTt2rpp_f	adn_p	-0.0	0.0	0.0002787287340299216	Inf	0.0
GLYCLTt2rpp_f	cytd_p	-0.0	0.0	0.0	Inf	Inf
GLYCLTt2rpp_f	glc__D_p	-0.0	-0.3240484730768003	3.8608805448482713	-0.0	0.0
GLYCLTt2rpp_f	dad_2_p	-0.0	-1000.0	0.0	-0.0	Inf
GLYCLTt2rpp_f	dcyt_p	-0.0	-1000.0	0.0	-0.0	Inf
GLYCLTt2rpp_f	all__D_p	-0.0	0.0	0.0	Inf	Inf
GLYCLTt2rpp_f	alltn_p	-0.0	0.0	0.0	Inf	Inf
GLYCLTt2rpp_f	dha_p	-0.0	-1000.0	0.0	-0.0	Inf
GLYCLTt2rpp_f	glyald_p	-0.0	-1000.0	0.0	-0.0	Inf
GLYCLTt2rpp_f	glyb_p	0.0	0.0	0.0	Inf	Inf
GLYCLTt2rpp_f	dms_p	-0.0	-1000.0	0.0	-0.0	Inf
GLYCLTt2rpp_f	glyc_p	-0.0	-0.057923913953231584	0.0	-0.0	Inf
GLYCLTt2rpp_f	dmso_p	-0.0	-1000.0	0.0	-0.0	Inf
GLYCLTt2rpp_f	arab__L_p	-0.0	0.0	0.0	Inf	Inf
GLYCLTt2rpp_f	arbt_p	0.0	0.0	0.0	Inf	Inf
GLYCLTt2rpp_f	ca2_p	-0.0	-0.0021685845450747365	999.9978314154549	-0.0	0.0
GLYCLTt2rpp_f	duri_p	-0.0	-1000.0	0.0	-0.0	Inf
GLYCLTt2rpp_f	h2_p	-0.0	-1000.0	0.0	-0.0	Inf
GLYCLTt2rpp_f	h2o2_p	-0.0	-1000.0	0.0	-0.0	Inf
GLYCLTt2rpp_f	etoh_p	-0.0	-1000.0	0.0	-0.0	Inf
GLYCLTt2rpp_f	fald_p	-0.0	0.0	0.0	Inf	Inf
GLYCLTt2rpp_f	n2o_p	-0.0	-1000.0	0.0	-0.0	Inf
GLYCLTt2rpp_f	na1_p	-0.0	0.0	0.0	Inf	Inf
GLYCLTt2rpp_f	indole_p	-0.0	0.0	0.5000058328726027	Inf	0.0
GLYCLTt2rpp_f	nac_p	-0.0	-1000.0	0.0	-0.0	Inf
GLYCLTt2rpp_f	ni2_p	-0.0	-0.00013457306590680673	999.9998654269341	-0.0	0.0
GLYCLTt2rpp_f	inost_p	-0.0	-1000.0	0.0	-0.0	Inf
GLYCLTt2rpp_f	no_p	-0.0	-1000.0	0.0	-0.0	Inf
GLYCLTt2rpp_f	no2_p	-0.0	-1000.0	0.0	-0.0	Inf
GLYCLTt2rpp_f	for_p	-0.0	-3.8281345941838705	0.0010220053600447847	-0.0	0.0
GLYCLTt2rpp_f	fru_p	-0.0	-1000.0	0.0	-0.0	Inf
GLYCLTt2rpp_f	no3_p	-0.0	0.0	0.0	Inf	Inf
GLYCLTt2rpp_f	k_p	-0.0	-0.08132421193045047	999.9186757880695	-0.0	0.0
GLYCLTt2rpp_f	novbcn_p	-0.0	0.0	0.0	Inf	Inf
GLYCLTt2rpp_f	o2_p	-0.0	-42.0087834964919	957.9912165035081	-0.0	0.0
GLYCLTt2rpp_f	lipa_cold_p	-0.0	-92.23415826525263	0.0	-0.0	Inf
GLYCLTt2rpp_f	g3pe_p	-0.0	-0.057923913953231584	0.0	-0.0	Inf
GLYCLTt2rpp_f	g3pi_p	-0.0	0.0	0.0	Inf	Inf
GLYCLTt2rpp_f	so3_p	-0.0	-1000.0	0.0	-0.0	Inf
GLYCLTt2rpp_f	so4_p	-0.0	-0.1050778162843659	999.8949221837156	-0.0	0.0
GLYCLTt2rpp_f	malt_p	0.0	0.0	0.0	Inf	Inf
GLYCLTt2rpp_f	malthx_p	0.0	0.0	0.0	Inf	Inf
GLYCLTt2rpp_f	maltpt_p	0.0	0.0	0.0	Inf	Inf
GLYCLTt2rpp_f	sucr_p	-0.0	-1000.0	0.0	-0.0	Inf
GLYCLTt2rpp_f	malttr_p	0.0	0.0	0.0	Inf	Inf
GLYCLTt2rpp_f	maltttr_p	0.0	0.0	0.0	Inf	Inf
GLYCLTt2rpp_f	pacald_p	-0.0	-1000.0	0.0	-0.0	Inf
GLYCLTt2rpp_f	man_p	-0.0	-1000.0	0.0	-0.0	Inf
GLYCLTt2rpp_f	tartr__L_p	-0.0	-1000.0	0.0	-0.0	Inf
GLYCLTt2rpp_f	pe120_p	-0.0	0.0	0.0	Inf	Inf
GLYCLTt2rpp_f	melib_p	-0.0	-1000.0	0.0	-0.0	Inf
GLYCLTt2rpp_f	meoh_p	-0.0	-1000.0	0.0	-0.0	Inf
GLYCLTt2rpp_f	thym_p	-0.0	-1000.0	0.0	-0.0	Inf
GLYCLTt2rpp_f	thymd_p	-0.0	-0.01090166824303651	0.0	-0.0	Inf
GLYCLTt2rpp_f	pg120_p	-0.0	0.0	0.0	Inf	Inf
GLYCLTt2rpp_f	metsox_S__L_p	-0.0	-1000.0	0.0	-0.0	Inf
GLYCLTt2rpp_f	tmao_p	-0.0	-1000.0	0.0	-0.0	Inf
GLYCLTt2rpp_f	mg2_p	-0.0	-0.0036143075750487696	999.996385692425	-0.0	0.0
GLYCLTt2rpp_f	tre_p	-0.0	0.0	0.0	Inf	Inf
GLYCLTt2rpp_f	mnl_p	-0.0	0.0	0.0	Inf	Inf
GLYCLTt2rpp_f	mobd_p	-0.0	-5.374589943585306e-05	999.9999462541006	-0.0	0.0
GLYCLTt2rpp_f	ura_p	-0.0	-1000.0	0.0	-0.0	Inf
GLYCLTt2rpp_f	urea_p	-0.0	-1000.0	0.0	-0.0	Inf
GLYCLTt2rpp_f	uri_p	-0.0	0.0	0.0	Inf	Inf
GLYCLTt2rpp_f	xan_p	-0.0	-0.046519784048769	0.0	-0.0	Inf
GLYCLTt2rpp_f	xtsn_p	-0.0	0.0	0.0	Inf	Inf
GLYCLTt2rpp_f	xyl__D_p	-0.0	0.0	0.0	Inf	Inf
GLYCLTt2rpp_f	xylu__L_p	-0.0	-1000.0	0.0	-0.0	Inf
GLYCLTt2rpp_f	ppal_p	-0.0	-1000.0	0.0	-0.0	Inf
GLYCLTt2rpp_f	psclys_p	-0.0	-1000.0	0.0	-0.0	Inf
GLYCLTt2rpp_f	pydx_p	-0.0	0.0	0.0	Inf	Inf
GLYCLTt2rpp_f	pydxn_p	-0.0	0.0	0.0	Inf	Inf
GLYCLTt2rpp_f	rib__D_p	-0.0	-1000.0	0.0	-0.0	Inf
GLYCLTt2rpp_f	rmn_p	-0.0	-1000.0	0.0	-0.0	Inf
GLYCLTt2rpp_f	sbt__D_p	-0.0	-0.3240484730768003	0.0	-0.0	Inf
GLYCLTt2rpp_f	slnt_p	-0.0	0.0	0.0	Inf	Inf
GLYCLTt2rpp_f	so2_p	-0.0	-1000.0	0.0	-0.0	Inf
