Reaction	Metabolite	ShadowPrice	G-	G+	DecrementalShadowPrice	IncrementalShadowPrice
FALDH2_f	12dgr120_c	-0.0	0.0	0.0	Inf	Inf
FALDH2_f	12dgr140_c	-0.0	0.0	0.0	Inf	Inf
FALDH2_f	12dgr160_c	-0.0	-0.05641860126825807	0.0	-0.0	Inf
FALDH2_f	12dgr180_c	-0.0	0.0	0.0	Inf	Inf
FALDH2_f	12ppd__R_c	-0.0	-1000.0	0.0	-0.0	Inf
FALDH2_f	12ppd__S_c	-0.0	0.0	0.0	Inf	Inf
FALDH2_f	5drib_c	-0.0	-999.9998010752298	0.0001989247701971051	-0.0	0.0
FALDH2_f	5mta_c	-0.0	0.0	0.0	Inf	Inf
FALDH2_f	23dhacoa_c	-0.0	-0.0005092474108225886	0.0	-0.0	Inf
FALDH2_f	5mtr_c	-0.0	0.0	0.0	Inf	Inf
FALDH2_f	3amac_c	-0.0	-8.130311749898143	0.0	-0.0	Inf
FALDH2_f	LalaDgluMdap_c	-0.0	-0.02456765117438736	0.0	-0.0	Inf
FALDH2_f	ac_c	-0.0	-8.130311749895066	0.5150613196540235	-0.0	0.0
FALDH2_f	acald_c	-0.0	0.0	2.471514564035117	Inf	0.0
FALDH2_f	acetol_c	-0.0	0.0	0.0	Inf	Inf
FALDH2_f	acgam_c	-0.0	-0.08353779416169131	0.0	-0.0	Inf
FALDH2_f	acgam6p_c	-0.0	-0.08353779416169131	0.0	-0.0	Inf
FALDH2_f	acmalt_c	0.0	0.0	0.0	Inf	Inf
FALDH2_f	acmana_c	-0.0	-0.08353779416169131	0.0	-0.0	Inf
FALDH2_f	2dmmq8_c	-0.0	0.0	0.0	Inf	Inf
FALDH2_f	2dmmql8_c	0.0	0.0	0.0	Inf	Inf
FALDH2_f	ade_c	-0.0	-0.09655277880233336	0.0005950060903909933	-0.0	0.0
FALDH2_f	adn_c	-0.0	0.0	0.0005950060903909933	Inf	0.0
FALDH2_f	3sala_c	0.0	0.0	0.0	Inf	Inf
FALDH2_f	adphep_DD_c	-0.0	0.0	0.0	Inf	Inf
FALDH2_f	adphep_LD_c	-0.0	0.0	0.0	Inf	Inf
FALDH2_f	4ahmmp_c	0.0	0.0	0.0	Inf	Inf
FALDH2_f	4crsol_c	-0.0	-999.99980284345	0.00019715655001757528	-0.0	0.0
FALDH2_f	2ohph_c	-0.0	-0.00019715655001757528	0.0925853530751979	-0.0	0.0
FALDH2_f	2ombzl_c	-0.0	0.0	0.0	Inf	Inf
FALDH2_f	2omhmbl_c	-0.0	0.0	0.0	Inf	Inf
FALDH2_f	2ommbl_c	0.0	0.0	0.0	Inf	Inf
FALDH2_f	2omph_c	-0.0	0.0	0.08362267321923379	Inf	0.0
FALDH2_f	4mhetz_c	0.0	0.0	0.0	Inf	Inf
FALDH2_f	2oph_c	-0.0	-0.00019715655001757528	0.0925853530751979	-0.0	0.0
FALDH2_f	2oxpaccoa_c	-0.0	-0.0005092474108225886	0.0	-0.0	Inf
FALDH2_f	all__D_c	-0.0	-0.16486049692881957	0.0	-0.0	Inf
FALDH2_f	alltn_c	-0.0	-0.32972099385763914	0.0	-0.0	Inf
FALDH2_f	4r5au_c	-0.0	-0.00039431309891053805	0.5777566513328865	-0.0	0.0
FALDH2_f	56dura_c	0.0	0.0	0.0	Inf	Inf
FALDH2_f	arab__L_c	-0.0	-0.1978325963145835	0.0	-0.0	Inf
FALDH2_f	etoh_c	-0.0	-1000.0	0.0	-0.0	Inf
FALDH2_f	csn_c	-0.0	0.0	0.13605393349280348	Inf	0.0
FALDH2_f	fald_c	-0.0	0.0	0.0	Inf	Inf
FALDH2_f	fc1p_c	-0.0	-0.32972099385763914	0.0	-0.0	Inf
FALDH2_f	fcl__L_c	-0.0	0.0	0.0	Inf	Inf
FALDH2_f	aso4_c	0.0	0.0	0.0	Inf	Inf
FALDH2_f	cyan_c	0.0	0.0	0.0	Inf	Inf
FALDH2_f	athtp_c	0.0	0.0	0.0	Inf	Inf
FALDH2_f	cytd_c	-0.0	0.0	0.0	Inf	Inf
FALDH2_f	dad_2_c	-0.0	0.0	0.0	Inf	Inf
FALDH2_f	dad_5_c	-0.0	-0.09655277880233336	0.0001989247701971051	-0.0	0.0
FALDH2_f	betald_c	0.0	0.0	0.0	Inf	Inf
FALDH2_f	btal_c	-0.0	-530.0828150584293	0.0	-0.0	Inf
FALDH2_f	for_c	-0.0	-0.0965527788023337	0.002168722046969945	-0.0	0.0
FALDH2_f	dcyt_c	-0.0	0.0	0.0	Inf	Inf
FALDH2_f	fru_c	-0.0	-0.16486049692881957	0.0	-0.0	Inf
FALDH2_f	ca2_c	-0.0	-0.004601793017172895	999.9953982069828	-0.0	0.0
FALDH2_f	g3pe_c	-0.0	0.0	0.0	Inf	Inf
FALDH2_f	g3pi_c	0.0	0.0	0.0	Inf	Inf
FALDH2_f	cbm_c	-0.0	-4.065155874949066	0.0	-0.0	Inf
FALDH2_f	dha_c	-0.0	-0.32972099385763914	0.0	-0.0	Inf
FALDH2_f	gal_c	-0.0	0.0	0.0	Inf	Inf
FALDH2_f	dhgly_c	-0.0	-0.00019715655001757528	0.327326962531212	-0.0	0.0
FALDH2_f	dhmptp_c	0.0	0.0	0.0	Inf	Inf
FALDH2_f	gcald_c	-0.0	-0.32972099385763914	0.0005914696502031802	-0.0	0.0
FALDH2_f	dhptd_c	-0.0	-47.05439502380238	0.0003960813201938882	-0.0	0.0
FALDH2_f	cechddd_c	-0.0	0.0	0.0	Inf	Inf
FALDH2_f	dhptdn_c	0.0	0.0	0.0	Inf	Inf
FALDH2_f	chol_c	0.0	0.0	0.0	Inf	Inf
FALDH2_f	chtbs6p_c	-0.0	0.0	0.0	Inf	Inf
FALDH2_f	dmbzid_c	0.0	0.0	0.0	Inf	Inf
FALDH2_f	dms_c	0.0	0.0	0.0	Inf	Inf
FALDH2_f	dmso_c	0.0	0.0	0.0	Inf	Inf
FALDH2_f	cl_c	-0.0	-0.004601793017172895	999.9953982069828	-0.0	0.0
FALDH2_f	glc__D_c	-0.0	-0.16486049692881957	0.0	-0.0	Inf
FALDH2_f	co2_c	-0.0	-976.2912922312261	23.708707768773934	-0.0	0.0
FALDH2_f	dscl_c	-0.0	-0.00019715655001757528	0.10890394651807186	-0.0	0.0
FALDH2_f	dtdp4aaddg_c	-0.0	0.0	0.0	Inf	Inf
FALDH2_f	glyald_c	-0.0	-1000.0	0.0	-0.0	Inf
FALDH2_f	crn_c	-0.0	-1000.0	0.0	-0.0	Inf
FALDH2_f	duri_c	-0.0	0.0	0.0	Inf	Inf
FALDH2_f	glyb_c	0.0	0.0	0.0	Inf	Inf
FALDH2_f	glyc_c	-0.0	-0.12291605755983612	0.0	-0.0	Inf
FALDH2_f	dxyl_c	0.0	0.0	0.0	Inf	Inf
FALDH2_f	glycogen_c	-0.0	-0.1978325963145835	0.0	-0.0	Inf
FALDH2_f	gmhep1p_c	-0.0	0.0	0.09475999996396206	Inf	0.0
FALDH2_f	lipa_cold_c	-0.0	0.0	0.0	Inf	Inf
FALDH2_f	lipidA_c	-0.0	-0.017201245906449003	0.04737999998191942	-0.0	0.0
FALDH2_f	malt_c	0.0	0.0	0.0	Inf	Inf
FALDH2_f	h2_c	-0.0	-618.4299509015012	0.8528400000360534	-0.0	0.0
FALDH2_f	malthx_c	-0.0	0.0	0.0	Inf	Inf
FALDH2_f	maltpt_c	-0.0	0.0	0.0	Inf	Inf
FALDH2_f	malttr_c	-0.0	0.0	0.0	Inf	Inf
FALDH2_f	maltttr_c	-0.0	0.0	0.0	Inf	Inf
FALDH2_f	h2o2_c	-0.0	-44.493588321418834	0.002211159334592594	-0.0	0.0
FALDH2_f	man_c	-0.0	0.0	0.0	Inf	Inf
FALDH2_f	mdhdhf_c	-0.0	-47.05439502380238	0.0003960813201938882	-0.0	0.0
FALDH2_f	melib_c	-0.0	0.0	0.0	Inf	Inf
FALDH2_f	meoh_c	-0.0	-999.9999982317798	1.7682201587376767e-06	-0.0	0.0
FALDH2_f	pacald_c	-0.0	-1000.0	0.0	-0.0	Inf
FALDH2_f	metsox_S__L_c	-0.0	-0.0965527788023337	0.0	-0.0	Inf
FALDH2_f	mg2_c	-0.0	-0.007669655028710609	999.9923303449713	-0.0	0.0
FALDH2_f	hhlipa_c	-0.0	0.0	0.0	Inf	Inf
FALDH2_f	pe120_c	-0.0	0.0	0.0	Inf	Inf
FALDH2_f	mobd_c	-0.0	-0.00011405020154597878	22.243631076316206	-0.0	0.0
FALDH2_f	hlipa_c	-0.0	0.0	0.0	Inf	Inf
FALDH2_f	pg120_c	-0.0	-0.06145802877991806	0.0	-0.0	Inf
FALDH2_f	mql8_c	0.0	0.0	0.0	Inf	Inf
FALDH2_f	mqn8_c	-0.0	0.0	0.0	Inf	Inf
FALDH2_f	mthgxl_c	-0.0	0.0	0.0	Inf	Inf
FALDH2_f	hqn_c	0.0	0.0	0.0	Inf	Inf
FALDH2_f	mththf_c	-0.0	-999.9996039186798	0.0003960813201938882	-0.0	0.0
FALDH2_f	n2o_c	-0.0	-1000.0	0.0	-0.0	Inf
FALDH2_f	na1_c	-0.0	-88.97452430526482	0.0	-0.0	Inf
FALDH2_f	nac_c	-0.0	0.0	0.0	Inf	Inf
FALDH2_f	ncam_c	-0.0	0.0	0.0	Inf	Inf
FALDH2_f	ni2_c	-0.0	-0.0002855675589898965	999.999714432441	-0.0	0.0
FALDH2_f	no_c	-0.0	-1000.0	0.0	-0.0	Inf
FALDH2_f	indole_c	-0.0	-0.050255469832506866	0.4500745734804165	-0.0	0.0
FALDH2_f	no2_c	-0.0	-1000.0	0.0	-0.0	Inf
FALDH2_f	no3_c	0.0	0.0	0.0	Inf	Inf
FALDH2_f	inost_c	0.0	0.0	0.0	Inf	Inf
FALDH2_f	o2_c	-0.0	-22.246794160709417	977.7532058392906	-0.0	0.0
FALDH2_f	poaac_c	-0.0	-6.844194177328029	0.0	-0.0	Inf
FALDH2_f	ppal_c	-0.0	0.0	0.0	Inf	Inf
FALDH2_f	k_c	-0.0	-0.17257210075148238	88.97452430526482	-0.0	0.0
FALDH2_f	psclys_c	-0.0	0.0	0.0	Inf	Inf
FALDH2_f	lald__D_c	-0.0	0.0	0.0	Inf	Inf
FALDH2_f	lald__L_c	-0.0	-82.94963543969489	0.0	-0.0	Inf
FALDH2_f	ura_c	-0.0	-0.2924591971438859	0.0	-0.0	Inf
FALDH2_f	pydx_c	-0.0	0.0	0.6751118602206247	Inf	0.0
FALDH2_f	uracp_c	-0.0	-4.774558738105213	0.0	-0.0	Inf
FALDH2_f	pydxn_c	-0.0	0.0	0.6751118602206247	Inf	0.0
FALDH2_f	urate_c	-0.0	-0.32972099385763914	0.0	-0.0	Inf
FALDH2_f	q8_c	-0.0	0.0	0.0	Inf	Inf
FALDH2_f	q8h2_c	0.0	0.0	0.0	Inf	Inf
FALDH2_f	urea_c	-0.0	-1000.0	0.0	-0.0	Inf
FALDH2_f	uri_c	-0.0	0.0	0.0	Inf	Inf
FALDH2_f	rbflvrd_c	-0.0	0.0	0.04827638940116699	Inf	0.0
FALDH2_f	rbl__L_c	-0.0	-0.1978325963145835	0.0	-0.0	Inf
FALDH2_f	rdmbzi_c	0.0	0.0	0.0	Inf	Inf
FALDH2_f	thptdn_c	0.0	0.0	0.0	Inf	Inf
FALDH2_f	xan_c	-0.0	-0.09655277880233319	0.0	-0.0	Inf
FALDH2_f	rephaccoa_c	-0.0	-0.0005092474108225886	0.0	-0.0	Inf
FALDH2_f	rib__D_c	-0.0	0.0	1.0801789763529996	Inf	0.0
FALDH2_f	xtsn_c	-0.0	0.0	0.0	Inf	Inf
FALDH2_f	rml_c	-0.0	-0.32972099385763914	0.0	-0.0	Inf
FALDH2_f	thym_c	-0.0	-88.97452430526482	0.0	-0.0	Inf
FALDH2_f	thymd_c	-0.0	-0.023133624608788674	0.0	-0.0	Inf
FALDH2_f	xu5p__L_c	-0.0	-0.1978325963145835	0.0	-0.0	Inf
FALDH2_f	rmn_c	-0.0	-0.32972099385763914	0.0	-0.0	Inf
FALDH2_f	xyl__D_c	0.0	0.0	0.0	Inf	Inf
FALDH2_f	tmao_c	0.0	0.0	0.0	Inf	Inf
FALDH2_f	xylu__D_c	-0.0	0.0	0.0	Inf	Inf
FALDH2_f	xylu__L_c	-0.0	-0.1978325963145835	0.0	-0.0	Inf
FALDH2_f	12ppd__R_e	-0.0	-1000.0	0.0	-0.0	Inf
FALDH2_f	12ppd__S_e	-0.0	-1000.0	0.0	-0.0	Inf
FALDH2_f	tre_c	-0.0	-0.08243024846440979	0.0	-0.0	Inf
FALDH2_f	seln_c	0.0	0.0	0.0	Inf	Inf
FALDH2_f	34dhpac_e	-0.0	-1000.0	0.0	-0.0	Inf
FALDH2_f	slnt_c	0.0	0.0	0.0	Inf	Inf
FALDH2_f	so2_c	0.0	0.0	0.0	Inf	Inf
FALDH2_f	so3_c	-0.0	-0.21914613616933357	4.4487262152632265	-0.0	0.0
FALDH2_f	so4_c	-0.0	-0.22298140573873376	88.97452430526482	-0.0	0.0
FALDH2_f	4hoxpacd_e	-0.0	-1000.0	0.0	-0.0	Inf
FALDH2_f	5mtr_e	-0.0	0.0	0.0	Inf	Inf
FALDH2_f	LalaDgluMdap_e	-0.0	-1000.0	0.0	-0.0	Inf
FALDH2_f	ac_e	-0.0	0.0	0.0	Inf	Inf
FALDH2_f	acald_e	-0.0	-1000.0	0.0	-0.0	Inf
FALDH2_f	acgal_e	-0.0	-1000.0	0.0	-0.0	Inf
FALDH2_f	acgam_e	-0.0	-1000.0	0.0	-0.0	Inf
FALDH2_f	acmana_e	-0.0	-1000.0	0.0	-0.0	Inf
FALDH2_f	tagur_c	-0.0	0.0	0.0	Inf	Inf
FALDH2_f	tartr__L_c	-0.0	-0.32972099385763914	0.0	-0.0	Inf
FALDH2_f	ade_e	-0.0	-1000.0	0.0	-0.0	Inf
FALDH2_f	adn_e	-0.0	-1000.0	0.0	-0.0	Inf
FALDH2_f	all__D_e	-0.0	-1000.0	0.0	-0.0	Inf
FALDH2_f	cl_e	-0.0	-0.004601793017172895	999.9953982069828	-0.0	0.0
FALDH2_f	alltn_e	-0.0	0.0	0.0	Inf	Inf
FALDH2_f	cm_e	-0.0	-1000.0	0.0	-0.0	Inf
FALDH2_f	co2_e	-0.0	-976.2912922312261	23.708707768773934	-0.0	0.0
FALDH2_f	arab__L_e	-0.0	-1000.0	0.0	-0.0	Inf
FALDH2_f	arbt_e	-0.0	-1000.0	0.0	-0.0	Inf
FALDH2_f	unagamu_c	-0.0	0.0	0.04737999998200426	Inf	0.0
FALDH2_f	crn_e	-0.0	-1000.0	0.0	-0.0	Inf
FALDH2_f	csn_e	-0.0	-1000.0	0.0	-0.0	Inf
FALDH2_f	cyan_e	-0.0	-1000.0	0.0	-0.0	Inf
FALDH2_f	glyb_e	-0.0	-1000.0	0.0	-0.0	Inf
FALDH2_f	glyc_e	-0.0	-1000.0	0.0	-0.0	Inf
FALDH2_f	cytd_e	-0.0	-1000.0	0.0	-0.0	Inf
FALDH2_f	ca2_e	-0.0	-0.004601793017172895	999.9953982069828	-0.0	0.0
FALDH2_f	dad_2_e	-0.0	-1000.0	0.0	-0.0	Inf
FALDH2_f	dcyt_e	-0.0	-1000.0	0.0	-0.0	Inf
FALDH2_f	chol_e	-0.0	-1000.0	0.0	-0.0	Inf
FALDH2_f	dha_e	-0.0	-1000.0	0.0	-0.0	Inf
FALDH2_f	ppal_e	-0.0	-1000.0	0.0	-0.0	Inf
FALDH2_f	h2_e	-0.0	0.0	0.8528400000360534	Inf	0.0
FALDH2_f	dms_e	-0.0	-1000.0	0.0	-0.0	Inf
FALDH2_f	dmso_e	-0.0	-1000.0	0.0	-0.0	Inf
FALDH2_f	h2o2_e	-0.0	-1000.0	0.0	-0.0	Inf
FALDH2_f	psclys_e	-0.0	-1000.0	0.0	-0.0	Inf
FALDH2_f	duri_e	-0.0	-1000.0	0.0	-0.0	Inf
FALDH2_f	pydx_e	-0.0	-1000.0	0.0	-0.0	Inf
FALDH2_f	pydxn_e	-0.0	-1000.0	0.0	-0.0	Inf
FALDH2_f	etoh_e	-0.0	-1000.0	0.0	-0.0	Inf
FALDH2_f	fald_e	-0.0	0.0	0.0	Inf	Inf
FALDH2_f	rib__D_e	-0.0	-1000.0	0.0	-0.0	Inf
FALDH2_f	rmn_e	-0.0	-1000.0	0.0	-0.0	Inf
FALDH2_f	indole_e	-0.0	-1000.0	0.0	-0.0	Inf
FALDH2_f	inost_e	-0.0	-1000.0	0.0	-0.0	Inf
FALDH2_f	sbt__D_e	-0.0	-0.32972099385763914	0.0	-0.0	Inf
FALDH2_f	k_e	-0.0	-0.17257210075149487	999.8274278992485	-0.0	0.0
FALDH2_f	for_e	-0.0	0.0	0.002168722046969945	Inf	0.0
FALDH2_f	slnt_e	-0.0	0.0	1000.0	Inf	0.0
FALDH2_f	fru_e	-0.0	-1000.0	0.0	-0.0	Inf
FALDH2_f	so2_e	-0.0	-1000.0	0.0	-0.0	Inf
FALDH2_f	so3_e	-0.0	-1000.0	0.0	-0.0	Inf
FALDH2_f	so4_e	-0.0	-0.22298140573877845	999.7770185942612	-0.0	0.0
FALDH2_f	lipa_cold_e	-0.0	-1000.0	0.0	-0.0	Inf
FALDH2_f	sucr_e	-0.0	-1000.0	0.0	-0.0	Inf
FALDH2_f	g3pe_e	-0.0	-1000.0	0.0	-0.0	Inf
FALDH2_f	malt_e	-0.0	-1000.0	0.0	-0.0	Inf
FALDH2_f	tartr__L_e	-0.0	-1000.0	0.0	-0.0	Inf
FALDH2_f	g3pi_e	-0.0	-1000.0	0.0	-0.0	Inf
FALDH2_f	malthx_e	-0.0	-1000.0	0.0	-0.0	Inf
FALDH2_f	maltpt_e	-0.0	-1000.0	0.0	-0.0	Inf
FALDH2_f	gal_e	-0.0	-1000.0	0.0	-0.0	Inf
FALDH2_f	gal_bD_e	-0.0	-1000.0	0.0	-0.0	Inf
FALDH2_f	malttr_e	-0.0	-1000.0	0.0	-0.0	Inf
FALDH2_f	maltttr_e	-0.0	-1000.0	0.0	-0.0	Inf
FALDH2_f	man_e	-0.0	-1000.0	0.0	-0.0	Inf
FALDH2_f	thym_e	-0.0	-1000.0	0.0	-0.0	Inf
FALDH2_f	thymd_e	-0.0	-1000.0	0.0	-0.0	Inf
FALDH2_f	galt_e	-0.0	-0.32972099385763914	0.0	-0.0	Inf
FALDH2_f	melib_e	-0.0	-1000.0	0.0	-0.0	Inf
FALDH2_f	meoh_e	-0.0	-999.9999982317798	1.7682201587376767e-06	-0.0	0.0
FALDH2_f	tmao_e	-0.0	-1000.0	0.0	-0.0	Inf
FALDH2_f	tre_e	-0.0	-1000.0	0.0	-0.0	Inf
FALDH2_f	metsox_S__L_e	-0.0	-1000.0	0.0	-0.0	Inf
FALDH2_f	glc__D_e	-0.0	-0.49458149078645874	0.9997137562389355	-0.0	0.0
FALDH2_f	mg2_e	-0.0	-0.007669655028710609	999.9923303449713	-0.0	0.0
FALDH2_f	mnl_e	-0.0	-1000.0	0.0	-0.0	Inf
FALDH2_f	mobd_e	-0.0	-0.00011405020154597878	999.9998859497985	-0.0	0.0
FALDH2_f	glyald_e	-0.0	-1000.0	0.0	-0.0	Inf
FALDH2_f	n2o_e	-0.0	-1000.0	0.0	-0.0	Inf
FALDH2_f	na1_e	-0.0	-1000.0	0.0	-0.0	Inf
FALDH2_f	nac_e	-0.0	-1000.0	0.0	-0.0	Inf
FALDH2_f	ni2_e	-0.0	-0.0002855675589898965	999.999714432441	-0.0	0.0
FALDH2_f	no_e	-0.0	-1000.0	0.0	-0.0	Inf
FALDH2_f	no2_e	-0.0	-1000.0	0.0	-0.0	Inf
FALDH2_f	ura_e	-0.0	-1000.0	0.0	-0.0	Inf
FALDH2_f	no3_e	-0.0	-1000.0	0.0	-0.0	Inf
FALDH2_f	urea_e	-0.0	-1000.0	0.0	-0.0	Inf
FALDH2_f	novbcn_e	-0.0	-1000.0	0.0	-0.0	Inf
FALDH2_f	uri_e	-0.0	-1000.0	0.0	-0.0	Inf
FALDH2_f	o2_e	-0.0	-22.24679416070944	977.7532058392906	-0.0	0.0
FALDH2_f	xan_e	-0.0	0.0	0.0	Inf	Inf
FALDH2_f	xtsn_e	-0.0	-1000.0	0.0	-0.0	Inf
FALDH2_f	xyl__D_e	-0.0	-1000.0	0.0	-0.0	Inf
FALDH2_f	xylu__L_e	-0.0	-1000.0	0.0	-0.0	Inf
FALDH2_f	pacald_e	-0.0	-1000.0	0.0	-0.0	Inf
FALDH2_f	12dgr120_p	-0.0	0.0	0.0	Inf	Inf
FALDH2_f	12dgr140_p	-0.0	0.0	0.0	Inf	Inf
FALDH2_f	12dgr160_p	-0.0	-0.05641860126825807	0.0	-0.0	Inf
FALDH2_f	12dgr180_p	-0.0	0.0	0.0	Inf	Inf
FALDH2_f	12ppd__R_p	-0.0	-1000.0	0.0	-0.0	Inf
FALDH2_f	12ppd__S_p	-0.0	0.0	0.0	Inf	Inf
FALDH2_f	chol_p	-0.0	-1000.0	0.0	-0.0	Inf
FALDH2_f	cl_p	-0.0	-0.004601793017172895	999.9953982069828	-0.0	0.0
FALDH2_f	34dhpac_p	-0.0	-1000.0	0.0	-0.0	Inf
FALDH2_f	cm_p	-0.0	0.0	0.0	Inf	Inf
FALDH2_f	4hoxpacd_p	-0.0	-1000.0	0.0	-0.0	Inf
FALDH2_f	co2_p	-0.0	-976.2912922312261	23.708707768773934	-0.0	0.0
FALDH2_f	5mtr_p	-0.0	0.0	0.0	Inf	Inf
FALDH2_f	LalaDgluMdap_p	-0.0	-0.02456765117438736	0.0	-0.0	Inf
FALDH2_f	gal_p	-0.0	-1000.0	0.0	-0.0	Inf
FALDH2_f	ac_p	-0.0	-8.130311749896741	0.0	-0.0	Inf
FALDH2_f	crn_p	-0.0	-1000.0	0.0	-0.0	Inf
FALDH2_f	gal_bD_p	-0.0	-1000.0	0.0	-0.0	Inf
FALDH2_f	acald_p	-0.0	-1000.0	0.0	-0.0	Inf
FALDH2_f	acgal_p	-0.0	-1000.0	0.0	-0.0	Inf
FALDH2_f	csn_p	-0.0	0.0	0.0	Inf	Inf
FALDH2_f	acgam_p	-0.0	-1000.0	0.0	-0.0	Inf
FALDH2_f	galt_p	-0.0	-0.32972099385763914	0.0	-0.0	Inf
FALDH2_f	acmana_p	-0.0	-1000.0	0.0	-0.0	Inf
FALDH2_f	cyan_p	-0.0	0.0	0.0	Inf	Inf
FALDH2_f	ade_p	-0.0	-1000.0	0.0	-0.0	Inf
FALDH2_f	adn_p	-0.0	0.0	0.0005950060903909933	Inf	0.0
FALDH2_f	cytd_p	-0.0	0.0	0.0	Inf	Inf
FALDH2_f	glc__D_p	-0.0	-0.49458149078645874	0.9997137562389355	-0.0	0.0
FALDH2_f	dad_2_p	-0.0	-1000.0	0.0	-0.0	Inf
FALDH2_f	dcyt_p	-0.0	-1000.0	0.0	-0.0	Inf
FALDH2_f	all__D_p	-0.0	0.0	0.0	Inf	Inf
FALDH2_f	alltn_p	-0.0	0.0	0.0	Inf	Inf
FALDH2_f	dha_p	-0.0	-1000.0	0.0	-0.0	Inf
FALDH2_f	glyald_p	-0.0	-1000.0	0.0	-0.0	Inf
FALDH2_f	glyb_p	0.0	0.0	0.0	Inf	Inf
FALDH2_f	dms_p	-0.0	-1000.0	0.0	-0.0	Inf
FALDH2_f	glyc_p	-0.0	-0.12291605755983612	0.0	-0.0	Inf
FALDH2_f	dmso_p	-0.0	-1000.0	0.0	-0.0	Inf
FALDH2_f	arab__L_p	-0.0	0.0	0.0	Inf	Inf
FALDH2_f	arbt_p	0.0	0.0	0.0	Inf	Inf
FALDH2_f	ca2_p	-0.0	-0.004601793017172895	999.9953982069828	-0.0	0.0
FALDH2_f	duri_p	-0.0	-1000.0	0.0	-0.0	Inf
FALDH2_f	h2_p	-0.0	-618.4299509015012	0.8528400000360534	-0.0	0.0
FALDH2_f	h2o2_p	-0.0	-1000.0	0.0	-0.0	Inf
FALDH2_f	etoh_p	-0.0	-1000.0	0.0	-0.0	Inf
FALDH2_f	fald_p	-0.0	0.0	0.0	Inf	Inf
FALDH2_f	n2o_p	-0.0	-1000.0	0.0	-0.0	Inf
FALDH2_f	na1_p	-0.0	-1000.0	0.0	-0.0	Inf
FALDH2_f	indole_p	-0.0	0.0	0.4500745734804165	Inf	0.0
FALDH2_f	nac_p	-0.0	-1000.0	0.0	-0.0	Inf
FALDH2_f	ni2_p	-0.0	-0.0002855675589898965	999.999714432441	-0.0	0.0
FALDH2_f	inost_p	-0.0	-1000.0	0.0	-0.0	Inf
FALDH2_f	no_p	-0.0	-1000.0	0.0	-0.0	Inf
FALDH2_f	no2_p	-0.0	-1000.0	0.0	-0.0	Inf
FALDH2_f	for_p	-0.0	0.0	0.002168722046969945	Inf	0.0
FALDH2_f	fru_p	-0.0	-1000.0	0.0	-0.0	Inf
FALDH2_f	no3_p	-0.0	0.0	0.0	Inf	Inf
FALDH2_f	k_p	-0.0	-0.17257210075149487	999.8274278992485	-0.0	0.0
FALDH2_f	novbcn_p	-0.0	0.0	0.0	Inf	Inf
FALDH2_f	o2_p	-0.0	-22.24679416070944	977.7532058392906	-0.0	0.0
FALDH2_f	lipa_cold_p	-0.0	-22.243631076316206	0.0	-0.0	Inf
FALDH2_f	g3pe_p	-0.0	0.0	0.0	Inf	Inf
FALDH2_f	g3pi_p	-0.0	0.0	0.0	Inf	Inf
FALDH2_f	so3_p	-0.0	-1000.0	0.0	-0.0	Inf
FALDH2_f	so4_p	-0.0	-0.22298140573873376	999.7770185942612	-0.0	0.0
FALDH2_f	malt_p	0.0	0.0	0.0	Inf	Inf
FALDH2_f	malthx_p	0.0	0.0	0.0	Inf	Inf
FALDH2_f	maltpt_p	0.0	0.0	0.0	Inf	Inf
FALDH2_f	sucr_p	-0.0	-1000.0	0.0	-0.0	Inf
FALDH2_f	malttr_p	0.0	0.0	0.0	Inf	Inf
FALDH2_f	maltttr_p	0.0	0.0	0.0	Inf	Inf
FALDH2_f	pacald_p	-0.0	-1000.0	0.0	-0.0	Inf
FALDH2_f	man_p	-0.0	-1000.0	0.0	-0.0	Inf
FALDH2_f	tartr__L_p	-0.0	-1000.0	0.0	-0.0	Inf
FALDH2_f	pe120_p	-0.0	0.0	0.0	Inf	Inf
FALDH2_f	melib_p	-0.0	-1000.0	0.0	-0.0	Inf
FALDH2_f	meoh_p	-0.0	-999.9999982317798	1.7682201587376767e-06	-0.0	0.0
FALDH2_f	thym_p	-0.0	-1000.0	0.0	-0.0	Inf
FALDH2_f	thymd_p	-0.0	-0.023133624608788674	0.0	-0.0	Inf
FALDH2_f	pg120_p	-0.0	-0.06145802877991806	0.0	-0.0	Inf
FALDH2_f	metsox_S__L_p	-0.0	-1000.0	0.0	-0.0	Inf
FALDH2_f	tmao_p	-0.0	-1000.0	0.0	-0.0	Inf
FALDH2_f	mg2_p	-0.0	-0.007669655028710609	999.9923303449713	-0.0	0.0
FALDH2_f	tre_p	-0.0	0.0	0.0	Inf	Inf
FALDH2_f	mnl_p	-0.0	0.0	0.0	Inf	Inf
FALDH2_f	mobd_p	-0.0	-0.00011405020154597878	999.9998859497985	-0.0	0.0
FALDH2_f	ura_p	-0.0	-1000.0	0.0	-0.0	Inf
FALDH2_f	urea_p	-0.0	-1000.0	0.0	-0.0	Inf
FALDH2_f	uri_p	-0.0	0.0	0.0	Inf	Inf
FALDH2_f	xan_p	-0.0	-0.09655277880233323	0.0	-0.0	Inf
FALDH2_f	xtsn_p	-0.0	0.0	0.0	Inf	Inf
FALDH2_f	xyl__D_p	-0.0	0.0	0.0	Inf	Inf
FALDH2_f	xylu__L_p	-0.0	-1000.0	0.0	-0.0	Inf
FALDH2_f	ppal_p	-0.0	-1000.0	0.0	-0.0	Inf
FALDH2_f	psclys_p	-0.0	-1000.0	0.0	-0.0	Inf
FALDH2_f	pydx_p	-0.0	0.0	0.0	Inf	Inf
FALDH2_f	pydxn_p	-0.0	0.0	0.0	Inf	Inf
FALDH2_f	rib__D_p	-0.0	-1000.0	0.0	-0.0	Inf
FALDH2_f	rmn_p	-0.0	-1000.0	0.0	-0.0	Inf
FALDH2_f	sbt__D_p	-0.0	-0.32972099385763914	0.0	-0.0	Inf
FALDH2_f	slnt_p	-0.0	0.0	0.0	Inf	Inf
FALDH2_f	so2_p	-0.0	-1000.0	0.0	-0.0	Inf
