Reaction	Metabolite	ShadowPrice	G-	G+	DecrementalShadowPrice	IncrementalShadowPrice
GDMANE	12dgr120_c	-0.0	0.0	0.0	Inf	Inf
GDMANE	12dgr140_c	-0.0	0.0	0.0	Inf	Inf
GDMANE	12dgr160_c	-0.0	-0.05641860126825807	0.0	-0.0	Inf
GDMANE	12dgr180_c	-0.0	0.0	0.0	Inf	Inf
GDMANE	12ppd__R_c	-0.0	-1000.0	0.0	-0.0	Inf
GDMANE	12ppd__S_c	-0.0	0.0	0.0	Inf	Inf
GDMANE	5drib_c	-0.0	-999.9998010752298	0.0001989247701971051	-0.0	0.0
GDMANE	5mta_c	-0.0	0.0	0.0	Inf	Inf
GDMANE	23dhacoa_c	-0.0	-0.0005092474108225886	0.0	-0.0	Inf
GDMANE	5mtr_c	-0.0	0.0	0.0	Inf	Inf
GDMANE	3amac_c	-0.0	-8.130311749898143	0.0	-0.0	Inf
GDMANE	LalaDgluMdap_c	-0.0	-0.02456765117438736	0.0	-0.0	Inf
GDMANE	ac_c	-0.0	-8.130311749895066	0.5150613196540235	-0.0	0.0
GDMANE	acald_c	-0.0	0.0	2.471514564035117	Inf	0.0
GDMANE	acetol_c	-0.0	0.0	0.0	Inf	Inf
GDMANE	acgam_c	-0.0	-0.08353779416169131	0.0	-0.0	Inf
GDMANE	acgam6p_c	-0.0	-0.08353779416169131	0.0	-0.0	Inf
GDMANE	acmalt_c	0.0	0.0	0.0	Inf	Inf
GDMANE	acmana_c	-0.0	-0.08353779416169131	0.0	-0.0	Inf
GDMANE	2dmmq8_c	-0.0	0.0	0.0	Inf	Inf
GDMANE	2dmmql8_c	0.0	0.0	0.0	Inf	Inf
GDMANE	ade_c	-0.0	-0.09655277880233336	0.0005950060903909933	-0.0	0.0
GDMANE	adn_c	-0.0	0.0	0.0005950060903909933	Inf	0.0
GDMANE	3sala_c	0.0	0.0	0.0	Inf	Inf
GDMANE	adphep_DD_c	-0.0	0.0	0.0	Inf	Inf
GDMANE	adphep_LD_c	-0.0	0.0	0.0	Inf	Inf
GDMANE	4ahmmp_c	0.0	0.0	0.0	Inf	Inf
GDMANE	4crsol_c	-0.0	-999.99980284345	0.00019715655001757528	-0.0	0.0
GDMANE	2ohph_c	-0.0	-0.00019715655001757528	0.0925853530751979	-0.0	0.0
GDMANE	2ombzl_c	-0.0	0.0	0.0	Inf	Inf
GDMANE	2omhmbl_c	-0.0	0.0	0.0	Inf	Inf
GDMANE	2ommbl_c	0.0	0.0	0.0	Inf	Inf
GDMANE	2omph_c	-0.0	0.0	0.08362267321923379	Inf	0.0
GDMANE	4mhetz_c	0.0	0.0	0.0	Inf	Inf
GDMANE	2oph_c	-0.0	-0.00019715655001757528	0.0925853530751979	-0.0	0.0
GDMANE	2oxpaccoa_c	-0.0	-0.0005092474108225886	0.0	-0.0	Inf
GDMANE	all__D_c	-0.0	-0.16486049692881957	0.0	-0.0	Inf
GDMANE	alltn_c	-0.0	-0.32972099385763914	0.0	-0.0	Inf
GDMANE	4r5au_c	-0.0	-0.00039431309891053805	0.5777566513328865	-0.0	0.0
GDMANE	56dura_c	0.0	0.0	0.0	Inf	Inf
GDMANE	arab__L_c	-0.0	-0.1978325963145835	0.0	-0.0	Inf
GDMANE	etoh_c	-0.0	-1000.0	0.0	-0.0	Inf
GDMANE	csn_c	-0.0	0.0	0.13605393349280348	Inf	0.0
GDMANE	fald_c	-0.0	0.0	0.0	Inf	Inf
GDMANE	fc1p_c	-0.0	-0.32972099385763914	0.0	-0.0	Inf
GDMANE	fcl__L_c	-0.0	0.0	0.0	Inf	Inf
GDMANE	aso4_c	0.0	0.0	0.0	Inf	Inf
GDMANE	cyan_c	0.0	0.0	0.0	Inf	Inf
GDMANE	athtp_c	0.0	0.0	0.0	Inf	Inf
GDMANE	cytd_c	-0.0	0.0	0.0	Inf	Inf
GDMANE	dad_2_c	-0.0	0.0	0.0	Inf	Inf
GDMANE	dad_5_c	-0.0	-0.09655277880233336	0.0001989247701971051	-0.0	0.0
GDMANE	betald_c	0.0	0.0	0.0	Inf	Inf
GDMANE	btal_c	-0.0	-530.0828150584293	0.0	-0.0	Inf
GDMANE	for_c	-0.0	-0.0965527788023337	0.002168722046969945	-0.0	0.0
GDMANE	dcyt_c	-0.0	0.0	0.0	Inf	Inf
GDMANE	fru_c	-0.0	-0.16486049692881957	0.0	-0.0	Inf
GDMANE	ca2_c	-0.0	-0.004601793017172895	999.9953982069828	-0.0	0.0
GDMANE	g3pe_c	-0.0	0.0	0.0	Inf	Inf
GDMANE	g3pi_c	0.0	0.0	0.0	Inf	Inf
GDMANE	cbm_c	-0.0	-4.065155874949066	0.0	-0.0	Inf
GDMANE	dha_c	-0.0	-0.32972099385763914	0.0	-0.0	Inf
GDMANE	gal_c	-0.0	0.0	0.0	Inf	Inf
GDMANE	dhgly_c	-0.0	-0.00019715655001757528	0.327326962531212	-0.0	0.0
GDMANE	dhmptp_c	0.0	0.0	0.0	Inf	Inf
GDMANE	gcald_c	-0.0	-0.32972099385763914	0.0005914696502031802	-0.0	0.0
GDMANE	dhptd_c	-0.0	-47.05439502380238	0.0003960813201938882	-0.0	0.0
GDMANE	cechddd_c	-0.0	0.0	0.0	Inf	Inf
GDMANE	dhptdn_c	0.0	0.0	0.0	Inf	Inf
GDMANE	chol_c	0.0	0.0	0.0	Inf	Inf
GDMANE	chtbs6p_c	-0.0	0.0	0.0	Inf	Inf
GDMANE	dmbzid_c	0.0	0.0	0.0	Inf	Inf
GDMANE	dms_c	0.0	0.0	0.0	Inf	Inf
GDMANE	dmso_c	0.0	0.0	0.0	Inf	Inf
GDMANE	cl_c	-0.0	-0.004601793017172895	999.9953982069828	-0.0	0.0
GDMANE	glc__D_c	-0.0	-0.16486049692881957	0.0	-0.0	Inf
GDMANE	co2_c	-0.0	-976.2912922312261	23.708707768773934	-0.0	0.0
GDMANE	dscl_c	-0.0	-0.00019715655001757528	0.10890394651807186	-0.0	0.0
GDMANE	dtdp4aaddg_c	-0.0	0.0	0.0	Inf	Inf
GDMANE	glyald_c	-0.0	-1000.0	0.0	-0.0	Inf
GDMANE	crn_c	-0.0	-1000.0	0.0	-0.0	Inf
GDMANE	duri_c	-0.0	0.0	0.0	Inf	Inf
GDMANE	glyb_c	0.0	0.0	0.0	Inf	Inf
GDMANE	glyc_c	-0.0	-0.12291605755983612	0.0	-0.0	Inf
GDMANE	dxyl_c	0.0	0.0	0.0	Inf	Inf
GDMANE	glycogen_c	-0.0	-0.1978325963145835	0.0	-0.0	Inf
GDMANE	gmhep1p_c	-0.0	0.0	0.09475999996396206	Inf	0.0
GDMANE	lipa_cold_c	-0.0	0.0	0.0	Inf	Inf
GDMANE	lipidA_c	-0.0	-0.017201245906449003	0.04737999998191942	-0.0	0.0
GDMANE	malt_c	0.0	0.0	0.0	Inf	Inf
GDMANE	h2_c	-0.0	-618.4299509015012	0.8528400000360534	-0.0	0.0
GDMANE	malthx_c	-0.0	0.0	0.0	Inf	Inf
GDMANE	maltpt_c	-0.0	0.0	0.0	Inf	Inf
GDMANE	malttr_c	-0.0	0.0	0.0	Inf	Inf
GDMANE	maltttr_c	-0.0	0.0	0.0	Inf	Inf
GDMANE	h2o2_c	-0.0	-44.493588321418834	0.002211159334592594	-0.0	0.0
GDMANE	man_c	-0.0	0.0	0.0	Inf	Inf
GDMANE	mdhdhf_c	-0.0	-47.05439502380238	0.0003960813201938882	-0.0	0.0
GDMANE	melib_c	-0.0	0.0	0.0	Inf	Inf
GDMANE	meoh_c	-0.0	-999.9999982317798	1.7682201587376767e-06	-0.0	0.0
GDMANE	pacald_c	-0.0	-1000.0	0.0	-0.0	Inf
GDMANE	metsox_S__L_c	-0.0	-0.0965527788023337	0.0	-0.0	Inf
GDMANE	mg2_c	-0.0	-0.007669655028710609	999.9923303449713	-0.0	0.0
GDMANE	hhlipa_c	-0.0	0.0	0.0	Inf	Inf
GDMANE	pe120_c	-0.0	0.0	0.0	Inf	Inf
GDMANE	mobd_c	-0.0	-0.00011405020154597878	22.243631076316206	-0.0	0.0
GDMANE	hlipa_c	-0.0	0.0	0.0	Inf	Inf
GDMANE	pg120_c	-0.0	-0.06145802877991806	0.0	-0.0	Inf
GDMANE	mql8_c	0.0	0.0	0.0	Inf	Inf
GDMANE	mqn8_c	-0.0	0.0	0.0	Inf	Inf
GDMANE	mthgxl_c	-0.0	0.0	0.0	Inf	Inf
GDMANE	hqn_c	0.0	0.0	0.0	Inf	Inf
GDMANE	mththf_c	-0.0	-999.9996039186798	0.0003960813201938882	-0.0	0.0
GDMANE	n2o_c	-0.0	-1000.0	0.0	-0.0	Inf
GDMANE	na1_c	-0.0	-88.97452430526482	0.0	-0.0	Inf
GDMANE	nac_c	-0.0	0.0	0.0	Inf	Inf
GDMANE	ncam_c	-0.0	0.0	0.0	Inf	Inf
GDMANE	ni2_c	-0.0	-0.0002855675589898965	999.999714432441	-0.0	0.0
GDMANE	no_c	-0.0	-1000.0	0.0	-0.0	Inf
GDMANE	indole_c	-0.0	-0.050255469832506866	0.4500745734804165	-0.0	0.0
GDMANE	no2_c	-0.0	-1000.0	0.0	-0.0	Inf
GDMANE	no3_c	0.0	0.0	0.0	Inf	Inf
GDMANE	inost_c	0.0	0.0	0.0	Inf	Inf
GDMANE	o2_c	-0.0	-22.246794160709417	977.7532058392906	-0.0	0.0
GDMANE	poaac_c	-0.0	-6.844194177328029	0.0	-0.0	Inf
GDMANE	ppal_c	-0.0	0.0	0.0	Inf	Inf
GDMANE	k_c	-0.0	-0.17257210075148238	88.97452430526482	-0.0	0.0
GDMANE	psclys_c	-0.0	0.0	0.0	Inf	Inf
GDMANE	lald__D_c	-0.0	0.0	0.0	Inf	Inf
GDMANE	lald__L_c	-0.0	-82.94963543969489	0.0	-0.0	Inf
GDMANE	ura_c	-0.0	-0.2924591971438859	0.0	-0.0	Inf
GDMANE	pydx_c	-0.0	0.0	0.6751118602206247	Inf	0.0
GDMANE	uracp_c	-0.0	-4.774558738105213	0.0	-0.0	Inf
GDMANE	pydxn_c	-0.0	0.0	0.6751118602206247	Inf	0.0
GDMANE	urate_c	-0.0	-0.32972099385763914	0.0	-0.0	Inf
GDMANE	q8_c	-0.0	0.0	0.0	Inf	Inf
GDMANE	q8h2_c	0.0	0.0	0.0	Inf	Inf
GDMANE	urea_c	-0.0	-1000.0	0.0	-0.0	Inf
GDMANE	uri_c	-0.0	0.0	0.0	Inf	Inf
GDMANE	rbflvrd_c	-0.0	0.0	0.04827638940116699	Inf	0.0
GDMANE	rbl__L_c	-0.0	-0.1978325963145835	0.0	-0.0	Inf
GDMANE	rdmbzi_c	0.0	0.0	0.0	Inf	Inf
GDMANE	thptdn_c	0.0	0.0	0.0	Inf	Inf
GDMANE	xan_c	-0.0	-0.09655277880233319	0.0	-0.0	Inf
GDMANE	rephaccoa_c	-0.0	-0.0005092474108225886	0.0	-0.0	Inf
GDMANE	rib__D_c	-0.0	0.0	1.0801789763529996	Inf	0.0
GDMANE	xtsn_c	-0.0	0.0	0.0	Inf	Inf
GDMANE	rml_c	-0.0	-0.32972099385763914	0.0	-0.0	Inf
GDMANE	thym_c	-0.0	-88.97452430526482	0.0	-0.0	Inf
GDMANE	thymd_c	-0.0	-0.023133624608788674	0.0	-0.0	Inf
GDMANE	xu5p__L_c	-0.0	-0.1978325963145835	0.0	-0.0	Inf
GDMANE	rmn_c	-0.0	-0.32972099385763914	0.0	-0.0	Inf
GDMANE	xyl__D_c	0.0	0.0	0.0	Inf	Inf
GDMANE	tmao_c	0.0	0.0	0.0	Inf	Inf
GDMANE	xylu__D_c	-0.0	0.0	0.0	Inf	Inf
GDMANE	xylu__L_c	-0.0	-0.1978325963145835	0.0	-0.0	Inf
GDMANE	12ppd__R_e	-0.0	-1000.0	0.0	-0.0	Inf
GDMANE	12ppd__S_e	-0.0	-1000.0	0.0	-0.0	Inf
GDMANE	tre_c	-0.0	-0.08243024846440979	0.0	-0.0	Inf
GDMANE	seln_c	0.0	0.0	0.0	Inf	Inf
GDMANE	34dhpac_e	-0.0	-1000.0	0.0	-0.0	Inf
GDMANE	slnt_c	0.0	0.0	0.0	Inf	Inf
GDMANE	so2_c	0.0	0.0	0.0	Inf	Inf
GDMANE	so3_c	-0.0	-0.21914613616933357	4.4487262152632265	-0.0	0.0
GDMANE	so4_c	-0.0	-0.22298140573873376	88.97452430526482	-0.0	0.0
GDMANE	4hoxpacd_e	-0.0	-1000.0	0.0	-0.0	Inf
GDMANE	5mtr_e	-0.0	0.0	0.0	Inf	Inf
GDMANE	LalaDgluMdap_e	-0.0	-1000.0	0.0	-0.0	Inf
GDMANE	ac_e	-0.0	0.0	0.0	Inf	Inf
GDMANE	acald_e	-0.0	-1000.0	0.0	-0.0	Inf
GDMANE	acgal_e	-0.0	-1000.0	0.0	-0.0	Inf
GDMANE	acgam_e	-0.0	-1000.0	0.0	-0.0	Inf
GDMANE	acmana_e	-0.0	-1000.0	0.0	-0.0	Inf
GDMANE	tagur_c	-0.0	0.0	0.0	Inf	Inf
GDMANE	tartr__L_c	-0.0	-0.32972099385763914	0.0	-0.0	Inf
GDMANE	ade_e	-0.0	-1000.0	0.0	-0.0	Inf
GDMANE	adn_e	-0.0	-1000.0	0.0	-0.0	Inf
GDMANE	all__D_e	-0.0	-1000.0	0.0	-0.0	Inf
GDMANE	cl_e	-0.0	-0.004601793017172895	999.9953982069828	-0.0	0.0
GDMANE	alltn_e	-0.0	0.0	0.0	Inf	Inf
GDMANE	cm_e	-0.0	-1000.0	0.0	-0.0	Inf
GDMANE	co2_e	-0.0	-976.2912922312261	23.708707768773934	-0.0	0.0
GDMANE	arab__L_e	-0.0	-1000.0	0.0	-0.0	Inf
GDMANE	arbt_e	-0.0	-1000.0	0.0	-0.0	Inf
GDMANE	unagamu_c	-0.0	0.0	0.04737999998200426	Inf	0.0
GDMANE	crn_e	-0.0	-1000.0	0.0	-0.0	Inf
GDMANE	csn_e	-0.0	-1000.0	0.0	-0.0	Inf
GDMANE	cyan_e	-0.0	-1000.0	0.0	-0.0	Inf
GDMANE	glyb_e	-0.0	-1000.0	0.0	-0.0	Inf
GDMANE	glyc_e	-0.0	-1000.0	0.0	-0.0	Inf
GDMANE	cytd_e	-0.0	-1000.0	0.0	-0.0	Inf
GDMANE	ca2_e	-0.0	-0.004601793017172895	999.9953982069828	-0.0	0.0
GDMANE	dad_2_e	-0.0	-1000.0	0.0	-0.0	Inf
GDMANE	dcyt_e	-0.0	-1000.0	0.0	-0.0	Inf
GDMANE	chol_e	-0.0	-1000.0	0.0	-0.0	Inf
GDMANE	dha_e	-0.0	-1000.0	0.0	-0.0	Inf
GDMANE	ppal_e	-0.0	-1000.0	0.0	-0.0	Inf
GDMANE	h2_e	-0.0	0.0	0.8528400000360534	Inf	0.0
GDMANE	dms_e	-0.0	-1000.0	0.0	-0.0	Inf
GDMANE	dmso_e	-0.0	-1000.0	0.0	-0.0	Inf
GDMANE	h2o2_e	-0.0	-1000.0	0.0	-0.0	Inf
GDMANE	psclys_e	-0.0	-1000.0	0.0	-0.0	Inf
GDMANE	duri_e	-0.0	-1000.0	0.0	-0.0	Inf
GDMANE	pydx_e	-0.0	-1000.0	0.0	-0.0	Inf
GDMANE	pydxn_e	-0.0	-1000.0	0.0	-0.0	Inf
GDMANE	etoh_e	-0.0	-1000.0	0.0	-0.0	Inf
GDMANE	fald_e	-0.0	0.0	0.0	Inf	Inf
GDMANE	rib__D_e	-0.0	-1000.0	0.0	-0.0	Inf
GDMANE	rmn_e	-0.0	-1000.0	0.0	-0.0	Inf
GDMANE	indole_e	-0.0	-1000.0	0.0	-0.0	Inf
GDMANE	inost_e	-0.0	-1000.0	0.0	-0.0	Inf
GDMANE	sbt__D_e	-0.0	-0.32972099385763914	0.0	-0.0	Inf
GDMANE	k_e	-0.0	-0.17257210075149487	999.8274278992485	-0.0	0.0
GDMANE	for_e	-0.0	0.0	0.002168722046969945	Inf	0.0
GDMANE	slnt_e	-0.0	0.0	1000.0	Inf	0.0
GDMANE	fru_e	-0.0	-1000.0	0.0	-0.0	Inf
GDMANE	so2_e	-0.0	-1000.0	0.0	-0.0	Inf
GDMANE	so3_e	-0.0	-1000.0	0.0	-0.0	Inf
GDMANE	so4_e	-0.0	-0.22298140573877845	999.7770185942612	-0.0	0.0
GDMANE	lipa_cold_e	-0.0	-1000.0	0.0	-0.0	Inf
GDMANE	sucr_e	-0.0	-1000.0	0.0	-0.0	Inf
GDMANE	g3pe_e	-0.0	-1000.0	0.0	-0.0	Inf
GDMANE	malt_e	-0.0	-1000.0	0.0	-0.0	Inf
GDMANE	tartr__L_e	-0.0	-1000.0	0.0	-0.0	Inf
GDMANE	g3pi_e	-0.0	-1000.0	0.0	-0.0	Inf
GDMANE	malthx_e	-0.0	-1000.0	0.0	-0.0	Inf
GDMANE	maltpt_e	-0.0	-1000.0	0.0	-0.0	Inf
GDMANE	gal_e	-0.0	-1000.0	0.0	-0.0	Inf
GDMANE	gal_bD_e	-0.0	-1000.0	0.0	-0.0	Inf
GDMANE	malttr_e	-0.0	-1000.0	0.0	-0.0	Inf
GDMANE	maltttr_e	-0.0	-1000.0	0.0	-0.0	Inf
GDMANE	man_e	-0.0	-1000.0	0.0	-0.0	Inf
GDMANE	thym_e	-0.0	-1000.0	0.0	-0.0	Inf
GDMANE	thymd_e	-0.0	-1000.0	0.0	-0.0	Inf
GDMANE	galt_e	-0.0	-0.32972099385763914	0.0	-0.0	Inf
GDMANE	melib_e	-0.0	-1000.0	0.0	-0.0	Inf
GDMANE	meoh_e	-0.0	-999.9999982317798	1.7682201587376767e-06	-0.0	0.0
GDMANE	tmao_e	-0.0	-1000.0	0.0	-0.0	Inf
GDMANE	tre_e	-0.0	-1000.0	0.0	-0.0	Inf
GDMANE	metsox_S__L_e	-0.0	-1000.0	0.0	-0.0	Inf
GDMANE	glc__D_e	-0.0	-0.49458149078645874	0.9997137562389355	-0.0	0.0
GDMANE	mg2_e	-0.0	-0.007669655028710609	999.9923303449713	-0.0	0.0
GDMANE	mnl_e	-0.0	-1000.0	0.0	-0.0	Inf
GDMANE	mobd_e	-0.0	-0.00011405020154597878	999.9998859497985	-0.0	0.0
GDMANE	glyald_e	-0.0	-1000.0	0.0	-0.0	Inf
GDMANE	n2o_e	-0.0	-1000.0	0.0	-0.0	Inf
GDMANE	na1_e	-0.0	-1000.0	0.0	-0.0	Inf
GDMANE	nac_e	-0.0	-1000.0	0.0	-0.0	Inf
GDMANE	ni2_e	-0.0	-0.0002855675589898965	999.999714432441	-0.0	0.0
GDMANE	no_e	-0.0	-1000.0	0.0	-0.0	Inf
GDMANE	no2_e	-0.0	-1000.0	0.0	-0.0	Inf
GDMANE	ura_e	-0.0	-1000.0	0.0	-0.0	Inf
GDMANE	no3_e	-0.0	-1000.0	0.0	-0.0	Inf
GDMANE	urea_e	-0.0	-1000.0	0.0	-0.0	Inf
GDMANE	novbcn_e	-0.0	-1000.0	0.0	-0.0	Inf
GDMANE	uri_e	-0.0	-1000.0	0.0	-0.0	Inf
GDMANE	o2_e	-0.0	-22.24679416070944	977.7532058392906	-0.0	0.0
GDMANE	xan_e	-0.0	0.0	0.0	Inf	Inf
GDMANE	xtsn_e	-0.0	-1000.0	0.0	-0.0	Inf
GDMANE	xyl__D_e	-0.0	-1000.0	0.0	-0.0	Inf
GDMANE	xylu__L_e	-0.0	-1000.0	0.0	-0.0	Inf
GDMANE	pacald_e	-0.0	-1000.0	0.0	-0.0	Inf
GDMANE	12dgr120_p	-0.0	0.0	0.0	Inf	Inf
GDMANE	12dgr140_p	-0.0	0.0	0.0	Inf	Inf
GDMANE	12dgr160_p	-0.0	-0.05641860126825807	0.0	-0.0	Inf
GDMANE	12dgr180_p	-0.0	0.0	0.0	Inf	Inf
GDMANE	12ppd__R_p	-0.0	-1000.0	0.0	-0.0	Inf
GDMANE	12ppd__S_p	-0.0	0.0	0.0	Inf	Inf
GDMANE	chol_p	-0.0	-1000.0	0.0	-0.0	Inf
GDMANE	cl_p	-0.0	-0.004601793017172895	999.9953982069828	-0.0	0.0
GDMANE	34dhpac_p	-0.0	-1000.0	0.0	-0.0	Inf
GDMANE	cm_p	-0.0	0.0	0.0	Inf	Inf
GDMANE	4hoxpacd_p	-0.0	-1000.0	0.0	-0.0	Inf
GDMANE	co2_p	-0.0	-976.2912922312261	23.708707768773934	-0.0	0.0
GDMANE	5mtr_p	-0.0	0.0	0.0	Inf	Inf
GDMANE	LalaDgluMdap_p	-0.0	-0.02456765117438736	0.0	-0.0	Inf
GDMANE	gal_p	-0.0	-1000.0	0.0	-0.0	Inf
GDMANE	ac_p	-0.0	-8.130311749896741	0.0	-0.0	Inf
GDMANE	crn_p	-0.0	-1000.0	0.0	-0.0	Inf
GDMANE	gal_bD_p	-0.0	-1000.0	0.0	-0.0	Inf
GDMANE	acald_p	-0.0	-1000.0	0.0	-0.0	Inf
GDMANE	acgal_p	-0.0	-1000.0	0.0	-0.0	Inf
GDMANE	csn_p	-0.0	0.0	0.0	Inf	Inf
GDMANE	acgam_p	-0.0	-1000.0	0.0	-0.0	Inf
GDMANE	galt_p	-0.0	-0.32972099385763914	0.0	-0.0	Inf
GDMANE	acmana_p	-0.0	-1000.0	0.0	-0.0	Inf
GDMANE	cyan_p	-0.0	0.0	0.0	Inf	Inf
GDMANE	ade_p	-0.0	-1000.0	0.0	-0.0	Inf
GDMANE	adn_p	-0.0	0.0	0.0005950060903909933	Inf	0.0
GDMANE	cytd_p	-0.0	0.0	0.0	Inf	Inf
GDMANE	glc__D_p	-0.0	-0.49458149078645874	0.9997137562389355	-0.0	0.0
GDMANE	dad_2_p	-0.0	-1000.0	0.0	-0.0	Inf
GDMANE	dcyt_p	-0.0	-1000.0	0.0	-0.0	Inf
GDMANE	all__D_p	-0.0	0.0	0.0	Inf	Inf
GDMANE	alltn_p	-0.0	0.0	0.0	Inf	Inf
GDMANE	dha_p	-0.0	-1000.0	0.0	-0.0	Inf
GDMANE	glyald_p	-0.0	-1000.0	0.0	-0.0	Inf
GDMANE	glyb_p	0.0	0.0	0.0	Inf	Inf
GDMANE	dms_p	-0.0	-1000.0	0.0	-0.0	Inf
GDMANE	glyc_p	-0.0	-0.12291605755983612	0.0	-0.0	Inf
GDMANE	dmso_p	-0.0	-1000.0	0.0	-0.0	Inf
GDMANE	arab__L_p	-0.0	0.0	0.0	Inf	Inf
GDMANE	arbt_p	0.0	0.0	0.0	Inf	Inf
GDMANE	ca2_p	-0.0	-0.004601793017172895	999.9953982069828	-0.0	0.0
GDMANE	duri_p	-0.0	-1000.0	0.0	-0.0	Inf
GDMANE	h2_p	-0.0	-618.4299509015012	0.8528400000360534	-0.0	0.0
GDMANE	h2o2_p	-0.0	-1000.0	0.0	-0.0	Inf
GDMANE	etoh_p	-0.0	-1000.0	0.0	-0.0	Inf
GDMANE	fald_p	-0.0	0.0	0.0	Inf	Inf
GDMANE	n2o_p	-0.0	-1000.0	0.0	-0.0	Inf
GDMANE	na1_p	-0.0	-1000.0	0.0	-0.0	Inf
GDMANE	indole_p	-0.0	0.0	0.4500745734804165	Inf	0.0
GDMANE	nac_p	-0.0	-1000.0	0.0	-0.0	Inf
GDMANE	ni2_p	-0.0	-0.0002855675589898965	999.999714432441	-0.0	0.0
GDMANE	inost_p	-0.0	-1000.0	0.0	-0.0	Inf
GDMANE	no_p	-0.0	-1000.0	0.0	-0.0	Inf
GDMANE	no2_p	-0.0	-1000.0	0.0	-0.0	Inf
GDMANE	for_p	-0.0	0.0	0.002168722046969945	Inf	0.0
GDMANE	fru_p	-0.0	-1000.0	0.0	-0.0	Inf
GDMANE	no3_p	-0.0	0.0	0.0	Inf	Inf
GDMANE	k_p	-0.0	-0.17257210075149487	999.8274278992485	-0.0	0.0
GDMANE	novbcn_p	-0.0	0.0	0.0	Inf	Inf
GDMANE	o2_p	-0.0	-22.24679416070944	977.7532058392906	-0.0	0.0
GDMANE	lipa_cold_p	-0.0	-22.243631076316206	0.0	-0.0	Inf
GDMANE	g3pe_p	-0.0	0.0	0.0	Inf	Inf
GDMANE	g3pi_p	-0.0	0.0	0.0	Inf	Inf
GDMANE	so3_p	-0.0	-1000.0	0.0	-0.0	Inf
GDMANE	so4_p	-0.0	-0.22298140573873376	999.7770185942612	-0.0	0.0
GDMANE	malt_p	0.0	0.0	0.0	Inf	Inf
GDMANE	malthx_p	0.0	0.0	0.0	Inf	Inf
GDMANE	maltpt_p	0.0	0.0	0.0	Inf	Inf
GDMANE	sucr_p	-0.0	-1000.0	0.0	-0.0	Inf
GDMANE	malttr_p	0.0	0.0	0.0	Inf	Inf
GDMANE	maltttr_p	0.0	0.0	0.0	Inf	Inf
GDMANE	pacald_p	-0.0	-1000.0	0.0	-0.0	Inf
GDMANE	man_p	-0.0	-1000.0	0.0	-0.0	Inf
GDMANE	tartr__L_p	-0.0	-1000.0	0.0	-0.0	Inf
GDMANE	pe120_p	-0.0	0.0	0.0	Inf	Inf
GDMANE	melib_p	-0.0	-1000.0	0.0	-0.0	Inf
GDMANE	meoh_p	-0.0	-999.9999982317798	1.7682201587376767e-06	-0.0	0.0
GDMANE	thym_p	-0.0	-1000.0	0.0	-0.0	Inf
GDMANE	thymd_p	-0.0	-0.023133624608788674	0.0	-0.0	Inf
GDMANE	pg120_p	-0.0	-0.06145802877991806	0.0	-0.0	Inf
GDMANE	metsox_S__L_p	-0.0	-1000.0	0.0	-0.0	Inf
GDMANE	tmao_p	-0.0	-1000.0	0.0	-0.0	Inf
GDMANE	mg2_p	-0.0	-0.007669655028710609	999.9923303449713	-0.0	0.0
GDMANE	tre_p	-0.0	0.0	0.0	Inf	Inf
GDMANE	mnl_p	-0.0	0.0	0.0	Inf	Inf
GDMANE	mobd_p	-0.0	-0.00011405020154597878	999.9998859497985	-0.0	0.0
GDMANE	ura_p	-0.0	-1000.0	0.0	-0.0	Inf
GDMANE	urea_p	-0.0	-1000.0	0.0	-0.0	Inf
GDMANE	uri_p	-0.0	0.0	0.0	Inf	Inf
GDMANE	xan_p	-0.0	-0.09655277880233323	0.0	-0.0	Inf
GDMANE	xtsn_p	-0.0	0.0	0.0	Inf	Inf
GDMANE	xyl__D_p	-0.0	0.0	0.0	Inf	Inf
GDMANE	xylu__L_p	-0.0	-1000.0	0.0	-0.0	Inf
GDMANE	ppal_p	-0.0	-1000.0	0.0	-0.0	Inf
GDMANE	psclys_p	-0.0	-1000.0	0.0	-0.0	Inf
GDMANE	pydx_p	-0.0	0.0	0.0	Inf	Inf
GDMANE	pydxn_p	-0.0	0.0	0.0	Inf	Inf
GDMANE	rib__D_p	-0.0	-1000.0	0.0	-0.0	Inf
GDMANE	rmn_p	-0.0	-1000.0	0.0	-0.0	Inf
GDMANE	sbt__D_p	-0.0	-0.32972099385763914	0.0	-0.0	Inf
GDMANE	slnt_p	-0.0	0.0	0.0	Inf	Inf
GDMANE	so2_p	-0.0	-1000.0	0.0	-0.0	Inf
