Reaction	Metabolite	ShadowPrice	G-	G+	DecrementalShadowPrice	IncrementalShadowPrice
DXYLK	12dgr120_c	-0.0	0.0	0.0	Inf	Inf
DXYLK	12dgr140_c	-0.0	0.0	0.0	Inf	Inf
DXYLK	12dgr160_c	-0.0	-0.05507303310798761	0.0	-0.0	Inf
DXYLK	12dgr180_c	-0.0	0.0	0.0	Inf	Inf
DXYLK	12ppd__R_c	-0.0	-1000.0	0.0	-0.0	Inf
DXYLK	12ppd__S_c	-0.0	0.0	0.0	Inf	Inf
DXYLK	5drib_c	-0.0	-999.999805819531	0.00019418046900835883	-0.0	0.0
DXYLK	5mta_c	-0.0	0.0	0.0	Inf	Inf
DXYLK	23dhacoa_c	-0.0	-0.000497102000982963	0.0	-0.0	Inf
DXYLK	5mtr_c	-0.0	0.0	0.0	Inf	Inf
DXYLK	3amac_c	-0.0	-7.936406045454301	0.0	-0.0	Inf
DXYLK	LalaDgluMdap_c	-0.0	-0.023981719434685668	0.0	-0.0	Inf
DXYLK	ac_c	-0.0	-7.936406045451298	0.502777248502516	-0.0	0.0
DXYLK	acald_c	-0.0	0.0	2.99384043260696	Inf	0.0
DXYLK	acetol_c	-0.0	0.0	0.0	Inf	Inf
DXYLK	acgam_c	-0.0	-0.08142953390555856	0.0	-0.0	Inf
DXYLK	acgam6p_c	-0.0	-0.08142953390555856	0.0	-0.0	Inf
DXYLK	acmalt_c	0.0	0.0	0.0	Inf	Inf
DXYLK	acmana_c	-0.0	-0.08142953390555856	0.0	-0.0	Inf
DXYLK	2dmmq8_c	-0.0	0.0	0.0	Inf	Inf
DXYLK	2dmmql8_c	0.0	0.0	0.0	Inf	Inf
DXYLK	ade_c	-0.0	-0.09425002151465345	0.0005808153583929803	-0.0	0.0
DXYLK	adn_c	-0.0	0.0	0.0005808153583929803	Inf	0.0
DXYLK	3sala_c	0.0	0.0	0.0	Inf	Inf
DXYLK	adphep_DD_c	-0.0	0.0	0.0	Inf	Inf
DXYLK	adphep_LD_c	-0.0	0.0	0.0	Inf	Inf
DXYLK	4ahmmp_c	0.0	0.0	0.0	Inf	Inf
DXYLK	4crsol_c	-0.0	-999.9998075455796	0.0001924544203949512	-0.0	0.0
DXYLK	2ohph_c	-0.0	-0.0001924544203949512	0.11215219102377914	-0.0	0.0
DXYLK	2ombzl_c	-0.0	0.0	0.0	Inf	Inf
DXYLK	2omhmbl_c	-0.0	0.0	0.0	Inf	Inf
DXYLK	2ommbl_c	0.0	0.0	0.0	Inf	Inf
DXYLK	2omph_c	-0.0	0.0	0.10129535298294289	Inf	0.0
DXYLK	4mhetz_c	0.0	0.0	0.0	Inf	Inf
DXYLK	2oph_c	-0.0	-0.0001924544203949512	0.11215219102377914	-0.0	0.0
DXYLK	2oxpaccoa_c	-0.0	-0.000497102000982963	0.0	-0.0	Inf
DXYLK	all__D_c	-0.0	-0.08142953390555856	0.0	-0.0	Inf
DXYLK	alltn_c	-0.0	-0.16285906781111711	0.0	-0.0	Inf
DXYLK	4r5au_c	-0.0	-0.000384908841661981	0.6785361574982012	-0.0	0.0
DXYLK	56dura_c	0.0	0.0	0.0	Inf	Inf
DXYLK	arab__L_c	-0.0	-0.09771544068667026	0.0	-0.0	Inf
DXYLK	etoh_c	-0.0	-1000.0	0.0	-0.0	Inf
DXYLK	csn_c	-0.0	0.0	0.0	Inf	Inf
DXYLK	fald_c	-0.0	0.0	0.0	Inf	Inf
DXYLK	fc1p_c	-0.0	-0.16285906781111711	0.0	-0.0	Inf
DXYLK	fcl__L_c	-0.0	0.0	0.0	Inf	Inf
DXYLK	aso4_c	0.0	0.0	0.0	Inf	Inf
DXYLK	cyan_c	0.0	0.0	0.0	Inf	Inf
DXYLK	athtp_c	0.0	0.0	0.0	Inf	Inf
DXYLK	cytd_c	-0.0	-0.061072150429168914	0.0	-0.0	Inf
DXYLK	dad_2_c	-0.0	0.0	0.0	Inf	Inf
DXYLK	dad_5_c	-0.0	-0.09425002151465345	0.00019418046900835883	-0.0	0.0
DXYLK	betald_c	0.0	0.0	0.0	Inf	Inf
DXYLK	btal_c	-0.0	-528.3091460387053	0.0	-0.0	Inf
DXYLK	for_c	-0.0	-0.09425002151465378	0.0021169986269621377	-0.0	0.0
DXYLK	dcyt_c	-0.0	0.0	0.0	Inf	Inf
DXYLK	fru_c	-0.0	-0.08142953390555856	0.0	-0.0	Inf
DXYLK	ca2_c	-0.0	-0.004492041516414247	999.9955079584836	-0.0	0.0
DXYLK	g3pe_c	-0.0	0.0	0.0	Inf	Inf
DXYLK	g3pi_c	0.0	0.0	0.0	Inf	Inf
DXYLK	cbm_c	-0.0	-3.968203022727145	0.0	-0.0	Inf
DXYLK	dha_c	-0.0	-0.16285906781111711	0.0	-0.0	Inf
DXYLK	gal_c	-0.0	0.0	0.0	Inf	Inf
DXYLK	dhgly_c	-0.0	-0.0001924544203949512	0.37011063136265654	-0.0	0.0
DXYLK	dhmptp_c	0.0	0.0	0.0	Inf	Inf
DXYLK	gcald_c	-0.0	-0.16285906781111711	0.0005773632611862922	-0.0	0.0
DXYLK	dhptd_c	-0.0	-47.36314415045263	0.0003866348893846214	-0.0	0.0
DXYLK	cechddd_c	-0.0	0.0	0.0	Inf	Inf
DXYLK	dhptdn_c	0.0	0.0	0.0	Inf	Inf
DXYLK	chol_c	0.0	0.0	0.0	Inf	Inf
DXYLK	chtbs6p_c	-0.0	0.0	0.0	Inf	Inf
DXYLK	dmbzid_c	0.0	0.0	0.0	Inf	Inf
DXYLK	dms_c	0.0	0.0	0.0	Inf	Inf
DXYLK	dmso_c	0.0	0.0	0.0	Inf	Inf
DXYLK	cl_c	-0.0	-0.004492041516393368	999.9955079584836	-0.0	0.0
DXYLK	glc__D_c	-0.0	-0.08142953390555856	0.0	-0.0	Inf
DXYLK	co2_c	-0.0	-975.4257548690474	24.57424513095259	-0.0	0.0
DXYLK	dscl_c	-0.0	-0.0001924544203949512	0.13191952946615812	-0.0	0.0
DXYLK	dtdp4aaddg_c	-0.0	0.0	0.0	Inf	Inf
DXYLK	glyald_c	-0.0	-1000.0	0.0	-0.0	Inf
DXYLK	crn_c	-0.0	-1000.0	0.0	-0.0	Inf
DXYLK	duri_c	-0.0	0.0	0.0	Inf	Inf
DXYLK	glyb_c	0.0	0.0	0.0	Inf	Inf
DXYLK	glyc_c	-0.0	-0.11998454331241828	0.0	-0.0	Inf
DXYLK	dxyl_c	-1.0	-0.0024466739095456097	0.0	-1.0	Inf
DXYLK	glycogen_c	-0.0	-0.09771544068667026	0.0	-0.0	Inf
DXYLK	gmhep1p_c	-0.0	0.0	0.09249999999605431	Inf	0.0
DXYLK	lipa_cold_c	-0.0	0.0	0.0	Inf	Inf
DXYLK	lipidA_c	-0.0	-0.016791000911211995	0.046249999997967015	-0.0	0.0
DXYLK	malt_c	0.0	0.0	0.0	Inf	Inf
DXYLK	h2_c	-0.0	-616.3606703784899	0.8325000000039608	-0.0	0.0
DXYLK	malthx_c	-0.0	0.0	0.0	Inf	Inf
DXYLK	maltpt_c	-0.0	0.0	0.0	Inf	Inf
DXYLK	malttr_c	-0.0	0.0	0.0	Inf	Inf
DXYLK	maltttr_c	-0.0	0.0	0.0	Inf	Inf
DXYLK	h2o2_c	-0.0	-46.29439552260234	0.0021584237920251326	-0.0	0.0
DXYLK	man_c	-0.0	0.0	0.0	Inf	Inf
DXYLK	mdhdhf_c	-0.0	-47.36314415045263	0.0003866348893846214	-0.0	0.0
DXYLK	melib_c	-0.0	0.0	0.0	Inf	Inf
DXYLK	meoh_c	-0.0	-999.9999982739514	1.7260485947190318e-06	-0.0	0.0
DXYLK	pacald_c	-0.0	-1000.0	0.0	-0.0	Inf
DXYLK	metsox_S__L_c	-0.0	-0.06514362712444684	0.0	-0.0	Inf
DXYLK	mg2_c	-0.0	-0.007486735860655613	999.9925132641393	-0.0	0.0
DXYLK	hhlipa_c	-0.0	0.0	0.0	Inf	Inf
DXYLK	pe120_c	-0.0	0.0	0.0	Inf	Inf
DXYLK	mobd_c	-0.0	-0.00011133013556479239	26.944563893462828	-0.0	0.0
DXYLK	hlipa_c	-0.0	0.0	0.0	Inf	Inf
DXYLK	pg120_c	-0.0	-0.05999227165620914	0.0	-0.0	Inf
DXYLK	mql8_c	0.0	0.0	0.0	Inf	Inf
DXYLK	mqn8_c	-0.0	0.0	0.0	Inf	Inf
DXYLK	mthgxl_c	-0.0	0.0	0.0	Inf	Inf
DXYLK	hqn_c	0.0	0.0	0.0	Inf	Inf
DXYLK	mththf_c	-0.0	-999.9996133651106	0.0003866348893846214	-0.0	0.0
DXYLK	n2o_c	-0.0	-1000.0	0.0	-0.0	Inf
DXYLK	na1_c	-0.0	-107.77825557385131	0.0	-0.0	Inf
DXYLK	nac_c	-0.0	0.0	0.0	Inf	Inf
DXYLK	ncam_c	-0.0	0.0	0.0	Inf	Inf
DXYLK	ni2_c	-0.0	-0.0002787568510653329	999.9997212431489	-0.0	0.0
DXYLK	no_c	-0.0	-1000.0	0.0	-0.0	Inf
DXYLK	indole_c	-0.0	-0.04071476695277928	0.5089021181236527	-0.0	0.0
DXYLK	no2_c	-0.0	-1000.0	0.0	-0.0	Inf
DXYLK	no3_c	0.0	0.0	0.0	Inf	Inf
DXYLK	inost_c	0.0	0.0	0.0	Inf	Inf
DXYLK	o2_c	-0.0	-23.14719776130117	976.8528022386988	-0.0	0.0
DXYLK	poaac_c	-0.0	-8.290635044142366	0.0	-0.0	Inf
DXYLK	ppal_c	-0.0	0.0	0.0	Inf	Inf
DXYLK	k_c	-0.0	-0.16845630349843815	107.77825557385131	-0.0	0.0
DXYLK	psclys_c	-0.0	0.0	0.0	Inf	Inf
DXYLK	lald__D_c	-0.0	0.0	0.0	Inf	Inf
DXYLK	lald__L_c	-0.0	-82.55584456906308	0.0	-0.0	Inf
DXYLK	ura_c	-0.0	0.0	0.0	Inf	Inf
DXYLK	pydx_c	-0.0	0.0	0.7633531771854791	Inf	0.0
DXYLK	uracp_c	-0.0	-4.66068682223198	0.0	-0.0	Inf
DXYLK	pydxn_c	-0.0	0.0	0.7633531771854791	Inf	0.0
DXYLK	urate_c	-0.0	-0.16285906781111711	0.0	-0.0	Inf
DXYLK	q8_c	-0.0	0.0	0.0	Inf	Inf
DXYLK	q8h2_c	0.0	0.0	0.0	Inf	Inf
DXYLK	urea_c	-0.0	-1000.0	0.0	-0.0	Inf
DXYLK	uri_c	-0.0	0.0	0.7184500491157451	Inf	0.0
DXYLK	rbflvrd_c	-0.0	0.0	0.04712501075732703	Inf	0.0
DXYLK	rbl__L_c	-0.0	-0.09771544068667026	0.0	-0.0	Inf
DXYLK	rdmbzi_c	0.0	0.0	0.0	Inf	Inf
DXYLK	thptdn_c	0.0	0.0	0.0	Inf	Inf
DXYLK	xan_c	-0.0	0.0	0.0	Inf	Inf
DXYLK	rephaccoa_c	-0.0	-0.000497102000982963	0.0	-0.0	Inf
DXYLK	rib__D_c	-0.0	0.0	1.2213650834967666	Inf	0.0
DXYLK	xtsn_c	-0.0	0.0	0.0	Inf	Inf
DXYLK	rml_c	-0.0	-0.16285906781111711	0.0	-0.0	Inf
DXYLK	thym_c	-0.0	-107.77825557385131	0.0	-0.0	Inf
DXYLK	thymd_c	-0.0	-0.022581894009212074	0.0	-0.0	Inf
DXYLK	xu5p__L_c	-0.0	-0.09771544068667026	0.0	-0.0	Inf
DXYLK	rmn_c	-0.0	-0.16285906781111711	0.0	-0.0	Inf
DXYLK	xyl__D_c	0.0	0.0	0.0	Inf	Inf
DXYLK	tmao_c	0.0	0.0	0.0	Inf	Inf
DXYLK	xylu__D_c	-0.0	0.0	0.0	Inf	Inf
DXYLK	xylu__L_c	-0.0	-0.09771544068667026	0.0	-0.0	Inf
DXYLK	12ppd__R_e	-0.0	-1000.0	0.0	-0.0	Inf
DXYLK	12ppd__S_e	-0.0	-1000.0	0.0	-0.0	Inf
DXYLK	tre_c	-0.0	-0.04071476695277928	0.0	-0.0	Inf
DXYLK	seln_c	0.0	0.0	0.0	Inf	Inf
DXYLK	34dhpac_e	-0.0	-1000.0	0.0	-0.0	Inf
DXYLK	slnt_c	0.0	0.0	0.0	Inf	Inf
DXYLK	so2_c	0.0	0.0	0.0	Inf	Inf
DXYLK	so3_c	-0.0	-0.21391956095153675	5.388912778692548	-0.0	0.0
DXYLK	so4_c	-0.0	-0.21766336039399903	107.77825557385131	-0.0	0.0
DXYLK	4hoxpacd_e	-0.0	-1000.0	0.0	-0.0	Inf
DXYLK	5mtr_e	-0.0	0.0	0.0	Inf	Inf
DXYLK	LalaDgluMdap_e	-0.0	-1000.0	0.0	-0.0	Inf
DXYLK	ac_e	-0.0	0.0	0.0	Inf	Inf
DXYLK	acald_e	-0.0	-1000.0	0.0	-0.0	Inf
DXYLK	acgal_e	-0.0	-1000.0	0.0	-0.0	Inf
DXYLK	acgam_e	-0.0	-1000.0	0.0	-0.0	Inf
DXYLK	acmana_e	-0.0	-1000.0	0.0	-0.0	Inf
DXYLK	tagur_c	-0.0	0.0	0.0	Inf	Inf
DXYLK	tartr__L_c	-0.0	-0.16285906781111711	0.0	-0.0	Inf
DXYLK	ade_e	-0.0	-1000.0	0.0	-0.0	Inf
DXYLK	adn_e	-0.0	-1000.0	0.0	-0.0	Inf
DXYLK	all__D_e	-0.0	-1000.0	0.0	-0.0	Inf
DXYLK	cl_e	-0.0	-0.004492041516414247	999.9955079584836	-0.0	0.0
DXYLK	alltn_e	-0.0	0.0	0.0	Inf	Inf
DXYLK	cm_e	-0.0	-1000.0	0.0	-0.0	Inf
DXYLK	co2_e	-0.0	-975.4257548690474	24.57424513095259	-0.0	0.0
DXYLK	arab__L_e	-0.0	-1000.0	0.0	-0.0	Inf
DXYLK	arbt_e	-0.0	-1000.0	0.0	-0.0	Inf
DXYLK	unagamu_c	-0.0	0.0	0.04624999999804983	Inf	0.0
DXYLK	crn_e	-0.0	-1000.0	0.0	-0.0	Inf
DXYLK	csn_e	-0.0	-1000.0	0.0	-0.0	Inf
DXYLK	cyan_e	-0.0	-1000.0	0.0	-0.0	Inf
DXYLK	glyb_e	-0.0	-1000.0	0.0	-0.0	Inf
DXYLK	glyc_e	-0.0	-1000.0	0.0	-0.0	Inf
DXYLK	cytd_e	-0.0	-1000.0	0.0	-0.0	Inf
DXYLK	ca2_e	-0.0	-0.004492041516414247	999.9955079584836	-0.0	0.0
DXYLK	dad_2_e	-0.0	-1000.0	0.0	-0.0	Inf
DXYLK	dcyt_e	-0.0	-1000.0	0.0	-0.0	Inf
DXYLK	chol_e	-0.0	-1000.0	0.0	-0.0	Inf
DXYLK	dha_e	-0.0	-1000.0	0.0	-0.0	Inf
DXYLK	ppal_e	-0.0	-1000.0	0.0	-0.0	Inf
DXYLK	h2_e	-0.0	0.0	0.8325000000039608	Inf	0.0
DXYLK	dms_e	-0.0	-1000.0	0.0	-0.0	Inf
DXYLK	dmso_e	-0.0	-1000.0	0.0	-0.0	Inf
DXYLK	h2o2_e	-0.0	-1000.0	0.0	-0.0	Inf
DXYLK	psclys_e	-0.0	-1000.0	0.0	-0.0	Inf
DXYLK	duri_e	-0.0	-1000.0	0.0	-0.0	Inf
DXYLK	pydx_e	-0.0	-1000.0	0.0	-0.0	Inf
DXYLK	pydxn_e	-0.0	-1000.0	0.0	-0.0	Inf
DXYLK	etoh_e	-0.0	-1000.0	0.0	-0.0	Inf
DXYLK	fald_e	-0.0	0.0	0.0	Inf	Inf
DXYLK	rib__D_e	-0.0	-1000.0	0.0	-0.0	Inf
DXYLK	rmn_e	-0.0	-1000.0	0.0	-0.0	Inf
DXYLK	indole_e	-0.0	-1000.0	0.0	-0.0	Inf
DXYLK	inost_e	-0.0	-1000.0	0.0	-0.0	Inf
DXYLK	sbt__D_e	-0.0	-0.16285906781111711	0.0	-0.0	Inf
DXYLK	k_e	-0.0	-0.16845630349848761	999.8315436965015	-0.0	0.0
DXYLK	for_e	-0.0	0.0	0.0021169986269621377	Inf	0.0
DXYLK	slnt_e	-0.0	0.0	1000.0	Inf	0.0
DXYLK	fru_e	-0.0	-1000.0	0.0	-0.0	Inf
DXYLK	so2_e	-0.0	-1000.0	0.0	-0.0	Inf
DXYLK	so3_e	-0.0	-1000.0	0.0	-0.0	Inf
DXYLK	so4_e	-0.0	-0.21766336039399903	999.782336639606	-0.0	0.0
DXYLK	lipa_cold_e	-0.0	-1000.0	0.0	-0.0	Inf
DXYLK	sucr_e	-0.0	-1000.0	0.0	-0.0	Inf
DXYLK	g3pe_e	-0.0	-1000.0	0.0	-0.0	Inf
DXYLK	malt_e	-0.0	-1000.0	0.0	-0.0	Inf
DXYLK	tartr__L_e	-0.0	-1000.0	0.0	-0.0	Inf
DXYLK	g3pi_e	-0.0	-1000.0	0.0	-0.0	Inf
DXYLK	malthx_e	-0.0	-1000.0	0.0	-0.0	Inf
DXYLK	maltpt_e	-0.0	-1000.0	0.0	-0.0	Inf
DXYLK	gal_e	-0.0	-1000.0	0.0	-0.0	Inf
DXYLK	gal_bD_e	-0.0	-1000.0	0.0	-0.0	Inf
DXYLK	malttr_e	-0.0	-1000.0	0.0	-0.0	Inf
DXYLK	maltttr_e	-0.0	-1000.0	0.0	-0.0	Inf
DXYLK	man_e	-0.0	-1000.0	0.0	-0.0	Inf
DXYLK	thym_e	-0.0	-1000.0	0.0	-0.0	Inf
DXYLK	thymd_e	-0.0	-1000.0	0.0	-0.0	Inf
DXYLK	galt_e	-0.0	-0.16285906781111711	0.0	-0.0	Inf
DXYLK	melib_e	-0.0	-1000.0	0.0	-0.0	Inf
DXYLK	meoh_e	-0.0	-999.9999982739514	1.7260485947190318e-06	-0.0	0.0
DXYLK	tmao_e	-0.0	-1000.0	0.0	-0.0	Inf
DXYLK	tre_e	-0.0	-1000.0	0.0	-0.0	Inf
DXYLK	metsox_S__L_e	-0.0	-1000.0	0.0	-0.0	Inf
DXYLK	glc__D_e	-0.0	-0.24428860171667566	1.2109916356612567	-0.0	0.0
DXYLK	mg2_e	-0.0	-0.007486735860655613	999.9925132641393	-0.0	0.0
DXYLK	mnl_e	-0.0	-1000.0	0.0	-0.0	Inf
DXYLK	mobd_e	-0.0	-0.00011133013560993277	999.9998886698644	-0.0	0.0
DXYLK	glyald_e	-0.0	-1000.0	0.0	-0.0	Inf
DXYLK	n2o_e	-0.0	-1000.0	0.0	-0.0	Inf
DXYLK	na1_e	-0.0	-1000.0	0.0	-0.0	Inf
DXYLK	nac_e	-0.0	-1000.0	0.0	-0.0	Inf
DXYLK	ni2_e	-0.0	-0.00027875685111666826	999.9997212431489	-0.0	0.0
DXYLK	no_e	-0.0	-1000.0	0.0	-0.0	Inf
DXYLK	no2_e	-0.0	-1000.0	0.0	-0.0	Inf
DXYLK	ura_e	-0.0	-1000.0	0.0	-0.0	Inf
DXYLK	no3_e	-0.0	-1000.0	0.0	-0.0	Inf
DXYLK	urea_e	-0.0	-1000.0	0.0	-0.0	Inf
DXYLK	novbcn_e	-0.0	-1000.0	0.0	-0.0	Inf
DXYLK	uri_e	-0.0	-1000.0	0.0	-0.0	Inf
DXYLK	o2_e	-0.0	-23.147197761301186	976.8528022386988	-0.0	0.0
DXYLK	xan_e	-0.0	0.0	0.0	Inf	Inf
DXYLK	xtsn_e	-0.0	-1000.0	0.0	-0.0	Inf
DXYLK	xyl__D_e	-0.0	-1000.0	0.0	-0.0	Inf
DXYLK	xylu__L_e	-0.0	-1000.0	0.0	-0.0	Inf
DXYLK	pacald_e	-0.0	-1000.0	0.0	-0.0	Inf
DXYLK	12dgr120_p	-0.0	0.0	0.0	Inf	Inf
DXYLK	12dgr140_p	-0.0	0.0	0.0	Inf	Inf
DXYLK	12dgr160_p	-0.0	-0.05507303310798761	0.0	-0.0	Inf
DXYLK	12dgr180_p	-0.0	0.0	0.0	Inf	Inf
DXYLK	12ppd__R_p	-0.0	-1000.0	0.0	-0.0	Inf
DXYLK	12ppd__S_p	-0.0	0.0	0.0	Inf	Inf
DXYLK	chol_p	-0.0	-1000.0	0.0	-0.0	Inf
DXYLK	cl_p	-0.0	-0.004492041516414247	999.9955079584836	-0.0	0.0
DXYLK	34dhpac_p	-0.0	-1000.0	0.0	-0.0	Inf
DXYLK	cm_p	-0.0	0.0	0.0	Inf	Inf
DXYLK	4hoxpacd_p	-0.0	-1000.0	0.0	-0.0	Inf
DXYLK	co2_p	-0.0	-975.4257548690474	24.57424513095259	-0.0	0.0
DXYLK	5mtr_p	-0.0	0.0	0.0	Inf	Inf
DXYLK	LalaDgluMdap_p	-0.0	-0.023981719434685668	0.0	-0.0	Inf
DXYLK	gal_p	-0.0	-1000.0	0.0	-0.0	Inf
DXYLK	ac_p	-0.0	-7.936406045452933	0.0	-0.0	Inf
DXYLK	crn_p	-0.0	-1000.0	0.0	-0.0	Inf
DXYLK	gal_bD_p	-0.0	-1000.0	0.0	-0.0	Inf
DXYLK	acald_p	-0.0	-1000.0	0.0	-0.0	Inf
DXYLK	acgal_p	-0.0	-1000.0	0.0	-0.0	Inf
DXYLK	csn_p	-0.0	0.0	0.0	Inf	Inf
DXYLK	acgam_p	-0.0	-1000.0	0.0	-0.0	Inf
DXYLK	galt_p	-0.0	-0.16285906781111711	0.0	-0.0	Inf
DXYLK	acmana_p	-0.0	-1000.0	0.0	-0.0	Inf
DXYLK	cyan_p	-0.0	0.0	0.0	Inf	Inf
DXYLK	ade_p	-0.0	-1000.0	0.0	-0.0	Inf
DXYLK	adn_p	-0.0	0.0	0.0005808153583929803	Inf	0.0
DXYLK	cytd_p	-0.0	-0.061072150429168914	0.0	-0.0	Inf
DXYLK	glc__D_p	-0.0	-0.24428860171667566	1.2109916356612567	-0.0	0.0
DXYLK	dad_2_p	-0.0	-1000.0	0.0	-0.0	Inf
DXYLK	dcyt_p	-0.0	-1000.0	0.0	-0.0	Inf
DXYLK	all__D_p	-0.0	0.0	0.0	Inf	Inf
DXYLK	alltn_p	-0.0	0.0	0.0	Inf	Inf
DXYLK	dha_p	-0.0	-1000.0	0.0	-0.0	Inf
DXYLK	glyald_p	-0.0	-1000.0	0.0	-0.0	Inf
DXYLK	glyb_p	0.0	0.0	0.0	Inf	Inf
DXYLK	dms_p	-0.0	-1000.0	0.0	-0.0	Inf
DXYLK	glyc_p	-0.0	-0.11998454331241828	0.0	-0.0	Inf
DXYLK	dmso_p	-0.0	-1000.0	0.0	-0.0	Inf
DXYLK	arab__L_p	-0.0	0.0	0.0	Inf	Inf
DXYLK	arbt_p	0.0	0.0	0.0	Inf	Inf
DXYLK	ca2_p	-0.0	-0.004492041516414247	999.9955079584836	-0.0	0.0
DXYLK	duri_p	-0.0	-1000.0	0.0	-0.0	Inf
DXYLK	h2_p	-0.0	-616.3606703784899	0.8325000000039608	-0.0	0.0
DXYLK	h2o2_p	-0.0	-1000.0	0.0	-0.0	Inf
DXYLK	etoh_p	-0.0	-1000.0	0.0	-0.0	Inf
DXYLK	fald_p	-0.0	0.0	0.0	Inf	Inf
DXYLK	n2o_p	-0.0	-1000.0	0.0	-0.0	Inf
DXYLK	na1_p	-0.0	-1000.0	0.0	-0.0	Inf
DXYLK	indole_p	-0.0	0.0	0.5089021181236527	Inf	0.0
DXYLK	nac_p	-0.0	-1000.0	0.0	-0.0	Inf
DXYLK	ni2_p	-0.0	-0.00027875685111666826	999.9997212431489	-0.0	0.0
DXYLK	inost_p	-0.0	-1000.0	0.0	-0.0	Inf
DXYLK	no_p	-0.0	-1000.0	0.0	-0.0	Inf
DXYLK	no2_p	-0.0	-1000.0	0.0	-0.0	Inf
DXYLK	for_p	-0.0	0.0	0.0021169986269621377	Inf	0.0
DXYLK	fru_p	-0.0	-1000.0	0.0	-0.0	Inf
DXYLK	no3_p	-0.0	0.0	0.0	Inf	Inf
DXYLK	k_p	-0.0	-0.16845630349848761	999.8315436965015	-0.0	0.0
DXYLK	novbcn_p	-0.0	0.0	0.0	Inf	Inf
DXYLK	o2_p	-0.0	-23.147197761301186	976.8528022386988	-0.0	0.0
DXYLK	lipa_cold_p	-0.0	-26.944563893462828	0.0	-0.0	Inf
DXYLK	g3pe_p	-0.0	0.0	0.0	Inf	Inf
DXYLK	g3pi_p	-0.0	0.0	0.0	Inf	Inf
DXYLK	so3_p	-0.0	-1000.0	0.0	-0.0	Inf
DXYLK	so4_p	-0.0	-0.21766336039399903	999.782336639606	-0.0	0.0
DXYLK	malt_p	0.0	0.0	0.0	Inf	Inf
DXYLK	malthx_p	0.0	0.0	0.0	Inf	Inf
DXYLK	maltpt_p	0.0	0.0	0.0	Inf	Inf
DXYLK	sucr_p	-0.0	-1000.0	0.0	-0.0	Inf
DXYLK	malttr_p	0.0	0.0	0.0	Inf	Inf
DXYLK	maltttr_p	0.0	0.0	0.0	Inf	Inf
DXYLK	pacald_p	-0.0	-1000.0	0.0	-0.0	Inf
DXYLK	man_p	-0.0	-1000.0	0.0	-0.0	Inf
DXYLK	tartr__L_p	-0.0	-1000.0	0.0	-0.0	Inf
DXYLK	pe120_p	-0.0	0.0	0.0	Inf	Inf
DXYLK	melib_p	-0.0	-1000.0	0.0	-0.0	Inf
DXYLK	meoh_p	-0.0	-999.9999982739514	1.7260485947190318e-06	-0.0	0.0
DXYLK	thym_p	-0.0	-1000.0	0.0	-0.0	Inf
DXYLK	thymd_p	-0.0	-0.022581894009212074	0.0	-0.0	Inf
DXYLK	pg120_p	-0.0	-0.05999227165620914	0.0	-0.0	Inf
DXYLK	metsox_S__L_p	-0.0	-1000.0	0.0	-0.0	Inf
DXYLK	tmao_p	-0.0	-1000.0	0.0	-0.0	Inf
DXYLK	mg2_p	-0.0	-0.007486735860655613	999.9925132641393	-0.0	0.0
DXYLK	tre_p	-0.0	0.0	0.0	Inf	Inf
DXYLK	mnl_p	-0.0	0.0	0.0	Inf	Inf
DXYLK	mobd_p	-0.0	-0.00011133013560993277	999.9998886698644	-0.0	0.0
DXYLK	ura_p	-0.0	-1000.0	0.0	-0.0	Inf
DXYLK	urea_p	-0.0	-1000.0	0.0	-0.0	Inf
DXYLK	uri_p	-0.0	0.0	0.0	Inf	Inf
DXYLK	xan_p	-0.0	0.0	0.0	Inf	Inf
DXYLK	xtsn_p	-0.0	0.0	0.0	Inf	Inf
DXYLK	xyl__D_p	-0.0	0.0	0.0	Inf	Inf
DXYLK	xylu__L_p	-0.0	-1000.0	0.0	-0.0	Inf
DXYLK	ppal_p	-0.0	-1000.0	0.0	-0.0	Inf
DXYLK	psclys_p	-0.0	-1000.0	0.0	-0.0	Inf
DXYLK	pydx_p	-0.0	0.0	0.0	Inf	Inf
DXYLK	pydxn_p	-0.0	0.0	0.0	Inf	Inf
DXYLK	rib__D_p	-0.0	-1000.0	0.0	-0.0	Inf
DXYLK	rmn_p	-0.0	-1000.0	0.0	-0.0	Inf
DXYLK	sbt__D_p	-0.0	-0.16285906781111711	0.0	-0.0	Inf
DXYLK	slnt_p	-0.0	0.0	0.0	Inf	Inf
DXYLK	so2_p	-0.0	-1000.0	0.0	-0.0	Inf
