Reaction	Metabolite	ShadowPrice	G-	G+	DecrementalShadowPrice	IncrementalShadowPrice
FE3DHBZStonex	12dgr120_c	-0.0	0.0	0.0	Inf	Inf
FE3DHBZStonex	12dgr140_c	-0.0	0.0	0.0	Inf	Inf
FE3DHBZStonex	12dgr160_c	-0.0	-0.05507303310798761	0.0	-0.0	Inf
FE3DHBZStonex	12dgr180_c	-0.0	0.0	0.0	Inf	Inf
FE3DHBZStonex	12ppd__R_c	-0.0	-1000.0	0.0	-0.0	Inf
FE3DHBZStonex	12ppd__S_c	-0.0	0.0	0.0	Inf	Inf
FE3DHBZStonex	5drib_c	-0.0	-999.999805819531	0.00019418046900835883	-0.0	0.0
FE3DHBZStonex	5mta_c	-0.0	0.0	0.0	Inf	Inf
FE3DHBZStonex	23dhacoa_c	-0.0	-0.000497102000982963	0.0	-0.0	Inf
FE3DHBZStonex	5mtr_c	-0.0	0.0	0.0	Inf	Inf
FE3DHBZStonex	3amac_c	-0.0	-7.936406045454301	0.0	-0.0	Inf
FE3DHBZStonex	LalaDgluMdap_c	-0.0	-0.023981719434685668	0.0	-0.0	Inf
FE3DHBZStonex	ac_c	-0.0	-7.936406045451298	0.502777248502516	-0.0	0.0
FE3DHBZStonex	acald_c	-0.0	0.0	2.99384043260696	Inf	0.0
FE3DHBZStonex	acetol_c	-0.0	0.0	0.0	Inf	Inf
FE3DHBZStonex	acgam_c	-0.0	-0.08142953390555856	0.0	-0.0	Inf
FE3DHBZStonex	acgam6p_c	-0.0	-0.08142953390555856	0.0	-0.0	Inf
FE3DHBZStonex	acmalt_c	0.0	0.0	0.0	Inf	Inf
FE3DHBZStonex	acmana_c	-0.0	-0.08142953390555856	0.0	-0.0	Inf
FE3DHBZStonex	2dmmq8_c	-0.0	0.0	0.0	Inf	Inf
FE3DHBZStonex	2dmmql8_c	0.0	0.0	0.0	Inf	Inf
FE3DHBZStonex	ade_c	-0.0	-0.09425002151465345	0.0005808153583929803	-0.0	0.0
FE3DHBZStonex	adn_c	-0.0	0.0	0.0005808153583929803	Inf	0.0
FE3DHBZStonex	3sala_c	0.0	0.0	0.0	Inf	Inf
FE3DHBZStonex	adphep_DD_c	-0.0	0.0	0.0	Inf	Inf
FE3DHBZStonex	adphep_LD_c	-0.0	0.0	0.0	Inf	Inf
FE3DHBZStonex	4ahmmp_c	0.0	0.0	0.0	Inf	Inf
FE3DHBZStonex	4crsol_c	-0.0	-999.9998075455796	0.0001924544203949512	-0.0	0.0
FE3DHBZStonex	2ohph_c	-0.0	-0.0001924544203949512	0.11215219102377914	-0.0	0.0
FE3DHBZStonex	2ombzl_c	-0.0	0.0	0.0	Inf	Inf
FE3DHBZStonex	2omhmbl_c	-0.0	0.0	0.0	Inf	Inf
FE3DHBZStonex	2ommbl_c	0.0	0.0	0.0	Inf	Inf
FE3DHBZStonex	2omph_c	-0.0	0.0	0.10129535298294289	Inf	0.0
FE3DHBZStonex	4mhetz_c	0.0	0.0	0.0	Inf	Inf
FE3DHBZStonex	2oph_c	-0.0	-0.0001924544203949512	0.11215219102377914	-0.0	0.0
FE3DHBZStonex	2oxpaccoa_c	-0.0	-0.000497102000982963	0.0	-0.0	Inf
FE3DHBZStonex	all__D_c	-0.0	-0.08142953390555856	0.0	-0.0	Inf
FE3DHBZStonex	alltn_c	-0.0	-0.16285906781111711	0.0	-0.0	Inf
FE3DHBZStonex	4r5au_c	-0.0	-0.000384908841661981	0.6785361574982012	-0.0	0.0
FE3DHBZStonex	56dura_c	0.0	0.0	0.0	Inf	Inf
FE3DHBZStonex	arab__L_c	-0.0	-0.09771544068667026	0.0	-0.0	Inf
FE3DHBZStonex	etoh_c	-0.0	-1000.0	0.0	-0.0	Inf
FE3DHBZStonex	csn_c	-0.0	0.0	0.0	Inf	Inf
FE3DHBZStonex	fald_c	-0.0	0.0	0.0	Inf	Inf
FE3DHBZStonex	fc1p_c	-0.0	-0.16285906781111711	0.0	-0.0	Inf
FE3DHBZStonex	fcl__L_c	-0.0	0.0	0.0	Inf	Inf
FE3DHBZStonex	aso4_c	0.0	0.0	0.0	Inf	Inf
FE3DHBZStonex	cyan_c	0.0	0.0	0.0	Inf	Inf
FE3DHBZStonex	athtp_c	0.0	0.0	0.0	Inf	Inf
FE3DHBZStonex	cytd_c	-0.0	-0.061072150429168914	0.0	-0.0	Inf
FE3DHBZStonex	dad_2_c	-0.0	0.0	0.0	Inf	Inf
FE3DHBZStonex	dad_5_c	-0.0	-0.09425002151465345	0.00019418046900835883	-0.0	0.0
FE3DHBZStonex	betald_c	0.0	0.0	0.0	Inf	Inf
FE3DHBZStonex	btal_c	-0.0	-528.3091460387053	0.0	-0.0	Inf
FE3DHBZStonex	for_c	-0.0	-0.09425002151465378	0.0021169986269621377	-0.0	0.0
FE3DHBZStonex	dcyt_c	-0.0	0.0	0.0	Inf	Inf
FE3DHBZStonex	fru_c	-0.0	-0.08142953390555856	0.0	-0.0	Inf
FE3DHBZStonex	ca2_c	-0.0	-0.004492041516414247	999.9955079584836	-0.0	0.0
FE3DHBZStonex	g3pe_c	-0.0	0.0	0.0	Inf	Inf
FE3DHBZStonex	g3pi_c	0.0	0.0	0.0	Inf	Inf
FE3DHBZStonex	cbm_c	-0.0	-3.968203022727145	0.0	-0.0	Inf
FE3DHBZStonex	dha_c	-0.0	-0.16285906781111711	0.0	-0.0	Inf
FE3DHBZStonex	gal_c	-0.0	0.0	0.0	Inf	Inf
FE3DHBZStonex	dhgly_c	-0.0	-0.0001924544203949512	0.37011063136265654	-0.0	0.0
FE3DHBZStonex	dhmptp_c	0.0	0.0	0.0	Inf	Inf
FE3DHBZStonex	gcald_c	-0.0	-0.16285906781111711	0.0005773632611862922	-0.0	0.0
FE3DHBZStonex	dhptd_c	-0.0	-47.36314415045263	0.0003866348893846214	-0.0	0.0
FE3DHBZStonex	cechddd_c	-0.0	0.0	0.0	Inf	Inf
FE3DHBZStonex	dhptdn_c	0.0	0.0	0.0	Inf	Inf
FE3DHBZStonex	chol_c	0.0	0.0	0.0	Inf	Inf
FE3DHBZStonex	chtbs6p_c	-0.0	0.0	0.0	Inf	Inf
FE3DHBZStonex	dmbzid_c	0.0	0.0	0.0	Inf	Inf
FE3DHBZStonex	dms_c	0.0	0.0	0.0	Inf	Inf
FE3DHBZStonex	dmso_c	0.0	0.0	0.0	Inf	Inf
FE3DHBZStonex	cl_c	-0.0	-0.004492041516393368	999.9955079584836	-0.0	0.0
FE3DHBZStonex	glc__D_c	-0.0	-0.08142953390555856	0.0	-0.0	Inf
FE3DHBZStonex	co2_c	-0.0	-975.4257548690474	24.57424513095259	-0.0	0.0
FE3DHBZStonex	dscl_c	-0.0	-0.0001924544203949512	0.13191952946615812	-0.0	0.0
FE3DHBZStonex	dtdp4aaddg_c	-0.0	0.0	0.0	Inf	Inf
FE3DHBZStonex	glyald_c	-0.0	-1000.0	0.0	-0.0	Inf
FE3DHBZStonex	crn_c	-0.0	-1000.0	0.0	-0.0	Inf
FE3DHBZStonex	duri_c	-0.0	0.0	0.0	Inf	Inf
FE3DHBZStonex	glyb_c	0.0	0.0	0.0	Inf	Inf
FE3DHBZStonex	glyc_c	-0.0	-0.11998454331241828	0.0	-0.0	Inf
FE3DHBZStonex	dxyl_c	0.0	0.0	0.0	Inf	Inf
FE3DHBZStonex	glycogen_c	-0.0	-0.09771544068667026	0.0	-0.0	Inf
FE3DHBZStonex	gmhep1p_c	-0.0	0.0	0.09249999999605431	Inf	0.0
FE3DHBZStonex	lipa_cold_c	-0.0	0.0	0.0	Inf	Inf
FE3DHBZStonex	lipidA_c	-0.0	-0.016791000911211995	0.046249999997967015	-0.0	0.0
FE3DHBZStonex	malt_c	0.0	0.0	0.0	Inf	Inf
FE3DHBZStonex	h2_c	-0.0	-616.3606703784899	0.8325000000039608	-0.0	0.0
FE3DHBZStonex	malthx_c	-0.0	0.0	0.0	Inf	Inf
FE3DHBZStonex	maltpt_c	-0.0	0.0	0.0	Inf	Inf
FE3DHBZStonex	malttr_c	-0.0	0.0	0.0	Inf	Inf
FE3DHBZStonex	maltttr_c	-0.0	0.0	0.0	Inf	Inf
FE3DHBZStonex	h2o2_c	-0.0	-46.29439552260234	0.0021584237920251326	-0.0	0.0
FE3DHBZStonex	man_c	-0.0	0.0	0.0	Inf	Inf
FE3DHBZStonex	mdhdhf_c	-0.0	-47.36314415045263	0.0003866348893846214	-0.0	0.0
FE3DHBZStonex	melib_c	-0.0	0.0	0.0	Inf	Inf
FE3DHBZStonex	meoh_c	-0.0	-999.9999982739514	1.7260485947190318e-06	-0.0	0.0
FE3DHBZStonex	pacald_c	-0.0	-1000.0	0.0	-0.0	Inf
FE3DHBZStonex	metsox_S__L_c	-0.0	-0.06514362712444684	0.0	-0.0	Inf
FE3DHBZStonex	mg2_c	-0.0	-0.007486735860655613	999.9925132641393	-0.0	0.0
FE3DHBZStonex	hhlipa_c	-0.0	0.0	0.0	Inf	Inf
FE3DHBZStonex	pe120_c	-0.0	0.0	0.0	Inf	Inf
FE3DHBZStonex	mobd_c	-0.0	-0.00011133013556479239	26.944563893462828	-0.0	0.0
FE3DHBZStonex	hlipa_c	-0.0	0.0	0.0	Inf	Inf
FE3DHBZStonex	pg120_c	-0.0	-0.05999227165620914	0.0	-0.0	Inf
FE3DHBZStonex	mql8_c	0.0	0.0	0.0	Inf	Inf
FE3DHBZStonex	mqn8_c	-0.0	0.0	0.0	Inf	Inf
FE3DHBZStonex	mthgxl_c	-0.0	0.0	0.0	Inf	Inf
FE3DHBZStonex	hqn_c	0.0	0.0	0.0	Inf	Inf
FE3DHBZStonex	mththf_c	-0.0	-999.9996133651106	0.0003866348893846214	-0.0	0.0
FE3DHBZStonex	n2o_c	-0.0	-1000.0	0.0	-0.0	Inf
FE3DHBZStonex	na1_c	-0.0	-107.77825557385131	0.0	-0.0	Inf
FE3DHBZStonex	nac_c	-0.0	0.0	0.0	Inf	Inf
FE3DHBZStonex	ncam_c	-0.0	0.0	0.0	Inf	Inf
FE3DHBZStonex	ni2_c	-0.0	-0.0002787568510653329	999.9997212431489	-0.0	0.0
FE3DHBZStonex	no_c	-0.0	-1000.0	0.0	-0.0	Inf
FE3DHBZStonex	indole_c	-0.0	-0.04071476695277928	0.5089021181236527	-0.0	0.0
FE3DHBZStonex	no2_c	-0.0	-1000.0	0.0	-0.0	Inf
FE3DHBZStonex	no3_c	0.0	0.0	0.0	Inf	Inf
FE3DHBZStonex	inost_c	0.0	0.0	0.0	Inf	Inf
FE3DHBZStonex	o2_c	-0.0	-23.14719776130117	976.8528022386988	-0.0	0.0
FE3DHBZStonex	poaac_c	-0.0	-8.290635044142366	0.0	-0.0	Inf
FE3DHBZStonex	ppal_c	-0.0	0.0	0.0	Inf	Inf
FE3DHBZStonex	k_c	-0.0	-0.16845630349843815	107.77825557385131	-0.0	0.0
FE3DHBZStonex	psclys_c	-0.0	0.0	0.0	Inf	Inf
FE3DHBZStonex	lald__D_c	-0.0	0.0	0.0	Inf	Inf
FE3DHBZStonex	lald__L_c	-0.0	-82.55584456906308	0.0	-0.0	Inf
FE3DHBZStonex	ura_c	-0.0	0.0	0.0	Inf	Inf
FE3DHBZStonex	pydx_c	-0.0	0.0	0.7633531771854791	Inf	0.0
FE3DHBZStonex	uracp_c	-0.0	-4.66068682223198	0.0	-0.0	Inf
FE3DHBZStonex	pydxn_c	-0.0	0.0	0.7633531771854791	Inf	0.0
FE3DHBZStonex	urate_c	-0.0	-0.16285906781111711	0.0	-0.0	Inf
FE3DHBZStonex	q8_c	-0.0	0.0	0.0	Inf	Inf
FE3DHBZStonex	q8h2_c	0.0	0.0	0.0	Inf	Inf
FE3DHBZStonex	urea_c	-0.0	-1000.0	0.0	-0.0	Inf
FE3DHBZStonex	uri_c	-0.0	0.0	0.7184500491157451	Inf	0.0
FE3DHBZStonex	rbflvrd_c	-0.0	0.0	0.04712501075732703	Inf	0.0
FE3DHBZStonex	rbl__L_c	-0.0	-0.09771544068667026	0.0	-0.0	Inf
FE3DHBZStonex	rdmbzi_c	0.0	0.0	0.0	Inf	Inf
FE3DHBZStonex	thptdn_c	0.0	0.0	0.0	Inf	Inf
FE3DHBZStonex	xan_c	-0.0	0.0	0.0	Inf	Inf
FE3DHBZStonex	rephaccoa_c	-0.0	-0.000497102000982963	0.0	-0.0	Inf
FE3DHBZStonex	rib__D_c	-0.0	0.0	1.2213650834967666	Inf	0.0
FE3DHBZStonex	xtsn_c	-0.0	0.0	0.0	Inf	Inf
FE3DHBZStonex	rml_c	-0.0	-0.16285906781111711	0.0	-0.0	Inf
FE3DHBZStonex	thym_c	-0.0	-107.77825557385131	0.0	-0.0	Inf
FE3DHBZStonex	thymd_c	-0.0	-0.022581894009212074	0.0	-0.0	Inf
FE3DHBZStonex	xu5p__L_c	-0.0	-0.09771544068667026	0.0	-0.0	Inf
FE3DHBZStonex	rmn_c	-0.0	-0.16285906781111711	0.0	-0.0	Inf
FE3DHBZStonex	xyl__D_c	0.0	0.0	0.0	Inf	Inf
FE3DHBZStonex	tmao_c	0.0	0.0	0.0	Inf	Inf
FE3DHBZStonex	xylu__D_c	-0.0	0.0	0.0	Inf	Inf
FE3DHBZStonex	xylu__L_c	-0.0	-0.09771544068667026	0.0	-0.0	Inf
FE3DHBZStonex	12ppd__R_e	-0.0	-1000.0	0.0	-0.0	Inf
FE3DHBZStonex	12ppd__S_e	-0.0	-1000.0	0.0	-0.0	Inf
FE3DHBZStonex	tre_c	-0.0	-0.04071476695277928	0.0	-0.0	Inf
FE3DHBZStonex	seln_c	0.0	0.0	0.0	Inf	Inf
FE3DHBZStonex	34dhpac_e	-0.0	-1000.0	0.0	-0.0	Inf
FE3DHBZStonex	slnt_c	0.0	0.0	0.0	Inf	Inf
FE3DHBZStonex	so2_c	0.0	0.0	0.0	Inf	Inf
FE3DHBZStonex	so3_c	-0.0	-0.21391956095153675	5.388912778692548	-0.0	0.0
FE3DHBZStonex	so4_c	-0.0	-0.21766336039399903	107.77825557385131	-0.0	0.0
FE3DHBZStonex	4hoxpacd_e	-0.0	-1000.0	0.0	-0.0	Inf
FE3DHBZStonex	5mtr_e	-0.0	0.0	0.0	Inf	Inf
FE3DHBZStonex	LalaDgluMdap_e	-0.0	-1000.0	0.0	-0.0	Inf
FE3DHBZStonex	ac_e	-0.0	0.0	0.0	Inf	Inf
FE3DHBZStonex	acald_e	-0.0	-1000.0	0.0	-0.0	Inf
FE3DHBZStonex	acgal_e	-0.0	-1000.0	0.0	-0.0	Inf
FE3DHBZStonex	acgam_e	-0.0	-1000.0	0.0	-0.0	Inf
FE3DHBZStonex	acmana_e	-0.0	-1000.0	0.0	-0.0	Inf
FE3DHBZStonex	tagur_c	-0.0	0.0	0.0	Inf	Inf
FE3DHBZStonex	tartr__L_c	-0.0	-0.16285906781111711	0.0	-0.0	Inf
FE3DHBZStonex	ade_e	-0.0	-1000.0	0.0	-0.0	Inf
FE3DHBZStonex	adn_e	-0.0	-1000.0	0.0	-0.0	Inf
FE3DHBZStonex	all__D_e	-0.0	-1000.0	0.0	-0.0	Inf
FE3DHBZStonex	cl_e	-0.0	-0.004492041516414247	999.9955079584836	-0.0	0.0
FE3DHBZStonex	alltn_e	-0.0	0.0	0.0	Inf	Inf
FE3DHBZStonex	cm_e	-0.0	-1000.0	0.0	-0.0	Inf
FE3DHBZStonex	co2_e	-0.0	-975.4257548690474	24.57424513095259	-0.0	0.0
FE3DHBZStonex	arab__L_e	-0.0	-1000.0	0.0	-0.0	Inf
FE3DHBZStonex	arbt_e	-0.0	-1000.0	0.0	-0.0	Inf
FE3DHBZStonex	unagamu_c	-0.0	0.0	0.04624999999804983	Inf	0.0
FE3DHBZStonex	crn_e	-0.0	-1000.0	0.0	-0.0	Inf
FE3DHBZStonex	csn_e	-0.0	-1000.0	0.0	-0.0	Inf
FE3DHBZStonex	cyan_e	-0.0	-1000.0	0.0	-0.0	Inf
FE3DHBZStonex	glyb_e	-0.0	-1000.0	0.0	-0.0	Inf
FE3DHBZStonex	glyc_e	-0.0	-1000.0	0.0	-0.0	Inf
FE3DHBZStonex	cytd_e	-0.0	-1000.0	0.0	-0.0	Inf
FE3DHBZStonex	ca2_e	-0.0	-0.004492041516414247	999.9955079584836	-0.0	0.0
FE3DHBZStonex	dad_2_e	-0.0	-1000.0	0.0	-0.0	Inf
FE3DHBZStonex	dcyt_e	-0.0	-1000.0	0.0	-0.0	Inf
FE3DHBZStonex	chol_e	-0.0	-1000.0	0.0	-0.0	Inf
FE3DHBZStonex	dha_e	-0.0	-1000.0	0.0	-0.0	Inf
FE3DHBZStonex	ppal_e	-0.0	-1000.0	0.0	-0.0	Inf
FE3DHBZStonex	h2_e	-0.0	0.0	0.8325000000039608	Inf	0.0
FE3DHBZStonex	dms_e	-0.0	-1000.0	0.0	-0.0	Inf
FE3DHBZStonex	dmso_e	-0.0	-1000.0	0.0	-0.0	Inf
FE3DHBZStonex	h2o2_e	-0.0	-1000.0	0.0	-0.0	Inf
FE3DHBZStonex	psclys_e	-0.0	-1000.0	0.0	-0.0	Inf
FE3DHBZStonex	duri_e	-0.0	-1000.0	0.0	-0.0	Inf
FE3DHBZStonex	pydx_e	-0.0	-1000.0	0.0	-0.0	Inf
FE3DHBZStonex	pydxn_e	-0.0	-1000.0	0.0	-0.0	Inf
FE3DHBZStonex	etoh_e	-0.0	-1000.0	0.0	-0.0	Inf
FE3DHBZStonex	fald_e	-0.0	0.0	0.0	Inf	Inf
FE3DHBZStonex	rib__D_e	-0.0	-1000.0	0.0	-0.0	Inf
FE3DHBZStonex	rmn_e	-0.0	-1000.0	0.0	-0.0	Inf
FE3DHBZStonex	indole_e	-0.0	-1000.0	0.0	-0.0	Inf
FE3DHBZStonex	inost_e	-0.0	-1000.0	0.0	-0.0	Inf
FE3DHBZStonex	sbt__D_e	-0.0	-0.16285906781111711	0.0	-0.0	Inf
FE3DHBZStonex	k_e	-0.0	-0.16845630349848761	999.8315436965015	-0.0	0.0
FE3DHBZStonex	for_e	-0.0	0.0	0.0021169986269621377	Inf	0.0
FE3DHBZStonex	slnt_e	-0.0	0.0	1000.0	Inf	0.0
FE3DHBZStonex	fru_e	-0.0	-1000.0	0.0	-0.0	Inf
FE3DHBZStonex	so2_e	-0.0	-1000.0	0.0	-0.0	Inf
FE3DHBZStonex	so3_e	-0.0	-1000.0	0.0	-0.0	Inf
FE3DHBZStonex	so4_e	-0.0	-0.21766336039399903	999.782336639606	-0.0	0.0
FE3DHBZStonex	lipa_cold_e	-0.0	-1000.0	0.0	-0.0	Inf
FE3DHBZStonex	sucr_e	-0.0	-1000.0	0.0	-0.0	Inf
FE3DHBZStonex	g3pe_e	-0.0	-1000.0	0.0	-0.0	Inf
FE3DHBZStonex	malt_e	-0.0	-1000.0	0.0	-0.0	Inf
FE3DHBZStonex	tartr__L_e	-0.0	-1000.0	0.0	-0.0	Inf
FE3DHBZStonex	g3pi_e	-0.0	-1000.0	0.0	-0.0	Inf
FE3DHBZStonex	malthx_e	-0.0	-1000.0	0.0	-0.0	Inf
FE3DHBZStonex	maltpt_e	-0.0	-1000.0	0.0	-0.0	Inf
FE3DHBZStonex	gal_e	-0.0	-1000.0	0.0	-0.0	Inf
FE3DHBZStonex	gal_bD_e	-0.0	-1000.0	0.0	-0.0	Inf
FE3DHBZStonex	malttr_e	-0.0	-1000.0	0.0	-0.0	Inf
FE3DHBZStonex	maltttr_e	-0.0	-1000.0	0.0	-0.0	Inf
FE3DHBZStonex	man_e	-0.0	-1000.0	0.0	-0.0	Inf
FE3DHBZStonex	thym_e	-0.0	-1000.0	0.0	-0.0	Inf
FE3DHBZStonex	thymd_e	-0.0	-1000.0	0.0	-0.0	Inf
FE3DHBZStonex	galt_e	-0.0	-0.16285906781111711	0.0	-0.0	Inf
FE3DHBZStonex	melib_e	-0.0	-1000.0	0.0	-0.0	Inf
FE3DHBZStonex	meoh_e	-0.0	-999.9999982739514	1.7260485947190318e-06	-0.0	0.0
FE3DHBZStonex	tmao_e	-0.0	-1000.0	0.0	-0.0	Inf
FE3DHBZStonex	tre_e	-0.0	-1000.0	0.0	-0.0	Inf
FE3DHBZStonex	metsox_S__L_e	-0.0	-1000.0	0.0	-0.0	Inf
FE3DHBZStonex	glc__D_e	-0.0	-0.24428860171667566	1.2109916356612567	-0.0	0.0
FE3DHBZStonex	mg2_e	-0.0	-0.007486735860655613	999.9925132641393	-0.0	0.0
FE3DHBZStonex	mnl_e	-0.0	-1000.0	0.0	-0.0	Inf
FE3DHBZStonex	mobd_e	-0.0	-0.00011133013560993277	999.9998886698644	-0.0	0.0
FE3DHBZStonex	glyald_e	-0.0	-1000.0	0.0	-0.0	Inf
FE3DHBZStonex	n2o_e	-0.0	-1000.0	0.0	-0.0	Inf
FE3DHBZStonex	na1_e	-0.0	-1000.0	0.0	-0.0	Inf
FE3DHBZStonex	nac_e	-0.0	-1000.0	0.0	-0.0	Inf
FE3DHBZStonex	ni2_e	-0.0	-0.00027875685111666826	999.9997212431489	-0.0	0.0
FE3DHBZStonex	no_e	-0.0	-1000.0	0.0	-0.0	Inf
FE3DHBZStonex	no2_e	-0.0	-1000.0	0.0	-0.0	Inf
FE3DHBZStonex	ura_e	-0.0	-1000.0	0.0	-0.0	Inf
FE3DHBZStonex	no3_e	-0.0	-1000.0	0.0	-0.0	Inf
FE3DHBZStonex	urea_e	-0.0	-1000.0	0.0	-0.0	Inf
FE3DHBZStonex	novbcn_e	-0.0	-1000.0	0.0	-0.0	Inf
FE3DHBZStonex	uri_e	-0.0	-1000.0	0.0	-0.0	Inf
FE3DHBZStonex	o2_e	-0.0	-23.147197761301186	976.8528022386988	-0.0	0.0
FE3DHBZStonex	xan_e	-0.0	0.0	0.0	Inf	Inf
FE3DHBZStonex	xtsn_e	-0.0	-1000.0	0.0	-0.0	Inf
FE3DHBZStonex	xyl__D_e	-0.0	-1000.0	0.0	-0.0	Inf
FE3DHBZStonex	xylu__L_e	-0.0	-1000.0	0.0	-0.0	Inf
FE3DHBZStonex	pacald_e	-0.0	-1000.0	0.0	-0.0	Inf
FE3DHBZStonex	12dgr120_p	-0.0	0.0	0.0	Inf	Inf
FE3DHBZStonex	12dgr140_p	-0.0	0.0	0.0	Inf	Inf
FE3DHBZStonex	12dgr160_p	-0.0	-0.05507303310798761	0.0	-0.0	Inf
FE3DHBZStonex	12dgr180_p	-0.0	0.0	0.0	Inf	Inf
FE3DHBZStonex	12ppd__R_p	-0.0	-1000.0	0.0	-0.0	Inf
FE3DHBZStonex	12ppd__S_p	-0.0	0.0	0.0	Inf	Inf
FE3DHBZStonex	chol_p	-0.0	-1000.0	0.0	-0.0	Inf
FE3DHBZStonex	cl_p	-0.0	-0.004492041516414247	999.9955079584836	-0.0	0.0
FE3DHBZStonex	34dhpac_p	-0.0	-1000.0	0.0	-0.0	Inf
FE3DHBZStonex	cm_p	-0.0	0.0	0.0	Inf	Inf
FE3DHBZStonex	4hoxpacd_p	-0.0	-1000.0	0.0	-0.0	Inf
FE3DHBZStonex	co2_p	-0.0	-975.4257548690474	24.57424513095259	-0.0	0.0
FE3DHBZStonex	5mtr_p	-0.0	0.0	0.0	Inf	Inf
FE3DHBZStonex	LalaDgluMdap_p	-0.0	-0.023981719434685668	0.0	-0.0	Inf
FE3DHBZStonex	gal_p	-0.0	-1000.0	0.0	-0.0	Inf
FE3DHBZStonex	ac_p	-0.0	-7.936406045452933	0.0	-0.0	Inf
FE3DHBZStonex	crn_p	-0.0	-1000.0	0.0	-0.0	Inf
FE3DHBZStonex	gal_bD_p	-0.0	-1000.0	0.0	-0.0	Inf
FE3DHBZStonex	acald_p	-0.0	-1000.0	0.0	-0.0	Inf
FE3DHBZStonex	acgal_p	-0.0	-1000.0	0.0	-0.0	Inf
FE3DHBZStonex	csn_p	-0.0	0.0	0.0	Inf	Inf
FE3DHBZStonex	acgam_p	-0.0	-1000.0	0.0	-0.0	Inf
FE3DHBZStonex	galt_p	-0.0	-0.16285906781111711	0.0	-0.0	Inf
FE3DHBZStonex	acmana_p	-0.0	-1000.0	0.0	-0.0	Inf
FE3DHBZStonex	cyan_p	-0.0	0.0	0.0	Inf	Inf
FE3DHBZStonex	ade_p	-0.0	-1000.0	0.0	-0.0	Inf
FE3DHBZStonex	adn_p	-0.0	0.0	0.0005808153583929803	Inf	0.0
FE3DHBZStonex	cytd_p	-0.0	-0.061072150429168914	0.0	-0.0	Inf
FE3DHBZStonex	glc__D_p	-0.0	-0.24428860171667566	1.2109916356612567	-0.0	0.0
FE3DHBZStonex	dad_2_p	-0.0	-1000.0	0.0	-0.0	Inf
FE3DHBZStonex	dcyt_p	-0.0	-1000.0	0.0	-0.0	Inf
FE3DHBZStonex	all__D_p	-0.0	0.0	0.0	Inf	Inf
FE3DHBZStonex	alltn_p	-0.0	0.0	0.0	Inf	Inf
FE3DHBZStonex	dha_p	-0.0	-1000.0	0.0	-0.0	Inf
FE3DHBZStonex	glyald_p	-0.0	-1000.0	0.0	-0.0	Inf
FE3DHBZStonex	glyb_p	0.0	0.0	0.0	Inf	Inf
FE3DHBZStonex	dms_p	-0.0	-1000.0	0.0	-0.0	Inf
FE3DHBZStonex	glyc_p	-0.0	-0.11998454331241828	0.0	-0.0	Inf
FE3DHBZStonex	dmso_p	-0.0	-1000.0	0.0	-0.0	Inf
FE3DHBZStonex	arab__L_p	-0.0	0.0	0.0	Inf	Inf
FE3DHBZStonex	arbt_p	0.0	0.0	0.0	Inf	Inf
FE3DHBZStonex	ca2_p	-0.0	-0.004492041516414247	999.9955079584836	-0.0	0.0
FE3DHBZStonex	duri_p	-0.0	-1000.0	0.0	-0.0	Inf
FE3DHBZStonex	h2_p	-0.0	-616.3606703784899	0.8325000000039608	-0.0	0.0
FE3DHBZStonex	h2o2_p	-0.0	-1000.0	0.0	-0.0	Inf
FE3DHBZStonex	etoh_p	-0.0	-1000.0	0.0	-0.0	Inf
FE3DHBZStonex	fald_p	-0.0	0.0	0.0	Inf	Inf
FE3DHBZStonex	n2o_p	-0.0	-1000.0	0.0	-0.0	Inf
FE3DHBZStonex	na1_p	-0.0	-1000.0	0.0	-0.0	Inf
FE3DHBZStonex	indole_p	-0.0	0.0	0.5089021181236527	Inf	0.0
FE3DHBZStonex	nac_p	-0.0	-1000.0	0.0	-0.0	Inf
FE3DHBZStonex	ni2_p	-0.0	-0.00027875685111666826	999.9997212431489	-0.0	0.0
FE3DHBZStonex	inost_p	-0.0	-1000.0	0.0	-0.0	Inf
FE3DHBZStonex	no_p	-0.0	-1000.0	0.0	-0.0	Inf
FE3DHBZStonex	no2_p	-0.0	-1000.0	0.0	-0.0	Inf
FE3DHBZStonex	for_p	-0.0	0.0	0.0021169986269621377	Inf	0.0
FE3DHBZStonex	fru_p	-0.0	-1000.0	0.0	-0.0	Inf
FE3DHBZStonex	no3_p	-0.0	0.0	0.0	Inf	Inf
FE3DHBZStonex	k_p	-0.0	-0.16845630349848761	999.8315436965015	-0.0	0.0
FE3DHBZStonex	novbcn_p	-0.0	0.0	0.0	Inf	Inf
FE3DHBZStonex	o2_p	-0.0	-23.147197761301186	976.8528022386988	-0.0	0.0
FE3DHBZStonex	lipa_cold_p	-0.0	-26.944563893462828	0.0	-0.0	Inf
FE3DHBZStonex	g3pe_p	-0.0	0.0	0.0	Inf	Inf
FE3DHBZStonex	g3pi_p	-0.0	0.0	0.0	Inf	Inf
FE3DHBZStonex	so3_p	-0.0	-1000.0	0.0	-0.0	Inf
FE3DHBZStonex	so4_p	-0.0	-0.21766336039399903	999.782336639606	-0.0	0.0
FE3DHBZStonex	malt_p	0.0	0.0	0.0	Inf	Inf
FE3DHBZStonex	malthx_p	0.0	0.0	0.0	Inf	Inf
FE3DHBZStonex	maltpt_p	0.0	0.0	0.0	Inf	Inf
FE3DHBZStonex	sucr_p	-0.0	-1000.0	0.0	-0.0	Inf
FE3DHBZStonex	malttr_p	0.0	0.0	0.0	Inf	Inf
FE3DHBZStonex	maltttr_p	0.0	0.0	0.0	Inf	Inf
FE3DHBZStonex	pacald_p	-0.0	-1000.0	0.0	-0.0	Inf
FE3DHBZStonex	man_p	-0.0	-1000.0	0.0	-0.0	Inf
FE3DHBZStonex	tartr__L_p	-0.0	-1000.0	0.0	-0.0	Inf
FE3DHBZStonex	pe120_p	-0.0	0.0	0.0	Inf	Inf
FE3DHBZStonex	melib_p	-0.0	-1000.0	0.0	-0.0	Inf
FE3DHBZStonex	meoh_p	-0.0	-999.9999982739514	1.7260485947190318e-06	-0.0	0.0
FE3DHBZStonex	thym_p	-0.0	-1000.0	0.0	-0.0	Inf
FE3DHBZStonex	thymd_p	-0.0	-0.022581894009212074	0.0	-0.0	Inf
FE3DHBZStonex	pg120_p	-0.0	-0.05999227165620914	0.0	-0.0	Inf
FE3DHBZStonex	metsox_S__L_p	-0.0	-1000.0	0.0	-0.0	Inf
FE3DHBZStonex	tmao_p	-0.0	-1000.0	0.0	-0.0	Inf
FE3DHBZStonex	mg2_p	-0.0	-0.007486735860655613	999.9925132641393	-0.0	0.0
FE3DHBZStonex	tre_p	-0.0	0.0	0.0	Inf	Inf
FE3DHBZStonex	mnl_p	-0.0	0.0	0.0	Inf	Inf
FE3DHBZStonex	mobd_p	-0.0	-0.00011133013560993277	999.9998886698644	-0.0	0.0
FE3DHBZStonex	ura_p	-0.0	-1000.0	0.0	-0.0	Inf
FE3DHBZStonex	urea_p	-0.0	-1000.0	0.0	-0.0	Inf
FE3DHBZStonex	uri_p	-0.0	0.0	0.0	Inf	Inf
FE3DHBZStonex	xan_p	-0.0	0.0	0.0	Inf	Inf
FE3DHBZStonex	xtsn_p	-0.0	0.0	0.0	Inf	Inf
FE3DHBZStonex	xyl__D_p	-0.0	0.0	0.0	Inf	Inf
FE3DHBZStonex	xylu__L_p	-0.0	-1000.0	0.0	-0.0	Inf
FE3DHBZStonex	ppal_p	-0.0	-1000.0	0.0	-0.0	Inf
FE3DHBZStonex	psclys_p	-0.0	-1000.0	0.0	-0.0	Inf
FE3DHBZStonex	pydx_p	-0.0	0.0	0.0	Inf	Inf
FE3DHBZStonex	pydxn_p	-0.0	0.0	0.0	Inf	Inf
FE3DHBZStonex	rib__D_p	-0.0	-1000.0	0.0	-0.0	Inf
FE3DHBZStonex	rmn_p	-0.0	-1000.0	0.0	-0.0	Inf
FE3DHBZStonex	sbt__D_p	-0.0	-0.16285906781111711	0.0	-0.0	Inf
FE3DHBZStonex	slnt_p	-0.0	0.0	0.0	Inf	Inf
FE3DHBZStonex	so2_p	-0.0	-1000.0	0.0	-0.0	Inf
