Reaction	Metabolite	ShadowPrice	G-	G+	DecrementalShadowPrice	IncrementalShadowPrice
FE3tex_f	12dgr120_c	-0.0	0.0	0.0	Inf	Inf
FE3tex_f	12dgr140_c	-0.0	0.0	0.0	Inf	Inf
FE3tex_f	12dgr160_c	-0.0	-0.05056091218815376	0.0	-0.0	Inf
FE3tex_f	12dgr180_c	-0.0	0.0	0.0	Inf	Inf
FE3tex_f	12ppd__R_c	-0.0	-1000.0	0.0	-0.0	Inf
FE3tex_f	12ppd__S_c	-0.0	0.0	0.0	Inf	Inf
FE3tex_f	5drib_c	-0.0	-999.999805819531	0.00019418046900835883	-0.0	0.0
FE3tex_f	5mta_c	-0.0	0.0	0.0	Inf	Inf
FE3tex_f	23dhacoa_c	-0.0	-0.0004971020016455441	0.0	-0.0	Inf
FE3tex_f	5mtr_c	-0.0	0.0	0.0	Inf	Inf
FE3tex_f	3amac_c	-0.0	-7.936406045433841	0.0	-0.0	Inf
FE3tex_f	LalaDgluMdap_c	-0.0	-0.023981719434685668	0.0	-0.0	Inf
FE3tex_f	ac_c	-0.0	-2.106704674506407	0.5027772485030937	-0.0	0.0
FE3tex_f	acald_c	-0.0	-1.1153142394445683	2.7269368240079594	-0.0	0.0
FE3tex_f	acetol_c	-0.0	0.0	0.09425002151124318	Inf	0.0
FE3tex_f	acgam_c	-0.0	-0.08154544069179792	0.0	-0.0	Inf
FE3tex_f	acgam6p_c	-0.0	-0.08154544069179792	0.0	-0.0	Inf
FE3tex_f	acmalt_c	0.0	0.0	0.0	Inf	Inf
FE3tex_f	acmana_c	-0.0	-0.08154544069179792	0.0	-0.0	Inf
FE3tex_f	2dmmq8_c	-0.0	0.0	0.0	Inf	Inf
FE3tex_f	2dmmql8_c	0.0	0.0	0.0	Inf	Inf
FE3tex_f	ade_c	-0.0	-0.09425002151124318	0.0005808153583929803	-0.0	0.0
FE3tex_f	adn_c	-0.0	0.0	0.0005808153583929803	Inf	0.0
FE3tex_f	3sala_c	0.0	0.0	0.0	Inf	Inf
FE3tex_f	adphep_DD_c	-0.0	0.0	0.0	Inf	Inf
FE3tex_f	adphep_LD_c	-0.0	0.0	0.0	Inf	Inf
FE3tex_f	4ahmmp_c	0.0	0.0	0.0	Inf	Inf
FE3tex_f	4crsol_c	-0.0	-999.9998075455796	0.0001924544203949512	-0.0	0.0
FE3tex_f	2ohph_c	-0.0	-0.0001924544203949512	0.08199030539890302	-0.0	0.0
FE3tex_f	2ombzl_c	-0.0	0.0	0.0	Inf	Inf
FE3tex_f	2omhmbl_c	-0.0	0.0	0.0	Inf	Inf
FE3tex_f	2ommbl_c	0.0	0.0	0.0	Inf	Inf
FE3tex_f	2omph_c	-0.0	0.0	0.0735537405077072	Inf	0.0
FE3tex_f	4mhetz_c	0.0	0.0	0.0	Inf	Inf
FE3tex_f	2oph_c	-0.0	-0.0001924544203949512	0.08199030539890302	-0.0	0.0
FE3tex_f	2oxpaccoa_c	-0.0	-0.0004971020016455441	0.0	-0.0	Inf
FE3tex_f	all__D_c	-0.0	-0.31600570117596105	0.0	-0.0	Inf
FE3tex_f	alltn_c	-0.0	-0.8618337304798938	0.0	-0.0	Inf
FE3tex_f	4r5au_c	-0.0	-0.000384908841661981	0.4780993133000968	-0.0	0.0
FE3tex_f	56dura_c	0.0	0.0	0.0	Inf	Inf
FE3tex_f	arab__L_c	-0.0	-0.37920684141115324	0.0	-0.0	Inf
FE3tex_f	etoh_c	-0.0	-1000.0	0.0	-0.0	Inf
FE3tex_f	csn_c	-0.0	0.0	0.0	Inf	Inf
FE3tex_f	fald_c	-0.0	0.0	0.0	Inf	Inf
FE3tex_f	fc1p_c	-0.0	-0.3447334921919575	0.0	-0.0	Inf
FE3tex_f	fcl__L_c	-0.0	0.0	0.0	Inf	Inf
FE3tex_f	aso4_c	0.0	0.0	0.0	Inf	Inf
FE3tex_f	cyan_c	0.0	0.0	0.0	Inf	Inf
FE3tex_f	athtp_c	0.0	0.0	0.0	Inf	Inf
FE3tex_f	cytd_c	-0.0	-0.13853697683362043	0.0	-0.0	Inf
FE3tex_f	dad_2_c	-0.0	0.0	0.0	Inf	Inf
FE3tex_f	dad_5_c	-0.0	-0.09425002151124318	0.00019418046900835883	-0.0	0.0
FE3tex_f	betald_c	0.0	0.0	0.0	Inf	Inf
FE3tex_f	btal_c	-0.0	-3.792068414111532	0.0	-0.0	Inf
FE3tex_f	for_c	-0.0	-0.09425002151124318	0.002116998626888744	-0.0	0.0
FE3tex_f	dcyt_c	-0.0	-0.02258189400924948	0.0	-0.0	Inf
FE3tex_f	fru_c	-0.0	0.0	0.0	Inf	Inf
FE3tex_f	ca2_c	-0.0	-0.004492041516414247	18.96034207055766	-0.0	0.0
FE3tex_f	g3pe_c	-0.0	-0.11998454331241828	0.0	-0.0	Inf
FE3tex_f	g3pi_c	0.0	0.0	0.0	Inf	Inf
FE3tex_f	cbm_c	-0.0	-3.9682030227169207	0.0	-0.0	Inf
FE3tex_f	dha_c	-0.0	-0.6320114023519221	0.0	-0.0	Inf
FE3tex_f	gal_c	-0.0	0.0	0.0	Inf	Inf
FE3tex_f	dhgly_c	-0.0	-0.0001924544203949512	0.31735902693196083	-0.0	0.0
FE3tex_f	dhmptp_c	0.0	0.0	0.0	Inf	Inf
FE3tex_f	gcald_c	-0.0	-0.7584136828223065	0.0005773632610726054	-0.0	0.0
FE3tex_f	dhptd_c	-0.0	-47.36314415044376	0.0003866348893846214	-0.0	0.0
FE3tex_f	cechddd_c	-0.0	0.0	0.0	Inf	Inf
FE3tex_f	dhptdn_c	0.0	0.0	0.0	Inf	Inf
FE3tex_f	chol_c	0.0	0.0	0.0	Inf	Inf
FE3tex_f	chtbs6p_c	-0.0	0.0	0.0	Inf	Inf
FE3tex_f	dmbzid_c	0.0	0.0	0.0	Inf	Inf
FE3tex_f	dms_c	0.0	0.0	0.0	Inf	Inf
FE3tex_f	dmso_c	0.0	0.0	0.0	Inf	Inf
FE3tex_f	cl_c	-0.0	-0.004492041516393368	37.92068414111532	-0.0	0.0
FE3tex_f	glc__D_c	-0.0	-0.31600570117596105	0.0	-0.0	Inf
FE3tex_f	co2_c	-0.0	-975.4257548690098	24.57424513099022	-0.0	0.0
FE3tex_f	dscl_c	-0.0	-0.0001924544203949512	0.09882858288350994	-0.0	0.0
FE3tex_f	dtdp4aaddg_c	-0.0	0.0	0.0	Inf	Inf
FE3tex_f	glyald_c	-0.0	-1000.0	0.0	-0.0	Inf
FE3tex_f	crn_c	-0.0	-18.96034207055766	0.0	-0.0	Inf
FE3tex_f	duri_c	-0.0	-0.02258189400924948	0.0	-0.0	Inf
FE3tex_f	glyb_c	0.0	0.0	0.0	Inf	Inf
FE3tex_f	glyc_c	-0.0	-0.11998454331241828	0.0	-0.0	Inf
FE3tex_f	dxyl_c	0.0	0.0	0.0	Inf	Inf
FE3tex_f	glycogen_c	-0.0	-0.29625534485246346	0.0	-0.0	Inf
FE3tex_f	gmhep1p_c	-0.0	0.0	0.09249999999823766	Inf	0.0
FE3tex_f	lipa_cold_c	-0.0	0.0	0.0	Inf	Inf
FE3tex_f	lipidA_c	-0.0	-0.016791000911211995	0.04624999999911883	-0.0	0.0
FE3tex_f	malt_c	0.0	0.0	0.0	Inf	Inf
FE3tex_f	h2_c	-0.0	-4.740085517639415	0.8325000000017624	-0.0	0.0
FE3tex_f	malthx_c	-0.0	0.0	0.0	Inf	Inf
FE3tex_f	maltpt_c	-0.0	0.0	0.0	Inf	Inf
FE3tex_f	malttr_c	-0.0	0.0	0.0	Inf	Inf
FE3tex_f	maltttr_c	-0.0	0.0	0.0	Inf	Inf
FE3tex_f	h2o2_c	-0.0	-3.792068414111532	0.0019659693716675974	-0.0	0.0
FE3tex_f	man_c	-0.0	0.0	0.0	Inf	Inf
FE3tex_f	mdhdhf_c	-0.0	-47.36314415044376	0.0003866348893846214	-0.0	0.0
FE3tex_f	melib_c	-0.0	0.0	0.0	Inf	Inf
FE3tex_f	meoh_c	-0.0	-999.9999982739514	1.7260485947190318e-06	-0.0	0.0
FE3tex_f	pacald_c	-0.0	-18.96034207055766	0.0	-0.0	Inf
FE3tex_f	metsox_S__L_c	-0.0	-0.09425002151124318	0.0	-0.0	Inf
FE3tex_f	mg2_c	-0.0	-0.007486735860655613	9.48017103527883	-0.0	0.0
FE3tex_f	hhlipa_c	-0.0	0.0	0.0	Inf	Inf
FE3tex_f	pe120_c	-0.0	0.0	0.0	Inf	Inf
FE3tex_f	mobd_c	-0.0	-0.00011133013556479239	18.406823562053727	-0.0	0.0
FE3tex_f	hlipa_c	-0.0	0.0	0.0	Inf	Inf
FE3tex_f	pg120_c	-0.0	-0.05999227165620914	0.0	-0.0	Inf
FE3tex_f	mql8_c	0.0	0.0	0.0	Inf	Inf
FE3tex_f	mqn8_c	-0.0	0.0	0.0	Inf	Inf
FE3tex_f	mthgxl_c	-0.0	0.0	0.09425002151124318	Inf	0.0
FE3tex_f	hqn_c	0.0	0.0	0.0	Inf	Inf
FE3tex_f	mththf_c	-0.0	-999.9996133651106	0.0003866348893846214	-0.0	0.0
FE3tex_f	n2o_c	-0.0	-1000.0	0.0	-0.0	Inf
FE3tex_f	na1_c	-0.0	-73.62729424821491	0.0	-0.0	Inf
FE3tex_f	nac_c	-0.0	0.0	0.0	Inf	Inf
FE3tex_f	ncam_c	-0.0	0.0	0.0	Inf	Inf
FE3tex_f	ni2_c	-0.0	-0.0002787568510653329	999.9997212431489	-0.0	0.0
FE3tex_f	no_c	-0.0	-1000.0	0.0	-0.0	Inf
FE3tex_f	indole_c	-0.0	-0.04905689066596507	0.4875979751537411	-0.0	0.0
FE3tex_f	no2_c	-0.0	-18.96034207055766	0.0	-0.0	Inf
FE3tex_f	no3_c	0.0	0.0	0.0	Inf	Inf
FE3tex_f	inost_c	0.0	0.0	0.0	Inf	Inf
FE3tex_f	o2_c	-0.0	-23.147197761323678	976.8528022386763	-0.0	0.0
FE3tex_f	poaac_c	-0.0	-5.6636380190934545	0.0	-0.0	Inf
FE3tex_f	ppal_c	-0.0	0.0	0.0	Inf	Inf
FE3tex_f	k_c	-0.0	-0.16845630349843815	73.62729424821491	-0.0	0.0
FE3tex_f	psclys_c	-0.0	0.0	0.0	Inf	Inf
FE3tex_f	lald__D_c	-0.0	0.0	0.09425002151124318	Inf	0.0
FE3tex_f	lald__L_c	-0.0	-0.7900142529399026	0.0	-0.0	Inf
FE3tex_f	ura_c	-0.0	0.0	0.0	Inf	Inf
FE3tex_f	pydx_c	-0.0	0.0	0.6515689756479196	Inf	0.0
FE3tex_f	uracp_c	-0.0	-4.66068682222209	0.0	-0.0	Inf
FE3tex_f	pydxn_c	-0.0	0.0	0.6135607854017909	Inf	0.0
FE3tex_f	urate_c	-0.0	-0.7022348915021356	0.0	-0.0	Inf
FE3tex_f	q8_c	-0.0	0.0	0.0	Inf	Inf
FE3tex_f	q8h2_c	0.0	0.0	0.0	Inf	Inf
FE3tex_f	urea_c	-0.0	-1000.0	0.0	-0.0	Inf
FE3tex_f	uri_c	-0.0	0.0	0.603502411870614	Inf	0.0
FE3tex_f	rbflvrd_c	-0.0	0.0	0.04712501075562159	Inf	0.0
FE3tex_f	rbl__L_c	-0.0	-0.37920684141115324	0.0	-0.0	Inf
FE3tex_f	rdmbzi_c	0.0	0.0	0.0	Inf	Inf
FE3tex_f	thptdn_c	0.0	0.0	0.0	Inf	Inf
FE3tex_f	xan_c	-0.0	0.0	0.0	Inf	Inf
FE3tex_f	rephaccoa_c	-0.0	-0.0004971020016455441	0.0	-0.0	Inf
FE3tex_f	rib__D_c	-0.0	-0.37920684141115324	0.0	-0.0	Inf
FE3tex_f	xtsn_c	-0.0	0.0	0.5335311177406877	Inf	0.0
FE3tex_f	rml_c	-0.0	-0.3511174457510678	0.0	-0.0	Inf
FE3tex_f	thym_c	-0.0	-73.62729424821491	0.0	-0.0	Inf
FE3tex_f	thymd_c	-0.0	-0.02258189400924948	0.0	-0.0	Inf
FE3tex_f	xu5p__L_c	-0.0	-0.37177141314818946	0.0	-0.0	Inf
FE3tex_f	rmn_c	-0.0	-0.3511174457510678	0.0	-0.0	Inf
FE3tex_f	xyl__D_c	0.0	0.0	0.0	Inf	Inf
FE3tex_f	tmao_c	0.0	0.0	0.0	Inf	Inf
FE3tex_f	xylu__D_c	-0.0	0.0	0.0	Inf	Inf
FE3tex_f	xylu__L_c	-0.0	-0.37920684141115324	0.0	-0.0	Inf
FE3tex_f	12ppd__R_e	-0.0	-1000.0	0.0	-0.0	Inf
FE3tex_f	12ppd__S_e	-0.0	-1000.0	0.0	-0.0	Inf
FE3tex_f	tre_c	-0.0	-0.15800285058798053	0.0	-0.0	Inf
FE3tex_f	seln_c	0.0	0.0	0.0	Inf	Inf
FE3tex_f	34dhpac_e	-0.0	-1000.0	0.0	-0.0	Inf
FE3tex_f	slnt_c	0.0	0.0	0.0	Inf	Inf
FE3tex_f	so2_c	0.0	0.0	0.0	Inf	Inf
FE3tex_f	so3_c	-0.0	-0.21391956095219933	3.6813647124107454	-0.0	0.0
FE3tex_f	so4_c	-0.0	-0.21766336039468048	73.62729424821491	-0.0	0.0
FE3tex_f	4hoxpacd_e	-0.0	-1000.0	0.0	-0.0	Inf
FE3tex_f	5mtr_e	-0.0	0.0	0.0	Inf	Inf
FE3tex_f	LalaDgluMdap_e	-0.0	-1000.0	0.0	-0.0	Inf
FE3tex_f	ac_e	-0.0	0.0	0.0	Inf	Inf
FE3tex_f	acald_e	-0.0	-1000.0	0.0	-0.0	Inf
FE3tex_f	acgal_e	-0.0	-1000.0	0.0	-0.0	Inf
FE3tex_f	acgam_e	-0.0	-1000.0	0.0	-0.0	Inf
FE3tex_f	acmana_e	-0.0	-1000.0	0.0	-0.0	Inf
FE3tex_f	tagur_c	-0.0	0.0	0.0	Inf	Inf
FE3tex_f	tartr__L_c	-0.0	-0.7022348915021356	0.0	-0.0	Inf
FE3tex_f	ade_e	-0.0	-1000.0	0.0	-0.0	Inf
FE3tex_f	adn_e	-0.0	-1000.0	0.0	-0.0	Inf
FE3tex_f	all__D_e	-0.0	-1000.0	0.0	-0.0	Inf
FE3tex_f	cl_e	-0.0	-0.004492041516414247	999.9955079584836	-0.0	0.0
FE3tex_f	alltn_e	-0.0	0.0	0.0	Inf	Inf
FE3tex_f	cm_e	-0.0	-1000.0	0.0	-0.0	Inf
FE3tex_f	co2_e	-0.0	-975.4257548690098	24.57424513099022	-0.0	0.0
FE3tex_f	arab__L_e	-0.0	-1000.0	0.0	-0.0	Inf
FE3tex_f	arbt_e	-0.0	-1000.0	0.0	-0.0	Inf
FE3tex_f	unagamu_c	-0.0	0.0	0.04624999999911883	Inf	0.0
FE3tex_f	crn_e	-0.0	-1000.0	0.0	-0.0	Inf
FE3tex_f	csn_e	-0.0	-1000.0	0.0	-0.0	Inf
FE3tex_f	cyan_e	-0.0	-1000.0	0.0	-0.0	Inf
FE3tex_f	glyb_e	-0.0	-1000.0	0.0	-0.0	Inf
FE3tex_f	glyc_e	-0.0	-1000.0	0.0	-0.0	Inf
FE3tex_f	cytd_e	-0.0	-1000.0	0.0	-0.0	Inf
FE3tex_f	ca2_e	-0.0	-0.004492041516414247	999.9955079584836	-0.0	0.0
FE3tex_f	dad_2_e	-0.0	-1000.0	0.0	-0.0	Inf
FE3tex_f	dcyt_e	-0.0	-1000.0	0.0	-0.0	Inf
FE3tex_f	chol_e	-0.0	-1000.0	0.0	-0.0	Inf
FE3tex_f	dha_e	-0.0	-1000.0	0.0	-0.0	Inf
FE3tex_f	ppal_e	-0.0	-1000.0	0.0	-0.0	Inf
FE3tex_f	h2_e	-0.0	0.0	0.8325000000017624	Inf	0.0
FE3tex_f	dms_e	-0.0	-1000.0	0.0	-0.0	Inf
FE3tex_f	dmso_e	-0.0	-1000.0	0.0	-0.0	Inf
FE3tex_f	h2o2_e	-0.0	-1000.0	0.0	-0.0	Inf
FE3tex_f	psclys_e	-0.0	-1000.0	0.0	-0.0	Inf
FE3tex_f	duri_e	-0.0	-1000.0	0.0	-0.0	Inf
FE3tex_f	pydx_e	-0.0	-1000.0	0.0	-0.0	Inf
FE3tex_f	pydxn_e	-0.0	-1000.0	0.0	-0.0	Inf
FE3tex_f	etoh_e	-0.0	-1000.0	0.0	-0.0	Inf
FE3tex_f	fald_e	-0.0	0.0	0.0	Inf	Inf
FE3tex_f	rib__D_e	-0.0	-1000.0	0.0	-0.0	Inf
FE3tex_f	rmn_e	-0.0	-1000.0	0.0	-0.0	Inf
FE3tex_f	indole_e	-0.0	-1000.0	0.0	-0.0	Inf
FE3tex_f	inost_e	-0.0	-1000.0	0.0	-0.0	Inf
FE3tex_f	sbt__D_e	-0.0	-0.3108252798452076	0.0	-0.0	Inf
FE3tex_f	k_e	-0.0	-0.16845630349848761	999.8315436965015	-0.0	0.0
FE3tex_f	for_e	-0.0	0.0	0.002116998626888744	Inf	0.0
FE3tex_f	slnt_e	-0.0	0.0	1000.0	Inf	0.0
FE3tex_f	fru_e	-0.0	-1000.0	0.0	-0.0	Inf
FE3tex_f	so2_e	-0.0	-1000.0	0.0	-0.0	Inf
FE3tex_f	so3_e	-0.0	-1000.0	0.0	-0.0	Inf
FE3tex_f	so4_e	-0.0	-0.21766336039468115	999.7823366396053	-0.0	0.0
FE3tex_f	lipa_cold_e	-0.0	-1000.0	0.0	-0.0	Inf
FE3tex_f	sucr_e	-0.0	-1000.0	0.0	-0.0	Inf
FE3tex_f	g3pe_e	-0.0	-1000.0	0.0	-0.0	Inf
FE3tex_f	malt_e	-0.0	-1000.0	0.0	-0.0	Inf
FE3tex_f	tartr__L_e	-0.0	-1000.0	0.0	-0.0	Inf
FE3tex_f	g3pi_e	-0.0	-1000.0	0.0	-0.0	Inf
FE3tex_f	malthx_e	-0.0	-1000.0	0.0	-0.0	Inf
FE3tex_f	maltpt_e	-0.0	-1000.0	0.0	-0.0	Inf
FE3tex_f	gal_e	-0.0	-1000.0	0.0	-0.0	Inf
FE3tex_f	gal_bD_e	-0.0	-1000.0	0.0	-0.0	Inf
FE3tex_f	malttr_e	-0.0	-1000.0	0.0	-0.0	Inf
FE3tex_f	maltttr_e	-0.0	-1000.0	0.0	-0.0	Inf
FE3tex_f	man_e	-0.0	-1000.0	0.0	-0.0	Inf
FE3tex_f	thym_e	-0.0	-1000.0	0.0	-0.0	Inf
FE3tex_f	thymd_e	-0.0	-1000.0	0.0	-0.0	Inf
FE3tex_f	galt_e	-0.0	-0.3108252798452076	0.0	-0.0	Inf
FE3tex_f	melib_e	-0.0	-1000.0	0.0	-0.0	Inf
FE3tex_f	meoh_e	-0.0	-999.9999982739514	1.7260485947190318e-06	-0.0	0.0
FE3tex_f	tmao_e	-0.0	-1000.0	0.0	-0.0	Inf
FE3tex_f	tre_e	-0.0	-1000.0	0.0	-0.0	Inf
FE3tex_f	metsox_S__L_e	-0.0	-1000.0	0.0	-0.0	Inf
FE3tex_f	glc__D_e	-0.0	-0.338577536974244	0.9203411781026863	-0.0	0.0
FE3tex_f	mg2_e	-0.0	-0.007486735860655613	999.9925132641393	-0.0	0.0
FE3tex_f	mnl_e	-0.0	-1000.0	0.0	-0.0	Inf
FE3tex_f	mobd_e	-0.0	-0.00011133013560993277	999.9998886698644	-0.0	0.0
FE3tex_f	glyald_e	-0.0	-1000.0	0.0	-0.0	Inf
FE3tex_f	n2o_e	-0.0	-1000.0	0.0	-0.0	Inf
FE3tex_f	na1_e	-0.0	-1000.0	0.0	-0.0	Inf
FE3tex_f	nac_e	-0.0	-1000.0	0.0	-0.0	Inf
FE3tex_f	ni2_e	-0.0	-0.00027875685111666826	999.9997212431489	-0.0	0.0
FE3tex_f	no_e	-0.0	-1000.0	0.0	-0.0	Inf
FE3tex_f	no2_e	-0.0	-1000.0	0.0	-0.0	Inf
FE3tex_f	ura_e	-0.0	-1000.0	0.0	-0.0	Inf
FE3tex_f	no3_e	-0.0	-1000.0	0.0	-0.0	Inf
FE3tex_f	urea_e	-0.0	-1000.0	0.0	-0.0	Inf
FE3tex_f	novbcn_e	-0.0	-1000.0	0.0	-0.0	Inf
FE3tex_f	uri_e	-0.0	-1000.0	0.0	-0.0	Inf
FE3tex_f	o2_e	-0.0	-23.147197761323696	976.8528022386763	-0.0	0.0
FE3tex_f	xan_e	-0.0	0.0	0.0	Inf	Inf
FE3tex_f	xtsn_e	-0.0	-1000.0	0.0	-0.0	Inf
FE3tex_f	xyl__D_e	-0.0	-1000.0	0.0	-0.0	Inf
FE3tex_f	xylu__L_e	-0.0	-1000.0	0.0	-0.0	Inf
FE3tex_f	pacald_e	-0.0	-1000.0	0.0	-0.0	Inf
FE3tex_f	12dgr120_p	-0.0	0.0	0.0	Inf	Inf
FE3tex_f	12dgr140_p	-0.0	0.0	0.0	Inf	Inf
FE3tex_f	12dgr160_p	-0.0	-0.05056091218815376	0.0	-0.0	Inf
FE3tex_f	12dgr180_p	-0.0	0.0	0.0	Inf	Inf
FE3tex_f	12ppd__R_p	-0.0	-1000.0	0.0	-0.0	Inf
FE3tex_f	12ppd__S_p	-0.0	0.0	0.0	Inf	Inf
FE3tex_f	chol_p	-0.0	-1000.0	0.0	-0.0	Inf
FE3tex_f	cl_p	-0.0	-0.004492041516414247	999.9955079584836	-0.0	0.0
FE3tex_f	34dhpac_p	-0.0	-1000.0	0.0	-0.0	Inf
FE3tex_f	cm_p	-0.0	0.0	0.0	Inf	Inf
FE3tex_f	4hoxpacd_p	-0.0	-1000.0	0.0	-0.0	Inf
FE3tex_f	co2_p	-0.0	-975.4257548690098	24.57424513099022	-0.0	0.0
FE3tex_f	5mtr_p	-0.0	0.0	0.0	Inf	Inf
FE3tex_f	LalaDgluMdap_p	-0.0	-0.023981719434685668	0.0	-0.0	Inf
FE3tex_f	gal_p	-0.0	-1000.0	0.0	-0.0	Inf
FE3tex_f	ac_p	-0.0	-2.161957306744398	0.0	-0.0	Inf
FE3tex_f	crn_p	-0.0	-1000.0	0.0	-0.0	Inf
FE3tex_f	gal_bD_p	-0.0	-1000.0	0.0	-0.0	Inf
FE3tex_f	acald_p	-0.0	-1000.0	0.0	-0.0	Inf
FE3tex_f	acgal_p	-0.0	-1000.0	0.0	-0.0	Inf
FE3tex_f	csn_p	-0.0	0.0	0.0	Inf	Inf
FE3tex_f	acgam_p	-0.0	-1000.0	0.0	-0.0	Inf
FE3tex_f	galt_p	-0.0	-0.3108252798452076	0.0	-0.0	Inf
FE3tex_f	acmana_p	-0.0	-1000.0	0.0	-0.0	Inf
FE3tex_f	cyan_p	-0.0	0.0	0.0	Inf	Inf
FE3tex_f	ade_p	-0.0	-1000.0	0.0	-0.0	Inf
FE3tex_f	adn_p	-0.0	0.0	0.0005808153583929803	Inf	0.0
FE3tex_f	cytd_p	-0.0	-0.13853697683362043	0.0	-0.0	Inf
FE3tex_f	glc__D_p	-0.0	-0.338577536974244	0.9203411781026863	-0.0	0.0
FE3tex_f	dad_2_p	-0.0	-1000.0	0.0	-0.0	Inf
FE3tex_f	dcyt_p	-0.0	-1000.0	0.0	-0.0	Inf
FE3tex_f	all__D_p	-0.0	0.0	0.0	Inf	Inf
FE3tex_f	alltn_p	-0.0	0.0	0.0	Inf	Inf
FE3tex_f	dha_p	-0.0	-1000.0	0.0	-0.0	Inf
FE3tex_f	glyald_p	-0.0	-1000.0	0.0	-0.0	Inf
FE3tex_f	glyb_p	0.0	0.0	0.0	Inf	Inf
FE3tex_f	dms_p	-0.0	-1000.0	0.0	-0.0	Inf
FE3tex_f	glyc_p	-0.0	-0.11998454331241828	0.0	-0.0	Inf
FE3tex_f	dmso_p	-0.0	-1000.0	0.0	-0.0	Inf
FE3tex_f	arab__L_p	-0.0	0.0	0.0	Inf	Inf
FE3tex_f	arbt_p	0.0	0.0	0.0	Inf	Inf
FE3tex_f	ca2_p	-0.0	-0.004492041516414247	999.9955079584836	-0.0	0.0
FE3tex_f	duri_p	-0.0	-1000.0	0.0	-0.0	Inf
FE3tex_f	h2_p	-0.0	-4.740085517639415	0.8325000000017624	-0.0	0.0
FE3tex_f	h2o2_p	-0.0	-1000.0	0.0	-0.0	Inf
FE3tex_f	etoh_p	-0.0	-1000.0	0.0	-0.0	Inf
FE3tex_f	fald_p	-0.0	0.0	0.0	Inf	Inf
FE3tex_f	n2o_p	-0.0	-1000.0	0.0	-0.0	Inf
FE3tex_f	na1_p	-0.0	-1000.0	0.0	-0.0	Inf
FE3tex_f	indole_p	-0.0	0.0	0.4908486283214327	Inf	0.0
FE3tex_f	nac_p	-0.0	-1000.0	0.0	-0.0	Inf
FE3tex_f	ni2_p	-0.0	-0.00027875685111666826	999.9997212431489	-0.0	0.0
FE3tex_f	inost_p	-0.0	-1000.0	0.0	-0.0	Inf
FE3tex_f	no_p	-0.0	-1000.0	0.0	-0.0	Inf
FE3tex_f	no2_p	-0.0	-1000.0	0.0	-0.0	Inf
FE3tex_f	for_p	-0.0	0.0	0.002116998626888744	Inf	0.0
FE3tex_f	fru_p	-0.0	-1000.0	0.0	-0.0	Inf
FE3tex_f	no3_p	-0.0	0.0	0.0	Inf	Inf
FE3tex_f	k_p	-0.0	-0.16845630349848761	999.8315436965015	-0.0	0.0
FE3tex_f	novbcn_p	-0.0	0.0	0.0	Inf	Inf
FE3tex_f	o2_p	-0.0	-23.147197761323696	976.8528022386763	-0.0	0.0
FE3tex_f	lipa_cold_p	-0.0	-18.406823562053727	0.0	-0.0	Inf
FE3tex_f	g3pe_p	-0.0	0.0	0.0	Inf	Inf
FE3tex_f	g3pi_p	-0.0	0.0	0.0	Inf	Inf
FE3tex_f	so3_p	-0.0	-1000.0	0.0	-0.0	Inf
FE3tex_f	so4_p	-0.0	-0.21766336039468048	999.7823366396053	-0.0	0.0
FE3tex_f	malt_p	0.0	0.0	0.0	Inf	Inf
FE3tex_f	malthx_p	0.0	0.0	0.0	Inf	Inf
FE3tex_f	maltpt_p	0.0	0.0	0.0	Inf	Inf
FE3tex_f	sucr_p	-0.0	-1000.0	0.0	-0.0	Inf
FE3tex_f	malttr_p	0.0	0.0	0.0	Inf	Inf
FE3tex_f	maltttr_p	0.0	0.0	0.0	Inf	Inf
FE3tex_f	pacald_p	-0.0	-1000.0	0.0	-0.0	Inf
FE3tex_f	man_p	-0.0	-1000.0	0.0	-0.0	Inf
FE3tex_f	tartr__L_p	-0.0	-1000.0	0.0	-0.0	Inf
FE3tex_f	pe120_p	-0.0	0.0	0.0	Inf	Inf
FE3tex_f	melib_p	-0.0	-1000.0	0.0	-0.0	Inf
FE3tex_f	meoh_p	-0.0	-999.9999982739514	1.7260485947190318e-06	-0.0	0.0
FE3tex_f	thym_p	-0.0	-1000.0	0.0	-0.0	Inf
FE3tex_f	thymd_p	-0.0	-0.02258189400924948	0.0	-0.0	Inf
FE3tex_f	pg120_p	-0.0	-0.05999227165620914	0.0	-0.0	Inf
FE3tex_f	metsox_S__L_p	-0.0	-1000.0	0.0	-0.0	Inf
FE3tex_f	tmao_p	-0.0	-1000.0	0.0	-0.0	Inf
FE3tex_f	mg2_p	-0.0	-0.007486735860655613	999.9925132641393	-0.0	0.0
FE3tex_f	tre_p	-0.0	0.0	0.0	Inf	Inf
FE3tex_f	mnl_p	-0.0	0.0	0.0	Inf	Inf
FE3tex_f	mobd_p	-0.0	-0.00011133013560993277	999.9998886698644	-0.0	0.0
FE3tex_f	ura_p	-0.0	-1000.0	0.0	-0.0	Inf
FE3tex_f	urea_p	-0.0	-1000.0	0.0	-0.0	Inf
FE3tex_f	uri_p	-0.0	0.0	0.0	Inf	Inf
FE3tex_f	xan_p	-0.0	0.0	0.0	Inf	Inf
FE3tex_f	xtsn_p	-0.0	0.0	0.0	Inf	Inf
FE3tex_f	xyl__D_p	-0.0	0.0	0.0	Inf	Inf
FE3tex_f	xylu__L_p	-0.0	-1000.0	0.0	-0.0	Inf
FE3tex_f	ppal_p	-0.0	-1000.0	0.0	-0.0	Inf
FE3tex_f	psclys_p	-0.0	-1000.0	0.0	-0.0	Inf
FE3tex_f	pydx_p	-0.0	0.0	0.0	Inf	Inf
FE3tex_f	pydxn_p	-0.0	0.0	0.0	Inf	Inf
FE3tex_f	rib__D_p	-0.0	-1000.0	0.0	-0.0	Inf
FE3tex_f	rmn_p	-0.0	-1000.0	0.0	-0.0	Inf
FE3tex_f	sbt__D_p	-0.0	-0.3108252798452076	0.0	-0.0	Inf
FE3tex_f	slnt_p	-0.0	0.0	0.0	Inf	Inf
FE3tex_f	so2_p	-0.0	-1000.0	0.0	-0.0	Inf
