Reaction	Metabolite	ShadowPrice	G-	G+	DecrementalShadowPrice	IncrementalShadowPrice
GTHOXtex_f	12dgr120_c	-0.0	0.0	0.0	Inf	Inf
GTHOXtex_f	12dgr140_c	-0.0	0.0	0.0	Inf	Inf
GTHOXtex_f	12dgr160_c	-0.0	-0.05507303310798761	0.0	-0.0	Inf
GTHOXtex_f	12dgr180_c	-0.0	0.0	0.0	Inf	Inf
GTHOXtex_f	12ppd__R_c	-0.0	-1000.0	0.0	-0.0	Inf
GTHOXtex_f	12ppd__S_c	-0.0	0.0	0.0	Inf	Inf
GTHOXtex_f	5drib_c	-0.0	-999.999805819531	0.00019418046900835883	-0.0	0.0
GTHOXtex_f	5mta_c	-0.0	0.0	0.0	Inf	Inf
GTHOXtex_f	23dhacoa_c	-0.0	-0.000497102000982963	0.0	-0.0	Inf
GTHOXtex_f	5mtr_c	-0.0	0.0	0.0	Inf	Inf
GTHOXtex_f	3amac_c	-0.0	-7.936406045454301	0.0	-0.0	Inf
GTHOXtex_f	LalaDgluMdap_c	-0.0	-0.023981719434685668	0.0	-0.0	Inf
GTHOXtex_f	ac_c	-0.0	-7.936406045451298	0.502777248502516	-0.0	0.0
GTHOXtex_f	acald_c	-0.0	0.0	2.99384043260696	Inf	0.0
GTHOXtex_f	acetol_c	-0.0	0.0	0.0	Inf	Inf
GTHOXtex_f	acgam_c	-0.0	-0.08142953390555856	0.0	-0.0	Inf
GTHOXtex_f	acgam6p_c	-0.0	-0.08142953390555856	0.0	-0.0	Inf
GTHOXtex_f	acmalt_c	0.0	0.0	0.0	Inf	Inf
GTHOXtex_f	acmana_c	-0.0	-0.08142953390555856	0.0	-0.0	Inf
GTHOXtex_f	2dmmq8_c	-0.0	0.0	0.0	Inf	Inf
GTHOXtex_f	2dmmql8_c	0.0	0.0	0.0	Inf	Inf
GTHOXtex_f	ade_c	-0.0	-0.09425002151465345	0.0005808153583929803	-0.0	0.0
GTHOXtex_f	adn_c	-0.0	0.0	0.0005808153583929803	Inf	0.0
GTHOXtex_f	3sala_c	0.0	0.0	0.0	Inf	Inf
GTHOXtex_f	adphep_DD_c	-0.0	0.0	0.0	Inf	Inf
GTHOXtex_f	adphep_LD_c	-0.0	0.0	0.0	Inf	Inf
GTHOXtex_f	4ahmmp_c	0.0	0.0	0.0	Inf	Inf
GTHOXtex_f	4crsol_c	-0.0	-999.9998075455796	0.0001924544203949512	-0.0	0.0
GTHOXtex_f	2ohph_c	-0.0	-0.0001924544203949512	0.11215219102377914	-0.0	0.0
GTHOXtex_f	2ombzl_c	-0.0	0.0	0.0	Inf	Inf
GTHOXtex_f	2omhmbl_c	-0.0	0.0	0.0	Inf	Inf
GTHOXtex_f	2ommbl_c	0.0	0.0	0.0	Inf	Inf
GTHOXtex_f	2omph_c	-0.0	0.0	0.10129535298294289	Inf	0.0
GTHOXtex_f	4mhetz_c	0.0	0.0	0.0	Inf	Inf
GTHOXtex_f	2oph_c	-0.0	-0.0001924544203949512	0.11215219102377914	-0.0	0.0
GTHOXtex_f	2oxpaccoa_c	-0.0	-0.000497102000982963	0.0	-0.0	Inf
GTHOXtex_f	all__D_c	-0.0	-0.08142953390555856	0.0	-0.0	Inf
GTHOXtex_f	alltn_c	-0.0	-0.16285906781111711	0.0	-0.0	Inf
GTHOXtex_f	4r5au_c	-0.0	-0.000384908841661981	0.6785361574982012	-0.0	0.0
GTHOXtex_f	56dura_c	0.0	0.0	0.0	Inf	Inf
GTHOXtex_f	arab__L_c	-0.0	-0.09771544068667026	0.0	-0.0	Inf
GTHOXtex_f	etoh_c	-0.0	-1000.0	0.0	-0.0	Inf
GTHOXtex_f	csn_c	-0.0	0.0	0.0	Inf	Inf
GTHOXtex_f	fald_c	-0.0	0.0	0.0	Inf	Inf
GTHOXtex_f	fc1p_c	-0.0	-0.16285906781111711	0.0	-0.0	Inf
GTHOXtex_f	fcl__L_c	-0.0	0.0	0.0	Inf	Inf
GTHOXtex_f	aso4_c	0.0	0.0	0.0	Inf	Inf
GTHOXtex_f	cyan_c	0.0	0.0	0.0	Inf	Inf
GTHOXtex_f	athtp_c	0.0	0.0	0.0	Inf	Inf
GTHOXtex_f	cytd_c	-0.0	-0.061072150429168914	0.0	-0.0	Inf
GTHOXtex_f	dad_2_c	-0.0	0.0	0.0	Inf	Inf
GTHOXtex_f	dad_5_c	-0.0	-0.09425002151465345	0.00019418046900835883	-0.0	0.0
GTHOXtex_f	betald_c	0.0	0.0	0.0	Inf	Inf
GTHOXtex_f	btal_c	-0.0	-528.3091460387053	0.0	-0.0	Inf
GTHOXtex_f	for_c	-0.0	-0.09425002151465378	0.0021169986269621377	-0.0	0.0
GTHOXtex_f	dcyt_c	-0.0	0.0	0.0	Inf	Inf
GTHOXtex_f	fru_c	-0.0	-0.08142953390555856	0.0	-0.0	Inf
GTHOXtex_f	ca2_c	-0.0	-0.004492041516414247	999.9955079584836	-0.0	0.0
GTHOXtex_f	g3pe_c	-0.0	0.0	0.0	Inf	Inf
GTHOXtex_f	g3pi_c	0.0	0.0	0.0	Inf	Inf
GTHOXtex_f	cbm_c	-0.0	-3.968203022727145	0.0	-0.0	Inf
GTHOXtex_f	dha_c	-0.0	-0.16285906781111711	0.0	-0.0	Inf
GTHOXtex_f	gal_c	-0.0	0.0	0.0	Inf	Inf
GTHOXtex_f	dhgly_c	-0.0	-0.0001924544203949512	0.37011063136265654	-0.0	0.0
GTHOXtex_f	dhmptp_c	0.0	0.0	0.0	Inf	Inf
GTHOXtex_f	gcald_c	-0.0	-0.16285906781111711	0.0005773632611862922	-0.0	0.0
GTHOXtex_f	dhptd_c	-0.0	-47.36314415045263	0.0003866348893846214	-0.0	0.0
GTHOXtex_f	cechddd_c	-0.0	0.0	0.0	Inf	Inf
GTHOXtex_f	dhptdn_c	0.0	0.0	0.0	Inf	Inf
GTHOXtex_f	chol_c	0.0	0.0	0.0	Inf	Inf
GTHOXtex_f	chtbs6p_c	-0.0	0.0	0.0	Inf	Inf
GTHOXtex_f	dmbzid_c	0.0	0.0	0.0	Inf	Inf
GTHOXtex_f	dms_c	0.0	0.0	0.0	Inf	Inf
GTHOXtex_f	dmso_c	0.0	0.0	0.0	Inf	Inf
GTHOXtex_f	cl_c	-0.0	-0.004492041516393368	999.9955079584836	-0.0	0.0
GTHOXtex_f	glc__D_c	-0.0	-0.08142953390555856	0.0	-0.0	Inf
GTHOXtex_f	co2_c	-0.0	-975.4257548690474	24.57424513095259	-0.0	0.0
GTHOXtex_f	dscl_c	-0.0	-0.0001924544203949512	0.13191952946615812	-0.0	0.0
GTHOXtex_f	dtdp4aaddg_c	-0.0	0.0	0.0	Inf	Inf
GTHOXtex_f	glyald_c	-0.0	-1000.0	0.0	-0.0	Inf
GTHOXtex_f	crn_c	-0.0	-1000.0	0.0	-0.0	Inf
GTHOXtex_f	duri_c	-0.0	0.0	0.0	Inf	Inf
GTHOXtex_f	glyb_c	0.0	0.0	0.0	Inf	Inf
GTHOXtex_f	glyc_c	-0.0	-0.11998454331241828	0.0	-0.0	Inf
GTHOXtex_f	dxyl_c	0.0	0.0	0.0	Inf	Inf
GTHOXtex_f	glycogen_c	-0.0	-0.09771544068667026	0.0	-0.0	Inf
GTHOXtex_f	gmhep1p_c	-0.0	0.0	0.09249999999605431	Inf	0.0
GTHOXtex_f	lipa_cold_c	-0.0	0.0	0.0	Inf	Inf
GTHOXtex_f	lipidA_c	-0.0	-0.016791000911211995	0.046249999997967015	-0.0	0.0
GTHOXtex_f	malt_c	0.0	0.0	0.0	Inf	Inf
GTHOXtex_f	h2_c	-0.0	-616.3606703784899	0.8325000000039608	-0.0	0.0
GTHOXtex_f	malthx_c	-0.0	0.0	0.0	Inf	Inf
GTHOXtex_f	maltpt_c	-0.0	0.0	0.0	Inf	Inf
GTHOXtex_f	malttr_c	-0.0	0.0	0.0	Inf	Inf
GTHOXtex_f	maltttr_c	-0.0	0.0	0.0	Inf	Inf
GTHOXtex_f	h2o2_c	-0.0	-46.29439552260234	0.0021584237920251326	-0.0	0.0
GTHOXtex_f	man_c	-0.0	0.0	0.0	Inf	Inf
GTHOXtex_f	mdhdhf_c	-0.0	-47.36314415045263	0.0003866348893846214	-0.0	0.0
GTHOXtex_f	melib_c	-0.0	0.0	0.0	Inf	Inf
GTHOXtex_f	meoh_c	-0.0	-999.9999982739514	1.7260485947190318e-06	-0.0	0.0
GTHOXtex_f	pacald_c	-0.0	-1000.0	0.0	-0.0	Inf
GTHOXtex_f	metsox_S__L_c	-0.0	-0.06514362712444684	0.0	-0.0	Inf
GTHOXtex_f	mg2_c	-0.0	-0.007486735860655613	999.9925132641393	-0.0	0.0
GTHOXtex_f	hhlipa_c	-0.0	0.0	0.0	Inf	Inf
GTHOXtex_f	pe120_c	-0.0	0.0	0.0	Inf	Inf
GTHOXtex_f	mobd_c	-0.0	-0.00011133013556479239	26.944563893462828	-0.0	0.0
GTHOXtex_f	hlipa_c	-0.0	0.0	0.0	Inf	Inf
GTHOXtex_f	pg120_c	-0.0	-0.05999227165620914	0.0	-0.0	Inf
GTHOXtex_f	mql8_c	0.0	0.0	0.0	Inf	Inf
GTHOXtex_f	mqn8_c	-0.0	0.0	0.0	Inf	Inf
GTHOXtex_f	mthgxl_c	-0.0	0.0	0.0	Inf	Inf
GTHOXtex_f	hqn_c	0.0	0.0	0.0	Inf	Inf
GTHOXtex_f	mththf_c	-0.0	-999.9996133651106	0.0003866348893846214	-0.0	0.0
GTHOXtex_f	n2o_c	-0.0	-1000.0	0.0	-0.0	Inf
GTHOXtex_f	na1_c	-0.0	-107.77825557385131	0.0	-0.0	Inf
GTHOXtex_f	nac_c	-0.0	0.0	0.0	Inf	Inf
GTHOXtex_f	ncam_c	-0.0	0.0	0.0	Inf	Inf
GTHOXtex_f	ni2_c	-0.0	-0.0002787568510653329	999.9997212431489	-0.0	0.0
GTHOXtex_f	no_c	-0.0	-1000.0	0.0	-0.0	Inf
GTHOXtex_f	indole_c	-0.0	-0.04071476695277928	0.5089021181236527	-0.0	0.0
GTHOXtex_f	no2_c	-0.0	-1000.0	0.0	-0.0	Inf
GTHOXtex_f	no3_c	0.0	0.0	0.0	Inf	Inf
GTHOXtex_f	inost_c	0.0	0.0	0.0	Inf	Inf
GTHOXtex_f	o2_c	-0.0	-23.14719776130117	976.8528022386988	-0.0	0.0
GTHOXtex_f	poaac_c	-0.0	-8.290635044142366	0.0	-0.0	Inf
GTHOXtex_f	ppal_c	-0.0	0.0	0.0	Inf	Inf
GTHOXtex_f	k_c	-0.0	-0.16845630349843815	107.77825557385131	-0.0	0.0
GTHOXtex_f	psclys_c	-0.0	0.0	0.0	Inf	Inf
GTHOXtex_f	lald__D_c	-0.0	0.0	0.0	Inf	Inf
GTHOXtex_f	lald__L_c	-0.0	-82.55584456906308	0.0	-0.0	Inf
GTHOXtex_f	ura_c	-0.0	0.0	0.0	Inf	Inf
GTHOXtex_f	pydx_c	-0.0	0.0	0.7633531771854791	Inf	0.0
GTHOXtex_f	uracp_c	-0.0	-4.66068682223198	0.0	-0.0	Inf
GTHOXtex_f	pydxn_c	-0.0	0.0	0.7633531771854791	Inf	0.0
GTHOXtex_f	urate_c	-0.0	-0.16285906781111711	0.0	-0.0	Inf
GTHOXtex_f	q8_c	-0.0	0.0	0.0	Inf	Inf
GTHOXtex_f	q8h2_c	0.0	0.0	0.0	Inf	Inf
GTHOXtex_f	urea_c	-0.0	-1000.0	0.0	-0.0	Inf
GTHOXtex_f	uri_c	-0.0	0.0	0.7184500491157451	Inf	0.0
GTHOXtex_f	rbflvrd_c	-0.0	0.0	0.04712501075732703	Inf	0.0
GTHOXtex_f	rbl__L_c	-0.0	-0.09771544068667026	0.0	-0.0	Inf
GTHOXtex_f	rdmbzi_c	0.0	0.0	0.0	Inf	Inf
GTHOXtex_f	thptdn_c	0.0	0.0	0.0	Inf	Inf
GTHOXtex_f	xan_c	-0.0	0.0	0.0	Inf	Inf
GTHOXtex_f	rephaccoa_c	-0.0	-0.000497102000982963	0.0	-0.0	Inf
GTHOXtex_f	rib__D_c	-0.0	0.0	1.2213650834967666	Inf	0.0
GTHOXtex_f	xtsn_c	-0.0	0.0	0.0	Inf	Inf
GTHOXtex_f	rml_c	-0.0	-0.16285906781111711	0.0	-0.0	Inf
GTHOXtex_f	thym_c	-0.0	-107.77825557385131	0.0	-0.0	Inf
GTHOXtex_f	thymd_c	-0.0	-0.022581894009212074	0.0	-0.0	Inf
GTHOXtex_f	xu5p__L_c	-0.0	-0.09771544068667026	0.0	-0.0	Inf
GTHOXtex_f	rmn_c	-0.0	-0.16285906781111711	0.0	-0.0	Inf
GTHOXtex_f	xyl__D_c	0.0	0.0	0.0	Inf	Inf
GTHOXtex_f	tmao_c	0.0	0.0	0.0	Inf	Inf
GTHOXtex_f	xylu__D_c	-0.0	0.0	0.0	Inf	Inf
GTHOXtex_f	xylu__L_c	-0.0	-0.09771544068667026	0.0	-0.0	Inf
GTHOXtex_f	12ppd__R_e	-0.0	-1000.0	0.0	-0.0	Inf
GTHOXtex_f	12ppd__S_e	-0.0	-1000.0	0.0	-0.0	Inf
GTHOXtex_f	tre_c	-0.0	-0.04071476695277928	0.0	-0.0	Inf
GTHOXtex_f	seln_c	0.0	0.0	0.0	Inf	Inf
GTHOXtex_f	34dhpac_e	-0.0	-1000.0	0.0	-0.0	Inf
GTHOXtex_f	slnt_c	0.0	0.0	0.0	Inf	Inf
GTHOXtex_f	so2_c	0.0	0.0	0.0	Inf	Inf
GTHOXtex_f	so3_c	-0.0	-0.21391956095153675	5.388912778692548	-0.0	0.0
GTHOXtex_f	so4_c	-0.0	-0.21766336039399903	107.77825557385131	-0.0	0.0
GTHOXtex_f	4hoxpacd_e	-0.0	-1000.0	0.0	-0.0	Inf
GTHOXtex_f	5mtr_e	-0.0	0.0	0.0	Inf	Inf
GTHOXtex_f	LalaDgluMdap_e	-0.0	-1000.0	0.0	-0.0	Inf
GTHOXtex_f	ac_e	-0.0	0.0	0.0	Inf	Inf
GTHOXtex_f	acald_e	-0.0	-1000.0	0.0	-0.0	Inf
GTHOXtex_f	acgal_e	-0.0	-1000.0	0.0	-0.0	Inf
GTHOXtex_f	acgam_e	-0.0	-1000.0	0.0	-0.0	Inf
GTHOXtex_f	acmana_e	-0.0	-1000.0	0.0	-0.0	Inf
GTHOXtex_f	tagur_c	-0.0	0.0	0.0	Inf	Inf
GTHOXtex_f	tartr__L_c	-0.0	-0.16285906781111711	0.0	-0.0	Inf
GTHOXtex_f	ade_e	-0.0	-1000.0	0.0	-0.0	Inf
GTHOXtex_f	adn_e	-0.0	-1000.0	0.0	-0.0	Inf
GTHOXtex_f	all__D_e	-0.0	-1000.0	0.0	-0.0	Inf
GTHOXtex_f	cl_e	-0.0	-0.004492041516414247	999.9955079584836	-0.0	0.0
GTHOXtex_f	alltn_e	-0.0	0.0	0.0	Inf	Inf
GTHOXtex_f	cm_e	-0.0	-1000.0	0.0	-0.0	Inf
GTHOXtex_f	co2_e	-0.0	-975.4257548690474	24.57424513095259	-0.0	0.0
GTHOXtex_f	arab__L_e	-0.0	-1000.0	0.0	-0.0	Inf
GTHOXtex_f	arbt_e	-0.0	-1000.0	0.0	-0.0	Inf
GTHOXtex_f	unagamu_c	-0.0	0.0	0.04624999999804983	Inf	0.0
GTHOXtex_f	crn_e	-0.0	-1000.0	0.0	-0.0	Inf
GTHOXtex_f	csn_e	-0.0	-1000.0	0.0	-0.0	Inf
GTHOXtex_f	cyan_e	-0.0	-1000.0	0.0	-0.0	Inf
GTHOXtex_f	glyb_e	-0.0	-1000.0	0.0	-0.0	Inf
GTHOXtex_f	glyc_e	-0.0	-1000.0	0.0	-0.0	Inf
GTHOXtex_f	cytd_e	-0.0	-1000.0	0.0	-0.0	Inf
GTHOXtex_f	ca2_e	-0.0	-0.004492041516414247	999.9955079584836	-0.0	0.0
GTHOXtex_f	dad_2_e	-0.0	-1000.0	0.0	-0.0	Inf
GTHOXtex_f	dcyt_e	-0.0	-1000.0	0.0	-0.0	Inf
GTHOXtex_f	chol_e	-0.0	-1000.0	0.0	-0.0	Inf
GTHOXtex_f	dha_e	-0.0	-1000.0	0.0	-0.0	Inf
GTHOXtex_f	ppal_e	-0.0	-1000.0	0.0	-0.0	Inf
GTHOXtex_f	h2_e	-0.0	0.0	0.8325000000039608	Inf	0.0
GTHOXtex_f	dms_e	-0.0	-1000.0	0.0	-0.0	Inf
GTHOXtex_f	dmso_e	-0.0	-1000.0	0.0	-0.0	Inf
GTHOXtex_f	h2o2_e	-0.0	-1000.0	0.0	-0.0	Inf
GTHOXtex_f	psclys_e	-0.0	-1000.0	0.0	-0.0	Inf
GTHOXtex_f	duri_e	-0.0	-1000.0	0.0	-0.0	Inf
GTHOXtex_f	pydx_e	-0.0	-1000.0	0.0	-0.0	Inf
GTHOXtex_f	pydxn_e	-0.0	-1000.0	0.0	-0.0	Inf
GTHOXtex_f	etoh_e	-0.0	-1000.0	0.0	-0.0	Inf
GTHOXtex_f	fald_e	-0.0	0.0	0.0	Inf	Inf
GTHOXtex_f	rib__D_e	-0.0	-1000.0	0.0	-0.0	Inf
GTHOXtex_f	rmn_e	-0.0	-1000.0	0.0	-0.0	Inf
GTHOXtex_f	indole_e	-0.0	-1000.0	0.0	-0.0	Inf
GTHOXtex_f	inost_e	-0.0	-1000.0	0.0	-0.0	Inf
GTHOXtex_f	sbt__D_e	-0.0	-0.16285906781111711	0.0	-0.0	Inf
GTHOXtex_f	k_e	-0.0	-0.16845630349848761	999.8315436965015	-0.0	0.0
GTHOXtex_f	for_e	-0.0	0.0	0.0021169986269621377	Inf	0.0
GTHOXtex_f	slnt_e	-0.0	0.0	1000.0	Inf	0.0
GTHOXtex_f	fru_e	-0.0	-1000.0	0.0	-0.0	Inf
GTHOXtex_f	so2_e	-0.0	-1000.0	0.0	-0.0	Inf
GTHOXtex_f	so3_e	-0.0	-1000.0	0.0	-0.0	Inf
GTHOXtex_f	so4_e	-0.0	-0.21766336039399903	999.782336639606	-0.0	0.0
GTHOXtex_f	lipa_cold_e	-0.0	-1000.0	0.0	-0.0	Inf
GTHOXtex_f	sucr_e	-0.0	-1000.0	0.0	-0.0	Inf
GTHOXtex_f	g3pe_e	-0.0	-1000.0	0.0	-0.0	Inf
GTHOXtex_f	malt_e	-0.0	-1000.0	0.0	-0.0	Inf
GTHOXtex_f	tartr__L_e	-0.0	-1000.0	0.0	-0.0	Inf
GTHOXtex_f	g3pi_e	-0.0	-1000.0	0.0	-0.0	Inf
GTHOXtex_f	malthx_e	-0.0	-1000.0	0.0	-0.0	Inf
GTHOXtex_f	maltpt_e	-0.0	-1000.0	0.0	-0.0	Inf
GTHOXtex_f	gal_e	-0.0	-1000.0	0.0	-0.0	Inf
GTHOXtex_f	gal_bD_e	-0.0	-1000.0	0.0	-0.0	Inf
GTHOXtex_f	malttr_e	-0.0	-1000.0	0.0	-0.0	Inf
GTHOXtex_f	maltttr_e	-0.0	-1000.0	0.0	-0.0	Inf
GTHOXtex_f	man_e	-0.0	-1000.0	0.0	-0.0	Inf
GTHOXtex_f	thym_e	-0.0	-1000.0	0.0	-0.0	Inf
GTHOXtex_f	thymd_e	-0.0	-1000.0	0.0	-0.0	Inf
GTHOXtex_f	galt_e	-0.0	-0.16285906781111711	0.0	-0.0	Inf
GTHOXtex_f	melib_e	-0.0	-1000.0	0.0	-0.0	Inf
GTHOXtex_f	meoh_e	-0.0	-999.9999982739514	1.7260485947190318e-06	-0.0	0.0
GTHOXtex_f	tmao_e	-0.0	-1000.0	0.0	-0.0	Inf
GTHOXtex_f	tre_e	-0.0	-1000.0	0.0	-0.0	Inf
GTHOXtex_f	metsox_S__L_e	-0.0	-1000.0	0.0	-0.0	Inf
GTHOXtex_f	glc__D_e	-0.0	-0.24428860171667566	1.2109916356612567	-0.0	0.0
GTHOXtex_f	mg2_e	-0.0	-0.007486735860655613	999.9925132641393	-0.0	0.0
GTHOXtex_f	mnl_e	-0.0	-1000.0	0.0	-0.0	Inf
GTHOXtex_f	mobd_e	-0.0	-0.00011133013560993277	999.9998886698644	-0.0	0.0
GTHOXtex_f	glyald_e	-0.0	-1000.0	0.0	-0.0	Inf
GTHOXtex_f	n2o_e	-0.0	-1000.0	0.0	-0.0	Inf
GTHOXtex_f	na1_e	-0.0	-1000.0	0.0	-0.0	Inf
GTHOXtex_f	nac_e	-0.0	-1000.0	0.0	-0.0	Inf
GTHOXtex_f	ni2_e	-0.0	-0.00027875685111666826	999.9997212431489	-0.0	0.0
GTHOXtex_f	no_e	-0.0	-1000.0	0.0	-0.0	Inf
GTHOXtex_f	no2_e	-0.0	-1000.0	0.0	-0.0	Inf
GTHOXtex_f	ura_e	-0.0	-1000.0	0.0	-0.0	Inf
GTHOXtex_f	no3_e	-0.0	-1000.0	0.0	-0.0	Inf
GTHOXtex_f	urea_e	-0.0	-1000.0	0.0	-0.0	Inf
GTHOXtex_f	novbcn_e	-0.0	-1000.0	0.0	-0.0	Inf
GTHOXtex_f	uri_e	-0.0	-1000.0	0.0	-0.0	Inf
GTHOXtex_f	o2_e	-0.0	-23.147197761301186	976.8528022386988	-0.0	0.0
GTHOXtex_f	xan_e	-0.0	0.0	0.0	Inf	Inf
GTHOXtex_f	xtsn_e	-0.0	-1000.0	0.0	-0.0	Inf
GTHOXtex_f	xyl__D_e	-0.0	-1000.0	0.0	-0.0	Inf
GTHOXtex_f	xylu__L_e	-0.0	-1000.0	0.0	-0.0	Inf
GTHOXtex_f	pacald_e	-0.0	-1000.0	0.0	-0.0	Inf
GTHOXtex_f	12dgr120_p	-0.0	0.0	0.0	Inf	Inf
GTHOXtex_f	12dgr140_p	-0.0	0.0	0.0	Inf	Inf
GTHOXtex_f	12dgr160_p	-0.0	-0.05507303310798761	0.0	-0.0	Inf
GTHOXtex_f	12dgr180_p	-0.0	0.0	0.0	Inf	Inf
GTHOXtex_f	12ppd__R_p	-0.0	-1000.0	0.0	-0.0	Inf
GTHOXtex_f	12ppd__S_p	-0.0	0.0	0.0	Inf	Inf
GTHOXtex_f	chol_p	-0.0	-1000.0	0.0	-0.0	Inf
GTHOXtex_f	cl_p	-0.0	-0.004492041516414247	999.9955079584836	-0.0	0.0
GTHOXtex_f	34dhpac_p	-0.0	-1000.0	0.0	-0.0	Inf
GTHOXtex_f	cm_p	-0.0	0.0	0.0	Inf	Inf
GTHOXtex_f	4hoxpacd_p	-0.0	-1000.0	0.0	-0.0	Inf
GTHOXtex_f	co2_p	-0.0	-975.4257548690474	24.57424513095259	-0.0	0.0
GTHOXtex_f	5mtr_p	-0.0	0.0	0.0	Inf	Inf
GTHOXtex_f	LalaDgluMdap_p	-0.0	-0.023981719434685668	0.0	-0.0	Inf
GTHOXtex_f	gal_p	-0.0	-1000.0	0.0	-0.0	Inf
GTHOXtex_f	ac_p	-0.0	-7.936406045452933	0.0	-0.0	Inf
GTHOXtex_f	crn_p	-0.0	-1000.0	0.0	-0.0	Inf
GTHOXtex_f	gal_bD_p	-0.0	-1000.0	0.0	-0.0	Inf
GTHOXtex_f	acald_p	-0.0	-1000.0	0.0	-0.0	Inf
GTHOXtex_f	acgal_p	-0.0	-1000.0	0.0	-0.0	Inf
GTHOXtex_f	csn_p	-0.0	0.0	0.0	Inf	Inf
GTHOXtex_f	acgam_p	-0.0	-1000.0	0.0	-0.0	Inf
GTHOXtex_f	galt_p	-0.0	-0.16285906781111711	0.0	-0.0	Inf
GTHOXtex_f	acmana_p	-0.0	-1000.0	0.0	-0.0	Inf
GTHOXtex_f	cyan_p	-0.0	0.0	0.0	Inf	Inf
GTHOXtex_f	ade_p	-0.0	-1000.0	0.0	-0.0	Inf
GTHOXtex_f	adn_p	-0.0	0.0	0.0005808153583929803	Inf	0.0
GTHOXtex_f	cytd_p	-0.0	-0.061072150429168914	0.0	-0.0	Inf
GTHOXtex_f	glc__D_p	-0.0	-0.24428860171667566	1.2109916356612567	-0.0	0.0
GTHOXtex_f	dad_2_p	-0.0	-1000.0	0.0	-0.0	Inf
GTHOXtex_f	dcyt_p	-0.0	-1000.0	0.0	-0.0	Inf
GTHOXtex_f	all__D_p	-0.0	0.0	0.0	Inf	Inf
GTHOXtex_f	alltn_p	-0.0	0.0	0.0	Inf	Inf
GTHOXtex_f	dha_p	-0.0	-1000.0	0.0	-0.0	Inf
GTHOXtex_f	glyald_p	-0.0	-1000.0	0.0	-0.0	Inf
GTHOXtex_f	glyb_p	0.0	0.0	0.0	Inf	Inf
GTHOXtex_f	dms_p	-0.0	-1000.0	0.0	-0.0	Inf
GTHOXtex_f	glyc_p	-0.0	-0.11998454331241828	0.0	-0.0	Inf
GTHOXtex_f	dmso_p	-0.0	-1000.0	0.0	-0.0	Inf
GTHOXtex_f	arab__L_p	-0.0	0.0	0.0	Inf	Inf
GTHOXtex_f	arbt_p	0.0	0.0	0.0	Inf	Inf
GTHOXtex_f	ca2_p	-0.0	-0.004492041516414247	999.9955079584836	-0.0	0.0
GTHOXtex_f	duri_p	-0.0	-1000.0	0.0	-0.0	Inf
GTHOXtex_f	h2_p	-0.0	-616.3606703784899	0.8325000000039608	-0.0	0.0
GTHOXtex_f	h2o2_p	-0.0	-1000.0	0.0	-0.0	Inf
GTHOXtex_f	etoh_p	-0.0	-1000.0	0.0	-0.0	Inf
GTHOXtex_f	fald_p	-0.0	0.0	0.0	Inf	Inf
GTHOXtex_f	n2o_p	-0.0	-1000.0	0.0	-0.0	Inf
GTHOXtex_f	na1_p	-0.0	-1000.0	0.0	-0.0	Inf
GTHOXtex_f	indole_p	-0.0	0.0	0.5089021181236527	Inf	0.0
GTHOXtex_f	nac_p	-0.0	-1000.0	0.0	-0.0	Inf
GTHOXtex_f	ni2_p	-0.0	-0.00027875685111666826	999.9997212431489	-0.0	0.0
GTHOXtex_f	inost_p	-0.0	-1000.0	0.0	-0.0	Inf
GTHOXtex_f	no_p	-0.0	-1000.0	0.0	-0.0	Inf
GTHOXtex_f	no2_p	-0.0	-1000.0	0.0	-0.0	Inf
GTHOXtex_f	for_p	-0.0	0.0	0.0021169986269621377	Inf	0.0
GTHOXtex_f	fru_p	-0.0	-1000.0	0.0	-0.0	Inf
GTHOXtex_f	no3_p	-0.0	0.0	0.0	Inf	Inf
GTHOXtex_f	k_p	-0.0	-0.16845630349848761	999.8315436965015	-0.0	0.0
GTHOXtex_f	novbcn_p	-0.0	0.0	0.0	Inf	Inf
GTHOXtex_f	o2_p	-0.0	-23.147197761301186	976.8528022386988	-0.0	0.0
GTHOXtex_f	lipa_cold_p	-0.0	-26.944563893462828	0.0	-0.0	Inf
GTHOXtex_f	g3pe_p	-0.0	0.0	0.0	Inf	Inf
GTHOXtex_f	g3pi_p	-0.0	0.0	0.0	Inf	Inf
GTHOXtex_f	so3_p	-0.0	-1000.0	0.0	-0.0	Inf
GTHOXtex_f	so4_p	-0.0	-0.21766336039399903	999.782336639606	-0.0	0.0
GTHOXtex_f	malt_p	0.0	0.0	0.0	Inf	Inf
GTHOXtex_f	malthx_p	0.0	0.0	0.0	Inf	Inf
GTHOXtex_f	maltpt_p	0.0	0.0	0.0	Inf	Inf
GTHOXtex_f	sucr_p	-0.0	-1000.0	0.0	-0.0	Inf
GTHOXtex_f	malttr_p	0.0	0.0	0.0	Inf	Inf
GTHOXtex_f	maltttr_p	0.0	0.0	0.0	Inf	Inf
GTHOXtex_f	pacald_p	-0.0	-1000.0	0.0	-0.0	Inf
GTHOXtex_f	man_p	-0.0	-1000.0	0.0	-0.0	Inf
GTHOXtex_f	tartr__L_p	-0.0	-1000.0	0.0	-0.0	Inf
GTHOXtex_f	pe120_p	-0.0	0.0	0.0	Inf	Inf
GTHOXtex_f	melib_p	-0.0	-1000.0	0.0	-0.0	Inf
GTHOXtex_f	meoh_p	-0.0	-999.9999982739514	1.7260485947190318e-06	-0.0	0.0
GTHOXtex_f	thym_p	-0.0	-1000.0	0.0	-0.0	Inf
GTHOXtex_f	thymd_p	-0.0	-0.022581894009212074	0.0	-0.0	Inf
GTHOXtex_f	pg120_p	-0.0	-0.05999227165620914	0.0	-0.0	Inf
GTHOXtex_f	metsox_S__L_p	-0.0	-1000.0	0.0	-0.0	Inf
GTHOXtex_f	tmao_p	-0.0	-1000.0	0.0	-0.0	Inf
GTHOXtex_f	mg2_p	-0.0	-0.007486735860655613	999.9925132641393	-0.0	0.0
GTHOXtex_f	tre_p	-0.0	0.0	0.0	Inf	Inf
GTHOXtex_f	mnl_p	-0.0	0.0	0.0	Inf	Inf
GTHOXtex_f	mobd_p	-0.0	-0.00011133013560993277	999.9998886698644	-0.0	0.0
GTHOXtex_f	ura_p	-0.0	-1000.0	0.0	-0.0	Inf
GTHOXtex_f	urea_p	-0.0	-1000.0	0.0	-0.0	Inf
GTHOXtex_f	uri_p	-0.0	0.0	0.0	Inf	Inf
GTHOXtex_f	xan_p	-0.0	0.0	0.0	Inf	Inf
GTHOXtex_f	xtsn_p	-0.0	0.0	0.0	Inf	Inf
GTHOXtex_f	xyl__D_p	-0.0	0.0	0.0	Inf	Inf
GTHOXtex_f	xylu__L_p	-0.0	-1000.0	0.0	-0.0	Inf
GTHOXtex_f	ppal_p	-0.0	-1000.0	0.0	-0.0	Inf
GTHOXtex_f	psclys_p	-0.0	-1000.0	0.0	-0.0	Inf
GTHOXtex_f	pydx_p	-0.0	0.0	0.0	Inf	Inf
GTHOXtex_f	pydxn_p	-0.0	0.0	0.0	Inf	Inf
GTHOXtex_f	rib__D_p	-0.0	-1000.0	0.0	-0.0	Inf
GTHOXtex_f	rmn_p	-0.0	-1000.0	0.0	-0.0	Inf
GTHOXtex_f	sbt__D_p	-0.0	-0.16285906781111711	0.0	-0.0	Inf
GTHOXtex_f	slnt_p	-0.0	0.0	0.0	Inf	Inf
GTHOXtex_f	so2_p	-0.0	-1000.0	0.0	-0.0	Inf
