Reaction	Metabolite	ShadowPrice	G-	G+	DecrementalShadowPrice	IncrementalShadowPrice
DMSOtex_f	12dgr120_c	-0.0	0.0	0.0	Inf	Inf
DMSOtex_f	12dgr140_c	-0.0	0.0	0.0	Inf	Inf
DMSOtex_f	12dgr160_c	-0.0	-0.041051461105092585	0.0	-0.0	Inf
DMSOtex_f	12dgr180_c	-0.0	0.0	0.0	Inf	Inf
DMSOtex_f	12ppd__R_c	-0.0	-1000.0	0.0	-0.0	Inf
DMSOtex_f	12ppd__S_c	-0.0	0.0	0.0	Inf	Inf
DMSOtex_f	5drib_c	-0.0	-999.9998161879062	0.00018381209381928732	-0.0	0.0
DMSOtex_f	5mta_c	-0.0	0.0	0.0	Inf	Inf
DMSOtex_f	23dhacoa_c	-0.0	-0.00047055895902303746	0.0	-0.0	Inf
DMSOtex_f	5mtr_c	-0.0	0.0	0.0	Inf	Inf
DMSOtex_f	3amac_c	-0.0	-7.506258499627158	0.0	-0.0	Inf
DMSOtex_f	LalaDgluMdap_c	-0.0	-0.022701202058001583	0.0	-0.0	Inf
DMSOtex_f	ac_c	-0.0	-1.1141278261210075	0.4759311749716062	-0.0	0.0
DMSOtex_f	acald_c	-0.0	0.0	1.715730074093433	Inf	0.0
DMSOtex_f	acetol_c	-0.0	0.0	0.0	Inf	Inf
DMSOtex_f	acgam_c	-0.0	-0.07719127609240267	0.0	-0.0	Inf
DMSOtex_f	acgam6p_c	-0.0	-0.07719127609240267	0.0	-0.0	Inf
DMSOtex_f	acmalt_c	0.0	0.0	0.0	Inf	Inf
DMSOtex_f	acmana_c	-0.0	-0.07719127609240267	0.0	-0.0	Inf
DMSOtex_f	2dmmq8_c	-0.0	0.0	0.0	Inf	Inf
DMSOtex_f	2dmmql8_c	0.0	0.0	0.0	Inf	Inf
DMSOtex_f	ade_c	-0.0	-0.09122144897401085	0.00054980239619125	-0.0	0.0
DMSOtex_f	adn_c	-0.0	0.0	0.00054980239619125	Inf	0.0
DMSOtex_f	3sala_c	0.0	0.0	0.0	Inf	Inf
DMSOtex_f	adphep_DD_c	-0.0	0.0	0.0	Inf	Inf
DMSOtex_f	adphep_LD_c	-0.0	0.0	0.0	Inf	Inf
DMSOtex_f	4ahmmp_c	0.0	0.0	0.0	Inf	Inf
DMSOtex_f	4crsol_c	-0.0	-999.9998178217915	0.00018217820854089366	-0.0	0.0
DMSOtex_f	2ohph_c	-0.0	-0.00018217820854089366	0.06217506524532957	-0.0	0.0
DMSOtex_f	2ombzl_c	-0.0	0.0	0.0	Inf	Inf
DMSOtex_f	2omhmbl_c	-0.0	0.0	0.0	Inf	Inf
DMSOtex_f	2ommbl_c	0.0	0.0	0.0	Inf	Inf
DMSOtex_f	2omph_c	-0.0	0.0	0.05594606610245179	Inf	0.0
DMSOtex_f	4mhetz_c	0.0	0.0	0.0	Inf	Inf
DMSOtex_f	2oph_c	-0.0	-0.00018217820854089366	0.06217506524532957	-0.0	0.0
DMSOtex_f	2oxpaccoa_c	-0.0	-0.00047055895902303746	0.0	-0.0	Inf
DMSOtex_f	all__D_c	-0.0	-0.30837466615849307	0.0	-0.0	Inf
DMSOtex_f	alltn_c	-0.0	-1.1774305435142465	0.0	-0.0	Inf
DMSOtex_f	4r5au_c	-0.0	-0.0003643564165196163	0.3709169333508138	-0.0	0.0
DMSOtex_f	56dura_c	0.0	0.0	0.0	Inf	Inf
DMSOtex_f	arab__L_c	-0.0	-0.3700495993901918	0.0	-0.0	Inf
DMSOtex_f	etoh_c	-0.0	-1000.0	0.0	-0.0	Inf
DMSOtex_f	csn_c	-0.0	0.0	0.0	Inf	Inf
DMSOtex_f	fald_c	-0.0	0.0	0.0	Inf	Inf
DMSOtex_f	fc1p_c	-0.0	-0.2870190798594285	0.0	-0.0	Inf
DMSOtex_f	fcl__L_c	-0.0	0.0	0.0	Inf	Inf
DMSOtex_f	aso4_c	0.0	0.0	0.0	Inf	Inf
DMSOtex_f	cyan_c	0.0	0.0	0.0	Inf	Inf
DMSOtex_f	athtp_c	0.0	0.0	0.0	Inf	Inf
DMSOtex_f	cytd_c	-0.0	-0.1311397171570953	0.0	-0.0	Inf
DMSOtex_f	dad_2_c	-0.0	0.0	0.0	Inf	Inf
DMSOtex_f	dad_5_c	-0.0	-0.09122144897401085	0.00018381209381928732	-0.0	0.0
DMSOtex_f	betald_c	0.0	0.0	0.0	Inf	Inf
DMSOtex_f	btal_c	-0.0	-5.180694391462682	0.0	-0.0	Inf
DMSOtex_f	for_c	-0.0	-3.4537962609751207	0.00200396029216842	-0.0	0.0
DMSOtex_f	dcyt_c	-0.0	0.0	0.0	Inf	Inf
DMSOtex_f	fru_c	-0.0	-0.30837466615849307	0.0	-0.0	Inf
DMSOtex_f	ca2_c	-0.0	-0.0042521864370428375	20.722777565850727	-0.0	0.0
DMSOtex_f	g3pe_c	-0.0	0.0	0.0	Inf	Inf
DMSOtex_f	g3pi_c	0.0	0.0	0.0	Inf	Inf
DMSOtex_f	cbm_c	-0.0	-3.7531292498135826	0.0	-0.0	Inf
DMSOtex_f	dha_c	-0.0	-0.616749332316986	1.3633703496138023	-0.0	0.0
DMSOtex_f	gal_c	-0.0	0.0	0.0	Inf	Inf
DMSOtex_f	dhgly_c	-0.0	-0.00018217820854089366	0.2468745657538862	-0.0	0.0
DMSOtex_f	dhmptp_c	0.0	0.0	0.0	Inf	Inf
DMSOtex_f	gcald_c	-0.0	-0.9593878502708675	0.0005465346255277836	-0.0	0.0
DMSOtex_f	dhptd_c	-0.0	-43.54108550911121	0.0003659903023719627	-0.0	0.0
DMSOtex_f	cechddd_c	-0.0	0.0	0.0	Inf	Inf
DMSOtex_f	dhptdn_c	0.0	0.0	0.0	Inf	Inf
DMSOtex_f	chol_c	0.0	0.0	0.0	Inf	Inf
DMSOtex_f	chtbs6p_c	-0.0	0.0	0.0	Inf	Inf
DMSOtex_f	dmbzid_c	0.0	0.0	0.0	Inf	Inf
DMSOtex_f	dms_c	0.0	0.0	0.0	Inf	Inf
DMSOtex_f	dmso_c	0.0	0.0	0.0	Inf	Inf
DMSOtex_f	cl_c	-0.0	-0.004252186437019513	41.445555131701454	-0.0	0.0
DMSOtex_f	glc__D_c	-0.0	-0.30837466615849307	0.0	-0.0	Inf
DMSOtex_f	co2_c	-0.0	-978.034176793576	21.963819246131834	-0.0	0.0
DMSOtex_f	dscl_c	-0.0	-0.00018217820854089366	0.05751050527687486	-0.0	0.0
DMSOtex_f	dtdp4aaddg_c	-0.0	0.0	0.0	Inf	Inf
DMSOtex_f	glyald_c	-0.0	-1000.0	0.0	-0.0	Inf
DMSOtex_f	crn_c	-0.0	-20.722777565850727	0.0	-0.0	Inf
DMSOtex_f	duri_c	-0.0	0.0	0.4215434785713989	Inf	0.0
DMSOtex_f	glyb_c	0.0	0.0	0.0	Inf	Inf
DMSOtex_f	glyc_c	-0.0	-0.11357790124225722	0.0	-0.0	Inf
DMSOtex_f	dxyl_c	0.0	0.0	0.0	Inf	Inf
DMSOtex_f	glycogen_c	-0.0	-0.29105024671138674	0.0	-0.0	Inf
DMSOtex_f	gmhep1p_c	-0.0	0.0	0.5375989655670768	Inf	0.0
DMSOtex_f	lipa_cold_c	-0.0	0.0	0.0	Inf	Inf
DMSOtex_f	lipidA_c	-0.0	-0.015894435988201394	0.04676579382173427	-0.0	0.0
DMSOtex_f	malt_c	0.0	0.0	0.0	Inf	Inf
DMSOtex_f	h2_c	-0.0	0.0	0.0	Inf	Inf
DMSOtex_f	malthx_c	-0.0	0.0	0.0	Inf	Inf
DMSOtex_f	maltpt_c	-0.0	0.0	0.0	Inf	Inf
DMSOtex_f	malttr_c	-0.0	0.0	0.0	Inf	Inf
DMSOtex_f	maltttr_c	-0.0	0.0	0.0	Inf	Inf
DMSOtex_f	h2o2_c	-0.0	-0.00132834872984695	12.150836212295587	-0.0	0.0
DMSOtex_f	man_c	-0.0	0.0	0.0	Inf	Inf
DMSOtex_f	mdhdhf_c	-0.0	-43.54108550911121	0.0003659903023719627	-0.0	0.0
DMSOtex_f	melib_c	-0.0	0.0	0.0	Inf	Inf
DMSOtex_f	meoh_c	-0.0	-999.9999983661147	1.6338852901753853e-06	-0.0	0.0
DMSOtex_f	pacald_c	-0.0	-20.722777565850727	0.0	-0.0	Inf
DMSOtex_f	metsox_S__L_c	-0.0	-0.09122144897401085	0.0	-0.0	Inf
DMSOtex_f	mg2_c	-0.0	-0.007086977395032523	10.361388782925363	-0.0	0.0
DMSOtex_f	hhlipa_c	-0.0	0.0	0.0	Inf	Inf
DMSOtex_f	pe120_c	-0.0	0.0	0.0	Inf	Inf
DMSOtex_f	mobd_c	-0.0	-0.00010538560045639139	15.1334108807132	-0.0	0.0
DMSOtex_f	hlipa_c	-0.0	0.0	0.0	Inf	Inf
DMSOtex_f	pg120_c	-0.0	-0.050103427383584954	0.0	-0.0	Inf
DMSOtex_f	mql8_c	0.0	0.0	0.0	Inf	Inf
DMSOtex_f	mqn8_c	-0.0	0.0	0.0	Inf	Inf
DMSOtex_f	mthgxl_c	-0.0	0.0	0.0	Inf	Inf
DMSOtex_f	hqn_c	0.0	0.0	0.0	Inf	Inf
DMSOtex_f	mththf_c	-0.0	-999.9996340096976	0.0003659903023719627	-0.0	0.0
DMSOtex_f	n2o_c	-0.0	-1000.0	0.0	-0.0	Inf
DMSOtex_f	na1_c	-0.0	0.0	0.0	Inf	Inf
DMSOtex_f	nac_c	-0.0	0.0	0.0	Inf	Inf
DMSOtex_f	ncam_c	-0.0	0.0	0.0	Inf	Inf
DMSOtex_f	ni2_c	-0.0	-0.0002638724724605769	999.9997361275275	-0.0	0.0
DMSOtex_f	no_c	-0.0	-1000.0	0.0	-0.0	Inf
DMSOtex_f	indole_c	-0.0	-0.04643747043986555	0.39155008746994074	-0.0	0.0
DMSOtex_f	no2_c	-0.0	-20.722777565850727	0.0	-0.0	Inf
DMSOtex_f	no3_c	0.0	0.0	0.0	Inf	Inf
DMSOtex_f	inost_c	0.0	0.0	0.0	Inf	Inf
DMSOtex_f	o2_c	-0.0	-20.222544406985886	979.7774555930141	-0.0	0.0
DMSOtex_f	poaac_c	-0.0	-4.517436083794999	0.0	-0.0	Inf
DMSOtex_f	ppal_c	-0.0	0.0	0.0	Inf	Inf
DMSOtex_f	k_c	-0.0	-0.15946148457271647	60.5336435228528	-0.0	0.0
DMSOtex_f	psclys_c	-0.0	0.0	0.0	Inf	Inf
DMSOtex_f	lald__D_c	-0.0	0.0	0.0	Inf	Inf
DMSOtex_f	lald__L_c	-0.0	-0.616749332316986	0.0	-0.0	Inf
DMSOtex_f	ura_c	-0.0	0.0	0.0	Inf	Inf
DMSOtex_f	pydx_c	-0.0	0.0	0.48272443000680126	Inf	0.0
DMSOtex_f	uracp_c	-0.0	-4.411826832022882	0.0	-0.0	Inf
DMSOtex_f	pydxn_c	-0.0	0.0	0.4572027456408827	Inf	0.0
DMSOtex_f	urate_c	-0.0	-0.00132834872984695	0.0	-0.0	Inf
DMSOtex_f	q8_c	0.0	0.0	0.0	Inf	Inf
DMSOtex_f	q8h2_c	-0.0	0.0	0.0	Inf	Inf
DMSOtex_f	urea_c	-0.0	-1000.0	0.0	-0.0	Inf
DMSOtex_f	uri_c	-0.0	0.0	0.0	Inf	Inf
DMSOtex_f	rbflvrd_c	-0.0	0.0	0.19119912673042588	Inf	0.0
DMSOtex_f	rbl__L_c	-0.0	-0.3700495993901918	0.0	-0.0	Inf
DMSOtex_f	rdmbzi_c	0.0	0.0	0.0	Inf	Inf
DMSOtex_f	thptdn_c	0.0	0.0	0.0	Inf	Inf
DMSOtex_f	xan_c	-0.0	0.0	0.0	Inf	Inf
DMSOtex_f	rephaccoa_c	-0.0	-0.00047055895902303746	0.0	-0.0	Inf
DMSOtex_f	rib__D_c	-0.0	0.0	0.7760723528570876	Inf	0.0
DMSOtex_f	xtsn_c	-0.0	0.0	0.0	Inf	Inf
DMSOtex_f	rml_c	-0.0	-0.308374666158493	0.0	-0.0	Inf
DMSOtex_f	thym_c	-0.0	-60.5336435228528	0.0	-0.0	Inf
DMSOtex_f	thymd_c	-0.0	-0.021376121097205214	0.0	-0.0	Inf
DMSOtex_f	xu5p__L_c	-0.0	-0.33971766501394657	0.0	-0.0	Inf
DMSOtex_f	rmn_c	-0.0	-0.308374666158493	0.0	-0.0	Inf
DMSOtex_f	xyl__D_c	0.0	0.0	0.0	Inf	Inf
DMSOtex_f	tmao_c	0.0	0.0	0.0	Inf	Inf
DMSOtex_f	xylu__D_c	-0.0	0.0	0.0	Inf	Inf
DMSOtex_f	xylu__L_c	-0.0	-0.3700495993901918	0.0	-0.0	Inf
DMSOtex_f	12ppd__R_e	-0.0	-1000.0	0.0	-0.0	Inf
DMSOtex_f	12ppd__S_e	-0.0	-1000.0	0.0	-0.0	Inf
DMSOtex_f	tre_c	-0.0	-0.15418733307924654	0.0	-0.0	Inf
DMSOtex_f	seln_c	0.0	0.0	0.0	Inf	Inf
DMSOtex_f	34dhpac_e	-0.0	-1000.0	0.0	-0.0	Inf
DMSOtex_f	slnt_c	0.0	0.0	0.0	Inf	Inf
DMSOtex_f	so2_c	0.0	0.0	0.0	Inf	Inf
DMSOtex_f	so3_c	-0.0	-0.20249720586189152	2.9673354668065155	-0.0	0.0
DMSOtex_f	so4_c	-0.0	-0.20604110303072737	60.5336435228528	-0.0	0.0
DMSOtex_f	4hoxpacd_e	-0.0	-1000.0	0.0	-0.0	Inf
DMSOtex_f	5mtr_e	-0.0	0.0	0.0	Inf	Inf
DMSOtex_f	LalaDgluMdap_e	-0.0	-1000.0	0.0	-0.0	Inf
DMSOtex_f	ac_e	-0.0	0.0	0.0	Inf	Inf
DMSOtex_f	acald_e	-0.0	-1000.0	0.0	-0.0	Inf
DMSOtex_f	acgal_e	-0.0	-1000.0	0.0	-0.0	Inf
DMSOtex_f	acgam_e	-0.0	-1000.0	0.0	-0.0	Inf
DMSOtex_f	acmana_e	-0.0	-1000.0	0.0	-0.0	Inf
DMSOtex_f	tagur_c	-0.0	0.0	0.0	Inf	Inf
DMSOtex_f	tartr__L_c	-0.0	-0.624180047164179	0.0	-0.0	Inf
DMSOtex_f	ade_e	-0.0	-1000.0	0.0	-0.0	Inf
DMSOtex_f	adn_e	-0.0	-1000.0	0.0	-0.0	Inf
DMSOtex_f	all__D_e	-0.0	-1000.0	0.0	-0.0	Inf
DMSOtex_f	cl_e	-0.0	-0.0042521864370428375	999.995747813563	-0.0	0.0
DMSOtex_f	alltn_e	-0.0	0.0	0.0	Inf	Inf
DMSOtex_f	cm_e	-0.0	-1000.0	0.0	-0.0	Inf
DMSOtex_f	co2_e	-0.0	-978.034176793576	21.965823206424034	-0.0	0.0
DMSOtex_f	arab__L_e	-0.0	-1000.0	0.0	-0.0	Inf
DMSOtex_f	arbt_e	-0.0	-1000.0	0.0	-0.0	Inf
DMSOtex_f	unagamu_c	-0.0	0.0	0.04255141538229498	Inf	0.0
DMSOtex_f	crn_e	-0.0	-1000.0	0.0	-0.0	Inf
DMSOtex_f	csn_e	-0.0	-1000.0	0.0	-0.0	Inf
DMSOtex_f	cyan_e	-0.0	-1000.0	0.0	-0.0	Inf
DMSOtex_f	glyb_e	-0.0	-1000.0	0.0	-0.0	Inf
DMSOtex_f	glyc_e	-0.0	-1000.0	0.0	-0.0	Inf
DMSOtex_f	cytd_e	-0.0	-1000.0	0.0	-0.0	Inf
DMSOtex_f	ca2_e	-0.0	-0.0042521864370428375	999.995747813563	-0.0	0.0
DMSOtex_f	dad_2_e	-0.0	-1000.0	0.0	-0.0	Inf
DMSOtex_f	dcyt_e	-0.0	-1000.0	0.0	-0.0	Inf
DMSOtex_f	chol_e	-0.0	-1000.0	0.0	-0.0	Inf
DMSOtex_f	dha_e	-0.0	-1000.0	0.0	-0.0	Inf
DMSOtex_f	ppal_e	-0.0	-1000.0	0.0	-0.0	Inf
DMSOtex_f	h2_e	-0.0	-1000.0	0.0	-0.0	Inf
DMSOtex_f	dms_e	-0.0	-1000.0	0.0	-0.0	Inf
DMSOtex_f	dmso_e	-1.0	0.0	0.0	Inf	Inf
DMSOtex_f	h2o2_e	-0.0	-1000.0	0.0	-0.0	Inf
DMSOtex_f	psclys_e	-0.0	-1000.0	0.0	-0.0	Inf
DMSOtex_f	duri_e	-0.0	-1000.0	0.0	-0.0	Inf
DMSOtex_f	pydx_e	-0.0	-1000.0	0.0	-0.0	Inf
DMSOtex_f	pydxn_e	-0.0	-1000.0	0.0	-0.0	Inf
DMSOtex_f	etoh_e	-0.0	-1000.0	0.0	-0.0	Inf
DMSOtex_f	fald_e	-0.0	0.0	0.0	Inf	Inf
DMSOtex_f	rib__D_e	-0.0	-1000.0	0.0	-0.0	Inf
DMSOtex_f	rmn_e	-0.0	-1000.0	0.0	-0.0	Inf
DMSOtex_f	indole_e	-0.0	-1000.0	0.0	-0.0	Inf
DMSOtex_f	inost_e	-0.0	-1000.0	0.0	-0.0	Inf
DMSOtex_f	sbt__D_e	-0.0	-0.2910502467113867	0.0	-0.0	Inf
DMSOtex_f	k_e	-0.0	-0.15946148457271647	999.8405385154273	-0.0	0.0
DMSOtex_f	for_e	-0.0	0.0	0.00200396029216842	Inf	0.0
DMSOtex_f	slnt_e	-0.0	0.0	1000.0	Inf	0.0
DMSOtex_f	fru_e	-0.0	-1000.0	0.0	-0.0	Inf
DMSOtex_f	so2_e	-0.0	-1000.0	0.0	-0.0	Inf
DMSOtex_f	so3_e	-0.0	-1000.0	0.0	-0.0	Inf
DMSOtex_f	so4_e	-0.0	-0.2060411030307705	999.7939588969692	-0.0	0.0
DMSOtex_f	lipa_cold_e	-0.0	-1000.0	0.0	-0.0	Inf
DMSOtex_f	sucr_e	-0.0	-1000.0	0.0	-0.0	Inf
DMSOtex_f	g3pe_e	-0.0	-1000.0	0.0	-0.0	Inf
DMSOtex_f	malt_e	-0.0	-1000.0	0.0	-0.0	Inf
DMSOtex_f	tartr__L_e	-0.0	-1000.0	0.0	-0.0	Inf
DMSOtex_f	g3pi_e	-0.0	-1000.0	0.0	-0.0	Inf
DMSOtex_f	malthx_e	-0.0	-1000.0	0.0	-0.0	Inf
DMSOtex_f	maltpt_e	-0.0	-1000.0	0.0	-0.0	Inf
DMSOtex_f	gal_e	-0.0	-1000.0	0.0	-0.0	Inf
DMSOtex_f	gal_bD_e	-0.0	-1000.0	0.0	-0.0	Inf
DMSOtex_f	malttr_e	-0.0	-1000.0	0.0	-0.0	Inf
DMSOtex_f	maltttr_e	-0.0	-1000.0	0.0	-0.0	Inf
DMSOtex_f	man_e	-0.0	-1000.0	0.0	-0.0	Inf
DMSOtex_f	thym_e	-0.0	-1000.0	0.0	-0.0	Inf
DMSOtex_f	thymd_e	-0.0	-1000.0	0.0	-0.0	Inf
DMSOtex_f	galt_e	-0.0	-0.29105024671138674	0.0	-0.0	Inf
DMSOtex_f	melib_e	-0.0	-1000.0	0.0	-0.0	Inf
DMSOtex_f	meoh_e	-0.0	-999.9999983661147	1.6338852901753853e-06	-0.0	0.0
DMSOtex_f	tmao_e	-0.0	-1000.0	0.0	-0.0	Inf
DMSOtex_f	tre_e	-0.0	-1000.0	0.0	-0.0	Inf
DMSOtex_f	metsox_S__L_e	-0.0	-1000.0	0.0	-0.0	Inf
DMSOtex_f	glc__D_e	-0.0	-0.308374666158493	0.6816851748069012	-0.0	0.0
DMSOtex_f	mg2_e	-0.0	-0.0070869773950335	999.992913022605	-0.0	0.0
DMSOtex_f	mnl_e	-0.0	-1000.0	0.0	-0.0	Inf
DMSOtex_f	mobd_e	-0.0	-0.00010538560047734791	999.9998946143995	-0.0	0.0
DMSOtex_f	glyald_e	-0.0	-1000.0	0.0	-0.0	Inf
DMSOtex_f	n2o_e	-0.0	-1000.0	0.0	-0.0	Inf
DMSOtex_f	na1_e	-0.0	0.0	1000.0	Inf	0.0
DMSOtex_f	nac_e	-0.0	-1000.0	0.0	-0.0	Inf
DMSOtex_f	ni2_e	-0.0	-0.0002638724724874919	999.9997361275275	-0.0	0.0
DMSOtex_f	no_e	-0.0	-1000.0	0.0	-0.0	Inf
DMSOtex_f	no2_e	-0.0	-1000.0	0.0	-0.0	Inf
DMSOtex_f	ura_e	-0.0	-1000.0	0.0	-0.0	Inf
DMSOtex_f	no3_e	-0.0	-1000.0	0.0	-0.0	Inf
DMSOtex_f	urea_e	-0.0	-1000.0	0.0	-0.0	Inf
DMSOtex_f	novbcn_e	-0.0	-1000.0	0.0	-0.0	Inf
DMSOtex_f	uri_e	-0.0	-1000.0	0.0	-0.0	Inf
DMSOtex_f	o2_e	-0.0	-20.22254440698589	979.7774555930141	-0.0	0.0
DMSOtex_f	xan_e	-0.0	0.0	0.0	Inf	Inf
DMSOtex_f	xtsn_e	-0.0	-1000.0	0.0	-0.0	Inf
DMSOtex_f	xyl__D_e	-0.0	-1000.0	0.0	-0.0	Inf
DMSOtex_f	xylu__L_e	-0.0	-1000.0	0.0	-0.0	Inf
DMSOtex_f	pacald_e	-0.0	-1000.0	0.0	-0.0	Inf
DMSOtex_f	12dgr120_p	-0.0	0.0	0.0	Inf	Inf
DMSOtex_f	12dgr140_p	-0.0	0.0	0.0	Inf	Inf
DMSOtex_f	12dgr160_p	-0.0	-0.041051461105092585	0.0	-0.0	Inf
DMSOtex_f	12dgr180_p	-0.0	0.0	0.0	Inf	Inf
DMSOtex_f	12ppd__R_p	-0.0	-1000.0	0.0	-0.0	Inf
DMSOtex_f	12ppd__S_p	-0.0	0.0	0.0	Inf	Inf
DMSOtex_f	chol_p	-0.0	-1000.0	0.0	-0.0	Inf
DMSOtex_f	cl_p	-0.0	-0.0042521864370428375	999.995747813563	-0.0	0.0
DMSOtex_f	34dhpac_p	-0.0	-1000.0	0.0	-0.0	Inf
DMSOtex_f	cm_p	-0.0	0.0	0.0	Inf	Inf
DMSOtex_f	4hoxpacd_p	-0.0	-1000.0	0.0	-0.0	Inf
DMSOtex_f	co2_p	-0.0	-978.034176793576	21.965823206424034	-0.0	0.0
DMSOtex_f	5mtr_p	-0.0	0.0	0.0	Inf	Inf
DMSOtex_f	LalaDgluMdap_p	-0.0	-0.022701202058001583	0.0	-0.0	Inf
DMSOtex_f	gal_p	-0.0	-1000.0	0.0	-0.0	Inf
DMSOtex_f	ac_p	-0.0	-1.1774305435142465	0.0	-0.0	Inf
DMSOtex_f	crn_p	-0.0	-1000.0	0.0	-0.0	Inf
DMSOtex_f	gal_bD_p	-0.0	-1000.0	0.0	-0.0	Inf
DMSOtex_f	acald_p	-0.0	-1000.0	0.0	-0.0	Inf
DMSOtex_f	acgal_p	-0.0	-1000.0	0.0	-0.0	Inf
DMSOtex_f	csn_p	-0.0	0.0	0.0	Inf	Inf
DMSOtex_f	acgam_p	-0.0	-1000.0	0.0	-0.0	Inf
DMSOtex_f	galt_p	-0.0	-0.29105024671138674	0.0	-0.0	Inf
DMSOtex_f	acmana_p	-0.0	-1000.0	0.0	-0.0	Inf
DMSOtex_f	cyan_p	-0.0	0.0	0.0	Inf	Inf
DMSOtex_f	ade_p	-0.0	-1000.0	0.0	-0.0	Inf
DMSOtex_f	adn_p	-0.0	0.0	0.00054980239619125	Inf	0.0
DMSOtex_f	cytd_p	-0.0	-0.1311397171570953	0.0	-0.0	Inf
DMSOtex_f	glc__D_p	-0.0	-0.308374666158493	0.6816851748069012	-0.0	0.0
DMSOtex_f	dad_2_p	-0.0	-1000.0	0.0	-0.0	Inf
DMSOtex_f	dcyt_p	-0.0	-1000.0	0.0	-0.0	Inf
DMSOtex_f	all__D_p	-0.0	0.0	0.0	Inf	Inf
DMSOtex_f	alltn_p	-0.0	0.0	0.0	Inf	Inf
DMSOtex_f	dha_p	-0.0	-1000.0	0.0	-0.0	Inf
DMSOtex_f	glyald_p	-0.0	-1000.0	0.0	-0.0	Inf
DMSOtex_f	glyb_p	0.0	0.0	0.0	Inf	Inf
DMSOtex_f	dms_p	-0.0	-1000.0	0.0	-0.0	Inf
DMSOtex_f	glyc_p	-0.0	-0.11357790124225722	0.0	-0.0	Inf
DMSOtex_f	dmso_p	-0.0	-15.1334108807132	0.0	-0.0	Inf
DMSOtex_f	arab__L_p	-0.0	0.0	0.0	Inf	Inf
DMSOtex_f	arbt_p	0.0	0.0	0.0	Inf	Inf
DMSOtex_f	ca2_p	-0.0	-0.0042521864370428375	999.995747813563	-0.0	0.0
DMSOtex_f	duri_p	-0.0	-1000.0	0.0	-0.0	Inf
DMSOtex_f	h2_p	-0.0	-1000.0	0.0	-0.0	Inf
DMSOtex_f	h2o2_p	-0.0	-1000.0	0.0	-0.0	Inf
DMSOtex_f	etoh_p	-0.0	-1000.0	0.0	-0.0	Inf
DMSOtex_f	fald_p	-0.0	0.0	0.0	Inf	Inf
DMSOtex_f	n2o_p	-0.0	-1000.0	0.0	-0.0	Inf
DMSOtex_f	na1_p	-0.0	0.0	0.0	Inf	Inf
DMSOtex_f	indole_p	-0.0	0.0	0.39409924168523985	Inf	0.0
DMSOtex_f	nac_p	-0.0	-1000.0	0.0	-0.0	Inf
DMSOtex_f	ni2_p	-0.0	-0.0002638724724874919	999.9997361275275	-0.0	0.0
DMSOtex_f	inost_p	-0.0	-1000.0	0.0	-0.0	Inf
DMSOtex_f	no_p	-0.0	-1000.0	0.0	-0.0	Inf
DMSOtex_f	no2_p	-0.0	-1000.0	0.0	-0.0	Inf
DMSOtex_f	for_p	-0.0	-3.4537962609751207	0.00200396029216842	-0.0	0.0
DMSOtex_f	fru_p	-0.0	-1000.0	0.0	-0.0	Inf
DMSOtex_f	no3_p	-0.0	0.0	0.0	Inf	Inf
DMSOtex_f	k_p	-0.0	-0.15946148457271647	999.8405385154273	-0.0	0.0
DMSOtex_f	novbcn_p	-0.0	0.0	0.0	Inf	Inf
DMSOtex_f	o2_p	-0.0	-20.22254440698589	979.7774555930141	-0.0	0.0
DMSOtex_f	lipa_cold_p	-0.0	-15.1334108807132	0.0	-0.0	Inf
DMSOtex_f	g3pe_p	-0.0	0.0	0.0	Inf	Inf
DMSOtex_f	g3pi_p	-0.0	0.0	0.0	Inf	Inf
DMSOtex_f	so3_p	-0.0	-1000.0	0.0	-0.0	Inf
DMSOtex_f	so4_p	-0.0	-0.20604110303072737	999.7939588969692	-0.0	0.0
DMSOtex_f	malt_p	0.0	0.0	0.0	Inf	Inf
DMSOtex_f	malthx_p	0.0	0.0	0.0	Inf	Inf
DMSOtex_f	maltpt_p	0.0	0.0	0.0	Inf	Inf
DMSOtex_f	sucr_p	-0.0	-1000.0	0.0	-0.0	Inf
DMSOtex_f	malttr_p	0.0	0.0	0.0	Inf	Inf
DMSOtex_f	maltttr_p	0.0	0.0	0.0	Inf	Inf
DMSOtex_f	pacald_p	-0.0	-1000.0	0.0	-0.0	Inf
DMSOtex_f	man_p	-0.0	-1000.0	0.0	-0.0	Inf
DMSOtex_f	tartr__L_p	-0.0	-1000.0	0.0	-0.0	Inf
DMSOtex_f	pe120_p	-0.0	0.0	0.0	Inf	Inf
DMSOtex_f	melib_p	-0.0	-1000.0	0.0	-0.0	Inf
DMSOtex_f	meoh_p	-0.0	-999.9999983661147	1.6338852901753853e-06	-0.0	0.0
DMSOtex_f	thym_p	-0.0	-1000.0	0.0	-0.0	Inf
DMSOtex_f	thymd_p	-0.0	-0.021376121097205214	0.0	-0.0	Inf
DMSOtex_f	pg120_p	-0.0	-0.04962350949676901	0.0	-0.0	Inf
DMSOtex_f	metsox_S__L_p	-0.0	-1000.0	0.0	-0.0	Inf
DMSOtex_f	tmao_p	-0.0	-1000.0	0.0	-0.0	Inf
DMSOtex_f	mg2_p	-0.0	-0.007086977395032523	999.992913022605	-0.0	0.0
DMSOtex_f	tre_p	-0.0	0.0	0.0	Inf	Inf
DMSOtex_f	mnl_p	-0.0	0.0	0.0	Inf	Inf
DMSOtex_f	mobd_p	-0.0	-0.00010538560047734791	999.9998946143995	-0.0	0.0
DMSOtex_f	ura_p	-0.0	-1000.0	0.0	-0.0	Inf
DMSOtex_f	urea_p	-0.0	-1000.0	0.0	-0.0	Inf
DMSOtex_f	uri_p	-0.0	0.0	0.0	Inf	Inf
DMSOtex_f	xan_p	-0.0	0.0	0.0	Inf	Inf
DMSOtex_f	xtsn_p	-0.0	0.0	0.0	Inf	Inf
DMSOtex_f	xyl__D_p	-0.0	0.0	0.0	Inf	Inf
DMSOtex_f	xylu__L_p	-0.0	-1000.0	0.0	-0.0	Inf
DMSOtex_f	ppal_p	-0.0	-1000.0	0.0	-0.0	Inf
DMSOtex_f	psclys_p	-0.0	-1000.0	0.0	-0.0	Inf
DMSOtex_f	pydx_p	-0.0	0.0	0.0	Inf	Inf
DMSOtex_f	pydxn_p	-0.0	0.0	0.0	Inf	Inf
DMSOtex_f	rib__D_p	-0.0	-1000.0	0.0	-0.0	Inf
DMSOtex_f	rmn_p	-0.0	-1000.0	0.0	-0.0	Inf
DMSOtex_f	sbt__D_p	-0.0	-0.2910502467113867	0.0	-0.0	Inf
DMSOtex_f	slnt_p	-0.0	0.0	0.0	Inf	Inf
DMSOtex_f	so2_p	-0.0	-1000.0	0.0	-0.0	Inf
