Reaction	Metabolite	ShadowPrice	G-	G+	DecrementalShadowPrice	IncrementalShadowPrice
ECOAH1_f	12dgr120_c	-0.0	0.0	0.0	Inf	Inf
ECOAH1_f	12dgr140_c	-0.0	0.0	0.0	Inf	Inf
ECOAH1_f	12dgr160_c	-0.0	-0.05213237757770667	0.0	-0.0	Inf
ECOAH1_f	12dgr180_c	-0.0	0.0	0.0	Inf	Inf
ECOAH1_f	12ppd__R_c	-0.0	-1000.0	0.0	-0.0	Inf
ECOAH1_f	12ppd__S_c	-0.0	0.0	0.0	Inf	Inf
ECOAH1_f	5drib_c	-0.0	-999.9998161879062	0.00018381209381928732	-0.0	0.0
ECOAH1_f	5mta_c	-0.0	-0.08921748868374375	0.0	-0.0	Inf
ECOAH1_f	23dhacoa_c	-0.0	0.0	0.0	Inf	Inf
ECOAH1_f	5mtr_c	-0.0	-1000.0	0.0	-0.0	Inf
ECOAH1_f	3amac_c	-0.0	-6.278847616362691	0.0	-0.0	Inf
ECOAH1_f	LalaDgluMdap_c	-0.0	-0.022701202058001583	0.0	-0.0	Inf
ECOAH1_f	ac_c	-0.0	-1.2901772806683265	0.4759311749734252	-0.0	0.0
ECOAH1_f	acald_c	-0.0	-1.2901772806683312	0.8049804636362424	-0.0	0.0
ECOAH1_f	acetol_c	-0.0	0.0	0.5412799669278182	Inf	0.0
ECOAH1_f	acgam_c	-0.0	-0.07719127609240267	0.0	-0.0	Inf
ECOAH1_f	acgam6p_c	-0.0	-0.07719127609240267	0.0	-0.0	Inf
ECOAH1_f	acmalt_c	0.0	0.0	0.0	Inf	Inf
ECOAH1_f	acmana_c	-0.0	-0.07719127609240267	0.0	-0.0	Inf
ECOAH1_f	2dmmq8_c	-0.0	0.0	0.0	Inf	Inf
ECOAH1_f	2dmmql8_c	0.0	0.0	0.0	Inf	Inf
ECOAH1_f	ade_c	-0.0	-0.08921748868374375	0.37600523702273425	-0.0	0.0
ECOAH1_f	adn_c	-0.0	-0.08921748868374375	0.19319531127269804	-0.0	0.0
ECOAH1_f	3sala_c	0.0	0.0	0.0	Inf	Inf
ECOAH1_f	adphep_DD_c	-0.0	0.0	0.0	Inf	Inf
ECOAH1_f	adphep_LD_c	-0.0	0.0	0.0	Inf	Inf
ECOAH1_f	4ahmmp_c	0.0	0.0	0.0	Inf	Inf
ECOAH1_f	4crsol_c	-0.0	-999.9998178217915	0.00018217820854089366	-0.0	0.0
ECOAH1_f	2ohph_c	-0.0	-0.00018217820854089366	0.03213330407555112	-0.0	0.0
ECOAH1_f	2ombzl_c	-0.0	0.0	0.0	Inf	Inf
ECOAH1_f	2omhmbl_c	-0.0	0.0	0.0	Inf	Inf
ECOAH1_f	2ommbl_c	0.0	0.0	0.0	Inf	Inf
ECOAH1_f	2omph_c	-0.0	0.0	0.028868264902816996	Inf	0.0
ECOAH1_f	4mhetz_c	0.0	0.0	0.0	Inf	Inf
ECOAH1_f	2oph_c	-0.0	-0.00018217820854089366	0.03213330407555112	-0.0	0.0
ECOAH1_f	2oxpaccoa_c	-0.0	0.0	0.0	Inf	Inf
ECOAH1_f	all__D_c	-0.0	-0.6450886403341661	0.0	-0.0	Inf
ECOAH1_f	alltn_c	-0.0	0.0	0.0	Inf	Inf
ECOAH1_f	4r5au_c	-0.0	-0.0003643564165196163	0.19142828098666742	-0.0	0.0
ECOAH1_f	56dura_c	0.0	0.0	0.0	Inf	Inf
ECOAH1_f	arab__L_c	-0.0	-0.6450886403341656	0.0	-0.0	Inf
ECOAH1_f	etoh_c	-0.0	-1000.0	0.0	-0.0	Inf
ECOAH1_f	csn_c	-0.0	0.0	0.14778900814459894	Inf	0.0
ECOAH1_f	fald_c	-0.0	0.0	0.0	Inf	Inf
ECOAH1_f	fc1p_c	-0.0	-0.11543889657537512	0.0	-0.0	Inf
ECOAH1_f	fcl__L_c	-0.0	0.0	0.0	Inf	Inf
ECOAH1_f	aso4_c	0.0	0.0	0.0	Inf	Inf
ECOAH1_f	cyan_c	0.0	0.0	0.0	Inf	Inf
ECOAH1_f	athtp_c	0.0	0.0	0.0	Inf	Inf
ECOAH1_f	cytd_c	-0.0	0.0	0.0	Inf	Inf
ECOAH1_f	dad_2_c	-0.0	-0.08921748868374375	0.0	-0.0	Inf
ECOAH1_f	dad_5_c	-0.0	-0.08921748868374375	0.00018381209381928732	-0.0	0.0
ECOAH1_f	betald_c	0.0	0.0	0.0	Inf	Inf
ECOAH1_f	btal_c	-0.0	-533.164764043043	0.0	-0.0	Inf
ECOAH1_f	for_c	-0.0	-0.0892174886837438	0.0020039602923957933	-0.0	0.0
ECOAH1_f	dcyt_c	-0.0	-0.2580354561336663	0.0	-0.0	Inf
ECOAH1_f	fru_c	-0.0	0.0	0.35274424811026395	Inf	0.0
ECOAH1_f	ca2_c	-0.0	-0.0042521864370428375	999.995747813563	-0.0	0.0
ECOAH1_f	g3pe_c	-0.0	-0.11357790124225722	0.0	-0.0	Inf
ECOAH1_f	g3pi_c	0.0	0.0	0.0	Inf	Inf
ECOAH1_f	cbm_c	-0.0	-3.7531292498100943	0.0	-0.0	Inf
ECOAH1_f	dha_c	-0.0	-88.86079400717392	0.0	-0.0	Inf
ECOAH1_f	gal_c	-0.0	0.0	0.0	Inf	Inf
ECOAH1_f	dhgly_c	-0.0	-0.00018217820854089366	0.12458030984846603	-0.0	0.0
ECOAH1_f	dhmptp_c	0.0	0.0	0.0	Inf	Inf
ECOAH1_f	gcald_c	-0.0	-1.2901772806683312	0.0005465346257551573	-0.0	0.0
ECOAH1_f	dhptd_c	-0.0	-43.54108550910483	0.0003659903023719627	-0.0	0.0
ECOAH1_f	cechddd_c	-0.0	0.0	0.0	Inf	Inf
ECOAH1_f	dhptdn_c	0.0	0.0	0.0	Inf	Inf
ECOAH1_f	chol_c	0.0	0.0	0.0	Inf	Inf
ECOAH1_f	chtbs6p_c	-0.0	0.0	0.0	Inf	Inf
ECOAH1_f	dmbzid_c	0.0	0.0	0.0	Inf	Inf
ECOAH1_f	dms_c	0.0	0.0	0.0	Inf	Inf
ECOAH1_f	dmso_c	0.0	0.0	0.0	Inf	Inf
ECOAH1_f	cl_c	-0.0	-0.004252186437019513	999.995747813563	-0.0	0.0
ECOAH1_f	glc__D_c	-0.0	-0.6450886403341661	0.35274424811026395	-0.0	0.0
ECOAH1_f	co2_c	-0.0	-978.0341767936002	21.96582320639982	-0.0	0.0
ECOAH1_f	dscl_c	-0.0	-0.00018217820854089366	0.03503821214488112	-0.0	0.0
ECOAH1_f	dtdp4aaddg_c	-0.0	0.0	0.0	Inf	Inf
ECOAH1_f	glyald_c	-0.0	-1000.0	0.0	-0.0	Inf
ECOAH1_f	crn_c	-0.0	-1000.0	0.0	-0.0	Inf
ECOAH1_f	duri_c	-0.0	-0.2580354561336663	0.22585782792671574	-0.0	0.0
ECOAH1_f	glyb_c	0.0	0.0	0.0	Inf	Inf
ECOAH1_f	glyc_c	-0.0	-0.11357790124225722	0.0	-0.0	Inf
ECOAH1_f	dxyl_c	0.0	0.0	0.0	Inf	Inf
ECOAH1_f	glycogen_c	-0.0	-0.645088640334165	0.0	-0.0	Inf
ECOAH1_f	gmhep1p_c	-0.0	0.0	0.28030569715904907	Inf	0.0
ECOAH1_f	lipa_cold_c	-0.0	0.0	0.0	Inf	Inf
ECOAH1_f	lipidA_c	-0.0	-0.015894435988201394	0.021651198677112713	-0.0	0.0
ECOAH1_f	malt_c	0.0	0.0	0.0	Inf	Inf
ECOAH1_f	h2_c	-0.0	0.0	0.0	Inf	Inf
ECOAH1_f	malthx_c	-0.0	0.0	0.0	Inf	Inf
ECOAH1_f	maltpt_c	-0.0	0.0	0.0	Inf	Inf
ECOAH1_f	malttr_c	-0.0	0.0	0.0	Inf	Inf
ECOAH1_f	maltttr_c	-0.0	0.0	0.0	Inf	Inf
ECOAH1_f	h2o2_c	-0.0	-0.0013283487303065353	0.8511619155215158	-0.0	0.0
ECOAH1_f	man_c	-0.0	-0.6450886403341661	0.0	-0.0	Inf
ECOAH1_f	mdhdhf_c	-0.0	-43.54108550910483	0.0003659903023719627	-0.0	0.0
ECOAH1_f	melib_c	-0.0	0.0	0.0	Inf	Inf
ECOAH1_f	meoh_c	-0.0	-999.9999983661147	1.6338852901753853e-06	-0.0	0.0
ECOAH1_f	pacald_c	-0.0	-1000.0	0.0	-0.0	Inf
ECOAH1_f	metsox_S__L_c	-0.0	-0.0892174886837438	0.0	-0.0	Inf
ECOAH1_f	mg2_c	-0.0	-0.007086977395032523	999.992913022605	-0.0	0.0
ECOAH1_f	hhlipa_c	-0.0	0.0	0.0	Inf	Inf
ECOAH1_f	pe120_c	-0.0	0.0	0.0	Inf	Inf
ECOAH1_f	mobd_c	-0.0	-0.00010538560045639139	7.848559520453364	-0.0	0.0
ECOAH1_f	hlipa_c	-0.0	0.0	0.0	Inf	Inf
ECOAH1_f	pg120_c	-0.0	-0.05678895062112861	0.0	-0.0	Inf
ECOAH1_f	mql8_c	0.0	0.0	0.0	Inf	Inf
ECOAH1_f	mqn8_c	-0.0	0.0	0.0	Inf	Inf
ECOAH1_f	mthgxl_c	-0.0	0.0	0.6155732957218325	Inf	0.0
ECOAH1_f	hqn_c	0.0	0.0	0.0	Inf	Inf
ECOAH1_f	mththf_c	-0.0	-999.9996340096976	0.0003659903023719627	-0.0	0.0
ECOAH1_f	n2o_c	-0.0	-1000.0	0.0	-0.0	Inf
ECOAH1_f	na1_c	-0.0	0.0	0.0	Inf	Inf
ECOAH1_f	nac_c	-0.0	0.0	0.0	Inf	Inf
ECOAH1_f	ncam_c	-0.0	0.0	0.0	Inf	Inf
ECOAH1_f	ni2_c	-0.0	-0.0002638724724605769	999.9997361275275	-0.0	0.0
ECOAH1_f	no_c	-0.0	-1000.0	0.0	-0.0	Inf
ECOAH1_f	indole_c	-0.0	-0.04643747043986555	0.19869770937856604	-0.0	0.0
ECOAH1_f	no2_c	-0.0	-1000.0	0.0	-0.0	Inf
ECOAH1_f	no3_c	0.0	0.0	0.0	Inf	Inf
ECOAH1_f	inost_c	0.0	0.0	0.0	Inf	Inf
ECOAH1_f	o2_c	-0.0	-20.22254440695446	979.7774555930455	-0.0	0.0
ECOAH1_f	poaac_c	-0.0	-2.4149413909087274	0.0	-0.0	Inf
ECOAH1_f	ppal_c	-0.0	0.0	0.0	Inf	Inf
ECOAH1_f	k_c	-0.0	-0.15946148457271647	31.394238081813455	-0.0	0.0
ECOAH1_f	psclys_c	-0.0	0.0	0.0	Inf	Inf
ECOAH1_f	lald__D_c	-0.0	0.0	0.5412799669278182	Inf	0.0
ECOAH1_f	lald__L_c	-0.0	-0.6450886403341656	0.0	-0.0	Inf
ECOAH1_f	ura_c	-0.0	-0.27024054033313405	0.6406987363635399	-0.0	0.0
ECOAH1_f	pydx_c	-0.0	0.0	0.23965067238025517	Inf	0.0
ECOAH1_f	uracp_c	-0.0	-2.616186506817788	0.0	-0.0	Inf
ECOAH1_f	pydxn_c	-0.0	0.0	0.2274944788537205	Inf	0.0
ECOAH1_f	urate_c	-0.0	0.0	0.0	Inf	Inf
ECOAH1_f	q8_c	-0.0	0.0	0.0	Inf	Inf
ECOAH1_f	q8h2_c	0.0	0.0	0.0	Inf	Inf
ECOAH1_f	urea_c	-0.0	0.0	0.0	Inf	Inf
ECOAH1_f	uri_c	-0.0	0.0	0.23783513698343553	Inf	0.0
ECOAH1_f	rbflvrd_c	-0.0	0.0	0.04460874434187185	Inf	0.0
ECOAH1_f	rbl__L_c	-0.0	-0.6450886403341656	0.0	-0.0	Inf
ECOAH1_f	rdmbzi_c	0.0	0.0	0.0	Inf	Inf
ECOAH1_f	thptdn_c	0.0	0.0	0.0	Inf	Inf
ECOAH1_f	xan_c	-0.0	0.0	0.0	Inf	Inf
ECOAH1_f	rephaccoa_c	-0.0	0.0	0.0	Inf	Inf
ECOAH1_f	rib__D_c	-0.0	0.0	0.3782438323110055	Inf	0.0
ECOAH1_f	xtsn_c	-0.0	0.0	0.0	Inf	Inf
ECOAH1_f	rml_c	-0.0	-0.11543889657537512	0.0	-0.0	Inf
ECOAH1_f	thym_c	-0.0	-31.394238081813455	0.0	-0.0	Inf
ECOAH1_f	thymd_c	-0.0	-0.021376121097205214	0.0	-0.0	Inf
ECOAH1_f	xu5p__L_c	-0.0	-0.6450886403341656	0.0	-0.0	Inf
ECOAH1_f	rmn_c	-0.0	-0.11543889657537512	0.0	-0.0	Inf
ECOAH1_f	xyl__D_c	0.0	0.0	0.0	Inf	Inf
ECOAH1_f	tmao_c	0.0	0.0	0.0	Inf	Inf
ECOAH1_f	xylu__D_c	-0.0	0.0	0.0	Inf	Inf
ECOAH1_f	xylu__L_c	-0.0	-0.6450886403341656	0.0	-0.0	Inf
ECOAH1_f	12ppd__R_e	-0.0	-1000.0	0.0	-0.0	Inf
ECOAH1_f	12ppd__S_e	-0.0	-1000.0	0.0	-0.0	Inf
ECOAH1_f	tre_c	-0.0	-0.32254432016708307	0.0	-0.0	Inf
ECOAH1_f	seln_c	0.0	0.0	0.0	Inf	Inf
ECOAH1_f	34dhpac_e	-0.0	-1000.0	0.0	-0.0	Inf
ECOAH1_f	slnt_c	0.0	0.0	0.0	Inf	Inf
ECOAH1_f	so2_c	0.0	0.0	0.0	Inf	Inf
ECOAH1_f	so3_c	-0.0	-0.2024972058637105	1.5697119040906728	-0.0	0.0
ECOAH1_f	so4_c	-0.0	-0.20604110303254636	31.394238081813455	-0.0	0.0
ECOAH1_f	4hoxpacd_e	-0.0	-1000.0	0.0	-0.0	Inf
ECOAH1_f	5mtr_e	-0.0	-1000.0	0.0	-0.0	Inf
ECOAH1_f	LalaDgluMdap_e	-0.0	-1000.0	0.0	-0.0	Inf
ECOAH1_f	ac_e	-0.0	0.0	0.0	Inf	Inf
ECOAH1_f	acald_e	-0.0	-1000.0	0.0	-0.0	Inf
ECOAH1_f	acgal_e	-0.0	-1000.0	0.0	-0.0	Inf
ECOAH1_f	acgam_e	-0.0	-1000.0	0.0	-0.0	Inf
ECOAH1_f	acmana_e	-0.0	-1000.0	0.0	-0.0	Inf
ECOAH1_f	tagur_c	-0.0	0.0	0.0	Inf	Inf
ECOAH1_f	tartr__L_c	-0.0	-0.6450886403341656	0.0	-0.0	Inf
ECOAH1_f	ade_e	-0.0	-1000.0	0.0	-0.0	Inf
ECOAH1_f	adn_e	-0.0	-1000.0	0.0	-0.0	Inf
ECOAH1_f	all__D_e	-0.0	-1000.0	0.0	-0.0	Inf
ECOAH1_f	cl_e	-0.0	-0.0042521864370428375	999.995747813563	-0.0	0.0
ECOAH1_f	alltn_e	-0.0	0.0	0.0	Inf	Inf
ECOAH1_f	cm_e	-0.0	-1000.0	0.0	-0.0	Inf
ECOAH1_f	co2_e	-0.0	-978.0341767936002	21.96582320639982	-0.0	0.0
ECOAH1_f	arab__L_e	-0.0	-1000.0	0.0	-0.0	Inf
ECOAH1_f	arbt_e	-0.0	-1000.0	0.0	-0.0	Inf
ECOAH1_f	unagamu_c	-0.0	0.0	0.021923350615791534	Inf	0.0
ECOAH1_f	crn_e	-0.0	-1000.0	0.0	-0.0	Inf
ECOAH1_f	csn_e	-0.0	-1000.0	0.0	-0.0	Inf
ECOAH1_f	cyan_e	-0.0	-1000.0	0.0	-0.0	Inf
ECOAH1_f	glyb_e	-0.0	-1000.0	0.0	-0.0	Inf
ECOAH1_f	glyc_e	-0.0	-1000.0	0.0	-0.0	Inf
ECOAH1_f	cytd_e	-0.0	-1000.0	0.0	-0.0	Inf
ECOAH1_f	ca2_e	-0.0	-0.0042521864370428375	999.995747813563	-0.0	0.0
ECOAH1_f	dad_2_e	-0.0	-1000.0	0.0	-0.0	Inf
ECOAH1_f	dcyt_e	-0.0	-1000.0	0.0	-0.0	Inf
ECOAH1_f	chol_e	-0.0	-1000.0	0.0	-0.0	Inf
ECOAH1_f	dha_e	-0.0	-1000.0	0.0	-0.0	Inf
ECOAH1_f	ppal_e	-0.0	-1000.0	0.0	-0.0	Inf
ECOAH1_f	h2_e	-0.0	-1000.0	0.0	-0.0	Inf
ECOAH1_f	dms_e	-0.0	-1000.0	0.0	-0.0	Inf
ECOAH1_f	dmso_e	-0.0	-1000.0	0.0	-0.0	Inf
ECOAH1_f	h2o2_e	-0.0	-1000.0	0.0	-0.0	Inf
ECOAH1_f	psclys_e	-0.0	-1000.0	0.0	-0.0	Inf
ECOAH1_f	duri_e	-0.0	-1000.0	0.0	-0.0	Inf
ECOAH1_f	pydx_e	-0.0	-1000.0	0.0	-0.0	Inf
ECOAH1_f	pydxn_e	-0.0	-1000.0	0.0	-0.0	Inf
ECOAH1_f	etoh_e	-0.0	-1000.0	0.0	-0.0	Inf
ECOAH1_f	fald_e	-0.0	0.0	0.0	Inf	Inf
ECOAH1_f	rib__D_e	-0.0	-1000.0	0.0	-0.0	Inf
ECOAH1_f	rmn_e	-0.0	-1000.0	0.0	-0.0	Inf
ECOAH1_f	indole_e	-0.0	-1000.0	0.0	-0.0	Inf
ECOAH1_f	inost_e	-0.0	-1000.0	0.0	-0.0	Inf
ECOAH1_f	sbt__D_e	-0.0	-0.6450886403341661	0.0	-0.0	Inf
ECOAH1_f	k_e	-0.0	-0.15946148457271647	999.8405385154273	-0.0	0.0
ECOAH1_f	for_e	-0.0	0.0	0.0020039602923957933	Inf	0.0
ECOAH1_f	slnt_e	-0.0	0.0	1000.0	Inf	0.0
ECOAH1_f	fru_e	-0.0	-1000.0	0.0	-0.0	Inf
ECOAH1_f	so2_e	-0.0	-1000.0	0.0	-0.0	Inf
ECOAH1_f	so3_e	-0.0	-1000.0	0.0	-0.0	Inf
ECOAH1_f	so4_e	-0.0	-0.2060411030325895	999.7939588969674	-0.0	0.0
ECOAH1_f	lipa_cold_e	-0.0	-1000.0	0.0	-0.0	Inf
ECOAH1_f	sucr_e	-0.0	-1000.0	0.0	-0.0	Inf
ECOAH1_f	g3pe_e	-0.0	-1000.0	0.0	-0.0	Inf
ECOAH1_f	malt_e	-0.0	-1000.0	0.0	-0.0	Inf
ECOAH1_f	tartr__L_e	-0.0	-1000.0	0.0	-0.0	Inf
ECOAH1_f	g3pi_e	-0.0	-1000.0	0.0	-0.0	Inf
ECOAH1_f	malthx_e	-0.0	-1000.0	0.0	-0.0	Inf
ECOAH1_f	maltpt_e	-0.0	-1000.0	0.0	-0.0	Inf
ECOAH1_f	gal_e	-0.0	-1000.0	0.0	-0.0	Inf
ECOAH1_f	gal_bD_e	-0.0	-1000.0	0.0	-0.0	Inf
ECOAH1_f	malttr_e	-0.0	-1000.0	0.0	-0.0	Inf
ECOAH1_f	maltttr_e	-0.0	-1000.0	0.0	-0.0	Inf
ECOAH1_f	man_e	-0.0	-1000.0	0.0	-0.0	Inf
ECOAH1_f	thym_e	-0.0	-1000.0	0.0	-0.0	Inf
ECOAH1_f	thymd_e	-0.0	-1000.0	0.0	-0.0	Inf
ECOAH1_f	galt_e	-0.0	-0.11543889657537512	0.0	-0.0	Inf
ECOAH1_f	melib_e	-0.0	-1000.0	0.0	-0.0	Inf
ECOAH1_f	meoh_e	-0.0	-999.9999983661147	1.6338852901753853e-06	-0.0	0.0
ECOAH1_f	tmao_e	-0.0	-1000.0	0.0	-0.0	Inf
ECOAH1_f	tre_e	-0.0	-1000.0	0.0	-0.0	Inf
ECOAH1_f	metsox_S__L_e	-0.0	-1000.0	0.0	-0.0	Inf
ECOAH1_f	glc__D_e	-0.0	-0.6450886403341661	0.3567527054751533	-0.0	0.0
ECOAH1_f	mg2_e	-0.0	-0.0070869773950335	999.992913022605	-0.0	0.0
ECOAH1_f	mnl_e	-0.0	-1000.0	0.0	-0.0	Inf
ECOAH1_f	mobd_e	-0.0	-0.00010538560047734791	999.9998946143995	-0.0	0.0
ECOAH1_f	glyald_e	-0.0	-1000.0	0.0	-0.0	Inf
ECOAH1_f	n2o_e	-0.0	-1000.0	0.0	-0.0	Inf
ECOAH1_f	na1_e	-0.0	0.0	1000.0	Inf	0.0
ECOAH1_f	nac_e	-0.0	-1000.0	0.0	-0.0	Inf
ECOAH1_f	ni2_e	-0.0	-0.0002638724724874919	999.9997361275275	-0.0	0.0
ECOAH1_f	no_e	-0.0	-1000.0	0.0	-0.0	Inf
ECOAH1_f	no2_e	-0.0	-1000.0	0.0	-0.0	Inf
ECOAH1_f	ura_e	-0.0	-1000.0	0.0	-0.0	Inf
ECOAH1_f	no3_e	-0.0	-1000.0	0.0	-0.0	Inf
ECOAH1_f	urea_e	-0.0	-1000.0	0.0	-0.0	Inf
ECOAH1_f	novbcn_e	-0.0	-1000.0	0.0	-0.0	Inf
ECOAH1_f	uri_e	-0.0	-1000.0	0.0	-0.0	Inf
ECOAH1_f	o2_e	-0.0	-20.222544406954512	979.7774555930455	-0.0	0.0
ECOAH1_f	xan_e	-0.0	0.0	0.0	Inf	Inf
ECOAH1_f	xtsn_e	-0.0	-1000.0	0.0	-0.0	Inf
ECOAH1_f	xyl__D_e	-0.0	-1000.0	0.0	-0.0	Inf
ECOAH1_f	xylu__L_e	-0.0	-1000.0	0.0	-0.0	Inf
ECOAH1_f	pacald_e	-0.0	-1000.0	0.0	-0.0	Inf
ECOAH1_f	12dgr120_p	-0.0	0.0	0.0	Inf	Inf
ECOAH1_f	12dgr140_p	-0.0	0.0	0.0	Inf	Inf
ECOAH1_f	12dgr160_p	-0.0	-0.05213237757770667	0.0	-0.0	Inf
ECOAH1_f	12dgr180_p	-0.0	0.0	0.0	Inf	Inf
ECOAH1_f	12ppd__R_p	-0.0	-1000.0	0.0	-0.0	Inf
ECOAH1_f	12ppd__S_p	-0.0	0.0	0.0	Inf	Inf
ECOAH1_f	chol_p	-0.0	-1000.0	0.0	-0.0	Inf
ECOAH1_f	cl_p	-0.0	-0.0042521864370428375	999.995747813563	-0.0	0.0
ECOAH1_f	34dhpac_p	-0.0	-1000.0	0.0	-0.0	Inf
ECOAH1_f	cm_p	-0.0	0.0	0.0	Inf	Inf
ECOAH1_f	4hoxpacd_p	-0.0	-1000.0	0.0	-0.0	Inf
ECOAH1_f	co2_p	-0.0	-978.0341767936002	21.96582320639982	-0.0	0.0
ECOAH1_f	5mtr_p	-0.0	-1000.0	0.0	-0.0	Inf
ECOAH1_f	LalaDgluMdap_p	-0.0	-0.022701202058001583	0.0	-0.0	Inf
ECOAH1_f	gal_p	-0.0	-1000.0	0.0	-0.0	Inf
ECOAH1_f	ac_p	-0.0	-1.2901772806683265	0.0	-0.0	Inf
ECOAH1_f	crn_p	-0.0	-1000.0	0.0	-0.0	Inf
ECOAH1_f	gal_bD_p	-0.0	-1000.0	0.0	-0.0	Inf
ECOAH1_f	acald_p	-0.0	-1000.0	0.0	-0.0	Inf
ECOAH1_f	acgal_p	-0.0	-1000.0	0.0	-0.0	Inf
ECOAH1_f	csn_p	-0.0	0.0	0.0	Inf	Inf
ECOAH1_f	acgam_p	-0.0	-1000.0	0.0	-0.0	Inf
ECOAH1_f	galt_p	-0.0	-0.11543889657537512	0.0	-0.0	Inf
ECOAH1_f	acmana_p	-0.0	-1000.0	0.0	-0.0	Inf
ECOAH1_f	cyan_p	-0.0	0.0	0.0	Inf	Inf
ECOAH1_f	ade_p	-0.0	-1000.0	0.0	-0.0	Inf
ECOAH1_f	adn_p	-0.0	0.0	0.19439156707005223	Inf	0.0
ECOAH1_f	cytd_p	-0.0	0.0	0.0	Inf	Inf
ECOAH1_f	glc__D_p	-0.0	-0.6450886403341661	0.3567527054751533	-0.0	0.0
ECOAH1_f	dad_2_p	-0.0	-1000.0	0.0	-0.0	Inf
ECOAH1_f	dcyt_p	-0.0	-1000.0	0.0	-0.0	Inf
ECOAH1_f	all__D_p	-0.0	0.0	0.0	Inf	Inf
ECOAH1_f	alltn_p	-0.0	0.0	0.0	Inf	Inf
ECOAH1_f	dha_p	-0.0	-1000.0	0.0	-0.0	Inf
ECOAH1_f	glyald_p	-0.0	-1000.0	0.0	-0.0	Inf
ECOAH1_f	glyb_p	0.0	0.0	0.0	Inf	Inf
ECOAH1_f	dms_p	-0.0	-1000.0	0.0	-0.0	Inf
ECOAH1_f	glyc_p	-0.0	-0.11357790124225722	0.0	-0.0	Inf
ECOAH1_f	dmso_p	-0.0	-1000.0	0.0	-0.0	Inf
ECOAH1_f	arab__L_p	-0.0	0.0	0.0	Inf	Inf
ECOAH1_f	arbt_p	0.0	0.0	0.0	Inf	Inf
ECOAH1_f	ca2_p	-0.0	-0.0042521864370428375	999.995747813563	-0.0	0.0
ECOAH1_f	duri_p	-0.0	-1000.0	0.0	-0.0	Inf
ECOAH1_f	h2_p	-0.0	-1000.0	0.0	-0.0	Inf
ECOAH1_f	h2o2_p	-0.0	-1000.0	0.0	-0.0	Inf
ECOAH1_f	etoh_p	-0.0	-1000.0	0.0	-0.0	Inf
ECOAH1_f	fald_p	-0.0	0.0	0.0	Inf	Inf
ECOAH1_f	n2o_p	-0.0	-1000.0	0.0	-0.0	Inf
ECOAH1_f	na1_p	-0.0	0.0	0.0	Inf	Inf
ECOAH1_f	indole_p	-0.0	0.0	0.19996329988416198	Inf	0.0
ECOAH1_f	nac_p	-0.0	-1000.0	0.0	-0.0	Inf
ECOAH1_f	ni2_p	-0.0	-0.0002638724724874919	999.9997361275275	-0.0	0.0
ECOAH1_f	inost_p	-0.0	-1000.0	0.0	-0.0	Inf
ECOAH1_f	no_p	-0.0	-1000.0	0.0	-0.0	Inf
ECOAH1_f	no2_p	-0.0	-1000.0	0.0	-0.0	Inf
ECOAH1_f	for_p	-0.0	0.0	0.0020039602923957933	Inf	0.0
ECOAH1_f	fru_p	-0.0	-1000.0	0.0	-0.0	Inf
ECOAH1_f	no3_p	-0.0	0.0	0.0	Inf	Inf
ECOAH1_f	k_p	-0.0	-0.15946148457271647	999.8405385154273	-0.0	0.0
ECOAH1_f	novbcn_p	-0.0	0.0	0.0	Inf	Inf
ECOAH1_f	o2_p	-0.0	-20.222544406954512	979.7774555930455	-0.0	0.0
ECOAH1_f	lipa_cold_p	-0.0	-7.848559520453364	0.0	-0.0	Inf
ECOAH1_f	g3pe_p	-0.0	-0.11357790124225722	0.0	-0.0	Inf
ECOAH1_f	g3pi_p	-0.0	0.0	0.0	Inf	Inf
ECOAH1_f	so3_p	-0.0	-1000.0	0.0	-0.0	Inf
ECOAH1_f	so4_p	-0.0	-0.20604110303254636	999.7939588969674	-0.0	0.0
ECOAH1_f	malt_p	0.0	0.0	0.0	Inf	Inf
ECOAH1_f	malthx_p	0.0	0.0	0.0	Inf	Inf
ECOAH1_f	maltpt_p	0.0	0.0	0.0	Inf	Inf
ECOAH1_f	sucr_p	-0.0	-1000.0	0.0	-0.0	Inf
ECOAH1_f	malttr_p	0.0	0.0	0.0	Inf	Inf
ECOAH1_f	maltttr_p	0.0	0.0	0.0	Inf	Inf
ECOAH1_f	pacald_p	-0.0	-1000.0	0.0	-0.0	Inf
ECOAH1_f	man_p	-0.0	-1000.0	0.0	-0.0	Inf
ECOAH1_f	tartr__L_p	-0.0	-1000.0	0.0	-0.0	Inf
ECOAH1_f	pe120_p	-0.0	-0.06357774395285432	0.0	-0.0	Inf
ECOAH1_f	melib_p	-0.0	-1000.0	0.0	-0.0	Inf
ECOAH1_f	meoh_p	-0.0	-999.9999983661147	1.6338852901753853e-06	-0.0	0.0
ECOAH1_f	thym_p	-0.0	-1000.0	0.0	-0.0	Inf
ECOAH1_f	thymd_p	-0.0	-0.021376121097205214	0.0	-0.0	Inf
ECOAH1_f	pg120_p	-0.0	-0.05678895062112861	0.0	-0.0	Inf
ECOAH1_f	metsox_S__L_p	-0.0	-1000.0	0.0	-0.0	Inf
ECOAH1_f	tmao_p	-0.0	-1000.0	0.0	-0.0	Inf
ECOAH1_f	mg2_p	-0.0	-0.007086977395032523	999.992913022605	-0.0	0.0
ECOAH1_f	tre_p	-0.0	0.0	0.0	Inf	Inf
ECOAH1_f	mnl_p	-0.0	0.0	0.0	Inf	Inf
ECOAH1_f	mobd_p	-0.0	-0.00010538560047734791	999.9998946143995	-0.0	0.0
ECOAH1_f	ura_p	-0.0	-1000.0	0.0	-0.0	Inf
ECOAH1_f	urea_p	-0.0	0.0	0.0	Inf	Inf
ECOAH1_f	uri_p	-0.0	0.0	0.0	Inf	Inf
ECOAH1_f	xan_p	-0.0	0.0	0.0	Inf	Inf
ECOAH1_f	xtsn_p	-0.0	0.0	0.0	Inf	Inf
ECOAH1_f	xyl__D_p	-0.0	0.0	0.0	Inf	Inf
ECOAH1_f	xylu__L_p	-0.0	-1000.0	0.0	-0.0	Inf
ECOAH1_f	ppal_p	-0.0	-1000.0	0.0	-0.0	Inf
ECOAH1_f	psclys_p	-0.0	-1000.0	0.0	-0.0	Inf
ECOAH1_f	pydx_p	-0.0	0.0	0.0	Inf	Inf
ECOAH1_f	pydxn_p	-0.0	0.0	0.0	Inf	Inf
ECOAH1_f	rib__D_p	-0.0	-1000.0	0.0	-0.0	Inf
ECOAH1_f	rmn_p	-0.0	-1000.0	0.0	-0.0	Inf
ECOAH1_f	sbt__D_p	-0.0	-0.6450886403341661	0.0	-0.0	Inf
ECOAH1_f	slnt_p	-0.0	0.0	0.0	Inf	Inf
ECOAH1_f	so2_p	-0.0	-1000.0	0.0	-0.0	Inf
