Reaction	Metabolite	ShadowPrice	G-	G+	DecrementalShadowPrice	IncrementalShadowPrice
FUCtex_f	12dgr120_c	-0.0	0.0	0.0	Inf	Inf
FUCtex_f	12dgr140_c	-0.0	0.0	0.0	Inf	Inf
FUCtex_f	12dgr160_c	-0.0	-0.041051461106134814	0.0	-0.0	Inf
FUCtex_f	12dgr180_c	-0.0	0.0	0.0	Inf	Inf
FUCtex_f	12ppd__R_c	-0.0	-1000.0	0.0	-0.0	Inf
FUCtex_f	12ppd__S_c	-0.0	0.0	0.0	Inf	Inf
FUCtex_f	5drib_c	-0.0	-999.9998161879062	0.00018381209381928732	-0.0	0.0
FUCtex_f	5mta_c	-0.0	0.0	0.0	Inf	Inf
FUCtex_f	23dhacoa_c	-0.0	-0.0004705589594777848	0.0	-0.0	Inf
FUCtex_f	5mtr_c	-0.0	0.0	0.0	Inf	Inf
FUCtex_f	3amac_c	-0.0	-7.5062584996348996	0.0	-0.0	Inf
FUCtex_f	LalaDgluMdap_c	-0.0	-0.022701202058001583	0.0	-0.0	Inf
FUCtex_f	ac_c	-0.0	-1.1141278261492933	0.47593117497206094	-0.0	0.0
FUCtex_f	acald_c	-0.0	0.0	1.715730074080454	Inf	0.0
FUCtex_f	acetol_c	-0.0	0.0	0.0	Inf	Inf
FUCtex_f	acgam_c	-0.0	-0.07719127609240267	0.0	-0.0	Inf
FUCtex_f	acgam6p_c	-0.0	-0.07719127609240267	0.0	-0.0	Inf
FUCtex_f	acmalt_c	0.0	0.0	0.0	Inf	Inf
FUCtex_f	acmana_c	-0.0	-0.07719127609240267	0.0	-0.0	Inf
FUCtex_f	2dmmq8_c	-0.0	0.0	0.0	Inf	Inf
FUCtex_f	2dmmql8_c	0.0	0.0	0.0	Inf	Inf
FUCtex_f	ade_c	-0.0	-0.09122144897719409	0.00054980239619125	-0.0	0.0
FUCtex_f	adn_c	-0.0	0.0	0.00054980239619125	Inf	0.0
FUCtex_f	3sala_c	0.0	0.0	0.0	Inf	Inf
FUCtex_f	adphep_DD_c	-0.0	0.0	0.0	Inf	Inf
FUCtex_f	adphep_LD_c	-0.0	0.0	0.0	Inf	Inf
FUCtex_f	4ahmmp_c	0.0	0.0	0.0	Inf	Inf
FUCtex_f	4crsol_c	-0.0	-999.9998178217915	0.00018217820854089366	-0.0	0.0
FUCtex_f	2ohph_c	-0.0	-0.00018217820854089366	0.062175065244690526	-0.0	0.0
FUCtex_f	2ombzl_c	-0.0	0.0	0.0	Inf	Inf
FUCtex_f	2omhmbl_c	-0.0	0.0	0.0	Inf	Inf
FUCtex_f	2ommbl_c	0.0	0.0	0.0	Inf	Inf
FUCtex_f	2omph_c	-0.0	0.0	0.0559460661018768	Inf	0.0
FUCtex_f	4mhetz_c	0.0	0.0	0.0	Inf	Inf
FUCtex_f	2oph_c	-0.0	-0.00018217820854089366	0.062175065244690526	-0.0	0.0
FUCtex_f	2oxpaccoa_c	-0.0	-0.0004705589594777848	0.0	-0.0	Inf
FUCtex_f	all__D_c	-0.0	-0.3083746661663223	0.0	-0.0	Inf
FUCtex_f	alltn_c	-0.0	-1.17743054354414	0.0	-0.0	Inf
FUCtex_f	4r5au_c	-0.0	-0.0003643564165196163	0.3709169333470018	-0.0	0.0
FUCtex_f	56dura_c	0.0	0.0	0.0	Inf	Inf
FUCtex_f	arab__L_c	-0.0	-0.3700495993995868	0.0	-0.0	Inf
FUCtex_f	etoh_c	-0.0	-1000.0	0.0	-0.0	Inf
FUCtex_f	csn_c	-0.0	0.0	0.1257176688599202	Inf	0.0
FUCtex_f	fald_c	-0.0	0.0	0.0	Inf	Inf
FUCtex_f	fc1p_c	-0.0	-0.2870190798667155	0.0	-0.0	Inf
FUCtex_f	fcl__L_c	-0.0	-0.3083746661663223	0.0	-0.0	Inf
FUCtex_f	aso4_c	0.0	0.0	0.0	Inf	Inf
FUCtex_f	cyan_c	0.0	0.0	0.0	Inf	Inf
FUCtex_f	athtp_c	0.0	0.0	0.0	Inf	Inf
FUCtex_f	cytd_c	-0.0	0.0	0.0	Inf	Inf
FUCtex_f	dad_2_c	-0.0	0.0	0.0	Inf	Inf
FUCtex_f	dad_5_c	-0.0	-0.09122144897719409	0.00018381209381928732	-0.0	0.0
FUCtex_f	betald_c	0.0	0.0	0.0	Inf	Inf
FUCtex_f	btal_c	-0.0	-5.1806943915942165	0.0	-0.0	Inf
FUCtex_f	for_c	-0.0	-3.4537962610628106	0.00200396029216842	-0.0	0.0
FUCtex_f	dcyt_c	-0.0	-0.021376121097205214	0.0	-0.0	Inf
FUCtex_f	fru_c	-0.0	-0.3083746661663223	0.0	-0.0	Inf
FUCtex_f	ca2_c	-0.0	-0.0042521864370428375	20.722777566376866	-0.0	0.0
FUCtex_f	g3pe_c	-0.0	0.0	0.0	Inf	Inf
FUCtex_f	g3pi_c	0.0	0.0	0.0	Inf	Inf
FUCtex_f	cbm_c	-0.0	-3.753129249817448	0.0	-0.0	Inf
FUCtex_f	dha_c	-0.0	-0.6167493323326446	1.3633703495997902	-0.0	0.0
FUCtex_f	gal_c	-0.0	0.0	0.0	Inf	Inf
FUCtex_f	dhgly_c	-0.0	-0.00018217820854089366	0.24687456575134872	-0.0	0.0
FUCtex_f	dhmptp_c	0.0	0.0	0.0	Inf	Inf
FUCtex_f	gcald_c	-0.0	-0.9593878502952249	0.0005465346255277836	-0.0	0.0
FUCtex_f	dhptd_c	-0.0	-43.54108550912075	0.0003659903023719627	-0.0	0.0
FUCtex_f	cechddd_c	-0.0	0.0	0.0	Inf	Inf
FUCtex_f	dhptdn_c	0.0	0.0	0.0	Inf	Inf
FUCtex_f	chol_c	0.0	0.0	0.0	Inf	Inf
FUCtex_f	chtbs6p_c	-0.0	0.0	0.0	Inf	Inf
FUCtex_f	dmbzid_c	0.0	0.0	0.0	Inf	Inf
FUCtex_f	dms_c	0.0	0.0	0.0	Inf	Inf
FUCtex_f	dmso_c	0.0	0.0	0.0	Inf	Inf
FUCtex_f	cl_c	-0.0	-0.004252186437019513	41.44555513275373	-0.0	0.0
FUCtex_f	glc__D_c	-0.0	-0.3083746661663223	0.0	-0.0	Inf
FUCtex_f	co2_c	-0.0	-978.0341767936112	21.96381924609659	-0.0	0.0
FUCtex_f	dscl_c	-0.0	-0.00018217820854089366	0.057510505276439805	-0.0	0.0
FUCtex_f	dtdp4aaddg_c	-0.0	0.0	0.0	Inf	Inf
FUCtex_f	glyald_c	-0.0	-1000.0	0.0	-0.0	Inf
FUCtex_f	crn_c	-0.0	-20.722777566376866	0.0	-0.0	Inf
FUCtex_f	duri_c	-0.0	-0.021376121097205214	0.0	-0.0	Inf
FUCtex_f	glyb_c	0.0	0.0	0.0	Inf	Inf
FUCtex_f	glyc_c	-0.0	-0.11357790124225722	0.0	-0.0	Inf
FUCtex_f	dxyl_c	0.0	0.0	0.0	Inf	Inf
FUCtex_f	glycogen_c	-0.0	-0.2910502467187761	0.0	-0.0	Inf
FUCtex_f	gmhep1p_c	-0.0	0.0	0.5375989655615516	Inf	0.0
FUCtex_f	lipa_cold_c	-0.0	0.0	0.0	Inf	Inf
FUCtex_f	lipidA_c	-0.0	-0.015894435988201394	0.04676579382125363	-0.0	0.0
FUCtex_f	malt_c	0.0	0.0	0.0	Inf	Inf
FUCtex_f	h2_c	-0.0	0.0	0.0	Inf	Inf
FUCtex_f	malthx_c	-0.0	0.0	0.0	Inf	Inf
FUCtex_f	maltpt_c	-0.0	0.0	0.0	Inf	Inf
FUCtex_f	malttr_c	-0.0	0.0	0.0	Inf	Inf
FUCtex_f	maltttr_c	-0.0	0.0	0.0	Inf	Inf
FUCtex_f	h2o2_c	-0.0	-0.0013283487303065353	12.150836212202542	-0.0	0.0
FUCtex_f	man_c	-0.0	0.0	0.0	Inf	Inf
FUCtex_f	mdhdhf_c	-0.0	-43.54108550912075	0.0003659903023719627	-0.0	0.0
FUCtex_f	melib_c	-0.0	0.0	0.0	Inf	Inf
FUCtex_f	meoh_c	-0.0	-999.9999983661147	1.6338852901753853e-06	-0.0	0.0
FUCtex_f	pacald_c	-0.0	-20.722777566376866	0.0	-0.0	Inf
FUCtex_f	metsox_S__L_c	-0.0	0.0	0.0	Inf	Inf
FUCtex_f	mg2_c	-0.0	-0.007086977395032523	10.361388783188433	-0.0	0.0
FUCtex_f	hhlipa_c	-0.0	0.0	0.0	Inf	Inf
FUCtex_f	pe120_c	-0.0	0.0	0.0	Inf	Inf
FUCtex_f	mobd_c	-0.0	-0.00010538560045639139	15.133410880557676	-0.0	0.0
FUCtex_f	hlipa_c	-0.0	0.0	0.0	Inf	Inf
FUCtex_f	pg120_c	-0.0	-0.050103427384857006	0.0	-0.0	Inf
FUCtex_f	mql8_c	0.0	0.0	0.0	Inf	Inf
FUCtex_f	mqn8_c	-0.0	0.0	0.0	Inf	Inf
FUCtex_f	mthgxl_c	-0.0	-0.7000938367019209	0.0	-0.0	Inf
FUCtex_f	hqn_c	0.0	0.0	0.0	Inf	Inf
FUCtex_f	mththf_c	-0.0	-999.9996340096976	0.0003659903023719627	-0.0	0.0
FUCtex_f	n2o_c	-0.0	-1000.0	0.0	-0.0	Inf
FUCtex_f	na1_c	-0.0	0.0	0.0	Inf	Inf
FUCtex_f	nac_c	-0.0	0.0	0.0	Inf	Inf
FUCtex_f	ncam_c	-0.0	0.0	0.0	Inf	Inf
FUCtex_f	ni2_c	-0.0	-0.0002638724724605769	999.9997361275275	-0.0	0.0
FUCtex_f	no_c	-0.0	-1000.0	0.0	-0.0	Inf
FUCtex_f	indole_c	-0.0	-0.04643747043986555	0.3915500874659166	-0.0	0.0
FUCtex_f	no2_c	-0.0	-20.722777566376866	0.0	-0.0	Inf
FUCtex_f	no3_c	0.0	0.0	0.0	Inf	Inf
FUCtex_f	inost_c	0.0	0.0	0.0	Inf	Inf
FUCtex_f	o2_c	-0.0	-20.22254440695724	979.7774555930428	-0.0	0.0
FUCtex_f	poaac_c	-0.0	-4.517436083748559	0.0	-0.0	Inf
FUCtex_f	ppal_c	-0.0	0.0	0.0	Inf	Inf
FUCtex_f	k_c	-0.0	-0.15946148457271647	60.533643522230705	-0.0	0.0
FUCtex_f	psclys_c	-0.0	0.0	0.0	Inf	Inf
FUCtex_f	lald__D_c	-0.0	0.0	0.0	Inf	Inf
FUCtex_f	lald__L_c	-0.0	-0.6167493323326446	0.0	-0.0	Inf
FUCtex_f	ura_c	-0.0	0.0	0.0	Inf	Inf
FUCtex_f	pydx_c	-0.0	0.0	0.4827244300018398	Inf	0.0
FUCtex_f	uracp_c	-0.0	-4.411826832030954	0.0	-0.0	Inf
FUCtex_f	pydxn_c	-0.0	0.0	0.45720274563618357	Inf	0.0
FUCtex_f	urate_c	-0.0	-0.0013283487303065353	0.0	-0.0	Inf
FUCtex_f	q8_c	0.0	0.0	0.0	Inf	Inf
FUCtex_f	q8h2_c	-0.0	0.0	0.0	Inf	Inf
FUCtex_f	urea_c	-0.0	-1000.0	0.0	-0.0	Inf
FUCtex_f	uri_c	-0.0	0.0	0.0	Inf	Inf
FUCtex_f	rbflvrd_c	-0.0	0.0	0.19119912672846082	Inf	0.0
FUCtex_f	rbl__L_c	-0.0	-0.3700495993995868	0.0	-0.0	Inf
FUCtex_f	rdmbzi_c	0.0	0.0	0.0	Inf	Inf
FUCtex_f	thptdn_c	0.0	0.0	0.0	Inf	Inf
FUCtex_f	xan_c	-0.0	-0.09122144897719409	0.0	-0.0	Inf
FUCtex_f	rephaccoa_c	-0.0	-0.0004705589594777848	0.0	-0.0	Inf
FUCtex_f	rib__D_c	-0.0	0.0	0.7760723528491116	Inf	0.0
FUCtex_f	xtsn_c	-0.0	0.0	0.0	Inf	Inf
FUCtex_f	rml_c	-0.0	-0.3083746661663223	0.0	-0.0	Inf
FUCtex_f	thym_c	-0.0	-60.533643522230705	0.0	-0.0	Inf
FUCtex_f	thymd_c	-0.0	-0.021376121097205214	0.0	-0.0	Inf
FUCtex_f	xu5p__L_c	-0.0	-0.33971766502257156	0.0	-0.0	Inf
FUCtex_f	rmn_c	-0.0	-0.3083746661663223	0.0	-0.0	Inf
FUCtex_f	xyl__D_c	0.0	0.0	0.0	Inf	Inf
FUCtex_f	tmao_c	0.0	0.0	0.0	Inf	Inf
FUCtex_f	xylu__D_c	-0.0	0.0	0.0	Inf	Inf
FUCtex_f	xylu__L_c	-0.0	-0.3700495993995868	0.0	-0.0	Inf
FUCtex_f	12ppd__R_e	-0.0	-1000.0	0.0	-0.0	Inf
FUCtex_f	12ppd__S_e	-0.0	-1000.0	0.0	-0.0	Inf
FUCtex_f	tre_c	-0.0	-0.15418733308316115	0.0	-0.0	Inf
FUCtex_f	seln_c	0.0	0.0	0.0	Inf	Inf
FUCtex_f	34dhpac_e	-0.0	-1000.0	0.0	-0.0	Inf
FUCtex_f	slnt_c	0.0	0.0	0.0	Inf	Inf
FUCtex_f	so2_c	0.0	0.0	0.0	Inf	Inf
FUCtex_f	so3_c	-0.0	-0.20249720586234626	2.9673354667760146	-0.0	0.0
FUCtex_f	so4_c	-0.0	-0.20604110303118212	60.533643522230705	-0.0	0.0
FUCtex_f	4hoxpacd_e	-0.0	-1000.0	0.0	-0.0	Inf
FUCtex_f	5mtr_e	-0.0	0.0	0.0	Inf	Inf
FUCtex_f	LalaDgluMdap_e	-0.0	-1000.0	0.0	-0.0	Inf
FUCtex_f	ac_e	-0.0	0.0	0.0	Inf	Inf
FUCtex_f	acald_e	-0.0	-1000.0	0.0	-0.0	Inf
FUCtex_f	acgal_e	-0.0	-1000.0	0.0	-0.0	Inf
FUCtex_f	acgam_e	-0.0	-1000.0	0.0	-0.0	Inf
FUCtex_f	acmana_e	-0.0	-1000.0	0.0	-0.0	Inf
FUCtex_f	tagur_c	-0.0	0.0	0.0	Inf	Inf
FUCtex_f	tartr__L_c	-0.0	-0.624180047180026	0.0	-0.0	Inf
FUCtex_f	ade_e	-0.0	-1000.0	0.0	-0.0	Inf
FUCtex_f	adn_e	-0.0	-1000.0	0.0	-0.0	Inf
FUCtex_f	all__D_e	-0.0	-1000.0	0.0	-0.0	Inf
FUCtex_f	cl_e	-0.0	-0.0042521864370428375	999.995747813563	-0.0	0.0
FUCtex_f	alltn_e	-0.0	0.0	0.0	Inf	Inf
FUCtex_f	cm_e	-0.0	-1000.0	0.0	-0.0	Inf
FUCtex_f	co2_e	-0.0	-978.0341767936112	21.96582320638879	-0.0	0.0
FUCtex_f	arab__L_e	-0.0	-1000.0	0.0	-0.0	Inf
FUCtex_f	arbt_e	-0.0	-1000.0	0.0	-0.0	Inf
FUCtex_f	unagamu_c	-0.0	0.0	0.04255141538185765	Inf	0.0
FUCtex_f	crn_e	-0.0	-1000.0	0.0	-0.0	Inf
FUCtex_f	csn_e	-0.0	-1000.0	0.0	-0.0	Inf
FUCtex_f	cyan_e	-0.0	-1000.0	0.0	-0.0	Inf
FUCtex_f	glyb_e	-0.0	-1000.0	0.0	-0.0	Inf
FUCtex_f	glyc_e	-0.0	-1000.0	0.0	-0.0	Inf
FUCtex_f	cytd_e	-0.0	-1000.0	0.0	-0.0	Inf
FUCtex_f	ca2_e	-0.0	-0.0042521864370428375	999.995747813563	-0.0	0.0
FUCtex_f	dad_2_e	-0.0	-1000.0	0.0	-0.0	Inf
FUCtex_f	dcyt_e	-0.0	-1000.0	0.0	-0.0	Inf
FUCtex_f	chol_e	-0.0	-1000.0	0.0	-0.0	Inf
FUCtex_f	dha_e	-0.0	-1000.0	0.0	-0.0	Inf
FUCtex_f	ppal_e	-0.0	-1000.0	0.0	-0.0	Inf
FUCtex_f	h2_e	-0.0	-1000.0	0.0	-0.0	Inf
FUCtex_f	dms_e	-0.0	-1000.0	0.0	-0.0	Inf
FUCtex_f	dmso_e	-0.0	-1000.0	0.0	-0.0	Inf
FUCtex_f	h2o2_e	-0.0	-1000.0	0.0	-0.0	Inf
FUCtex_f	psclys_e	-0.0	-1000.0	0.0	-0.0	Inf
FUCtex_f	duri_e	-0.0	-1000.0	0.0	-0.0	Inf
FUCtex_f	pydx_e	-0.0	-1000.0	0.0	-0.0	Inf
FUCtex_f	pydxn_e	-0.0	-1000.0	0.0	-0.0	Inf
FUCtex_f	etoh_e	-0.0	-1000.0	0.0	-0.0	Inf
FUCtex_f	fald_e	-0.0	0.0	0.0	Inf	Inf
FUCtex_f	rib__D_e	-0.0	-1000.0	0.0	-0.0	Inf
FUCtex_f	rmn_e	-0.0	-1000.0	0.0	-0.0	Inf
FUCtex_f	indole_e	-0.0	-1000.0	0.0	-0.0	Inf
FUCtex_f	inost_e	-0.0	-1000.0	0.0	-0.0	Inf
FUCtex_f	sbt__D_e	-0.0	-0.2910502467187761	0.0	-0.0	Inf
FUCtex_f	k_e	-0.0	-0.15946148457271647	999.8405385154273	-0.0	0.0
FUCtex_f	for_e	-0.0	0.0	0.00200396029216842	Inf	0.0
FUCtex_f	slnt_e	-0.0	0.0	1000.0	Inf	0.0
FUCtex_f	fru_e	-0.0	-1000.0	0.0	-0.0	Inf
FUCtex_f	so2_e	-0.0	-1000.0	0.0	-0.0	Inf
FUCtex_f	so3_e	-0.0	-1000.0	0.0	-0.0	Inf
FUCtex_f	so4_e	-0.0	-0.20604110303122525	999.7939588969688	-0.0	0.0
FUCtex_f	lipa_cold_e	-0.0	-1000.0	0.0	-0.0	Inf
FUCtex_f	sucr_e	-0.0	-1000.0	0.0	-0.0	Inf
FUCtex_f	g3pe_e	-0.0	-1000.0	0.0	-0.0	Inf
FUCtex_f	malt_e	-0.0	-1000.0	0.0	-0.0	Inf
FUCtex_f	tartr__L_e	-0.0	-1000.0	0.0	-0.0	Inf
FUCtex_f	g3pi_e	-0.0	-1000.0	0.0	-0.0	Inf
FUCtex_f	malthx_e	-0.0	-1000.0	0.0	-0.0	Inf
FUCtex_f	maltpt_e	-0.0	-1000.0	0.0	-0.0	Inf
FUCtex_f	gal_e	-0.0	-1000.0	0.0	-0.0	Inf
FUCtex_f	gal_bD_e	-0.0	-1000.0	0.0	-0.0	Inf
FUCtex_f	malttr_e	-0.0	-1000.0	0.0	-0.0	Inf
FUCtex_f	maltttr_e	-0.0	-1000.0	0.0	-0.0	Inf
FUCtex_f	man_e	-0.0	-1000.0	0.0	-0.0	Inf
FUCtex_f	thym_e	-0.0	-1000.0	0.0	-0.0	Inf
FUCtex_f	thymd_e	-0.0	-1000.0	0.0	-0.0	Inf
FUCtex_f	galt_e	-0.0	-0.2910502467187761	0.0	-0.0	Inf
FUCtex_f	melib_e	-0.0	-1000.0	0.0	-0.0	Inf
FUCtex_f	meoh_e	-0.0	-999.9999983661147	1.6338852901753853e-06	-0.0	0.0
FUCtex_f	tmao_e	-0.0	-1000.0	0.0	-0.0	Inf
FUCtex_f	tre_e	-0.0	-1000.0	0.0	-0.0	Inf
FUCtex_f	metsox_S__L_e	-0.0	-1000.0	0.0	-0.0	Inf
FUCtex_f	glc__D_e	-0.0	-0.3083746661663223	0.6816851747998951	-0.0	0.0
FUCtex_f	mg2_e	-0.0	-0.0070869773950335	999.992913022605	-0.0	0.0
FUCtex_f	mnl_e	-0.0	-1000.0	0.0	-0.0	Inf
FUCtex_f	mobd_e	-0.0	-0.00010538560047734791	999.9998946143995	-0.0	0.0
FUCtex_f	glyald_e	-0.0	-1000.0	0.0	-0.0	Inf
FUCtex_f	n2o_e	-0.0	-1000.0	0.0	-0.0	Inf
FUCtex_f	na1_e	-0.0	0.0	1000.0	Inf	0.0
FUCtex_f	nac_e	-0.0	-1000.0	0.0	-0.0	Inf
FUCtex_f	ni2_e	-0.0	-0.0002638724724874919	999.9997361275275	-0.0	0.0
FUCtex_f	no_e	-0.0	-1000.0	0.0	-0.0	Inf
FUCtex_f	no2_e	-0.0	-1000.0	0.0	-0.0	Inf
FUCtex_f	ura_e	-0.0	-1000.0	0.0	-0.0	Inf
FUCtex_f	no3_e	-0.0	-1000.0	0.0	-0.0	Inf
FUCtex_f	urea_e	-0.0	-1000.0	0.0	-0.0	Inf
FUCtex_f	novbcn_e	-0.0	-1000.0	0.0	-0.0	Inf
FUCtex_f	uri_e	-0.0	-1000.0	0.0	-0.0	Inf
FUCtex_f	o2_e	-0.0	-20.22254440695724	979.7774555930428	-0.0	0.0
FUCtex_f	xan_e	-0.0	0.0	0.0	Inf	Inf
FUCtex_f	xtsn_e	-0.0	-1000.0	0.0	-0.0	Inf
FUCtex_f	xyl__D_e	-0.0	-1000.0	0.0	-0.0	Inf
FUCtex_f	xylu__L_e	-0.0	-1000.0	0.0	-0.0	Inf
FUCtex_f	pacald_e	-0.0	-1000.0	0.0	-0.0	Inf
FUCtex_f	12dgr120_p	-0.0	0.0	0.0	Inf	Inf
FUCtex_f	12dgr140_p	-0.0	0.0	0.0	Inf	Inf
FUCtex_f	12dgr160_p	-0.0	-0.041051461106134814	0.0	-0.0	Inf
FUCtex_f	12dgr180_p	-0.0	0.0	0.0	Inf	Inf
FUCtex_f	12ppd__R_p	-0.0	-1000.0	0.0	-0.0	Inf
FUCtex_f	12ppd__S_p	-0.0	0.0	0.0	Inf	Inf
FUCtex_f	chol_p	-0.0	-1000.0	0.0	-0.0	Inf
FUCtex_f	cl_p	-0.0	-0.0042521864370428375	999.995747813563	-0.0	0.0
FUCtex_f	34dhpac_p	-0.0	-1000.0	0.0	-0.0	Inf
FUCtex_f	cm_p	-0.0	0.0	0.0	Inf	Inf
FUCtex_f	4hoxpacd_p	-0.0	-1000.0	0.0	-0.0	Inf
FUCtex_f	co2_p	-0.0	-978.0341767936112	21.96582320638879	-0.0	0.0
FUCtex_f	5mtr_p	-0.0	0.0	0.0	Inf	Inf
FUCtex_f	LalaDgluMdap_p	-0.0	0.0	0.0	Inf	Inf
FUCtex_f	gal_p	-0.0	-1000.0	0.0	-0.0	Inf
FUCtex_f	ac_p	-0.0	-1.1774305435441397	0.0	-0.0	Inf
FUCtex_f	crn_p	-0.0	-1000.0	0.0	-0.0	Inf
FUCtex_f	gal_bD_p	-0.0	-1000.0	0.0	-0.0	Inf
FUCtex_f	acald_p	-0.0	-1000.0	0.0	-0.0	Inf
FUCtex_f	acgal_p	-0.0	-1000.0	0.0	-0.0	Inf
FUCtex_f	csn_p	-0.0	0.0	0.0	Inf	Inf
FUCtex_f	acgam_p	-0.0	-1000.0	0.0	-0.0	Inf
FUCtex_f	galt_p	-0.0	-0.2910502467187761	0.0	-0.0	Inf
FUCtex_f	acmana_p	-0.0	-1000.0	0.0	-0.0	Inf
FUCtex_f	cyan_p	-0.0	0.0	0.0	Inf	Inf
FUCtex_f	ade_p	-0.0	-1000.0	0.0	-0.0	Inf
FUCtex_f	adn_p	-0.0	0.0	0.00054980239619125	Inf	0.0
FUCtex_f	cytd_p	-0.0	0.0	0.0	Inf	Inf
FUCtex_f	glc__D_p	-0.0	-0.3083746661663223	0.6816851747998951	-0.0	0.0
FUCtex_f	dad_2_p	-0.0	-1000.0	0.0	-0.0	Inf
FUCtex_f	dcyt_p	-0.0	-1000.0	0.0	-0.0	Inf
FUCtex_f	all__D_p	-0.0	0.0	0.0	Inf	Inf
FUCtex_f	alltn_p	-0.0	0.0	0.0	Inf	Inf
FUCtex_f	dha_p	-0.0	-1000.0	0.0	-0.0	Inf
FUCtex_f	glyald_p	-0.0	-1000.0	0.0	-0.0	Inf
FUCtex_f	glyb_p	0.0	0.0	0.0	Inf	Inf
FUCtex_f	dms_p	-0.0	-1000.0	0.0	-0.0	Inf
FUCtex_f	glyc_p	-0.0	-0.11357790124225722	0.0	-0.0	Inf
FUCtex_f	dmso_p	-0.0	-1000.0	0.0	-0.0	Inf
FUCtex_f	arab__L_p	-0.0	0.0	0.0	Inf	Inf
FUCtex_f	arbt_p	0.0	0.0	0.0	Inf	Inf
FUCtex_f	ca2_p	-0.0	-0.0042521864370428375	999.995747813563	-0.0	0.0
FUCtex_f	duri_p	-0.0	-1000.0	0.0	-0.0	Inf
FUCtex_f	h2_p	-0.0	-1000.0	0.0	-0.0	Inf
FUCtex_f	h2o2_p	-0.0	-1000.0	0.0	-0.0	Inf
FUCtex_f	etoh_p	-0.0	-1000.0	0.0	-0.0	Inf
FUCtex_f	fald_p	-0.0	0.0	0.0	Inf	Inf
FUCtex_f	n2o_p	-0.0	-1000.0	0.0	-0.0	Inf
FUCtex_f	na1_p	-0.0	0.0	0.0	Inf	Inf
FUCtex_f	indole_p	-0.0	0.0	0.3940992416811895	Inf	0.0
FUCtex_f	nac_p	-0.0	-1000.0	0.0	-0.0	Inf
FUCtex_f	ni2_p	-0.0	-0.0002638724724874919	999.9997361275275	-0.0	0.0
FUCtex_f	inost_p	-0.0	-1000.0	0.0	-0.0	Inf
FUCtex_f	no_p	-0.0	-1000.0	0.0	-0.0	Inf
FUCtex_f	no2_p	-0.0	-1000.0	0.0	-0.0	Inf
FUCtex_f	for_p	-0.0	-3.4537962610628106	0.00200396029216842	-0.0	0.0
FUCtex_f	fru_p	-0.0	-1000.0	0.0	-0.0	Inf
FUCtex_f	no3_p	-0.0	0.0	0.0	Inf	Inf
FUCtex_f	k_p	-0.0	-0.15946148457271647	999.8405385154273	-0.0	0.0
FUCtex_f	novbcn_p	-0.0	0.0	0.0	Inf	Inf
FUCtex_f	o2_p	-0.0	-20.22254440695724	979.7774555930428	-0.0	0.0
FUCtex_f	lipa_cold_p	-0.0	-15.133410880557676	0.0	-0.0	Inf
FUCtex_f	g3pe_p	-0.0	0.0	0.0	Inf	Inf
FUCtex_f	g3pi_p	-0.0	0.0	0.0	Inf	Inf
FUCtex_f	so3_p	-0.0	-1000.0	0.0	-0.0	Inf
FUCtex_f	so4_p	-0.0	-0.20604110303118212	999.7939588969688	-0.0	0.0
FUCtex_f	malt_p	0.0	0.0	0.0	Inf	Inf
FUCtex_f	malthx_p	0.0	0.0	0.0	Inf	Inf
FUCtex_f	maltpt_p	0.0	0.0	0.0	Inf	Inf
FUCtex_f	sucr_p	-0.0	-1000.0	0.0	-0.0	Inf
FUCtex_f	malttr_p	0.0	0.0	0.0	Inf	Inf
FUCtex_f	maltttr_p	0.0	0.0	0.0	Inf	Inf
FUCtex_f	pacald_p	-0.0	-1000.0	0.0	-0.0	Inf
FUCtex_f	man_p	-0.0	-1000.0	0.0	-0.0	Inf
FUCtex_f	tartr__L_p	-0.0	-1000.0	0.0	-0.0	Inf
FUCtex_f	pe120_p	-0.0	0.0	0.0	Inf	Inf
FUCtex_f	melib_p	-0.0	-1000.0	0.0	-0.0	Inf
FUCtex_f	meoh_p	-0.0	-999.9999983661147	1.6338852901753853e-06	-0.0	0.0
FUCtex_f	thym_p	-0.0	-1000.0	0.0	-0.0	Inf
FUCtex_f	thymd_p	-0.0	-0.021376121097205214	0.0	-0.0	Inf
FUCtex_f	pg120_p	-0.0	-0.04962350949802888	0.0	-0.0	Inf
FUCtex_f	metsox_S__L_p	-0.0	-1000.0	0.0	-0.0	Inf
FUCtex_f	tmao_p	-0.0	-1000.0	0.0	-0.0	Inf
FUCtex_f	mg2_p	-0.0	-0.007086977395032523	999.992913022605	-0.0	0.0
FUCtex_f	tre_p	-0.0	0.0	0.0	Inf	Inf
FUCtex_f	mnl_p	-0.0	0.0	0.0	Inf	Inf
FUCtex_f	mobd_p	-0.0	-0.00010538560047734791	999.9998946143995	-0.0	0.0
FUCtex_f	ura_p	-0.0	-1000.0	0.0	-0.0	Inf
FUCtex_f	urea_p	-0.0	-1000.0	0.0	-0.0	Inf
FUCtex_f	uri_p	-0.0	0.0	0.0	Inf	Inf
FUCtex_f	xan_p	-0.0	-0.09122144897719409	0.0	-0.0	Inf
FUCtex_f	xtsn_p	-0.0	0.0	0.0	Inf	Inf
FUCtex_f	xyl__D_p	-0.0	0.0	0.0	Inf	Inf
FUCtex_f	xylu__L_p	-0.0	-1000.0	0.0	-0.0	Inf
FUCtex_f	ppal_p	-0.0	-1000.0	0.0	-0.0	Inf
FUCtex_f	psclys_p	-0.0	-1000.0	0.0	-0.0	Inf
FUCtex_f	pydx_p	-0.0	0.0	0.0	Inf	Inf
FUCtex_f	pydxn_p	-0.0	0.0	0.0	Inf	Inf
FUCtex_f	rib__D_p	-0.0	-1000.0	0.0	-0.0	Inf
FUCtex_f	rmn_p	-0.0	-1000.0	0.0	-0.0	Inf
FUCtex_f	sbt__D_p	-0.0	-0.2910502467187761	0.0	-0.0	Inf
FUCtex_f	slnt_p	-0.0	0.0	0.0	Inf	Inf
FUCtex_f	so2_p	-0.0	-1000.0	0.0	-0.0	Inf
