Reaction	Metabolite	ShadowPrice	G-	G+	DecrementalShadowPrice	IncrementalShadowPrice
GAM6Pt6_2pp	12dgr120_c	-0.0	0.0	0.0	Inf	Inf
GAM6Pt6_2pp	12dgr140_c	-0.0	0.0	0.0	Inf	Inf
GAM6Pt6_2pp	12dgr160_c	-0.0	-0.041051461105092585	0.0	-0.0	Inf
GAM6Pt6_2pp	12dgr180_c	-0.0	0.0	0.0	Inf	Inf
GAM6Pt6_2pp	12ppd__R_c	-0.0	-1000.0	0.0	-0.0	Inf
GAM6Pt6_2pp	12ppd__S_c	-0.0	0.0	0.0	Inf	Inf
GAM6Pt6_2pp	5drib_c	-0.0	-999.9998161879062	0.00018381209381928732	-0.0	0.0
GAM6Pt6_2pp	5mta_c	-0.0	0.0	0.0	Inf	Inf
GAM6Pt6_2pp	23dhacoa_c	-0.0	-0.00047055895902303746	0.0	-0.0	Inf
GAM6Pt6_2pp	5mtr_c	-0.0	0.0	0.0	Inf	Inf
GAM6Pt6_2pp	3amac_c	-0.0	-7.506258499627158	0.0	-0.0	Inf
GAM6Pt6_2pp	LalaDgluMdap_c	-0.0	-0.022701202058001583	0.0	-0.0	Inf
GAM6Pt6_2pp	ac_c	-0.0	-1.1141278261210075	0.4759311749716062	-0.0	0.0
GAM6Pt6_2pp	acald_c	-0.0	0.0	1.715730074093433	Inf	0.0
GAM6Pt6_2pp	acetol_c	-0.0	0.0	0.0	Inf	Inf
GAM6Pt6_2pp	acgam_c	-0.0	-0.07719127609240267	0.0	-0.0	Inf
GAM6Pt6_2pp	acgam6p_c	-0.0	-0.07719127609240267	0.0	-0.0	Inf
GAM6Pt6_2pp	acmalt_c	0.0	0.0	0.0	Inf	Inf
GAM6Pt6_2pp	acmana_c	-0.0	-0.07719127609240267	0.0	-0.0	Inf
GAM6Pt6_2pp	2dmmq8_c	-0.0	0.0	0.0	Inf	Inf
GAM6Pt6_2pp	2dmmql8_c	0.0	0.0	0.0	Inf	Inf
GAM6Pt6_2pp	ade_c	-0.0	-0.09122144897401085	0.00054980239619125	-0.0	0.0
GAM6Pt6_2pp	adn_c	-0.0	0.0	0.00054980239619125	Inf	0.0
GAM6Pt6_2pp	3sala_c	0.0	0.0	0.0	Inf	Inf
GAM6Pt6_2pp	adphep_DD_c	-0.0	0.0	0.0	Inf	Inf
GAM6Pt6_2pp	adphep_LD_c	-0.0	0.0	0.0	Inf	Inf
GAM6Pt6_2pp	4ahmmp_c	0.0	0.0	0.0	Inf	Inf
GAM6Pt6_2pp	4crsol_c	-0.0	-999.9998178217915	0.00018217820854089366	-0.0	0.0
GAM6Pt6_2pp	2ohph_c	-0.0	-0.00018217820854089366	0.06217506524532957	-0.0	0.0
GAM6Pt6_2pp	2ombzl_c	-0.0	0.0	0.0	Inf	Inf
GAM6Pt6_2pp	2omhmbl_c	-0.0	0.0	0.0	Inf	Inf
GAM6Pt6_2pp	2ommbl_c	0.0	0.0	0.0	Inf	Inf
GAM6Pt6_2pp	2omph_c	-0.0	0.0	0.05594606610245179	Inf	0.0
GAM6Pt6_2pp	4mhetz_c	0.0	0.0	0.0	Inf	Inf
GAM6Pt6_2pp	2oph_c	-0.0	-0.00018217820854089366	0.06217506524532957	-0.0	0.0
GAM6Pt6_2pp	2oxpaccoa_c	-0.0	-0.00047055895902303746	0.0	-0.0	Inf
GAM6Pt6_2pp	all__D_c	-0.0	-0.30837466615849307	0.0	-0.0	Inf
GAM6Pt6_2pp	alltn_c	-0.0	-1.1774305435142465	0.0	-0.0	Inf
GAM6Pt6_2pp	4r5au_c	-0.0	-0.0003643564165196163	0.3709169333508138	-0.0	0.0
GAM6Pt6_2pp	56dura_c	0.0	0.0	0.0	Inf	Inf
GAM6Pt6_2pp	arab__L_c	-0.0	-0.3700495993901918	0.0	-0.0	Inf
GAM6Pt6_2pp	etoh_c	-0.0	-1000.0	0.0	-0.0	Inf
GAM6Pt6_2pp	csn_c	-0.0	0.0	0.0	Inf	Inf
GAM6Pt6_2pp	fald_c	-0.0	0.0	0.0	Inf	Inf
GAM6Pt6_2pp	fc1p_c	-0.0	-0.2870190798594285	0.0	-0.0	Inf
GAM6Pt6_2pp	fcl__L_c	-0.0	0.0	0.0	Inf	Inf
GAM6Pt6_2pp	aso4_c	0.0	0.0	0.0	Inf	Inf
GAM6Pt6_2pp	cyan_c	0.0	0.0	0.0	Inf	Inf
GAM6Pt6_2pp	athtp_c	0.0	0.0	0.0	Inf	Inf
GAM6Pt6_2pp	cytd_c	-0.0	-0.1311397171570953	0.0	-0.0	Inf
GAM6Pt6_2pp	dad_2_c	-0.0	0.0	0.0	Inf	Inf
GAM6Pt6_2pp	dad_5_c	-0.0	-0.09122144897401085	0.00018381209381928732	-0.0	0.0
GAM6Pt6_2pp	betald_c	0.0	0.0	0.0	Inf	Inf
GAM6Pt6_2pp	btal_c	-0.0	-5.180694391462682	0.0	-0.0	Inf
GAM6Pt6_2pp	for_c	-0.0	-3.4537962609751207	0.00200396029216842	-0.0	0.0
GAM6Pt6_2pp	dcyt_c	-0.0	0.0	0.0	Inf	Inf
GAM6Pt6_2pp	fru_c	-0.0	-0.30837466615849307	0.0	-0.0	Inf
GAM6Pt6_2pp	ca2_c	-0.0	-0.0042521864370428375	20.722777565850727	-0.0	0.0
GAM6Pt6_2pp	g3pe_c	-0.0	0.0	0.0	Inf	Inf
GAM6Pt6_2pp	g3pi_c	0.0	0.0	0.0	Inf	Inf
GAM6Pt6_2pp	cbm_c	-0.0	-3.7531292498135826	0.0	-0.0	Inf
GAM6Pt6_2pp	dha_c	-0.0	-0.616749332316986	1.3633703496138023	-0.0	0.0
GAM6Pt6_2pp	gal_c	-0.0	0.0	0.0	Inf	Inf
GAM6Pt6_2pp	dhgly_c	-0.0	-0.00018217820854089366	0.2468745657538862	-0.0	0.0
GAM6Pt6_2pp	dhmptp_c	0.0	0.0	0.0	Inf	Inf
GAM6Pt6_2pp	gcald_c	-0.0	-0.9593878502708675	0.0005465346255277836	-0.0	0.0
GAM6Pt6_2pp	dhptd_c	-0.0	-43.54108550911121	0.0003659903023719627	-0.0	0.0
GAM6Pt6_2pp	cechddd_c	-0.0	0.0	0.0	Inf	Inf
GAM6Pt6_2pp	dhptdn_c	0.0	0.0	0.0	Inf	Inf
GAM6Pt6_2pp	chol_c	0.0	0.0	0.0	Inf	Inf
GAM6Pt6_2pp	chtbs6p_c	-0.0	0.0	0.0	Inf	Inf
GAM6Pt6_2pp	dmbzid_c	0.0	0.0	0.0	Inf	Inf
GAM6Pt6_2pp	dms_c	0.0	0.0	0.0	Inf	Inf
GAM6Pt6_2pp	dmso_c	0.0	0.0	0.0	Inf	Inf
GAM6Pt6_2pp	cl_c	-0.0	-0.004252186437019513	41.445555131701454	-0.0	0.0
GAM6Pt6_2pp	glc__D_c	-0.0	-0.30837466615849307	0.0	-0.0	Inf
GAM6Pt6_2pp	co2_c	-0.0	-978.034176793576	21.963819246131834	-0.0	0.0
GAM6Pt6_2pp	dscl_c	-0.0	-0.00018217820854089366	0.05751050527687486	-0.0	0.0
GAM6Pt6_2pp	dtdp4aaddg_c	-0.0	0.0	0.0	Inf	Inf
GAM6Pt6_2pp	glyald_c	-0.0	-1000.0	0.0	-0.0	Inf
GAM6Pt6_2pp	crn_c	-0.0	-20.722777565850727	0.0	-0.0	Inf
GAM6Pt6_2pp	duri_c	-0.0	0.0	0.4215434785713989	Inf	0.0
GAM6Pt6_2pp	glyb_c	0.0	0.0	0.0	Inf	Inf
GAM6Pt6_2pp	glyc_c	-0.0	-0.11357790124225722	0.0	-0.0	Inf
GAM6Pt6_2pp	dxyl_c	0.0	0.0	0.0	Inf	Inf
GAM6Pt6_2pp	glycogen_c	-0.0	-0.29105024671138674	0.0	-0.0	Inf
GAM6Pt6_2pp	gmhep1p_c	-0.0	0.0	0.5375989655670768	Inf	0.0
GAM6Pt6_2pp	lipa_cold_c	-0.0	0.0	0.0	Inf	Inf
GAM6Pt6_2pp	lipidA_c	-0.0	-0.015894435988201394	0.04676579382173427	-0.0	0.0
GAM6Pt6_2pp	malt_c	0.0	0.0	0.0	Inf	Inf
GAM6Pt6_2pp	h2_c	-0.0	0.0	0.0	Inf	Inf
GAM6Pt6_2pp	malthx_c	-0.0	0.0	0.0	Inf	Inf
GAM6Pt6_2pp	maltpt_c	-0.0	0.0	0.0	Inf	Inf
GAM6Pt6_2pp	malttr_c	-0.0	0.0	0.0	Inf	Inf
GAM6Pt6_2pp	maltttr_c	-0.0	0.0	0.0	Inf	Inf
GAM6Pt6_2pp	h2o2_c	-0.0	-0.00132834872984695	12.150836212295587	-0.0	0.0
GAM6Pt6_2pp	man_c	-0.0	0.0	0.0	Inf	Inf
GAM6Pt6_2pp	mdhdhf_c	-0.0	-43.54108550911121	0.0003659903023719627	-0.0	0.0
GAM6Pt6_2pp	melib_c	-0.0	0.0	0.0	Inf	Inf
GAM6Pt6_2pp	meoh_c	-0.0	-999.9999983661147	1.6338852901753853e-06	-0.0	0.0
GAM6Pt6_2pp	pacald_c	-0.0	-20.722777565850727	0.0	-0.0	Inf
GAM6Pt6_2pp	metsox_S__L_c	-0.0	-0.09122144897401085	0.0	-0.0	Inf
GAM6Pt6_2pp	mg2_c	-0.0	-0.007086977395032523	10.361388782925363	-0.0	0.0
GAM6Pt6_2pp	hhlipa_c	-0.0	0.0	0.0	Inf	Inf
GAM6Pt6_2pp	pe120_c	-0.0	0.0	0.0	Inf	Inf
GAM6Pt6_2pp	mobd_c	-0.0	-0.00010538560045639139	15.1334108807132	-0.0	0.0
GAM6Pt6_2pp	hlipa_c	-0.0	0.0	0.0	Inf	Inf
GAM6Pt6_2pp	pg120_c	-0.0	-0.050103427383584954	0.0	-0.0	Inf
GAM6Pt6_2pp	mql8_c	0.0	0.0	0.0	Inf	Inf
GAM6Pt6_2pp	mqn8_c	-0.0	0.0	0.0	Inf	Inf
GAM6Pt6_2pp	mthgxl_c	-0.0	0.0	0.0	Inf	Inf
GAM6Pt6_2pp	hqn_c	0.0	0.0	0.0	Inf	Inf
GAM6Pt6_2pp	mththf_c	-0.0	-999.9996340096976	0.0003659903023719627	-0.0	0.0
GAM6Pt6_2pp	n2o_c	-0.0	-1000.0	0.0	-0.0	Inf
GAM6Pt6_2pp	na1_c	-0.0	0.0	0.0	Inf	Inf
GAM6Pt6_2pp	nac_c	-0.0	0.0	0.0	Inf	Inf
GAM6Pt6_2pp	ncam_c	-0.0	0.0	0.0	Inf	Inf
GAM6Pt6_2pp	ni2_c	-0.0	-0.0002638724724605769	999.9997361275275	-0.0	0.0
GAM6Pt6_2pp	no_c	-0.0	-1000.0	0.0	-0.0	Inf
GAM6Pt6_2pp	indole_c	-0.0	-0.04643747043986555	0.39155008746994074	-0.0	0.0
GAM6Pt6_2pp	no2_c	-0.0	-20.722777565850727	0.0	-0.0	Inf
GAM6Pt6_2pp	no3_c	0.0	0.0	0.0	Inf	Inf
GAM6Pt6_2pp	inost_c	0.0	0.0	0.0	Inf	Inf
GAM6Pt6_2pp	o2_c	-0.0	-20.222544406985886	979.7774555930141	-0.0	0.0
GAM6Pt6_2pp	poaac_c	-0.0	-4.517436083794999	0.0	-0.0	Inf
GAM6Pt6_2pp	ppal_c	-0.0	0.0	0.0	Inf	Inf
GAM6Pt6_2pp	k_c	-0.0	-0.15946148457271647	60.5336435228528	-0.0	0.0
GAM6Pt6_2pp	psclys_c	-0.0	0.0	0.0	Inf	Inf
GAM6Pt6_2pp	lald__D_c	-0.0	0.0	0.0	Inf	Inf
GAM6Pt6_2pp	lald__L_c	-0.0	-0.616749332316986	0.0	-0.0	Inf
GAM6Pt6_2pp	ura_c	-0.0	0.0	0.0	Inf	Inf
GAM6Pt6_2pp	pydx_c	-0.0	0.0	0.48272443000680126	Inf	0.0
GAM6Pt6_2pp	uracp_c	-0.0	-4.411826832022882	0.0	-0.0	Inf
GAM6Pt6_2pp	pydxn_c	-0.0	0.0	0.4572027456408827	Inf	0.0
GAM6Pt6_2pp	urate_c	-0.0	-0.00132834872984695	0.0	-0.0	Inf
GAM6Pt6_2pp	q8_c	0.0	0.0	0.0	Inf	Inf
GAM6Pt6_2pp	q8h2_c	-0.0	0.0	0.0	Inf	Inf
GAM6Pt6_2pp	urea_c	-0.0	-1000.0	0.0	-0.0	Inf
GAM6Pt6_2pp	uri_c	-0.0	0.0	0.0	Inf	Inf
GAM6Pt6_2pp	rbflvrd_c	-0.0	0.0	0.19119912673042588	Inf	0.0
GAM6Pt6_2pp	rbl__L_c	-0.0	-0.3700495993901918	0.0	-0.0	Inf
GAM6Pt6_2pp	rdmbzi_c	0.0	0.0	0.0	Inf	Inf
GAM6Pt6_2pp	thptdn_c	0.0	0.0	0.0	Inf	Inf
GAM6Pt6_2pp	xan_c	-0.0	0.0	0.0	Inf	Inf
GAM6Pt6_2pp	rephaccoa_c	-0.0	-0.00047055895902303746	0.0	-0.0	Inf
GAM6Pt6_2pp	rib__D_c	-0.0	0.0	0.7760723528570876	Inf	0.0
GAM6Pt6_2pp	xtsn_c	-0.0	0.0	0.0	Inf	Inf
GAM6Pt6_2pp	rml_c	-0.0	-0.308374666158493	0.0	-0.0	Inf
GAM6Pt6_2pp	thym_c	-0.0	-60.5336435228528	0.0	-0.0	Inf
GAM6Pt6_2pp	thymd_c	-0.0	-0.021376121097205214	0.0	-0.0	Inf
GAM6Pt6_2pp	xu5p__L_c	-0.0	-0.33971766501394657	0.0	-0.0	Inf
GAM6Pt6_2pp	rmn_c	-0.0	-0.308374666158493	0.0	-0.0	Inf
GAM6Pt6_2pp	xyl__D_c	0.0	0.0	0.0	Inf	Inf
GAM6Pt6_2pp	tmao_c	0.0	0.0	0.0	Inf	Inf
GAM6Pt6_2pp	xylu__D_c	-0.0	0.0	0.0	Inf	Inf
GAM6Pt6_2pp	xylu__L_c	-0.0	-0.3700495993901918	0.0	-0.0	Inf
GAM6Pt6_2pp	12ppd__R_e	-0.0	-1000.0	0.0	-0.0	Inf
GAM6Pt6_2pp	12ppd__S_e	-0.0	-1000.0	0.0	-0.0	Inf
GAM6Pt6_2pp	tre_c	-0.0	-0.15418733307924654	0.0	-0.0	Inf
GAM6Pt6_2pp	seln_c	0.0	0.0	0.0	Inf	Inf
GAM6Pt6_2pp	34dhpac_e	-0.0	-1000.0	0.0	-0.0	Inf
GAM6Pt6_2pp	slnt_c	0.0	0.0	0.0	Inf	Inf
GAM6Pt6_2pp	so2_c	0.0	0.0	0.0	Inf	Inf
GAM6Pt6_2pp	so3_c	-0.0	-0.20249720586189152	2.9673354668065155	-0.0	0.0
GAM6Pt6_2pp	so4_c	-0.0	-0.20604110303072737	60.5336435228528	-0.0	0.0
GAM6Pt6_2pp	4hoxpacd_e	-0.0	-1000.0	0.0	-0.0	Inf
GAM6Pt6_2pp	5mtr_e	-0.0	0.0	0.0	Inf	Inf
GAM6Pt6_2pp	LalaDgluMdap_e	-0.0	-1000.0	0.0	-0.0	Inf
GAM6Pt6_2pp	ac_e	-0.0	0.0	0.0	Inf	Inf
GAM6Pt6_2pp	acald_e	-0.0	-1000.0	0.0	-0.0	Inf
GAM6Pt6_2pp	acgal_e	-0.0	-1000.0	0.0	-0.0	Inf
GAM6Pt6_2pp	acgam_e	-0.0	-1000.0	0.0	-0.0	Inf
GAM6Pt6_2pp	acmana_e	-0.0	-1000.0	0.0	-0.0	Inf
GAM6Pt6_2pp	tagur_c	-0.0	0.0	0.0	Inf	Inf
GAM6Pt6_2pp	tartr__L_c	-0.0	-0.624180047164179	0.0	-0.0	Inf
GAM6Pt6_2pp	ade_e	-0.0	-1000.0	0.0	-0.0	Inf
GAM6Pt6_2pp	adn_e	-0.0	-1000.0	0.0	-0.0	Inf
GAM6Pt6_2pp	all__D_e	-0.0	-1000.0	0.0	-0.0	Inf
GAM6Pt6_2pp	cl_e	-0.0	-0.0042521864370428375	999.995747813563	-0.0	0.0
GAM6Pt6_2pp	alltn_e	-0.0	0.0	0.0	Inf	Inf
GAM6Pt6_2pp	cm_e	-0.0	-1000.0	0.0	-0.0	Inf
GAM6Pt6_2pp	co2_e	-0.0	-978.034176793576	21.965823206424034	-0.0	0.0
GAM6Pt6_2pp	arab__L_e	-0.0	-1000.0	0.0	-0.0	Inf
GAM6Pt6_2pp	arbt_e	-0.0	-1000.0	0.0	-0.0	Inf
GAM6Pt6_2pp	unagamu_c	-0.0	0.0	0.04255141538229498	Inf	0.0
GAM6Pt6_2pp	crn_e	-0.0	-1000.0	0.0	-0.0	Inf
GAM6Pt6_2pp	csn_e	-0.0	-1000.0	0.0	-0.0	Inf
GAM6Pt6_2pp	cyan_e	-0.0	-1000.0	0.0	-0.0	Inf
GAM6Pt6_2pp	glyb_e	-0.0	-1000.0	0.0	-0.0	Inf
GAM6Pt6_2pp	glyc_e	-0.0	-1000.0	0.0	-0.0	Inf
GAM6Pt6_2pp	cytd_e	-0.0	-1000.0	0.0	-0.0	Inf
GAM6Pt6_2pp	ca2_e	-0.0	-0.0042521864370428375	999.995747813563	-0.0	0.0
GAM6Pt6_2pp	dad_2_e	-0.0	-1000.0	0.0	-0.0	Inf
GAM6Pt6_2pp	dcyt_e	-0.0	-1000.0	0.0	-0.0	Inf
GAM6Pt6_2pp	chol_e	-0.0	-1000.0	0.0	-0.0	Inf
GAM6Pt6_2pp	dha_e	-0.0	-1000.0	0.0	-0.0	Inf
GAM6Pt6_2pp	ppal_e	-0.0	-1000.0	0.0	-0.0	Inf
GAM6Pt6_2pp	h2_e	-0.0	-1000.0	0.0	-0.0	Inf
GAM6Pt6_2pp	dms_e	-0.0	-1000.0	0.0	-0.0	Inf
GAM6Pt6_2pp	dmso_e	-0.0	-1000.0	0.0	-0.0	Inf
GAM6Pt6_2pp	h2o2_e	-0.0	-1000.0	0.0	-0.0	Inf
GAM6Pt6_2pp	psclys_e	-0.0	-1000.0	0.0	-0.0	Inf
GAM6Pt6_2pp	duri_e	-0.0	-1000.0	0.0	-0.0	Inf
GAM6Pt6_2pp	pydx_e	-0.0	-1000.0	0.0	-0.0	Inf
GAM6Pt6_2pp	pydxn_e	-0.0	-1000.0	0.0	-0.0	Inf
GAM6Pt6_2pp	etoh_e	-0.0	-1000.0	0.0	-0.0	Inf
GAM6Pt6_2pp	fald_e	-0.0	0.0	0.0	Inf	Inf
GAM6Pt6_2pp	rib__D_e	-0.0	-1000.0	0.0	-0.0	Inf
GAM6Pt6_2pp	rmn_e	-0.0	-1000.0	0.0	-0.0	Inf
GAM6Pt6_2pp	indole_e	-0.0	-1000.0	0.0	-0.0	Inf
GAM6Pt6_2pp	inost_e	-0.0	-1000.0	0.0	-0.0	Inf
GAM6Pt6_2pp	sbt__D_e	-0.0	-0.2910502467113867	0.0	-0.0	Inf
GAM6Pt6_2pp	k_e	-0.0	-0.15946148457271647	999.8405385154273	-0.0	0.0
GAM6Pt6_2pp	for_e	-0.0	0.0	0.00200396029216842	Inf	0.0
GAM6Pt6_2pp	slnt_e	-0.0	0.0	1000.0	Inf	0.0
GAM6Pt6_2pp	fru_e	-0.0	-1000.0	0.0	-0.0	Inf
GAM6Pt6_2pp	so2_e	-0.0	-1000.0	0.0	-0.0	Inf
GAM6Pt6_2pp	so3_e	-0.0	-1000.0	0.0	-0.0	Inf
GAM6Pt6_2pp	so4_e	-0.0	-0.2060411030307705	999.7939588969692	-0.0	0.0
GAM6Pt6_2pp	lipa_cold_e	-0.0	-1000.0	0.0	-0.0	Inf
GAM6Pt6_2pp	sucr_e	-0.0	-1000.0	0.0	-0.0	Inf
GAM6Pt6_2pp	g3pe_e	-0.0	-1000.0	0.0	-0.0	Inf
GAM6Pt6_2pp	malt_e	-0.0	-1000.0	0.0	-0.0	Inf
GAM6Pt6_2pp	tartr__L_e	-0.0	-1000.0	0.0	-0.0	Inf
GAM6Pt6_2pp	g3pi_e	-0.0	-1000.0	0.0	-0.0	Inf
GAM6Pt6_2pp	malthx_e	-0.0	-1000.0	0.0	-0.0	Inf
GAM6Pt6_2pp	maltpt_e	-0.0	-1000.0	0.0	-0.0	Inf
GAM6Pt6_2pp	gal_e	-0.0	-1000.0	0.0	-0.0	Inf
GAM6Pt6_2pp	gal_bD_e	-0.0	-1000.0	0.0	-0.0	Inf
GAM6Pt6_2pp	malttr_e	-0.0	-1000.0	0.0	-0.0	Inf
GAM6Pt6_2pp	maltttr_e	-0.0	-1000.0	0.0	-0.0	Inf
GAM6Pt6_2pp	man_e	-0.0	-1000.0	0.0	-0.0	Inf
GAM6Pt6_2pp	thym_e	-0.0	-1000.0	0.0	-0.0	Inf
GAM6Pt6_2pp	thymd_e	-0.0	-1000.0	0.0	-0.0	Inf
GAM6Pt6_2pp	galt_e	-0.0	-0.29105024671138674	0.0	-0.0	Inf
GAM6Pt6_2pp	melib_e	-0.0	-1000.0	0.0	-0.0	Inf
GAM6Pt6_2pp	meoh_e	-0.0	-999.9999983661147	1.6338852901753853e-06	-0.0	0.0
GAM6Pt6_2pp	tmao_e	-0.0	-1000.0	0.0	-0.0	Inf
GAM6Pt6_2pp	tre_e	-0.0	-1000.0	0.0	-0.0	Inf
GAM6Pt6_2pp	metsox_S__L_e	-0.0	-1000.0	0.0	-0.0	Inf
GAM6Pt6_2pp	glc__D_e	-0.0	-0.308374666158493	0.6816851748069012	-0.0	0.0
GAM6Pt6_2pp	mg2_e	-0.0	-0.0070869773950335	999.992913022605	-0.0	0.0
GAM6Pt6_2pp	mnl_e	-0.0	-1000.0	0.0	-0.0	Inf
GAM6Pt6_2pp	mobd_e	-0.0	-0.00010538560047734791	999.9998946143995	-0.0	0.0
GAM6Pt6_2pp	glyald_e	-0.0	-1000.0	0.0	-0.0	Inf
GAM6Pt6_2pp	n2o_e	-0.0	-1000.0	0.0	-0.0	Inf
GAM6Pt6_2pp	na1_e	-0.0	0.0	1000.0	Inf	0.0
GAM6Pt6_2pp	nac_e	-0.0	-1000.0	0.0	-0.0	Inf
GAM6Pt6_2pp	ni2_e	-0.0	-0.0002638724724874919	999.9997361275275	-0.0	0.0
GAM6Pt6_2pp	no_e	-0.0	-1000.0	0.0	-0.0	Inf
GAM6Pt6_2pp	no2_e	-0.0	-1000.0	0.0	-0.0	Inf
GAM6Pt6_2pp	ura_e	-0.0	-1000.0	0.0	-0.0	Inf
GAM6Pt6_2pp	no3_e	-0.0	-1000.0	0.0	-0.0	Inf
GAM6Pt6_2pp	urea_e	-0.0	-1000.0	0.0	-0.0	Inf
GAM6Pt6_2pp	novbcn_e	-0.0	-1000.0	0.0	-0.0	Inf
GAM6Pt6_2pp	uri_e	-0.0	-1000.0	0.0	-0.0	Inf
GAM6Pt6_2pp	o2_e	-0.0	-20.22254440698589	979.7774555930141	-0.0	0.0
GAM6Pt6_2pp	xan_e	-0.0	0.0	0.0	Inf	Inf
GAM6Pt6_2pp	xtsn_e	-0.0	-1000.0	0.0	-0.0	Inf
GAM6Pt6_2pp	xyl__D_e	-0.0	-1000.0	0.0	-0.0	Inf
GAM6Pt6_2pp	xylu__L_e	-0.0	-1000.0	0.0	-0.0	Inf
GAM6Pt6_2pp	pacald_e	-0.0	-1000.0	0.0	-0.0	Inf
GAM6Pt6_2pp	12dgr120_p	-0.0	0.0	0.0	Inf	Inf
GAM6Pt6_2pp	12dgr140_p	-0.0	0.0	0.0	Inf	Inf
GAM6Pt6_2pp	12dgr160_p	-0.0	-0.041051461105092585	0.0	-0.0	Inf
GAM6Pt6_2pp	12dgr180_p	-0.0	0.0	0.0	Inf	Inf
GAM6Pt6_2pp	12ppd__R_p	-0.0	-1000.0	0.0	-0.0	Inf
GAM6Pt6_2pp	12ppd__S_p	-0.0	0.0	0.0	Inf	Inf
GAM6Pt6_2pp	chol_p	-0.0	-1000.0	0.0	-0.0	Inf
GAM6Pt6_2pp	cl_p	-0.0	-0.0042521864370428375	999.995747813563	-0.0	0.0
GAM6Pt6_2pp	34dhpac_p	-0.0	-1000.0	0.0	-0.0	Inf
GAM6Pt6_2pp	cm_p	-0.0	0.0	0.0	Inf	Inf
GAM6Pt6_2pp	4hoxpacd_p	-0.0	-1000.0	0.0	-0.0	Inf
GAM6Pt6_2pp	co2_p	-0.0	-978.034176793576	21.965823206424034	-0.0	0.0
GAM6Pt6_2pp	5mtr_p	-0.0	0.0	0.0	Inf	Inf
GAM6Pt6_2pp	LalaDgluMdap_p	-0.0	-0.022701202058001583	0.0	-0.0	Inf
GAM6Pt6_2pp	gal_p	-0.0	-1000.0	0.0	-0.0	Inf
GAM6Pt6_2pp	ac_p	-0.0	-1.1774305435142465	0.0	-0.0	Inf
GAM6Pt6_2pp	crn_p	-0.0	-1000.0	0.0	-0.0	Inf
GAM6Pt6_2pp	gal_bD_p	-0.0	-1000.0	0.0	-0.0	Inf
GAM6Pt6_2pp	acald_p	-0.0	-1000.0	0.0	-0.0	Inf
GAM6Pt6_2pp	acgal_p	-0.0	-1000.0	0.0	-0.0	Inf
GAM6Pt6_2pp	csn_p	-0.0	0.0	0.0	Inf	Inf
GAM6Pt6_2pp	acgam_p	-0.0	-1000.0	0.0	-0.0	Inf
GAM6Pt6_2pp	galt_p	-0.0	-0.29105024671138674	0.0	-0.0	Inf
GAM6Pt6_2pp	acmana_p	-0.0	-1000.0	0.0	-0.0	Inf
GAM6Pt6_2pp	cyan_p	-0.0	0.0	0.0	Inf	Inf
GAM6Pt6_2pp	ade_p	-0.0	-1000.0	0.0	-0.0	Inf
GAM6Pt6_2pp	adn_p	-0.0	0.0	0.00054980239619125	Inf	0.0
GAM6Pt6_2pp	cytd_p	-0.0	-0.1311397171570953	0.0	-0.0	Inf
GAM6Pt6_2pp	glc__D_p	-0.0	-0.308374666158493	0.6816851748069012	-0.0	0.0
GAM6Pt6_2pp	dad_2_p	-0.0	-1000.0	0.0	-0.0	Inf
GAM6Pt6_2pp	dcyt_p	-0.0	-1000.0	0.0	-0.0	Inf
GAM6Pt6_2pp	all__D_p	-0.0	0.0	0.0	Inf	Inf
GAM6Pt6_2pp	alltn_p	-0.0	0.0	0.0	Inf	Inf
GAM6Pt6_2pp	dha_p	-0.0	-1000.0	0.0	-0.0	Inf
GAM6Pt6_2pp	glyald_p	-0.0	-1000.0	0.0	-0.0	Inf
GAM6Pt6_2pp	glyb_p	0.0	0.0	0.0	Inf	Inf
GAM6Pt6_2pp	dms_p	-0.0	-1000.0	0.0	-0.0	Inf
GAM6Pt6_2pp	glyc_p	-0.0	-0.11357790124225722	0.0	-0.0	Inf
GAM6Pt6_2pp	dmso_p	-0.0	-1000.0	0.0	-0.0	Inf
GAM6Pt6_2pp	arab__L_p	-0.0	0.0	0.0	Inf	Inf
GAM6Pt6_2pp	arbt_p	0.0	0.0	0.0	Inf	Inf
GAM6Pt6_2pp	ca2_p	-0.0	-0.0042521864370428375	999.995747813563	-0.0	0.0
GAM6Pt6_2pp	duri_p	-0.0	-1000.0	0.0	-0.0	Inf
GAM6Pt6_2pp	h2_p	-0.0	-1000.0	0.0	-0.0	Inf
GAM6Pt6_2pp	h2o2_p	-0.0	-1000.0	0.0	-0.0	Inf
GAM6Pt6_2pp	etoh_p	-0.0	-1000.0	0.0	-0.0	Inf
GAM6Pt6_2pp	fald_p	-0.0	0.0	0.0	Inf	Inf
GAM6Pt6_2pp	n2o_p	-0.0	-1000.0	0.0	-0.0	Inf
GAM6Pt6_2pp	na1_p	-0.0	0.0	0.0	Inf	Inf
GAM6Pt6_2pp	indole_p	-0.0	0.0	0.39409924168523985	Inf	0.0
GAM6Pt6_2pp	nac_p	-0.0	-1000.0	0.0	-0.0	Inf
GAM6Pt6_2pp	ni2_p	-0.0	-0.0002638724724874919	999.9997361275275	-0.0	0.0
GAM6Pt6_2pp	inost_p	-0.0	-1000.0	0.0	-0.0	Inf
GAM6Pt6_2pp	no_p	-0.0	-1000.0	0.0	-0.0	Inf
GAM6Pt6_2pp	no2_p	-0.0	-1000.0	0.0	-0.0	Inf
GAM6Pt6_2pp	for_p	-0.0	-3.4537962609751207	0.00200396029216842	-0.0	0.0
GAM6Pt6_2pp	fru_p	-0.0	-1000.0	0.0	-0.0	Inf
GAM6Pt6_2pp	no3_p	-0.0	0.0	0.0	Inf	Inf
GAM6Pt6_2pp	k_p	-0.0	-0.15946148457271647	999.8405385154273	-0.0	0.0
GAM6Pt6_2pp	novbcn_p	-0.0	0.0	0.0	Inf	Inf
GAM6Pt6_2pp	o2_p	-0.0	-20.22254440698589	979.7774555930141	-0.0	0.0
GAM6Pt6_2pp	lipa_cold_p	-0.0	-15.1334108807132	0.0	-0.0	Inf
GAM6Pt6_2pp	g3pe_p	-0.0	0.0	0.0	Inf	Inf
GAM6Pt6_2pp	g3pi_p	-0.0	0.0	0.0	Inf	Inf
GAM6Pt6_2pp	so3_p	-0.0	-1000.0	0.0	-0.0	Inf
GAM6Pt6_2pp	so4_p	-0.0	-0.20604110303072737	999.7939588969692	-0.0	0.0
GAM6Pt6_2pp	malt_p	0.0	0.0	0.0	Inf	Inf
GAM6Pt6_2pp	malthx_p	0.0	0.0	0.0	Inf	Inf
GAM6Pt6_2pp	maltpt_p	0.0	0.0	0.0	Inf	Inf
GAM6Pt6_2pp	sucr_p	-0.0	-1000.0	0.0	-0.0	Inf
GAM6Pt6_2pp	malttr_p	0.0	0.0	0.0	Inf	Inf
GAM6Pt6_2pp	maltttr_p	0.0	0.0	0.0	Inf	Inf
GAM6Pt6_2pp	pacald_p	-0.0	-1000.0	0.0	-0.0	Inf
GAM6Pt6_2pp	man_p	-0.0	-1000.0	0.0	-0.0	Inf
GAM6Pt6_2pp	tartr__L_p	-0.0	-1000.0	0.0	-0.0	Inf
GAM6Pt6_2pp	pe120_p	-0.0	0.0	0.0	Inf	Inf
GAM6Pt6_2pp	melib_p	-0.0	-1000.0	0.0	-0.0	Inf
GAM6Pt6_2pp	meoh_p	-0.0	-999.9999983661147	1.6338852901753853e-06	-0.0	0.0
GAM6Pt6_2pp	thym_p	-0.0	-1000.0	0.0	-0.0	Inf
GAM6Pt6_2pp	thymd_p	-0.0	-0.021376121097205214	0.0	-0.0	Inf
GAM6Pt6_2pp	pg120_p	-0.0	-0.04962350949676901	0.0	-0.0	Inf
GAM6Pt6_2pp	metsox_S__L_p	-0.0	-1000.0	0.0	-0.0	Inf
GAM6Pt6_2pp	tmao_p	-0.0	-1000.0	0.0	-0.0	Inf
GAM6Pt6_2pp	mg2_p	-0.0	-0.007086977395032523	999.992913022605	-0.0	0.0
GAM6Pt6_2pp	tre_p	-0.0	0.0	0.0	Inf	Inf
GAM6Pt6_2pp	mnl_p	-0.0	0.0	0.0	Inf	Inf
GAM6Pt6_2pp	mobd_p	-0.0	-0.00010538560047734791	999.9998946143995	-0.0	0.0
GAM6Pt6_2pp	ura_p	-0.0	-1000.0	0.0	-0.0	Inf
GAM6Pt6_2pp	urea_p	-0.0	-1000.0	0.0	-0.0	Inf
GAM6Pt6_2pp	uri_p	-0.0	0.0	0.0	Inf	Inf
GAM6Pt6_2pp	xan_p	-0.0	0.0	0.0	Inf	Inf
GAM6Pt6_2pp	xtsn_p	-0.0	0.0	0.0	Inf	Inf
GAM6Pt6_2pp	xyl__D_p	-0.0	0.0	0.0	Inf	Inf
GAM6Pt6_2pp	xylu__L_p	-0.0	-1000.0	0.0	-0.0	Inf
GAM6Pt6_2pp	ppal_p	-0.0	-1000.0	0.0	-0.0	Inf
GAM6Pt6_2pp	psclys_p	-0.0	-1000.0	0.0	-0.0	Inf
GAM6Pt6_2pp	pydx_p	-0.0	0.0	0.0	Inf	Inf
GAM6Pt6_2pp	pydxn_p	-0.0	0.0	0.0	Inf	Inf
GAM6Pt6_2pp	rib__D_p	-0.0	-1000.0	0.0	-0.0	Inf
GAM6Pt6_2pp	rmn_p	-0.0	-1000.0	0.0	-0.0	Inf
GAM6Pt6_2pp	sbt__D_p	-0.0	-0.2910502467113867	0.0	-0.0	Inf
GAM6Pt6_2pp	slnt_p	-0.0	0.0	0.0	Inf	Inf
GAM6Pt6_2pp	so2_p	-0.0	-1000.0	0.0	-0.0	Inf
