Reaction	Metabolite	ShadowPrice	G-	G+	DecrementalShadowPrice	IncrementalShadowPrice
GLUNpp	12dgr120_c	-0.0	0.0	0.0	Inf	Inf
GLUNpp	12dgr140_c	-0.0	0.0	0.0	Inf	Inf
GLUNpp	12dgr160_c	-0.0	-0.041051461105092585	0.0	-0.0	Inf
GLUNpp	12dgr180_c	-0.0	0.0	0.0	Inf	Inf
GLUNpp	12ppd__R_c	-0.0	-1000.0	0.0	-0.0	Inf
GLUNpp	12ppd__S_c	-0.0	0.0	0.0	Inf	Inf
GLUNpp	5drib_c	-0.0	-999.9998161879062	0.00018381209381928732	-0.0	0.0
GLUNpp	5mta_c	-0.0	0.0	0.0	Inf	Inf
GLUNpp	23dhacoa_c	-0.0	-0.00047055895902303746	0.0	-0.0	Inf
GLUNpp	5mtr_c	-0.0	0.0	0.0	Inf	Inf
GLUNpp	3amac_c	-0.0	-7.506258499627158	0.0	-0.0	Inf
GLUNpp	LalaDgluMdap_c	-0.0	-0.022701202058001583	0.0	-0.0	Inf
GLUNpp	ac_c	-0.0	-1.1141278261210075	0.4759311749716062	-0.0	0.0
GLUNpp	acald_c	-0.0	0.0	1.715730074093433	Inf	0.0
GLUNpp	acetol_c	-0.0	0.0	0.0	Inf	Inf
GLUNpp	acgam_c	-0.0	-0.07719127609240267	0.0	-0.0	Inf
GLUNpp	acgam6p_c	-0.0	-0.07719127609240267	0.0	-0.0	Inf
GLUNpp	acmalt_c	0.0	0.0	0.0	Inf	Inf
GLUNpp	acmana_c	-0.0	-0.07719127609240267	0.0	-0.0	Inf
GLUNpp	2dmmq8_c	-0.0	0.0	0.0	Inf	Inf
GLUNpp	2dmmql8_c	0.0	0.0	0.0	Inf	Inf
GLUNpp	ade_c	-0.0	-0.09122144897401085	0.00054980239619125	-0.0	0.0
GLUNpp	adn_c	-0.0	0.0	0.00054980239619125	Inf	0.0
GLUNpp	3sala_c	0.0	0.0	0.0	Inf	Inf
GLUNpp	adphep_DD_c	-0.0	0.0	0.0	Inf	Inf
GLUNpp	adphep_LD_c	-0.0	0.0	0.0	Inf	Inf
GLUNpp	4ahmmp_c	0.0	0.0	0.0	Inf	Inf
GLUNpp	4crsol_c	-0.0	-999.9998178217915	0.00018217820854089366	-0.0	0.0
GLUNpp	2ohph_c	-0.0	-0.00018217820854089366	0.06217506524532957	-0.0	0.0
GLUNpp	2ombzl_c	-0.0	0.0	0.0	Inf	Inf
GLUNpp	2omhmbl_c	-0.0	0.0	0.0	Inf	Inf
GLUNpp	2ommbl_c	0.0	0.0	0.0	Inf	Inf
GLUNpp	2omph_c	-0.0	0.0	0.05594606610245179	Inf	0.0
GLUNpp	4mhetz_c	0.0	0.0	0.0	Inf	Inf
GLUNpp	2oph_c	-0.0	-0.00018217820854089366	0.06217506524532957	-0.0	0.0
GLUNpp	2oxpaccoa_c	-0.0	-0.00047055895902303746	0.0	-0.0	Inf
GLUNpp	all__D_c	-0.0	-0.30837466615849307	0.0	-0.0	Inf
GLUNpp	alltn_c	-0.0	-1.1774305435142465	0.0	-0.0	Inf
GLUNpp	4r5au_c	-0.0	-0.0003643564165196163	0.3709169333508138	-0.0	0.0
GLUNpp	56dura_c	0.0	0.0	0.0	Inf	Inf
GLUNpp	arab__L_c	-0.0	-0.3700495993901918	0.0	-0.0	Inf
GLUNpp	etoh_c	-0.0	-1000.0	0.0	-0.0	Inf
GLUNpp	csn_c	-0.0	0.0	0.0	Inf	Inf
GLUNpp	fald_c	-0.0	0.0	0.0	Inf	Inf
GLUNpp	fc1p_c	-0.0	-0.2870190798594285	0.0	-0.0	Inf
GLUNpp	fcl__L_c	-0.0	0.0	0.0	Inf	Inf
GLUNpp	aso4_c	0.0	0.0	0.0	Inf	Inf
GLUNpp	cyan_c	0.0	0.0	0.0	Inf	Inf
GLUNpp	athtp_c	0.0	0.0	0.0	Inf	Inf
GLUNpp	cytd_c	-0.0	-0.1311397171570953	0.0	-0.0	Inf
GLUNpp	dad_2_c	-0.0	0.0	0.0	Inf	Inf
GLUNpp	dad_5_c	-0.0	-0.09122144897401085	0.00018381209381928732	-0.0	0.0
GLUNpp	betald_c	0.0	0.0	0.0	Inf	Inf
GLUNpp	btal_c	-0.0	-5.180694391462682	0.0	-0.0	Inf
GLUNpp	for_c	-0.0	-3.4537962609751207	0.00200396029216842	-0.0	0.0
GLUNpp	dcyt_c	-0.0	0.0	0.0	Inf	Inf
GLUNpp	fru_c	-0.0	-0.30837466615849307	0.0	-0.0	Inf
GLUNpp	ca2_c	-0.0	-0.0042521864370428375	20.722777565850727	-0.0	0.0
GLUNpp	g3pe_c	-0.0	0.0	0.0	Inf	Inf
GLUNpp	g3pi_c	0.0	0.0	0.0	Inf	Inf
GLUNpp	cbm_c	-0.0	-3.7531292498135826	0.0	-0.0	Inf
GLUNpp	dha_c	-0.0	-0.616749332316986	1.3633703496138023	-0.0	0.0
GLUNpp	gal_c	-0.0	0.0	0.0	Inf	Inf
GLUNpp	dhgly_c	-0.0	-0.00018217820854089366	0.2468745657538862	-0.0	0.0
GLUNpp	dhmptp_c	0.0	0.0	0.0	Inf	Inf
GLUNpp	gcald_c	-0.0	-0.9593878502708675	0.0005465346255277836	-0.0	0.0
GLUNpp	dhptd_c	-0.0	-43.54108550911121	0.0003659903023719627	-0.0	0.0
GLUNpp	cechddd_c	-0.0	0.0	0.0	Inf	Inf
GLUNpp	dhptdn_c	0.0	0.0	0.0	Inf	Inf
GLUNpp	chol_c	0.0	0.0	0.0	Inf	Inf
GLUNpp	chtbs6p_c	-0.0	0.0	0.0	Inf	Inf
GLUNpp	dmbzid_c	0.0	0.0	0.0	Inf	Inf
GLUNpp	dms_c	0.0	0.0	0.0	Inf	Inf
GLUNpp	dmso_c	0.0	0.0	0.0	Inf	Inf
GLUNpp	cl_c	-0.0	-0.004252186437019513	41.445555131701454	-0.0	0.0
GLUNpp	glc__D_c	-0.0	-0.30837466615849307	0.0	-0.0	Inf
GLUNpp	co2_c	-0.0	-978.034176793576	21.963819246131834	-0.0	0.0
GLUNpp	dscl_c	-0.0	-0.00018217820854089366	0.05751050527687486	-0.0	0.0
GLUNpp	dtdp4aaddg_c	-0.0	0.0	0.0	Inf	Inf
GLUNpp	glyald_c	-0.0	-1000.0	0.0	-0.0	Inf
GLUNpp	crn_c	-0.0	-20.722777565850727	0.0	-0.0	Inf
GLUNpp	duri_c	-0.0	0.0	0.4215434785713989	Inf	0.0
GLUNpp	glyb_c	0.0	0.0	0.0	Inf	Inf
GLUNpp	glyc_c	-0.0	-0.11357790124225722	0.0	-0.0	Inf
GLUNpp	dxyl_c	0.0	0.0	0.0	Inf	Inf
GLUNpp	glycogen_c	-0.0	-0.29105024671138674	0.0	-0.0	Inf
GLUNpp	gmhep1p_c	-0.0	0.0	0.5375989655670768	Inf	0.0
GLUNpp	lipa_cold_c	-0.0	0.0	0.0	Inf	Inf
GLUNpp	lipidA_c	-0.0	-0.015894435988201394	0.04676579382173427	-0.0	0.0
GLUNpp	malt_c	0.0	0.0	0.0	Inf	Inf
GLUNpp	h2_c	-0.0	0.0	0.0	Inf	Inf
GLUNpp	malthx_c	-0.0	0.0	0.0	Inf	Inf
GLUNpp	maltpt_c	-0.0	0.0	0.0	Inf	Inf
GLUNpp	malttr_c	-0.0	0.0	0.0	Inf	Inf
GLUNpp	maltttr_c	-0.0	0.0	0.0	Inf	Inf
GLUNpp	h2o2_c	-0.0	-0.00132834872984695	12.150836212295587	-0.0	0.0
GLUNpp	man_c	-0.0	0.0	0.0	Inf	Inf
GLUNpp	mdhdhf_c	-0.0	-43.54108550911121	0.0003659903023719627	-0.0	0.0
GLUNpp	melib_c	-0.0	0.0	0.0	Inf	Inf
GLUNpp	meoh_c	-0.0	-999.9999983661147	1.6338852901753853e-06	-0.0	0.0
GLUNpp	pacald_c	-0.0	-20.722777565850727	0.0	-0.0	Inf
GLUNpp	metsox_S__L_c	-0.0	-0.09122144897401085	0.0	-0.0	Inf
GLUNpp	mg2_c	-0.0	-0.007086977395032523	10.361388782925363	-0.0	0.0
GLUNpp	hhlipa_c	-0.0	0.0	0.0	Inf	Inf
GLUNpp	pe120_c	-0.0	0.0	0.0	Inf	Inf
GLUNpp	mobd_c	-0.0	-0.00010538560045639139	15.1334108807132	-0.0	0.0
GLUNpp	hlipa_c	-0.0	0.0	0.0	Inf	Inf
GLUNpp	pg120_c	-0.0	-0.050103427383584954	0.0	-0.0	Inf
GLUNpp	mql8_c	0.0	0.0	0.0	Inf	Inf
GLUNpp	mqn8_c	-0.0	0.0	0.0	Inf	Inf
GLUNpp	mthgxl_c	-0.0	0.0	0.0	Inf	Inf
GLUNpp	hqn_c	0.0	0.0	0.0	Inf	Inf
GLUNpp	mththf_c	-0.0	-999.9996340096976	0.0003659903023719627	-0.0	0.0
GLUNpp	n2o_c	-0.0	-1000.0	0.0	-0.0	Inf
GLUNpp	na1_c	-0.0	0.0	0.0	Inf	Inf
GLUNpp	nac_c	-0.0	0.0	0.0	Inf	Inf
GLUNpp	ncam_c	-0.0	0.0	0.0	Inf	Inf
GLUNpp	ni2_c	-0.0	-0.0002638724724605769	999.9997361275275	-0.0	0.0
GLUNpp	no_c	-0.0	-1000.0	0.0	-0.0	Inf
GLUNpp	indole_c	-0.0	-0.04643747043986555	0.39155008746994074	-0.0	0.0
GLUNpp	no2_c	-0.0	-20.722777565850727	0.0	-0.0	Inf
GLUNpp	no3_c	0.0	0.0	0.0	Inf	Inf
GLUNpp	inost_c	0.0	0.0	0.0	Inf	Inf
GLUNpp	o2_c	-0.0	-20.222544406985886	979.7774555930141	-0.0	0.0
GLUNpp	poaac_c	-0.0	-4.517436083794999	0.0	-0.0	Inf
GLUNpp	ppal_c	-0.0	0.0	0.0	Inf	Inf
GLUNpp	k_c	-0.0	-0.15946148457271647	60.5336435228528	-0.0	0.0
GLUNpp	psclys_c	-0.0	0.0	0.0	Inf	Inf
GLUNpp	lald__D_c	-0.0	0.0	0.0	Inf	Inf
GLUNpp	lald__L_c	-0.0	-0.616749332316986	0.0	-0.0	Inf
GLUNpp	ura_c	-0.0	0.0	0.0	Inf	Inf
GLUNpp	pydx_c	-0.0	0.0	0.48272443000680126	Inf	0.0
GLUNpp	uracp_c	-0.0	-4.411826832022882	0.0	-0.0	Inf
GLUNpp	pydxn_c	-0.0	0.0	0.4572027456408827	Inf	0.0
GLUNpp	urate_c	-0.0	-0.00132834872984695	0.0	-0.0	Inf
GLUNpp	q8_c	0.0	0.0	0.0	Inf	Inf
GLUNpp	q8h2_c	-0.0	0.0	0.0	Inf	Inf
GLUNpp	urea_c	-0.0	-1000.0	0.0	-0.0	Inf
GLUNpp	uri_c	-0.0	0.0	0.0	Inf	Inf
GLUNpp	rbflvrd_c	-0.0	0.0	0.19119912673042588	Inf	0.0
GLUNpp	rbl__L_c	-0.0	-0.3700495993901918	0.0	-0.0	Inf
GLUNpp	rdmbzi_c	0.0	0.0	0.0	Inf	Inf
GLUNpp	thptdn_c	0.0	0.0	0.0	Inf	Inf
GLUNpp	xan_c	-0.0	0.0	0.0	Inf	Inf
GLUNpp	rephaccoa_c	-0.0	-0.00047055895902303746	0.0	-0.0	Inf
GLUNpp	rib__D_c	-0.0	0.0	0.7760723528570876	Inf	0.0
GLUNpp	xtsn_c	-0.0	0.0	0.0	Inf	Inf
GLUNpp	rml_c	-0.0	-0.308374666158493	0.0	-0.0	Inf
GLUNpp	thym_c	-0.0	-60.5336435228528	0.0	-0.0	Inf
GLUNpp	thymd_c	-0.0	-0.021376121097205214	0.0	-0.0	Inf
GLUNpp	xu5p__L_c	-0.0	-0.33971766501394657	0.0	-0.0	Inf
GLUNpp	rmn_c	-0.0	-0.308374666158493	0.0	-0.0	Inf
GLUNpp	xyl__D_c	0.0	0.0	0.0	Inf	Inf
GLUNpp	tmao_c	0.0	0.0	0.0	Inf	Inf
GLUNpp	xylu__D_c	-0.0	0.0	0.0	Inf	Inf
GLUNpp	xylu__L_c	-0.0	-0.3700495993901918	0.0	-0.0	Inf
GLUNpp	12ppd__R_e	-0.0	-1000.0	0.0	-0.0	Inf
GLUNpp	12ppd__S_e	-0.0	-1000.0	0.0	-0.0	Inf
GLUNpp	tre_c	-0.0	-0.15418733307924654	0.0	-0.0	Inf
GLUNpp	seln_c	0.0	0.0	0.0	Inf	Inf
GLUNpp	34dhpac_e	-0.0	-1000.0	0.0	-0.0	Inf
GLUNpp	slnt_c	0.0	0.0	0.0	Inf	Inf
GLUNpp	so2_c	0.0	0.0	0.0	Inf	Inf
GLUNpp	so3_c	-0.0	-0.20249720586189152	2.9673354668065155	-0.0	0.0
GLUNpp	so4_c	-0.0	-0.20604110303072737	60.5336435228528	-0.0	0.0
GLUNpp	4hoxpacd_e	-0.0	-1000.0	0.0	-0.0	Inf
GLUNpp	5mtr_e	-0.0	0.0	0.0	Inf	Inf
GLUNpp	LalaDgluMdap_e	-0.0	-1000.0	0.0	-0.0	Inf
GLUNpp	ac_e	-0.0	0.0	0.0	Inf	Inf
GLUNpp	acald_e	-0.0	-1000.0	0.0	-0.0	Inf
GLUNpp	acgal_e	-0.0	-1000.0	0.0	-0.0	Inf
GLUNpp	acgam_e	-0.0	-1000.0	0.0	-0.0	Inf
GLUNpp	acmana_e	-0.0	-1000.0	0.0	-0.0	Inf
GLUNpp	tagur_c	-0.0	0.0	0.0	Inf	Inf
GLUNpp	tartr__L_c	-0.0	-0.624180047164179	0.0	-0.0	Inf
GLUNpp	ade_e	-0.0	-1000.0	0.0	-0.0	Inf
GLUNpp	adn_e	-0.0	-1000.0	0.0	-0.0	Inf
GLUNpp	all__D_e	-0.0	-1000.0	0.0	-0.0	Inf
GLUNpp	cl_e	-0.0	-0.0042521864370428375	999.995747813563	-0.0	0.0
GLUNpp	alltn_e	-0.0	0.0	0.0	Inf	Inf
GLUNpp	cm_e	-0.0	-1000.0	0.0	-0.0	Inf
GLUNpp	co2_e	-0.0	-978.034176793576	21.965823206424034	-0.0	0.0
GLUNpp	arab__L_e	-0.0	-1000.0	0.0	-0.0	Inf
GLUNpp	arbt_e	-0.0	-1000.0	0.0	-0.0	Inf
GLUNpp	unagamu_c	-0.0	0.0	0.04255141538229498	Inf	0.0
GLUNpp	crn_e	-0.0	-1000.0	0.0	-0.0	Inf
GLUNpp	csn_e	-0.0	-1000.0	0.0	-0.0	Inf
GLUNpp	cyan_e	-0.0	-1000.0	0.0	-0.0	Inf
GLUNpp	glyb_e	-0.0	-1000.0	0.0	-0.0	Inf
GLUNpp	glyc_e	-0.0	-1000.0	0.0	-0.0	Inf
GLUNpp	cytd_e	-0.0	-1000.0	0.0	-0.0	Inf
GLUNpp	ca2_e	-0.0	-0.0042521864370428375	999.995747813563	-0.0	0.0
GLUNpp	dad_2_e	-0.0	-1000.0	0.0	-0.0	Inf
GLUNpp	dcyt_e	-0.0	-1000.0	0.0	-0.0	Inf
GLUNpp	chol_e	-0.0	-1000.0	0.0	-0.0	Inf
GLUNpp	dha_e	-0.0	-1000.0	0.0	-0.0	Inf
GLUNpp	ppal_e	-0.0	-1000.0	0.0	-0.0	Inf
GLUNpp	h2_e	-0.0	-1000.0	0.0	-0.0	Inf
GLUNpp	dms_e	-0.0	-1000.0	0.0	-0.0	Inf
GLUNpp	dmso_e	-0.0	-1000.0	0.0	-0.0	Inf
GLUNpp	h2o2_e	-0.0	-1000.0	0.0	-0.0	Inf
GLUNpp	psclys_e	-0.0	-1000.0	0.0	-0.0	Inf
GLUNpp	duri_e	-0.0	-1000.0	0.0	-0.0	Inf
GLUNpp	pydx_e	-0.0	-1000.0	0.0	-0.0	Inf
GLUNpp	pydxn_e	-0.0	-1000.0	0.0	-0.0	Inf
GLUNpp	etoh_e	-0.0	-1000.0	0.0	-0.0	Inf
GLUNpp	fald_e	-0.0	0.0	0.0	Inf	Inf
GLUNpp	rib__D_e	-0.0	-1000.0	0.0	-0.0	Inf
GLUNpp	rmn_e	-0.0	-1000.0	0.0	-0.0	Inf
GLUNpp	indole_e	-0.0	-1000.0	0.0	-0.0	Inf
GLUNpp	inost_e	-0.0	-1000.0	0.0	-0.0	Inf
GLUNpp	sbt__D_e	-0.0	-0.2910502467113867	0.0	-0.0	Inf
GLUNpp	k_e	-0.0	-0.15946148457271647	999.8405385154273	-0.0	0.0
GLUNpp	for_e	-0.0	0.0	0.00200396029216842	Inf	0.0
GLUNpp	slnt_e	-0.0	0.0	1000.0	Inf	0.0
GLUNpp	fru_e	-0.0	-1000.0	0.0	-0.0	Inf
GLUNpp	so2_e	-0.0	-1000.0	0.0	-0.0	Inf
GLUNpp	so3_e	-0.0	-1000.0	0.0	-0.0	Inf
GLUNpp	so4_e	-0.0	-0.2060411030307705	999.7939588969692	-0.0	0.0
GLUNpp	lipa_cold_e	-0.0	-1000.0	0.0	-0.0	Inf
GLUNpp	sucr_e	-0.0	-1000.0	0.0	-0.0	Inf
GLUNpp	g3pe_e	-0.0	-1000.0	0.0	-0.0	Inf
GLUNpp	malt_e	-0.0	-1000.0	0.0	-0.0	Inf
GLUNpp	tartr__L_e	-0.0	-1000.0	0.0	-0.0	Inf
GLUNpp	g3pi_e	-0.0	-1000.0	0.0	-0.0	Inf
GLUNpp	malthx_e	-0.0	-1000.0	0.0	-0.0	Inf
GLUNpp	maltpt_e	-0.0	-1000.0	0.0	-0.0	Inf
GLUNpp	gal_e	-0.0	-1000.0	0.0	-0.0	Inf
GLUNpp	gal_bD_e	-0.0	-1000.0	0.0	-0.0	Inf
GLUNpp	malttr_e	-0.0	-1000.0	0.0	-0.0	Inf
GLUNpp	maltttr_e	-0.0	-1000.0	0.0	-0.0	Inf
GLUNpp	man_e	-0.0	-1000.0	0.0	-0.0	Inf
GLUNpp	thym_e	-0.0	-1000.0	0.0	-0.0	Inf
GLUNpp	thymd_e	-0.0	-1000.0	0.0	-0.0	Inf
GLUNpp	galt_e	-0.0	-0.29105024671138674	0.0	-0.0	Inf
GLUNpp	melib_e	-0.0	-1000.0	0.0	-0.0	Inf
GLUNpp	meoh_e	-0.0	-999.9999983661147	1.6338852901753853e-06	-0.0	0.0
GLUNpp	tmao_e	-0.0	-1000.0	0.0	-0.0	Inf
GLUNpp	tre_e	-0.0	-1000.0	0.0	-0.0	Inf
GLUNpp	metsox_S__L_e	-0.0	-1000.0	0.0	-0.0	Inf
GLUNpp	glc__D_e	-0.0	-0.308374666158493	0.6816851748069012	-0.0	0.0
GLUNpp	mg2_e	-0.0	-0.0070869773950335	999.992913022605	-0.0	0.0
GLUNpp	mnl_e	-0.0	-1000.0	0.0	-0.0	Inf
GLUNpp	mobd_e	-0.0	-0.00010538560047734791	999.9998946143995	-0.0	0.0
GLUNpp	glyald_e	-0.0	-1000.0	0.0	-0.0	Inf
GLUNpp	n2o_e	-0.0	-1000.0	0.0	-0.0	Inf
GLUNpp	na1_e	-0.0	0.0	1000.0	Inf	0.0
GLUNpp	nac_e	-0.0	-1000.0	0.0	-0.0	Inf
GLUNpp	ni2_e	-0.0	-0.0002638724724874919	999.9997361275275	-0.0	0.0
GLUNpp	no_e	-0.0	-1000.0	0.0	-0.0	Inf
GLUNpp	no2_e	-0.0	-1000.0	0.0	-0.0	Inf
GLUNpp	ura_e	-0.0	-1000.0	0.0	-0.0	Inf
GLUNpp	no3_e	-0.0	-1000.0	0.0	-0.0	Inf
GLUNpp	urea_e	-0.0	-1000.0	0.0	-0.0	Inf
GLUNpp	novbcn_e	-0.0	-1000.0	0.0	-0.0	Inf
GLUNpp	uri_e	-0.0	-1000.0	0.0	-0.0	Inf
GLUNpp	o2_e	-0.0	-20.22254440698589	979.7774555930141	-0.0	0.0
GLUNpp	xan_e	-0.0	0.0	0.0	Inf	Inf
GLUNpp	xtsn_e	-0.0	-1000.0	0.0	-0.0	Inf
GLUNpp	xyl__D_e	-0.0	-1000.0	0.0	-0.0	Inf
GLUNpp	xylu__L_e	-0.0	-1000.0	0.0	-0.0	Inf
GLUNpp	pacald_e	-0.0	-1000.0	0.0	-0.0	Inf
GLUNpp	12dgr120_p	-0.0	0.0	0.0	Inf	Inf
GLUNpp	12dgr140_p	-0.0	0.0	0.0	Inf	Inf
GLUNpp	12dgr160_p	-0.0	-0.041051461105092585	0.0	-0.0	Inf
GLUNpp	12dgr180_p	-0.0	0.0	0.0	Inf	Inf
GLUNpp	12ppd__R_p	-0.0	-1000.0	0.0	-0.0	Inf
GLUNpp	12ppd__S_p	-0.0	0.0	0.0	Inf	Inf
GLUNpp	chol_p	-0.0	-1000.0	0.0	-0.0	Inf
GLUNpp	cl_p	-0.0	-0.0042521864370428375	999.995747813563	-0.0	0.0
GLUNpp	34dhpac_p	-0.0	-1000.0	0.0	-0.0	Inf
GLUNpp	cm_p	-0.0	0.0	0.0	Inf	Inf
GLUNpp	4hoxpacd_p	-0.0	-1000.0	0.0	-0.0	Inf
GLUNpp	co2_p	-0.0	-978.034176793576	21.965823206424034	-0.0	0.0
GLUNpp	5mtr_p	-0.0	0.0	0.0	Inf	Inf
GLUNpp	LalaDgluMdap_p	-0.0	-0.022701202058001583	0.0	-0.0	Inf
GLUNpp	gal_p	-0.0	-1000.0	0.0	-0.0	Inf
GLUNpp	ac_p	-0.0	-1.1774305435142465	0.0	-0.0	Inf
GLUNpp	crn_p	-0.0	-1000.0	0.0	-0.0	Inf
GLUNpp	gal_bD_p	-0.0	-1000.0	0.0	-0.0	Inf
GLUNpp	acald_p	-0.0	-1000.0	0.0	-0.0	Inf
GLUNpp	acgal_p	-0.0	-1000.0	0.0	-0.0	Inf
GLUNpp	csn_p	-0.0	0.0	0.0	Inf	Inf
GLUNpp	acgam_p	-0.0	-1000.0	0.0	-0.0	Inf
GLUNpp	galt_p	-0.0	-0.29105024671138674	0.0	-0.0	Inf
GLUNpp	acmana_p	-0.0	-1000.0	0.0	-0.0	Inf
GLUNpp	cyan_p	-0.0	0.0	0.0	Inf	Inf
GLUNpp	ade_p	-0.0	-1000.0	0.0	-0.0	Inf
GLUNpp	adn_p	-0.0	0.0	0.00054980239619125	Inf	0.0
GLUNpp	cytd_p	-0.0	-0.1311397171570953	0.0	-0.0	Inf
GLUNpp	glc__D_p	-0.0	-0.308374666158493	0.6816851748069012	-0.0	0.0
GLUNpp	dad_2_p	-0.0	-1000.0	0.0	-0.0	Inf
GLUNpp	dcyt_p	-0.0	-1000.0	0.0	-0.0	Inf
GLUNpp	all__D_p	-0.0	0.0	0.0	Inf	Inf
GLUNpp	alltn_p	-0.0	0.0	0.0	Inf	Inf
GLUNpp	dha_p	-0.0	-1000.0	0.0	-0.0	Inf
GLUNpp	glyald_p	-0.0	-1000.0	0.0	-0.0	Inf
GLUNpp	glyb_p	0.0	0.0	0.0	Inf	Inf
GLUNpp	dms_p	-0.0	-1000.0	0.0	-0.0	Inf
GLUNpp	glyc_p	-0.0	-0.11357790124225722	0.0	-0.0	Inf
GLUNpp	dmso_p	-0.0	-1000.0	0.0	-0.0	Inf
GLUNpp	arab__L_p	-0.0	0.0	0.0	Inf	Inf
GLUNpp	arbt_p	0.0	0.0	0.0	Inf	Inf
GLUNpp	ca2_p	-0.0	-0.0042521864370428375	999.995747813563	-0.0	0.0
GLUNpp	duri_p	-0.0	-1000.0	0.0	-0.0	Inf
GLUNpp	h2_p	-0.0	-1000.0	0.0	-0.0	Inf
GLUNpp	h2o2_p	-0.0	-1000.0	0.0	-0.0	Inf
GLUNpp	etoh_p	-0.0	-1000.0	0.0	-0.0	Inf
GLUNpp	fald_p	-0.0	0.0	0.0	Inf	Inf
GLUNpp	n2o_p	-0.0	-1000.0	0.0	-0.0	Inf
GLUNpp	na1_p	-0.0	0.0	0.0	Inf	Inf
GLUNpp	indole_p	-0.0	0.0	0.39409924168523985	Inf	0.0
GLUNpp	nac_p	-0.0	-1000.0	0.0	-0.0	Inf
GLUNpp	ni2_p	-0.0	-0.0002638724724874919	999.9997361275275	-0.0	0.0
GLUNpp	inost_p	-0.0	-1000.0	0.0	-0.0	Inf
GLUNpp	no_p	-0.0	-1000.0	0.0	-0.0	Inf
GLUNpp	no2_p	-0.0	-1000.0	0.0	-0.0	Inf
GLUNpp	for_p	-0.0	-3.4537962609751207	0.00200396029216842	-0.0	0.0
GLUNpp	fru_p	-0.0	-1000.0	0.0	-0.0	Inf
GLUNpp	no3_p	-0.0	0.0	0.0	Inf	Inf
GLUNpp	k_p	-0.0	-0.15946148457271647	999.8405385154273	-0.0	0.0
GLUNpp	novbcn_p	-0.0	0.0	0.0	Inf	Inf
GLUNpp	o2_p	-0.0	-20.22254440698589	979.7774555930141	-0.0	0.0
GLUNpp	lipa_cold_p	-0.0	-15.1334108807132	0.0	-0.0	Inf
GLUNpp	g3pe_p	-0.0	0.0	0.0	Inf	Inf
GLUNpp	g3pi_p	-0.0	0.0	0.0	Inf	Inf
GLUNpp	so3_p	-0.0	-1000.0	0.0	-0.0	Inf
GLUNpp	so4_p	-0.0	-0.20604110303072737	999.7939588969692	-0.0	0.0
GLUNpp	malt_p	0.0	0.0	0.0	Inf	Inf
GLUNpp	malthx_p	0.0	0.0	0.0	Inf	Inf
GLUNpp	maltpt_p	0.0	0.0	0.0	Inf	Inf
GLUNpp	sucr_p	-0.0	-1000.0	0.0	-0.0	Inf
GLUNpp	malttr_p	0.0	0.0	0.0	Inf	Inf
GLUNpp	maltttr_p	0.0	0.0	0.0	Inf	Inf
GLUNpp	pacald_p	-0.0	-1000.0	0.0	-0.0	Inf
GLUNpp	man_p	-0.0	-1000.0	0.0	-0.0	Inf
GLUNpp	tartr__L_p	-0.0	-1000.0	0.0	-0.0	Inf
GLUNpp	pe120_p	-0.0	0.0	0.0	Inf	Inf
GLUNpp	melib_p	-0.0	-1000.0	0.0	-0.0	Inf
GLUNpp	meoh_p	-0.0	-999.9999983661147	1.6338852901753853e-06	-0.0	0.0
GLUNpp	thym_p	-0.0	-1000.0	0.0	-0.0	Inf
GLUNpp	thymd_p	-0.0	-0.021376121097205214	0.0	-0.0	Inf
GLUNpp	pg120_p	-0.0	-0.04962350949676901	0.0	-0.0	Inf
GLUNpp	metsox_S__L_p	-0.0	-1000.0	0.0	-0.0	Inf
GLUNpp	tmao_p	-0.0	-1000.0	0.0	-0.0	Inf
GLUNpp	mg2_p	-0.0	-0.007086977395032523	999.992913022605	-0.0	0.0
GLUNpp	tre_p	-0.0	0.0	0.0	Inf	Inf
GLUNpp	mnl_p	-0.0	0.0	0.0	Inf	Inf
GLUNpp	mobd_p	-0.0	-0.00010538560047734791	999.9998946143995	-0.0	0.0
GLUNpp	ura_p	-0.0	-1000.0	0.0	-0.0	Inf
GLUNpp	urea_p	-0.0	-1000.0	0.0	-0.0	Inf
GLUNpp	uri_p	-0.0	0.0	0.0	Inf	Inf
GLUNpp	xan_p	-0.0	0.0	0.0	Inf	Inf
GLUNpp	xtsn_p	-0.0	0.0	0.0	Inf	Inf
GLUNpp	xyl__D_p	-0.0	0.0	0.0	Inf	Inf
GLUNpp	xylu__L_p	-0.0	-1000.0	0.0	-0.0	Inf
GLUNpp	ppal_p	-0.0	-1000.0	0.0	-0.0	Inf
GLUNpp	psclys_p	-0.0	-1000.0	0.0	-0.0	Inf
GLUNpp	pydx_p	-0.0	0.0	0.0	Inf	Inf
GLUNpp	pydxn_p	-0.0	0.0	0.0	Inf	Inf
GLUNpp	rib__D_p	-0.0	-1000.0	0.0	-0.0	Inf
GLUNpp	rmn_p	-0.0	-1000.0	0.0	-0.0	Inf
GLUNpp	sbt__D_p	-0.0	-0.2910502467113867	0.0	-0.0	Inf
GLUNpp	slnt_p	-0.0	0.0	0.0	Inf	Inf
GLUNpp	so2_p	-0.0	-1000.0	0.0	-0.0	Inf
